candidate,threshold,alerts,tp,fp,fn,tn,loss_r5,loss_r10,loss_r20,loss_r50,model,scheme,fold
0,inf,0,0,0,21,82,105,210,420,1050,XGBoost,time,0
1,0.42665746808052063,1,0,1,21,81,106,211,421,1051,XGBoost,time,0
2,0.425698459148407,3,1,2,20,80,102,202,402,1002,XGBoost,time,0
3,0.41362500190734863,5,1,4,20,78,104,204,404,1004,XGBoost,time,0
4,0.41152843832969666,10,2,8,19,74,103,198,388,958,XGBoost,time,0
5,0.4059828221797943,11,2,9,19,73,104,199,389,959,XGBoost,time,0
6,0.4046964645385742,13,3,10,18,72,100,190,370,910,XGBoost,time,0
7,0.4004998803138733,14,3,11,18,71,101,191,371,911,XGBoost,time,0
8,0.3954257667064667,16,5,11,16,71,91,171,331,811,XGBoost,time,0
9,0.39494067430496216,17,6,11,15,71,86,161,311,761,XGBoost,time,0
10,0.3898167312145233,18,6,12,15,70,87,162,312,762,XGBoost,time,0
11,0.388480544090271,19,6,13,15,69,88,163,313,763,XGBoost,time,0
12,0.3858535885810852,20,6,14,15,68,89,164,314,764,XGBoost,time,0
13,0.3832046687602997,21,6,15,15,67,90,165,315,765,XGBoost,time,0
14,0.37871789932250977,22,6,16,15,66,91,166,316,766,XGBoost,time,0
15,0.36420896649360657,25,8,17,13,65,82,147,277,667,XGBoost,time,0
16,0.3638528883457184,26,8,18,13,64,83,148,278,668,XGBoost,time,0
17,0.3539641499519348,27,8,19,13,63,84,149,279,669,XGBoost,time,0
18,0.3422698378562927,29,9,20,12,62,80,140,260,620,XGBoost,time,0
19,0.33614954352378845,30,9,21,12,61,81,141,261,621,XGBoost,time,0
20,0.32841911911964417,32,9,23,12,59,83,143,263,623,XGBoost,time,0
21,0.32347849011421204,33,9,24,12,58,84,144,264,624,XGBoost,time,0
22,0.32314199209213257,34,10,24,11,58,79,134,244,574,XGBoost,time,0
23,0.3186340034008026,35,10,25,11,57,80,135,245,575,XGBoost,time,0
24,0.31349605321884155,36,11,25,10,57,75,125,225,525,XGBoost,time,0
25,0.30953651666641235,37,11,26,10,56,76,126,226,526,XGBoost,time,0
26,0.30437996983528137,38,11,27,10,55,77,127,227,527,XGBoost,time,0
27,0.3018081486225128,39,12,27,9,55,72,117,207,477,XGBoost,time,0
28,0.2989656925201416,44,13,31,8,51,71,111,191,431,XGBoost,time,0
29,0.2804911136627197,45,13,32,8,50,72,112,192,432,XGBoost,time,0
30,0.2762085795402527,46,13,33,8,49,73,113,193,433,XGBoost,time,0
31,0.26689577102661133,47,13,34,8,48,74,114,194,434,XGBoost,time,0
32,0.22578851878643036,48,13,35,8,47,75,115,195,435,XGBoost,time,0
33,0.22167201340198517,49,13,36,8,46,76,116,196,436,XGBoost,time,0
34,0.22017167508602142,50,13,37,8,45,77,117,197,437,XGBoost,time,0
35,0.21698501706123352,51,13,38,8,44,78,118,198,438,XGBoost,time,0
36,0.21170583367347717,52,13,39,8,43,79,119,199,439,XGBoost,time,0
37,0.20875675976276398,53,14,39,7,43,74,109,179,389,XGBoost,time,0
38,0.19474659860134125,55,14,41,7,41,76,111,181,391,XGBoost,time,0
39,0.19235211610794067,56,14,42,7,40,77,112,182,392,XGBoost,time,0
40,0.18834370374679565,57,14,43,7,39,78,113,183,393,XGBoost,time,0
41,0.18126973509788513,59,15,44,6,38,74,104,164,344,XGBoost,time,0
42,0.18043701350688934,60,15,45,6,37,75,105,165,345,XGBoost,time,0
43,0.1777118742465973,62,15,47,6,35,77,107,167,347,XGBoost,time,0
44,0.17142832279205322,63,15,48,6,34,78,108,168,348,XGBoost,time,0
45,0.17135463654994965,64,15,49,6,33,79,109,169,349,XGBoost,time,0
46,0.16702058911323547,65,15,50,6,32,80,110,170,350,XGBoost,time,0
47,0.16270938515663147,66,15,51,6,31,81,111,171,351,XGBoost,time,0
48,0.16140425205230713,67,15,52,6,30,82,112,172,352,XGBoost,time,0
49,0.1604217290878296,68,15,53,6,29,83,113,173,353,XGBoost,time,0
50,0.15010984241962433,70,15,55,6,27,85,115,175,355,XGBoost,time,0
51,0.14839251339435577,71,15,56,6,26,86,116,176,356,XGBoost,time,0
52,0.12949100136756897,73,17,56,4,26,76,96,136,256,XGBoost,time,0
53,0.11769852042198181,74,17,57,4,25,77,97,137,257,XGBoost,time,0
54,0.11139644682407379,75,17,58,4,24,78,98,138,258,XGBoost,time,0
55,0.10486267507076263,79,17,62,4,20,82,102,142,262,XGBoost,time,0
56,0.10376150161027908,80,17,63,4,19,83,103,143,263,XGBoost,time,0
57,0.09529539197683334,81,17,64,4,18,84,104,144,264,XGBoost,time,0
58,0.08112406730651855,82,17,65,4,17,85,105,145,265,XGBoost,time,0
59,0.0763615071773529,83,17,66,4,16,86,106,146,266,XGBoost,time,0
60,0.07107991725206375,85,17,68,4,14,88,108,148,268,XGBoost,time,0
61,0.06708421558141708,86,17,69,4,13,89,109,149,269,XGBoost,time,0
62,0.053259894251823425,87,17,70,4,12,90,110,150,270,XGBoost,time,0
63,0.051440030336380005,88,17,71,4,11,91,111,151,271,XGBoost,time,0
64,0.0509733222424984,89,18,71,3,11,86,101,131,221,XGBoost,time,0
65,0.04996384307742119,90,18,72,3,10,87,102,132,222,XGBoost,time,0
66,0.04994436725974083,91,19,72,2,10,82,92,112,172,XGBoost,time,0
67,0.04684334993362427,92,20,72,1,10,77,82,92,122,XGBoost,time,0
68,0.04028074070811272,93,20,73,1,9,78,83,93,123,XGBoost,time,0
69,0.03955162689089775,94,20,74,1,8,79,84,94,124,XGBoost,time,0
70,0.03760327771306038,96,20,76,1,6,81,86,96,126,XGBoost,time,0
71,0.027728207409381866,100,21,79,0,3,79,79,79,79,XGBoost,time,0
72,0.025662150233983994,101,21,80,0,2,80,80,80,80,XGBoost,time,0
73,-inf,103,21,82,0,0,82,82,82,82,XGBoost,time,0
0,inf,0,0,0,1,206,5,10,20,50,XGBoost,time,1
1,0.18955695629119873,1,0,1,1,205,6,11,21,51,XGBoost,time,1
2,0.1362728625535965,2,0,2,1,204,7,12,22,52,XGBoost,time,1
3,0.13442565500736237,3,0,3,1,203,8,13,23,53,XGBoost,time,1
4,0.13255928456783295,4,0,4,1,202,9,14,24,54,XGBoost,time,1
5,0.12328021228313446,5,0,5,1,201,10,15,25,55,XGBoost,time,1
6,0.11546280980110168,6,0,6,1,200,11,16,26,56,XGBoost,time,1
7,0.10995852202177048,7,0,7,1,199,12,17,27,57,XGBoost,time,1
8,0.10039012879133224,8,0,8,1,198,13,18,28,58,XGBoost,time,1
9,0.09672759473323822,9,0,9,1,197,14,19,29,59,XGBoost,time,1
10,0.0958014577627182,10,0,10,1,196,15,20,30,60,XGBoost,time,1
11,0.09290532767772675,11,0,11,1,195,16,21,31,61,XGBoost,time,1
12,0.09023910015821457,12,0,12,1,194,17,22,32,62,XGBoost,time,1
13,0.08989360183477402,13,0,13,1,193,18,23,33,63,XGBoost,time,1
14,0.08844958990812302,14,0,14,1,192,19,24,34,64,XGBoost,time,1
15,0.08778179436922073,15,0,15,1,191,20,25,35,65,XGBoost,time,1
16,0.08588716387748718,16,0,16,1,190,21,26,36,66,XGBoost,time,1
17,0.07759253680706024,17,0,17,1,189,22,27,37,67,XGBoost,time,1
18,0.07336094230413437,18,0,18,1,188,23,28,38,68,XGBoost,time,1
19,0.07122325897216797,19,0,19,1,187,24,29,39,69,XGBoost,time,1
20,0.069511279463768,20,0,20,1,186,25,30,40,70,XGBoost,time,1
21,0.06435450166463852,21,0,21,1,185,26,31,41,71,XGBoost,time,1
22,0.0640062615275383,22,0,22,1,184,27,32,42,72,XGBoost,time,1
23,0.06299839913845062,23,0,23,1,183,28,33,43,73,XGBoost,time,1
24,0.06226244196295738,24,0,24,1,182,29,34,44,74,XGBoost,time,1
25,0.06133858487010002,25,0,25,1,181,30,35,45,75,XGBoost,time,1
26,0.06112698093056679,26,0,26,1,180,31,36,46,76,XGBoost,time,1
27,0.05553745850920677,27,0,27,1,179,32,37,47,77,XGBoost,time,1
28,0.05226334556937218,28,0,28,1,178,33,38,48,78,XGBoost,time,1
29,0.05196544528007507,29,0,29,1,177,34,39,49,79,XGBoost,time,1
30,0.05173865705728531,30,0,30,1,176,35,40,50,80,XGBoost,time,1
31,0.050979092717170715,31,0,31,1,175,36,41,51,81,XGBoost,time,1
32,0.05013347417116165,32,0,32,1,174,37,42,52,82,XGBoost,time,1
33,0.050072647631168365,33,0,33,1,173,38,43,53,83,XGBoost,time,1
34,0.04831428453326225,38,0,38,1,168,43,48,58,88,XGBoost,time,1
35,0.04767764359712601,39,0,39,1,167,44,49,59,89,XGBoost,time,1
36,0.04673606529831886,40,0,40,1,166,45,50,60,90,XGBoost,time,1
37,0.04473796859383583,41,0,41,1,165,46,51,61,91,XGBoost,time,1
38,0.04456464201211929,42,0,42,1,164,47,52,62,92,XGBoost,time,1
39,0.043370604515075684,45,0,45,1,161,50,55,65,95,XGBoost,time,1
40,0.04253103584051132,46,0,46,1,160,51,56,66,96,XGBoost,time,1
41,0.042472220957279205,47,0,47,1,159,52,57,67,97,XGBoost,time,1
42,0.04230977222323418,48,0,48,1,158,53,58,68,98,XGBoost,time,1
43,0.0415191724896431,49,0,49,1,157,54,59,69,99,XGBoost,time,1
44,0.04117203131318092,51,0,51,1,155,56,61,71,101,XGBoost,time,1
45,0.04065445810556412,52,0,52,1,154,57,62,72,102,XGBoost,time,1
46,0.03933446481823921,53,0,53,1,153,58,63,73,103,XGBoost,time,1
47,0.03914026543498039,54,0,54,1,152,59,64,74,104,XGBoost,time,1
48,0.039096299558877945,55,0,55,1,151,60,65,75,105,XGBoost,time,1
49,0.03885520622134209,56,0,56,1,150,61,66,76,106,XGBoost,time,1
50,0.038218285888433456,57,0,57,1,149,62,67,77,107,XGBoost,time,1
51,0.038081150501966476,58,0,58,1,148,63,68,78,108,XGBoost,time,1
52,0.03802327439188957,59,0,59,1,147,64,69,79,109,XGBoost,time,1
53,0.03791854530572891,60,0,60,1,146,65,70,80,110,XGBoost,time,1
54,0.03786453604698181,61,0,61,1,145,66,71,81,111,XGBoost,time,1
55,0.03754662349820137,62,0,62,1,144,67,72,82,112,XGBoost,time,1
56,0.037368401885032654,63,0,63,1,143,68,73,83,113,XGBoost,time,1
57,0.037216536700725555,64,0,64,1,142,69,74,84,114,XGBoost,time,1
58,0.03704959154129028,66,0,66,1,140,71,76,86,116,XGBoost,time,1
59,0.03607974573969841,67,0,67,1,139,72,77,87,117,XGBoost,time,1
60,0.03580760210752487,68,0,68,1,138,73,78,88,118,XGBoost,time,1
61,0.03538661077618599,70,0,70,1,136,75,80,90,120,XGBoost,time,1
62,0.03511844202876091,71,0,71,1,135,76,81,91,121,XGBoost,time,1
63,0.03469857573509216,72,0,72,1,134,77,82,92,122,XGBoost,time,1
64,0.03449573740363121,73,0,73,1,133,78,83,93,123,XGBoost,time,1
65,0.03427046537399292,76,0,76,1,130,81,86,96,126,XGBoost,time,1
66,0.03408766910433769,80,0,80,1,126,85,90,100,130,XGBoost,time,1
67,0.03395196422934532,82,0,82,1,124,87,92,102,132,XGBoost,time,1
68,0.03353079780936241,88,0,88,1,118,93,98,108,138,XGBoost,time,1
69,0.03336752578616142,89,0,89,1,117,94,99,109,139,XGBoost,time,1
70,0.03318004310131073,90,0,90,1,116,95,100,110,140,XGBoost,time,1
71,0.032805949449539185,91,0,91,1,115,96,101,111,141,XGBoost,time,1
72,0.03224068135023117,92,0,92,1,114,97,102,112,142,XGBoost,time,1
73,0.032100483775138855,93,0,93,1,113,98,103,113,143,XGBoost,time,1
74,0.03201991319656372,96,0,96,1,110,101,106,116,146,XGBoost,time,1
75,0.03172164037823677,99,0,99,1,107,104,109,119,149,XGBoost,time,1
76,0.03136799484491348,100,0,100,1,106,105,110,120,150,XGBoost,time,1
77,0.03110256977379322,104,0,104,1,102,109,114,124,154,XGBoost,time,1
78,0.031034644693136215,105,0,105,1,101,110,115,125,155,XGBoost,time,1
79,0.03100532852113247,106,0,106,1,100,111,116,126,156,XGBoost,time,1
80,0.03071562759578228,107,0,107,1,99,112,117,127,157,XGBoost,time,1
81,0.03059266321361065,108,0,108,1,98,113,118,128,158,XGBoost,time,1
82,0.030552970245480537,119,0,119,1,87,124,129,139,169,XGBoost,time,1
83,0.030335113406181335,120,0,120,1,86,125,130,140,170,XGBoost,time,1
84,0.030052049085497856,149,0,149,1,57,154,159,169,199,XGBoost,time,1
85,0.02979769930243492,151,0,151,1,55,156,161,171,201,XGBoost,time,1
86,0.029400113970041275,153,0,153,1,53,158,163,173,203,XGBoost,time,1
87,0.02905379608273506,154,0,154,1,52,159,164,174,204,XGBoost,time,1
88,0.02853933349251747,159,0,159,1,47,164,169,179,209,XGBoost,time,1
89,0.028147324919700623,160,0,160,1,46,165,170,180,210,XGBoost,time,1
90,0.02752062864601612,166,0,166,1,40,171,176,186,216,XGBoost,time,1
91,0.027399230748414993,167,0,167,1,39,172,177,187,217,XGBoost,time,1
92,0.027293769642710686,168,0,168,1,38,173,178,188,218,XGBoost,time,1
93,0.027127651497721672,169,0,169,1,37,174,179,189,219,XGBoost,time,1
94,0.027032556012272835,177,0,177,1,29,182,187,197,227,XGBoost,time,1
95,0.026466578245162964,179,0,179,1,27,184,189,199,229,XGBoost,time,1
96,0.0245701614767313,180,0,180,1,26,185,190,200,230,XGBoost,time,1
97,0.02454046532511711,181,0,181,1,25,186,191,201,231,XGBoost,time,1
98,0.02423623576760292,182,0,182,1,24,187,192,202,232,XGBoost,time,1
99,0.023724373430013657,184,0,184,1,22,189,194,204,234,XGBoost,time,1
100,0.02248930186033249,185,0,185,1,21,190,195,205,235,XGBoost,time,1
101,0.021726462990045547,186,1,185,0,21,185,185,185,185,XGBoost,time,1
102,0.02170012705028057,187,1,186,0,20,186,186,186,186,XGBoost,time,1
103,0.02168162353336811,188,1,187,0,19,187,187,187,187,XGBoost,time,1
104,0.021371550858020782,189,1,188,0,18,188,188,188,188,XGBoost,time,1
105,0.021240659058094025,190,1,189,0,17,189,189,189,189,XGBoost,time,1
106,0.019765106961131096,191,1,190,0,16,190,190,190,190,XGBoost,time,1
107,0.019382217898964882,192,1,191,0,15,191,191,191,191,XGBoost,time,1
108,0.018761590123176575,194,1,193,0,13,193,193,193,193,XGBoost,time,1
109,0.01866508089005947,195,1,194,0,12,194,194,194,194,XGBoost,time,1
110,0.018485719338059425,196,1,195,0,11,195,195,195,195,XGBoost,time,1
111,0.01802460476756096,197,1,196,0,10,196,196,196,196,XGBoost,time,1
112,0.017916707322001457,198,1,197,0,9,197,197,197,197,XGBoost,time,1
113,0.017850911244750023,199,1,198,0,8,198,198,198,198,XGBoost,time,1
114,0.01782909780740738,200,1,199,0,7,199,199,199,199,XGBoost,time,1
115,0.01773468777537346,201,1,200,0,6,200,200,200,200,XGBoost,time,1
116,0.017187852412462234,202,1,201,0,5,201,201,201,201,XGBoost,time,1
117,0.016973188146948814,203,1,202,0,4,202,202,202,202,XGBoost,time,1
118,0.01690223067998886,204,1,203,0,3,203,203,203,203,XGBoost,time,1
119,0.016088368371129036,205,1,204,0,2,204,204,204,204,XGBoost,time,1
120,0.01571621373295784,206,1,205,0,1,205,205,205,205,XGBoost,time,1
121,-inf,207,1,206,0,0,206,206,206,206,XGBoost,time,1
0,inf,0,0,0,7,303,35,70,140,350,XGBoost,time,2
1,0.30819419026374817,1,0,1,7,302,36,71,141,351,XGBoost,time,2
2,0.28728634119033813,2,0,2,7,301,37,72,142,352,XGBoost,time,2
3,0.25803324580192566,3,0,3,7,300,38,73,143,353,XGBoost,time,2
4,0.2241068035364151,4,0,4,7,299,39,74,144,354,XGBoost,time,2
5,0.21672938764095306,6,0,6,7,297,41,76,146,356,XGBoost,time,2
6,0.1945960372686386,7,0,7,7,296,42,77,147,357,XGBoost,time,2
7,0.18164131045341492,8,0,8,7,295,43,78,148,358,XGBoost,time,2
8,0.1698007583618164,9,0,9,7,294,44,79,149,359,XGBoost,time,2
9,0.15739920735359192,10,0,10,7,293,45,80,150,360,XGBoost,time,2
10,0.15115265548229218,11,0,11,7,292,46,81,151,361,XGBoost,time,2
11,0.13752888143062592,12,0,12,7,291,47,82,152,362,XGBoost,time,2
12,0.13633188605308533,13,0,13,7,290,48,83,153,363,XGBoost,time,2
13,0.1307695209980011,14,0,14,7,289,49,84,154,364,XGBoost,time,2
14,0.1305900663137436,15,0,15,7,288,50,85,155,365,XGBoost,time,2
15,0.12917564809322357,16,0,16,7,287,51,86,156,366,XGBoost,time,2
16,0.12314780801534653,17,0,17,7,286,52,87,157,367,XGBoost,time,2
17,0.12273821234703064,18,0,18,7,285,53,88,158,368,XGBoost,time,2
18,0.11850446462631226,20,0,20,7,283,55,90,160,370,XGBoost,time,2
19,0.11445849388837814,21,0,21,7,282,56,91,161,371,XGBoost,time,2
20,0.11080170422792435,22,0,22,7,281,57,92,162,372,XGBoost,time,2
21,0.10915688425302505,23,0,23,7,280,58,93,163,373,XGBoost,time,2
22,0.10758765041828156,24,0,24,7,279,59,94,164,374,XGBoost,time,2
23,0.10643783956766129,25,0,25,7,278,60,95,165,375,XGBoost,time,2
24,0.10340698808431625,26,0,26,7,277,61,96,166,376,XGBoost,time,2
25,0.10303163528442383,27,0,27,7,276,62,97,167,377,XGBoost,time,2
26,0.09919697791337967,28,0,28,7,275,63,98,168,378,XGBoost,time,2
27,0.09684444218873978,29,0,29,7,274,64,99,169,379,XGBoost,time,2
28,0.09457722306251526,30,0,30,7,273,65,100,170,380,XGBoost,time,2
29,0.09434577077627182,31,0,31,7,272,66,101,171,381,XGBoost,time,2
30,0.09376546740531921,32,0,32,7,271,67,102,172,382,XGBoost,time,2
31,0.09178029745817184,33,0,33,7,270,68,103,173,383,XGBoost,time,2
32,0.08895721286535263,34,0,34,7,269,69,104,174,384,XGBoost,time,2
33,0.08645198494195938,35,0,35,7,268,70,105,175,385,XGBoost,time,2
34,0.08359622210264206,36,0,36,7,267,71,106,176,386,XGBoost,time,2
35,0.0826152116060257,37,0,37,7,266,72,107,177,387,XGBoost,time,2
36,0.07832247018814087,38,0,38,7,265,73,108,178,388,XGBoost,time,2
37,0.07666346430778503,39,0,39,7,264,74,109,179,389,XGBoost,time,2
38,0.07622581720352173,40,0,40,7,263,75,110,180,390,XGBoost,time,2
39,0.07347764074802399,41,0,41,7,262,76,111,181,391,XGBoost,time,2
40,0.07099170237779617,42,0,42,7,261,77,112,182,392,XGBoost,time,2
41,0.06162029132246971,43,0,43,7,260,78,113,183,393,XGBoost,time,2
42,0.05901617184281349,44,0,44,7,259,79,114,184,394,XGBoost,time,2
43,0.056168269366025925,45,0,45,7,258,80,115,185,395,XGBoost,time,2
44,0.05483478680253029,46,0,46,7,257,81,116,186,396,XGBoost,time,2
45,0.05236119031906128,47,0,47,7,256,82,117,187,397,XGBoost,time,2
46,0.049450043588876724,48,0,48,7,255,83,118,188,398,XGBoost,time,2
47,0.04855923727154732,49,0,49,7,254,84,119,189,399,XGBoost,time,2
48,0.04845036566257477,52,1,51,6,252,81,111,171,351,XGBoost,time,2
49,0.041463155299425125,53,1,52,6,251,82,112,172,352,XGBoost,time,2
50,0.04066513478755951,55,1,54,6,249,84,114,174,354,XGBoost,time,2
51,0.03835180774331093,56,1,55,6,248,85,115,175,355,XGBoost,time,2
52,0.03772946074604988,57,1,56,6,247,86,116,176,356,XGBoost,time,2
53,0.037630725651979446,58,1,57,6,246,87,117,177,357,XGBoost,time,2
54,0.03625399246811867,59,1,58,6,245,88,118,178,358,XGBoost,time,2
55,0.03594707325100899,60,1,59,6,244,89,119,179,359,XGBoost,time,2
56,0.03545959293842316,61,1,60,6,243,90,120,180,360,XGBoost,time,2
57,0.035407066345214844,62,1,61,6,242,91,121,181,361,XGBoost,time,2
58,0.0351126603782177,63,1,62,6,241,92,122,182,362,XGBoost,time,2
59,0.03466082364320755,64,1,63,6,240,93,123,183,363,XGBoost,time,2
60,0.03426661342382431,65,1,64,6,239,94,124,184,364,XGBoost,time,2
61,0.034075234085321426,66,1,65,6,238,95,125,185,365,XGBoost,time,2
62,0.033826615661382675,67,1,66,6,237,96,126,186,366,XGBoost,time,2
63,0.033729132264852524,68,1,67,6,236,97,127,187,367,XGBoost,time,2
64,0.03372057154774666,69,1,68,6,235,98,128,188,368,XGBoost,time,2
65,0.03327256813645363,70,1,69,6,234,99,129,189,369,XGBoost,time,2
66,0.03326670825481415,71,1,70,6,233,100,130,190,370,XGBoost,time,2
67,0.03321191295981407,72,1,71,6,232,101,131,191,371,XGBoost,time,2
68,0.032930802553892136,74,1,73,6,230,103,133,193,373,XGBoost,time,2
69,0.032824911177158356,75,1,74,6,229,104,134,194,374,XGBoost,time,2
70,0.03271917626261711,76,1,75,6,228,105,135,195,375,XGBoost,time,2
71,0.032656289637088776,77,1,76,6,227,106,136,196,376,XGBoost,time,2
72,0.03254855424165726,78,1,77,6,226,107,137,197,377,XGBoost,time,2
73,0.032450441271066666,79,1,78,6,225,108,138,198,378,XGBoost,time,2
74,0.032429132610559464,81,1,80,6,223,110,140,200,380,XGBoost,time,2
75,0.03229415789246559,82,1,81,6,222,111,141,201,381,XGBoost,time,2
76,0.03223500773310661,83,1,82,6,221,112,142,202,382,XGBoost,time,2
77,0.03196610137820244,84,1,83,6,220,113,143,203,383,XGBoost,time,2
78,0.03174358978867531,85,1,84,6,219,114,144,204,384,XGBoost,time,2
79,0.03166862204670906,99,1,98,6,205,128,158,218,398,XGBoost,time,2
80,0.03158741444349289,100,1,99,6,204,129,159,219,399,XGBoost,time,2
81,0.03142493963241577,101,1,100,6,203,130,160,220,400,XGBoost,time,2
82,0.0314042866230011,104,2,102,5,201,127,152,202,352,XGBoost,time,2
83,0.030998636037111282,114,4,110,3,193,125,140,170,260,XGBoost,time,2
84,0.030965281650424004,116,4,112,3,191,127,142,172,262,XGBoost,time,2
85,0.030909737572073936,117,4,113,3,190,128,143,173,263,XGBoost,time,2
86,0.030899040400981903,118,5,113,2,190,123,133,153,213,XGBoost,time,2
87,0.03075995109975338,119,5,114,2,189,124,134,154,214,XGBoost,time,2
88,0.030721042305231094,120,5,115,2,188,125,135,155,215,XGBoost,time,2
89,0.03033630922436714,121,5,116,2,187,126,136,156,216,XGBoost,time,2
90,0.029884357005357742,122,5,117,2,186,127,137,157,217,XGBoost,time,2
91,0.029623374342918396,123,5,118,2,185,128,138,158,218,XGBoost,time,2
92,0.029250983148813248,124,5,119,2,184,129,139,159,219,XGBoost,time,2
93,0.028937527909874916,125,5,120,2,183,130,140,160,220,XGBoost,time,2
94,0.028651148080825806,126,5,121,2,182,131,141,161,221,XGBoost,time,2
95,0.028640136122703552,127,5,122,2,181,132,142,162,222,XGBoost,time,2
96,0.028350720182061195,130,5,125,2,178,135,145,165,225,XGBoost,time,2
97,0.028113605454564095,131,5,126,2,177,136,146,166,226,XGBoost,time,2
98,0.02808590978384018,132,5,127,2,176,137,147,167,227,XGBoost,time,2
99,0.028044911101460457,134,5,129,2,174,139,149,169,229,XGBoost,time,2
100,0.027869002893567085,135,5,130,2,173,140,150,170,230,XGBoost,time,2
101,0.027850618585944176,137,5,132,2,171,142,152,172,232,XGBoost,time,2
102,0.027564721181988716,139,5,134,2,169,144,154,174,234,XGBoost,time,2
103,0.02749934233725071,157,6,151,1,152,156,161,171,201,XGBoost,time,2
104,0.027470294386148453,159,6,153,1,150,158,163,173,203,XGBoost,time,2
105,0.027304241433739662,160,6,154,1,149,159,164,174,204,XGBoost,time,2
106,0.0272771418094635,161,6,155,1,148,160,165,175,205,XGBoost,time,2
107,0.027268830686807632,162,6,156,1,147,161,166,176,206,XGBoost,time,2
108,0.026915114372968674,167,6,161,1,142,166,171,181,211,XGBoost,time,2
109,0.026828274130821228,169,6,163,1,140,168,173,183,213,XGBoost,time,2
110,0.02676435187458992,171,6,165,1,138,170,175,185,215,XGBoost,time,2
111,0.02668936364352703,173,6,167,1,136,172,177,187,217,XGBoost,time,2
112,0.026436930522322655,175,6,169,1,134,174,179,189,219,XGBoost,time,2
113,0.026374833658337593,177,6,171,1,132,176,181,191,221,XGBoost,time,2
114,0.026304194703698158,178,6,172,1,131,177,182,192,222,XGBoost,time,2
115,0.02619531750679016,180,6,174,1,129,179,184,194,224,XGBoost,time,2
116,0.026191167533397675,181,6,175,1,128,180,185,195,225,XGBoost,time,2
117,0.02609371580183506,182,6,176,1,127,181,186,196,226,XGBoost,time,2
118,0.025947432965040207,183,6,177,1,126,182,187,197,227,XGBoost,time,2
119,0.025744682177901268,184,6,178,1,125,183,188,198,228,XGBoost,time,2
120,0.025395311415195465,185,6,179,1,124,184,189,199,229,XGBoost,time,2
121,0.02539105713367462,186,6,180,1,123,185,190,200,230,XGBoost,time,2
122,0.025109531357884407,188,6,182,1,121,187,192,202,232,XGBoost,time,2
123,0.02471098117530346,189,6,183,1,120,188,193,203,233,XGBoost,time,2
124,0.02417144551873207,191,6,185,1,118,190,195,205,235,XGBoost,time,2
125,0.023722872138023376,196,6,190,1,113,195,200,210,240,XGBoost,time,2
126,0.023718861863017082,197,6,191,1,112,196,201,211,241,XGBoost,time,2
127,0.023656198754906654,201,6,195,1,108,200,205,215,245,XGBoost,time,2
128,0.02343176305294037,203,6,197,1,106,202,207,217,247,XGBoost,time,2
129,0.02317969687283039,204,6,198,1,105,203,208,218,248,XGBoost,time,2
130,0.023112883791327477,205,6,199,1,104,204,209,219,249,XGBoost,time,2
131,0.023027140647172928,206,6,200,1,103,205,210,220,250,XGBoost,time,2
132,0.022931914776563644,207,6,201,1,102,206,211,221,251,XGBoost,time,2
133,0.022404851391911507,208,6,202,1,101,207,212,222,252,XGBoost,time,2
134,0.02201102115213871,210,6,204,1,99,209,214,224,254,XGBoost,time,2
135,0.02168854884803295,211,6,205,1,98,210,215,225,255,XGBoost,time,2
136,0.021587694063782692,212,6,206,1,97,211,216,226,256,XGBoost,time,2
137,0.020995767787098885,213,6,207,1,96,212,217,227,257,XGBoost,time,2
138,0.020748548209667206,214,6,208,1,95,213,218,228,258,XGBoost,time,2
139,0.020595869049429893,215,6,209,1,94,214,219,229,259,XGBoost,time,2
140,0.020488737151026726,216,6,210,1,93,215,220,230,260,XGBoost,time,2
141,0.020214390009641647,217,6,211,1,92,216,221,231,261,XGBoost,time,2
142,0.020100658759474754,220,6,214,1,89,219,224,234,264,XGBoost,time,2
143,0.020085176452994347,221,6,215,1,88,220,225,235,265,XGBoost,time,2
144,0.020050378516316414,222,6,216,1,87,221,226,236,266,XGBoost,time,2
145,0.01994442753493786,226,6,220,1,83,225,230,240,270,XGBoost,time,2
146,0.01978178322315216,227,6,221,1,82,226,231,241,271,XGBoost,time,2
147,0.01971874013543129,228,6,222,1,81,227,232,242,272,XGBoost,time,2
148,0.019670436158776283,229,6,223,1,80,228,233,243,273,XGBoost,time,2
149,0.019619638100266457,231,6,225,1,78,230,235,245,275,XGBoost,time,2
150,0.019517481327056885,234,6,228,1,75,233,238,248,278,XGBoost,time,2
151,0.01937764137983322,235,7,228,0,75,228,228,228,228,XGBoost,time,2
152,0.01928267627954483,236,7,229,0,74,229,229,229,229,XGBoost,time,2
153,0.019059540703892708,239,7,232,0,71,232,232,232,232,XGBoost,time,2
154,0.018720712512731552,240,7,233,0,70,233,233,233,233,XGBoost,time,2
155,0.018698016181588173,243,7,236,0,67,236,236,236,236,XGBoost,time,2
156,0.018683593720197678,245,7,238,0,65,238,238,238,238,XGBoost,time,2
157,0.018568232655525208,246,7,239,0,64,239,239,239,239,XGBoost,time,2
158,0.01855248212814331,247,7,240,0,63,240,240,240,240,XGBoost,time,2
159,0.018297255039215088,252,7,245,0,58,245,245,245,245,XGBoost,time,2
160,0.01818370260298252,253,7,246,0,57,246,246,246,246,XGBoost,time,2
161,0.018170200288295746,254,7,247,0,56,247,247,247,247,XGBoost,time,2
162,0.018154781311750412,255,7,248,0,55,248,248,248,248,XGBoost,time,2
163,0.018137110397219658,256,7,249,0,54,249,249,249,249,XGBoost,time,2
164,0.01793607324361801,257,7,250,0,53,250,250,250,250,XGBoost,time,2
165,0.01786484569311142,258,7,251,0,52,251,251,251,251,XGBoost,time,2
166,0.017810111865401268,259,7,252,0,51,252,252,252,252,XGBoost,time,2
167,0.017771665006875992,261,7,254,0,49,254,254,254,254,XGBoost,time,2
168,0.017656849697232246,262,7,255,0,48,255,255,255,255,XGBoost,time,2
169,0.01748163066804409,263,7,256,0,47,256,256,256,256,XGBoost,time,2
170,0.01747521199285984,264,7,257,0,46,257,257,257,257,XGBoost,time,2
171,0.017434142529964447,265,7,258,0,45,258,258,258,258,XGBoost,time,2
172,0.016931675374507904,267,7,260,0,43,260,260,260,260,XGBoost,time,2
173,0.016782280057668686,268,7,261,0,42,261,261,261,261,XGBoost,time,2
174,0.016557609662413597,269,7,262,0,41,262,262,262,262,XGBoost,time,2
175,0.01652882806956768,270,7,263,0,40,263,263,263,263,XGBoost,time,2
176,0.016528811305761337,272,7,265,0,38,265,265,265,265,XGBoost,time,2
177,0.016516035422682762,274,7,267,0,36,267,267,267,267,XGBoost,time,2
178,0.016426529735326767,275,7,268,0,35,268,268,268,268,XGBoost,time,2
179,0.016201967373490334,282,7,275,0,28,275,275,275,275,XGBoost,time,2
180,0.01618943177163601,283,7,276,0,27,276,276,276,276,XGBoost,time,2
181,0.01611601747572422,285,7,278,0,25,278,278,278,278,XGBoost,time,2
182,0.016075532883405685,288,7,281,0,22,281,281,281,281,XGBoost,time,2
183,0.015881473198533058,289,7,282,0,21,282,282,282,282,XGBoost,time,2
184,0.0158661138266325,290,7,283,0,20,283,283,283,283,XGBoost,time,2
185,0.015769707038998604,291,7,284,0,19,284,284,284,284,XGBoost,time,2
186,0.015746617689728737,293,7,286,0,17,286,286,286,286,XGBoost,time,2
187,0.015596131794154644,294,7,287,0,16,287,287,287,287,XGBoost,time,2
188,0.015447277575731277,295,7,288,0,15,288,288,288,288,XGBoost,time,2
189,0.014990359544754028,296,7,289,0,14,289,289,289,289,XGBoost,time,2
190,0.014613280072808266,297,7,290,0,13,290,290,290,290,XGBoost,time,2
191,0.014318088069558144,303,7,296,0,7,296,296,296,296,XGBoost,time,2
192,0.01407407782971859,306,7,299,0,4,299,299,299,299,XGBoost,time,2
193,0.014045218005776405,307,7,300,0,3,300,300,300,300,XGBoost,time,2
194,-inf,310,7,303,0,0,303,303,303,303,XGBoost,time,2
0,inf,0,0,0,20,393,100,200,400,1000,XGBoost,time,3
1,0.24111320078372955,1,0,1,20,392,101,201,401,1001,XGBoost,time,3
2,0.2236071527004242,2,0,2,20,391,102,202,402,1002,XGBoost,time,3
3,0.20460174977779388,3,0,3,20,390,103,203,403,1003,XGBoost,time,3
4,0.18471446633338928,4,0,4,20,389,104,204,404,1004,XGBoost,time,3
5,0.17037948966026306,5,0,5,20,388,105,205,405,1005,XGBoost,time,3
6,0.15768295526504517,6,1,5,19,388,100,195,385,955,XGBoost,time,3
7,0.15185397863388062,7,1,6,19,387,101,196,386,956,XGBoost,time,3
8,0.14344903826713562,8,1,7,19,386,102,197,387,957,XGBoost,time,3
9,0.14289590716362,9,1,8,19,385,103,198,388,958,XGBoost,time,3
10,0.14289569854736328,10,1,9,19,384,104,199,389,959,XGBoost,time,3
11,0.14210474491119385,11,2,9,18,384,99,189,369,909,XGBoost,time,3
12,0.13929247856140137,12,3,9,17,384,94,179,349,859,XGBoost,time,3
13,0.1377449631690979,13,3,10,17,383,95,180,350,860,XGBoost,time,3
14,0.13707078993320465,14,3,11,17,382,96,181,351,861,XGBoost,time,3
15,0.13612325489521027,15,3,12,17,381,97,182,352,862,XGBoost,time,3
16,0.13518354296684265,16,3,13,17,380,98,183,353,863,XGBoost,time,3
17,0.12961743772029877,17,3,14,17,379,99,184,354,864,XGBoost,time,3
18,0.12456916272640228,18,3,15,17,378,100,185,355,865,XGBoost,time,3
19,0.11726558953523636,19,3,16,17,377,101,186,356,866,XGBoost,time,3
20,0.11555154621601105,20,3,17,17,376,102,187,357,867,XGBoost,time,3
21,0.1146746575832367,21,3,18,17,375,103,188,358,868,XGBoost,time,3
22,0.11462976783514023,22,3,19,17,374,104,189,359,869,XGBoost,time,3
23,0.11364622414112091,23,3,20,17,373,105,190,360,870,XGBoost,time,3
24,0.11228274554014206,24,3,21,17,372,106,191,361,871,XGBoost,time,3
25,0.1094333827495575,25,3,22,17,371,107,192,362,872,XGBoost,time,3
26,0.10912609845399857,26,3,23,17,370,108,193,363,873,XGBoost,time,3
27,0.10890094190835953,27,3,24,17,369,109,194,364,874,XGBoost,time,3
28,0.10697173327207565,28,3,25,17,368,110,195,365,875,XGBoost,time,3
29,0.10633008182048798,29,3,26,17,367,111,196,366,876,XGBoost,time,3
30,0.10572897642850876,30,4,26,16,367,106,186,346,826,XGBoost,time,3
31,0.10354055464267731,31,4,27,16,366,107,187,347,827,XGBoost,time,3
32,0.10188291221857071,32,4,28,16,365,108,188,348,828,XGBoost,time,3
33,0.10041258484125137,33,4,29,16,364,109,189,349,829,XGBoost,time,3
34,0.10003156960010529,34,4,30,16,363,110,190,350,830,XGBoost,time,3
35,0.09915396571159363,35,4,31,16,362,111,191,351,831,XGBoost,time,3
36,0.09849277138710022,36,4,32,16,361,112,192,352,832,XGBoost,time,3
37,0.09715539216995239,37,4,33,16,360,113,193,353,833,XGBoost,time,3
38,0.09696600586175919,38,4,34,16,359,114,194,354,834,XGBoost,time,3
39,0.09648209810256958,39,4,35,16,358,115,195,355,835,XGBoost,time,3
40,0.0930284708738327,40,4,36,16,357,116,196,356,836,XGBoost,time,3
41,0.09300242364406586,41,5,36,15,357,111,186,336,786,XGBoost,time,3
42,0.09211920201778412,42,5,37,15,356,112,187,337,787,XGBoost,time,3
43,0.09136023372411728,43,5,38,15,355,113,188,338,788,XGBoost,time,3
44,0.0905560776591301,44,5,39,15,354,114,189,339,789,XGBoost,time,3
45,0.08814429491758347,45,5,40,15,353,115,190,340,790,XGBoost,time,3
46,0.08372563123703003,46,5,41,15,352,116,191,341,791,XGBoost,time,3
47,0.08214733749628067,47,5,42,15,351,117,192,342,792,XGBoost,time,3
48,0.08062265068292618,50,5,45,15,348,120,195,345,795,XGBoost,time,3
49,0.08059009909629822,51,5,46,15,347,121,196,346,796,XGBoost,time,3
50,0.0804920420050621,52,5,47,15,346,122,197,347,797,XGBoost,time,3
51,0.08043774962425232,53,5,48,15,345,123,198,348,798,XGBoost,time,3
52,0.07574547082185745,54,5,49,15,344,124,199,349,799,XGBoost,time,3
53,0.07464737445116043,55,5,50,15,343,125,200,350,800,XGBoost,time,3
54,0.07448850572109222,56,5,51,15,342,126,201,351,801,XGBoost,time,3
55,0.07365887612104416,57,5,52,15,341,127,202,352,802,XGBoost,time,3
56,0.07317457348108292,58,5,53,15,340,128,203,353,803,XGBoost,time,3
57,0.07229102402925491,59,5,54,15,339,129,204,354,804,XGBoost,time,3
58,0.07213885337114334,60,5,55,15,338,130,205,355,805,XGBoost,time,3
59,0.07203476130962372,61,5,56,15,337,131,206,356,806,XGBoost,time,3
60,0.0706283301115036,62,5,57,15,336,132,207,357,807,XGBoost,time,3
61,0.07022436708211899,63,5,58,15,335,133,208,358,808,XGBoost,time,3
62,0.0700661689043045,67,5,62,15,331,137,212,362,812,XGBoost,time,3
63,0.0699763149023056,68,6,62,14,331,132,202,342,762,XGBoost,time,3
64,0.06799229979515076,69,6,63,14,330,133,203,343,763,XGBoost,time,3
65,0.06694036722183228,70,6,64,14,329,134,204,344,764,XGBoost,time,3
66,0.06679694354534149,71,6,65,14,328,135,205,345,765,XGBoost,time,3
67,0.06669771671295166,72,6,66,14,327,136,206,346,766,XGBoost,time,3
68,0.06659915298223495,73,6,67,14,326,137,207,347,767,XGBoost,time,3
69,0.06491226702928543,75,6,69,14,324,139,209,349,769,XGBoost,time,3
70,0.06401945650577545,76,6,70,14,323,140,210,350,770,XGBoost,time,3
71,0.06293408572673798,77,6,71,14,322,141,211,351,771,XGBoost,time,3
72,0.06282364577054977,79,6,73,14,320,143,213,353,773,XGBoost,time,3
73,0.06265012919902802,80,6,74,14,319,144,214,354,774,XGBoost,time,3
74,0.06264054030179977,81,6,75,14,318,145,215,355,775,XGBoost,time,3
75,0.06208927556872368,82,6,76,14,317,146,216,356,776,XGBoost,time,3
76,0.061554428189992905,83,6,77,14,316,147,217,357,777,XGBoost,time,3
77,0.06145324558019638,84,6,78,14,315,148,218,358,778,XGBoost,time,3
78,0.06083303689956665,85,6,79,14,314,149,219,359,779,XGBoost,time,3
79,0.06032232567667961,86,7,79,13,314,144,209,339,729,XGBoost,time,3
80,0.06020095944404602,87,7,80,13,313,145,210,340,730,XGBoost,time,3
81,0.060176968574523926,88,7,81,13,312,146,211,341,731,XGBoost,time,3
82,0.06002425774931908,89,7,82,13,311,147,212,342,732,XGBoost,time,3
83,0.05983957275748253,91,7,84,13,309,149,214,344,734,XGBoost,time,3
84,0.05876737833023071,92,7,85,13,308,150,215,345,735,XGBoost,time,3
85,0.0586489699780941,93,7,86,13,307,151,216,346,736,XGBoost,time,3
86,0.05833098664879799,94,7,87,13,306,152,217,347,737,XGBoost,time,3
87,0.057722680270671844,95,7,88,13,305,153,218,348,738,XGBoost,time,3
88,0.057506952434778214,96,7,89,13,304,154,219,349,739,XGBoost,time,3
89,0.05716774985194206,97,7,90,13,303,155,220,350,740,XGBoost,time,3
90,0.05648757889866829,98,7,91,13,302,156,221,351,741,XGBoost,time,3
91,0.056354790925979614,99,7,92,13,301,157,222,352,742,XGBoost,time,3
92,0.0560535229742527,104,8,96,12,297,156,216,336,696,XGBoost,time,3
93,0.05585901811718941,105,8,97,12,296,157,217,337,697,XGBoost,time,3
94,0.055249929428100586,106,9,97,11,296,152,207,317,647,XGBoost,time,3
95,0.054727692157030106,107,9,98,11,295,153,208,318,648,XGBoost,time,3
96,0.053332626819610596,108,9,99,11,294,154,209,319,649,XGBoost,time,3
97,0.053264450281858444,109,9,100,11,293,155,210,320,650,XGBoost,time,3
98,0.05253870040178299,110,9,101,11,292,156,211,321,651,XGBoost,time,3
99,0.05179859325289726,111,9,102,11,291,157,212,322,652,XGBoost,time,3
100,0.051276206970214844,112,9,103,11,290,158,213,323,653,XGBoost,time,3
101,0.04980304464697838,113,9,104,11,289,159,214,324,654,XGBoost,time,3
102,0.04978329688310623,114,9,105,11,288,160,215,325,655,XGBoost,time,3
103,0.049614839255809784,115,9,106,11,287,161,216,326,656,XGBoost,time,3
104,0.048946358263492584,116,9,107,11,286,162,217,327,657,XGBoost,time,3
105,0.04879513010382652,117,9,108,11,285,163,218,328,658,XGBoost,time,3
106,0.04868267849087715,118,9,109,11,284,164,219,329,659,XGBoost,time,3
107,0.048495735973119736,119,9,110,11,283,165,220,330,660,XGBoost,time,3
108,0.04839428514242172,120,9,111,11,282,166,221,331,661,XGBoost,time,3
109,0.04837922379374504,121,9,112,11,281,167,222,332,662,XGBoost,time,3
110,0.048247016966342926,122,9,113,11,280,168,223,333,663,XGBoost,time,3
111,0.04808304086327553,123,9,114,11,279,169,224,334,664,XGBoost,time,3
112,0.0476062148809433,125,9,116,11,277,171,226,336,666,XGBoost,time,3
113,0.04747223109006882,126,9,117,11,276,172,227,337,667,XGBoost,time,3
114,0.047367505729198456,127,9,118,11,275,173,228,338,668,XGBoost,time,3
115,0.04729323089122772,129,9,120,11,273,175,230,340,670,XGBoost,time,3
116,0.047076381742954254,130,9,121,11,272,176,231,341,671,XGBoost,time,3
117,0.046431347727775574,131,10,121,10,272,171,221,321,621,XGBoost,time,3
118,0.04638846591114998,132,10,122,10,271,172,222,322,622,XGBoost,time,3
119,0.046329714357852936,133,10,123,10,270,173,223,323,623,XGBoost,time,3
120,0.04623224586248398,134,10,124,10,269,174,224,324,624,XGBoost,time,3
121,0.04557172209024429,135,10,125,10,268,175,225,325,625,XGBoost,time,3
122,0.045559126883745193,136,10,126,10,267,176,226,326,626,XGBoost,time,3
123,0.044464968144893646,137,10,127,10,266,177,227,327,627,XGBoost,time,3
124,0.04386267066001892,142,11,131,9,262,176,221,311,581,XGBoost,time,3
125,0.04369448497891426,144,11,133,9,260,178,223,313,583,XGBoost,time,3
126,0.04360419884324074,145,11,134,9,259,179,224,314,584,XGBoost,time,3
127,0.04336532577872276,146,11,135,9,258,180,225,315,585,XGBoost,time,3
128,0.042631424963474274,147,11,136,9,257,181,226,316,586,XGBoost,time,3
129,0.042373597621917725,149,11,138,9,255,183,228,318,588,XGBoost,time,3
130,0.04220001399517059,150,11,139,9,254,184,229,319,589,XGBoost,time,3
131,0.04198498651385307,151,11,140,9,253,185,230,320,590,XGBoost,time,3
132,0.0419451966881752,152,11,141,9,252,186,231,321,591,XGBoost,time,3
133,0.04172069951891899,153,11,142,9,251,187,232,322,592,XGBoost,time,3
134,0.04136626794934273,154,11,143,9,250,188,233,323,593,XGBoost,time,3
135,0.040736764669418335,155,11,144,9,249,189,234,324,594,XGBoost,time,3
136,0.040571242570877075,156,11,145,9,248,190,235,325,595,XGBoost,time,3
137,0.040539707988500595,157,11,146,9,247,191,236,326,596,XGBoost,time,3
138,0.040236376225948334,158,11,147,9,246,192,237,327,597,XGBoost,time,3
139,0.039958398789167404,159,11,148,9,245,193,238,328,598,XGBoost,time,3
140,0.039865460246801376,160,11,149,9,244,194,239,329,599,XGBoost,time,3
141,0.039794303476810455,161,11,150,9,243,195,240,330,600,XGBoost,time,3
142,0.03976322337985039,162,11,151,9,242,196,241,331,601,XGBoost,time,3
143,0.03968897834420204,163,11,152,9,241,197,242,332,602,XGBoost,time,3
144,0.03959500789642334,164,11,153,9,240,198,243,333,603,XGBoost,time,3
145,0.03863675519824028,165,11,154,9,239,199,244,334,604,XGBoost,time,3
146,0.038240835070610046,166,11,155,9,238,200,245,335,605,XGBoost,time,3
147,0.0381782129406929,167,11,156,9,237,201,246,336,606,XGBoost,time,3
148,0.03756280615925789,168,11,157,9,236,202,247,337,607,XGBoost,time,3
149,0.037463441491127014,170,11,159,9,234,204,249,339,609,XGBoost,time,3
150,0.03701390326023102,171,11,160,9,233,205,250,340,610,XGBoost,time,3
151,0.03700222820043564,172,11,161,9,232,206,251,341,611,XGBoost,time,3
152,0.0366278812289238,173,12,161,8,232,201,241,321,561,XGBoost,time,3
153,0.03661172464489937,174,12,162,8,231,202,242,322,562,XGBoost,time,3
154,0.03659278526902199,175,12,163,8,230,203,243,323,563,XGBoost,time,3
155,0.03634805977344513,176,12,164,8,229,204,244,324,564,XGBoost,time,3
156,0.036002017557621,177,12,165,8,228,205,245,325,565,XGBoost,time,3
157,0.03560340031981468,178,12,166,8,227,206,246,326,566,XGBoost,time,3
158,0.03523498773574829,179,12,167,8,226,207,247,327,567,XGBoost,time,3
159,0.03519299626350403,180,12,168,8,225,208,248,328,568,XGBoost,time,3
160,0.0348074808716774,181,13,168,7,225,203,238,308,518,XGBoost,time,3
161,0.0347491130232811,182,13,169,7,224,204,239,309,519,XGBoost,time,3
162,0.03462092578411102,183,13,170,7,223,205,240,310,520,XGBoost,time,3
163,0.03460255637764931,184,13,171,7,222,206,241,311,521,XGBoost,time,3
164,0.03442596644163132,186,13,173,7,220,208,243,313,523,XGBoost,time,3
165,0.034229032695293427,187,13,174,7,219,209,244,314,524,XGBoost,time,3
166,0.03411458805203438,190,13,177,7,216,212,247,317,527,XGBoost,time,3
167,0.0339968167245388,191,13,178,7,215,213,248,318,528,XGBoost,time,3
168,0.03361964970827103,192,13,179,7,214,214,249,319,529,XGBoost,time,3
169,0.033530350774526596,193,13,180,7,213,215,250,320,530,XGBoost,time,3
170,0.03314609453082085,194,13,181,7,212,216,251,321,531,XGBoost,time,3
171,0.03283524513244629,197,13,184,7,209,219,254,324,534,XGBoost,time,3
172,0.03280876204371452,198,13,185,7,208,220,255,325,535,XGBoost,time,3
173,0.032779525965452194,199,13,186,7,207,221,256,326,536,XGBoost,time,3
174,0.032748542726039886,200,13,187,7,206,222,257,327,537,XGBoost,time,3
175,0.03259475156664848,201,13,188,7,205,223,258,328,538,XGBoost,time,3
176,0.032328322529792786,202,13,189,7,204,224,259,329,539,XGBoost,time,3
177,0.03177770972251892,203,13,190,7,203,225,260,330,540,XGBoost,time,3
178,0.03171222656965256,205,13,192,7,201,227,262,332,542,XGBoost,time,3
179,0.031602565199136734,210,14,196,6,197,226,256,316,496,XGBoost,time,3
180,0.031576789915561676,211,14,197,6,196,227,257,317,497,XGBoost,time,3
181,0.03129899129271507,212,14,198,6,195,228,258,318,498,XGBoost,time,3
182,0.0311809740960598,213,14,199,6,194,229,259,319,499,XGBoost,time,3
183,0.031091779470443726,214,14,200,6,193,230,260,320,500,XGBoost,time,3
184,0.030870553106069565,215,14,201,6,192,231,261,321,501,XGBoost,time,3
185,0.030709542334079742,216,14,202,6,191,232,262,322,502,XGBoost,time,3
186,0.030476147308945656,217,14,203,6,190,233,263,323,503,XGBoost,time,3
187,0.03030865080654621,219,15,204,5,189,229,254,304,454,XGBoost,time,3
188,0.030136365443468094,220,15,205,5,188,230,255,305,455,XGBoost,time,3
189,0.030098870396614075,221,15,206,5,187,231,256,306,456,XGBoost,time,3
190,0.02996017038822174,222,15,207,5,186,232,257,307,457,XGBoost,time,3
191,0.029514681547880173,223,15,208,5,185,233,258,308,458,XGBoost,time,3
192,0.02944464609026909,226,15,211,5,182,236,261,311,461,XGBoost,time,3
193,0.02937321551144123,228,15,213,5,180,238,263,313,463,XGBoost,time,3
194,0.02915024384856224,230,15,215,5,178,240,265,315,465,XGBoost,time,3
195,0.02912166900932789,231,15,216,5,177,241,266,316,466,XGBoost,time,3
196,0.029016008600592613,232,15,217,5,176,242,267,317,467,XGBoost,time,3
197,0.028754055500030518,233,15,218,5,175,243,268,318,468,XGBoost,time,3
198,0.028243573382496834,234,15,219,5,174,244,269,319,469,XGBoost,time,3
199,0.027966205030679703,236,15,221,5,172,246,271,321,471,XGBoost,time,3
200,0.02748779207468033,239,15,224,5,169,249,274,324,474,XGBoost,time,3
201,0.026558438315987587,240,15,225,5,168,250,275,325,475,XGBoost,time,3
202,0.026016050949692726,246,15,231,5,162,256,281,331,481,XGBoost,time,3
203,0.02574840374290943,247,15,232,5,161,257,282,332,482,XGBoost,time,3
204,0.025288324803113937,248,15,233,5,160,258,283,333,483,XGBoost,time,3
205,0.024787800386548042,249,15,234,5,159,259,284,334,484,XGBoost,time,3
206,0.024601539596915245,250,15,235,5,158,260,285,335,485,XGBoost,time,3
207,0.02395053394138813,251,15,236,5,157,261,286,336,486,XGBoost,time,3
208,0.023942142724990845,252,15,237,5,156,262,287,337,487,XGBoost,time,3
209,0.02321798726916313,253,15,238,5,155,263,288,338,488,XGBoost,time,3
210,0.02305581606924534,254,15,239,5,154,264,289,339,489,XGBoost,time,3
211,0.022940900176763535,255,16,239,4,154,259,279,319,439,XGBoost,time,3
212,0.022374171763658524,260,17,243,3,150,258,273,303,393,XGBoost,time,3
213,0.022373713552951813,261,17,244,3,149,259,274,304,394,XGBoost,time,3
214,0.022100141271948814,262,17,245,3,148,260,275,305,395,XGBoost,time,3
215,0.0218091681599617,263,17,246,3,147,261,276,306,396,XGBoost,time,3
216,0.021647753193974495,264,17,247,3,146,262,277,307,397,XGBoost,time,3
217,0.02127210423350334,268,18,250,2,143,260,270,290,350,XGBoost,time,3
218,0.021209990605711937,269,18,251,2,142,261,271,291,351,XGBoost,time,3
219,0.0210527703166008,270,18,252,2,141,262,272,292,352,XGBoost,time,3
220,0.02104351483285427,271,18,253,2,140,263,273,293,353,XGBoost,time,3
221,0.020994901657104492,276,18,258,2,135,268,278,298,358,XGBoost,time,3
222,0.020964141935110092,278,18,260,2,133,270,280,300,360,XGBoost,time,3
223,0.02039853110909462,279,18,261,2,132,271,281,301,361,XGBoost,time,3
224,0.020383259281516075,281,18,263,2,130,273,283,303,363,XGBoost,time,3
225,0.020189285278320312,285,18,267,2,126,277,287,307,367,XGBoost,time,3
226,0.02012627199292183,293,18,275,2,118,285,295,315,375,XGBoost,time,3
227,0.019125180318951607,294,18,276,2,117,286,296,316,376,XGBoost,time,3
228,0.018905919045209885,299,18,281,2,112,291,301,321,381,XGBoost,time,3
229,0.01853652112185955,301,18,283,2,110,293,303,323,383,XGBoost,time,3
230,0.018235279247164726,303,18,285,2,108,295,305,325,385,XGBoost,time,3
231,0.01802603155374527,306,18,288,2,105,298,308,328,388,XGBoost,time,3
232,0.017827093601226807,307,18,289,2,104,299,309,329,389,XGBoost,time,3
233,0.017790362238883972,308,18,290,2,103,300,310,330,390,XGBoost,time,3
234,0.017622821033000946,317,18,299,2,94,309,319,339,399,XGBoost,time,3
235,0.017613083124160767,320,19,301,1,92,306,311,321,351,XGBoost,time,3
236,0.017250141128897667,328,19,309,1,84,314,319,329,359,XGBoost,time,3
237,0.017240183427929878,329,19,310,1,83,315,320,330,360,XGBoost,time,3
238,0.016895204782485962,330,19,311,1,82,316,321,331,361,XGBoost,time,3
239,0.0168016217648983,335,19,316,1,77,321,326,336,366,XGBoost,time,3
240,0.016792329028248787,337,19,318,1,75,323,328,338,368,XGBoost,time,3
241,0.0167695302516222,338,19,319,1,74,324,329,339,369,XGBoost,time,3
242,0.016581697389483452,345,19,326,1,67,331,336,346,376,XGBoost,time,3
243,0.016406141221523285,348,19,329,1,64,334,339,349,379,XGBoost,time,3
244,0.016198014840483665,349,19,330,1,63,335,340,350,380,XGBoost,time,3
245,0.01612814888358116,350,19,331,1,62,336,341,351,381,XGBoost,time,3
246,0.01606827974319458,351,19,332,1,61,337,342,352,382,XGBoost,time,3
247,0.01597035862505436,352,19,333,1,60,338,343,353,383,XGBoost,time,3
248,0.015892693772912025,357,19,338,1,55,343,348,358,388,XGBoost,time,3
249,0.01571866311132908,358,19,339,1,54,344,349,359,389,XGBoost,time,3
250,0.015624305233359337,359,19,340,1,53,345,350,360,390,XGBoost,time,3
251,0.015442181378602982,360,20,340,0,53,340,340,340,340,XGBoost,time,3
252,0.01483786478638649,361,20,341,0,52,341,341,341,341,XGBoost,time,3
253,0.014801823534071445,362,20,342,0,51,342,342,342,342,XGBoost,time,3
254,0.01470585074275732,363,20,343,0,50,343,343,343,343,XGBoost,time,3
255,0.014523057267069817,374,20,354,0,39,354,354,354,354,XGBoost,time,3
256,0.014331950806081295,376,20,356,0,37,356,356,356,356,XGBoost,time,3
257,0.013935272581875324,381,20,361,0,32,361,361,361,361,XGBoost,time,3
258,0.013844280503690243,382,20,362,0,31,362,362,362,362,XGBoost,time,3
259,0.013533319346606731,396,20,376,0,17,376,376,376,376,XGBoost,time,3
260,0.012900196015834808,400,20,380,0,13,380,380,380,380,XGBoost,time,3
261,0.01219969429075718,405,20,385,0,8,385,385,385,385,XGBoost,time,3
262,0.011346373707056046,406,20,386,0,7,386,386,386,386,XGBoost,time,3
263,-inf,413,20,393,0,0,393,393,393,393,XGBoost,time,3
0,inf,0,0,0,21,340,105,210,420,1050,XGBoost,holdout,0
1,0.38405996561050415,1,0,1,21,339,106,211,421,1051,XGBoost,holdout,0
2,0.38225528597831726,3,0,3,21,337,108,213,423,1053,XGBoost,holdout,0
3,0.37522298097610474,4,0,4,21,336,109,214,424,1054,XGBoost,holdout,0
4,0.35705676674842834,5,0,5,21,335,110,215,425,1055,XGBoost,holdout,0
5,0.3472072184085846,7,0,7,21,333,112,217,427,1057,XGBoost,holdout,0
6,0.32503533363342285,8,0,8,21,332,113,218,428,1058,XGBoost,holdout,0
7,0.275147944688797,9,0,9,21,331,114,219,429,1059,XGBoost,holdout,0
8,0.2727453410625458,10,0,10,21,330,115,220,430,1060,XGBoost,holdout,0
9,0.2706049680709839,11,0,11,21,329,116,221,431,1061,XGBoost,holdout,0
10,0.26717278361320496,12,0,12,21,328,117,222,432,1062,XGBoost,holdout,0
11,0.2629881501197815,14,0,14,21,326,119,224,434,1064,XGBoost,holdout,0
12,0.2609562277793884,15,0,15,21,325,120,225,435,1065,XGBoost,holdout,0
13,0.2584145665168762,16,0,16,21,324,121,226,436,1066,XGBoost,holdout,0
14,0.23164887726306915,17,0,17,21,323,122,227,437,1067,XGBoost,holdout,0
15,0.2313634604215622,18,0,18,21,322,123,228,438,1068,XGBoost,holdout,0
16,0.23089882731437683,19,1,18,20,322,118,218,418,1018,XGBoost,holdout,0
17,0.21480967104434967,20,1,19,20,321,119,219,419,1019,XGBoost,holdout,0
18,0.21261751651763916,21,1,20,20,320,120,220,420,1020,XGBoost,holdout,0
19,0.1984628587961197,22,2,20,19,320,115,210,400,970,XGBoost,holdout,0
20,0.1979023665189743,23,2,21,19,319,116,211,401,971,XGBoost,holdout,0
21,0.19221898913383484,24,2,22,19,318,117,212,402,972,XGBoost,holdout,0
22,0.19056569039821625,25,2,23,19,317,118,213,403,973,XGBoost,holdout,0
23,0.1840168982744217,26,2,24,19,316,119,214,404,974,XGBoost,holdout,0
24,0.18173851072788239,30,2,28,19,312,123,218,408,978,XGBoost,holdout,0
25,0.17982211709022522,31,2,29,19,311,124,219,409,979,XGBoost,holdout,0
26,0.17203249037265778,32,2,30,19,310,125,220,410,980,XGBoost,holdout,0
27,0.17043843865394592,33,2,31,19,309,126,221,411,981,XGBoost,holdout,0
28,0.17013050615787506,34,2,32,19,308,127,222,412,982,XGBoost,holdout,0
29,0.16812242567539215,35,3,32,18,308,122,212,392,932,XGBoost,holdout,0
30,0.1650644838809967,36,3,33,18,307,123,213,393,933,XGBoost,holdout,0
31,0.1634313017129898,37,3,34,18,306,124,214,394,934,XGBoost,holdout,0
32,0.15835943818092346,38,3,35,18,305,125,215,395,935,XGBoost,holdout,0
33,0.15366163849830627,40,3,37,18,303,127,217,397,937,XGBoost,holdout,0
34,0.15059036016464233,41,3,38,18,302,128,218,398,938,XGBoost,holdout,0
35,0.1470993161201477,42,4,38,17,302,123,208,378,888,XGBoost,holdout,0
36,0.1414884626865387,43,4,39,17,301,124,209,379,889,XGBoost,holdout,0
37,0.14089472591876984,44,4,40,17,300,125,210,380,890,XGBoost,holdout,0
38,0.14017535746097565,45,4,41,17,299,126,211,381,891,XGBoost,holdout,0
39,0.13982708752155304,46,4,42,17,298,127,212,382,892,XGBoost,holdout,0
40,0.1397601217031479,47,4,43,17,297,128,213,383,893,XGBoost,holdout,0
41,0.137197345495224,48,4,44,17,296,129,214,384,894,XGBoost,holdout,0
42,0.13122189044952393,49,4,45,17,295,130,215,385,895,XGBoost,holdout,0
43,0.1280456930398941,51,5,46,16,294,126,206,366,846,XGBoost,holdout,0
44,0.1223316490650177,52,5,47,16,293,127,207,367,847,XGBoost,holdout,0
45,0.12209482491016388,53,5,48,16,292,128,208,368,848,XGBoost,holdout,0
46,0.12044116854667664,54,5,49,16,291,129,209,369,849,XGBoost,holdout,0
47,0.11872907727956772,55,5,50,16,290,130,210,370,850,XGBoost,holdout,0
48,0.1167694628238678,56,5,51,16,289,131,211,371,851,XGBoost,holdout,0
49,0.11604811996221542,57,5,52,16,288,132,212,372,852,XGBoost,holdout,0
50,0.11300503462553024,58,5,53,16,287,133,213,373,853,XGBoost,holdout,0
51,0.11096572130918503,59,5,54,16,286,134,214,374,854,XGBoost,holdout,0
52,0.1102609857916832,60,5,55,16,285,135,215,375,855,XGBoost,holdout,0
53,0.10889437049627304,61,5,56,16,284,136,216,376,856,XGBoost,holdout,0
54,0.10746916383504868,62,5,57,16,283,137,217,377,857,XGBoost,holdout,0
55,0.10677183419466019,63,5,58,16,282,138,218,378,858,XGBoost,holdout,0
56,0.10601616650819778,64,5,59,16,281,139,219,379,859,XGBoost,holdout,0
57,0.10487096011638641,65,5,60,16,280,140,220,380,860,XGBoost,holdout,0
58,0.10375536233186722,66,5,61,16,279,141,221,381,861,XGBoost,holdout,0
59,0.1005185917019844,67,5,62,16,278,142,222,382,862,XGBoost,holdout,0
60,0.1001020148396492,68,5,63,16,277,143,223,383,863,XGBoost,holdout,0
61,0.09986725449562073,69,5,64,16,276,144,224,384,864,XGBoost,holdout,0
62,0.09812706708908081,70,5,65,16,275,145,225,385,865,XGBoost,holdout,0
63,0.09433436393737793,71,5,66,16,274,146,226,386,866,XGBoost,holdout,0
64,0.0934135690331459,72,5,67,16,273,147,227,387,867,XGBoost,holdout,0
65,0.09317298978567123,73,5,68,16,272,148,228,388,868,XGBoost,holdout,0
66,0.08940998464822769,74,5,69,16,271,149,229,389,869,XGBoost,holdout,0
67,0.0877399668097496,75,5,70,16,270,150,230,390,870,XGBoost,holdout,0
68,0.08711948245763779,76,5,71,16,269,151,231,391,871,XGBoost,holdout,0
69,0.08560992032289505,77,5,72,16,268,152,232,392,872,XGBoost,holdout,0
70,0.08534491062164307,78,5,73,16,267,153,233,393,873,XGBoost,holdout,0
71,0.0852990597486496,79,5,74,16,266,154,234,394,874,XGBoost,holdout,0
72,0.08424226939678192,80,5,75,16,265,155,235,395,875,XGBoost,holdout,0
73,0.08409236371517181,81,5,76,16,264,156,236,396,876,XGBoost,holdout,0
74,0.0814279243350029,82,5,77,16,263,157,237,397,877,XGBoost,holdout,0
75,0.08101877570152283,83,5,78,16,262,158,238,398,878,XGBoost,holdout,0
76,0.0799599140882492,84,6,78,15,262,153,228,378,828,XGBoost,holdout,0
77,0.07784402370452881,85,7,78,14,262,148,218,358,778,XGBoost,holdout,0
78,0.07770068943500519,86,7,79,14,261,149,219,359,779,XGBoost,holdout,0
79,0.07768117636442184,87,7,80,14,260,150,220,360,780,XGBoost,holdout,0
80,0.07639870047569275,88,7,81,14,259,151,221,361,781,XGBoost,holdout,0
81,0.0762680172920227,89,7,82,14,258,152,222,362,782,XGBoost,holdout,0
82,0.07589934021234512,90,7,83,14,257,153,223,363,783,XGBoost,holdout,0
83,0.07441851496696472,91,7,84,14,256,154,224,364,784,XGBoost,holdout,0
84,0.0741400271654129,92,7,85,14,255,155,225,365,785,XGBoost,holdout,0
85,0.07341860234737396,95,7,88,14,252,158,228,368,788,XGBoost,holdout,0
86,0.0730021670460701,96,7,89,14,251,159,229,369,789,XGBoost,holdout,0
87,0.07270685583353043,97,7,90,14,250,160,230,370,790,XGBoost,holdout,0
88,0.07196581363677979,99,7,92,14,248,162,232,372,792,XGBoost,holdout,0
89,0.07047341763973236,103,7,96,14,244,166,236,376,796,XGBoost,holdout,0
90,0.06961371749639511,104,7,97,14,243,167,237,377,797,XGBoost,holdout,0
91,0.06755035370588303,105,7,98,14,242,168,238,378,798,XGBoost,holdout,0
92,0.061442285776138306,106,7,99,14,241,169,239,379,799,XGBoost,holdout,0
93,0.05863403528928757,107,7,100,14,240,170,240,380,800,XGBoost,holdout,0
94,0.05710639804601669,108,7,101,14,239,171,241,381,801,XGBoost,holdout,0
95,0.05637463554739952,109,8,101,13,239,166,231,361,751,XGBoost,holdout,0
96,0.05598649010062218,110,8,102,13,238,167,232,362,752,XGBoost,holdout,0
97,0.05577710643410683,111,8,103,13,237,168,233,363,753,XGBoost,holdout,0
98,0.05577102303504944,112,8,104,13,236,169,234,364,754,XGBoost,holdout,0
99,0.05397331714630127,113,8,105,13,235,170,235,365,755,XGBoost,holdout,0
100,0.053624123334884644,114,8,106,13,234,171,236,366,756,XGBoost,holdout,0
101,0.052862748503685,116,8,108,13,232,173,238,368,758,XGBoost,holdout,0
102,0.05118080601096153,117,8,109,13,231,174,239,369,759,XGBoost,holdout,0
103,0.05044202879071236,118,8,110,13,230,175,240,370,760,XGBoost,holdout,0
104,0.05009058490395546,119,8,111,13,229,176,241,371,761,XGBoost,holdout,0
105,0.04949992522597313,120,8,112,13,228,177,242,372,762,XGBoost,holdout,0
106,0.04871780425310135,121,8,113,13,227,178,243,373,763,XGBoost,holdout,0
107,0.047735024243593216,125,8,117,13,223,182,247,377,767,XGBoost,holdout,0
108,0.04706576094031334,126,8,118,13,222,183,248,378,768,XGBoost,holdout,0
109,0.046744607388973236,127,8,119,13,221,184,249,379,769,XGBoost,holdout,0
110,0.04585760086774826,128,8,120,13,220,185,250,380,770,XGBoost,holdout,0
111,0.04527026787400246,129,8,121,13,219,186,251,381,771,XGBoost,holdout,0
112,0.04360436648130417,130,8,122,13,218,187,252,382,772,XGBoost,holdout,0
113,0.04349680617451668,131,8,123,13,217,188,253,383,773,XGBoost,holdout,0
114,0.042824793606996536,133,9,124,12,216,184,244,364,724,XGBoost,holdout,0
115,0.041931767016649246,134,9,125,12,215,185,245,365,725,XGBoost,holdout,0
116,0.041522521525621414,135,9,126,12,214,186,246,366,726,XGBoost,holdout,0
117,0.04116957262158394,137,9,128,12,212,188,248,368,728,XGBoost,holdout,0
118,0.040871430188417435,140,9,131,12,209,191,251,371,731,XGBoost,holdout,0
119,0.040209803730249405,141,9,132,12,208,192,252,372,732,XGBoost,holdout,0
120,0.040120068937540054,142,9,133,12,207,193,253,373,733,XGBoost,holdout,0
121,0.03991419076919556,143,9,134,12,206,194,254,374,734,XGBoost,holdout,0
122,0.03971760347485542,144,9,135,12,205,195,255,375,735,XGBoost,holdout,0
123,0.039166323840618134,149,10,139,11,201,194,249,359,689,XGBoost,holdout,0
124,0.0385512039065361,150,10,140,11,200,195,250,360,690,XGBoost,holdout,0
125,0.03808502107858658,151,10,141,11,199,196,251,361,691,XGBoost,holdout,0
126,0.037549715489149094,152,10,142,11,198,197,252,362,692,XGBoost,holdout,0
127,0.03692667931318283,153,10,143,11,197,198,253,363,693,XGBoost,holdout,0
128,0.036764997988939285,154,10,144,11,196,199,254,364,694,XGBoost,holdout,0
129,0.03675047308206558,155,10,145,11,195,200,255,365,695,XGBoost,holdout,0
130,0.03673476725816727,156,10,146,11,194,201,256,366,696,XGBoost,holdout,0
131,0.03637581318616867,157,11,146,10,194,196,246,346,646,XGBoost,holdout,0
132,0.03601691499352455,158,11,147,10,193,197,247,347,647,XGBoost,holdout,0
133,0.03574042767286301,159,11,148,10,192,198,248,348,648,XGBoost,holdout,0
134,0.03553566336631775,160,11,149,10,191,199,249,349,649,XGBoost,holdout,0
135,0.034551382064819336,161,11,150,10,190,200,250,350,650,XGBoost,holdout,0
136,0.03440386801958084,162,11,151,10,189,201,251,351,651,XGBoost,holdout,0
137,0.03349144756793976,166,11,155,10,185,205,255,355,655,XGBoost,holdout,0
138,0.033352240920066833,167,11,156,10,184,206,256,356,656,XGBoost,holdout,0
139,0.03320484235882759,168,12,156,9,184,201,246,336,606,XGBoost,holdout,0
140,0.03296239674091339,171,12,159,9,181,204,249,339,609,XGBoost,holdout,0
141,0.032229792326688766,172,12,160,9,180,205,250,340,610,XGBoost,holdout,0
142,0.03144487366080284,173,12,161,9,179,206,251,341,611,XGBoost,holdout,0
143,0.03119078278541565,175,12,163,9,177,208,253,343,613,XGBoost,holdout,0
144,0.030995886772871017,180,12,168,9,172,213,258,348,618,XGBoost,holdout,0
145,0.030930055305361748,183,12,171,9,169,216,261,351,621,XGBoost,holdout,0
146,0.030622130259871483,184,12,172,9,168,217,262,352,622,XGBoost,holdout,0
147,0.030505016446113586,187,12,175,9,165,220,265,355,625,XGBoost,holdout,0
148,0.030425438657402992,188,12,176,9,164,221,266,356,626,XGBoost,holdout,0
149,0.030136991292238235,189,12,177,9,163,222,267,357,627,XGBoost,holdout,0
150,0.029403269290924072,190,12,178,9,162,223,268,358,628,XGBoost,holdout,0
151,0.029294192790985107,191,12,179,9,161,224,269,359,629,XGBoost,holdout,0
152,0.02912086620926857,192,12,180,9,160,225,270,360,630,XGBoost,holdout,0
153,0.02896903082728386,193,12,181,9,159,226,271,361,631,XGBoost,holdout,0
154,0.028313418850302696,194,12,182,9,158,227,272,362,632,XGBoost,holdout,0
155,0.028278589248657227,195,12,183,9,157,228,273,363,633,XGBoost,holdout,0
156,0.02784912660717964,196,12,184,9,156,229,274,364,634,XGBoost,holdout,0
157,0.027659302577376366,197,12,185,9,155,230,275,365,635,XGBoost,holdout,0
158,0.02732480876147747,198,13,185,8,155,225,265,345,585,XGBoost,holdout,0
159,0.027063682675361633,199,13,186,8,154,226,266,346,586,XGBoost,holdout,0
160,0.026737362146377563,200,14,186,7,154,221,256,326,536,XGBoost,holdout,0
161,0.026522353291511536,201,14,187,7,153,222,257,327,537,XGBoost,holdout,0
162,0.026421837508678436,202,14,188,7,152,223,258,328,538,XGBoost,holdout,0
163,0.025348206982016563,203,14,189,7,151,224,259,329,539,XGBoost,holdout,0
164,0.025245700031518936,204,14,190,7,150,225,260,330,540,XGBoost,holdout,0
165,0.025165274739265442,205,14,191,7,149,226,261,331,541,XGBoost,holdout,0
166,0.024863634258508682,206,14,192,7,148,227,262,332,542,XGBoost,holdout,0
167,0.024542098864912987,208,14,194,7,146,229,264,334,544,XGBoost,holdout,0
168,0.02433089166879654,209,14,195,7,145,230,265,335,545,XGBoost,holdout,0
169,0.02396123856306076,210,14,196,7,144,231,266,336,546,XGBoost,holdout,0
170,0.023637620732188225,211,14,197,7,143,232,267,337,547,XGBoost,holdout,0
171,0.023596778512001038,212,14,198,7,142,233,268,338,548,XGBoost,holdout,0
172,0.0234015304595232,213,14,199,7,141,234,269,339,549,XGBoost,holdout,0
173,0.023311365395784378,214,14,200,7,140,235,270,340,550,XGBoost,holdout,0
174,0.023220272734761238,215,14,201,7,139,236,271,341,551,XGBoost,holdout,0
175,0.022628530859947205,216,14,202,7,138,237,272,342,552,XGBoost,holdout,0
176,0.02256648615002632,217,14,203,7,137,238,273,343,553,XGBoost,holdout,0
177,0.022225646302103996,219,14,205,7,135,240,275,345,555,XGBoost,holdout,0
178,0.022081198170781136,220,14,206,7,134,241,276,346,556,XGBoost,holdout,0
179,0.022046642377972603,221,14,207,7,133,242,277,347,557,XGBoost,holdout,0
180,0.021978843957185745,222,14,208,7,132,243,278,348,558,XGBoost,holdout,0
181,0.021909242495894432,223,14,209,7,131,244,279,349,559,XGBoost,holdout,0
182,0.02185063064098358,224,14,210,7,130,245,280,350,560,XGBoost,holdout,0
183,0.021786348894238472,225,14,211,7,129,246,281,351,561,XGBoost,holdout,0
184,0.02177485264837742,226,14,212,7,128,247,282,352,562,XGBoost,holdout,0
185,0.02165057510137558,227,14,213,7,127,248,283,353,563,XGBoost,holdout,0
186,0.021527396515011787,228,14,214,7,126,249,284,354,564,XGBoost,holdout,0
187,0.021197466179728508,229,14,215,7,125,250,285,355,565,XGBoost,holdout,0
188,0.02085842750966549,230,14,216,7,124,251,286,356,566,XGBoost,holdout,0
189,0.02052641287446022,231,14,217,7,123,252,287,357,567,XGBoost,holdout,0
190,0.0205263402312994,232,14,218,7,122,253,288,358,568,XGBoost,holdout,0
191,0.02036823332309723,233,14,219,7,121,254,289,359,569,XGBoost,holdout,0
192,0.020298050716519356,234,14,220,7,120,255,290,360,570,XGBoost,holdout,0
193,0.020189104601740837,236,14,222,7,118,257,292,362,572,XGBoost,holdout,0
194,0.02009492553770542,237,14,223,7,117,258,293,363,573,XGBoost,holdout,0
195,0.020005034282803535,238,14,224,7,116,259,294,364,574,XGBoost,holdout,0
196,0.0198861975222826,239,14,225,7,115,260,295,365,575,XGBoost,holdout,0
197,0.019267641007900238,241,15,226,6,114,256,286,346,526,XGBoost,holdout,0
198,0.01894829235970974,242,15,227,6,113,257,287,347,527,XGBoost,holdout,0
199,0.018769705668091774,243,15,228,6,112,258,288,348,528,XGBoost,holdout,0
200,0.018759671598672867,244,15,229,6,111,259,289,349,529,XGBoost,holdout,0
201,0.018684742972254753,251,15,236,6,104,266,296,356,536,XGBoost,holdout,0
202,0.0186445415019989,253,15,238,6,102,268,298,358,538,XGBoost,holdout,0
203,0.018464818596839905,254,15,239,6,101,269,299,359,539,XGBoost,holdout,0
204,0.018020082265138626,257,15,242,6,98,272,302,362,542,XGBoost,holdout,0
205,0.01801096647977829,258,15,243,6,97,273,303,363,543,XGBoost,holdout,0
206,0.018001975491642952,259,15,244,6,96,274,304,364,544,XGBoost,holdout,0
207,0.017733674496412277,260,15,245,6,95,275,305,365,545,XGBoost,holdout,0
208,0.01766078732907772,261,15,246,6,94,276,306,366,546,XGBoost,holdout,0
209,0.01751655526459217,262,15,247,6,93,277,307,367,547,XGBoost,holdout,0
210,0.017509205266833305,263,15,248,6,92,278,308,368,548,XGBoost,holdout,0
211,0.017448419705033302,264,15,249,6,91,279,309,369,549,XGBoost,holdout,0
212,0.017293725162744522,266,16,250,5,90,275,300,350,500,XGBoost,holdout,0
213,0.01725398749113083,267,16,251,5,89,276,301,351,501,XGBoost,holdout,0
214,0.017033137381076813,268,16,252,5,88,277,302,352,502,XGBoost,holdout,0
215,0.017000235617160797,269,16,253,5,87,278,303,353,503,XGBoost,holdout,0
216,0.016874046996235847,270,16,254,5,86,279,304,354,504,XGBoost,holdout,0
217,0.016727181151509285,271,17,254,4,86,274,294,334,454,XGBoost,holdout,0
218,0.016705932095646858,272,17,255,4,85,275,295,335,455,XGBoost,holdout,0
219,0.016614925116300583,273,17,256,4,84,276,296,336,456,XGBoost,holdout,0
220,0.016454795375466347,276,17,259,4,81,279,299,339,459,XGBoost,holdout,0
221,0.01632816158235073,277,17,260,4,80,280,300,340,460,XGBoost,holdout,0
222,0.016255516558885574,278,17,261,4,79,281,301,341,461,XGBoost,holdout,0
223,0.016108503565192223,279,17,262,4,78,282,302,342,462,XGBoost,holdout,0
224,0.016065724194049835,280,17,263,4,77,283,303,343,463,XGBoost,holdout,0
225,0.01605152152478695,282,17,265,4,75,285,305,345,465,XGBoost,holdout,0
226,0.016024582087993622,283,17,266,4,74,286,306,346,466,XGBoost,holdout,0
227,0.016023853793740273,284,17,267,4,73,287,307,347,467,XGBoost,holdout,0
228,0.015990467742085457,285,18,267,3,73,282,297,327,417,XGBoost,holdout,0
229,0.01583988219499588,286,18,268,3,72,283,298,328,418,XGBoost,holdout,0
230,0.015813753008842468,289,18,271,3,69,286,301,331,421,XGBoost,holdout,0
231,0.015733372420072556,290,18,272,3,68,287,302,332,422,XGBoost,holdout,0
232,0.015490851365029812,291,19,272,2,68,282,292,312,372,XGBoost,holdout,0
233,0.015335683710873127,292,19,273,2,67,283,293,313,373,XGBoost,holdout,0
234,0.015312809497117996,293,19,274,2,66,284,294,314,374,XGBoost,holdout,0
235,0.015309926122426987,294,19,275,2,65,285,295,315,375,XGBoost,holdout,0
236,0.015278946608304977,295,19,276,2,64,286,296,316,376,XGBoost,holdout,0
237,0.015208698809146881,296,19,277,2,63,287,297,317,377,XGBoost,holdout,0
238,0.015182659029960632,297,19,278,2,62,288,298,318,378,XGBoost,holdout,0
239,0.01515142060816288,298,19,279,2,61,289,299,319,379,XGBoost,holdout,0
240,0.015149875544011593,299,19,280,2,60,290,300,320,380,XGBoost,holdout,0
241,0.015122110955417156,300,19,281,2,59,291,301,321,381,XGBoost,holdout,0
242,0.015028400346636772,301,19,282,2,58,292,302,322,382,XGBoost,holdout,0
243,0.015024391934275627,302,19,283,2,57,293,303,323,383,XGBoost,holdout,0
244,0.014993895776569843,303,19,284,2,56,294,304,324,384,XGBoost,holdout,0
245,0.014926192350685596,304,19,285,2,55,295,305,325,385,XGBoost,holdout,0
246,0.01491053681820631,305,19,286,2,54,296,306,326,386,XGBoost,holdout,0
247,0.014907609671354294,307,19,288,2,52,298,308,328,388,XGBoost,holdout,0
248,0.014438247308135033,308,19,289,2,51,299,309,329,389,XGBoost,holdout,0
249,0.01418145652860403,310,19,291,2,49,301,311,331,391,XGBoost,holdout,0
250,0.01400751806795597,311,19,292,2,48,302,312,332,392,XGBoost,holdout,0
251,0.013986327685415745,312,19,293,2,47,303,313,333,393,XGBoost,holdout,0
252,0.013971059583127499,313,19,294,2,46,304,314,334,394,XGBoost,holdout,0
253,0.013953027315437794,314,19,295,2,45,305,315,335,395,XGBoost,holdout,0
254,0.013894145376980305,315,19,296,2,44,306,316,336,396,XGBoost,holdout,0
255,0.013854296877980232,316,19,297,2,43,307,317,337,397,XGBoost,holdout,0
256,0.013753441162407398,318,19,299,2,41,309,319,339,399,XGBoost,holdout,0
257,0.013717202469706535,319,19,300,2,40,310,320,340,400,XGBoost,holdout,0
258,0.013689940795302391,320,19,301,2,39,311,321,341,401,XGBoost,holdout,0
259,0.013555828481912613,321,19,302,2,38,312,322,342,402,XGBoost,holdout,0
260,0.013494377955794334,322,19,303,2,37,313,323,343,403,XGBoost,holdout,0
261,0.01329833548516035,323,19,304,2,36,314,324,344,404,XGBoost,holdout,0
262,0.013292043469846249,324,19,305,2,35,315,325,345,405,XGBoost,holdout,0
263,0.013266238383948803,325,19,306,2,34,316,326,346,406,XGBoost,holdout,0
264,0.013069456443190575,326,19,307,2,33,317,327,347,407,XGBoost,holdout,0
265,0.013022475875914097,327,19,308,2,32,318,328,348,408,XGBoost,holdout,0
266,0.012931284494698048,328,19,309,2,31,319,329,349,409,XGBoost,holdout,0
267,0.012778663076460361,329,19,310,2,30,320,330,350,410,XGBoost,holdout,0
268,0.012762912549078465,330,19,311,2,29,321,331,351,411,XGBoost,holdout,0
269,0.012716504745185375,331,19,312,2,28,322,332,352,412,XGBoost,holdout,0
270,0.01270466297864914,332,19,313,2,27,323,333,353,413,XGBoost,holdout,0
271,0.012621479108929634,333,19,314,2,26,324,334,354,414,XGBoost,holdout,0
272,0.012436938472092152,334,19,315,2,25,325,335,355,415,XGBoost,holdout,0
273,0.012321259826421738,335,19,316,2,24,326,336,356,416,XGBoost,holdout,0
274,0.01230832003057003,336,19,317,2,23,327,337,357,417,XGBoost,holdout,0
275,0.012266866862773895,337,20,317,1,23,322,327,337,367,XGBoost,holdout,0
276,0.0121729401871562,338,20,318,1,22,323,328,338,368,XGBoost,holdout,0
277,0.012132376432418823,339,20,319,1,21,324,329,339,369,XGBoost,holdout,0
278,0.012122430838644505,340,20,320,1,20,325,330,340,370,XGBoost,holdout,0
279,0.012007299810647964,341,20,321,1,19,326,331,341,371,XGBoost,holdout,0
280,0.01200131606310606,342,20,322,1,18,327,332,342,372,XGBoost,holdout,0
281,0.011960884556174278,343,20,323,1,17,328,333,343,373,XGBoost,holdout,0
282,0.011807587929069996,344,20,324,1,16,329,334,344,374,XGBoost,holdout,0
283,0.011708691716194153,345,20,325,1,15,330,335,345,375,XGBoost,holdout,0
284,0.011078077368438244,346,20,326,1,14,331,336,346,376,XGBoost,holdout,0
285,0.010768362320959568,348,20,328,1,12,333,338,348,378,XGBoost,holdout,0
286,0.010371264070272446,349,20,329,1,11,334,339,349,379,XGBoost,holdout,0
287,0.010112081654369831,350,20,330,1,10,335,340,350,380,XGBoost,holdout,0
288,0.009869552217423916,351,20,331,1,9,336,341,351,381,XGBoost,holdout,0
289,0.00970105268061161,352,20,332,1,8,337,342,352,382,XGBoost,holdout,0
290,0.009651534259319305,353,21,332,0,8,332,332,332,332,XGBoost,holdout,0
291,0.009302956983447075,354,21,333,0,7,333,333,333,333,XGBoost,holdout,0
292,0.009227256290614605,356,21,335,0,5,335,335,335,335,XGBoost,holdout,0
293,0.00909888744354248,357,21,336,0,4,336,336,336,336,XGBoost,holdout,0
294,0.008951586671173573,358,21,337,0,3,337,337,337,337,XGBoost,holdout,0
295,0.008865244686603546,359,21,338,0,2,338,338,338,338,XGBoost,holdout,0
296,0.008600296452641487,360,21,339,0,1,339,339,339,339,XGBoost,holdout,0
297,-inf,361,21,340,0,0,340,340,340,340,XGBoost,holdout,0
0,inf,0,0,0,21,82,105,210,420,1050,LR,time,0
1,0.9893605885397323,1,1,0,20,82,100,200,400,1000,LR,time,0
2,0.98084389553654,2,1,1,20,81,101,201,401,1001,LR,time,0
3,0.97635453656461,3,1,2,20,80,102,202,402,1002,LR,time,0
4,0.9616056316446646,4,2,2,19,80,97,192,382,952,LR,time,0
5,0.9473238529710095,5,2,3,19,79,98,193,383,953,LR,time,0
6,0.9449999668459913,6,2,4,19,78,99,194,384,954,LR,time,0
7,0.9432097916760026,7,3,4,18,78,94,184,364,904,LR,time,0
8,0.9430888830718617,8,3,5,18,77,95,185,365,905,LR,time,0
9,0.9301828313794409,9,3,6,18,76,96,186,366,906,LR,time,0
10,0.92564325562416,10,3,7,18,75,97,187,367,907,LR,time,0
11,0.9050672288265942,11,3,8,18,74,98,188,368,908,LR,time,0
12,0.9000131138866538,12,3,9,18,73,99,189,369,909,LR,time,0
13,0.8683101681205142,13,4,9,17,73,94,179,349,859,LR,time,0
14,0.86798359426723,14,4,10,17,72,95,180,350,860,LR,time,0
15,0.8621001592138877,15,4,11,17,71,96,181,351,861,LR,time,0
16,0.8589463638905745,16,4,12,17,70,97,182,352,862,LR,time,0
17,0.8559931680485927,17,4,13,17,69,98,183,353,863,LR,time,0
18,0.8469987775740448,18,4,14,17,68,99,184,354,864,LR,time,0
19,0.8464248162111904,19,5,14,16,68,94,174,334,814,LR,time,0
20,0.8462006741090106,20,5,15,16,67,95,175,335,815,LR,time,0
21,0.8385006690747037,21,6,15,15,67,90,165,315,765,LR,time,0
22,0.8302306832071893,22,6,16,15,66,91,166,316,766,LR,time,0
23,0.8276992597373403,23,7,16,14,66,86,156,296,716,LR,time,0
24,0.8227742958324429,24,8,16,13,66,81,146,276,666,LR,time,0
25,0.82101606407676,25,8,17,13,65,82,147,277,667,LR,time,0
26,0.806071241074523,26,8,18,13,64,83,148,278,668,LR,time,0
27,0.805704541534281,27,8,19,13,63,84,149,279,669,LR,time,0
28,0.7901229507510766,28,8,20,13,62,85,150,280,670,LR,time,0
29,0.7876499079428576,29,8,21,13,61,86,151,281,671,LR,time,0
30,0.7843641924095089,30,8,22,13,60,87,152,282,672,LR,time,0
31,0.7737032302503506,31,8,23,13,59,88,153,283,673,LR,time,0
32,0.7681311618327088,32,9,23,12,59,83,143,263,623,LR,time,0
33,0.7673301554341928,33,10,23,11,59,78,133,243,573,LR,time,0
34,0.7625057760871823,34,10,24,11,58,79,134,244,574,LR,time,0
35,0.7599120045149887,35,10,25,11,57,80,135,245,575,LR,time,0
36,0.7450051062113087,36,10,26,11,56,81,136,246,576,LR,time,0
37,0.7384820462450534,37,10,27,11,55,82,137,247,577,LR,time,0
38,0.7335561983523922,38,10,28,11,54,83,138,248,578,LR,time,0
39,0.7274080951276982,39,10,29,11,53,84,139,249,579,LR,time,0
40,0.7095231496729348,40,10,30,11,52,85,140,250,580,LR,time,0
41,0.7004067149383417,41,10,31,11,51,86,141,251,581,LR,time,0
42,0.6902582941500406,42,10,32,11,50,87,142,252,582,LR,time,0
43,0.687528788089361,43,10,33,11,49,88,143,253,583,LR,time,0
44,0.6847929770078511,44,10,34,11,48,89,144,254,584,LR,time,0
45,0.6765945380175213,45,10,35,11,47,90,145,255,585,LR,time,0
46,0.6613808669986193,46,10,36,11,46,91,146,256,586,LR,time,0
47,0.600774290510294,47,11,36,10,46,86,136,236,536,LR,time,0
48,0.585837957383999,48,11,37,10,45,87,137,237,537,LR,time,0
49,0.5696331773352966,49,11,38,10,44,88,138,238,538,LR,time,0
50,0.5579114342782197,50,11,39,10,43,89,139,239,539,LR,time,0
51,0.5505445036002486,51,11,40,10,42,90,140,240,540,LR,time,0
52,0.5328942453926323,52,11,41,10,41,91,141,241,541,LR,time,0
53,0.532740232485083,53,11,42,10,40,92,142,242,542,LR,time,0
54,0.5250140962983892,54,11,43,10,39,93,143,243,543,LR,time,0
55,0.4996934311645176,55,12,43,9,39,88,133,223,493,LR,time,0
56,0.49243300231073506,56,12,44,9,38,89,134,224,494,LR,time,0
57,0.44575893246490483,57,12,45,9,37,90,135,225,495,LR,time,0
58,0.44525824603378433,58,12,46,9,36,91,136,226,496,LR,time,0
59,0.4400372069452341,59,13,46,8,36,86,126,206,446,LR,time,0
60,0.43980663497638284,60,13,47,8,35,87,127,207,447,LR,time,0
61,0.43833270317147727,61,13,48,8,34,88,128,208,448,LR,time,0
62,0.4337010177424802,62,13,49,8,33,89,129,209,449,LR,time,0
63,0.40247551879301197,63,13,50,8,32,90,130,210,450,LR,time,0
64,0.4020190345179065,64,14,50,7,32,85,120,190,400,LR,time,0
65,0.39988270448802266,65,15,50,6,32,80,110,170,350,LR,time,0
66,0.3861789964042355,66,15,51,6,31,81,111,171,351,LR,time,0
67,0.3797037975843209,67,16,51,5,31,76,101,151,301,LR,time,0
68,0.36991910816838447,68,16,52,5,30,77,102,152,302,LR,time,0
69,0.3690609325571178,69,16,53,5,29,78,103,153,303,LR,time,0
70,0.3535791835474064,70,16,54,5,28,79,104,154,304,LR,time,0
71,0.3515011563377986,71,16,55,5,27,80,105,155,305,LR,time,0
72,0.34763393393471387,72,16,56,5,26,81,106,156,306,LR,time,0
73,0.33652950647894564,73,16,57,5,25,82,107,157,307,LR,time,0
74,0.3175683212056552,74,16,58,5,24,83,108,158,308,LR,time,0
75,0.26710435432850377,75,16,59,5,23,84,109,159,309,LR,time,0
76,0.22501580745494498,76,16,60,5,22,85,110,160,310,LR,time,0
77,0.21934159927994143,77,16,61,5,21,86,111,161,311,LR,time,0
78,0.20497067426970578,78,16,62,5,20,87,112,162,312,LR,time,0
79,0.19935764886974183,79,16,63,5,19,88,113,163,313,LR,time,0
80,0.19896951681095984,80,16,64,5,18,89,114,164,314,LR,time,0
81,0.19232217893614711,81,16,65,5,17,90,115,165,315,LR,time,0
82,0.18546367103771,82,16,66,5,16,91,116,166,316,LR,time,0
83,0.18287804809324,83,16,67,5,15,92,117,167,317,LR,time,0
84,0.18185024299380215,84,16,68,5,14,93,118,168,318,LR,time,0
85,0.17524012098892794,85,16,69,5,13,94,119,169,319,LR,time,0
86,0.17381627406679523,86,16,70,5,12,95,120,170,320,LR,time,0
87,0.16701466821064148,87,16,71,5,11,96,121,171,321,LR,time,0
88,0.1434665002038324,88,16,72,5,10,97,122,172,322,LR,time,0
89,0.14251937653364663,89,16,73,5,9,98,123,173,323,LR,time,0
90,0.11704880477262586,90,16,74,5,8,99,124,174,324,LR,time,0
91,0.1086676206484831,91,17,74,4,8,94,114,154,274,LR,time,0
92,0.10009595932583384,92,17,75,4,7,95,115,155,275,LR,time,0
93,0.08381479364870362,93,17,76,4,6,96,116,156,276,LR,time,0
94,0.0794442147393837,94,17,77,4,5,97,117,157,277,LR,time,0
95,0.07716769609121032,95,18,77,3,5,92,107,137,227,LR,time,0
96,0.0748940180356447,96,18,78,3,4,93,108,138,228,LR,time,0
97,0.06664827930373794,97,18,79,3,3,94,109,139,229,LR,time,0
98,0.06653034334978004,98,19,79,2,3,89,99,119,179,LR,time,0
99,0.05165595108701692,99,19,80,2,2,90,100,120,180,LR,time,0
100,0.05162588579022034,100,20,80,1,2,85,90,100,130,LR,time,0
101,0.04481409841584647,101,20,81,1,1,86,91,101,131,LR,time,0
102,0.03885566110826848,102,21,81,0,1,81,81,81,81,LR,time,0
103,-inf,103,21,82,0,0,82,82,82,82,LR,time,0
0,inf,0,0,0,1,206,5,10,20,50,LR,time,1
1,0.5184322287405985,1,0,1,1,205,6,11,21,51,LR,time,1
2,0.5183449899947501,2,0,2,1,204,7,12,22,52,LR,time,1
3,0.4978326361364851,3,0,3,1,203,8,13,23,53,LR,time,1
4,0.4895681888178857,4,0,4,1,202,9,14,24,54,LR,time,1
5,0.4884115666628234,5,0,5,1,201,10,15,25,55,LR,time,1
6,0.4855095310211911,6,0,6,1,200,11,16,26,56,LR,time,1
7,0.48187589873550235,7,0,7,1,199,12,17,27,57,LR,time,1
8,0.45898014531102405,8,0,8,1,198,13,18,28,58,LR,time,1
9,0.4070832941612268,9,0,9,1,197,14,19,29,59,LR,time,1
10,0.3972897000518887,10,0,10,1,196,15,20,30,60,LR,time,1
11,0.3968156552305628,11,0,11,1,195,16,21,31,61,LR,time,1
12,0.3859009971351758,12,0,12,1,194,17,22,32,62,LR,time,1
13,0.3824931280054021,13,0,13,1,193,18,23,33,63,LR,time,1
14,0.3783390087126956,14,0,14,1,192,19,24,34,64,LR,time,1
15,0.37763051570628253,15,0,15,1,191,20,25,35,65,LR,time,1
16,0.3773219575127701,16,0,16,1,190,21,26,36,66,LR,time,1
17,0.3551252890444647,17,0,17,1,189,22,27,37,67,LR,time,1
18,0.3532804348549283,18,0,18,1,188,23,28,38,68,LR,time,1
19,0.3452318177383169,19,0,19,1,187,24,29,39,69,LR,time,1
20,0.3420356333516078,20,0,20,1,186,25,30,40,70,LR,time,1
21,0.34083258184818377,21,0,21,1,185,26,31,41,71,LR,time,1
22,0.3228310319693077,22,0,22,1,184,27,32,42,72,LR,time,1
23,0.31798142883581915,23,0,23,1,183,28,33,43,73,LR,time,1
24,0.3148475109568774,24,0,24,1,182,29,34,44,74,LR,time,1
25,0.31427380323795356,25,0,25,1,181,30,35,45,75,LR,time,1
26,0.31296639539000876,26,0,26,1,180,31,36,46,76,LR,time,1
27,0.31162960033235637,27,0,27,1,179,32,37,47,77,LR,time,1
28,0.2983399670249903,28,0,28,1,178,33,38,48,78,LR,time,1
29,0.2976290956932104,29,0,29,1,177,34,39,49,79,LR,time,1
30,0.2949771576029708,30,0,30,1,176,35,40,50,80,LR,time,1
31,0.29178612966121914,31,0,31,1,175,36,41,51,81,LR,time,1
32,0.28712544853296756,32,0,32,1,174,37,42,52,82,LR,time,1
33,0.2837653442523425,33,0,33,1,173,38,43,53,83,LR,time,1
34,0.2803090227561356,34,0,34,1,172,39,44,54,84,LR,time,1
35,0.27691905483088014,35,0,35,1,171,40,45,55,85,LR,time,1
36,0.2750007091453205,36,0,36,1,170,41,46,56,86,LR,time,1
37,0.26697564836599497,37,0,37,1,169,42,47,57,87,LR,time,1
38,0.2542559794206112,38,0,38,1,168,43,48,58,88,LR,time,1
39,0.2519039898401729,39,0,39,1,167,44,49,59,89,LR,time,1
40,0.24541290958847908,40,0,40,1,166,45,50,60,90,LR,time,1
41,0.2434879357645244,41,0,41,1,165,46,51,61,91,LR,time,1
42,0.24049415941093893,42,0,42,1,164,47,52,62,92,LR,time,1
43,0.23948763811003435,43,0,43,1,163,48,53,63,93,LR,time,1
44,0.2390375281630533,44,0,44,1,162,49,54,64,94,LR,time,1
45,0.23849688787807916,45,0,45,1,161,50,55,65,95,LR,time,1
46,0.2383771577463268,46,0,46,1,160,51,56,66,96,LR,time,1
47,0.23814529452858782,47,0,47,1,159,52,57,67,97,LR,time,1
48,0.23639232133941937,48,0,48,1,158,53,58,68,98,LR,time,1
49,0.23583316699209586,49,0,49,1,157,54,59,69,99,LR,time,1
50,0.22329987181437053,50,0,50,1,156,55,60,70,100,LR,time,1
51,0.22183215543171791,51,0,51,1,155,56,61,71,101,LR,time,1
52,0.2206151353809875,52,0,52,1,154,57,62,72,102,LR,time,1
53,0.21998035461582788,53,0,53,1,153,58,63,73,103,LR,time,1
54,0.21905770850145243,54,0,54,1,152,59,64,74,104,LR,time,1
55,0.21869379279245976,55,0,55,1,151,60,65,75,105,LR,time,1
56,0.2178588931363357,56,0,56,1,150,61,66,76,106,LR,time,1
57,0.2174276528990216,57,0,57,1,149,62,67,77,107,LR,time,1
58,0.21603105634982295,58,0,58,1,148,63,68,78,108,LR,time,1
59,0.21331958374497417,59,0,59,1,147,64,69,79,109,LR,time,1
60,0.21269190719886105,60,0,60,1,146,65,70,80,110,LR,time,1
61,0.2118625613383602,61,0,61,1,145,66,71,81,111,LR,time,1
62,0.21057534114551535,62,0,62,1,144,67,72,82,112,LR,time,1
63,0.2105237341206577,63,0,63,1,143,68,73,83,113,LR,time,1
64,0.21042112066322918,64,0,64,1,142,69,74,84,114,LR,time,1
65,0.208687911337585,65,0,65,1,141,70,75,85,115,LR,time,1
66,0.20838666751308738,66,0,66,1,140,71,76,86,116,LR,time,1
67,0.20826104465235146,67,0,67,1,139,72,77,87,117,LR,time,1
68,0.20538486250720916,68,0,68,1,138,73,78,88,118,LR,time,1
69,0.20402826763059267,69,0,69,1,137,74,79,89,119,LR,time,1
70,0.20382447543186644,70,0,70,1,136,75,80,90,120,LR,time,1
71,0.20317904830544697,71,0,71,1,135,76,81,91,121,LR,time,1
72,0.20308314816511247,72,0,72,1,134,77,82,92,122,LR,time,1
73,0.20301785717402976,73,0,73,1,133,78,83,93,123,LR,time,1
74,0.20255669660895279,74,0,74,1,132,79,84,94,124,LR,time,1
75,0.20187750227363926,75,0,75,1,131,80,85,95,125,LR,time,1
76,0.20103519052962648,76,0,76,1,130,81,86,96,126,LR,time,1
77,0.1993794784916045,77,0,77,1,129,82,87,97,127,LR,time,1
78,0.19611386429569444,78,0,78,1,128,83,88,98,128,LR,time,1
79,0.19599298285926203,79,0,79,1,127,84,89,99,129,LR,time,1
80,0.19544448108761783,80,0,80,1,126,85,90,100,130,LR,time,1
81,0.19542587406074952,81,0,81,1,125,86,91,101,131,LR,time,1
82,0.19403158485844477,82,0,82,1,124,87,92,102,132,LR,time,1
83,0.19277399583723895,83,0,83,1,123,88,93,103,133,LR,time,1
84,0.1924231467002197,84,0,84,1,122,89,94,104,134,LR,time,1
85,0.19229795339110728,85,0,85,1,121,90,95,105,135,LR,time,1
86,0.1912821636161962,86,0,86,1,120,91,96,106,136,LR,time,1
87,0.19118149011868155,87,0,87,1,119,92,97,107,137,LR,time,1
88,0.19084583329633636,88,0,88,1,118,93,98,108,138,LR,time,1
89,0.1901778722670628,89,0,89,1,117,94,99,109,139,LR,time,1
90,0.18945229313095313,90,0,90,1,116,95,100,110,140,LR,time,1
91,0.18942822992540176,91,0,91,1,115,96,101,111,141,LR,time,1
92,0.1886528243737712,92,0,92,1,114,97,102,112,142,LR,time,1
93,0.1886528161313928,93,0,93,1,113,98,103,113,143,LR,time,1
94,0.18796975759551626,94,0,94,1,112,99,104,114,144,LR,time,1
95,0.18736147202590842,95,0,95,1,111,100,105,115,145,LR,time,1
96,0.18718149337882295,96,0,96,1,110,101,106,116,146,LR,time,1
97,0.1861714034788931,97,0,97,1,109,102,107,117,147,LR,time,1
98,0.18553345188954756,98,0,98,1,108,103,108,118,148,LR,time,1
99,0.18441628714286692,99,0,99,1,107,104,109,119,149,LR,time,1
100,0.181551623947311,100,0,100,1,106,105,110,120,150,LR,time,1
101,0.18141976742926752,101,0,101,1,105,106,111,121,151,LR,time,1
102,0.18123768597089407,102,0,102,1,104,107,112,122,152,LR,time,1
103,0.18093939911920845,103,0,103,1,103,108,113,123,153,LR,time,1
104,0.17895115871171052,104,0,104,1,102,109,114,124,154,LR,time,1
105,0.17875599994814187,105,0,105,1,101,110,115,125,155,LR,time,1
106,0.17777078462714652,106,0,106,1,100,111,116,126,156,LR,time,1
107,0.17666323212479318,107,0,107,1,99,112,117,127,157,LR,time,1
108,0.17651362736372542,108,0,108,1,98,113,118,128,158,LR,time,1
109,0.1761030076463524,109,0,109,1,97,114,119,129,159,LR,time,1
110,0.17544062215101802,110,0,110,1,96,115,120,130,160,LR,time,1
111,0.1750883870097329,111,0,111,1,95,116,121,131,161,LR,time,1
112,0.17354718708187603,112,0,112,1,94,117,122,132,162,LR,time,1
113,0.17307033196050042,113,0,113,1,93,118,123,133,163,LR,time,1
114,0.17173952161396952,114,0,114,1,92,119,124,134,164,LR,time,1
115,0.17171382586606418,115,0,115,1,91,120,125,135,165,LR,time,1
116,0.1710672072008047,116,0,116,1,90,121,126,136,166,LR,time,1
117,0.17104244909865346,117,0,117,1,89,122,127,137,167,LR,time,1
118,0.1685784493036896,118,0,118,1,88,123,128,138,168,LR,time,1
119,0.1673846665898904,119,0,119,1,87,124,129,139,169,LR,time,1
120,0.1672030375844093,120,0,120,1,86,125,130,140,170,LR,time,1
121,0.1665617771974589,121,0,121,1,85,126,131,141,171,LR,time,1
122,0.16513804466780388,122,0,122,1,84,127,132,142,172,LR,time,1
123,0.16464723251446078,123,0,123,1,83,128,133,143,173,LR,time,1
124,0.16409720512524087,124,0,124,1,82,129,134,144,174,LR,time,1
125,0.16339531486989012,125,0,125,1,81,130,135,145,175,LR,time,1
126,0.16222881237214248,126,0,126,1,80,131,136,146,176,LR,time,1
127,0.16093849271257635,127,0,127,1,79,132,137,147,177,LR,time,1
128,0.1600829344626685,128,0,128,1,78,133,138,148,178,LR,time,1
129,0.15980697627195836,129,0,129,1,77,134,139,149,179,LR,time,1
130,0.159438434884489,130,0,130,1,76,135,140,150,180,LR,time,1
131,0.15929917630466053,131,0,131,1,75,136,141,151,181,LR,time,1
132,0.1588662102030819,132,0,132,1,74,137,142,152,182,LR,time,1
133,0.1576000205936142,133,0,133,1,73,138,143,153,183,LR,time,1
134,0.15746255011309374,134,0,134,1,72,139,144,154,184,LR,time,1
135,0.15720853423957842,135,0,135,1,71,140,145,155,185,LR,time,1
136,0.15611165473241653,136,0,136,1,70,141,146,156,186,LR,time,1
137,0.1558015358522412,137,0,137,1,69,142,147,157,187,LR,time,1
138,0.15489723665591335,138,0,138,1,68,143,148,158,188,LR,time,1
139,0.15434443352274319,139,0,139,1,67,144,149,159,189,LR,time,1
140,0.15430002950839802,140,0,140,1,66,145,150,160,190,LR,time,1
141,0.15417223805459457,141,0,141,1,65,146,151,161,191,LR,time,1
142,0.15373164034507214,142,0,142,1,64,147,152,162,192,LR,time,1
143,0.15290400198824414,143,0,143,1,63,148,153,163,193,LR,time,1
144,0.15288148378249813,144,0,144,1,62,149,154,164,194,LR,time,1
145,0.15285162375450317,145,0,145,1,61,150,155,165,195,LR,time,1
146,0.1491358185193198,146,0,146,1,60,151,156,166,196,LR,time,1
147,0.14876380603551875,147,0,147,1,59,152,157,167,197,LR,time,1
148,0.1481076192095438,148,0,148,1,58,153,158,168,198,LR,time,1
149,0.14627607828258615,149,0,149,1,57,154,159,169,199,LR,time,1
150,0.1461709353501494,150,0,150,1,56,155,160,170,200,LR,time,1
151,0.14443543262370145,151,0,151,1,55,156,161,171,201,LR,time,1
152,0.14405298682715492,152,0,152,1,54,157,162,172,202,LR,time,1
153,0.14368120283002403,153,0,153,1,53,158,163,173,203,LR,time,1
154,0.14363972768455383,154,0,154,1,52,159,164,174,204,LR,time,1
155,0.14182853084172584,155,0,155,1,51,160,165,175,205,LR,time,1
156,0.14059008576777723,156,0,156,1,50,161,166,176,206,LR,time,1
157,0.14021370537369618,157,1,156,0,50,156,156,156,156,LR,time,1
158,0.13958590670544385,158,1,157,0,49,157,157,157,157,LR,time,1
159,0.1391702572441741,159,1,158,0,48,158,158,158,158,LR,time,1
160,0.13909379970464042,160,1,159,0,47,159,159,159,159,LR,time,1
161,0.1390550056086729,161,1,160,0,46,160,160,160,160,LR,time,1
162,0.13817268747438285,162,1,161,0,45,161,161,161,161,LR,time,1
163,0.13787022171710284,163,1,162,0,44,162,162,162,162,LR,time,1
164,0.13772382210790407,164,1,163,0,43,163,163,163,163,LR,time,1
165,0.13751791685646952,165,1,164,0,42,164,164,164,164,LR,time,1
166,0.1374532773414398,166,1,165,0,41,165,165,165,165,LR,time,1
167,0.13722712700302087,167,1,166,0,40,166,166,166,166,LR,time,1
168,0.13696701260915836,168,1,167,0,39,167,167,167,167,LR,time,1
169,0.13540193169487824,169,1,168,0,38,168,168,168,168,LR,time,1
170,0.13497818418376753,170,1,169,0,37,169,169,169,169,LR,time,1
171,0.13497237357589542,171,1,170,0,36,170,170,170,170,LR,time,1
172,0.13380067627363246,172,1,171,0,35,171,171,171,171,LR,time,1
173,0.13270977255842334,173,1,172,0,34,172,172,172,172,LR,time,1
174,0.13222706500422302,174,1,173,0,33,173,173,173,173,LR,time,1
175,0.13142271370692543,175,1,174,0,32,174,174,174,174,LR,time,1
176,0.13104177281014015,176,1,175,0,31,175,175,175,175,LR,time,1
177,0.13019388198446785,177,1,176,0,30,176,176,176,176,LR,time,1
178,0.1296282252674346,178,1,177,0,29,177,177,177,177,LR,time,1
179,0.1294874382142874,179,1,178,0,28,178,178,178,178,LR,time,1
180,0.12904755769613332,180,1,179,0,27,179,179,179,179,LR,time,1
181,0.12650035998912315,181,1,180,0,26,180,180,180,180,LR,time,1
182,0.12230394534026985,182,1,181,0,25,181,181,181,181,LR,time,1
183,0.12156275087995656,183,1,182,0,24,182,182,182,182,LR,time,1
184,0.12136749897007132,184,1,183,0,23,183,183,183,183,LR,time,1
185,0.12108310897921881,185,1,184,0,22,184,184,184,184,LR,time,1
186,0.12031462602392236,186,1,185,0,21,185,185,185,185,LR,time,1
187,0.11825249634268661,187,1,186,0,20,186,186,186,186,LR,time,1
188,0.11742474883141601,188,1,187,0,19,187,187,187,187,LR,time,1
189,0.11565598327123966,189,1,188,0,18,188,188,188,188,LR,time,1
190,0.11514205242578175,190,1,189,0,17,189,189,189,189,LR,time,1
191,0.11469948731634455,191,1,190,0,16,190,190,190,190,LR,time,1
192,0.11400600547231783,192,1,191,0,15,191,191,191,191,LR,time,1
193,0.11320781410030416,193,1,192,0,14,192,192,192,192,LR,time,1
194,0.11050407176101465,194,1,193,0,13,193,193,193,193,LR,time,1
195,0.10953616225221328,195,1,194,0,12,194,194,194,194,LR,time,1
196,0.10889251181263404,196,1,195,0,11,195,195,195,195,LR,time,1
197,0.10798790190054658,197,1,196,0,10,196,196,196,196,LR,time,1
198,0.10418061302907224,198,1,197,0,9,197,197,197,197,LR,time,1
199,0.1025756475641631,199,1,198,0,8,198,198,198,198,LR,time,1
200,0.10231459247008524,200,1,199,0,7,199,199,199,199,LR,time,1
201,0.09818167582896153,201,1,200,0,6,200,200,200,200,LR,time,1
202,0.09687778260992222,202,1,201,0,5,201,201,201,201,LR,time,1
203,0.09656116786162565,203,1,202,0,4,202,202,202,202,LR,time,1
204,0.09593247101255756,204,1,203,0,3,203,203,203,203,LR,time,1
205,0.09008363860778155,205,1,204,0,2,204,204,204,204,LR,time,1
206,0.08816365577303167,206,1,205,0,1,205,205,205,205,LR,time,1
207,-inf,207,1,206,0,0,206,206,206,206,LR,time,1
0,inf,0,0,0,7,303,35,70,140,350,LR,time,2
1,0.7955967709020274,1,0,1,7,302,36,71,141,351,LR,time,2
2,0.7878494049414146,2,0,2,7,301,37,72,142,352,LR,time,2
3,0.7463504108162324,3,0,3,7,300,38,73,143,353,LR,time,2
4,0.7158824978467591,4,0,4,7,299,39,74,144,354,LR,time,2
5,0.6432536768478909,5,0,5,7,298,40,75,145,355,LR,time,2
6,0.6393150602971593,6,0,6,7,297,41,76,146,356,LR,time,2
7,0.6248500978205461,7,0,7,7,296,42,77,147,357,LR,time,2
8,0.6183136906991495,8,0,8,7,295,43,78,148,358,LR,time,2
9,0.6070725655221455,9,0,9,7,294,44,79,149,359,LR,time,2
10,0.6061782724523049,10,0,10,7,293,45,80,150,360,LR,time,2
11,0.597907009415679,11,0,11,7,292,46,81,151,361,LR,time,2
12,0.5807220101064834,12,0,12,7,291,47,82,152,362,LR,time,2
13,0.5798551548887348,13,0,13,7,290,48,83,153,363,LR,time,2
14,0.5709114835831055,14,0,14,7,289,49,84,154,364,LR,time,2
15,0.5599890110743366,15,0,15,7,288,50,85,155,365,LR,time,2
16,0.5463075591298202,16,0,16,7,287,51,86,156,366,LR,time,2
17,0.5369820252641665,17,0,17,7,286,52,87,157,367,LR,time,2
18,0.5351534697768935,18,0,18,7,285,53,88,158,368,LR,time,2
19,0.5320374315209642,19,0,19,7,284,54,89,159,369,LR,time,2
20,0.5160547007732689,20,0,20,7,283,55,90,160,370,LR,time,2
21,0.5144845917418456,21,0,21,7,282,56,91,161,371,LR,time,2
22,0.5073686628080739,22,0,22,7,281,57,92,162,372,LR,time,2
23,0.5029432243155976,23,0,23,7,280,58,93,163,373,LR,time,2
24,0.5027602272538004,24,0,24,7,279,59,94,164,374,LR,time,2
25,0.49721909960287763,25,0,25,7,278,60,95,165,375,LR,time,2
26,0.4957697145275472,26,0,26,7,277,61,96,166,376,LR,time,2
27,0.4890705087159273,27,0,27,7,276,62,97,167,377,LR,time,2
28,0.4844018899861212,28,0,28,7,275,63,98,168,378,LR,time,2
29,0.48341112379616663,29,0,29,7,274,64,99,169,379,LR,time,2
30,0.48316959273650484,30,0,30,7,273,65,100,170,380,LR,time,2
31,0.4787115586848765,31,0,31,7,272,66,101,171,381,LR,time,2
32,0.47860401686849396,32,0,32,7,271,67,102,172,382,LR,time,2
33,0.47757557328311245,33,0,33,7,270,68,103,173,383,LR,time,2
34,0.47576954904688895,34,0,34,7,269,69,104,174,384,LR,time,2
35,0.47509581344973423,35,0,35,7,268,70,105,175,385,LR,time,2
36,0.4746800853938808,36,0,36,7,267,71,106,176,386,LR,time,2
37,0.47304243342505836,37,0,37,7,266,72,107,177,387,LR,time,2
38,0.47001914672175765,38,0,38,7,265,73,108,178,388,LR,time,2
39,0.46913857916812374,39,0,39,7,264,74,109,179,389,LR,time,2
40,0.46902924797754986,40,0,40,7,263,75,110,180,390,LR,time,2
41,0.46451607250206867,41,0,41,7,262,76,111,181,391,LR,time,2
42,0.45732701805675424,42,0,42,7,261,77,112,182,392,LR,time,2
43,0.4516943526087126,43,0,43,7,260,78,113,183,393,LR,time,2
44,0.4496854347344682,44,0,44,7,259,79,114,184,394,LR,time,2
45,0.43272400406859735,45,0,45,7,258,80,115,185,395,LR,time,2
46,0.42635167749773484,46,0,46,7,257,81,116,186,396,LR,time,2
47,0.4253738582469003,47,0,47,7,256,82,117,187,397,LR,time,2
48,0.4185980285450147,48,0,48,7,255,83,118,188,398,LR,time,2
49,0.4174545144330775,49,0,49,7,254,84,119,189,399,LR,time,2
50,0.4173398511747674,50,0,50,7,253,85,120,190,400,LR,time,2
51,0.4127485449415499,51,0,51,7,252,86,121,191,401,LR,time,2
52,0.41184825126962354,52,0,52,7,251,87,122,192,402,LR,time,2
53,0.41106034393288354,53,0,53,7,250,88,123,193,403,LR,time,2
54,0.40976853984854456,54,0,54,7,249,89,124,194,404,LR,time,2
55,0.4084495623736061,55,0,55,7,248,90,125,195,405,LR,time,2
56,0.40548260706940875,56,0,56,7,247,91,126,196,406,LR,time,2
57,0.3954652749504131,57,0,57,7,246,92,127,197,407,LR,time,2
58,0.3921864476487533,58,0,58,7,245,93,128,198,408,LR,time,2
59,0.3913519426495936,59,0,59,7,244,94,129,199,409,LR,time,2
60,0.39074697338379966,60,0,60,7,243,95,130,200,410,LR,time,2
61,0.38884999167061185,61,0,61,7,242,96,131,201,411,LR,time,2
62,0.3873375604907102,62,0,62,7,241,97,132,202,412,LR,time,2
63,0.3844032723079191,63,0,63,7,240,98,133,203,413,LR,time,2
64,0.3797575669801272,64,0,64,7,239,99,134,204,414,LR,time,2
65,0.3791932628637952,65,0,65,7,238,100,135,205,415,LR,time,2
66,0.3774337066842868,66,0,66,7,237,101,136,206,416,LR,time,2
67,0.3756665162263428,67,0,67,7,236,102,137,207,417,LR,time,2
68,0.37560734605774987,68,0,68,7,235,103,138,208,418,LR,time,2
69,0.3736968344151189,69,0,69,7,234,104,139,209,419,LR,time,2
70,0.37039087349336286,70,0,70,7,233,105,140,210,420,LR,time,2
71,0.367565159415249,71,0,71,7,232,106,141,211,421,LR,time,2
72,0.3606463014724211,72,0,72,7,231,107,142,212,422,LR,time,2
73,0.3604816932830371,73,0,73,7,230,108,143,213,423,LR,time,2
74,0.3600693919099399,74,0,74,7,229,109,144,214,424,LR,time,2
75,0.35928856386438324,75,0,75,7,228,110,145,215,425,LR,time,2
76,0.35738680120237015,76,0,76,7,227,111,146,216,426,LR,time,2
77,0.35703203754142004,77,0,77,7,226,112,147,217,427,LR,time,2
78,0.3561383370458992,78,0,78,7,225,113,148,218,428,LR,time,2
79,0.35479949507503084,79,0,79,7,224,114,149,219,429,LR,time,2
80,0.34861728173132644,80,1,79,6,224,109,139,199,379,LR,time,2
81,0.3484293566454481,81,1,80,6,223,110,140,200,380,LR,time,2
82,0.34749430254532476,82,1,81,6,222,111,141,201,381,LR,time,2
83,0.3447825002263772,83,1,82,6,221,112,142,202,382,LR,time,2
84,0.34300176723248416,84,1,83,6,220,113,143,203,383,LR,time,2
85,0.3420120009996014,85,1,84,6,219,114,144,204,384,LR,time,2
86,0.3419305541974554,86,1,85,6,218,115,145,205,385,LR,time,2
87,0.34148576820513865,87,1,86,6,217,116,146,206,386,LR,time,2
88,0.34058863009235035,88,1,87,6,216,117,147,207,387,LR,time,2
89,0.3399715319418499,89,1,88,6,215,118,148,208,388,LR,time,2
90,0.3393848624004541,90,1,89,6,214,119,149,209,389,LR,time,2
91,0.3389803747749785,91,1,90,6,213,120,150,210,390,LR,time,2
92,0.3367739196108938,92,1,91,6,212,121,151,211,391,LR,time,2
93,0.3361348545858851,93,2,91,5,212,116,141,191,341,LR,time,2
94,0.33586785639244554,94,2,92,5,211,117,142,192,342,LR,time,2
95,0.3358188793706101,95,2,93,5,210,118,143,193,343,LR,time,2
96,0.3333954139654454,96,2,94,5,209,119,144,194,344,LR,time,2
97,0.3328849813902205,97,2,95,5,208,120,145,195,345,LR,time,2
98,0.3314529538709679,98,2,96,5,207,121,146,196,346,LR,time,2
99,0.3301837124970348,99,2,97,5,206,122,147,197,347,LR,time,2
100,0.32807565761862784,100,2,98,5,205,123,148,198,348,LR,time,2
101,0.32494135908229327,101,2,99,5,204,124,149,199,349,LR,time,2
102,0.32485851302265767,102,2,100,5,203,125,150,200,350,LR,time,2
103,0.32325750801225456,103,2,101,5,202,126,151,201,351,LR,time,2
104,0.3222215023352314,104,2,102,5,201,127,152,202,352,LR,time,2
105,0.32182803999666826,105,2,103,5,200,128,153,203,353,LR,time,2
106,0.3215211100427823,106,2,104,5,199,129,154,204,354,LR,time,2
107,0.32022521293209966,107,2,105,5,198,130,155,205,355,LR,time,2
108,0.3189077726508928,108,2,106,5,197,131,156,206,356,LR,time,2
109,0.3134361144862628,109,2,107,5,196,132,157,207,357,LR,time,2
110,0.31267834147289647,110,2,108,5,195,133,158,208,358,LR,time,2
111,0.3123046520954349,111,2,109,5,194,134,159,209,359,LR,time,2
112,0.31175246087133673,112,2,110,5,193,135,160,210,360,LR,time,2
113,0.31074784740339445,113,2,111,5,192,136,161,211,361,LR,time,2
114,0.30972041297253144,114,2,112,5,191,137,162,212,362,LR,time,2
115,0.30861584106355494,115,2,113,5,190,138,163,213,363,LR,time,2
116,0.30833398274294943,116,2,114,5,189,139,164,214,364,LR,time,2
117,0.3078438454577756,117,2,115,5,188,140,165,215,365,LR,time,2
118,0.3058116682088082,118,2,116,5,187,141,166,216,366,LR,time,2
119,0.30557296137110423,119,2,117,5,186,142,167,217,367,LR,time,2
120,0.3050783110225362,120,2,118,5,185,143,168,218,368,LR,time,2
121,0.3046436174680628,121,2,119,5,184,144,169,219,369,LR,time,2
122,0.3036412334150122,122,2,120,5,183,145,170,220,370,LR,time,2
123,0.30288378668344607,123,2,121,5,182,146,171,221,371,LR,time,2
124,0.30275916900002964,124,2,122,5,181,147,172,222,372,LR,time,2
125,0.2978031695880078,125,2,123,5,180,148,173,223,373,LR,time,2
126,0.2970120516518608,126,2,124,5,179,149,174,224,374,LR,time,2
127,0.29637106044453365,127,2,125,5,178,150,175,225,375,LR,time,2
128,0.2950239257116079,128,2,126,5,177,151,176,226,376,LR,time,2
129,0.2943165338853586,129,2,127,5,176,152,177,227,377,LR,time,2
130,0.29343935805919585,130,2,128,5,175,153,178,228,378,LR,time,2
131,0.2927657710444543,131,2,129,5,174,154,179,229,379,LR,time,2
132,0.29179905849101584,132,2,130,5,173,155,180,230,380,LR,time,2
133,0.29086798783250056,133,2,131,5,172,156,181,231,381,LR,time,2
134,0.2903502345267407,134,2,132,5,171,157,182,232,382,LR,time,2
135,0.28997073174427435,135,2,133,5,170,158,183,233,383,LR,time,2
136,0.2888317639488198,136,2,134,5,169,159,184,234,384,LR,time,2
137,0.2871276387669055,137,2,135,5,168,160,185,235,385,LR,time,2
138,0.28697689048434927,138,2,136,5,167,161,186,236,386,LR,time,2
139,0.2851358407123078,139,2,137,5,166,162,187,237,387,LR,time,2
140,0.2833898835527973,140,2,138,5,165,163,188,238,388,LR,time,2
141,0.2823650931809806,141,2,139,5,164,164,189,239,389,LR,time,2
142,0.28198111132049986,142,2,140,5,163,165,190,240,390,LR,time,2
143,0.28101636547183917,143,2,141,5,162,166,191,241,391,LR,time,2
144,0.2807384831659507,144,2,142,5,161,167,192,242,392,LR,time,2
145,0.28036706988883886,145,2,143,5,160,168,193,243,393,LR,time,2
146,0.2802912389705812,146,2,144,5,159,169,194,244,394,LR,time,2
147,0.2785951155843967,147,2,145,5,158,170,195,245,395,LR,time,2
148,0.27770238757733784,148,3,145,4,158,165,185,225,345,LR,time,2
149,0.27649653659734447,149,3,146,4,157,166,186,226,346,LR,time,2
150,0.2764493436526607,150,3,147,4,156,167,187,227,347,LR,time,2
151,0.27556537551957844,151,3,148,4,155,168,188,228,348,LR,time,2
152,0.2736926636253082,152,3,149,4,154,169,189,229,349,LR,time,2
153,0.2732947667575959,153,3,150,4,153,170,190,230,350,LR,time,2
154,0.2718633980328599,154,3,151,4,152,171,191,231,351,LR,time,2
155,0.2712572068152198,155,3,152,4,151,172,192,232,352,LR,time,2
156,0.27013844613327664,156,3,153,4,150,173,193,233,353,LR,time,2
157,0.2682482846987147,157,3,154,4,149,174,194,234,354,LR,time,2
158,0.2682355471894456,158,3,155,4,148,175,195,235,355,LR,time,2
159,0.26795684634211436,159,3,156,4,147,176,196,236,356,LR,time,2
160,0.26698377333531853,160,3,157,4,146,177,197,237,357,LR,time,2
161,0.2669699101901138,161,4,157,3,146,172,187,217,307,LR,time,2
162,0.2665311023759347,162,4,158,3,145,173,188,218,308,LR,time,2
163,0.2662167549952935,163,4,159,3,144,174,189,219,309,LR,time,2
164,0.2644605303223344,164,4,160,3,143,175,190,220,310,LR,time,2
165,0.2642110683189614,165,4,161,3,142,176,191,221,311,LR,time,2
166,0.26418695864015845,166,4,162,3,141,177,192,222,312,LR,time,2
167,0.2640099257319992,167,4,163,3,140,178,193,223,313,LR,time,2
168,0.2637310458687704,168,4,164,3,139,179,194,224,314,LR,time,2
169,0.2628296520061108,169,4,165,3,138,180,195,225,315,LR,time,2
170,0.26191665497487376,170,4,166,3,137,181,196,226,316,LR,time,2
171,0.26175654721336666,171,4,167,3,136,182,197,227,317,LR,time,2
172,0.2601760932975613,172,4,168,3,135,183,198,228,318,LR,time,2
173,0.258451355239204,173,4,169,3,134,184,199,229,319,LR,time,2
174,0.2549315386208975,174,4,170,3,133,185,200,230,320,LR,time,2
175,0.25316592289365014,175,4,171,3,132,186,201,231,321,LR,time,2
176,0.2531391555435655,176,4,172,3,131,187,202,232,322,LR,time,2
177,0.2520386010042552,177,4,173,3,130,188,203,233,323,LR,time,2
178,0.24974543551181114,178,4,174,3,129,189,204,234,324,LR,time,2
179,0.24892317459053062,179,4,175,3,128,190,205,235,325,LR,time,2
180,0.24819028149164138,180,4,176,3,127,191,206,236,326,LR,time,2
181,0.24599704084686216,181,4,177,3,126,192,207,237,327,LR,time,2
182,0.24540779885719774,182,4,178,3,125,193,208,238,328,LR,time,2
183,0.2451558394451637,183,4,179,3,124,194,209,239,329,LR,time,2
184,0.2442212296808533,184,4,180,3,123,195,210,240,330,LR,time,2
185,0.24339653185385496,185,4,181,3,122,196,211,241,331,LR,time,2
186,0.2431375452113515,186,4,182,3,121,197,212,242,332,LR,time,2
187,0.2429968685113736,187,4,183,3,120,198,213,243,333,LR,time,2
188,0.2418506733746745,188,4,184,3,119,199,214,244,334,LR,time,2
189,0.24106191843093963,189,4,185,3,118,200,215,245,335,LR,time,2
190,0.24004967315866454,190,4,186,3,117,201,216,246,336,LR,time,2
191,0.23902285929258874,191,4,187,3,116,202,217,247,337,LR,time,2
192,0.2384935155612538,192,4,188,3,115,203,218,248,338,LR,time,2
193,0.23247742883262648,193,4,189,3,114,204,219,249,339,LR,time,2
194,0.231542511464451,194,4,190,3,113,205,220,250,340,LR,time,2
195,0.2303598049141574,195,4,191,3,112,206,221,251,341,LR,time,2
196,0.2284639666034616,196,4,192,3,111,207,222,252,342,LR,time,2
197,0.22729815372380072,197,4,193,3,110,208,223,253,343,LR,time,2
198,0.22626256963969799,198,4,194,3,109,209,224,254,344,LR,time,2
199,0.225858095664741,199,4,195,3,108,210,225,255,345,LR,time,2
200,0.22458279846287305,200,4,196,3,107,211,226,256,346,LR,time,2
201,0.22432889112166046,201,4,197,3,106,212,227,257,347,LR,time,2
202,0.22414801977723345,202,4,198,3,105,213,228,258,348,LR,time,2
203,0.22371508258201994,203,4,199,3,104,214,229,259,349,LR,time,2
204,0.2228919257355777,204,5,199,2,104,209,219,239,299,LR,time,2
205,0.22111352334168904,205,5,200,2,103,210,220,240,300,LR,time,2
206,0.22039580792631172,206,5,201,2,102,211,221,241,301,LR,time,2
207,0.21817487156805787,207,5,202,2,101,212,222,242,302,LR,time,2
208,0.2178962810320609,208,5,203,2,100,213,223,243,303,LR,time,2
209,0.21483891862837115,209,5,204,2,99,214,224,244,304,LR,time,2
210,0.2142789168606573,210,5,205,2,98,215,225,245,305,LR,time,2
211,0.21361222493309842,211,5,206,2,97,216,226,246,306,LR,time,2
212,0.21199249729183992,212,5,207,2,96,217,227,247,307,LR,time,2
213,0.20983738764268509,213,5,208,2,95,218,228,248,308,LR,time,2
214,0.20584113610603774,214,5,209,2,94,219,229,249,309,LR,time,2
215,0.20399330548113437,215,5,210,2,93,220,230,250,310,LR,time,2
216,0.20237790946714468,216,5,211,2,92,221,231,251,311,LR,time,2
217,0.20207117076857287,217,5,212,2,91,222,232,252,312,LR,time,2
218,0.20206686621269998,218,5,213,2,90,223,233,253,313,LR,time,2
219,0.2008125877423414,219,5,214,2,89,224,234,254,314,LR,time,2
220,0.19767542890715054,220,5,215,2,88,225,235,255,315,LR,time,2
221,0.1959151824650945,221,5,216,2,87,226,236,256,316,LR,time,2
222,0.19368422123056708,222,5,217,2,86,227,237,257,317,LR,time,2
223,0.19365686444709063,223,6,217,1,86,222,227,237,267,LR,time,2
224,0.19306700281402622,224,6,218,1,85,223,228,238,268,LR,time,2
225,0.18519536587572208,225,6,219,1,84,224,229,239,269,LR,time,2
226,0.1826422549202628,226,6,220,1,83,225,230,240,270,LR,time,2
227,0.18206105746213302,227,6,221,1,82,226,231,241,271,LR,time,2
228,0.18052149015045718,228,6,222,1,81,227,232,242,272,LR,time,2
229,0.1787136708355314,229,6,223,1,80,228,233,243,273,LR,time,2
230,0.1785784074207885,230,6,224,1,79,229,234,244,274,LR,time,2
231,0.17798641819033506,231,6,225,1,78,230,235,245,275,LR,time,2
232,0.17689575612584674,232,6,226,1,77,231,236,246,276,LR,time,2
233,0.17489566612307356,233,6,227,1,76,232,237,247,277,LR,time,2
234,0.17456715156298888,234,6,228,1,75,233,238,248,278,LR,time,2
235,0.1704376045814271,235,6,229,1,74,234,239,249,279,LR,time,2
236,0.17034831519928212,236,6,230,1,73,235,240,250,280,LR,time,2
237,0.16835231947252868,237,6,231,1,72,236,241,251,281,LR,time,2
238,0.16824845619932166,238,6,232,1,71,237,242,252,282,LR,time,2
239,0.16635066586378866,239,6,233,1,70,238,243,253,283,LR,time,2
240,0.16620070379437504,240,6,234,1,69,239,244,254,284,LR,time,2
241,0.16618086935746657,241,6,235,1,68,240,245,255,285,LR,time,2
242,0.16611445863141433,242,6,236,1,67,241,246,256,286,LR,time,2
243,0.16534625973454542,243,6,237,1,66,242,247,257,287,LR,time,2
244,0.16415322854107808,244,6,238,1,65,243,248,258,288,LR,time,2
245,0.16409725727314328,245,6,239,1,64,244,249,259,289,LR,time,2
246,0.16322539183452806,246,6,240,1,63,245,250,260,290,LR,time,2
247,0.1625629684227726,247,6,241,1,62,246,251,261,291,LR,time,2
248,0.16224451893126063,248,6,242,1,61,247,252,262,292,LR,time,2
249,0.16140246994323076,249,6,243,1,60,248,253,263,293,LR,time,2
250,0.161364973042879,250,6,244,1,59,249,254,264,294,LR,time,2
251,0.1602786081836989,251,6,245,1,58,250,255,265,295,LR,time,2
252,0.15916418580004224,252,6,246,1,57,251,256,266,296,LR,time,2
253,0.15858500034960774,253,6,247,1,56,252,257,267,297,LR,time,2
254,0.15852336016708032,254,6,248,1,55,253,258,268,298,LR,time,2
255,0.15688970368975383,255,6,249,1,54,254,259,269,299,LR,time,2
256,0.15603388989883796,256,6,250,1,53,255,260,270,300,LR,time,2
257,0.15589215317498706,257,6,251,1,52,256,261,271,301,LR,time,2
258,0.15583516877951933,258,6,252,1,51,257,262,272,302,LR,time,2
259,0.1539819530488848,259,6,253,1,50,258,263,273,303,LR,time,2
260,0.1535910735847673,260,6,254,1,49,259,264,274,304,LR,time,2
261,0.1530051541864044,261,6,255,1,48,260,265,275,305,LR,time,2
262,0.15168403296347407,262,7,255,0,48,255,255,255,255,LR,time,2
263,0.14896354309197485,263,7,256,0,47,256,256,256,256,LR,time,2
264,0.14697526747976045,264,7,257,0,46,257,257,257,257,LR,time,2
265,0.14523396006515615,265,7,258,0,45,258,258,258,258,LR,time,2
266,0.14511397821343683,266,7,259,0,44,259,259,259,259,LR,time,2
267,0.14503518886636602,267,7,260,0,43,260,260,260,260,LR,time,2
268,0.1447909721252728,268,7,261,0,42,261,261,261,261,LR,time,2
269,0.14404231974616255,269,7,262,0,41,262,262,262,262,LR,time,2
270,0.1418685042687635,270,7,263,0,40,263,263,263,263,LR,time,2
271,0.13722624532696465,271,7,264,0,39,264,264,264,264,LR,time,2
272,0.13549077433291798,272,7,265,0,38,265,265,265,265,LR,time,2
273,0.13543146361158578,273,7,266,0,37,266,266,266,266,LR,time,2
274,0.1331651027201958,274,7,267,0,36,267,267,267,267,LR,time,2
275,0.1306518562978875,275,7,268,0,35,268,268,268,268,LR,time,2
276,0.13000186503145736,276,7,269,0,34,269,269,269,269,LR,time,2
277,0.12996132804279797,277,7,270,0,33,270,270,270,270,LR,time,2
278,0.12768360629184528,278,7,271,0,32,271,271,271,271,LR,time,2
279,0.1265492222550094,279,7,272,0,31,272,272,272,272,LR,time,2
280,0.1263696663481189,280,7,273,0,30,273,273,273,273,LR,time,2
281,0.12626640828779148,281,7,274,0,29,274,274,274,274,LR,time,2
282,0.12625085996305307,282,7,275,0,28,275,275,275,275,LR,time,2
283,0.12597338199407612,283,7,276,0,27,276,276,276,276,LR,time,2
284,0.12371569644587294,284,7,277,0,26,277,277,277,277,LR,time,2
285,0.12137720828062865,285,7,278,0,25,278,278,278,278,LR,time,2
286,0.11879596177441532,286,7,279,0,24,279,279,279,279,LR,time,2
287,0.11798494696912767,287,7,280,0,23,280,280,280,280,LR,time,2
288,0.11752722708783228,288,7,281,0,22,281,281,281,281,LR,time,2
289,0.11694169603139432,289,7,282,0,21,282,282,282,282,LR,time,2
290,0.11548116435043478,290,7,283,0,20,283,283,283,283,LR,time,2
291,0.1116835595112067,291,7,284,0,19,284,284,284,284,LR,time,2
292,0.11034921123507156,292,7,285,0,18,285,285,285,285,LR,time,2
293,0.10992901835688797,293,7,286,0,17,286,286,286,286,LR,time,2
294,0.10774460551801303,294,7,287,0,16,287,287,287,287,LR,time,2
295,0.10754423464911382,295,7,288,0,15,288,288,288,288,LR,time,2
296,0.10663514883736007,296,7,289,0,14,289,289,289,289,LR,time,2
297,0.10309615350047023,297,7,290,0,13,290,290,290,290,LR,time,2
298,0.10103847527220977,298,7,291,0,12,291,291,291,291,LR,time,2
299,0.09588186693532141,299,7,292,0,11,292,292,292,292,LR,time,2
300,0.08803116251663685,300,7,293,0,10,293,293,293,293,LR,time,2
301,0.08447236737972962,301,7,294,0,9,294,294,294,294,LR,time,2
302,0.07976242378469175,302,7,295,0,8,295,295,295,295,LR,time,2
303,0.0732138499232951,303,7,296,0,7,296,296,296,296,LR,time,2
304,0.07226406968389903,304,7,297,0,6,297,297,297,297,LR,time,2
305,0.06976113410828783,305,7,298,0,5,298,298,298,298,LR,time,2
306,0.0675024065046818,306,7,299,0,4,299,299,299,299,LR,time,2
307,0.055570721908968675,307,7,300,0,3,300,300,300,300,LR,time,2
308,0.054816114341202794,308,7,301,0,2,301,301,301,301,LR,time,2
309,0.04682553249588316,309,7,302,0,1,302,302,302,302,LR,time,2
310,-inf,310,7,303,0,0,303,303,303,303,LR,time,2
0,inf,0,0,0,20,393,100,200,400,1000,LR,time,3
1,0.7000971859709209,1,1,0,19,393,95,190,380,950,LR,time,3
2,0.6876011531646407,2,2,0,18,393,90,180,360,900,LR,time,3
3,0.6562823736518698,3,2,1,18,392,91,181,361,901,LR,time,3
4,0.6558917926681779,4,2,2,18,391,92,182,362,902,LR,time,3
5,0.6485729500951412,5,2,3,18,390,93,183,363,903,LR,time,3
6,0.6378559628776264,6,2,4,18,389,94,184,364,904,LR,time,3
7,0.631799965148439,7,2,5,18,388,95,185,365,905,LR,time,3
8,0.6312637279313422,8,2,6,18,387,96,186,366,906,LR,time,3
9,0.6301742860840026,9,2,7,18,386,97,187,367,907,LR,time,3
10,0.6196251158100925,10,2,8,18,385,98,188,368,908,LR,time,3
11,0.6164490818621812,11,3,8,17,385,93,178,348,858,LR,time,3
12,0.6148929461657686,12,3,9,17,384,94,179,349,859,LR,time,3
13,0.6007085923381069,13,3,10,17,383,95,180,350,860,LR,time,3
14,0.5999156838847232,14,3,11,17,382,96,181,351,861,LR,time,3
15,0.5968417418481589,15,3,12,17,381,97,182,352,862,LR,time,3
16,0.5943621482953089,16,3,13,17,380,98,183,353,863,LR,time,3
17,0.5863057993778873,17,4,13,16,380,93,173,333,813,LR,time,3
18,0.5828126517178064,18,4,14,16,379,94,174,334,814,LR,time,3
19,0.5769446407425272,19,4,15,16,378,95,175,335,815,LR,time,3
20,0.5753350209792557,20,4,16,16,377,96,176,336,816,LR,time,3
21,0.570273187040473,21,4,17,16,376,97,177,337,817,LR,time,3
22,0.5674569985820134,22,4,18,16,375,98,178,338,818,LR,time,3
23,0.5671468459655443,23,4,19,16,374,99,179,339,819,LR,time,3
24,0.5654470147773675,24,4,20,16,373,100,180,340,820,LR,time,3
25,0.5631897025263256,25,4,21,16,372,101,181,341,821,LR,time,3
26,0.559189049811011,26,4,22,16,371,102,182,342,822,LR,time,3
27,0.5544547311944956,27,4,23,16,370,103,183,343,823,LR,time,3
28,0.5541481169778191,28,4,24,16,369,104,184,344,824,LR,time,3
29,0.5526681749410505,29,4,25,16,368,105,185,345,825,LR,time,3
30,0.5500118095752505,30,4,26,16,367,106,186,346,826,LR,time,3
31,0.5493293007334166,31,4,27,16,366,107,187,347,827,LR,time,3
32,0.5476851722101799,32,4,28,16,365,108,188,348,828,LR,time,3
33,0.5464430380439619,33,4,29,16,364,109,189,349,829,LR,time,3
34,0.544577176265411,34,4,30,16,363,110,190,350,830,LR,time,3
35,0.5428524331262553,35,4,31,16,362,111,191,351,831,LR,time,3
36,0.5403415154123744,36,4,32,16,361,112,192,352,832,LR,time,3
37,0.5284611562730831,37,4,33,16,360,113,193,353,833,LR,time,3
38,0.5278352023164904,38,4,34,16,359,114,194,354,834,LR,time,3
39,0.5276906668437417,39,4,35,16,358,115,195,355,835,LR,time,3
40,0.5240444829216054,40,4,36,16,357,116,196,356,836,LR,time,3
41,0.5215334577724159,41,4,37,16,356,117,197,357,837,LR,time,3
42,0.5194383814176865,42,4,38,16,355,118,198,358,838,LR,time,3
43,0.5192553523139962,43,4,39,16,354,119,199,359,839,LR,time,3
44,0.514708337396042,44,4,40,16,353,120,200,360,840,LR,time,3
45,0.5128541577041268,45,4,41,16,352,121,201,361,841,LR,time,3
46,0.5091195524285286,46,4,42,16,351,122,202,362,842,LR,time,3
47,0.5033659665289235,47,5,42,15,351,117,192,342,792,LR,time,3
48,0.5031934526872821,48,5,43,15,350,118,193,343,793,LR,time,3
49,0.5027693737996076,49,6,43,14,350,113,183,323,743,LR,time,3
50,0.5008516641388763,50,6,44,14,349,114,184,324,744,LR,time,3
51,0.5003636906430339,51,6,45,14,348,115,185,325,745,LR,time,3
52,0.4993851890086027,52,6,46,14,347,116,186,326,746,LR,time,3
53,0.4989521575202168,53,6,47,14,346,117,187,327,747,LR,time,3
54,0.4966177948231263,54,6,48,14,345,118,188,328,748,LR,time,3
55,0.4963145534399785,55,6,49,14,344,119,189,329,749,LR,time,3
56,0.4954611862234372,56,6,50,14,343,120,190,330,750,LR,time,3
57,0.49536552705086273,57,6,51,14,342,121,191,331,751,LR,time,3
58,0.49267031800484284,58,6,52,14,341,122,192,332,752,LR,time,3
59,0.4915349631956028,59,7,52,13,341,117,182,312,702,LR,time,3
60,0.4873796850963156,60,7,53,13,340,118,183,313,703,LR,time,3
61,0.48387054649671296,61,7,54,13,339,119,184,314,704,LR,time,3
62,0.4825508538731714,62,7,55,13,338,120,185,315,705,LR,time,3
63,0.48084159708226476,63,7,56,13,337,121,186,316,706,LR,time,3
64,0.474621487649757,64,7,57,13,336,122,187,317,707,LR,time,3
65,0.4678296063372401,65,7,58,13,335,123,188,318,708,LR,time,3
66,0.46617667208272123,66,7,59,13,334,124,189,319,709,LR,time,3
67,0.4648185171950242,67,7,60,13,333,125,190,320,710,LR,time,3
68,0.4637985889773265,68,7,61,13,332,126,191,321,711,LR,time,3
69,0.4626332834665882,69,7,62,13,331,127,192,322,712,LR,time,3
70,0.4619921896903172,70,7,63,13,330,128,193,323,713,LR,time,3
71,0.46176276764838436,71,7,64,13,329,129,194,324,714,LR,time,3
72,0.45781865970817986,72,7,65,13,328,130,195,325,715,LR,time,3
73,0.45713643239053736,73,7,66,13,327,131,196,326,716,LR,time,3
74,0.4561093589020281,74,7,67,13,326,132,197,327,717,LR,time,3
75,0.45602166708815634,75,7,68,13,325,133,198,328,718,LR,time,3
76,0.45538151505060614,76,7,69,13,324,134,199,329,719,LR,time,3
77,0.4539563888663552,77,7,70,13,323,135,200,330,720,LR,time,3
78,0.45300916950349884,78,7,71,13,322,136,201,331,721,LR,time,3
79,0.4521122890592379,79,7,72,13,321,137,202,332,722,LR,time,3
80,0.4511215537559153,80,7,73,13,320,138,203,333,723,LR,time,3
81,0.4505624961360308,81,7,74,13,319,139,204,334,724,LR,time,3
82,0.4497297694026001,82,7,75,13,318,140,205,335,725,LR,time,3
83,0.44924566175210484,83,8,75,12,318,135,195,315,675,LR,time,3
84,0.4476678316774118,84,9,75,11,318,130,185,295,625,LR,time,3
85,0.4475677328808244,85,9,76,11,317,131,186,296,626,LR,time,3
86,0.4460686342069296,86,9,77,11,316,132,187,297,627,LR,time,3
87,0.44543085515405156,87,9,78,11,315,133,188,298,628,LR,time,3
88,0.44541827937864165,88,9,79,11,314,134,189,299,629,LR,time,3
89,0.44523486038719085,89,9,80,11,313,135,190,300,630,LR,time,3
90,0.4447910463375828,90,9,81,11,312,136,191,301,631,LR,time,3
91,0.44463139530407475,91,9,82,11,311,137,192,302,632,LR,time,3
92,0.4443820623123951,92,10,82,10,311,132,182,282,582,LR,time,3
93,0.44381446720478807,93,10,83,10,310,133,183,283,583,LR,time,3
94,0.44182719498883855,94,10,84,10,309,134,184,284,584,LR,time,3
95,0.44017925120822177,95,10,85,10,308,135,185,285,585,LR,time,3
96,0.43992818602369416,96,10,86,10,307,136,186,286,586,LR,time,3
97,0.4393239904929671,97,10,87,10,306,137,187,287,587,LR,time,3
98,0.4388451085020804,98,10,88,10,305,138,188,288,588,LR,time,3
99,0.438397348274169,99,10,89,10,304,139,189,289,589,LR,time,3
100,0.4382710312624401,100,10,90,10,303,140,190,290,590,LR,time,3
101,0.4382249280213127,101,10,91,10,302,141,191,291,591,LR,time,3
102,0.4377655571429899,102,10,92,10,301,142,192,292,592,LR,time,3
103,0.4377017348882611,103,10,93,10,300,143,193,293,593,LR,time,3
104,0.43405615347306353,104,10,94,10,299,144,194,294,594,LR,time,3
105,0.4324660583786903,105,10,95,10,298,145,195,295,595,LR,time,3
106,0.4323102822820459,106,10,96,10,297,146,196,296,596,LR,time,3
107,0.43130995852956644,107,10,97,10,296,147,197,297,597,LR,time,3
108,0.43113592809972817,108,10,98,10,295,148,198,298,598,LR,time,3
109,0.4306454339316642,109,10,99,10,294,149,199,299,599,LR,time,3
110,0.42977440336240874,110,10,100,10,293,150,200,300,600,LR,time,3
111,0.42840436528023373,111,10,101,10,292,151,201,301,601,LR,time,3
112,0.4281818235818213,112,10,102,10,291,152,202,302,602,LR,time,3
113,0.4267496122495835,113,10,103,10,290,153,203,303,603,LR,time,3
114,0.4263677830137485,114,10,104,10,289,154,204,304,604,LR,time,3
115,0.42601697815593265,115,10,105,10,288,155,205,305,605,LR,time,3
116,0.422967752580494,116,10,106,10,287,156,206,306,606,LR,time,3
117,0.4226854765586982,117,10,107,10,286,157,207,307,607,LR,time,3
118,0.421701759075291,118,10,108,10,285,158,208,308,608,LR,time,3
119,0.4215310477890709,119,10,109,10,284,159,209,309,609,LR,time,3
120,0.4203458383498301,120,10,110,10,283,160,210,310,610,LR,time,3
121,0.4200870412332673,121,10,111,10,282,161,211,311,611,LR,time,3
122,0.4196115011591361,122,10,112,10,281,162,212,312,612,LR,time,3
123,0.4186610152168331,123,10,113,10,280,163,213,313,613,LR,time,3
124,0.41753198363543614,124,10,114,10,279,164,214,314,614,LR,time,3
125,0.4174563461009432,125,10,115,10,278,165,215,315,615,LR,time,3
126,0.41565650468001525,126,10,116,10,277,166,216,316,616,LR,time,3
127,0.4151263021394754,127,10,117,10,276,167,217,317,617,LR,time,3
128,0.4129615186308663,128,11,117,9,276,162,207,297,567,LR,time,3
129,0.4119020654266083,129,11,118,9,275,163,208,298,568,LR,time,3
130,0.4108297160398607,130,11,119,9,274,164,209,299,569,LR,time,3
131,0.41043954321754844,131,11,120,9,273,165,210,300,570,LR,time,3
132,0.41009630386834806,132,11,121,9,272,166,211,301,571,LR,time,3
133,0.40524294749247014,133,11,122,9,271,167,212,302,572,LR,time,3
134,0.40483820173593105,134,11,123,9,270,168,213,303,573,LR,time,3
135,0.404104348798904,135,11,124,9,269,169,214,304,574,LR,time,3
136,0.401908182489458,136,11,125,9,268,170,215,305,575,LR,time,3
137,0.4017078759425237,137,11,126,9,267,171,216,306,576,LR,time,3
138,0.4011494265067872,138,11,127,9,266,172,217,307,577,LR,time,3
139,0.4009749537508421,139,11,128,9,265,173,218,308,578,LR,time,3
140,0.4007205118998648,140,11,129,9,264,174,219,309,579,LR,time,3
141,0.40060134220013116,141,11,130,9,263,175,220,310,580,LR,time,3
142,0.39908272023344765,142,11,131,9,262,176,221,311,581,LR,time,3
143,0.39888696860227507,143,11,132,9,261,177,222,312,582,LR,time,3
144,0.39710955413132865,144,11,133,9,260,178,223,313,583,LR,time,3
145,0.39628932425804875,145,11,134,9,259,179,224,314,584,LR,time,3
146,0.39593835816328155,146,12,134,8,259,174,214,294,534,LR,time,3
147,0.39328063631764515,147,12,135,8,258,175,215,295,535,LR,time,3
148,0.39112216007078454,148,12,136,8,257,176,216,296,536,LR,time,3
149,0.3900406565285179,149,12,137,8,256,177,217,297,537,LR,time,3
150,0.3896174417011161,150,12,138,8,255,178,218,298,538,LR,time,3
151,0.38952940249111107,151,12,139,8,254,179,219,299,539,LR,time,3
152,0.38684096199723256,152,12,140,8,253,180,220,300,540,LR,time,3
153,0.3861847910597562,153,12,141,8,252,181,221,301,541,LR,time,3
154,0.3841991675903476,154,12,142,8,251,182,222,302,542,LR,time,3
155,0.38395637338927086,155,12,143,8,250,183,223,303,543,LR,time,3
156,0.38057361760584335,156,12,144,8,249,184,224,304,544,LR,time,3
157,0.3804459622181562,157,12,145,8,248,185,225,305,545,LR,time,3
158,0.3797417275049281,158,12,146,8,247,186,226,306,546,LR,time,3
159,0.377990492096759,159,12,147,8,246,187,227,307,547,LR,time,3
160,0.37789915040407085,160,12,148,8,245,188,228,308,548,LR,time,3
161,0.3774036893621328,161,12,149,8,244,189,229,309,549,LR,time,3
162,0.3765851982642758,162,12,150,8,243,190,230,310,550,LR,time,3
163,0.37603008400007626,163,12,151,8,242,191,231,311,551,LR,time,3
164,0.37472809643530164,164,12,152,8,241,192,232,312,552,LR,time,3
165,0.3732102057885752,165,12,153,8,240,193,233,313,553,LR,time,3
166,0.37291214093953456,166,12,154,8,239,194,234,314,554,LR,time,3
167,0.3706027723533026,167,12,155,8,238,195,235,315,555,LR,time,3
168,0.36831378767665945,168,12,156,8,237,196,236,316,556,LR,time,3
169,0.3671372411602199,169,12,157,8,236,197,237,317,557,LR,time,3
170,0.36484811378093823,170,12,158,8,235,198,238,318,558,LR,time,3
171,0.3645749310518233,171,12,159,8,234,199,239,319,559,LR,time,3
172,0.36447696192885787,172,12,160,8,233,200,240,320,560,LR,time,3
173,0.36401975273529524,173,12,161,8,232,201,241,321,561,LR,time,3
174,0.35946628058937474,174,12,162,8,231,202,242,322,562,LR,time,3
175,0.3543312440971629,175,12,163,8,230,203,243,323,563,LR,time,3
176,0.35222568089483247,176,12,164,8,229,204,244,324,564,LR,time,3
177,0.35055950741227027,177,12,165,8,228,205,245,325,565,LR,time,3
178,0.3501534082737584,178,12,166,8,227,206,246,326,566,LR,time,3
179,0.3489367963363993,179,12,167,8,226,207,247,327,567,LR,time,3
180,0.3435790266662854,180,12,168,8,225,208,248,328,568,LR,time,3
181,0.3434496682392199,181,12,169,8,224,209,249,329,569,LR,time,3
182,0.34046329490519067,182,12,170,8,223,210,250,330,570,LR,time,3
183,0.3386481717481133,183,12,171,8,222,211,251,331,571,LR,time,3
184,0.3380192225163871,184,12,172,8,221,212,252,332,572,LR,time,3
185,0.3377887376747573,185,12,173,8,220,213,253,333,573,LR,time,3
186,0.3341149436067325,186,12,174,8,219,214,254,334,574,LR,time,3
187,0.33389574429301144,187,12,175,8,218,215,255,335,575,LR,time,3
188,0.33340803704342686,188,12,176,8,217,216,256,336,576,LR,time,3
189,0.33333208040341,189,12,177,8,216,217,257,337,577,LR,time,3
190,0.33153461160137004,190,12,178,8,215,218,258,338,578,LR,time,3
191,0.32867089146640877,191,12,179,8,214,219,259,339,579,LR,time,3
192,0.3256607780216208,192,12,180,8,213,220,260,340,580,LR,time,3
193,0.32457740339571145,193,12,181,8,212,221,261,341,581,LR,time,3
194,0.324302052270596,194,12,182,8,211,222,262,342,582,LR,time,3
195,0.32372663120077194,195,12,183,8,210,223,263,343,583,LR,time,3
196,0.32237239689692615,196,13,183,7,210,218,253,323,533,LR,time,3
197,0.3217831269105658,197,13,184,7,209,219,254,324,534,LR,time,3
198,0.3212554550579163,198,13,185,7,208,220,255,325,535,LR,time,3
199,0.3200522896224818,199,13,186,7,207,221,256,326,536,LR,time,3
200,0.31660261009325186,200,13,187,7,206,222,257,327,537,LR,time,3
201,0.3165501808971868,201,13,188,7,205,223,258,328,538,LR,time,3
202,0.3155202915207257,202,13,189,7,204,224,259,329,539,LR,time,3
203,0.3120184801947771,203,13,190,7,203,225,260,330,540,LR,time,3
204,0.31010262292498814,204,13,191,7,202,226,261,331,541,LR,time,3
205,0.30624350961736263,205,13,192,7,201,227,262,332,542,LR,time,3
206,0.30489751183518154,206,13,193,7,200,228,263,333,543,LR,time,3
207,0.30225489097339187,207,13,194,7,199,229,264,334,544,LR,time,3
208,0.30224859961661193,208,13,195,7,198,230,265,335,545,LR,time,3
209,0.30214755322925135,209,13,196,7,197,231,266,336,546,LR,time,3
210,0.3020453366269602,210,13,197,7,196,232,267,337,547,LR,time,3
211,0.30169512454080327,211,13,198,7,195,233,268,338,548,LR,time,3
212,0.3005931671919619,212,13,199,7,194,234,269,339,549,LR,time,3
213,0.29999053011042626,213,13,200,7,193,235,270,340,550,LR,time,3
214,0.29958078475471533,214,13,201,7,192,236,271,341,551,LR,time,3
215,0.29930234704770076,215,13,202,7,191,237,272,342,552,LR,time,3
216,0.29807047918529256,216,13,203,7,190,238,273,343,553,LR,time,3
217,0.2965027270918371,217,13,204,7,189,239,274,344,554,LR,time,3
218,0.2950434368264607,218,13,205,7,188,240,275,345,555,LR,time,3
219,0.2930487257322347,219,13,206,7,187,241,276,346,556,LR,time,3
220,0.29234140744236936,220,13,207,7,186,242,277,347,557,LR,time,3
221,0.2918995513608736,221,13,208,7,185,243,278,348,558,LR,time,3
222,0.2917119911557575,222,14,208,6,185,238,268,328,508,LR,time,3
223,0.29166871934244876,223,14,209,6,184,239,269,329,509,LR,time,3
224,0.29159987539223053,224,14,210,6,183,240,270,330,510,LR,time,3
225,0.29105152103631293,225,14,211,6,182,241,271,331,511,LR,time,3
226,0.2909472417606359,226,14,212,6,181,242,272,332,512,LR,time,3
227,0.2905217399729255,227,14,213,6,180,243,273,333,513,LR,time,3
228,0.29037732680530537,228,15,213,5,180,238,263,313,463,LR,time,3
229,0.2903342917217922,229,15,214,5,179,239,264,314,464,LR,time,3
230,0.2900607524267736,230,16,214,4,179,234,254,294,414,LR,time,3
231,0.2899848117288017,231,16,215,4,178,235,255,295,415,LR,time,3
232,0.28983570705188005,232,16,216,4,177,236,256,296,416,LR,time,3
233,0.288627643937902,233,16,217,4,176,237,257,297,417,LR,time,3
234,0.28851754944190394,234,16,218,4,175,238,258,298,418,LR,time,3
235,0.28824515030719283,235,16,219,4,174,239,259,299,419,LR,time,3
236,0.28821685886311843,236,16,220,4,173,240,260,300,420,LR,time,3
237,0.2880632346542133,237,16,221,4,172,241,261,301,421,LR,time,3
238,0.28716248679592,238,16,222,4,171,242,262,302,422,LR,time,3
239,0.28711634845580036,239,16,223,4,170,243,263,303,423,LR,time,3
240,0.2870042544349675,240,16,224,4,169,244,264,304,424,LR,time,3
241,0.28690955201675405,241,16,225,4,168,245,265,305,425,LR,time,3
242,0.2853871705507061,242,16,226,4,167,246,266,306,426,LR,time,3
243,0.2849488500572649,243,16,227,4,166,247,267,307,427,LR,time,3
244,0.2843180761419858,244,16,228,4,165,248,268,308,428,LR,time,3
245,0.28431459166327194,245,16,229,4,164,249,269,309,429,LR,time,3
246,0.28420725732958513,246,16,230,4,163,250,270,310,430,LR,time,3
247,0.28410372372207515,247,16,231,4,162,251,271,311,431,LR,time,3
248,0.2837745493284838,248,16,232,4,161,252,272,312,432,LR,time,3
249,0.2828087859225516,249,16,233,4,160,253,273,313,433,LR,time,3
250,0.28276629575384576,250,16,234,4,159,254,274,314,434,LR,time,3
251,0.28204675006476415,251,16,235,4,158,255,275,315,435,LR,time,3
252,0.2819865210213848,252,16,236,4,157,256,276,316,436,LR,time,3
253,0.28128488458431533,253,16,237,4,156,257,277,317,437,LR,time,3
254,0.28038536161083577,254,16,238,4,155,258,278,318,438,LR,time,3
255,0.2802108805864893,255,16,239,4,154,259,279,319,439,LR,time,3
256,0.28011339162942456,256,16,240,4,153,260,280,320,440,LR,time,3
257,0.27974963310236867,257,16,241,4,152,261,281,321,441,LR,time,3
258,0.27896550187832936,258,16,242,4,151,262,282,322,442,LR,time,3
259,0.27825604775411983,259,16,243,4,150,263,283,323,443,LR,time,3
260,0.2781610541821835,260,16,244,4,149,264,284,324,444,LR,time,3
261,0.277156624364402,261,16,245,4,148,265,285,325,445,LR,time,3
262,0.27664045749930893,262,16,246,4,147,266,286,326,446,LR,time,3
263,0.27656443082092785,263,16,247,4,146,267,287,327,447,LR,time,3
264,0.27648201629057156,264,16,248,4,145,268,288,328,448,LR,time,3
265,0.2761794207045417,265,16,249,4,144,269,289,329,449,LR,time,3
266,0.2761723361345071,266,16,250,4,143,270,290,330,450,LR,time,3
267,0.27601169531751035,267,16,251,4,142,271,291,331,451,LR,time,3
268,0.2758130656246185,268,16,252,4,141,272,292,332,452,LR,time,3
269,0.2758031963182339,269,16,253,4,140,273,293,333,453,LR,time,3
270,0.27514642079428625,270,16,254,4,139,274,294,334,454,LR,time,3
271,0.2747883572422812,271,16,255,4,138,275,295,335,455,LR,time,3
272,0.2746347954812592,272,16,256,4,137,276,296,336,456,LR,time,3
273,0.27417722086545065,273,16,257,4,136,277,297,337,457,LR,time,3
274,0.27374251603075905,274,16,258,4,135,278,298,338,458,LR,time,3
275,0.2737195331601114,275,16,259,4,134,279,299,339,459,LR,time,3
276,0.2710761326769374,276,16,260,4,133,280,300,340,460,LR,time,3
277,0.2707056881551913,277,16,261,4,132,281,301,341,461,LR,time,3
278,0.27054392881926137,278,16,262,4,131,282,302,342,462,LR,time,3
279,0.2701939532620595,279,16,263,4,130,283,303,343,463,LR,time,3
280,0.2692043890848012,280,17,263,3,130,278,293,323,413,LR,time,3
281,0.2686631484925905,281,17,264,3,129,279,294,324,414,LR,time,3
282,0.2685895562001027,282,17,265,3,128,280,295,325,415,LR,time,3
283,0.26683547730880386,283,17,266,3,127,281,296,326,416,LR,time,3
284,0.2664915510845752,284,17,267,3,126,282,297,327,417,LR,time,3
285,0.26589035933367455,285,17,268,3,125,283,298,328,418,LR,time,3
286,0.2658418346153786,286,17,269,3,124,284,299,329,419,LR,time,3
287,0.2651833809589213,287,17,270,3,123,285,300,330,420,LR,time,3
288,0.26486841390321425,288,17,271,3,122,286,301,331,421,LR,time,3
289,0.26228278063504495,289,17,272,3,121,287,302,332,422,LR,time,3
290,0.2616240119903361,290,17,273,3,120,288,303,333,423,LR,time,3
291,0.26146115990042046,291,17,274,3,119,289,304,334,424,LR,time,3
292,0.2595186835538766,292,17,275,3,118,290,305,335,425,LR,time,3
293,0.2585650552415165,293,17,276,3,117,291,306,336,426,LR,time,3
294,0.25845931331437894,294,17,277,3,116,292,307,337,427,LR,time,3
295,0.25840741160617825,295,17,278,3,115,293,308,338,428,LR,time,3
296,0.25544653434237474,296,17,279,3,114,294,309,339,429,LR,time,3
297,0.2545751778087621,297,18,279,2,114,289,299,319,379,LR,time,3
298,0.25384021597723716,298,18,280,2,113,290,300,320,380,LR,time,3
299,0.2532761499698366,299,18,281,2,112,291,301,321,381,LR,time,3
300,0.2519598605491181,300,18,282,2,111,292,302,322,382,LR,time,3
301,0.25158871736531285,301,18,283,2,110,293,303,323,383,LR,time,3
302,0.25151537575803995,302,19,283,1,110,288,293,303,333,LR,time,3
303,0.25087390150906475,303,19,284,1,109,289,294,304,334,LR,time,3
304,0.2507978890577387,304,19,285,1,108,290,295,305,335,LR,time,3
305,0.25071629811513557,305,19,286,1,107,291,296,306,336,LR,time,3
306,0.2500011475593039,306,19,287,1,106,292,297,307,337,LR,time,3
307,0.24926327896891134,307,19,288,1,105,293,298,308,338,LR,time,3
308,0.24855733873661803,308,19,289,1,104,294,299,309,339,LR,time,3
309,0.24738375296026766,309,19,290,1,103,295,300,310,340,LR,time,3
310,0.24727661759321434,310,19,291,1,102,296,301,311,341,LR,time,3
311,0.2472018167290618,311,19,292,1,101,297,302,312,342,LR,time,3
312,0.24420839440822018,312,19,293,1,100,298,303,313,343,LR,time,3
313,0.2422321869553168,313,19,294,1,99,299,304,314,344,LR,time,3
314,0.24176096891669652,314,19,295,1,98,300,305,315,345,LR,time,3
315,0.2414977744576464,315,19,296,1,97,301,306,316,346,LR,time,3
316,0.2400274439113264,316,19,297,1,96,302,307,317,347,LR,time,3
317,0.23922202053526015,317,19,298,1,95,303,308,318,348,LR,time,3
318,0.23917956600924856,318,19,299,1,94,304,309,319,349,LR,time,3
319,0.23900748337547245,319,19,300,1,93,305,310,320,350,LR,time,3
320,0.23891023806073544,320,19,301,1,92,306,311,321,351,LR,time,3
321,0.23354919106033956,321,19,302,1,91,307,312,322,352,LR,time,3
322,0.2333210877900065,322,19,303,1,90,308,313,323,353,LR,time,3
323,0.23216185390367422,323,19,304,1,89,309,314,324,354,LR,time,3
324,0.23098051276817225,324,19,305,1,88,310,315,325,355,LR,time,3
325,0.22653670180819385,325,19,306,1,87,311,316,326,356,LR,time,3
326,0.22627659057076754,326,19,307,1,86,312,317,327,357,LR,time,3
327,0.2240871972003978,327,19,308,1,85,313,318,328,358,LR,time,3
328,0.22159270685154703,328,19,309,1,84,314,319,329,359,LR,time,3
329,0.22060119609964846,329,19,310,1,83,315,320,330,360,LR,time,3
330,0.2172174084973571,330,19,311,1,82,316,321,331,361,LR,time,3
331,0.21685861655746957,331,19,312,1,81,317,322,332,362,LR,time,3
332,0.21598896492306482,332,19,313,1,80,318,323,333,363,LR,time,3
333,0.21522606131079214,333,19,314,1,79,319,324,334,364,LR,time,3
334,0.21455904290314975,334,19,315,1,78,320,325,335,365,LR,time,3
335,0.21298970634015743,335,19,316,1,77,321,326,336,366,LR,time,3
336,0.2110140196491714,336,19,317,1,76,322,327,337,367,LR,time,3
337,0.20285539870533434,337,19,318,1,75,323,328,338,368,LR,time,3
338,0.19661970111073576,338,19,319,1,74,324,329,339,369,LR,time,3
339,0.1906627660457973,339,19,320,1,73,325,330,340,370,LR,time,3
340,0.18972522676824827,340,19,321,1,72,326,331,341,371,LR,time,3
341,0.1881370107002367,341,19,322,1,71,327,332,342,372,LR,time,3
342,0.18784632974099758,342,19,323,1,70,328,333,343,373,LR,time,3
343,0.1862275358646826,343,19,324,1,69,329,334,344,374,LR,time,3
344,0.18521531564437457,344,19,325,1,68,330,335,345,375,LR,time,3
345,0.18385836367613564,345,19,326,1,67,331,336,346,376,LR,time,3
346,0.1838017550951288,346,19,327,1,66,332,337,347,377,LR,time,3
347,0.18119409206651904,347,19,328,1,65,333,338,348,378,LR,time,3
348,0.18020294521745187,348,19,329,1,64,334,339,349,379,LR,time,3
349,0.17891510197341712,349,19,330,1,63,335,340,350,380,LR,time,3
350,0.17580328695310832,350,19,331,1,62,336,341,351,381,LR,time,3
351,0.17529590262506095,351,19,332,1,61,337,342,352,382,LR,time,3
352,0.17504066008494643,352,19,333,1,60,338,343,353,383,LR,time,3
353,0.17363262864003154,353,19,334,1,59,339,344,354,384,LR,time,3
354,0.1722353273771985,354,19,335,1,58,340,345,355,385,LR,time,3
355,0.1710445282734356,355,19,336,1,57,341,346,356,386,LR,time,3
356,0.17081330648773077,356,19,337,1,56,342,347,357,387,LR,time,3
357,0.1694532621119311,357,19,338,1,55,343,348,358,388,LR,time,3
358,0.16850304029965826,358,19,339,1,54,344,349,359,389,LR,time,3
359,0.16760020594969066,359,19,340,1,53,345,350,360,390,LR,time,3
360,0.16673510943828176,360,19,341,1,52,346,351,361,391,LR,time,3
361,0.16636315623873144,361,19,342,1,51,347,352,362,392,LR,time,3
362,0.16634502717951824,362,19,343,1,50,348,353,363,393,LR,time,3
363,0.16603528095269235,363,19,344,1,49,349,354,364,394,LR,time,3
364,0.16449869545977117,364,19,345,1,48,350,355,365,395,LR,time,3
365,0.16370176846977688,365,19,346,1,47,351,356,366,396,LR,time,3
366,0.16368561090503322,366,19,347,1,46,352,357,367,397,LR,time,3
367,0.1636532951650625,367,19,348,1,45,353,358,368,398,LR,time,3
368,0.1622061098163934,368,19,349,1,44,354,359,369,399,LR,time,3
369,0.1607623669858348,369,19,350,1,43,355,360,370,400,LR,time,3
370,0.15771902355586326,370,20,350,0,43,350,350,350,350,LR,time,3
371,0.154992795389631,371,20,351,0,42,351,351,351,351,LR,time,3
372,0.1542574400465698,372,20,352,0,41,352,352,352,352,LR,time,3
373,0.15418779615109277,373,20,353,0,40,353,353,353,353,LR,time,3
374,0.15414036645451293,374,20,354,0,39,354,354,354,354,LR,time,3
375,0.1529367095163699,375,20,355,0,38,355,355,355,355,LR,time,3
376,0.1492934576811561,376,20,356,0,37,356,356,356,356,LR,time,3
377,0.1483703514443706,377,20,357,0,36,357,357,357,357,LR,time,3
378,0.14743884085691786,378,20,358,0,35,358,358,358,358,LR,time,3
379,0.14728024257098188,379,20,359,0,34,359,359,359,359,LR,time,3
380,0.1462821801804038,380,20,360,0,33,360,360,360,360,LR,time,3
381,0.14601591221909865,381,20,361,0,32,361,361,361,361,LR,time,3
382,0.144898791263004,382,20,362,0,31,362,362,362,362,LR,time,3
383,0.1441258449325148,383,20,363,0,30,363,363,363,363,LR,time,3
384,0.14363488776308933,384,20,364,0,29,364,364,364,364,LR,time,3
385,0.1430608754911537,385,20,365,0,28,365,365,365,365,LR,time,3
386,0.14174116649773663,386,20,366,0,27,366,366,366,366,LR,time,3
387,0.1408168251504502,387,20,367,0,26,367,367,367,367,LR,time,3
388,0.14081397488032615,388,20,368,0,25,368,368,368,368,LR,time,3
389,0.13960530802951698,389,20,369,0,24,369,369,369,369,LR,time,3
390,0.13952726646857008,390,20,370,0,23,370,370,370,370,LR,time,3
391,0.13814671112752053,391,20,371,0,22,371,371,371,371,LR,time,3
392,0.1344947796989082,392,20,372,0,21,372,372,372,372,LR,time,3
393,0.13391288621308023,393,20,373,0,20,373,373,373,373,LR,time,3
394,0.13306081219041732,394,20,374,0,19,374,374,374,374,LR,time,3
395,0.133037120434824,395,20,375,0,18,375,375,375,375,LR,time,3
396,0.13136676651914647,396,20,376,0,17,376,376,376,376,LR,time,3
397,0.13027875043440787,397,20,377,0,16,377,377,377,377,LR,time,3
398,0.13014445503986408,398,20,378,0,15,378,378,378,378,LR,time,3
399,0.12980097570595023,399,20,379,0,14,379,379,379,379,LR,time,3
400,0.1291869229019557,400,20,380,0,13,380,380,380,380,LR,time,3
401,0.12590282488478047,401,20,381,0,12,381,381,381,381,LR,time,3
402,0.12124233508745613,402,20,382,0,11,382,382,382,382,LR,time,3
403,0.11366863866495334,403,20,383,0,10,383,383,383,383,LR,time,3
404,0.11264067011755356,404,20,384,0,9,384,384,384,384,LR,time,3
405,0.11219545505281897,405,20,385,0,8,385,385,385,385,LR,time,3
406,0.107263354534449,406,20,386,0,7,386,386,386,386,LR,time,3
407,0.10153522779251457,407,20,387,0,6,387,387,387,387,LR,time,3
408,0.08669173148540661,408,20,388,0,5,388,388,388,388,LR,time,3
409,0.08374599861204582,409,20,389,0,4,389,389,389,389,LR,time,3
410,0.07708576300323444,410,20,390,0,3,390,390,390,390,LR,time,3
411,0.040468707017797055,411,20,391,0,2,391,391,391,391,LR,time,3
412,0.033015123629360335,412,20,392,0,1,392,392,392,392,LR,time,3
413,-inf,413,20,393,0,0,393,393,393,393,LR,time,3
0,inf,0,0,0,21,340,105,210,420,1050,LR,holdout,0
1,0.853185979692644,1,0,1,21,339,106,211,421,1051,LR,holdout,0
2,0.8325241843172982,2,0,2,21,338,107,212,422,1052,LR,holdout,0
3,0.812747402290846,3,0,3,21,337,108,213,423,1053,LR,holdout,0
4,0.808836716398315,4,0,4,21,336,109,214,424,1054,LR,holdout,0
5,0.801096016981793,5,0,5,21,335,110,215,425,1055,LR,holdout,0
6,0.797415173375207,6,0,6,21,334,111,216,426,1056,LR,holdout,0
7,0.7895741223987732,7,0,7,21,333,112,217,427,1057,LR,holdout,0
8,0.7855771085332033,8,0,8,21,332,113,218,428,1058,LR,holdout,0
9,0.7831361120368464,9,0,9,21,331,114,219,429,1059,LR,holdout,0
10,0.7647743184714821,10,0,10,21,330,115,220,430,1060,LR,holdout,0
11,0.7498351124421869,11,0,11,21,329,116,221,431,1061,LR,holdout,0
12,0.7375083317971798,12,0,12,21,328,117,222,432,1062,LR,holdout,0
13,0.737198938988411,13,0,13,21,327,118,223,433,1063,LR,holdout,0
14,0.7353149839705333,14,0,14,21,326,119,224,434,1064,LR,holdout,0
15,0.7233093896872194,15,0,15,21,325,120,225,435,1065,LR,holdout,0
16,0.7137745002844539,16,0,16,21,324,121,226,436,1066,LR,holdout,0
17,0.7018430010035175,17,0,17,21,323,122,227,437,1067,LR,holdout,0
18,0.6961583831259185,18,0,18,21,322,123,228,438,1068,LR,holdout,0
19,0.6925856060407826,19,0,19,21,321,124,229,439,1069,LR,holdout,0
20,0.6887312486528141,20,0,20,21,320,125,230,440,1070,LR,holdout,0
21,0.6839365228099004,21,0,21,21,319,126,231,441,1071,LR,holdout,0
22,0.6837165844918229,22,0,22,21,318,127,232,442,1072,LR,holdout,0
23,0.6811814499447697,23,0,23,21,317,128,233,443,1073,LR,holdout,0
24,0.6785838598061849,24,0,24,21,316,129,234,444,1074,LR,holdout,0
25,0.6723209262105566,25,0,25,21,315,130,235,445,1075,LR,holdout,0
26,0.6717105736773863,26,0,26,21,314,131,236,446,1076,LR,holdout,0
27,0.6709945360897981,27,1,26,20,314,126,226,426,1026,LR,holdout,0
28,0.6709588817267189,28,1,27,20,313,127,227,427,1027,LR,holdout,0
29,0.667572349048834,29,1,28,20,312,128,228,428,1028,LR,holdout,0
30,0.6653204174838704,30,1,29,20,311,129,229,429,1029,LR,holdout,0
31,0.6620016741357312,31,1,30,20,310,130,230,430,1030,LR,holdout,0
32,0.6605475470427236,32,1,31,20,309,131,231,431,1031,LR,holdout,0
33,0.6586827723237807,33,1,32,20,308,132,232,432,1032,LR,holdout,0
34,0.6547001622419689,34,1,33,20,307,133,233,433,1033,LR,holdout,0
35,0.6529614621056941,35,1,34,20,306,134,234,434,1034,LR,holdout,0
36,0.6521631990837431,36,1,35,20,305,135,235,435,1035,LR,holdout,0
37,0.6499718382372001,37,2,35,19,305,130,225,415,985,LR,holdout,0
38,0.6484123524925991,38,2,36,19,304,131,226,416,986,LR,holdout,0
39,0.6479341124781817,39,2,37,19,303,132,227,417,987,LR,holdout,0
40,0.6473926069303969,40,2,38,19,302,133,228,418,988,LR,holdout,0
41,0.6472936432989737,41,2,39,19,301,134,229,419,989,LR,holdout,0
42,0.642943810384769,42,2,40,19,300,135,230,420,990,LR,holdout,0
43,0.6397117094090766,43,2,41,19,299,136,231,421,991,LR,holdout,0
44,0.6369712863852358,44,2,42,19,298,137,232,422,992,LR,holdout,0
45,0.6360987176984382,45,2,43,19,297,138,233,423,993,LR,holdout,0
46,0.6334501432299627,46,2,44,19,296,139,234,424,994,LR,holdout,0
47,0.6328420324932345,47,2,45,19,295,140,235,425,995,LR,holdout,0
48,0.6250198715627237,48,2,46,19,294,141,236,426,996,LR,holdout,0
49,0.6244996403161157,49,3,46,18,294,136,226,406,946,LR,holdout,0
50,0.6234821811324868,50,3,47,18,293,137,227,407,947,LR,holdout,0
51,0.6210365405146793,51,3,48,18,292,138,228,408,948,LR,holdout,0
52,0.6190402941284824,52,3,49,18,291,139,229,409,949,LR,holdout,0
53,0.6163368851034798,53,3,50,18,290,140,230,410,950,LR,holdout,0
54,0.6124470580864265,54,4,50,17,290,135,220,390,900,LR,holdout,0
55,0.6121201123315827,55,4,51,17,289,136,221,391,901,LR,holdout,0
56,0.6117496735823246,56,4,52,17,288,137,222,392,902,LR,holdout,0
57,0.611574352120131,57,4,53,17,287,138,223,393,903,LR,holdout,0
58,0.6070255488590665,58,4,54,17,286,139,224,394,904,LR,holdout,0
59,0.6030946072529437,59,4,55,17,285,140,225,395,905,LR,holdout,0
60,0.5975989549778604,60,4,56,17,284,141,226,396,906,LR,holdout,0
61,0.5970710859647052,61,4,57,17,283,142,227,397,907,LR,holdout,0
62,0.5947188795362442,62,4,58,17,282,143,228,398,908,LR,holdout,0
63,0.5898690659995661,63,5,58,16,282,138,218,378,858,LR,holdout,0
64,0.5889976607265495,64,5,59,16,281,139,219,379,859,LR,holdout,0
65,0.5874760261206685,65,5,60,16,280,140,220,380,860,LR,holdout,0
66,0.5820361252817418,66,5,61,16,279,141,221,381,861,LR,holdout,0
67,0.579298309737342,67,5,62,16,278,142,222,382,862,LR,holdout,0
68,0.5791427203422856,68,5,63,16,277,143,223,383,863,LR,holdout,0
69,0.5713576373309559,69,5,64,16,276,144,224,384,864,LR,holdout,0
70,0.5712234671863369,70,5,65,16,275,145,225,385,865,LR,holdout,0
71,0.5679244968125324,71,5,66,16,274,146,226,386,866,LR,holdout,0
72,0.5674783488702786,72,5,67,16,273,147,227,387,867,LR,holdout,0
73,0.5628565578517312,73,5,68,16,272,148,228,388,868,LR,holdout,0
74,0.5603739773691114,74,5,69,16,271,149,229,389,869,LR,holdout,0
75,0.5589721623920708,75,5,70,16,270,150,230,390,870,LR,holdout,0
76,0.5554563678885185,76,5,71,16,269,151,231,391,871,LR,holdout,0
77,0.5489619218737231,77,5,72,16,268,152,232,392,872,LR,holdout,0
78,0.5379224498622726,78,5,73,16,267,153,233,393,873,LR,holdout,0
79,0.5357359379844366,79,5,74,16,266,154,234,394,874,LR,holdout,0
80,0.5337531746213617,80,5,75,16,265,155,235,395,875,LR,holdout,0
81,0.5328468378981517,81,6,75,15,265,150,225,375,825,LR,holdout,0
82,0.5319008087129689,82,6,76,15,264,151,226,376,826,LR,holdout,0
83,0.5311751890874049,83,6,77,15,263,152,227,377,827,LR,holdout,0
84,0.5309953535367911,84,6,78,15,262,153,228,378,828,LR,holdout,0
85,0.5286143018495445,85,6,79,15,261,154,229,379,829,LR,holdout,0
86,0.5253267920511654,86,6,80,15,260,155,230,380,830,LR,holdout,0
87,0.5230348812159766,87,6,81,15,259,156,231,381,831,LR,holdout,0
88,0.5213298026989083,88,6,82,15,258,157,232,382,832,LR,holdout,0
89,0.5207948328821621,89,6,83,15,257,158,233,383,833,LR,holdout,0
90,0.5201791979219281,90,6,84,15,256,159,234,384,834,LR,holdout,0
91,0.5152947392648607,91,6,85,15,255,160,235,385,835,LR,holdout,0
92,0.5121347422942913,92,6,86,15,254,161,236,386,836,LR,holdout,0
93,0.5099873925574632,93,6,87,15,253,162,237,387,837,LR,holdout,0
94,0.5091649693071786,94,6,88,15,252,163,238,388,838,LR,holdout,0
95,0.5061089879244096,95,6,89,15,251,164,239,389,839,LR,holdout,0
96,0.4972043234862073,96,6,90,15,250,165,240,390,840,LR,holdout,0
97,0.49379783841622416,97,6,91,15,249,166,241,391,841,LR,holdout,0
98,0.4936627585786316,98,7,91,14,249,161,231,371,791,LR,holdout,0
99,0.4929887713176169,99,7,92,14,248,162,232,372,792,LR,holdout,0
100,0.4917070173498607,100,7,93,14,247,163,233,373,793,LR,holdout,0
101,0.4890549774272524,101,8,93,13,247,158,223,353,743,LR,holdout,0
102,0.48737234280882386,102,8,94,13,246,159,224,354,744,LR,holdout,0
103,0.48733193649888995,103,8,95,13,245,160,225,355,745,LR,holdout,0
104,0.4825950863134971,104,8,96,13,244,161,226,356,746,LR,holdout,0
105,0.4821276461181119,105,8,97,13,243,162,227,357,747,LR,holdout,0
106,0.47919469476153415,106,8,98,13,242,163,228,358,748,LR,holdout,0
107,0.47713363224337957,107,8,99,13,241,164,229,359,749,LR,holdout,0
108,0.4757163483052435,108,8,100,13,240,165,230,360,750,LR,holdout,0
109,0.4751613255985589,109,8,101,13,239,166,231,361,751,LR,holdout,0
110,0.4740880821151748,110,8,102,13,238,167,232,362,752,LR,holdout,0
111,0.4735698705929454,111,8,103,13,237,168,233,363,753,LR,holdout,0
112,0.47267504136117167,112,8,104,13,236,169,234,364,754,LR,holdout,0
113,0.47176235034913744,113,8,105,13,235,170,235,365,755,LR,holdout,0
114,0.47122187884499134,114,8,106,13,234,171,236,366,756,LR,holdout,0
115,0.47093412204286644,115,8,107,13,233,172,237,367,757,LR,holdout,0
116,0.4691651503132929,116,9,107,12,233,167,227,347,707,LR,holdout,0
117,0.4641597845300397,117,9,108,12,232,168,228,348,708,LR,holdout,0
118,0.4582352393185061,118,9,109,12,231,169,229,349,709,LR,holdout,0
119,0.452382287266208,119,9,110,12,230,170,230,350,710,LR,holdout,0
120,0.45125571152746213,120,9,111,12,229,171,231,351,711,LR,holdout,0
121,0.45037796187729795,121,9,112,12,228,172,232,352,712,LR,holdout,0
122,0.44708183254387696,122,9,113,12,227,173,233,353,713,LR,holdout,0
123,0.4457679027021484,123,9,114,12,226,174,234,354,714,LR,holdout,0
124,0.4419560493086556,124,10,114,11,226,169,224,334,664,LR,holdout,0
125,0.4406554754299623,125,10,115,11,225,170,225,335,665,LR,holdout,0
126,0.44011045703943097,126,10,116,11,224,171,226,336,666,LR,holdout,0
127,0.43848676714613427,127,10,117,11,223,172,227,337,667,LR,holdout,0
128,0.43602301033428104,128,10,118,11,222,173,228,338,668,LR,holdout,0
129,0.4331158058679424,129,10,119,11,221,174,229,339,669,LR,holdout,0
130,0.4281292727140815,130,11,119,10,221,169,219,319,619,LR,holdout,0
131,0.4239498675385184,131,11,120,10,220,170,220,320,620,LR,holdout,0
132,0.4211758396493756,132,11,121,10,219,171,221,321,621,LR,holdout,0
133,0.42090972395385645,133,11,122,10,218,172,222,322,622,LR,holdout,0
134,0.4204433709346799,134,11,123,10,217,173,223,323,623,LR,holdout,0
135,0.41878559980661956,135,11,124,10,216,174,224,324,624,LR,holdout,0
136,0.4186827539610288,136,11,125,10,215,175,225,325,625,LR,holdout,0
137,0.4146857851621858,137,11,126,10,214,176,226,326,626,LR,holdout,0
138,0.41235802814108785,138,11,127,10,213,177,227,327,627,LR,holdout,0
139,0.41196836499340345,139,11,128,10,212,178,228,328,628,LR,holdout,0
140,0.4079480954036249,140,11,129,10,211,179,229,329,629,LR,holdout,0
141,0.4047943760679493,141,11,130,10,210,180,230,330,630,LR,holdout,0
142,0.40418811314296027,142,11,131,10,209,181,231,331,631,LR,holdout,0
143,0.4035534008120811,143,11,132,10,208,182,232,332,632,LR,holdout,0
144,0.4009873581338896,144,11,133,10,207,183,233,333,633,LR,holdout,0
145,0.40037775132815423,145,11,134,10,206,184,234,334,634,LR,holdout,0
146,0.40032180358738595,146,11,135,10,205,185,235,335,635,LR,holdout,0
147,0.3957708864809803,147,11,136,10,204,186,236,336,636,LR,holdout,0
148,0.3877974064951076,148,11,137,10,203,187,237,337,637,LR,holdout,0
149,0.3858883866370555,149,11,138,10,202,188,238,338,638,LR,holdout,0
150,0.3832299306485515,150,11,139,10,201,189,239,339,639,LR,holdout,0
151,0.3814244503630753,151,11,140,10,200,190,240,340,640,LR,holdout,0
152,0.3808779563679636,152,11,141,10,199,191,241,341,641,LR,holdout,0
153,0.3797877939060164,153,11,142,10,198,192,242,342,642,LR,holdout,0
154,0.3788433325383367,154,11,143,10,197,193,243,343,643,LR,holdout,0
155,0.378402566010211,155,12,143,9,197,188,233,323,593,LR,holdout,0
156,0.3783198456705062,156,12,144,9,196,189,234,324,594,LR,holdout,0
157,0.37823085030888776,157,12,145,9,195,190,235,325,595,LR,holdout,0
158,0.37642945088628255,158,12,146,9,194,191,236,326,596,LR,holdout,0
159,0.37640879106828923,159,13,146,8,194,186,226,306,546,LR,holdout,0
160,0.37637671861439437,160,13,147,8,193,187,227,307,547,LR,holdout,0
161,0.3732408690474984,161,13,148,8,192,188,228,308,548,LR,holdout,0
162,0.36765542551326535,162,13,149,8,191,189,229,309,549,LR,holdout,0
163,0.36705077999076263,163,13,150,8,190,190,230,310,550,LR,holdout,0
164,0.3656144990697805,164,13,151,8,189,191,231,311,551,LR,holdout,0
165,0.36337448159434527,165,13,152,8,188,192,232,312,552,LR,holdout,0
166,0.3631514649599601,166,13,153,8,187,193,233,313,553,LR,holdout,0
167,0.36262940374174746,167,13,154,8,186,194,234,314,554,LR,holdout,0
168,0.36153861510499347,168,13,155,8,185,195,235,315,555,LR,holdout,0
169,0.36145831360289443,169,13,156,8,184,196,236,316,556,LR,holdout,0
170,0.3598376928086808,170,13,157,8,183,197,237,317,557,LR,holdout,0
171,0.35979826100709356,171,13,158,8,182,198,238,318,558,LR,holdout,0
172,0.35867662113476856,172,13,159,8,181,199,239,319,559,LR,holdout,0
173,0.3577038498388782,173,13,160,8,180,200,240,320,560,LR,holdout,0
174,0.3520666561254888,174,13,161,8,179,201,241,321,561,LR,holdout,0
175,0.3497454241275348,175,13,162,8,178,202,242,322,562,LR,holdout,0
176,0.3479581160161396,176,13,163,8,177,203,243,323,563,LR,holdout,0
177,0.3468772269667127,177,13,164,8,176,204,244,324,564,LR,holdout,0
178,0.34534003004411434,178,13,165,8,175,205,245,325,565,LR,holdout,0
179,0.3444225875091251,179,13,166,8,174,206,246,326,566,LR,holdout,0
180,0.3436828545966599,180,13,167,8,173,207,247,327,567,LR,holdout,0
181,0.3435278835081967,181,13,168,8,172,208,248,328,568,LR,holdout,0
182,0.34311866802301355,182,13,169,8,171,209,249,329,569,LR,holdout,0
183,0.33785768828005597,183,13,170,8,170,210,250,330,570,LR,holdout,0
184,0.3372912012355816,184,13,171,8,169,211,251,331,571,LR,holdout,0
185,0.337278830841241,185,13,172,8,168,212,252,332,572,LR,holdout,0
186,0.3357470362605006,186,13,173,8,167,213,253,333,573,LR,holdout,0
187,0.33365784565775547,187,13,174,8,166,214,254,334,574,LR,holdout,0
188,0.33350777752740907,188,13,175,8,165,215,255,335,575,LR,holdout,0
189,0.3333124812071149,189,13,176,8,164,216,256,336,576,LR,holdout,0
190,0.33207323462774696,190,13,177,8,163,217,257,337,577,LR,holdout,0
191,0.33149774117760505,191,13,178,8,162,218,258,338,578,LR,holdout,0
192,0.33104020058838984,192,13,179,8,161,219,259,339,579,LR,holdout,0
193,0.33099365928280355,193,13,180,8,160,220,260,340,580,LR,holdout,0
194,0.32793313097412563,194,13,181,8,159,221,261,341,581,LR,holdout,0
195,0.3267069418638445,195,13,182,8,158,222,262,342,582,LR,holdout,0
196,0.32526220438225933,196,13,183,8,157,223,263,343,583,LR,holdout,0
197,0.3243648984481796,197,13,184,8,156,224,264,344,584,LR,holdout,0
198,0.32177319322507675,198,13,185,8,155,225,265,345,585,LR,holdout,0
199,0.3189471647987437,199,13,186,8,154,226,266,346,586,LR,holdout,0
200,0.318277050226356,200,13,187,8,153,227,267,347,587,LR,holdout,0
201,0.3177367961691454,201,13,188,8,152,228,268,348,588,LR,holdout,0
202,0.316462817714639,202,13,189,8,151,229,269,349,589,LR,holdout,0
203,0.31545334408136394,203,13,190,8,150,230,270,350,590,LR,holdout,0
204,0.3138750160389644,204,13,191,8,149,231,271,351,591,LR,holdout,0
205,0.3136457023706358,205,13,192,8,148,232,272,352,592,LR,holdout,0
206,0.31348923157225167,206,13,193,8,147,233,273,353,593,LR,holdout,0
207,0.31230330073421814,207,13,194,8,146,234,274,354,594,LR,holdout,0
208,0.30905566209541824,208,13,195,8,145,235,275,355,595,LR,holdout,0
209,0.30778855051347054,209,13,196,8,144,236,276,356,596,LR,holdout,0
210,0.30752828926448084,210,13,197,8,143,237,277,357,597,LR,holdout,0
211,0.30667248365770355,211,13,198,8,142,238,278,358,598,LR,holdout,0
212,0.3064598070007681,212,14,198,7,142,233,268,338,548,LR,holdout,0
213,0.3053495442938003,213,14,199,7,141,234,269,339,549,LR,holdout,0
214,0.3050818759915747,214,14,200,7,140,235,270,340,550,LR,holdout,0
215,0.30441766833577716,215,14,201,7,139,236,271,341,551,LR,holdout,0
216,0.3043504086976673,216,14,202,7,138,237,272,342,552,LR,holdout,0
217,0.303064598131725,217,14,203,7,137,238,273,343,553,LR,holdout,0
218,0.30191201313830346,218,14,204,7,136,239,274,344,554,LR,holdout,0
219,0.3017375044727308,219,14,205,7,135,240,275,345,555,LR,holdout,0
220,0.2999720619367084,220,14,206,7,134,241,276,346,556,LR,holdout,0
221,0.2993792684105893,221,14,207,7,133,242,277,347,557,LR,holdout,0
222,0.29326525121844577,222,14,208,7,132,243,278,348,558,LR,holdout,0
223,0.29166548612545673,223,14,209,7,131,244,279,349,559,LR,holdout,0
224,0.2895654731908801,224,14,210,7,130,245,280,350,560,LR,holdout,0
225,0.28841751006818456,225,14,211,7,129,246,281,351,561,LR,holdout,0
226,0.28782965209882366,226,14,212,7,128,247,282,352,562,LR,holdout,0
227,0.2869633899760991,227,14,213,7,127,248,283,353,563,LR,holdout,0
228,0.2843639675852877,228,14,214,7,126,249,284,354,564,LR,holdout,0
229,0.2834128604683013,229,14,215,7,125,250,285,355,565,LR,holdout,0
230,0.2830111044076063,230,14,216,7,124,251,286,356,566,LR,holdout,0
231,0.2795508659269348,231,14,217,7,123,252,287,357,567,LR,holdout,0
232,0.27745024959814635,232,14,218,7,122,253,288,358,568,LR,holdout,0
233,0.2773777069391334,233,14,219,7,121,254,289,359,569,LR,holdout,0
234,0.27717138320568224,234,14,220,7,120,255,290,360,570,LR,holdout,0
235,0.27560174069490007,235,14,221,7,119,256,291,361,571,LR,holdout,0
236,0.27380720881993587,236,14,222,7,118,257,292,362,572,LR,holdout,0
237,0.2713812028558468,237,15,222,6,118,252,282,342,522,LR,holdout,0
238,0.26965772308414315,238,15,223,6,117,253,283,343,523,LR,holdout,0
239,0.2676392895210765,239,15,224,6,116,254,284,344,524,LR,holdout,0
240,0.26729518689919046,240,15,225,6,115,255,285,345,525,LR,holdout,0
241,0.266889957049743,241,15,226,6,114,256,286,346,526,LR,holdout,0
242,0.2667975362532003,242,15,227,6,113,257,287,347,527,LR,holdout,0
243,0.2665591576834739,243,15,228,6,112,258,288,348,528,LR,holdout,0
244,0.2662894637295089,244,15,229,6,111,259,289,349,529,LR,holdout,0
245,0.26087565169630994,245,15,230,6,110,260,290,350,530,LR,holdout,0
246,0.25990841942966075,246,16,230,5,110,255,280,330,480,LR,holdout,0
247,0.2598962660942759,247,16,231,5,109,256,281,331,481,LR,holdout,0
248,0.25963190423351007,248,16,232,5,108,257,282,332,482,LR,holdout,0
249,0.2588430788532187,249,16,233,5,107,258,283,333,483,LR,holdout,0
250,0.2567027862885439,250,16,234,5,106,259,284,334,484,LR,holdout,0
251,0.2562776299690273,251,16,235,5,105,260,285,335,485,LR,holdout,0
252,0.25522856693994844,252,16,236,5,104,261,286,336,486,LR,holdout,0
253,0.25501581227413384,253,16,237,5,103,262,287,337,487,LR,holdout,0
254,0.25403475632703715,254,16,238,5,102,263,288,338,488,LR,holdout,0
255,0.2529278350673635,255,16,239,5,101,264,289,339,489,LR,holdout,0
256,0.2517249630760059,256,16,240,5,100,265,290,340,490,LR,holdout,0
257,0.2517238591590436,257,16,241,5,99,266,291,341,491,LR,holdout,0
258,0.25105681989697415,258,16,242,5,98,267,292,342,492,LR,holdout,0
259,0.25049229760100283,259,16,243,5,97,268,293,343,493,LR,holdout,0
260,0.2500099883138932,260,17,243,4,97,263,283,323,443,LR,holdout,0
261,0.24988489282734655,261,17,244,4,96,264,284,324,444,LR,holdout,0
262,0.2497721472030445,262,17,245,4,95,265,285,325,445,LR,holdout,0
263,0.24938375785467393,263,17,246,4,94,266,286,326,446,LR,holdout,0
264,0.2491762517760569,264,17,247,4,93,267,287,327,447,LR,holdout,0
265,0.24915661979322334,265,17,248,4,92,268,288,328,448,LR,holdout,0
266,0.24308112203917612,266,18,248,3,92,263,278,308,398,LR,holdout,0
267,0.24284032959059915,267,18,249,3,91,264,279,309,399,LR,holdout,0
268,0.2415644398635453,268,19,249,2,91,259,269,289,349,LR,holdout,0
269,0.24125875255903897,269,19,250,2,90,260,270,290,350,LR,holdout,0
270,0.23943720579574754,270,19,251,2,89,261,271,291,351,LR,holdout,0
271,0.23939355913519364,271,19,252,2,88,262,272,292,352,LR,holdout,0
272,0.23910584697578013,272,19,253,2,87,263,273,293,353,LR,holdout,0
273,0.2373700689424603,273,19,254,2,86,264,274,294,354,LR,holdout,0
274,0.23669725436927416,274,19,255,2,85,265,275,295,355,LR,holdout,0
275,0.23629118174817232,275,19,256,2,84,266,276,296,356,LR,holdout,0
276,0.23572198601116148,276,19,257,2,83,267,277,297,357,LR,holdout,0
277,0.23439582490708197,277,19,258,2,82,268,278,298,358,LR,holdout,0
278,0.23326197254008418,278,19,259,2,81,269,279,299,359,LR,holdout,0
279,0.2331707234744543,279,19,260,2,80,270,280,300,360,LR,holdout,0
280,0.2322670134414575,280,19,261,2,79,271,281,301,361,LR,holdout,0
281,0.2318843701063638,281,19,262,2,78,272,282,302,362,LR,holdout,0
282,0.23143836602323997,282,19,263,2,77,273,283,303,363,LR,holdout,0
283,0.22991807341963388,283,19,264,2,76,274,284,304,364,LR,holdout,0
284,0.22982735859683426,284,19,265,2,75,275,285,305,365,LR,holdout,0
285,0.22976090590498097,285,19,266,2,74,276,286,306,366,LR,holdout,0
286,0.22762831200909933,286,19,267,2,73,277,287,307,367,LR,holdout,0
287,0.22410070037989782,287,19,268,2,72,278,288,308,368,LR,holdout,0
288,0.22370673614122888,288,19,269,2,71,279,289,309,369,LR,holdout,0
289,0.22187120195987908,289,19,270,2,70,280,290,310,370,LR,holdout,0
290,0.22134965299113515,290,20,270,1,70,275,280,290,320,LR,holdout,0
291,0.22094337433815117,291,20,271,1,69,276,281,291,321,LR,holdout,0
292,0.22075001382441817,292,20,272,1,68,277,282,292,322,LR,holdout,0
293,0.22008211273672182,293,20,273,1,67,278,283,293,323,LR,holdout,0
294,0.21995265715244083,294,20,274,1,66,279,284,294,324,LR,holdout,0
295,0.21937966714495824,295,20,275,1,65,280,285,295,325,LR,holdout,0
296,0.21629381304250364,296,20,276,1,64,281,286,296,326,LR,holdout,0
297,0.2146417483911207,297,20,277,1,63,282,287,297,327,LR,holdout,0
298,0.2122980632301731,298,20,278,1,62,283,288,298,328,LR,holdout,0
299,0.2065319868579554,299,20,279,1,61,284,289,299,329,LR,holdout,0
300,0.2045591687872646,300,20,280,1,60,285,290,300,330,LR,holdout,0
301,0.20432429846729752,301,20,281,1,59,286,291,301,331,LR,holdout,0
302,0.2042849610039857,302,20,282,1,58,287,292,302,332,LR,holdout,0
303,0.20005083993914738,303,20,283,1,57,288,293,303,333,LR,holdout,0
304,0.19556183013683448,304,20,284,1,56,289,294,304,334,LR,holdout,0
305,0.19528210182814545,305,20,285,1,55,290,295,305,335,LR,holdout,0
306,0.19439313182952273,306,20,286,1,54,291,296,306,336,LR,holdout,0
307,0.1943522349429117,307,20,287,1,53,292,297,307,337,LR,holdout,0
308,0.19384410897416976,308,20,288,1,52,293,298,308,338,LR,holdout,0
309,0.1925587164179628,309,20,289,1,51,294,299,309,339,LR,holdout,0
310,0.19199987848372327,310,20,290,1,50,295,300,310,340,LR,holdout,0
311,0.19197733638520378,311,20,291,1,49,296,301,311,341,LR,holdout,0
312,0.18845723978149637,312,20,292,1,48,297,302,312,342,LR,holdout,0
313,0.1863268413951284,313,20,293,1,47,298,303,313,343,LR,holdout,0
314,0.18088314660766877,314,20,294,1,46,299,304,314,344,LR,holdout,0
315,0.17924161489627294,315,20,295,1,45,300,305,315,345,LR,holdout,0
316,0.17823740691695222,316,20,296,1,44,301,306,316,346,LR,holdout,0
317,0.17702765302061388,317,20,297,1,43,302,307,317,347,LR,holdout,0
318,0.17501659995711277,318,20,298,1,42,303,308,318,348,LR,holdout,0
319,0.1745513985883327,319,20,299,1,41,304,309,319,349,LR,holdout,0
320,0.1742382102948673,320,20,300,1,40,305,310,320,350,LR,holdout,0
321,0.16728194051674616,321,20,301,1,39,306,311,321,351,LR,holdout,0
322,0.1664070796359742,322,20,302,1,38,307,312,322,352,LR,holdout,0
323,0.16378003044710937,323,20,303,1,37,308,313,323,353,LR,holdout,0
324,0.16232449563670767,324,20,304,1,36,309,314,324,354,LR,holdout,0
325,0.16098714999553893,325,20,305,1,35,310,315,325,355,LR,holdout,0
326,0.160434250921679,326,20,306,1,34,311,316,326,356,LR,holdout,0
327,0.1601905199008214,327,20,307,1,33,312,317,327,357,LR,holdout,0
328,0.15966530761468797,328,21,307,0,33,307,307,307,307,LR,holdout,0
329,0.1590068430265095,329,21,308,0,32,308,308,308,308,LR,holdout,0
330,0.15877376996902598,330,21,309,0,31,309,309,309,309,LR,holdout,0
331,0.15869772546408684,331,21,310,0,30,310,310,310,310,LR,holdout,0
332,0.1544951558033183,332,21,311,0,29,311,311,311,311,LR,holdout,0
333,0.15015865635304532,333,21,312,0,28,312,312,312,312,LR,holdout,0
334,0.1486202602665659,334,21,313,0,27,313,313,313,313,LR,holdout,0
335,0.14119662904419844,335,21,314,0,26,314,314,314,314,LR,holdout,0
336,0.1387177479449234,336,21,315,0,25,315,315,315,315,LR,holdout,0
337,0.13710760945749237,337,21,316,0,24,316,316,316,316,LR,holdout,0
338,0.13108803440890854,338,21,317,0,23,317,317,317,317,LR,holdout,0
339,0.13088842534820672,339,21,318,0,22,318,318,318,318,LR,holdout,0
340,0.13076972599107936,340,21,319,0,21,319,319,319,319,LR,holdout,0
341,0.13038553373143227,341,21,320,0,20,320,320,320,320,LR,holdout,0
342,0.13007872807607446,342,21,321,0,19,321,321,321,321,LR,holdout,0
343,0.12871184767931365,343,21,322,0,18,322,322,322,322,LR,holdout,0
344,0.12709437579468444,344,21,323,0,17,323,323,323,323,LR,holdout,0
345,0.12470248834606878,345,21,324,0,16,324,324,324,324,LR,holdout,0
346,0.12454868477786692,346,21,325,0,15,325,325,325,325,LR,holdout,0
347,0.11997361593619145,347,21,326,0,14,326,326,326,326,LR,holdout,0
348,0.10342639780906936,348,21,327,0,13,327,327,327,327,LR,holdout,0
349,0.10238392771054261,349,21,328,0,12,328,328,328,328,LR,holdout,0
350,0.10129491822345159,350,21,329,0,11,329,329,329,329,LR,holdout,0
351,0.09884607659648735,351,21,330,0,10,330,330,330,330,LR,holdout,0
352,0.09006180926954958,352,21,331,0,9,331,331,331,331,LR,holdout,0
353,0.08228527551422815,353,21,332,0,8,332,332,332,332,LR,holdout,0
354,0.06689131004555632,354,21,333,0,7,333,333,333,333,LR,holdout,0
355,0.057840599707718286,355,21,334,0,6,334,334,334,334,LR,holdout,0
356,0.05744433687888237,356,21,335,0,5,335,335,335,335,LR,holdout,0
357,0.042755035797014534,357,21,336,0,4,336,336,336,336,LR,holdout,0
358,0.0333919771932929,358,21,337,0,3,337,337,337,337,LR,holdout,0
359,0.020011141146198345,359,21,338,0,2,338,338,338,338,LR,holdout,0
360,0.015796310954255936,360,21,339,0,1,339,339,339,339,LR,holdout,0
361,-inf,361,21,340,0,0,340,340,340,340,LR,holdout,0
0,inf,0,0,0,21,82,105,210,420,1050,CART,time,0
1,0.5502739896200263,1,0,1,21,81,106,211,421,1051,CART,time,0
2,0.5407843915847981,2,1,1,20,81,101,201,401,1001,CART,time,0
3,0.5267416827132142,3,1,2,20,80,102,202,402,1002,CART,time,0
4,0.5261656709015683,4,1,3,20,79,103,203,403,1003,CART,time,0
5,0.5251522839377167,5,1,4,20,78,104,204,404,1004,CART,time,0
6,0.5237683349667528,6,1,5,20,77,105,205,405,1005,CART,time,0
7,0.5017155888665473,7,1,6,20,76,106,206,406,1006,CART,time,0
8,0.5000887019166498,8,2,6,19,76,101,196,386,956,CART,time,0
9,0.4974956018720952,9,2,7,19,75,102,197,387,957,CART,time,0
10,0.4885314450373538,10,2,8,19,74,103,198,388,958,CART,time,0
11,0.4885155589003987,11,2,9,19,73,104,199,389,959,CART,time,0
12,0.48810104016586664,12,2,10,19,72,105,200,390,960,CART,time,0
13,0.48778642055965593,13,2,11,19,71,106,201,391,961,CART,time,0
14,0.4829954973727015,14,3,11,18,71,101,191,371,911,CART,time,0
15,0.4829678541809695,15,4,11,17,71,96,181,351,861,CART,time,0
16,0.46854741944181205,16,4,12,17,70,97,182,352,862,CART,time,0
17,0.4664560318941645,17,5,12,16,70,92,172,332,812,CART,time,0
18,0.4623232885592401,18,6,12,15,70,87,162,312,762,CART,time,0
19,0.456027957981943,20,7,13,14,69,83,153,293,713,CART,time,0
20,0.44891782502934485,21,7,14,14,68,84,154,294,714,CART,time,0
21,0.44070476216848126,22,7,15,14,67,85,155,295,715,CART,time,0
22,0.440016567424465,23,7,16,14,66,86,156,296,716,CART,time,0
23,0.4383263169408755,24,7,17,14,65,87,157,297,717,CART,time,0
24,0.43059414771733195,25,7,18,14,64,88,158,298,718,CART,time,0
25,0.4292816726265572,26,8,18,13,64,83,148,278,668,CART,time,0
26,0.42851138190026344,27,8,19,13,63,84,149,279,669,CART,time,0
27,0.40833166972575535,28,8,20,13,62,85,150,280,670,CART,time,0
28,0.3820063888065499,29,9,20,12,62,80,140,260,620,CART,time,0
29,0.3798916212940755,30,9,21,12,61,81,141,261,621,CART,time,0
30,0.3791809857220276,31,9,22,12,60,82,142,262,622,CART,time,0
31,0.372863350466158,32,9,23,12,59,83,143,263,623,CART,time,0
32,0.36707782398027816,33,9,24,12,58,84,144,264,624,CART,time,0
33,0.36427556347293766,34,9,25,12,57,85,145,265,625,CART,time,0
34,0.36253713262269877,35,9,26,12,56,86,146,266,626,CART,time,0
35,0.3614163556811496,36,9,27,12,55,87,147,267,627,CART,time,0
36,0.35863051138433616,37,9,28,12,54,88,148,268,628,CART,time,0
37,0.32862217536251553,38,9,29,12,53,89,149,269,629,CART,time,0
38,0.32565805743728504,39,9,30,12,52,90,150,270,630,CART,time,0
39,0.3253946760649197,40,10,30,11,52,85,140,250,580,CART,time,0
40,0.32531923612801344,41,10,31,11,51,86,141,251,581,CART,time,0
41,0.32510707068385375,42,10,32,11,50,87,142,252,582,CART,time,0
42,0.3152795535883309,43,10,33,11,49,88,143,253,583,CART,time,0
43,0.31106049526250346,44,10,34,11,48,89,144,254,584,CART,time,0
44,0.3103818831643912,45,11,34,10,48,84,134,234,534,CART,time,0
45,0.3070673136428709,46,12,34,9,48,79,124,214,484,CART,time,0
46,0.30102367483004305,47,12,35,9,47,80,125,215,485,CART,time,0
47,0.3004906875414339,48,12,36,9,46,81,126,216,486,CART,time,0
48,0.2961973056406965,49,12,37,9,45,82,127,217,487,CART,time,0
49,0.29487342717075216,50,12,38,9,44,83,128,218,488,CART,time,0
50,0.27988873711209533,51,12,39,9,43,84,129,219,489,CART,time,0
51,0.2789968986336894,52,12,40,9,42,85,130,220,490,CART,time,0
52,0.2718550125874653,53,12,41,9,41,86,131,221,491,CART,time,0
53,0.2702236508926253,54,12,42,9,40,87,132,222,492,CART,time,0
54,0.2670069055295395,55,12,43,9,39,88,133,223,493,CART,time,0
55,0.26038720565079376,56,13,43,8,39,83,123,203,443,CART,time,0
56,0.24356418309386643,57,13,44,8,38,84,124,204,444,CART,time,0
57,0.2400617538811,58,14,44,7,38,79,114,184,394,CART,time,0
58,0.23632899742855376,59,14,45,7,37,80,115,185,395,CART,time,0
59,0.2326769125468791,60,14,46,7,36,81,116,186,396,CART,time,0
60,0.22684356551628798,61,14,47,7,35,82,117,187,397,CART,time,0
61,0.21921696509797226,62,14,48,7,34,83,118,188,398,CART,time,0
62,0.21502698703304282,63,14,49,7,33,84,119,189,399,CART,time,0
63,0.2028047648108206,64,14,50,7,32,85,120,190,400,CART,time,0
64,0.1984947072847647,65,14,51,7,31,86,121,191,401,CART,time,0
65,0.18949683720367166,66,15,51,6,31,81,111,171,351,CART,time,0
66,0.17393327187002455,67,16,51,5,31,76,101,151,301,CART,time,0
67,0.1621589011573587,68,16,52,5,30,77,102,152,302,CART,time,0
68,0.15981854654818192,69,16,53,5,29,78,103,153,303,CART,time,0
69,0.1582494057532312,70,16,54,5,28,79,104,154,304,CART,time,0
70,0.15700722850925014,71,16,55,5,27,80,105,155,305,CART,time,0
71,0.153040681645411,72,16,56,5,26,81,106,156,306,CART,time,0
72,0.1519033226443082,73,16,57,5,25,82,107,157,307,CART,time,0
73,0.15130159887264077,74,16,58,5,24,83,108,158,308,CART,time,0
74,0.14798921584181218,75,16,59,5,23,84,109,159,309,CART,time,0
75,0.14715588250847883,76,16,60,5,22,85,110,160,310,CART,time,0
76,0.14617993529689943,77,16,61,5,21,86,111,161,311,CART,time,0
77,0.14534388277981242,78,16,62,5,20,87,112,162,312,CART,time,0
78,0.1442546479405776,79,16,63,5,19,88,113,163,313,CART,time,0
79,0.14154927897414832,80,16,64,5,18,89,114,164,314,CART,time,0
80,0.1398147822507119,81,16,65,5,17,90,115,165,315,CART,time,0
81,0.1395732593687515,82,16,66,5,16,91,116,166,316,CART,time,0
82,0.12999238242831207,83,16,67,5,15,92,117,167,317,CART,time,0
83,0.1283655520669225,84,17,67,4,15,87,107,147,267,CART,time,0
84,0.12237333480926442,85,17,68,4,14,88,108,148,268,CART,time,0
85,0.11282327992996934,86,18,68,3,14,83,98,128,218,CART,time,0
86,0.11267892435277285,87,18,69,3,13,84,99,129,219,CART,time,0
87,0.07960818104171621,88,18,70,3,12,85,100,130,220,CART,time,0
88,0.040928626853894694,89,18,71,3,11,86,101,131,221,CART,time,0
89,0.02909090909090909,90,18,72,3,10,87,102,132,222,CART,time,0
90,0.026453020118759833,91,18,73,3,9,88,103,133,223,CART,time,0
91,0.02277270818441023,92,19,73,2,9,83,93,113,173,CART,time,0
92,0.01324308910359635,93,19,74,2,8,84,94,114,174,CART,time,0
93,0.005797101449275362,95,19,76,2,6,86,96,116,176,CART,time,0
94,0.004166666666666667,96,19,77,2,5,87,97,117,177,CART,time,0
95,0.0005555555555555556,98,20,78,1,4,83,88,98,128,CART,time,0
96,-inf,103,21,82,0,0,82,82,82,82,CART,time,0
0,inf,0,0,0,1,206,5,10,20,50,CART,time,1
1,0.29407668572180706,1,0,1,1,205,6,11,21,51,CART,time,1
2,0.23921520414676783,2,0,2,1,204,7,12,22,52,CART,time,1
3,0.22416663588788055,3,0,3,1,203,8,13,23,53,CART,time,1
4,0.21726055530162486,4,0,4,1,202,9,14,24,54,CART,time,1
5,0.1936067910208023,5,0,5,1,201,10,15,25,55,CART,time,1
6,0.1783611866560122,6,0,6,1,200,11,16,26,56,CART,time,1
7,0.1727020420261745,7,0,7,1,199,12,17,27,57,CART,time,1
8,0.1719184211076697,8,0,8,1,198,13,18,28,58,CART,time,1
9,0.15892281737592795,9,0,9,1,197,14,19,29,59,CART,time,1
10,0.150274229844754,10,0,10,1,196,15,20,30,60,CART,time,1
11,0.14822895213424356,11,0,11,1,195,16,21,31,61,CART,time,1
12,0.13547648542895954,12,0,12,1,194,17,22,32,62,CART,time,1
13,0.1230150269959684,13,0,13,1,193,18,23,33,63,CART,time,1
14,0.1208495680431997,14,0,14,1,192,19,24,34,64,CART,time,1
15,0.1184848157713795,15,0,15,1,191,20,25,35,65,CART,time,1
16,0.11683003189168091,16,0,16,1,190,21,26,36,66,CART,time,1
17,0.11132430063108838,17,0,17,1,189,22,27,37,67,CART,time,1
18,0.10805362107851864,18,0,18,1,188,23,28,38,68,CART,time,1
19,0.10794965263500453,19,0,19,1,187,24,29,39,69,CART,time,1
20,0.10727316580479981,20,0,20,1,186,25,30,40,70,CART,time,1
21,0.10504017862380488,21,0,21,1,185,26,31,41,71,CART,time,1
22,0.09904556772518507,22,0,22,1,184,27,32,42,72,CART,time,1
23,0.0974099098530381,23,0,23,1,183,28,33,43,73,CART,time,1
24,0.09417456042021809,24,0,24,1,182,29,34,44,74,CART,time,1
25,0.09317564348725037,25,0,25,1,181,30,35,45,75,CART,time,1
26,0.08867649943751539,26,0,26,1,180,31,36,46,76,CART,time,1
27,0.0882451822275821,27,0,27,1,179,32,37,47,77,CART,time,1
28,0.08790930322432645,28,0,28,1,178,33,38,48,78,CART,time,1
29,0.08680305890481582,29,0,29,1,177,34,39,49,79,CART,time,1
30,0.0862940403543126,30,0,30,1,176,35,40,50,80,CART,time,1
31,0.08504729133290989,31,0,31,1,175,36,41,51,81,CART,time,1
32,0.08236243289702741,32,0,32,1,174,37,42,52,82,CART,time,1
33,0.07587865952532942,33,0,33,1,173,38,43,53,83,CART,time,1
34,0.0746430206102907,34,0,34,1,172,39,44,54,84,CART,time,1
35,0.07310145010263339,35,0,35,1,171,40,45,55,85,CART,time,1
36,0.0726440378249172,36,0,36,1,170,41,46,56,86,CART,time,1
37,0.07243443114991202,37,0,37,1,169,42,47,57,87,CART,time,1
38,0.07220639836039654,38,0,38,1,168,43,48,58,88,CART,time,1
39,0.07138553554416772,39,0,39,1,167,44,49,59,89,CART,time,1
40,0.06993723904307422,40,0,40,1,166,45,50,60,90,CART,time,1
41,0.06454490548664643,41,0,41,1,165,46,51,61,91,CART,time,1
42,0.06136293626693445,42,0,42,1,164,47,52,62,92,CART,time,1
43,0.06129286322478537,43,0,43,1,163,48,53,63,93,CART,time,1
44,0.06118209557041829,44,0,44,1,162,49,54,64,94,CART,time,1
45,0.06090418919138727,45,0,45,1,161,50,55,65,95,CART,time,1
46,0.06085393307851058,46,0,46,1,160,51,56,66,96,CART,time,1
47,0.060372236334584196,47,0,47,1,159,52,57,67,97,CART,time,1
48,0.0602030745913973,48,0,48,1,158,53,58,68,98,CART,time,1
49,0.05772879217791345,49,0,49,1,157,54,59,69,99,CART,time,1
50,0.05768853511366424,50,0,50,1,156,55,60,70,100,CART,time,1
51,0.057093297018426144,51,0,51,1,155,56,61,71,101,CART,time,1
52,0.056103586246106674,52,0,52,1,154,57,62,72,102,CART,time,1
53,0.056032674892278464,53,0,53,1,153,58,63,73,103,CART,time,1
54,0.05415198892810676,54,0,54,1,152,59,64,74,104,CART,time,1
55,0.05219502862015774,55,0,55,1,151,60,65,75,105,CART,time,1
56,0.051955037053983515,56,0,56,1,150,61,66,76,106,CART,time,1
57,0.04724716488968531,58,0,58,1,148,63,68,78,108,CART,time,1
58,0.04658049822301865,59,0,59,1,147,64,69,79,109,CART,time,1
59,0.043241401437136125,60,0,60,1,146,65,70,80,110,CART,time,1
60,0.04298220861902988,61,0,61,1,145,66,71,81,111,CART,time,1
61,0.04175365839617883,66,0,66,1,140,71,76,86,116,CART,time,1
62,0.04022064764621071,67,0,67,1,139,72,77,87,117,CART,time,1
63,0.037807714674900295,68,0,68,1,138,73,78,88,118,CART,time,1
64,0.037394220431114275,69,0,69,1,137,74,79,89,119,CART,time,1
65,0.037214533861868244,70,0,70,1,136,75,80,90,120,CART,time,1
66,0.03640502807545474,71,0,71,1,135,76,81,91,121,CART,time,1
67,0.036225704750740384,72,0,72,1,134,77,82,92,122,CART,time,1
68,0.03510242382827759,74,0,74,1,132,79,84,94,124,CART,time,1
69,0.03389492599796917,75,0,75,1,131,80,85,95,125,CART,time,1
70,0.03323752889912861,76,0,76,1,130,81,86,96,126,CART,time,1
71,0.033095253914691876,79,0,79,1,127,84,89,99,129,CART,time,1
72,0.03232571585075148,80,0,80,1,126,85,90,100,130,CART,time,1
73,0.03202333708121098,81,0,81,1,125,86,91,101,131,CART,time,1
74,0.031941228824105765,82,0,82,1,124,87,92,102,132,CART,time,1
75,0.031848640010239716,83,0,83,1,123,88,93,103,133,CART,time,1
76,0.03150795232739029,85,0,85,1,121,90,95,105,135,CART,time,1
77,0.031201343808546594,86,0,86,1,120,91,96,106,136,CART,time,1
78,0.030938515354000995,87,0,87,1,119,92,97,107,137,CART,time,1
79,0.030859542034406766,88,0,88,1,118,93,98,108,138,CART,time,1
80,0.030507952327390286,89,0,89,1,117,94,99,109,139,CART,time,1
81,0.02992809898597288,90,0,90,1,116,95,100,110,140,CART,time,1
82,0.029317057842093475,92,0,92,1,114,97,102,112,142,CART,time,1
83,0.02791128671285262,93,0,93,1,113,98,103,113,143,CART,time,1
84,0.02780190632694196,94,0,94,1,112,99,104,114,144,CART,time,1
85,0.026848723707092677,95,0,95,1,111,100,105,115,145,CART,time,1
86,0.026518069449565477,96,0,96,1,110,101,106,116,146,CART,time,1
87,0.025672895702438227,97,0,97,1,109,102,107,117,147,CART,time,1
88,0.02566845644349208,98,0,98,1,108,103,108,118,148,CART,time,1
89,0.025180240955276587,99,0,99,1,107,104,109,119,149,CART,time,1
90,0.02511833989337553,100,0,100,1,106,105,110,120,150,CART,time,1
91,0.02502743080246644,101,0,101,1,105,106,111,121,151,CART,time,1
92,0.024450941763556475,102,0,102,1,104,107,112,122,152,CART,time,1
93,0.024223620340119385,103,0,103,1,103,108,113,123,153,CART,time,1
94,0.023841285660723622,104,0,104,1,102,109,114,124,154,CART,time,1
95,0.023641590332594307,105,0,105,1,101,110,115,125,155,CART,time,1
96,0.02343726057013752,106,0,106,1,100,111,116,126,156,CART,time,1
97,0.023246461771497407,107,0,107,1,99,112,117,127,157,CART,time,1
98,0.02302266013720671,108,0,108,1,98,113,118,128,158,CART,time,1
99,0.022909631342505236,109,0,109,1,97,114,119,129,159,CART,time,1
100,0.022368620476989443,110,0,110,1,96,115,120,130,160,CART,time,1
101,0.022287835282781197,111,0,111,1,95,116,121,131,161,CART,time,1
102,0.022183465368259842,112,0,112,1,94,117,122,132,162,CART,time,1
103,0.02211215640019289,113,0,113,1,93,118,123,133,163,CART,time,1
104,0.022087204355736436,114,0,114,1,92,119,124,134,164,CART,time,1
105,0.021744358556973268,115,0,115,1,91,120,125,135,165,CART,time,1
106,0.02150756486593384,116,0,116,1,90,121,126,136,166,CART,time,1
107,0.02125516232401477,117,0,117,1,89,122,127,137,167,CART,time,1
108,0.020931661704744864,118,0,118,1,88,123,128,138,168,CART,time,1
109,0.020545202915148827,119,0,119,1,87,124,129,139,169,CART,time,1
110,0.020445248503122394,120,0,120,1,86,125,130,140,170,CART,time,1
111,0.020273136447965377,121,0,121,1,85,126,131,141,171,CART,time,1
112,0.02020731868850771,122,0,122,1,84,127,132,142,172,CART,time,1
113,0.020023028049905595,123,0,123,1,83,128,133,143,173,CART,time,1
114,0.01985898987254775,124,0,124,1,82,129,134,144,174,CART,time,1
115,0.01958030609926331,125,0,125,1,81,130,135,145,175,CART,time,1
116,0.019489397008354222,126,0,126,1,80,131,136,146,176,CART,time,1
117,0.019318746234231875,127,0,127,1,79,132,137,147,177,CART,time,1
118,0.019188879871753765,128,0,128,1,78,133,138,148,178,CART,time,1
119,0.018822730341687556,132,0,132,1,74,137,142,152,182,CART,time,1
120,0.018238583846952816,133,0,133,1,73,138,143,153,183,CART,time,1
121,0.017499150758132784,134,0,134,1,72,139,144,154,184,CART,time,1
122,0.01725260714186189,135,0,135,1,71,140,145,155,185,CART,time,1
123,0.016310108198666073,136,0,136,1,70,141,146,156,186,CART,time,1
124,0.016128857078689465,137,0,137,1,69,142,147,157,187,CART,time,1
125,0.015648127167084382,140,0,140,1,66,145,150,160,190,CART,time,1
126,0.015552532441090316,141,0,141,1,65,146,151,161,191,CART,time,1
127,0.014772409785967661,142,0,142,1,64,147,152,162,192,CART,time,1
128,0.014660357606232351,143,0,143,1,63,148,153,163,193,CART,time,1
129,0.014340141512235973,145,0,145,1,61,150,155,165,195,CART,time,1
130,0.01405018756374544,146,0,146,1,60,151,156,166,196,CART,time,1
131,0.013673474845569305,149,0,149,1,57,154,159,169,199,CART,time,1
132,0.013383520897078774,150,0,150,1,56,155,160,170,200,CART,time,1
133,0.0131011739588446,151,0,151,1,55,156,161,171,201,CART,time,1
134,0.012707901327847243,152,0,152,1,54,157,162,172,202,CART,time,1
135,0.012650824783701732,153,0,153,1,53,158,163,173,203,CART,time,1
136,0.012134600817474707,154,0,154,1,52,159,164,174,204,CART,time,1
137,0.011120599740545656,157,0,157,1,49,162,167,177,207,CART,time,1
138,0.010838126387378005,158,0,158,1,48,163,168,178,208,CART,time,1
139,0.010784123982003891,159,0,159,1,47,164,169,179,209,CART,time,1
140,0.010746791152261572,160,0,160,1,46,165,170,180,210,CART,time,1
141,0.010621175218066426,161,0,161,1,45,166,171,181,211,CART,time,1
142,0.0105242593525386,162,0,162,1,44,167,172,182,212,CART,time,1
143,0.010462438512697675,164,0,164,1,42,169,174,184,214,CART,time,1
144,0.010302743938551436,165,0,165,1,41,170,175,185,215,CART,time,1
145,0.010271674141392973,168,0,168,1,38,173,178,188,218,CART,time,1
146,0.01007893307387899,170,0,170,1,36,175,180,190,220,CART,time,1
147,0.009989215394685814,171,1,170,0,36,170,170,170,170,CART,time,1
148,0.009950308530241246,172,1,171,0,35,171,171,171,171,CART,time,1
149,0.009635393204245656,173,1,172,0,34,172,172,172,172,CART,time,1
150,0.00939812716708438,180,1,179,0,27,179,179,179,179,CART,time,1
151,0.009330992526867272,181,1,180,0,26,180,180,180,180,CART,time,1
152,0.009249453829386543,182,1,181,0,25,181,181,181,181,CART,time,1
153,0.009245599740545654,183,1,182,0,24,182,182,182,182,CART,time,1
154,0.009232496642812508,184,1,183,0,23,183,183,183,183,CART,time,1
155,0.008881424950277403,186,1,185,0,21,185,185,185,185,CART,time,1
156,0.008564793833751048,187,1,186,0,20,186,186,186,186,CART,time,1
157,0.00839475297468569,188,1,187,0,19,187,187,187,187,CART,time,1
158,0.008267857568678653,189,1,188,0,18,188,188,188,188,CART,time,1
159,0.008260064106955314,190,1,189,0,17,189,189,189,189,CART,time,1
160,0.008211636633032761,191,1,190,0,16,190,190,190,190,CART,time,1
161,0.00806034179914555,192,1,191,0,15,191,191,191,191,CART,time,1
162,0.007951474031406745,193,1,192,0,14,192,192,192,192,CART,time,1
163,0.007570610992007121,194,1,193,0,13,193,193,193,193,CART,time,1
164,0.007544969966366095,195,1,194,0,12,194,194,194,194,CART,time,1
165,0.007193898273830989,197,1,196,0,10,196,196,196,196,CART,time,1
166,0.006903944325340455,198,1,197,0,9,197,197,197,197,CART,time,1
167,0.006812642821624847,199,1,198,0,8,198,198,198,198,CART,time,1
168,0.006425018055445849,200,1,199,0,7,199,199,199,199,CART,time,1
169,0.006300689555419017,201,1,200,0,6,200,200,200,200,CART,time,1
170,0.005803292567547317,202,1,201,0,5,201,201,201,201,CART,time,1
171,0.005620176225894389,203,1,202,0,4,202,202,202,202,CART,time,1
172,0.005028382552719858,204,1,203,0,3,203,203,203,203,CART,time,1
173,0.0035913878383216713,205,1,204,0,2,204,204,204,204,CART,time,1
174,0.00339848660375377,206,1,205,0,1,205,205,205,205,CART,time,1
175,-inf,207,1,206,0,0,206,206,206,206,CART,time,1
0,inf,0,0,0,7,303,35,70,140,350,CART,time,2
1,0.3577840099395031,1,0,1,7,302,36,71,141,351,CART,time,2
2,0.31797068804356116,2,0,2,7,301,37,72,142,352,CART,time,2
3,0.2622481365305015,3,0,3,7,300,38,73,143,353,CART,time,2
4,0.24528668397322784,4,0,4,7,299,39,74,144,354,CART,time,2
5,0.24338192206846593,5,0,5,7,298,40,75,145,355,CART,time,2
6,0.22963263667213688,6,0,6,7,297,41,76,146,356,CART,time,2
7,0.227732564583388,7,0,7,7,296,42,77,147,357,CART,time,2
8,0.1924670736340995,8,0,8,7,295,43,78,148,358,CART,time,2
9,0.18659475975051232,9,0,9,7,294,44,79,149,359,CART,time,2
10,0.18432778628748137,10,0,10,7,293,45,80,150,360,CART,time,2
11,0.18291678338398068,11,0,11,7,292,46,81,151,361,CART,time,2
12,0.18275873114591876,12,0,12,7,291,47,82,152,362,CART,time,2
13,0.18228601608572212,13,0,13,7,290,48,83,153,363,CART,time,2
14,0.17814067697081087,14,0,14,7,289,49,84,154,364,CART,time,2
15,0.17076480854125148,15,0,15,7,288,50,85,155,365,CART,time,2
16,0.16362889146300785,16,0,16,7,287,51,86,156,366,CART,time,2
17,0.16101650284178887,17,0,17,7,286,52,87,157,367,CART,time,2
18,0.16013138190617568,18,0,18,7,285,53,88,158,368,CART,time,2
19,0.14882700907459384,19,0,19,7,284,54,89,159,369,CART,time,2
20,0.14873613280315834,20,0,20,7,283,55,90,160,370,CART,time,2
21,0.14866091127849723,21,0,21,7,282,56,91,161,371,CART,time,2
22,0.14681134527198972,22,0,22,7,281,57,92,162,372,CART,time,2
23,0.14379496678552836,23,0,23,7,280,58,93,163,373,CART,time,2
24,0.14333239751637938,24,0,24,7,279,59,94,164,374,CART,time,2
25,0.13847152540495616,25,0,25,7,278,60,95,165,375,CART,time,2
26,0.1378188341646433,26,0,26,7,277,61,96,166,376,CART,time,2
27,0.1355271674979766,27,1,26,6,277,56,86,146,326,CART,time,2
28,0.13510183380293778,28,1,27,6,276,57,87,147,327,CART,time,2
29,0.13386826136250357,29,1,28,6,275,58,88,148,328,CART,time,2
30,0.13007349886372468,30,1,29,6,274,59,89,149,329,CART,time,2
31,0.12791058084079773,31,1,30,6,273,60,90,150,330,CART,time,2
32,0.12250190591138391,32,1,31,6,272,61,91,151,331,CART,time,2
33,0.12164315231992287,33,1,32,6,271,62,92,152,332,CART,time,2
34,0.11836649613489186,34,1,33,6,270,63,93,153,333,CART,time,2
35,0.1155325289537378,35,1,34,6,269,64,94,154,334,CART,time,2
36,0.11300063203848504,36,1,35,6,268,65,95,155,335,CART,time,2
37,0.10773784226422883,37,1,36,6,267,66,96,156,336,CART,time,2
38,0.10757423245523152,38,1,37,6,266,67,97,157,337,CART,time,2
39,0.10735650593326992,39,1,38,6,265,68,98,158,338,CART,time,2
40,0.10324102885961052,40,1,39,6,264,69,99,159,339,CART,time,2
41,0.10237841994968548,41,1,40,6,263,70,100,160,340,CART,time,2
42,0.09971094149748896,42,1,41,6,262,71,101,161,341,CART,time,2
43,0.09951939858784316,43,1,42,6,261,72,102,162,342,CART,time,2
44,0.09831045934992089,44,1,43,6,260,73,103,163,343,CART,time,2
45,0.09790589417888543,45,1,44,6,259,74,104,164,344,CART,time,2
46,0.09619384719073983,46,1,45,6,258,75,105,165,345,CART,time,2
47,0.09480501125351086,47,1,46,6,257,76,106,166,346,CART,time,2
48,0.09411500538632174,49,1,48,6,255,78,108,168,348,CART,time,2
49,0.0932202313726252,50,1,49,6,254,79,109,169,349,CART,time,2
50,0.09258626410930122,51,1,50,6,253,80,110,170,350,CART,time,2
51,0.0904283067143789,52,1,51,6,252,81,111,171,351,CART,time,2
52,0.08998009956269139,53,1,52,6,251,82,112,172,352,CART,time,2
53,0.08400023711546196,54,1,53,6,250,83,113,173,353,CART,time,2
54,0.07770441158644002,55,1,54,6,249,84,114,174,354,CART,time,2
55,0.07740632213212814,56,1,55,6,248,85,115,175,355,CART,time,2
56,0.07681406467392266,57,1,56,6,247,86,116,176,356,CART,time,2
57,0.07670623768561888,58,1,57,6,246,87,117,177,357,CART,time,2
58,0.07591779376755455,59,1,58,6,245,88,118,178,358,CART,time,2
59,0.07376436878147632,60,1,59,6,244,89,119,179,359,CART,time,2
60,0.0717082456395849,61,1,60,6,243,90,120,180,360,CART,time,2
61,0.07152756414096476,62,1,61,6,242,91,121,181,361,CART,time,2
62,0.06819426564509905,63,1,62,6,241,92,122,182,362,CART,time,2
63,0.06456138331103621,64,1,63,6,240,93,123,183,363,CART,time,2
64,0.06424997869504716,65,2,63,5,240,88,113,163,313,CART,time,2
65,0.06293388743475516,66,2,64,5,239,89,114,164,314,CART,time,2
66,0.06149906067220366,67,2,65,5,238,90,115,165,315,CART,time,2
67,0.06144406423463825,68,2,66,5,237,91,116,166,316,CART,time,2
68,0.060497932637416055,69,2,67,5,236,92,117,167,317,CART,time,2
69,0.06019320529082954,70,2,68,5,235,93,118,168,318,CART,time,2
70,0.05921187345172283,71,2,69,5,234,94,119,169,319,CART,time,2
71,0.059116391587121814,72,2,70,5,233,95,120,170,320,CART,time,2
72,0.058684671859185474,73,2,71,5,232,96,121,171,321,CART,time,2
73,0.05823148129486009,74,2,72,5,231,97,122,172,322,CART,time,2
74,0.05815558518260067,75,2,73,5,230,98,123,173,323,CART,time,2
75,0.057749034440110765,76,2,74,5,229,99,124,174,324,CART,time,2
76,0.055842781046334,77,2,75,5,228,100,125,175,325,CART,time,2
77,0.0528347506084204,78,2,76,5,227,101,126,176,326,CART,time,2
78,0.05159794720485588,79,2,77,5,226,102,127,177,327,CART,time,2
79,0.05104304516675148,80,2,78,5,225,103,128,178,328,CART,time,2
80,0.04989814796152676,81,2,79,5,224,104,129,179,329,CART,time,2
81,0.049463978892651105,82,2,80,5,223,105,130,180,330,CART,time,2
82,0.04912897913072768,83,2,81,5,222,106,131,181,331,CART,time,2
83,0.04884032687106164,84,2,82,5,221,107,132,182,332,CART,time,2
84,0.04650638564379153,85,2,83,5,220,108,133,183,333,CART,time,2
85,0.045954369139473455,86,2,84,5,219,109,134,184,334,CART,time,2
86,0.04432733154139093,87,2,85,5,218,110,135,185,335,CART,time,2
87,0.04354149185409608,88,2,86,5,217,111,136,186,336,CART,time,2
88,0.04345689723970912,89,2,87,5,216,112,137,187,337,CART,time,2
89,0.04321323941715002,90,2,88,5,215,113,138,188,338,CART,time,2
90,0.04319312623239321,91,2,89,5,214,114,139,189,339,CART,time,2
91,0.0430266984584856,92,2,90,5,213,115,140,190,340,CART,time,2
92,0.04302649392290376,93,3,90,4,213,110,130,170,290,CART,time,2
93,0.042752403976538886,94,3,91,4,212,111,131,171,291,CART,time,2
94,0.04256130717529179,95,3,92,4,211,112,132,172,292,CART,time,2
95,0.041939477687482914,96,3,93,4,210,113,133,173,293,CART,time,2
96,0.04184032687106163,97,3,94,4,209,114,134,174,294,CART,time,2
97,0.041214840006323486,98,3,95,4,208,115,135,175,295,CART,time,2
98,0.04091395858358915,99,3,96,4,207,116,136,176,296,CART,time,2
99,0.0408908804768995,101,3,98,4,205,118,138,178,298,CART,time,2
100,0.04050699353772829,102,4,98,3,205,113,128,158,248,CART,time,2
101,0.040479782653374555,103,4,99,3,204,114,129,159,249,CART,time,2
102,0.04039157328798311,104,4,100,3,203,115,130,160,250,CART,time,2
103,0.040331769055903965,105,4,101,3,202,116,131,161,251,CART,time,2
104,0.040108383015541565,106,5,101,2,202,111,121,141,201,CART,time,2
105,0.03978533820893011,107,5,102,2,201,112,122,142,202,CART,time,2
106,0.03972360193766132,108,5,103,2,200,113,123,143,203,CART,time,2
107,0.03957404926918051,109,5,104,2,199,114,124,144,204,CART,time,2
108,0.03932304525311625,110,5,105,2,198,115,125,145,205,CART,time,2
109,0.03834005169467807,111,5,106,2,197,116,126,146,206,CART,time,2
110,0.03794088592586455,112,5,107,2,196,117,127,147,207,CART,time,2
111,0.037425922325473225,113,6,107,1,196,112,117,127,157,CART,time,2
112,0.03721697011337994,114,6,108,1,195,113,118,128,158,CART,time,2
113,0.03697330710331533,115,6,109,1,194,114,119,129,159,CART,time,2
114,0.035321973478875876,116,6,110,1,193,115,120,130,160,CART,time,2
115,0.03464705460818553,117,6,111,1,192,116,121,131,161,CART,time,2
116,0.03443207556382834,118,6,112,1,191,117,122,132,162,CART,time,2
117,0.033799281931344585,119,6,113,1,190,118,123,133,163,CART,time,2
118,0.033216088333479506,120,6,114,1,189,119,124,134,164,CART,time,2
119,0.033007941047208014,121,6,115,1,188,120,125,135,165,CART,time,2
120,0.03284021276506898,122,6,116,1,187,121,126,136,166,CART,time,2
121,0.03209309173301737,123,6,117,1,186,122,127,137,167,CART,time,2
122,0.03184486826860789,124,6,118,1,185,123,128,138,168,CART,time,2
123,0.031243981574523284,125,6,119,1,184,124,129,139,169,CART,time,2
124,0.031174869551446827,126,6,120,1,183,125,130,140,170,CART,time,2
125,0.03077970841468526,127,6,121,1,182,126,131,141,171,CART,time,2
126,0.03061737015985351,128,6,122,1,181,127,132,142,172,CART,time,2
127,0.030219452555291078,129,6,123,1,180,128,133,143,173,CART,time,2
128,0.030097439100482914,130,6,124,1,179,129,134,144,174,CART,time,2
129,0.030029354710640464,131,6,125,1,178,130,135,145,175,CART,time,2
130,0.029885524186654133,132,6,126,1,177,131,136,146,176,CART,time,2
131,0.028747316320827006,133,6,127,1,176,132,137,147,177,CART,time,2
132,0.027978215808757517,134,6,128,1,175,133,138,148,178,CART,time,2
133,0.02764619771271691,135,6,129,1,174,134,139,149,179,CART,time,2
134,0.026905498221234496,136,6,130,1,173,135,140,150,180,CART,time,2
135,0.026873290672154073,137,6,131,1,172,136,141,151,181,CART,time,2
136,0.026693948779864276,138,6,132,1,171,137,142,152,182,CART,time,2
137,0.026502531508847998,139,6,133,1,170,138,143,153,183,CART,time,2
138,0.026471354958090054,140,6,134,1,169,139,144,154,184,CART,time,2
139,0.026235851101898574,141,6,135,1,168,140,145,155,185,CART,time,2
140,0.026117195625486464,142,6,136,1,167,141,146,156,186,CART,time,2
141,0.026077976093734048,143,6,137,1,166,142,147,157,187,CART,time,2
142,0.025440739784320394,144,6,138,1,165,143,148,158,188,CART,time,2
143,0.025394398080068926,145,6,139,1,164,144,149,159,189,CART,time,2
144,0.02480618953164991,146,6,140,1,163,145,150,160,190,CART,time,2
145,0.024399749165457476,147,6,141,1,162,146,151,161,191,CART,time,2
146,0.024373356691374533,148,6,142,1,161,147,152,162,192,CART,time,2
147,0.023685957768632446,149,6,143,1,160,148,153,163,193,CART,time,2
148,0.023678294140117493,150,6,144,1,159,149,154,164,194,CART,time,2
149,0.023581645626815355,151,6,145,1,158,150,155,165,195,CART,time,2
150,0.0233569238804887,152,6,146,1,157,151,156,166,196,CART,time,2
151,0.023335642967769205,153,6,147,1,156,152,157,167,197,CART,time,2
152,0.023318610849265717,154,6,148,1,155,153,158,168,198,CART,time,2
153,0.023305856091031807,155,6,149,1,154,154,159,169,199,CART,time,2
154,0.023134547801126,156,6,150,1,153,155,160,170,200,CART,time,2
155,0.023064434009725684,157,6,151,1,152,156,161,171,201,CART,time,2
156,0.023041241586411305,158,6,152,1,151,157,162,172,202,CART,time,2
157,0.02300747558821166,159,6,153,1,150,158,163,173,203,CART,time,2
158,0.022994643789813515,160,6,154,1,149,159,164,174,204,CART,time,2
159,0.022788223546148435,161,6,155,1,148,160,165,175,205,CART,time,2
160,0.02270750311395249,162,6,156,1,147,161,166,176,206,CART,time,2
161,0.022661385974453354,163,6,157,1,146,162,167,177,207,CART,time,2
162,0.022659459805705825,164,6,158,1,145,163,168,178,208,CART,time,2
163,0.022583616160797244,165,6,159,1,144,164,169,179,209,CART,time,2
164,0.022574439019824078,166,6,160,1,143,165,170,180,210,CART,time,2
165,0.022508787658831284,167,6,161,1,142,166,171,181,211,CART,time,2
166,0.022032351013039797,168,6,162,1,141,167,172,182,212,CART,time,2
167,0.021824919644955625,169,6,163,1,140,168,173,183,213,CART,time,2
168,0.021814343214386838,171,6,165,1,138,170,175,185,215,CART,time,2
169,0.021548010081753274,172,6,166,1,137,171,176,186,216,CART,time,2
170,0.02121682196616331,173,6,167,1,136,172,177,187,217,CART,time,2
171,0.02093259618014986,174,6,168,1,135,173,178,188,218,CART,time,2
172,0.020660972517363468,175,6,169,1,134,174,179,189,219,CART,time,2
173,0.020635074423004777,176,6,170,1,133,175,180,190,220,CART,time,2
174,0.020439475872265113,177,6,171,1,132,176,181,191,221,CART,time,2
175,0.020302717660387385,178,6,172,1,131,177,182,192,222,CART,time,2
176,0.019875358017778278,179,6,173,1,130,178,183,193,223,CART,time,2
177,0.019619287508137646,180,6,174,1,129,179,184,194,224,CART,time,2
178,0.01958326456463516,181,6,175,1,128,180,185,195,225,CART,time,2
179,0.01949871489986288,182,6,176,1,127,181,186,196,226,CART,time,2
180,0.019463328386004793,183,6,177,1,126,182,187,197,227,CART,time,2
181,0.019348218650542613,184,6,178,1,125,183,188,198,228,CART,time,2
182,0.01930904785421757,185,6,179,1,124,184,189,199,229,CART,time,2
183,0.0189393955264262,186,6,180,1,123,185,190,200,230,CART,time,2
184,0.018763907538438214,187,6,181,1,122,186,191,201,231,CART,time,2
185,0.01871369175194534,188,6,182,1,121,187,192,202,232,CART,time,2
186,0.018667538474963715,189,6,183,1,120,188,193,203,233,CART,time,2
187,0.01865552383301113,190,6,184,1,119,189,194,204,234,CART,time,2
188,0.01859778681256827,191,6,185,1,118,190,195,205,235,CART,time,2
189,0.018218617791996482,192,6,186,1,117,191,196,206,236,CART,time,2
190,0.01817497811960436,193,6,187,1,116,192,197,207,237,CART,time,2
191,0.018110121925456503,194,6,188,1,115,193,198,208,238,CART,time,2
192,0.017989932186944967,195,6,189,1,114,194,199,209,239,CART,time,2
193,0.01775027800173444,196,6,190,1,113,195,200,210,240,CART,time,2
194,0.017601874575122134,197,6,191,1,112,196,201,211,241,CART,time,2
195,0.017593330945995786,198,6,192,1,111,197,202,212,242,CART,time,2
196,0.017588752451278087,199,6,193,1,110,198,203,213,243,CART,time,2
197,0.01736527290322905,200,6,194,1,109,199,204,214,244,CART,time,2
198,0.016931689440909725,201,6,195,1,108,200,205,215,245,CART,time,2
199,0.016923629760660433,202,6,196,1,107,201,206,216,246,CART,time,2
200,0.01691771570340581,203,6,197,1,106,202,207,217,247,CART,time,2
201,0.016467410900191975,204,6,198,1,105,203,208,218,248,CART,time,2
202,0.016257991932367287,205,6,199,1,104,204,209,219,249,CART,time,2
203,0.01624854433035944,206,6,200,1,103,205,210,220,250,CART,time,2
204,0.016159410643742662,207,6,201,1,102,206,211,221,251,CART,time,2
205,0.016023317163483635,208,6,202,1,101,207,212,222,252,CART,time,2
206,0.015989956369273573,209,6,203,1,100,208,213,223,253,CART,time,2
207,0.015813301006459363,210,6,204,1,99,209,214,224,254,CART,time,2
208,0.015737831397875556,211,6,205,1,98,210,215,225,255,CART,time,2
209,0.015489676170133549,212,6,206,1,97,211,216,226,256,CART,time,2
210,0.015365908460062423,213,6,207,1,96,212,217,227,257,CART,time,2
211,0.015345674535130461,214,6,208,1,95,213,218,228,258,CART,time,2
212,0.015344013565684414,215,6,209,1,94,214,219,229,259,CART,time,2
213,0.015262951656741318,216,6,210,1,93,215,220,230,260,CART,time,2
214,0.015217720022052983,217,6,211,1,92,216,221,231,261,CART,time,2
215,0.014770670364824328,218,6,212,1,91,217,222,232,262,CART,time,2
216,0.014623843691509044,219,6,213,1,90,218,223,233,263,CART,time,2
217,0.014541760577058154,220,6,214,1,89,219,224,234,264,CART,time,2
218,0.014378237340541385,221,6,215,1,88,220,225,235,265,CART,time,2
219,0.014258135979364947,222,6,216,1,87,221,226,236,266,CART,time,2
220,0.014059079518417228,223,6,217,1,86,222,227,237,267,CART,time,2
221,0.013705152294728887,224,6,218,1,85,223,228,238,268,CART,time,2
222,0.013691015794158316,225,6,219,1,84,224,229,239,269,CART,time,2
223,0.013671712179059206,226,6,220,1,83,225,230,240,270,CART,time,2
224,0.013409285798657534,227,6,221,1,82,226,231,241,271,CART,time,2
225,0.01336075523898053,228,6,222,1,81,227,232,242,272,CART,time,2
226,0.013349450934395796,229,6,223,1,80,228,233,243,273,CART,time,2
227,0.013297807580558504,230,6,224,1,79,229,234,244,274,CART,time,2
228,0.013273629437996383,231,6,225,1,78,230,235,245,275,CART,time,2
229,0.013250703333195881,232,6,226,1,77,231,236,246,276,CART,time,2
230,0.01320800819549955,233,6,227,1,76,232,237,247,277,CART,time,2
231,0.013194253387411741,234,6,228,1,75,233,238,248,278,CART,time,2
232,0.01319285759019696,235,6,229,1,74,234,239,249,279,CART,time,2
233,0.013092586140849636,236,6,230,1,73,235,240,250,280,CART,time,2
234,0.012951717966800199,237,6,231,1,72,236,241,251,281,CART,time,2
235,0.012845674535130459,239,6,233,1,70,238,243,253,283,CART,time,2
236,0.012797525250683072,240,6,234,1,69,239,244,254,284,CART,time,2
237,0.012751512576561718,241,6,235,1,68,240,245,255,285,CART,time,2
238,0.012507332450595175,242,6,236,1,67,241,246,256,286,CART,time,2
239,0.012222042983531318,243,6,237,1,66,242,247,257,287,CART,time,2
240,0.011829919367875513,244,6,238,1,65,243,248,258,288,CART,time,2
241,0.011717874763095045,245,6,239,1,64,244,249,259,289,CART,time,2
242,0.011607628487778092,246,6,240,1,63,245,250,260,290,CART,time,2
243,0.011571164731208887,247,6,241,1,62,246,251,261,291,CART,time,2
244,0.0115308822525531,248,6,242,1,61,247,252,262,292,CART,time,2
245,0.011502746890726664,249,6,243,1,60,248,253,263,293,CART,time,2
246,0.010896223758364444,250,6,244,1,59,249,254,264,294,CART,time,2
247,0.01059383710746031,251,6,245,1,58,250,255,265,295,CART,time,2
248,0.010497956864695497,252,6,246,1,57,251,256,266,296,CART,time,2
249,0.010478331599588626,253,6,247,1,56,252,257,267,297,CART,time,2
250,0.010451577883561188,254,6,248,1,55,253,258,268,298,CART,time,2
251,0.010394818527372812,255,6,249,1,54,254,259,269,299,CART,time,2
252,0.010088606660161736,256,6,250,1,53,255,260,270,300,CART,time,2
253,0.009771240848875793,257,6,251,1,52,256,261,271,301,CART,time,2
254,0.009731906091356908,258,6,252,1,51,257,262,272,302,CART,time,2
255,0.009454271620463826,259,6,253,1,50,258,263,273,303,CART,time,2
256,0.009361345516233925,260,6,254,1,49,259,264,274,304,CART,time,2
257,0.009207639066423658,261,6,255,1,48,260,265,275,305,CART,time,2
258,0.009163351599611532,262,6,256,1,47,261,266,276,306,CART,time,2
259,0.009112578066436925,263,6,257,1,46,262,267,277,307,CART,time,2
260,0.008983523160818914,264,6,258,1,45,263,268,278,308,CART,time,2
261,0.008979632648631171,265,6,259,1,44,264,269,279,309,CART,time,2
262,0.008924657497725152,266,6,260,1,43,265,270,280,310,CART,time,2
263,0.008921093943906881,267,6,261,1,42,266,271,281,311,CART,time,2
264,0.008846621044958829,268,6,262,1,41,267,272,282,312,CART,time,2
265,0.008537198466741783,269,6,263,1,40,268,273,283,313,CART,time,2
266,0.008416341815558236,270,6,264,1,39,269,274,284,314,CART,time,2
267,0.008203601891447166,271,6,265,1,38,270,275,285,315,CART,time,2
268,0.008135960001305552,272,6,266,1,37,271,276,286,316,CART,time,2
269,0.008093874983574948,273,6,267,1,36,272,277,287,317,CART,time,2
270,0.007699938327540125,274,6,268,1,35,273,278,288,318,CART,time,2
271,0.007532249627329106,275,6,269,1,34,274,279,289,319,CART,time,2
272,0.007157504054843422,276,6,270,1,33,275,280,290,320,CART,time,2
273,0.007013673517718766,277,6,271,1,32,276,281,291,321,CART,time,2
274,0.0069663819026418335,278,6,272,1,31,277,282,292,322,CART,time,2
275,0.0069547469942818525,279,6,273,1,30,278,283,293,323,CART,time,2
276,0.0068705611460295095,280,6,274,1,29,279,284,294,324,CART,time,2
277,0.006561005011355279,281,6,275,1,28,280,285,295,325,CART,time,2
278,0.006055115716160194,282,6,276,1,27,281,286,296,326,CART,time,2
279,0.005969898509433368,283,6,277,1,26,282,287,297,327,CART,time,2
280,0.005595152936947683,284,6,278,1,25,283,288,298,328,CART,time,2
281,0.005572138635835136,285,6,279,1,24,284,289,299,329,CART,time,2
282,0.005406276933109722,286,6,280,1,23,285,290,300,330,CART,time,2
283,0.005340817428187785,287,6,281,1,22,286,291,301,331,CART,time,2
284,0.005198670688047518,288,6,282,1,21,287,292,302,332,CART,time,2
285,0.00513188706350809,289,6,283,1,20,288,293,303,333,CART,time,2
286,0.005129548597299443,290,6,284,1,19,289,294,304,334,CART,time,2
287,0.004986042459810588,291,6,285,1,18,290,295,305,335,CART,time,2
288,0.004966025360782677,293,6,287,1,16,292,297,307,337,CART,time,2
289,0.0048781714457816336,294,7,287,0,16,287,287,287,287,CART,time,2
290,0.004729126814621931,295,7,288,0,15,288,288,288,288,CART,time,2
291,0.004636708161890818,296,7,289,0,14,289,289,289,289,CART,time,2
292,0.004522552910749265,297,7,290,0,13,290,290,290,290,CART,time,2
293,0.004445495928934432,298,7,291,0,12,291,291,291,291,CART,time,2
294,0.004360585035713115,299,7,292,0,11,292,292,292,292,CART,time,2
295,0.004293883490721851,300,7,293,0,10,293,293,293,293,CART,time,2
296,0.003968428172968017,301,7,294,0,9,294,294,294,294,CART,time,2
297,0.003800975160425977,302,7,295,0,8,295,295,295,295,CART,time,2
298,0.003627346807636674,303,7,296,0,7,296,296,296,296,CART,time,2
299,0.0031185287412235046,304,7,297,0,6,297,297,297,297,CART,time,2
300,0.00262211032096569,305,7,298,0,5,298,298,298,298,CART,time,2
301,0.002428679581936177,306,7,299,0,4,299,299,299,299,CART,time,2
302,0.001836969951876834,309,7,302,0,1,302,302,302,302,CART,time,2
303,-inf,310,7,303,0,0,303,303,303,303,CART,time,2
0,inf,0,0,0,20,393,100,200,400,1000,CART,time,3
1,0.2132969062325958,1,0,1,20,392,101,201,401,1001,CART,time,3
2,0.17455915804649935,2,0,2,20,391,102,202,402,1002,CART,time,3
3,0.1607750511717036,3,0,3,20,390,103,203,403,1003,CART,time,3
4,0.14280884392365858,4,0,4,20,389,104,204,404,1004,CART,time,3
5,0.139092052223639,5,0,5,20,388,105,205,405,1005,CART,time,3
6,0.13817755972274073,6,0,6,20,387,106,206,406,1006,CART,time,3
7,0.13793148186438994,7,0,7,20,386,107,207,407,1007,CART,time,3
8,0.1324936969647394,8,0,8,20,385,108,208,408,1008,CART,time,3
9,0.13241826346911592,9,1,8,19,385,103,198,388,958,CART,time,3
10,0.12949989147557456,10,1,9,19,384,104,199,389,959,CART,time,3
11,0.12605836108803564,11,1,10,19,383,105,200,390,960,CART,time,3
12,0.12479545255671833,12,1,11,19,382,106,201,391,961,CART,time,3
13,0.12348050937420912,13,1,12,19,381,107,202,392,962,CART,time,3
14,0.12263546766095554,14,1,13,19,380,108,203,393,963,CART,time,3
15,0.12197723905042425,15,1,14,19,379,109,204,394,964,CART,time,3
16,0.12118938168925211,16,2,14,18,379,104,194,374,914,CART,time,3
17,0.12109761184018925,17,2,15,18,378,105,195,375,915,CART,time,3
18,0.12049034154391683,18,2,16,18,377,106,196,376,916,CART,time,3
19,0.11954848012461593,19,2,17,18,376,107,197,377,917,CART,time,3
20,0.11873715302235212,20,2,18,18,375,108,198,378,918,CART,time,3
21,0.11505201327874778,21,2,19,18,374,109,199,379,919,CART,time,3
22,0.11113036051201945,22,2,20,18,373,110,200,380,920,CART,time,3
23,0.11100316043275064,23,2,21,18,372,111,201,381,921,CART,time,3
24,0.11018744663598223,24,2,22,18,371,112,202,382,922,CART,time,3
25,0.10885886994700235,25,3,22,17,371,107,192,362,872,CART,time,3
26,0.10751587482476223,26,3,23,17,370,108,193,363,873,CART,time,3
27,0.10691135260703488,27,3,24,17,369,109,194,364,874,CART,time,3
28,0.10666016756029985,28,3,25,17,368,110,195,365,875,CART,time,3
29,0.10453660028004082,29,3,26,17,367,111,196,366,876,CART,time,3
30,0.10446772844918671,30,3,27,17,366,112,197,367,877,CART,time,3
31,0.10256429850078776,31,3,28,17,365,113,198,368,878,CART,time,3
32,0.10255991756939571,32,4,28,16,365,108,188,348,828,CART,time,3
33,0.10115277641838401,33,4,29,16,364,109,189,349,829,CART,time,3
34,0.1009558699018486,34,4,30,16,363,110,190,350,830,CART,time,3
35,0.09948470276780721,35,4,31,16,362,111,191,351,831,CART,time,3
36,0.09889801986656083,36,4,32,16,361,112,192,352,832,CART,time,3
37,0.09809147887428613,37,4,33,16,360,113,193,353,833,CART,time,3
38,0.09806496191663748,38,4,34,16,359,114,194,354,834,CART,time,3
39,0.09751542785171648,39,4,35,16,358,115,195,355,835,CART,time,3
40,0.09559698457982878,40,4,36,16,357,116,196,356,836,CART,time,3
41,0.09288742825016301,41,4,37,16,356,117,197,357,837,CART,time,3
42,0.09271767642051813,42,4,38,16,355,118,198,358,838,CART,time,3
43,0.09236685727809807,43,4,39,16,354,119,199,359,839,CART,time,3
44,0.09173463423297733,44,4,40,16,353,120,200,360,840,CART,time,3
45,0.09094381783258902,45,4,41,16,352,121,201,361,841,CART,time,3
46,0.09092551449036528,46,4,42,16,351,122,202,362,842,CART,time,3
47,0.08861163271305088,47,4,43,16,350,123,203,363,843,CART,time,3
48,0.08712970810830505,48,4,44,16,349,124,204,364,844,CART,time,3
49,0.08460254819468942,49,4,45,16,348,125,205,365,845,CART,time,3
50,0.084477067427891,50,4,46,16,347,126,206,366,846,CART,time,3
51,0.08428125026845382,51,5,46,15,347,121,196,346,796,CART,time,3
52,0.08370548209425328,52,5,47,15,346,122,197,347,797,CART,time,3
53,0.08354944777352787,53,5,48,15,345,123,198,348,798,CART,time,3
54,0.08353976336393883,54,5,49,15,344,124,199,349,799,CART,time,3
55,0.0835019497108676,55,5,50,15,343,125,200,350,800,CART,time,3
56,0.08334209748346794,56,5,51,15,342,126,201,351,801,CART,time,3
57,0.08321224934425087,57,5,52,15,341,127,202,352,802,CART,time,3
58,0.08206402844829248,58,5,53,15,340,128,203,353,803,CART,time,3
59,0.08127126076160925,59,5,54,15,339,129,204,354,804,CART,time,3
60,0.08105573791290663,60,5,55,15,338,130,205,355,805,CART,time,3
61,0.08000618698019855,61,5,56,15,337,131,206,356,806,CART,time,3
62,0.07991144388315126,62,5,57,15,336,132,207,357,807,CART,time,3
63,0.07959676211608004,63,5,58,15,335,133,208,358,808,CART,time,3
64,0.07870591198656245,64,5,59,15,334,134,209,359,809,CART,time,3
65,0.07864417372609557,65,5,60,15,333,135,210,360,810,CART,time,3
66,0.07703782492830699,66,6,60,14,333,130,200,340,760,CART,time,3
67,0.07682093278033503,68,6,62,14,331,132,202,342,762,CART,time,3
68,0.07582920379639625,69,6,63,14,330,133,203,343,763,CART,time,3
69,0.07495000526400479,70,6,64,14,329,134,204,344,764,CART,time,3
70,0.07460159946977157,71,6,65,14,328,135,205,345,765,CART,time,3
71,0.07314481657868306,72,7,65,13,328,130,195,325,715,CART,time,3
72,0.07274941031199061,73,7,66,13,327,131,196,326,716,CART,time,3
73,0.07229220383042063,74,7,67,13,326,132,197,327,717,CART,time,3
74,0.07196629694147881,75,7,68,13,325,133,198,328,718,CART,time,3
75,0.07092530022867273,76,7,69,13,324,134,199,329,719,CART,time,3
76,0.06844097121627991,77,7,70,13,323,135,200,330,720,CART,time,3
77,0.06820732939378708,78,7,71,13,322,136,201,331,721,CART,time,3
78,0.06712955470901523,79,7,72,13,321,137,202,332,722,CART,time,3
79,0.06672137995369805,80,7,73,13,320,138,203,333,723,CART,time,3
80,0.06549882317539424,81,7,74,13,319,139,204,334,724,CART,time,3
81,0.06423399546653104,82,7,75,13,318,140,205,335,725,CART,time,3
82,0.06366670524718118,83,7,76,13,317,141,206,336,726,CART,time,3
83,0.0630711523177349,84,7,77,13,316,142,207,337,727,CART,time,3
84,0.06276315720063268,85,7,78,13,315,143,208,338,728,CART,time,3
85,0.06265695060063238,86,7,79,13,314,144,209,339,729,CART,time,3
86,0.06200362615858983,87,7,80,13,313,145,210,340,730,CART,time,3
87,0.06134804830929306,88,7,81,13,312,146,211,341,731,CART,time,3
88,0.061054352137955105,89,7,82,13,311,147,212,342,732,CART,time,3
89,0.06060888710287242,90,7,83,13,310,148,213,343,733,CART,time,3
90,0.060202224563768864,91,7,84,13,309,149,214,344,734,CART,time,3
91,0.059915713355415456,92,7,85,13,308,150,215,345,735,CART,time,3
92,0.05963046500146331,93,7,86,13,307,151,216,346,736,CART,time,3
93,0.05751656169934692,94,7,87,13,306,152,217,347,737,CART,time,3
94,0.05676465167850763,95,7,88,13,305,153,218,348,738,CART,time,3
95,0.05593620355973442,96,7,89,13,304,154,219,349,739,CART,time,3
96,0.055541198500170835,97,7,90,13,303,155,220,350,740,CART,time,3
97,0.05527697433775695,98,7,91,13,302,156,221,351,741,CART,time,3
98,0.05455627720569873,99,7,92,13,301,157,222,352,742,CART,time,3
99,0.05403792882445575,100,7,93,13,300,158,223,353,743,CART,time,3
100,0.05363251416122402,101,7,94,13,299,159,224,354,744,CART,time,3
101,0.05335971429025757,102,7,95,13,298,160,225,355,745,CART,time,3
102,0.05271017099611567,103,7,96,13,297,161,226,356,746,CART,time,3
103,0.052627573474729364,104,7,97,13,296,162,227,357,747,CART,time,3
104,0.05237932303053325,105,7,98,13,295,163,228,358,748,CART,time,3
105,0.0519019249818559,106,7,99,13,294,164,229,359,749,CART,time,3
106,0.05171950949296777,107,7,100,13,293,165,230,360,750,CART,time,3
107,0.05155793833178289,108,7,101,13,292,166,231,361,751,CART,time,3
108,0.05096815856160819,109,7,102,13,291,167,232,362,752,CART,time,3
109,0.05095537239592012,110,7,103,13,290,168,233,363,753,CART,time,3
110,0.05085915282685552,111,7,104,13,289,169,234,364,754,CART,time,3
111,0.05075965196222177,112,7,105,13,288,170,235,365,755,CART,time,3
112,0.04974947644100658,113,7,106,13,287,171,236,366,756,CART,time,3
113,0.04892190758435579,114,7,107,13,286,172,237,367,757,CART,time,3
114,0.04806047692076519,115,7,108,13,285,173,238,368,758,CART,time,3
115,0.04789124713972197,116,7,109,13,284,174,239,369,759,CART,time,3
116,0.04782790198512705,117,8,109,12,284,169,229,349,709,CART,time,3
117,0.047558758835488185,118,8,110,12,283,170,230,350,710,CART,time,3
118,0.04744042795044305,119,8,111,12,282,171,231,351,711,CART,time,3
119,0.0469403369492268,120,8,112,12,281,172,232,352,712,CART,time,3
120,0.04630349098029846,121,8,113,12,280,173,233,353,713,CART,time,3
121,0.046220362272858376,122,8,114,12,279,174,234,354,714,CART,time,3
122,0.04523393341362649,123,8,115,12,278,175,235,355,715,CART,time,3
123,0.04510238211136511,124,8,116,12,277,176,236,356,716,CART,time,3
124,0.04468593832066548,125,8,117,12,276,177,237,357,717,CART,time,3
125,0.04463650950742559,126,8,118,12,275,178,238,358,718,CART,time,3
126,0.044569929039923024,128,8,120,12,273,180,240,360,720,CART,time,3
127,0.04443452076339997,129,8,121,12,272,181,241,361,721,CART,time,3
128,0.04428872834383031,130,8,122,12,271,182,242,362,722,CART,time,3
129,0.0438688954347634,131,8,123,12,270,183,243,363,723,CART,time,3
130,0.0431223834470399,132,8,124,12,269,184,244,364,724,CART,time,3
131,0.04306663774414677,133,9,124,11,269,179,234,344,674,CART,time,3
132,0.042525798106996526,134,9,125,11,268,180,235,345,675,CART,time,3
133,0.04243376555298111,137,9,128,11,265,183,238,348,678,CART,time,3
134,0.042374244255260304,138,9,129,11,264,184,239,349,679,CART,time,3
135,0.04177706840230267,139,9,130,11,263,185,240,350,680,CART,time,3
136,0.04161316673052357,140,9,131,11,262,186,241,351,681,CART,time,3
137,0.041517381289910546,141,9,132,11,261,187,242,352,682,CART,time,3
138,0.04150327518752013,142,9,133,11,260,188,243,353,683,CART,time,3
139,0.04131274321613184,143,9,134,11,259,189,244,354,684,CART,time,3
140,0.04109706580984145,144,9,135,11,258,190,245,355,685,CART,time,3
141,0.040430015454562505,145,9,136,11,257,191,246,356,686,CART,time,3
142,0.039930951062351165,146,9,137,11,256,192,247,357,687,CART,time,3
143,0.03960591346146695,147,9,138,11,255,193,248,358,688,CART,time,3
144,0.03880234214218141,148,9,139,11,254,194,249,359,689,CART,time,3
145,0.03816405426888322,149,9,140,11,253,195,250,360,690,CART,time,3
146,0.03775055212660757,150,9,141,11,252,196,251,361,691,CART,time,3
147,0.037642193721698206,151,9,142,11,251,197,252,362,692,CART,time,3
148,0.03695809584358867,152,9,143,11,250,198,253,363,693,CART,time,3
149,0.036919660242839325,153,9,144,11,249,199,254,364,694,CART,time,3
150,0.03631845943115853,154,9,145,11,248,200,255,365,695,CART,time,3
151,0.03617215978079377,155,9,146,11,247,201,256,366,696,CART,time,3
152,0.035501769049465635,156,9,147,11,246,202,257,367,697,CART,time,3
153,0.034999469005954166,157,9,148,11,245,203,258,368,698,CART,time,3
154,0.03491723182264514,158,9,149,11,244,204,259,369,699,CART,time,3
155,0.03481369438983988,159,9,150,11,243,205,260,370,700,CART,time,3
156,0.034695670314885865,160,9,151,11,242,206,261,371,701,CART,time,3
157,0.03464883344656609,161,9,152,11,241,207,262,372,702,CART,time,3
158,0.03455979134562635,164,9,155,11,238,210,265,375,705,CART,time,3
159,0.03406550728101136,165,9,156,11,237,211,266,376,706,CART,time,3
160,0.03403874918223752,166,9,157,11,236,212,267,377,707,CART,time,3
161,0.0339114878584235,167,9,158,11,235,213,268,378,708,CART,time,3
162,0.03384392614383215,168,9,159,11,234,214,269,379,709,CART,time,3
163,0.03364622185439693,169,9,160,11,233,215,270,380,710,CART,time,3
164,0.03359531046144477,170,9,161,11,232,216,271,381,711,CART,time,3
165,0.03314856018160222,171,9,162,11,231,217,272,382,712,CART,time,3
166,0.03293131667835116,172,9,163,11,230,218,273,383,713,CART,time,3
167,0.032913796241978384,173,9,164,11,229,219,274,384,714,CART,time,3
168,0.03231933400508707,174,9,165,11,228,220,275,385,715,CART,time,3
169,0.03166797467305756,175,9,166,11,227,221,276,386,716,CART,time,3
170,0.03126177944088462,176,9,167,11,226,222,277,387,717,CART,time,3
171,0.031219677664478328,177,9,168,11,225,223,278,388,718,CART,time,3
172,0.030760745943616892,178,9,169,11,224,224,279,389,719,CART,time,3
173,0.030420862510701772,179,9,170,11,223,225,280,390,720,CART,time,3
174,0.030418407722315275,180,9,171,11,222,226,281,391,721,CART,time,3
175,0.030267976912045844,181,9,172,11,221,227,282,392,722,CART,time,3
176,0.029544233778180377,182,9,173,11,220,228,283,393,723,CART,time,3
177,0.029501996870901475,183,9,174,11,219,229,284,394,724,CART,time,3
178,0.02926831988753544,187,9,178,11,215,233,288,398,728,CART,time,3
179,0.029238542033378053,188,9,179,11,214,234,289,399,729,CART,time,3
180,0.028787054503711565,189,9,180,11,213,235,290,400,730,CART,time,3
181,0.02806854620924856,190,9,181,11,212,236,291,401,731,CART,time,3
182,0.027896692413983442,191,9,182,11,211,237,292,402,732,CART,time,3
183,0.027809423581577623,192,9,183,11,210,238,293,403,733,CART,time,3
184,0.027158963709740132,193,10,183,10,210,233,283,383,683,CART,time,3
185,0.027106850764015842,194,10,184,10,209,234,284,384,684,CART,time,3
186,0.026830418043885713,195,11,184,9,209,229,274,364,634,CART,time,3
187,0.025840193445719764,196,11,185,9,208,230,275,365,635,CART,time,3
188,0.025774836546408563,197,11,186,9,207,231,276,366,636,CART,time,3
189,0.025454523976614452,198,11,187,9,206,232,277,367,637,CART,time,3
190,0.02527227279161533,199,11,188,9,205,233,278,368,638,CART,time,3
191,0.025256454212397462,200,11,189,9,204,234,279,369,639,CART,time,3
192,0.025198892019220192,201,11,190,9,203,235,280,370,640,CART,time,3
193,0.024555533685248432,202,11,191,9,202,236,281,371,641,CART,time,3
194,0.024097395288206418,203,11,192,9,201,237,282,372,642,CART,time,3
195,0.023675787736201194,204,11,193,9,200,238,283,373,643,CART,time,3
196,0.023598291173562713,205,11,194,9,199,239,284,374,644,CART,time,3
197,0.0235065649318253,206,11,195,9,198,240,285,375,645,CART,time,3
198,0.023429165729942154,207,11,196,9,197,241,286,376,646,CART,time,3
199,0.02307553664070784,208,12,196,8,197,236,276,356,596,CART,time,3
200,0.02296782797872302,209,12,197,8,196,237,277,357,597,CART,time,3
201,0.02289128954735902,210,12,198,8,195,238,278,358,598,CART,time,3
202,0.022877118219553873,211,12,199,8,194,239,279,359,599,CART,time,3
203,0.02285213782100912,212,12,200,8,193,240,280,360,600,CART,time,3
204,0.02277833303732697,213,12,201,8,192,241,281,361,601,CART,time,3
205,0.02274235444840422,214,12,202,8,191,242,282,362,602,CART,time,3
206,0.02273459930381514,215,12,203,8,190,243,283,363,603,CART,time,3
207,0.022675818174971392,216,12,204,8,189,244,284,364,604,CART,time,3
208,0.022639059733604996,217,12,205,8,188,245,285,365,605,CART,time,3
209,0.022566409611840497,218,12,206,8,187,246,286,366,606,CART,time,3
210,0.022496307872245356,219,12,207,8,186,247,287,367,607,CART,time,3
211,0.02248015094772584,220,12,208,8,185,248,288,368,608,CART,time,3
212,0.022464805330408715,221,12,209,8,184,249,289,369,609,CART,time,3
213,0.022449246225608684,222,12,210,8,183,250,290,370,610,CART,time,3
214,0.022343168305709444,223,12,211,8,182,251,291,371,611,CART,time,3
215,0.02231555643802263,224,12,212,8,181,252,292,372,612,CART,time,3
216,0.022030291036776194,226,12,214,8,179,254,294,374,614,CART,time,3
217,0.021983330194028632,227,12,215,8,178,255,295,375,615,CART,time,3
218,0.021887467094662685,228,12,216,8,177,256,296,376,616,CART,time,3
219,0.021867199158627747,229,12,217,8,176,257,297,377,617,CART,time,3
220,0.02104775819558732,230,12,218,8,175,258,298,378,618,CART,time,3
221,0.020955231194644548,231,12,219,8,174,259,299,379,619,CART,time,3
222,0.020798351763182288,232,12,220,8,173,260,300,380,620,CART,time,3
223,0.020695579901031446,233,12,221,8,172,261,301,381,621,CART,time,3
224,0.020556201545137855,234,12,222,8,171,262,302,382,622,CART,time,3
225,0.020535727466010543,235,12,223,8,170,263,303,383,623,CART,time,3
226,0.02042945883284381,236,12,224,8,169,264,304,384,624,CART,time,3
227,0.020101524660011038,237,12,225,8,168,265,305,385,625,CART,time,3
228,0.01985759696384037,238,12,226,8,167,266,306,386,626,CART,time,3
229,0.019823398226783202,239,12,227,8,166,267,307,387,627,CART,time,3
230,0.019794801113202396,240,12,228,8,165,268,308,388,628,CART,time,3
231,0.019550189263396998,241,12,229,8,164,269,309,389,629,CART,time,3
232,0.01945115000055947,242,12,230,8,163,270,310,390,630,CART,time,3
233,0.019313306697836548,243,12,231,8,162,271,311,391,631,CART,time,3
234,0.019303611822565188,244,12,232,8,161,272,312,392,632,CART,time,3
235,0.0192546212258156,245,12,233,8,160,273,313,393,633,CART,time,3
236,0.019040006045941537,246,12,234,8,159,274,314,394,634,CART,time,3
237,0.019021305478501067,247,12,235,8,158,275,315,395,635,CART,time,3
238,0.01805292603186075,248,12,236,8,157,276,316,396,636,CART,time,3
239,0.01797064228553452,249,12,237,8,156,277,317,397,637,CART,time,3
240,0.017934401965127984,250,12,238,8,155,278,318,398,638,CART,time,3
241,0.017753909281598236,251,12,239,8,154,279,319,399,639,CART,time,3
242,0.017746036111812958,252,12,240,8,153,280,320,400,640,CART,time,3
243,0.017646640031169884,254,12,242,8,151,282,322,402,642,CART,time,3
244,0.017413192525962812,255,12,243,8,150,283,323,403,643,CART,time,3
245,0.01733510912111831,256,13,243,7,150,278,313,383,593,CART,time,3
246,0.01733278890797675,257,14,243,6,150,273,303,363,543,CART,time,3
247,0.017312272963321787,258,14,244,6,149,274,304,364,544,CART,time,3
248,0.01729744855651476,259,14,245,6,148,275,305,365,545,CART,time,3
249,0.017001527549905922,260,14,246,6,147,276,306,366,546,CART,time,3
250,0.016889981129210217,261,14,247,6,146,277,307,367,547,CART,time,3
251,0.016701071213840478,263,14,249,6,144,279,309,369,549,CART,time,3
252,0.016598564703539948,264,14,250,6,143,280,310,370,550,CART,time,3
253,0.01637351359508569,265,14,251,6,142,281,311,371,551,CART,time,3
254,0.016292742326384866,266,14,252,6,141,282,312,372,552,CART,time,3
255,0.016269366255935912,267,14,253,6,140,283,313,373,553,CART,time,3
256,0.01620248006784351,268,14,254,6,139,284,314,374,554,CART,time,3
257,0.015824312277075932,269,14,255,6,138,285,315,375,555,CART,time,3
258,0.015642907263519596,270,14,256,6,137,286,316,376,556,CART,time,3
259,0.015525506735068991,272,14,258,6,135,288,318,378,558,CART,time,3
260,0.015461670420949375,273,14,259,6,134,289,319,379,559,CART,time,3
261,0.015452713973851114,274,14,260,6,133,290,320,380,560,CART,time,3
262,0.015309446127102323,275,14,261,6,132,291,321,381,561,CART,time,3
263,0.01524417565909646,276,14,262,6,131,292,322,382,562,CART,time,3
264,0.01516286005033476,277,14,263,6,130,293,323,383,563,CART,time,3
265,0.01515131594711076,278,14,264,6,129,294,324,384,564,CART,time,3
266,0.015136061490905994,279,14,265,6,128,295,325,385,565,CART,time,3
267,0.014954587284774076,280,14,266,6,127,296,326,386,566,CART,time,3
268,0.014892678830315927,281,14,267,6,126,297,327,387,567,CART,time,3
269,0.01482110002338531,282,14,268,6,125,298,328,388,568,CART,time,3
270,0.014773742650326287,283,14,269,6,124,299,329,389,569,CART,time,3
271,0.014727613956774015,284,14,270,6,123,300,330,390,570,CART,time,3
272,0.014639107686220558,285,15,270,5,123,295,320,370,520,CART,time,3
273,0.014460826027131729,286,15,271,5,122,296,321,371,521,CART,time,3
274,0.01422601216364926,287,15,272,5,121,297,322,372,522,CART,time,3
275,0.013923050726464858,288,15,273,5,120,298,323,373,523,CART,time,3
276,0.013912939227827341,289,15,274,5,119,299,324,374,524,CART,time,3
277,0.013821354106954974,290,15,275,5,118,300,325,375,525,CART,time,3
278,0.013816872043678773,291,15,276,5,117,301,326,376,526,CART,time,3
279,0.013770682884925785,292,15,277,5,116,302,327,377,527,CART,time,3
280,0.01376408843501523,293,15,278,5,115,303,328,378,528,CART,time,3
281,0.01366467839507865,294,15,279,5,114,304,329,379,529,CART,time,3
282,0.013576432690675594,295,15,280,5,113,305,330,380,530,CART,time,3
283,0.0135545593474596,296,15,281,5,112,306,331,381,531,CART,time,3
284,0.013525525331322846,297,16,281,4,112,301,321,361,481,CART,time,3
285,0.013324339537010947,298,16,282,4,111,302,322,362,482,CART,time,3
286,0.013317068821407934,300,16,284,4,109,304,324,364,484,CART,time,3
287,0.01326836494175453,301,16,285,4,108,305,325,365,485,CART,time,3
288,0.013137755142023614,302,16,286,4,107,306,326,366,486,CART,time,3
289,0.013044272736093055,303,16,287,4,106,307,327,367,487,CART,time,3
290,0.013009135777215465,304,16,288,4,105,308,328,368,488,CART,time,3
291,0.012782785997422434,305,17,288,3,105,303,318,348,438,CART,time,3
292,0.012733171445842854,306,17,289,3,104,304,319,349,439,CART,time,3
293,0.01267736636500346,307,17,290,3,103,305,320,350,440,CART,time,3
294,0.012666544004137466,308,17,291,3,102,306,321,351,441,CART,time,3
295,0.012452162072921397,309,17,292,3,101,307,322,352,442,CART,time,3
296,0.012404956033868786,310,17,293,3,100,308,323,353,443,CART,time,3
297,0.012312676964534,311,17,294,3,99,309,324,354,444,CART,time,3
298,0.012222993843606174,312,17,295,3,98,310,325,355,445,CART,time,3
299,0.012136994561864038,313,17,296,3,97,311,326,356,446,CART,time,3
300,0.012056327176939503,314,17,297,3,96,312,327,357,447,CART,time,3
301,0.012010373816171331,315,17,298,3,95,313,328,358,448,CART,time,3
302,0.011818976536538755,316,17,299,3,94,314,329,359,449,CART,time,3
303,0.011619526018318465,317,17,300,3,93,315,330,360,450,CART,time,3
304,0.011617925583284887,318,17,301,3,92,316,331,361,451,CART,time,3
305,0.011579873646179349,319,17,302,3,91,317,332,362,452,CART,time,3
306,0.011384551062783873,320,17,303,3,90,318,333,363,453,CART,time,3
307,0.011368205299444205,321,17,304,3,89,319,334,364,454,CART,time,3
308,0.011359122839523091,322,17,305,3,88,320,335,365,455,CART,time,3
309,0.01128984107876115,323,17,306,3,87,321,336,366,456,CART,time,3
310,0.011242042579636036,325,17,308,3,85,323,338,368,458,CART,time,3
311,0.011224649728918205,326,18,308,2,85,318,328,348,408,CART,time,3
312,0.01115139248898595,327,18,309,2,84,319,329,349,409,CART,time,3
313,0.011139983801797046,328,18,310,2,83,320,330,350,410,CART,time,3
314,0.010888994846415773,329,18,311,2,82,321,331,351,411,CART,time,3
315,0.010700825381051963,330,18,312,2,81,322,332,352,412,CART,time,3
316,0.010556412788718597,331,18,313,2,80,323,333,353,413,CART,time,3
317,0.01051140443506095,332,18,314,2,79,324,334,354,414,CART,time,3
318,0.010497664597073185,333,18,315,2,78,325,335,355,415,CART,time,3
319,0.010470902772330017,334,18,316,2,77,326,336,356,416,CART,time,3
320,0.010443152181700464,335,18,317,2,76,327,337,357,417,CART,time,3
321,0.01038652001802654,336,18,318,2,75,328,338,358,418,CART,time,3
322,0.010363530041762851,337,18,319,2,74,329,339,359,419,CART,time,3
323,0.010340200069840402,339,19,320,1,73,325,330,340,370,CART,time,3
324,0.010313013471025688,340,19,321,1,72,326,331,341,371,CART,time,3
325,0.010291572334472586,341,19,322,1,71,327,332,342,372,CART,time,3
326,0.010261996982541604,342,19,323,1,70,328,333,343,373,CART,time,3
327,0.010127580042405557,343,19,324,1,69,329,334,344,374,CART,time,3
328,0.010033757510497631,344,19,325,1,68,330,335,345,375,CART,time,3
329,0.010008635083103002,345,19,326,1,67,331,336,346,376,CART,time,3
330,0.00997020122009107,346,19,327,1,66,332,337,347,377,CART,time,3
331,0.009789027183355272,347,19,328,1,65,333,338,348,378,CART,time,3
332,0.009784644514284844,349,19,330,1,63,335,340,350,380,CART,time,3
333,0.009403159925938567,350,19,331,1,62,336,341,351,381,CART,time,3
334,0.009180348874355397,351,19,332,1,61,337,342,352,382,CART,time,3
335,0.009135484744326442,352,19,333,1,60,338,343,353,383,CART,time,3
336,0.009086743778564098,353,19,334,1,59,339,344,354,384,CART,time,3
337,0.008970031414037934,354,19,335,1,58,340,345,355,385,CART,time,3
338,0.008966638543463178,355,19,336,1,57,341,346,356,386,CART,time,3
339,0.008908431395109587,356,19,337,1,56,342,347,357,387,CART,time,3
340,0.008743808250443384,357,19,338,1,55,343,348,358,388,CART,time,3
341,0.008296976972863563,358,19,339,1,54,344,349,359,389,CART,time,3
342,0.008260248530479691,359,19,340,1,53,345,350,360,390,CART,time,3
343,0.007811430819935392,360,19,341,1,52,346,351,361,391,CART,time,3
344,0.007627087771225058,361,19,342,1,51,347,352,362,392,CART,time,3
345,0.007524980338327426,362,19,343,1,50,348,353,363,393,CART,time,3
346,0.007433456700267103,363,19,344,1,49,349,354,364,394,CART,time,3
347,0.007406678808247977,364,19,345,1,48,350,355,365,395,CART,time,3
348,0.007303364747371268,365,19,346,1,47,351,356,366,396,CART,time,3
349,0.007281907129958755,366,19,347,1,46,352,357,367,397,CART,time,3
350,0.006995712370656669,367,19,348,1,45,353,358,368,398,CART,time,3
351,0.006928013798516433,368,19,349,1,44,354,359,369,399,CART,time,3
352,0.006723367321931083,369,19,350,1,43,355,360,370,400,CART,time,3
353,0.006641855431431967,371,19,352,1,41,357,362,372,402,CART,time,3
354,0.0064313670791921965,372,19,353,1,40,358,363,373,403,CART,time,3
355,0.006357238587327654,373,19,354,1,39,359,364,374,404,CART,time,3
356,0.005969014312920223,374,19,355,1,38,360,365,375,405,CART,time,3
357,0.005580583823567847,375,19,356,1,37,361,366,376,406,CART,time,3
358,0.005259543656788842,377,19,358,1,35,363,368,378,408,CART,time,3
359,0.005153073437097314,378,19,359,1,34,364,369,379,409,CART,time,3
360,0.005004098671955177,379,19,360,1,33,365,370,380,410,CART,time,3
361,0.005002795650620768,380,19,361,1,32,366,371,381,411,CART,time,3
362,0.00499719417771428,381,19,362,1,31,367,372,382,412,CART,time,3
363,0.004907156314415332,382,19,363,1,30,368,373,383,413,CART,time,3
364,0.0047069707667845235,383,19,364,1,29,369,374,384,414,CART,time,3
365,0.004675178418162441,384,19,365,1,28,370,375,385,415,CART,time,3
366,0.004501143362068705,385,19,366,1,27,371,376,386,416,CART,time,3
367,0.004346912723933122,386,19,367,1,26,372,377,387,417,CART,time,3
368,0.0038866995307133955,387,19,368,1,25,373,378,388,418,CART,time,3
369,0.0038477688903579563,389,19,370,1,23,375,380,390,420,CART,time,3
370,0.0037148762453159388,390,19,371,1,22,376,381,391,421,CART,time,3
371,0.0036104178875839437,391,19,372,1,21,377,382,392,422,CART,time,3
372,0.00333114397515784,392,19,373,1,20,378,383,393,423,CART,time,3
373,0.0032292057027834683,394,19,375,1,18,380,385,395,425,CART,time,3
374,0.00299313393696666,395,19,376,1,17,381,386,396,426,CART,time,3
375,0.0026249231358727765,396,19,377,1,16,382,387,397,427,CART,time,3
376,0.0025897603450719133,398,19,379,1,14,384,389,399,429,CART,time,3
377,0.002529414070883809,400,19,381,1,12,386,391,401,431,CART,time,3
378,0.0024427536610800733,401,19,382,1,11,387,392,402,432,CART,time,3
379,0.0023893552037858776,402,19,383,1,10,388,393,403,433,CART,time,3
380,0.0023348125045727424,403,19,384,1,9,389,394,404,434,CART,time,3
381,0.002325305857303597,405,19,386,1,7,391,396,406,436,CART,time,3
382,0.0023044949438254794,406,19,387,1,6,392,397,407,437,CART,time,3
383,0.002246824816951201,407,19,388,1,5,393,398,408,438,CART,time,3
384,0.002177752231531437,408,20,388,0,5,388,388,388,388,CART,time,3
385,0.0021040898025394437,409,20,389,0,4,389,389,389,389,CART,time,3
386,0.0018983355974698988,410,20,390,0,3,390,390,390,390,CART,time,3
387,0.0018680180367226355,411,20,391,0,2,391,391,391,391,CART,time,3
388,-inf,413,20,393,0,0,393,393,393,393,CART,time,3
0,inf,0,0,0,21,340,105,210,420,1050,CART,holdout,0
1,0.3379052855104062,1,0,1,21,339,106,211,421,1051,CART,holdout,0
2,0.320476091557646,2,0,2,21,338,107,212,422,1052,CART,holdout,0
3,0.31602981978814315,3,0,3,21,337,108,213,423,1053,CART,holdout,0
4,0.3068386917351383,4,0,4,21,336,109,214,424,1054,CART,holdout,0
5,0.29919090477059085,5,0,5,21,335,110,215,425,1055,CART,holdout,0
6,0.2566242016292342,6,1,5,20,335,105,205,405,1005,CART,holdout,0
7,0.25521980814757644,7,1,6,20,334,106,206,406,1006,CART,holdout,0
8,0.24101466579192105,8,1,7,20,333,107,207,407,1007,CART,holdout,0
9,0.23930391357717246,9,1,8,20,332,108,208,408,1008,CART,holdout,0
10,0.2378782936272003,10,1,9,20,331,109,209,409,1009,CART,holdout,0
11,0.219558849931636,11,1,10,20,330,110,210,410,1010,CART,holdout,0
12,0.2171759390594404,12,1,11,20,329,111,211,411,1011,CART,holdout,0
13,0.2165179887683665,13,1,12,20,328,112,212,412,1012,CART,holdout,0
14,0.20944827564989568,14,1,13,20,327,113,213,413,1013,CART,holdout,0
15,0.20797362936087144,15,1,14,20,326,114,214,414,1014,CART,holdout,0
16,0.20330696269420476,16,1,15,20,325,115,215,415,1015,CART,holdout,0
17,0.20057100134051628,17,1,16,20,324,116,216,416,1016,CART,holdout,0
18,0.20016908249216867,18,1,17,20,323,117,217,417,1017,CART,holdout,0
19,0.19931313928653896,19,1,18,20,322,118,218,418,1018,CART,holdout,0
20,0.19813489834688577,20,1,19,20,321,119,219,419,1019,CART,holdout,0
21,0.1958279341043824,21,1,20,20,320,120,220,420,1020,CART,holdout,0
22,0.19518890116246987,22,1,21,20,319,121,221,421,1021,CART,holdout,0
23,0.19271406422525,23,1,22,20,318,122,222,422,1022,CART,holdout,0
24,0.18986830753168332,24,1,23,20,317,123,223,423,1023,CART,holdout,0
25,0.18641588650879581,25,1,24,20,316,124,224,424,1024,CART,holdout,0
26,0.1840957821271718,26,2,24,19,316,119,214,404,974,CART,holdout,0
27,0.18401996569536616,27,2,25,19,315,120,215,405,975,CART,holdout,0
28,0.18194127391372242,28,2,26,19,314,121,216,406,976,CART,holdout,0
29,0.17989570715478373,29,2,27,19,313,122,217,407,977,CART,holdout,0
30,0.17989168899175578,30,2,28,19,312,123,218,408,978,CART,holdout,0
31,0.17935722003566854,31,2,29,19,311,124,219,409,979,CART,holdout,0
32,0.17897049167398246,32,2,30,19,310,125,220,410,980,CART,holdout,0
33,0.17891165539162307,33,2,31,19,309,126,221,411,981,CART,holdout,0
34,0.1781117694005143,34,2,32,19,308,127,222,412,982,CART,holdout,0
35,0.17578617561951673,35,2,33,19,307,128,223,413,983,CART,holdout,0
36,0.17576033390186221,36,2,34,19,306,129,224,414,984,CART,holdout,0
37,0.17538368533875046,37,2,35,19,305,130,225,415,985,CART,holdout,0
38,0.17044711116643108,38,2,36,19,304,131,226,416,986,CART,holdout,0
39,0.16862281630533557,39,2,37,19,303,132,227,417,987,CART,holdout,0
40,0.16795712945457897,40,3,37,18,303,127,217,397,937,CART,holdout,0
41,0.16779396447532105,41,3,38,18,302,128,218,398,938,CART,holdout,0
42,0.1673386883781098,42,3,39,18,301,129,219,399,939,CART,holdout,0
43,0.1619561138772168,43,3,40,18,300,130,220,400,940,CART,holdout,0
44,0.1502940118294346,44,3,41,18,299,131,221,401,941,CART,holdout,0
45,0.14928388443294205,45,3,42,18,298,132,222,402,942,CART,holdout,0
46,0.1479380393463495,46,3,43,18,297,133,223,403,943,CART,holdout,0
47,0.14703975568517932,47,3,44,18,296,134,224,404,944,CART,holdout,0
48,0.14673262229756098,48,3,45,18,295,135,225,405,945,CART,holdout,0
49,0.14640114353431996,49,3,46,18,294,136,226,406,946,CART,holdout,0
50,0.14473983930145673,50,4,46,17,294,131,216,386,896,CART,holdout,0
51,0.14378517009781117,51,4,47,17,293,132,217,387,897,CART,holdout,0
52,0.14255427890749753,52,4,48,17,292,133,218,388,898,CART,holdout,0
53,0.1418367542594266,53,4,49,17,291,134,219,389,899,CART,holdout,0
54,0.14118407924303858,54,4,50,17,290,135,220,390,900,CART,holdout,0
55,0.14028427263335352,55,4,51,17,289,136,221,391,901,CART,holdout,0
56,0.1393270306594814,56,4,52,17,288,137,222,392,902,CART,holdout,0
57,0.13155386819571574,57,4,53,17,287,138,223,393,903,CART,holdout,0
58,0.1306216668595893,58,4,54,17,286,139,224,394,904,CART,holdout,0
59,0.13000866617912218,59,5,54,16,286,134,214,374,854,CART,holdout,0
60,0.12739997518504803,60,5,55,16,285,135,215,375,855,CART,holdout,0
61,0.126714440908328,61,5,56,16,284,136,216,376,856,CART,holdout,0
62,0.1257355608550081,62,5,57,16,283,137,217,377,857,CART,holdout,0
63,0.12255145292905896,63,5,58,16,282,138,218,378,858,CART,holdout,0
64,0.12069463303292964,64,5,59,16,281,139,219,379,859,CART,holdout,0
65,0.11982462730861367,65,5,60,16,280,140,220,380,860,CART,holdout,0
66,0.11935857090358744,66,5,61,16,279,141,221,381,861,CART,holdout,0
67,0.11056858825813456,67,5,62,16,278,142,222,382,862,CART,holdout,0
68,0.10883366147566052,68,5,63,16,277,143,223,383,863,CART,holdout,0
69,0.10868778588404455,69,6,63,15,277,138,213,363,813,CART,holdout,0
70,0.10762493225176799,70,6,64,15,276,139,214,364,814,CART,holdout,0
71,0.10629236704045614,71,6,65,15,275,140,215,365,815,CART,holdout,0
72,0.10620769541124624,72,6,66,15,274,141,216,366,816,CART,holdout,0
73,0.10536366057916273,73,6,67,15,273,142,217,367,817,CART,holdout,0
74,0.10508132720862036,74,6,68,15,272,143,218,368,818,CART,holdout,0
75,0.10498779930311615,75,7,68,14,272,138,208,348,768,CART,holdout,0
76,0.10491312811894309,76,7,69,14,271,139,209,349,769,CART,holdout,0
77,0.10314224777663418,77,7,70,14,270,140,210,350,770,CART,holdout,0
78,0.10279657727187662,78,7,71,14,269,141,211,351,771,CART,holdout,0
79,0.10163631438734036,79,7,72,14,268,142,212,352,772,CART,holdout,0
80,0.09943381429323497,80,7,73,14,267,143,213,353,773,CART,holdout,0
81,0.09861595180620843,81,7,74,14,266,144,214,354,774,CART,holdout,0
82,0.09840191338647862,82,7,75,14,265,145,215,355,775,CART,holdout,0
83,0.09672217257441997,83,7,76,14,264,146,216,356,776,CART,holdout,0
84,0.09551907222561133,84,7,77,14,263,147,217,357,777,CART,holdout,0
85,0.09463027071793888,85,7,78,14,262,148,218,358,778,CART,holdout,0
86,0.0931048215210115,86,7,79,14,261,149,219,359,779,CART,holdout,0
87,0.09221263463902794,87,7,80,14,260,150,220,360,780,CART,holdout,0
88,0.09129388475137704,88,7,81,14,259,151,221,361,781,CART,holdout,0
89,0.09002223043071506,89,7,82,14,258,152,222,362,782,CART,holdout,0
90,0.08931038465644806,90,7,83,14,257,153,223,363,783,CART,holdout,0
91,0.08929020080580112,91,7,84,14,256,154,224,364,784,CART,holdout,0
92,0.08922117665284285,92,7,85,14,255,155,225,365,785,CART,holdout,0
93,0.08708642446608214,93,7,86,14,254,156,226,366,786,CART,holdout,0
94,0.08674342040386798,94,7,87,14,253,157,227,367,787,CART,holdout,0
95,0.08513524049502043,95,7,88,14,252,158,228,368,788,CART,holdout,0
96,0.08346749849685448,96,7,89,14,251,159,229,369,789,CART,holdout,0
97,0.08233590930223582,97,7,90,14,250,160,230,370,790,CART,holdout,0
98,0.07981476243969979,98,7,91,14,249,161,231,371,791,CART,holdout,0
99,0.07965863147162865,99,7,92,14,248,162,232,372,792,CART,holdout,0
100,0.07909542110995631,100,7,93,14,247,163,233,373,793,CART,holdout,0
101,0.07801141331478796,101,7,94,14,246,164,234,374,794,CART,holdout,0
102,0.07683714852611373,102,7,95,14,245,165,235,375,795,CART,holdout,0
103,0.07671347321584818,103,7,96,14,244,166,236,376,796,CART,holdout,0
104,0.07482149753783406,104,7,97,14,243,167,237,377,797,CART,holdout,0
105,0.07438258662045771,105,7,98,14,242,168,238,378,798,CART,holdout,0
106,0.0737758388348734,106,7,99,14,241,169,239,379,799,CART,holdout,0
107,0.07375682382203987,107,7,100,14,240,170,240,380,800,CART,holdout,0
108,0.07242315093259159,108,7,101,14,239,171,241,381,801,CART,holdout,0
109,0.07133501698145879,109,7,102,14,238,172,242,382,802,CART,holdout,0
110,0.07088055951299135,110,7,103,14,237,173,243,383,803,CART,holdout,0
111,0.07065594337021958,111,7,104,14,236,174,244,384,804,CART,holdout,0
112,0.06956322760867366,112,8,104,13,236,169,234,364,754,CART,holdout,0
113,0.06906154936448655,113,9,104,12,236,164,224,344,704,CART,holdout,0
114,0.06887363340395299,114,9,105,12,235,165,225,345,705,CART,holdout,0
115,0.06814496538453556,115,9,106,12,234,166,226,346,706,CART,holdout,0
116,0.06677243787936438,116,9,107,12,233,167,227,347,707,CART,holdout,0
117,0.0664675935017598,117,9,108,12,232,168,228,348,708,CART,holdout,0
118,0.06641006273445099,118,9,109,12,231,169,229,349,709,CART,holdout,0
119,0.06506871770115726,119,9,110,12,230,170,230,350,710,CART,holdout,0
120,0.06455887363705845,120,9,111,12,229,171,231,351,711,CART,holdout,0
121,0.06334114670099496,121,9,112,12,228,172,232,352,712,CART,holdout,0
122,0.0629968803018533,122,9,113,12,227,173,233,353,713,CART,holdout,0
123,0.06267764315467571,123,9,114,12,226,174,234,354,714,CART,holdout,0
124,0.062214031474352866,124,9,115,12,225,175,235,355,715,CART,holdout,0
125,0.061711175020811776,125,9,116,12,224,176,236,356,716,CART,holdout,0
126,0.06123324171600599,126,9,117,12,223,177,237,357,717,CART,holdout,0
127,0.06067792171439364,127,9,118,12,222,178,238,358,718,CART,holdout,0
128,0.05989286701785313,128,9,119,12,221,179,239,359,719,CART,holdout,0
129,0.05934634933822406,129,9,120,12,220,180,240,360,720,CART,holdout,0
130,0.056018573778985545,130,9,121,12,219,181,241,361,721,CART,holdout,0
131,0.05536798786600056,131,9,122,12,218,182,242,362,722,CART,holdout,0
132,0.05418164094797135,132,9,123,12,217,183,243,363,723,CART,holdout,0
133,0.05404999355239183,133,9,124,12,216,184,244,364,724,CART,holdout,0
134,0.05394439301182314,134,9,125,12,215,185,245,365,725,CART,holdout,0
135,0.053047655210202424,135,9,126,12,214,186,246,366,726,CART,holdout,0
136,0.05265699305734386,136,9,127,12,213,187,247,367,727,CART,holdout,0
137,0.052255990102352136,137,9,128,12,212,188,248,368,728,CART,holdout,0
138,0.05149491109072351,138,9,129,12,211,189,249,369,729,CART,holdout,0
139,0.05128740675507152,139,9,130,12,210,190,250,370,730,CART,holdout,0
140,0.051120575920010444,140,9,131,12,209,191,251,371,731,CART,holdout,0
141,0.05110568654232032,141,10,131,11,209,186,241,351,681,CART,holdout,0
142,0.05100462183002183,142,11,131,10,209,181,231,331,631,CART,holdout,0
143,0.050649893457610846,143,11,132,10,208,182,232,332,632,CART,holdout,0
144,0.049645766888239365,144,11,133,10,207,183,233,333,633,CART,holdout,0
145,0.04934369735748859,145,11,134,10,206,184,234,334,634,CART,holdout,0
146,0.049264138617655925,146,11,135,10,205,185,235,335,635,CART,holdout,0
147,0.04894408604957153,147,11,136,10,204,186,236,336,636,CART,holdout,0
148,0.048447835279853566,148,11,137,10,203,187,237,337,637,CART,holdout,0
149,0.0483171403330818,149,11,138,10,202,188,238,338,638,CART,holdout,0
150,0.0474000715765796,150,11,139,10,201,189,239,339,639,CART,holdout,0
151,0.04672179498773646,151,11,140,10,200,190,240,340,640,CART,holdout,0
152,0.046582495283301086,152,11,141,10,199,191,241,341,641,CART,holdout,0
153,0.04493573176669528,153,11,142,10,198,192,242,342,642,CART,holdout,0
154,0.04488386212633461,154,11,143,10,197,193,243,343,643,CART,holdout,0
155,0.0446193235565167,155,11,144,10,196,194,244,344,644,CART,holdout,0
156,0.044097412299112806,156,11,145,10,195,195,245,345,645,CART,holdout,0
157,0.04348269820709986,157,11,146,10,194,196,246,346,646,CART,holdout,0
158,0.04332960712272289,158,11,147,10,193,197,247,347,647,CART,holdout,0
159,0.04310900681860716,159,11,148,10,192,198,248,348,648,CART,holdout,0
160,0.04265069301435195,160,11,149,10,191,199,249,349,649,CART,holdout,0
161,0.04147995264534917,161,11,150,10,190,200,250,350,650,CART,holdout,0
162,0.04127076235174119,162,11,151,10,189,201,251,351,651,CART,holdout,0
163,0.040897602386613566,163,11,152,10,188,202,252,352,652,CART,holdout,0
164,0.04077208236456979,164,11,153,10,187,203,253,353,653,CART,holdout,0
165,0.04053251586926567,165,11,154,10,186,204,254,354,654,CART,holdout,0
166,0.04050283937618168,166,11,155,10,185,205,255,355,655,CART,holdout,0
167,0.03967153568401032,167,11,156,10,184,206,256,356,656,CART,holdout,0
168,0.03949965004739979,169,11,158,10,182,208,258,358,658,CART,holdout,0
169,0.03937184096779731,170,11,159,10,181,209,259,359,659,CART,holdout,0
170,0.038810770684025095,171,11,160,10,180,210,260,360,660,CART,holdout,0
171,0.038714743580323625,172,11,161,10,179,211,261,361,661,CART,holdout,0
172,0.038073626143613364,173,11,162,10,178,212,262,362,662,CART,holdout,0
173,0.037675782541362585,174,11,163,10,177,213,263,363,663,CART,holdout,0
174,0.03747474569646224,175,11,164,10,176,214,264,364,664,CART,holdout,0
175,0.0367197178473113,176,11,165,10,175,215,265,365,665,CART,holdout,0
176,0.036565145482083415,177,11,166,10,174,216,266,366,666,CART,holdout,0
177,0.03615708163257952,178,11,167,10,173,217,267,367,667,CART,holdout,0
178,0.035827711446156596,179,11,168,10,172,218,268,368,668,CART,holdout,0
179,0.03578427424638711,180,11,169,10,171,219,269,369,669,CART,holdout,0
180,0.03534774021332025,181,11,170,10,170,220,270,370,670,CART,holdout,0
181,0.03445000938755438,182,11,171,10,169,221,271,371,671,CART,holdout,0
182,0.03440204673648634,183,11,172,10,168,222,272,372,672,CART,holdout,0
183,0.0335552740959609,184,11,173,10,167,223,273,373,673,CART,holdout,0
184,0.032835444953673534,185,11,174,10,166,224,274,374,674,CART,holdout,0
185,0.03256593360189505,186,11,175,10,165,225,275,375,675,CART,holdout,0
186,0.03194008700423021,187,11,176,10,164,226,276,376,676,CART,holdout,0
187,0.03173050257795894,188,11,177,10,163,227,277,377,677,CART,holdout,0
188,0.03077114467084365,189,11,178,10,162,228,278,378,678,CART,holdout,0
189,0.030340199788347587,190,11,179,10,161,229,279,379,679,CART,holdout,0
190,0.030227371349248165,191,11,180,10,160,230,280,380,680,CART,holdout,0
191,0.02872952463941989,192,11,181,10,159,231,281,381,681,CART,holdout,0
192,0.027651763847887558,193,11,182,10,158,232,282,382,682,CART,holdout,0
193,0.027515051295463073,194,12,182,9,158,227,272,362,632,CART,holdout,0
194,0.027421911094807197,195,12,183,9,157,228,273,363,633,CART,holdout,0
195,0.027246298280731954,196,12,184,9,156,229,274,364,634,CART,holdout,0
196,0.02719906769344421,197,12,185,9,155,230,275,365,635,CART,holdout,0
197,0.02708535766725206,199,12,187,9,153,232,277,367,637,CART,holdout,0
198,0.02707848525320822,200,12,188,9,152,233,278,368,638,CART,holdout,0
199,0.026889872645449675,201,12,189,9,151,234,279,369,639,CART,holdout,0
200,0.02651936382660921,202,12,190,9,150,235,280,370,640,CART,holdout,0
201,0.02569543079137546,203,12,191,9,149,236,281,371,641,CART,holdout,0
202,0.02536166580278587,204,12,192,9,148,237,282,372,642,CART,holdout,0
203,0.025053397595393996,205,12,193,9,147,238,283,373,643,CART,holdout,0
204,0.024769791776560572,206,12,194,9,146,239,284,374,644,CART,holdout,0
205,0.02465834820313838,207,12,195,9,145,240,285,375,645,CART,holdout,0
206,0.02463078064313375,208,12,196,9,144,241,286,376,646,CART,holdout,0
207,0.02461314844085829,209,12,197,9,143,242,287,377,647,CART,holdout,0
208,0.024471857651134053,210,12,198,9,142,243,288,378,648,CART,holdout,0
209,0.024464581038966916,211,12,199,9,141,244,289,379,649,CART,holdout,0
210,0.024247970774912916,212,12,200,9,140,245,290,380,650,CART,holdout,0
211,0.024202219247449,213,12,201,9,139,246,291,381,651,CART,holdout,0
212,0.0239118235991559,214,12,202,9,138,247,292,382,652,CART,holdout,0
213,0.023439477340732384,215,12,203,9,137,248,293,383,653,CART,holdout,0
214,0.02340102722873708,216,12,204,9,136,249,294,384,654,CART,holdout,0
215,0.023296554808220613,217,12,205,9,135,250,295,385,655,CART,holdout,0
216,0.023035379104565497,218,12,206,9,134,251,296,386,656,CART,holdout,0
217,0.02297056765506289,219,12,207,9,133,252,297,387,657,CART,holdout,0
218,0.022910599996295362,220,12,208,9,132,253,298,388,658,CART,holdout,0
219,0.02279964995209229,221,13,208,8,132,248,288,368,608,CART,holdout,0
220,0.021905370558630833,222,13,209,8,131,249,289,369,609,CART,holdout,0
221,0.021792659245033676,223,13,210,8,130,250,290,370,610,CART,holdout,0
222,0.021698447594934396,224,13,211,8,129,251,291,371,611,CART,holdout,0
223,0.021633232487210333,225,13,212,8,128,252,292,372,612,CART,holdout,0
224,0.02119216478435138,226,13,213,8,127,253,293,373,613,CART,holdout,0
225,0.021007581690160548,228,13,215,8,125,255,295,375,615,CART,holdout,0
226,0.020275134130554245,229,13,216,8,124,256,296,376,616,CART,holdout,0
227,0.01988104420576896,230,13,217,8,123,257,297,377,617,CART,holdout,0
228,0.0197598357405232,231,13,218,8,122,258,298,378,618,CART,holdout,0
229,0.019414154256376128,232,13,219,8,121,259,299,379,619,CART,holdout,0
230,0.019336926422819097,233,13,220,8,120,260,300,380,620,CART,holdout,0
231,0.01924627255994231,234,13,221,8,119,261,301,381,621,CART,holdout,0
232,0.018961289237691515,235,13,222,8,118,262,302,382,622,CART,holdout,0
233,0.018937637114519526,236,13,223,8,117,263,303,383,623,CART,holdout,0
234,0.0188777172790023,237,13,224,8,116,264,304,384,624,CART,holdout,0
235,0.018785741403617228,238,13,225,8,115,265,305,385,625,CART,holdout,0
236,0.01860789679537279,239,13,226,8,114,266,306,386,626,CART,holdout,0
237,0.01775194747329238,240,13,227,8,113,267,307,387,627,CART,holdout,0
238,0.017685305614423517,241,13,228,8,112,268,308,388,628,CART,holdout,0
239,0.017639130131124853,242,13,229,8,111,269,309,389,629,CART,holdout,0
240,0.017220306672681106,243,13,230,8,110,270,310,390,630,CART,holdout,0
241,0.017043045580534502,244,13,231,8,109,271,311,391,631,CART,holdout,0
242,0.0168256888666899,245,13,232,8,108,272,312,392,632,CART,holdout,0
243,0.01673964885255573,246,13,233,8,107,273,313,393,633,CART,holdout,0
244,0.016315503101700674,247,13,234,8,106,274,314,394,634,CART,holdout,0
245,0.016205066343516164,248,13,235,8,105,275,315,395,635,CART,holdout,0
246,0.016099643303798893,249,13,236,8,104,276,316,396,636,CART,holdout,0
247,0.015924876071376902,250,14,236,7,104,271,306,376,586,CART,holdout,0
248,0.015920466950608735,251,14,237,7,103,272,307,377,587,CART,holdout,0
249,0.015517011850184058,252,14,238,7,102,273,308,378,588,CART,holdout,0
250,0.015194262074670754,253,14,239,7,101,274,309,379,589,CART,holdout,0
251,0.014973784838278466,254,15,239,6,101,269,299,359,539,CART,holdout,0
252,0.014907143975429998,255,15,240,6,100,270,300,360,540,CART,holdout,0
253,0.014743733751593413,256,15,241,6,99,271,301,361,541,CART,holdout,0
254,0.014713072155867297,257,15,242,6,98,272,302,362,542,CART,holdout,0
255,0.014511941201804325,258,16,242,5,98,267,292,342,492,CART,holdout,0
256,0.014371027379018434,259,16,243,5,97,268,293,343,493,CART,holdout,0
257,0.014365321058970362,260,16,244,5,96,269,294,344,494,CART,holdout,0
258,0.014220216546351623,261,16,245,5,95,270,295,345,495,CART,holdout,0
259,0.014183816090859395,262,16,246,5,94,271,296,346,496,CART,holdout,0
260,0.014072811763844598,263,16,247,5,93,272,297,347,497,CART,holdout,0
261,0.013914225702539583,264,16,248,5,92,273,298,348,498,CART,holdout,0
262,0.013700810883602886,265,16,249,5,91,274,299,349,499,CART,holdout,0
263,0.013652930394305065,266,16,250,5,90,275,300,350,500,CART,holdout,0
264,0.01361460293251738,267,16,251,5,89,276,301,351,501,CART,holdout,0
265,0.013419738856791956,268,16,252,5,88,277,302,352,502,CART,holdout,0
266,0.013412079450923932,269,16,253,5,87,278,303,353,503,CART,holdout,0
267,0.013404417806237788,270,16,254,5,86,279,304,354,504,CART,holdout,0
268,0.01313863452034115,271,16,255,5,85,280,305,355,505,CART,holdout,0
269,0.012867744556412574,272,16,256,5,84,281,306,356,506,CART,holdout,0
270,0.012828331104947471,273,16,257,5,83,282,307,357,507,CART,holdout,0
271,0.012302858544389112,274,16,258,5,82,283,308,358,508,CART,holdout,0
272,0.012267210619839193,275,16,259,5,81,284,309,359,509,CART,holdout,0
273,0.012257226810649275,276,16,260,5,80,285,310,360,510,CART,holdout,0
274,0.01196403681320315,277,16,261,5,79,286,311,361,511,CART,holdout,0
275,0.011962844616465065,278,16,262,5,78,287,312,362,512,CART,holdout,0
276,0.011759564625076019,279,16,263,5,77,288,313,363,513,CART,holdout,0
277,0.011544509904977544,280,16,264,5,76,289,314,364,514,CART,holdout,0
278,0.011484830584305605,281,16,265,5,75,290,315,365,515,CART,holdout,0
279,0.01139120982398956,282,16,266,5,74,291,316,366,516,CART,holdout,0
280,0.0112947962281451,283,16,267,5,73,292,317,367,517,CART,holdout,0
281,0.011262377553267606,284,16,268,5,72,293,318,368,518,CART,holdout,0
282,0.01119099566181491,285,16,269,5,71,294,319,369,519,CART,holdout,0
283,0.0107924482923835,286,16,270,5,70,295,320,370,520,CART,holdout,0
284,0.01077313934639936,287,16,271,5,69,296,321,371,521,CART,holdout,0
285,0.01073435192016999,288,16,272,5,68,297,322,372,522,CART,holdout,0
286,0.010528739834694325,289,16,273,5,67,298,323,373,523,CART,holdout,0
287,0.010445830730907294,290,16,274,5,66,299,324,374,524,CART,holdout,0
288,0.01038143094103306,291,16,275,5,65,300,325,375,525,CART,holdout,0
289,0.010172796835531104,292,16,276,5,64,301,326,376,526,CART,holdout,0
290,0.00963298067787096,293,16,277,5,63,302,327,377,527,CART,holdout,0
291,0.009416270363157104,294,16,278,5,62,303,328,378,528,CART,holdout,0
292,0.00939264774570944,295,16,279,5,61,304,329,379,529,CART,holdout,0
293,0.009386738442513002,296,16,280,5,60,305,330,380,530,CART,holdout,0
294,0.009017497977989388,297,16,281,5,59,306,331,381,531,CART,holdout,0
295,0.00898566519557965,298,16,282,5,58,307,332,382,532,CART,holdout,0
296,0.008924524282812324,299,17,282,4,58,302,322,362,482,CART,holdout,0
297,0.008911773357395347,300,17,283,4,57,303,323,363,483,CART,holdout,0
298,0.008839592504694422,302,17,285,4,55,305,325,365,485,CART,holdout,0
299,0.008752146752260541,303,17,286,4,54,306,326,366,486,CART,holdout,0
300,0.00851220005401574,304,17,287,4,53,307,327,367,487,CART,holdout,0
301,0.008397076809623016,305,17,288,4,52,308,328,368,488,CART,holdout,0
302,0.00837974223812155,307,17,290,4,50,310,330,370,490,CART,holdout,0
303,0.008374146498653343,308,17,291,4,49,311,331,371,491,CART,holdout,0
304,0.00744178025713252,309,17,292,4,48,312,332,372,492,CART,holdout,0
305,0.007418356426216086,310,17,293,4,47,313,333,373,493,CART,holdout,0
306,0.007413869482040492,311,18,293,3,47,308,323,353,443,CART,holdout,0
307,0.007397094539496702,312,18,294,3,46,309,324,354,444,CART,holdout,0
308,0.007271379481293935,313,18,295,3,45,310,325,355,445,CART,holdout,0
309,0.007229014299685712,314,18,296,3,44,311,326,356,446,CART,holdout,0
310,0.0066193030112851586,315,18,297,3,43,312,327,357,447,CART,holdout,0
311,0.00632897988926039,316,18,298,3,42,313,328,358,448,CART,holdout,0
312,0.006280466116714233,317,18,299,3,41,314,329,359,449,CART,holdout,0
313,0.006010709198899159,318,18,300,3,40,315,330,360,450,CART,holdout,0
314,0.005916684327426012,319,18,301,3,39,316,331,361,451,CART,holdout,0
315,0.005899946819808335,320,18,302,3,38,317,332,362,452,CART,holdout,0
316,0.005656065971418235,321,18,303,3,37,318,333,363,453,CART,holdout,0
317,0.005542576100173403,323,18,305,3,35,320,335,365,455,CART,holdout,0
318,0.005489185863020735,324,18,306,3,34,321,336,366,456,CART,holdout,0
319,0.005246949774825623,325,18,307,3,33,322,337,367,457,CART,holdout,0
320,0.005222899231176819,326,19,307,2,33,317,327,347,407,CART,holdout,0
321,0.005116412910138253,327,19,308,2,32,318,328,348,408,CART,holdout,0
322,0.005102078960510697,328,19,309,2,31,319,329,349,409,CART,holdout,0
323,0.005028478333856933,329,19,310,2,30,320,330,350,410,CART,holdout,0
324,0.00502566429263295,330,19,311,2,29,321,331,351,411,CART,holdout,0
325,0.004906823832640388,331,19,312,2,28,322,332,352,412,CART,holdout,0
326,0.004867579831357745,332,19,313,2,27,323,333,353,413,CART,holdout,0
327,0.004818899207891207,333,19,314,2,26,324,334,354,414,CART,holdout,0
328,0.004775361794353039,334,19,315,2,25,325,335,355,415,CART,holdout,0
329,0.004721559663604799,335,19,316,2,24,326,336,356,416,CART,holdout,0
330,0.004647959036951035,338,19,319,2,21,329,339,359,419,CART,holdout,0
331,0.004569342684749777,339,19,320,2,20,330,340,360,420,CART,holdout,0
332,0.00450879370615799,341,19,322,2,18,332,342,362,422,CART,holdout,0
333,0.0042118245061731644,342,19,323,2,17,333,343,363,423,CART,holdout,0
334,0.004191848988089562,343,19,324,2,16,334,344,364,424,CART,holdout,0
335,0.004182227306734151,344,19,325,2,15,335,345,365,425,CART,holdout,0
336,0.004114227535079597,345,19,326,2,14,336,346,366,426,CART,holdout,0
337,0.003971822612179313,346,19,327,2,13,337,347,367,427,CART,holdout,0
338,0.0038040692727202233,347,19,328,2,12,338,348,368,428,CART,holdout,0
339,0.003739779081464697,348,19,329,2,11,339,349,369,429,CART,holdout,0
340,0.0036651005932515856,349,19,330,2,10,340,350,370,430,CART,holdout,0
341,0.0033944377549053923,350,19,331,2,9,341,351,371,431,CART,holdout,0
342,0.003139145963899828,351,19,332,2,8,342,352,372,432,CART,holdout,0
343,0.0029134013099280393,352,19,333,2,7,343,353,373,433,CART,holdout,0
344,0.002874571552957591,353,20,333,1,7,338,343,353,383,CART,holdout,0
345,0.0022822854108347636,355,20,335,1,5,340,345,355,385,CART,holdout,0
346,0.0020695194533879554,356,20,336,1,4,341,346,356,386,CART,holdout,0
347,0.002011384019736302,358,20,338,1,2,343,348,358,388,CART,holdout,0
348,0.0019909031011866975,359,21,338,0,2,338,338,338,338,CART,holdout,0
349,-inf,361,21,340,0,0,340,340,340,340,CART,holdout,0
