model,scheme,fold,row,y,fixed_score,refitted_score
XGBoost,time,0,515,1.0,0.05014445260167122,0.06210588291287422
XGBoost,time,0,516,0.0,0.2898663580417633,0.23580504953861237
XGBoost,time,0,517,0.0,0.06472530961036682,0.08058232814073563
XGBoost,time,0,518,0.0,0.14693231880664825,0.16416873037815094
XGBoost,time,0,519,0.0,0.10486267507076263,0.09486119449138641
XGBoost,time,0,520,0.0,0.03760327771306038,0.07641857117414474
XGBoost,time,0,521,0.0,0.17142832279205322,0.14361438155174255
XGBoost,time,0,522,0.0,0.08738446980714798,0.07859179377555847
XGBoost,time,0,523,0.0,0.15481507778167725,0.12749479711055756
XGBoost,time,0,524,0.0,0.04684334993362427,0.07110358029603958
XGBoost,time,0,525,0.0,0.1604217290878296,0.12749479711055756
XGBoost,time,0,526,0.0,0.027412226423621178,0.0358111672103405
XGBoost,time,0,527,0.0,0.039496004581451416,0.06475310027599335
XGBoost,time,0,528,0.0,0.0253291092813015,0.033742498606443405
XGBoost,time,0,529,0.0,0.39628466963768005,0.3240956664085388
XGBoost,time,0,530,1.0,0.20875675976276398,0.18753784894943237
XGBoost,time,0,531,0.0,0.2989656925201416,0.25137704610824585
XGBoost,time,0,532,1.0,0.02945377677679062,0.043849024921655655
XGBoost,time,0,533,0.0,0.30769070982933044,0.2787942588329315
XGBoost,time,0,534,0.0,0.03955162689089775,0.07644849270582199
XGBoost,time,0,535,0.0,0.026909513399004936,0.03627193346619606
XGBoost,time,0,536,0.0,0.19296199083328247,0.17342384159564972
XGBoost,time,0,537,0.0,0.027728207409381866,0.03878005966544151
XGBoost,time,0,538,0.0,0.10486267507076263,0.08697527647018433
XGBoost,time,0,539,0.0,0.10486267507076263,0.08697527647018433
XGBoost,time,0,540,0.0,0.027728207409381866,0.03878005966544151
XGBoost,time,0,541,0.0,0.19037583470344543,0.16745218634605408
XGBoost,time,0,542,0.0,0.19296199083328247,0.17342384159564972
XGBoost,time,0,543,0.0,0.17977100610733032,0.13120684027671814
XGBoost,time,0,544,0.0,0.04028074070811272,0.06210588291287422
XGBoost,time,0,545,0.0,0.04996384307742119,0.06994733214378357
XGBoost,time,0,546,0.0,0.3270403742790222,0.15257473289966583
XGBoost,time,0,547,0.0,0.1536864936351776,0.13226786255836487
XGBoost,time,0,548,0.0,0.035764921456575394,0.06683167070150375
XGBoost,time,0,549,0.0,0.0253291092813015,0.03699745982885361
XGBoost,time,0,550,0.0,0.12949100136756897,0.14381778240203857
XGBoost,time,0,551,1.0,0.16976071894168854,0.13849720358848572
XGBoost,time,0,552,1.0,0.31594252586364746,0.3254964053630829
XGBoost,time,0,553,0.0,0.06708421558141708,0.08630773425102234
XGBoost,time,0,554,1.0,0.3972901403903961,0.31561917066574097
XGBoost,time,0,555,0.0,0.05382094904780388,0.08915379643440247
XGBoost,time,0,556,0.0,0.16896997392177582,0.15981535613536835
XGBoost,time,0,557,0.0,0.388480544090271,0.3837672770023346
XGBoost,time,0,558,0.0,0.17666290700435638,0.123969666659832
XGBoost,time,0,559,0.0,0.03760327771306038,0.07106968760490417
XGBoost,time,0,560,0.0,0.027728207409381866,0.03878005966544151
XGBoost,time,0,561,0.0,0.027728207409381866,0.03878005966544151
XGBoost,time,0,562,0.0,0.03760327771306038,0.06994733214378357
XGBoost,time,0,563,1.0,0.17142832279205322,0.12353270500898361
XGBoost,time,0,564,0.0,0.30685603618621826,0.22413872182369232
XGBoost,time,0,565,0.0,0.3606761395931244,0.2218087911605835
XGBoost,time,0,566,0.0,0.388480544090271,0.35139286518096924
XGBoost,time,0,567,1.0,0.16976071894168854,0.11396866291761398
XGBoost,time,0,568,0.0,0.30769070982933044,0.2600102126598358
XGBoost,time,0,569,0.0,0.18043701350688934,0.15814445912837982
XGBoost,time,0,570,0.0,0.10662896186113358,0.0830630362033844
XGBoost,time,0,571,0.0,0.027412226423621178,0.03165896609425545
XGBoost,time,0,572,0.0,0.4105791449546814,0.3047296106815338
XGBoost,time,0,573,0.0,0.1858469843864441,0.1504177451133728
XGBoost,time,0,574,0.0,0.04996384307742119,0.07110358029603958
XGBoost,time,0,575,0.0,0.027412226423621178,0.034686844795942307
XGBoost,time,0,576,0.0,0.11170930415391922,0.06699836254119873
XGBoost,time,0,577,0.0,0.10486267507076263,0.0852789580821991
XGBoost,time,0,578,0.0,0.046103641390800476,0.0658295676112175
XGBoost,time,0,579,0.0,0.1536864936351776,0.1535194367170334
XGBoost,time,0,580,0.0,0.10376150161027908,0.08367905020713806
XGBoost,time,0,581,0.0,0.0253291092813015,0.033742498606443405
XGBoost,time,0,582,0.0,0.11139644682407379,0.08697527647018433
XGBoost,time,0,583,0.0,0.039496004581451416,0.06475310027599335
XGBoost,time,0,584,0.0,0.15010984241962433,0.13226786255836487
XGBoost,time,0,585,0.0,0.15010984241962433,0.13226786255836487
XGBoost,time,0,586,0.0,0.039496004581451416,0.06475310027599335
XGBoost,time,0,587,1.0,0.17540811002254486,0.1535194367170334
XGBoost,time,0,588,0.0,0.05081307142972946,0.09363878518342972
XGBoost,time,0,589,0.0,0.40068140625953674,0.3902773857116699
XGBoost,time,0,590,0.0,0.22960777580738068,0.2054457664489746
XGBoost,time,0,591,1.0,0.09694838523864746,0.07859179377555847
XGBoost,time,0,592,0.0,0.2989656925201416,0.2574602961540222
XGBoost,time,0,593,0.0,0.42665746808052063,0.3797254264354706
XGBoost,time,0,594,1.0,0.12407030910253525,0.1416076123714447
XGBoost,time,0,595,0.0,0.37871789932250977,0.23384132981300354
XGBoost,time,0,596,0.0,0.05455842241644859,0.08620286732912064
XGBoost,time,0,597,0.0,0.10252738744020462,0.09330745786428452
XGBoost,time,0,598,0.0,0.06708421558141708,0.11628081649541855
XGBoost,time,0,599,0.0,0.055046357214450836,0.0658295676112175
XGBoost,time,0,600,0.0,0.027412226423621178,0.0358111672103405
XGBoost,time,0,601,0.0,0.32841911911964417,0.2701191306114197
XGBoost,time,0,602,0.0,0.02736910618841648,0.03814846649765968
XGBoost,time,0,603,0.0,0.029614897444844246,0.03878005966544151
XGBoost,time,0,604,0.0,0.03700381517410278,0.05860527977347374
XGBoost,time,0,605,1.0,0.0253291092813015,0.033742498606443405
XGBoost,time,0,606,0.0,0.05081307142972946,0.09363878518342972
XGBoost,time,0,607,0.0,0.026909513399004936,0.035167399793863297
XGBoost,time,0,608,0.0,0.20282526314258575,0.22146762907505035
XGBoost,time,0,609,0.0,0.36420896649360657,0.3151082992553711
XGBoost,time,0,610,1.0,0.0647718757390976,0.06902960687875748
XGBoost,time,0,611,1.0,0.30769070982933044,0.2600102126598358
XGBoost,time,0,612,0.0,0.3335244953632355,0.2600102126598358
XGBoost,time,0,613,0.0,0.026909513399004936,0.03627193346619606
XGBoost,time,0,614,0.0,0.05455842241644859,0.08482350409030914
XGBoost,time,0,615,1.0,0.12066756188869476,0.08697527647018433
XGBoost,time,0,616,0.0,0.33614954352378845,0.2600102126598358
XGBoost,time,0,617,0.0,0.20282526314258575,0.2054457664489746
XGBoost,time,0,618,0.0,0.15641918778419495,0.18070167303085327
XGBoost,time,0,619,0.0,0.3371838331222534,0.17238157987594604
XGBoost,time,0,620,0.0,0.36992353200912476,0.33240222930908203
XGBoost,time,0,621,0.0,0.12949100136756897,0.10149424523115158
XGBoost,time,0,622,0.0,0.34656569361686707,0.25732681155204773
XGBoost,time,0,623,0.0,0.16976071894168854,0.13849720358848572
XGBoost,time,0,624,0.0,0.027728207409381866,0.04249957948923111
XGBoost,time,0,625,0.0,0.03760327771306038,0.07641857117414474
XGBoost,time,0,626,1.0,0.1536864936351776,0.16633953154087067
XGBoost,time,0,627,0.0,0.245724156498909,0.25137704610824585
XGBoost,time,0,628,0.0,0.08587903529405594,0.07070506364107132
XGBoost,time,0,629,0.0,0.22807550430297852,0.2054457664489746
XGBoost,time,0,630,1.0,0.19474659860134125,0.17187091708183289
XGBoost,time,0,631,0.0,0.05081307142972946,0.09363878518342972
XGBoost,time,0,632,0.0,0.24909695982933044,0.2054457664489746
XGBoost,time,0,633,0.0,0.08587903529405594,0.07070506364107132
XGBoost,time,0,634,0.0,0.18291880190372467,0.12515217065811157
XGBoost,time,0,635,0.0,0.3832046687602997,0.3047296106815338
XGBoost,time,0,636,0.0,0.36420896649360657,0.36242979764938354
XGBoost,time,0,637,1.0,0.37290525436401367,0.2813650369644165
XGBoost,time,0,638,0.0,0.05467737838625908,0.1069280356168747
XGBoost,time,0,639,0.0,0.18911805748939514,0.20712004601955414
XGBoost,time,0,640,0.0,0.029118722304701805,0.04041802138090134
XGBoost,time,0,641,0.0,0.039496004581451416,0.060263846069574356
XGBoost,time,0,642,0.0,0.32027313113212585,0.3492715358734131
XGBoost,time,0,643,0.0,0.19504894316196442,0.19033107161521912
XGBoost,time,0,644,0.0,0.20875675976276398,0.18753784894943237
XGBoost,time,0,645,0.0,0.027728207409381866,0.04249957948923111
XGBoost,time,0,646,0.0,0.055046357214450836,0.08013474941253662
XGBoost,time,0,647,1.0,0.03867224603891373,0.05793624743819237
XGBoost,time,0,648,0.0,0.37795382738113403,0.3642447590827942
XGBoost,time,0,649,0.0,0.19559507071971893,0.20496565103530884
XGBoost,time,0,650,1.0,0.05836992338299751,0.07101110368967056
XGBoost,time,0,651,0.0,0.05904380977153778,0.08420023322105408
XGBoost,time,0,652,1.0,0.15821214020252228,0.15814445912837982
XGBoost,time,0,653,0.0,0.04571346566081047,0.1093447282910347
XGBoost,time,0,654,0.0,0.10486267507076263,0.09486119449138641
XGBoost,time,0,655,0.0,0.06768790632486343,0.12892472743988037
XGBoost,time,0,656,0.0,0.19296199083328247,0.18753784894943237
XGBoost,time,0,657,0.0,0.1446480005979538,0.15632396936416626
XGBoost,time,0,658,0.0,0.16976071894168854,0.12749479711055756
XGBoost,time,0,659,0.0,0.051440030336380005,0.07110358029603958
XGBoost,time,0,660,0.0,0.14839251339435577,0.18588697910308838
XGBoost,time,0,661,0.0,0.1456301212310791,0.16515029966831207
XGBoost,time,0,662,0.0,0.04379301145672798,0.07066124677658081
XGBoost,time,0,663,0.0,0.10486267507076263,0.11467386782169342
XGBoost,time,0,664,0.0,0.06768790632486343,0.12892472743988037
XGBoost,time,0,665,0.0,0.03760327771306038,0.06994733214378357
XGBoost,time,0,666,0.0,0.05063159018754959,0.056004323065280914
XGBoost,time,0,667,0.0,0.04684334993362427,0.07110358029603958
XGBoost,time,0,668,0.0,0.1536864936351776,0.1649829000234604
XGBoost,time,0,669,0.0,0.028705595061182976,0.032274071127176285
XGBoost,time,0,670,0.0,0.10376150161027908,0.10127563029527664
XGBoost,time,0,671,0.0,0.05399014800786972,0.056122809648513794
XGBoost,time,0,672,0.0,0.46707797050476074,0.43709033727645874
XGBoost,time,0,673,0.0,0.10376150161027908,0.10127563029527664
XGBoost,time,0,674,0.0,0.09007042646408081,0.07424215227365494
XGBoost,time,0,675,0.0,0.027728207409381866,0.03878005966544151
XGBoost,time,0,676,0.0,0.035521332174539566,0.06210588291287422
XGBoost,time,0,677,0.0,0.0253291092813015,0.029822736978530884
XGBoost,time,0,678,0.0,0.14785701036453247,0.15862718224525452
XGBoost,time,0,679,0.0,0.0639166459441185,0.06508374959230423
XGBoost,time,0,680,0.0,0.24542617797851562,0.21448826789855957
XGBoost,time,0,681,0.0,0.17630037665367126,0.18713149428367615
XGBoost,time,0,682,0.0,0.027412226423621178,0.03390214592218399
XGBoost,time,0,683,0.0,0.42395129799842834,0.3970651626586914
XGBoost,time,0,684,0.0,0.4868917763233185,0.43331000208854675
XGBoost,time,0,685,0.0,0.16976071894168854,0.16553880274295807
XGBoost,time,0,686,0.0,0.1977231651544571,0.23243151605129242
XGBoost,time,0,687,0.0,0.2630213797092438,0.29418763518333435
XGBoost,time,0,688,0.0,0.0379176065325737,0.06790462136268616
XGBoost,time,0,689,1.0,0.16976071894168854,0.15276910364627838
XGBoost,time,0,690,1.0,0.3186764419078827,0.3024479150772095
XGBoost,time,0,691,0.0,0.13744176924228668,0.14173944294452667
XGBoost,time,0,692,1.0,0.19622942805290222,0.18452002108097076
XGBoost,time,0,693,1.0,0.38730621337890625,0.3606908321380615
XGBoost,time,0,694,1.0,0.3819054663181305,0.33380910754203796
XGBoost,time,0,695,0.0,0.342373251914978,0.33380910754203796
XGBoost,time,0,696,0.0,0.39053764939308167,0.453881174325943
XGBoost,time,0,697,0.0,0.07296036928892136,0.07151693105697632
XGBoost,time,0,698,1.0,0.20373563468456268,0.21020959317684174
XGBoost,time,0,699,0.0,0.40435007214546204,0.3642447590827942
XGBoost,time,0,700,0.0,0.3217763602733612,0.37111008167266846
XGBoost,time,0,701,0.0,0.2583959996700287,0.2418888956308365
XGBoost,time,0,702,0.0,0.30962392687797546,0.3433672785758972
XGBoost,time,0,703,0.0,0.06533609330654144,0.10475680232048035
XGBoost,time,0,704,0.0,0.09934446960687637,0.07808355242013931
XGBoost,time,0,705,0.0,0.15899689495563507,0.14743627607822418
XGBoost,time,0,706,0.0,0.037257179617881775,0.05767018347978592
XGBoost,time,0,707,1.0,0.15010984241962433,0.13226786255836487
XGBoost,time,0,708,0.0,0.04994436725974083,0.10368557274341583
XGBoost,time,0,709,0.0,0.03991815820336342,0.08482350409030914
XGBoost,time,0,710,1.0,0.11292488873004913,0.09138289093971252
XGBoost,time,0,711,0.0,0.14220324158668518,0.15652550756931305
XGBoost,time,0,712,0.0,0.11292488873004913,0.08774914592504501
XGBoost,time,0,713,1.0,0.19748422503471375,0.2277364432811737
XGBoost,time,0,714,0.0,0.1291799396276474,0.15652550756931305
XGBoost,time,0,715,1.0,0.1948520988225937,0.21723788976669312
XGBoost,time,0,716,0.0,0.45537394285202026,0.3719608187675476
XGBoost,time,0,717,1.0,0.16456423699855804,0.1940341740846634
XGBoost,time,0,718,0.0,0.44551172852516174,0.3719608187675476
XGBoost,time,0,719,1.0,0.1698247641324997,0.2027161419391632
XGBoost,time,0,720,0.0,0.14342963695526123,0.1638704091310501
XGBoost,time,0,721,0.0,0.5202299356460571,0.4704364240169525
XGBoost,time,0,722,0.0,0.29802101850509644,0.3443284034729004
XGBoost,time,0,723,0.0,0.0253291092813015,0.033742498606443405
XGBoost,time,0,724,0.0,0.029614897444844246,0.03878005966544151
XGBoost,time,0,725,0.0,0.04013415426015854,0.06603586673736572
XGBoost,time,0,726,0.0,0.10486267507076263,0.08697527647018433
XGBoost,time,0,727,0.0,0.027728207409381866,0.03878005966544151
XGBoost,time,0,728,0.0,0.03760327771306038,0.06603586673736572
XGBoost,time,0,729,0.0,0.027728207409381866,0.03878005966544151
XGBoost,time,0,730,1.0,0.16270938515663147,0.1535194367170334
XGBoost,time,0,731,0.0,0.05127838999032974,0.09837697446346283
XGBoost,time,0,732,0.0,0.3843194842338562,0.4137274920940399
XGBoost,time,0,733,0.0,0.0830373466014862,0.13523173332214355
XGBoost,time,0,734,0.0,0.30962392687797546,0.32091909646987915
XGBoost,time,0,735,0.0,0.30836614966392517,0.2900260090827942
XGBoost,time,0,736,0.0,0.06566277891397476,0.06292392313480377
XGBoost,time,0,737,0.0,0.06768790632486343,0.1319579929113388
XGBoost,time,0,738,0.0,0.03760327771306038,0.06501951068639755
XGBoost,time,0,739,0.0,0.10486267507076263,0.08697527647018433
XGBoost,time,0,740,0.0,0.06768790632486343,0.11857807636260986
XGBoost,time,0,741,0.0,0.3738226890563965,0.2890060245990753
XGBoost,time,0,742,0.0,0.41152843832969666,0.33188578486442566
XGBoost,time,0,743,0.0,0.19296199083328247,0.17342384159564972
XGBoost,time,0,744,0.0,0.3738226890563965,0.3053654134273529
XGBoost,time,0,745,0.0,0.027728207409381866,0.03878005966544151
XGBoost,time,0,746,0.0,0.1536864936351776,0.1535194367170334
XGBoost,time,0,747,0.0,0.36420896649360657,0.29487791657447815
XGBoost,time,0,748,0.0,0.2110832780599594,0.15073952078819275
XGBoost,time,0,749,0.0,0.027728207409381866,0.03878005966544151
XGBoost,time,0,750,0.0,0.10486267507076263,0.0852789580821991
XGBoost,time,0,751,0.0,0.03760327771306038,0.06994733214378357
XGBoost,time,0,752,0.0,0.16976071894168854,0.13452231884002686
XGBoost,time,0,753,0.0,0.18661341071128845,0.14872659742832184
XGBoost,time,0,754,0.0,0.1589621901512146,0.13226786255836487
XGBoost,time,0,755,0.0,0.39628466963768005,0.33240222930908203
XGBoost,time,0,756,0.0,0.32841911911964417,0.31275439262390137
XGBoost,time,0,757,0.0,0.2025640457868576,0.1587805449962616
XGBoost,time,0,758,0.0,0.03760327771306038,0.07641857117414474
XGBoost,time,0,759,0.0,0.1777118742465973,0.1612226814031601
XGBoost,time,0,760,0.0,0.13489151000976562,0.11053716391324997
XGBoost,time,0,761,0.0,0.05014445260167122,0.06283780932426453
XGBoost,time,0,762,0.0,0.027412226423621178,0.03925757482647896
XGBoost,time,0,763,0.0,0.1536864936351776,0.16633953154087067
XGBoost,time,0,764,0.0,0.36420896649360657,0.31275439262390137
XGBoost,time,0,765,0.0,0.14294154942035675,0.12371290475130081
XGBoost,time,0,766,0.0,0.039496004581451416,0.06790462136268616
XGBoost,time,0,767,0.0,0.3738226890563965,0.3053654134273529
XGBoost,time,0,768,0.0,0.11139644682407379,0.0852789580821991
XGBoost,time,0,769,0.0,0.0253291092813015,0.029822736978530884
XGBoost,time,0,770,0.0,0.0253291092813015,0.033742498606443405
XGBoost,time,0,771,0.0,0.027728207409381866,0.03878005966544151
XGBoost,time,0,772,0.0,0.04684334993362427,0.07110358029603958
XGBoost,time,0,773,0.0,0.060569219291210175,0.07110358029603958
XGBoost,time,0,774,0.0,0.13489151000976562,0.11053716391324997
XGBoost,time,0,775,0.0,0.13891960680484772,0.1515762209892273
XGBoost,time,0,776,0.0,0.20875675976276398,0.18753784894943237
XGBoost,time,0,777,0.0,0.10486267507076263,0.08697527647018433
XGBoost,time,0,778,0.0,0.13489151000976562,0.10149424523115158
XGBoost,time,0,779,0.0,0.0253291092813015,0.033742498606443405
XGBoost,time,0,780,0.0,0.17977100610733032,0.14247727394104004
XGBoost,time,0,781,0.0,0.027412226423621178,0.0376107394695282
XGBoost,time,0,782,0.0,0.2360905259847641,0.1842760443687439
XGBoost,time,0,783,0.0,0.18661341071128845,0.16270609200000763
XGBoost,time,0,784,0.0,0.20435261726379395,0.1878928542137146
XGBoost,time,0,785,0.0,0.21879953145980835,0.17342384159564972
XGBoost,time,0,786,0.0,0.11747247725725174,0.10149424523115158
XGBoost,time,0,787,0.0,0.09981809556484222,0.08716035634279251
XGBoost,time,0,788,0.0,0.42896324396133423,0.29648008942604065
XGBoost,time,0,789,0.0,0.36420896649360657,0.26796987652778625
XGBoost,time,0,790,0.0,0.17966322600841522,0.14811037480831146
XGBoost,time,0,791,0.0,0.0253291092813015,0.033742498606443405
XGBoost,time,0,792,0.0,0.029614897444844246,0.03878005966544151
XGBoost,time,0,793,0.0,0.19296199083328247,0.17342384159564972
XGBoost,time,0,794,0.0,0.03760327771306038,0.06994733214378357
XGBoost,time,0,795,0.0,0.19474659860134125,0.14644069969654083
XGBoost,time,0,796,0.0,0.4280329942703247,0.3053654134273529
XGBoost,time,0,797,0.0,0.42395129799842834,0.29648008942604065
XGBoost,time,0,798,0.0,0.18542686104774475,0.1535194367170334
XGBoost,time,0,799,1.0,0.38310787081718445,0.2000836580991745
XGBoost,time,0,800,0.0,0.3386247754096985,0.2878430485725403
XGBoost,time,0,801,0.0,0.18043701350688934,0.1712726503610611
XGBoost,time,0,802,0.0,0.18457935750484467,0.1802147924900055
XGBoost,time,0,803,0.0,0.3436792194843292,0.32649436593055725
XGBoost,time,0,804,0.0,0.027728207409381866,0.04249957948923111
XGBoost,time,0,805,0.0,0.027728207409381866,0.04249957948923111
XGBoost,time,0,806,0.0,0.027728207409381866,0.03878005966544151
XGBoost,time,0,807,0.0,0.027728207409381866,0.03878005966544151
XGBoost,time,0,808,0.0,0.027728207409381866,0.03878005966544151
XGBoost,time,0,809,0.0,0.027728207409381866,0.03878005966544151
XGBoost,time,0,810,0.0,0.027728207409381866,0.03878005966544151
XGBoost,time,0,811,0.0,0.027728207409381866,0.03878005966544151
XGBoost,time,0,812,0.0,0.027728207409381866,0.03878005966544151
XGBoost,time,0,813,0.0,0.027728207409381866,0.03878005966544151
XGBoost,time,0,814,0.0,0.03760327771306038,0.06994733214378357
XGBoost,time,0,815,0.0,0.17142832279205322,0.13226786255836487
XGBoost,time,0,816,0.0,0.04684334993362427,0.07110358029603958
XGBoost,time,0,817,0.0,0.027728207409381866,0.03878005966544151
XGBoost,time,0,818,0.0,0.10486267507076263,0.08697527647018433
XGBoost,time,0,819,0.0,0.06768790632486343,0.1319579929113388
XGBoost,time,0,820,0.0,0.025662150233983994,0.03165896609425545
XGBoost,time,0,821,0.0,0.1730067878961563,0.14410939812660217
XGBoost,time,0,822,0.0,0.07234646379947662,0.11606431752443314
XGBoost,time,0,823,0.0,0.16929934918880463,0.16158565878868103
XGBoost,time,0,824,0.0,0.060569219291210175,0.06965990364551544
XGBoost,time,0,825,0.0,0.027412226423621178,0.0338565818965435
XGBoost,time,0,826,0.0,0.025662150233983994,0.03472016006708145
XGBoost,time,0,827,0.0,0.18291880190372467,0.123969666659832
XGBoost,time,0,828,0.0,0.1730067878961563,0.14640454947948456
XGBoost,time,0,829,0.0,0.029614897444844246,0.04249957948923111
XGBoost,time,0,830,0.0,0.051440030336380005,0.07106968760490417
XGBoost,time,0,831,0.0,0.027728207409381866,0.04249957948923111
XGBoost,time,0,832,0.0,0.027728207409381866,0.04249957948923111
XGBoost,time,0,833,0.0,0.027728207409381866,0.04249957948923111
XGBoost,time,0,834,0.0,0.027728207409381866,0.03878005966544151
XGBoost,time,0,835,0.0,0.03760327771306038,0.06603586673736572
XGBoost,time,0,836,0.0,0.13739891350269318,0.13253530859947205
XGBoost,time,0,837,0.0,0.12066756188869476,0.0809522494673729
XGBoost,time,0,838,0.0,0.03760327771306038,0.06136542931199074
XGBoost,time,0,839,0.0,0.04917740076780319,0.06516066938638687
XGBoost,time,0,840,0.0,0.1542407125234604,0.11854708194732666
XGBoost,time,0,841,0.0,0.10376150161027908,0.08125259727239609
XGBoost,time,0,842,0.0,0.047231126576662064,0.06902960687875748
XGBoost,time,0,843,0.0,0.09372570365667343,0.0703430026769638
XGBoost,time,0,844,0.0,0.027412226423621178,0.0338565818965435
XGBoost,time,0,845,0.0,0.037257179617881775,0.06683167070150375
XGBoost,time,0,846,0.0,0.36420896649360657,0.3071760833263397
XGBoost,time,0,847,0.0,0.14861240983009338,0.12116488069295883
XGBoost,time,0,848,0.0,0.04028074070811272,0.06682565808296204
XGBoost,time,0,849,0.0,0.36420896649360657,0.25880858302116394
XGBoost,time,0,850,0.0,0.04028074070811272,0.05786031484603882
XGBoost,time,0,851,0.0,0.1992492526769638,0.18231059610843658
XGBoost,time,0,852,0.0,0.14839251339435577,0.12591692805290222
XGBoost,time,0,853,0.0,0.0253291092813015,0.03271237760782242
XGBoost,time,0,854,0.0,0.027412226423621178,0.0376107394695282
XGBoost,time,0,855,0.0,0.027728207409381866,0.04249957948923111
XGBoost,time,0,856,0.0,0.027412226423621178,0.0376107394695282
XGBoost,time,0,857,0.0,0.10486267507076263,0.09486119449138641
XGBoost,time,0,858,0.0,0.17540811002254486,0.13348302245140076
XGBoost,time,0,859,0.0,0.12066756188869476,0.07936318963766098
XGBoost,time,0,860,0.0,0.07209194451570511,0.11857807636260986
XGBoost,time,0,861,0.0,0.10486267507076263,0.0809522494673729
XGBoost,time,0,862,0.0,0.37584981322288513,0.27058592438697815
XGBoost,time,0,863,0.0,0.10486267507076263,0.0809522494673729
XGBoost,time,0,864,0.0,0.027728207409381866,0.03596308082342148
XGBoost,time,0,865,0.0,0.10486267507076263,0.0809522494673729
XGBoost,time,0,866,0.0,0.08112406730651855,0.07424215227365494
XGBoost,time,0,867,0.0,0.025662150233983994,0.030320828780531883
XGBoost,time,0,868,0.0,0.027728207409381866,0.03596308082342148
XGBoost,time,0,869,0.0,0.04013415426015854,0.06136542931199074
XGBoost,time,0,870,0.0,0.0253291092813015,0.029822736978530884
XGBoost,time,0,871,0.0,0.027412226423621178,0.030320828780531883
XGBoost,time,0,872,0.0,0.17142832279205322,0.12353270500898361
XGBoost,time,0,873,0.0,0.027412226423621178,0.030320828780531883
XGBoost,time,0,874,0.0,0.14861240983009338,0.11396866291761398
XGBoost,time,0,875,0.0,0.21018929779529572,0.16745218634605408
XGBoost,time,0,876,0.0,0.0253291092813015,0.033742498606443405
XGBoost,time,0,877,0.0,0.027412226423621178,0.03430374711751938
XGBoost,time,0,878,0.0,0.04013415426015854,0.06501951068639755
XGBoost,time,0,879,0.0,0.32841911911964417,0.29261061549186707
XGBoost,time,0,880,0.0,0.0253291092813015,0.029822736978530884
XGBoost,time,0,881,0.0,0.027728207409381866,0.03596308082342148
XGBoost,time,0,882,0.0,0.0253291092813015,0.033742498606443405
XGBoost,time,0,883,0.0,0.13891960680484772,0.11854708194732666
XGBoost,time,0,884,0.0,0.027728207409381866,0.03878005966544151
XGBoost,time,0,885,0.0,0.0600249320268631,0.06150474771857262
XGBoost,time,0,886,0.0,0.051440030336380005,0.07110358029603958
XGBoost,time,0,887,0.0,0.027412226423621178,0.0358111672103405
XGBoost,time,0,888,0.0,0.08112406730651855,0.07424215227365494
XGBoost,time,0,889,0.0,0.027412226423621178,0.0376107394695282
XGBoost,time,0,890,0.0,0.0253291092813015,0.03699745982885361
XGBoost,time,0,891,0.0,0.037257179617881775,0.06683167070150375
XGBoost,time,0,892,0.0,0.027728207409381866,0.04249957948923111
XGBoost,time,0,893,0.0,0.0253291092813015,0.03699745982885361
XGBoost,time,0,894,0.0,0.10376150161027908,0.08125259727239609
XGBoost,time,0,895,0.0,0.027412226423621178,0.03472016006708145
XGBoost,time,0,896,0.0,0.1604217290878296,0.13849720358848572
XGBoost,time,0,897,0.0,0.027728207409381866,0.04249957948923111
XGBoost,time,0,898,0.0,0.027728207409381866,0.04249957948923111
XGBoost,time,0,899,0.0,0.027412226423621178,0.03925757482647896
XGBoost,time,0,900,0.0,0.027412226423621178,0.0358111672103405
XGBoost,time,0,901,0.0,0.027412226423621178,0.03472016006708145
XGBoost,time,0,902,0.0,0.16976071894168854,0.123969666659832
XGBoost,time,0,903,0.0,0.027412226423621178,0.03472016006708145
XGBoost,time,0,904,0.0,0.037257179617881775,0.05595187097787857
XGBoost,time,0,905,0.0,0.0253291092813015,0.03271237760782242
XGBoost,time,0,906,1.0,0.0253291092813015,0.03271237760782242
XGBoost,time,0,907,0.0,0.04571346566081047,0.10206132382154465
XGBoost,time,0,908,0.0,0.03145408257842064,0.043849024921655655
XGBoost,time,0,909,0.0,0.02945377677679062,0.043849024921655655
XGBoost,time,0,910,0.0,0.027728207409381866,0.04249957948923111
XGBoost,time,0,911,0.0,0.029614897444844246,0.04249957948923111
XGBoost,time,0,912,0.0,0.10376150161027908,0.08367905020713806
XGBoost,time,0,913,0.0,0.027728207409381866,0.03878005966544151
XGBoost,time,0,914,0.0,0.10486267507076263,0.08697527647018433
XGBoost,time,0,915,0.0,0.027412226423621178,0.03165896609425545
XGBoost,time,0,916,0.0,0.027728207409381866,0.03798460587859154
XGBoost,time,0,917,0.0,0.027728207409381866,0.03878005966544151
XGBoost,time,0,918,0.0,0.027728207409381866,0.03878005966544151
XGBoost,time,0,919,0.0,0.029614897444844246,0.03878005966544151
XGBoost,time,0,920,0.0,0.09372570365667343,0.07424215227365494
XGBoost,time,0,921,0.0,0.029614897444844246,0.03878005966544151
XGBoost,time,0,922,0.0,0.027412226423621178,0.03430374711751938
XGBoost,time,0,923,0.0,0.027412226423621178,0.03925757482647896
XGBoost,time,0,924,0.0,0.027412226423621178,0.0376107394695282
XGBoost,time,0,925,0.0,0.027412226423621178,0.03925757482647896
XGBoost,time,0,926,0.0,0.07234646379947662,0.11991564929485321
XGBoost,time,0,927,0.0,0.027412226423621178,0.03925757482647896
XGBoost,time,0,928,0.0,0.0253291092813015,0.03699745982885361
XGBoost,time,0,929,0.0,0.025662150233983994,0.0376107394695282
XGBoost,time,0,930,0.0,0.027412226423621178,0.03925757482647896
XGBoost,time,0,931,0.0,0.027412226423621178,0.03925757482647896
XGBoost,time,0,932,0.0,0.027728207409381866,0.03942350298166275
XGBoost,time,0,933,0.0,0.11747247725725174,0.1079988107085228
XGBoost,time,0,934,0.0,0.0253291092813015,0.03189708665013313
XGBoost,time,0,935,0.0,0.027728207409381866,0.03942350298166275
XGBoost,time,0,936,0.0,0.027728207409381866,0.03878005966544151
XGBoost,time,0,937,0.0,0.027728207409381866,0.03878005966544151
XGBoost,time,0,938,0.0,0.027728207409381866,0.03878005966544151
XGBoost,time,0,939,0.0,0.027728207409381866,0.03878005966544151
XGBoost,time,0,940,0.0,0.027728207409381866,0.03878005966544151
XGBoost,time,0,941,0.0,0.027728207409381866,0.03878005966544151
XGBoost,time,0,942,0.0,0.027728207409381866,0.03878005966544151
XGBoost,time,0,943,0.0,0.027728207409381866,0.03878005966544151
XGBoost,time,0,944,0.0,0.027728207409381866,0.03878005966544151
XGBoost,time,0,945,0.0,0.025662150233983994,0.03430374711751938
XGBoost,time,0,946,0.0,0.027412226423621178,0.0358111672103405
XGBoost,time,0,947,0.0,0.025662150233983994,0.03430374711751938
XGBoost,time,0,948,0.0,0.025662150233983994,0.0358111672103405
XGBoost,time,0,949,0.0,0.0253291092813015,0.033742498606443405
XGBoost,time,0,950,0.0,0.025662150233983994,0.0358111672103405
XGBoost,time,0,951,0.0,0.025662150233983994,0.03925757482647896
XGBoost,time,0,952,0.0,0.025662150233983994,0.03925757482647896
XGBoost,time,0,953,0.0,0.027412226423621178,0.03925757482647896
XGBoost,time,0,954,0.0,0.027412226423621178,0.03925757482647896
XGBoost,time,0,955,0.0,0.027412226423621178,0.03925757482647896
XGBoost,time,0,956,0.0,0.027728207409381866,0.041631150990724564
XGBoost,time,0,957,0.0,0.027412226423621178,0.0376107394695282
XGBoost,time,0,958,0.0,0.027412226423621178,0.03925757482647896
XGBoost,time,0,959,0.0,0.027728207409381866,0.04249957948923111
XGBoost,time,0,960,0.0,0.027728207409381866,0.03581564500927925
XGBoost,time,0,961,0.0,0.027728207409381866,0.03878005966544151
XGBoost,time,0,962,0.0,0.027728207409381866,0.03878005966544151
XGBoost,time,0,963,0.0,0.0253291092813015,0.033742498606443405
XGBoost,time,0,964,0.0,0.027412226423621178,0.0358111672103405
XGBoost,time,0,965,0.0,0.027412226423621178,0.03925757482647896
XGBoost,time,0,966,0.0,0.027412226423621178,0.03925757482647896
XGBoost,time,0,967,0.0,0.025662150233983994,0.03925757482647896
XGBoost,time,0,968,0.0,0.02736910618841648,0.0418100468814373
XGBoost,time,0,969,0.0,0.027412226423621178,0.03925757482647896
XGBoost,time,0,970,0.0,0.027412226423621178,0.03925757482647896
XGBoost,time,0,971,0.0,0.029614897444844246,0.04032164812088013
XGBoost,time,0,972,0.0,0.025662150233983994,0.03430374711751938
XGBoost,time,0,973,0.0,0.025662150233983994,0.0358111672103405
XGBoost,time,0,974,0.0,0.027728207409381866,0.03878005966544151
XGBoost,time,0,975,0.0,0.027728207409381866,0.03878005966544151
XGBoost,time,0,976,0.0,0.027728207409381866,0.03878005966544151
XGBoost,time,0,977,0.0,0.027412226423621178,0.0358111672103405
XGBoost,time,0,978,0.0,0.027412226423621178,0.03430374711751938
XGBoost,time,0,979,0.0,0.027728207409381866,0.03878005966544151
XGBoost,time,0,980,0.0,0.027728207409381866,0.03878005966544151
XGBoost,time,0,981,0.0,0.025662150233983994,0.03430374711751938
XGBoost,time,0,982,0.0,0.025662150233983994,0.03430374711751938
XGBoost,time,0,983,0.0,0.027412226423621178,0.03430374711751938
XGBoost,time,0,984,0.0,0.027412226423621178,0.0358111672103405
XGBoost,time,0,985,0.0,0.025662150233983994,0.03430374711751938
XGBoost,time,0,986,0.0,0.027728207409381866,0.03878005966544151
XGBoost,time,0,987,0.0,0.027728207409381866,0.03878005966544151
XGBoost,time,0,988,0.0,0.027412226423621178,0.0358111672103405
XGBoost,time,0,989,0.0,0.027728207409381866,0.03878005966544151
XGBoost,time,0,990,0.0,0.027728207409381866,0.03878005966544151
XGBoost,time,0,991,0.0,0.027728207409381866,0.03878005966544151
XGBoost,time,0,992,0.0,0.027728207409381866,0.03878005966544151
XGBoost,time,0,993,0.0,0.025662150233983994,0.0358111672103405
XGBoost,time,0,994,0.0,0.025662150233983994,0.0358111672103405
XGBoost,time,0,995,0.0,0.025662150233983994,0.0358111672103405
XGBoost,time,0,996,0.0,0.025662150233983994,0.0358111672103405
XGBoost,time,0,997,0.0,0.027728207409381866,0.03878005966544151
XGBoost,time,0,998,0.0,0.027412226423621178,0.0358111672103405
XGBoost,time,0,999,0.0,0.027412226423621178,0.0358111672103405
XGBoost,time,0,1000,0.0,0.025662150233983994,0.03430374711751938
XGBoost,time,0,1001,0.0,0.025662150233983994,0.034686844795942307
XGBoost,time,0,1002,0.0,0.027728207409381866,0.03878005966544151
XGBoost,time,0,1003,0.0,0.027728207409381866,0.03878005966544151
XGBoost,time,0,1004,0.0,0.027728207409381866,0.03878005966544151
XGBoost,time,0,1005,0.0,0.025662150233983994,0.03430374711751938
XGBoost,time,0,1006,0.0,0.025662150233983994,0.0358111672103405
XGBoost,time,0,1007,0.0,0.025662150233983994,0.0358111672103405
XGBoost,time,0,1008,0.0,0.027728207409381866,0.03878005966544151
XGBoost,time,0,1009,0.0,0.025662150233983994,0.0358111672103405
XGBoost,time,0,1010,0.0,0.025662150233983994,0.0358111672103405
XGBoost,time,0,1011,0.0,0.027728207409381866,0.03878005966544151
XGBoost,time,0,1012,0.0,0.027412226423621178,0.0358111672103405
XGBoost,time,0,1013,0.0,0.025662150233983994,0.0358111672103405
XGBoost,time,0,1014,0.0,0.027412226423621178,0.0358111672103405
XGBoost,time,0,1015,0.0,0.025662150233983994,0.0358111672103405
XGBoost,time,0,1016,0.0,0.025662150233983994,0.0358111672103405
XGBoost,time,0,1017,0.0,0.025662150233983994,0.0358111672103405
XGBoost,time,0,1018,0.0,0.025662150233983994,0.03430374711751938
XGBoost,time,0,1019,0.0,0.025662150233983994,0.0358111672103405
XGBoost,time,0,1020,0.0,0.025662150233983994,0.0358111672103405
XGBoost,time,0,1021,0.0,0.027728207409381866,0.03878005966544151
XGBoost,time,0,1022,0.0,0.025662150233983994,0.03430374711751938
XGBoost,time,0,1023,0.0,0.025662150233983994,0.0358111672103405
XGBoost,time,0,1024,0.0,0.025662150233983994,0.0358111672103405
XGBoost,time,0,1025,0.0,0.027728207409381866,0.03878005966544151
XGBoost,time,0,1026,0.0,0.0253291092813015,0.033742498606443405
XGBoost,time,0,1027,0.0,0.027412226423621178,0.034686844795942307
XGBoost,time,0,1028,0.0,0.025662150233983994,0.0358111672103405
XGBoost,time,0,1029,0.0,0.025662150233983994,0.0358111672103405
XGBoost,time,0,1030,0.0,0.025662150233983994,0.03430374711751938
XGBoost,time,1,1031,0.0,0.027032556012272835,0.014240648597478867
XGBoost,time,1,1032,0.0,0.033505309373140335,0.015323136933147907
XGBoost,time,1,1033,0.0,0.034000590443611145,0.02670460380613804
XGBoost,time,1,1034,0.0,0.027032556012272835,0.013902746140956879
XGBoost,time,1,1035,0.0,0.027032556012272835,0.013902746140956879
XGBoost,time,1,1036,0.0,0.030335113406181335,0.01577266864478588
XGBoost,time,1,1037,0.0,0.030052049085497856,0.017907841131091118
XGBoost,time,1,1038,0.0,0.027032556012272835,0.013902746140956879
XGBoost,time,1,1039,0.0,0.030335113406181335,0.01577266864478588
XGBoost,time,1,1040,0.0,0.030052049085497856,0.016452766954898834
XGBoost,time,1,1041,0.0,0.030335113406181335,0.01577266864478588
XGBoost,time,1,1042,0.0,0.043370604515075684,0.02475922554731369
XGBoost,time,1,1043,0.0,0.030052049085497856,0.016452766954898834
XGBoost,time,1,1044,0.0,0.029400113970041275,0.0149586396291852
XGBoost,time,1,1045,0.0,0.027032556012272835,0.013902746140956879
XGBoost,time,1,1046,0.0,0.030052049085497856,0.017907841131091118
XGBoost,time,1,1047,0.0,0.027032556012272835,0.014240648597478867
XGBoost,time,1,1048,0.0,0.027032556012272835,0.014240648597478867
XGBoost,time,1,1049,0.0,0.027032556012272835,0.014240648597478867
XGBoost,time,1,1050,0.0,0.02752062864601612,0.012945764698088169
XGBoost,time,1,1051,0.0,0.027032556012272835,0.013902746140956879
XGBoost,time,1,1052,0.0,0.027032556012272835,0.014240648597478867
XGBoost,time,1,1053,0.0,0.027032556012272835,0.013902746140956879
XGBoost,time,1,1054,0.0,0.02752062864601612,0.012945764698088169
XGBoost,time,1,1055,0.0,0.02853933349251747,0.0150500712916255
XGBoost,time,1,1056,0.0,0.030052049085497856,0.017907841131091118
XGBoost,time,1,1057,0.0,0.02853933349251747,0.01469323318451643
XGBoost,time,1,1058,0.0,0.027032556012272835,0.013902746140956879
XGBoost,time,1,1059,0.0,0.02853933349251747,0.01469323318451643
XGBoost,time,1,1060,0.0,0.030552970245480537,0.01469323318451643
XGBoost,time,1,1061,0.0,0.030335113406181335,0.01577266864478588
XGBoost,time,1,1062,0.0,0.027032556012272835,0.013902746140956879
XGBoost,time,1,1063,0.0,0.027032556012272835,0.013902746140956879
XGBoost,time,1,1064,0.0,0.02979769930243492,0.01577266864478588
XGBoost,time,1,1065,0.0,0.043370604515075684,0.02475922554731369
XGBoost,time,1,1066,0.0,0.029655123129487038,0.014499259181320667
XGBoost,time,1,1067,0.0,0.030335113406181335,0.01577266864478588
XGBoost,time,1,1068,0.0,0.02853933349251747,0.0150500712916255
XGBoost,time,1,1069,0.0,0.027032556012272835,0.013902746140956879
XGBoost,time,1,1070,0.0,0.030052049085497856,0.016452766954898834
XGBoost,time,1,1071,0.0,0.030335113406181335,0.01577266864478588
XGBoost,time,1,1072,0.0,0.02853933349251747,0.01469323318451643
XGBoost,time,1,1073,0.0,0.030052049085497856,0.017907841131091118
XGBoost,time,1,1074,0.0,0.030052049085497856,0.017907841131091118
XGBoost,time,1,1075,0.0,0.027032556012272835,0.013902746140956879
XGBoost,time,1,1076,0.0,0.027032556012272835,0.014240648597478867
XGBoost,time,1,1077,0.0,0.030552970245480537,0.015736393630504608
XGBoost,time,1,1078,0.0,0.02752062864601612,0.012945764698088169
XGBoost,time,1,1079,0.0,0.05115882307291031,0.028615348041057587
XGBoost,time,1,1080,0.0,0.04641852527856827,0.031833015382289886
XGBoost,time,1,1081,0.0,0.03326593339443207,0.02335049957036972
XGBoost,time,1,1082,0.0,0.05115882307291031,0.027499210089445114
XGBoost,time,1,1083,0.0,0.042472220957279205,0.028330406174063683
XGBoost,time,1,1084,0.0,0.042472220957279205,0.02885538339614868
XGBoost,time,1,1085,0.0,0.04731856286525726,0.03303156793117523
XGBoost,time,1,1086,0.0,0.04731856286525726,0.03303156793117523
XGBoost,time,1,1087,0.0,0.04731856286525726,0.03303156793117523
XGBoost,time,1,1088,0.0,0.04731856286525726,0.03303156793117523
XGBoost,time,1,1089,0.0,0.03499358147382736,0.027691535651683807
XGBoost,time,1,1090,0.0,0.038272783160209656,0.031117688864469528
XGBoost,time,1,1091,0.0,0.03071562759578228,0.015769965946674347
XGBoost,time,1,1092,0.0,0.03670860826969147,0.023269951343536377
XGBoost,time,1,1093,0.0,0.03751634061336517,0.02781154215335846
XGBoost,time,1,1094,0.0,0.03751634061336517,0.02781154215335846
XGBoost,time,1,1095,0.0,0.06139674782752991,0.04131484776735306
XGBoost,time,1,1096,0.0,0.030052049085497856,0.019238334149122238
XGBoost,time,1,1097,0.0,0.03363849222660065,0.024571694433689117
XGBoost,time,1,1098,0.0,0.03363849222660065,0.024571694433689117
XGBoost,time,1,1099,0.0,0.040330689400434494,0.03309168294072151
XGBoost,time,1,1100,0.0,0.040330689400434494,0.03309168294072151
XGBoost,time,1,1101,0.0,0.030630361288785934,0.022188318893313408
XGBoost,time,1,1102,0.0,0.03081456385552883,0.017796611413359642
XGBoost,time,1,1103,0.0,0.038225866854190826,0.031342826783657074
XGBoost,time,1,1104,1.0,0.0734674334526062,0.0718035027384758
XGBoost,time,1,1105,0.0,0.19941088557243347,0.1721971184015274
XGBoost,time,1,1106,0.0,0.03389928117394447,0.030658725649118423
XGBoost,time,1,1107,0.0,0.02332586981356144,0.024254590272903442
XGBoost,time,1,1108,0.0,0.03891768306493759,0.03895018994808197
XGBoost,time,1,1109,0.0,0.07253506034612656,0.06243700906634331
XGBoost,time,1,1110,0.0,0.032208189368247986,0.0248878076672554
XGBoost,time,1,1111,0.0,0.08614802360534668,0.06787708401679993
XGBoost,time,1,1112,0.0,0.05504520982503891,0.039600174874067307
XGBoost,time,1,1113,0.0,0.045227378606796265,0.03931421786546707
XGBoost,time,1,1114,0.0,0.03139399737119675,0.03092421032488346
XGBoost,time,1,1115,0.0,0.06379612535238266,0.061017900705337524
XGBoost,time,1,1116,0.0,0.07731838524341583,0.0628715455532074
XGBoost,time,1,1117,0.0,0.030008671805262566,0.02019166573882103
XGBoost,time,1,1118,0.0,0.07731838524341583,0.0628715455532074
XGBoost,time,1,1119,0.0,0.033247705549001694,0.021107444539666176
XGBoost,time,1,1120,0.0,0.05763867869973183,0.039071470499038696
XGBoost,time,1,1121,0.0,0.05682859569787979,0.05642721429467201
XGBoost,time,1,1122,0.0,0.04846707731485367,0.033884644508361816
XGBoost,time,1,1123,0.0,0.03363849222660065,0.022587617859244347
XGBoost,time,1,1124,0.0,0.03363849222660065,0.024571694433689117
XGBoost,time,1,1125,0.0,0.01644088700413704,0.011562791652977467
XGBoost,time,1,1126,0.0,0.026349976658821106,0.02470535784959793
XGBoost,time,1,1127,0.0,0.032208189368247986,0.02438480779528618
XGBoost,time,1,1128,0.0,0.03592728450894356,0.02816813252866268
XGBoost,time,1,1129,0.0,0.04027152806520462,0.03189472481608391
XGBoost,time,1,1130,0.0,0.03958370164036751,0.02700859308242798
XGBoost,time,1,1131,0.0,0.03751634061336517,0.02781154215335846
XGBoost,time,1,1132,0.0,0.03751634061336517,0.02781154215335846
XGBoost,time,1,1133,0.0,0.03416795656085014,0.026630712673068047
XGBoost,time,1,1134,0.0,0.02564965933561325,0.02431303635239601
XGBoost,time,1,1135,0.0,0.022845184430480003,0.021452659741044044
XGBoost,time,1,1136,0.0,0.04019632562994957,0.03226035460829735
XGBoost,time,1,1137,0.0,0.037024591118097305,0.022561177611351013
XGBoost,time,1,1138,0.0,0.03751634061336517,0.02781154215335846
XGBoost,time,1,1139,0.0,0.022845184430480003,0.021452659741044044
XGBoost,time,1,1140,0.0,0.2474389225244522,0.21984325349330902
XGBoost,time,1,1141,0.0,0.04299604147672653,0.035063594579696655
XGBoost,time,1,1142,0.0,0.07275067269802094,0.04633830115199089
XGBoost,time,1,1143,0.0,0.04019632562994957,0.035063594579696655
XGBoost,time,1,1144,0.0,0.047628551721572876,0.035575296729803085
XGBoost,time,1,1145,0.0,0.03522581607103348,0.027950149029493332
XGBoost,time,1,1146,0.0,0.04502939060330391,0.029459141194820404
XGBoost,time,1,1147,0.0,0.02941317670047283,0.027962325140833855
XGBoost,time,1,1148,0.0,0.03592728450894356,0.02816813252866268
XGBoost,time,1,1149,0.0,0.023631909862160683,0.02196999080479145
XGBoost,time,1,1150,0.0,0.04027152806520462,0.03189472481608391
XGBoost,time,1,1151,0.0,0.048057980835437775,0.035965289920568466
XGBoost,time,1,1152,0.0,0.034714702516794205,0.028842629864811897
XGBoost,time,1,1153,0.0,0.17812912166118622,0.163543701171875
XGBoost,time,1,1154,0.0,0.026658574119210243,0.02745380438864231
XGBoost,time,1,1155,0.0,0.02941317670047283,0.027962325140833855
XGBoost,time,1,1156,0.0,0.080523282289505,0.07030963152647018
XGBoost,time,1,1157,0.0,0.22389653325080872,0.19288790225982666
XGBoost,time,1,1158,0.0,0.11080550402402878,0.09810256958007812
XGBoost,time,1,1159,0.0,0.0500033013522625,0.03418397158384323
XGBoost,time,1,1160,0.0,0.053958918899297714,0.03830420970916748
XGBoost,time,1,1161,0.0,0.053958918899297714,0.037416972219944
XGBoost,time,1,1162,0.0,0.03549334406852722,0.028530456125736237
XGBoost,time,1,1163,0.0,0.04234262928366661,0.029369335621595383
XGBoost,time,1,1164,0.0,0.04143545404076576,0.025689372792840004
XGBoost,time,1,1165,0.0,0.04544691741466522,0.028256826102733612
XGBoost,time,1,1166,0.0,0.15652582049369812,0.12077702581882477
XGBoost,time,1,1167,0.0,0.054758213460445404,0.041960522532463074
XGBoost,time,1,1168,0.0,0.04234262928366661,0.0282246433198452
XGBoost,time,1,1169,0.0,0.03881734982132912,0.021300286054611206
XGBoost,time,1,1170,0.0,0.04234262928366661,0.029369335621595383
XGBoost,time,1,1171,0.0,0.03071562759578228,0.015769965946674347
XGBoost,time,1,1172,0.0,0.04444371536374092,0.026002133265137672
XGBoost,time,1,1173,0.0,0.038136791437864304,0.023894373327493668
XGBoost,time,1,1174,0.0,0.04143545404076576,0.025689372792840004
XGBoost,time,1,1175,0.0,0.04234262928366661,0.029369335621595383
XGBoost,time,1,1176,0.0,0.04143545404076576,0.024579791352152824
XGBoost,time,1,1177,0.0,0.04234262928366661,0.0282246433198452
XGBoost,time,1,1178,0.0,0.053560998290777206,0.03865586966276169
XGBoost,time,1,1179,0.0,0.04143545404076576,0.025689372792840004
XGBoost,time,1,1180,0.0,0.03881734982132912,0.021300286054611206
XGBoost,time,1,1181,0.0,0.04544691741466522,0.028256826102733612
XGBoost,time,1,1182,0.0,0.04398379102349281,0.03135308250784874
XGBoost,time,1,1183,0.0,0.10712838917970657,0.07910925149917603
XGBoost,time,1,1184,0.0,0.04847492650151253,0.03449058532714844
XGBoost,time,1,1185,0.0,0.029179032891988754,0.02692248299717903
XGBoost,time,1,1186,1.0,0.039952848106622696,0.025903623551130295
XGBoost,time,1,1187,0.0,0.28973785042762756,0.27219727635383606
XGBoost,time,1,1188,0.0,0.03522581607103348,0.02729593589901924
XGBoost,time,1,1189,0.0,0.034378454089164734,0.020161595195531845
XGBoost,time,1,1190,0.0,0.028187554329633713,0.027567999437451363
XGBoost,time,1,1191,0.0,0.05188203603029251,0.036535680294036865
XGBoost,time,1,1192,0.0,0.08740877360105515,0.05772603675723076
XGBoost,time,1,1193,0.0,0.06006966158747673,0.045701753348112106
XGBoost,time,1,1194,0.0,0.24092921614646912,0.19945596158504486
XGBoost,time,1,1195,0.0,0.08341537415981293,0.09490398317575455
XGBoost,time,1,1196,0.0,0.04205399006605148,0.036799244582653046
XGBoost,time,1,1197,0.0,0.06123444810509682,0.04473070055246353
XGBoost,time,1,1198,0.0,0.05813407152891159,0.03248932212591171
XGBoost,time,1,1199,0.0,0.07089550048112869,0.06872469931840897
XGBoost,time,1,1200,1.0,0.041054390370845795,0.03860745579004288
XGBoost,time,1,1201,0.0,0.23173221945762634,0.20607662200927734
XGBoost,time,1,1202,0.0,0.06717067211866379,0.05039738863706589
XGBoost,time,1,1203,0.0,0.10358738899230957,0.07263331860303879
XGBoost,time,1,1204,0.0,0.07879602909088135,0.05118483304977417
XGBoost,time,1,1205,0.0,0.06311272829771042,0.04272621497511864
XGBoost,time,1,1206,0.0,0.14027562737464905,0.10411056876182556
XGBoost,time,1,1207,0.0,0.11857698112726212,0.09173433482646942
XGBoost,time,1,1208,0.0,0.06779643893241882,0.04608575999736786
XGBoost,time,1,1209,0.0,0.050173044204711914,0.04350855201482773
XGBoost,time,1,1210,0.0,0.048735328018665314,0.041395511478185654
XGBoost,time,1,1211,0.0,0.13094493746757507,0.09878750890493393
XGBoost,time,1,1212,0.0,0.05920954793691635,0.037117693573236465
XGBoost,time,1,1213,0.0,0.0522407591342926,0.03001140058040619
XGBoost,time,1,1214,0.0,0.050173044204711914,0.04350855201482773
XGBoost,time,1,1215,0.0,0.048735328018665314,0.041395511478185654
XGBoost,time,1,1216,0.0,0.07879602909088135,0.05118483304977417
XGBoost,time,1,1217,0.0,0.07250477373600006,0.04871797934174538
XGBoost,time,1,1218,0.0,0.05551917478442192,0.03132152929902077
XGBoost,time,1,1219,0.0,0.05212915688753128,0.0359778068959713
XGBoost,time,1,1220,0.0,0.06289627403020859,0.038725659251213074
XGBoost,time,1,1221,0.0,0.06702517718076706,0.04456590488553047
XGBoost,time,1,1222,0.0,0.05877801775932312,0.04155125468969345
XGBoost,time,1,1223,0.0,0.06618667393922806,0.06145161762833595
XGBoost,time,1,1224,0.0,0.12309868633747101,0.07831203937530518
XGBoost,time,1,1225,0.0,0.06311272829771042,0.04091167449951172
XGBoost,time,1,1226,0.0,0.06289627403020859,0.038725659251213074
XGBoost,time,1,1227,0.0,0.22313357889652252,0.24528993666172028
XGBoost,time,1,1228,0.0,0.09366537630558014,0.06382166594266891
XGBoost,time,1,1229,0.0,0.055711761116981506,0.03310398384928703
XGBoost,time,1,1230,0.0,0.06304435431957245,0.05091424286365509
XGBoost,time,1,1231,0.0,0.12146896868944168,0.09290765970945358
XGBoost,time,1,1232,0.0,0.03934510797262192,0.03176660090684891
XGBoost,time,1,1233,0.0,0.04275188967585564,0.031460292637348175
XGBoost,time,1,1234,0.0,0.03535134717822075,0.023515472188591957
XGBoost,time,1,1235,0.0,0.054099563509225845,0.04141753539443016
XGBoost,time,1,1236,0.0,0.07373109459877014,0.04221699759364128
XGBoost,time,1,1237,0.0,0.034734152257442474,0.021708013489842415
XGBoost,time,1,1238,0.0,0.03157695755362511,0.024114660918712616
XGBoost,time,1,1239,0.0,0.03444879874587059,0.025368941947817802
XGBoost,time,1,1240,0.0,0.037964366376399994,0.029804175719618797
XGBoost,time,1,1241,0.0,0.05763867869973183,0.039071470499038696
XGBoost,time,1,1242,0.0,0.044706135988235474,0.03220544010400772
XGBoost,time,1,1243,0.0,0.05763867869973183,0.039071470499038696
XGBoost,time,1,1244,0.0,0.05711584538221359,0.037595562636852264
XGBoost,time,1,1245,0.0,0.039540138095617294,0.02368933893740177
XGBoost,time,1,1246,0.0,0.03716815263032913,0.022690972313284874
XGBoost,time,1,1247,0.0,0.03670695424079895,0.023859987035393715
XGBoost,time,1,1248,0.0,0.03716815263032913,0.021708013489842415
XGBoost,time,1,1249,0.0,0.02905379608273506,0.014703867956995964
XGBoost,time,1,1250,0.0,0.03480988368391991,0.018804281949996948
XGBoost,time,1,1251,0.0,0.02853933349251747,0.01617172174155712
XGBoost,time,1,1252,0.0,0.03395196422934532,0.019691402092576027
XGBoost,time,1,1253,0.0,0.030052049085497856,0.017907841131091118
XGBoost,time,1,1254,0.0,0.030052049085497856,0.017907841131091118
XGBoost,time,1,1255,0.0,0.029400113970041275,0.0149586396291852
XGBoost,time,1,1256,0.0,0.03395196422934532,0.019691402092576027
XGBoost,time,1,1257,0.0,0.02752062864601612,0.013475709594786167
XGBoost,time,1,1258,0.0,0.030052049085497856,0.017907841131091118
XGBoost,time,1,1259,0.0,0.02905379608273506,0.013682597316801548
XGBoost,time,1,1260,0.0,0.03110256977379322,0.015374657697975636
XGBoost,time,1,1261,0.0,0.04588573798537254,0.031639907509088516
XGBoost,time,1,1262,0.0,0.030552970245480537,0.016508175060153008
XGBoost,time,1,1263,0.0,0.06004995480179787,0.03279193490743637
XGBoost,time,1,1264,0.0,0.06458784639835358,0.03554752841591835
XGBoost,time,1,1265,0.0,0.04588573798537254,0.031639907509088516
XGBoost,time,1,1266,0.0,0.027032556012272835,0.015302912332117558
XGBoost,time,1,1267,0.0,0.03419708460569382,0.02160997875034809
XGBoost,time,1,1268,0.0,0.06133858487010002,0.041956476867198944
XGBoost,time,1,1269,0.0,0.04846707731485367,0.033884644508361816
XGBoost,time,1,1270,0.0,0.061588238924741745,0.04568348079919815
XGBoost,time,1,1271,0.0,0.03363849222660065,0.022587617859244347
XGBoost,time,1,1272,0.0,0.030052049085497856,0.019238334149122238
XGBoost,time,1,1273,0.0,0.12032424658536911,0.07336598634719849
XGBoost,time,1,1274,0.0,0.030052049085497856,0.019238334149122238
XGBoost,time,1,1275,0.0,0.030052049085497856,0.019238334149122238
XGBoost,time,1,1276,0.0,0.06986352801322937,0.046029895544052124
XGBoost,time,1,1277,0.0,0.039061062037944794,0.028155917301774025
XGBoost,time,1,1278,0.0,0.03081456385552883,0.017796611413359642
XGBoost,time,1,1279,0.0,0.07096701860427856,0.0475502610206604
XGBoost,time,1,1280,0.0,0.031676292419433594,0.028951577842235565
XGBoost,time,1,1281,0.0,0.01926957070827484,0.012780919671058655
XGBoost,time,1,1282,0.0,0.033354829996824265,0.0216594897210598
XGBoost,time,1,1283,0.0,0.03363849222660065,0.024571694433689117
XGBoost,time,1,1284,0.0,0.04846707731485367,0.033884644508361816
XGBoost,time,1,1285,0.0,0.03395415470004082,0.0216594897210598
XGBoost,time,1,1286,0.0,0.03419708460569382,0.02160997875034809
XGBoost,time,1,1287,0.0,0.02853933349251747,0.01617172174155712
XGBoost,time,1,1288,0.0,0.03798560053110123,0.024937905371189117
XGBoost,time,1,1289,0.0,0.030052049085497856,0.019238334149122238
XGBoost,time,1,1290,0.0,0.04659116640686989,0.032313309609889984
XGBoost,time,1,1291,0.0,0.04659116640686989,0.032313309609889984
XGBoost,time,1,1292,0.0,0.08673089742660522,0.06346169859170914
XGBoost,time,1,1293,0.0,0.04275188967585564,0.030726514756679535
XGBoost,time,1,1294,0.0,0.017026424407958984,0.011287701316177845
XGBoost,time,1,1295,0.0,0.03157695755362511,0.026367351412773132
XGBoost,time,1,1296,0.0,0.037370022386312485,0.029862072318792343
XGBoost,time,1,1297,0.0,0.06891299039125443,0.06756185740232468
XGBoost,time,1,1298,0.0,0.050016891211271286,0.03628995642066002
XGBoost,time,1,1299,0.0,0.14549040794372559,0.11479503661394119
XGBoost,time,1,1300,0.0,0.034734152257442474,0.021708013489842415
XGBoost,time,1,1301,0.0,0.04659116640686989,0.032313309609889984
XGBoost,time,1,1302,0.0,0.03157695755362511,0.0257492046803236
XGBoost,time,1,1303,0.0,0.021907448768615723,0.01979926787316799
XGBoost,time,1,1304,0.0,0.05665091797709465,0.04100992903113365
XGBoost,time,1,1305,0.0,0.03881734982132912,0.022265201434493065
XGBoost,time,1,1306,0.0,0.03930674493312836,0.03064711205661297
XGBoost,time,1,1307,0.0,0.05188203603029251,0.036535680294036865
XGBoost,time,1,1308,0.0,0.03604503720998764,0.02983672171831131
XGBoost,time,1,1309,0.0,0.06114211305975914,0.044599853456020355
XGBoost,time,1,1310,0.0,0.038136791437864304,0.023894373327493668
XGBoost,time,1,1311,0.0,0.03873325139284134,0.024579791352152824
XGBoost,time,1,1312,0.0,0.04234262928366661,0.029369335621595383
XGBoost,time,1,1313,0.0,0.04234262928366661,0.02700859308242798
XGBoost,time,1,1314,0.0,0.04143545404076576,0.025689372792840004
XGBoost,time,1,1315,0.0,0.05437770113348961,0.04606519639492035
XGBoost,time,1,1316,0.0,0.03604503720998764,0.029139673337340355
XGBoost,time,1,1317,0.0,0.06429741531610489,0.06512213498353958
XGBoost,time,1,1318,0.0,0.12914957106113434,0.11062970757484436
XGBoost,time,1,1319,0.0,0.04310382530093193,0.033775318413972855
XGBoost,time,1,1320,0.0,0.03522581607103348,0.02983672171831131
XGBoost,time,1,1321,0.0,0.038136791437864304,0.023894373327493668
XGBoost,time,1,1322,0.0,0.03881734982132912,0.022265201434493065
XGBoost,time,1,1323,0.0,0.04310382530093193,0.033775318413972855
XGBoost,time,1,1324,0.0,0.04310382530093193,0.033775318413972855
XGBoost,time,1,1325,0.0,0.04310382530093193,0.033775318413972855
XGBoost,time,1,1326,0.0,0.07090593874454498,0.05290226638317108
XGBoost,time,1,1327,0.0,0.07345281541347504,0.05444066599011421
XGBoost,time,1,1328,0.0,0.03725573420524597,0.03261229023337364
XGBoost,time,1,1329,0.0,0.04310382530093193,0.033775318413972855
XGBoost,time,1,1330,0.0,0.09892505407333374,0.08468819409608841
XGBoost,time,1,1331,0.0,0.04273635521531105,0.027071304619312286
XGBoost,time,1,1332,0.0,0.041927944868803024,0.027786172926425934
XGBoost,time,1,1333,0.0,0.05508673936128616,0.050581224262714386
XGBoost,time,1,1334,0.0,0.02135159820318222,0.01780981756746769
XGBoost,time,1,1335,0.0,0.041896868497133255,0.034878045320510864
XGBoost,time,1,1336,0.0,0.05188203603029251,0.036535680294036865
XGBoost,time,1,1337,0.0,0.07090593874454498,0.05290226638317108
XGBoost,time,1,1338,0.0,0.03627941757440567,0.021300286054611206
XGBoost,time,1,1339,0.0,0.13802795112133026,0.12072049081325531
XGBoost,time,1,1340,0.0,0.03183996304869652,0.02831856906414032
XGBoost,time,1,1341,0.0,0.038136791437864304,0.023894373327493668
XGBoost,time,1,1342,0.0,0.0515587255358696,0.03475113585591316
XGBoost,time,1,1343,0.0,0.03183996304869652,0.02831856906414032
XGBoost,time,1,1344,0.0,0.06174468994140625,0.04821248725056648
XGBoost,time,1,1345,0.0,0.21690934896469116,0.18880698084831238
XGBoost,time,1,1346,0.0,0.04310382530093193,0.033775318413972855
XGBoost,time,1,1347,0.0,0.18954965472221375,0.14993292093276978
XGBoost,time,1,1348,0.0,0.07252943515777588,0.05598975345492363
XGBoost,time,1,1349,0.0,0.04207548499107361,0.030692705884575844
XGBoost,time,1,1350,0.0,0.05188203603029251,0.036535680294036865
XGBoost,time,1,1351,0.0,0.06148068234324455,0.053910620510578156
XGBoost,time,1,1352,0.0,0.03725573420524597,0.03261229023337364
XGBoost,time,1,1353,0.0,0.04310382530093193,0.033775318413972855
XGBoost,time,1,1354,0.0,0.05188203603029251,0.0342404842376709
XGBoost,time,1,1355,0.0,0.042972128838300705,0.034425999969244
XGBoost,time,1,1356,0.0,0.04310382530093193,0.033775318413972855
XGBoost,time,1,1357,0.0,0.06606689840555191,0.04629389941692352
XGBoost,time,1,1358,0.0,0.03183996304869652,0.02831856906414032
XGBoost,time,1,1359,0.0,0.043395571410655975,0.03233485668897629
XGBoost,time,1,1360,0.0,0.05188203603029251,0.036535680294036865
XGBoost,time,1,1361,0.0,0.05188203603029251,0.036535680294036865
XGBoost,time,1,1362,0.0,0.04273635521531105,0.027071304619312286
XGBoost,time,1,1363,0.0,0.19513694941997528,0.1741684228181839
XGBoost,time,1,1364,0.0,0.041896868497133255,0.033149249851703644
XGBoost,time,1,1365,0.0,0.06755688786506653,0.05303553119301796
XGBoost,time,1,1366,1.0,0.041896868497133255,0.033149249851703644
XGBoost,time,1,1367,0.0,0.19253475964069366,0.16288915276527405
XGBoost,time,1,1368,0.0,0.09756738692522049,0.06772688776254654
XGBoost,time,1,1369,0.0,0.1023254469037056,0.07464172691106796
XGBoost,time,1,1370,0.0,0.061429865658283234,0.04624631628394127
XGBoost,time,1,1371,0.0,0.15760165452957153,0.1316022276878357
XGBoost,time,1,1372,0.0,0.06758726388216019,0.05112520605325699
XGBoost,time,1,1373,0.0,0.1023254469037056,0.07464172691106796
XGBoost,time,1,1374,0.0,0.11106044799089432,0.08344954252243042
XGBoost,time,1,1375,0.0,0.06579232215881348,0.05189133435487747
XGBoost,time,1,1376,0.0,0.05112331360578537,0.04379360005259514
XGBoost,time,1,1377,0.0,0.05262758582830429,0.04496549814939499
XGBoost,time,1,1378,0.0,0.06051403284072876,0.04772787541151047
XGBoost,time,1,1379,1.0,0.06438756734132767,0.04899965599179268
XGBoost,time,1,1380,0.0,0.10162794589996338,0.11126039177179337
XGBoost,time,1,1381,0.0,0.05844960734248161,0.04184309020638466
XGBoost,time,1,1382,0.0,0.04997916519641876,0.04379360005259514
XGBoost,time,1,1383,0.0,0.061429865658283234,0.04624631628394127
XGBoost,time,1,1384,0.0,0.08915482461452484,0.07463380694389343
XGBoost,time,1,1385,0.0,0.08740877360105515,0.05772603675723076
XGBoost,time,1,1386,0.0,0.08740877360105515,0.055758021771907806
XGBoost,time,1,1387,0.0,0.27772513031959534,0.2518591284751892
XGBoost,time,1,1388,0.0,0.09077166765928268,0.06221098452806473
XGBoost,time,1,1389,0.0,0.05813407152891159,0.033943526446819305
XGBoost,time,1,1390,0.0,0.09862875193357468,0.06810023635625839
XGBoost,time,1,1391,0.0,0.05292399972677231,0.0441415049135685
XGBoost,time,1,1392,0.0,0.03725573420524597,0.03261229023337364
XGBoost,time,1,1393,0.0,0.028127821162343025,0.02425823174417019
XGBoost,time,1,1394,0.0,0.07252943515777588,0.05598975345492363
XGBoost,time,1,1395,0.0,0.0515587255358696,0.03600597381591797
XGBoost,time,1,1396,0.0,0.048057980835437775,0.03741183131933212
XGBoost,time,1,1397,0.0,0.04687030240893364,0.029662013053894043
XGBoost,time,1,1398,0.0,0.05088122561573982,0.045036401599645615
XGBoost,time,1,1399,0.0,0.12380615621805191,0.11931915581226349
XGBoost,time,1,1400,0.0,0.04846641793847084,0.039337657392024994
XGBoost,time,1,1401,0.0,0.07188183069229126,0.053910620510578156
XGBoost,time,1,1402,0.0,0.03881734982132912,0.022265201434493065
XGBoost,time,1,1403,0.0,0.0470343753695488,0.030255315825343132
XGBoost,time,1,1404,0.0,0.038147952407598495,0.02735656127333641
XGBoost,time,1,1405,0.0,0.0640997514128685,0.0441366471350193
XGBoost,time,1,1406,0.0,0.03725573420524597,0.03261229023337364
XGBoost,time,1,1407,0.0,0.13384783267974854,0.12072049081325531
XGBoost,time,1,1408,0.0,0.07323548197746277,0.055466607213020325
XGBoost,time,1,1409,0.0,0.06037796288728714,0.04821248725056648
XGBoost,time,1,1410,0.0,0.06174468994140625,0.04821248725056648
XGBoost,time,1,1411,0.0,0.06313030421733856,0.04613311588764191
XGBoost,time,1,1412,0.0,0.06114211305975914,0.044599853456020355
XGBoost,time,1,1413,0.0,0.038136791437864304,0.023894373327493668
XGBoost,time,1,1414,0.0,0.04129006713628769,0.023245280608534813
XGBoost,time,1,1415,0.0,0.06769123673439026,0.040214866399765015
XGBoost,time,1,1416,0.0,0.040784064680337906,0.024966439232230186
XGBoost,time,1,1417,0.0,0.08016269654035568,0.05555504187941551
XGBoost,time,1,1418,0.0,0.03110256977379322,0.014703867956995964
XGBoost,time,1,1419,0.0,0.02853933349251747,0.01578873209655285
XGBoost,time,1,1420,0.0,0.03446720167994499,0.024525124579668045
XGBoost,time,1,1421,0.0,0.09087754040956497,0.06647572666406631
XGBoost,time,1,1422,0.0,0.030052049085497856,0.019238334149122238
XGBoost,time,1,1423,0.0,0.030052049085497856,0.01863708347082138
XGBoost,time,1,1424,0.0,0.02853933349251747,0.01578873209655285
XGBoost,time,1,1425,0.0,0.030552970245480537,0.016508175060153008
XGBoost,time,1,1426,0.0,0.03201991319656372,0.017907723784446716
XGBoost,time,1,1427,0.0,0.02905379608273506,0.014703867956995964
XGBoost,time,1,1428,0.0,0.02979769930243492,0.016416409984230995
XGBoost,time,1,1429,0.0,0.030052049085497856,0.019238334149122238
XGBoost,time,1,1430,0.0,0.1183907762169838,0.07993558794260025
XGBoost,time,1,1431,0.0,0.030052049085497856,0.01863708347082138
XGBoost,time,1,1432,0.0,0.03670860826969147,0.023269951343536377
XGBoost,time,1,1433,0.0,0.03353079780936241,0.021790673956274986
XGBoost,time,1,1434,0.0,0.03353079780936241,0.018642574548721313
XGBoost,time,1,1435,0.0,0.03353079780936241,0.021111370995640755
XGBoost,time,1,1436,0.0,0.03353079780936241,0.021790673956274986
XGBoost,time,1,1437,0.0,0.03751634061336517,0.02781154215335846
XGBoost,time,1,1438,0.0,0.04234262928366661,0.029369335621595383
XGBoost,time,1,1439,0.0,0.04234262928366661,0.029369335621595383
XGBoost,time,1,1440,0.0,0.07226181030273438,0.04299091175198555
XGBoost,time,1,1441,0.0,0.1642684042453766,0.12919896841049194
XGBoost,time,1,1442,0.0,0.054758213460445404,0.041960522532463074
XGBoost,time,1,1443,0.0,0.04572228342294693,0.035170186311006546
XGBoost,time,1,1444,0.0,0.04673000052571297,0.04564933478832245
XGBoost,time,1,1445,0.0,0.04544691741466522,0.028256826102733612
XGBoost,time,1,1446,0.0,0.04673000052571297,0.044599853456020355
XGBoost,time,1,1447,0.0,0.03841634467244148,0.03064711205661297
XGBoost,time,1,1448,0.0,0.038136791437864304,0.023894373327493668
XGBoost,time,1,1449,0.0,0.0440787672996521,0.02719506248831749
XGBoost,time,1,1450,0.0,0.03841634467244148,0.03064711205661297
XGBoost,time,1,1451,0.0,0.03930674493312836,0.03064711205661297
XGBoost,time,1,1452,0.0,0.05478133633732796,0.04564933478832245
XGBoost,time,1,1453,0.0,0.03751634061336517,0.02781154215335846
XGBoost,time,1,1454,0.0,0.03906266391277313,0.02411497011780739
XGBoost,time,1,1455,0.0,0.0353362075984478,0.032749537378549576
XGBoost,time,1,1456,0.0,0.04234262928366661,0.029369335621595383
XGBoost,time,1,1457,0.0,0.09756476432085037,0.07887821644544601
XGBoost,time,1,1458,0.0,0.03353079780936241,0.021790673956274986
XGBoost,time,1,1459,0.0,0.03751634061336517,0.02781154215335846
XGBoost,time,1,1460,0.0,0.08302812278270721,0.0830654501914978
XGBoost,time,1,1461,0.0,0.055095504969358444,0.04422285780310631
XGBoost,time,1,1462,0.0,0.04850216582417488,0.03302936255931854
XGBoost,time,1,1463,0.0,0.03604503720998764,0.02729593589901924
XGBoost,time,1,1464,0.0,0.043139342218637466,0.03044111840426922
XGBoost,time,1,1465,0.0,0.18753036856651306,0.14861777424812317
XGBoost,time,1,1466,0.0,0.02919970080256462,0.025021174922585487
XGBoost,time,1,1467,0.0,0.04568750038743019,0.03987227752804756
XGBoost,time,1,1468,0.0,0.04416058957576752,0.03987227752804756
XGBoost,time,1,1469,0.0,0.06163353472948074,0.06942811608314514
XGBoost,time,1,1470,0.0,0.059420131146907806,0.04099177196621895
XGBoost,time,1,1471,0.0,0.08579131215810776,0.05561660975217819
XGBoost,time,1,1472,0.0,0.05763867869973183,0.039071470499038696
XGBoost,time,1,1473,0.0,0.055910639464855194,0.034248217940330505
XGBoost,time,1,1474,0.0,0.03392067551612854,0.0265186857432127
XGBoost,time,1,1475,0.0,0.031091440469026566,0.02581455558538437
XGBoost,time,1,1476,0.0,0.040407560765743256,0.026032499969005585
XGBoost,time,1,1477,0.0,0.04846707731485367,0.033884644508361816
XGBoost,time,1,1478,0.0,0.06604030728340149,0.061126310378313065
XGBoost,time,1,1479,0.0,0.14800724387168884,0.11594653874635696
XGBoost,time,1,1480,1.0,0.03885757923126221,0.026942070573568344
XGBoost,time,1,1481,0.0,0.12183595448732376,0.09358885884284973
XGBoost,time,1,1482,0.0,0.043139342218637466,0.03180666267871857
XGBoost,time,1,1483,0.0,0.03605183959007263,0.028517454862594604
XGBoost,time,1,1484,0.0,0.040330689400434494,0.03193504735827446
XGBoost,time,1,1485,0.0,0.03416237607598305,0.029363904148340225
XGBoost,time,1,1486,0.0,0.03867163509130478,0.029862072318792343
XGBoost,time,1,1487,0.0,0.03955047205090523,0.02511044591665268
XGBoost,time,1,1488,1.0,0.07879602909088135,0.05118483304977417
XGBoost,time,1,1489,0.0,0.15853704512119293,0.14661858975887299
XGBoost,time,1,1490,0.0,0.04889320954680443,0.03980916365981102
XGBoost,time,1,1491,0.0,0.06362638622522354,0.047372110188007355
XGBoost,time,1,1492,0.0,0.06578002870082855,0.047372110188007355
XGBoost,time,1,1493,1.0,0.06974460929632187,0.051736436784267426
XGBoost,time,1,1494,0.0,0.13418607413768768,0.12618179619312286
XGBoost,time,1,1495,0.0,0.07250477373600006,0.05118483304977417
XGBoost,time,1,1496,0.0,0.06578002870082855,0.047372110188007355
XGBoost,time,1,1497,0.0,0.07250477373600006,0.04871797934174538
XGBoost,time,1,1498,0.0,0.06578002870082855,0.047372110188007355
XGBoost,time,1,1499,0.0,0.2642463743686676,0.2621506452560425
XGBoost,time,1,1500,0.0,0.10358738899230957,0.07263331860303879
XGBoost,time,1,1501,0.0,0.05889683961868286,0.04237189143896103
XGBoost,time,1,1502,0.0,0.09239170700311661,0.06631863117218018
XGBoost,time,1,1503,0.0,0.1308039426803589,0.11471313238143921
XGBoost,time,1,1504,0.0,0.05887093394994736,0.04597902670502663
XGBoost,time,1,1505,0.0,0.1987089067697525,0.1965523064136505
XGBoost,time,1,1506,0.0,0.06633417308330536,0.04247061908245087
XGBoost,time,1,1507,0.0,0.057036034762859344,0.03830935060977936
XGBoost,time,1,1508,0.0,0.06608735024929047,0.04281548783183098
XGBoost,time,1,1509,0.0,0.2710268795490265,0.2621506452560425
XGBoost,time,1,1510,0.0,0.06304435431957245,0.05091424286365509
XGBoost,time,1,1511,0.0,0.06974460929632187,0.051736436784267426
XGBoost,time,1,1512,0.0,0.05443057790398598,0.04496549814939499
XGBoost,time,1,1513,0.0,0.09520749002695084,0.0793183445930481
XGBoost,time,1,1514,0.0,0.07070829719305038,0.05345351621508598
XGBoost,time,1,1515,1.0,0.06025305017828941,0.051862169057130814
XGBoost,time,1,1516,0.0,0.1252065896987915,0.12487156689167023
XGBoost,time,1,1517,0.0,0.055670659989118576,0.04496549814939499
XGBoost,time,1,1518,0.0,0.055670659989118576,0.04496549814939499
XGBoost,time,1,1519,0.0,0.11794950067996979,0.11846610903739929
XGBoost,time,1,1520,0.0,0.12671180069446564,0.09842494875192642
XGBoost,time,1,1521,0.0,0.14086638391017914,0.09993357956409454
XGBoost,time,1,1522,0.0,0.0659547969698906,0.05408646538853645
XGBoost,time,1,1523,0.0,0.1436450332403183,0.14960797131061554
XGBoost,time,1,1524,0.0,0.0659547969698906,0.056842975318431854
XGBoost,time,1,1525,0.0,0.06697925925254822,0.05408646538853645
XGBoost,time,1,1526,0.0,0.145687997341156,0.14960797131061554
XGBoost,time,1,1527,0.0,0.17216706275939941,0.1436457633972168
XGBoost,time,1,1528,0.0,0.2837122678756714,0.3576919734477997
XGBoost,time,1,1529,0.0,0.07636963576078415,0.054956912994384766
XGBoost,time,1,1530,0.0,0.07025733590126038,0.05231828987598419
XGBoost,time,1,1531,0.0,0.1505289226770401,0.17040996253490448
XGBoost,time,1,1532,0.0,0.05026146024465561,0.04299011453986168
XGBoost,time,1,1533,0.0,0.0659547969698906,0.05408646538853645
XGBoost,time,1,1534,0.0,0.35077884793281555,0.3474424183368683
XGBoost,time,1,1535,0.0,0.087474025785923,0.09769666939973831
XGBoost,time,1,1536,0.0,0.07025733590126038,0.05231828987598419
XGBoost,time,1,1537,0.0,0.13032039999961853,0.09993357956409454
XGBoost,time,1,1538,0.0,0.2837122678756714,0.2746751010417938
XGBoost,time,1,1539,0.0,0.3537238538265228,0.3576919734477997
XGBoost,time,1,1540,0.0,0.12671180069446564,0.13833209872245789
XGBoost,time,1,1541,0.0,0.13440750539302826,0.13705596327781677
XGBoost,time,1,1542,1.0,0.06697925925254822,0.056842975318431854
XGBoost,time,1,1543,0.0,0.25485914945602417,0.238420307636261
XGBoost,time,1,1544,0.0,0.18338893353939056,0.1501806527376175
XGBoost,time,1,1545,0.0,0.17998400330543518,0.1501806527376175
XGBoost,time,2,1546,1.0,0.07401829212903976,0.12435663491487503
XGBoost,time,2,1547,0.0,0.1634318232536316,0.15977321565151215
XGBoost,time,2,1548,0.0,0.1576811671257019,0.14552156627178192
XGBoost,time,2,1549,0.0,0.05169451981782913,0.06062224879860878
XGBoost,time,2,1550,0.0,0.16021135449409485,0.16552653908729553
XGBoost,time,2,1551,0.0,0.07095284014940262,0.08252030611038208
XGBoost,time,2,1552,0.0,0.02808590978384018,0.08020900934934616
XGBoost,time,2,1553,0.0,0.2243681252002716,0.18052227795124054
XGBoost,time,2,1554,0.0,0.03033630922436714,0.042893845587968826
XGBoost,time,2,1555,0.0,0.056257329881191254,0.0738685205578804
XGBoost,time,2,1556,0.0,0.032429132610559464,0.053958550095558167
XGBoost,time,2,1557,0.0,0.04224858060479164,0.06715007871389389
XGBoost,time,2,1558,0.0,0.05258674547076225,0.07897959649562836
XGBoost,time,2,1559,0.0,0.02640734612941742,0.04597340151667595
XGBoost,time,2,1560,0.0,0.0209178663790226,0.0258119348436594
XGBoost,time,2,1561,0.0,0.021081559360027313,0.02796763740479946
XGBoost,time,2,1562,1.0,0.0209178663790226,0.0258119348436594
XGBoost,time,2,1563,0.0,0.22568105161190033,0.23124417662620544
XGBoost,time,2,1564,0.0,0.03229415789246559,0.049513980746269226
XGBoost,time,2,1565,0.0,0.1632593274116516,0.12543798983097076
XGBoost,time,2,1566,0.0,0.14707797765731812,0.15001124143600464
XGBoost,time,2,1567,0.0,0.03625399246811867,0.050636518746614456
XGBoost,time,2,1568,0.0,0.02808590978384018,0.07181650400161743
XGBoost,time,2,1569,0.0,0.027850618585944176,0.040376245975494385
XGBoost,time,2,1570,0.0,0.021488159894943237,0.02971487119793892
XGBoost,time,2,1571,0.0,0.0209178663790226,0.0258119348436594
XGBoost,time,2,1572,0.0,0.0209178663790226,0.034269239753484726
XGBoost,time,2,1573,0.0,0.2755434513092041,0.2957428991794586
XGBoost,time,2,1574,0.0,0.07401829212903976,0.0786479115486145
XGBoost,time,2,1575,0.0,0.11850446462631226,0.12638096511363983
XGBoost,time,2,1576,0.0,0.024376431480050087,0.05126360431313515
XGBoost,time,2,1577,0.0,0.024376431480050087,0.04574909806251526
XGBoost,time,2,1578,0.0,0.024376431480050087,0.05436106398701668
XGBoost,time,2,1579,0.0,0.024376431480050087,0.04456012696027756
XGBoost,time,2,1580,0.0,0.02417144551873207,0.029317522421479225
XGBoost,time,2,1581,0.0,0.024376431480050087,0.028095755726099014
XGBoost,time,2,1582,0.0,0.02363063022494316,0.02754252217710018
XGBoost,time,2,1583,0.0,0.023722872138023376,0.017530027776956558
XGBoost,time,2,1584,0.0,0.09161999821662903,0.06993921846151352
XGBoost,time,2,1585,0.0,0.02299659326672554,0.018071210011839867
XGBoost,time,2,1586,0.0,0.02343176305294037,0.016322242096066475
XGBoost,time,2,1587,0.0,0.028965182602405548,0.01696760393679142
XGBoost,time,2,1588,0.0,0.027869002893567085,0.017318814992904663
XGBoost,time,2,1589,0.0,0.023722872138023376,0.017530027776956558
XGBoost,time,2,1590,0.0,0.02539105713367462,0.03392219915986061
XGBoost,time,2,1591,0.0,0.028965182602405548,0.01696760393679142
XGBoost,time,2,1592,0.0,0.013805793598294258,0.016375890001654625
XGBoost,time,2,1593,0.0,0.017284909263253212,0.013460909947752953
XGBoost,time,2,1594,0.0,0.017757952213287354,0.01426516193896532
XGBoost,time,2,1595,0.0,0.015397326089441776,0.011720052920281887
XGBoost,time,2,1596,0.0,0.016075532883405685,0.013460909947752953
XGBoost,time,2,1597,0.0,0.02201102115213871,0.027401480823755264
XGBoost,time,2,1598,0.0,0.017407240346074104,0.011720052920281887
XGBoost,time,2,1599,0.0,0.015397326089441776,0.011720052920281887
XGBoost,time,2,1600,0.0,0.014318088069558144,0.011720052920281887
XGBoost,time,2,1601,0.0,0.015397326089441776,0.011720052920281887
XGBoost,time,2,1602,0.0,0.025400854647159576,0.0245620496571064
XGBoost,time,2,1603,0.0,0.01796640269458294,0.02114177867770195
XGBoost,time,2,1604,0.0,0.01681467890739441,0.013424010947346687
XGBoost,time,2,1605,1.0,0.03431081026792526,0.02757810615003109
XGBoost,time,2,1606,0.0,0.21293507516384125,0.22911666333675385
XGBoost,time,2,1607,0.0,0.16693027317523956,0.17405357956886292
XGBoost,time,2,1608,0.0,0.07401829212903976,0.0786479115486145
XGBoost,time,2,1609,0.0,0.27157890796661377,0.23470835387706757
XGBoost,time,2,1610,0.0,0.02969365008175373,0.042893845587968826
XGBoost,time,2,1611,0.0,0.08638978749513626,0.07889503985643387
XGBoost,time,2,1612,0.0,0.3718510866165161,0.3580872416496277
XGBoost,time,2,1613,0.0,0.2651787996292114,0.1835584044456482
XGBoost,time,2,1614,0.0,0.030998636037111282,0.07181650400161743
XGBoost,time,2,1615,0.0,0.059686873108148575,0.09389712661504745
XGBoost,time,2,1616,0.0,0.2178530991077423,0.20175305008888245
XGBoost,time,2,1617,0.0,0.3178272247314453,0.287803590297699
XGBoost,time,2,1618,0.0,0.0484226830303669,0.056590836495161057
XGBoost,time,2,1619,0.0,0.019040348008275032,0.025292912498116493
XGBoost,time,2,1620,0.0,0.021028878167271614,0.028929978609085083
XGBoost,time,2,1621,0.0,0.020898006856441498,0.03719623386859894
XGBoost,time,2,1622,0.0,0.3178073763847351,0.20941728353500366
XGBoost,time,2,1623,0.0,0.08959069103002548,0.076349638402462
XGBoost,time,2,1624,0.0,0.05593274533748627,0.06819736212491989
XGBoost,time,2,1625,0.0,0.053324416279792786,0.054147858172655106
XGBoost,time,2,1626,0.0,0.021081559360027313,0.02796763740479946
XGBoost,time,2,1627,0.0,0.018641069531440735,0.0359744094312191
XGBoost,time,2,1628,1.0,0.2475610226392746,0.2070394605398178
XGBoost,time,2,1629,0.0,0.11058279126882553,0.08265521377325058
XGBoost,time,2,1630,0.0,0.02114729955792427,0.034269239753484726
XGBoost,time,2,1631,0.0,0.021488159894943237,0.03939925506711006
XGBoost,time,2,1632,0.0,0.02808590978384018,0.04058128595352173
XGBoost,time,2,1633,0.0,0.02808590978384018,0.04058128595352173
XGBoost,time,2,1634,0.0,0.03141513839364052,0.04058128595352173
XGBoost,time,2,1635,0.0,0.027335679158568382,0.026749543845653534
XGBoost,time,2,1636,0.0,0.030578777194023132,0.026749543845653534
XGBoost,time,2,1637,0.0,0.15548713505268097,0.1426679790019989
XGBoost,time,2,1638,0.0,0.02808590978384018,0.04058128595352173
XGBoost,time,2,1639,0.0,0.021081559360027313,0.02796763740479946
XGBoost,time,2,1640,0.0,0.026865970343351364,0.07182033360004425
XGBoost,time,2,1641,0.0,0.02808590978384018,0.07181650400161743
XGBoost,time,2,1642,0.0,0.02808590978384018,0.04058128595352173
XGBoost,time,2,1643,0.0,0.017823854461312294,0.034863587468862534
XGBoost,time,2,1644,0.0,0.15809223055839539,0.167933851480484
XGBoost,time,2,1645,0.0,0.018641069531440735,0.028205672279000282
XGBoost,time,2,1646,0.0,0.02123132348060608,0.03194364905357361
XGBoost,time,2,1647,0.0,0.04651009663939476,0.05221165716648102
XGBoost,time,2,1648,0.0,0.152351513504982,0.16546225547790527
XGBoost,time,2,1649,0.0,0.02035509981215,0.01641792617738247
XGBoost,time,2,1650,0.0,0.07784990966320038,0.07340195775032043
XGBoost,time,2,1651,0.0,0.01986555941402912,0.017530405893921852
XGBoost,time,2,1652,0.0,0.02123132348060608,0.03194364905357361
XGBoost,time,2,1653,0.0,0.030297916382551193,0.08020900934934616
XGBoost,time,2,1654,0.0,0.06252960115671158,0.09902485460042953
XGBoost,time,2,1655,0.0,0.09041684865951538,0.07311134040355682
XGBoost,time,2,1656,0.0,0.02619531750679016,0.03291972726583481
XGBoost,time,2,1657,0.0,0.01681467890739441,0.012553730979561806
XGBoost,time,2,1658,0.0,0.020050378516316414,0.016333024948835373
XGBoost,time,2,1659,0.0,0.020391715690493584,0.031809549778699875
XGBoost,time,2,1660,0.0,0.02607138454914093,0.033872734755277634
XGBoost,time,2,1661,0.0,0.05234844982624054,0.04089188203215599
XGBoost,time,2,1662,1.0,0.01636584661900997,0.020793326199054718
XGBoost,time,2,1663,0.0,0.07029269635677338,0.06196939945220947
XGBoost,time,2,1664,0.0,0.028044911101460457,0.03543110936880112
XGBoost,time,2,1665,0.0,0.0255009513348341,0.03748302161693573
XGBoost,time,2,1666,1.0,0.13273219764232635,0.11728987842798233
XGBoost,time,2,1667,0.0,0.1187538430094719,0.1307549774646759
XGBoost,time,2,1668,0.0,0.026117343455553055,0.037539731711149216
XGBoost,time,2,1669,0.0,0.02600945346057415,0.03241288289427757
XGBoost,time,2,1670,0.0,0.02116514928638935,0.023995552211999893
XGBoost,time,2,1671,0.0,0.020488737151026726,0.01426516193896532
XGBoost,time,2,1672,0.0,0.020100658759474754,0.013783717527985573
XGBoost,time,2,1673,0.0,0.026298832148313522,0.034922078251838684
XGBoost,time,2,1674,0.0,0.03205542266368866,0.01989505998790264
XGBoost,time,2,1675,0.0,0.01994442753493786,0.014416605234146118
XGBoost,time,2,1676,0.0,0.046673428267240524,0.04841236025094986
XGBoost,time,2,1677,0.0,0.09762054681777954,0.09591000527143478
XGBoost,time,2,1678,0.0,0.03372057154774666,0.03047773241996765
XGBoost,time,2,1679,0.0,0.022150559350848198,0.02511896938085556
XGBoost,time,2,1680,1.0,0.09669593721628189,0.07990292459726334
XGBoost,time,2,1681,0.0,0.1938697099685669,0.14111296832561493
XGBoost,time,2,1682,0.0,0.0384492464363575,0.03942391648888588
XGBoost,time,2,1683,0.0,0.020829305052757263,0.023090559989213943
XGBoost,time,2,1684,1.0,0.026828274130821228,0.034385498613119125
XGBoost,time,2,1685,0.0,0.15719754993915558,0.17321988940238953
XGBoost,time,2,1686,0.0,0.09314025938510895,0.10401608794927597
XGBoost,time,2,1687,0.0,0.10195047408342361,0.0937172994017601
XGBoost,time,2,1688,0.0,0.018641069531440735,0.03128540888428688
XGBoost,time,2,1689,0.0,0.03102656453847885,0.05286530777812004
XGBoost,time,2,1690,0.0,0.046508561819791794,0.07339581847190857
XGBoost,time,2,1691,0.0,0.02030409686267376,0.03786761686205864
XGBoost,time,2,1692,0.0,0.05061525106430054,0.05833583325147629
XGBoost,time,2,1693,0.0,0.0248637143522501,0.05286530777812004
XGBoost,time,2,1694,1.0,0.03102656453847885,0.04510050639510155
XGBoost,time,2,1695,0.0,0.26934459805488586,0.20795230567455292
XGBoost,time,2,1696,1.0,0.020595869049429893,0.016333024948835373
XGBoost,time,2,1697,0.0,0.06102251634001732,0.06173449009656906
XGBoost,time,2,1698,0.0,0.020100658759474754,0.013783717527985573
XGBoost,time,2,1699,0.0,0.19347943365573883,0.16731607913970947
XGBoost,time,2,1700,0.0,0.016725026071071625,0.020793326199054718
XGBoost,time,2,1701,0.0,0.016725026071071625,0.028665153309702873
XGBoost,time,2,1702,0.0,0.020603246986865997,0.024247758090496063
XGBoost,time,2,1703,0.0,0.020048771053552628,0.014162090606987476
XGBoost,time,2,1704,0.0,0.028101662173867226,0.03674662485718727
XGBoost,time,2,1705,0.0,0.12377466261386871,0.12329713255167007
XGBoost,time,2,1706,0.0,0.01786484569311142,0.014599774032831192
XGBoost,time,2,1707,0.0,0.020603246986865997,0.02229461260139942
XGBoost,time,2,1708,0.0,0.07913163304328918,0.06616351008415222
XGBoost,time,2,1709,0.0,0.01836005412042141,0.02358805574476719
XGBoost,time,2,1710,0.0,0.0513838566839695,0.04008454084396362
XGBoost,time,2,1711,0.0,0.020048771053552628,0.013702902011573315
XGBoost,time,2,1712,0.0,0.16004934906959534,0.1352251023054123
XGBoost,time,2,1713,0.0,0.027335679158568382,0.04145842418074608
XGBoost,time,2,1714,0.0,0.026938078925013542,0.04145842418074608
XGBoost,time,2,1715,0.0,0.0820591151714325,0.061529550701379776
XGBoost,time,2,1716,0.0,0.020514480769634247,0.01780342310667038
XGBoost,time,2,1717,1.0,0.1729488968849182,0.17407922446727753
XGBoost,time,2,1718,0.0,0.09199678897857666,0.061014533042907715
XGBoost,time,2,1719,0.0,0.027335679158568382,0.025955332443118095
XGBoost,time,2,1720,0.0,0.027259135618805885,0.025955332443118095
XGBoost,time,2,1721,0.0,0.08788123726844788,0.07743632048368454
XGBoost,time,2,1722,0.0,0.025369901210069656,0.026749543845653534
XGBoost,time,2,1723,0.0,0.030493440106511116,0.02418135106563568
XGBoost,time,2,1724,0.0,0.019971102476119995,0.01746932603418827
XGBoost,time,2,1725,1.0,0.05560615286231041,0.0505661778151989
XGBoost,time,2,1726,0.0,0.11421985924243927,0.08842556923627853
XGBoost,time,2,1727,0.0,0.028995364904403687,0.03906697779893875
XGBoost,time,2,1728,0.0,0.01774943806231022,0.01608467660844326
XGBoost,time,2,1729,0.0,0.027259135618805885,0.040376245975494385
XGBoost,time,2,1730,0.0,0.027259135618805885,0.025955332443118095
XGBoost,time,2,1731,1.0,0.019919542595744133,0.01641792617738247
XGBoost,time,2,1732,0.0,0.1805666983127594,0.1635122448205948
XGBoost,time,2,1733,1.0,0.02969365008175373,0.04279771074652672
XGBoost,time,2,1734,0.0,0.0845879465341568,0.08343171328306198
XGBoost,time,2,1735,0.0,0.03245905786752701,0.04406125843524933
XGBoost,time,2,1736,0.0,0.027259135618805885,0.025955332443118095
XGBoost,time,2,1737,0.0,0.027489569038152695,0.04058128595352173
XGBoost,time,2,1738,0.0,0.039114054292440414,0.05264723300933838
XGBoost,time,2,1739,0.0,0.03165262192487717,0.05604725703597069
XGBoost,time,2,1740,0.0,0.15156865119934082,0.12652240693569183
XGBoost,time,2,1741,0.0,0.019919542595744133,0.01641792617738247
XGBoost,time,2,1742,0.0,0.13612118363380432,0.11817337572574615
XGBoost,time,2,1743,0.0,0.027489569038152695,0.07181650400161743
XGBoost,time,2,1744,0.0,0.028590109199285507,0.03121546097099781
XGBoost,time,2,1745,0.0,0.023126637563109398,0.02754252217710018
XGBoost,time,2,1746,0.0,0.023051518946886063,0.021055418998003006
XGBoost,time,2,1747,0.0,0.024850474670529366,0.03392219915986061
XGBoost,time,2,1748,0.0,0.020321745425462723,0.020602285861968994
XGBoost,time,2,1749,0.0,0.027093539014458656,0.04331188648939133
XGBoost,time,2,1750,0.0,0.023051518946886063,0.017862476408481598
XGBoost,time,2,1751,0.0,0.028350720182061195,0.018138261511921883
XGBoost,time,2,1752,0.0,0.017757952213287354,0.01426516193896532
XGBoost,time,2,1753,0.0,0.01747521199285984,0.013057947158813477
XGBoost,time,2,1754,0.0,0.014510990120470524,0.012624538503587246
XGBoost,time,2,1755,1.0,0.018695177510380745,0.01696760393679142
XGBoost,time,2,1756,0.0,0.06367465108633041,0.05222892016172409
XGBoost,time,2,1757,0.0,0.017757952213287354,0.01426516193896532
XGBoost,time,2,1758,0.0,0.016252731904387474,0.013460909947752953
XGBoost,time,2,1759,0.0,0.01363906729966402,0.010825068689882755
XGBoost,time,2,1760,0.0,0.016450505703687668,0.01746932603418827
XGBoost,time,2,1761,0.0,0.01650203764438629,0.016448261216282845
XGBoost,time,2,1762,0.0,0.025369901210069656,0.040376245975494385
XGBoost,time,2,1763,0.0,0.015417064540088177,0.015359614044427872
XGBoost,time,2,1764,0.0,0.01676930859684944,0.018077142536640167
XGBoost,time,2,1765,0.0,0.027259135618805885,0.040376245975494385
XGBoost,time,2,1766,0.0,0.05189938098192215,0.047710299491882324
XGBoost,time,2,1767,0.0,0.016450505703687668,0.01746932603418827
XGBoost,time,2,1768,0.0,0.016450505703687668,0.01746932603418827
XGBoost,time,2,1769,0.0,0.016450505703687668,0.01746932603418827
XGBoost,time,2,1770,0.0,0.01601172424852848,0.015149683691561222
XGBoost,time,2,1771,0.0,0.018577327951788902,0.01746932603418827
XGBoost,time,2,1772,0.0,0.017098374664783478,0.01618543639779091
XGBoost,time,2,1773,0.0,0.017098374664783478,0.01618543639779091
XGBoost,time,2,1774,0.0,0.017098374664783478,0.016409488394856453
XGBoost,time,2,1775,0.0,0.18773925304412842,0.15777510404586792
XGBoost,time,2,1776,0.0,0.040618497878313065,0.061279136687517166
XGBoost,time,2,1777,0.0,0.029656043276190758,0.04444187879562378
XGBoost,time,2,1778,0.0,0.021439682692289352,0.026638351380825043
XGBoost,time,2,1779,1.0,0.16457299888134003,0.17108990252017975
XGBoost,time,2,1780,0.0,0.06930503994226456,0.06815197318792343
XGBoost,time,2,1781,0.0,0.08156293630599976,0.06866675615310669
XGBoost,time,2,1782,0.0,0.03224390000104904,0.036403052508831024
XGBoost,time,2,1783,0.0,0.02035672962665558,0.018422653898596764
XGBoost,time,2,1784,0.0,0.1343466341495514,0.09039551019668579
XGBoost,time,2,1785,0.0,0.029656043276190758,0.04444187879562378
XGBoost,time,2,1786,0.0,0.04744274169206619,0.08652105182409286
XGBoost,time,2,1787,0.0,0.03174358978867531,0.0529000349342823
XGBoost,time,2,1788,0.0,0.07228624075651169,0.07124261558055878
XGBoost,time,2,1789,0.0,0.048563066869974136,0.06220368668437004
XGBoost,time,2,1790,0.0,0.18318849802017212,0.20790930092334747
XGBoost,time,2,1791,0.0,0.026294833049178123,0.08020900934934616
XGBoost,time,2,1792,0.0,0.026865970343351364,0.08020900934934616
XGBoost,time,2,1793,0.0,0.12385286390781403,0.09896083176136017
XGBoost,time,2,1794,0.0,0.01986555941402912,0.01544011477380991
XGBoost,time,2,1795,0.0,0.02035509981215,0.015978476032614708
XGBoost,time,2,1796,0.0,0.13706837594509125,0.12348856776952744
XGBoost,time,2,1797,0.0,0.03102656453847885,0.04510050639510155
XGBoost,time,2,1798,0.0,0.030899040400981903,0.055452920496463776
XGBoost,time,2,1799,0.0,0.08934947848320007,0.06355150043964386
XGBoost,time,2,1800,0.0,0.03619730845093727,0.05339961498975754
XGBoost,time,2,1801,0.0,0.19730253517627716,0.16743141412734985
XGBoost,time,2,1802,0.0,0.03229415789246559,0.049513980746269226
XGBoost,time,2,1803,0.0,0.02333984337747097,0.035678863525390625
XGBoost,time,2,1804,0.0,0.16021135449409485,0.1610032618045807
XGBoost,time,2,1805,0.0,0.032429132610559464,0.04510050639510155
XGBoost,time,2,1806,0.0,0.07468824088573456,0.057181745767593384
XGBoost,time,2,1807,0.0,0.032429132610559464,0.04510050639510155
XGBoost,time,2,1808,0.0,0.1329769492149353,0.12501347064971924
XGBoost,time,2,1809,0.0,0.03446417674422264,0.040643662214279175
XGBoost,time,2,1810,0.0,0.08485039323568344,0.09311249107122421
XGBoost,time,2,1811,0.0,0.04216792806982994,0.06574474275112152
XGBoost,time,2,1812,0.0,0.02866409718990326,0.04145243763923645
XGBoost,time,2,1813,0.0,0.02834935300052166,0.03717384487390518
XGBoost,time,2,1814,0.0,0.024376431480050087,0.04574909806251526
XGBoost,time,2,1815,0.0,0.02417144551873207,0.029317522421479225
XGBoost,time,2,1816,0.0,0.02417144551873207,0.017530027776956558
XGBoost,time,2,1817,0.0,0.05810694023966789,0.0416112095117569
XGBoost,time,2,1818,0.0,0.01994442753493786,0.013782182708382607
XGBoost,time,2,1819,1.0,0.19883951544761658,0.17188312113285065
XGBoost,time,2,1820,0.0,0.10973677039146423,0.12067904323339462
XGBoost,time,2,1821,0.0,0.01860637031495571,0.024209272116422653
XGBoost,time,2,1822,0.0,0.11773780733346939,0.11199179291725159
XGBoost,time,2,1823,0.0,0.0199270062148571,0.029980119317770004
XGBoost,time,2,1824,0.0,0.026660604402422905,0.03748302161693573
XGBoost,time,2,1825,0.0,0.01749274879693985,0.020793326199054718
XGBoost,time,2,1826,0.0,0.018049806356430054,0.024209272116422653
XGBoost,time,2,1827,0.0,0.029884357005357742,0.03047773241996765
XGBoost,time,2,1828,0.0,0.030854467302560806,0.04212252050638199
XGBoost,time,2,1829,1.0,0.04216792806982994,0.06574474275112152
XGBoost,time,2,1830,0.0,0.20343618094921112,0.2211938351392746
XGBoost,time,2,1831,0.0,0.026117343455553055,0.03192856162786484
XGBoost,time,2,1832,1.0,0.018641069531440735,0.025292912498116493
XGBoost,time,2,1833,0.0,0.15278977155685425,0.131037175655365
XGBoost,time,2,1834,0.0,0.049450043588876724,0.056590836495161057
XGBoost,time,2,1835,0.0,0.036309633404016495,0.05764622613787651
XGBoost,time,2,1836,0.0,0.018138421699404716,0.01608467660844326
XGBoost,time,2,1837,0.0,0.12385286390781403,0.09935858100652695
XGBoost,time,2,1838,0.0,0.027400929480791092,0.07600286602973938
XGBoost,time,2,1839,0.0,0.17862088978290558,0.14718782901763916
XGBoost,time,2,1840,0.0,0.020306609570980072,0.023676317185163498
XGBoost,time,2,1841,0.0,0.01784639060497284,0.016409488394856453
XGBoost,time,2,1842,0.0,0.01784639060497284,0.016409488394856453
XGBoost,time,2,1843,0.0,0.01597709022462368,0.015359614044427872
XGBoost,time,2,1844,0.0,0.016282791271805763,0.01618543639779091
XGBoost,time,2,1845,0.0,0.01636325940489769,0.015149683691561222
XGBoost,time,2,1846,0.0,0.014574823901057243,0.015149683691561222
XGBoost,time,2,1847,0.0,0.016811510547995567,0.01746932603418827
XGBoost,time,2,1848,0.0,0.014574823901057243,0.015149683691561222
XGBoost,time,2,1849,0.0,0.01636325940489769,0.015149683691561222
XGBoost,time,2,1850,0.0,0.017473336309194565,0.01618543639779091
XGBoost,time,2,1851,0.0,0.01636325940489769,0.015149683691561222
XGBoost,time,2,1852,0.0,0.014574823901057243,0.015149683691561222
XGBoost,time,2,1853,0.0,0.016811510547995567,0.01746932603418827
XGBoost,time,2,1854,0.0,0.016811510547995567,0.01746932603418827
XGBoost,time,2,1855,0.0,0.016811510547995567,0.01746932603418827
XGBoost,time,2,1856,0.0,0.07218236476182938,0.06271719932556152
XGBoost,time,2,1857,0.0,0.01611601747572422,0.013006250374019146
XGBoost,time,2,1858,0.0,0.02249126136302948,0.027401480823755264
XGBoost,time,2,1859,0.0,0.013673500157892704,0.011141597293317318
XGBoost,time,2,1860,0.0,0.023376556113362312,0.029317522421479225
XGBoost,time,2,1861,0.0,0.016557609662413597,0.013783717527985573
XGBoost,time,2,1862,0.0,0.03690316155552864,0.02720579318702221
XGBoost,time,2,1863,0.0,0.016557609662413597,0.013783717527985573
XGBoost,time,2,1864,0.0,0.016557609662413597,0.013783717527985573
XGBoost,time,2,1865,0.0,0.01435421034693718,0.011559282429516315
XGBoost,time,2,1866,0.0,0.016557609662413597,0.013783717527985573
XGBoost,time,2,1867,0.0,0.016856985166668892,0.012381667271256447
XGBoost,time,2,1868,0.0,0.019566452130675316,0.012381667271256447
XGBoost,time,2,1869,0.0,0.020190240815281868,0.013424010947346687
XGBoost,time,2,1870,0.0,0.04316933825612068,0.05037713423371315
XGBoost,time,2,1871,0.0,0.01786484569311142,0.013424010947346687
XGBoost,time,2,1872,0.0,0.019619638100266457,0.015414011664688587
XGBoost,time,2,1873,0.0,0.051276613026857376,0.04309882968664169
XGBoost,time,2,1874,0.0,0.10843610018491745,0.11518876254558563
XGBoost,time,2,1875,0.0,0.11624816805124283,0.12268584221601486
XGBoost,time,2,1876,0.0,0.019758140668272972,0.013424010947346687
XGBoost,time,2,1877,0.0,0.017117377370595932,0.02274571731686592
XGBoost,time,2,1878,0.0,0.02030474692583084,0.02358805574476719
XGBoost,time,2,1879,0.0,0.069660983979702,0.06193280965089798
XGBoost,time,2,1880,0.0,0.01636584661900997,0.020793326199054718
XGBoost,time,2,1881,0.0,0.029146991670131683,0.030871115624904633
XGBoost,time,2,1882,0.0,0.028111550956964493,0.033872734755277634
XGBoost,time,2,1883,0.0,0.04091373085975647,0.06574474275112152
XGBoost,time,2,1884,0.0,0.025561705231666565,0.03192856162786484
XGBoost,time,2,1885,0.0,0.04128529131412506,0.06574474275112152
XGBoost,time,2,1886,0.0,0.05532458424568176,0.06574474275112152
XGBoost,time,2,1887,0.0,0.03300865739583969,0.036164648830890656
XGBoost,time,2,1888,0.0,0.02385692298412323,0.04574909806251526
XGBoost,time,2,1889,0.0,0.05696320906281471,0.04810689017176628
XGBoost,time,2,1890,0.0,0.023216959089040756,0.03207593038678169
XGBoost,time,2,1891,0.0,0.023065291345119476,0.03421960771083832
XGBoost,time,2,1892,0.0,0.020050378516316414,0.01426516193896532
XGBoost,time,2,1893,0.0,0.019670436158776283,0.013783717527985573
XGBoost,time,2,1894,0.0,0.019670436158776283,0.014366216026246548
XGBoost,time,2,1895,0.0,0.026366807520389557,0.03126690909266472
XGBoost,time,2,1896,0.0,0.02377949096262455,0.01924525946378708
XGBoost,time,2,1897,0.0,0.018928734585642815,0.025666426867246628
XGBoost,time,2,1898,0.0,0.019670436158776283,0.013783717527985573
XGBoost,time,2,1899,0.0,0.035598527640104294,0.03218798711895943
XGBoost,time,2,1900,0.0,0.02015526592731476,0.016333024948835373
XGBoost,time,2,1901,0.0,0.08701732009649277,0.06693573296070099
XGBoost,time,2,1902,0.0,0.08419159799814224,0.06008986756205559
XGBoost,time,2,1903,0.0,0.020712625235319138,0.025679724290966988
XGBoost,time,2,1904,0.0,0.023656198754906654,0.016322242096066475
XGBoost,time,2,1905,0.0,0.014667878858745098,0.011593077331781387
XGBoost,time,2,1906,0.0,0.019670436158776283,0.013783717527985573
XGBoost,time,2,1907,0.0,0.015135198831558228,0.010825068689882755
XGBoost,time,2,1908,0.0,0.015135198831558228,0.010825068689882755
XGBoost,time,2,1909,0.0,0.01363906729966402,0.010825068689882755
XGBoost,time,2,1910,0.0,0.019670436158776283,0.013783717527985573
XGBoost,time,2,1911,0.0,0.04128529131412506,0.042665984481573105
XGBoost,time,2,1912,0.0,0.02015526592731476,0.016333024948835373
XGBoost,time,2,1913,0.0,0.02575814165174961,0.022216925397515297
XGBoost,time,2,1914,0.0,0.015135198831558228,0.010825068689882755
XGBoost,time,2,1915,0.0,0.023656198754906654,0.017530027776956558
XGBoost,time,2,1916,0.0,0.023656198754906654,0.017530027776956558
XGBoost,time,2,1917,0.0,0.06764063239097595,0.050043463706970215
XGBoost,time,2,1918,0.0,0.015397326089441776,0.011720052920281887
XGBoost,time,2,1919,0.0,0.025109531357884407,0.018968721851706505
XGBoost,time,2,1920,0.0,0.023656198754906654,0.017530027776956558
XGBoost,time,2,1921,0.0,0.016516035422682762,0.01426516193896532
XGBoost,time,2,1922,0.0,0.01618943177163601,0.011720052920281887
XGBoost,time,2,1923,0.0,0.02201102115213871,0.027401480823755264
XGBoost,time,2,1924,0.0,0.025386692956089973,0.01769069954752922
XGBoost,time,2,1925,0.0,0.016516035422682762,0.01426516193896532
XGBoost,time,2,1926,0.0,0.016075532883405685,0.013460909947752953
XGBoost,time,2,1927,0.0,0.016201967373490334,0.013783717527985573
XGBoost,time,2,1928,0.0,0.014045218005776405,0.011559282429516315
XGBoost,time,2,1929,0.0,0.016201967373490334,0.013783717527985573
XGBoost,time,2,1930,0.0,0.07071787118911743,0.06271719932556152
XGBoost,time,2,1931,0.0,0.02201102115213871,0.016015486791729927
XGBoost,time,2,1932,0.0,0.016201967373490334,0.013783717527985573
XGBoost,time,2,1933,0.0,0.016516035422682762,0.01426516193896532
XGBoost,time,2,1934,0.0,0.023637279868125916,0.0245620496571064
XGBoost,time,2,1935,0.0,0.028573540970683098,0.024016959592700005
XGBoost,time,2,1936,0.0,0.016201967373490334,0.013783717527985573
XGBoost,time,2,1937,0.0,0.016201967373490334,0.013783717527985573
XGBoost,time,2,1938,0.0,0.014045218005776405,0.011559282429516315
XGBoost,time,2,1939,0.0,0.018297255039215088,0.013783717527985573
XGBoost,time,2,1940,0.0,0.018297255039215088,0.013783717527985573
XGBoost,time,2,1941,0.0,0.018297255039215088,0.013783717527985573
XGBoost,time,2,1942,0.0,0.05558735132217407,0.037833791226148605
XGBoost,time,2,1943,0.0,0.026724044233560562,0.027460824698209763
XGBoost,time,2,1944,0.0,0.02832363173365593,0.01696760393679142
XGBoost,time,2,1945,0.0,0.019517481327056885,0.013460909947752953
XGBoost,time,2,1946,1.0,0.032030586153268814,0.023311257362365723
XGBoost,time,2,1947,0.0,0.06898269057273865,0.05781598389148712
XGBoost,time,2,1948,0.0,0.059176694601774216,0.04909877851605415
XGBoost,time,2,1949,0.0,0.02619531750679016,0.018769126385450363
XGBoost,time,2,1950,0.0,0.03273390233516693,0.042283035814762115
XGBoost,time,2,1951,0.0,0.05780215933918953,0.04909877851605415
XGBoost,time,2,1952,0.0,0.030998636037111282,0.06424424797296524
XGBoost,time,2,1953,0.0,0.03017301857471466,0.026661735028028488
XGBoost,time,2,1954,0.0,0.03017301857471466,0.025955332443118095
XGBoost,time,2,1955,0.0,0.030739720910787582,0.029243875294923782
XGBoost,time,2,1956,1.0,0.021663041785359383,0.03078640252351761
XGBoost,time,2,1957,0.0,0.1768742948770523,0.16960549354553223
XGBoost,time,2,1958,0.0,0.028995364904403687,0.03906697779893875
XGBoost,time,2,1959,0.0,0.02579813078045845,0.038063906133174896
XGBoost,time,2,1960,0.0,0.18223464488983154,0.1421428769826889
XGBoost,time,2,1961,0.0,0.2680244445800781,0.24254009127616882
XGBoost,time,2,1962,0.0,0.018818777054548264,0.01608467660844326
XGBoost,time,2,1963,0.0,0.021155113354325294,0.016860581934452057
XGBoost,time,2,1964,0.0,0.017321469262242317,0.015566699206829071
XGBoost,time,2,1965,0.0,0.03262463957071304,0.034280914813280106
XGBoost,time,2,1966,0.0,0.14640390872955322,0.14077278971672058
XGBoost,time,2,1967,0.0,0.04744274169206619,0.07977091521024704
XGBoost,time,2,1968,0.0,0.06845542043447495,0.06452872604131699
XGBoost,time,2,1969,0.0,0.019821928814053535,0.017183246091008186
XGBoost,time,2,1970,0.0,0.017656849697232246,0.015782317146658897
XGBoost,time,2,1971,0.0,0.03097224421799183,0.04510050639510155
XGBoost,time,2,1972,0.0,0.07955674827098846,0.09076534956693649
XGBoost,time,2,1973,0.0,0.0316113717854023,0.07820553332567215
XGBoost,time,2,1974,0.0,0.1470441222190857,0.1401340216398239
XGBoost,time,2,1975,0.0,0.018953943625092506,0.01918046548962593
XGBoost,time,2,1976,0.0,0.04572805017232895,0.036110781133174896
XGBoost,time,2,1977,0.0,0.09840737283229828,0.08977517485618591
XGBoost,time,2,1978,1.0,0.027449417859315872,0.05759304761886597
XGBoost,time,2,1979,0.0,0.07170907407999039,0.05898831784725189
XGBoost,time,2,1980,0.0,0.028111550956964493,0.049357619136571884
XGBoost,time,2,1981,0.0,0.027564721181988716,0.037539731711149216
XGBoost,time,2,1982,0.0,0.04128529131412506,0.06574474275112152
XGBoost,time,2,1983,0.0,0.026724044233560562,0.03002006746828556
XGBoost,time,2,1984,0.0,0.02172999456524849,0.017183246091008186
XGBoost,time,2,1985,0.0,0.055726658552885056,0.05158673971891403
XGBoost,time,2,1986,0.0,0.020249193534255028,0.017061686143279076
XGBoost,time,2,1987,0.0,0.03229415789246559,0.07820553332567215
XGBoost,time,2,1988,0.0,0.020255396142601967,0.017183246091008186
XGBoost,time,2,1989,0.0,0.018138421699404716,0.01608467660844326
XGBoost,time,2,1990,0.0,0.038107965141534805,0.03382590040564537
XGBoost,time,2,1991,0.0,0.14521761238574982,0.15288545191287994
XGBoost,time,2,1992,0.0,0.1940193921327591,0.16743141412734985
XGBoost,time,2,1993,0.0,0.08412263542413712,0.06390958279371262
XGBoost,time,2,1994,0.0,0.01804383657872677,0.01608467660844326
XGBoost,time,2,1995,1.0,0.1511484682559967,0.10926877707242966
XGBoost,time,2,1996,0.0,0.13638654351234436,0.1331648975610733
XGBoost,time,2,1997,0.0,0.03166862204670906,0.04854946583509445
XGBoost,time,2,1998,0.0,0.024577030912041664,0.04074696823954582
XGBoost,time,2,1999,0.0,0.04097995534539223,0.054833948612213135
XGBoost,time,2,2000,0.0,0.03033630922436714,0.03643036633729935
XGBoost,time,2,2001,0.0,0.03166862204670906,0.04577517881989479
XGBoost,time,2,2002,0.0,0.03229415789246559,0.055452920496463776
XGBoost,time,2,2003,0.0,0.03625399246811867,0.04563611373305321
XGBoost,time,2,2004,0.0,0.03625399246811867,0.03886362165212631
XGBoost,time,2,2005,0.0,0.04845036566257477,0.08652105182409286
XGBoost,time,2,2006,0.0,0.04845036566257477,0.08652105182409286
XGBoost,time,2,2007,0.0,0.03166862204670906,0.04444187879562378
XGBoost,time,2,2008,0.0,0.022488262504339218,0.029433371499180794
XGBoost,time,2,2009,0.0,0.020801642909646034,0.018422653898596764
XGBoost,time,2,2010,0.0,0.06642016023397446,0.06314845383167267
XGBoost,time,2,2011,0.0,0.03668345510959625,0.03382590040564537
XGBoost,time,2,2012,0.0,0.018138421699404716,0.01608467660844326
XGBoost,time,2,2013,0.0,0.03452731668949127,0.058888886123895645
XGBoost,time,2,2014,0.0,0.22013525664806366,0.21442070603370667
XGBoost,time,2,2015,0.0,0.03522953391075134,0.058888886123895645
XGBoost,time,2,2016,0.0,0.021768484264612198,0.03430952876806259
XGBoost,time,2,2017,0.0,0.16021135449409485,0.16160564124584198
XGBoost,time,2,2018,0.0,0.04845036566257477,0.08652105182409286
XGBoost,time,2,2019,0.0,0.03166862204670906,0.04444187879562378
XGBoost,time,2,2020,0.0,0.049450043588876724,0.055452920496463776
XGBoost,time,2,2021,0.0,0.04845036566257477,0.08652105182409286
XGBoost,time,2,2022,0.0,0.030297916382551193,0.04444187879562378
XGBoost,time,2,2023,0.0,0.02330353856086731,0.02831362932920456
XGBoost,time,2,2024,0.0,0.01748163066804409,0.013424010947346687
XGBoost,time,2,2025,0.0,0.024958088994026184,0.031455956399440765
XGBoost,time,2,2026,0.0,0.026257915422320366,0.03337234631180763
XGBoost,time,2,2027,0.0,0.08074399828910828,0.08869824558496475
XGBoost,time,2,2028,0.0,0.03300865739583969,0.03047773241996765
XGBoost,time,2,2029,0.0,0.0423126295208931,0.054970573633909225
XGBoost,time,2,2030,0.0,0.019758140668272972,0.013424010947346687
XGBoost,time,2,2031,0.0,0.022816361859440804,0.0608474463224411
XGBoost,time,2,2032,0.0,0.02385692298412323,0.029468130320310593
XGBoost,time,2,2033,0.0,0.022931914776563644,0.017530027776956558
XGBoost,time,2,2034,0.0,0.028287716209888458,0.026956696063280106
XGBoost,time,2,2035,0.0,0.03317183256149292,0.030055146664381027
XGBoost,time,2,2036,0.0,0.019517481327056885,0.015414011664688587
XGBoost,time,2,2037,0.0,0.01748163066804409,0.013424010947346687
XGBoost,time,2,2038,0.0,0.03845714405179024,0.035546693950891495
XGBoost,time,2,2039,1.0,0.023977184668183327,0.03396676853299141
XGBoost,time,2,2040,0.0,0.19325105845928192,0.2018890082836151
XGBoost,time,2,2041,0.0,0.05300614982843399,0.0379117876291275
XGBoost,time,2,2042,0.0,0.021191991865634918,0.02358805574476719
XGBoost,time,2,2043,0.0,0.020383810624480247,0.023090559989213943
XGBoost,time,2,2044,0.0,0.12132436037063599,0.11487751454114914
XGBoost,time,2,2045,0.0,0.04314453527331352,0.034584034234285355
XGBoost,time,2,2046,0.0,0.01796640269458294,0.02114177867770195
XGBoost,time,2,2047,0.0,0.019619638100266457,0.013702902011573315
XGBoost,time,2,2048,0.0,0.024334078654646873,0.044178348034620285
XGBoost,time,2,2049,0.0,0.06453969329595566,0.05971435084939003
XGBoost,time,2,2050,0.0,0.021265655755996704,0.016723668202757835
XGBoost,time,2,2051,0.0,0.01986960880458355,0.03194364905357361
XGBoost,time,2,2052,0.0,0.01774943806231022,0.0174893569201231
XGBoost,time,2,2053,0.0,0.018241506069898605,0.025292912498116493
XGBoost,time,2,2054,0.0,0.02424991875886917,0.03430952876806259
XGBoost,time,2,2055,0.0,0.022806361317634583,0.027003124356269836
XGBoost,time,2,2056,0.0,0.06073760613799095,0.05915035679936409
XGBoost,time,2,2057,0.0,0.030493440106511116,0.025955332443118095
XGBoost,time,2,2058,0.0,0.15487278997898102,0.12838894128799438
XGBoost,time,2,2059,0.0,0.019768625497817993,0.02323460765182972
XGBoost,time,2,2060,0.0,0.019919542595744133,0.017865648493170738
XGBoost,time,2,2061,0.0,0.053006015717983246,0.04592815786600113
XGBoost,time,3,2062,0.0,0.02012627199292183,0.03753409534692764
XGBoost,time,3,2063,0.0,0.04214078187942505,0.06567799299955368
XGBoost,time,3,2064,0.0,0.018905919045209885,0.02224043197929859
XGBoost,time,3,2065,0.0,0.033530350774526596,0.051468364894390106
XGBoost,time,3,2066,0.0,0.033530350774526596,0.057081762701272964
XGBoost,time,3,2067,0.0,0.02012627199292183,0.04162503406405449
XGBoost,time,3,2068,0.0,0.13594385981559753,0.16519033908843994
XGBoost,time,3,2069,0.0,0.0522538423538208,0.05360940098762512
XGBoost,time,3,2070,0.0,0.043157413601875305,0.07189343124628067
XGBoost,time,3,2071,0.0,0.0503176674246788,0.06619564443826675
XGBoost,time,3,2072,0.0,0.026016050949692726,0.04468235373497009
XGBoost,time,3,2073,0.0,0.04671480879187584,0.053040243685245514
XGBoost,time,3,2074,0.0,0.032779525965452194,0.04805545136332512
XGBoost,time,3,2075,0.0,0.04776710271835327,0.04313575103878975
XGBoost,time,3,2076,0.0,0.024787800386548042,0.016333231702446938
XGBoost,time,3,2077,0.0,0.013935272581875324,0.013654889538884163
XGBoost,time,3,2078,0.0,0.016486721113324165,0.014640352688729763
XGBoost,time,3,2079,0.0,0.01219969429075718,0.010956941172480583
XGBoost,time,3,2080,0.0,0.016854243353009224,0.015958067029714584
XGBoost,time,3,2081,0.0,0.01606827974319458,0.01453043706715107
XGBoost,time,3,2082,0.0,0.013533319346606731,0.012990729883313179
XGBoost,time,3,2083,0.0,0.01219969429075718,0.010708159767091274
XGBoost,time,3,2084,0.0,0.01219969429075718,0.010708159767091274
XGBoost,time,3,2085,0.0,0.015442181378602982,0.01453043706715107
XGBoost,time,3,2086,0.0,0.013533319346606731,0.012990729883313179
XGBoost,time,3,2087,0.0,0.01219969429075718,0.010708159767091274
XGBoost,time,3,2088,0.0,0.016854243353009224,0.015958067029714584
XGBoost,time,3,2089,0.0,0.013533319346606731,0.013411461375653744
XGBoost,time,3,2090,0.0,0.013533319346606731,0.012990729883313179
XGBoost,time,3,2091,0.0,0.013533319346606731,0.012990729883313179
XGBoost,time,3,2092,0.0,0.013533319346606731,0.012990729883313179
XGBoost,time,3,2093,0.0,0.01219969429075718,0.010708159767091274
XGBoost,time,3,2094,0.0,0.016854243353009224,0.015958067029714584
XGBoost,time,3,2095,0.0,0.013533319346606731,0.015958067029714584
XGBoost,time,3,2096,0.0,0.01606827974319458,0.01453043706715107
XGBoost,time,3,2097,0.0,0.01606827974319458,0.01453043706715107
XGBoost,time,3,2098,0.0,0.01606827974319458,0.015958067029714584
XGBoost,time,3,2099,0.0,0.01606827974319458,0.01453043706715107
XGBoost,time,3,2100,0.0,0.02194949798285961,0.017591610550880432
XGBoost,time,3,2101,0.0,0.01606827974319458,0.01453043706715107
XGBoost,time,3,2102,0.0,0.015442181378602982,0.015958067029714584
XGBoost,time,3,2103,0.0,0.03144517168402672,0.029603153467178345
XGBoost,time,3,2104,0.0,0.01470585074275732,0.01408372726291418
XGBoost,time,3,2105,0.0,0.016854243353009224,0.015958067029714584
XGBoost,time,3,2106,0.0,0.029140084981918335,0.03735869377851486
XGBoost,time,3,2107,0.0,0.01606827974319458,0.01453043706715107
XGBoost,time,3,2108,0.0,0.01219969429075718,0.010708159767091274
XGBoost,time,3,2109,0.0,0.012900196015834808,0.011933005414903164
XGBoost,time,3,2110,0.0,0.021395422518253326,0.017459923401474953
XGBoost,time,3,2111,0.0,0.01219969429075718,0.010956941172480583
XGBoost,time,3,2112,0.0,0.01219969429075718,0.010956941172480583
XGBoost,time,3,2113,0.0,0.010876775719225407,0.010956941172480583
XGBoost,time,3,2114,0.0,0.01219969429075718,0.01453043706715107
XGBoost,time,3,2115,0.0,0.014523057267069817,0.021170657128095627
XGBoost,time,3,2116,0.0,0.03736012428998947,0.0342225544154644
XGBoost,time,3,2117,0.0,0.20074330270290375,0.2202427089214325
XGBoost,time,3,2118,0.0,0.11039460450410843,0.1249644085764885
XGBoost,time,3,2119,0.0,0.049127258360385895,0.049391407519578934
XGBoost,time,3,2120,0.0,0.03756280615925789,0.05160529911518097
XGBoost,time,3,2121,0.0,0.03361964970827103,0.04553193971514702
XGBoost,time,3,2122,0.0,0.03411458805203438,0.06595302373170853
XGBoost,time,3,2123,0.0,0.05179859325289726,0.0520954504609108
XGBoost,time,3,2124,0.0,0.0366278812289238,0.05245676636695862
XGBoost,time,3,2125,0.0,0.017250141128897667,0.03179962560534477
XGBoost,time,3,2126,0.0,0.1544760763645172,0.17411476373672485
XGBoost,time,3,2127,0.0,0.031091779470443726,0.047271858900785446
XGBoost,time,3,2128,0.0,0.03411458805203438,0.06146685406565666
XGBoost,time,3,2129,0.0,0.014523057267069817,0.02199508622288704
XGBoost,time,3,2130,0.0,0.014523057267069817,0.02199508622288704
XGBoost,time,3,2131,0.0,0.11213253438472748,0.09807372838258743
XGBoost,time,3,2132,0.0,0.014523057267069817,0.02199508622288704
XGBoost,time,3,2133,0.0,0.017250141128897667,0.03179962560534477
XGBoost,time,3,2134,0.0,0.03283524513244629,0.06709489971399307
XGBoost,time,3,2135,0.0,0.0804934874176979,0.08816451579332352
XGBoost,time,3,2136,0.0,0.01483786478638649,0.02199508622288704
XGBoost,time,3,2137,0.0,0.017250141128897667,0.03179962560534477
XGBoost,time,3,2138,0.0,0.05468452721834183,0.0670367181301117
XGBoost,time,3,2139,0.0,0.06213076785206795,0.07147815078496933
XGBoost,time,3,2140,0.0,0.02305581606924534,0.02493354119360447
XGBoost,time,3,2141,0.0,0.015271688811480999,0.02199508622288704
XGBoost,time,3,2142,0.0,0.017250141128897667,0.03179962560534477
XGBoost,time,3,2143,0.0,0.03283524513244629,0.07366588711738586
XGBoost,time,3,2144,0.0,0.03177770972251892,0.06154516711831093
XGBoost,time,3,2145,1.0,0.09875350445508957,0.11974216252565384
XGBoost,time,3,2146,0.0,0.08529581129550934,0.05714857950806618
XGBoost,time,3,2147,0.0,0.029016008600592613,0.059312596917152405
XGBoost,time,3,2148,1.0,0.040723592042922974,0.05005660280585289
XGBoost,time,3,2149,0.0,0.10759524255990982,0.07611968368291855
XGBoost,time,3,2150,0.0,0.0347491130232811,0.05160529911518097
XGBoost,time,3,2151,0.0,0.04179520532488823,0.04797105863690376
XGBoost,time,3,2152,0.0,0.018905919045209885,0.02310553751885891
XGBoost,time,3,2153,0.0,0.06739024072885513,0.0666341632604599
XGBoost,time,3,2154,0.0,0.01802603155374527,0.021241964772343636
XGBoost,time,3,2155,0.0,0.04386267066001892,0.06807588040828705
XGBoost,time,3,2156,0.0,0.12462489306926727,0.11740502715110779
XGBoost,time,3,2157,0.0,0.09670108556747437,0.09473884850740433
XGBoost,time,3,2158,0.0,0.04933276027441025,0.06038981303572655
XGBoost,time,3,2159,0.0,0.0671398714184761,0.06658361852169037
XGBoost,time,3,2160,0.0,0.13612325489521027,0.14862850308418274
XGBoost,time,3,2161,0.0,0.04386267066001892,0.06931319832801819
XGBoost,time,3,2162,0.0,0.048864684998989105,0.061376843601465225
XGBoost,time,3,2163,0.0,0.0700661689043045,0.06860671937465668
XGBoost,time,3,2164,0.0,0.04729323089122772,0.05274026840925217
XGBoost,time,3,2165,0.0,0.0700661689043045,0.06739341467618942
XGBoost,time,3,2166,0.0,0.0700661689043045,0.06739341467618942
XGBoost,time,3,2167,0.0,0.039958398789167404,0.04831637442111969
XGBoost,time,3,2168,0.0,0.0700661689043045,0.06739341467618942
XGBoost,time,3,2169,0.0,0.11985273659229279,0.12141507118940353
XGBoost,time,3,2170,0.0,0.10051760077476501,0.08060193806886673
XGBoost,time,3,2171,0.0,0.14502263069152832,0.11613012850284576
XGBoost,time,3,2172,0.0,0.07563187927007675,0.06787338852882385
XGBoost,time,3,2173,0.0,0.10162258893251419,0.08926807343959808
XGBoost,time,3,2174,0.0,0.2671121060848236,0.23920834064483643
XGBoost,time,3,2175,0.0,0.11277062445878983,0.10647228360176086
XGBoost,time,3,2176,0.0,0.05325997993350029,0.05777249485254288
XGBoost,time,3,2177,0.0,0.05902514234185219,0.04790593311190605
XGBoost,time,3,2178,0.0,0.04369448497891426,0.03801920264959335
XGBoost,time,3,2179,0.0,0.0757458359003067,0.0886097177863121
XGBoost,time,3,2180,0.0,0.04534972831606865,0.03736443072557449
XGBoost,time,3,2181,0.0,0.04367947578430176,0.051231320947408676
XGBoost,time,3,2182,0.0,0.033126380294561386,0.04553193971514702
XGBoost,time,3,2183,0.0,0.10012280195951462,0.11253107339143753
XGBoost,time,3,2184,0.0,0.03756280615925789,0.05160529911518097
XGBoost,time,3,2185,0.0,0.037083547562360764,0.04808845743536949
XGBoost,time,3,2186,0.0,0.05125521868467331,0.07040642946958542
XGBoost,time,3,2187,0.0,0.025032542645931244,0.04889260232448578
XGBoost,time,3,2188,0.0,0.03756280615925789,0.05160529911518097
XGBoost,time,3,2189,0.0,0.049127258360385895,0.04757736995816231
XGBoost,time,3,2190,0.0,0.03768259659409523,0.07167571038007736
XGBoost,time,3,2191,0.0,0.034532330930233,0.05867145583033562
XGBoost,time,3,2192,0.0,0.02748779207468033,0.052113089710474014
XGBoost,time,3,2193,0.0,0.09776636213064194,0.11670705676078796
XGBoost,time,3,2194,0.0,0.041325151920318604,0.05005660280585289
XGBoost,time,3,2195,0.0,0.03411458805203438,0.06189745292067528
XGBoost,time,3,2196,0.0,0.037083547562360764,0.04808845743536949
XGBoost,time,3,2197,0.0,0.04314880073070526,0.055286504328250885
XGBoost,time,3,2198,0.0,0.04095631092786789,0.0691027119755745
XGBoost,time,3,2199,0.0,0.03756280615925789,0.05160529911518097
XGBoost,time,3,2200,0.0,0.03438496217131615,0.06663333624601364
XGBoost,time,3,2201,0.0,0.045907434076070786,0.0448664128780365
XGBoost,time,3,2202,1.0,0.07420647144317627,0.10285642743110657
XGBoost,time,3,2203,1.0,0.11816826462745667,0.08253583312034607
XGBoost,time,3,2204,0.0,0.2339353710412979,0.20550952851772308
XGBoost,time,3,2205,0.0,0.0560535229742527,0.06176530569791794
XGBoost,time,3,2206,0.0,0.0560535229742527,0.06176530569791794
XGBoost,time,3,2207,0.0,0.0560535229742527,0.060557927936315536
XGBoost,time,3,2208,0.0,0.07118890434503555,0.062146492302417755
XGBoost,time,3,2209,0.0,0.037463441491127014,0.057243216782808304
XGBoost,time,3,2210,0.0,0.09170324355363846,0.06655506789684296
XGBoost,time,3,2211,0.0,0.053729571402072906,0.06787338852882385
XGBoost,time,3,2212,0.0,0.0875198245048523,0.10918667912483215
XGBoost,time,3,2213,0.0,0.070342056453228,0.06787338852882385
XGBoost,time,3,2214,0.0,0.06971948593854904,0.05225994810461998
XGBoost,time,3,2215,0.0,0.06871664524078369,0.05251278728246689
XGBoost,time,3,2216,0.0,0.03201524540781975,0.061278872191905975
XGBoost,time,3,2217,0.0,0.04829581454396248,0.06890717893838882
XGBoost,time,3,2218,0.0,0.04839428514242172,0.06668409705162048
XGBoost,time,3,2219,0.0,0.0804920420050621,0.09366694837808609
XGBoost,time,3,2220,0.0,0.06566447764635086,0.09326238930225372
XGBoost,time,3,2221,0.0,0.13783341646194458,0.17977720499038696
XGBoost,time,3,2222,0.0,0.0713820829987526,0.05225994810461998
XGBoost,time,3,2223,1.0,0.04038410633802414,0.01947164535522461
XGBoost,time,3,2224,0.0,0.07026726752519608,0.05072048306465149
XGBoost,time,3,2225,0.0,0.05295022204518318,0.043814923614263535
XGBoost,time,3,2226,0.0,0.02848884090781212,0.02618837170302868
XGBoost,time,3,2227,0.0,0.031602565199136734,0.04820863902568817
XGBoost,time,3,2228,0.0,0.04089601710438728,0.056802429258823395
XGBoost,time,3,2229,0.0,0.04839428514242172,0.06550239771604538
XGBoost,time,3,2230,0.0,0.10151217132806778,0.08815989643335342
XGBoost,time,3,2231,0.0,0.05106883868575096,0.05274026840925217
XGBoost,time,3,2232,0.0,0.1295984983444214,0.13536955416202545
XGBoost,time,3,2233,0.0,0.041838452219963074,0.04831637442111969
XGBoost,time,3,2234,0.0,0.03214535862207413,0.05956755578517914
XGBoost,time,3,2235,0.0,0.030272699892520905,0.04203304648399353
XGBoost,time,3,2236,0.0,0.04950059577822685,0.0517919547855854
XGBoost,time,3,2237,0.0,0.070342056453228,0.06787338852882385
XGBoost,time,3,2238,0.0,0.05652846023440361,0.07059386372566223
XGBoost,time,3,2239,0.0,0.22637201845645905,0.22937966883182526
XGBoost,time,3,2240,0.0,0.07273450493812561,0.06739341467618942
XGBoost,time,3,2241,0.0,0.04845456779003143,0.05454057827591896
XGBoost,time,3,2242,0.0,0.19845353066921234,0.20289474725723267
XGBoost,time,3,2243,1.0,0.11938151717185974,0.12050888687372208
XGBoost,time,3,2244,0.0,0.16178743541240692,0.1134607344865799
XGBoost,time,3,2245,0.0,0.06252675503492355,0.04059932753443718
XGBoost,time,3,2246,0.0,0.05903368815779686,0.04336797818541527
XGBoost,time,3,2247,0.0,0.05903368815779686,0.04336797818541527
XGBoost,time,3,2248,0.0,0.03030865080654621,0.051468364894390106
XGBoost,time,3,2249,0.0,0.033530350774526596,0.051468364894390106
XGBoost,time,3,2250,0.0,0.031602565199136734,0.051468364894390106
XGBoost,time,3,2251,0.0,0.13459651172161102,0.09170631319284439
XGBoost,time,3,2252,0.0,0.05652846023440361,0.07059386372566223
XGBoost,time,3,2253,0.0,0.08106449246406555,0.06934802979230881
XGBoost,time,3,2254,1.0,0.17518198490142822,0.1496119648218155
XGBoost,time,3,2255,0.0,0.12723864614963531,0.09500470757484436
XGBoost,time,3,2256,0.0,0.03703584149479866,0.046801477670669556
XGBoost,time,3,2257,0.0,0.05903368815779686,0.04336797818541527
XGBoost,time,3,2258,0.0,0.0392489954829216,0.03387058153748512
XGBoost,time,3,2259,0.0,0.04652246832847595,0.051324959844350815
XGBoost,time,3,2260,0.0,0.04317619279026985,0.05037512630224228
XGBoost,time,3,2261,0.0,0.02827397920191288,0.031790293753147125
XGBoost,time,3,2262,0.0,0.029483670368790627,0.030620034784078598
XGBoost,time,3,2263,0.0,0.030776824802160263,0.030620034784078598
XGBoost,time,3,2264,0.0,0.029483670368790627,0.030620034784078598
XGBoost,time,3,2265,0.0,0.01876193657517433,0.023054076358675957
XGBoost,time,3,2266,0.0,0.015892693772912025,0.011722897179424763
XGBoost,time,3,2267,0.0,0.017622821033000946,0.013251397758722305
XGBoost,time,3,2268,0.0,0.017622821033000946,0.013771770521998405
XGBoost,time,3,2269,0.0,0.017622821033000946,0.013251397758722305
XGBoost,time,3,2270,0.0,0.05404496565461159,0.03608740121126175
XGBoost,time,3,2271,0.0,0.10947670787572861,0.0793939009308815
XGBoost,time,3,2272,0.0,0.0168016217648983,0.012943883426487446
XGBoost,time,3,2273,0.0,0.017622821033000946,0.013251397758722305
XGBoost,time,3,2274,0.0,0.017622821033000946,0.013251397758722305
XGBoost,time,3,2275,0.0,0.020994901657104492,0.03432657942175865
XGBoost,time,3,2276,0.0,0.020994901657104492,0.03753409534692764
XGBoost,time,3,2277,0.0,0.1738090217113495,0.15942662954330444
XGBoost,time,3,2278,1.0,0.06783857941627502,0.07338710874319077
XGBoost,time,3,2279,0.0,0.10630432516336441,0.07096133381128311
XGBoost,time,3,2280,0.0,0.02937321551144123,0.05824262648820877
XGBoost,time,3,2281,0.0,0.014633845537900925,0.02908497303724289
XGBoost,time,3,2282,0.0,0.022833364084362984,0.03125055134296417
XGBoost,time,3,2283,0.0,0.04517524316906929,0.06407024711370468
XGBoost,time,3,2284,0.0,0.022833364084362984,0.03125055134296417
XGBoost,time,3,2285,1.0,0.014633845537900925,0.03125055134296417
XGBoost,time,3,2286,0.0,0.10099814087152481,0.07553532719612122
XGBoost,time,3,2287,0.0,0.047076381742954254,0.03801920264959335
XGBoost,time,3,2288,0.0,0.030870553106069565,0.04189305379986763
XGBoost,time,3,2289,0.0,0.020994901657104492,0.03753409534692764
XGBoost,time,3,2290,0.0,0.01853652112185955,0.026026269420981407
XGBoost,time,3,2291,1.0,0.020994901657104492,0.03753409534692764
XGBoost,time,3,2292,0.0,0.1145583838224411,0.07064183801412582
XGBoost,time,3,2293,0.0,0.02012627199292183,0.03895798325538635
XGBoost,time,3,2294,0.0,0.02012627199292183,0.034937627613544464
XGBoost,time,3,2295,0.0,0.018905919045209885,0.02224043197929859
XGBoost,time,3,2296,0.0,0.014523057267069817,0.021170657128095627
XGBoost,time,3,2297,0.0,0.047948580235242844,0.04522779956459999
XGBoost,time,3,2298,0.0,0.014523057267069817,0.021170657128095627
XGBoost,time,3,2299,0.0,0.04444997012615204,0.0618613138794899
XGBoost,time,3,2300,0.0,0.014633845537900925,0.03125055134296417
XGBoost,time,3,2301,0.0,0.02789970673620701,0.05824262648820877
XGBoost,time,3,2302,0.0,0.03614909574389458,0.04916813597083092
XGBoost,time,3,2303,0.0,0.03900883346796036,0.06067836284637451
XGBoost,time,3,2304,1.0,0.01597035862505436,0.02465491183102131
XGBoost,time,3,2305,0.0,0.06537413597106934,0.043872181326150894
XGBoost,time,3,2306,0.0,0.05192949250340462,0.0703367069363594
XGBoost,time,3,2307,0.0,0.06710723042488098,0.05999769642949104
XGBoost,time,3,2308,0.0,0.032779525965452194,0.04942469671368599
XGBoost,time,3,2309,0.0,0.017250141128897667,0.032367195934057236
XGBoost,time,3,2310,0.0,0.016406141221523285,0.03179962560534477
XGBoost,time,3,2311,0.0,0.02937321551144123,0.059312596917152405
XGBoost,time,3,2312,0.0,0.020994901657104492,0.03753409534692764
XGBoost,time,3,2313,0.0,0.07022436708211899,0.06739341467618942
XGBoost,time,3,2314,0.0,0.02651229128241539,0.06735449284315109
XGBoost,time,3,2315,0.0,0.04386267066001892,0.06807588040828705
XGBoost,time,3,2316,0.0,0.1345626264810562,0.1310824453830719
XGBoost,time,3,2317,0.0,0.07447772473096848,0.06416812539100647
XGBoost,time,3,2318,0.0,0.04386267066001892,0.0760837271809578
XGBoost,time,3,2319,0.0,0.03959500789642334,0.031553808599710464
XGBoost,time,3,2320,0.0,0.02012627199292183,0.03819998353719711
XGBoost,time,3,2321,0.0,0.06087597459554672,0.05127611756324768
XGBoost,time,3,2322,0.0,0.019593652337789536,0.03978174179792404
XGBoost,time,3,2323,0.0,0.14210474491119385,0.16408169269561768
XGBoost,time,3,2324,0.0,0.020994901657104492,0.03753409534692764
XGBoost,time,3,2325,0.0,0.018905919045209885,0.02310553751885891
XGBoost,time,3,2326,0.0,0.03968897834420204,0.07189343124628067
XGBoost,time,3,2327,0.0,0.14821675419807434,0.15692883729934692
XGBoost,time,3,2328,0.0,0.018905919045209885,0.02310553751885891
XGBoost,time,3,2329,0.0,0.03477180004119873,0.06098512187600136
XGBoost,time,3,2330,0.0,0.2567347586154938,0.22913824021816254
XGBoost,time,3,2331,0.0,0.05295022204518318,0.041368331760168076
XGBoost,time,3,2332,0.0,0.03968897834420204,0.07189343124628067
XGBoost,time,3,2333,1.0,0.02012627199292183,0.03753409534692764
XGBoost,time,3,2334,0.0,0.0782632827758789,0.05245482176542282
XGBoost,time,3,2335,0.0,0.08761578053236008,0.12050888687372208
XGBoost,time,3,2336,0.0,0.048864684998989105,0.06546572595834732
XGBoost,time,3,2337,0.0,0.03968897834420204,0.07189343124628067
XGBoost,time,3,2338,0.0,0.030413959175348282,0.04293586313724518
XGBoost,time,3,2339,0.0,0.04933276027441025,0.06441745162010193
XGBoost,time,3,2340,0.0,0.03754233196377754,0.03682767227292061
XGBoost,time,3,2341,0.0,0.13614699244499207,0.15161241590976715
XGBoost,time,3,2342,0.0,0.05903368815779686,0.04336797818541527
XGBoost,time,3,2343,0.0,0.027238614857196808,0.025748582556843758
XGBoost,time,3,2344,0.0,0.018905919045209885,0.02310553751885891
XGBoost,time,3,2345,0.0,0.17357482016086578,0.15943415462970734
XGBoost,time,3,2346,0.0,0.018905919045209885,0.02224043197929859
XGBoost,time,3,2347,0.0,0.054495055228471756,0.06546572595834732
XGBoost,time,3,2348,0.0,0.1441829651594162,0.16408169269561768
XGBoost,time,3,2349,0.0,0.018905919045209885,0.02224043197929859
XGBoost,time,3,2350,0.0,0.10015982389450073,0.1244431883096695
XGBoost,time,3,2351,0.0,0.018905919045209885,0.02310553751885891
XGBoost,time,3,2352,0.0,0.02012627199292183,0.03494879603385925
XGBoost,time,3,2353,0.0,0.13869500160217285,0.14452305436134338
XGBoost,time,3,2354,0.0,0.12961743772029877,0.13319778442382812
XGBoost,time,3,2355,0.0,0.020548461005091667,0.031673774123191833
XGBoost,time,3,2356,0.0,0.08407537639141083,0.09505342692136765
XGBoost,time,3,2357,0.0,0.07558660209178925,0.09047409892082214
XGBoost,time,3,2358,0.0,0.0209075715392828,0.01554227713495493
XGBoost,time,3,2359,0.0,0.019593652337789536,0.042708732187747955
XGBoost,time,3,2360,0.0,0.017250141128897667,0.03179962560534477
XGBoost,time,3,2361,0.0,0.05179859325289726,0.05079949274659157
XGBoost,time,3,2362,0.0,0.042631424963474274,0.05419151857495308
XGBoost,time,3,2363,0.0,0.11914417892694473,0.10436473041772842
XGBoost,time,3,2364,0.0,0.014523057267069817,0.02199508622288704
XGBoost,time,3,2365,0.0,0.04658117890357971,0.049893543124198914
XGBoost,time,3,2366,0.0,0.023253092542290688,0.02288663201034069
XGBoost,time,3,2367,0.0,0.014523057267069817,0.02199508622288704
XGBoost,time,3,2368,0.0,0.014523057267069817,0.021170657128095627
XGBoost,time,3,2369,0.0,0.04654139280319214,0.04568669945001602
XGBoost,time,3,2370,0.0,0.014523057267069817,0.021170657128095627
XGBoost,time,3,2371,0.0,0.0663214847445488,0.07677287608385086
XGBoost,time,3,2372,0.0,0.0547737181186676,0.06646445393562317
XGBoost,time,3,2373,0.0,0.0314553827047348,0.0749741792678833
XGBoost,time,3,2374,0.0,0.1248309537768364,0.09324858337640762
XGBoost,time,3,2375,0.0,0.11228274554014206,0.12632708251476288
XGBoost,time,3,2376,0.0,0.03529104217886925,0.04415702074766159
XGBoost,time,3,2377,0.0,0.018235279247164726,0.03621342405676842
XGBoost,time,3,2378,0.0,0.04551307484507561,0.04205593094229698
XGBoost,time,3,2379,0.0,0.03304567560553551,0.033843886107206345
XGBoost,time,3,2380,0.0,0.06422944366931915,0.07035365700721741
XGBoost,time,3,2381,0.0,0.022683491930365562,0.04495394229888916
XGBoost,time,3,2382,0.0,0.06896386295557022,0.04904008284211159
XGBoost,time,3,2383,0.0,0.03529104217886925,0.04415702074766159
XGBoost,time,3,2384,0.0,0.03238227590918541,0.0513053759932518
XGBoost,time,3,2385,0.0,0.026016050949692726,0.04245902597904205
XGBoost,time,3,2386,0.0,0.022940900176763535,0.03815699741244316
XGBoost,time,3,2387,0.0,0.030289286747574806,0.059312596917152405
XGBoost,time,3,2388,0.0,0.022683491930365562,0.04495394229888916
XGBoost,time,3,2389,0.0,0.02180534414947033,0.042824599891901016
XGBoost,time,3,2390,0.0,0.034383732825517654,0.033843886107206345
XGBoost,time,3,2391,0.0,0.022683491930365562,0.04924502596259117
XGBoost,time,3,2392,0.0,0.013935272581875324,0.01439338456839323
XGBoost,time,3,2393,0.0,0.0379570797085762,0.04505251348018646
XGBoost,time,3,2394,0.0,0.04997639358043671,0.0319574773311615
XGBoost,time,3,2395,1.0,0.02937321551144123,0.059312596917152405
XGBoost,time,3,2396,0.0,0.10047189146280289,0.05443958565592766
XGBoost,time,3,2397,0.0,0.019985515624284744,0.024573681876063347
XGBoost,time,3,2398,0.0,0.016486721113324165,0.014640352688729763
XGBoost,time,3,2399,0.0,0.02180534414947033,0.042824599891901016
XGBoost,time,3,2400,0.0,0.06784851849079132,0.0666341632604599
XGBoost,time,3,2401,0.0,0.03477180004119873,0.05473757162690163
XGBoost,time,3,2402,0.0,0.08986300230026245,0.0867731124162674
XGBoost,time,3,2403,0.0,0.018905919045209885,0.02310553751885891
XGBoost,time,3,2404,0.0,0.03171222656965256,0.04189305379986763
XGBoost,time,3,2405,0.0,0.048946358263492584,0.08586567640304565
XGBoost,time,3,2406,0.0,0.0647289901971817,0.0666341632604599
XGBoost,time,3,2407,0.0,0.020096760243177414,0.01554227713495493
XGBoost,time,3,2408,0.0,0.016581697389483452,0.011722897179424763
XGBoost,time,3,2409,0.0,0.03171222656965256,0.03901968151330948
XGBoost,time,3,2410,0.0,0.03171222656965256,0.04189305379986763
XGBoost,time,3,2411,0.0,0.05811432749032974,0.04049113392829895
XGBoost,time,3,2412,0.0,0.0218091681599617,0.01554227713495493
XGBoost,time,3,2413,0.0,0.0218091681599617,0.01554227713495493
XGBoost,time,3,2414,0.0,0.017622821033000946,0.013771770521998405
XGBoost,time,3,2415,0.0,0.016581697389483452,0.011722897179424763
XGBoost,time,3,2416,0.0,0.013533319346606731,0.012990729883313179
XGBoost,time,3,2417,0.0,0.013533319346606731,0.012499495409429073
XGBoost,time,3,2418,0.0,0.013533319346606731,0.012499495409429073
XGBoost,time,3,2419,0.0,0.013533319346606731,0.012499495409429073
XGBoost,time,3,2420,0.0,0.013533319346606731,0.012499495409429073
XGBoost,time,3,2421,0.0,0.013533319346606731,0.012499495409429073
XGBoost,time,3,2422,0.0,0.014523057267069817,0.021170657128095627
XGBoost,time,3,2423,0.0,0.02915024384856224,0.02953084371984005
XGBoost,time,3,2424,0.0,0.014331950806081295,0.01397793274372816
XGBoost,time,3,2425,0.0,0.02104351483285427,0.016759352758526802
XGBoost,time,3,2426,0.0,0.03069157712161541,0.01571328565478325
XGBoost,time,3,2427,0.0,0.013533319346606731,0.012499495409429073
XGBoost,time,3,2428,0.0,0.013533319346606731,0.012499495409429073
XGBoost,time,3,2429,0.0,0.017232058569788933,0.01580776460468769
XGBoost,time,3,2430,0.0,0.013533319346606731,0.012499495409429073
XGBoost,time,3,2431,0.0,0.013533319346606731,0.012499495409429073
XGBoost,time,3,2432,0.0,0.013533319346606731,0.012499495409429073
XGBoost,time,3,2433,0.0,0.013533319346606731,0.012499495409429073
XGBoost,time,3,2434,0.0,0.013533319346606731,0.012499495409429073
XGBoost,time,3,2435,0.0,0.013533319346606731,0.012499495409429073
XGBoost,time,3,2436,0.0,0.013533319346606731,0.012499495409429073
XGBoost,time,3,2437,0.0,0.013533319346606731,0.012499495409429073
XGBoost,time,3,2438,0.0,0.03519299626350403,0.031167227774858475
XGBoost,time,3,2439,0.0,0.013533319346606731,0.012499495409429073
XGBoost,time,3,2440,0.0,0.013533319346606731,0.012499495409429073
XGBoost,time,3,2441,1.0,0.013533319346606731,0.012499495409429073
XGBoost,time,3,2442,0.0,0.07441326230764389,0.048710521310567856
XGBoost,time,3,2443,0.0,0.014523057267069817,0.021170657128095627
XGBoost,time,3,2444,0.0,0.1419859677553177,0.11835481971502304
XGBoost,time,3,2445,0.0,0.02661209926009178,0.03686749190092087
XGBoost,time,3,2446,0.0,0.03411458805203438,0.06259211897850037
XGBoost,time,3,2447,0.0,0.017250141128897667,0.03179962560534477
XGBoost,time,3,2448,0.0,0.017790362238883972,0.01969577558338642
XGBoost,time,3,2449,0.0,0.06566585600376129,0.06452832370996475
XGBoost,time,3,2450,0.0,0.018905919045209885,0.02310553751885891
XGBoost,time,3,2451,0.0,0.018905919045209885,0.02310553751885891
XGBoost,time,3,2452,0.0,0.018905919045209885,0.02224043197929859
XGBoost,time,3,2453,0.0,0.018905919045209885,0.02224043197929859
XGBoost,time,3,2454,0.0,0.018905919045209885,0.02224043197929859
XGBoost,time,3,2455,0.0,0.14669692516326904,0.1428849846124649
XGBoost,time,3,2456,0.0,0.017052005976438522,0.01969577558338642
XGBoost,time,3,2457,0.0,0.08027748018503189,0.08266200870275497
XGBoost,time,3,2458,0.0,0.018905919045209885,0.02224043197929859
XGBoost,time,3,2459,0.0,0.029717765748500824,0.023405570536851883
XGBoost,time,3,2460,0.0,0.018905919045209885,0.02224043197929859
XGBoost,time,3,2461,0.0,0.017790362238883972,0.018955860286951065
XGBoost,time,3,2462,0.0,0.043157413601875305,0.06931319832801819
XGBoost,time,3,2463,0.0,0.13298079371452332,0.11393183469772339
XGBoost,time,3,2464,0.0,0.017622821033000946,0.013771770521998405
XGBoost,time,3,2465,0.0,0.053264450281858444,0.03747048228979111
XGBoost,time,3,2466,0.0,0.017622821033000946,0.013771770521998405
XGBoost,time,3,2467,0.0,0.018905919045209885,0.02224043197929859
XGBoost,time,3,2468,0.0,0.03754233196377754,0.03459946811199188
XGBoost,time,3,2469,0.0,0.022484950721263885,0.02604430913925171
XGBoost,time,3,2470,0.0,0.018905919045209885,0.02224043197929859
XGBoost,time,3,2471,0.0,0.01853652112185955,0.03627830371260643
XGBoost,time,3,2472,0.0,0.09646497666835785,0.09437385201454163
XGBoost,time,3,2473,0.0,0.014523057267069817,0.02199508622288704
XGBoost,time,3,2474,0.0,0.013769153505563736,0.01895550824701786
XGBoost,time,3,2475,0.0,0.03736012428998947,0.033783428370952606
XGBoost,time,3,2476,0.0,0.018511179834604263,0.04255661740899086
XGBoost,time,3,2477,0.0,0.016406141221523285,0.03752145543694496
XGBoost,time,3,2478,0.0,0.014523057267069817,0.02199508622288704
XGBoost,time,3,2479,0.0,0.03736012428998947,0.03295525163412094
XGBoost,time,3,2480,0.0,0.023216819390654564,0.02415080927312374
XGBoost,time,3,2481,0.0,0.030434032902121544,0.0312354639172554
XGBoost,time,3,2482,0.0,0.014523057267069817,0.02199508622288704
XGBoost,time,3,2483,0.0,0.04967235028743744,0.06051729992032051
XGBoost,time,3,2484,0.0,0.014523057267069817,0.021170657128095627
XGBoost,time,3,2485,0.0,0.020383259281516075,0.013846018351614475
XGBoost,time,3,2486,0.0,0.015624305233359337,0.01439338456839323
XGBoost,time,3,2487,0.0,0.016198014840483665,0.015958067029714584
XGBoost,time,3,2488,0.0,0.01219969429075718,0.010302337817847729
XGBoost,time,3,2489,0.0,0.043465837836265564,0.03742385283112526
XGBoost,time,3,2490,0.0,0.013533319346606731,0.012499495409429073
XGBoost,time,3,2491,0.0,0.03736012428998947,0.035081420093774796
XGBoost,time,3,2492,0.0,0.019717101007699966,0.03818298503756523
XGBoost,time,3,2493,0.0,0.013093200512230396,0.016639530658721924
XGBoost,time,3,2494,0.0,0.014523057267069817,0.02199508622288704
XGBoost,time,3,2495,0.0,0.03833867982029915,0.03693905472755432
XGBoost,time,3,2496,0.0,0.014523057267069817,0.02199508622288704
XGBoost,time,3,2497,0.0,0.022569946944713593,0.01989007368683815
XGBoost,time,3,2498,0.0,0.030698858201503754,0.04226037487387657
XGBoost,time,3,2499,0.0,0.07814738899469376,0.08415906876325607
XGBoost,time,3,2500,0.0,0.0723157450556755,0.05088704079389572
XGBoost,time,3,2501,0.0,0.034060947597026825,0.03274768963456154
XGBoost,time,3,2502,0.0,0.014523057267069817,0.02199508622288704
XGBoost,time,3,2503,0.0,0.02148735709488392,0.02288663201034069
XGBoost,time,3,2504,0.0,0.02039853110909462,0.03542802110314369
XGBoost,time,3,2505,0.0,0.030714333057403564,0.048619918525218964
XGBoost,time,3,2506,1.0,0.03884003683924675,0.04195987060666084
XGBoost,time,3,2507,0.0,0.06184403598308563,0.03391000255942345
XGBoost,time,3,2508,0.0,0.02524288184940815,0.037303343415260315
XGBoost,time,3,2509,0.0,0.03543860837817192,0.0312354639172554
XGBoost,time,3,2510,0.0,0.018082424998283386,0.0269630067050457
XGBoost,time,3,2511,0.0,0.058962784707546234,0.05570138618350029
XGBoost,time,3,2512,0.0,0.017622821033000946,0.013771770521998405
XGBoost,time,3,2513,0.0,0.05690969154238701,0.04192960634827614
XGBoost,time,3,2514,0.0,0.017622821033000946,0.013251397758722305
XGBoost,time,3,2515,0.0,0.017790362238883972,0.021096384152770042
XGBoost,time,3,2516,1.0,0.06575050950050354,0.06937464326620102
XGBoost,time,3,2517,0.0,0.09028283506631851,0.062382154166698456
XGBoost,time,3,2518,0.0,0.017790362238883972,0.01969577558338642
XGBoost,time,3,2519,0.0,0.022834932431578636,0.024157913401722908
XGBoost,time,3,2520,0.0,0.020096760243177414,0.01554227713495493
XGBoost,time,3,2521,0.0,0.015892693772912025,0.011722897179424763
XGBoost,time,3,2522,0.0,0.020096760243177414,0.01554227713495493
XGBoost,time,3,2523,0.0,0.017052005976438522,0.01969577558338642
XGBoost,time,3,2524,0.0,0.0209075715392828,0.01554227713495493
XGBoost,time,3,2525,0.0,0.015892693772912025,0.011722897179424763
XGBoost,time,3,2526,0.0,0.017622821033000946,0.013251397758722305
XGBoost,time,3,2527,0.0,0.017622821033000946,0.013771770521998405
XGBoost,time,3,2528,0.0,0.017622821033000946,0.013771770521998405
XGBoost,time,3,2529,0.0,0.053264450281858444,0.03747048228979111
XGBoost,time,3,2530,0.0,0.0168016217648983,0.01265126746147871
XGBoost,time,3,2531,0.0,0.017622821033000946,0.013771770521998405
XGBoost,time,3,2532,0.0,0.017790362238883972,0.01969577558338642
XGBoost,time,3,2533,0.0,0.07385092228651047,0.052005186676979065
XGBoost,time,3,2534,0.0,0.023994270712137222,0.02525271102786064
XGBoost,time,3,2535,0.0,0.021209990605711937,0.014810914173722267
XGBoost,time,3,2536,1.0,0.01606827974319458,0.01453043706715107
XGBoost,time,3,2537,0.0,0.07728161662817001,0.049574363976716995
XGBoost,time,3,2538,0.0,0.014331950806081295,0.01397793274372816
XGBoost,time,3,2539,0.0,0.05192949250340462,0.07159893214702606
XGBoost,time,3,2540,0.0,0.04599492996931076,0.06332967430353165
XGBoost,time,3,2541,0.0,0.07663550227880478,0.06945894658565521
XGBoost,time,3,2542,0.0,0.016642503440380096,0.018362684175372124
XGBoost,time,3,2543,0.0,0.0560535229742527,0.06596507132053375
XGBoost,time,3,2544,0.0,0.04599492996931076,0.06332967430353165
XGBoost,time,3,2545,0.0,0.03237723186612129,0.04710995405912399
XGBoost,time,3,2546,0.0,0.08950790762901306,0.07212977111339569
XGBoost,time,3,2547,1.0,0.04599492996931076,0.06332967430353165
XGBoost,time,3,2548,0.0,0.0800628811120987,0.0443769209086895
XGBoost,time,3,2549,0.0,0.07715670019388199,0.07135111838579178
XGBoost,time,3,2550,0.0,0.014225066639482975,0.02097701095044613
XGBoost,time,3,2551,0.0,0.016569191589951515,0.02253079228103161
XGBoost,time,3,2552,0.0,0.0209075715392828,0.01554227713495493
XGBoost,time,3,2553,0.0,0.0209075715392828,0.01554227713495493
XGBoost,time,3,2554,0.0,0.0209075715392828,0.01554227713495493
XGBoost,time,3,2555,0.0,0.016581697389483452,0.014951881021261215
XGBoost,time,3,2556,0.0,0.0168016217648983,0.01265126746147871
XGBoost,time,3,2557,0.0,0.01802603155374527,0.02310553751885891
XGBoost,time,3,2558,0.0,0.02338981255888939,0.02506515011191368
XGBoost,time,3,2559,0.0,0.07317684590816498,0.08348726481199265
XGBoost,time,3,2560,0.0,0.020606422796845436,0.023754272609949112
XGBoost,time,3,2561,0.0,0.05782383307814598,0.046882741153240204
XGBoost,time,3,2562,0.0,0.017790362238883972,0.01969577558338642
XGBoost,time,3,2563,0.0,0.05433500185608864,0.056725747883319855
XGBoost,time,3,2564,0.0,0.032328322529792786,0.055877819657325745
XGBoost,time,3,2565,0.0,0.017790362238883972,0.01969577558338642
XGBoost,time,3,2566,0.0,0.017790362238883972,0.01969577558338642
XGBoost,time,3,2567,0.0,0.06299225240945816,0.06761454045772552
XGBoost,time,3,2568,0.0,0.02869868464767933,0.04157949239015579
XGBoost,time,3,2569,0.0,0.022484950721263885,0.02506515011191368
XGBoost,time,3,2570,0.0,0.027574654668569565,0.047351986169815063
XGBoost,time,3,2571,0.0,0.017790362238883972,0.01969577558338642
XGBoost,time,3,2572,0.0,0.046882305294275284,0.055877819657325745
XGBoost,time,3,2573,0.0,0.0700661689043045,0.06739341467618942
XGBoost,time,3,2574,0.0,0.07317684590816498,0.08348726481199265
XGBoost,time,3,2575,0.0,0.06208927556872368,0.07395434379577637
XGBoost,time,3,2576,0.0,0.016040019690990448,0.022138100117444992
XGBoost,time,3,2577,0.0,0.013093200512230396,0.017023736611008644
XGBoost,holdout,0,1804,0.0,0.16676075756549835,0.11972136795520782
XGBoost,holdout,0,1805,0.0,0.03546750172972679,0.07120417803525925
XGBoost,holdout,0,1806,0.0,0.06687226891517639,0.07510682940483093
XGBoost,holdout,0,1807,0.0,0.03368879854679108,0.07120417803525925
XGBoost,holdout,0,1808,0.0,0.1470993161201477,0.13396036624908447
XGBoost,holdout,0,1809,0.0,0.036784060299396515,0.04032758250832558
XGBoost,holdout,0,1810,0.0,0.07620656490325928,0.0693196952342987
XGBoost,holdout,0,1811,0.0,0.04318103939294815,0.04998687654733658
XGBoost,holdout,0,1812,0.0,0.03396442532539368,0.04497973248362541
XGBoost,holdout,0,1813,0.0,0.02587561123073101,0.04395029693841934
XGBoost,holdout,0,1814,0.0,0.02020975947380066,0.03036179393529892
XGBoost,holdout,0,1815,0.0,0.018456606194376945,0.02152591571211815
XGBoost,holdout,0,1816,0.0,0.018456606194376945,0.009959369897842407
XGBoost,holdout,0,1817,0.0,0.04075915738940239,0.04147500917315483
XGBoost,holdout,0,1818,0.0,0.012399447150528431,0.02162165194749832
XGBoost,holdout,0,1819,1.0,0.13881929218769073,0.21613158285617828
XGBoost,holdout,0,1820,0.0,0.0934135690331459,0.08632346242666245
XGBoost,holdout,0,1821,0.0,0.011143072508275509,0.038024477660655975
XGBoost,holdout,0,1822,0.0,0.08537983149290085,0.15053163468837738
XGBoost,holdout,0,1823,0.0,0.013502143323421478,0.04365250840783119
XGBoost,holdout,0,1824,0.0,0.023256737738847733,0.03269807621836662
XGBoost,holdout,0,1825,0.0,0.012468035332858562,0.038024477660655975
XGBoost,holdout,0,1826,0.0,0.013349909335374832,0.03892076760530472
XGBoost,holdout,0,1827,0.0,0.019196894019842148,0.04875538498163223
XGBoost,holdout,0,1828,0.0,0.02221262827515602,0.047031220048666
XGBoost,holdout,0,1829,1.0,0.04318103939294815,0.04998687654733658
XGBoost,holdout,0,1830,0.0,0.19221898913383484,0.1893351972103119
XGBoost,holdout,0,1831,0.0,0.0217562485486269,0.04978334903717041
XGBoost,holdout,0,1832,1.0,0.01546779926866293,0.052638426423072815
XGBoost,holdout,0,1833,0.0,0.13907034695148468,0.1093214899301529
XGBoost,holdout,0,1834,0.0,0.07047341763973236,0.05050807446241379
XGBoost,holdout,0,1835,0.0,0.03697124123573303,0.08057932555675507
XGBoost,holdout,0,1836,0.0,0.014654557220637798,0.04027354344725609
XGBoost,holdout,0,1837,0.0,0.1154390200972557,0.10235556215047836
XGBoost,holdout,0,1838,0.0,0.039166323840618134,0.04218949377536774
XGBoost,holdout,0,1839,0.0,0.17645666003227234,0.1100609302520752
XGBoost,holdout,0,1840,0.0,0.01637161150574684,0.01571236364543438
XGBoost,holdout,0,1841,0.0,0.01639987900853157,0.012187828309834003
XGBoost,holdout,0,1842,0.0,0.014575481414794922,0.011510287411510944
XGBoost,holdout,0,1843,0.0,0.012413914315402508,0.011372409760951996
XGBoost,holdout,0,1844,0.0,0.013327023014426231,0.009962878189980984
XGBoost,holdout,0,1845,0.0,0.013232195749878883,0.01172916404902935
XGBoost,holdout,0,1846,0.0,0.011486129835247993,0.010519850067794323
XGBoost,holdout,0,1847,0.0,0.016723480075597763,0.015188855119049549
XGBoost,holdout,0,1848,0.0,0.011348444037139416,0.010393712669610977
XGBoost,holdout,0,1849,0.0,0.012204264290630817,0.01172916404902935
XGBoost,holdout,0,1850,0.0,0.015095191076397896,0.010519850067794323
XGBoost,holdout,0,1851,0.0,0.012700877152383327,0.01172916404902935
XGBoost,holdout,0,1852,0.0,0.011036483570933342,0.010728854686021805
XGBoost,holdout,0,1853,0.0,0.016072141006588936,0.015188855119049549
XGBoost,holdout,0,1854,0.0,0.016072141006588936,0.015489171259105206
XGBoost,holdout,0,1855,0.0,0.016072141006588936,0.015489171259105206
XGBoost,holdout,0,1856,0.0,0.056679558008909225,0.048034798353910446
XGBoost,holdout,0,1857,0.0,0.010031928308308125,0.012103298678994179
XGBoost,holdout,0,1858,0.0,0.01894829235970974,0.014383971691131592
XGBoost,holdout,0,1859,0.0,0.007975942455232143,0.008314048871397972
XGBoost,holdout,0,1860,0.0,0.015886429697275162,0.01751403696835041
XGBoost,holdout,0,1861,0.0,0.012778663076460361,0.013252072036266327
XGBoost,holdout,0,1862,0.0,0.031655725091695786,0.029845010489225388
XGBoost,holdout,0,1863,0.0,0.012778663076460361,0.013252072036266327
XGBoost,holdout,0,1864,0.0,0.012778663076460361,0.013252072036266327
XGBoost,holdout,0,1865,0.0,0.008235291577875614,0.008377723395824432
XGBoost,holdout,0,1866,0.0,0.012778663076460361,0.013252072036266327
XGBoost,holdout,0,1867,0.0,0.009168894961476326,0.020212257280945778
XGBoost,holdout,0,1868,0.0,0.01055437233299017,0.02655324898660183
XGBoost,holdout,0,1869,0.0,0.014383390545845032,0.02896922640502453
XGBoost,holdout,0,1870,0.0,0.032906439155340195,0.06045911833643913
XGBoost,holdout,0,1871,0.0,0.010945227928459644,0.02896922640502453
XGBoost,holdout,0,1872,0.0,0.012621479108929634,0.03563579171895981
XGBoost,holdout,0,1873,0.0,0.03650853782892227,0.045645203441381454
XGBoost,holdout,0,1874,0.0,0.11372735351324081,0.14077670872211456
XGBoost,holdout,0,1875,0.0,0.1470993161201477,0.1357043832540512
XGBoost,holdout,0,1876,0.0,0.014151761308312416,0.02896922640502453
XGBoost,holdout,0,1877,0.0,0.012266866862773895,0.042612217366695404
XGBoost,holdout,0,1878,0.0,0.015674011781811714,0.042612217366695404
XGBoost,holdout,0,1879,0.0,0.05327244848012924,0.08572716265916824
XGBoost,holdout,0,1880,0.0,0.012266866862773895,0.038024477660655975
XGBoost,holdout,0,1881,0.0,0.028849778696894646,0.03761574625968933
XGBoost,holdout,0,1882,0.0,0.02140846662223339,0.04978334903717041
XGBoost,holdout,0,1883,0.0,0.04549718275666237,0.04998687654733658
XGBoost,holdout,0,1884,0.0,0.020005034282803535,0.04864957556128502
XGBoost,holdout,0,1885,0.0,0.04318103939294815,0.04998687654733658
XGBoost,holdout,0,1886,0.0,0.054379720240831375,0.06823449581861496
XGBoost,holdout,0,1887,0.0,0.029531046748161316,0.06012424826622009
XGBoost,holdout,0,1888,0.0,0.0198861975222826,0.03036179393529892
XGBoost,holdout,0,1889,0.0,0.04203909635543823,0.047314442694187164
XGBoost,holdout,0,1890,0.0,0.02085842750966549,0.02755197323858738
XGBoost,holdout,0,1891,0.0,0.014615010470151901,0.059285372495651245
XGBoost,holdout,0,1892,0.0,0.015033114701509476,0.021781649440526962
XGBoost,holdout,0,1893,0.0,0.013745978474617004,0.019542716443538666
XGBoost,holdout,0,1894,0.0,0.013745978474617004,0.019542716443538666
XGBoost,holdout,0,1895,0.0,0.02165057510137558,0.04978334903717041
XGBoost,holdout,0,1896,0.0,0.018953422084450722,0.015257538296282291
XGBoost,holdout,0,1897,0.0,0.015453582629561424,0.023556027561426163
XGBoost,holdout,0,1898,0.0,0.013745978474617004,0.019542716443538666
XGBoost,holdout,0,1899,0.0,0.022808300331234932,0.04045872762799263
XGBoost,holdout,0,1900,0.0,0.016065724194049835,0.039028603583574295
XGBoost,holdout,0,1901,0.0,0.07620656490325928,0.05633921921253204
XGBoost,holdout,0,1902,0.0,0.06294655799865723,0.07707084715366364
XGBoost,holdout,0,1903,0.0,0.016065724194049835,0.04579553380608559
XGBoost,holdout,0,1904,0.0,0.017069166526198387,0.01185205951333046
XGBoost,holdout,0,1905,0.0,0.009027408435940742,0.009372774511575699
XGBoost,holdout,0,1906,0.0,0.013083948753774166,0.019164932891726494
XGBoost,holdout,0,1907,0.0,0.009696902707219124,0.009091701358556747
XGBoost,holdout,0,1908,0.0,0.00919609609991312,0.008285378105938435
XGBoost,holdout,0,1909,0.0,0.008586227893829346,0.00854173768311739
XGBoost,holdout,0,1910,0.0,0.013083948753774166,0.019164932891726494
XGBoost,holdout,0,1911,0.0,0.04318103939294815,0.03517112508416176
XGBoost,holdout,0,1912,0.0,0.017386462539434433,0.0471673309803009
XGBoost,holdout,0,1913,0.0,0.023566430434584618,0.014709411188960075
XGBoost,holdout,0,1914,0.0,0.009696902707219124,0.009091701358556747
XGBoost,holdout,0,1915,0.0,0.014755263924598694,0.01000948715955019
XGBoost,holdout,0,1916,0.0,0.015149875544011593,0.01000948715955019
XGBoost,holdout,0,1917,0.0,0.05219791457056999,0.05280575901269913
XGBoost,holdout,0,1918,0.0,0.009619627147912979,0.009863626211881638
XGBoost,holdout,0,1919,0.0,0.01548853050917387,0.011243108659982681
XGBoost,holdout,0,1920,0.0,0.015149875544011593,0.01000948715955019
XGBoost,holdout,0,1921,0.0,0.014907609671354294,0.015183186158537865
XGBoost,holdout,0,1922,0.0,0.012132376432418823,0.009098715148866177
XGBoost,holdout,0,1923,0.0,0.0186445415019989,0.014815040864050388
XGBoost,holdout,0,1924,0.0,0.016619889065623283,0.012729844078421593
XGBoost,holdout,0,1925,0.0,0.014223997481167316,0.015483384020626545
XGBoost,holdout,0,1926,0.0,0.011250430718064308,0.013799887150526047
XGBoost,holdout,0,1927,0.0,0.012572547420859337,0.013252072036266327
XGBoost,holdout,0,1928,0.0,0.008101857267320156,0.008377723395824432
XGBoost,holdout,0,1929,0.0,0.012572547420859337,0.013252072036266327
XGBoost,holdout,0,1930,0.0,0.05580536648631096,0.048034798353910446
XGBoost,holdout,0,1931,0.0,0.015661707147955894,0.011730766855180264
XGBoost,holdout,0,1932,0.0,0.012572547420859337,0.013252072036266327
XGBoost,holdout,0,1933,0.0,0.014325962401926517,0.015483384020626545
XGBoost,holdout,0,1934,0.0,0.018030472099781036,0.01316986046731472
XGBoost,holdout,0,1935,0.0,0.02155972830951214,0.023200426250696182
XGBoost,holdout,0,1936,0.0,0.012572547420859337,0.013252072036266327
XGBoost,holdout,0,1937,0.0,0.01231155451387167,0.013252072036266327
XGBoost,holdout,0,1938,0.0,0.008101857267320156,0.008377723395824432
XGBoost,holdout,0,1939,0.0,0.013083948753774166,0.019040655344724655
XGBoost,holdout,0,1940,0.0,0.013083948753774166,0.019040655344724655
XGBoost,holdout,0,1941,0.0,0.013083948753774166,0.019040655344724655
XGBoost,holdout,0,1942,0.0,0.04673921316862106,0.06325125694274902
XGBoost,holdout,0,1943,0.0,0.01705719344317913,0.04258827865123749
XGBoost,holdout,0,1944,0.0,0.016146259382367134,0.020491119474172592
XGBoost,holdout,0,1945,0.0,0.011807587929069996,0.021296603605151176
XGBoost,holdout,0,1946,1.0,0.026226991787552834,0.03932841122150421
XGBoost,holdout,0,1947,0.0,0.052896030247211456,0.046502359211444855
XGBoost,holdout,0,1948,0.0,0.04203909635543823,0.05652342364192009
XGBoost,holdout,0,1949,0.0,0.016283584758639336,0.025653930380940437
XGBoost,holdout,0,1950,0.0,0.03254419192671776,0.06109510362148285
XGBoost,holdout,0,1951,0.0,0.04203909635543823,0.058077067136764526
XGBoost,holdout,0,1952,0.0,0.03296239674091339,0.059667956084012985
XGBoost,holdout,0,1953,0.0,0.03296239674091339,0.041075531393289566
XGBoost,holdout,0,1954,0.0,0.023220272734761238,0.025708386674523354
XGBoost,holdout,0,1955,0.0,0.03437746316194534,0.04881364852190018
XGBoost,holdout,0,1956,1.0,0.01742698810994625,0.04901966080069542
XGBoost,holdout,0,1957,0.0,0.15946714580059052,0.09862558543682098
XGBoost,holdout,0,1958,0.0,0.023311126977205276,0.046910278499126434
XGBoost,holdout,0,1959,0.0,0.02083531953394413,0.059615347534418106
XGBoost,holdout,0,1960,0.0,0.19357551634311676,0.1316646933555603
XGBoost,holdout,0,1961,0.0,0.24800598621368408,0.2442384511232376
XGBoost,holdout,0,1962,0.0,0.016253305599093437,0.04543372243642807
XGBoost,holdout,0,1963,0.0,0.018056564033031464,0.03479345142841339
XGBoost,holdout,0,1964,0.0,0.011165136471390724,0.0272363293915987
XGBoost,holdout,0,1965,0.0,0.04162450134754181,0.048515137284994125
XGBoost,holdout,0,1966,0.0,0.17829807102680206,0.19210033118724823
XGBoost,holdout,0,1967,0.0,0.0571775808930397,0.07719247788190842
XGBoost,holdout,0,1968,0.0,0.065436951816082,0.09042979031801224
XGBoost,holdout,0,1969,0.0,0.01742698810994625,0.04179719090461731
XGBoost,holdout,0,1970,0.0,0.014248822815716267,0.03479345142841339
XGBoost,holdout,0,1971,0.0,0.03584451600909233,0.07282335311174393
XGBoost,holdout,0,1972,0.0,0.09317298978567123,0.09459318965673447
XGBoost,holdout,0,1973,0.0,0.03957897052168846,0.07362068444490433
XGBoost,holdout,0,1974,0.0,0.13018657267093658,0.17389364540576935
XGBoost,holdout,0,1975,0.0,0.022117745131254196,0.048865433782339096
XGBoost,holdout,0,1976,0.0,0.030832486227154732,0.05982837453484535
XGBoost,holdout,0,1977,0.0,0.10131463408470154,0.10754214227199554
XGBoost,holdout,0,1978,1.0,0.023942960426211357,0.047608982771635056
XGBoost,holdout,0,1979,0.0,0.07202411442995071,0.048197053372859955
XGBoost,holdout,0,1980,0.0,0.02342699095606804,0.05761326104402542
XGBoost,holdout,0,1981,0.0,0.023760145530104637,0.0538191981613636
XGBoost,holdout,0,1982,0.0,0.04318103939294815,0.04998687654733658
XGBoost,holdout,0,1983,0.0,0.01705719344317913,0.04875538498163223
XGBoost,holdout,0,1984,0.0,0.02028041146695614,0.04292517900466919
XGBoost,holdout,0,1985,0.0,0.054314181208610535,0.06259380280971527
XGBoost,holdout,0,1986,0.0,0.01497147511690855,0.02704382687807083
XGBoost,holdout,0,1987,0.0,0.039166323840618134,0.07362068444490433
XGBoost,holdout,0,1988,0.0,0.017711278051137924,0.044054631143808365
XGBoost,holdout,0,1989,0.0,0.013947445899248123,0.04490795359015465
XGBoost,holdout,0,1990,0.0,0.041264988481998444,0.0590512715280056
XGBoost,holdout,0,1991,0.0,0.16679681837558746,0.18093514442443848
XGBoost,holdout,0,1992,0.0,0.26717278361320496,0.16931475698947906
XGBoost,holdout,0,1993,0.0,0.07364674657583237,0.0726805329322815
XGBoost,holdout,0,1994,0.0,0.015204820781946182,0.038015276193618774
XGBoost,holdout,0,1995,1.0,0.1583791971206665,0.10333578288555145
XGBoost,holdout,0,1996,0.0,0.13233348727226257,0.09781438857316971
XGBoost,holdout,0,1997,0.0,0.03119078278541565,0.04433171823620796
XGBoost,holdout,0,1998,0.0,0.020755767822265625,0.04455043375492096
XGBoost,holdout,0,1999,0.0,0.03139280900359154,0.0452926941215992
XGBoost,holdout,0,2000,0.0,0.025213589891791344,0.06851626187562943
XGBoost,holdout,0,2001,0.0,0.029876962304115295,0.05374525859951973
XGBoost,holdout,0,2002,0.0,0.047735024243593216,0.048106640577316284
XGBoost,holdout,0,2003,0.0,0.03714769706130028,0.07258929312229156
XGBoost,holdout,0,2004,0.0,0.03351645916700363,0.06724593043327332
XGBoost,holdout,0,2005,0.0,0.07047341763973236,0.07130700349807739
XGBoost,holdout,0,2006,0.0,0.07047341763973236,0.0762571319937706
XGBoost,holdout,0,2007,0.0,0.026752082630991936,0.04700916260480881
XGBoost,holdout,0,2008,0.0,0.01656275801360607,0.051294468343257904
XGBoost,holdout,0,2009,0.0,0.020267445594072342,0.029165921732783318
XGBoost,holdout,0,2010,0.0,0.07749750465154648,0.07986096292734146
XGBoost,holdout,0,2011,0.0,0.03929914906620979,0.04373723641037941
XGBoost,holdout,0,2012,0.0,0.015204820781946182,0.04490795359015465
XGBoost,holdout,0,2013,0.0,0.05577102303504944,0.057778436690568924
XGBoost,holdout,0,2014,0.0,0.275147944688797,0.20602600276470184
XGBoost,holdout,0,2015,0.0,0.05577102303504944,0.06351199001073837
XGBoost,holdout,0,2016,0.0,0.02076978050172329,0.055942803621292114
XGBoost,holdout,0,2017,0.0,0.17013050615787506,0.1148555725812912
XGBoost,holdout,0,2018,0.0,0.07047341763973236,0.07130700349807739
XGBoost,holdout,0,2019,0.0,0.029876962304115295,0.04823228344321251
XGBoost,holdout,0,2020,0.0,0.048995159566402435,0.05050807446241379
XGBoost,holdout,0,2021,0.0,0.07047341763973236,0.07130700349807739
XGBoost,holdout,0,2022,0.0,0.03195037692785263,0.048106640577316284
XGBoost,holdout,0,2023,0.0,0.02066211961209774,0.0516461543738842
XGBoost,holdout,0,2024,0.0,0.011225522495806217,0.03172408789396286
XGBoost,holdout,0,2025,0.0,0.01771312765777111,0.036503586918115616
XGBoost,holdout,0,2026,0.0,0.018958870321512222,0.03736541420221329
XGBoost,holdout,0,2027,0.0,0.07913179695606232,0.10946185141801834
XGBoost,holdout,0,2028,0.0,0.02446742169559002,0.04875538498163223
XGBoost,holdout,0,2029,0.0,0.03713709115982056,0.06672421842813492
XGBoost,holdout,0,2030,0.0,0.014750420115888119,0.03172408789396286
XGBoost,holdout,0,2031,0.0,0.028974102810025215,0.03474612906575203
XGBoost,holdout,0,2032,0.0,0.020034456625580788,0.02191382460296154
XGBoost,holdout,0,2033,0.0,0.013953027315437794,0.010503433644771576
XGBoost,holdout,0,2034,0.0,0.02159842662513256,0.031122906133532524
XGBoost,holdout,0,2035,0.0,0.034483153373003006,0.050085972994565964
XGBoost,holdout,0,2036,0.0,0.012621479108929634,0.03902028501033783
XGBoost,holdout,0,2037,0.0,0.011225522495806217,0.031351760029792786
XGBoost,holdout,0,2038,0.0,0.027822785079479218,0.0621226467192173
XGBoost,holdout,0,2039,1.0,0.01813732273876667,0.047770433127880096
XGBoost,holdout,0,2040,0.0,0.17107130587100983,0.16741999983787537
XGBoost,holdout,0,2041,0.0,0.051618486642837524,0.05096396803855896
XGBoost,holdout,0,2042,0.0,0.01576823554933071,0.042612217366695404
XGBoost,holdout,0,2043,0.0,0.013337346725165844,0.043395183980464935
XGBoost,holdout,0,2044,0.0,0.10589231550693512,0.12734943628311157
XGBoost,holdout,0,2045,0.0,0.032028086483478546,0.05226389318704605
XGBoost,holdout,0,2046,0.0,0.011361734941601753,0.037273652851581573
XGBoost,holdout,0,2047,0.0,0.012557046487927437,0.03377475216984749
XGBoost,holdout,0,2048,0.0,0.03209652751684189,0.07653604447841644
XGBoost,holdout,0,2049,0.0,0.05161372572183609,0.08427917957305908
XGBoost,holdout,0,2050,0.0,0.018449531868100166,0.026469700038433075
XGBoost,holdout,0,2051,0.0,0.021870527416467667,0.05723632499575615
XGBoost,holdout,0,2052,0.0,0.015028400346636772,0.044054631143808365
XGBoost,holdout,0,2053,0.0,0.015028400346636772,0.0516461543738842
XGBoost,holdout,0,2054,0.0,0.023831460624933243,0.05891726538538933
XGBoost,holdout,0,2055,0.0,0.02033146657049656,0.0516461543738842
XGBoost,holdout,0,2056,0.0,0.07170455157756805,0.07713915407657623
XGBoost,holdout,0,2057,0.0,0.026736028492450714,0.015384182333946228
XGBoost,holdout,0,2058,0.0,0.17123226821422577,0.09334249794483185
XGBoost,holdout,0,2059,0.0,0.014947358518838882,0.013459168374538422
XGBoost,holdout,0,2060,0.0,0.017303207889199257,0.05792023614048958
XGBoost,holdout,0,2061,0.0,0.05175803601741791,0.07983306795358658
XGBoost,holdout,0,2062,0.0,0.01623900793492794,0.0460212342441082
XGBoost,holdout,0,2063,0.0,0.04547816142439842,0.07815858721733093
XGBoost,holdout,0,2064,0.0,0.016454795375466347,0.02537061646580696
XGBoost,holdout,0,2065,0.0,0.020437439903616905,0.05891726538538933
XGBoost,holdout,0,2066,0.0,0.020437439903616905,0.05891726538538933
XGBoost,holdout,0,2067,0.0,0.016602976247668266,0.043189886957407
XGBoost,holdout,0,2068,0.0,0.17925989627838135,0.1730140745639801
XGBoost,holdout,0,2069,0.0,0.0571775808930397,0.05771518126130104
XGBoost,holdout,0,2070,0.0,0.03857984393835068,0.07653604447841644
XGBoost,holdout,0,2071,0.0,0.05811692401766777,0.09332948923110962
XGBoost,holdout,0,2072,0.0,0.015029641799628735,0.037273652851581573
XGBoost,holdout,0,2073,0.0,0.036784060299396515,0.038796886801719666
XGBoost,holdout,0,2074,0.0,0.01771312765777111,0.039347097277641296
XGBoost,holdout,0,2075,0.0,0.028974102810025215,0.03474612906575203
XGBoost,holdout,0,2076,0.0,0.019108939915895462,0.01411912776529789
XGBoost,holdout,0,2077,0.0,0.014938347041606903,0.010661132633686066
XGBoost,holdout,0,2078,0.0,0.023510705679655075,0.014286291785538197
XGBoost,holdout,0,2079,0.0,0.011432832106947899,0.01113173458725214
XGBoost,holdout,0,2080,0.0,0.021022381260991096,0.018995346501469612
XGBoost,holdout,0,2081,0.0,0.016011610627174377,0.013016165234148502
XGBoost,holdout,0,2082,0.0,0.014907609671354294,0.015183186158537865
XGBoost,holdout,0,2083,0.0,0.009339450858533382,0.009098715148866177
XGBoost,holdout,0,2084,0.0,0.009619627147912979,0.009863626211881638
XGBoost,holdout,0,2085,0.0,0.012886637821793556,0.01123825367540121
XGBoost,holdout,0,2086,0.0,0.014907609671354294,0.015183186158537865
XGBoost,holdout,0,2087,0.0,0.009619627147912979,0.009863626211881638
XGBoost,holdout,0,2088,0.0,0.021022381260991096,0.018995346501469612
XGBoost,holdout,0,2089,0.0,0.015189768746495247,0.015282676555216312
XGBoost,holdout,0,2090,0.0,0.014907609671354294,0.015183186158537865
XGBoost,holdout,0,2091,0.0,0.014907609671354294,0.015183186158537865
XGBoost,holdout,0,2092,0.0,0.014907609671354294,0.015183186158537865
XGBoost,holdout,0,2093,0.0,0.009619627147912979,0.009863626211881638
XGBoost,holdout,0,2094,0.0,0.021349141374230385,0.018995346501469612
XGBoost,holdout,0,2095,0.0,0.01508174929767847,0.015282676555216312
XGBoost,holdout,0,2096,0.0,0.016011610627174377,0.013016165234148502
XGBoost,holdout,0,2097,0.0,0.016619889065623283,0.013850199058651924
XGBoost,holdout,0,2098,0.0,0.01807124726474285,0.01682649925351143
XGBoost,holdout,0,2099,0.0,0.016011610627174377,0.013016165234148502
XGBoost,holdout,0,2100,0.0,0.03406302630901337,0.0175840575248003
XGBoost,holdout,0,2101,0.0,0.016619889065623283,0.012729844078421593
XGBoost,holdout,0,2102,0.0,0.01748467981815338,0.01682649925351143
XGBoost,holdout,0,2103,0.0,0.03313175588846207,0.030092833563685417
XGBoost,holdout,0,2104,0.0,0.013781850226223469,0.010579983703792095
XGBoost,holdout,0,2105,0.0,0.021022381260991096,0.018995346501469612
XGBoost,holdout,0,2106,0.0,0.02765578404068947,0.026405885815620422
XGBoost,holdout,0,2107,0.0,0.016011610627174377,0.013016165234148502
XGBoost,holdout,0,2108,0.0,0.012646705843508244,0.009983395226299763
XGBoost,holdout,0,2109,0.0,0.012020928785204887,0.013256355188786983
XGBoost,holdout,0,2110,0.0,0.031941358000040054,0.016218841075897217
XGBoost,holdout,0,2111,0.0,0.011432832106947899,0.01113173458725214
XGBoost,holdout,0,2112,0.0,0.013052362948656082,0.009983395226299763
XGBoost,holdout,0,2113,0.0,0.008951586671173573,0.008875989355146885
XGBoost,holdout,0,2114,0.0,0.012886637821793556,0.009983395226299763
XGBoost,holdout,0,2115,0.0,0.01400757022202015,0.019925212487578392
XGBoost,holdout,0,2116,0.0,0.042312443256378174,0.03506600856781006
XGBoost,holdout,0,2117,0.0,0.19462253153324127,0.2193368524312973
XGBoost,holdout,0,2118,0.0,0.12862001359462738,0.13327491283416748
XGBoost,holdout,0,2119,0.0,0.05534526705741882,0.05283915251493454
XGBoost,holdout,0,2120,0.0,0.029754450544714928,0.03517112508416176
XGBoost,holdout,0,2121,0.0,0.022046642377972603,0.03269807621836662
XGBoost,holdout,0,2122,0.0,0.01985211670398712,0.0521833598613739
XGBoost,holdout,0,2123,0.0,0.035848189145326614,0.06325125694274902
XGBoost,holdout,0,2124,0.0,0.018958870321512222,0.03736541420221329
XGBoost,holdout,0,2125,0.0,0.014750420115888119,0.03172408789396286
XGBoost,holdout,0,2126,0.0,0.14678694307804108,0.21219494938850403
XGBoost,holdout,0,2127,0.0,0.01771312765777111,0.039347097277641296
XGBoost,holdout,0,2128,0.0,0.02446742169559002,0.04875538498163223
XGBoost,holdout,0,2129,0.0,0.015033114701509476,0.022258637472987175
XGBoost,holdout,0,2130,0.0,0.015033114701509476,0.02188994362950325
XGBoost,holdout,0,2131,0.0,0.12218781560659409,0.10200484097003937
XGBoost,holdout,0,2132,0.0,0.014721807092428207,0.02188994362950325
XGBoost,holdout,0,2133,0.0,0.010768362320959568,0.022431787103414536
XGBoost,holdout,0,2134,0.0,0.022238196805119514,0.04978334903717041
XGBoost,holdout,0,2135,0.0,0.09258106350898743,0.10796211659908295
XGBoost,holdout,0,2136,0.0,0.012621479108929634,0.02444964461028576
XGBoost,holdout,0,2137,0.0,0.010768362320959568,0.022431787103414536
XGBoost,holdout,0,2138,0.0,0.03484130650758743,0.05284895375370979
XGBoost,holdout,0,2139,0.0,0.06445914506912231,0.09708623588085175
XGBoost,holdout,0,2140,0.0,0.016369439661502838,0.030855193734169006
XGBoost,holdout,0,2141,0.0,0.016065724194049835,0.022598030045628548
XGBoost,holdout,0,2142,0.0,0.014750420115888119,0.03172408789396286
XGBoost,holdout,0,2143,0.0,0.023139460012316704,0.0538191981613636
XGBoost,holdout,0,2144,0.0,0.01705719344317913,0.055643390864133835
XGBoost,holdout,0,2145,1.0,0.1470993161201477,0.12896615266799927
XGBoost,holdout,0,2146,0.0,0.07111682742834091,0.07460565119981766
XGBoost,holdout,0,2147,0.0,0.017893623560667038,0.04864957556128502
XGBoost,holdout,0,2148,1.0,0.03342815861105919,0.04032758250832558
XGBoost,holdout,0,2149,0.0,0.0934135690331459,0.08090566098690033
XGBoost,holdout,0,2150,0.0,0.023311365395784378,0.0334731824696064
XGBoost,holdout,0,2151,0.0,0.029672259464859962,0.04404636099934578
XGBoost,holdout,0,2152,0.0,0.020189104601740837,0.03382363170385361
XGBoost,holdout,0,2153,0.0,0.0658518448472023,0.06100303307175636
XGBoost,holdout,0,2154,0.0,0.014358858577907085,0.026944808661937714
XGBoost,holdout,0,2155,0.0,0.03544943407177925,0.07282335311174393
XGBoost,holdout,0,2156,0.0,0.1645204722881317,0.159746915102005
XGBoost,holdout,0,2157,0.0,0.09697644412517548,0.11153974384069443
XGBoost,holdout,0,2158,0.0,0.0385512039065361,0.048106640577316284
XGBoost,holdout,0,2159,0.0,0.10701635479927063,0.09138500690460205
XGBoost,holdout,0,2160,0.0,0.275147944688797,0.1944250613451004
XGBoost,holdout,0,2161,0.0,0.033156733959913254,0.07120417803525925
XGBoost,holdout,0,2162,0.0,0.03144487366080284,0.05499092489480972
XGBoost,holdout,0,2163,0.0,0.07047341763973236,0.07130700349807739
XGBoost,holdout,0,2164,0.0,0.03144487366080284,0.048106640577316284
XGBoost,holdout,0,2165,0.0,0.07047341763973236,0.0762571319937706
XGBoost,holdout,0,2166,0.0,0.07047341763973236,0.07130700349807739
XGBoost,holdout,0,2167,0.0,0.029254740104079247,0.05062803626060486
XGBoost,holdout,0,2168,0.0,0.07047341763973236,0.07130700349807739
XGBoost,holdout,0,2169,0.0,0.26717278361320496,0.17555654048919678
XGBoost,holdout,0,2170,0.0,0.16090717911720276,0.11286396533250809
XGBoost,holdout,0,2171,0.0,0.06818029284477234,0.10560392588376999
XGBoost,holdout,0,2172,0.0,0.10701635479927063,0.09758250415325165
XGBoost,holdout,0,2173,0.0,0.07784402370452881,0.09043463319540024
XGBoost,holdout,0,2174,0.0,0.36847350001335144,0.31161966919898987
XGBoost,holdout,0,2175,0.0,0.18173851072788239,0.1378614604473114
XGBoost,holdout,0,2176,0.0,0.045040905475616455,0.042562708258628845
XGBoost,holdout,0,2177,0.0,0.07196581363677979,0.056648220866918564
XGBoost,holdout,0,2178,0.0,0.02020975947380066,0.03036179393529892
XGBoost,holdout,0,2179,0.0,0.07530360668897629,0.07749433815479279
XGBoost,holdout,0,2180,0.0,0.04720193147659302,0.0484655499458313
XGBoost,holdout,0,2181,0.0,0.02902049571275711,0.037230104207992554
XGBoost,holdout,0,2182,0.0,0.018001975491642952,0.03269807621836662
XGBoost,holdout,0,2183,0.0,0.1470993161201477,0.13732711970806122
XGBoost,holdout,0,2184,0.0,0.03525255620479584,0.03517112508416176
XGBoost,holdout,0,2185,0.0,0.03155488893389702,0.04182807356119156
XGBoost,holdout,0,2186,0.0,0.038302190601825714,0.06891756504774094
XGBoost,holdout,0,2187,0.0,0.020281147211790085,0.040883347392082214
XGBoost,holdout,0,2188,0.0,0.022046642377972603,0.036503586918115616
XGBoost,holdout,0,2189,0.0,0.06261105090379715,0.05057438835501671
XGBoost,holdout,0,2190,0.0,0.02256648615002632,0.06012424826622009
XGBoost,holdout,0,2191,0.0,0.029120637103915215,0.055643390864133835
XGBoost,holdout,0,2192,0.0,0.013303610496222973,0.043395183980464935
XGBoost,holdout,0,2193,0.0,0.17916639149188995,0.15314999222755432
XGBoost,holdout,0,2194,0.0,0.05460511893033981,0.048530012369155884
XGBoost,holdout,0,2195,0.0,0.019686924293637276,0.049393780529499054
XGBoost,holdout,0,2196,0.0,0.03155488893389702,0.037489086389541626
XGBoost,holdout,0,2197,0.0,0.04463599994778633,0.06672421842813492
XGBoost,holdout,0,2198,0.0,0.050004035234451294,0.056488875299692154
XGBoost,holdout,0,2199,0.0,0.022046642377972603,0.03269807621836662
XGBoost,holdout,0,2200,0.0,0.024079065769910812,0.06473451852798462
XGBoost,holdout,0,2201,0.0,0.058668531477451324,0.04942353442311287
XGBoost,holdout,0,2202,1.0,0.1470993161201477,0.09800020605325699
XGBoost,holdout,0,2203,1.0,0.09814770519733429,0.08090566098690033
XGBoost,holdout,0,2204,0.0,0.16680625081062317,0.17288871109485626
XGBoost,holdout,0,2205,0.0,0.04318103939294815,0.04998687654733658
XGBoost,holdout,0,2206,0.0,0.04318103939294815,0.05284895375370979
XGBoost,holdout,0,2207,0.0,0.04318103939294815,0.04998687654733658
XGBoost,holdout,0,2208,0.0,0.15366163849830627,0.07802410423755646
XGBoost,holdout,0,2209,0.0,0.03323685750365257,0.06006474792957306
XGBoost,holdout,0,2210,0.0,0.10701635479927063,0.09364928305149078
XGBoost,holdout,0,2211,0.0,0.10701635479927063,0.0651404857635498
XGBoost,holdout,0,2212,0.0,0.06599386781454086,0.10324098914861679
XGBoost,holdout,0,2213,0.0,0.10701635479927063,0.09138500690460205
XGBoost,holdout,0,2214,0.0,0.1344059854745865,0.08141268789768219
XGBoost,holdout,0,2215,0.0,0.1256612241268158,0.08899271488189697
XGBoost,holdout,0,2216,0.0,0.020623140037059784,0.06973560154438019
XGBoost,holdout,0,2217,0.0,0.03568226099014282,0.08057932555675507
XGBoost,holdout,0,2218,0.0,0.08198747038841248,0.08023701608181
XGBoost,holdout,0,2219,0.0,0.0770726278424263,0.11418147385120392
XGBoost,holdout,0,2220,0.0,0.06122219190001488,0.10526282340288162
XGBoost,holdout,0,2221,0.0,0.33874544501304626,0.2339458167552948
XGBoost,holdout,0,2222,0.0,0.14089472591876984,0.08141268789768219
XGBoost,holdout,0,2223,1.0,0.05853817239403725,0.031108995899558067
XGBoost,holdout,0,2224,0.0,0.08219077438116074,0.09111311286687851
XGBoost,holdout,0,2225,0.0,0.06755035370588303,0.057906441390514374
XGBoost,holdout,0,2226,0.0,0.020517494529485703,0.03888900205492973
XGBoost,holdout,0,2227,0.0,0.02028041146695614,0.0516461543738842
XGBoost,holdout,0,2228,0.0,0.046744607388973236,0.07120417803525925
XGBoost,holdout,0,2229,0.0,0.06904542446136475,0.08023701608181
XGBoost,holdout,0,2230,0.0,0.08809845894575119,0.09040825814008713
XGBoost,holdout,0,2231,0.0,0.048995159566402435,0.05771518126130104
XGBoost,holdout,0,2232,0.0,0.275147944688797,0.20398761332035065
XGBoost,holdout,0,2233,0.0,0.03269725665450096,0.05785120651125908
XGBoost,holdout,0,2234,0.0,0.021996650844812393,0.07064004987478256
XGBoost,holdout,0,2235,0.0,0.019957490265369415,0.05891726538538933
XGBoost,holdout,0,2236,0.0,0.054177407175302505,0.056411489844322205
XGBoost,holdout,0,2237,0.0,0.10701635479927063,0.09138500690460205
XGBoost,holdout,0,2238,0.0,0.05583888664841652,0.07857256382703781
XGBoost,holdout,0,2239,0.0,0.34938231110572815,0.28276148438453674
XGBoost,holdout,0,2240,0.0,0.0850505530834198,0.07130700349807739
XGBoost,holdout,0,2241,0.0,0.07367666065692902,0.08693785965442657
XGBoost,holdout,0,2242,0.0,0.3082423508167267,0.25565865635871887
XGBoost,holdout,0,2243,1.0,0.275147944688797,0.2081943154335022
XGBoost,holdout,0,2244,0.0,0.16346019506454468,0.12511129677295685
XGBoost,holdout,0,2245,0.0,0.0385512039065361,0.04521671682596207
XGBoost,holdout,0,2246,0.0,0.03296239674091339,0.03956533595919609
XGBoost,holdout,0,2247,0.0,0.03296239674091339,0.03956533595919609
XGBoost,holdout,0,2248,0.0,0.014246292412281036,0.04670000076293945
XGBoost,holdout,0,2249,0.0,0.01961255446076393,0.051196031272411346
XGBoost,holdout,0,2250,0.0,0.02008688822388649,0.05393252521753311
XGBoost,holdout,0,2251,0.0,0.13215896487236023,0.12737056612968445
XGBoost,holdout,0,2252,0.0,0.057300079613924026,0.08236323297023773
XGBoost,holdout,0,2253,0.0,0.08210468292236328,0.09480605274438858
XGBoost,holdout,0,2254,1.0,0.38225528597831726,0.1971409171819687
XGBoost,holdout,0,2255,0.0,0.1427183300256729,0.09016633033752441
XGBoost,holdout,0,2256,0.0,0.04612588509917259,0.06006474792957306
XGBoost,holdout,0,2257,0.0,0.03349144756793976,0.03956533595919609
XGBoost,holdout,0,2258,0.0,0.03641808032989502,0.042525164783000946
XGBoost,holdout,0,2259,0.0,0.054329439997673035,0.053159039467573166
XGBoost,holdout,0,2260,0.0,0.03697124123573303,0.045567408204078674
XGBoost,holdout,0,2261,0.0,0.01549251563847065,0.030462272465229034
XGBoost,holdout,0,2262,0.0,0.019710341468453407,0.0272760521620512
XGBoost,holdout,0,2263,0.0,0.022225646302103996,0.033190976828336716
XGBoost,holdout,0,2264,0.0,0.02053925208747387,0.029874855652451515
XGBoost,holdout,0,2265,0.0,0.014587991870939732,0.01994188316166401
XGBoost,holdout,0,2266,0.0,0.012413914315402508,0.011372409760951996
XGBoost,holdout,0,2267,0.0,0.01573965884745121,0.015489171259105206
XGBoost,holdout,0,2268,0.0,0.019044674932956696,0.017740411683917046
XGBoost,holdout,0,2269,0.0,0.016072141006588936,0.015489171259105206
XGBoost,holdout,0,2270,0.0,0.04698571935296059,0.037332817912101746
XGBoost,holdout,0,2271,0.0,0.11679724603891373,0.06911605596542358
XGBoost,holdout,0,2272,0.0,0.012715073302388191,0.014149240218102932
XGBoost,holdout,0,2273,0.0,0.016072141006588936,0.015489171259105206
XGBoost,holdout,0,2274,0.0,0.016072141006588936,0.015489171259105206
XGBoost,holdout,0,2275,0.0,0.012794813141226768,0.0232864860445261
XGBoost,holdout,0,2276,0.0,0.02157139964401722,0.03514338284730911
XGBoost,holdout,0,2277,0.0,0.17043843865394592,0.21247398853302002
XGBoost,holdout,0,2278,1.0,0.023086300119757652,0.07532668113708496
XGBoost,holdout,0,2279,0.0,0.1486021727323532,0.09361496567726135
XGBoost,holdout,0,2280,0.0,0.0220022015273571,0.04978334903717041
XGBoost,holdout,0,2281,0.0,0.010937833227217197,0.018046515062451363
XGBoost,holdout,0,2282,0.0,0.01387174054980278,0.03845174238085747
XGBoost,holdout,0,2283,0.0,0.049719031900167465,0.07436046749353409
XGBoost,holdout,0,2284,0.0,0.020281147211790085,0.03919830173254013
XGBoost,holdout,0,2285,1.0,0.012807353399693966,0.02371967025101185
XGBoost,holdout,0,2286,0.0,0.07221253961324692,0.09893661737442017
XGBoost,holdout,0,2287,0.0,0.023689310997724533,0.03474612906575203
XGBoost,holdout,0,2288,0.0,0.04455200582742691,0.06709524244070053
XGBoost,holdout,0,2289,0.0,0.022225646302103996,0.048865433782339096
XGBoost,holdout,0,2290,0.0,0.013484137132763863,0.030668746680021286
XGBoost,holdout,0,2291,1.0,0.022476783022284508,0.048865433782339096
XGBoost,holdout,0,2292,0.0,0.08350124210119247,0.10028509795665741
XGBoost,holdout,0,2293,0.0,0.013649046421051025,0.034218426793813705
XGBoost,holdout,0,2294,0.0,0.012984391301870346,0.030508872121572495
XGBoost,holdout,0,2295,0.0,0.016723480075597763,0.02460065297782421
XGBoost,holdout,0,2296,0.0,0.01329833548516035,0.019040655344724655
XGBoost,holdout,0,2297,0.0,0.03720567002892494,0.04898495227098465
XGBoost,holdout,0,2298,0.0,0.01329833548516035,0.019040655344724655
XGBoost,holdout,0,2299,0.0,0.04815562069416046,0.07717288285493851
XGBoost,holdout,0,2300,0.0,0.011143072508275509,0.032366883009672165
XGBoost,holdout,0,2301,0.0,0.01759517192840576,0.04864957556128502
XGBoost,holdout,0,2302,0.0,0.029294192790985107,0.04784909263253212
XGBoost,holdout,0,2303,0.0,0.033436208963394165,0.06109510362148285
XGBoost,holdout,0,2304,1.0,0.010853735730051994,0.023924775421619415
XGBoost,holdout,0,2305,0.0,0.04119643196463585,0.06064154580235481
XGBoost,holdout,0,2306,0.0,0.03484130650758743,0.05284895375370979
XGBoost,holdout,0,2307,0.0,0.08626119792461395,0.07087990641593933
XGBoost,holdout,0,2308,0.0,0.018958870321512222,0.03736541420221329
XGBoost,holdout,0,2309,0.0,0.011506359092891216,0.025779539719223976
XGBoost,holdout,0,2310,0.0,0.010764969512820244,0.022700665518641472
XGBoost,holdout,0,2311,0.0,0.020005034282803535,0.04864957556128502
XGBoost,holdout,0,2312,0.0,0.0201883465051651,0.03757598623633385
XGBoost,holdout,0,2313,0.0,0.07047341763973236,0.07130700349807739
XGBoost,holdout,0,2314,0.0,0.020333247259259224,0.06591331958770752
XGBoost,holdout,0,2315,0.0,0.033156733959913254,0.07120417803525925
XGBoost,holdout,0,2316,0.0,0.1673564314842224,0.1592824012041092
XGBoost,holdout,0,2317,0.0,0.09317298978567123,0.08750680088996887
XGBoost,holdout,0,2318,0.0,0.03580288589000702,0.07683615386486053
XGBoost,holdout,0,2319,0.0,0.03296239674091339,0.03140584006905556
XGBoost,holdout,0,2320,0.0,0.013661774806678295,0.032293934375047684
XGBoost,holdout,0,2321,0.0,0.04905986413359642,0.07427209615707397
XGBoost,holdout,0,2322,0.0,0.014358858577907085,0.04052479937672615
XGBoost,holdout,0,2323,0.0,0.17437052726745605,0.1953587532043457
XGBoost,holdout,0,2324,0.0,0.020437439903616905,0.04775151610374451
XGBoost,holdout,0,2325,0.0,0.01889656111598015,0.028730785474181175
XGBoost,holdout,0,2326,0.0,0.02462921291589737,0.06648533046245575
XGBoost,holdout,0,2327,0.0,0.21241538226604462,0.1694636046886444
XGBoost,holdout,0,2328,0.0,0.020046252757310867,0.03294743224978447
XGBoost,holdout,0,2329,0.0,0.036355774849653244,0.072415292263031
XGBoost,holdout,0,2330,0.0,0.3360084891319275,0.2882784903049469
XGBoost,holdout,0,2331,0.0,0.09317298978567123,0.06418254226446152
XGBoost,holdout,0,2332,0.0,0.024923954159021378,0.06724593043327332
XGBoost,holdout,0,2333,1.0,0.015129953622817993,0.044054631143808365
XGBoost,holdout,0,2334,0.0,0.050310876220464706,0.061329860240221024
XGBoost,holdout,0,2335,0.0,0.1645204722881317,0.12271988391876221
XGBoost,holdout,0,2336,0.0,0.03144487366080284,0.05499092489480972
XGBoost,holdout,0,2337,0.0,0.02462921291589737,0.06648533046245575
XGBoost,holdout,0,2338,0.0,0.029659871011972427,0.04727521166205406
XGBoost,holdout,0,2339,0.0,0.03144487366080284,0.048106640577316284
XGBoost,holdout,0,2340,0.0,0.055906038731336594,0.04673868045210838
XGBoost,holdout,0,2341,0.0,0.30284586548805237,0.19820135831832886
XGBoost,holdout,0,2342,0.0,0.03296239674091339,0.03956533595919609
XGBoost,holdout,0,2343,0.0,0.03296239674091339,0.021970011293888092
XGBoost,holdout,0,2344,0.0,0.018739404156804085,0.028257986530661583
XGBoost,holdout,0,2345,0.0,0.20034483075141907,0.1562369465827942
XGBoost,holdout,0,2346,0.0,0.016454795375466347,0.02460065297782421
XGBoost,holdout,0,2347,0.0,0.0385512039065361,0.05499092489480972
XGBoost,holdout,0,2348,0.0,0.17925989627838135,0.20790638029575348
XGBoost,holdout,0,2349,0.0,0.017140425741672516,0.02537061646580696
XGBoost,holdout,0,2350,0.0,0.1101543977856636,0.10477259010076523
XGBoost,holdout,0,2351,0.0,0.01889656111598015,0.028730785474181175
XGBoost,holdout,0,2352,0.0,0.012169316411018372,0.026270940899848938
XGBoost,holdout,0,2353,0.0,0.18967324495315552,0.19302275776863098
XGBoost,holdout,0,2354,0.0,0.1295134425163269,0.1576567441225052
XGBoost,holdout,0,2355,0.0,0.018506741151213646,0.042687781155109406
XGBoost,holdout,0,2356,0.0,0.1645204722881317,0.13568200170993805
XGBoost,holdout,0,2357,0.0,0.059689052402973175,0.08276652544736862
XGBoost,holdout,0,2358,0.0,0.021945852786302567,0.017498912289738655
XGBoost,holdout,0,2359,0.0,0.016545431688427925,0.05645629018545151
XGBoost,holdout,0,2360,0.0,0.011361734941601753,0.02487468160688877
XGBoost,holdout,0,2361,0.0,0.03275594487786293,0.05734925717115402
XGBoost,holdout,0,2362,0.0,0.038915880024433136,0.06672421842813492
XGBoost,holdout,0,2363,0.0,0.07742812484502792,0.0937337800860405
XGBoost,holdout,0,2364,0.0,0.015033114701509476,0.022369248792529106
XGBoost,holdout,0,2365,0.0,0.04023156315088272,0.07673580944538116
XGBoost,holdout,0,2366,0.0,0.02287922613322735,0.020032135769724846
XGBoost,holdout,0,2367,0.0,0.015033114701509476,0.022369248792529106
XGBoost,holdout,0,2368,0.0,0.013631070964038372,0.019512802362442017
XGBoost,holdout,0,2369,0.0,0.0279476810246706,0.04928051307797432
XGBoost,holdout,0,2370,0.0,0.013083948753774166,0.019040655344724655
XGBoost,holdout,0,2371,0.0,0.059680260717868805,0.06507330387830734
XGBoost,holdout,0,2372,0.0,0.08212292939424515,0.08397016674280167
XGBoost,holdout,0,2373,0.0,0.018823489546775818,0.06521096080541611
XGBoost,holdout,0,2374,0.0,0.08395002782344818,0.1474754363298416
XGBoost,holdout,0,2375,0.0,0.1470993161201477,0.13396036624908447
XGBoost,holdout,0,2376,0.0,0.02587561123073101,0.04245942458510399
XGBoost,holdout,0,2377,0.0,0.013403463177382946,0.03224705532193184
XGBoost,holdout,0,2378,0.0,0.06821106374263763,0.05479759722948074
XGBoost,holdout,0,2379,0.0,0.03260667622089386,0.04294121265411377
XGBoost,holdout,0,2380,0.0,0.07876744121313095,0.0676344558596611
XGBoost,holdout,0,2381,0.0,0.018968557938933372,0.04108716920018196
XGBoost,holdout,0,2382,0.0,0.06162822246551514,0.07053203880786896
XGBoost,holdout,0,2383,0.0,0.02587561123073101,0.04245942458510399
XGBoost,holdout,0,2384,0.0,0.01609850861132145,0.039347097277641296
XGBoost,holdout,0,2385,0.0,0.01116141490638256,0.03513135761022568
XGBoost,holdout,0,2386,0.0,0.03092322126030922,0.051005441695451736
XGBoost,holdout,0,2387,0.0,0.020330490544438362,0.04864957556128502
XGBoost,holdout,0,2388,0.0,0.024863634258508682,0.04157015308737755
XGBoost,holdout,0,2389,0.0,0.015275416895747185,0.035613320767879486
XGBoost,holdout,0,2390,0.0,0.03260667622089386,0.038491394370794296
XGBoost,holdout,0,2391,0.0,0.019833724945783615,0.043439872562885284
XGBoost,holdout,0,2392,0.0,0.01400751806795597,0.011428090743720531
XGBoost,holdout,0,2393,0.0,0.045684654265642166,0.04291967302560806
XGBoost,holdout,0,2394,0.0,0.04206882417201996,0.04508824273943901
XGBoost,holdout,0,2395,1.0,0.020330490544438362,0.04864957556128502
XGBoost,holdout,0,2396,0.0,0.07573253661394119,0.07132906466722488
XGBoost,holdout,0,2397,0.0,0.02036038227379322,0.01732887327671051
XGBoost,holdout,0,2398,0.0,0.018222827464342117,0.014286291785538197
XGBoost,holdout,0,2399,0.0,0.01648469641804695,0.040724143385887146
XGBoost,holdout,0,2400,0.0,0.05465683713555336,0.08441238105297089
XGBoost,holdout,0,2401,0.0,0.03262658044695854,0.051240116357803345
XGBoost,holdout,0,2402,0.0,0.05649841949343681,0.09133725613355637
XGBoost,holdout,0,2403,0.0,0.018651863560080528,0.028257986530661583
XGBoost,holdout,0,2404,0.0,0.0410299189388752,0.060604069381952286
XGBoost,holdout,0,2405,0.0,0.03931393101811409,0.07857256382703781
XGBoost,holdout,0,2406,0.0,0.05242590606212616,0.06584150344133377
XGBoost,holdout,0,2407,0.0,0.013185436837375164,0.014208793640136719
XGBoost,holdout,0,2408,0.0,0.016589544713497162,0.012626458890736103
XGBoost,holdout,0,2409,0.0,0.02797672711312771,0.03526552394032478
XGBoost,holdout,0,2410,0.0,0.03701690956950188,0.04712727293372154
XGBoost,holdout,0,2411,0.0,0.08057423681020737,0.08355593681335449
XGBoost,holdout,0,2412,0.0,0.029053756967186928,0.01664719358086586
XGBoost,holdout,0,2413,0.0,0.027484344318509102,0.01664719358086586
XGBoost,holdout,0,2414,0.0,0.019044674932956696,0.017740411683917046
XGBoost,holdout,0,2415,0.0,0.015917450189590454,0.011510287411510944
XGBoost,holdout,0,2416,0.0,0.014560400508344173,0.014855524525046349
XGBoost,holdout,0,2417,0.0,0.012778663076460361,0.013252072036266327
XGBoost,holdout,0,2418,0.0,0.012778663076460361,0.013252072036266327
XGBoost,holdout,0,2419,0.0,0.013313191011548042,0.013582673855125904
XGBoost,holdout,0,2420,0.0,0.012778663076460361,0.013252072036266327
XGBoost,holdout,0,2421,0.0,0.012778663076460361,0.013252072036266327
XGBoost,holdout,0,2422,0.0,0.01329833548516035,0.019040655344724655
XGBoost,holdout,0,2423,0.0,0.01956460066139698,0.020868724212050438
XGBoost,holdout,0,2424,0.0,0.014629384502768517,0.011453162878751755
XGBoost,holdout,0,2425,0.0,0.02430054545402527,0.012913924641907215
XGBoost,holdout,0,2426,0.0,0.018385130912065506,0.019378893077373505
XGBoost,holdout,0,2427,0.0,0.012572547420859337,0.013252072036266327
XGBoost,holdout,0,2428,0.0,0.012572547420859337,0.013252072036266327
XGBoost,holdout,0,2429,0.0,0.020199384540319443,0.01692449487745762
XGBoost,holdout,0,2430,0.0,0.012572547420859337,0.013252072036266327
XGBoost,holdout,0,2431,0.0,0.012572547420859337,0.013252072036266327
XGBoost,holdout,0,2432,0.0,0.012572547420859337,0.013252072036266327
XGBoost,holdout,0,2433,0.0,0.012572547420859337,0.013252072036266327
XGBoost,holdout,0,2434,0.0,0.012572547420859337,0.013252072036266327
XGBoost,holdout,0,2435,0.0,0.012572547420859337,0.013252072036266327
XGBoost,holdout,0,2436,0.0,0.012572547420859337,0.013252072036266327
XGBoost,holdout,0,2437,0.0,0.012572547420859337,0.013252072036266327
XGBoost,holdout,0,2438,0.0,0.031025514006614685,0.03604681044816971
XGBoost,holdout,0,2439,0.0,0.012572547420859337,0.013252072036266327
XGBoost,holdout,0,2440,0.0,0.012572547420859337,0.013252072036266327
XGBoost,holdout,0,2441,1.0,0.012572547420859337,0.013252072036266327
XGBoost,holdout,0,2442,0.0,0.07122289389371872,0.08520723879337311
XGBoost,holdout,0,2443,0.0,0.013083948753774166,0.019640101119875908
XGBoost,holdout,0,2444,0.0,0.12705129384994507,0.11514993011951447
XGBoost,holdout,0,2445,0.0,0.02122418023645878,0.03728143870830536
XGBoost,holdout,0,2446,0.0,0.02333301305770874,0.04875538498163223
XGBoost,holdout,0,2447,0.0,0.014750420115888119,0.02487468160688877
XGBoost,holdout,0,2448,0.0,0.01759239472448826,0.022005196660757065
XGBoost,holdout,0,2449,0.0,0.061328109353780746,0.07836078852415085
XGBoost,holdout,0,2450,0.0,0.018739404156804085,0.02887261100113392
XGBoost,holdout,0,2451,0.0,0.018739404156804085,0.028257986530661583
XGBoost,holdout,0,2452,0.0,0.016454795375466347,0.02460065297782421
XGBoost,holdout,0,2453,0.0,0.016454795375466347,0.02460065297782421
XGBoost,holdout,0,2454,0.0,0.016454795375466347,0.02460065297782421
XGBoost,holdout,0,2455,0.0,0.14911523461341858,0.1872471570968628
XGBoost,holdout,0,2456,0.0,0.014238900505006313,0.02247101068496704
XGBoost,holdout,0,2457,0.0,0.15309402346611023,0.08734364062547684
XGBoost,holdout,0,2458,0.0,0.016454795375466347,0.02460065297782421
XGBoost,holdout,0,2459,0.0,0.037847500294446945,0.02699568122625351
XGBoost,holdout,0,2460,0.0,0.016454795375466347,0.02460065297782421
XGBoost,holdout,0,2461,0.0,0.015309926122426987,0.01845456287264824
XGBoost,holdout,0,2462,0.0,0.03731750696897507,0.07282335311174393
XGBoost,holdout,0,2463,0.0,0.12462404370307922,0.1301017850637436
XGBoost,holdout,0,2464,0.0,0.01801096647977829,0.017700960859656334
XGBoost,holdout,0,2465,0.0,0.04700388386845589,0.044449374079704285
XGBoost,holdout,0,2466,0.0,0.01801096647977829,0.018090223893523216
XGBoost,holdout,0,2467,0.0,0.015813753008842468,0.02460065297782421
XGBoost,holdout,0,2468,0.0,0.044445693492889404,0.0395348034799099
XGBoost,holdout,0,2469,0.0,0.02954915538430214,0.034743499010801315
XGBoost,holdout,0,2470,0.0,0.015813753008842468,0.02460065297782421
XGBoost,holdout,0,2471,0.0,0.012960128486156464,0.033317867666482925
XGBoost,holdout,0,2472,0.0,0.06940178573131561,0.08392892777919769
XGBoost,holdout,0,2473,0.0,0.014907609671354294,0.021748384460806847
XGBoost,holdout,0,2474,0.0,0.014068408869206905,0.01896340399980545
XGBoost,holdout,0,2475,0.0,0.03838707506656647,0.03206599876284599
XGBoost,holdout,0,2476,0.0,0.016502996906638145,0.02847369946539402
XGBoost,holdout,0,2477,0.0,0.01495671458542347,0.027652673423290253
XGBoost,holdout,0,2478,0.0,0.014598862268030643,0.022369248792529106
XGBoost,holdout,0,2479,0.0,0.03554802015423775,0.03070579096674919
XGBoost,holdout,0,2480,0.0,0.01576622948050499,0.0255730003118515
XGBoost,holdout,0,2481,0.0,0.030984150245785713,0.02971847914159298
XGBoost,holdout,0,2482,0.0,0.014907609671354294,0.022369248792529106
XGBoost,holdout,0,2483,0.0,0.024921488016843796,0.046060673892498016
XGBoost,holdout,0,2484,0.0,0.012572547420859337,0.01941562630236149
XGBoost,holdout,0,2485,0.0,0.018385130912065506,0.01644807495176792
XGBoost,holdout,0,2486,0.0,0.018875721842050552,0.012232077307999134
XGBoost,holdout,0,2487,0.0,0.020342009142041206,0.01887214556336403
XGBoost,holdout,0,2488,0.0,0.008256938308477402,0.008377723395824432
XGBoost,holdout,0,2489,0.0,0.03285333141684532,0.04192502424120903
XGBoost,holdout,0,2490,0.0,0.012572547420859337,0.013582673855125904
XGBoost,holdout,0,2491,0.0,0.041968900710344315,0.035769328474998474
XGBoost,holdout,0,2492,0.0,0.019108939915895462,0.03212199732661247
XGBoost,holdout,0,2493,0.0,0.012646705843508244,0.015823202207684517
XGBoost,holdout,0,2494,0.0,0.014801566489040852,0.022369248792529106
XGBoost,holdout,0,2495,0.0,0.03536815568804741,0.03739624843001366
XGBoost,holdout,0,2496,0.0,0.014907609671354294,0.022224660962820053
XGBoost,holdout,0,2497,0.0,0.026006247848272324,0.02190266363322735
XGBoost,holdout,0,2498,0.0,0.028559982776641846,0.04274081438779831
XGBoost,holdout,0,2499,0.0,0.051544152200222015,0.06894513964653015
XGBoost,holdout,0,2500,0.0,0.07870589196681976,0.06345000863075256
XGBoost,holdout,0,2501,0.0,0.036806367337703705,0.03926534205675125
XGBoost,holdout,0,2502,0.0,0.014907609671354294,0.022224660962820053
XGBoost,holdout,0,2503,0.0,0.013953027315437794,0.020375480875372887
XGBoost,holdout,0,2504,0.0,0.0198861975222826,0.024859599769115448
XGBoost,holdout,0,2505,0.0,0.0198861975222826,0.031373415142297745
XGBoost,holdout,0,2506,1.0,0.03337416425347328,0.04189314693212509
XGBoost,holdout,0,2507,0.0,0.05840533599257469,0.04078899323940277
XGBoost,holdout,0,2508,0.0,0.013953027315437794,0.025485001504421234
XGBoost,holdout,0,2509,0.0,0.03136217221617699,0.0372483991086483
XGBoost,holdout,0,2510,0.0,0.02119825780391693,0.027754979208111763
XGBoost,holdout,0,2511,0.0,0.0478346161544323,0.05731327831745148
XGBoost,holdout,0,2512,0.0,0.01763909123837948,0.018090223893523216
XGBoost,holdout,0,2513,0.0,0.05564265325665474,0.05327798053622246
XGBoost,holdout,0,2514,0.0,0.01647311821579933,0.01587468571960926
XGBoost,holdout,0,2515,0.0,0.016001757234334946,0.02145969308912754
XGBoost,holdout,0,2516,1.0,0.0385512039065361,0.07272521406412125
XGBoost,holdout,0,2517,0.0,0.1065138727426529,0.07719159126281738
XGBoost,holdout,0,2518,0.0,0.01744590885937214,0.022114578634500504
XGBoost,holdout,0,2519,0.0,0.022938063368201256,0.02337529882788658
XGBoost,holdout,0,2520,0.0,0.021236250177025795,0.017498912289738655
XGBoost,holdout,0,2521,0.0,0.012972846627235413,0.01247538160532713
XGBoost,holdout,0,2522,0.0,0.015122110955417156,0.014556809328496456
XGBoost,holdout,0,2523,0.0,0.012213608250021935,0.01993720419704914
XGBoost,holdout,0,2524,0.0,0.02114683762192726,0.01644880883395672
XGBoost,holdout,0,2525,0.0,0.011878151446580887,0.011510287411510944
XGBoost,holdout,0,2526,0.0,0.015813753008842468,0.01587468571960926
XGBoost,holdout,0,2527,0.0,0.01801096647977829,0.017700960859656334
XGBoost,holdout,0,2528,0.0,0.01801096647977829,0.017700960859656334
XGBoost,holdout,0,2529,0.0,0.044384587556123734,0.04074369743466377
XGBoost,holdout,0,2530,0.0,0.013682982884347439,0.013086319901049137
XGBoost,holdout,0,2531,0.0,0.01801096647977829,0.018090223893523216
XGBoost,holdout,0,2532,0.0,0.014947358518838882,0.02095673978328705
XGBoost,holdout,0,2533,0.0,0.0880781039595604,0.09283127635717392
XGBoost,holdout,0,2534,0.0,0.0294449795037508,0.029882041737437248
XGBoost,holdout,0,2535,0.0,0.023546284064650536,0.014318100176751614
XGBoost,holdout,0,2536,1.0,0.021007439121603966,0.013173703104257584
XGBoost,holdout,0,2537,0.0,0.10717964917421341,0.06668663024902344
XGBoost,holdout,0,2538,0.0,0.015661707147955894,0.011730766855180264
XGBoost,holdout,0,2539,0.0,0.023311365395784378,0.05100434646010399
XGBoost,holdout,0,2540,0.0,0.0198861975222826,0.0446634404361248
XGBoost,holdout,0,2541,0.0,0.07502605020999908,0.08916623145341873
XGBoost,holdout,0,2542,0.0,0.02150137349963188,0.019148560240864754
XGBoost,holdout,0,2543,0.0,0.04549718275666237,0.05354229733347893
XGBoost,holdout,0,2544,0.0,0.02085842750966549,0.05100434646010399
XGBoost,holdout,0,2545,0.0,0.01563098095357418,0.025925680994987488
XGBoost,holdout,0,2546,0.0,0.07758059352636337,0.09360360354185104
XGBoost,holdout,0,2547,1.0,0.0198861975222826,0.0446634404361248
XGBoost,holdout,0,2548,0.0,0.059724126011133194,0.062041908502578735
XGBoost,holdout,0,2549,0.0,0.074741430580616,0.10017262399196625
XGBoost,holdout,0,2550,0.0,0.013781850226223469,0.015601461753249168
XGBoost,holdout,0,2551,0.0,0.009921816177666187,0.017798928543925285
XGBoost,holdout,0,2552,0.0,0.021400820463895798,0.01664719358086586
XGBoost,holdout,0,2553,0.0,0.021400820463895798,0.01664719358086586
XGBoost,holdout,0,2554,0.0,0.022278623655438423,0.01644880883395672
XGBoost,holdout,0,2555,0.0,0.014947358518838882,0.011959301307797432
XGBoost,holdout,0,2556,0.0,0.013682982884347439,0.012831979431211948
XGBoost,holdout,0,2557,0.0,0.014730515889823437,0.02763279341161251
XGBoost,holdout,0,2558,0.0,0.026326889172196388,0.027588877826929092
XGBoost,holdout,0,2559,0.0,0.0385512039065361,0.07272521406412125
XGBoost,holdout,0,2560,0.0,0.023220272734761238,0.020944753661751747
XGBoost,holdout,0,2561,0.0,0.05876818299293518,0.06743556261062622
XGBoost,holdout,0,2562,0.0,0.017944592982530594,0.022114578634500504
XGBoost,holdout,0,2563,0.0,0.0582071989774704,0.07279998064041138
XGBoost,holdout,0,2564,0.0,0.03396567702293396,0.04659486934542656
XGBoost,holdout,0,2565,0.0,0.01642923429608345,0.020176799967885017
XGBoost,holdout,0,2566,0.0,0.01689935475587845,0.020176799967885017
XGBoost,holdout,0,2567,0.0,0.054910026490688324,0.0813148245215416
XGBoost,holdout,0,2568,0.0,0.03296239674091339,0.03586719557642937
XGBoost,holdout,0,2569,0.0,0.014947358518838882,0.023558061569929123
XGBoost,holdout,0,2570,0.0,0.022099569439888,0.0347278006374836
XGBoost,holdout,0,2571,0.0,0.014947358518838882,0.022114578634500504
XGBoost,holdout,0,2572,0.0,0.03269819915294647,0.05519204959273338
XGBoost,holdout,0,2573,0.0,0.07047341763973236,0.0762571319937706
XGBoost,holdout,0,2574,0.0,0.0385512039065361,0.07272521406412125
XGBoost,holdout,0,2575,0.0,0.03296239674091339,0.06386568397283554
XGBoost,holdout,0,2576,0.0,0.014752581715583801,0.02073723077774048
XGBoost,holdout,0,2577,0.0,0.012886637821793556,0.015823202207684517
LR,time,0,515,1.0,0.3735016111012382,0.4128191642725115
LR,time,0,516,0.0,0.4619600791928568,0.565384061425429
LR,time,0,517,0.0,0.44985272527427617,0.48906514698702314
LR,time,0,518,0.0,0.4615238477573167,0.41796061368210063
LR,time,0,519,0.0,0.24414820708215207,0.3274733216945937
LR,time,0,520,0.0,0.16715608951620345,0.3069020434784002
LR,time,0,521,0.0,0.8124942485803804,0.608757918291708
LR,time,0,522,0.0,0.3185011497048816,0.2807076843092189
LR,time,0,523,0.0,0.4487602379490035,0.37232494594593146
LR,time,0,524,0.0,0.2901914279237568,0.2876187162602751
LR,time,0,525,0.0,0.7724107522377122,0.5181520184329217
LR,time,0,526,0.0,0.1626729609777169,0.19330020620355076
LR,time,0,527,0.0,0.23691414522105522,0.26422637063093396
LR,time,0,528,0.0,0.1338177493133763,0.1799213123203038
LR,time,0,529,0.0,0.7942052376122268,0.7166146132228711
LR,time,0,530,1.0,0.5307357719191864,0.47079004325449075
LR,time,0,531,0.0,0.9572728097764487,0.8789511085796818
LR,time,0,532,1.0,0.35391474022493397,0.40162442538748944
LR,time,0,533,0.0,0.44285382543572155,0.48766622753701133
LR,time,0,534,0.0,0.23085776569663122,0.33190656924238043
LR,time,0,535,0.0,0.22035178703754743,0.2856340865921372
LR,time,0,536,0.0,0.4847138687804517,0.3862999487134555
LR,time,0,537,0.0,0.07801235770012041,0.14968826270738672
LR,time,0,538,0.0,0.19793901008258674,0.23729249860701
LR,time,0,539,0.0,0.20011501916755142,0.24079687887118661
LR,time,0,540,0.0,0.0912862986987161,0.1614404043353438
LR,time,0,541,0.0,0.1893984190795864,0.26927620873220276
LR,time,0,542,0.0,0.5112368882154432,0.39373995432161135
LR,time,0,543,0.0,0.8006111974678518,0.6393838882448792
LR,time,0,544,0.0,0.23625416681961506,0.26882043098185426
LR,time,0,545,0.0,0.3347814845803937,0.35026057287049217
LR,time,0,546,0.0,0.8743391346219571,0.7319816596724257
LR,time,0,547,0.0,0.4591260087992709,0.37448029459142446
LR,time,0,548,0.0,0.05276694826510681,0.16871035811133667
LR,time,0,549,0.0,0.18697481446383737,0.25647698731589974
LR,time,0,550,0.0,0.3104064717954843,0.6083509604613925
LR,time,0,551,1.0,0.6923044226489461,0.7491937765611633
LR,time,0,552,1.0,0.3580263935026098,0.7673807448194387
LR,time,0,553,0.0,0.9048694390388702,0.013185677361990352
LR,time,0,554,1.0,0.779434135768699,0.6496299141252959
LR,time,0,555,0.0,0.18122303842752327,0.2989660604614717
LR,time,0,556,0.0,0.780590099885039,0.6645938658524733
LR,time,0,557,0.0,0.881609861981178,0.8604031753289879
LR,time,0,558,0.0,0.6796973125653711,0.5613063225902992
LR,time,0,559,0.0,0.32110783765660955,0.35532607198974564
LR,time,0,560,0.0,0.11009820343497714,0.1813261270834935
LR,time,0,561,0.0,0.11009726409106821,0.18052571700407993
LR,time,0,562,0.0,0.14536124103343273,0.2369665209890372
LR,time,0,563,1.0,0.777194638020272,0.5137759579890828
LR,time,0,564,0.0,0.41302740471881666,0.45558156308983455
LR,time,0,565,0.0,0.6998693644176498,0.6103653978292238
LR,time,0,566,0.0,0.6235911185329613,0.5343688022670704
LR,time,0,567,1.0,0.5412052008612557,0.3746984024893328
LR,time,0,568,0.0,0.5146137928266604,0.49567557147083513
LR,time,0,569,0.0,0.849353245500644,0.6430245303597641
LR,time,0,570,0.0,0.6078940183629168,0.48216791615648696
LR,time,0,571,0.0,0.1603587581705937,0.18250328411013433
LR,time,0,572,0.0,0.8749367204099973,0.7222543954288749
LR,time,0,573,0.0,0.3797062036185366,0.33015061725444117
LR,time,0,574,0.0,0.23247366218453777,0.2523764469341405
LR,time,0,575,0.0,0.15734192099157482,0.1774919997826688
LR,time,0,576,0.0,0.4882058287991444,0.3432549373688404
LR,time,0,577,0.0,0.14839059625140033,0.20716475581536892
LR,time,0,578,0.0,0.09175369348574539,0.19463166845702073
LR,time,0,579,0.0,0.43246556862268476,0.3514255301335273
LR,time,0,580,0.0,0.3186321223440345,0.26229803530032975
LR,time,0,581,0.0,0.0337700531301214,0.09309787350370709
LR,time,0,582,0.0,0.13496951105700716,0.1941837687660401
LR,time,0,583,0.0,0.07287345769190148,0.1702861152976598
LR,time,0,584,0.0,0.39179725143217226,0.2928522608521606
LR,time,0,585,0.0,0.38752827866079653,0.2914268758534956
LR,time,0,586,0.0,0.2133650017322291,0.24093436971390736
LR,time,0,587,1.0,0.8183259054279416,0.5799132609427337
LR,time,0,588,0.0,0.1425076984215037,0.27311590547165104
LR,time,0,589,0.0,0.6092034332415052,0.5679760084291232
LR,time,0,590,0.0,0.7643616984891359,0.6100919239981105
LR,time,0,591,1.0,0.27104687919609105,0.23796939511736706
LR,time,0,592,0.0,0.5102954840523617,0.5172996407232704
LR,time,0,593,0.0,0.8992835647547622,0.8141315064502018
LR,time,0,594,1.0,0.3124469784461345,0.32152185724589416
LR,time,0,595,0.0,0.9366134659699762,0.006873732538785328
LR,time,0,596,0.0,0.4222110469155979,0.4146544752510881
LR,time,0,597,0.0,0.40374906255983567,0.3670617027963538
LR,time,0,598,0.0,0.31363937420554194,0.37395287547821104
LR,time,0,599,0.0,0.06136564255311699,0.15508303708105983
LR,time,0,600,0.0,0.1591148481497074,0.1797194354541042
LR,time,0,601,0.0,0.32804684311991683,0.31100709584211217
LR,time,0,602,0.0,0.042551553907565785,0.10534767349103148
LR,time,0,603,0.0,0.06326690068262789,0.13243393015508845
LR,time,0,604,0.0,0.08365139399979384,0.17896298028128352
LR,time,0,605,1.0,0.04026602532635971,0.1049177151039643
LR,time,0,606,0.0,0.3352335686373264,0.5225169882899066
LR,time,0,607,0.0,0.1257369153617256,0.47173159789677027
LR,time,0,608,0.0,0.5003396376071513,0.7374625648889168
LR,time,0,609,0.0,0.8183616694824728,0.7558593326456434
LR,time,0,610,1.0,0.303471566099855,0.39115475333071564
LR,time,0,611,1.0,0.5158417949950348,0.49496033017859487
LR,time,0,612,0.0,0.5215374556646551,0.4655004171135272
LR,time,0,613,0.0,0.21696291524704533,0.2712631467349996
LR,time,0,614,0.0,0.4964075630031141,0.5060353891473631
LR,time,0,615,1.0,0.6202198689961016,0.4148178377799189
LR,time,0,616,0.0,0.8263468202031033,0.702996559340022
LR,time,0,617,0.0,0.5886265961934461,0.5041335503670274
LR,time,0,618,0.0,0.7449130395136521,0.6140607855474507
LR,time,0,619,0.0,0.5919136246224402,0.4942781693843838
LR,time,0,620,0.0,0.6649381879554994,0.5676274621677977
LR,time,0,621,0.0,0.24452232642754707,0.26897755379459914
LR,time,0,622,0.0,0.5552128970161389,0.5143681638062958
LR,time,0,623,0.0,0.5999766309672893,0.4715747336512839
LR,time,0,624,0.0,0.11957987933611992,0.22935607125264512
LR,time,0,625,0.0,0.15715490277446367,0.2985238074020326
LR,time,0,626,1.0,0.507885132595148,0.4565729685973374
LR,time,0,627,0.0,0.3216235048648282,0.49342722664474814
LR,time,0,628,0.0,0.40287214232952817,0.38573003858904537
LR,time,0,629,0.0,0.5699248761021954,0.5095113166423701
LR,time,0,630,1.0,0.7657714557594189,0.6211408729154947
LR,time,0,631,0.0,0.30063538318298916,0.4872777327464482
LR,time,0,632,0.0,0.7739736530580731,0.6370070673379439
LR,time,0,633,0.0,0.449976641995699,0.4234140382436427
LR,time,0,634,0.0,0.6498959130707824,0.49020179539354286
LR,time,0,635,0.0,0.7365069276334162,0.5993635196752768
LR,time,0,636,0.0,0.6933320219383153,0.5989672145905712
LR,time,0,637,1.0,0.5774257680269055,0.5133401695314346
LR,time,0,638,0.0,0.4358531129745813,0.6305805202112066
LR,time,0,639,0.0,0.8939090945383936,0.8115718003456928
LR,time,0,640,0.0,0.373747457737333,0.44265336964866475
LR,time,0,641,0.0,0.31865533656583717,0.38335026289544444
LR,time,0,642,0.0,0.5262652349857649,0.767715773159776
LR,time,0,643,0.0,0.6224033558190547,0.6170912000693543
LR,time,0,644,0.0,0.32076335831621866,0.4510545176442569
LR,time,0,645,0.0,0.0821071592527538,0.18729584885267123
LR,time,0,646,0.0,0.08029575750727824,0.2250023585873516
LR,time,0,647,1.0,0.34157078387741785,0.4096796222808452
LR,time,0,648,0.0,0.5434166967544466,0.5388755536359083
LR,time,0,649,0.0,0.8215450494925531,0.7101157197041321
LR,time,0,650,1.0,0.5503423862799537,0.5922901326003989
LR,time,0,651,0.0,0.4520568041716626,0.5607772931445077
LR,time,0,652,1.0,0.6130365793852203,0.5224568602198616
LR,time,0,653,0.0,0.005384306604232993,0.12810676438939925
LR,time,0,654,0.0,0.40133159001888197,0.6248631948908849
LR,time,0,655,0.0,0.29378093223683316,0.609709033626217
LR,time,0,656,0.0,0.5982641146077979,0.530074511046886
LR,time,0,657,0.0,0.6899851781747754,0.5889039575222947
LR,time,0,658,0.0,0.6660716585624749,0.47924420063836976
LR,time,0,659,0.0,0.3363974135779013,0.32801283547686483
LR,time,0,660,0.0,0.8558091223144023,0.7416728027050212
LR,time,0,661,0.0,0.5400448018759179,0.5147379061342304
LR,time,0,662,0.0,0.5263031557762219,0.5525313030601393
LR,time,0,663,0.0,0.6403043945182142,0.568318045533664
LR,time,0,664,0.0,0.18634768312580732,0.3429843037940059
LR,time,0,665,0.0,0.15199960918175126,0.24974047739409908
LR,time,0,666,0.0,0.13804042816118553,0.24365528296164216
LR,time,0,667,0.0,0.1018874466003634,0.20127192769208127
LR,time,0,668,0.0,0.653680615159354,0.5349054337507209
LR,time,0,669,0.0,0.2931636061652554,0.3121965323200919
LR,time,0,670,0.0,0.5069823894630325,0.4283006820309904
LR,time,0,671,0.0,0.44736484332233434,0.455404296990326
LR,time,0,672,0.0,0.8740117183686735,0.852360791975659
LR,time,0,673,0.0,0.4943362030254388,0.39882301210264004
LR,time,0,674,0.0,0.10884944078105155,0.17929784556416517
LR,time,0,675,0.0,0.07659915709588881,0.1493348908078208
LR,time,0,676,0.0,0.10502765104147008,0.20661785242784556
LR,time,0,677,0.0,0.029391487036576094,0.0940798841516986
LR,time,0,678,0.0,0.6978678707940057,0.5438338351290314
LR,time,0,679,0.0,0.42674264189204314,0.4973142189180604
LR,time,0,680,0.0,0.9042456449002026,0.7816218958174009
LR,time,0,681,0.0,0.5314599363845358,0.6344928092281965
LR,time,0,682,0.0,0.3495050211915525,0.3926769582815715
LR,time,0,683,0.0,0.9300323825678757,0.8789713967485299
LR,time,0,684,0.0,0.8679142193043902,0.829709634045107
LR,time,0,685,0.0,0.7441738345706962,0.6094330419117718
LR,time,0,686,0.0,0.7649700675240858,0.6502858580041543
LR,time,0,687,0.0,0.9127785677875885,0.8053497501930439
LR,time,0,688,0.0,0.10206739629450547,0.24478005311731363
LR,time,0,689,1.0,0.8616649594913968,0.6504572145572792
LR,time,0,690,1.0,0.5276404698432025,0.5458479504205684
LR,time,0,691,0.0,0.4694952516198574,0.6339571730906439
LR,time,0,692,1.0,0.5656985370306303,0.6011669212255909
LR,time,0,693,1.0,0.6569638814216165,0.8837629374998139
LR,time,0,694,1.0,0.8149999276848827,0.006188697365509165
LR,time,0,695,0.0,0.8921610624530838,0.9366994645130609
LR,time,0,696,0.0,0.8435150701914875,0.8086588117446774
LR,time,0,697,0.0,0.5793060524246404,0.6465472850411548
LR,time,0,698,1.0,0.6203421986374725,0.524677621647684
LR,time,0,699,0.0,0.7063292431073652,0.7721246045046662
LR,time,0,700,0.0,0.9517107894206255,0.8805202104182924
LR,time,0,701,0.0,0.8779020371329646,0.770726379301142
LR,time,0,702,0.0,0.7330804606499232,0.7451811412200049
LR,time,0,703,0.0,0.5627414723871019,0.6022821829285424
LR,time,0,704,0.0,0.39215757001286405,0.47021392451230615
LR,time,0,705,0.0,0.4461510600933202,0.4592544416880877
LR,time,0,706,0.0,0.042613078763653583,0.13138082463472547
LR,time,0,707,1.0,0.16534521543163236,0.22090851006065593
LR,time,0,708,0.0,0.08926067854961915,0.270606390159221
LR,time,0,709,0.0,0.1605387155675974,0.307855860539616
LR,time,0,710,1.0,0.532572207173886,0.5653616863674277
LR,time,0,711,0.0,0.5251626543113168,0.6815336275349513
LR,time,0,712,0.0,0.5636620153305505,0.5788625659689793
LR,time,0,713,1.0,0.7779595356519551,0.7785380737062841
LR,time,0,714,0.0,0.488032824282166,0.669657527524684
LR,time,0,715,1.0,0.6611856062244349,0.6784476430491528
LR,time,0,716,0.0,0.8993656062241505,0.8623020429705563
LR,time,0,717,1.0,0.7672374719579721,0.8051777906979847
LR,time,0,718,0.0,0.7928791105306384,0.7712084832730701
LR,time,0,719,1.0,0.6792146501211511,0.6822306240280047
LR,time,0,720,0.0,0.3987608012591284,0.4967625357534558
LR,time,0,721,0.0,0.9967415192246696,0.9849485110397874
LR,time,0,722,0.0,0.9996568022102686,0.9923204603108313
LR,time,0,723,0.0,0.0299071437311653,0.09464874699132685
LR,time,0,724,0.0,0.06389778241394115,0.13703031493957174
LR,time,0,725,0.0,0.08782576500770428,0.18440848939081142
LR,time,0,726,0.0,0.16042860784958657,0.2176381447725821
LR,time,0,727,0.0,0.08153662363345654,0.15547426084466642
LR,time,0,728,0.0,0.11083531290596761,0.20538747328224133
LR,time,0,729,0.0,0.08545170737840008,0.15831612592479594
LR,time,0,730,1.0,0.19227092039413066,0.2692444849222923
LR,time,0,731,0.0,0.6089561891424032,0.6893733189974041
LR,time,0,732,0.0,0.9575045500980675,0.9134587099310006
LR,time,0,733,0.0,0.6373983719677938,0.6318832326135266
LR,time,0,734,0.0,0.8538981918615473,0.8072068923853989
LR,time,0,735,0.0,0.9352920427911011,0.874172040505212
LR,time,0,736,0.0,0.49745768342449986,0.4825303421713363
LR,time,0,737,0.0,0.6727004335635739,0.610252862627617
LR,time,0,738,0.0,0.43853682659490445,0.4044582653467356
LR,time,0,739,0.0,0.48267360566382306,0.3440573652915642
LR,time,0,740,0.0,0.45414918161091167,0.4130706331594891
LR,time,0,741,0.0,0.7193483943115238,0.60271326479174
LR,time,0,742,0.0,0.7557561326637877,0.5559542718230657
LR,time,0,743,0.0,0.5463089150582906,0.4170552263796325
LR,time,0,744,0.0,0.639926381774644,0.5141654496838717
LR,time,0,745,0.0,0.25299389510796233,0.22822285251004157
LR,time,0,746,0.0,0.4998912367762008,0.3829923921831897
LR,time,0,747,0.0,0.6300181914143207,0.5014776264471306
LR,time,0,748,0.0,0.639871143765897,0.45585835644272954
LR,time,0,749,0.0,0.08756852220724794,0.16257586234926183
LR,time,0,750,0.0,0.1994246408309427,0.24708771825231637
LR,time,0,751,0.0,0.13605854836612172,0.22990488481889826
LR,time,0,752,0.0,0.7341116145001135,0.47288561439125393
LR,time,0,753,0.0,0.3994916549411949,0.3347582607439959
LR,time,0,754,0.0,0.3270989427198958,0.26040129955455626
LR,time,0,755,0.0,0.9823572355225425,0.898372426543788
LR,time,0,756,0.0,0.4830315277182465,0.5704455411261694
LR,time,0,757,0.0,0.9487831824573846,0.7934467216048366
LR,time,0,758,0.0,0.27506874490073463,0.31717428205357545
LR,time,0,759,0.0,0.25308958130510145,0.32084862385380725
LR,time,0,760,0.0,0.4698219977312078,0.3939087377469812
LR,time,0,761,0.0,0.3495535606679595,0.44756464501466753
LR,time,0,762,0.0,0.0649652161880759,0.18311838777307646
LR,time,0,763,0.0,0.4771412195232329,0.43062461820571135
LR,time,0,764,0.0,0.7677889585190488,0.6619895135842536
LR,time,0,765,0.0,0.3400201805677732,0.36583553172483263
LR,time,0,766,0.0,0.2500494378090537,0.3155193162316878
LR,time,0,767,0.0,0.5719820434065135,0.4649667604694905
LR,time,0,768,0.0,0.33698738745462814,0.27091717803361287
LR,time,0,769,0.0,0.13698609622165528,0.17058701483370672
LR,time,0,770,0.0,0.03445124133547346,0.10115579637926078
LR,time,0,771,0.0,0.07247689376942314,0.14460282727106863
LR,time,0,772,0.0,0.10321118430049124,0.2014144408651833
LR,time,0,773,0.0,0.32727750030443,0.29995403728599634
LR,time,0,774,0.0,0.8135948584509012,0.6176025867200753
LR,time,0,775,0.0,0.47220034603618916,0.4786073563535058
LR,time,0,776,0.0,0.5098334020433933,0.4557598793494724
LR,time,0,777,0.0,0.38284637413954875,0.28970671352852606
LR,time,0,778,0.0,0.45314851482767443,0.33243586477085146
LR,time,0,779,0.0,0.12392736470536209,0.15916299139968668
LR,time,0,780,0.0,0.7796144485051267,0.8112407115459948
LR,time,0,781,0.0,0.10985957167061965,0.3694981821742557
LR,time,0,782,0.0,0.6576715857040665,0.7784677503007936
LR,time,0,783,0.0,0.6030626420434924,0.5139303442194189
LR,time,0,784,0.0,0.4323935835543256,0.42170265935281204
LR,time,0,785,0.0,0.6829847439430786,0.48563612903382203
LR,time,0,786,0.0,0.24381898753362433,0.2352606869721411
LR,time,0,787,0.0,0.30679098921983183,0.2627816003264299
LR,time,0,788,0.0,0.7661160944907798,0.6293774078623348
LR,time,0,789,0.0,0.8974866386328872,0.7181856134468272
LR,time,0,790,0.0,0.613519910665101,0.4549556667307283
LR,time,0,791,0.0,0.03936943539549766,0.10272937412981809
LR,time,0,792,0.0,0.048284919031726006,0.11458424294890698
LR,time,0,793,0.0,0.22222560622384346,0.28691782865510124
LR,time,0,794,0.0,0.27865730185638643,0.2732066963868447
LR,time,0,795,0.0,0.938992703349135,0.7422034849411979
LR,time,0,796,0.0,0.6497051626145247,0.48039392576966655
LR,time,0,797,0.0,0.896045784253804,0.7382855286742821
LR,time,0,798,0.0,0.8046521423750744,0.5752676271636677
LR,time,0,799,1.0,0.6822491900795848,0.49411833890198475
LR,time,0,800,0.0,0.7341252705476385,0.6850695179456227
LR,time,0,801,0.0,0.7575416169069501,0.6294555625480718
LR,time,0,802,0.0,0.829882221031097,0.7117941064766977
LR,time,0,803,0.0,0.28187314981686773,0.4069526561074414
LR,time,0,804,0.0,0.11050570431301764,0.2182210329135976
LR,time,0,805,0.0,0.11718889363335913,0.22517525259767557
LR,time,0,806,0.0,0.09043221743737172,0.1631503737977702
LR,time,0,807,0.0,0.08772835210717712,0.15817339719744178
LR,time,0,808,0.0,0.10019675162032715,0.16980705589422493
LR,time,0,809,0.0,0.10281532355848803,0.17195959039166345
LR,time,0,810,0.0,0.1074654483358859,0.1754429594516414
LR,time,0,811,0.0,0.10858939940520494,0.18063575251829092
LR,time,0,812,0.0,0.10287296922832247,0.17762252326087954
LR,time,0,813,0.0,0.10695198848083884,0.17794131702800017
LR,time,0,814,0.0,0.14315469655441868,0.23716660638954665
LR,time,0,815,0.0,0.2993497411254353,0.29634283729006383
LR,time,0,816,0.0,0.34475222608610506,0.3056888913534286
LR,time,0,817,0.0,0.10668314026736017,0.17604224788668854
LR,time,0,818,0.0,0.4634820222503804,0.3207183279263293
LR,time,0,819,0.0,0.5875862227820596,0.5481565596893231
LR,time,0,820,0.0,0.18273374950416618,0.19267714322090934
LR,time,0,821,0.0,0.4247816547700662,0.4695237993751172
LR,time,0,822,0.0,0.2263296579802667,0.3086377192655126
LR,time,0,823,0.0,0.7915084351860568,0.6234037993625441
LR,time,0,824,0.0,0.19151175762232941,0.36012720341319654
LR,time,0,825,0.0,0.18749000429269846,0.236391065922017
LR,time,0,826,0.0,0.08156744576340798,0.19270207878635254
LR,time,0,827,0.0,0.34389230888396116,0.411820782736426
LR,time,0,828,0.0,0.8272653210324379,0.6447306563791771
LR,time,0,829,0.0,0.07349615246761104,0.1768150325816334
LR,time,0,830,0.0,0.3888840930319748,0.4192590937688723
LR,time,0,831,0.0,0.09913605965486742,0.20651668840819873
LR,time,0,832,0.0,0.11029949180598718,0.21706085806749273
LR,time,0,833,0.0,0.11488226981555144,0.22315852376377726
LR,time,0,834,0.0,0.09903043023701426,0.16887032670488716
LR,time,0,835,0.0,0.11743573363672075,0.21014591063167912
LR,time,0,836,0.0,0.19250235698984103,0.27061016593222426
LR,time,0,837,0.0,0.5887481272226036,0.3824311282346074
LR,time,0,838,0.0,0.28626946642100254,0.2680801282637311
LR,time,0,839,0.0,0.07018249677201048,0.1678717534319589
LR,time,0,840,0.0,0.4686662174714885,0.3236046724218159
LR,time,0,841,0.0,0.3649518667866147,0.32774217316897797
LR,time,0,842,0.0,0.08368104498521402,0.2170180125686539
LR,time,0,843,0.0,0.4258092544854093,0.3539429274140866
LR,time,0,844,0.0,0.15587320604790744,0.20698640436877944
LR,time,0,845,0.0,0.0630699911853852,0.18624136071368277
LR,time,0,846,0.0,0.36637307222465304,0.6345215758016389
LR,time,0,847,0.0,0.24170991175452575,0.47516121932844396
LR,time,0,848,0.0,0.040242696023907454,0.3165873370631389
LR,time,0,849,0.0,0.6205767214206052,0.5384919624600696
LR,time,0,850,0.0,0.1820141506999096,0.2532187037598259
LR,time,0,851,0.0,0.5657294231872936,0.46730537298099983
LR,time,0,852,0.0,0.7322251422854287,0.5663587571340546
LR,time,0,853,0.0,0.024408649585699424,0.10100050331966995
LR,time,0,854,0.0,0.05849030450393646,0.15718734692625788
LR,time,0,855,0.0,0.08354266555460808,0.1882989719835291
LR,time,0,856,0.0,0.06877235912224641,0.17179713934440488
LR,time,0,857,0.0,0.18635898112824648,0.2773801441111258
LR,time,0,858,0.0,0.6601742999451694,0.5209722400550852
LR,time,0,859,0.0,0.5465205788430388,0.35633095878207066
LR,time,0,860,0.0,0.0775367909668149,0.17466256231502242
LR,time,0,861,0.0,0.3511102980734044,0.2657681468160867
LR,time,0,862,0.0,0.49067144707716037,0.41174340483169386
LR,time,0,863,0.0,0.40355772902708636,0.2915669660222403
LR,time,0,864,0.0,0.17248881709804595,0.17817869595421704
LR,time,0,865,0.0,0.3630951166371809,0.2710150027186201
LR,time,0,866,0.0,0.07496039273863264,0.14569755098536888
LR,time,0,867,0.0,0.17500795554617396,0.17847657700942945
LR,time,0,868,0.0,0.18093142360390357,0.1823660450264725
LR,time,0,869,0.0,0.20799134613145628,0.22345363564543458
LR,time,0,870,0.0,0.081247613987748,0.11750714682971013
LR,time,0,871,0.0,0.1283456187345471,0.15073237015642926
LR,time,0,872,0.0,0.5728543860699692,0.3715150346546888
LR,time,0,873,0.0,0.15069210943360659,0.16494922257032138
LR,time,0,874,0.0,0.31365104324148113,0.24814920289656525
LR,time,0,875,0.0,0.15500339595353416,0.23808971761043457
LR,time,0,876,0.0,0.04043109786798519,0.10409852312375201
LR,time,0,877,0.0,0.058584953483132966,0.12934192697973357
LR,time,0,878,0.0,0.2674763248682128,0.28759321204968796
LR,time,0,879,0.0,0.3968536666055574,0.39828102736434523
LR,time,0,880,0.0,0.08616792445828633,0.12197485067762284
LR,time,0,881,0.0,0.1793716163576075,0.18208940705194435
LR,time,0,882,0.0,0.022387856316877036,0.07719474528087485
LR,time,0,883,0.0,0.3184938155162649,0.2822117766819228
LR,time,0,884,0.0,0.21804548137788032,0.20285219572856045
LR,time,0,885,0.0,0.11849622215983374,0.1713707385553318
LR,time,0,886,0.0,0.2571703226357401,0.2578537971490943
LR,time,0,887,0.0,0.0427339314495007,0.10808894841546304
LR,time,0,888,0.0,0.06340517742181331,0.12974547907423029
LR,time,0,889,0.0,0.06023926406775565,0.160650331223277
LR,time,0,890,0.0,0.015655332039136112,0.18002104534911073
LR,time,0,891,0.0,0.06333136060762842,0.18939761000589345
LR,time,0,892,0.0,0.08756964808261654,0.194887523961464
LR,time,0,893,0.0,0.04460311843745064,0.13970847747310783
LR,time,0,894,0.0,0.3311534529603301,0.30920078318968497
LR,time,0,895,0.0,0.04895803425492615,0.151922552204987
LR,time,0,896,0.0,0.3384158955419941,0.37802194426388386
LR,time,0,897,0.0,0.11128074932031783,0.21775098746009053
LR,time,0,898,0.0,0.09807063537501713,0.20693283441793067
LR,time,0,899,0.0,0.05059539388353159,0.15027732145190761
LR,time,0,900,0.0,0.05420108828284831,0.12535193416295576
LR,time,0,901,0.0,0.05467501029380178,0.16014646245779499
LR,time,0,902,0.0,0.5329611569146124,0.4120669207479272
LR,time,0,903,0.0,0.15519466921598188,0.21030055587770877
LR,time,0,904,0.0,0.009566290754664844,0.16758156319354492
LR,time,0,905,0.0,0.026334405968670795,0.10557515658282432
LR,time,0,906,1.0,0.026021355611387593,0.1025425071250994
LR,time,0,907,0.0,0.01280411998820786,0.21122222823498743
LR,time,0,908,0.0,0.07439734243131291,0.4267289823750355
LR,time,0,909,0.0,0.08798427279206374,0.45337006007082353
LR,time,0,910,0.0,0.08366370770267811,0.18864987643021425
LR,time,0,911,0.0,0.07435320660707123,0.17773691700131689
LR,time,0,912,0.0,0.10853040351202782,0.1727270151045771
LR,time,0,913,0.0,0.08122575025729763,0.15195238287264143
LR,time,0,914,0.0,0.1581698066252619,0.21326798411296338
LR,time,0,915,0.0,0.043590651127189045,0.11273760959623269
LR,time,0,916,0.0,0.08162378644921076,0.1551459579685615
LR,time,0,917,0.0,0.08397871405046195,0.15526383842101715
LR,time,0,918,0.0,0.07165503941529822,0.1407228906849691
LR,time,0,919,0.0,0.05940430937100053,0.1274170379332662
LR,time,0,920,0.0,0.2846068983374942,0.2834458197107309
LR,time,0,921,0.0,0.046842333545190205,0.11184940318332112
LR,time,0,922,0.0,0.05861099407555418,0.12937147140944888
LR,time,0,923,0.0,0.05780944692105449,0.15923870058861292
LR,time,0,924,0.0,0.06845227571824274,0.17275990091393914
LR,time,0,925,0.0,0.062031310334936925,0.16633216330923972
LR,time,0,926,0.0,0.08286256528309562,0.22717121168129278
LR,time,0,927,0.0,0.04875988001254874,0.14731713408733008
LR,time,0,928,0.0,0.04662991402415304,0.14426745226168047
LR,time,0,929,0.0,0.08362703703161285,0.1930472566805853
LR,time,0,930,0.0,0.04725288852186735,0.14708211499950077
LR,time,0,931,0.0,0.05114414542411689,0.1512927818364573
LR,time,0,932,0.0,0.09010963868904831,0.19647454910483894
LR,time,0,933,0.0,0.09242054441148591,0.1953723628131811
LR,time,0,934,0.0,0.03004266947952839,0.11148263604764849
LR,time,0,935,0.0,0.09016226480713799,0.19619696082460839
LR,time,0,936,0.0,0.08547880773995103,0.1554562571991747
LR,time,0,937,0.0,0.09536265249092306,0.1647709860935891
LR,time,0,938,0.0,0.09628942734179184,0.16529989832113792
LR,time,0,939,0.0,0.10191304214290375,0.17049338933184935
LR,time,0,940,0.0,0.09709310039279996,0.1662902497278329
LR,time,0,941,0.0,0.09511707658031872,0.16462418621362296
LR,time,0,942,0.0,0.09154960965363472,0.1614468561419645
LR,time,0,943,0.0,0.08931304937563896,0.15843787639544224
LR,time,0,944,0.0,0.07838554289207238,0.1478689351041227
LR,time,0,945,0.0,0.0651024498683589,0.13796223116895764
LR,time,0,946,0.0,0.051705335658775636,0.12260913923254854
LR,time,0,947,0.0,0.06890582422334147,0.14158737701097557
LR,time,0,948,0.0,0.06242965674373308,0.13579371485803932
LR,time,0,949,0.0,0.02622321765701931,0.08652442461718754
LR,time,0,950,0.0,0.06306683083092511,0.1367640883153302
LR,time,0,951,0.0,0.07343353789438484,0.1816349819918133
LR,time,0,952,0.0,0.07433301651554472,0.183216783025615
LR,time,0,953,0.0,0.0670392984922583,0.1741607686668591
LR,time,0,954,0.0,0.05513756200141443,0.15577445432838827
LR,time,0,955,0.0,0.052524033357211036,0.15235960245071176
LR,time,0,956,0.0,0.0744308269526115,0.17928645363976675
LR,time,0,957,0.0,0.05475807135099587,0.15173657736220544
LR,time,0,958,0.0,0.07070672020803447,0.1774851937655478
LR,time,0,959,0.0,0.08807295326883842,0.1970602977976584
LR,time,0,960,0.0,0.07486881031365489,0.1478339139713128
LR,time,0,961,0.0,0.06973162344543266,0.14120659752756862
LR,time,0,962,0.0,0.06556320015944668,0.13616335021944326
LR,time,0,963,0.0,0.03493114819229126,0.10282129819340406
LR,time,0,964,0.0,0.04314026369578696,0.11204941749138146
LR,time,0,965,0.0,0.02801677711903525,0.25262979932276386
LR,time,0,966,0.0,0.03632295975624413,0.27546924343596535
LR,time,0,967,0.0,0.04598905129587491,0.30760717375429925
LR,time,0,968,0.0,0.046497984966732506,0.135898388383765
LR,time,0,969,0.0,0.04597846411114207,0.14903288199072243
LR,time,0,970,0.0,0.049382013472094546,0.15398873441537694
LR,time,0,971,0.0,0.0679851721706377,0.17083056258300952
LR,time,0,972,0.0,0.06443025031311567,0.13735485294391364
LR,time,0,973,0.0,0.06495721762675705,0.14458938397567633
LR,time,0,974,0.0,0.07886062178844545,0.14897246350311094
LR,time,0,975,0.0,0.08306506200932254,0.15597051657045086
LR,time,0,976,0.0,0.07114312295162653,0.14091367993584386
LR,time,0,977,0.0,0.054943827836620746,0.13013440976550453
LR,time,0,978,0.0,0.061469201221579915,0.1319094141780309
LR,time,0,979,0.0,0.08367532193810846,0.1539524955468953
LR,time,0,980,0.0,0.08350138359133003,0.15410295259476417
LR,time,0,981,0.0,0.06727461714843817,0.1407114071832538
LR,time,0,982,0.0,0.06471851797861082,0.1366769421671865
LR,time,0,983,0.0,0.06017562988302839,0.13048818657154176
LR,time,0,984,0.0,0.05736024740673418,0.13029536891146382
LR,time,0,985,0.0,0.07600873075344103,0.14973764607907952
LR,time,0,986,0.0,0.07326928867389539,0.1446636092547854
LR,time,0,987,0.0,0.07863958500400256,0.14709861636653515
LR,time,0,988,0.0,0.050342010294841116,0.11984353852066149
LR,time,0,989,0.0,0.09659611863250481,0.16706093847161285
LR,time,0,990,0.0,0.07300796112379088,0.14503653981131093
LR,time,0,991,0.0,0.09162763007218483,0.16291290233027847
LR,time,0,992,0.0,0.07100481624573231,0.14328824328133652
LR,time,0,993,0.0,0.06117775826645062,0.1358471995078516
LR,time,0,994,0.0,0.06591138462044296,0.1423512211885634
LR,time,0,995,0.0,0.08206319186051579,0.16033910067588025
LR,time,0,996,0.0,0.06832965143706467,0.1430076679921233
LR,time,0,997,0.0,0.08378047053952628,0.15649941747041154
LR,time,0,998,0.0,0.04267544861542001,0.10970193257849632
LR,time,0,999,0.0,0.05462524661230976,0.13285571411925598
LR,time,0,1000,0.0,0.07609919301602412,0.15034855175752432
LR,time,0,1001,0.0,0.08003276386623993,0.15435682736546635
LR,time,0,1002,0.0,0.09787416031925679,0.17079498663471468
LR,time,0,1003,0.0,0.09634239951931658,0.16729189585723614
LR,time,0,1004,0.0,0.08637014704942032,0.15836447400102374
LR,time,0,1005,0.0,0.0964696033504005,0.17487892641286445
LR,time,0,1006,0.0,0.07034798875438607,0.1536633046326652
LR,time,0,1007,0.0,0.08004085334227083,0.16159785729779932
LR,time,0,1008,0.0,0.09589915505787926,0.16753398109599887
LR,time,0,1009,0.0,0.08040142964447403,0.16461738246443539
LR,time,0,1010,0.0,0.07396421779925497,0.15166434192745012
LR,time,0,1011,0.0,0.09231385512532488,0.16279428332201162
LR,time,0,1012,0.0,0.04394548983702191,0.11676370745373707
LR,time,0,1013,0.0,0.07468549092539012,0.15125470799335639
LR,time,0,1014,0.0,0.05040694396290522,0.1203573209321105
LR,time,0,1015,0.0,0.0612808223672527,0.13606242104185334
LR,time,0,1016,0.0,0.06759596944553607,0.14534321430175562
LR,time,0,1017,0.0,0.07655042240962527,0.15624440619307076
LR,time,0,1018,0.0,0.07626619927574262,0.15036236307320028
LR,time,0,1019,0.0,0.07161174178386115,0.15087447202590212
LR,time,0,1020,0.0,0.06239788875746422,0.13896173820555668
LR,time,0,1021,0.0,0.1005371911779216,0.1729508358712654
LR,time,0,1022,0.0,0.09068016418504467,0.166690922679142
LR,time,0,1023,0.0,0.06796502395022286,0.14328253292370152
LR,time,0,1024,0.0,0.07818745745164789,0.15536557384328753
LR,time,0,1025,0.0,0.08551539170207596,0.15569884632387684
LR,time,0,1026,0.0,0.033869267176054055,0.10178126130016858
LR,time,0,1027,0.0,0.05971429055546976,0.12986103814499197
LR,time,0,1028,0.0,0.06650748759375573,0.14228131764439422
LR,time,0,1029,0.0,0.0790216930311349,0.15893718946284355
LR,time,0,1030,0.0,0.08562874859520855,0.16186380004634265
LR,time,1,1031,0.0,0.1173260238513565,0.06926824748993148
LR,time,1,1032,0.0,0.14948648436598305,0.12336335397757789
LR,time,1,1033,0.0,0.1797451339601428,0.22080836361463776
LR,time,1,1034,0.0,0.1326770030057559,0.08966037259109351
LR,time,1,1035,0.0,0.12911296695046415,0.0824182168356055
LR,time,1,1036,0.0,0.13906351978286266,0.09300109465350519
LR,time,1,1037,0.0,0.188062694168673,0.1522421792325254
LR,time,1,1038,0.0,0.1266910056816138,0.07263286088397601
LR,time,1,1039,0.0,0.14050319222459287,0.09990576510988296
LR,time,1,1040,0.0,0.1624818312871389,0.12003270065588426
LR,time,1,1041,0.0,0.1469960197229487,0.10619486924080734
LR,time,1,1042,0.0,0.09559299825325118,0.06376453149168056
LR,time,1,1043,0.0,0.16812189262518626,0.14203504603540304
LR,time,1,1044,0.0,0.15746788181833848,0.11446306940875954
LR,time,1,1045,0.0,0.12529283406382868,0.07316631602299334
LR,time,1,1046,0.0,0.16841518851119472,0.12694896443648954
LR,time,1,1047,0.0,0.11645477443706845,0.0663145341595209
LR,time,1,1048,0.0,0.10490767686691051,0.05367581359308706
LR,time,1,1049,0.0,0.08619790941491744,0.038228171891093746
LR,time,1,1050,0.0,0.15311017222507867,0.10854071828397731
LR,time,1,1051,0.0,0.1331766121215598,0.08919395930021842
LR,time,1,1052,0.0,0.11178007299972884,0.06669976310806759
LR,time,1,1053,0.0,0.12892134180402476,0.07728915637781802
LR,time,1,1054,0.0,0.1528337482389358,0.11121207665678563
LR,time,1,1055,0.0,0.09724206088757499,0.05344655516239531
LR,time,1,1056,0.0,0.18376227894556074,0.15138998991086616
LR,time,1,1057,0.0,0.13447288923855263,0.0957775671487558
LR,time,1,1058,0.0,0.13560753922398947,0.09613152208668821
LR,time,1,1059,0.0,0.13473499721197954,0.09766775493129633
LR,time,1,1060,0.0,0.13778689899539617,0.10516653143260742
LR,time,1,1061,0.0,0.13939219815534257,0.10002266633062064
LR,time,1,1062,0.0,0.13440083374825162,0.09078437812424897
LR,time,1,1063,0.0,0.12399220671469739,0.07889564748780997
LR,time,1,1064,0.0,0.13779720265944737,0.09633954525012788
LR,time,1,1065,0.0,0.11619156336174694,0.09064014580056995
LR,time,1,1066,0.0,0.14831321806521583,0.10804309108759698
LR,time,1,1067,0.0,0.14257706600794387,0.10356516359077522
LR,time,1,1068,0.0,0.08604983687960144,0.04190617212589
LR,time,1,1069,0.0,0.1346250480440918,0.09296275137280584
LR,time,1,1070,0.0,0.1683057584067355,0.13864124478426834
LR,time,1,1071,0.0,0.14016949255631156,0.09330303528548783
LR,time,1,1072,0.0,0.12469483192967044,0.08445964631990303
LR,time,1,1073,0.0,0.2003362388788678,0.1733338909793837
LR,time,1,1074,0.0,0.1846815639563328,0.14714973774678608
LR,time,1,1075,0.0,0.13405265160384477,0.0843310117852983
LR,time,1,1076,0.0,0.10955200007065069,0.06423134617261328
LR,time,1,1077,0.0,0.1031535974616022,0.06580122383408837
LR,time,1,1078,0.0,0.15597347939125691,0.11789948581756014
LR,time,1,1079,0.0,0.19382584960081803,0.2305861735355158
LR,time,1,1080,0.0,0.15123948648976454,0.17458654761880746
LR,time,1,1081,0.0,0.16769026108358306,0.1944906934045174
LR,time,1,1082,0.0,0.16848358103708003,0.18044192968079442
LR,time,1,1083,0.0,0.09670805698754197,0.08010939178295312
LR,time,1,1084,0.0,0.11253037891243811,0.11440581786559392
LR,time,1,1085,0.0,0.14817144342497304,0.11023468609387585
LR,time,1,1086,0.0,0.12901486727327421,0.12894315910999057
LR,time,1,1087,0.0,0.13420117737638404,0.14213233684519494
LR,time,1,1088,0.0,0.1756660669611119,0.11645603773662894
LR,time,1,1089,0.0,0.21279977850912388,0.14515172964106338
LR,time,1,1090,0.0,0.28206192205006814,0.25511857711412794
LR,time,1,1091,0.0,0.1975374385182363,0.1552460421130938
LR,time,1,1092,0.0,0.2091595166307938,0.17475970416062675
LR,time,1,1093,0.0,0.24580120113627382,0.23497862030923775
LR,time,1,1094,0.0,0.22522460562683022,0.20059863504055653
LR,time,1,1095,0.0,0.24159605142797488,0.21613944141572228
LR,time,1,1096,0.0,0.20508206784585722,0.18780788972266999
LR,time,1,1097,0.0,0.2019406085304286,0.18487210154843606
LR,time,1,1098,0.0,0.21403094235738931,0.2063846729529134
LR,time,1,1099,0.0,0.3228197133095331,0.31894675874352824
LR,time,1,1100,0.0,0.32864302487659497,0.3287147752358044
LR,time,1,1101,0.0,0.29891238943418963,0.27798544847092815
LR,time,1,1102,0.0,0.2509944337312478,0.2187516811584919
LR,time,1,1103,0.0,0.31507434465233997,0.30510260486804114
LR,time,1,1104,1.0,0.2664481944253713,0.21787381360200647
LR,time,1,1105,0.0,0.25391016894027424,0.3214502512552201
LR,time,1,1106,0.0,0.2543104966289693,0.261473210116976
LR,time,1,1107,0.0,0.21026289809168247,0.178489225990854
LR,time,1,1108,0.0,0.2578164145300548,0.2459271009505614
LR,time,1,1109,0.0,0.3196380726421579,0.31073799972745236
LR,time,1,1110,0.0,0.2553919520344045,0.24011381468750634
LR,time,1,1111,0.0,0.2915650278782385,0.24416324336040376
LR,time,1,1112,0.0,0.38206082447974943,0.3424189051477699
LR,time,1,1113,0.0,0.2933617914920912,0.20747616247116157
LR,time,1,1114,0.0,0.17652703232926337,0.07171037135269694
LR,time,1,1115,0.0,0.22435902712999833,0.12525692611708386
LR,time,1,1116,0.0,0.377574255995854,0.34700187278391814
LR,time,1,1117,0.0,0.33059411865462623,0.2508428365176389
LR,time,1,1118,0.0,0.37333975766111555,0.3396776381516336
LR,time,1,1119,0.0,0.15005548637323537,0.028661539307873577
LR,time,1,1120,0.0,0.16957547559834144,0.1645420028094379
LR,time,1,1121,0.0,0.1421455344583201,0.11048803733706651
LR,time,1,1122,0.0,0.1463297013300789,0.12775761822687615
LR,time,1,1123,0.0,0.25420678285500076,0.21774919571440862
LR,time,1,1124,0.0,0.27590233172628015,0.2583312031184486
LR,time,1,1125,0.0,0.17986316435972532,0.115340163969809
LR,time,1,1126,0.0,0.12084869148095077,0.05807394010687863
LR,time,1,1127,0.0,0.2053465146577548,0.15562153017877747
LR,time,1,1128,0.0,0.2994879195268223,0.29016840805393723
LR,time,1,1129,0.0,0.2976532563422327,0.2809974984492371
LR,time,1,1130,0.0,0.3166446515691447,0.3061942813093084
LR,time,1,1131,0.0,0.31042736902358176,0.2893841172341409
LR,time,1,1132,0.0,0.32937018574579513,0.3202506152537031
LR,time,1,1133,0.0,0.234374996216599,0.17845851318821931
LR,time,1,1134,0.0,0.27913644414386674,0.24508456046651766
LR,time,1,1135,0.0,0.2674933829641467,0.2255080376466643
LR,time,1,1136,0.0,0.3175078507519794,0.31064429422086043
LR,time,1,1137,0.0,0.2704417337566889,0.2230238983389882
LR,time,1,1138,0.0,0.31163787507959306,0.2906159906910698
LR,time,1,1139,0.0,0.26553110175973027,0.2245744947310918
LR,time,1,1140,0.0,0.41089308470788066,0.4362994252348397
LR,time,1,1141,0.0,0.3500733210169818,0.3707623550193559
LR,time,1,1142,0.0,0.35663637632143524,0.3492026726553403
LR,time,1,1143,0.0,0.3322514093263613,0.33694463327004187
LR,time,1,1144,0.0,0.17847971078255376,0.18723938179798721
LR,time,1,1145,0.0,0.1722307693444052,0.16040716870417895
LR,time,1,1146,0.0,0.22211672469737342,0.22874565469180727
LR,time,1,1147,0.0,0.22937325814233162,0.17985554502732465
LR,time,1,1148,0.0,0.26374221779989654,0.23163729713812312
LR,time,1,1149,0.0,0.2253297869700054,0.1670230806292472
LR,time,1,1150,0.0,0.29620759793136603,0.2876077632578082
LR,time,1,1151,0.0,0.3292641878084141,0.3435850253716757
LR,time,1,1152,0.0,0.24198164252368953,0.19704288188705713
LR,time,1,1153,0.0,0.17358647838944355,0.10688975267748463
LR,time,1,1154,0.0,0.23209166907011064,0.19964973239098927
LR,time,1,1155,0.0,0.2437472023537985,0.205627054528068
LR,time,1,1156,0.0,0.35197291887170223,0.34717978251137815
LR,time,1,1157,0.0,0.39678410355683985,0.43456750333414174
LR,time,1,1158,0.0,0.4086147785172036,0.4355035401751313
LR,time,1,1159,0.0,0.33061669668861693,0.3504010761718422
LR,time,1,1160,0.0,0.16625888601939157,0.14136082406476994
LR,time,1,1161,0.0,0.18352574258065948,0.17222750344921708
LR,time,1,1162,0.0,0.19276866060913783,0.18922714988457748
LR,time,1,1163,0.0,0.23808475709708915,0.2510862025494464
LR,time,1,1164,0.0,0.21158086135035498,0.20270119682714882
LR,time,1,1165,0.0,0.19920381309345092,0.18773840666985822
LR,time,1,1166,0.0,0.23163927653150165,0.20174948059625353
LR,time,1,1167,0.0,0.19426709200770562,0.18068025947154898
LR,time,1,1168,0.0,0.21758185046334833,0.21069880141293876
LR,time,1,1169,0.0,0.19674590120249355,0.17200877365370754
LR,time,1,1170,0.0,0.2194669803856659,0.20952990602799
LR,time,1,1171,0.0,0.19621336518278615,0.16409816844728922
LR,time,1,1172,0.0,0.19707131699375982,0.18086011077338696
LR,time,1,1173,0.0,0.17456585473802,0.14433328091663827
LR,time,1,1174,0.0,0.212670230138895,0.20321865058158364
LR,time,1,1175,0.0,0.22332744651348607,0.2162502934219009
LR,time,1,1176,0.0,0.20729120072689106,0.18879115854192777
LR,time,1,1177,0.0,0.21559815396323798,0.2055583999209988
LR,time,1,1178,0.0,0.20054398252556674,0.19253391671902706
LR,time,1,1179,0.0,0.20911750082478434,0.1994207720037929
LR,time,1,1180,0.0,0.2028361354754345,0.18291641132095476
LR,time,1,1181,0.0,0.19568353043305067,0.18370357142175334
LR,time,1,1182,0.0,0.3326330886642381,0.3186847329324544
LR,time,1,1183,0.0,0.4342528077285827,0.45655216562621664
LR,time,1,1184,0.0,0.29461489099425653,0.2599497029488761
LR,time,1,1185,0.0,0.3093092743064005,0.3447641349024702
LR,time,1,1186,1.0,0.2765244600251484,0.2431367795107401
LR,time,1,1187,0.0,0.27860318021696706,0.3028123576583147
LR,time,1,1188,0.0,0.19471229634599374,0.20785114920407013
LR,time,1,1189,0.0,0.2797734976106493,0.24388916567506602
LR,time,1,1190,0.0,0.27711747840500156,0.2841365620240187
LR,time,1,1191,0.0,0.16918504640835913,0.16356661180740165
LR,time,1,1192,0.0,0.24010409091566662,0.22982891916428222
LR,time,1,1193,0.0,0.31785097097615284,0.333637591602541
LR,time,1,1194,0.0,0.5646147382286008,0.5811764449504807
LR,time,1,1195,0.0,0.4130481720888398,0.34860852768070016
LR,time,1,1196,0.0,0.4364778377434599,0.41209847902988167
LR,time,1,1197,0.0,0.4292493034624003,0.4104136937801145
LR,time,1,1198,0.0,0.46139988031647283,0.44887705295652447
LR,time,1,1199,0.0,0.354929014106751,0.2945882384678162
LR,time,1,1200,1.0,0.32099038532207436,0.2729734990132498
LR,time,1,1201,0.0,0.2532475656996565,0.3109458076496923
LR,time,1,1202,0.0,0.5283599230258174,0.5975848430390586
LR,time,1,1203,0.0,0.2712434466915641,0.2755565645686929
LR,time,1,1204,0.0,0.2691258688312983,0.28042086149366974
LR,time,1,1205,0.0,0.5010052767523081,0.5285876456127029
LR,time,1,1206,0.0,0.40411411419958765,0.37607877986435767
LR,time,1,1207,0.0,0.5463969063200373,0.5707517126097335
LR,time,1,1208,0.0,0.4596901276190099,0.46545291939288574
LR,time,1,1209,0.0,0.4269786524647094,0.4229277766603833
LR,time,1,1210,0.0,0.47471692437385893,0.5063789101559462
LR,time,1,1211,0.0,0.4962069868370474,0.53936556437285
LR,time,1,1212,0.0,0.48324370333901967,0.5068408078019688
LR,time,1,1213,0.0,0.42814041529679125,0.43262255539004824
LR,time,1,1214,0.0,0.4202063279674342,0.41082735973423273
LR,time,1,1215,0.0,0.4609056458887882,0.480474689962224
LR,time,1,1216,0.0,0.26884554963768204,0.274505381647988
LR,time,1,1217,0.0,0.32406165091428074,0.37910467714822593
LR,time,1,1218,0.0,0.32445036597668114,0.3238529396413945
LR,time,1,1219,0.0,0.44688249001156566,0.44923656396958983
LR,time,1,1220,0.0,0.445180883228603,0.4657253731095575
LR,time,1,1221,0.0,0.4631886667246023,0.49841344145086364
LR,time,1,1222,0.0,0.22675805058338724,0.15284389992838365
LR,time,1,1223,0.0,0.4435266451709721,0.43450317517926224
LR,time,1,1224,0.0,0.31525876460254293,0.39114884140400913
LR,time,1,1225,0.0,0.4746766763809645,0.48582774714993887
LR,time,1,1226,0.0,0.4783900728021231,0.5001097113181319
LR,time,1,1227,0.0,0.5188053785639062,0.51787425804454
LR,time,1,1228,0.0,0.4710539194716632,0.5251062908510138
LR,time,1,1229,0.0,0.4438042792066174,0.45345130959838215
LR,time,1,1230,0.0,0.33572139281443425,0.27427783027084623
LR,time,1,1231,0.0,0.5001693383948095,0.516627296641917
LR,time,1,1232,0.0,0.3194028040449628,0.3524555101799324
LR,time,1,1233,0.0,0.16220896309678912,0.19742400830271165
LR,time,1,1234,0.0,0.2678072270654332,0.2673418425732341
LR,time,1,1235,0.0,0.2834873962916248,0.3048874019956951
LR,time,1,1236,0.0,0.32767819399600717,0.32527282315690914
LR,time,1,1237,0.0,0.26319589011794087,0.25100080620974213
LR,time,1,1238,0.0,0.17140633913772152,0.18860959380588913
LR,time,1,1239,0.0,0.10818675865657904,0.07941825070826315
LR,time,1,1240,0.0,0.17845102530012122,0.19248086141832121
LR,time,1,1241,0.0,0.16875364142170016,0.16611827923630687
LR,time,1,1242,0.0,0.17785707329360906,0.17440630881664188
LR,time,1,1243,0.0,0.1676036648504354,0.15860917752358647
LR,time,1,1244,0.0,0.1955076450789868,0.20834152819369015
LR,time,1,1245,0.0,0.1910495821106031,0.1852600973298684
LR,time,1,1246,0.0,0.18080454990815878,0.17070481474819238
LR,time,1,1247,0.0,0.18263326534560864,0.16761547732148382
LR,time,1,1248,0.0,0.18015796572932657,0.16558692862498686
LR,time,1,1249,0.0,0.1712599548735249,0.14618103320328601
LR,time,1,1250,0.0,0.17231203148784152,0.14727732337341315
LR,time,1,1251,0.0,0.09246052234001051,0.04564940037758629
LR,time,1,1252,0.0,0.2097266889213291,0.22317450428965538
LR,time,1,1253,0.0,0.18871861695486172,0.17351713158354942
LR,time,1,1254,0.0,0.19621943495944594,0.16677810716485597
LR,time,1,1255,0.0,0.167526273632087,0.12668306812944025
LR,time,1,1256,0.0,0.18128573326661784,0.17655701143977726
LR,time,1,1257,0.0,0.16127057093849614,0.11968866538091191
LR,time,1,1258,0.0,0.19032703672463813,0.15668817969160945
LR,time,1,1259,0.0,0.15658720988155214,0.1258551328864693
LR,time,1,1260,0.0,0.15920466187493396,0.14122048809503018
LR,time,1,1261,0.0,0.11930781737633499,0.12390845381381033
LR,time,1,1262,0.0,0.13643200938668668,0.11146759918108391
LR,time,1,1263,0.0,0.19800674636627016,0.15452817399182328
LR,time,1,1264,0.0,0.19266028696107013,0.13294485144999144
LR,time,1,1265,0.0,0.11737783361964554,0.11142973658443232
LR,time,1,1266,0.0,0.15049377257290805,0.0858562860338216
LR,time,1,1267,0.0,0.1843889651703262,0.14376271953741118
LR,time,1,1268,0.0,0.3330064368898784,0.3324994741039605
LR,time,1,1269,0.0,0.11142331849219908,0.057951819342426235
LR,time,1,1270,0.0,0.2957186334333839,0.2703262711118173
LR,time,1,1271,0.0,0.2601114800552438,0.23706974225911356
LR,time,1,1272,0.0,0.2773632593847302,0.25859812846098423
LR,time,1,1273,0.0,0.3062857281206557,0.26861668774144837
LR,time,1,1274,0.0,0.27361375009018213,0.2502789708733201
LR,time,1,1275,0.0,0.2810168484252406,0.26336954303090215
LR,time,1,1276,0.0,0.3188263625219069,0.2932640986136677
LR,time,1,1277,0.0,0.26387781736029114,0.21919967406717336
LR,time,1,1278,0.0,0.24047718921661743,0.20436549321077582
LR,time,1,1279,0.0,0.288880201429436,0.26778989493642524
LR,time,1,1280,0.0,0.09039606566256159,0.056713715925400615
LR,time,1,1281,0.0,0.20629079307571685,0.16328720260809057
LR,time,1,1282,0.0,0.2233800402118053,0.18204829046250426
LR,time,1,1283,0.0,0.26241351954999936,0.23903620472821818
LR,time,1,1284,0.0,0.15151044177273074,0.10752645111455389
LR,time,1,1285,0.0,0.2351594044635869,0.20054093829887168
LR,time,1,1286,0.0,0.10265242423013497,0.05927550549996482
LR,time,1,1287,0.0,0.11014835227544702,0.06375261437431487
LR,time,1,1288,0.0,0.26455805594071347,0.26828190400517665
LR,time,1,1289,0.0,0.28445260433621883,0.2732375673998532
LR,time,1,1290,0.0,0.2025305000209052,0.19907337247591994
LR,time,1,1291,0.0,0.22147803955812087,0.29460992621452653
LR,time,1,1292,0.0,0.28002424120551744,0.24568269227560566
LR,time,1,1293,0.0,0.24500637448123522,0.2943586706207404
LR,time,1,1294,0.0,0.2043829450666442,0.15415395297095116
LR,time,1,1295,0.0,0.21949994592772795,0.2265904078293394
LR,time,1,1296,0.0,0.11945857816225977,0.08766035968354176
LR,time,1,1297,0.0,0.12860748506241376,0.10765525003451996
LR,time,1,1298,0.0,0.2719758342834228,0.3491669036181072
LR,time,1,1299,0.0,0.3262589235953505,0.3141192698582994
LR,time,1,1300,0.0,0.25486535058236526,0.23689864828175716
LR,time,1,1301,0.0,0.20187715552372462,0.21493576060730885
LR,time,1,1302,0.0,0.2449118207548923,0.2706422984590815
LR,time,1,1303,0.0,0.22072025970848141,0.19808986442964746
LR,time,1,1304,0.0,0.4357637164182661,0.4321164745126377
LR,time,1,1305,0.0,0.28369402048065684,0.2705945210452807
LR,time,1,1306,0.0,0.34772867367350074,0.26917481572021
LR,time,1,1307,0.0,0.3551883684557473,0.302070092933487
LR,time,1,1308,0.0,0.3629886859109498,0.29335387772386934
LR,time,1,1309,0.0,0.39797137274366806,0.3378006945047785
LR,time,1,1310,0.0,0.25534145684474757,0.22954524154650638
LR,time,1,1311,0.0,0.2890981145660891,0.2700450808277811
LR,time,1,1312,0.0,0.45485094580196433,0.41064747417425185
LR,time,1,1313,0.0,0.43626904031665054,0.3723233122311431
LR,time,1,1314,0.0,0.4263134462060015,0.3570484803004684
LR,time,1,1315,0.0,0.41783693429460234,0.3577954881206562
LR,time,1,1316,0.0,0.3809699295970999,0.31135278013909634
LR,time,1,1317,0.0,0.27412390348562904,0.17519254825822717
LR,time,1,1318,0.0,0.309658641778555,0.25303140375241223
LR,time,1,1319,0.0,0.3325695953658487,0.2589676532010376
LR,time,1,1320,0.0,0.3839932250903874,0.3351143513913081
LR,time,1,1321,0.0,0.23556409053805052,0.1957331927593961
LR,time,1,1322,0.0,0.28285305615647804,0.27568083320602976
LR,time,1,1323,0.0,0.31121115565213564,0.23221419002474994
LR,time,1,1324,0.0,0.3209853589748669,0.2512377409785019
LR,time,1,1325,0.0,0.333567908549289,0.27311118068264745
LR,time,1,1326,0.0,0.2844739358597152,0.25497736245277836
LR,time,1,1327,0.0,0.37906192636509284,0.31235373129207566
LR,time,1,1328,0.0,0.25245302855877017,0.1789426499676525
LR,time,1,1329,0.0,0.31556281223674776,0.24778963090092676
LR,time,1,1330,0.0,0.27074051089083756,0.2554641625264162
LR,time,1,1331,0.0,0.258970351920698,0.23549481797077637
LR,time,1,1332,0.0,0.42979926507524147,0.37505452134987094
LR,time,1,1333,0.0,0.4528797969228576,0.41840220045444587
LR,time,1,1334,0.0,0.07351321874561546,0.027624392637465505
LR,time,1,1335,0.0,0.1717161652873065,0.27934923549190877
LR,time,1,1336,0.0,0.27836393556671024,0.5017736938756142
LR,time,1,1337,0.0,0.4298345914938659,0.33084499436126025
LR,time,1,1338,0.0,0.41101735734422207,0.32069298754477904
LR,time,1,1339,0.0,0.5019572564897922,0.4343736340643064
LR,time,1,1340,0.0,0.32270703216442065,0.22669647832751882
LR,time,1,1341,0.0,0.25644420080407554,0.23807554125075403
LR,time,1,1342,0.0,0.4113731900661608,0.34118401573719837
LR,time,1,1343,0.0,0.3525585442686496,0.2727656140911999
LR,time,1,1344,0.0,0.45623592873026664,0.38422872079093906
LR,time,1,1345,0.0,0.4556101230930113,0.4017510836965585
LR,time,1,1346,0.0,0.3821121004036846,0.32749515068264784
LR,time,1,1347,0.0,0.2979251289491699,0.26861788862107777
LR,time,1,1348,0.0,0.43599021934576687,0.3925275792508755
LR,time,1,1349,0.0,0.4331977872118966,0.3661263279987825
LR,time,1,1350,0.0,0.2321629993290607,0.23616536054049644
LR,time,1,1351,0.0,0.45808369069995997,0.42230066156500645
LR,time,1,1352,0.0,0.2086927597757629,0.2079841780859421
LR,time,1,1353,0.0,0.13465305598853952,0.12775777476513706
LR,time,1,1354,0.0,0.17993048469147446,0.16028224683545736
LR,time,1,1355,0.0,0.3110354790227197,0.33660752703259844
LR,time,1,1356,0.0,0.10185166586079197,0.07333083947369151
LR,time,1,1357,0.0,0.33767320866225115,0.3859145494459962
LR,time,1,1358,0.0,0.2554232761647304,0.24612799846295563
LR,time,1,1359,0.0,0.2859319186115743,0.27045428003805805
LR,time,1,1360,0.0,0.09787898645086393,0.1339688966771193
LR,time,1,1361,0.0,0.05943217045199033,0.061588946762012764
LR,time,1,1362,0.0,0.25383914637405336,0.2294711235273238
LR,time,1,1363,0.0,0.3100337715457855,0.3124700291528613
LR,time,1,1364,0.0,0.28433115788399266,0.33550332145986844
LR,time,1,1365,0.0,0.46328129204602914,0.5297077440795412
LR,time,1,1366,1.0,0.16144188642814994,0.1501445562278098
LR,time,1,1367,0.0,0.21707458363294088,0.23319735463022562
LR,time,1,1368,0.0,0.5183398456200405,0.5681369182037943
LR,time,1,1369,0.0,0.48872523002807317,0.5191047564369808
LR,time,1,1370,0.0,0.4924676441335961,0.5319454941524254
LR,time,1,1371,0.0,0.5633858924763844,0.6371880226210214
LR,time,1,1372,0.0,0.4936529185182364,0.5521056636861617
LR,time,1,1373,0.0,0.4881006476542875,0.5155130073077641
LR,time,1,1374,0.0,0.4866637928338515,0.5093121597160176
LR,time,1,1375,0.0,0.5016705259524068,0.5455816268873944
LR,time,1,1376,0.0,0.45002133310295556,0.45035701553707014
LR,time,1,1377,0.0,0.4202408141759937,0.4090990556418914
LR,time,1,1378,0.0,0.3958271069213545,0.39803266123016845
LR,time,1,1379,1.0,0.410241190989086,0.27093614502107966
LR,time,1,1380,0.0,0.34230335683732366,0.3830256652899402
LR,time,1,1381,0.0,0.5347859489816257,0.6023338415299168
LR,time,1,1382,0.0,0.4834185845157942,0.5180828086267856
LR,time,1,1383,0.0,0.49841867207940904,0.536119095152182
LR,time,1,1384,0.0,0.5596385469748809,0.6308281106441783
LR,time,1,1385,0.0,0.17333201357223801,0.21023252566302136
LR,time,1,1386,0.0,0.15959128876442735,0.15602593863324063
LR,time,1,1387,0.0,0.5519460679183918,0.56190620845476
LR,time,1,1388,0.0,0.3909887982600943,0.3740597728210993
LR,time,1,1389,0.0,0.4484906978082892,0.4555711473998733
LR,time,1,1390,0.0,0.45509238510416294,0.48781040511935775
LR,time,1,1391,0.0,0.42427578884270956,0.41573105442894653
LR,time,1,1392,0.0,0.21984239648129278,0.18813594352069027
LR,time,1,1393,0.0,0.2036567709173961,0.17806251211517315
LR,time,1,1394,0.0,0.3217748651898584,0.3349637494320074
LR,time,1,1395,0.0,0.31302037301478247,0.313931348843059
LR,time,1,1396,0.0,0.35031905171683686,0.377248281167624
LR,time,1,1397,0.0,0.3308786286804014,0.3473059322830255
LR,time,1,1398,0.0,0.28400305344025056,0.2686486006045345
LR,time,1,1399,0.0,0.35314334109005846,0.34897423837232544
LR,time,1,1400,0.0,0.2785602853941004,0.2673374435559222
LR,time,1,1401,0.0,0.366532006033923,0.4165057501099084
LR,time,1,1402,0.0,0.2866834884390107,0.2856496473702429
LR,time,1,1403,0.0,0.3248229885804112,0.32427624681972544
LR,time,1,1404,0.0,0.3111528150722126,0.377284991367917
LR,time,1,1405,0.0,0.27572072833322886,0.2842499449573983
LR,time,1,1406,0.0,0.23305427230746853,0.20950326661673077
LR,time,1,1407,0.0,0.2560055631133669,0.26436133187846966
LR,time,1,1408,0.0,0.424442598295098,0.47646735343749413
LR,time,1,1409,0.0,0.24513493668934405,0.25314120095417747
LR,time,1,1410,0.0,0.24193570455778093,0.2369451956017247
LR,time,1,1411,0.0,0.23473977707086408,0.24865319429149443
LR,time,1,1412,0.0,0.20248443697431528,0.19415578853526502
LR,time,1,1413,0.0,0.18056460781655456,0.14950527329190413
LR,time,1,1414,0.0,0.21062142581648097,0.19930514613779046
LR,time,1,1415,0.0,0.20710411322565025,0.15524132591058837
LR,time,1,1416,0.0,0.16672261261465768,0.1438910562978733
LR,time,1,1417,0.0,0.2551683473027859,0.259765394482517
LR,time,1,1418,0.0,0.16930309147780664,0.1479427657277709
LR,time,1,1419,0.0,0.1424327544439216,0.10282567540431345
LR,time,1,1420,0.0,0.17656514784864558,0.18955953469947692
LR,time,1,1421,0.0,0.21068362500615503,0.1944270989335713
LR,time,1,1422,0.0,0.18518023812280754,0.16656138643063514
LR,time,1,1423,0.0,0.18775117491522691,0.16570190460598608
LR,time,1,1424,0.0,0.1315239898788098,0.0899348263974624
LR,time,1,1425,0.0,0.1453220066988643,0.11520621774938353
LR,time,1,1426,0.0,0.15038440936582032,0.11455602932269855
LR,time,1,1427,0.0,0.1581053744703979,0.12657764472385274
LR,time,1,1428,0.0,0.14398880252434057,0.1027880131865193
LR,time,1,1429,0.0,0.1877010287139877,0.1597385380276185
LR,time,1,1430,0.0,0.20997160829068112,0.15362184361921086
LR,time,1,1431,0.0,0.18080747629267382,0.15671546260181768
LR,time,1,1432,0.0,0.20413573011535127,0.17056296343304156
LR,time,1,1433,0.0,0.24576745529745864,0.2348841576215023
LR,time,1,1434,0.0,0.20028259187649344,0.16474754356752863
LR,time,1,1435,0.0,0.3267698804182624,0.3220960579546671
LR,time,1,1436,0.0,0.30955822697868296,0.2966374353821173
LR,time,1,1437,0.0,0.3329124190434411,0.31975810873476207
LR,time,1,1438,0.0,0.3130927224632314,0.32400358412613517
LR,time,1,1439,0.0,0.3064861917334831,0.31140472936120217
LR,time,1,1440,0.0,0.17861406168022098,0.12676658384266554
LR,time,1,1441,0.0,0.22883223331820723,0.22740036232196137
LR,time,1,1442,0.0,0.1821416575030344,0.1662877581885618
LR,time,1,1443,0.0,0.23248103395874353,0.24143707304403741
LR,time,1,1444,0.0,0.16850552152863318,0.13540923020148854
LR,time,1,1445,0.0,0.19730648154937439,0.17570827953781698
LR,time,1,1446,0.0,0.18642594868766982,0.1633267046586422
LR,time,1,1447,0.0,0.15460238891533504,0.1277609476413798
LR,time,1,1448,0.0,0.2554103391181961,0.2332383379712379
LR,time,1,1449,0.0,0.32353870184955585,0.31158434265773893
LR,time,1,1450,0.0,0.15369527267848623,0.1290215705906949
LR,time,1,1451,0.0,0.1572253720319193,0.12878086811923214
LR,time,1,1452,0.0,0.17292348551591596,0.14678636015391738
LR,time,1,1453,0.0,0.3236668424122933,0.3049140198129178
LR,time,1,1454,0.0,0.30731674250969615,0.2805870118572002
LR,time,1,1455,0.0,0.1416654952701365,0.11144938461164186
LR,time,1,1456,0.0,0.3353586813878037,0.3716513528358656
LR,time,1,1457,0.0,0.3920430462894642,0.3753279934364029
LR,time,1,1458,0.0,0.3165915017732854,0.3128470358653522
LR,time,1,1459,0.0,0.35164970254305566,0.3521721763523366
LR,time,1,1460,0.0,0.2501296317349056,0.20890348069080725
LR,time,1,1461,0.0,0.26140340609817847,0.23353561751357269
LR,time,1,1462,0.0,0.3123353924634624,0.29312700320965457
LR,time,1,1463,0.0,0.2785393783487405,0.300064800138997
LR,time,1,1464,0.0,0.3030176463565787,0.30751967002736585
LR,time,1,1465,0.0,0.32210537455237764,0.29727951952257375
LR,time,1,1466,0.0,0.2457727999224502,0.2229238590788958
LR,time,1,1467,0.0,0.23485531299176518,0.20264850243454016
LR,time,1,1468,0.0,0.20741255930937538,0.1606498013559521
LR,time,1,1469,0.0,0.2914859119227262,0.28682467367221903
LR,time,1,1470,0.0,0.3114013619423961,0.3344674642217384
LR,time,1,1471,0.0,0.29533492111353943,0.29389304169309477
LR,time,1,1472,0.0,0.2381317806323807,0.2442807366503835
LR,time,1,1473,0.0,0.27394748205822744,0.312174791848691
LR,time,1,1474,0.0,0.12820484889520029,0.11121921520648573
LR,time,1,1475,0.0,0.134331520481679,0.12024408728220162
LR,time,1,1476,0.0,0.20089278606625735,0.20798169235281547
LR,time,1,1477,0.0,0.11495464291052947,0.08376907369690603
LR,time,1,1478,0.0,0.1318767940875569,0.122224774367293
LR,time,1,1479,0.0,0.16325585735026477,0.1629639551943472
LR,time,1,1480,1.0,0.2692779001199058,0.25847617735734163
LR,time,1,1481,0.0,0.20427938753644442,0.2017040558894958
LR,time,1,1482,0.0,0.3024926714421062,0.3116583467611621
LR,time,1,1483,0.0,0.28674955895933013,0.27702316722841613
LR,time,1,1484,0.0,0.30127925374522807,0.30362584590419783
LR,time,1,1485,0.0,0.2891162054656702,0.2801090170537365
LR,time,1,1486,0.0,0.0704846304196801,0.03603301133746145
LR,time,1,1487,0.0,0.2791500011612155,0.2700904180970846
LR,time,1,1488,1.0,0.22310332258592577,0.1998811075188946
LR,time,1,1489,0.0,0.312689426701583,0.35620120294850705
LR,time,1,1490,0.0,0.3325410635826166,0.2971594024066309
LR,time,1,1491,0.0,0.2862944005001405,0.2427495664928161
LR,time,1,1492,0.0,0.3200023754202661,0.2984384375120368
LR,time,1,1493,1.0,0.3415094818173729,0.351062336188878
LR,time,1,1494,0.0,0.25277515464625944,0.3501718352817277
LR,time,1,1495,0.0,0.42481116328166807,0.49071384250401784
LR,time,1,1496,0.0,0.36932814841183925,0.37475757714407293
LR,time,1,1497,0.0,0.4463273611745069,0.5227239606521659
LR,time,1,1498,0.0,0.3424060067333986,0.34350058451715343
LR,time,1,1499,0.0,0.3150111485119653,0.25934077977032727
LR,time,1,1500,0.0,0.4774296715085656,0.5352559974775607
LR,time,1,1501,0.0,0.46376011076455503,0.5282194551656126
LR,time,1,1502,0.0,0.398657848944491,0.4004257629672008
LR,time,1,1503,0.0,0.4162554983698548,0.42176305539851
LR,time,1,1504,0.0,0.46391856338535326,0.5254224871845602
LR,time,1,1505,0.0,0.5398334171063202,0.5759704469295677
LR,time,1,1506,0.0,0.43117409866762496,0.4380017167731507
LR,time,1,1507,0.0,0.4206936998318335,0.4108860345141121
LR,time,1,1508,0.0,0.38550911981304115,0.35693162543688844
LR,time,1,1509,0.0,0.2690711816035041,0.09974579211579636
LR,time,1,1510,0.0,0.26810790761492326,0.23611562590110394
LR,time,1,1511,0.0,0.3736176882305861,0.39535552088455816
LR,time,1,1512,0.0,0.5488391168798336,0.4642920467933005
LR,time,1,1513,0.0,0.35923368635234254,0.3075486393914121
LR,time,1,1514,0.0,0.3488679621996615,0.34222451784503966
LR,time,1,1515,1.0,0.2825116562957381,0.23047757157268525
LR,time,1,1516,0.0,0.41396772824721784,0.40577730823483094
LR,time,1,1517,0.0,0.5674648092358626,0.49025972326435213
LR,time,1,1518,0.0,0.5594386618036997,0.4786562532343262
LR,time,1,1519,0.0,0.3269912505036585,0.2786554954398352
LR,time,1,1520,0.0,0.566083977174231,0.4753782945996822
LR,time,1,1521,0.0,0.6429128612802091,0.6068212322605735
LR,time,1,1522,0.0,0.3963070361173896,0.24944209134764295
LR,time,1,1523,0.0,0.3117008454434867,0.28575435764230855
LR,time,1,1524,0.0,0.5224186857202697,0.4784807519127808
LR,time,1,1525,0.0,0.29198168592025475,0.13430946299744592
LR,time,1,1526,0.0,0.38855869492635536,0.32601341617665575
LR,time,1,1527,0.0,0.4391511513220857,0.38039997519893975
LR,time,1,1528,0.0,0.7647110038744861,0.7964418506870237
LR,time,1,1529,0.0,0.3105660922009844,0.27096223847856904
LR,time,1,1530,0.0,0.6495074567734211,0.6461589107286445
LR,time,1,1531,0.0,0.6427472000341204,0.6126521377759785
LR,time,1,1532,0.0,0.6296824313013171,0.6028453368983703
LR,time,1,1533,0.0,0.4691170032516015,0.3402266326686351
LR,time,1,1534,0.0,0.4999443822826352,0.4283411609862238
LR,time,1,1535,0.0,0.5646280225231014,0.5380601721005273
LR,time,1,1536,0.0,0.591785689561046,0.6956255794878555
LR,time,1,1537,0.0,0.5966701595521122,0.6497270864848687
LR,time,1,1538,0.0,0.6642072266405252,0.7250557638425078
LR,time,1,1539,0.0,0.7004853539722964,0.8001184766319578
LR,time,1,1540,0.0,0.5020816330480133,0.5043674737172621
LR,time,1,1541,0.0,0.6705677102539438,0.7796247395162471
LR,time,1,1542,1.0,0.3858776661000583,0.3483794277656147
LR,time,1,1543,0.0,0.4612698738997479,0.4174571957528529
LR,time,1,1544,0.0,0.4954634818192186,0.5630000785990801
LR,time,1,1545,0.0,0.5634494690386304,0.6644050417922146
LR,time,2,1546,1.0,0.5967885110908763,0.6169131239725537
LR,time,2,1547,0.0,0.34828435538875135,0.38068394675924827
LR,time,2,1548,0.0,0.46398792932097127,0.5312585475089361
LR,time,2,1549,0.0,0.650620985362399,0.6851897135913484
LR,time,2,1550,0.0,0.4157205154454968,0.5446259387970871
LR,time,2,1551,0.0,0.6953326884097182,0.6851907461062816
LR,time,2,1552,0.0,0.30240458590178976,0.38957688878821134
LR,time,2,1553,0.0,0.5588549457650355,0.6012926806211215
LR,time,2,1554,0.0,0.6575839036510138,0.5648199227954407
LR,time,2,1555,0.0,0.6625567430154471,0.6170392705032338
LR,time,2,1556,0.0,0.6302250842187149,0.5543436167214941
LR,time,2,1557,0.0,0.7632428302460675,0.6870627297720318
LR,time,2,1558,0.0,0.7684787109737665,0.6870746932711204
LR,time,2,1559,0.0,0.6786041415694585,0.5699871830858985
LR,time,2,1560,0.0,0.6428369322365847,0.5390146693453364
LR,time,2,1561,0.0,0.6416835161066302,0.5177978281875789
LR,time,2,1562,1.0,0.6046893163817741,0.5079073563674504
LR,time,2,1563,0.0,0.5626512024010173,0.5971928235286016
LR,time,2,1564,0.0,0.48463014424311207,0.45887097523384873
LR,time,2,1565,0.0,0.7768180330054637,0.7105639194232523
LR,time,2,1566,0.0,0.706312841599162,0.6476419495330931
LR,time,2,1567,0.0,0.669913960802714,0.5805951127274647
LR,time,2,1568,0.0,0.2869128350746851,0.3412203556353803
LR,time,2,1569,0.0,0.22820447677110636,0.2592468738097438
LR,time,2,1570,0.0,0.6300450283792826,0.5236182216372905
LR,time,2,1571,0.0,0.627674303861259,0.5320554767142753
LR,time,2,1572,0.0,0.6614735225385646,0.5581359249366589
LR,time,2,1573,0.0,0.6666419532178177,0.7036172519141931
LR,time,2,1574,0.0,0.6926478198680439,0.6361540926902074
LR,time,2,1575,0.0,0.8014752044319715,0.7607424994415162
LR,time,2,1576,0.0,0.039672627874427345,0.09055513262835217
LR,time,2,1577,0.0,0.14707659892565994,0.17756456653000016
LR,time,2,1578,0.0,0.1964601527025121,0.22731386100505738
LR,time,2,1579,0.0,0.18601236290996395,0.20279208814778057
LR,time,2,1580,0.0,0.07258490431136255,0.10734858598783698
LR,time,2,1581,0.0,0.15839637521775238,0.1773943351636752
LR,time,2,1582,0.0,0.22182831957266913,0.20769284069657654
LR,time,2,1583,0.0,0.16423351917221093,0.1690211817913748
LR,time,2,1584,0.0,0.17448144125129134,0.19644885146007995
LR,time,2,1585,0.0,0.16830507133624104,0.16807602239202785
LR,time,2,1586,0.0,0.17814837926220836,0.17136739259781164
LR,time,2,1587,0.0,0.17393850891166704,0.1668756892486623
LR,time,2,1588,0.0,0.2184501071818379,0.18802506201029873
LR,time,2,1589,0.0,0.14156243020212683,0.15560022463173678
LR,time,2,1590,0.0,0.2543200968035061,0.2619154424774473
LR,time,2,1591,0.0,0.19024322561111465,0.17475875676649077
LR,time,2,1592,0.0,0.012099624205522056,0.043559322043751916
LR,time,2,1593,0.0,0.19473556966690003,0.18881135184243344
LR,time,2,1594,0.0,0.20703681826255085,0.19193124168134865
LR,time,2,1595,0.0,0.1557224375753608,0.16508151184705455
LR,time,2,1596,0.0,0.1673678154257144,0.16892731718501894
LR,time,2,1597,0.0,0.020010294601496146,0.06185998449037258
LR,time,2,1598,0.0,0.14479856805128238,0.1597260590771265
LR,time,2,1599,0.0,0.17554969179673552,0.1787171146192777
LR,time,2,1600,0.0,0.13460709390632455,0.14562524628036794
LR,time,2,1601,0.0,0.15850757860473816,0.16594175407428002
LR,time,2,1602,0.0,0.21635326445988382,0.2391915912899938
LR,time,2,1603,0.0,0.33718991657661507,0.32536188583693776
LR,time,2,1604,0.0,0.25662738507982974,0.2556343039838519
LR,time,2,1605,1.0,0.3155305962599658,0.33414569195230537
LR,time,2,1606,0.0,0.45519843097237844,0.5525793419924876
LR,time,2,1607,0.0,0.6077549300052519,0.686681558509315
LR,time,2,1608,0.0,0.6707757836915653,0.6827419213559303
LR,time,2,1609,0.0,0.7046312448804256,0.7218919183092756
LR,time,2,1610,0.0,0.6410483870228837,0.628090573352089
LR,time,2,1611,0.0,0.6626927579975257,0.7201454375585997
LR,time,2,1612,0.0,0.6809973524586613,0.8117950980218932
LR,time,2,1613,0.0,0.776259331509447,0.8219727162229433
LR,time,2,1614,0.0,0.5337701188589472,0.5500280782132684
LR,time,2,1615,0.0,0.6674062438177265,0.6660628966037548
LR,time,2,1616,0.0,0.6556382347720188,0.6813957798430468
LR,time,2,1617,0.0,0.737069184916073,0.8289054504284941
LR,time,2,1618,0.0,0.40520366021876025,0.4709773570248424
LR,time,2,1619,0.0,0.4458277151665413,0.4652494993218995
LR,time,2,1620,0.0,0.5506937411811301,0.5325256413598283
LR,time,2,1621,0.0,0.495015230788007,0.5188666334103023
LR,time,2,1622,0.0,0.7473765470000504,0.8090970686518367
LR,time,2,1623,0.0,0.5721942107926247,0.5976798819145192
LR,time,2,1624,0.0,0.666201827367601,0.6239181251687858
LR,time,2,1625,0.0,0.526682632027725,0.5140239543850045
LR,time,2,1626,0.0,0.5578271721519058,0.4990900873622995
LR,time,2,1627,0.0,0.5566891595134319,0.5225988416702325
LR,time,2,1628,1.0,0.6563297586455755,0.6740296312254024
LR,time,2,1629,0.0,0.33809146587085775,0.3188765167925293
LR,time,2,1630,0.0,0.6455643147751617,0.5962446237167552
LR,time,2,1631,0.0,0.6488983133193292,0.583332758597504
LR,time,2,1632,0.0,0.3180685065626465,0.352930817757229
LR,time,2,1633,0.0,0.31265872537392303,0.34815416593482396
LR,time,2,1634,0.0,0.379556003048915,0.37032251897938023
LR,time,2,1635,0.0,0.28435490661882806,0.31163400410674363
LR,time,2,1636,0.0,0.3385408498940323,0.3385459621934445
LR,time,2,1637,0.0,0.3423644307523127,0.4323741550005025
LR,time,2,1638,0.0,0.3585547999008807,0.3569378931491716
LR,time,2,1639,0.0,0.5520985263888183,0.49462675273785733
LR,time,2,1640,0.0,0.05803429974786703,0.14791789943718198
LR,time,2,1641,0.0,0.29939397644713334,0.35913245476742384
LR,time,2,1642,0.0,0.288856351938301,0.3357185931034563
LR,time,2,1643,0.0,0.5209436859821188,0.5013886683920628
LR,time,2,1644,0.0,0.5466557375500246,0.6193096435503882
LR,time,2,1645,0.0,0.46853692809741304,0.4497788151171524
LR,time,2,1646,0.0,0.38548928674503524,0.41219489618742927
LR,time,2,1647,0.0,0.004971866046817554,0.048445135193065876
LR,time,2,1648,0.0,0.014191483266219064,0.16341248936506175
LR,time,2,1649,0.0,0.4861648125336753,0.45138985434437146
LR,time,2,1650,0.0,0.6524353554573826,0.6111251744232534
LR,time,2,1651,0.0,0.46568138931675807,0.43306560277971845
LR,time,2,1652,0.0,0.3627803530995849,0.3989342330591947
LR,time,2,1653,0.0,0.21188346421763574,0.36422970743697475
LR,time,2,1654,0.0,0.7260172063650523,0.6817085939995221
LR,time,2,1655,0.0,0.5510451801349348,0.6331698459953983
LR,time,2,1656,0.0,0.08620169743233322,0.15670484522587758
LR,time,2,1657,0.0,0.25471579852745047,0.25186687691695414
LR,time,2,1658,0.0,0.2860780671257149,0.26917049738323606
LR,time,2,1659,0.0,0.20754032568804712,0.24382938065959622
LR,time,2,1660,0.0,0.24508213421314853,0.2682652768602672
LR,time,2,1661,0.0,0.3288920652254526,0.3522012328993169
LR,time,2,1662,1.0,0.2322775288931263,0.253946799242326
LR,time,2,1663,0.0,0.2158385433059806,0.27768794725850543
LR,time,2,1664,0.0,0.3025039414205557,0.29243601703479377
LR,time,2,1665,0.0,0.38829294847210033,0.34498136386039957
LR,time,2,1666,1.0,0.627838024474814,0.7007609405528132
LR,time,2,1667,0.0,0.33774206287362596,0.4040036622367207
LR,time,2,1668,0.0,0.3221656425591115,0.2931255931223585
LR,time,2,1669,0.0,0.3080533375902936,0.2894073271011775
LR,time,2,1670,0.0,0.43174278380490716,0.34387070729286534
LR,time,2,1671,0.0,0.3496634367711693,0.278868191703274
LR,time,2,1672,0.0,0.3224356244138991,0.2609965562809369
LR,time,2,1673,0.0,0.06565760417859204,0.11581906961400289
LR,time,2,1674,0.0,0.39998280755117166,0.29470984269928874
LR,time,2,1675,0.0,0.2975692373769335,0.2515939972296715
LR,time,2,1676,0.0,0.34087539405748074,0.3427620597128261
LR,time,2,1677,0.0,0.2794487668455602,0.3330836439289205
LR,time,2,1678,0.0,0.3198986846810339,0.28151152314759675
LR,time,2,1679,0.0,0.3463691993503355,0.2906797831182456
LR,time,2,1680,1.0,0.5120776500958891,0.5011916895142403
LR,time,2,1681,0.0,0.5998495116713325,0.5972575942624757
LR,time,2,1682,0.0,0.5417697360961575,0.45931626200260695
LR,time,2,1683,0.0,0.34477213017086344,0.28998552973011416
LR,time,2,1684,1.0,0.29746034181071973,0.28440992604965254
LR,time,2,1685,0.0,0.0014335608036526069,0.05300275759464074
LR,time,2,1686,0.0,0.16612286260239373,0.25985619030151974
LR,time,2,1687,0.0,0.24441409291431132,0.2938026687490327
LR,time,2,1688,0.0,0.5447460456769061,0.516376107510137
LR,time,2,1689,0.0,0.5701594245206806,0.556430313810036
LR,time,2,1690,0.0,0.62087624378785,0.6082776216029319
LR,time,2,1691,0.0,0.5051507153374817,0.5104125359358975
LR,time,2,1692,0.0,0.4954292312532386,0.5236475208942966
LR,time,2,1693,0.0,0.5563005104026616,0.5463339009543111
LR,time,2,1694,1.0,0.47693226582287185,0.4698627839760225
LR,time,2,1695,0.0,0.13794945304707112,0.2525038869771157
LR,time,2,1696,1.0,0.33612233890185583,0.2780925150782473
LR,time,2,1697,0.0,0.29226682787887004,0.27187209073195395
LR,time,2,1698,0.0,0.3240219449942352,0.2630692631838737
LR,time,2,1699,0.0,0.5713504644009313,0.525431295531089
LR,time,2,1700,0.0,0.29695432444219083,0.28081004477867333
LR,time,2,1701,0.0,0.3660012307055423,0.3336210037628134
LR,time,2,1702,0.0,0.38584900371394926,0.3223671346010971
LR,time,2,1703,0.0,0.31617957384700274,0.2671601290815773
LR,time,2,1704,0.0,0.39273923010537126,0.3879276531389541
LR,time,2,1705,0.0,0.5162382952949446,0.48946202977207565
LR,time,2,1706,0.0,0.2902103031529831,0.2572964015611028
LR,time,2,1707,0.0,0.3683574823420972,0.31095475466885436
LR,time,2,1708,0.0,0.31015508894246835,0.3907111867795914
LR,time,2,1709,0.0,0.3114966859531688,0.2742862547922326
LR,time,2,1710,0.0,0.39485836744851766,0.35936577068350634
LR,time,2,1711,0.0,0.30515291833483243,0.2631544309312784
LR,time,2,1712,0.0,0.5873145089487387,0.5808461709221482
LR,time,2,1713,0.0,0.19713700404407533,0.2684219301126211
LR,time,2,1714,0.0,0.12332635512255885,0.21143369631311248
LR,time,2,1715,0.0,0.3981828091172409,0.42449220509777597
LR,time,2,1716,0.0,0.501892662652746,0.45508536962099483
LR,time,2,1717,1.0,0.5044110805902213,0.5951425783000588
LR,time,2,1718,0.0,0.35655171409374353,0.3934838269684395
LR,time,2,1719,0.0,0.3130079702353895,0.3341620076684485
LR,time,2,1720,0.0,0.26693901062065073,0.3172591003899302
LR,time,2,1721,0.0,0.21826006568562917,0.33226199161051534
LR,time,2,1722,0.0,0.1840536038801503,0.2550457447518276
LR,time,2,1723,0.0,0.2760982616511979,0.3200930899114121
LR,time,2,1724,0.0,0.4473612057447764,0.43745515109497096
LR,time,2,1725,1.0,0.4680354489394761,0.497393331509707
LR,time,2,1726,0.0,0.29794698227016464,0.3806159611286913
LR,time,2,1727,0.0,0.5215778514139452,0.5239044513026672
LR,time,2,1728,0.0,0.4243181002108863,0.44693682829900244
LR,time,2,1729,0.0,0.18332528197863449,0.26642616655762236
LR,time,2,1730,0.0,0.20236211136517937,0.27319602916776775
LR,time,2,1731,1.0,0.4456599158337413,0.4527536833312968
LR,time,2,1732,0.0,0.5029748994444331,0.5447420896936942
LR,time,2,1733,1.0,0.5061163368081605,0.5099789711053291
LR,time,2,1734,0.0,0.032552086015572836,0.0522695273213539
LR,time,2,1735,0.0,0.2509966194448171,0.37648950197321285
LR,time,2,1736,0.0,0.279107655173926,0.3271367546150912
LR,time,2,1737,0.0,0.31412566304754036,0.3813904438894363
LR,time,2,1738,0.0,0.5492900559161916,0.5921904621401933
LR,time,2,1739,0.0,0.36331442075718423,0.43325022787017126
LR,time,2,1740,0.0,0.5454037948520685,0.5854107011877653
LR,time,2,1741,0.0,0.4536056764187655,0.46275005252522955
LR,time,2,1742,0.0,0.6288044238567233,0.67516895699612
LR,time,2,1743,0.0,0.26751852433511264,0.35911315544182
LR,time,2,1744,0.0,0.20733379336450372,0.21135809079113363
LR,time,2,1745,0.0,0.2126921830254525,0.22047743573997916
LR,time,2,1746,0.0,0.17039583969418498,0.1850252132820265
LR,time,2,1747,0.0,0.1885775170935847,0.241116568791803
LR,time,2,1748,0.0,0.209409290868338,0.19927243969641906
LR,time,2,1749,0.0,0.3270210967195829,0.32197614133836083
LR,time,2,1750,0.0,0.166463344773875,0.18148426540141815
LR,time,2,1751,0.0,0.17295190023765808,0.1820154779183372
LR,time,2,1752,0.0,0.19513362986754776,0.18828288641593183
LR,time,2,1753,0.0,0.19581333096994713,0.19237495758863485
LR,time,2,1754,0.0,0.12108149987017622,0.1432773928547115
LR,time,2,1755,1.0,0.15610280595512446,0.16336203480766162
LR,time,2,1756,0.0,0.08368655141697776,0.08454257278008387
LR,time,2,1757,0.0,0.21359156198529827,0.19472946520029275
LR,time,2,1758,0.0,0.17588194079435499,0.17205362655876816
LR,time,2,1759,0.0,0.11122799002706736,0.13525002196656288
LR,time,2,1760,0.0,0.2757015084567246,0.2982212807444304
LR,time,2,1761,0.0,0.2912187646912696,0.310853743692933
LR,time,2,1762,0.0,0.0645402667694656,0.15823682952594248
LR,time,2,1763,0.0,0.23770454309485073,0.2782179327037032
LR,time,2,1764,0.0,0.2896373539200821,0.3048861837410493
LR,time,2,1765,0.0,0.220444379372846,0.2917479762570393
LR,time,2,1766,0.0,0.26272516283245034,0.33025705793167165
LR,time,2,1767,0.0,0.29304117314997086,0.3029195860380624
LR,time,2,1768,0.0,0.3000535811968068,0.30702047469802674
LR,time,2,1769,0.0,0.2818762061792134,0.296009218778509
LR,time,2,1770,0.0,0.23965103235755333,0.27375321799083024
LR,time,2,1771,0.0,0.42473596451704126,0.4178809846889912
LR,time,2,1772,0.0,0.22952239648918699,0.27535056607302955
LR,time,2,1773,0.0,0.21189514247579083,0.26173386165015256
LR,time,2,1774,0.0,0.22573468367083893,0.27511285613181935
LR,time,2,1775,0.0,0.1510502353445824,0.29803004844626707
LR,time,2,1776,0.0,0.5057171667956541,0.5623364433152618
LR,time,2,1777,0.0,0.44071679784220796,0.4839809831962336
LR,time,2,1778,0.0,0.38646672403189464,0.4268696554545507
LR,time,2,1779,1.0,0.5325673991291029,0.7033223794010093
LR,time,2,1780,0.0,0.31192136904694034,0.4098986584321233
LR,time,2,1781,0.0,0.42468703862458096,0.5363445052935869
LR,time,2,1782,0.0,0.502098912486047,0.4957676291911326
LR,time,2,1783,0.0,0.4847008442046391,0.4712317985122756
LR,time,2,1784,0.0,0.5259697792263788,0.5607371668873051
LR,time,2,1785,0.0,0.44424643091018196,0.48781237130675464
LR,time,2,1786,0.0,0.3502259229120765,0.481163159510527
LR,time,2,1787,0.0,0.4160686349389305,0.4613956086662034
LR,time,2,1788,0.0,0.6022932282389126,0.6034166951368648
LR,time,2,1789,0.0,0.27818539223458305,0.38246618182665704
LR,time,2,1790,0.0,0.43589479570908657,0.6287474769476767
LR,time,2,1791,0.0,0.19655031690568245,0.32777561449876313
LR,time,2,1792,0.0,0.15036905695589384,0.2627014031217538
LR,time,2,1793,0.0,0.20453719567668122,0.3046236699815828
LR,time,2,1794,0.0,0.45633353722536046,0.43101314030312776
LR,time,2,1795,0.0,0.499460410711658,0.45986198168971404
LR,time,2,1796,0.0,0.30977087594954683,0.41835404665820025
LR,time,2,1797,0.0,0.3947621610617057,0.4201213212789159
LR,time,2,1798,0.0,0.43519111421988665,0.4644424474140947
LR,time,2,1799,0.0,0.5907665340813767,0.5876292605054153
LR,time,2,1800,0.0,0.6116669439547838,0.5924100602321457
LR,time,2,1801,0.0,0.5995057924420011,0.6794367357434538
LR,time,2,1802,0.0,0.3982400032601532,0.4381511515359795
LR,time,2,1803,0.0,0.48493643102718637,0.46268514290047635
LR,time,2,1804,0.0,0.44333639442702927,0.5352883314537749
LR,time,2,1805,0.0,0.4624073469096885,0.46185415175756434
LR,time,2,1806,0.0,0.533167463386786,0.5419930757381594
LR,time,2,1807,0.0,0.43731953237344945,0.4433802579853934
LR,time,2,1808,0.0,0.34436343642998674,0.4440948485330931
LR,time,2,1809,0.0,0.4167232678231553,0.41315500752651646
LR,time,2,1810,0.0,0.28218183394757074,0.3350167338880011
LR,time,2,1811,0.0,0.18327697939383766,0.23828436864236333
LR,time,2,1812,0.0,0.3432675159383958,0.3594617057901548
LR,time,2,1813,0.0,0.39915659404831944,0.3862553180587314
LR,time,2,1814,0.0,0.11466340026644109,0.15957807343211047
LR,time,2,1815,0.0,0.0043657813714594864,0.02616382264472141
LR,time,2,1816,0.0,0.11761234145618465,0.14048402908197757
LR,time,2,1817,0.0,0.08494604052637231,0.14720364095441973
LR,time,2,1818,0.0,0.3215118992599545,0.2693494476604318
LR,time,2,1819,1.0,0.2800579335180863,0.3783224410459883
LR,time,2,1820,0.0,0.2231420973695244,0.27392498316020664
LR,time,2,1821,0.0,0.2984039877700723,0.2794816761488317
LR,time,2,1822,0.0,0.39698737909844983,0.5038151483322282
LR,time,2,1823,0.0,0.23654600968403136,0.24899090200919483
LR,time,2,1824,0.0,0.5471919097810002,0.42993255908824574
LR,time,2,1825,0.0,0.3109934712069215,0.25889451909012373
LR,time,2,1826,0.0,0.3320453115174702,0.27638808744412907
LR,time,2,1827,0.0,0.34003916306421694,0.2935770504437164
LR,time,2,1828,0.0,0.48216505042985375,0.38963992683612353
LR,time,2,1829,1.0,0.20507133980177644,0.24680199674097703
LR,time,2,1830,0.0,0.35052093479271096,0.328200786487973
LR,time,2,1831,0.0,0.3725991149363368,0.30512420048305183
LR,time,2,1832,1.0,0.5881168515283837,0.49656199946033447
LR,time,2,1833,0.0,0.5573257261587098,0.516911829094308
LR,time,2,1834,0.0,0.5068744786840484,0.495655789286756
LR,time,2,1835,0.0,0.6460937577595366,0.5964575964526112
LR,time,2,1836,0.0,0.5310682349003452,0.45493690308437446
LR,time,2,1837,0.0,0.26464063719201875,0.3234615356371808
LR,time,2,1838,0.0,0.06260241078228863,0.157465802655629
LR,time,2,1839,0.0,0.31473970380567345,0.42809883247637426
LR,time,2,1840,0.0,0.33007815679831104,0.3090693759355871
LR,time,2,1841,0.0,0.3029937882936914,0.2903648010905924
LR,time,2,1842,0.0,0.3250169867895799,0.29585272105500793
LR,time,2,1843,0.0,0.36566549672567583,0.31170862443181657
LR,time,2,1844,0.0,0.2870566126563112,0.2712240699110536
LR,time,2,1845,0.0,0.3665283006318154,0.30914614284841274
LR,time,2,1846,0.0,0.32038020362996134,0.28422357403711074
LR,time,2,1847,0.0,0.40691209925722605,0.3247312955379621
LR,time,2,1848,0.0,0.3409704432561634,0.29378261190393595
LR,time,2,1849,0.0,0.34771720191886113,0.29538143246749177
LR,time,2,1850,0.0,0.28628158585028646,0.26547192834506594
LR,time,2,1851,0.0,0.35245166584786586,0.2986830525759284
LR,time,2,1852,0.0,0.3015002754873384,0.26977082978446554
LR,time,2,1853,0.0,0.4142518426089628,0.3249861539837147
LR,time,2,1854,0.0,0.3750632676740724,0.3053610083053737
LR,time,2,1855,0.0,0.4036470398695059,0.31815831441601433
LR,time,2,1856,0.0,0.15561113530962603,0.1801539103846431
LR,time,2,1857,0.0,0.16607461478447727,0.14990558348666416
LR,time,2,1858,0.0,0.0953322755124308,0.12031920743413466
LR,time,2,1859,0.0,0.12762559229047868,0.13349935775271016
LR,time,2,1860,0.0,0.04012156374224106,0.07938345253256293
LR,time,2,1861,0.0,0.20261859480763528,0.16519063721411972
LR,time,2,1862,0.0,0.1691634001357464,0.18067657519756342
LR,time,2,1863,0.0,0.1713309569268261,0.15056935665128784
LR,time,2,1864,0.0,0.17410447698444675,0.15154576061843014
LR,time,2,1865,0.0,0.14184296829243875,0.13681265641106943
LR,time,2,1866,0.0,0.18189200221580767,0.1572739888411723
LR,time,2,1867,0.0,0.2666351894709237,0.23810920843343067
LR,time,2,1868,0.0,0.28297267011429567,0.24698939226717645
LR,time,2,1869,0.0,0.28164019295506654,0.2556478916506976
LR,time,2,1870,0.0,0.1571180057258851,0.2066776235944527
LR,time,2,1871,0.0,0.2982631652306438,0.2638248941152426
LR,time,2,1872,0.0,0.2882083996649661,0.27208400629672364
LR,time,2,1873,0.0,0.3674673309928434,0.36130381496328656
LR,time,2,1874,0.0,0.2780992574215358,0.4425537148689353
LR,time,2,1875,0.0,0.26709754586272244,0.4188103194878068
LR,time,2,1876,0.0,0.25062929389319005,0.25677132531654384
LR,time,2,1877,0.0,0.2574133407567658,0.2689471936659972
LR,time,2,1878,0.0,0.26016917092548547,0.26879436623241937
LR,time,2,1879,0.0,0.2125430502293643,0.30826003205298436
LR,time,2,1880,0.0,0.2406934868109238,0.26084586529874215
LR,time,2,1881,0.0,0.11802909990275941,0.18864338788553794
LR,time,2,1882,0.0,0.22870925010145537,0.2641133511758045
LR,time,2,1883,0.0,0.13941655742048287,0.24397429323201167
LR,time,2,1884,0.0,0.25636737464941056,0.27873735886141193
LR,time,2,1885,0.0,0.15247627298505703,0.2503931930449787
LR,time,2,1886,0.0,0.141353173441535,0.25721458007760434
LR,time,2,1887,0.0,0.3219902251366178,0.31974421053833735
LR,time,2,1888,0.0,0.05730030877942041,0.11860014834008782
LR,time,2,1889,0.0,0.054852161422073505,0.13277512486773738
LR,time,2,1890,0.0,0.036530848395243516,0.0889713752530141
LR,time,2,1891,0.0,0.3546286961321779,0.3222528384082179
LR,time,2,1892,0.0,0.3187086654943637,0.2842014716411756
LR,time,2,1893,0.0,0.29146912443131184,0.2678431785526849
LR,time,2,1894,0.0,0.28231152460930353,0.26371637046650553
LR,time,2,1895,0.0,0.19896159842640843,0.23734668296665323
LR,time,2,1896,0.0,0.11531518268600709,0.15055292110877758
LR,time,2,1897,0.0,0.0712014212440838,0.11621105066177083
LR,time,2,1898,0.0,0.30236961013569685,0.27428939100172645
LR,time,2,1899,0.0,0.3613993965741088,0.35899970179739343
LR,time,2,1900,0.0,0.31043832024005863,0.28528850711816894
LR,time,2,1901,0.0,0.28226865970087445,0.35689966856794025
LR,time,2,1902,0.0,0.391793724833415,0.40616315086060706
LR,time,2,1903,0.0,0.33262690154731167,0.30148112286351303
LR,time,2,1904,0.0,0.1101564488263046,0.14671562699355858
LR,time,2,1905,0.0,0.13923442463254906,0.15972783038999266
LR,time,2,1906,0.0,0.293422073777614,0.26408779044540015
LR,time,2,1907,0.0,0.09262310921955821,0.12807236210525394
LR,time,2,1908,0.0,0.10295344536165701,0.1334360036665049
LR,time,2,1909,0.0,0.12015317744543605,0.14338561882198167
LR,time,2,1910,0.0,0.3020587947660322,0.2680813452800395
LR,time,2,1911,0.0,0.28349842211741244,0.3172986965318397
LR,time,2,1912,0.0,0.31424998633767653,0.2906506595628575
LR,time,2,1913,0.0,0.13785158645832593,0.19843592240064864
LR,time,2,1914,0.0,0.09731368776076392,0.13180166573356458
LR,time,2,1915,0.0,0.1410092044978966,0.1642415274457661
LR,time,2,1916,0.0,0.12702067483848534,0.15194603952579988
LR,time,2,1917,0.0,0.09123804868172566,0.16810804389609216
LR,time,2,1918,0.0,0.17211786333561335,0.17574349509166123
LR,time,2,1919,0.0,0.1803408217030984,0.18056954254232235
LR,time,2,1920,0.0,0.12594594414262955,0.15059252595579692
LR,time,2,1921,0.0,0.17403301080384098,0.1706996725479965
LR,time,2,1922,0.0,0.13480341572172866,0.15012912303495327
LR,time,2,1923,0.0,0.05994097412369285,0.10412801881128993
LR,time,2,1924,0.0,0.17006264017658282,0.1703930347621796
LR,time,2,1925,0.0,0.17048834281603678,0.1667602397421363
LR,time,2,1926,0.0,0.15666336804213088,0.15816551999211606
LR,time,2,1927,0.0,0.18268215971354418,0.16763648635014386
LR,time,2,1928,0.0,0.13168960538553498,0.1439067607835243
LR,time,2,1929,0.0,0.15643494520326878,0.1551346490289769
LR,time,2,1930,0.0,0.14935108321210144,0.19143523724520017
LR,time,2,1931,0.0,0.11027187593322486,0.13791991128373296
LR,time,2,1932,0.0,0.1768513111169438,0.16663232716986107
LR,time,2,1933,0.0,0.20221424879028826,0.18037668572221857
LR,time,2,1934,0.0,0.19583311121852837,0.2194073828928987
LR,time,2,1935,0.0,0.13443379014663182,0.18016032384765432
LR,time,2,1936,0.0,0.18547904870934023,0.1711673865793452
LR,time,2,1937,0.0,0.1451289008210553,0.15033134809762916
LR,time,2,1938,0.0,0.13622364319357097,0.1476302166302163
LR,time,2,1939,0.0,0.28065548380361544,0.2522788398879094
LR,time,2,1940,0.0,0.297660687104222,0.2619243055906377
LR,time,2,1941,0.0,0.28547542981790874,0.2562062871744873
LR,time,2,1942,0.0,0.31580619208077787,0.33478365468861
LR,time,2,1943,0.0,0.2529445781355046,0.26744981162056225
LR,time,2,1944,0.0,0.26861034054881056,0.2610288507077563
LR,time,2,1945,0.0,0.27490142320162503,0.2606748972782268
LR,time,2,1946,1.0,0.25556492286186605,0.3067753942406037
LR,time,2,1947,0.0,0.2657178100173272,0.28646395353176846
LR,time,2,1948,0.0,0.12041316586334673,0.22825981432805661
LR,time,2,1949,0.0,0.22240998252627048,0.24851826531637866
LR,time,2,1950,0.0,0.3148107222066031,0.35531566737909526
LR,time,2,1951,0.0,0.1525404694769119,0.2746580994434619
LR,time,2,1952,0.0,0.2934689348243548,0.39374906238217866
LR,time,2,1953,0.0,0.26956899565598186,0.3627231343095212
LR,time,2,1954,0.0,0.38563478360072706,0.4290533854835037
LR,time,2,1955,0.0,0.29744462779983233,0.3749224792737109
LR,time,2,1956,1.0,0.3703917468082539,0.42229270517669776
LR,time,2,1957,0.0,0.3584486142031799,0.4816921928860484
LR,time,2,1958,0.0,0.5186994106484814,0.5204703263632154
LR,time,2,1959,0.0,0.43131151588439604,0.45571810499470705
LR,time,2,1960,0.0,0.5356649980623712,0.5645408707491626
LR,time,2,1961,0.0,0.6054441316426008,0.6362682771807108
LR,time,2,1962,0.0,0.414366249738192,0.4395847423993695
LR,time,2,1963,0.0,0.3700615506377121,0.4048907611071708
LR,time,2,1964,0.0,0.36779677803100336,0.3993183959792919
LR,time,2,1965,0.0,0.35886347664603924,0.46790930101968586
LR,time,2,1966,0.0,0.26123511438364055,0.42962405995344755
LR,time,2,1967,0.0,0.2084478325066679,0.3411976579853497
LR,time,2,1968,0.0,0.40468507595821995,0.4958533672896696
LR,time,2,1969,0.0,0.35219416747271315,0.4052118984438885
LR,time,2,1970,0.0,0.3764681681214421,0.408987622508375
LR,time,2,1971,0.0,0.28656936648548925,0.38371519194688525
LR,time,2,1972,0.0,0.254302527161385,0.43162545544737096
LR,time,2,1973,0.0,0.259411799622035,0.374166928930205
LR,time,2,1974,0.0,0.5333731827247365,0.5633777427922334
LR,time,2,1975,0.0,0.28437396169439466,0.3695074036536723
LR,time,2,1976,0.0,0.26671168365854564,0.31404428152572583
LR,time,2,1977,0.0,0.31631703937950634,0.3965636948589662
LR,time,2,1978,1.0,0.1833481191882032,0.2461503205581254
LR,time,2,1979,0.0,0.22634139663438996,0.29811358690835743
LR,time,2,1980,0.0,0.13970235402115208,0.2022077695266767
LR,time,2,1981,0.0,0.22198200428356513,0.25343157502210434
LR,time,2,1982,0.0,0.11592246014979729,0.20207802713612488
LR,time,2,1983,0.0,0.2719423994591757,0.2773632365074417
LR,time,2,1984,0.0,0.5155619419636799,0.4440672755586247
LR,time,2,1985,0.0,0.598357563057685,0.5322054681596536
LR,time,2,1986,0.0,0.5349109639796261,0.44167030336694024
LR,time,2,1987,0.0,0.3779008201685376,0.39436947155517343
LR,time,2,1988,0.0,0.4867765620839381,0.432674784683707
LR,time,2,1989,0.0,0.5450458437472243,0.46007175176846055
LR,time,2,1990,0.0,0.6331665110524082,0.5701682553110241
LR,time,2,1991,0.0,0.5825132638052251,0.683531495207381
LR,time,2,1992,0.0,0.4966339848791788,0.5429627800856095
LR,time,2,1993,0.0,0.605057524908262,0.5707269767545881
LR,time,2,1994,0.0,0.5372735397516349,0.45375687499850165
LR,time,2,1995,1.0,0.6630983934740204,0.6717666104204976
LR,time,2,1996,0.0,0.4211189917838791,0.49580438283000944
LR,time,2,1997,0.0,0.6420021574401789,0.5552748435138364
LR,time,2,1998,0.0,0.6179318120087778,0.5053878177376473
LR,time,2,1999,0.0,0.7444105324340295,0.6525354762116975
LR,time,2,2000,0.0,0.5198543326686292,0.48328979360134033
LR,time,2,2001,0.0,0.4460142099431331,0.45100727380870936
LR,time,2,2002,0.0,0.4098573163901739,0.4544049485245401
LR,time,2,2003,0.0,0.5011267429001105,0.47722523681528695
LR,time,2,2004,0.0,0.476763733275856,0.4579796851597947
LR,time,2,2005,0.0,0.3234625034068776,0.416655306585436
LR,time,2,2006,0.0,0.3545979655732263,0.451414141800523
LR,time,2,2007,0.0,0.5173476396218895,0.5016519795410777
LR,time,2,2008,0.0,0.5120140374106079,0.47150524453070497
LR,time,2,2009,0.0,0.5146171529101738,0.4615775457623584
LR,time,2,2010,0.0,0.6047962979487475,0.571652611184338
LR,time,2,2011,0.0,0.5115856723231222,0.523466978836296
LR,time,2,2012,0.0,0.4649513831773985,0.4403210512793721
LR,time,2,2013,0.0,0.5405057229534153,0.5769851679730318
LR,time,2,2014,0.0,0.43673984645276076,0.6194829193331949
LR,time,2,2015,0.0,0.610482759745676,0.6634639023970781
LR,time,2,2016,0.0,0.3993735505555283,0.4144474930601116
LR,time,2,2017,0.0,0.4521515139744539,0.5453014976402293
LR,time,2,2018,0.0,0.3140187288749743,0.40019227607260227
LR,time,2,2019,0.0,0.48527447288518744,0.4809114271304037
LR,time,2,2020,0.0,0.41528350943571796,0.45401457960663666
LR,time,2,2021,0.0,0.3653168065339464,0.43520923250817933
LR,time,2,2022,0.0,0.4779742376804455,0.48328167972731306
LR,time,2,2023,0.0,0.4663616494371001,0.44796348859822477
LR,time,2,2024,0.0,0.27648573130095117,0.2717060512702925
LR,time,2,2025,0.0,0.2773078386848629,0.29327825551812053
LR,time,2,2026,0.0,0.24604310811104071,0.27371539883788265
LR,time,2,2027,0.0,0.3529860752744271,0.4592246784695657
LR,time,2,2028,0.0,0.2930926614015377,0.28780217936600677
LR,time,2,2029,0.0,0.37858064724092627,0.391440234302868
LR,time,2,2030,0.0,0.2571066656728299,0.25984203819739604
LR,time,2,2031,0.0,0.07499061143437903,0.1460248888509076
LR,time,2,2032,0.0,0.1479160204433578,0.18150024325335154
LR,time,2,2033,0.0,0.1678553872531155,0.18147411652874199
LR,time,2,2034,0.0,0.35428999050968557,0.3593622967344767
LR,time,2,2035,0.0,0.33739367709479356,0.35692811608410496
LR,time,2,2036,0.0,0.2930163880440868,0.27449169548152474
LR,time,2,2037,0.0,0.27701267302710775,0.27111344360647305
LR,time,2,2038,0.0,0.3936413804923474,0.38383079236178463
LR,time,2,2039,1.0,0.2733711419139809,0.2780765700909633
LR,time,2,2040,0.0,0.2844209790367689,0.30336642927654317
LR,time,2,2041,0.0,0.314457475926487,0.36282312692506963
LR,time,2,2042,0.0,0.2713943252339699,0.2734136280958946
LR,time,2,2043,0.0,0.32441576583338666,0.3022485183548743
LR,time,2,2044,0.0,0.4636662816742354,0.4906859476245029
LR,time,2,2045,0.0,0.21630295320938606,0.25163793633812914
LR,time,2,2046,0.0,0.28095769810528554,0.27676957405436864
LR,time,2,2047,0.0,0.2836077250457635,0.27170518663174115
LR,time,2,2048,0.0,0.40955983405202206,0.45078891463680715
LR,time,2,2049,0.0,0.5198533759838871,0.553692262419743
LR,time,2,2050,0.0,0.4097477158538894,0.4367072398293174
LR,time,2,2051,0.0,0.35028734053988153,0.4132546348366939
LR,time,2,2052,0.0,0.42486520559196317,0.4473604085960782
LR,time,2,2053,0.0,0.43531384333237116,0.45561956109783047
LR,time,2,2054,0.0,0.4377034783972789,0.4633761797282367
LR,time,2,2055,0.0,0.44200078438988116,0.4649603047677536
LR,time,2,2056,0.0,0.5557785476738757,0.5626259427390439
LR,time,2,2057,0.0,0.298473037955568,0.33003953222530835
LR,time,2,2058,0.0,0.28497003698674356,0.3733649814991204
LR,time,2,2059,0.0,0.20933124867081848,0.2710103256527857
LR,time,2,2060,0.0,0.4648658582255501,0.46563123461406064
LR,time,2,2061,0.0,0.5505418610638272,0.5640214285355272
LR,time,3,2062,0.0,0.4255635361334407,0.43149675396347603
LR,time,3,2063,0.0,0.5513396568878208,0.5635957024382927
LR,time,3,2064,0.0,0.43835153287728695,0.438429793101499
LR,time,3,2065,0.0,0.4177456838824084,0.42665979251016306
LR,time,3,2066,0.0,0.43287781135203557,0.4406590613398125
LR,time,3,2067,0.0,0.43910646238323614,0.4421360226675518
LR,time,3,2068,0.0,0.684034497331577,0.706435112940146
LR,time,3,2069,0.0,0.4302540925392931,0.44339526048566336
LR,time,3,2070,0.0,0.46811202588272033,0.4711853141657387
LR,time,3,2071,0.0,0.5838424235538507,0.5964401883267825
LR,time,3,2072,0.0,0.28953946896210564,0.335954942314059
LR,time,3,2073,0.0,0.5501151884425447,0.6232029106490751
LR,time,3,2074,0.0,0.31222194795688274,0.3600506341668976
LR,time,3,2075,0.0,0.1516999123797431,0.15964626226488968
LR,time,3,2076,0.0,0.19812762320959587,0.1935082503820825
LR,time,3,2077,0.0,0.17437098487819094,0.17455507209123208
LR,time,3,2078,0.0,0.17045009779881773,0.1702683967326229
LR,time,3,2079,0.0,0.16607753323511096,0.1662123277160584
LR,time,3,2080,0.0,0.18409330256872866,0.180787823843794
LR,time,3,2081,0.0,0.1701149960841045,0.16966630137214272
LR,time,3,2082,0.0,0.17593975638075096,0.17371543908319978
LR,time,3,2083,0.0,0.1500303752998491,0.15298709931348375
LR,time,3,2084,0.0,0.15759103256177462,0.15932708303705442
LR,time,3,2085,0.0,0.15774831034755268,0.15974988092158646
LR,time,3,2086,0.0,0.1788969897574641,0.17603686746355096
LR,time,3,2087,0.0,0.1591777343780242,0.16066211275124045
LR,time,3,2088,0.0,0.18577525553289415,0.18221701226028747
LR,time,3,2089,0.0,0.18300727713839796,0.17966482777520276
LR,time,3,2090,0.0,0.17438333987202367,0.17238215363046347
LR,time,3,2091,0.0,0.18464774691679448,0.18055396363297552
LR,time,3,2092,0.0,0.17968874907462826,0.1766479329011654
LR,time,3,2093,0.0,0.15872703361464102,0.15957023596123168
LR,time,3,2094,0.0,0.19497744442826703,0.18943435767943
LR,time,3,2095,0.0,0.1765166870267036,0.1746247416455573
LR,time,3,2096,0.0,0.17120514789979593,0.17054567549701322
LR,time,3,2097,0.0,0.17657802137063042,0.17488208884795337
LR,time,3,2098,0.0,0.1789591120807035,0.17665571308499547
LR,time,3,2099,0.0,0.16979010874725078,0.16944151033698465
LR,time,3,2100,0.0,0.23669750718793067,0.245978933437108
LR,time,3,2101,0.0,0.17282348899587346,0.17180110383996824
LR,time,3,2102,0.0,0.1780907205781911,0.17588735899645822
LR,time,3,2103,0.0,0.21412635628106172,0.21296564335041057
LR,time,3,2104,0.0,0.16126132129745874,0.1629932401004937
LR,time,3,2105,0.0,0.18196330208810804,0.17892778814138607
LR,time,3,2106,0.0,0.17469167096156346,0.19412490248251843
LR,time,3,2107,0.0,0.17436523185047972,0.17308142559130107
LR,time,3,2108,0.0,0.14872864585043094,0.15210339743025378
LR,time,3,2109,0.0,0.16939074616915462,0.1687422672374833
LR,time,3,2110,0.0,0.23384325834947237,0.2432754359376444
LR,time,3,2111,0.0,0.16632369043761663,0.16629778384540633
LR,time,3,2112,0.0,0.1504002523308771,0.15349253461792167
LR,time,3,2113,0.0,0.14382676044455323,0.14817775202751482
LR,time,3,2114,0.0,0.1541570838310761,0.15663394247169632
LR,time,3,2115,0.0,0.290356639402053,0.332728238998616
LR,time,3,2116,0.0,0.3968773049729003,0.45521613580977244
LR,time,3,2117,0.0,0.5240320690144776,0.5765940873788044
LR,time,3,2118,0.0,0.4303563043032452,0.49123567005549906
LR,time,3,2119,0.0,0.49357915019704685,0.5300558324682284
LR,time,3,2120,0.0,0.2985749640804032,0.35131091023668454
LR,time,3,2121,0.0,0.373492945298275,0.4200353207634534
LR,time,3,2122,0.0,0.32105082743241037,0.36482313181987874
LR,time,3,2123,0.0,0.38713259740824135,0.4290054550394175
LR,time,3,2124,0.0,0.29017846324393626,0.3412961191797314
LR,time,3,2125,0.0,0.2809287987526385,0.32744826719633363
LR,time,3,2126,0.0,0.5325948191047376,0.5948850493940906
LR,time,3,2127,0.0,0.31994126238617565,0.3676325311796755
LR,time,3,2128,0.0,0.3013758152856517,0.3471326267224204
LR,time,3,2129,0.0,0.29877651114537807,0.33985697074112786
LR,time,3,2130,0.0,0.29004409583580254,0.33188669888647954
LR,time,3,2131,0.0,0.39875970073915706,0.45672303229034605
LR,time,3,2132,0.0,0.27850944228012414,0.32199819280814085
LR,time,3,2133,0.0,0.2750399471191888,0.32065755238103505
LR,time,3,2134,0.0,0.2476165251294994,0.3007382254333645
LR,time,3,2135,0.0,0.38376628051016215,0.4477575151303742
LR,time,3,2136,0.0,0.2940178826867882,0.337510668961412
LR,time,3,2137,0.0,0.27919950808643695,0.32443090323713725
LR,time,3,2138,0.0,0.2040056423161276,0.2623724702546924
LR,time,3,2139,0.0,0.3406520252979784,0.39042660610287244
LR,time,3,2140,0.0,0.32496958601635856,0.366233416687991
LR,time,3,2141,0.0,0.2943566181215849,0.3371481990459306
LR,time,3,2142,0.0,0.2777117241522541,0.32490518050640954
LR,time,3,2143,0.0,0.2742414336353381,0.3256413144487582
LR,time,3,2144,0.0,0.2912784478917551,0.338487992969493
LR,time,3,2145,1.0,0.3960282356786713,0.47947565179667295
LR,time,3,2146,0.0,0.22785704757424355,0.26420044850112584
LR,time,3,2147,0.0,0.28344123141758865,0.3316633274077571
LR,time,3,2148,1.0,0.38389269144287863,0.4546903447637713
LR,time,3,2149,0.0,0.2784991189143741,0.32369909126948215
LR,time,3,2150,0.0,0.2768848984690413,0.33003323617100006
LR,time,3,2151,0.0,0.41990603176984476,0.48121408226268675
LR,time,3,2152,0.0,0.4803669910121327,0.4749713349559165
LR,time,3,2153,0.0,0.5291842969923969,0.5257190977911586
LR,time,3,2154,0.0,0.4336250078607392,0.435532509229199
LR,time,3,2155,0.0,0.4075502625583313,0.41857133656267015
LR,time,3,2156,0.0,0.7122540698308811,0.7381241463395531
LR,time,3,2157,0.0,0.541046726003298,0.5389294607918065
LR,time,3,2158,0.0,0.41547020529582196,0.4293309786552665
LR,time,3,2159,0.0,0.5377266448099396,0.5643881281796302
LR,time,3,2160,0.0,0.6039635705657215,0.6295813804622398
LR,time,3,2161,0.0,0.43890403256374316,0.4461379809204232
LR,time,3,2162,0.0,0.4405446054768993,0.44939819689775096
LR,time,3,2163,0.0,0.4321194020180301,0.44699313967875337
LR,time,3,2164,0.0,0.46183509318942906,0.4693069340029418
LR,time,3,2165,0.0,0.5073321008272071,0.5153368397278674
LR,time,3,2166,0.0,0.41335738517513004,0.43363111370462987
LR,time,3,2167,0.0,0.4937163859078742,0.49363583485810875
LR,time,3,2168,0.0,0.3828505591572161,0.4094425772343403
LR,time,3,2169,0.0,0.6332321094008277,0.6716008433239372
LR,time,3,2170,0.0,0.5008304588670981,0.5233059562679759
LR,time,3,2171,0.0,0.28055776865171295,0.30575669530306554
LR,time,3,2172,0.0,0.470626558000165,0.4909406351202063
LR,time,3,2173,0.0,0.2841395436073463,0.2817541637070837
LR,time,3,2174,0.0,0.5159153603114246,0.5454612105845642
LR,time,3,2175,0.0,0.5282479310729796,0.5099762049721355
LR,time,3,2176,0.0,0.07785522196878321,0.08603455409125552
LR,time,3,2177,0.0,0.11552332224181815,0.10833495529998657
LR,time,3,2178,0.0,0.10214033312433354,0.09276953460470762
LR,time,3,2179,0.0,0.1922545845279488,0.18138358600565016
LR,time,3,2180,0.0,0.12203007885121156,0.11073965353574422
LR,time,3,2181,0.0,0.12336037650391031,0.12084633931871727
LR,time,3,2182,0.0,0.2911525745141094,0.2906309537026923
LR,time,3,2183,0.0,0.2897193712451566,0.32668021785577217
LR,time,3,2184,0.0,0.333403284121296,0.3336003036376655
LR,time,3,2185,0.0,0.3184827025452993,0.31523042540649954
LR,time,3,2186,0.0,0.3952063367976968,0.3964987461371539
LR,time,3,2187,0.0,0.2202094148280018,0.2301371621470371
LR,time,3,2188,0.0,0.3061151225594349,0.30615493776528174
LR,time,3,2189,0.0,0.4262313580001658,0.4177742874588597
LR,time,3,2190,0.0,0.2889629595236245,0.2897091903866886
LR,time,3,2191,0.0,0.28145205910491167,0.28206774908910875
LR,time,3,2192,0.0,0.2827347670299402,0.28078666432508087
LR,time,3,2193,0.0,0.347622902608649,0.3676987749078576
LR,time,3,2194,0.0,0.3966934894171547,0.4104322074257704
LR,time,3,2195,0.0,0.31250584616767435,0.3083366315690182
LR,time,3,2196,0.0,0.33235078478676366,0.32872624356856217
LR,time,3,2197,0.0,0.3960104404019286,0.4061242352976843
LR,time,3,2198,0.0,0.267357482488483,0.27313081469912953
LR,time,3,2199,0.0,0.35719241939941165,0.3533045772478413
LR,time,3,2200,0.0,0.32763089758346964,0.34677815073844626
LR,time,3,2201,0.0,0.423295218644024,0.44374574900668207
LR,time,3,2202,1.0,0.5655127346050184,0.5982792771897165
LR,time,3,2203,1.0,0.37106283915483096,0.3985534599422741
LR,time,3,2204,0.0,0.27746681033870646,0.3335453182831977
LR,time,3,2205,0.0,0.23036828746755825,0.27134145573574386
LR,time,3,2206,0.0,0.2560911626468893,0.29172645944345865
LR,time,3,2207,0.0,0.20410493852862668,0.24791413795388684
LR,time,3,2208,0.0,0.5918730115246875,0.567281530918747
LR,time,3,2209,0.0,0.37866738717809856,0.369031232009448
LR,time,3,2210,0.0,0.47194286311226735,0.48800736991299665
LR,time,3,2211,0.0,0.559546056433872,0.5617885922064321
LR,time,3,2212,0.0,0.5429367687950152,0.5174695060792964
LR,time,3,2213,0.0,0.5519708756232893,0.555487003574627
LR,time,3,2214,0.0,0.6379937244409662,0.6037157426160445
LR,time,3,2215,0.0,0.6265177973476488,0.5940434234319026
LR,time,3,2216,0.0,0.4742242964134631,0.4771307269792249
LR,time,3,2217,0.0,0.5786346144752481,0.5944020005473486
LR,time,3,2218,0.0,0.49801060232735417,0.5036215517844548
LR,time,3,2219,0.0,0.6190123856192408,0.6085271543110944
LR,time,3,2220,0.0,0.6026709347214658,0.6133215174468858
LR,time,3,2221,0.0,0.6004270328354735,0.6189057454994883
LR,time,3,2222,0.0,0.6842316780493058,0.6742648114431433
LR,time,3,2223,1.0,0.4238802979804021,0.3846414556753185
LR,time,3,2224,0.0,0.4596489049271123,0.4422702582349184
LR,time,3,2225,0.0,0.6053218416674073,0.5961603083410182
LR,time,3,2226,0.0,0.4876461252042727,0.4850131197230236
LR,time,3,2227,0.0,0.4621231980334033,0.4701593072917189
LR,time,3,2228,0.0,0.49664057458305594,0.5052493406941719
LR,time,3,2229,0.0,0.503074646816985,0.5099460812895523
LR,time,3,2230,0.0,0.5206986262160193,0.5383577591352987
LR,time,3,2231,0.0,0.47515595842456443,0.49339497069059446
LR,time,3,2232,0.0,0.5342997674657461,0.5744573480105811
LR,time,3,2233,0.0,0.5647161624991246,0.5667422675892057
LR,time,3,2234,0.0,0.5321917489125007,0.527465282304001
LR,time,3,2235,0.0,0.47371850847101704,0.481598035104248
LR,time,3,2236,0.0,0.5463693525872998,0.5513780920598366
LR,time,3,2237,0.0,0.5057006410972887,0.5541374177270249
LR,time,3,2238,0.0,0.48353728798939327,0.49780387064687853
LR,time,3,2239,0.0,0.6117508490871152,0.6396529943620346
LR,time,3,2240,0.0,0.4613331655177737,0.48968534009182735
LR,time,3,2241,0.0,0.5933178445794347,0.6128700991180488
LR,time,3,2242,0.0,0.6178504904177862,0.6438502946451845
LR,time,3,2243,1.0,0.6731781072615532,0.6945521055108852
LR,time,3,2244,0.0,0.46573402118079027,0.4626449165341991
LR,time,3,2245,0.0,0.10393369460202909,0.09790951523534874
LR,time,3,2246,0.0,0.16630336719374958,0.15851307259327047
LR,time,3,2247,0.0,0.15845199887799474,0.13695777523376698
LR,time,3,2248,0.0,0.446201238231349,0.4526688690505081
LR,time,3,2249,0.0,0.40326924288690974,0.4181866473456001
LR,time,3,2250,0.0,0.4346127636154658,0.4443107533099696
LR,time,3,2251,0.0,0.46111265322465456,0.487187364530498
LR,time,3,2252,0.0,0.49333922862517565,0.5079358794847011
LR,time,3,2253,0.0,0.39950293135407194,0.43121109673896424
LR,time,3,2254,1.0,0.8271967480640785,0.8311825452464454
LR,time,3,2255,0.0,0.4240794543431559,0.4394049100483191
LR,time,3,2256,0.0,0.477738545751391,0.4677823271277749
LR,time,3,2257,0.0,0.17651601620236992,0.16777224703366367
LR,time,3,2258,0.0,0.27283239969171547,0.22760474098140077
LR,time,3,2259,0.0,0.3670162777376665,0.2957242783545434
LR,time,3,2260,0.0,0.36863108143914747,0.2951937420610434
LR,time,3,2261,0.0,0.3077291993435777,0.24909516431465004
LR,time,3,2262,0.0,0.273081709582219,0.22275507444434078
LR,time,3,2263,0.0,0.2635275680759603,0.21768144248651713
LR,time,3,2264,0.0,0.2884230759438889,0.256866588019309
LR,time,3,2265,0.0,0.27599054117276445,0.2447133491342553
LR,time,3,2266,0.0,0.25422099436511886,0.22265822631291418
LR,time,3,2267,0.0,0.24137740882333727,0.21225994400671008
LR,time,3,2268,0.0,0.2839902282315377,0.24454251963474827
LR,time,3,2269,0.0,0.2650405149804426,0.22973697353163366
LR,time,3,2270,0.0,0.30197877013301533,0.2667066475030856
LR,time,3,2271,0.0,0.29580588689173526,0.2786517132727746
LR,time,3,2272,0.0,0.2545754287992003,0.22246428301970034
LR,time,3,2273,0.0,0.27491635865686836,0.23672122499281245
LR,time,3,2274,0.0,0.25549195479879855,0.2227271281974983
LR,time,3,2275,0.0,0.35578850038352267,0.3691337674566596
LR,time,3,2276,0.0,0.3510966121351354,0.37030175807105753
LR,time,3,2277,0.0,0.49412029190828993,0.5357479204594106
LR,time,3,2278,1.0,0.3338582341531418,0.35892684137511804
LR,time,3,2279,0.0,0.4883996242102632,0.5135356826624043
LR,time,3,2280,0.0,0.24614827552600843,0.2986746836613399
LR,time,3,2281,0.0,0.21240021126139488,0.26270655485389005
LR,time,3,2282,0.0,0.19723495237696295,0.2514696628172325
LR,time,3,2283,0.0,0.3004590768502032,0.3790667300653272
LR,time,3,2284,0.0,0.17834235426013736,0.2331668851417238
LR,time,3,2285,1.0,0.22557576390596643,0.27641100458376316
LR,time,3,2286,0.0,0.19148867991725274,0.25682128388615777
LR,time,3,2287,0.0,0.12487986552302638,0.1360413134608243
LR,time,3,2288,0.0,0.47494169105560124,0.5043164873533109
LR,time,3,2289,0.0,0.3685784145741541,0.3852982896500728
LR,time,3,2290,0.0,0.4007240608815869,0.4075127211903279
LR,time,3,2291,1.0,0.34997891947475557,0.3697371489431659
LR,time,3,2292,0.0,0.3463900922366837,0.35626660443451025
LR,time,3,2293,0.0,0.4038633393252627,0.411327420353877
LR,time,3,2294,0.0,0.3879113251885004,0.39718672371745345
LR,time,3,2295,0.0,0.40005603065068834,0.4050594587596728
LR,time,3,2296,0.0,0.26270500403638675,0.3050008026956291
LR,time,3,2297,0.0,0.3404725234807005,0.3829493864575994
LR,time,3,2298,0.0,0.2604858277347932,0.30309761660123496
LR,time,3,2299,0.0,0.27688758078732795,0.3546031841159152
LR,time,3,2300,0.0,0.24659468081296104,0.29593623724027956
LR,time,3,2301,0.0,0.26617669447670167,0.31527332659781304
LR,time,3,2302,0.0,0.3436361731393102,0.39173872709160545
LR,time,3,2303,0.0,0.3198601192244817,0.39339646141863005
LR,time,3,2304,1.0,0.2761665529780203,0.32017559586163025
LR,time,3,2305,0.0,0.13034423932743947,0.15866874856761715
LR,time,3,2306,0.0,0.22408105986024882,0.28006377791459597
LR,time,3,2307,0.0,0.47228557758326656,0.5219107515115485
LR,time,3,2308,0.0,0.2777165669562573,0.3273887155124618
LR,time,3,2309,0.0,0.27858067004110304,0.3233888007477876
LR,time,3,2310,0.0,0.26927096677295226,0.3147708202993992
LR,time,3,2311,0.0,0.26907969052708514,0.3181277712664996
LR,time,3,2312,0.0,0.390766507170629,0.40112535868001936
LR,time,3,2313,0.0,0.3524682624051684,0.3798868470261686
LR,time,3,2314,0.0,0.4300387083344567,0.4351898647856719
LR,time,3,2315,0.0,0.4151088985468488,0.4234077904209339
LR,time,3,2316,0.0,0.5342971407870053,0.5505624947426958
LR,time,3,2317,0.0,0.44196653082114556,0.46249781969424275
LR,time,3,2318,0.0,0.43294920144462234,0.43949050721355637
LR,time,3,2319,0.0,0.21444184503635336,0.195663177020866
LR,time,3,2320,0.0,0.4264707319096844,0.42941379167218335
LR,time,3,2321,0.0,0.524883853853719,0.5184689075016681
LR,time,3,2322,0.0,0.4220725367675543,0.4247584312682141
LR,time,3,2323,0.0,0.6387832262584293,0.647161908233764
LR,time,3,2324,0.0,0.3955690033061623,0.4059290338738274
LR,time,3,2325,0.0,0.4687149168914043,0.4633417563789966
LR,time,3,2326,0.0,0.46209954260178393,0.46176305317304367
LR,time,3,2327,0.0,0.6216564610951251,0.6370303121604346
LR,time,3,2328,0.0,0.4588673592419871,0.4565304655457243
LR,time,3,2329,0.0,0.565912601624602,0.5758246125731288
LR,time,3,2330,0.0,0.8079224305628172,0.8042863440872849
LR,time,3,2331,0.0,0.5484812412189444,0.5493440288307622
LR,time,3,2332,0.0,0.46385121974280846,0.46360902670747667
LR,time,3,2333,1.0,0.4396127054057232,0.4418453995479873
LR,time,3,2334,0.0,0.3869786719042149,0.3767410791262036
LR,time,3,2335,0.0,0.6466226596479792,0.660126311390756
LR,time,3,2336,0.0,0.4298435965131778,0.4373196130654392
LR,time,3,2337,0.0,0.4698990908073422,0.4678067906017474
LR,time,3,2338,0.0,0.543023556254339,0.5564060558970301
LR,time,3,2339,0.0,0.438527851901399,0.4456633797263216
LR,time,3,2340,0.0,0.5661217478922315,0.5747130008484297
LR,time,3,2341,0.0,0.7482095879308898,0.7533263153363904
LR,time,3,2342,0.0,0.22706117248896068,0.20573343697386423
LR,time,3,2343,0.0,0.23569874810396896,0.211204982886661
LR,time,3,2344,0.0,0.4493222603581287,0.44574034623638187
LR,time,3,2345,0.0,0.6406102521532177,0.6432926817938619
LR,time,3,2346,0.0,0.4222630032864666,0.42211548497476065
LR,time,3,2347,0.0,0.405791790633186,0.4173933868878925
LR,time,3,2348,0.0,0.6469695315135257,0.6533578169983685
LR,time,3,2349,0.0,0.4482518393266493,0.44434902142686994
LR,time,3,2350,0.0,0.5468459599812917,0.559168546549207
LR,time,3,2351,0.0,0.4461183414752741,0.44459806237673555
LR,time,3,2352,0.0,0.4119217032120451,0.4163278984554467
LR,time,3,2353,0.0,0.6271804306603308,0.6381485626790231
LR,time,3,2354,0.0,0.5592961243694924,0.5706240124339093
LR,time,3,2355,0.0,0.4394455010452385,0.4391870954466166
LR,time,3,2356,0.0,0.6221188291295611,0.6367598826717141
LR,time,3,2357,0.0,0.6670946530007658,0.652471851430497
LR,time,3,2358,0.0,0.2897026822216201,0.24912275356430408
LR,time,3,2359,0.0,0.45291023778769557,0.4514757882937549
LR,time,3,2360,0.0,0.27312482871482785,0.3176439916757214
LR,time,3,2361,0.0,0.3705860395420463,0.41213550579138436
LR,time,3,2362,0.0,0.39968377729251475,0.4597105431788756
LR,time,3,2363,0.0,0.4896905128196625,0.5628771192853805
LR,time,3,2364,0.0,0.2997808808761849,0.339476173721283
LR,time,3,2365,0.0,0.31810156346734014,0.36621069741715145
LR,time,3,2366,0.0,0.3413365545560435,0.39011171244375026
LR,time,3,2367,0.0,0.3060604345306614,0.3449410677483618
LR,time,3,2368,0.0,0.29339218744920215,0.3325228383133779
LR,time,3,2369,0.0,0.34610098876027007,0.38728578321664725
LR,time,3,2370,0.0,0.2870527683363611,0.3266522055255078
LR,time,3,2371,0.0,0.32691388877460315,0.3934111220930721
LR,time,3,2372,0.0,0.33518335157338236,0.40607707932351256
LR,time,3,2373,0.0,0.31801828430845547,0.35900106301526885
LR,time,3,2374,0.0,0.49954815586737905,0.5310167933478004
LR,time,3,2375,0.0,0.4711019771334264,0.5587519491431392
LR,time,3,2376,0.0,0.41527120070935775,0.47632597617822614
LR,time,3,2377,0.0,0.2808926400731989,0.32462483567133354
LR,time,3,2378,0.0,0.41477814046612554,0.45650968417893123
LR,time,3,2379,0.0,0.38852998927691906,0.43240529871507377
LR,time,3,2380,0.0,0.49423715883675734,0.5738865204899148
LR,time,3,2381,0.0,0.2870701762527154,0.3312288416050669
LR,time,3,2382,0.0,0.3828450926320998,0.4249984968364256
LR,time,3,2383,0.0,0.42119258936569054,0.4815807538822073
LR,time,3,2384,0.0,0.28562674396901533,0.3322933508942317
LR,time,3,2385,0.0,0.31954932899066824,0.37425777415422673
LR,time,3,2386,0.0,0.358816083590946,0.424449769335856
LR,time,3,2387,0.0,0.2685592601951953,0.3161084024333899
LR,time,3,2388,0.0,0.2789637830899186,0.3244312384280463
LR,time,3,2389,0.0,0.27502898326379793,0.3206256377486421
LR,time,3,2390,0.0,0.41129613104104107,0.45432332951792237
LR,time,3,2391,0.0,0.2943086726665886,0.3378994335666663
LR,time,3,2392,0.0,0.15821246799618247,0.1607139738954147
LR,time,3,2393,0.0,0.17886378296254735,0.18481376893169346
LR,time,3,2394,0.0,0.2602282299701234,0.2490725877171366
LR,time,3,2395,1.0,0.2613545000804202,0.3099182501089827
LR,time,3,2396,0.0,0.14660568935538348,0.16099431056724264
LR,time,3,2397,0.0,0.14489649706691435,0.1504581320303287
LR,time,3,2398,0.0,0.16787251234576708,0.16818068843025197
LR,time,3,2399,0.0,0.26912738476873255,0.316214352010836
LR,time,3,2400,0.0,0.551266731867415,0.5444751561654214
LR,time,3,2401,0.0,0.5297642405140099,0.5449441023122489
LR,time,3,2402,0.0,0.548663534656901,0.5428397228128479
LR,time,3,2403,0.0,0.41590243189375176,0.4191893191929926
LR,time,3,2404,0.0,0.5369681842620871,0.5530593327827494
LR,time,3,2405,0.0,0.3932374509777656,0.40700587521306286
LR,time,3,2406,0.0,0.5418736499132548,0.5360628983747855
LR,time,3,2407,0.0,0.26911885771382443,0.23409454058899365
LR,time,3,2408,0.0,0.2445907864562537,0.21599770401023674
LR,time,3,2409,0.0,0.4973310453990703,0.5178810314951816
LR,time,3,2410,0.0,0.514260034764201,0.5332573613790931
LR,time,3,2411,0.0,0.49696784623189894,0.5007975930345563
LR,time,3,2412,0.0,0.2707254278649636,0.2357056882097993
LR,time,3,2413,0.0,0.2576156604502731,0.22593879840271572
LR,time,3,2414,0.0,0.28196160868002407,0.24251385186508842
LR,time,3,2415,0.0,0.23788657061303933,0.2108123194089979
LR,time,3,2416,0.0,0.17299979226187975,0.17093180224814314
LR,time,3,2417,0.0,0.15000426923988858,0.15242319043290498
LR,time,3,2418,0.0,0.14950238331786542,0.15193169918529895
LR,time,3,2419,0.0,0.1650393978856892,0.16455157308047377
LR,time,3,2420,0.0,0.15697782202318086,0.15800523266287825
LR,time,3,2421,0.0,0.15500952518365332,0.1563636691213577
LR,time,3,2422,0.0,0.2703161575466084,0.31289331194543285
LR,time,3,2423,0.0,0.12075146576936692,0.1297170784010849
LR,time,3,2424,0.0,0.14922221627584187,0.15275967050033362
LR,time,3,2425,0.0,0.20783872873116446,0.22074372486858018
LR,time,3,2426,0.0,0.190510835996598,0.16338571659943768
LR,time,3,2427,0.0,0.16050819422632853,0.1607592166670735
LR,time,3,2428,0.0,0.16040285545065586,0.16049751650752533
LR,time,3,2429,0.0,0.2375744092919595,0.22311523871236738
LR,time,3,2430,0.0,0.16108233955813306,0.16103073584083133
LR,time,3,2431,0.0,0.16139020316678557,0.16125821227634748
LR,time,3,2432,0.0,0.1546209973075622,0.15576846556225424
LR,time,3,2433,0.0,0.16138257216682875,0.16101216764085544
LR,time,3,2434,0.0,0.16455263844984575,0.16356149844858123
LR,time,3,2435,0.0,0.1614934014042353,0.16128027263148034
LR,time,3,2436,0.0,0.15569404897568956,0.15653383569954205
LR,time,3,2437,0.0,0.1670022762060023,0.1661338771858815
LR,time,3,2438,0.0,0.18166510485360501,0.18354181111686674
LR,time,3,2439,0.0,0.15410441438449474,0.15526578363685462
LR,time,3,2440,0.0,0.1653002047266269,0.1641453538169317
LR,time,3,2441,1.0,0.16455926752248584,0.16342411930347406
LR,time,3,2442,0.0,0.2668829367487233,0.29558038551256166
LR,time,3,2443,0.0,0.28704837234276803,0.32891072987735986
LR,time,3,2444,0.0,0.3659539664694818,0.42356742929162783
LR,time,3,2445,0.0,0.3750720707488786,0.43637859861508643
LR,time,3,2446,0.0,0.28869913701207406,0.33446853094924894
LR,time,3,2447,0.0,0.2630307875551376,0.3091107783623483
LR,time,3,2448,0.0,0.41955025456477374,0.42361957542984
LR,time,3,2449,0.0,0.5063967133787519,0.5063272605980007
LR,time,3,2450,0.0,0.4364100745045753,0.4354248329716078
LR,time,3,2451,0.0,0.4301007921144148,0.43013930974475406
LR,time,3,2452,0.0,0.4153395198986585,0.41610654465089086
LR,time,3,2453,0.0,0.40572442016788135,0.40843482488542593
LR,time,3,2454,0.0,0.42632771269856023,0.42500658065702923
LR,time,3,2455,0.0,0.630725826721431,0.6578605575318894
LR,time,3,2456,0.0,0.4082384467292668,0.4122320598402613
LR,time,3,2457,0.0,0.5592743452412815,0.5786023712891746
LR,time,3,2458,0.0,0.4143140139673947,0.4152984585962013
LR,time,3,2459,0.0,0.46529675071450116,0.4730007755435067
LR,time,3,2460,0.0,0.40910462622606275,0.4109790665824115
LR,time,3,2461,0.0,0.3821739168394559,0.3902240003690306
LR,time,3,2462,0.0,0.40833543466574806,0.4174668366942723
LR,time,3,2463,0.0,0.5174088357506609,0.5318909139587954
LR,time,3,2464,0.0,0.27251543220817526,0.2351765029665652
LR,time,3,2465,0.0,0.3319030713611081,0.2878917175728374
LR,time,3,2466,0.0,0.2831832879611641,0.24233873297749584
LR,time,3,2467,0.0,0.4041257671899964,0.4064322571458909
LR,time,3,2468,0.0,0.5153575313889556,0.5291133583695509
LR,time,3,2469,0.0,0.44012253720722005,0.44348707342605287
LR,time,3,2470,0.0,0.41934252430153957,0.4187835986670935
LR,time,3,2471,0.0,0.39498435298094603,0.40142234688495704
LR,time,3,2472,0.0,0.45746547745393035,0.5128367074145066
LR,time,3,2473,0.0,0.2717615871303651,0.3133568208399098
LR,time,3,2474,0.0,0.2770255826566805,0.3237457149341213
LR,time,3,2475,0.0,0.36530692747669685,0.42433691994152256
LR,time,3,2476,0.0,0.2524843571625864,0.29933217533982354
LR,time,3,2477,0.0,0.2661459641336746,0.3109237779498159
LR,time,3,2478,0.0,0.28230671119993606,0.3236758978396302
LR,time,3,2479,0.0,0.3536304385289768,0.41311196926015786
LR,time,3,2480,0.0,0.2686237305367799,0.3174733343685941
LR,time,3,2481,0.0,0.365202699173838,0.40465432166924853
LR,time,3,2482,0.0,0.28335466311180074,0.3235298053638561
LR,time,3,2483,0.0,0.2992784584897297,0.354238441097767
LR,time,3,2484,0.0,0.2590917571479364,0.30019130294064095
LR,time,3,2485,0.0,0.10756147115921522,0.11554918810894327
LR,time,3,2486,0.0,0.16410464926962445,0.16462509301480532
LR,time,3,2487,0.0,0.17419183223696816,0.17144134348405546
LR,time,3,2488,0.0,0.14516535327096694,0.1484912921956078
LR,time,3,2489,0.0,0.2311703526457184,0.22542838408450686
LR,time,3,2490,0.0,0.1592644755812602,0.15974131279787435
LR,time,3,2491,0.0,0.37403184190376676,0.43157091714588447
LR,time,3,2492,0.0,0.2854229537974319,0.3286580528254309
LR,time,3,2493,0.0,0.258281954935526,0.3023171912503495
LR,time,3,2494,0.0,0.2758351318036084,0.3169537626958977
LR,time,3,2495,0.0,0.3410976772292654,0.3846821163778304
LR,time,3,2496,0.0,0.26984709513914007,0.31088407268890456
LR,time,3,2497,0.0,0.36769476247755467,0.42789186128936235
LR,time,3,2498,0.0,0.21808850048417763,0.29386243030629167
LR,time,3,2499,0.0,0.39871826981536757,0.4854401818886031
LR,time,3,2500,0.0,0.40106170277033903,0.4585568887739866
LR,time,3,2501,0.0,0.35513708758389856,0.3986735231588042
LR,time,3,2502,0.0,0.2737070773985173,0.31446176507904333
LR,time,3,2503,0.0,0.2912548039223816,0.33844290406990557
LR,time,3,2504,0.0,0.24643789565355123,0.29322018450268916
LR,time,3,2505,0.0,0.27692909190077725,0.3216066567044026
LR,time,3,2506,1.0,0.37963651545985666,0.4170923974146986
LR,time,3,2507,0.0,0.16320421326917617,0.19361835956675932
LR,time,3,2508,0.0,0.2923305302118821,0.33407454376800677
LR,time,3,2509,0.0,0.39564664799269567,0.433089903760983
LR,time,3,2510,0.0,0.29501432605795724,0.33339580422700604
LR,time,3,2511,0.0,0.37445389500288406,0.4119691703301937
LR,time,3,2512,0.0,0.27331679988641583,0.23526253171889364
LR,time,3,2513,0.0,0.382449332783768,0.3270027293736334
LR,time,3,2514,0.0,0.27252642067998006,0.2350585506884235
LR,time,3,2515,0.0,0.35739642557122114,0.36932477386138673
LR,time,3,2516,1.0,0.37219154631202783,0.38764147934513155
LR,time,3,2517,0.0,0.08220306473825117,0.09850088238792283
LR,time,3,2518,0.0,0.39711572557805913,0.40102600310364755
LR,time,3,2519,0.0,0.39459792949519457,0.40066670301183627
LR,time,3,2520,0.0,0.2866667421275382,0.24612444353879115
LR,time,3,2521,0.0,0.2715783297892118,0.23509909063466022
LR,time,3,2522,0.0,0.2771478577736215,0.23822007781971047
LR,time,3,2523,0.0,0.39725114097732833,0.4006436588357517
LR,time,3,2524,0.0,0.27756981641806033,0.23864174798862522
LR,time,3,2525,0.0,0.2512144859793708,0.2198906676412384
LR,time,3,2526,0.0,0.2886425840907104,0.2466168389519038
LR,time,3,2527,0.0,0.2907356711194897,0.24766072262685734
LR,time,3,2528,0.0,0.27567787356313606,0.23675795707912028
LR,time,3,2529,0.0,0.34537695418255854,0.29843695857536423
LR,time,3,2530,0.0,0.25561528525940225,0.2223078186945862
LR,time,3,2531,0.0,0.27699136066360824,0.23772096149208077
LR,time,3,2532,0.0,0.3613440841574137,0.3717002703376853
LR,time,3,2533,0.0,0.44322120247592944,0.4555411750532751
LR,time,3,2534,0.0,0.3620425042695884,0.3735207156846526
LR,time,3,2535,0.0,0.2630692238563288,0.22814119612350603
LR,time,3,2536,1.0,0.1547071796228134,0.15593246241053893
LR,time,3,2537,0.0,0.1888077192448724,0.178564563999967
LR,time,3,2538,0.0,0.1353837145321653,0.1403400539017759
LR,time,3,2539,0.0,0.17782514677574876,0.23112007632327572
LR,time,3,2540,0.0,0.2532509943557451,0.30006974335268644
LR,time,3,2541,0.0,0.2936987757449378,0.3620637939912202
LR,time,3,2542,0.0,0.36023134835270826,0.42145188985939186
LR,time,3,2543,0.0,0.1409907962691642,0.18130787976101612
LR,time,3,2544,0.0,0.2464399531685259,0.2948789543841097
LR,time,3,2545,0.0,0.18749921260970548,0.23641318741617262
LR,time,3,2546,0.0,0.49649955153794884,0.6009401438101064
LR,time,3,2547,1.0,0.24284323678316455,0.2912901798832767
LR,time,3,2548,0.0,0.09989842097000465,0.12615580454623754
LR,time,3,2549,0.0,0.29054161299099385,0.36287997810247163
LR,time,3,2550,0.0,0.2635166161004395,0.3051823151362311
LR,time,3,2551,0.0,0.2635092733688789,0.3053347011651265
LR,time,3,2552,0.0,0.27126003328098053,0.23445084019199106
LR,time,3,2553,0.0,0.27112538672490916,0.23382100097937014
LR,time,3,2554,0.0,0.28569676928920457,0.24434476067041386
LR,time,3,2555,0.0,0.23977207640617298,0.21113153701127058
LR,time,3,2556,0.0,0.2664292218932306,0.23062224739167914
LR,time,3,2557,0.0,0.40392690326894887,0.4050338185285999
LR,time,3,2558,0.0,0.35581690995248844,0.3677028782769292
LR,time,3,2559,0.0,0.2654590931721386,0.29657343720554535
LR,time,3,2560,0.0,0.4175101184382749,0.418981583007874
LR,time,3,2561,0.0,0.4744774725561922,0.4750556432162571
LR,time,3,2562,0.0,0.3878399110740024,0.39340026557899116
LR,time,3,2563,0.0,0.48359271032009177,0.4858240900278444
LR,time,3,2564,0.0,0.36015355376951974,0.37480302104284474
LR,time,3,2565,0.0,0.39063844053486085,0.3968278736567734
LR,time,3,2566,0.0,0.382915001361019,0.39064404320329543
LR,time,3,2567,0.0,0.428197049753603,0.4655228303270904
LR,time,3,2568,0.0,0.3661734518396079,0.3813829906189544
LR,time,3,2569,0.0,0.37773622647162874,0.38578261489780863
LR,time,3,2570,0.0,0.3402008063228753,0.35589913531128603
LR,time,3,2571,0.0,0.38495529752613905,0.39320472121703615
LR,time,3,2572,0.0,0.3045054899932674,0.32714725025058683
LR,time,3,2573,0.0,0.16971874854336405,0.19675651132665053
LR,time,3,2574,0.0,0.2935105856859084,0.3211994210631841
LR,time,3,2575,0.0,0.39069934638118214,0.40031734543205366
LR,time,3,2576,0.0,0.25819965670431394,0.3028015017963411
LR,time,3,2577,0.0,0.2509231712263817,0.29403056120066695
LR,holdout,0,1804,0.0,0.4716566096083694,0.5159177407645129
LR,holdout,0,1805,0.0,0.4300619559280176,0.45965206649884954
LR,holdout,0,1806,0.0,0.5098852702241647,0.5520525837561083
LR,holdout,0,1807,0.0,0.4066931879951522,0.4453429451621932
LR,holdout,0,1808,0.0,0.3755104433257734,0.47959778066106434
LR,holdout,0,1809,0.0,0.39214662287612745,0.4438276686373486
LR,holdout,0,1810,0.0,0.28375793482444867,0.3678889300163275
LR,holdout,0,1811,0.0,0.18356559044751794,0.2653967486921552
LR,holdout,0,1812,0.0,0.32451977157858636,0.40112191046252477
LR,holdout,0,1813,0.0,0.3665687358822112,0.4268230183686862
LR,holdout,0,1814,0.0,0.1367903951087796,0.1306572750343275
LR,holdout,0,1815,0.0,0.019664912973698972,0.016039265622291365
LR,holdout,0,1816,0.0,0.12325106422083718,0.13003565347167295
LR,holdout,0,1817,0.0,0.11006109440008953,0.1366736259732074
LR,holdout,0,1818,0.0,0.26015942808191966,0.3154115681318282
LR,holdout,0,1819,1.0,0.30455896424726725,0.42692707125323953
LR,holdout,0,1820,0.0,0.22119312581649483,0.3149628563697899
LR,holdout,0,1821,0.0,0.25537851300684533,0.3195074074494598
LR,holdout,0,1822,0.0,0.43428319843815555,0.5558932148115672
LR,holdout,0,1823,0.0,0.2109354528124761,0.28909883617797644
LR,holdout,0,1824,0.0,0.5535283580499382,0.39532415921781033
LR,holdout,0,1825,0.0,0.32316932982635416,0.26416673153381565
LR,holdout,0,1826,0.0,0.34592097638855673,0.2772875285551658
LR,holdout,0,1827,0.0,0.28322073330312075,0.33283203420800195
LR,holdout,0,1828,0.0,0.4948029826922887,0.3947155343893491
LR,holdout,0,1829,1.0,0.19752594256513653,0.27728580832342803
LR,holdout,0,1830,0.0,0.4304848616855672,0.2828989778614811
LR,holdout,0,1831,0.0,0.3859135650695825,0.29959851956254024
LR,holdout,0,1832,1.0,0.6003345973984441,0.44992411100812885
LR,holdout,0,1833,0.0,0.6020037168636154,0.47151295906337914
LR,holdout,0,1834,0.0,0.5623555514577987,0.43413068682578415
LR,holdout,0,1835,0.0,0.6841548438256515,0.5502150541920199
LR,holdout,0,1836,0.0,0.5476060094162204,0.41730206889032356
LR,holdout,0,1837,0.0,0.37247119009004054,0.23895234276614372
LR,holdout,0,1838,0.0,0.1285489688041906,0.10944486114866267
LR,holdout,0,1839,0.0,0.46467449456181537,0.3320576796966739
LR,holdout,0,1840,0.0,0.3958021099349973,0.22580608575406008
LR,holdout,0,1841,0.0,0.3679630606046164,0.21418490003964108
LR,holdout,0,1842,0.0,0.38282931208786175,0.22047455646355923
LR,holdout,0,1843,0.0,0.41440177019169633,0.23385982495683272
LR,holdout,0,1844,0.0,0.3448147330125896,0.20472396046583471
LR,holdout,0,1845,0.0,0.412691257938509,0.2332360569055738
LR,holdout,0,1846,0.0,0.3711362849971616,0.21583832382759718
LR,holdout,0,1847,0.0,0.4433957050835673,0.2464750198987
LR,holdout,0,1848,0.0,0.3886184641606529,0.22293614914946894
LR,holdout,0,1849,0.0,0.39303265690376354,0.22479496481698114
LR,holdout,0,1850,0.0,0.3398475958433254,0.20255655484522325
LR,holdout,0,1851,0.0,0.3979022009001773,0.22681576360533537
LR,holdout,0,1852,0.0,0.35054313803644715,0.20713544001758313
LR,holdout,0,1853,0.0,0.44694847929920667,0.24790594658289763
LR,holdout,0,1854,0.0,0.41358925851498435,0.23353943006216776
LR,holdout,0,1855,0.0,0.4367389065497474,0.2435112061375559
LR,holdout,0,1856,0.0,0.15923273866340665,0.18584072155548315
LR,holdout,0,1857,0.0,0.14664756753614658,0.15243806146271194
LR,holdout,0,1858,0.0,0.102219147284947,0.11230573877971757
LR,holdout,0,1859,0.0,0.12013784649259872,0.13590078691023777
LR,holdout,0,1860,0.0,0.05071779730658983,0.08002340011156198
LR,holdout,0,1861,0.0,0.1717756247786883,0.16705410135701745
LR,holdout,0,1862,0.0,0.166917899233569,0.185370134062649
LR,holdout,0,1863,0.0,0.14915105091655423,0.15400293055390266
LR,holdout,0,1864,0.0,0.1509845742025976,0.15493074967739381
LR,holdout,0,1865,0.0,0.12812958279894132,0.14096263398087303
LR,holdout,0,1866,0.0,0.15818898416406582,0.15887732728530293
LR,holdout,0,1867,0.0,0.2174295757228945,0.2883701978007567
LR,holdout,0,1868,0.0,0.22945022085503558,0.29697428762298256
LR,holdout,0,1869,0.0,0.23415480277933007,0.30191834480400104
LR,holdout,0,1870,0.0,0.15308530690361524,0.24497342503198408
LR,holdout,0,1871,0.0,0.24599802031752674,0.310047883679884
LR,holdout,0,1872,0.0,0.25621529462693615,0.3235469537339459
LR,holdout,0,1873,0.0,0.3455802811175807,0.42320792522730094
LR,holdout,0,1874,0.0,0.3512696447107018,0.4931475979770547
LR,holdout,0,1875,0.0,0.3301385445349449,0.4637646911446198
LR,holdout,0,1876,0.0,0.2304539299832079,0.30670578185343805
LR,holdout,0,1877,0.0,0.24071970208863538,0.315431709776531
LR,holdout,0,1878,0.0,0.2418557442815841,0.3159238122482965
LR,holdout,0,1879,0.0,0.24092867675159763,0.35520477999156036
LR,holdout,0,1880,0.0,0.2286769335614208,0.3065055694106307
LR,holdout,0,1881,0.0,0.1524310458409729,0.1850684578875452
LR,holdout,0,1882,0.0,0.22520248303165075,0.30557989484297904
LR,holdout,0,1883,0.0,0.1700152717861243,0.27035085658882757
LR,holdout,0,1884,0.0,0.246392057318049,0.3203159406716382
LR,holdout,0,1885,0.0,0.1803001279247269,0.2779337223655885
LR,holdout,0,1886,0.0,0.17766937569259508,0.27831826555410966
LR,holdout,0,1887,0.0,0.30107413659409776,0.35721344221601115
LR,holdout,0,1888,0.0,0.08516494485463731,0.10297943987573165
LR,holdout,0,1889,0.0,0.08596689813592472,0.13014709451801248
LR,holdout,0,1890,0.0,0.0544621241489109,0.08878572528600376
LR,holdout,0,1891,0.0,0.3175297209626188,0.36439057691051085
LR,holdout,0,1892,0.0,0.2774333915348311,0.33586499979127027
LR,holdout,0,1893,0.0,0.2553242776230686,0.32104654698788876
LR,holdout,0,1894,0.0,0.24884593392015297,0.31670513907267905
LR,holdout,0,1895,0.0,0.1970713282563182,0.28042064374820064
LR,holdout,0,1896,0.0,0.1308686617290824,0.14545761807154772
LR,holdout,0,1897,0.0,0.08803440188485182,0.11663028535611453
LR,holdout,0,1898,0.0,0.2639676001620919,0.32722439508465306
LR,holdout,0,1899,0.0,0.34169215880864084,0.42023532250815265
LR,holdout,0,1900,0.0,0.2743816132944985,0.3352835839644701
LR,holdout,0,1901,0.0,0.30574122430140255,0.394904520716255
LR,holdout,0,1902,0.0,0.3874402636204271,0.4460259234657312
LR,holdout,0,1903,0.0,0.29431435489160085,0.34893616080440637
LR,holdout,0,1904,0.0,0.12590605210479217,0.14240107497468762
LR,holdout,0,1905,0.0,0.14795660811603772,0.1564849754082569
LR,holdout,0,1906,0.0,0.2537997529557784,0.31920771371119155
LR,holdout,0,1907,0.0,0.10569172033309787,0.12959349779836496
LR,holdout,0,1908,0.0,0.11391278943919211,0.13533395857888314
LR,holdout,0,1909,0.0,0.12826580847076166,0.14476356902840434
LR,holdout,0,1910,0.0,0.26001580495527193,0.32324500118103944
LR,holdout,0,1911,0.0,0.2827926252026572,0.3465811277363124
LR,holdout,0,1912,0.0,0.27971426420617934,0.3385299999858102
LR,holdout,0,1913,0.0,0.1687062018614151,0.19642277560146806
LR,holdout,0,1914,0.0,0.11024615326215596,0.1326824299914678
LR,holdout,0,1915,0.0,0.15522283543560536,0.15241023049418087
LR,holdout,0,1916,0.0,0.13963569427534533,0.1451463422329058
LR,holdout,0,1917,0.0,0.1283938089172643,0.158036222447781
LR,holdout,0,1918,0.0,0.17363172172997737,0.17173266122535152
LR,holdout,0,1919,0.0,0.18372302323750275,0.1703493583194751
LR,holdout,0,1920,0.0,0.13847496738922532,0.14384152231566044
LR,holdout,0,1921,0.0,0.17112905528829875,0.16981132966280327
LR,holdout,0,1922,0.0,0.13966307426776692,0.15116181666842685
LR,holdout,0,1923,0.0,0.07685576778119843,0.10351725292999464
LR,holdout,0,1924,0.0,0.17132972176012518,0.16485921877607757
LR,holdout,0,1925,0.0,0.16810372351599187,0.1649996453086692
LR,holdout,0,1926,0.0,0.15571733824967415,0.15861789302149304
LR,holdout,0,1927,0.0,0.1722116658557278,0.17146087323646125
LR,holdout,0,1928,0.0,0.13385526340986575,0.14827906541184616
LR,holdout,0,1929,0.0,0.15215570936644374,0.15985747703085812
LR,holdout,0,1930,0.0,0.1701418178981952,0.19705856252558784
LR,holdout,0,1931,0.0,0.12181914572099917,0.13612170517675953
LR,holdout,0,1932,0.0,0.16908911615603853,0.1695039486714963
LR,holdout,0,1933,0.0,0.19090579226449395,0.17912769492545164
LR,holdout,0,1934,0.0,0.21192131572200715,0.22029432842536253
LR,holdout,0,1935,0.0,0.155868633032745,0.18558776928234397
LR,holdout,0,1936,0.0,0.1761526406471415,0.17320025356614746
LR,holdout,0,1937,0.0,0.14418744286101845,0.15452043887291816
LR,holdout,0,1938,0.0,0.13853123120994587,0.15073788336785465
LR,holdout,0,1939,0.0,0.24117001414580633,0.30905945903166626
LR,holdout,0,1940,0.0,0.2545181448868455,0.31807007509223184
LR,holdout,0,1941,0.0,0.24573168999138217,0.3122536377922795
LR,holdout,0,1942,0.0,0.31076057339356405,0.3834174949575587
LR,holdout,0,1943,0.0,0.2396245765672015,0.3094235773427946
LR,holdout,0,1944,0.0,0.2443054752645386,0.30543273676318555
LR,holdout,0,1945,0.0,0.24429871684736582,0.31208018532341913
LR,holdout,0,1946,1.0,0.2641638311894282,0.35974870028572975
LR,holdout,0,1947,0.0,0.26367375035008705,0.32782182974257434
LR,holdout,0,1948,0.0,0.15560051163203265,0.2646514102892431
LR,holdout,0,1949,0.0,0.2172637422278882,0.28539456639269223
LR,holdout,0,1950,0.0,0.3190268785216227,0.4058929529599491
LR,holdout,0,1951,0.0,0.19774579398802836,0.30076514662251674
LR,holdout,0,1952,0.0,0.32574881603318656,0.3899202580203765
LR,holdout,0,1953,0.0,0.29381694257239843,0.3720532121023706
LR,holdout,0,1954,0.0,0.3898789265060435,0.43132745805172756
LR,holdout,0,1955,0.0,0.3141219848395567,0.3857299283490744
LR,holdout,0,1956,1.0,0.3746447487011578,0.4323767477896454
LR,holdout,0,1957,0.0,0.4100455223484467,0.47676040542292497
LR,holdout,0,1958,0.0,0.5071922495289114,0.511763974470049
LR,holdout,0,1959,0.0,0.42416848515023675,0.46200555540674826
LR,holdout,0,1960,0.0,0.5441724802899209,0.5678388001760489
LR,holdout,0,1961,0.0,0.621879992550093,0.6460160533551497
LR,holdout,0,1962,0.0,0.4057965062713162,0.4506689211048872
LR,holdout,0,1963,0.0,0.3631236760883962,0.42417539059155174
LR,holdout,0,1964,0.0,0.3584242909749294,0.42112453054581933
LR,holdout,0,1965,0.0,0.3946330589637266,0.49017232212607487
LR,holdout,0,1966,0.0,0.32347016870312423,0.44572286385090143
LR,holdout,0,1967,0.0,0.24825877177630323,0.35138690638459824
LR,holdout,0,1968,0.0,0.43599450372903364,0.5082164109757422
LR,holdout,0,1969,0.0,0.3553216536163389,0.420065382062614
LR,holdout,0,1970,0.0,0.36862289481471355,0.42767577878472157
LR,holdout,0,1971,0.0,0.3116118650910982,0.39338480602300746
LR,holdout,0,1972,0.0,0.32289695872059243,0.43827405294503574
LR,holdout,0,1973,0.0,0.29284582765385564,0.3815413773836295
LR,holdout,0,1974,0.0,0.5388087267655168,0.5733719684312256
LR,holdout,0,1975,0.0,0.3017828930196852,0.3862301193156569
LR,holdout,0,1976,0.0,0.2738356215097901,0.3641160261778463
LR,holdout,0,1977,0.0,0.34755549271636454,0.44064413829870896
LR,holdout,0,1978,1.0,0.19562546228029049,0.27897256491217914
LR,holdout,0,1979,0.0,0.2546709636916564,0.3378147660399972
LR,holdout,0,1980,0.0,0.15028712824298987,0.24254052290098937
LR,holdout,0,1981,0.0,0.21751153104414156,0.29386565119173286
LR,holdout,0,1982,0.0,0.13844434176195783,0.2335103872066254
LR,holdout,0,1983,0.0,0.2543279885937251,0.31884626765008806
LR,holdout,0,1984,0.0,0.5354541915517608,0.4050258988181382
LR,holdout,0,1985,0.0,0.6285831203359729,0.4952471929539442
LR,holdout,0,1986,0.0,0.54235547494556,0.40835457194870106
LR,holdout,0,1987,0.0,0.43829845090949077,0.35279602745378424
LR,holdout,0,1988,0.0,0.5147211447333154,0.3936396510140356
LR,holdout,0,1989,0.0,0.5595338919537345,0.41871240807885635
LR,holdout,0,1990,0.0,0.6651106609375071,0.5290777615944754
LR,holdout,0,1991,0.0,0.707936686154794,0.6465186283925379
LR,holdout,0,1992,0.0,0.5894482828661656,0.48424877591661825
LR,holdout,0,1993,0.0,0.6560106340521811,0.5146268247484598
LR,holdout,0,1994,0.0,0.5516427033552066,0.4144439967674336
LR,holdout,0,1995,1.0,0.7354490763563637,0.622825626016572
LR,holdout,0,1996,0.0,0.5389048000535076,0.4286518663802102
LR,holdout,0,1997,0.0,0.6639421286301201,0.48486551212988577
LR,holdout,0,1998,0.0,0.6218234046050576,0.45622311208664945
LR,holdout,0,1999,0.0,0.7609320084752299,0.5975863328957276
LR,holdout,0,2000,0.0,0.4713470642528547,0.48005838620807884
LR,holdout,0,2001,0.0,0.4167731084280806,0.44856174852067227
LR,holdout,0,2002,0.0,0.4032725386739984,0.4414446910773753
LR,holdout,0,2003,0.0,0.4589207503076586,0.47295446362032045
LR,holdout,0,2004,0.0,0.43495637971111356,0.45881814700495427
LR,holdout,0,2005,0.0,0.33991525535737316,0.40347962912953594
LR,holdout,0,2006,0.0,0.37653857569070265,0.4267580909827976
LR,holdout,0,2007,0.0,0.4828806332642305,0.4877104196864086
LR,holdout,0,2008,0.0,0.45947810514750564,0.47350607068445055
LR,holdout,0,2009,0.0,0.4538817737610442,0.4694847147790176
LR,holdout,0,2010,0.0,0.5662092589772294,0.5758963654322224
LR,holdout,0,2011,0.0,0.4899719313151229,0.5368487479134378
LR,holdout,0,2012,0.0,0.4175477816793059,0.44856611059590357
LR,holdout,0,2013,0.0,0.5400784512787663,0.5675889394809481
LR,holdout,0,2014,0.0,0.5203726303798449,0.596583973750629
LR,holdout,0,2015,0.0,0.6274323521102149,0.6604205657161764
LR,holdout,0,2016,0.0,0.37150432621513585,0.4222032605648336
LR,holdout,0,2017,0.0,0.48212972316774777,0.5235394203667509
LR,holdout,0,2018,0.0,0.3244845836353539,0.3953654248952852
LR,holdout,0,2019,0.0,0.45370515388475885,0.4724288429444241
LR,holdout,0,2020,0.0,0.4046099951005086,0.4442132685235743
LR,holdout,0,2021,0.0,0.36990936078696135,0.42403958575758083
LR,holdout,0,2022,0.0,0.4520301138012132,0.4719529027382788
LR,holdout,0,2023,0.0,0.4231281411106481,0.45282200310977566
LR,holdout,0,2024,0.0,0.25226081491245755,0.3180383794641136
LR,holdout,0,2025,0.0,0.26654979542870033,0.32912423134556945
LR,holdout,0,2026,0.0,0.24042630549346186,0.3114385384422944
LR,holdout,0,2027,0.0,0.4004395549965972,0.5032607135178164
LR,holdout,0,2028,0.0,0.2697637804576762,0.3302907286595268
LR,holdout,0,2029,0.0,0.371712759114346,0.4384079006695313
LR,holdout,0,2030,0.0,0.23639231270494832,0.3072471461118752
LR,holdout,0,2031,0.0,0.1095703059755123,0.1233624555949278
LR,holdout,0,2032,0.0,0.16929184785425416,0.1624930544263787
LR,holdout,0,2033,0.0,0.17761493045439497,0.1696293513290605
LR,holdout,0,2034,0.0,0.33938382485130497,0.417561234070771
LR,holdout,0,2035,0.0,0.33013061737877464,0.4127631308163063
LR,holdout,0,2036,0.0,0.2606252834069686,0.32430960013884275
LR,holdout,0,2037,0.0,0.2516672234738237,0.3188673466575045
LR,holdout,0,2038,0.0,0.3728123720716898,0.43915093647281767
LR,holdout,0,2039,1.0,0.2545282610284138,0.3217695310277619
LR,holdout,0,2040,0.0,0.28924366336395996,0.35386019143413255
LR,holdout,0,2041,0.0,0.3272819105795565,0.39970010607576906
LR,holdout,0,2042,0.0,0.25064427807767936,0.31901700647036335
LR,holdout,0,2043,0.0,0.2919468374171139,0.34632266393870503
LR,holdout,0,2044,0.0,0.47282861275767674,0.5397549906525411
LR,holdout,0,2045,0.0,0.2130336143709858,0.29395944259581713
LR,holdout,0,2046,0.0,0.25683012774311553,0.3231304764276994
LR,holdout,0,2047,0.0,0.25477733152582377,0.3208737302615718
LR,holdout,0,2048,0.0,0.41026761922733784,0.45690437415661606
LR,holdout,0,2049,0.0,0.527894155939251,0.5602532164671378
LR,holdout,0,2050,0.0,0.4015345941324905,0.4486187635268561
LR,holdout,0,2051,0.0,0.35904522117787907,0.4252527664950026
LR,holdout,0,2052,0.0,0.4149142819873006,0.45854747708548044
LR,holdout,0,2053,0.0,0.4250690434362925,0.46483717350514797
LR,holdout,0,2054,0.0,0.4312417911971059,0.4692131994558941
LR,holdout,0,2055,0.0,0.4335574650117813,0.47173722286133574
LR,holdout,0,2056,0.0,0.5488599016318745,0.574793388700707
LR,holdout,0,2057,0.0,0.3242579224145126,0.2765552665147379
LR,holdout,0,2058,0.0,0.34175693789573613,0.32580909190102814
LR,holdout,0,2059,0.0,0.24144122098493026,0.23338842500278342
LR,holdout,0,2060,0.0,0.4449023086898133,0.47622818824422625
LR,holdout,0,2061,0.0,0.5459443109125067,0.5796588863896093
LR,holdout,0,2062,0.0,0.395432904529002,0.44679446865790706
LR,holdout,0,2063,0.0,0.5410296667791868,0.5768866252988756
LR,holdout,0,2064,0.0,0.4228049893922157,0.46152638294041315
LR,holdout,0,2065,0.0,0.3800573702320771,0.43825647789708994
LR,holdout,0,2066,0.0,0.40113273308800546,0.4517274501243167
LR,holdout,0,2067,0.0,0.4180525398370038,0.46016903985292057
LR,holdout,0,2068,0.0,0.6852646746958417,0.7033926108195899
LR,holdout,0,2069,0.0,0.3877604638698577,0.44586197335342703
LR,holdout,0,2070,0.0,0.4547135501791369,0.4844705901654869
LR,holdout,0,2071,0.0,0.5812564581485635,0.6031441176788748
LR,holdout,0,2072,0.0,0.25354102941867684,0.32039549631460157
LR,holdout,0,2073,0.0,0.5361411920197267,0.5852558263973588
LR,holdout,0,2074,0.0,0.281156154089746,0.34030112884560115
LR,holdout,0,2075,0.0,0.14165560074370667,0.14120164370426286
LR,holdout,0,2076,0.0,0.2249091653252173,0.19294239146319173
LR,holdout,0,2077,0.0,0.18298093712360428,0.17136712656843828
LR,holdout,0,2078,0.0,0.17768302774714068,0.1707537365771273
LR,holdout,0,2079,0.0,0.1708928265761001,0.16822545502779082
LR,holdout,0,2080,0.0,0.20181154321337438,0.18462963238641822
LR,holdout,0,2081,0.0,0.17750159564646248,0.17139651217502233
LR,holdout,0,2082,0.0,0.18825633426820015,0.17865667833945031
LR,holdout,0,2083,0.0,0.14475242694391055,0.15357363087852743
LR,holdout,0,2084,0.0,0.15680061861390598,0.1602590219868702
LR,holdout,0,2085,0.0,0.15670139969293362,0.1596581220118972
LR,holdout,0,2086,0.0,0.19345441372404015,0.18152743736078963
LR,holdout,0,2087,0.0,0.1593394320114049,0.16169381230625576
LR,holdout,0,2088,0.0,0.20470657839357348,0.18582277096688013
LR,holdout,0,2089,0.0,0.2002599268401689,0.18424735762772593
LR,holdout,0,2090,0.0,0.18569262923198673,0.1773785843903575
LR,holdout,0,2091,0.0,0.2036755031157886,0.18698402542094886
LR,holdout,0,2092,0.0,0.19491036387932184,0.18217650829662776
LR,holdout,0,2093,0.0,0.1601482625549103,0.16139292432702307
LR,holdout,0,2094,0.0,0.22126969237577504,0.19452187752544076
LR,holdout,0,2095,0.0,0.18869970288476273,0.17792306276799946
LR,holdout,0,2096,0.0,0.17942883406654575,0.17222285900002673
LR,holdout,0,2097,0.0,0.18865662535941588,0.17710804120908058
LR,holdout,0,2098,0.0,0.19293652544858367,0.17975160390430256
LR,holdout,0,2099,0.0,0.1769964143702824,0.1707454101867369
LR,holdout,0,2100,0.0,0.2469065763902291,0.23996087568729585
LR,holdout,0,2101,0.0,0.18227693071991674,0.17378293822435462
LR,holdout,0,2102,0.0,0.1915147642169394,0.17915059502656688
LR,holdout,0,2103,0.0,0.20264475865133771,0.20690453127044692
LR,holdout,0,2104,0.0,0.1622198484206069,0.16143591604753627
LR,holdout,0,2105,0.0,0.19846535955087724,0.1825865808012279
LR,holdout,0,2106,0.0,0.14847630304204804,0.17923074451228
LR,holdout,0,2107,0.0,0.1849524061149689,0.17492549859399045
LR,holdout,0,2108,0.0,0.14257164638329,0.1516368253461875
LR,holdout,0,2109,0.0,0.1768000033367209,0.17138469452330637
LR,holdout,0,2110,0.0,0.24294872773305776,0.23786656739589293
LR,holdout,0,2111,0.0,0.17160292861489793,0.16835849195405186
LR,holdout,0,2112,0.0,0.1454030950914643,0.15297853255926203
LR,holdout,0,2113,0.0,0.1349117677755149,0.14658077752980453
LR,holdout,0,2114,0.0,0.15138407734390333,0.15631470682608015
LR,holdout,0,2115,0.0,0.2612650965271775,0.32414086290269845
LR,holdout,0,2116,0.0,0.3729903738707542,0.4385173066522234
LR,holdout,0,2117,0.0,0.5046832137865254,0.5485782986892893
LR,holdout,0,2118,0.0,0.41318790696943386,0.4654569066847754
LR,holdout,0,2119,0.0,0.4893009602668536,0.5044987519351086
LR,holdout,0,2120,0.0,0.2552039084903049,0.32435997903614333
LR,holdout,0,2121,0.0,0.3654974084105427,0.3954684333901046
LR,holdout,0,2122,0.0,0.2999448253458473,0.351076775866797
LR,holdout,0,2123,0.0,0.3493853594106689,0.4102161712593823
LR,holdout,0,2124,0.0,0.24685905547560416,0.31770116240169577
LR,holdout,0,2125,0.0,0.2421449538604077,0.3122510565176065
LR,holdout,0,2126,0.0,0.4493065222561998,0.5557720883565331
LR,holdout,0,2127,0.0,0.2916972653462196,0.347402444866648
LR,holdout,0,2128,0.0,0.2704872329379115,0.33126127796156496
LR,holdout,0,2129,0.0,0.2748413024883663,0.3323056333911597
LR,holdout,0,2130,0.0,0.2619020054093018,0.3237588630414273
LR,holdout,0,2131,0.0,0.37704398792168703,0.43962053540649393
LR,holdout,0,2132,0.0,0.24395773303185475,0.3118484420739728
LR,holdout,0,2133,0.0,0.23603236084673054,0.3070446474262405
LR,holdout,0,2134,0.0,0.19001634658783673,0.2755068778259237
LR,holdout,0,2135,0.0,0.3467100367205858,0.4221326016446234
LR,holdout,0,2136,0.0,0.26442159231854123,0.32635237126131106
LR,holdout,0,2137,0.0,0.24203815965709888,0.3113926273267239
LR,holdout,0,2138,0.0,0.1317847584619131,0.22898016612392366
LR,holdout,0,2139,0.0,0.27927331978202086,0.36352344854720997
LR,holdout,0,2140,0.0,0.3097258538142694,0.3559862313268092
LR,holdout,0,2141,0.0,0.2660152428489302,0.32724293070012606
LR,holdout,0,2142,0.0,0.23699282380593945,0.30862550777662034
LR,holdout,0,2143,0.0,0.22602464265049926,0.3023499893828723
LR,holdout,0,2144,0.0,0.25499754039238587,0.3204312535213405
LR,holdout,0,2145,1.0,0.27884725850401365,0.420094282384828
LR,holdout,0,2146,0.0,0.17453070394530498,0.23615185396521382
LR,holdout,0,2147,0.0,0.24313567615771173,0.3123846867068441
LR,holdout,0,2148,1.0,0.33492405987622487,0.4165372192037975
LR,holdout,0,2149,0.0,0.19320412248581115,0.2793306882424475
LR,holdout,0,2150,0.0,0.22715095882443917,0.30265145845725067
LR,holdout,0,2151,0.0,0.39817851361540957,0.4545797448329973
LR,holdout,0,2152,0.0,0.4873693310229624,0.49858924528252474
LR,holdout,0,2153,0.0,0.4885880335127228,0.5384078713260761
LR,holdout,0,2154,0.0,0.41387756693129424,0.455052854877775
LR,holdout,0,2155,0.0,0.36449508368396705,0.4263462253763213
LR,holdout,0,2156,0.0,0.665292272002248,0.7231367884876705
LR,holdout,0,2157,0.0,0.5014080792286352,0.5468152003222675
LR,holdout,0,2158,0.0,0.3693681248279311,0.43040985697431255
LR,holdout,0,2159,0.0,0.4970870573940285,0.5529606883198228
LR,holdout,0,2160,0.0,0.533943112342637,0.6097680147708485
LR,holdout,0,2161,0.0,0.4104701378053464,0.45572266762823904
LR,holdout,0,2162,0.0,0.40957575137459457,0.4557723777226151
LR,holdout,0,2163,0.0,0.3879208168124857,0.4442336787317242
LR,holdout,0,2164,0.0,0.4392012316868066,0.474176016588743
LR,holdout,0,2165,0.0,0.49644857577571216,0.5106221103565144
LR,holdout,0,2166,0.0,0.35490383692614097,0.4246431850986295
LR,holdout,0,2167,0.0,0.4942615423645039,0.5058171714248438
LR,holdout,0,2168,0.0,0.32250168177979244,0.39590576993541804
LR,holdout,0,2169,0.0,0.6084597938441358,0.65283114077904
LR,holdout,0,2170,0.0,0.4259791746496673,0.49689557759684844
LR,holdout,0,2171,0.0,0.28070749655358335,0.27369666494021144
LR,holdout,0,2172,0.0,0.5445561341633517,0.4643326805630566
LR,holdout,0,2173,0.0,0.4379591054345493,0.26351002329573425
LR,holdout,0,2174,0.0,0.6795903797120244,0.48541345000962505
LR,holdout,0,2175,0.0,0.6858882649692517,0.5069111618006189
LR,holdout,0,2176,0.0,0.1340788572793389,0.06591167601888843
LR,holdout,0,2177,0.0,0.23013580437359704,0.0943083392838329
LR,holdout,0,2178,0.0,0.2520897514338105,0.08698276389600854
LR,holdout,0,2179,0.0,0.39088960572194753,0.16580782086382345
LR,holdout,0,2180,0.0,0.2661285256226967,0.10301906781797508
LR,holdout,0,2181,0.0,0.27116504609719955,0.11085988229995716
LR,holdout,0,2182,0.0,0.5795576613935495,0.28861624477992404
LR,holdout,0,2183,0.0,0.4923105943804145,0.28755874848934715
LR,holdout,0,2184,0.0,0.6363922194368472,0.32594761205962675
LR,holdout,0,2185,0.0,0.6237020375941824,0.31541225642145865
LR,holdout,0,2186,0.0,0.6145578994062483,0.3791601290563157
LR,holdout,0,2187,0.0,0.4310121619154008,0.22370369064778994
LR,holdout,0,2188,0.0,0.599111221523564,0.30310938112864727
LR,holdout,0,2189,0.0,0.7135331590548325,0.40742473846466193
LR,holdout,0,2190,0.0,0.5721864860067074,0.28816398262508364
LR,holdout,0,2191,0.0,0.5609784261902371,0.28188692341065497
LR,holdout,0,2192,0.0,0.5690702440933935,0.28483664781875523
LR,holdout,0,2193,0.0,0.6149988695326857,0.35128344559940256
LR,holdout,0,2194,0.0,0.6882732244177245,0.3974218223388643
LR,holdout,0,2195,0.0,0.617384344689834,0.3114814674329361
LR,holdout,0,2196,0.0,0.6428167262010622,0.32781988721557165
LR,holdout,0,2197,0.0,0.694497528907009,0.39883640863607767
LR,holdout,0,2198,0.0,0.5255509648763342,0.26726580675277917
LR,holdout,0,2199,0.0,0.6744490354329461,0.3489507248403144
LR,holdout,0,2200,0.0,0.4880640488729595,0.34345176821906487
LR,holdout,0,2201,0.0,0.5658871898420268,0.4247899833765091
LR,holdout,0,2202,1.0,0.7087510896539853,0.5664345585107822
LR,holdout,0,2203,1.0,0.44535212804828317,0.35712305114992615
LR,holdout,0,2204,0.0,0.269301135071581,0.27272263394168605
LR,holdout,0,2205,0.0,0.28227693123096503,0.24260846322795185
LR,holdout,0,2206,0.0,0.3368813425936059,0.2694771358676498
LR,holdout,0,2207,0.0,0.23234596045357445,0.216007053255945
LR,holdout,0,2208,0.0,0.7329403013990726,0.5752472618251498
LR,holdout,0,2209,0.0,0.5005358857748377,0.38536934262630396
LR,holdout,0,2210,0.0,0.5682727364847829,0.47681948905176713
LR,holdout,0,2211,0.0,0.6964521847962749,0.559697545053995
LR,holdout,0,2212,0.0,0.6773613137211127,0.5332628635074265
LR,holdout,0,2213,0.0,0.6865296296276233,0.552426503544528
LR,holdout,0,2214,0.0,0.7937002687820462,0.6213905239710263
LR,holdout,0,2215,0.0,0.7754046662074918,0.6105075800482312
LR,holdout,0,2216,0.0,0.47945187362687336,0.4945247995701057
LR,holdout,0,2217,0.0,0.5847083279850144,0.6016577589793398
LR,holdout,0,2218,0.0,0.5038746807103761,0.5138529487365902
LR,holdout,0,2219,0.0,0.6376865738276526,0.6240616428663346
LR,holdout,0,2220,0.0,0.6249417945462622,0.6245059936611643
LR,holdout,0,2221,0.0,0.6068475049138308,0.6186992095209897
LR,holdout,0,2222,0.0,0.7174324705936238,0.6808455740672137
LR,holdout,0,2223,1.0,0.5050345829800638,0.3905984892227307
LR,holdout,0,2224,0.0,0.431079632601268,0.4556774485929634
LR,holdout,0,2225,0.0,0.6188551453176118,0.6041291362535544
LR,holdout,0,2226,0.0,0.5077463913855137,0.5096232280527311
LR,holdout,0,2227,0.0,0.45487722096932903,0.4825813291591464
LR,holdout,0,2228,0.0,0.4975766950559221,0.5127769114666776
LR,holdout,0,2229,0.0,0.5071725536262459,0.5186003181862463
LR,holdout,0,2230,0.0,0.5102635411838456,0.529996725408851
LR,holdout,0,2231,0.0,0.4515431805237283,0.4897901723320803
LR,holdout,0,2232,0.0,0.4652913232139723,0.5532139926303175
LR,holdout,0,2233,0.0,0.578484880078201,0.5741594227726521
LR,holdout,0,2234,0.0,0.549948537225705,0.5484290920498776
LR,holdout,0,2235,0.0,0.4519133862910065,0.4918914618552306
LR,holdout,0,2236,0.0,0.5472896327361109,0.5564052825772469
LR,holdout,0,2237,0.0,0.4127161477967144,0.5250507178620739
LR,holdout,0,2238,0.0,0.4518905484185439,0.4978758463332048
LR,holdout,0,2239,0.0,0.5344160648474231,0.6232523475549524
LR,holdout,0,2240,0.0,0.39720464471604816,0.4724831642930256
LR,holdout,0,2241,0.0,0.5795816868209241,0.6126605101163088
LR,holdout,0,2242,0.0,0.5446034115443581,0.6296263008206971
LR,holdout,0,2243,1.0,0.6232281297722728,0.6784593962151511
LR,holdout,0,2244,0.0,0.4145176338842704,0.4561992733719436
LR,holdout,0,2245,0.0,0.10413642449676842,0.08856470190689665
LR,holdout,0,2246,0.0,0.12990713437949641,0.15142414422623685
LR,holdout,0,2247,0.0,0.20600731001101807,0.1373722663552724
LR,holdout,0,2248,0.0,0.41979586720894,0.4683148071806357
LR,holdout,0,2249,0.0,0.35053747212864905,0.4264201832542025
LR,holdout,0,2250,0.0,0.3990384473009983,0.4567492246594097
LR,holdout,0,2251,0.0,0.3473820102134215,0.47077043797591417
LR,holdout,0,2252,0.0,0.4631106895900887,0.5071105614769864
LR,holdout,0,2253,0.0,0.3157404322413482,0.41651550363655127
LR,holdout,0,2254,1.0,0.8175226487651811,0.8206241599238419
LR,holdout,0,2255,0.0,0.35013931715546837,0.4118546520473614
LR,holdout,0,2256,0.0,0.6068609984882248,0.47847126609834
LR,holdout,0,2257,0.0,0.1485123566418107,0.16680967332047109
LR,holdout,0,2258,0.0,0.42459945333010063,0.24764168072992448
LR,holdout,0,2259,0.0,0.6924650446643151,0.32473021798114504
LR,holdout,0,2260,0.0,0.6982010611547546,0.32710876141505113
LR,holdout,0,2261,0.0,0.5025179827138987,0.28115229318575896
LR,holdout,0,2262,0.0,0.43859450075946405,0.2508115705962089
LR,holdout,0,2263,0.0,0.4144592941529688,0.2412126886095269
LR,holdout,0,2264,0.0,0.31503565581272064,0.2791582579049898
LR,holdout,0,2265,0.0,0.29970047953113904,0.2690676650826839
LR,holdout,0,2266,0.0,0.27660301796119174,0.24766056995523353
LR,holdout,0,2267,0.0,0.2557030075380846,0.23873481185018175
LR,holdout,0,2268,0.0,0.3291223713223654,0.2746840070646265
LR,holdout,0,2269,0.0,0.29675226162400364,0.26009278237661093
LR,holdout,0,2270,0.0,0.2932489613448305,0.2886154419490008
LR,holdout,0,2271,0.0,0.2949932155233377,0.29515946421905176
LR,holdout,0,2272,0.0,0.27783330600485245,0.24934241558632816
LR,holdout,0,2273,0.0,0.3146323103834244,0.26976905971832704
LR,holdout,0,2274,0.0,0.2799873918560858,0.25141472391610986
LR,holdout,0,2275,0.0,0.3122992285619905,0.3835667572725249
LR,holdout,0,2276,0.0,0.29663637897977274,0.37514197770227264
LR,holdout,0,2277,0.0,0.3768552078754816,0.512083839323692
LR,holdout,0,2278,1.0,0.26638554933341463,0.3559760505767776
LR,holdout,0,2279,0.0,0.2923055464420959,0.46750000354975085
LR,holdout,0,2280,0.0,0.20060869249990265,0.2758724618693142
LR,holdout,0,2281,0.0,0.16076964958442025,0.24417618162509894
LR,holdout,0,2282,0.0,0.13749937777652857,0.22593837267157932
LR,holdout,0,2283,0.0,0.23034397338956847,0.33761222113984174
LR,holdout,0,2284,0.0,0.11498796629792245,0.2059200274963753
LR,holdout,0,2285,1.0,0.1766050710794055,0.2569217343581288
LR,holdout,0,2286,0.0,0.10808032881480663,0.21691946017938118
LR,holdout,0,2287,0.0,0.10957719735633847,0.11994112798148955
LR,holdout,0,2288,0.0,0.4298291637744776,0.5029171819129077
LR,holdout,0,2289,0.0,0.32231797568070064,0.3913038715891544
LR,holdout,0,2290,0.0,0.3802919935434948,0.42593270132513544
LR,holdout,0,2291,1.0,0.2943392684813959,0.3733484401906624
LR,holdout,0,2292,0.0,0.24986370206174394,0.3440717927415573
LR,holdout,0,2293,0.0,0.3830510551320077,0.4279937725201177
LR,holdout,0,2294,0.0,0.3595602654278438,0.4133736379036355
LR,holdout,0,2295,0.0,0.382690754234274,0.4267891440405324
LR,holdout,0,2296,0.0,0.23801529251916775,0.2989412415108644
LR,holdout,0,2297,0.0,0.2964445004450292,0.37107632902741466
LR,holdout,0,2298,0.0,0.2345123031493133,0.29663325778209737
LR,holdout,0,2299,0.0,0.20263440162331067,0.3146818058931069
LR,holdout,0,2300,0.0,0.20571253112681392,0.27812118841640765
LR,holdout,0,2301,0.0,0.231998470643984,0.29682939556638116
LR,holdout,0,2302,0.0,0.2893460380023301,0.3697193203475705
LR,holdout,0,2303,0.0,0.2628442574686567,0.35858148851562827
LR,holdout,0,2304,1.0,0.24022895258506125,0.3085812264455669
LR,holdout,0,2305,0.0,0.10747533912388056,0.14216132269036635
LR,holdout,0,2306,0.0,0.15803192295681048,0.24947971468855581
LR,holdout,0,2307,0.0,0.38858177023313006,0.48009655855548633
LR,holdout,0,2308,0.0,0.233514855513186,0.30541842079679926
LR,holdout,0,2309,0.0,0.242131631083271,0.3101696870716098
LR,holdout,0,2310,0.0,0.22890072873423434,0.30097249822191313
LR,holdout,0,2311,0.0,0.22329471135731535,0.2978293066997685
LR,holdout,0,2312,0.0,0.34482607739606463,0.4124638726887673
LR,holdout,0,2313,0.0,0.27042722815652914,0.3658675295433126
LR,holdout,0,2314,0.0,0.40344942631231,0.44860373153471805
LR,holdout,0,2315,0.0,0.37889519396470694,0.433795328775037
LR,holdout,0,2316,0.0,0.5135368604304786,0.5579705731298944
LR,holdout,0,2317,0.0,0.3391037944533493,0.4472757775195074
LR,holdout,0,2318,0.0,0.40464765177432166,0.4495912554321052
LR,holdout,0,2319,0.0,0.19511274404845402,0.2032646544659268
LR,holdout,0,2320,0.0,0.4029207144002975,0.44758190916159596
LR,holdout,0,2321,0.0,0.4908316377358361,0.5366066407591984
LR,holdout,0,2322,0.0,0.3978051569991962,0.44432442679217293
LR,holdout,0,2323,0.0,0.6084140474459192,0.6485064480740627
LR,holdout,0,2324,0.0,0.35071454500281873,0.41624415743477644
LR,holdout,0,2325,0.0,0.47244614909870586,0.48849581246067847
LR,holdout,0,2326,0.0,0.45453661522602107,0.4787012036842602
LR,holdout,0,2327,0.0,0.5858469205554334,0.6270927919237459
LR,holdout,0,2328,0.0,0.454026414482752,0.47804186902568696
LR,holdout,0,2329,0.0,0.5651848523039127,0.587979540370025
LR,holdout,0,2330,0.0,0.7930400007853944,0.8054192304197961
LR,holdout,0,2331,0.0,0.5052968634870262,0.5486793427555912
LR,holdout,0,2332,0.0,0.4565341667821094,0.4798596828048605
LR,holdout,0,2333,1.0,0.42088156034726193,0.4585804850417505
LR,holdout,0,2334,0.0,0.35450856670636804,0.38404839248435274
LR,holdout,0,2335,0.0,0.607477908546353,0.6503452067624732
LR,holdout,0,2336,0.0,0.39888657725638893,0.44552222825696647
LR,holdout,0,2337,0.0,0.4678268092019034,0.4860112286267533
LR,holdout,0,2338,0.0,0.529368192968237,0.5669432078828864
LR,holdout,0,2339,0.0,0.4105439096409692,0.4526022490045257
LR,holdout,0,2340,0.0,0.568213043842514,0.5889910008989584
LR,holdout,0,2341,0.0,0.7178601613996302,0.7432402831095326
LR,holdout,0,2342,0.0,0.21405539869120108,0.212883331890939
LR,holdout,0,2343,0.0,0.22907109639232387,0.2233602610609631
LR,holdout,0,2344,0.0,0.44415778072278495,0.4713916105106596
LR,holdout,0,2345,0.0,0.6235801048417244,0.6554674395846524
LR,holdout,0,2346,0.0,0.4032056121030745,0.44705636175694113
LR,holdout,0,2347,0.0,0.36111731534058433,0.42265194200747175
LR,holdout,0,2348,0.0,0.6235135896046172,0.6563167939530395
LR,holdout,0,2349,0.0,0.44339280342439463,0.47087220109881794
LR,holdout,0,2350,0.0,0.5367240305126909,0.5706937876557016
LR,holdout,0,2351,0.0,0.4361867528922169,0.4669436795047975
LR,holdout,0,2352,0.0,0.38172452934911605,0.43440765695538436
LR,holdout,0,2353,0.0,0.5943584988071131,0.6366219602707206
LR,holdout,0,2354,0.0,0.5551948698383162,0.5809231400822247
LR,holdout,0,2355,0.0,0.42529793451683046,0.4603678286186204
LR,holdout,0,2356,0.0,0.570771888790117,0.6305602506292393
LR,holdout,0,2357,0.0,0.6446683366920302,0.6639721286098297
LR,holdout,0,2358,0.0,0.32299119110138474,0.2774639397617329
LR,holdout,0,2359,0.0,0.4447239176484189,0.47207174453915446
LR,holdout,0,2360,0.0,0.23549239697037627,0.30404078483850927
LR,holdout,0,2361,0.0,0.3251682568535611,0.3938547055245355
LR,holdout,0,2362,0.0,0.3741281976122375,0.43593659608289254
LR,holdout,0,2363,0.0,0.46607110974736726,0.535097249888894
LR,holdout,0,2364,0.0,0.27878575689638313,0.33252125172118313
LR,holdout,0,2365,0.0,0.25424535547921573,0.3421555838238253
LR,holdout,0,2366,0.0,0.3208995519948541,0.36333266830313793
LR,holdout,0,2367,0.0,0.2886591695467051,0.3388098934888877
LR,holdout,0,2368,0.0,0.2710943467561834,0.3276553329497318
LR,holdout,0,2369,0.0,0.2879489377417091,0.37419365785918446
LR,holdout,0,2370,0.0,0.2617843775442061,0.32170767677498446
LR,holdout,0,2371,0.0,0.26954781459548915,0.3676755172976605
LR,holdout,0,2372,0.0,0.2733956169173888,0.37064150141540714
LR,holdout,0,2373,0.0,0.30127026831957343,0.3473392993354098
LR,holdout,0,2374,0.0,0.467528263121481,0.5138527284485745
LR,holdout,0,2375,0.0,0.4178263233522197,0.5074026591034504
LR,holdout,0,2376,0.0,0.4110748287319312,0.4487583717027425
LR,holdout,0,2377,0.0,0.2607125823916725,0.31298650799010935
LR,holdout,0,2378,0.0,0.4037181061937456,0.429527851565695
LR,holdout,0,2379,0.0,0.3544666017338732,0.4085769123993537
LR,holdout,0,2380,0.0,0.4773247703687735,0.533191853101334
LR,holdout,0,2381,0.0,0.26852233489516203,0.31805174450980467
LR,holdout,0,2382,0.0,0.3564097269808272,0.4045399573440319
LR,holdout,0,2383,0.0,0.41974866197745875,0.45413019175006397
LR,holdout,0,2384,0.0,0.26244484899947373,0.31452856334837026
LR,holdout,0,2385,0.0,0.292441750988148,0.354858723010294
LR,holdout,0,2386,0.0,0.32671604414211286,0.39787909102416197
LR,holdout,0,2387,0.0,0.23788078784918562,0.2982544947815462
LR,holdout,0,2388,0.0,0.25525280076374407,0.309773832137661
LR,holdout,0,2389,0.0,0.24968510873846705,0.30609916131285003
LR,holdout,0,2390,0.0,0.3834243266676209,0.42829197937999725
LR,holdout,0,2391,0.0,0.27940572596520985,0.3252370581406336
LR,holdout,0,2392,0.0,0.16650366002503333,0.15914779083744168
LR,holdout,0,2393,0.0,0.15682067361150256,0.175213668815318
LR,holdout,0,2394,0.0,0.30533429969383213,0.2456593051154791
LR,holdout,0,2395,1.0,0.2264997179663059,0.29144151191572737
LR,holdout,0,2396,0.0,0.123546921699138,0.1385623696505052
LR,holdout,0,2397,0.0,0.14338985257139542,0.14474457536358531
LR,holdout,0,2398,0.0,0.18382695330218732,0.16912749891351928
LR,holdout,0,2399,0.0,0.23921830527063123,0.2999476904395038
LR,holdout,0,2400,0.0,0.539191005892002,0.5594824393388935
LR,holdout,0,2401,0.0,0.5268237346118801,0.5567712466777873
LR,holdout,0,2402,0.0,0.5363114323633357,0.556252563611549
LR,holdout,0,2403,0.0,0.4061921943125055,0.4402511846402031
LR,holdout,0,2404,0.0,0.5341155079517553,0.5614861579937088
LR,holdout,0,2405,0.0,0.35836874642388905,0.41237138079553903
LR,holdout,0,2406,0.0,0.5274721525130761,0.5509704153553182
LR,holdout,0,2407,0.0,0.30210529688510196,0.2596213984780937
LR,holdout,0,2408,0.0,0.25937948734255994,0.23763181689035093
LR,holdout,0,2409,0.0,0.47508447725443176,0.5268181843649716
LR,holdout,0,2410,0.0,0.4999569841911006,0.5412872839315722
LR,holdout,0,2411,0.0,0.4658054458627169,0.5045847231022457
LR,holdout,0,2412,0.0,0.30432208974520675,0.259892446301191
LR,holdout,0,2413,0.0,0.28147476655717274,0.2483851273047625
LR,holdout,0,2414,0.0,0.3262842759847447,0.2743696500314555
LR,holdout,0,2415,0.0,0.24830961724177647,0.2320370271796065
LR,holdout,0,2416,0.0,0.1948411098141834,0.17744197725779845
LR,holdout,0,2417,0.0,0.15451033541727835,0.15554699816583192
LR,holdout,0,2418,0.0,0.15374208396391723,0.1553664440442205
LR,holdout,0,2419,0.0,0.18058990732773877,0.169980943424322
LR,holdout,0,2420,0.0,0.1665195449842424,0.16248758979224323
LR,holdout,0,2421,0.0,0.16319423157442045,0.1607071817740404
LR,holdout,0,2422,0.0,0.24809518876540712,0.30636841194545344
LR,holdout,0,2423,0.0,0.10638255462558628,0.12260330351539593
LR,holdout,0,2424,0.0,0.14309265804247642,0.15118101498690634
LR,holdout,0,2425,0.0,0.20084583873736894,0.2156498413943765
LR,holdout,0,2426,0.0,0.36564109875026407,0.16247874385562322
LR,holdout,0,2427,0.0,0.16275573684476952,0.16546125709233822
LR,holdout,0,2428,0.0,0.16275928392174005,0.1659670203858148
LR,holdout,0,2429,0.0,0.30040247061873204,0.23148512686658762
LR,holdout,0,2430,0.0,0.16390108919996527,0.16669299926465686
LR,holdout,0,2431,0.0,0.1644695240136188,0.1669408892020898
LR,holdout,0,2432,0.0,0.1533611502744702,0.16031522385106678
LR,holdout,0,2433,0.0,0.16478373097557011,0.1674925628255889
LR,holdout,0,2434,0.0,0.1701176777504466,0.17051191010962377
LR,holdout,0,2435,0.0,0.16478770142966437,0.1669884801686777
LR,holdout,0,2436,0.0,0.15522168134366618,0.1617009010108317
LR,holdout,0,2437,0.0,0.17301293358788866,0.172748883387732
LR,holdout,0,2438,0.0,0.16011593368219731,0.18234783661522
LR,holdout,0,2439,0.0,0.15259454017509788,0.1601279474498552
LR,holdout,0,2440,0.0,0.17144534870332606,0.1711369073519983
LR,holdout,0,2441,1.0,0.1705303728708136,0.17018118686041908
LR,holdout,0,2442,0.0,0.2030028119937619,0.281305531783439
LR,holdout,0,2443,0.0,0.25818962220645175,0.3213951596775395
LR,holdout,0,2444,0.0,0.3347229830160988,0.4105469695495785
LR,holdout,0,2445,0.0,0.33957050076362016,0.4151322814084932
LR,holdout,0,2446,0.0,0.2542325979608018,0.3175829289865519
LR,holdout,0,2447,0.0,0.22010546777612838,0.2940589923969564
LR,holdout,0,2448,0.0,0.39337904308355826,0.43942491297238057
LR,holdout,0,2449,0.0,0.45792362583720136,0.5155960734827788
LR,holdout,0,2450,0.0,0.42299349916959356,0.4586972613097905
LR,holdout,0,2451,0.0,0.41304082555424415,0.45287572941127896
LR,holdout,0,2452,0.0,0.39337509000525184,0.4399987321321262
LR,holdout,0,2453,0.0,0.37774458213497536,0.43072193776769385
LR,holdout,0,2454,0.0,0.4106569558223257,0.4513438640438989
LR,holdout,0,2455,0.0,0.6138678506559514,0.6570040291917298
LR,holdout,0,2456,0.0,0.37835447009889717,0.43130577491198635
LR,holdout,0,2457,0.0,0.5414571425396262,0.5767029910395813
LR,holdout,0,2458,0.0,0.391361401329408,0.43914654917015905
LR,holdout,0,2459,0.0,0.4453052730567275,0.4766533727791199
LR,holdout,0,2460,0.0,0.3835707331877333,0.4337207662570081
LR,holdout,0,2461,0.0,0.3392488382032714,0.4063023614857239
LR,holdout,0,2462,0.0,0.3696245159348664,0.425887861217313
LR,holdout,0,2463,0.0,0.4955389783059624,0.5456861084708818
LR,holdout,0,2464,0.0,0.29537813001000085,0.26467046358250385
LR,holdout,0,2465,0.0,0.33331372335358567,0.3140528715609582
LR,holdout,0,2466,0.0,0.31553830794488574,0.2740058913475987
LR,holdout,0,2467,0.0,0.37620654299591216,0.4296129557043631
LR,holdout,0,2468,0.0,0.492907392071975,0.5449149187591553
LR,holdout,0,2469,0.0,0.4207668185286462,0.45839826989187676
LR,holdout,0,2470,0.0,0.4006347867953645,0.44426268904541716
LR,holdout,0,2471,0.0,0.35763525524422646,0.41788663515070446
LR,holdout,0,2472,0.0,0.40955424163602827,0.48987007308091196
LR,holdout,0,2473,0.0,0.23867760947989997,0.30490536675011143
LR,holdout,0,2474,0.0,0.2380348531876429,0.3074531869817012
LR,holdout,0,2475,0.0,0.3313140640737757,0.40754200732959667
LR,holdout,0,2476,0.0,0.20604313227579488,0.28168281521389205
LR,holdout,0,2477,0.0,0.22667872517886717,0.2962264751971207
LR,holdout,0,2478,0.0,0.25309273440272506,0.3144127911822938
LR,holdout,0,2479,0.0,0.3150624711316282,0.3972246330879197
LR,holdout,0,2480,0.0,0.22422568489451408,0.2975374391795358
LR,holdout,0,2481,0.0,0.32093533857456885,0.38415247542683867
LR,holdout,0,2482,0.0,0.25648676493608896,0.3160260257348132
LR,holdout,0,2483,0.0,0.2556920881148623,0.3202999900712124
LR,holdout,0,2484,0.0,0.2228636764829796,0.29380811323143646
LR,holdout,0,2485,0.0,0.08863161137524962,0.10246919926637761
LR,holdout,0,2486,0.0,0.1683145106030805,0.16405876732764557
LR,holdout,0,2487,0.0,0.1876187236909472,0.17546028307886666
LR,holdout,0,2488,0.0,0.13783438896574574,0.14958146190791421
LR,holdout,0,2489,0.0,0.22622417702331848,0.2272380188718956
LR,holdout,0,2490,0.0,0.16091077113795854,0.16369399310380783
LR,holdout,0,2491,0.0,0.34591665707519,0.4152027691382139
LR,holdout,0,2492,0.0,0.2550879993403714,0.312898930882717
LR,holdout,0,2493,0.0,0.21805084472621822,0.28873561914877194
LR,holdout,0,2494,0.0,0.24533652307007991,0.30767651178977967
LR,holdout,0,2495,0.0,0.2797690182331461,0.36696693881203424
LR,holdout,0,2496,0.0,0.2373187812924648,0.3027129257850456
LR,holdout,0,2497,0.0,0.3334430316935361,0.4058694245724317
LR,holdout,0,2498,0.0,0.13066159832387944,0.2465237668038981
LR,holdout,0,2499,0.0,0.32820631308298037,0.44849617812520837
LR,holdout,0,2500,0.0,0.38357936004644844,0.43405960504888286
LR,holdout,0,2501,0.0,0.3063334639474414,0.37378154103616945
LR,holdout,0,2502,0.0,0.24291609023093969,0.30625088936914374
LR,holdout,0,2503,0.0,0.2565420218556874,0.31880055279788455
LR,holdout,0,2504,0.0,0.1998348935326588,0.2714730721071451
LR,holdout,0,2505,0.0,0.24306730210173133,0.29909181125458223
LR,holdout,0,2506,1.0,0.3370732648918363,0.40237303892258014
LR,holdout,0,2507,0.0,0.12949487434691828,0.17016674895600978
LR,holdout,0,2508,0.0,0.2679136912628793,0.31618593763630704
LR,holdout,0,2509,0.0,0.36331447384094584,0.4102745481822588
LR,holdout,0,2510,0.0,0.2759338699236786,0.3248514778976955
LR,holdout,0,2511,0.0,0.33681513422380555,0.39606292465518783
LR,holdout,0,2512,0.0,0.29825822886752534,0.2644189321760027
LR,holdout,0,2513,0.0,0.4089599532636398,0.3587871525404173
LR,holdout,0,2514,0.0,0.29553558523983053,0.2651484204980506
LR,holdout,0,2515,0.0,0.3037934241154578,0.3785030446740941
LR,holdout,0,2516,1.0,0.31834758935504925,0.37888436012391374
LR,holdout,0,2517,0.0,0.07483466479015366,0.09686751792546391
LR,holdout,0,2518,0.0,0.36634526413290336,0.41775939406164814
LR,holdout,0,2519,0.0,0.3598155748021502,0.41215163408572897
LR,holdout,0,2520,0.0,0.3195322206179637,0.2747171375301348
LR,holdout,0,2521,0.0,0.2932051289183163,0.26123185346114963
LR,holdout,0,2522,0.0,0.305158931981805,0.2660634475363405
LR,holdout,0,2523,0.0,0.3668087943560989,0.4199166466591918
LR,holdout,0,2524,0.0,0.3059930204023826,0.2653662876308193
LR,holdout,0,2525,0.0,0.25867508616681295,0.24415947703566185
LR,holdout,0,2526,0.0,0.3238770808101874,0.28058525081190056
LR,holdout,0,2527,0.0,0.3289172087074757,0.28183429302705326
LR,holdout,0,2528,0.0,0.30252175412704113,0.26773624085021575
LR,holdout,0,2529,0.0,0.348598197292062,0.3260021514308089
LR,holdout,0,2530,0.0,0.26778343440122016,0.24876140075573425
LR,holdout,0,2531,0.0,0.3049108682656648,0.26858046381146533
LR,holdout,0,2532,0.0,0.31087883771785185,0.3839922637476561
LR,holdout,0,2533,0.0,0.36406837866689495,0.4419335106884261
LR,holdout,0,2534,0.0,0.310730465969346,0.3808028074853977
LR,holdout,0,2535,0.0,0.2813332914838863,0.25042395001282236
LR,holdout,0,2536,1.0,0.1545577160127918,0.15641435929149086
LR,holdout,0,2537,0.0,0.16492438585342115,0.17306371188447384
LR,holdout,0,2538,0.0,0.12358831723960188,0.1377118280790314
LR,holdout,0,2539,0.0,0.11143021235914759,0.1953864825060366
LR,holdout,0,2540,0.0,0.20980385580085198,0.2733471903936691
LR,holdout,0,2541,0.0,0.22779738667625946,0.3274878911683915
LR,holdout,0,2542,0.0,0.32303191572496137,0.393291746415701
LR,holdout,0,2543,0.0,0.12662277501935804,0.1359228098011856
LR,holdout,0,2544,0.0,0.19897765737606923,0.26530066329747226
LR,holdout,0,2545,0.0,0.12605098152131802,0.21248024250660713
LR,holdout,0,2546,0.0,0.4189299274756116,0.5403164373737407
LR,holdout,0,2547,1.0,0.19424785588751559,0.2625287787938586
LR,holdout,0,2548,0.0,0.07934988409515635,0.10630363927779882
LR,holdout,0,2549,0.0,0.21872966632545743,0.31957123940309373
LR,holdout,0,2550,0.0,0.22986706675617832,0.2900239282161938
LR,holdout,0,2551,0.0,0.22865422657876097,0.293301331007153
LR,holdout,0,2552,0.0,0.29388747013334315,0.26025114949722133
LR,holdout,0,2553,0.0,0.2950445085499548,0.25966884224527703
LR,holdout,0,2554,0.0,0.32080297463189883,0.2726352419802954
LR,holdout,0,2555,0.0,0.24123106353269005,0.23126386251328301
LR,holdout,0,2556,0.0,0.2855976959283649,0.25779674990036777
LR,holdout,0,2557,0.0,0.3794686433562764,0.42655027725767686
LR,holdout,0,2558,0.0,0.30251980166157627,0.3750761774689791
LR,holdout,0,2559,0.0,0.1745243731625241,0.2744896585761264
LR,holdout,0,2560,0.0,0.3977646988308769,0.4315835708276116
LR,holdout,0,2561,0.0,0.4221835116188743,0.48659637194284416
LR,holdout,0,2562,0.0,0.3519010099206304,0.40850398266203874
LR,holdout,0,2563,0.0,0.4196977781030786,0.4934747970153008
LR,holdout,0,2564,0.0,0.3024164757344865,0.37886742259561024
LR,holdout,0,2565,0.0,0.35349125320653896,0.4128504563733246
LR,holdout,0,2566,0.0,0.3412340420608648,0.40529449287765434
LR,holdout,0,2567,0.0,0.34449322759970946,0.44895318099261494
LR,holdout,0,2568,0.0,0.3090330480638119,0.3825675833912039
LR,holdout,0,2569,0.0,0.33511835478836133,0.39803807100575356
LR,holdout,0,2570,0.0,0.2772291077137859,0.3602423325093558
LR,holdout,0,2571,0.0,0.34298170740942807,0.40621921198405403
LR,holdout,0,2572,0.0,0.2257332098864718,0.3238637720114977
LR,holdout,0,2573,0.0,0.127654083639468,0.1687365338725983
LR,holdout,0,2574,0.0,0.20797128600924422,0.30454742251241657
LR,holdout,0,2575,0.0,0.3508327919806944,0.3996806250498983
LR,holdout,0,2576,0.0,0.21724937916317505,0.287484320137145
LR,holdout,0,2577,0.0,0.21022456151513635,0.2810067401810863
CART,time,0,515,1.0,0.011612654320987653,0.0398904234952622
CART,time,0,516,0.0,0.2857835047965485,0.2573565639813908
CART,time,0,517,0.0,0.04228711599134487,0.08161741426482542
CART,time,0,518,0.0,0.13609243852059738,0.24732380790532968
CART,time,0,519,0.0,0.14975508885768518,0.15181707046377677
CART,time,0,520,0.0,0.040928626853894694,0.11090367071717605
CART,time,0,521,0.0,0.20384973835579415,0.16905491872930872
CART,time,0,522,0.0,0.07960818104171621,0.07838632127762564
CART,time,0,523,0.0,0.12068780711267649,0.11269736872005476
CART,time,0,524,0.0,0.0,0.053604908010149936
CART,time,0,525,0.0,0.19956402407007987,0.1012554769724871
CART,time,0,526,0.0,0.004166666666666667,0.012126623376623376
CART,time,0,527,0.0,0.0025,0.026956796989796625
CART,time,0,528,0.0,0.0030555555555555553,0.01579128108733372
CART,time,0,529,0.0,0.4574486517196533,0.2815622897067837
CART,time,0,530,1.0,0.25950537143562624,0.21874752912405798
CART,time,0,531,0.0,0.3559986710842372,0.2925533069932383
CART,time,0,532,1.0,0.002814938684503902,0.02190972060595716
CART,time,0,533,0.0,0.2884384522702888,0.2645347142925147
CART,time,0,534,0.0,0.032315546772068514,0.04805006402427758
CART,time,0,535,0.0,0.022146464646464647,0.029475374771427403
CART,time,0,536,0.0,0.2637342544688571,0.18930150113183428
CART,time,0,537,0.0,0.0,0.05954920920953461
CART,time,0,538,0.0,0.14908116986480066,0.11807640734426955
CART,time,0,539,0.0,0.14908116986480066,0.11935845862632084
CART,time,0,540,0.0,0.030425869754363403,0.07183146934705789
CART,time,0,541,0.0,0.2494084691430718,0.1710633781495976
CART,time,0,542,0.0,0.2658506565852592,0.20883745430909187
CART,time,0,543,0.0,0.18351579237081297,0.14630878417326823
CART,time,0,544,0.0,0.004166666666666667,0.027396407666476264
CART,time,0,545,0.0,0.01574308910359635,0.0359449869873257
CART,time,0,546,0.0,0.2987002042583988,0.15229261148561057
CART,time,0,547,0.0,0.13463261230748166,0.14230441508583525
CART,time,0,548,0.0,0.0,0.10346273170562566
CART,time,0,549,0.0,0.0025,0.013961940836940837
CART,time,0,550,0.0,0.17571898615573883,0.16968954159312102
CART,time,0,551,1.0,0.16154295332703048,0.16349269506583797
CART,time,0,552,1.0,0.35786213770576836,0.2663019205414167
CART,time,0,553,0.0,0.1612557589679178,0.11972893273162837
CART,time,0,554,1.0,0.5154731934498932,0.31397564846974785
CART,time,0,555,0.0,0.14463148155034952,0.13450156994490925
CART,time,0,556,0.0,0.21585616747872816,0.2826287177265438
CART,time,0,557,0.0,0.3771193064538402,0.34264872556563886
CART,time,0,558,0.0,0.1877425563262024,0.1441847092909505
CART,time,0,559,0.0,0.0,0.01412825102176015
CART,time,0,560,0.0,0.040928626853894694,0.07266480268039123
CART,time,0,561,0.0,0.040928626853894694,0.07183146934705789
CART,time,0,562,0.0,0.040928626853894694,0.11272238839796271
CART,time,0,563,1.0,0.21619541736813985,0.10679196737339396
CART,time,0,564,0.0,0.27182911920738817,0.2147987156243664
CART,time,0,565,0.0,0.31815064422807837,0.27753202180238923
CART,time,0,566,0.0,0.4479750255894819,0.3314529857434994
CART,time,0,567,1.0,0.2089288558023569,0.10049822334069022
CART,time,0,568,0.0,0.3057550915696867,0.22889779113545095
CART,time,0,569,0.0,0.2214996638696304,0.16022502444203454
CART,time,0,570,0.0,0.1902645137813823,0.24978550879619102
CART,time,0,571,0.0,0.0,0.0
CART,time,0,572,0.0,0.5228538237073393,0.27189269923015735
CART,time,0,573,0.0,0.3016205601975684,0.13542870225214734
CART,time,0,574,0.0,0.005797101449275362,0.024204316392488438
CART,time,0,575,0.0,0.0,0.004090909090909091
CART,time,0,576,0.0,0.15457321773448784,0.09174419724340832
CART,time,0,577,0.0,0.13050825544418507,0.10354675596116988
CART,time,0,578,0.0,0.0,0.1132858773764725
CART,time,0,579,0.0,0.2039137359906543,0.1649199663019299
CART,time,0,580,0.0,0.11939248752919579,0.05769593456035102
CART,time,0,581,0.0,0.0,0.06201313417345957
CART,time,0,582,0.0,0.140901473337403,0.10702939879726099
CART,time,0,583,0.0,0.0,0.10667107030189531
CART,time,0,584,0.0,0.14451054944647906,0.13365666777142124
CART,time,0,585,0.0,0.14775129018721983,0.12983715020190367
CART,time,0,586,0.0,0.0,0.012790130323129952
CART,time,0,587,1.0,0.2200736521231862,0.16695928637552415
CART,time,0,588,0.0,0.11601469341363385,0.10119543566411708
CART,time,0,589,0.0,0.5272304699876785,0.42884811399600387
CART,time,0,590,0.0,0.3749217735594976,0.28166563914080156
CART,time,0,591,1.0,0.09808040326393845,0.08254558583916274
CART,time,0,592,0.0,0.3538835486076485,0.26181824185999536
CART,time,0,593,0.0,0.4608775457426857,0.3421015154122903
CART,time,0,594,1.0,0.12197868190684076,0.23836501661895218
CART,time,0,595,0.0,0.4360960794504535,0.2770487119200466
CART,time,0,596,0.0,0.0422840183154105,0.14981053975205244
CART,time,0,597,0.0,0.1258894470676059,0.23149594083843084
CART,time,0,598,0.0,0.18934011791278402,0.1648588916100909
CART,time,0,599,0.0,0.0,0.11793669601851921
CART,time,0,600,0.0,0.0,0.004090909090909091
CART,time,0,601,0.0,0.46946046285861304,0.22144735175204394
CART,time,0,602,0.0,0.005797101449275362,0.06288254254286794
CART,time,0,603,0.0,0.005797101449275362,0.06288254254286794
CART,time,0,604,0.0,0.0,0.1055544424640031
CART,time,0,605,1.0,0.0,0.06056111397143937
CART,time,0,606,0.0,0.13219083979811355,0.1227214898568379
CART,time,0,607,0.0,0.022146464646464647,0.025269025565078197
CART,time,0,608,0.0,0.30798255495529153,0.2966730039372617
CART,time,0,609,0.0,0.4296259048686494,0.3296375821600999
CART,time,0,610,1.0,0.021176004880233766,0.05391584885460206
CART,time,0,611,1.0,0.3057550915696867,0.23734749686043757
CART,time,0,612,0.0,0.3545196110711831,0.23854699824099432
CART,time,0,613,0.0,0.02159090909090909,0.025390512265512265
CART,time,0,614,0.0,0.021372037449935998,0.05338926509917627
CART,time,0,615,1.0,0.21696525863798108,0.11855891789363399
CART,time,0,616,0.0,0.33046421354099664,0.2496391737135677
CART,time,0,617,0.0,0.288987916743262,0.27559747137803353
CART,time,0,618,0.0,0.297315244387748,0.33167780799066177
CART,time,0,619,0.0,0.3589843592860703,0.18773067231601553
CART,time,0,620,0.0,0.43805651907432613,0.2702845321520143
CART,time,0,621,0.0,0.09785239238709614,0.10504904442273257
CART,time,0,622,0.0,0.4075181125501434,0.19246959700308514
CART,time,0,623,0.0,0.20451787948277841,0.15493048523113936
CART,time,0,624,0.0,0.040928626853894694,0.07183146934705789
CART,time,0,625,0.0,0.026453020118759833,0.10349468092025521
CART,time,0,626,1.0,0.18580093199379236,0.2044707020863614
CART,time,0,627,0.0,0.2229414335861922,0.2579715632677306
CART,time,0,628,0.0,0.12348865341681227,0.21986672118062675
CART,time,0,629,0.0,0.31980667813378905,0.2915083681829421
CART,time,0,630,1.0,0.2259132173711301,0.16503038810628207
CART,time,0,631,0.0,0.13052417313144687,0.11674618121486262
CART,time,0,632,0.0,0.4016236795831692,0.2782480948156253
CART,time,0,633,0.0,0.11501643119459004,0.18900440756831308
CART,time,0,634,0.0,0.21493808389310676,0.14211133705378212
CART,time,0,635,0.0,0.5276895077376521,0.2665849584577698
CART,time,0,636,0.0,0.4719744748570357,0.4021958458077352
CART,time,0,637,1.0,0.530981065465235,0.28461033989127166
CART,time,0,638,0.0,0.11272104261998304,0.13924399565149184
CART,time,0,639,0.0,0.31431769516263114,0.36588677687235766
CART,time,0,640,0.0,0.013764822134387351,0.015545634920634922
CART,time,0,641,0.0,0.0032246376811594204,0.02112241531350727
CART,time,0,642,0.0,0.3875446338845705,0.2848923441452538
CART,time,0,643,0.0,0.3085674422155497,0.1955648840018146
CART,time,0,644,0.0,0.2507505821635955,0.2144526573291862
CART,time,0,645,0.0,0.0,0.06288254254286794
CART,time,0,646,0.0,0.0005555555555555556,0.10739367781959434
CART,time,0,647,1.0,0.0032246376811594204,0.02093201928977791
CART,time,0,648,0.0,0.3613244505368916,0.23957112316025594
CART,time,0,649,0.0,0.2941219501534474,0.35409196791053194
CART,time,0,650,1.0,0.03980121696607204,0.0468330074380799
CART,time,0,651,0.0,0.11948881959609334,0.1083511497112785
CART,time,0,652,1.0,0.14578256479208263,0.14452839040331963
CART,time,0,653,0.0,0.13368679486290921,0.146116480623777
CART,time,0,654,0.0,0.14338163206756172,0.13737288130301653
CART,time,0,655,0.0,0.17876275864398358,0.151794353020642
CART,time,0,656,0.0,0.26461608868402464,0.23398215554634874
CART,time,0,657,0.0,0.1417339708216588,0.16386339920857487
CART,time,0,658,0.0,0.20197143147748728,0.08898295651534836
CART,time,0,659,0.0,0.0025,0.043089379631718334
CART,time,0,660,0.0,0.1826286327560857,0.2066266422813406
CART,time,0,661,0.0,0.18512516807708643,0.16161598601600474
CART,time,0,662,0.0,0.04531933613455353,0.03437613555998113
CART,time,0,663,0.0,0.18604920184769722,0.19456782748787288
CART,time,0,664,0.0,0.1836409358294546,0.1572537016430341
CART,time,0,665,0.0,0.041761960187228025,0.07362480471697487
CART,time,0,666,0.0,0.024835193500933214,0.032084111731136906
CART,time,0,667,0.0,0.0,0.05731405833694733
CART,time,0,668,0.0,0.186040452824872,0.22959112297901943
CART,time,0,669,0.0,0.007766290726817043,0.008474310776942355
CART,time,0,670,0.0,0.11155406180987186,0.12000270055632649
CART,time,0,671,0.0,0.010670625335480407,0.023209193785280743
CART,time,0,672,0.0,0.4645362253315625,0.4760564710683084
CART,time,0,673,0.0,0.1522435813416924,0.11677068162713598
CART,time,0,674,0.0,0.08454535035388552,0.06392786097143786
CART,time,0,675,0.0,0.0,0.03243086032786598
CART,time,0,676,0.0,0.0,0.02553988610162136
CART,time,0,677,0.0,0.0030555555555555553,0.011326995373048005
CART,time,0,678,0.0,0.19876307161698598,0.15613868666955077
CART,time,0,679,0.0,0.03300394621046795,0.02991566239677053
CART,time,0,680,0.0,0.40327294770855354,0.27644014954144264
CART,time,0,681,0.0,0.2573444563127685,0.22150118464002766
CART,time,0,682,0.0,0.0030952380952380953,0.009871031746031747
CART,time,0,683,0.0,0.5092312722468247,0.48872621981109415
CART,time,0,684,0.0,0.430405086816999,0.4117038874561096
CART,time,0,685,0.0,0.2445974099323138,0.17551889814954608
CART,time,0,686,0.0,0.26712091247632425,0.21150722229413477
CART,time,0,687,0.0,0.403453324020795,0.2678783331751011
CART,time,0,688,0.0,0.0,0.03631995684505417
CART,time,0,689,1.0,0.23549247166070886,0.17604070559321264
CART,time,0,690,1.0,0.35339031783734964,0.2943916031647212
CART,time,0,691,0.0,0.17338719656302823,0.13614470165360043
CART,time,0,692,1.0,0.11054997475743528,0.11979110542434715
CART,time,0,693,1.0,0.33646303415777257,0.3483078407567385
CART,time,0,694,1.0,0.36892433940677,0.32211721484145656
CART,time,0,695,0.0,0.33964996398005654,0.3294368240538621
CART,time,0,696,0.0,0.45101429178260033,0.41634435864813046
CART,time,0,697,0.0,0.0506655337460001,0.05907680526065082
CART,time,0,698,1.0,0.3443471911200886,0.27640845344578063
CART,time,0,699,0.0,0.2871177554463242,0.33536492260177114
CART,time,0,700,0.0,0.33338806328696186,0.43103709905929255
CART,time,0,701,0.0,0.4720487034294469,0.41138685044839823
CART,time,0,702,0.0,0.34450805322463895,0.3145430465241637
CART,time,0,703,0.0,0.1654323338589333,0.1093006757123537
CART,time,0,704,0.0,0.11651663974723879,0.04675344579465068
CART,time,0,705,0.0,0.08978878668051159,0.09658878203221365
CART,time,0,706,0.0,0.0030555555555555553,0.021681393381059677
CART,time,0,707,1.0,0.14775129018721983,0.13317048353523703
CART,time,0,708,0.0,0.10115359393963115,0.1655865144323484
CART,time,0,709,0.0,0.013926049795615012,0.0886363584090361
CART,time,0,710,1.0,0.1356601145822182,0.09643374157382137
CART,time,0,711,0.0,0.21490474882177235,0.17819041407164973
CART,time,0,712,0.0,0.1218656373318586,0.0793853751177981
CART,time,0,713,1.0,0.18486098318490005,0.16078347933475187
CART,time,0,714,0.0,0.17433635258937266,0.15655728902724245
CART,time,0,715,1.0,0.23565932840753184,0.19716566368284516
CART,time,0,716,0.0,0.4112686810160882,0.35249893956292594
CART,time,0,717,1.0,0.2161312924387432,0.23390138144319175
CART,time,0,718,0.0,0.3858557524977059,0.3482684705396955
CART,time,0,719,1.0,0.21451757299951987,0.20427890575139834
CART,time,0,720,0.0,0.20809867317998137,0.14961532387744453
CART,time,0,721,0.0,0.5191106965780115,0.5611200492091668
CART,time,0,722,0.0,0.3337969465311259,0.42228865022026396
CART,time,0,723,0.0,0.0025,0.007662337662337662
CART,time,0,724,0.0,0.005797101449275362,0.05296995724552765
CART,time,0,725,0.0,0.005797101449275362,0.09238236570027478
CART,time,0,726,0.0,0.1460205209564506,0.12352441718883113
CART,time,0,727,0.0,0.0,0.05740274456306996
CART,time,0,728,0.0,0.005897435897435898,0.10837867119898233
CART,time,0,729,0.0,0.0,0.060068689729015134
CART,time,0,730,1.0,0.20849706932398765,0.19143124955037363
CART,time,0,731,0.0,0.1176685681629387,0.14614166971155076
CART,time,0,732,0.0,0.48502143958472677,0.45899036448999564
CART,time,0,733,0.0,0.16484910131365954,0.13713112001590394
CART,time,0,734,0.0,0.36633122425677406,0.2699353164931342
CART,time,0,735,0.0,0.29384416451489775,0.2813660202524052
CART,time,0,736,0.0,0.0417219086578157,0.03773967814766166
CART,time,0,737,0.0,0.21574680427110743,0.20346281040556466
CART,time,0,738,0.0,0.03548630936038241,0.03247955436550806
CART,time,0,739,0.0,0.1508470428806737,0.11624459192934168
CART,time,0,740,0.0,0.16623389757494295,0.12221833168455827
CART,time,0,741,0.0,0.3846131651769562,0.24033688841663725
CART,time,0,742,0.0,0.5265317953418284,0.3150751932604406
CART,time,0,743,0.0,0.26751732325192584,0.192041689988871
CART,time,0,744,0.0,0.46102646684750415,0.301010944725377
CART,time,0,745,0.0,0.026453020118759833,0.022295786064092705
CART,time,0,746,0.0,0.1966386744982015,0.18647394945645654
CART,time,0,747,0.0,0.520201585032338,0.27575675941666405
CART,time,0,748,0.0,0.26181182493007465,0.1498957157277144
CART,time,0,749,0.0,0.004012345679012345,0.060382542542867935
CART,time,0,750,0.0,0.1316436169962133,0.11494606546392766
CART,time,0,751,0.0,0.026453020118759833,0.10455806198363628
CART,time,0,752,0.0,0.21931711048983296,0.11414488225319672
CART,time,0,753,0.0,0.3060515871463761,0.1754674939978145
CART,time,0,754,0.0,0.13682235800828763,0.11892028928504277
CART,time,0,755,0.0,0.523393692771379,0.3358035380977801
CART,time,0,756,0.0,0.45154066319555874,0.3416297137084029
CART,time,0,757,0.0,0.2834708665463025,0.18753316823202318
CART,time,0,758,0.0,0.0,0.09634404127959742
CART,time,0,759,0.0,0.2664968986336894,0.17674497828178548
CART,time,0,760,0.0,0.13733373264898827,0.16029660986471092
CART,time,0,761,0.0,0.007445987654320987,0.02817036858416169
CART,time,0,762,0.0,0.0005555555555555556,0.029649720780279068
CART,time,0,763,0.0,0.21185024392716223,0.20457928794494726
CART,time,0,764,0.0,0.48309703016691363,0.30386643994993207
CART,time,0,765,0.0,0.1105111225458263,0.1437051336902349
CART,time,0,766,0.0,0.0,0.018597675268605934
CART,time,0,767,0.0,0.4067718059189302,0.25695496268828194
CART,time,0,768,0.0,0.13175825544418507,0.09822546923095499
CART,time,0,769,0.0,0.0030555555555555553,0.006776556776556777
CART,time,0,770,0.0,0.0005555555555555556,0.04441395102434802
CART,time,0,771,0.0,0.0,0.06288254254286794
CART,time,0,772,0.0,0.0,0.11029121399387808
CART,time,0,773,0.0,0.0726286920100003,0.130623750831993
CART,time,0,774,0.0,0.13554801836327401,0.14324195566455686
CART,time,0,775,0.0,0.13909709105933105,0.1746931033043289
CART,time,0,776,0.0,0.25950537143562624,0.2098586402351691
CART,time,0,777,0.0,0.13631814000406967,0.09780122947595296
CART,time,0,778,0.0,0.13733373264898827,0.1339107383022089
CART,time,0,779,0.0,0.0025,0.007662337662337662
CART,time,0,780,0.0,0.22991684550724847,0.1716649225864719
CART,time,0,781,0.0,0.0025,0.007662337662337662
CART,time,0,782,0.0,0.3137527653707381,0.1968471866465766
CART,time,0,783,0.0,0.3292831261387847,0.20224508937595334
CART,time,0,784,0.0,0.32026064495800916,0.20700754371200894
CART,time,0,785,0.0,0.3350053686653608,0.2006364996614331
CART,time,0,786,0.0,0.0889381566216918,0.10215124402493216
CART,time,0,787,0.0,0.09452046174347059,0.07314478293835983
CART,time,0,788,0.0,0.48811726043635695,0.28098488293975116
CART,time,0,789,0.0,0.4392446244107562,0.21193055139198783
CART,time,0,790,0.0,0.27287347819357227,0.1606544740453643
CART,time,0,791,0.0,0.0,0.05971154687187227
CART,time,0,792,0.0,0.005797101449275362,0.06201313417345957
CART,time,0,793,0.0,0.26461608868402464,0.21069099946229744
CART,time,0,794,0.0,0.0,0.06872557928257071
CART,time,0,795,0.0,0.23071441750047267,0.1527166818311659
CART,time,0,796,0.0,0.5656444906892203,0.26575184899441384
CART,time,0,797,0.0,0.4851014907050659,0.23764483906606365
CART,time,0,798,0.0,0.2273146612482533,0.16942141425012347
CART,time,0,799,1.0,0.39253789922581817,0.1975418856878836
CART,time,0,800,0.0,0.37927450300031956,0.3292925607993919
CART,time,0,801,0.0,0.2214996638696304,0.21555978444799026
CART,time,0,802,0.0,0.2744750658356651,0.25979583078786955
CART,time,0,803,0.0,0.45912880439479026,0.3363048920599686
CART,time,0,804,0.0,0.04342862685389468,0.07183146934705789
CART,time,0,805,0.0,0.040928626853894694,0.07183146934705789
CART,time,0,806,0.0,0.026453020118759833,0.06185497362056217
CART,time,0,807,0.0,0.014744080950977503,0.0727003081106335
CART,time,0,808,0.0,0.040928626853894694,0.07183146934705789
CART,time,0,809,0.0,0.040928626853894694,0.07183146934705789
CART,time,0,810,0.0,0.040928626853894694,0.07183146934705789
CART,time,0,811,0.0,0.026453020118759833,0.06185497362056217
CART,time,0,812,0.0,0.026453020118759833,0.060227989493578056
CART,time,0,813,0.0,0.03151712268286239,0.06078354504913361
CART,time,0,814,0.0,0.026453020118759833,0.10417649910207342
CART,time,0,815,0.0,0.20384973835579415,0.14902679570465047
CART,time,0,816,0.0,0.040928626853894694,0.10401102326773062
CART,time,0,817,0.0,0.040928626853894694,0.07183146934705789
CART,time,0,818,0.0,0.1508470428806737,0.13238527854969248
CART,time,0,819,0.0,0.19603092627936733,0.19598155350886654
CART,time,0,820,0.0,0.0025,0.0
CART,time,0,821,0.0,0.2521108468957633,0.1577320416729199
CART,time,0,822,0.0,0.1767753732695014,0.11419290936312418
CART,time,0,823,0.0,0.1835858712203373,0.19525126012682234
CART,time,0,824,0.0,0.035262242339200174,0.03417442383804848
CART,time,0,825,0.0,0.0016666666666666668,0.0
CART,time,0,826,0.0,0.0,0.0
CART,time,0,827,0.0,0.2036283465960506,0.1367599574552186
CART,time,0,828,0.0,0.2445858922440924,0.18024094279595151
CART,time,0,829,0.0,0.005797101449275362,0.005678210678210679
CART,time,0,830,0.0,0.01181106701940035,0.028339835354827862
CART,time,0,831,0.0,0.0027777777777777775,0.0145547347177782
CART,time,0,832,0.0,0.040928626853894694,0.0711496511652397
CART,time,0,833,0.0,0.03718475539072499,0.049655076189297785
CART,time,0,834,0.0,0.04342862685389468,0.0690609812145008
CART,time,0,835,0.0,0.013450263019228536,0.06712318050133266
CART,time,0,836,0.0,0.11029428859415796,0.1106605482433029
CART,time,0,837,0.0,0.2054990932244473,0.1301597612205006
CART,time,0,838,0.0,0.028040321706061418,0.03925028846232912
CART,time,0,839,0.0,0.0005555555555555556,0.026261592278909278
CART,time,0,840,0.0,0.14618210000612758,0.1059151690644382
CART,time,0,841,0.0,0.1126730424116036,0.07816700675334351
CART,time,0,842,0.0,0.0,0.047149000300534406
CART,time,0,843,0.0,0.12915504518959905,0.10551432748584175
CART,time,0,844,0.0,0.0,0.0
CART,time,0,845,0.0,0.0,0.04077449677085846
CART,time,0,846,0.0,0.48288703435386987,0.37332582062473946
CART,time,0,847,0.0,0.11417894391750513,0.11130428867848155
CART,time,0,848,0.0,0.0,0.03951402498955336
CART,time,0,849,0.0,0.4237467129654763,0.29028446785512596
CART,time,0,850,0.0,0.0,0.013518054464831076
CART,time,0,851,0.0,0.32178521469350485,0.19984691416737896
CART,time,0,852,0.0,0.2242046483476829,0.1729519737060966
CART,time,0,853,0.0,0.0005555555555555556,0.010850804896857528
CART,time,0,854,0.0,0.0,0.007261904761904762
CART,time,0,855,0.0,0.0,0.035944117903623556
CART,time,0,856,0.0,0.0,0.009384920634920635
CART,time,0,857,0.0,0.1442546479405776,0.12580418966641319
CART,time,0,858,0.0,0.2149566930588587,0.14917900967367353
CART,time,0,859,0.0,0.2039117916371457,0.12390976122050062
CART,time,0,860,0.0,0.1812109004447984,0.15862493057045549
CART,time,0,861,0.0,0.13032816506672626,0.10697011136418406
CART,time,0,862,0.0,0.4858410554616856,0.24965175278174798
CART,time,0,863,0.0,0.1496757237783201,0.09962661049557074
CART,time,0,864,0.0,0.005797101449275362,0.0
CART,time,0,865,0.0,0.13631814000406967,0.09696679571431668
CART,time,0,866,0.0,0.07782246675600193,0.06879980378790841
CART,time,0,867,0.0,0.0,0.0
CART,time,0,868,0.0,0.0,0.006
CART,time,0,869,0.0,0.005797101449275362,0.01080787384085735
CART,time,0,870,0.0,0.0005555555555555556,0.0077555668016194325
CART,time,0,871,0.0,0.0,0.0
CART,time,0,872,0.0,0.20384973835579415,0.13293047030537516
CART,time,0,873,0.0,0.0,0.0
CART,time,0,874,0.0,0.1180459029818326,0.05922293043679718
CART,time,0,875,0.0,0.29939203389918073,0.1633917926288665
CART,time,0,876,0.0,0.0,0.007261904761904762
CART,time,0,877,0.0,0.0,0.007261904761904762
CART,time,0,878,0.0,0.01324308910359635,0.01784907684907685
CART,time,0,879,0.0,0.4678529415249184,0.33511659397810634
CART,time,0,880,0.0,0.0005555555555555556,0.0077555668016194325
CART,time,0,881,0.0,0.0,0.0007936507936507937
CART,time,0,882,0.0,0.0005555555555555556,0.008549217595270227
CART,time,0,883,0.0,0.11612570247390737,0.1213255306625858
CART,time,0,884,0.0,0.020586717846245977,0.034276395740413725
CART,time,0,885,0.0,0.03697351208231085,0.02702122692115776
CART,time,0,886,0.0,0.0,0.031113014085499855
CART,time,0,887,0.0,0.0,0.007261904761904762
CART,time,0,888,0.0,0.07873516516870034,0.08102864391330025
CART,time,0,889,0.0,0.0,0.007261904761904762
CART,time,0,890,0.0,0.0,0.004090909090909091
CART,time,0,891,0.0,0.0,0.02982285813171983
CART,time,0,892,0.0,0.0,0.008458141321044547
CART,time,0,893,0.0,0.0005555555555555556,0.012640126686179316
CART,time,0,894,0.0,0.1190400014759311,0.07112619450419792
CART,time,0,895,0.0,0.0005555555555555556,0.010850804896857528
CART,time,0,896,0.0,0.22021327451099698,0.1305266938252257
CART,time,0,897,0.0,0.040928626853894694,0.07183146934705789
CART,time,0,898,0.0,0.0027777777777777775,0.03139550679251245
CART,time,0,899,0.0,0.0005555555555555556,0.01418413823019086
CART,time,0,900,0.0,0.0,0.0064285714285714285
CART,time,0,901,0.0,0.0005555555555555556,0.010850804896857528
CART,time,0,902,0.0,0.20451787948277841,0.12509653530859047
CART,time,0,903,0.0,0.0005555555555555556,0.0077555668016194325
CART,time,0,904,0.0,0.0005555555555555556,0.023502965995795242
CART,time,0,905,0.0,0.0005555555555555556,0.0077555668016194325
CART,time,0,906,1.0,0.0005555555555555556,0.0077555668016194325
CART,time,0,907,0.0,0.12590901708513144,0.08231524275286403
CART,time,0,908,0.0,0.008612040133779263,0.030729717813051147
CART,time,0,909,0.0,0.002814938684503902,0.0242473829436195
CART,time,0,910,0.0,0.0,0.01179147465437788
CART,time,0,911,0.0,0.005797101449275362,0.010178571428571427
CART,time,0,912,0.0,0.09033064692865578,0.055174545321570484
CART,time,0,913,0.0,0.0,0.02297054286754853
CART,time,0,914,0.0,0.13631814000406967,0.09093254260726609
CART,time,0,915,0.0,0.0005555555555555556,0.008549217595270227
CART,time,0,916,0.0,0.0027777777777777775,0.014630492293535776
CART,time,0,917,0.0,0.0027777777777777775,0.05030761958318999
CART,time,0,918,0.0,0.0,0.06347778063810602
CART,time,0,919,0.0,0.005797101449275362,0.05504899889353481
CART,time,0,920,0.0,0.13665295663487897,0.10186257678150733
CART,time,0,921,0.0,0.005797101449275362,0.025546300443306098
CART,time,0,922,0.0,0.0,0.010997823860727087
CART,time,0,923,0.0,0.0,0.00869047619047619
CART,time,0,924,0.0,0.0,0.010997823860727087
CART,time,0,925,0.0,0.0,0.007261904761904762
CART,time,0,926,0.0,0.17981856090028495,0.16410377920719885
CART,time,0,927,0.0,0.0005555555555555556,0.015017471563524195
CART,time,0,928,0.0,0.0005555555555555556,0.015017471563524195
CART,time,0,929,0.0,0.0,0.007664490527393754
CART,time,0,930,0.0,0.0005555555555555556,0.01418413823019086
CART,time,0,931,0.0,0.0005555555555555556,0.01418413823019086
CART,time,0,932,0.0,0.0,0.0038888888888888888
CART,time,0,933,0.0,0.08203548327165004,0.11233445081421588
CART,time,0,934,0.0,0.0005555555555555556,0.0077555668016194325
CART,time,0,935,0.0,0.0,0.004682539682539682
CART,time,0,936,0.0,0.020586717846245977,0.032129931093949085
CART,time,0,937,0.0,0.041761960187228025,0.039975086494227395
CART,time,0,938,0.0,0.040928626853894694,0.07183146934705789
CART,time,0,939,0.0,0.040928626853894694,0.07183146934705789
CART,time,0,940,0.0,0.040928626853894694,0.06526708278584738
CART,time,0,941,0.0,0.040928626853894694,0.06526708278584738
CART,time,0,942,0.0,0.04342862685389468,0.05704664064336224
CART,time,0,943,0.0,0.02126573019192499,0.06943912484945024
CART,time,0,944,0.0,0.005064102564102565,0.05455786721819262
CART,time,0,945,0.0,0.0,0.025546300443306098
CART,time,0,946,0.0,0.0,0.027074078221083875
CART,time,0,947,0.0,0.0,0.06057374023406563
CART,time,0,948,0.0,0.0,0.05664120055152595
CART,time,0,949,0.0,0.0005555555555555556,0.018058946217902074
CART,time,0,950,0.0,0.0,0.03445602266552832
CART,time,0,951,0.0,0.0,0.03899604656039092
CART,time,0,952,0.0,0.0,0.03445602266552832
CART,time,0,953,0.0,0.0,0.03185185599886166
CART,time,0,954,0.0,0.0,0.020461975046480705
CART,time,0,955,0.0,0.0,0.010303379416282642
CART,time,0,956,0.0,0.005797101449275362,0.058668978329303734
CART,time,0,957,0.0,0.0,0.05605359371391911
CART,time,0,958,0.0,0.0,0.03185185599886166
CART,time,0,959,0.0,0.0,0.057240406900732295
CART,time,0,960,0.0,0.0,0.057240406900732295
CART,time,0,961,0.0,0.0,0.06208889174921715
CART,time,0,962,0.0,0.0,0.06208889174921715
CART,time,0,963,0.0,0.0005555555555555556,0.016446042992095625
CART,time,0,964,0.0,0.0005555555555555556,0.018058946217902074
CART,time,0,965,0.0,0.0005555555555555556,0.015017471563524195
CART,time,0,966,0.0,0.0,0.03185185599886166
CART,time,0,967,0.0,0.0,0.03185185599886166
CART,time,0,968,0.0,0.005797101449275362,0.06288254254286794
CART,time,0,969,0.0,0.0005555555555555556,0.016446042992095625
CART,time,0,970,0.0,0.0005555555555555556,0.015017471563524195
CART,time,0,971,0.0,0.0,0.06057374023406563
CART,time,0,972,0.0,0.0,0.05069676448846393
CART,time,0,973,0.0,0.0005555555555555556,0.016446042992095625
CART,time,0,974,0.0,0.0,0.05875555841588382
CART,time,0,975,0.0,0.0027777777777777775,0.060382542542867935
CART,time,0,976,0.0,0.0,0.06288254254286794
CART,time,0,977,0.0,0.0005555555555555556,0.018058946217902074
CART,time,0,978,0.0,0.0,0.058668978329303734
CART,time,0,979,0.0,0.0027777777777777775,0.05931111397143938
CART,time,0,980,0.0,0.0027777777777777775,0.05875555841588382
CART,time,0,981,0.0,0.0,0.06057374023406563
CART,time,0,982,0.0,0.0,0.06208889174921715
CART,time,0,983,0.0,0.0,0.06208889174921715
CART,time,0,984,0.0,0.0,0.05987929578962119
CART,time,0,985,0.0,0.0,0.05792222508255049
CART,time,0,986,0.0,0.0,0.05954920920953461
CART,time,0,987,0.0,0.014475606735134866,0.06952570493603033
CART,time,0,988,0.0,0.0,0.06056111397143937
CART,time,0,989,0.0,0.04342862685389468,0.07500607252166107
CART,time,0,990,0.0,0.0,0.05792222508255049
CART,time,0,991,0.0,0.026453020118759833,0.06106132282691138
CART,time,0,992,0.0,0.0,0.061255558415883815
CART,time,0,993,0.0,0.0,0.06056111397143937
CART,time,0,994,0.0,0.0,0.06056111397143937
CART,time,0,995,0.0,0.004012345679012345,0.057227780638106046
CART,time,0,996,0.0,0.0,0.06056111397143937
CART,time,0,997,0.0,0.0027777777777777775,0.05954920920953461
CART,time,0,998,0.0,0.0,0.06056111397143937
CART,time,0,999,0.0,0.0005555555555555556,0.0683166807730588
CART,time,0,1000,0.0,0.0,0.05792222508255049
CART,time,0,1001,0.0,0.0,0.05792222508255049
CART,time,0,1002,0.0,0.026453020118759833,0.06185497362056217
CART,time,0,1003,0.0,0.03151712268286239,0.06078354504913361
CART,time,0,1004,0.0,0.004012345679012345,0.05954920920953461
CART,time,0,1005,0.0,0.02324789191363163,0.059533545049133614
CART,time,0,1006,0.0,0.0005555555555555556,0.06498334743972546
CART,time,0,1007,0.0,0.004567901234567902,0.06498334743972546
CART,time,0,1008,0.0,0.026453020118759833,0.06106132282691138
CART,time,0,1009,0.0,0.012029322848288365,0.06728911185075305
CART,time,0,1010,0.0,0.0,0.057227780638106046
CART,time,0,1011,0.0,0.04342862685389468,0.07500607252166107
CART,time,0,1012,0.0,0.0005555555555555556,0.0683166807730588
CART,time,0,1013,0.0,0.0,0.057227780638106046
CART,time,0,1014,0.0,0.0,0.06056111397143937
CART,time,0,1015,0.0,0.0,0.06056111397143937
CART,time,0,1016,0.0,0.0005555555555555556,0.06376624217656758
CART,time,0,1017,0.0,0.0005555555555555556,0.06043290884323425
CART,time,0,1018,0.0,0.0,0.05792222508255049
CART,time,0,1019,0.0,0.0005555555555555556,0.06498334743972546
CART,time,0,1020,0.0,0.0005555555555555556,0.06376624217656758
CART,time,0,1021,0.0,0.026453020118759833,0.06185497362056217
CART,time,0,1022,0.0,0.02324789191363163,0.060227989493578056
CART,time,0,1023,0.0,0.0,0.06056111397143937
CART,time,0,1024,0.0,0.0,0.057227780638106046
CART,time,0,1025,0.0,0.013509513049742935,0.0727003081106335
CART,time,0,1026,0.0,0.0005555555555555556,0.0683166807730588
CART,time,0,1027,0.0,0.0,0.061255558415883815
CART,time,0,1028,0.0,0.0,0.06056111397143937
CART,time,0,1029,0.0,0.0027777777777777775,0.057868806279131685
CART,time,0,1030,0.0,0.01147376729273281,0.060227989493578056
CART,time,1,1031,0.0,0.015648127167084382,0.0020288477561561918
CART,time,1,1032,0.0,0.04724716488968531,0.006593039276869452
CART,time,1,1033,0.0,0.09706366558465461,0.0661039817485101
CART,time,1,1034,0.0,0.018822730341687556,0.0008383715656800014
CART,time,1,1035,0.0,0.00939812716708438,0.0008383715656800014
CART,time,1,1036,0.0,0.00939812716708438,0.0008383715656800014
CART,time,1,1037,0.0,0.009245599740545654,0.0050979041563910575
CART,time,1,1038,0.0,0.008564793833751048,0.0008383715656800014
CART,time,1,1039,0.0,0.018822730341687556,0.0008383715656800014
CART,time,1,1040,0.0,0.00939812716708438,0.00342065004669266
CART,time,1,1041,0.0,0.015648127167084382,0.002171704899013335
CART,time,1,1042,0.0,0.06502746618146435,0.02137041944011918
CART,time,1,1043,0.0,0.026769090494944258,0.00342065004669266
CART,time,1,1044,0.0,0.00939812716708438,0.00342065004669266
CART,time,1,1045,0.0,0.00939812716708438,0.0008383715656800014
CART,time,1,1046,0.0,0.00939812716708438,0.00342065004669266
CART,time,1,1047,0.0,0.00939812716708438,0.0020288477561561918
CART,time,1,1048,0.0,0.00939812716708438,0.0008383715656800014
CART,time,1,1049,0.0,0.020597073148639056,0.00734630807361651
CART,time,1,1050,0.0,0.00939812716708438,0.002171704899013335
CART,time,1,1051,0.0,0.015648127167084382,0.0008383715656800014
CART,time,1,1052,0.0,0.03510242382827759,0.0020288477561561918
CART,time,1,1053,0.0,0.00939812716708438,0.0008383715656800014
CART,time,1,1054,0.0,0.00939812716708438,0.0008383715656800014
CART,time,1,1055,0.0,0.05219502862015774,0.010431893659202097
CART,time,1,1056,0.0,0.01007893307387899,0.0038783919612691074
CART,time,1,1057,0.0,0.04175365839617883,0.0030906238179322534
CART,time,1,1058,0.0,0.03510242382827759,0.0008383715656800014
CART,time,1,1059,0.0,0.04175365839617883,0.0030906238179322534
CART,time,1,1060,0.0,0.04658049822301865,0.006593039276869452
CART,time,1,1061,0.0,0.026769090494944258,0.0008383715656800014
CART,time,1,1062,0.0,0.015648127167084382,0.0008383715656800014
CART,time,1,1063,0.0,0.018822730341687556,0.0020288477561561918
CART,time,1,1064,0.0,0.018822730341687556,0.0008383715656800014
CART,time,1,1065,0.0,0.07104673073333762,0.020069541639241375
CART,time,1,1066,0.0,0.015648127167084382,0.0008383715656800014
CART,time,1,1067,0.0,0.019489397008354222,0.0008383715656800014
CART,time,1,1068,0.0,0.03385282967226764,0.002665564255445791
CART,time,1,1069,0.0,0.019489397008354222,0.0008383715656800014
CART,time,1,1070,0.0,0.015648127167084382,0.002171704899013335
CART,time,1,1071,0.0,0.00939812716708438,0.0008383715656800014
CART,time,1,1072,0.0,0.04175365839617883,0.007455703183011618
CART,time,1,1073,0.0,0.010230189863066813,0.0038783919612691074
CART,time,1,1074,0.0,0.009245599740545654,0.0038783919612691074
CART,time,1,1075,0.0,0.00939812716708438,0.0008383715656800014
CART,time,1,1076,0.0,0.04554379405225651,0.00734630807361651
CART,time,1,1077,0.0,0.05848218590731503,0.012376338103646542
CART,time,1,1078,0.0,0.00939812716708438,0.0008383715656800014
CART,time,1,1079,0.0,0.08074062657093763,0.03672536019379411
CART,time,1,1080,0.0,0.09847153307947863,0.06814399915767551
CART,time,1,1081,0.0,0.09706366558465461,0.06406033095485929
CART,time,1,1082,0.0,0.07800404465003367,0.0372208556892896
CART,time,1,1083,0.0,0.09405226686387375,0.06387462760020586
CART,time,1,1084,0.0,0.09641590322751012,0.07776486227584735
CART,time,1,1085,0.0,0.07204130610294841,0.06582608070261917
CART,time,1,1086,0.0,0.09336276242440475,0.07025794567796238
CART,time,1,1087,0.0,0.09260518666682899,0.07121948413950085
CART,time,1,1088,0.0,0.07204130610294841,0.0636521676591409
CART,time,1,1089,0.0,0.07128373034537266,0.03747273612756193
CART,time,1,1090,0.0,0.10153873794769346,0.060425366674935706
CART,time,1,1091,0.0,0.019615483320186478,0.010952186558652462
CART,time,1,1092,0.0,0.02562901192003221,0.011785519891985795
CART,time,1,1093,0.0,0.06020336861281553,0.029283896623855298
CART,time,1,1094,0.0,0.04101275927024297,0.02365081093311613
CART,time,1,1095,0.0,0.07286122718095012,0.05936842687322537
CART,time,1,1096,0.0,0.03481368135029393,0.024863926156846503
CART,time,1,1097,0.0,0.06036890014400377,0.030647224983623593
CART,time,1,1098,0.0,0.06317243874683022,0.02597232724085734
CART,time,1,1099,0.0,0.042686781826050485,0.04546463399694063
CART,time,1,1100,0.0,0.042686781826050485,0.04546463399694063
CART,time,1,1101,0.0,0.035015786155054816,0.03973882754532774
CART,time,1,1102,0.0,0.015936417147028963,0.013273437359125681
CART,time,1,1103,0.0,0.03139597590322859,0.04715102287560162
CART,time,1,1104,1.0,0.047698525476147356,0.05134327207810116
CART,time,1,1105,0.0,0.1677287011618051,0.16579727992112214
CART,time,1,1106,0.0,0.04917473384993499,0.03664955239721623
CART,time,1,1107,0.0,0.0404136763925924,0.02799947212424812
CART,time,1,1108,0.0,0.04655871715058497,0.024545418744639648
CART,time,1,1109,0.0,0.09756179368515668,0.06082654799375518
CART,time,1,1110,0.0,0.045339181708787445,0.025948916787692487
CART,time,1,1111,0.0,0.1464394085520798,0.11540745002991888
CART,time,1,1112,0.0,0.05048321124194748,0.07811913858194787
CART,time,1,1113,0.0,0.049159694391208056,0.07272076401690662
CART,time,1,1114,0.0,0.046864467965089536,0.07170771397087307
CART,time,1,1115,0.0,0.06961985792396233,0.06929027687952294
CART,time,1,1116,0.0,0.07745931232583662,0.07465353011633939
CART,time,1,1117,0.0,0.05040504042102305,0.07547360061032292
CART,time,1,1118,0.0,0.07745931232583662,0.07465353011633939
CART,time,1,1119,0.0,0.05498874504879025,0.07590838321901858
CART,time,1,1120,0.0,0.038353981495811165,0.03485742361039489
CART,time,1,1121,0.0,0.06948370897221653,0.07359221198974099
CART,time,1,1122,0.0,0.023727866632212356,0.02247919625232882
CART,time,1,1123,0.0,0.012789564000175816,0.012038869457891113
CART,time,1,1124,0.0,0.013157529368141185,0.01675558021626854
CART,time,1,1125,0.0,0.00702992455426186,0.008267015404486409
CART,time,1,1126,0.0,0.023120031582406327,0.022814951515022813
CART,time,1,1127,0.0,0.021995824893223635,0.024075830665394718
CART,time,1,1128,0.0,0.05949583401471236,0.044697398020771696
CART,time,1,1129,0.0,0.04073102177769313,0.04274529813361239
CART,time,1,1130,0.0,0.03517226652328569,0.02755150101694862
CART,time,1,1131,0.0,0.023166386600739112,0.024495945461393064
CART,time,1,1132,0.0,0.030906452691793897,0.02281975749604454
CART,time,1,1133,0.0,0.03527216796589813,0.024562831521285286
CART,time,1,1134,0.0,0.03114858374960293,0.020625930207676613
CART,time,1,1135,0.0,0.03114858374960293,0.01861650763373791
CART,time,1,1136,0.0,0.038505599856619034,0.028001951467399068
CART,time,1,1137,0.0,0.02119779963215214,0.0108155935552347
CART,time,1,1138,0.0,0.023166386600739112,0.018533643874091472
CART,time,1,1139,0.0,0.029914015848368353,0.01861650763373791
CART,time,1,1140,0.0,0.2214643199613878,0.23982781112451879
CART,time,1,1141,0.0,0.04884195854396642,0.03383212205157456
CART,time,1,1142,0.0,0.04687100402782094,0.05959626384363562
CART,time,1,1143,0.0,0.04027216662318579,0.028984094324541923
CART,time,1,1144,0.0,0.05059879021648176,0.059591956401080434
CART,time,1,1145,0.0,0.04064537406741344,0.030003883621977433
CART,time,1,1146,0.0,0.059208966353886935,0.029507742114208018
CART,time,1,1147,0.0,0.03254276721683447,0.02685536085185809
CART,time,1,1148,0.0,0.035289265816274236,0.0328842233001267
CART,time,1,1149,0.0,0.02680684705492505,0.020352672369902645
CART,time,1,1150,0.0,0.045051170578179006,0.03934617532659485
CART,time,1,1151,0.0,0.047637587434258784,0.04379762287370011
CART,time,1,1152,0.0,0.03527216796589813,0.03060166822952814
CART,time,1,1153,0.0,0.12293162669712193,0.11150809555974776
CART,time,1,1154,0.0,0.03814880131261047,0.03166109358229552
CART,time,1,1155,0.0,0.048962680636747885,0.032696080245209064
CART,time,1,1156,0.0,0.11030602506029444,0.06769856259669224
CART,time,1,1157,0.0,0.18322700619410057,0.1847147090031476
CART,time,1,1158,0.0,0.16911909342152015,0.15119135488103277
CART,time,1,1159,0.0,0.05195773623474466,0.04983388654011251
CART,time,1,1160,0.0,0.03254514096718035,0.025387984994450895
CART,time,1,1161,0.0,0.03378137086194683,0.029093793075258983
CART,time,1,1162,0.0,0.03378137086194683,0.030945644927110834
CART,time,1,1163,0.0,0.08878798778295444,0.045276544953344065
CART,time,1,1164,0.0,0.053736707651291155,0.017063297669763573
CART,time,1,1165,0.0,0.030360949885930442,0.027251469712774326
CART,time,1,1166,0.0,0.13617465202660012,0.1093347363972524
CART,time,1,1167,0.0,0.03172572889776828,0.028293136379440992
CART,time,1,1168,0.0,0.061579420494004,0.02292687270917791
CART,time,1,1169,0.0,0.04382728736143608,0.010952186558652462
CART,time,1,1170,0.0,0.0762667392727862,0.031100189665877655
CART,time,1,1171,0.0,0.041926250134951284,0.012494739750141825
CART,time,1,1172,0.0,0.038866969901118625,0.010952186558652462
CART,time,1,1173,0.0,0.021446855241498718,0.00886885322531913
CART,time,1,1174,0.0,0.05393512034970385,0.016943966726271922
CART,time,1,1175,0.0,0.08055469269867066,0.036226585903385004
CART,time,1,1176,0.0,0.05326845368303719,0.016943966726271922
CART,time,1,1177,0.0,0.061579420494004,0.02292687270917791
CART,time,1,1178,0.0,0.04672759755218566,0.028293136379440992
CART,time,1,1179,0.0,0.05296289812748163,0.014563297669763572
CART,time,1,1180,0.0,0.05157400923859275,0.014563297669763572
CART,time,1,1181,0.0,0.04102778908537833,0.028293136379440992
CART,time,1,1182,0.0,0.05481637785491912,0.053611473475594175
CART,time,1,1183,0.0,0.15258245632399925,0.08353340253318225
CART,time,1,1184,0.0,0.06587314302485286,0.033537346247320035
CART,time,1,1185,0.0,0.06325356165646677,0.03763424349308219
CART,time,1,1186,1.0,0.028265700866720044,0.02098584445129205
CART,time,1,1187,0.0,0.268941021554794,0.24402082211354215
CART,time,1,1188,0.0,0.04402088744292682,0.036187272323596746
CART,time,1,1189,0.0,0.023899819834172338,0.015051501016948611
CART,time,1,1190,0.0,0.05956003296293808,0.039538886614188716
CART,time,1,1191,0.0,0.06394972222104839,0.06064944245856649
CART,time,1,1192,0.0,0.0848346531592171,0.07017983178370597
CART,time,1,1193,0.0,0.07751010867525232,0.061384640029275093
CART,time,1,1194,0.0,0.17121463239598664,0.1432064307274484
CART,time,1,1195,0.0,0.05932935429567461,0.07774016851476495
CART,time,1,1196,0.0,0.07146976660168361,0.08905132106780268
CART,time,1,1197,0.0,0.07616622750162734,0.08420275779532634
CART,time,1,1198,0.0,0.06533652296843998,0.09093173485618437
CART,time,1,1199,0.0,0.07177299660960876,0.07519422178679033
CART,time,1,1200,1.0,0.0583237244765131,0.06310698761236574
CART,time,1,1201,0.0,0.14827188480181253,0.1444881193743619
CART,time,1,1202,0.0,0.13010507267335136,0.09994094809227423
CART,time,1,1203,0.0,0.1738880366022178,0.139335140795526
CART,time,1,1204,0.0,0.079805647520856,0.06619276021330106
CART,time,1,1205,0.0,0.06880865398405688,0.07309171527617983
CART,time,1,1206,0.0,0.15121511798376316,0.13772973814754746
CART,time,1,1207,0.0,0.14884736595299816,0.10372423340118025
CART,time,1,1208,0.0,0.07465227930801928,0.097358424449679
CART,time,1,1209,0.0,0.11085222902577088,0.08735241642301195
CART,time,1,1210,0.0,0.11129178946533132,0.09077834234893789
CART,time,1,1211,0.0,0.09239859266960522,0.11763911182524325
CART,time,1,1212,0.0,0.07248777714351712,0.07544022314932669
CART,time,1,1213,0.0,0.04801782853381116,0.07302229351525961
CART,time,1,1214,0.0,0.11160980478334663,0.08651908308967862
CART,time,1,1215,0.0,0.11129178946533132,0.08992336399395955
CART,time,1,1216,0.0,0.07805961577482427,0.06446929762027326
CART,time,1,1217,0.0,0.07718548990069839,0.062233847884823536
CART,time,1,1218,0.0,0.06447217314765147,0.06247842595774935
CART,time,1,1219,0.0,0.06611518868999483,0.06906080864809525
CART,time,1,1220,0.0,0.057530786603193246,0.07390159156274989
CART,time,1,1221,0.0,0.06131866539107204,0.07869812835928669
CART,time,1,1222,0.0,0.06801748814936333,0.07074305094078309
CART,time,1,1223,0.0,0.09697021808674237,0.08392328243403692
CART,time,1,1224,0.0,0.16187489629676802,0.13099074984605918
CART,time,1,1225,0.0,0.05997287556494514,0.07501604665256599
CART,time,1,1226,0.0,0.07998486828766709,0.08520573541483895
CART,time,1,1227,0.0,0.16694176309719103,0.22039077574799035
CART,time,1,1228,0.0,0.08196136290683455,0.08119812835928668
CART,time,1,1229,0.0,0.051805707321689945,0.06710002433436976
CART,time,1,1230,0.0,0.10447980759092954,0.09990382684825644
CART,time,1,1231,0.0,0.218954378841174,0.15722856641419428
CART,time,1,1232,0.0,0.07542388763636947,0.05623515341286892
CART,time,1,1233,0.0,0.052119549836417645,0.05609987722876973
CART,time,1,1234,0.0,0.022266335718082283,0.015946110031798355
CART,time,1,1235,0.0,0.051447389385227506,0.047745036446503145
CART,time,1,1236,0.0,0.10018158528577556,0.04790686130290491
CART,time,1,1237,0.0,0.017525594977341543,0.015773437359125682
CART,time,1,1238,0.0,0.04077553213096481,0.03188573199772227
CART,time,1,1239,0.0,0.035532104061449785,0.025637002814993887
CART,time,1,1240,0.0,0.06063877555815395,0.04319158595618514
CART,time,1,1241,0.0,0.056073241454576365,0.033468534721506
CART,time,1,1242,0.0,0.0667054510912929,0.02367958107771365
CART,time,1,1243,0.0,0.05082140995274487,0.02577516052813181
CART,time,1,1244,0.0,0.0935710372211068,0.04271647307382773
CART,time,1,1245,0.0,0.0453102215570137,0.024716996165968032
CART,time,1,1246,0.0,0.0451229556394107,0.01876020604251124
CART,time,1,1247,0.0,0.06745151997985283,0.026885969168274362
CART,time,1,1248,0.0,0.05627926576348096,0.021965334247639447
CART,time,1,1249,0.0,0.04261805367862638,0.01598242826473346
CART,time,1,1250,0.0,0.0451229556394107,0.013601759208225114
CART,time,1,1251,0.0,0.009203411865942748,0.011418175548577622
CART,time,1,1252,0.0,0.07910087260731276,0.03292703766185765
CART,time,1,1253,0.0,0.045248417325259783,0.023255831518914614
CART,time,1,1254,0.0,0.025231558226504136,0.017031954121912794
CART,time,1,1255,0.0,0.024214936128571007,0.01776863755094275
CART,time,1,1256,0.0,0.0662963071054942,0.03152430180655882
CART,time,1,1257,0.0,0.017476735672610415,0.014563509345814544
CART,time,1,1258,0.0,0.012459885454831367,0.009478016118680826
CART,time,1,1259,0.0,0.056447020589541014,0.02753730417062501
CART,time,1,1260,0.0,0.0662963071054942,0.03019096847322548
CART,time,1,1261,0.0,0.08378633028680028,0.07451357786514264
CART,time,1,1262,0.0,0.07277177608096316,0.031232635139892148
CART,time,1,1263,0.0,0.038008734831226285,0.047377441769025544
CART,time,1,1264,0.0,0.046411906815156063,0.023494510862933252
CART,time,1,1265,0.0,0.08498795325808618,0.07110509692042981
CART,time,1,1266,0.0,0.013783398204794333,0.01661489314995624
CART,time,1,1267,0.0,0.0335081953895544,0.015473574526368113
CART,time,1,1268,0.0,0.054962522148466,0.06181617856720432
CART,time,1,1269,0.0,0.03326474641909214,0.017338653891447474
CART,time,1,1270,0.0,0.017808520855321492,0.0355023260235426
CART,time,1,1271,0.0,0.016577442788054605,0.014538869457891115
CART,time,1,1272,0.0,0.0177194252744188,0.014957095015527545
CART,time,1,1273,0.0,0.12317823189499592,0.10052105269010926
CART,time,1,1274,0.0,0.019620659842320035,0.01566631487368357
CART,time,1,1275,0.0,0.02406863162362515,0.0196636048465833
CART,time,1,1276,0.0,0.1282535313552698,0.05789535550177469
CART,time,1,1277,0.0,0.019070802117602755,0.039226198246910995
CART,time,1,1278,0.0,0.012148538359150174,0.012038869457891113
CART,time,1,1279,0.0,0.05470933151539292,0.06285863378916198
CART,time,1,1280,0.0,0.0486255715924394,0.050507234039392154
CART,time,1,1281,0.0,0.01401992197166854,0.009800691938162942
CART,time,1,1282,0.0,0.012175080052358535,0.010947546875340464
CART,time,1,1283,0.0,0.013157529368141185,0.01302101231503397
CART,time,1,1284,0.0,0.03734691425125997,0.02571162813942173
CART,time,1,1285,0.0,0.013383106260384742,0.013273437359125681
CART,time,1,1286,0.0,0.012349339467752702,0.009042289023754927
CART,time,1,1287,0.0,0.009493365814433281,0.012400318405720478
CART,time,1,1288,0.0,0.04860213558649085,0.020783357994046323
CART,time,1,1289,0.0,0.028837381901736667,0.023719372078189825
CART,time,1,1290,0.0,0.045563109288107174,0.040214589887921995
CART,time,1,1291,0.0,0.05577941774628555,0.057939640314657245
CART,time,1,1292,0.0,0.12492133785173354,0.1025989793499784
CART,time,1,1293,0.0,0.05018237589924371,0.058540949574503086
CART,time,1,1294,0.0,0.005413175290453773,0.00648717252249299
CART,time,1,1295,0.0,0.04156310928810718,0.03485061426943948
CART,time,1,1296,0.0,0.04929223825910607,0.0523939758536702
CART,time,1,1297,0.0,0.10859344270199485,0.11205457568695337
CART,time,1,1298,0.0,0.06111003173918025,0.07135542278548165
CART,time,1,1299,0.0,0.1954315062541663,0.1303712425327096
CART,time,1,1300,0.0,0.01816662061836719,0.015521012315033972
CART,time,1,1301,0.0,0.05653699350386131,0.057939640314657245
CART,time,1,1302,0.0,0.043539219597550825,0.036691830485655705
CART,time,1,1303,0.0,0.02435027319902351,0.012111755438742574
CART,time,1,1304,0.0,0.08702059217401328,0.06768351392761217
CART,time,1,1305,0.0,0.03347782207884125,0.02199594546139306
CART,time,1,1306,0.0,0.05516597741524791,0.04273101472783203
CART,time,1,1307,0.0,0.06237831761945803,0.06525434238955337
CART,time,1,1308,0.0,0.05516597741524791,0.044516729013546315
CART,time,1,1309,0.0,0.06317563388867249,0.03613012274667481
CART,time,1,1310,0.0,0.025899421897444822,0.02189227719983006
CART,time,1,1311,0.0,0.035055716406735576,0.01603364387409147
CART,time,1,1312,0.0,0.0654087685478312,0.03410875737504427
CART,time,1,1313,0.0,0.059987592501655154,0.02589475498520259
CART,time,1,1314,0.0,0.0491456325292604,0.02589475498520259
CART,time,1,1315,0.0,0.05782700471846327,0.0401690573314489
CART,time,1,1316,0.0,0.06193876018803069,0.04249427663800262
CART,time,1,1317,0.0,0.09441766879023263,0.08622699252830127
CART,time,1,1318,0.0,0.12270074001080934,0.12017447396602633
CART,time,1,1319,0.0,0.06397145487436,0.053372009913518065
CART,time,1,1320,0.0,0.06537254561368602,0.04768811378932985
CART,time,1,1321,0.0,0.025712155979841823,0.013916086723639585
CART,time,1,1322,0.0,0.03411884771986689,0.01603364387409147
CART,time,1,1323,0.0,0.06397145487436,0.05884558269047109
CART,time,1,1324,0.0,0.07131272471562983,0.0605690452834989
CART,time,1,1325,0.0,0.07131272471562983,0.06190279218176193
CART,time,1,1326,0.0,0.04597621035141807,0.048111691337082145
CART,time,1,1327,0.0,0.15778116662738786,0.09084001138977832
CART,time,1,1328,0.0,0.06479052740723511,0.05414875093315547
CART,time,1,1329,0.0,0.07131272471562983,0.0605690452834989
CART,time,1,1330,0.0,0.08608928075520496,0.07130875997968364
CART,time,1,1331,0.0,0.0330273716283908,0.013735711543264405
CART,time,1,1332,0.0,0.05385133418269043,0.03568921862177148
CART,time,1,1333,0.0,0.08071591079501235,0.04572500659155865
CART,time,1,1334,0.0,0.04209487648182814,0.030125770172858963
CART,time,1,1335,0.0,0.06522430529955305,0.05252176680617134
CART,time,1,1336,0.0,0.0749840533869585,0.06795994783972402
CART,time,1,1337,0.0,0.05379647650501755,0.05148333884666069
CART,time,1,1338,0.0,0.03269460529562447,0.022978088318535917
CART,time,1,1339,0.0,0.14983115668763508,0.13891621587355849
CART,time,1,1340,0.0,0.06237831761945803,0.03848107513343203
CART,time,1,1341,0.0,0.03441626051727969,0.013735711543264405
CART,time,1,1342,0.0,0.0626575641845726,0.04109274212663289
CART,time,1,1343,0.0,0.06397145487436,0.03789049065530889
CART,time,1,1344,0.0,0.1290768204922342,0.07621669209264431
CART,time,1,1345,0.0,0.20254292834485607,0.2533872635477297
CART,time,1,1346,0.0,0.06404721245011756,0.04328169495955666
CART,time,1,1347,0.0,0.18470258491370645,0.15330866707050125
CART,time,1,1348,0.0,0.08725397532856999,0.06768600805957273
CART,time,1,1349,0.0,0.03905571640673558,0.028567427657875257
CART,time,1,1350,0.0,0.07123696713987226,0.06697780498258117
CART,time,1,1351,0.0,0.08110393701999509,0.055738377882103854
CART,time,1,1352,0.0,0.06479052740723511,0.05414875093315547
CART,time,1,1353,0.0,0.06809260333374374,0.06190279218176193
CART,time,1,1354,0.0,0.047874898928517255,0.06429617602921311
CART,time,1,1355,0.0,0.08970357585699697,0.06180190135309761
CART,time,1,1356,0.0,0.06809260333374374,0.0605690452834989
CART,time,1,1357,0.0,0.09270296776943235,0.06527271579144175
CART,time,1,1358,0.0,0.06321387911678424,0.03789049065530889
CART,time,1,1359,0.0,0.036811155412174584,0.0240285043360572
CART,time,1,1360,0.0,0.0512398158575074,0.06279359359728284
CART,time,1,1361,0.0,0.06515817864581022,0.06338883169252094
CART,time,1,1362,0.0,0.0330273716283908,0.013735711543264405
CART,time,1,1363,0.0,0.11860182830351257,0.1363705909399559
CART,time,1,1364,0.0,0.06316115276581227,0.0549820842664888
CART,time,1,1365,0.0,0.1379954803230206,0.07339379723335603
CART,time,1,1366,1.0,0.06998166558632508,0.05631541759982213
CART,time,1,1367,0.0,0.1347715596876973,0.15451596659607442
CART,time,1,1368,0.0,0.10430174617016973,0.09891889076153247
CART,time,1,1369,0.0,0.10360389955514047,0.08021674974436027
CART,time,1,1370,0.0,0.09509563004687098,0.07588101790862846
CART,time,1,1371,0.0,0.1225486852550703,0.11101645671671576
CART,time,1,1372,0.0,0.11560084919992293,0.10760989555764766
CART,time,1,1373,0.0,0.10842846095864923,0.08429788366420386
CART,time,1,1374,0.0,0.11287713277187214,0.10011596453041245
CART,time,1,1375,0.0,0.1010951276253159,0.08059963262724316
CART,time,1,1376,0.0,0.09272852184642942,0.07827594257774666
CART,time,1,1377,0.0,0.10738719650510409,0.06856688526191994
CART,time,1,1378,0.0,0.07098172477844739,0.07014932450100947
CART,time,1,1379,1.0,0.07583020962693222,0.07529312037061178
CART,time,1,1380,0.0,0.09138753544561863,0.09442147577831995
CART,time,1,1381,0.0,0.10472538625557455,0.09311008194803731
CART,time,1,1382,0.0,0.10500263662054418,0.06838176268356677
CART,time,1,1383,0.0,0.10194056289180381,0.08143657346418401
CART,time,1,1384,0.0,0.13132594861652133,0.104598709871879
CART,time,1,1385,0.0,0.08116623515746575,0.07589722308805381
CART,time,1,1386,0.0,0.07826768443282807,0.07130540300710328
CART,time,1,1387,0.0,0.2107400767940473,0.2065266011148211
CART,time,1,1388,0.0,0.08032665762338019,0.08845193586813696
CART,time,1,1389,0.0,0.07570386583578283,0.08776550736386993
CART,time,1,1390,0.0,0.08914281385181713,0.0993440802328239
CART,time,1,1391,0.0,0.11187124547031921,0.0998555758033279
CART,time,1,1392,0.0,0.053588836585979065,0.0562855030699076
CART,time,1,1393,0.0,0.04209487648182814,0.0278568235106817
CART,time,1,1394,0.0,0.0913043443695302,0.05485682033096179
CART,time,1,1395,0.0,0.07070795522683357,0.05425695137064763
CART,time,1,1396,0.0,0.056966727243735665,0.051344781833902536
CART,time,1,1397,0.0,0.0722231067419851,0.05958531014637482
CART,time,1,1398,0.0,0.06420064235354747,0.03874849914199545
CART,time,1,1399,0.0,0.10986892398037192,0.09520460153214484
CART,time,1,1400,0.0,0.11523091880497488,0.057597147707074026
CART,time,1,1401,0.0,0.09166484739307669,0.060827634769305944
CART,time,1,1402,0.0,0.033361271962291134,0.01603364387409147
CART,time,1,1403,0.0,0.046854370651042,0.04448214668322391
CART,time,1,1404,0.0,0.07492996600456066,0.054000252271662844
CART,time,1,1405,0.0,0.06732900054489957,0.03435708464447622
CART,time,1,1406,0.0,0.06131830518501289,0.0562855030699076
CART,time,1,1407,0.0,0.1746894077032509,0.14665845896560362
CART,time,1,1408,0.0,0.13938252899661885,0.09128385729082183
CART,time,1,1409,0.0,0.12519618019045034,0.08038913557747744
CART,time,1,1410,0.0,0.11600591608113663,0.07836837855672041
CART,time,1,1411,0.0,0.08178631322882007,0.04125123115853636
CART,time,1,1412,0.0,0.05109972470490021,0.03544380708911091
CART,time,1,1413,0.0,0.02024523227021283,0.018035519891985798
CART,time,1,1414,0.0,0.044014553279039074,0.02780702526832988
CART,time,1,1415,0.0,0.07154837812706237,0.0353264488852624
CART,time,1,1416,0.0,0.01581606982335672,0.013447438220570792
CART,time,1,1417,0.0,0.13555324619785342,0.10284726008540898
CART,time,1,1418,0.0,0.07173947340573726,0.03597426730000257
CART,time,1,1419,0.0,0.0455967770828817,0.01431097906638114
CART,time,1,1420,0.0,0.10261620900334754,0.05859238806545099
CART,time,1,1421,0.0,0.09832365622760382,0.08600255084254789
CART,time,1,1422,0.0,0.05678053429805472,0.028246524028781035
CART,time,1,1423,0.0,0.03523856510851102,0.02808973260845941
CART,time,1,1424,0.0,0.029326935813040442,0.01189034414574622
CART,time,1,1425,0.0,0.040030752091324805,0.01431097906638114
CART,time,1,1426,0.0,0.0455967770828817,0.01669164812288949
CART,time,1,1427,0.0,0.05024941811181945,0.02073010966135103
CART,time,1,1428,0.0,0.030971404583945993,0.01431097906638114
CART,time,1,1429,0.0,0.04066461363284621,0.031068350745149843
CART,time,1,1430,0.0,0.08935586572683415,0.0983641235250158
CART,time,1,1431,0.0,0.03730397132292853,0.025994271776528785
CART,time,1,1432,0.0,0.037450552448469294,0.014691714474019672
CART,time,1,1433,0.0,0.05482480391629951,0.030364911353806198
CART,time,1,1434,0.0,0.022673083288340303,0.02528505191837276
CART,time,1,1435,0.0,0.05464475345116133,0.03331018980745659
CART,time,1,1436,0.0,0.031860285769454766,0.02393517193623444
CART,time,1,1437,0.0,0.03949858519696989,0.02976420194048898
CART,time,1,1438,0.0,0.05858268159130946,0.01830329989374749
CART,time,1,1439,0.0,0.04960450698813486,0.01645031054075814
CART,time,1,1440,0.0,0.07560643275164926,0.04050515906397258
CART,time,1,1441,0.0,0.08016380201490099,0.10771795667747547
CART,time,1,1442,0.0,0.06390920672084904,0.027340472102616014
CART,time,1,1443,0.0,0.0710697783061623,0.04158565649296169
CART,time,1,1444,0.0,0.03132868465926063,0.021168563650029552
CART,time,1,1445,0.0,0.035147558205147464,0.02011885322531913
CART,time,1,1446,0.0,0.03132868465926063,0.019527637009102913
CART,time,1,1447,0.0,0.060769283378844845,0.040284934901527424
CART,time,1,1448,0.0,0.033214637545993804,0.020680155987708847
CART,time,1,1449,0.0,0.049250835297506644,0.04779497515909587
CART,time,1,1450,0.0,0.05535636597405753,0.04080787687183782
CART,time,1,1451,0.0,0.051607781225472764,0.03753087670160704
CART,time,1,1452,0.0,0.032919593750169715,0.025827460959389474
CART,time,1,1453,0.0,0.02294299887735139,0.02895031054075814
CART,time,1,1454,0.0,0.03971071184071652,0.037198992035938835
CART,time,1,1455,0.0,0.04465673782054697,0.056305607634191686
CART,time,1,1456,0.0,0.08956110292615427,0.03694365933895114
CART,time,1,1457,0.0,0.14116933779037996,0.09135837293468203
CART,time,1,1458,0.0,0.04092774608691509,0.027973633474695978
CART,time,1,1459,0.0,0.06268428744657767,0.04740106822500859
CART,time,1,1460,0.0,0.15096731714424783,0.10859331697922707
CART,time,1,1461,0.0,0.11659142233653103,0.0578197741797005
CART,time,1,1462,0.0,0.05468939372793499,0.04996790213465442
CART,time,1,1463,0.0,0.05952405548995452,0.0415548285043106
CART,time,1,1464,0.0,0.035149294546693285,0.04104819965756109
CART,time,1,1465,0.0,0.15495552419134198,0.14888356332359126
CART,time,1,1466,0.0,0.053779413121280935,0.02536240602809035
CART,time,1,1467,0.0,0.05041402850589632,0.02664618981187413
CART,time,1,1468,0.0,0.05117160426347208,0.02917595171663604
CART,time,1,1469,0.0,0.1030089309019146,0.07559234506456286
CART,time,1,1470,0.0,0.07441938683657881,0.052918298710049314
CART,time,1,1471,0.0,0.11739607416774812,0.06472554554264179
CART,time,1,1472,0.0,0.05282945964608606,0.0355898554974878
CART,time,1,1473,0.0,0.05582885155852145,0.04039573107352466
CART,time,1,1474,0.0,0.03132464485399058,0.024941244601005084
CART,time,1,1475,0.0,0.02982638701426932,0.026349974759735238
CART,time,1,1476,0.0,0.07876064561312891,0.044938695296049956
CART,time,1,1477,0.0,0.025335993668538895,0.015144754126220027
CART,time,1,1478,0.0,0.09173949002948627,0.1055706490963487
CART,time,1,1479,0.0,0.18705361642832283,0.16705139829286433
CART,time,1,1480,1.0,0.053967969587575326,0.028584138761182248
CART,time,1,1481,0.0,0.11347776973475542,0.12297834706029726
CART,time,1,1482,0.0,0.03461510651250525,0.04401116262052405
CART,time,1,1483,0.0,0.024915857693691215,0.029931383201070732
CART,time,1,1484,0.0,0.04457530151074372,0.0338904449726325
CART,time,1,1485,0.0,0.03364908089230141,0.020678252888941213
CART,time,1,1486,0.0,0.051696084412952224,0.05406064252033686
CART,time,1,1487,0.0,0.035372682270081016,0.04011235309671453
CART,time,1,1488,1.0,0.0774362669014754,0.07296878926899115
CART,time,1,1489,0.0,0.12505530210874335,0.12179372537952576
CART,time,1,1490,0.0,0.0686667863819949,0.06105956723161204
CART,time,1,1491,0.0,0.08224209995730844,0.06784182841622385
CART,time,1,1492,0.0,0.08672927944448795,0.0711751617495572
CART,time,1,1493,1.0,0.12093825411179596,0.09990760751098847
CART,time,1,1494,0.0,0.07916319994788062,0.06220707103166579
CART,time,1,1495,0.0,0.09781297352818202,0.08025811105831294
CART,time,1,1496,0.0,0.07498324769845621,0.0669321296849051
CART,time,1,1497,0.0,0.0934695391847477,0.07483094476158142
CART,time,1,1498,0.0,0.11864658744512929,0.09623068593551615
CART,time,1,1499,0.0,0.2195413719136367,0.18995922911241347
CART,time,1,1500,0.0,0.1639636922938155,0.11858918880701114
CART,time,1,1501,0.0,0.07747175934924856,0.08151398762251437
CART,time,1,1502,0.0,0.07812168796189645,0.07315702900693506
CART,time,1,1503,0.0,0.10404372928034208,0.09238657056038548
CART,time,1,1504,0.0,0.08939997002745922,0.06850591240376366
CART,time,1,1505,0.0,0.18261276903722637,0.19426965156411924
CART,time,1,1506,0.0,0.06120211527452193,0.08750498575310059
CART,time,1,1507,0.0,0.05502249053847317,0.08219112468409079
CART,time,1,1508,0.0,0.06013259837167169,0.0877657995413718
CART,time,1,1509,0.0,0.20765578361500492,0.173473627626812
CART,time,1,1510,0.0,0.11300902069461073,0.10414753425091522
CART,time,1,1511,0.0,0.12093825411179596,0.09990760751098847
CART,time,1,1512,0.0,0.09564116475907233,0.07156688526191997
CART,time,1,1513,0.0,0.11593964643710827,0.08866302283782082
CART,time,1,1514,0.0,0.0840041906220982,0.07470971891387362
CART,time,1,1515,1.0,0.07287040736878422,0.06701028034486982
CART,time,1,1516,0.0,0.10819897271010062,0.07199165142041285
CART,time,1,1517,0.0,0.08773379435170195,0.07009773189953598
CART,time,1,1518,0.0,0.08985833647624407,0.07093467273647683
CART,time,1,1519,0.0,0.08846250618054174,0.08475074242637405
CART,time,1,1520,0.0,0.1888022121331025,0.173432416310573
CART,time,1,1521,0.0,0.1906715759193075,0.14822376943896723
CART,time,1,1522,0.0,0.10961966773078967,0.10608501777792813
CART,time,1,1523,0.0,0.18529259688115313,0.19501828783301037
CART,time,1,1524,0.0,0.13251385947825828,0.11074486734032642
CART,time,1,1525,0.0,0.11564312081084445,0.10566071985363018
CART,time,1,1526,0.0,0.14186299479748177,0.16261846376901837
CART,time,1,1527,0.0,0.21871342333589344,0.2276975066833906
CART,time,1,1528,0.0,0.2549543592352877,0.23634443719370257
CART,time,1,1529,0.0,0.11388772898680274,0.09601194808566801
CART,time,1,1530,0.0,0.1140532301523039,0.09866606161381371
CART,time,1,1531,0.0,0.16292468556768838,0.17117211352892553
CART,time,1,1532,0.0,0.12016434126341499,0.10320648646673856
CART,time,1,1533,0.0,0.10961966773078967,0.10780915570896261
CART,time,1,1534,0.0,0.3212772010225072,0.3430976582642883
CART,time,1,1535,0.0,0.1442129278906888,0.1436766164902409
CART,time,1,1536,0.0,0.1135805670129741,0.11565352430333119
CART,time,1,1537,0.0,0.1707671888096924,0.14606561742701757
CART,time,1,1538,0.0,0.2023650029700489,0.18235038430527864
CART,time,1,1539,0.0,0.2737204613580493,0.2538786455354882
CART,time,1,1540,0.0,0.2267163892322167,0.17718821640722707
CART,time,1,1541,0.0,0.22653889529006382,0.16707565186459963
CART,time,1,1542,1.0,0.13251385947825828,0.108596431484994
CART,time,1,1543,0.0,0.16426035191200697,0.17379986963629898
CART,time,1,1544,0.0,0.2444917100252484,0.2145950101461115
CART,time,1,1545,0.0,0.22241706124781319,0.2084397071158084
CART,time,2,1546,1.0,0.22974318088982396,0.16487527647121986
CART,time,2,1547,0.0,0.11160599835111078,0.11960747380322476
CART,time,2,1548,0.0,0.14613989231392863,0.1257913070264599
CART,time,2,1549,0.0,0.16552387936832835,0.11920260728722634
CART,time,2,1550,0.0,0.17907602431131656,0.0932699692892168
CART,time,2,1551,0.0,0.22443477034571957,0.14199009871524393
CART,time,2,1552,0.0,0.10318894861537904,0.10478401238628242
CART,time,2,1553,0.0,0.2656630496598546,0.1842351640113761
CART,time,2,1554,0.0,0.04417615339234899,0.009885819639145534
CART,time,2,1555,0.0,0.1767947015543226,0.12453608819871194
CART,time,2,1556,0.0,0.0465370084613342,0.02236878697910668
CART,time,2,1557,0.0,0.09445704429753307,0.0550185416182687
CART,time,2,1558,0.0,0.13179571368971987,0.07203531424288445
CART,time,2,1559,0.0,0.023292358123835406,0.02585142753726877
CART,time,2,1560,0.0,0.020968230844465162,0.0206173059631869
CART,time,2,1561,0.0,0.05216971355566342,0.04109569278348298
CART,time,2,1562,1.0,0.018019740267740867,0.023785282657891108
CART,time,2,1563,0.0,0.19340104751539183,0.15440318082333568
CART,time,2,1564,0.0,0.05473111681799355,0.03909575133410479
CART,time,2,1565,0.0,0.2279044944915281,0.09170473843081568
CART,time,2,1566,0.0,0.17608858732742194,0.07265359007085699
CART,time,2,1567,0.0,0.058158451871994615,0.009737008188791309
CART,time,2,1568,0.0,0.04641740874621569,0.10790223500013058
CART,time,2,1569,0.0,0.041919070643205554,0.1228977283106311
CART,time,2,1570,0.0,0.02226263505411391,0.020477408196170492
CART,time,2,1571,0.0,0.016361312605471454,0.012188527701412695
CART,time,2,1572,0.0,0.023454225242224257,0.030239472610121502
CART,time,2,1573,0.0,0.27347932466730007,0.20049223904386265
CART,time,2,1574,0.0,0.2198510069055531,0.14384326662941638
CART,time,2,1575,0.0,0.24528668397322784,0.17841762342259015
CART,time,2,1576,0.0,0.03823257328484738,0.1047127846211744
CART,time,2,1577,0.0,0.03613697171421136,0.07991008424056947
CART,time,2,1578,0.0,0.041188888349496675,0.07139741006758402
CART,time,2,1579,0.0,0.03613697171421136,0.05646422610480397
CART,time,2,1580,0.0,0.017472266732317037,0.05893606200517927
CART,time,2,1581,0.0,0.025549921539530906,0.01873369402479602
CART,time,2,1582,0.0,0.027113264836745175,0.015232374004228345
CART,time,2,1583,0.0,0.011357096891253573,0.005617719026983159
CART,time,2,1584,0.0,0.12656506711666657,0.07181541882320469
CART,time,2,1585,0.0,0.011250195742771212,0.003593816486371206
CART,time,2,1586,0.0,0.006561005011355279,0.0036452498256643704
CART,time,2,1587,0.0,0.0037442783297734475,0.003627846963020109
CART,time,2,1588,0.0,0.009291654519029864,0.0030758592530217175
CART,time,2,1589,0.0,0.012058378530035213,0.005118243490026363
CART,time,2,1590,0.0,0.0581674630721519,0.020712039934434618
CART,time,2,1591,0.0,0.007411458034152797,0.003627846963020109
CART,time,2,1592,0.0,0.01392232519187419,0.05174963996732908
CART,time,2,1593,0.0,0.005569800169626489,0.0032722948636987417
CART,time,2,1594,0.0,0.025673738346610457,0.014808074996147957
CART,time,2,1595,0.0,0.004984071051442391,0.0021408528799210028
CART,time,2,1596,0.0,0.00935641102023011,0.0059740001985139676
CART,time,2,1597,0.0,0.03688195748078125,0.06436898689204601
CART,time,2,1598,0.0,0.004293883490721851,0.002534553667322578
CART,time,2,1599,0.0,0.004591914188697292,0.0017972102682371543
CART,time,2,1600,0.0,0.008109439932878427,0.00767556771193661
CART,time,2,1601,0.0,0.004591914188697292,0.0017972102682371543
CART,time,2,1602,0.0,0.04716660846118461,0.011046968405052269
CART,time,2,1603,0.0,0.005186497722733145,0.015297744805335016
CART,time,2,1604,0.0,0.003722089679292709,0.006683591857443309
CART,time,2,1605,1.0,0.03119951937362264,0.019618142291111283
CART,time,2,1606,0.0,0.2586893511244161,0.22206909693530635
CART,time,2,1607,0.0,0.2030388825302438,0.15518602264551024
CART,time,2,1608,0.0,0.2217021359997007,0.139741486048673
CART,time,2,1609,0.0,0.2526405842807669,0.15924605605193984
CART,time,2,1610,0.0,0.06933131060589054,0.02253300463478031
CART,time,2,1611,0.0,0.21764420097654716,0.1742181881411327
CART,time,2,1612,0.0,0.36719673782727724,0.29416251161162416
CART,time,2,1613,0.0,0.2517590530848963,0.1740755156765418
CART,time,2,1614,0.0,0.04956567525200105,0.11604081001414808
CART,time,2,1615,0.0,0.09461715130366856,0.09187310438615182
CART,time,2,1616,0.0,0.24751343213035612,0.15820702691286154
CART,time,2,1617,0.0,0.34995727475316085,0.22327636407856494
CART,time,2,1618,0.0,0.05370517707059653,0.0517957293353276
CART,time,2,1619,0.0,0.015514256401782313,0.014588162876078522
CART,time,2,1620,0.0,0.04315579903760927,0.0404622012095399
CART,time,2,1621,0.0,0.04783523982533658,0.017450816347638624
CART,time,2,1622,0.0,0.33284104607708687,0.20791337255851644
CART,time,2,1623,0.0,0.0865705875310633,0.04011253825702245
CART,time,2,1624,0.0,0.0733213185120161,0.05294694212592666
CART,time,2,1625,0.0,0.071249738272762,0.032925600366433785
CART,time,2,1626,0.0,0.04906844545552585,0.037295506992296314
CART,time,2,1627,0.0,0.017257512078680166,0.019930065657708353
CART,time,2,1628,1.0,0.2941496538849832,0.116247496194352
CART,time,2,1629,0.0,0.04060855033610812,0.02675155449773121
CART,time,2,1630,0.0,0.06167138418337976,0.029967553549052138
CART,time,2,1631,0.0,0.056473211587422495,0.03963536678428755
CART,time,2,1632,0.0,0.027350577814260858,0.019142566802364206
CART,time,2,1633,0.0,0.027350577814260858,0.011801296961094365
CART,time,2,1634,0.0,0.022164651352828316,0.015511182510457895
CART,time,2,1635,0.0,0.029525041532828915,0.012994327052325162
CART,time,2,1636,0.0,0.03195397401930616,0.011813284492865095
CART,time,2,1637,0.0,0.12401605474966715,0.10121885020418274
CART,time,2,1638,0.0,0.021566450534039265,0.013955865513863625
CART,time,2,1639,0.0,0.049379971935276636,0.037295506992296314
CART,time,2,1640,0.0,0.043272351548699316,0.13870294246401957
CART,time,2,1641,0.0,0.0422187727700861,0.10895532005149802
CART,time,2,1642,0.0,0.026517244480927526,0.019994878741632662
CART,time,2,1643,0.0,0.023687912698967268,0.016032568442860565
CART,time,2,1644,0.0,0.15183284777043743,0.13080891638775788
CART,time,2,1645,0.0,0.016456746102493987,0.021528201886032782
CART,time,2,1646,0.0,0.03803935203431595,0.04426771070359072
CART,time,2,1647,0.0,0.06854908176363161,0.12164356060692699
CART,time,2,1648,0.0,0.1267759017675078,0.12146067638567314
CART,time,2,1649,0.0,0.024788655144535206,0.018816076650621818
CART,time,2,1650,0.0,0.177832935018614,0.09646620463577625
CART,time,2,1651,0.0,0.030754000828228996,0.03031489658529524
CART,time,2,1652,0.0,0.04137695887192279,0.04536677724981174
CART,time,2,1653,0.0,0.07312065947532995,0.11082826318589474
CART,time,2,1654,0.0,0.12117961850680194,0.09772179604686396
CART,time,2,1655,0.0,0.18533492036469204,0.13066603309015942
CART,time,2,1656,0.0,0.03695647035212965,0.06583193500594764
CART,time,2,1657,0.0,0.014517204883117751,0.012450610263843294
CART,time,2,1658,0.0,0.011076723661668524,0.011030539339102237
CART,time,2,1659,0.0,0.01731646560402465,0.02644335664239842
CART,time,2,1660,0.0,0.012926773103899291,0.018608680481771094
CART,time,2,1661,0.0,0.04101741189737987,0.03285315688935808
CART,time,2,1662,1.0,0.004465060244372992,0.022812399532915525
CART,time,2,1663,0.0,0.13729255049957037,0.06744638123277286
CART,time,2,1664,0.0,0.031562733403179985,0.02720126712143604
CART,time,2,1665,0.0,0.01961326469753055,0.014345524453923519
CART,time,2,1666,1.0,0.12505210553466173,0.1137401897302748
CART,time,2,1667,0.0,0.1591266676420998,0.06967763435266604
CART,time,2,1668,0.0,0.018446480554510532,0.015847035998484586
CART,time,2,1669,0.0,0.029990646234979376,0.014250773346967331
CART,time,2,1670,0.0,0.03430016136652099,0.028063050287561484
CART,time,2,1671,0.0,0.024178976495572015,0.019041702297401472
CART,time,2,1672,0.0,0.03457754580373697,0.015142622025970453
CART,time,2,1673,0.0,0.03714009635938064,0.06715291144259093
CART,time,2,1674,0.0,0.02147720269038492,0.006873642628332247
CART,time,2,1675,0.0,0.02388579386401755,0.01802174088877952
CART,time,2,1676,0.0,0.05841092169874629,0.03920734653776584
CART,time,2,1677,0.0,0.1069132487800401,0.055098711918140156
CART,time,2,1678,0.0,0.011472182176777654,0.014869029954225121
CART,time,2,1679,0.0,0.011789522506128712,0.016837301608725652
CART,time,2,1680,1.0,0.11590346106317925,0.05883882909127544
CART,time,2,1681,0.0,0.26504096929596016,0.19936992598825737
CART,time,2,1682,0.0,0.08633194918729276,0.0562530040292563
CART,time,2,1683,0.0,0.011064884824969291,0.014089807874389813
CART,time,2,1684,1.0,0.028573412674888672,0.016334106680300664
CART,time,2,1685,0.0,0.1832309253785799,0.15794487057468945
CART,time,2,1686,0.0,0.1459805336212387,0.12952761074190433
CART,time,2,1687,0.0,0.11697460303519978,0.09063523587104075
CART,time,2,1688,0.0,0.018600688989977285,0.018765985835091946
CART,time,2,1689,0.0,0.07094121757188245,0.01739367024177659
CART,time,2,1690,0.0,0.07933508425622365,0.022677774125891687
CART,time,2,1691,0.0,0.05862043531056601,0.020378298470036003
CART,time,2,1692,0.0,0.10135774678438887,0.053578037796670225
CART,time,2,1693,0.0,0.05929807241059214,0.014879240227346569
CART,time,2,1694,1.0,0.02687432650645275,0.013963780286925017
CART,time,2,1695,0.0,0.2437142370104111,0.18731158251264513
CART,time,2,1696,1.0,0.01589393440128143,0.008565493917300996
CART,time,2,1697,0.0,0.1235257353854785,0.09124292198472865
CART,time,2,1698,0.0,0.033783895010086176,0.015142622025970453
CART,time,2,1699,0.0,0.2329324023283016,0.22480048367056374
CART,time,2,1700,0.0,0.01035261317544312,0.015378978290328403
CART,time,2,1701,0.0,0.011077714396425119,0.017534096851352828
CART,time,2,1702,0.0,0.0176820836856258,0.020737254831947088
CART,time,2,1703,0.0,0.010265294689804413,0.01201544579531001
CART,time,2,1704,0.0,0.03692789639441361,0.02491916711549035
CART,time,2,1705,0.0,0.09249819477272564,0.05907930815371774
CART,time,2,1706,0.0,0.008557226687699487,0.00888002027228441
CART,time,2,1707,0.0,0.022011397771491407,0.02380498406527344
CART,time,2,1708,0.0,0.11214195062490911,0.09467449693856976
CART,time,2,1709,0.0,0.006432866373684,0.018430706836269926
CART,time,2,1710,0.0,0.07607319244017771,0.041433832552325106
CART,time,2,1711,0.0,0.011186483609352644,0.007401936132458242
CART,time,2,1712,0.0,0.15490542902791868,0.10499440530589244
CART,time,2,1713,0.0,0.04354961396881887,0.13027734303724253
CART,time,2,1714,0.0,0.03631661754075245,0.1305500088783649
CART,time,2,1715,0.0,0.08417114460964656,0.039084136023776875
CART,time,2,1716,0.0,0.053510403338696534,0.0409722347475437
CART,time,2,1717,1.0,0.13552189562520175,0.13531096386475838
CART,time,2,1718,0.0,0.10720687682306274,0.067038562579355
CART,time,2,1719,0.0,0.03601811934969398,0.041566251967910105
CART,time,2,1720,0.0,0.03414205602033868,0.021569850649278906
CART,time,2,1721,0.0,0.08848051052073733,0.06469004790303037
CART,time,2,1722,0.0,0.029546861873191343,0.02859659510872168
CART,time,2,1723,0.0,0.018010555852521457,0.011553796231975954
CART,time,2,1724,0.0,0.05674574615532292,0.051151187675609965
CART,time,2,1725,1.0,0.12068655740027719,0.06512120174740745
CART,time,2,1726,0.0,0.049058775078019444,0.04707906288411277
CART,time,2,1727,0.0,0.019078413888209755,0.009051521327886027
CART,time,2,1728,0.0,0.016603818180999264,0.008726149633105603
CART,time,2,1729,0.0,0.04005621540724584,0.06248907989037486
CART,time,2,1730,0.0,0.020332080825887833,0.0249674187295453
CART,time,2,1731,1.0,0.02040973538562719,0.017637927295786886
CART,time,2,1732,0.0,0.12133700699110056,0.10272940418597556
CART,time,2,1733,1.0,0.01927799892475131,0.009943348318445887
CART,time,2,1734,0.0,0.09751488475099265,0.09529276785327497
CART,time,2,1735,0.0,0.06639651413113924,0.06677728060764916
CART,time,2,1736,0.0,0.02959201897030163,0.04923031815020596
CART,time,2,1737,0.0,0.023987453192914267,0.047047309894637776
CART,time,2,1738,0.0,0.04948890364387124,0.027108267570833018
CART,time,2,1739,0.0,0.051857481465518857,0.044123653258724756
CART,time,2,1740,0.0,0.13539728638095064,0.10819030739525799
CART,time,2,1741,0.0,0.016850436194252534,0.012470939666280519
CART,time,2,1742,0.0,0.18930012730671988,0.05881500723738499
CART,time,2,1743,0.0,0.03155962123783008,0.09968210597733355
CART,time,2,1744,0.0,0.014347280919493962,0.00942506114080452
CART,time,2,1745,0.0,0.0155470753155232,0.01434267865645985
CART,time,2,1746,0.0,0.013861875590655569,0.006424487071538258
CART,time,2,1747,0.0,0.042729748252583785,0.009756338181779694
CART,time,2,1748,0.0,0.010054238525032587,0.006180626517898307
CART,time,2,1749,0.0,0.06978141215437576,0.015382381220866211
CART,time,2,1750,0.0,0.013744466505489371,0.005643111540541294
CART,time,2,1751,0.0,0.006086812783651144,0.0039665521320231215
CART,time,2,1752,0.0,0.005569800169626489,0.0034831722947254264
CART,time,2,1753,0.0,0.008722953322779642,0.002460199434957664
CART,time,2,1754,0.0,0.0012382033914599868,0.0019415104125372986
CART,time,2,1755,1.0,0.006055115716160194,0.003211805870293437
CART,time,2,1756,0.0,0.12087833982986676,0.09243223089947016
CART,time,2,1757,0.0,0.02320460254414132,0.015064485252558213
CART,time,2,1758,0.0,0.008983523160818914,0.005647674459227592
CART,time,2,1759,0.0,0.0012382033914599868,0.0017972102682371543
CART,time,2,1760,0.0,0.03154066723659073,0.035068640546480435
CART,time,2,1761,0.0,0.029862510933722428,0.030800848765166887
CART,time,2,1762,0.0,0.053040374312356635,0.12464688054213702
CART,time,2,1763,0.0,0.02859981851587806,0.023385359855305574
CART,time,2,1764,0.0,0.0396543952945723,0.036268162865868876
CART,time,2,1765,0.0,0.041482277699287515,0.12403128803404898
CART,time,2,1766,0.0,0.11998697325903969,0.09085905864082115
CART,time,2,1767,0.0,0.045792640117977644,0.03943649218516036
CART,time,2,1768,0.0,0.0460106479166306,0.03943649218516036
CART,time,2,1769,0.0,0.045792640117977644,0.03943649218516036
CART,time,2,1770,0.0,0.028951208365203374,0.03036526699695303
CART,time,2,1771,0.0,0.05138530600502771,0.04327201446848492
CART,time,2,1772,0.0,0.029703262175068197,0.02466043078838548
CART,time,2,1773,0.0,0.02856285623240237,0.02466043078838548
CART,time,2,1774,0.0,0.02928749391356179,0.02622293078838548
CART,time,2,1775,0.0,0.1443118057852698,0.1325993029164875
CART,time,2,1776,0.0,0.05463612029537117,0.019591680134000596
CART,time,2,1777,0.0,0.020446348402939008,0.01057586580737726
CART,time,2,1778,0.0,0.02447219481610587,0.020085822273529695
CART,time,2,1779,1.0,0.16929507426478094,0.1180382180432312
CART,time,2,1780,0.0,0.06849996295500532,0.07118703730170924
CART,time,2,1781,0.0,0.11154790914675972,0.056712096933024855
CART,time,2,1782,0.0,0.022983703313418213,0.013754172645665514
CART,time,2,1783,0.0,0.04302520512790853,0.0351872846963047
CART,time,2,1784,0.0,0.10190741921374283,0.0571605223267762
CART,time,2,1785,0.0,0.021219295262842386,0.01057586580737726
CART,time,2,1786,0.0,0.09665542769134997,0.14025138909182952
CART,time,2,1787,0.0,0.02509392096782524,0.015291117419346894
CART,time,2,1788,0.0,0.07649674230551516,0.04415646096597772
CART,time,2,1789,0.0,0.06693921070321678,0.08989959130707685
CART,time,2,1790,0.0,0.20702516045139427,0.1495699771157387
CART,time,2,1791,0.0,0.05593847313701271,0.10439383039101312
CART,time,2,1792,0.0,0.05214303232898212,0.10714097221599508
CART,time,2,1793,0.0,0.11727021009317319,0.0985794857044673
CART,time,2,1794,0.0,0.02964526539022527,0.024734434739918775
CART,time,2,1795,0.0,0.02569035796795001,0.01718211306898382
CART,time,2,1796,0.0,0.1534970234556636,0.1305802245974419
CART,time,2,1797,0.0,0.027975001337851874,0.03376189112670252
CART,time,2,1798,0.0,0.05291606969706995,0.03909575133410479
CART,time,2,1799,0.0,0.10371292395883093,0.0339337501178689
CART,time,2,1800,0.0,0.06063287376053488,0.059014796760312106
CART,time,2,1801,0.0,0.1302689420084171,0.07128113368641925
CART,time,2,1802,0.0,0.05473111681799355,0.04535677426179439
CART,time,2,1803,0.0,0.01963856428431217,0.013608341660369479
CART,time,2,1804,0.0,0.13847248498556472,0.08940818954510663
CART,time,2,1805,0.0,0.02687432650645275,0.012499786026320587
CART,time,2,1806,0.0,0.06943823331295217,0.03509662647267273
CART,time,2,1807,0.0,0.02485076582800077,0.014492880816025545
CART,time,2,1808,0.0,0.10472294053411649,0.06931287971540535
CART,time,2,1809,0.0,0.0506618311457574,0.018790997935509035
CART,time,2,1810,0.0,0.08793681758844163,0.04182028272499112
CART,time,2,1811,0.0,0.051759895273135105,0.05880693978084909
CART,time,2,1812,0.0,0.018193072344148034,0.012493251067219008
CART,time,2,1813,0.0,0.038403024260490325,0.023349488082272538
CART,time,2,1814,0.0,0.03613697171421136,0.08004667476484716
CART,time,2,1815,0.0,0.034689537689598926,0.0779116025525438
CART,time,2,1816,0.0,0.020172193594631644,0.006353516928536334
CART,time,2,1817,0.0,0.08707961750884455,0.05984029922325395
CART,time,2,1818,0.0,0.007358580865927889,0.008888988082594427
CART,time,2,1819,1.0,0.1926722874159535,0.1511775699870401
CART,time,2,1820,0.0,0.14214201427519113,0.07232437412251454
CART,time,2,1821,0.0,0.0048277143964251205,0.017028500143240085
CART,time,2,1822,0.0,0.11740838319661359,0.08822978834113211
CART,time,2,1823,0.0,0.020799936618647343,0.014978612205154656
CART,time,2,1824,0.0,0.03667121081812539,0.021863316849496706
CART,time,2,1825,0.0,0.0049003035682730735,0.023496342297952402
CART,time,2,1826,0.0,0.004253001752746959,0.01910306585587938
CART,time,2,1827,0.0,0.011579560918191983,0.01752539060345586
CART,time,2,1828,0.0,0.06945167398343971,0.047797007710327445
CART,time,2,1829,1.0,0.04731439895080915,0.06649580563422494
CART,time,2,1830,0.0,0.260149699357993,0.19280555386297357
CART,time,2,1831,0.0,0.018143245138243204,0.015409107635650088
CART,time,2,1832,1.0,0.012232802226961069,0.020233008399402164
CART,time,2,1833,0.0,0.12499892336434686,0.06907047653447379
CART,time,2,1834,0.0,0.07798494502167329,0.05978889031099311
CART,time,2,1835,0.0,0.05552304918357735,0.02702396844348189
CART,time,2,1836,0.0,0.020659756573447652,0.010291002176186503
CART,time,2,1837,0.0,0.1033597267508234,0.09804213483379015
CART,time,2,1838,0.0,0.0575410861983814,0.106486900445393
CART,time,2,1839,0.0,0.17188102151047335,0.09857811826750096
CART,time,2,1840,0.0,0.01871240384200318,0.013636503991369292
CART,time,2,1841,0.0,0.02196637209597144,0.01590610180273311
CART,time,2,1842,0.0,0.023633038762638104,0.025468067614698917
CART,time,2,1843,0.0,0.024467132710280334,0.03014950304756213
CART,time,2,1844,0.0,0.026713817249285142,0.0292545688445352
CART,time,2,1845,0.0,0.029554074672504205,0.032393096983063335
CART,time,2,1846,0.0,0.027521742373536655,0.0276920688445352
CART,time,2,1847,0.0,0.04818329387630846,0.04054505331823317
CART,time,2,1848,0.0,0.025456421118328916,0.028449644602110958
CART,time,2,1849,0.0,0.028829436991344784,0.03101595267215037
CART,time,2,1850,0.0,0.028881336430870822,0.0276920688445352
CART,time,2,1851,0.0,0.028829436991344784,0.03101595267215037
CART,time,2,1852,0.0,0.027521742373536655,0.0276920688445352
CART,time,2,1853,0.0,0.045932165872492284,0.04246813024131009
CART,time,2,1854,0.0,0.05341928131824772,0.04649523391820744
CART,time,2,1855,0.0,0.045932165872492284,0.04246813024131009
CART,time,2,1856,0.0,0.07676599380709057,0.06445874857796935
CART,time,2,1857,0.0,0.005781069000514829,0.005639113142545854
CART,time,2,1858,0.0,0.05269271467962618,0.025872427436509613
CART,time,2,1859,0.0,0.0056859834028207806,0.004830953378201689
CART,time,2,1860,0.0,0.02048404209463588,0.06482768878235305
CART,time,2,1861,0.0,0.021548010081753274,0.009048224068386705
CART,time,2,1862,0.0,0.06494528002792986,0.054535740138447884
CART,time,2,1863,0.0,0.02231106298965863,0.018214216634172952
CART,time,2,1864,0.0,0.02299659230256946,0.008791813811976449
CART,time,2,1865,0.0,0.005340817428187785,0.004437252590800115
CART,time,2,1866,0.0,0.020625639500582174,0.016362364782321098
CART,time,2,1867,0.0,0.02175717760811342,0.014306268210920183
CART,time,2,1868,0.0,0.024518173898521477,0.017233628459060832
CART,time,2,1869,0.0,0.011053746386078521,0.014869444698379442
CART,time,2,1870,0.0,0.044947182766321946,0.06026661175389976
CART,time,2,1871,0.0,0.010418790009903771,0.013183013074447822
CART,time,2,1872,0.0,0.014029566741765049,0.016123300275328014
CART,time,2,1873,0.0,0.07559264830677864,0.05252020795389818
CART,time,2,1874,0.0,0.20972632018070564,0.16271320897635627
CART,time,2,1875,0.0,0.1354136588463965,0.07468882184193473
CART,time,2,1876,0.0,0.010621983363799407,0.008963454716514533
CART,time,2,1877,0.0,0.00735721710711809,0.026412042392868214
CART,time,2,1878,0.0,0.00735721710711809,0.025411743664058177
CART,time,2,1879,0.0,0.09663698156374824,0.041525866735471664
CART,time,2,1880,0.0,0.004153533764622213,0.024653348252913192
CART,time,2,1881,0.0,0.06281309162539918,0.026975099488454248
CART,time,2,1882,0.0,0.023916833045917074,0.020137961938479332
CART,time,2,1883,0.0,0.05802236193262716,0.06421292113866045
CART,time,2,1884,0.0,0.015584819080910785,0.014187142218769417
CART,time,2,1885,0.0,0.06218902859929383,0.06541774041576888
CART,time,2,1886,0.0,0.10522229104336844,0.11128676652702746
CART,time,2,1887,0.0,0.02019508376833684,0.019278673175432227
CART,time,2,1888,0.0,0.037509884260299754,0.07921723480321924
CART,time,2,1889,0.0,0.05618966197239776,0.05256869370415106
CART,time,2,1890,0.0,0.027535959126894848,0.0723012012210718
CART,time,2,1891,0.0,0.014102051893852515,0.026134350839139054
CART,time,2,1892,0.0,0.024559021982841527,0.021625070556681256
CART,time,2,1893,0.0,0.030749908876802328,0.016910180756969324
CART,time,2,1894,0.0,0.01892208578461142,0.014316718807969664
CART,time,2,1895,0.0,0.013990741586092073,0.023058196980084166
CART,time,2,1896,0.0,0.01002759514811219,0.0049160774198063854
CART,time,2,1897,0.0,0.014947240436093415,0.02500628278215187
CART,time,2,1898,0.0,0.03223639536328881,0.013777650636487398
CART,time,2,1899,0.0,0.058821444525664894,0.036822853592336585
CART,time,2,1900,0.0,0.017721346983470856,0.008890193565315063
CART,time,2,1901,0.0,0.07815276232469405,0.04090806489342454
CART,time,2,1902,0.0,0.08248616531657725,0.03959640605310007
CART,time,2,1903,0.0,0.015596986669455368,0.016440319037441097
CART,time,2,1904,0.0,0.005658908279425318,0.0028958753996043644
CART,time,2,1905,0.0,0.0014017266279767527,0.0022748437458706317
CART,time,2,1906,0.0,0.029157160666407056,0.01878714731265074
CART,time,2,1907,0.0,0.0014017266279767527,0.0017972102682371543
CART,time,2,1908,0.0,0.0012382033914599868,0.0017972102682371543
CART,time,2,1909,0.0,0.0012382033914599868,0.0017972102682371543
CART,time,2,1910,0.0,0.02937516846506002,0.01878714731265074
CART,time,2,1911,0.0,0.03322518303108624,0.027093898997807654
CART,time,2,1912,0.0,0.015813301006459363,0.013834488428050863
CART,time,2,1913,0.0,0.039839260378102086,0.010439840790882398
CART,time,2,1914,0.0,0.0014017266279767527,0.0017972102682371543
CART,time,2,1915,0.0,0.021385976152494015,0.005973400215657875
CART,time,2,1916,0.0,0.007877599473809458,0.004614122802236675
CART,time,2,1917,0.0,0.08661457568687397,0.04713058407011454
CART,time,2,1918,0.0,0.005129548597299443,0.0019825659573241864
CART,time,2,1919,0.0,0.028863925066350708,0.01215106936294472
CART,time,2,1920,0.0,0.013633235391391607,0.004614122802236675
CART,time,2,1921,0.0,0.011073387319648591,0.005272499117187931
CART,time,2,1922,0.0,0.009092750124762346,0.002534553667322578
CART,time,2,1923,0.0,0.019464887163749944,0.0579340342405613
CART,time,2,1924,0.0,0.02021291806544265,0.01125900403325766
CART,time,2,1925,0.0,0.012222812607004913,0.003605832450521264
CART,time,2,1926,0.0,0.012222812607004913,0.003605832450521264
CART,time,2,1927,0.0,0.01875985148348987,0.005344591340242313
CART,time,2,1928,0.0,0.005938338676411317,0.0032576368904040894
CART,time,2,1929,0.0,0.022324409126733093,0.005760175755826727
CART,time,2,1930,0.0,0.09846687203961205,0.06455465155793493
CART,time,2,1931,0.0,0.004522552910749265,0.0021411291378746803
CART,time,2,1932,0.0,0.01842762285961159,0.007683252678903651
CART,time,2,1933,0.0,0.024316486554881677,0.01413879817584139
CART,time,2,1934,0.0,0.04318626585051087,0.01235295142518178
CART,time,2,1935,0.0,0.04897170365294423,0.019089205910766995
CART,time,2,1936,0.0,0.022542493572583575,0.007683252678903651
CART,time,2,1937,0.0,0.006378590248738362,0.004088786063975765
CART,time,2,1938,0.0,0.005938338676411317,0.0032576368904040894
CART,time,2,1939,0.0,0.022726795457484242,0.010907974105525702
CART,time,2,1940,0.0,0.03435598639129818,0.012655829794612734
CART,time,2,1941,0.0,0.0327874119746225,0.012470474105525703
CART,time,2,1942,0.0,0.08687327198790147,0.050606846068534744
CART,time,2,1943,0.0,0.007363924319524409,0.015117654126679822
CART,time,2,1944,0.0,0.00793768739082538,0.003247538679346392
CART,time,2,1945,0.0,0.007923570508515368,0.006218078105881466
CART,time,2,1946,1.0,0.04437501935502729,0.015255225788792206
CART,time,2,1947,0.0,0.10499516969203689,0.06858487096190527
CART,time,2,1948,0.0,0.048588141666454907,0.04415980930481597
CART,time,2,1949,0.0,0.015365908460062423,0.010882193636162893
CART,time,2,1950,0.0,0.028505112741258824,0.013129469227853133
CART,time,2,1951,0.0,0.10217694689680555,0.07082682475969217
CART,time,2,1952,0.0,0.03674299840015695,0.08245352973843098
CART,time,2,1953,0.0,0.024723116224223764,0.030190357997219
CART,time,2,1954,0.0,0.02176660118972473,0.008808440013323203
CART,time,2,1955,0.0,0.02482026315204151,0.012769270809807406
CART,time,2,1956,1.0,0.013981693596371383,0.01362662441454006
CART,time,2,1957,0.0,0.11384785206141901,0.08764314051274308
CART,time,2,1958,0.0,0.016265913888209756,0.010713815313047655
CART,time,2,1959,0.0,0.016613639655427417,0.012281293672786542
CART,time,2,1960,0.0,0.18796627071528987,0.12244336708905089
CART,time,2,1961,0.0,0.20263743590601688,0.1862368115208884
CART,time,2,1962,0.0,0.019828455862158686,0.00961844677630637
CART,time,2,1963,0.0,0.022447811197768616,0.01769185332955263
CART,time,2,1964,0.0,0.03145577845782938,0.024549316795448244
CART,time,2,1965,0.0,0.040708129986398424,0.01652212624507429
CART,time,2,1966,0.0,0.1059781166571839,0.11366919647343704
CART,time,2,1967,0.0,0.07229843280156928,0.14073031363082653
CART,time,2,1968,0.0,0.0630536485173276,0.02557426123561819
CART,time,2,1969,0.0,0.01640458870892167,0.009261295674248647
CART,time,2,1970,0.0,0.017859018265467645,0.01769185332955263
CART,time,2,1971,0.0,0.04484741886952803,0.04779383501736398
CART,time,2,1972,0.0,0.09216082173495944,0.09922439627770287
CART,time,2,1973,0.0,0.06943858431672081,0.12241445087594603
CART,time,2,1974,0.0,0.1488313243177049,0.12763948162417674
CART,time,2,1975,0.0,0.022451486255819216,0.008519432185517064
CART,time,2,1976,0.0,0.048221251990753146,0.023126460223833755
CART,time,2,1977,0.0,0.14171944893855792,0.13814559457614556
CART,time,2,1978,1.0,0.03996614303283749,0.05956947586264679
CART,time,2,1979,0.0,0.10461313052605085,0.049182933735981184
CART,time,2,1980,0.0,0.04750355956687467,0.06435453433147366
CART,time,2,1981,0.0,0.01984259612629545,0.021425097168244277
CART,time,2,1982,0.0,0.04572478097094232,0.06593440083072065
CART,time,2,1983,0.0,0.012241786119704267,0.015286461751688235
CART,time,2,1984,0.0,0.019095186084850994,0.012308361656064724
CART,time,2,1985,0.0,0.0780797907385746,0.03641048120335952
CART,time,2,1986,0.0,0.0343704924426271,0.03168368659492045
CART,time,2,1987,0.0,0.07387867712991808,0.08942782360316655
CART,time,2,1988,0.0,0.017680411742966678,0.009515731061891353
CART,time,2,1989,0.0,0.01988829500439982,0.010359163193708366
CART,time,2,1990,0.0,0.05776757163847265,0.02391185295324818
CART,time,2,1991,0.0,0.14300140442432888,0.09975529104743797
CART,time,2,1992,0.0,0.1354509717973011,0.10130490319391079
CART,time,2,1993,0.0,0.08699075148402893,0.031104415088875334
CART,time,2,1994,0.0,0.016062427635054184,0.013204344328363187
CART,time,2,1995,1.0,0.1312790287580933,0.08966679589388453
CART,time,2,1996,0.0,0.09661450414219731,0.08985641374264773
CART,time,2,1997,0.0,0.0224840170245728,0.01637431475750239
CART,time,2,1998,0.0,0.027100796188733064,0.017491761796472483
CART,time,2,1999,0.0,0.06205073243143677,0.025274843074890672
CART,time,2,2000,0.0,0.025577375603594084,0.013431344403931391
CART,time,2,2001,0.0,0.02916345270862243,0.01435163787817244
CART,time,2,2002,0.0,0.057619225031844974,0.05879061611951006
CART,time,2,2003,0.0,0.025057993660708138,0.010554763791443277
CART,time,2,2004,0.0,0.024612003934573145,0.00781999741956344
CART,time,2,2005,0.0,0.08097468326875533,0.12392329177625849
CART,time,2,2006,0.0,0.09078167205298841,0.13203229941615968
CART,time,2,2007,0.0,0.017969865771634865,0.009323735953552492
CART,time,2,2008,0.0,0.024160544616406023,0.013585720856936639
CART,time,2,2009,0.0,0.04093613569529489,0.03769262001842273
CART,time,2,2010,0.0,0.07109552199187791,0.043781268565018745
CART,time,2,2011,0.0,0.037416020166030406,0.018866052459057
CART,time,2,2012,0.0,0.01959778117040772,0.01624078157532675
CART,time,2,2013,0.0,0.06295243047270946,0.024882865980875694
CART,time,2,2014,0.0,0.24417678731155343,0.15790094008570693
CART,time,2,2015,0.0,0.07004368190891125,0.04183104932298898
CART,time,2,2016,0.0,0.02095592932882909,0.021091023245464316
CART,time,2,2017,0.0,0.15062398827296025,0.09201212180468046
CART,time,2,2018,0.0,0.06873078877539385,0.12117274172429573
CART,time,2,2019,0.0,0.02312765484246742,0.01047507990150661
CART,time,2,2020,0.0,0.06214132314177618,0.04770245445400923
CART,time,2,2021,0.0,0.0792666836694275,0.10374054492009561
CART,time,2,2022,0.0,0.0239006017023708,0.024679394105820807
CART,time,2,2023,0.0,0.020623412769160653,0.00978051780682697
CART,time,2,2024,0.0,0.008846621044958826,0.010071894887454701
CART,time,2,2025,0.0,0.013926276260419031,0.013028807930086657
CART,time,2,2026,0.0,0.019437188958831727,0.017132343283622013
CART,time,2,2027,0.0,0.11312188715350256,0.05806740464360805
CART,time,2,2028,0.0,0.012177344795543403,0.01465716554744546
CART,time,2,2029,0.0,0.04433273572432353,0.020637370060562144
CART,time,2,2030,0.0,0.010621983363799407,0.008463979179557735
CART,time,2,2031,0.0,0.03985759334726013,0.09928762707899967
CART,time,2,2032,0.0,0.027009866287534004,0.04260859790036597
CART,time,2,2033,0.0,0.005748197344407327,0.005035535730633024
CART,time,2,2034,0.0,0.060823520685459674,0.05417815309593708
CART,time,2,2035,0.0,0.03688963724083338,0.01599114185073615
CART,time,2,2036,0.0,0.006923337542027809,0.007152642617237801
CART,time,2,2037,0.0,0.006887415462564838,0.008226111317429107
CART,time,2,2038,0.0,0.06356091994156261,0.022913315072251472
CART,time,2,2039,1.0,0.010539035288936273,0.02808963987665892
CART,time,2,2040,0.0,0.1425235316970734,0.09339369075714682
CART,time,2,2041,0.0,0.0767549469714434,0.02938494120143916
CART,time,2,2042,0.0,0.00735721710711809,0.02082147590712375
CART,time,2,2043,0.0,0.011354279182228632,0.015279178035511392
CART,time,2,2044,0.0,0.11830286210602878,0.07267731411667094
CART,time,2,2045,0.0,0.025981009291127802,0.025119466107981568
CART,time,2,2046,0.0,0.00599762304978392,0.015604970793879503
CART,time,2,2047,0.0,0.012399391886006682,0.00809433521067174
CART,time,2,2048,0.0,0.022238472500963728,0.01642338021827636
CART,time,2,2049,0.0,0.05701504438528018,0.03371965889453547
CART,time,2,2050,0.0,0.021452303029484112,0.010288459411688064
CART,time,2,2051,0.0,0.03517321127202218,0.040447024163391986
CART,time,2,2052,0.0,0.016603818180999264,0.008726149633105603
CART,time,2,2053,0.0,0.013847589735115648,0.015086941874857518
CART,time,2,2054,0.0,0.020578756664022688,0.021392755941850455
CART,time,2,2055,0.0,0.01707222741627507,0.012197952673589961
CART,time,2,2056,0.0,0.06531706020570584,0.040082951611611385
CART,time,2,2057,0.0,0.027560758085841734,0.01695129596342254
CART,time,2,2058,0.0,0.1541334698289046,0.12838607336319371
CART,time,2,2059,0.0,0.020564112280317237,0.018528359117243837
CART,time,2,2060,0.0,0.024076402052293857,0.016895172899186336
CART,time,2,2061,0.0,0.057079262010089504,0.0539479923332168
CART,time,3,2062,0.0,0.015174416050999688,0.039451560618614434
CART,time,3,2063,0.0,0.07041352034913356,0.07618851811198835
CART,time,3,2064,0.0,0.048552728292687086,0.02822667667409633
CART,time,3,2065,0.0,0.01284996356879129,0.04747817134599696
CART,time,3,2066,0.0,0.01830946483715379,0.05701498879041177
CART,time,3,2067,0.0,0.018116370525212224,0.04766659503564607
CART,time,3,2068,0.0,0.10110568192905654,0.13346586024680518
CART,time,3,2069,0.0,0.02158667743065823,0.053016065041690645
CART,time,3,2070,0.0,0.012814126613554699,0.04731195736423917
CART,time,3,2071,0.0,0.008772813315713565,0.030608850039945533
CART,time,3,2072,0.0,0.020556201545137855,0.034662795531767
CART,time,3,2073,0.0,0.013733121370676282,0.06607869303867066
CART,time,3,2074,0.0,0.010363530041762851,0.036534354787848014
CART,time,3,2075,0.0,0.06323295933292448,0.034761166512365625
CART,time,3,2076,0.0,0.010427249072563876,0.01071760126703323
CART,time,3,2077,0.0,0.007059576370901393,0.0074311557068135825
CART,time,3,2078,0.0,0.003937010035324694,0.006792443581477682
CART,time,3,2079,0.0,0.0018983355974698988,0.004785920263649201
CART,time,3,2080,0.0,0.004725106650400088,0.008230767367269517
CART,time,3,2081,0.0,0.0023348125045727424,0.007180342710227211
CART,time,3,2082,0.0,0.008909772964872982,0.024238731826879144
CART,time,3,2083,0.0,0.0017412753244285925,0.00502158069034159
CART,time,3,2084,0.0,0.002026540725675027,0.005878375342250376
CART,time,3,2085,0.0,0.0025897603450719133,0.012298285692894614
CART,time,3,2086,0.0,0.007386141375175875,0.020629497592644912
CART,time,3,2087,0.0,0.002026540725675027,0.005878375342250376
CART,time,3,2088,0.0,0.0026499791563730575,0.008230767367269517
CART,time,3,2089,0.0,0.013749749346713606,0.01446979294951328
CART,time,3,2090,0.0,0.009425525266719224,0.01755042013856745
CART,time,3,2091,0.0,0.008197428853130021,0.016496012121055927
CART,time,3,2092,0.0,0.008197428853130021,0.020629497592644912
CART,time,3,2093,0.0,0.0025426834865162093,0.009295200473261435
CART,time,3,2094,0.0,0.012567332349143876,0.015306219489475387
CART,time,3,2095,0.0,0.0023348125045727424,0.009507512120296966
CART,time,3,2096,0.0,0.0023348125045727424,0.005847009376893878
CART,time,3,2097,0.0,0.0023348125045727424,0.0063678427102272115
CART,time,3,2098,0.0,0.0023348125045727424,0.008230767367269517
CART,time,3,2099,0.0,0.0024630176327778705,0.006274359804244306
CART,time,3,2100,0.0,0.01774823371852677,0.01237905081700984
CART,time,3,2101,0.0,0.0023348125045727424,0.005847009376893878
CART,time,3,2102,0.0,0.0023348125045727424,0.009564100700602846
CART,time,3,2103,0.0,0.0308170553903207,0.029560102704615766
CART,time,3,2104,0.0,0.00851826742552644,0.005061095622836693
CART,time,3,2105,0.0,0.0030150846134162795,0.008230767367269517
CART,time,3,2106,0.0,0.01220210067536816,0.030392318092891415
CART,time,3,2107,0.0,0.0023348125045727424,0.0063678427102272115
CART,time,3,2108,0.0,0.0018680180367226355,0.00424920364585179
CART,time,3,2109,0.0,0.0018983355974698988,0.0071664432643768075
CART,time,3,2110,0.0,0.016417381792224496,0.01623693359276165
CART,time,3,2111,0.0,0.0018983355974698988,0.006020464872225974
CART,time,3,2112,0.0,0.0021532834379690696,0.00791926490585391
CART,time,3,2113,0.0,0.0021532834379690696,0.007783395340636518
CART,time,3,2114,0.0,0.0025897603450719133,0.017867604867036934
CART,time,3,2115,0.0,0.01937277956669993,0.022110785292058285
CART,time,3,2116,0.0,0.061683845081591734,0.03433737501566635
CART,time,3,2117,0.0,0.1489641148747108,0.1753423209997414
CART,time,3,2118,0.0,0.09989217502954302,0.08333035681139053
CART,time,3,2119,0.0,0.04385046752680977,0.0541698796605481
CART,time,3,2120,0.0,0.013100363926271924,0.05425103138226653
CART,time,3,2121,0.0,0.016913800315954065,0.03157580280904668
CART,time,3,2122,0.0,0.024303409693643373,0.06242840811867995
CART,time,3,2123,0.0,0.08002772055643213,0.04972051663941609
CART,time,3,2124,0.0,0.010008635083103002,0.04455951234648912
CART,time,3,2125,0.0,0.018368232520089543,0.03114142420532944
CART,time,3,2126,0.0,0.14486676078335925,0.1608058066270476
CART,time,3,2127,0.0,0.010683135597961115,0.035378094375802735
CART,time,3,2128,0.0,0.02108106229062454,0.03944969827101978
CART,time,3,2129,0.0,0.013382276334779886,0.005503580660651619
CART,time,3,2130,0.0,0.019490668932913447,0.019028235657784512
CART,time,3,2131,0.0,0.18775552958399405,0.09360467317099999
CART,time,3,2132,0.0,0.008605764432076928,0.009562991396764756
CART,time,3,2133,0.0,0.0139020960569021,0.029942196058268717
CART,time,3,2134,0.0,0.018035599890070364,0.04596226214919947
CART,time,3,2135,0.0,0.08971563031318953,0.06960949128013989
CART,time,3,2136,0.0,0.0071857457572793194,0.017267273606475654
CART,time,3,2137,0.0,0.010212256399320505,0.04217414073382835
CART,time,3,2138,0.0,0.046198143897117135,0.054498662560032905
CART,time,3,2139,0.0,0.03233924377321996,0.02793192442940626
CART,time,3,2140,0.0,0.02549509218719746,0.02045904879699364
CART,time,3,2141,0.0,0.010358658236699587,0.005367595619006199
CART,time,3,2142,0.0,0.015333795349635599,0.034048393311474176
CART,time,3,2143,0.0,0.01031264974388865,0.04247582417940355
CART,time,3,2144,0.0,0.011472776300735234,0.04326895765361464
CART,time,3,2145,1.0,0.061089792550587836,0.09983169168681923
CART,time,3,2146,0.0,0.02721065281437063,0.026499734842295078
CART,time,3,2147,0.0,0.011293422153476815,0.0447604013076753
CART,time,3,2148,1.0,0.01657622040127531,0.018520307283446613
CART,time,3,2149,0.0,0.037162798446100036,0.0325386027440842
CART,time,3,2150,0.0,0.01058374664672031,0.04907299606323836
CART,time,3,2151,0.0,0.00805733300133952,0.02314989941210792
CART,time,3,2152,0.0,0.022289069788255945,0.017916776775687645
CART,time,3,2153,0.0,0.055378818347327496,0.04057770789889768
CART,time,3,2154,0.0,0.028361540211826342,0.018325544403913447
CART,time,3,2155,0.0,0.011975125501133105,0.0392587677382827
CART,time,3,2156,0.0,0.08455542608526373,0.15684450889506188
CART,time,3,2157,0.0,0.03932033379874034,0.03810303171660959
CART,time,3,2158,0.0,0.022699283577106915,0.054112267832194784
CART,time,3,2159,0.0,0.057830947366916186,0.06402618020430553
CART,time,3,2160,0.0,0.12964797239559378,0.1924789686662654
CART,time,3,2161,0.0,0.012061281175524078,0.04451500690764036
CART,time,3,2162,0.0,0.013222099559693024,0.046641558427494616
CART,time,3,2163,0.0,0.08718050732488196,0.08266033384239622
CART,time,3,2164,0.0,0.013146804484397945,0.038093817660107304
CART,time,3,2165,0.0,0.11346610330514133,0.07015498944206014
CART,time,3,2166,0.0,0.10076469012723528,0.07128615879272565
CART,time,3,2167,0.0,0.010979736502515146,0.03226585008292104
CART,time,3,2168,0.0,0.09908504921546044,0.050007859009926006
CART,time,3,2169,0.0,0.060810413900690904,0.12507384460429088
CART,time,3,2170,0.0,0.10644459175715652,0.03706179966479085
CART,time,3,2171,0.0,0.11294943427234086,0.1395370263413792
CART,time,3,2172,0.0,0.07221482007677754,0.08588757474865287
CART,time,3,2173,0.0,0.1047782962238911,0.11134565072257363
CART,time,3,2174,0.0,0.15811797335728542,0.16645884148535275
CART,time,3,2175,0.0,0.14523967741494026,0.16845011276811378
CART,time,3,2176,0.0,0.0494892766142002,0.026806604236221394
CART,time,3,2177,0.0,0.05472634286258474,0.04987940286579117
CART,time,3,2178,0.0,0.05310323169858306,0.03470701950429237
CART,time,3,2179,0.0,0.08348717030034288,0.1084739882815869
CART,time,3,2180,0.0,0.051281174173439074,0.04055882120669358
CART,time,3,2181,0.0,0.048972348589263026,0.026952031250257392
CART,time,3,2182,0.0,0.011716813244369155,0.029328914410614085
CART,time,3,2183,0.0,0.08985183223414214,0.07414666792475448
CART,time,3,2184,0.0,0.019523032187021727,0.04399689383522982
CART,time,3,2185,0.0,0.017461131756429597,0.0429936883864275
CART,time,3,2186,0.0,0.12076155274957548,0.05710826647217726
CART,time,3,2187,0.0,0.03040681895504548,0.04565020323219189
CART,time,3,2188,0.0,0.011716813244369155,0.03900628465498363
CART,time,3,2189,0.0,0.03631058971441991,0.04807392464732562
CART,time,3,2190,0.0,0.013529339820303023,0.0374323944152677
CART,time,3,2191,0.0,0.012417176701770474,0.035954259847172834
CART,time,3,2192,0.0,0.025164193468270736,0.04958332078399266
CART,time,3,2193,0.0,0.05021122649022073,0.06000652202836192
CART,time,3,2194,0.0,0.018649765723580437,0.02993754285321955
CART,time,3,2195,0.0,0.009781166748113463,0.038586955473245844
CART,time,3,2196,0.0,0.012740903633100428,0.029684451665095646
CART,time,3,2197,0.0,0.04051018768542642,0.04542824286927864
CART,time,3,2198,0.0,0.013165132524040947,0.04711006439922443
CART,time,3,2199,0.0,0.016040407817108023,0.039383620744161726
CART,time,3,2200,0.0,0.02879157851049235,0.05994604297501175
CART,time,3,2201,0.0,0.03563789455388495,0.05007342739764244
CART,time,3,2202,1.0,0.08744729005807687,0.15914849147788332
CART,time,3,2203,1.0,0.04910257271023192,0.028037811811971007
CART,time,3,2204,0.0,0.19037977780279594,0.16694549266774603
CART,time,3,2205,0.0,0.05792317923504273,0.036165514547325826
CART,time,3,2206,0.0,0.04128093013388289,0.047317947628395786
CART,time,3,2207,0.0,0.0649280170126147,0.03401726069887386
CART,time,3,2208,0.0,0.057030846458001536,0.04171877045533467
CART,time,3,2209,0.0,0.030704204811833235,0.05257956001379927
CART,time,3,2210,0.0,0.04886119534832551,0.047123293634054986
CART,time,3,2211,0.0,0.054254312553070214,0.04774508321685005
CART,time,3,2212,0.0,0.05102444726169018,0.061316558626008925
CART,time,3,2213,0.0,0.051127515338562954,0.05345874029420642
CART,time,3,2214,0.0,0.0946819718277685,0.06675734281376332
CART,time,3,2215,0.0,0.07199563159668686,0.07991334897729563
CART,time,3,2216,0.0,0.029041214236512534,0.06756439392155851
CART,time,3,2217,0.0,0.008939479982380236,0.030620682504079337
CART,time,3,2218,0.0,0.022025172714635943,0.058422594712128746
CART,time,3,2219,0.0,0.08181298921060541,0.06895992700809274
CART,time,3,2220,0.0,0.0681080442101512,0.055817756590901206
CART,time,3,2221,0.0,0.09842337965761883,0.08064538469962891
CART,time,3,2222,0.0,0.09383364386864548,0.07574276729393539
CART,time,3,2223,1.0,0.048365919943983045,0.012787945960057228
CART,time,3,2224,0.0,0.1430782133253596,0.11637756796625967
CART,time,3,2225,0.0,0.048443010903036994,0.04323659649549473
CART,time,3,2226,0.0,0.052042450275656016,0.022732184452327504
CART,time,3,2227,0.0,0.020473749772128146,0.04387425938981806
CART,time,3,2228,0.0,0.010389939251176058,0.03556978143126923
CART,time,3,2229,0.0,0.02228841773045288,0.04268332491262635
CART,time,3,2230,0.0,0.11982399695336338,0.14302693633500616
CART,time,3,2231,0.0,0.034522025123178396,0.05314255505774871
CART,time,3,2232,0.0,0.08665680331431092,0.12487666043575055
CART,time,3,2233,0.0,0.025131492872938865,0.03558839830361944
CART,time,3,2234,0.0,0.032501216519708186,0.07264465586735569
CART,time,3,2235,0.0,0.014596606127242572,0.03794887972542975
CART,time,3,2236,0.0,0.03193812166899915,0.05024756077169088
CART,time,3,2237,0.0,0.06467626983851456,0.04549485317874645
CART,time,3,2238,0.0,0.01761690449277077,0.046467125798154166
CART,time,3,2239,0.0,0.15921233259885204,0.2781555767759166
CART,time,3,2240,0.0,0.1264135523893443,0.13231742943838368
CART,time,3,2241,0.0,0.06028938958514829,0.052881144976953114
CART,time,3,2242,0.0,0.14763264578761973,0.20985753574838167
CART,time,3,2243,1.0,0.08339367395970729,0.1426921570432563
CART,time,3,2244,0.0,0.055403682258456294,0.04221592824507035
CART,time,3,2245,0.0,0.1049667468511433,0.04807215917391068
CART,time,3,2246,0.0,0.1053678531659458,0.03755955382034846
CART,time,3,2247,0.0,0.1062415388446214,0.043118046462160685
CART,time,3,2248,0.0,0.04379112868566504,0.06113458143895533
CART,time,3,2249,0.0,0.03485815033000149,0.05103870022063531
CART,time,3,2250,0.0,0.038359873433576455,0.05348593925335206
CART,time,3,2251,0.0,0.10815121522406036,0.05803690699347957
CART,time,3,2252,0.0,0.02376014217727835,0.05129447946597172
CART,time,3,2253,0.0,0.09679362242204749,0.04582072865690685
CART,time,3,2254,1.0,0.146205718296696,0.20715148916205467
CART,time,3,2255,0.0,0.07701694255559437,0.09281686191403239
CART,time,3,2256,0.0,0.03206154799748597,0.034043043751924094
CART,time,3,2257,0.0,0.12464271701707601,0.04135150534351167
CART,time,3,2258,0.0,0.014449834920866537,0.0251873551556931
CART,time,3,2259,0.0,0.011271093178217402,0.02753937599031847
CART,time,3,2260,0.0,0.012076648733772958,0.024402656553458083
CART,time,3,2261,0.0,0.02112740316310071,0.05372529443917964
CART,time,3,2262,0.0,0.017840703771178152,0.021313533249192718
CART,time,3,2263,0.0,0.01857298115650565,0.03589833470747479
CART,time,3,2264,0.0,0.011554500872244864,0.02092740211478177
CART,time,3,2265,0.0,0.034694880096203105,0.043049221544725416
CART,time,3,2266,0.0,0.014753482230222352,0.006024060856519947
CART,time,3,2267,0.0,0.039189029445514605,0.009846715974227531
CART,time,3,2268,0.0,0.029911345509599858,0.009155862629626067
CART,time,3,2269,0.0,0.04201149633162974,0.0139840742418266
CART,time,3,2270,0.0,0.029114151743995176,0.025732352133016726
CART,time,3,2271,0.0,0.08120131265541652,0.06586800744453397
CART,time,3,2272,0.0,0.039189029445514605,0.0065967003502623274
CART,time,3,2273,0.0,0.03972157400740902,0.009299571190388068
CART,time,3,2274,0.0,0.04189963950836352,0.011593460588958049
CART,time,3,2275,0.0,0.03700328297823355,0.03499299694135852
CART,time,3,2276,0.0,0.013502857426513942,0.03170364567084652
CART,time,3,2277,0.0,0.12557811410820405,0.15483197602329007
CART,time,3,2278,1.0,0.09476004377890421,0.0690585544199695
CART,time,3,2279,0.0,0.13140578816154252,0.06854085943064335
CART,time,3,2280,0.0,0.00951241452283533,0.03536268400155951
CART,time,3,2281,0.0,0.018794281645989747,0.026673657013884175
CART,time,3,2282,0.0,0.03224355434716251,0.04808099646572414
CART,time,3,2283,0.0,0.02617671162231881,0.05529276656191675
CART,time,3,2284,0.0,0.0385953633702044,0.06009379586752434
CART,time,3,2285,1.0,0.005656336667118949,0.02115405914337561
CART,time,3,2286,0.0,0.03939712645184323,0.04119287688217768
CART,time,3,2287,0.0,0.06699819573051383,0.0372826506907294
CART,time,3,2288,0.0,0.01004554058844084,0.028050590926664305
CART,time,3,2289,0.0,0.012720806144462658,0.03160842075414451
CART,time,3,2290,0.0,0.04454466743247899,0.04106801903753055
CART,time,3,2291,1.0,0.012838090095079946,0.03081169793434366
CART,time,3,2292,0.0,0.06525821056236364,0.054687489335493486
CART,time,3,2293,0.0,0.03365539985971321,0.060782798282651866
CART,time,3,2294,0.0,0.045888855073968345,0.0745016078419322
CART,time,3,2295,0.0,0.0468018420324513,0.024071885467453695
CART,time,3,2296,0.0,0.007512265347590465,0.005300209826157662
CART,time,3,2297,0.0,0.028451872024580008,0.02377393205526885
CART,time,3,2298,0.0,0.007512265347590465,0.005300209826157662
CART,time,3,2299,0.0,0.027613953990255367,0.061446143302235086
CART,time,3,2300,0.0,0.0065683584524735454,0.024072258288754166
CART,time,3,2301,0.0,0.015248359940180261,0.03512724371115263
CART,time,3,2302,0.0,0.03344965789638779,0.026673831941294707
CART,time,3,2303,0.0,0.018098701162434744,0.03753114905653591
CART,time,3,2304,1.0,0.015312238243272047,0.022506818578452638
CART,time,3,2305,0.0,0.03089072531916058,0.04405227331551923
CART,time,3,2306,0.0,0.03937994681832541,0.08905439581030242
CART,time,3,2307,0.0,0.09717255236024681,0.07740976130020254
CART,time,3,2308,0.0,0.011356245868905069,0.03430273695195775
CART,time,3,2309,0.0,0.010212256399320505,0.03950386426073147
CART,time,3,2310,0.0,0.013754058610477559,0.02617221644467698
CART,time,3,2311,0.0,0.008743808250443384,0.035644075467369106
CART,time,3,2312,0.0,0.011280330639172342,0.02757621343424174
CART,time,3,2313,0.0,0.12774264484834222,0.07149793313717011
CART,time,3,2314,0.0,0.013144161833615494,0.04442127588662307
CART,time,3,2315,0.0,0.010822292826561301,0.040625914554680696
CART,time,3,2316,0.0,0.11393666921955564,0.0940545437460091
CART,time,3,2317,0.0,0.07053364846729164,0.04312642398333241
CART,time,3,2318,0.0,0.012861882732495061,0.04787108938599958
CART,time,3,2319,0.0,0.09794955270064469,0.03433758409113709
CART,time,3,2320,0.0,0.01794797008507265,0.056629760287172703
CART,time,3,2321,0.0,0.047145742300696604,0.04893182234974126
CART,time,3,2322,0.0,0.035148243413728526,0.0391143976648285
CART,time,3,2323,0.0,0.1220131682718658,0.1270870470835399
CART,time,3,2324,0.0,0.008996252919909433,0.034018435166228246
CART,time,3,2325,0.0,0.027280869365322338,0.016799025288172384
CART,time,3,2326,0.0,0.016705843163038758,0.047739589273610585
CART,time,3,2327,0.0,0.1282430599957614,0.17624553155794215
CART,time,3,2328,0.0,0.020417157174265947,0.018621313100757028
CART,time,3,2329,0.0,0.021858140950570173,0.06974449844228083
CART,time,3,2330,0.0,0.23147436445373867,0.19675338015034619
CART,time,3,2331,0.0,0.03820268191153095,0.044768225310537105
CART,time,3,2332,0.0,0.016343524322459047,0.04891784413001968
CART,time,3,2333,1.0,0.015210219557429128,0.04641532765036586
CART,time,3,2334,0.0,0.07095955017496988,0.0789927888766614
CART,time,3,2335,0.0,0.09799278117488493,0.1461505413828243
CART,time,3,2336,0.0,0.01645066272644747,0.05056779049173258
CART,time,3,2337,0.0,0.01740994289939656,0.053793027924439366
CART,time,3,2338,0.0,0.014845149970287066,0.03842334258683204
CART,time,3,2339,0.0,0.013146804484397945,0.05100828807462559
CART,time,3,2340,0.0,0.1058595792309529,0.05587023203450621
CART,time,3,2341,0.0,0.17325053216601594,0.18980286432862867
CART,time,3,2342,0.0,0.11823706093023113,0.05077159136468253
CART,time,3,2343,0.0,0.05724826077516499,0.02031921729813428
CART,time,3,2344,0.0,0.0487627930268755,0.02733296746367897
CART,time,3,2345,0.0,0.17161811828520052,0.15142367318629565
CART,time,3,2346,0.0,0.036919660242839325,0.023207214257954897
CART,time,3,2347,0.0,0.021798890456188418,0.05809541518154295
CART,time,3,2348,0.0,0.1291305321964479,0.12413499131458273
CART,time,3,2349,0.0,0.046254341576891796,0.03391920096222771
CART,time,3,2350,0.0,0.10390527537316989,0.06500909510315385
CART,time,3,2351,0.0,0.035052383059491835,0.019926041986094926
CART,time,3,2352,0.0,0.03187597748319043,0.04502806548363677
CART,time,3,2353,0.0,0.0978667050459855,0.17973195949359527
CART,time,3,2354,0.0,0.12839578557191642,0.09148338068237195
CART,time,3,2355,0.0,0.025801255326169684,0.034540963591412475
CART,time,3,2356,0.0,0.07703720312136725,0.11964428276308364
CART,time,3,2357,0.0,0.13792616134959326,0.10400303914354404
CART,time,3,2358,0.0,0.016182850246197335,0.008191982022814397
CART,time,3,2359,0.0,0.021217921992836352,0.043334317059175086
CART,time,3,2360,0.0,0.011010787388945465,0.025231404948607757
CART,time,3,2361,0.0,0.05982091728543773,0.04218613383010972
CART,time,3,2362,0.0,0.011982921920559017,0.022577909007500497
CART,time,3,2363,0.0,0.08693026604751362,0.10053207122125608
CART,time,3,2364,0.0,0.010652605061704075,0.005503580660651619
CART,time,3,2365,0.0,0.02618433113224088,0.03852865341709089
CART,time,3,2366,0.0,0.01023759717441559,0.01733277649975585
CART,time,3,2367,0.0,0.010652605061704075,0.005503580660651619
CART,time,3,2368,0.0,0.01433747698467324,0.02268275164916381
CART,time,3,2369,0.0,0.05788662756993299,0.06216158468334979
CART,time,3,2370,0.0,0.0064313670791921965,0.006386699746367953
CART,time,3,2371,0.0,0.06970401523828812,0.06454974373221974
CART,time,3,2372,0.0,0.06416704590444969,0.08041149293659698
CART,time,3,2373,0.0,0.015907231929573593,0.04397289097497183
CART,time,3,2374,0.0,0.1401244037659401,0.13506310019281917
CART,time,3,2375,0.0,0.05176229140119151,0.15439579975437007
CART,time,3,2376,0.0,0.027410064709168333,0.027663317933552433
CART,time,3,2377,0.0,0.015410076327751421,0.03909523526695812
CART,time,3,2378,0.0,0.03770404055536539,0.04028082674455602
CART,time,3,2379,0.0,0.03274319873097912,0.028990464281306572
CART,time,3,2380,0.0,0.07360958273559828,0.13357911706112005
CART,time,3,2381,0.0,0.009903115450566023,0.034225699142976365
CART,time,3,2382,0.0,0.07919934751891607,0.048365392538990346
CART,time,3,2383,0.0,0.01038652001802654,0.015540012521001992
CART,time,3,2384,0.0,0.013226574759970472,0.04110936677648378
CART,time,3,2385,0.0,0.049006959788699865,0.07250674427077426
CART,time,3,2386,0.0,0.011272813315713566,0.019476349224906233
CART,time,3,2387,0.0,0.009537194229014547,0.031053750838380634
CART,time,3,2388,0.0,0.012643093265576234,0.02899168386275953
CART,time,3,2389,0.0,0.01324915387163684,0.03196914349718448
CART,time,3,2390,0.0,0.047695588607267456,0.054356814982204744
CART,time,3,2391,0.0,0.016863387486276634,0.047078268168096175
CART,time,3,2392,0.0,0.005740489647748664,0.0067852335538711745
CART,time,3,2393,0.0,0.022132479779858917,0.023832367975667058
CART,time,3,2394,0.0,0.040161044934606614,0.035068565779629246
CART,time,3,2395,1.0,0.008743808250443384,0.030350287634917428
CART,time,3,2396,0.0,0.04392711009222647,0.0335866348853067
CART,time,3,2397,0.0,0.00976527692363975,0.018273522514282728
CART,time,3,2398,0.0,0.003810267323030651,0.0074078293584299735
CART,time,3,2399,0.0,0.014636967491708525,0.03273421317597632
CART,time,3,2400,0.0,0.08041177845857887,0.07319034542612508
CART,time,3,2401,0.0,0.023684113589042814,0.04551882684862953
CART,time,3,2402,0.0,0.0678574537596699,0.05085447519314714
CART,time,3,2403,0.0,0.04846620586044618,0.02635615854915521
CART,time,3,2404,0.0,0.009378873921774172,0.019364109367584578
CART,time,3,2405,0.0,0.018023859644471972,0.05066411366295671
CART,time,3,2406,0.0,0.06860026431048939,0.0531844313751342
CART,time,3,2407,0.0,0.012464901528248617,0.009727966167494191
CART,time,3,2408,0.0,0.012543382568601016,0.004838509880276606
CART,time,3,2409,0.0,0.03209764264819944,0.02560532933855294
CART,time,3,2410,0.0,0.012638710576347672,0.01992610013645594
CART,time,3,2411,0.0,0.037760188693560744,0.03646543864040654
CART,time,3,2412,0.0,0.011276020339367431,0.005325318343010627
CART,time,3,2413,0.0,0.01297985947570386,0.004883405982019671
CART,time,3,2414,0.0,0.046190764634855344,0.015714652572964085
CART,time,3,2415,0.0,0.01301569292493034,0.005235335277102004
CART,time,3,2416,0.0,0.010652516171295716,0.011343488454160859
CART,time,3,2417,0.0,0.0017904565160308831,0.0017824012145380786
CART,time,3,2418,0.0,0.005259543656788842,0.0026833021154389794
CART,time,3,2419,0.0,0.00737764675059296,0.007736261854839398
CART,time,3,2420,0.0,0.005651081016084495,0.006466904265976616
CART,time,3,2421,0.0,0.005371400480055061,0.006466904265976616
CART,time,3,2422,0.0,0.010320900516905093,0.006386699746367953
CART,time,3,2423,0.0,0.008122661602336524,0.014219305572970343
CART,time,3,2424,0.0,0.003104718292527155,0.007885998233919741
CART,time,3,2425,0.0,0.015152500839843543,0.010134474449475595
CART,time,3,2426,0.0,0.019899923488657493,0.028272019879416358
CART,time,3,2427,0.0,0.005651081016084495,0.006466904265976616
CART,time,3,2428,0.0,0.00499719417771428,0.005078204384290828
CART,time,3,2429,0.0,0.017694880980168946,0.01879550039373639
CART,time,3,2430,0.0,0.00499719417771428,0.005078204384290828
CART,time,3,2431,0.0,0.00499719417771428,0.005078204384290828
CART,time,3,2432,0.0,0.006800506303440817,0.0038471437782302224
CART,time,3,2433,0.0,0.004178609482425375,0.0013769056829921271
CART,time,3,2434,0.0,0.006486889065570411,0.0013769056829921271
CART,time,3,2435,0.0,0.00499719417771428,0.005078204384290828
CART,time,3,2436,0.0,0.0043169220688707415,0.0013769056829921271
CART,time,3,2437,0.0,0.00499719417771428,0.003714992432843583
CART,time,3,2438,0.0,0.07849119791131833,0.10230244112848995
CART,time,3,2439,0.0,0.0043169220688707415,0.0013769056829921271
CART,time,3,2440,0.0,0.006486889065570411,0.0013769056829921271
CART,time,3,2441,1.0,0.006486889065570411,0.0013769056829921271
CART,time,3,2442,0.0,0.10285289437749583,0.10044371514978981
CART,time,3,2443,0.0,0.014326531644399407,0.008923712910944692
CART,time,3,2444,0.0,0.1052929207296195,0.1101905751658063
CART,time,3,2445,0.0,0.02279888770381693,0.03529286717664492
CART,time,3,2446,0.0,0.011113770805591125,0.029789425729770936
CART,time,3,2447,0.0,0.007575848771816238,0.022216572191193846
CART,time,3,2448,0.0,0.012076360599675316,0.009949257456328152
CART,time,3,2449,0.0,0.030816224519237354,0.03940908468144624
CART,time,3,2450,0.0,0.05094085852783001,0.02560882953264448
CART,time,3,2451,0.0,0.05795524806880047,0.037300479289251426
CART,time,3,2452,0.0,0.037715941632425316,0.022998009237034392
CART,time,3,2453,0.0,0.03700870234377906,0.020274831513856673
CART,time,3,2454,0.0,0.036919660242839325,0.022998009237034392
CART,time,3,2455,0.0,0.09944529148612544,0.1269651084998708
CART,time,3,2456,0.0,0.03746036008533062,0.026446435500921503
CART,time,3,2457,0.0,0.10513586135850388,0.08243243422926794
CART,time,3,2458,0.0,0.037035669523581775,0.022998009237034392
CART,time,3,2459,0.0,0.0057479338538411915,0.014641207802583659
CART,time,3,2460,0.0,0.03909772574379382,0.022998009237034392
CART,time,3,2461,0.0,0.033114945732878924,0.032958011975588085
CART,time,3,2462,0.0,0.009899464431841466,0.041065571370488066
CART,time,3,2463,0.0,0.11313608639183134,0.07808182024143952
CART,time,3,2464,0.0,0.03847402556044868,0.009696765268509063
CART,time,3,2465,0.0,0.06346903656569555,0.06689091495795471
CART,time,3,2466,0.0,0.03239904969537358,0.015279869964268434
CART,time,3,2467,0.0,0.03909772574379382,0.022998009237034392
CART,time,3,2468,0.0,0.04771056431359603,0.018617039526788275
CART,time,3,2469,0.0,0.009646328936033162,0.017686688397517802
CART,time,3,2470,0.0,0.036919660242839325,0.022998009237034392
CART,time,3,2471,0.0,0.03444056754335981,0.038742223479932086
CART,time,3,2472,0.0,0.1290732485522083,0.13022103299356505
CART,time,3,2473,0.0,0.017835346467739734,0.01438398709312911
CART,time,3,2474,0.0,0.006805988247543708,0.016336693377346685
CART,time,3,2475,0.0,0.05929320476132811,0.04861397628312501
CART,time,3,2476,0.0,0.006240851020646337,0.027779289903898486
CART,time,3,2477,0.0,0.017715868936161786,0.04591509267679394
CART,time,3,2478,0.0,0.007268453390024936,0.005053130210201167
CART,time,3,2479,0.0,0.04007108588464391,0.017099625171955332
CART,time,3,2480,0.0,0.006864718547249032,0.010554679577882494
CART,time,3,2481,0.0,0.027245338053480606,0.023778407118799885
CART,time,3,2482,0.0,0.013215437275122609,0.010793435733115383
CART,time,3,2483,0.0,0.06909634892794317,0.07984247953565014
CART,time,3,2484,0.0,0.006012258473612242,0.0048654272174620105
CART,time,3,2485,0.0,0.03964516066980579,0.013290427265266747
CART,time,3,2486,0.0,0.007818124292886013,0.005061095622836693
CART,time,3,2487,0.0,0.00581990498989685,0.018667700503280614
CART,time,3,2488,0.0,0.0053213641842624945,0.009045967193352402
CART,time,3,2489,0.0,0.07043650001069333,0.06217368452718259
CART,time,3,2490,0.0,0.005259543656788842,0.006466904265976616
CART,time,3,2491,0.0,0.10887624659042096,0.06222522343852592
CART,time,3,2492,0.0,0.01770722478382266,0.02775742077931497
CART,time,3,2493,0.0,0.008792424932045104,0.005256842145642387
CART,time,3,2494,0.0,0.005839881961453507,0.008676318615998267
CART,time,3,2495,0.0,0.035657211389829344,0.024811574813357017
CART,time,3,2496,0.0,0.01362403127087829,0.006139305451421527
CART,time,3,2497,0.0,0.015693674967072538,0.02363987688566888
CART,time,3,2498,0.0,0.04272048335606981,0.023063021194239607
CART,time,3,2499,0.0,0.07168830492578478,0.11227803604912664
CART,time,3,2500,0.0,0.09104308970075754,0.05277885675571845
CART,time,3,2501,0.0,0.031022784050275923,0.027756954750424546
CART,time,3,2502,0.0,0.012681223718508291,0.011429160523885292
CART,time,3,2503,0.0,0.00889374231105275,0.02138263281274182
CART,time,3,2504,0.0,0.008136742198266926,0.026103480847458584
CART,time,3,2505,0.0,0.015101844092254122,0.0358933978103138
CART,time,3,2506,1.0,0.06155286858211926,0.037668726562865656
CART,time,3,2507,0.0,0.02864093261200111,0.03285257316512647
CART,time,3,2508,0.0,0.01408460475666593,0.029880818418754115
CART,time,3,2509,0.0,0.02323036479781223,0.03517248600922705
CART,time,3,2510,0.0,0.006613952092117557,0.007924457735779659
CART,time,3,2511,0.0,0.0610829879215063,0.038504379887723775
CART,time,3,2512,0.0,0.021845184500496048,0.0068038004658484245
CART,time,3,2513,0.0,0.058283230447300625,0.04724848033197235
CART,time,3,2514,0.0,0.03942493167651283,0.016761852019604378
CART,time,3,2515,0.0,0.015837448048805363,0.018791979231412872
CART,time,3,2516,1.0,0.1182397916470987,0.08105505010101531
CART,time,3,2517,0.0,0.059275645555264586,0.05847292417316577
CART,time,3,2518,0.0,0.01644320645836486,0.01990829412836547
CART,time,3,2519,0.0,0.012235798573934588,0.017321012062336587
CART,time,3,2520,0.0,0.018845187908534993,0.011150341948719443
CART,time,3,2521,0.0,0.010470234417600475,0.006639195017477323
CART,time,3,2522,0.0,0.015897584844950904,0.01387978842816592
CART,time,3,2523,0.0,0.023128593687950873,0.01904946238566809
CART,time,3,2524,0.0,0.010755499818846909,0.013302997463608341
CART,time,3,2525,0.0,0.01594939276837793,0.004402824356341075
CART,time,3,2526,0.0,0.03455979134562635,0.009299571190388068
CART,time,3,2527,0.0,0.03885506892959442,0.015818439527438218
CART,time,3,2528,0.0,0.03897107821033688,0.01689370834464252
CART,time,3,2529,0.0,0.05456065648589585,0.03506209653326971
CART,time,3,2530,0.0,0.029883236702221858,0.009696765268509063
CART,time,3,2531,0.0,0.043207047474027184,0.016321536630935097
CART,time,3,2532,0.0,0.01292240938451883,0.017005747907741443
CART,time,3,2533,0.0,0.08726350555000574,0.05684455502218439
CART,time,3,2534,0.0,0.014716091544983297,0.018946980955014722
CART,time,3,2535,0.0,0.015189354154713456,0.007444153329462512
CART,time,3,2536,1.0,0.0023044949438254794,0.010267233450973913
CART,time,3,2537,0.0,0.06180557701893675,0.0761753677908193
CART,time,3,2538,0.0,0.002761782764406442,0.013414528428544386
CART,time,3,2539,0.0,0.08430147614210523,0.07494820200679918
CART,time,3,2540,0.0,0.04769832555137524,0.07003172787323741
CART,time,3,2541,0.0,0.08818843077293227,0.10997759246586683
CART,time,3,2542,0.0,0.010272722444984367,0.01587014448188094
CART,time,3,2543,0.0,0.08473872512857271,0.08309225606842269
CART,time,3,2544,0.0,0.07980650545048665,0.0868252607128655
CART,time,3,2545,0.0,0.030209383114834166,0.050631447454698365
CART,time,3,2546,0.0,0.07932617622003833,0.12491509409457123
CART,time,3,2547,1.0,0.07362300376698497,0.0900285809161857
CART,time,3,2548,0.0,0.0470712369737061,0.04733256063378518
CART,time,3,2549,0.0,0.07544309941195323,0.07878556326498894
CART,time,3,2550,0.0,0.008188396703165802,0.007199141294889616
CART,time,3,2551,0.0,0.007981140573338057,0.01853472767214984
CART,time,3,2552,0.0,0.010755499818846909,0.014335410428794415
CART,time,3,2553,0.0,0.010470234417600475,0.01300207709546108
CART,time,3,2554,0.0,0.016809527879244397,0.016127473072701442
CART,time,3,2555,0.0,0.010412564290726196,0.010737901784059364
CART,time,3,2556,0.0,0.017365869842609957,0.006010149672197631
CART,time,3,2557,0.0,0.028074822384179562,0.01833130643913
CART,time,3,2558,0.0,0.015872586514674054,0.02137832672108502
CART,time,3,2559,0.0,0.12430786047319445,0.09095610855207469
CART,time,3,2560,0.0,0.008087701501299362,0.01273140009501047
CART,time,3,2561,0.0,0.04352108764494436,0.059295643977547025
CART,time,3,2562,0.0,0.017394641312922947,0.01990829412836547
CART,time,3,2563,0.0,0.0546043836278123,0.0547706633616348
CART,time,3,2564,0.0,0.012042637193289074,0.03371076445300874
CART,time,3,2565,0.0,0.0169581644058201,0.0240197409112397
CART,time,3,2566,0.0,0.0169581644058201,0.022295602980205217
CART,time,3,2567,0.0,0.06097560144126797,0.04294644506001258
CART,time,3,2568,0.0,0.05171931034681847,0.042428466339818484
CART,time,3,2569,0.0,0.015837448048805363,0.02098579354717841
CART,time,3,2570,0.0,0.016474897021781326,0.04375944510287244
CART,time,3,2571,0.0,0.015894736232417505,0.0131157441380188
CART,time,3,2572,0.0,0.10519232370720806,0.07414029010127471
CART,time,3,2573,0.0,0.11988287585405867,0.07146488660441959
CART,time,3,2574,0.0,0.1461155220649791,0.101819635122123
CART,time,3,2575,0.0,0.12659441771335042,0.10145991755331132
CART,time,3,2576,0.0,0.006248553469645465,0.008460055864266337
CART,time,3,2577,0.0,0.008792424932045104,0.011436185088726101
CART,holdout,0,1804,0.0,0.1785533425952358,0.03541754644320077
CART,holdout,0,1805,0.0,0.014511941201804325,0.04879274692900588
CART,holdout,0,1806,0.0,0.08677410391717137,0.0613889688880327
CART,holdout,0,1807,0.0,0.0060601391159136745,0.05048296064882978
CART,holdout,0,1808,0.0,0.12704043303151363,0.11429365952448145
CART,holdout,0,1809,0.0,0.0344433814952971,0.022906185447855363
CART,holdout,0,1810,0.0,0.07015849187122564,0.04428700684309791
CART,holdout,0,1811,0.0,0.05753658044095787,0.06025205467842673
CART,holdout,0,1812,0.0,0.012621595590130087,0.027883989641679388
CART,holdout,0,1813,0.0,0.03281668922004534,0.025741357550303202
CART,holdout,0,1814,0.0,0.052118537550170756,0.04497906573950972
CART,holdout,0,1815,0.0,0.04806778862472749,0.015826231718924434
CART,holdout,0,1816,0.0,0.005989144089923638,0.007157696180119763
CART,holdout,0,1817,0.0,0.049020605342413974,0.03827313453638251
CART,holdout,0,1818,0.0,0.006254839216087074,0.0248904387335356
CART,holdout,0,1819,1.0,0.17182499235892326,0.2426505115627668
CART,holdout,0,1820,0.0,0.09955483718547661,0.06155301097750796
CART,holdout,0,1821,0.0,0.005396802146158972,0.03355685254157867
CART,holdout,0,1822,0.0,0.11099355431857114,0.19095143194882186
CART,holdout,0,1823,0.0,0.0058241525735094005,0.03310519032100787
CART,holdout,0,1824,0.0,0.041189922789906123,0.026186530118089437
CART,holdout,0,1825,0.0,0.004416409989296228,0.03300354794139591
CART,holdout,0,1826,0.0,0.005396802146158972,0.036622805314829095
CART,holdout,0,1827,0.0,0.005899921018537635,0.04103102489302753
CART,holdout,0,1828,0.0,0.03622068438077479,0.042267737965482284
CART,holdout,0,1829,1.0,0.05617761376430419,0.052814750603191615
CART,holdout,0,1830,0.0,0.1956865314807339,0.1551943744617953
CART,holdout,0,1831,0.0,0.00865627916258935,0.032867608397500005
CART,holdout,0,1832,1.0,0.012382783679103861,0.07258140896341296
CART,holdout,0,1833,0.0,0.1463576040816489,0.046886496246285034
CART,holdout,0,1834,0.0,0.07089986824648185,0.05658942902796892
CART,holdout,0,1835,0.0,0.01626017057162142,0.035281311452632205
CART,holdout,0,1836,0.0,0.011186958609963042,0.043230059825907295
CART,holdout,0,1837,0.0,0.11897247529005067,0.03613558505861709
CART,holdout,0,1838,0.0,0.043656939667714875,0.053018176248756925
CART,holdout,0,1839,0.0,0.15654327757400893,0.14904408227185315
CART,holdout,0,1840,0.0,0.011490688432389842,0.006776096277887992
CART,holdout,0,1841,0.0,0.018324021765723175,0.0017502774432627427
CART,holdout,0,1842,0.0,0.03441349817746664,0.0033082484577554956
CART,holdout,0,1843,0.0,0.04011798966884678,0.017556365580094373
CART,holdout,0,1844,0.0,0.04271939065622674,0.010966978616485655
CART,holdout,0,1845,0.0,0.04346013139696748,0.019366208612566233
CART,holdout,0,1846,0.0,0.04158871007349137,0.0115363130044249
CART,holdout,0,1847,0.0,0.047230508154323426,0.014227680457413207
CART,holdout,0,1848,0.0,0.041132089068925154,0.018181010893097573
CART,holdout,0,1849,0.0,0.041777558227052536,0.017835489643621517
CART,holdout,0,1850,0.0,0.0416806459810301,0.011368077829359126
CART,holdout,0,1851,0.0,0.041777558227052536,0.017835489643621517
CART,holdout,0,1852,0.0,0.041132089068925154,0.011949561418810841
CART,holdout,0,1853,0.0,0.04561760492851698,0.013555281868347951
CART,holdout,0,1854,0.0,0.05264229124543142,0.015631714952749162
CART,holdout,0,1855,0.0,0.04561760492851698,0.01413676545779967
CART,holdout,0,1856,0.0,0.07297565193618157,0.06279601900256516
CART,holdout,0,1857,0.0,0.010467009566452258,0.004145775791538264
CART,holdout,0,1858,0.0,0.03343575050629039,0.01933059505428762
CART,holdout,0,1859,0.0,0.008458894029766776,0.0033561389505562997
CART,holdout,0,1860,0.0,0.04134320781511242,0.01818151734762463
CART,holdout,0,1861,0.0,0.011667353517356786,0.011431260796032797
CART,holdout,0,1862,0.0,0.042259093721178274,0.05507507836244486
CART,holdout,0,1863,0.0,0.017400947471353356,0.010541080186842655
CART,holdout,0,1864,0.0,0.013681491311064473,0.009046130691893162
CART,holdout,0,1865,0.0,0.008226407820727014,0.006835169730932204
CART,holdout,0,1866,0.0,0.017400947471353356,0.004500676146438619
CART,holdout,0,1867,0.0,0.014268906413302933,0.033502776966240114
CART,holdout,0,1868,0.0,0.023835287966102143,0.0662089812297315
CART,holdout,0,1869,0.0,0.010741505792141134,0.030956700491588957
CART,holdout,0,1870,0.0,0.03670346803722406,0.044026994464559384
CART,holdout,0,1871,0.0,0.00744178025713252,0.0325494565611966
CART,holdout,0,1872,0.0,0.014462152483137074,0.06280578244010082
CART,holdout,0,1873,0.0,0.03711282809384749,0.04111006059172425
CART,holdout,0,1874,0.0,0.1591608095748421,0.11316450696351353
CART,holdout,0,1875,0.0,0.13672035148157294,0.10348059768048314
CART,holdout,0,1876,0.0,0.013757934758897488,0.030887258403421377
CART,holdout,0,1877,0.0,0.003331192557523801,0.03888017605790725
CART,holdout,0,1878,0.0,0.0041257902872445735,0.03463641639704739
CART,holdout,0,1879,0.0,0.052149527336567775,0.06333789319298334
CART,holdout,0,1880,0.0,0.002874571552957591,0.041198825319618194
CART,holdout,0,1881,0.0,0.027533025201327384,0.012253860766998258
CART,holdout,0,1882,0.0,0.010171387818677656,0.03139698102290666
CART,holdout,0,1883,0.0,0.0766065237287877,0.061886757045409156
CART,holdout,0,1884,0.0,0.003854963709820336,0.037935845226493264
CART,holdout,0,1885,0.0,0.0682848548769258,0.058846428684354385
CART,holdout,0,1886,0.0,0.09847437708819215,0.11298206936819352
CART,holdout,0,1887,0.0,0.01469125655254842,0.04708565395242841
CART,holdout,0,1888,0.0,0.048748882275182,0.04403328676388
CART,holdout,0,1889,0.0,0.03618365605187597,0.028234402823365645
CART,holdout,0,1890,0.0,0.02875785403794717,0.02416650341687774
CART,holdout,0,1891,0.0,0.01128179724217573,0.08036743638403468
CART,holdout,0,1892,0.0,0.01597639332595781,0.0163926362649116
CART,holdout,0,1893,0.0,0.017320178567953336,0.019420096703375453
CART,holdout,0,1894,0.0,0.010863910474717653,0.025759978845796606
CART,holdout,0,1895,0.0,0.0033019219803080177,0.028999688792312642
CART,holdout,0,1896,0.0,0.004061560419939732,0.007702469336206075
CART,holdout,0,1897,0.0,0.022346778256716673,0.008899554154171511
CART,holdout,0,1898,0.0,0.013986845234620005,0.010146948555227304
CART,holdout,0,1899,0.0,0.02280456986953739,0.03081566819673146
CART,holdout,0,1900,0.0,0.011619894817115407,0.07279882414089014
CART,holdout,0,1901,0.0,0.06690222309805496,0.05021366701591221
CART,holdout,0,1902,0.0,0.024885736200521983,0.046304689075617356
CART,holdout,0,1903,0.0,0.009438465135685727,0.062207615874114205
CART,holdout,0,1904,0.0,0.0038017080098282545,0.006140152040696048
CART,holdout,0,1905,0.0,0.001630864722830405,0.0051614208494008525
CART,holdout,0,1906,0.0,0.01065170961237976,0.006518844959544123
CART,holdout,0,1907,0.0,0.001630864722830405,0.0025802469117458954
CART,holdout,0,1908,0.0,0.0017650143280759556,0.0025802469117458954
CART,holdout,0,1909,0.0,0.0017650143280759556,0.0025802469117458954
CART,holdout,0,1910,0.0,0.010866660498972436,0.011611437552136717
CART,holdout,0,1911,0.0,0.033284496606500284,0.042300748300182774
CART,holdout,0,1912,0.0,0.01073698744204678,0.08003529888985936
CART,holdout,0,1913,0.0,0.009498835367404772,0.007919941188151714
CART,holdout,0,1914,0.0,0.001630864722830405,0.0025802469117458954
CART,holdout,0,1915,0.0,0.006012522177515274,0.006034929268008587
CART,holdout,0,1916,0.0,0.005621192452374661,0.005433425508610091
CART,holdout,0,1917,0.0,0.05586726357836959,0.03440666243499113
CART,holdout,0,1918,0.0,0.0029134013099280393,0.00685882579297463
CART,holdout,0,1919,0.0,0.010238908367116892,0.02267241600948862
CART,holdout,0,1920,0.0,0.005542576100173403,0.012968046844988769
CART,holdout,0,1921,0.0,0.010161923636196415,0.00743922915639686
CART,holdout,0,1922,0.0,0.006743316283209916,0.01086591057036641
CART,holdout,0,1923,0.0,0.03488874162749182,0.00862780210308439
CART,holdout,0,1924,0.0,0.008434056254320595,0.01735866638317341
CART,holdout,0,1925,0.0,0.005934967796337352,0.007852477570782801
CART,holdout,0,1926,0.0,0.005976793582843989,0.012397932116237348
CART,holdout,0,1927,0.0,0.006343049429890403,0.008026274977253877
CART,holdout,0,1928,0.0,0.004806100091176653,0.004145775791538264
CART,holdout,0,1929,0.0,0.006529333111198959,0.009046130691893162
CART,holdout,0,1930,0.0,0.08601839101592948,0.06145906557348048
CART,holdout,0,1931,0.0,0.0015522483706291472,0.007185200309366214
CART,holdout,0,1932,0.0,0.005509716096557069,0.009046130691893162
CART,holdout,0,1933,0.0,0.013605512092867528,0.011828516765831529
CART,holdout,0,1934,0.0,0.015649183043547902,0.013578338955670398
CART,holdout,0,1935,0.0,0.02741558847507417,0.034336142829898705
CART,holdout,0,1936,0.0,0.006343049429890403,0.015976715341487344
CART,holdout,0,1937,0.0,0.0026871528466679544,0.006835169730932204
CART,holdout,0,1938,0.0,0.004806100091176653,0.004687341817618802
CART,holdout,0,1939,0.0,0.006209679062329983,0.0070895319766753895
CART,holdout,0,1940,0.0,0.012085240063452438,0.013947721423134508
CART,holdout,0,1941,0.0,0.00853772139037231,0.0070895319766753895
CART,holdout,0,1942,0.0,0.058810404977726286,0.04835914570004822
CART,holdout,0,1943,0.0,0.0030878150995344708,0.03543849350975912
CART,holdout,0,1944,0.0,0.002596816794181078,0.009524401680596603
CART,holdout,0,1945,0.0,0.005246949774825623,0.006318924906802257
CART,holdout,0,1946,1.0,0.02020794387479485,0.015252083431640761
CART,holdout,0,1947,0.0,0.08007165600130464,0.041994063712206126
CART,holdout,0,1948,0.0,0.029823399486889366,0.05543124405664097
CART,holdout,0,1949,0.0,0.009913395212152279,0.03938345263016833
CART,holdout,0,1950,0.0,0.013946431140373586,0.014831366799139907
CART,holdout,0,1951,0.0,0.056049821409060965,0.08313652108952843
CART,holdout,0,1952,0.0,0.04239558145326034,0.06351616238795094
CART,holdout,0,1953,0.0,0.028700031695291513,0.04306470971401666
CART,holdout,0,1954,0.0,0.008803707263621719,0.016531452095821738
CART,holdout,0,1955,0.0,0.02301900308368732,0.038017341318486636
CART,holdout,0,1956,1.0,0.007053995465269822,0.037525373505440225
CART,holdout,0,1957,0.0,0.1338684144274999,0.04638459263189177
CART,holdout,0,1958,0.0,0.013557820517010115,0.06656736393505652
CART,holdout,0,1959,0.0,0.018157656318205817,0.056550846541149086
CART,holdout,0,1960,0.0,0.18775650127758528,0.12285237656272503
CART,holdout,0,1961,0.0,0.2046186636837917,0.16460513682333525
CART,holdout,0,1962,0.0,0.013296545207094706,0.06500239241222779
CART,holdout,0,1963,0.0,0.04049222199198422,0.07837014299930085
CART,holdout,0,1964,0.0,0.04331265976268727,0.06200605225195665
CART,holdout,0,1965,0.0,0.02338521991797771,0.0271569059433094
CART,holdout,0,1966,0.0,0.10315956189690309,0.09006337023877528
CART,holdout,0,1967,0.0,0.06665070232142907,0.0849787889442118
CART,holdout,0,1968,0.0,0.06502151698183417,0.032887854508816004
CART,holdout,0,1969,0.0,0.006436711514652539,0.03190334575617772
CART,holdout,0,1970,0.0,0.029608680777983235,0.06892762583416175
CART,holdout,0,1971,0.0,0.02495734072322234,0.05044971590422132
CART,holdout,0,1972,0.0,0.06215710636754985,0.05704328164896092
CART,holdout,0,1973,0.0,0.06074597271594794,0.07874163450390778
CART,holdout,0,1974,0.0,0.15585821521701676,0.12075139234449866
CART,holdout,0,1975,0.0,0.012183726845001207,0.03301083138637168
CART,holdout,0,1976,0.0,0.01840040440392773,0.025566333160842933
CART,holdout,0,1977,0.0,0.10567001770000656,0.11446810522187155
CART,holdout,0,1978,1.0,0.04281308388112975,0.047946291955988714
CART,holdout,0,1979,0.0,0.059310538328949426,0.034045874050947104
CART,holdout,0,1980,0.0,0.04058131767462962,0.04769746790545147
CART,holdout,0,1981,0.0,0.005606355051154718,0.032826690429275135
CART,holdout,0,1982,0.0,0.05164237138245158,0.06916926590795391
CART,holdout,0,1983,0.0,0.0030878150995344708,0.03951859314861163
CART,holdout,0,1984,0.0,0.017699858897781567,0.04603373656029696
CART,holdout,0,1985,0.0,0.0445674777449733,0.04472825736643946
CART,holdout,0,1986,0.0,0.042974226118240026,0.028250860439496987
CART,holdout,0,1987,0.0,0.04845063695698719,0.07677807359038338
CART,holdout,0,1988,0.0,0.00859583390160846,0.03766920996299854
CART,holdout,0,1989,0.0,0.014707135819460048,0.05604180347961958
CART,holdout,0,1990,0.0,0.015590293883398887,0.023520436696315504
CART,holdout,0,1991,0.0,0.14018730748640448,0.1514144781210299
CART,holdout,0,1992,0.0,0.11028594503174999,0.07471740792674529
CART,holdout,0,1993,0.0,0.05240206034888216,0.05311816555986049
CART,holdout,0,1994,0.0,0.02239645182206262,0.06667301468954526
CART,holdout,0,1995,1.0,0.13587959950493042,0.11608423275714305
CART,holdout,0,1996,0.0,0.10915414339843357,0.04784763716413534
CART,holdout,0,1997,0.0,0.02549467968876605,0.03441415460117882
CART,holdout,0,1998,0.0,0.009236182230509858,0.028202539453405492
CART,holdout,0,1999,0.0,0.026468773450930485,0.0326721218104846
CART,holdout,0,2000,0.0,0.01899683261919183,0.08340013935185632
CART,holdout,0,2001,0.0,0.0158482878616804,0.057051088411197555
CART,holdout,0,2002,0.0,0.04563093193934985,0.05998449075636399
CART,holdout,0,2003,0.0,0.011827676222347297,0.0627376160978336
CART,holdout,0,2004,0.0,0.013419738856791956,0.043171454935198555
CART,holdout,0,2005,0.0,0.07190245552711652,0.07580636402637865
CART,holdout,0,2006,0.0,0.10221006298484347,0.08342959436418537
CART,holdout,0,2007,0.0,0.006664035701524623,0.028078841600264796
CART,holdout,0,2008,0.0,0.011771729120895457,0.06132702061856889
CART,holdout,0,2009,0.0,0.028483644406799798,0.024878977419197968
CART,holdout,0,2010,0.0,0.060663583714317994,0.037532917082588296
CART,holdout,0,2011,0.0,0.014818416817682457,0.021548278612354043
CART,holdout,0,2012,0.0,0.018873907538648774,0.0729518164367026
CART,holdout,0,2013,0.0,0.03091463426405871,0.0220260365581618
CART,holdout,0,2014,0.0,0.22561587378084155,0.17781425333586612
CART,holdout,0,2015,0.0,0.03721120132646287,0.06729768313953981
CART,holdout,0,2016,0.0,0.00929027834605291,0.04801616811860305
CART,holdout,0,2017,0.0,0.1602930090371018,0.04568410362649277
CART,holdout,0,2018,0.0,0.06195583372748218,0.07520780930107268
CART,holdout,0,2019,0.0,0.007358480145969068,0.03906807198239121
CART,holdout,0,2020,0.0,0.040797792643289,0.043828859401522785
CART,holdout,0,2021,0.0,0.06580579611459629,0.06184737392252018
CART,holdout,0,2022,0.0,0.010267651221806812,0.0395736569961642
CART,holdout,0,2023,0.0,0.013419738856791956,0.04405239116656809
CART,holdout,0,2024,0.0,0.005687175863347074,0.034648418067001883
CART,holdout,0,2025,0.0,0.005184865865626325,0.03576956043981851
CART,holdout,0,2026,0.0,0.012724536907289401,0.0429244243868671
CART,holdout,0,2027,0.0,0.08847165383987421,0.1017021639566614
CART,holdout,0,2028,0.0,0.012004764761046637,0.04107041953132662
CART,holdout,0,2029,0.0,0.013643943278755899,0.026130262015062727
CART,holdout,0,2030,0.0,0.012004764761046637,0.031193896210059184
CART,holdout,0,2031,0.0,0.07192662664221268,0.06112735626443889
CART,holdout,0,2032,0.0,0.03004056050941567,0.0413469830764263
CART,holdout,0,2033,0.0,0.003273770868110972,0.007036853859919799
CART,holdout,0,2034,0.0,0.03686944049929951,0.03747242730575085
CART,holdout,0,2035,0.0,0.014376831339230163,0.016502735831139412
CART,holdout,0,2036,0.0,0.008951273156332493,0.06286073857165325
CART,holdout,0,2037,0.0,0.005687175863347074,0.03297356078650405
CART,holdout,0,2038,0.0,0.02055041782091265,0.029953766706216377
CART,holdout,0,2039,1.0,0.0041257902872445735,0.03994531029429973
CART,holdout,0,2040,0.0,0.11487430216181048,0.0981420525742917
CART,holdout,0,2041,0.0,0.061150596615123246,0.04113621910944243
CART,holdout,0,2042,0.0,0.008986901398355684,0.043504439796947826
CART,holdout,0,2043,0.0,0.005687175863347074,0.05028130676153643
CART,holdout,0,2044,0.0,0.07658061304819326,0.09509382441870165
CART,holdout,0,2045,0.0,0.01119099566181491,0.03159400621993186
CART,holdout,0,2046,0.0,0.005687175863347074,0.03573073025119521
CART,holdout,0,2047,0.0,0.004114227535079597,0.040745608098685465
CART,holdout,0,2048,0.0,0.006419535247476271,0.055931682513978
CART,holdout,0,2049,0.0,0.0450682784451592,0.04754706528125323
CART,holdout,0,2050,0.0,0.008734682527235423,0.02101334822639368
CART,holdout,0,2051,0.0,0.012291257496190556,0.048564139196634985
CART,holdout,0,2052,0.0,0.008382971500128211,0.03584774979305685
CART,holdout,0,2053,0.0,0.008382971500128211,0.04092637060905011
CART,holdout,0,2054,0.0,0.012495184371070603,0.05020786690447546
CART,holdout,0,2055,0.0,0.011877900420453317,0.052973810825836146
CART,holdout,0,2056,0.0,0.061570857741005874,0.042971544991085235
CART,holdout,0,2057,0.0,0.02307231402754747,0.008067757287443918
CART,holdout,0,2058,0.0,0.1811854751099102,0.11435984677340091
CART,holdout,0,2059,0.0,0.030526562129463142,0.008402704294316598
CART,holdout,0,2060,0.0,0.015924876071376902,0.07634007490906194
CART,holdout,0,2061,0.0,0.06007559191226961,0.05399475225948395
CART,holdout,0,2062,0.0,0.014374616995184076,0.03777221421752128
CART,holdout,0,2063,0.0,0.04634663568331338,0.047489818674655404
CART,holdout,0,2064,0.0,0.04534610449413269,0.03218757974009595
CART,holdout,0,2065,0.0,0.008983007810948834,0.04638401864286874
CART,holdout,0,2066,0.0,0.008983007810948834,0.06218932827165227
CART,holdout,0,2067,0.0,0.009645120173624403,0.04872803352804955
CART,holdout,0,2068,0.0,0.14335704723475995,0.14470702188704945
CART,holdout,0,2069,0.0,0.040352778815573094,0.05798980667751848
CART,holdout,0,2070,0.0,0.01093988174223856,0.05674591522382726
CART,holdout,0,2071,0.0,0.017332517151703537,0.0281939072083652
CART,holdout,0,2072,0.0,0.012004764761046637,0.041664432225062734
CART,holdout,0,2073,0.0,0.044786132600824584,0.054213922843559574
CART,holdout,0,2074,0.0,0.010477578598848855,0.062434681146904356
CART,holdout,0,2075,0.0,0.07278037631949177,0.031541814848482605
CART,holdout,0,2076,0.0,0.018315332105277162,0.012864459744460714
CART,holdout,0,2077,0.0,0.003915403091531497,0.007227550009402258
CART,holdout,0,2078,0.0,0.006689228375503521,0.009269513167929604
CART,holdout,0,2079,0.0,0.0019909031011866975,0.005037972516061982
CART,holdout,0,2080,0.0,0.0030843414808682103,0.013169316410804571
CART,holdout,0,2081,0.0,0.0020695194533879554,0.006060309795682754
CART,holdout,0,2082,0.0,0.014466076387941711,0.0086050087320125
CART,holdout,0,2083,0.0,0.0026602900631997163,0.004977359938412445
CART,holdout,0,2084,0.0,0.0019909031011866975,0.004033963711997349
CART,holdout,0,2085,0.0,0.003591303315273415,0.007220164457440116
CART,holdout,0,2086,0.0,0.013622194531401626,0.00794339257039634
CART,holdout,0,2087,0.0,0.0019909031011866975,0.004033963711997349
CART,holdout,0,2088,0.0,0.002282762999964835,0.01751631200780017
CART,holdout,0,2089,0.0,0.014325087574301244,0.011996198786828643
CART,holdout,0,2090,0.0,0.014466076387941711,0.0086050087320125
CART,holdout,0,2091,0.0,0.013057575525521187,0.01487397721999052
CART,holdout,0,2092,0.0,0.013622194531401626,0.006999996343981245
CART,holdout,0,2093,0.0,0.004569342684749777,0.006100845318013023
CART,holdout,0,2094,0.0,0.01152118338655162,0.014961993182282923
CART,holdout,0,2095,0.0,0.0020695194533879554,0.015919618320903918
CART,holdout,0,2096,0.0,0.0020695194533879554,0.005600353085726043
CART,holdout,0,2097,0.0,0.002282762999964835,0.00867068870781901
CART,holdout,0,2098,0.0,0.0020695194533879554,0.014803515545003705
CART,holdout,0,2099,0.0,0.0020695194533879554,0.006050803536176494
CART,holdout,0,2100,0.0,0.023855064193489275,0.011309204340458345
CART,holdout,0,2101,0.0,0.0020695194533879554,0.006143806987388901
CART,holdout,0,2102,0.0,0.0020695194533879554,0.016135803946257625
CART,holdout,0,2103,0.0,0.03290921107326244,0.030183922848794207
CART,holdout,0,2104,0.0,0.017504651098991204,0.010778344856845581
CART,holdout,0,2105,0.0,0.004526304535734491,0.012411740653228812
CART,holdout,0,2106,0.0,0.02408430911310244,0.009681838428836638
CART,holdout,0,2107,0.0,0.002282762999964835,0.00867068870781901
CART,holdout,0,2108,0.0,0.0035126869630721573,0.0032403129183465555
CART,holdout,0,2109,0.0,0.0019909031011866975,0.01060352522952094
CART,holdout,0,2110,0.0,0.019209888714980465,0.0075868095854548945
CART,holdout,0,2111,0.0,0.0019909031011866975,0.010589746011383867
CART,holdout,0,2112,0.0,0.0035126869630721573,0.010600563915902557
CART,holdout,0,2113,0.0,0.0015522483706291472,0.00493658206813688
CART,holdout,0,2114,0.0,0.0035126869630721573,0.018638790277364006
CART,holdout,0,2115,0.0,0.020665536913311685,0.0166404550487338
CART,holdout,0,2116,0.0,0.048448924107269455,0.03892026807733413
CART,holdout,0,2117,0.0,0.16065266388091537,0.17146720941652438
CART,holdout,0,2118,0.0,0.10659301199491922,0.11117248188438039
CART,holdout,0,2119,0.0,0.06528936010785022,0.04390586774091352
CART,holdout,0,2120,0.0,0.02833188539243058,0.041683464349565484
CART,holdout,0,2121,0.0,0.02836730937200803,0.03620362202497442
CART,holdout,0,2122,0.0,0.011325906120073939,0.054448506842970354
CART,holdout,0,2123,0.0,0.06422785805960439,0.06493663384743502
CART,holdout,0,2124,0.0,0.01296443684872855,0.050728214799353175
CART,holdout,0,2125,0.0,0.012004764761046637,0.031207664990757507
CART,holdout,0,2126,0.0,0.1238060309433213,0.17115929242130762
CART,holdout,0,2127,0.0,0.017692802373562844,0.052922689812441824
CART,holdout,0,2128,0.0,0.012004764761046637,0.04189691591511432
CART,holdout,0,2129,0.0,0.01160927696558901,0.007396653857675428
CART,holdout,0,2130,0.0,0.022147018394793168,0.01934218861393694
CART,holdout,0,2131,0.0,0.12237150579717399,0.13832623191041551
CART,holdout,0,2132,0.0,0.009864368633474329,0.03265370028351368
CART,holdout,0,2133,0.0,0.004114227535079597,0.030465871084103157
CART,holdout,0,2134,0.0,0.018832574153313332,0.03392678100585507
CART,holdout,0,2135,0.0,0.09098306731768524,0.09503331639980893
CART,holdout,0,2136,0.0,0.0058743199191811785,0.027373017130748148
CART,holdout,0,2137,0.0,0.004871803292655354,0.03851917939457775
CART,holdout,0,2138,0.0,0.04329613541076249,0.06557447733591007
CART,holdout,0,2139,0.0,0.04314270827330017,0.03710262345369742
CART,holdout,0,2140,0.0,0.011091139288259015,0.03553129734378638
CART,holdout,0,2141,0.0,0.004345068542432827,0.01929368174269773
CART,holdout,0,2142,0.0,0.008986901398355684,0.03230052873131703
CART,holdout,0,2143,0.0,0.006943608004370291,0.04577966846913365
CART,holdout,0,2144,0.0,0.0030878150995344708,0.03934046617966962
CART,holdout,0,2145,1.0,0.13470964985346334,0.0972553792960084
CART,holdout,0,2146,0.0,0.06161933233930356,0.03548268497892794
CART,holdout,0,2147,0.0,0.0030878150995344708,0.04008484465024222
CART,holdout,0,2148,1.0,0.032960436318712955,0.01929198985402743
CART,holdout,0,2149,0.0,0.09539048157943976,0.05534608961133311
CART,holdout,0,2150,0.0,0.018769424300471647,0.03507361586471701
CART,holdout,0,2151,0.0,0.02566426771322876,0.03872663640159559
CART,holdout,0,2152,0.0,0.018346012925245493,0.02335543821456341
CART,holdout,0,2153,0.0,0.08120797449209977,0.04298186571895604
CART,holdout,0,2154,0.0,0.016985494423824576,0.026118934071679194
CART,holdout,0,2155,0.0,0.007748439909714267,0.039142018146641415
CART,holdout,0,2156,0.0,0.10187642757109514,0.13008950105685002
CART,holdout,0,2157,0.0,0.07336492357524076,0.04659822767220556
CART,holdout,0,2158,0.0,0.02976491258355912,0.043792977527405616
CART,holdout,0,2159,0.0,0.0773730511134379,0.04461808888086032
CART,holdout,0,2160,0.0,0.20003574938214774,0.16139582690766477
CART,holdout,0,2161,0.0,0.005840191676262781,0.0467706114035645
CART,holdout,0,2162,0.0,0.016142952352866807,0.05585040547310602
CART,holdout,0,2163,0.0,0.056557306842130076,0.07088741987467163
CART,holdout,0,2164,0.0,0.016096437840953028,0.04018943521862035
CART,holdout,0,2165,0.0,0.09538931631585405,0.07739398108337009
CART,holdout,0,2166,0.0,0.0740370001545697,0.07156039743800431
CART,holdout,0,2167,0.0,0.007552956394149387,0.04251945242662591
CART,holdout,0,2168,0.0,0.08278833427328461,0.07083288421049108
CART,holdout,0,2169,0.0,0.10980481171582701,0.11323595786685302
CART,holdout,0,2170,0.0,0.17038645841463845,0.0660431472873391
CART,holdout,0,2171,0.0,0.1356321485258745,0.11558597932250395
CART,holdout,0,2172,0.0,0.15244623920732023,0.05661548003770821
CART,holdout,0,2173,0.0,0.10582321816790263,0.0992885182473968
CART,holdout,0,2174,0.0,0.27299430741548725,0.11859484364540228
CART,holdout,0,2175,0.0,0.19271406422525,0.12415275552586194
CART,holdout,0,2176,0.0,0.1003914320651971,0.03972673029785453
CART,holdout,0,2177,0.0,0.0946633133889658,0.05110145520249476
CART,holdout,0,2178,0.0,0.052143194462383885,0.047587761391683636
CART,holdout,0,2179,0.0,0.09019648327197607,0.11893717016185276
CART,holdout,0,2180,0.0,0.066433358695481,0.04285788615349246
CART,holdout,0,2181,0.0,0.042759919905068715,0.03416053608331582
CART,holdout,0,2182,0.0,0.015939867780838723,0.03481496031446961
CART,holdout,0,2183,0.0,0.15835104344422704,0.09232775938848461
CART,holdout,0,2184,0.0,0.043752322077954736,0.0393969135235962
CART,holdout,0,2185,0.0,0.04111644827157416,0.04998013041444568
CART,holdout,0,2186,0.0,0.08299109125293853,0.07779017084881007
CART,holdout,0,2187,0.0,0.011536922922966828,0.03917506377126416
CART,holdout,0,2188,0.0,0.027045612453979333,0.047101629339428096
CART,holdout,0,2189,0.0,0.06856719551763771,0.043339820572779325
CART,holdout,0,2190,0.0,0.016814444605568062,0.06362676359471357
CART,holdout,0,2191,0.0,0.006648020880445956,0.048857791833037165
CART,holdout,0,2192,0.0,0.007229014299685712,0.038724730949402535
CART,holdout,0,2193,0.0,0.10597495418083391,0.07976726070230639
CART,holdout,0,2194,0.0,0.05745323479559157,0.03492606714789982
CART,holdout,0,2195,0.0,0.011508566012661372,0.03938244373197271
CART,holdout,0,2196,0.0,0.02825891775164142,0.04714139524714385
CART,holdout,0,2197,0.0,0.05019413719062613,0.049490051313305056
CART,holdout,0,2198,0.0,0.030303916550419422,0.04730741593925981
CART,holdout,0,2199,0.0,0.033571298597275964,0.04787947571545291
CART,holdout,0,2200,0.0,0.01048213372927573,0.05510866206097324
CART,holdout,0,2201,0.0,0.06874126186545178,0.04579997023518545
CART,holdout,0,2202,1.0,0.14558993917528795,0.13344705413498129
CART,holdout,0,2203,1.0,0.11737364067526128,0.04374430440681663
CART,holdout,0,2204,0.0,0.2316557824719638,0.17706383037402043
CART,holdout,0,2205,0.0,0.05449672728369377,0.05359189973285804
CART,holdout,0,2206,0.0,0.05063165785784295,0.04712148217709998
CART,holdout,0,2207,0.0,0.05836458225810612,0.05456381837826701
CART,holdout,0,2208,0.0,0.13853837890716916,0.04951830859475433
CART,holdout,0,2209,0.0,0.0254377386555184,0.048389704154042
CART,holdout,0,2210,0.0,0.10111059469544216,0.05205412343362921
CART,holdout,0,2211,0.0,0.11368031012506472,0.05984424537661768
CART,holdout,0,2212,0.0,0.08632521585577445,0.08069593237611943
CART,holdout,0,2213,0.0,0.12059043567489613,0.035253242724344803
CART,holdout,0,2214,0.0,0.13559000339418353,0.08157784742336548
CART,holdout,0,2215,0.0,0.1502764676100187,0.08889044646887671
CART,holdout,0,2216,0.0,0.006694670706327618,0.052893053952247374
CART,holdout,0,2217,0.0,0.015226219954337473,0.04123808381981199
CART,holdout,0,2218,0.0,0.04000943167677134,0.06640495197552183
CART,holdout,0,2219,0.0,0.0815328257768417,0.0783479528165165
CART,holdout,0,2220,0.0,0.0392504748476902,0.05652375455608223
CART,holdout,0,2221,0.0,0.22332036214038486,0.12917542159398582
CART,holdout,0,2222,0.0,0.16646356143677507,0.0862982289193432
CART,holdout,0,2223,1.0,0.07478414262062913,0.02594767482707843
CART,holdout,0,2224,0.0,0.14474189323215392,0.13218807263583598
CART,holdout,0,2225,0.0,0.061560750660547794,0.043885950769404804
CART,holdout,0,2226,0.0,0.031896575386779265,0.043017742567057496
CART,holdout,0,2227,0.0,0.011169991783515472,0.030690118136219167
CART,holdout,0,2228,0.0,0.034404816021288774,0.0365596511310626
CART,holdout,0,2229,0.0,0.05263719638939945,0.06640495197552183
CART,holdout,0,2230,0.0,0.12125932829037468,0.129714758344833
CART,holdout,0,2231,0.0,0.07462138550673354,0.05234492126576308
CART,holdout,0,2232,0.0,0.20987255887378273,0.10417935010817435
CART,holdout,0,2233,0.0,0.044720702307172094,0.044866120357523596
CART,holdout,0,2234,0.0,0.023105487238052242,0.07229059824907884
CART,holdout,0,2235,0.0,0.0060942027298928805,0.029053708634965
CART,holdout,0,2236,0.0,0.06010882656417756,0.061333437143598374
CART,holdout,0,2237,0.0,0.13597850696170083,0.055582078460339905
CART,holdout,0,2238,0.0,0.05391915973677467,0.06057122891555712
CART,holdout,0,2239,0.0,0.2700739055403559,0.2207630922538782
CART,holdout,0,2240,0.0,0.10904642547373311,0.11360586097196838
CART,holdout,0,2241,0.0,0.09471358260946319,0.06225323991173928
CART,holdout,0,2242,0.0,0.2474165788269048,0.20452472665598329
CART,holdout,0,2243,1.0,0.23110938233789569,0.16198258399303633
CART,holdout,0,2244,0.0,0.12330423366998201,0.06684177552779232
CART,holdout,0,2245,0.0,0.06313537883697186,0.0520880902018249
CART,holdout,0,2246,0.0,0.054588996736366864,0.048726151098078534
CART,holdout,0,2247,0.0,0.053747719427807074,0.047011865383792824
CART,holdout,0,2248,0.0,0.016530547493162875,0.0663840721454679
CART,holdout,0,2249,0.0,0.017410029916762947,0.05919679086275782
CART,holdout,0,2250,0.0,0.016658609785252975,0.04948255103191619
CART,holdout,0,2251,0.0,0.16786285639376192,0.09388012708325463
CART,holdout,0,2252,0.0,0.0674152246682276,0.06897264503756148
CART,holdout,0,2253,0.0,0.08248859638033858,0.07678537431977987
CART,holdout,0,2254,1.0,0.2730928397942312,0.17461639081381938
CART,holdout,0,2255,0.0,0.1021603937909074,0.09064140432153227
CART,holdout,0,2256,0.0,0.06671720667552355,0.038122348343289
CART,holdout,0,2257,0.0,0.05328563148349639,0.0584096590153292
CART,holdout,0,2258,0.0,0.013664431424644206,0.025100974102846226
CART,holdout,0,2259,0.0,0.02763887405924292,0.022838603601623594
CART,holdout,0,2260,0.0,0.016566206564161627,0.025668091057547835
CART,holdout,0,2261,0.0,0.015397644043007143,0.039526375058206824
CART,holdout,0,2262,0.0,0.009910763029001199,0.02264910457918134
CART,holdout,0,2263,0.0,0.005505063997342773,0.025824110032815366
CART,holdout,0,2264,0.0,0.009697997071554389,0.02157383576197704
CART,holdout,0,2265,0.0,0.03520451480795695,0.03870009912693519
CART,holdout,0,2266,0.0,0.03428197177235533,0.013575211044709535
CART,holdout,0,2267,0.0,0.04033843827527436,0.015756973328007542
CART,holdout,0,2268,0.0,0.03770384082510499,0.01231586690518698
CART,holdout,0,2269,0.0,0.04728073921721272,0.02017716949820371
CART,holdout,0,2270,0.0,0.08642423328069801,0.03253919648195352
CART,holdout,0,2271,0.0,0.13061320200411447,0.08966440972161899
CART,holdout,0,2272,0.0,0.04033843827527436,0.015975514248250604
CART,holdout,0,2273,0.0,0.04565728746819952,0.022658259198302944
CART,holdout,0,2274,0.0,0.05044407055930751,0.013781865102899313
CART,holdout,0,2275,0.0,0.04619502003701355,0.04639613294797459
CART,holdout,0,2276,0.0,0.015688197046623473,0.031985504064963005
CART,holdout,0,2277,0.0,0.14763131533349222,0.18034646508725088
CART,holdout,0,2278,1.0,0.04428401462725286,0.059761131363742635
CART,holdout,0,2279,0.0,0.1253883260085066,0.09954424402012911
CART,holdout,0,2280,0.0,0.004843760416646655,0.028933146978137484
CART,holdout,0,2281,0.0,0.01828545170051943,0.02994823050127957
CART,holdout,0,2282,0.0,0.02712044908618735,0.032429386091311914
CART,holdout,0,2283,0.0,0.03373693869148209,0.025614257560825124
CART,holdout,0,2284,0.0,0.039223873494062166,0.036996095356360684
CART,holdout,0,2285,1.0,0.0046291759467430365,0.017206256154852703
CART,holdout,0,2286,0.0,0.06716101173892869,0.04338331619196511
CART,holdout,0,2287,0.0,0.06477276873286067,0.05532607421315683
CART,holdout,0,2288,0.0,0.01816673622818708,0.028200352102241404
CART,holdout,0,2289,0.0,0.011745847468288695,0.03091022331561435
CART,holdout,0,2290,0.0,0.04924985013468173,0.06007974185482982
CART,holdout,0,2291,1.0,0.018153139936712984,0.03179802771180905
CART,holdout,0,2292,0.0,0.13898918133205107,0.048881799650971766
CART,holdout,0,2293,0.0,0.03449300158316245,0.07941105496829866
CART,holdout,0,2294,0.0,0.052232069564055,0.08470855925425631
CART,holdout,0,2295,0.0,0.047368152623803644,0.038450071765857824
CART,holdout,0,2296,0.0,0.011533983149796366,0.0070895319766753895
CART,holdout,0,2297,0.0,0.025598668156534148,0.024950647971558843
CART,holdout,0,2298,0.0,0.011533983149796366,0.006546078075012533
CART,holdout,0,2299,0.0,0.02505063483276443,0.030745930585896482
CART,holdout,0,2300,0.0,0.004416409989296228,0.02665992150047005
CART,holdout,0,2301,0.0,0.004416409989296228,0.029667684040447142
CART,holdout,0,2302,0.0,0.01697167506696723,0.03533027906846535
CART,holdout,0,2303,0.0,0.018819740527942195,0.02419459041852603
CART,holdout,0,2304,1.0,0.006632028073929514,0.05160985703131877
CART,holdout,0,2305,0.0,0.06311409855357888,0.042296878995435314
CART,holdout,0,2306,0.0,0.04497947270700301,0.049480630055545365
CART,holdout,0,2307,0.0,0.08351098861760264,0.08061731186410147
CART,holdout,0,2308,0.0,0.00517900462380429,0.052668399132859596
CART,holdout,0,2309,0.0,0.009540191834359652,0.03658867746407582
CART,holdout,0,2310,0.0,0.004444585913383181,0.02770663636018234
CART,holdout,0,2311,0.0,0.0030878150995344708,0.031342708392246205
CART,holdout,0,2312,0.0,0.010069293371872077,0.033446501598828546
CART,holdout,0,2313,0.0,0.06113563309782303,0.07996390942040149
CART,holdout,0,2314,0.0,0.00763407325995949,0.037576892436389064
CART,holdout,0,2315,0.0,0.007748439909714267,0.041629719808907555
CART,holdout,0,2316,0.0,0.15700755772445063,0.12109779449303441
CART,holdout,0,2317,0.0,0.058435902123915515,0.05683160606963829
CART,holdout,0,2318,0.0,0.00981016907932048,0.04903016912676601
CART,holdout,0,2319,0.0,0.0384093425909655,0.026521783839721928
CART,holdout,0,2320,0.0,0.018806394713765117,0.05501173478454557
CART,holdout,0,2321,0.0,0.042677649741304065,0.05598703866942408
CART,holdout,0,2322,0.0,0.03586753140268176,0.07056093075551204
CART,holdout,0,2323,0.0,0.1407244555909788,0.1586389725549924
CART,holdout,0,2324,0.0,0.007748439909714267,0.0349301970272834
CART,holdout,0,2325,0.0,0.023750174761918683,0.018823421863642425
CART,holdout,0,2326,0.0,0.0077656875495109275,0.05783146993737366
CART,holdout,0,2327,0.0,0.1860132967888672,0.1492817471307844
CART,holdout,0,2328,0.0,0.017266374605185198,0.031827515069889685
CART,holdout,0,2329,0.0,0.02184328522013964,0.035907084530623364
CART,holdout,0,2330,0.0,0.31538076074149496,0.2566505999695204
CART,holdout,0,2331,0.0,0.0699168679318802,0.04986256931903777
CART,holdout,0,2332,0.0,0.008029048035613367,0.05540756805137858
CART,holdout,0,2333,1.0,0.0077656875495109275,0.04789107799689606
CART,holdout,0,2334,0.0,0.07087473832228713,0.08019298483840624
CART,holdout,0,2335,0.0,0.14092744864064516,0.15245222967284605
CART,holdout,0,2336,0.0,0.015984119421929524,0.056190060130899035
CART,holdout,0,2337,0.0,0.008736506853663565,0.0665189574389425
CART,holdout,0,2338,0.0,0.01589961335908511,0.022909869659853085
CART,holdout,0,2339,0.0,0.010259463221369707,0.04025937345032327
CART,holdout,0,2340,0.0,0.07459666192550188,0.06644059769549357
CART,holdout,0,2341,0.0,0.21927371418507802,0.17364013138183132
CART,holdout,0,2342,0.0,0.05161494084774514,0.044519979883647566
CART,holdout,0,2343,0.0,0.018067863775877022,0.021689137446025922
CART,holdout,0,2344,0.0,0.05129484506828636,0.0388254313639308
CART,holdout,0,2345,0.0,0.1724550648555603,0.15445830053891438
CART,holdout,0,2346,0.0,0.040287888489588995,0.034793506109292174
CART,holdout,0,2347,0.0,0.023481381147132423,0.056749700653774854
CART,holdout,0,2348,0.0,0.13946673954159608,0.15389832041960344
CART,holdout,0,2349,0.0,0.050170441443882725,0.0411198757256336
CART,holdout,0,2350,0.0,0.0811532621135361,0.0886847730211499
CART,holdout,0,2351,0.0,0.031859333370557755,0.03081264613735638
CART,holdout,0,2352,0.0,0.03479469766773377,0.04821667312637188
CART,holdout,0,2353,0.0,0.1548996614434645,0.15594801603225159
CART,holdout,0,2354,0.0,0.12285132126137478,0.11945186773451058
CART,holdout,0,2355,0.0,0.02643377028589354,0.060930955930844334
CART,holdout,0,2356,0.0,0.12583273864898253,0.10296925712449387
CART,holdout,0,2357,0.0,0.11893304922891951,0.13100460684378476
CART,holdout,0,2358,0.0,0.03126730287020388,0.011105649574178632
CART,holdout,0,2359,0.0,0.01705551001231721,0.05511400895911205
CART,holdout,0,2360,0.0,0.004231819955936372,0.025231668370165248
CART,holdout,0,2361,0.0,0.03762376808336963,0.051866094011900975
CART,holdout,0,2362,0.0,0.017155455871083587,0.027075076385054044
CART,holdout,0,2363,0.0,0.09315430422389305,0.10179298164887869
CART,holdout,0,2364,0.0,0.009171909942391273,0.007396653857675428
CART,holdout,0,2365,0.0,0.036564434743827263,0.04633100630322193
CART,holdout,0,2366,0.0,0.03460357385659787,0.01346885460968953
CART,holdout,0,2367,0.0,0.009386860828983951,0.007396653857675428
CART,holdout,0,2368,0.0,0.015029823502912381,0.011534741994669594
CART,holdout,0,2369,0.0,0.039625802211289834,0.04878227013195448
CART,holdout,0,2370,0.0,0.009966292818943739,0.010993175968589055
CART,holdout,0,2371,0.0,0.054981637297793796,0.05563384626094948
CART,holdout,0,2372,0.0,0.08181807996192289,0.06407713587041376
CART,holdout,0,2373,0.0,0.01073746503117685,0.0788595933947875
CART,holdout,0,2374,0.0,0.13738656694060863,0.1610673038810723
CART,holdout,0,2375,0.0,0.12642623440354633,0.11567099883749493
CART,holdout,0,2376,0.0,0.031861701555380255,0.030374177696065572
CART,holdout,0,2377,0.0,0.01432454704784679,0.05306200137359319
CART,holdout,0,2378,0.0,0.08971562308695241,0.044219902581062585
CART,holdout,0,2379,0.0,0.02988336863252466,0.04047296581746028
CART,holdout,0,2380,0.0,0.10752380821314764,0.09754559162925329
CART,holdout,0,2381,0.0,0.00798659005726147,0.045565689566756995
CART,holdout,0,2382,0.0,0.04706543034954846,0.05302943548542958
CART,holdout,0,2383,0.0,0.019448554715550008,0.024838676535374853
CART,holdout,0,2384,0.0,0.017414093103133913,0.050193038390366
CART,holdout,0,2385,0.0,0.037541456692606875,0.0823597264010287
CART,holdout,0,2386,0.0,0.013844900203520909,0.023258351186143545
CART,holdout,0,2387,0.0,0.004629653535873108,0.04015353395061893
CART,holdout,0,2388,0.0,0.013546603197385274,0.036526330270231416
CART,holdout,0,2389,0.0,0.013546603197385274,0.0325962768720929
CART,holdout,0,2390,0.0,0.03855558961078011,0.0511191035533737
CART,holdout,0,2391,0.0,0.01679539585248492,0.06693592367713808
CART,holdout,0,2392,0.0,0.015958651319118958,0.009648401354020722
CART,holdout,0,2393,0.0,0.035525743558523934,0.031249189306614647
CART,holdout,0,2394,0.0,0.08771207704511287,0.02391234317767783
CART,holdout,0,2395,1.0,0.004416409989296228,0.032106060232389905
CART,holdout,0,2396,0.0,0.0833289807108847,0.032946294486413306
CART,holdout,0,2397,0.0,0.013857810327826821,0.017871944002762555
CART,holdout,0,2398,0.0,0.002979467895877561,0.007306236331771413
CART,holdout,0,2399,0.0,0.005667628723583211,0.027793098447322924
CART,holdout,0,2400,0.0,0.03767084063792244,0.0718133393557477
CART,holdout,0,2401,0.0,0.02928263049507901,0.024436875906519162
CART,holdout,0,2402,0.0,0.05924989188456187,0.05935183607413972
CART,holdout,0,2403,0.0,0.042180575324589235,0.04219252344637739
CART,holdout,0,2404,0.0,0.012639735669682779,0.026613775765559258
CART,holdout,0,2405,0.0,0.017165658597709837,0.04965528637381454
CART,holdout,0,2406,0.0,0.03535064070902686,0.05931700684504833
CART,holdout,0,2407,0.0,0.031647822167109776,0.013462888060438457
CART,holdout,0,2408,0.0,0.03282763927022335,0.007713010362517402
CART,holdout,0,2409,0.0,0.0293125970138058,0.032445453724086595
CART,holdout,0,2410,0.0,0.016162279953096628,0.019374365568875784
CART,holdout,0,2411,0.0,0.10095527101763394,0.03692627978244868
CART,holdout,0,2412,0.0,0.03148597082642445,0.003699039897727931
CART,holdout,0,2413,0.0,0.032072922289091275,0.004299325858000977
CART,holdout,0,2414,0.0,0.051845978516911,0.016567861933370273
CART,holdout,0,2415,0.0,0.034707071894336826,0.008656406588932497
CART,holdout,0,2416,0.0,0.01690373375665239,0.0107904121718136
CART,holdout,0,2417,0.0,0.010536629511829309,0.004145775791538264
CART,holdout,0,2418,0.0,0.015492377846895129,0.004145775791538264
CART,holdout,0,2419,0.0,0.01759067256111379,0.005042242172519157
CART,holdout,0,2420,0.0,0.01329080526636999,0.005995625641388113
CART,holdout,0,2421,0.0,0.01329080526636999,0.010541080186842655
CART,holdout,0,2422,0.0,0.015033571197070248,0.007051612701467978
CART,holdout,0,2423,0.0,0.01522018534457263,0.01596143501314555
CART,holdout,0,2424,0.0,0.001630864722830405,0.005850694239532544
CART,holdout,0,2425,0.0,0.0137973960486679,0.0054537567101673335
CART,holdout,0,2426,0.0,0.04347404493313574,0.01570149515803828
CART,holdout,0,2427,0.0,0.007751550292310926,0.010541080186842655
CART,holdout,0,2428,0.0,0.006343049429890403,0.015262429627201627
CART,holdout,0,2429,0.0,0.019227794731042525,0.030926767003456715
CART,holdout,0,2430,0.0,0.006343049429890403,0.015262429627201627
CART,holdout,0,2431,0.0,0.006343049429890403,0.015262429627201627
CART,holdout,0,2432,0.0,0.007751550292310926,0.009826794472556943
CART,holdout,0,2433,0.0,0.003528847971852656,0.0022250191759980746
CART,holdout,0,2434,0.0,0.003528847971852656,0.0027300696810485803
CART,holdout,0,2435,0.0,0.006343049429890403,0.015262429627201627
CART,holdout,0,2436,0.0,0.003134285637635149,0.0020922434549870603
CART,holdout,0,2437,0.0,0.006343049429890403,0.008740560691539589
CART,holdout,0,2438,0.0,0.0569887911406559,0.0789550693839126
CART,holdout,0,2439,0.0,0.004747188863441601,0.0020922434549870603
CART,holdout,0,2440,0.0,0.003528847971852656,0.0034808204317993306
CART,holdout,0,2441,1.0,0.003528847971852656,0.0034808204317993306
CART,holdout,0,2442,0.0,0.12463837052769779,0.1229122696462699
CART,holdout,0,2443,0.0,0.013436158557417765,0.0075659456120801055
CART,holdout,0,2444,0.0,0.12475713836903439,0.11762876814260782
CART,holdout,0,2445,0.0,0.014463019573739215,0.01829936818653778
CART,holdout,0,2446,0.0,0.004339033833821453,0.04054449984658386
CART,holdout,0,2447,0.0,0.008860638772093058,0.021788645911715553
CART,holdout,0,2448,0.0,0.012257226810649275,0.018451915654034107
CART,holdout,0,2449,0.0,0.06972101688179953,0.030517522319765844
CART,holdout,0,2450,0.0,0.04805086539129651,0.030161922723703494
CART,holdout,0,2451,0.0,0.0536708184392846,0.05555438759288703
CART,holdout,0,2452,0.0,0.04344299093691957,0.034905736984234915
CART,holdout,0,2453,0.0,0.03950085532170225,0.038450071765857824
CART,holdout,0,2454,0.0,0.042576879962880496,0.041651695555751295
CART,holdout,0,2455,0.0,0.1412411260628104,0.14920832625306382
CART,holdout,0,2456,0.0,0.038272840439994196,0.04778345534215768
CART,holdout,0,2457,0.0,0.1733539400865606,0.08695214796494662
CART,holdout,0,2458,0.0,0.04152245639082357,0.034793506109292174
CART,holdout,0,2459,0.0,0.020874940746574564,0.015265679100896363
CART,holdout,0,2460,0.0,0.04433494915555152,0.039460172775958834
CART,holdout,0,2461,0.0,0.04109389277296859,0.03940848862017234
CART,holdout,0,2462,0.0,0.01046707598622739,0.03898863448303961
CART,holdout,0,2463,0.0,0.1303469744705444,0.10624820378304453
CART,holdout,0,2464,0.0,0.03911164269608229,0.014009541335072598
CART,holdout,0,2465,0.0,0.07361452673230598,0.06253903046031523
CART,holdout,0,2466,0.0,0.04917281153355053,0.01714934552282199
CART,holdout,0,2467,0.0,0.04485578972415691,0.039460172775958834
CART,holdout,0,2468,0.0,0.04685577241169455,0.04556899704407287
CART,holdout,0,2469,0.0,0.007901349193902089,0.01972800509549948
CART,holdout,0,2470,0.0,0.04050283937618168,0.034905736984234915
CART,holdout,0,2471,0.0,0.04121007303709249,0.069564657048173
CART,holdout,0,2472,0.0,0.1342930111075774,0.10823093091590924
CART,holdout,0,2473,0.0,0.0074164594199934005,0.01739278177604674
CART,holdout,0,2474,0.0,0.003535643424173137,0.017960964037514994
CART,holdout,0,2475,0.0,0.06225972476767889,0.04836226151348864
CART,holdout,0,2476,0.0,0.002874571552957591,0.020927438087131447
CART,holdout,0,2477,0.0,0.015140394669845564,0.04772415301286406
CART,holdout,0,2478,0.0,0.005593449790814076,0.011809993105022775
CART,holdout,0,2479,0.0,0.030135507000229485,0.036406584249786676
CART,holdout,0,2480,0.0,0.0024976682364630342,0.01126466282067579
CART,holdout,0,2481,0.0,0.0343512417001146,0.029736063870947422
CART,holdout,0,2482,0.0,0.011887959325107327,0.013789473942712568
CART,holdout,0,2483,0.0,0.0593229599843971,0.0683183134055459
CART,holdout,0,2484,0.0,0.008113675420246002,0.007201762851618128
CART,holdout,0,2485,0.0,0.04299538138270544,0.01518569023849118
CART,holdout,0,2486,0.0,0.01934163290131076,0.010778344856845581
CART,holdout,0,2487,0.0,0.004740282855689949,0.013319425879879557
CART,holdout,0,2488,0.0,0.008326883486398593,0.006462144077799456
CART,holdout,0,2489,0.0,0.040570492208849895,0.053875613917137376
CART,holdout,0,2490,0.0,0.010352308940224899,0.004537191667468652
CART,holdout,0,2491,0.0,0.06751662167125969,0.06805673288001257
CART,holdout,0,2492,0.0,0.02492766341491509,0.04912625199343642
CART,holdout,0,2493,0.0,0.00560008213754802,0.008169059948478297
CART,holdout,0,2494,0.0,0.004291064233109368,0.013639587986374995
CART,holdout,0,2495,0.0,0.019281114427085657,0.03476567609248544
CART,holdout,0,2496,0.0,0.004419826423360403,0.01238068012215404
CART,holdout,0,2497,0.0,0.012702334609377912,0.01339670217071324
CART,holdout,0,2498,0.0,0.03704495617805277,0.03583368720715271
CART,holdout,0,2499,0.0,0.09001286377075209,0.10841514928146918
CART,holdout,0,2500,0.0,0.16356980508554048,0.09053116563008021
CART,holdout,0,2501,0.0,0.030328135687684943,0.033814227232191095
CART,holdout,0,2502,0.0,0.005747933671713052,0.01238068012215404
CART,holdout,0,2503,0.0,0.011951140358976247,0.019233474225631025
CART,holdout,0,2504,0.0,0.006229500243594035,0.02420411022207819
CART,holdout,0,2505,0.0,0.023192311867006512,0.03971771710434184
CART,holdout,0,2506,1.0,0.03019212847082852,0.03311371577433778
CART,holdout,0,2507,0.0,0.0597192441416008,0.044796078127555004
CART,holdout,0,2508,0.0,0.007373817615320697,0.03293292134535841
CART,holdout,0,2509,0.0,0.02873252278227533,0.044726572461919196
CART,holdout,0,2510,0.0,0.005593449790814076,0.01765471238689014
CART,holdout,0,2511,0.0,0.04048009988082768,0.049928957980878076
CART,holdout,0,2512,0.0,0.036159824859383266,0.012878860752337221
CART,holdout,0,2513,0.0,0.058866437367202,0.053834702587182516
CART,holdout,0,2514,0.0,0.048486864787735603,0.014005776791225012
CART,holdout,0,2515,0.0,0.03253534095173774,0.032034108936479254
CART,holdout,0,2516,1.0,0.06355490286278734,0.10423847820977995
CART,holdout,0,2517,0.0,0.10650937273776476,0.05285433213237487
CART,holdout,0,2518,0.0,0.03457935558571552,0.03444066550257947
CART,holdout,0,2519,0.0,0.019611734913261257,0.02321539026996066
CART,holdout,0,2520,0.0,0.03118868651800262,0.023755706630450377
CART,holdout,0,2521,0.0,0.03118868651800262,0.0142780294063559
CART,holdout,0,2522,0.0,0.03118868651800262,0.023890398198079126
CART,holdout,0,2523,0.0,0.034428749816242554,0.03287039557526004
CART,holdout,0,2524,0.0,0.03099542599953885,0.016598073816602874
CART,holdout,0,2525,0.0,0.03435807348001564,0.010735539007768968
CART,holdout,0,2526,0.0,0.04033298338073312,0.0214414119458697
CART,holdout,0,2527,0.0,0.04652974276989543,0.022128359672900465
CART,holdout,0,2528,0.0,0.05074067451679033,0.015197775023306286
CART,holdout,0,2529,0.0,0.052488579147292214,0.04747255649741384
CART,holdout,0,2530,0.0,0.03454692163357682,0.017850998671595723
CART,holdout,0,2531,0.0,0.04917281153355053,0.01714934552282199
CART,holdout,0,2532,0.0,0.03368800907550182,0.025769051436943316
CART,holdout,0,2533,0.0,0.0780917708139721,0.07393200899447194
CART,holdout,0,2534,0.0,0.03511508813936197,0.019769179742469823
CART,holdout,0,2535,0.0,0.03822871395043049,0.011743440073113792
CART,holdout,0,2536,1.0,0.0035126869630721573,0.005753184488557447
CART,holdout,0,2537,0.0,0.08031052170434358,0.06459861681448671
CART,holdout,0,2538,0.0,0.0015522483706291472,0.003963174979131928
CART,holdout,0,2539,0.0,0.062241351866337974,0.10412026389236782
CART,holdout,0,2540,0.0,0.03856579199624736,0.07906366655294107
CART,holdout,0,2541,0.0,0.14180642176227873,0.10103683903904562
CART,holdout,0,2542,0.0,0.020027647813739762,0.015684266872206944
CART,holdout,0,2543,0.0,0.0886842108701675,0.07349495693136923
CART,holdout,0,2544,0.0,0.05450616590534556,0.08768427149676976
CART,holdout,0,2545,0.0,0.03122332211144965,0.04165480182534883
CART,holdout,0,2546,0.0,0.12402642451183515,0.13290433643030167
CART,holdout,0,2547,1.0,0.052422832572012225,0.08768427149676976
CART,holdout,0,2548,0.0,0.07315995089032955,0.05953127346751283
CART,holdout,0,2549,0.0,0.10276492308084641,0.07892983708696996
CART,holdout,0,2550,0.0,0.004481823126501117,0.012479323941916868
CART,holdout,0,2551,0.0,0.00407829827566256,0.012016972444562036
CART,holdout,0,2552,0.0,0.03164530752256883,0.01279929207738321
CART,holdout,0,2553,0.0,0.03164530752256883,0.0123393353674265
CART,holdout,0,2554,0.0,0.03308661552380868,0.024272263828042054
CART,holdout,0,2555,0.0,0.030447945777261884,0.009930253431744855
CART,holdout,0,2556,0.0,0.03390145247544943,0.018864303474877605
CART,holdout,0,2557,0.0,0.034428749816242554,0.031215580929585054
CART,holdout,0,2558,0.0,0.03686158959044306,0.02429364364281029
CART,holdout,0,2559,0.0,0.0658071551150396,0.10738472303244775
CART,holdout,0,2560,0.0,0.012326251547035568,0.01385045191020782
CART,holdout,0,2561,0.0,0.10409341985786223,0.04544264732976115
CART,holdout,0,2562,0.0,0.03457935558571552,0.035107332169246136
CART,holdout,0,2563,0.0,0.08249294625728827,0.05524146039194563
CART,holdout,0,2564,0.0,0.024769382251415246,0.03528943633341537
CART,holdout,0,2565,0.0,0.036458788209828986,0.03339291922441893
CART,holdout,0,2566,0.0,0.036458788209828986,0.03299291922441893
CART,holdout,0,2567,0.0,0.04488077931205739,0.053349219524267584
CART,holdout,0,2568,0.0,0.020623379811555504,0.0385984861577139
CART,holdout,0,2569,0.0,0.03253534095173774,0.033436749200505655
CART,holdout,0,2570,0.0,0.04033960258844618,0.04129951775135309
CART,holdout,0,2571,0.0,0.03336867428507108,0.025386725150481602
CART,holdout,0,2572,0.0,0.05105190005074548,0.07016515038785068
CART,holdout,0,2573,0.0,0.08176459499675506,0.10824905604809515
CART,holdout,0,2574,0.0,0.0658071551150396,0.11939383193684062
CART,holdout,0,2575,0.0,0.05042804452766641,0.10040762568958245
CART,holdout,0,2576,0.0,0.00240846456190344,0.010719666607786187
CART,holdout,0,2577,0.0,0.005521465785346762,0.014499821152120859
