model,scheme,fold,workflow,rule,cost,budget,scenario_prevalence,expected_loss100,expected_alert_rate,empirical_fnr,empirical_fpr,loss_no_alarm_100,delta_loss_vs_no_alarm_100
XGBoost,time,0,fixed,none,5,,0.02,10.0,0.0,1.0,0.0,10.0,0.0
XGBoost,time,0,fixed,none,5,,0.05,25.0,0.0,1.0,0.0,25.0,0.0
XGBoost,time,0,fixed,none,5,,0.1,50.0,0.0,1.0,0.0,50.0,0.0
XGBoost,time,0,fixed,none,5,,0.15,75.0,0.0,1.0,0.0,75.0,0.0
XGBoost,time,0,fixed,none,10,,0.02,20.0,0.0,1.0,0.0,20.0,0.0
XGBoost,time,0,fixed,none,10,,0.05,50.0,0.0,1.0,0.0,50.0,0.0
XGBoost,time,0,fixed,none,10,,0.1,100.0,0.0,1.0,0.0,100.0,0.0
XGBoost,time,0,fixed,none,10,,0.15,150.0,0.0,1.0,0.0,150.0,0.0
XGBoost,time,0,fixed,none,20,,0.02,40.0,0.0,1.0,0.0,40.0,0.0
XGBoost,time,0,fixed,none,20,,0.05,100.0,0.0,1.0,0.0,100.0,0.0
XGBoost,time,0,fixed,none,20,,0.1,200.0,0.0,1.0,0.0,200.0,0.0
XGBoost,time,0,fixed,none,20,,0.15,300.0,0.0,1.0,0.0,300.0,0.0
XGBoost,time,0,fixed,none,50,,0.02,100.0,0.0,1.0,0.0,100.0,0.0
XGBoost,time,0,fixed,none,50,,0.05,250.0,0.0,1.0,0.0,250.0,0.0
XGBoost,time,0,fixed,none,50,,0.1,500.0,0.0,1.0,0.0,500.0,0.0
XGBoost,time,0,fixed,none,50,,0.15,750.0,0.0,1.0,0.0,750.0,0.0
XGBoost,time,0,fixed,A_b01,5,0.01,0.02,11.633333333333328,0.0163333333333332,1.0,0.0166666666666666,10.0,1.6333333333333275
XGBoost,time,0,fixed,A_b01,5,0.01,0.05,26.583333333333325,0.0158333333333332,1.0,0.0166666666666666,25.0,1.583333333333325
XGBoost,time,0,fixed,A_b01,5,0.01,0.1,51.49999999999999,0.0149999999999999,1.0,0.0166666666666666,50.0,1.499999999999993
XGBoost,time,0,fixed,A_b01,5,0.01,0.15,76.41666666666667,0.0141666666666666,1.0,0.0166666666666666,75.0,1.4166666666666714
XGBoost,time,0,fixed,A_b01,10,0.01,0.02,21.63333333333333,0.0163333333333332,1.0,0.0166666666666666,20.0,1.6333333333333293
XGBoost,time,0,fixed,A_b01,10,0.01,0.05,51.58333333333333,0.0158333333333332,1.0,0.0166666666666666,50.0,1.5833333333333286
XGBoost,time,0,fixed,A_b01,10,0.01,0.1,101.5,0.0149999999999999,1.0,0.0166666666666666,100.0,1.5
XGBoost,time,0,fixed,A_b01,10,0.01,0.15,151.41666666666666,0.0141666666666666,1.0,0.0166666666666666,150.0,1.4166666666666572
XGBoost,time,0,fixed,A_b01,20,0.01,0.02,41.633333333333326,0.0163333333333332,1.0,0.0166666666666666,40.0,1.6333333333333258
XGBoost,time,0,fixed,A_b01,20,0.01,0.05,101.58333333333334,0.0158333333333332,1.0,0.0166666666666666,100.0,1.5833333333333428
XGBoost,time,0,fixed,A_b01,20,0.01,0.1,201.5,0.0149999999999999,1.0,0.0166666666666666,200.0,1.5
XGBoost,time,0,fixed,A_b01,20,0.01,0.15,301.4166666666667,0.0141666666666666,1.0,0.0166666666666666,300.0,1.4166666666666856
XGBoost,time,0,fixed,A_b01,50,0.01,0.02,101.63333333333333,0.0163333333333332,1.0,0.0166666666666666,100.0,1.6333333333333258
XGBoost,time,0,fixed,A_b01,50,0.01,0.05,251.5833333333333,0.0158333333333332,1.0,0.0166666666666666,250.0,1.583333333333286
XGBoost,time,0,fixed,A_b01,50,0.01,0.1,501.5,0.0149999999999999,1.0,0.0166666666666666,500.0,1.5
XGBoost,time,0,fixed,A_b01,50,0.01,0.15,751.4166666666666,0.0141666666666666,1.0,0.0166666666666666,750.0,1.4166666666666288
XGBoost,time,0,fixed,A_b05,5,0.05,0.02,12.041666666666664,0.0204166666666666,1.0,0.0208333333333333,10.0,2.0416666666666643
XGBoost,time,0,fixed,A_b05,5,0.05,0.05,26.979166666666664,0.0197916666666666,1.0,0.0208333333333333,25.0,1.9791666666666643
XGBoost,time,0,fixed,A_b05,5,0.05,0.1,51.87499999999999,0.0187499999999999,1.0,0.0208333333333333,50.0,1.874999999999993
XGBoost,time,0,fixed,A_b05,5,0.05,0.15,76.77083333333333,0.0177083333333333,1.0,0.0208333333333333,75.0,1.7708333333333286
XGBoost,time,0,fixed,A_b05,10,0.05,0.02,22.041666666666664,0.0204166666666666,1.0,0.0208333333333333,20.0,2.0416666666666643
XGBoost,time,0,fixed,A_b05,10,0.05,0.05,51.97916666666666,0.0197916666666666,1.0,0.0208333333333333,50.0,1.9791666666666572
XGBoost,time,0,fixed,A_b05,10,0.05,0.1,101.875,0.0187499999999999,1.0,0.0208333333333333,100.0,1.875
XGBoost,time,0,fixed,A_b05,10,0.05,0.15,151.77083333333331,0.0177083333333333,1.0,0.0208333333333333,150.0,1.7708333333333144
XGBoost,time,0,fixed,A_b05,20,0.05,0.02,42.04166666666666,0.0204166666666666,1.0,0.0208333333333333,40.0,2.041666666666657
XGBoost,time,0,fixed,A_b05,20,0.05,0.05,101.97916666666669,0.0197916666666666,1.0,0.0208333333333333,100.0,1.9791666666666856
XGBoost,time,0,fixed,A_b05,20,0.05,0.1,201.875,0.0187499999999999,1.0,0.0208333333333333,200.0,1.875
XGBoost,time,0,fixed,A_b05,20,0.05,0.15,301.7708333333333,0.0177083333333333,1.0,0.0208333333333333,300.0,1.7708333333333144
XGBoost,time,0,fixed,A_b05,50,0.05,0.02,102.04166666666666,0.0204166666666666,1.0,0.0208333333333333,100.0,2.041666666666657
XGBoost,time,0,fixed,A_b05,50,0.05,0.05,251.97916666666663,0.0197916666666666,1.0,0.0208333333333333,250.0,1.9791666666666288
XGBoost,time,0,fixed,A_b05,50,0.05,0.1,501.875,0.0187499999999999,1.0,0.0208333333333333,500.0,1.875
XGBoost,time,0,fixed,A_b05,50,0.05,0.15,751.7708333333334,0.0177083333333333,1.0,0.0208333333333333,750.0,1.7708333333333712
XGBoost,time,0,fixed,A_b10,5,0.1,0.02,12.245833333333328,0.0224583333333332,1.0,0.0229166666666666,10.0,2.2458333333333282
XGBoost,time,0,fixed,A_b10,5,0.1,0.05,27.17708333333333,0.0217708333333332,1.0,0.0229166666666666,25.0,2.1770833333333286
XGBoost,time,0,fixed,A_b10,5,0.1,0.1,52.06249999999999,0.0206249999999999,1.0,0.0229166666666666,50.0,2.062499999999993
XGBoost,time,0,fixed,A_b10,5,0.1,0.15,76.94791666666666,0.0194791666666666,1.0,0.0229166666666666,75.0,1.9479166666666572
XGBoost,time,0,fixed,A_b10,10,0.1,0.02,22.24583333333333,0.0224583333333332,1.0,0.0229166666666666,20.0,2.24583333333333
XGBoost,time,0,fixed,A_b10,10,0.1,0.05,52.17708333333333,0.0217708333333332,1.0,0.0229166666666666,50.0,2.1770833333333286
XGBoost,time,0,fixed,A_b10,10,0.1,0.1,102.0625,0.0206249999999999,1.0,0.0229166666666666,100.0,2.0625
XGBoost,time,0,fixed,A_b10,10,0.1,0.15,151.94791666666669,0.0194791666666666,1.0,0.0229166666666666,150.0,1.9479166666666856
XGBoost,time,0,fixed,A_b10,20,0.1,0.02,42.24583333333333,0.0224583333333332,1.0,0.0229166666666666,40.0,2.24583333333333
XGBoost,time,0,fixed,A_b10,20,0.1,0.05,102.17708333333331,0.0217708333333332,1.0,0.0229166666666666,100.0,2.1770833333333144
XGBoost,time,0,fixed,A_b10,20,0.1,0.1,202.0625,0.0206249999999999,1.0,0.0229166666666666,200.0,2.0625
XGBoost,time,0,fixed,A_b10,20,0.1,0.15,301.9479166666667,0.0194791666666666,1.0,0.0229166666666666,300.0,1.9479166666666856
XGBoost,time,0,fixed,A_b10,50,0.1,0.02,102.24583333333332,0.0224583333333332,1.0,0.0229166666666666,100.0,2.245833333333323
XGBoost,time,0,fixed,A_b10,50,0.1,0.05,252.1770833333333,0.0217708333333332,1.0,0.0229166666666666,250.0,2.177083333333286
XGBoost,time,0,fixed,A_b10,50,0.1,0.1,502.0625,0.0206249999999999,1.0,0.0229166666666666,500.0,2.0625
XGBoost,time,0,fixed,A_b10,50,0.1,0.15,751.9479166666666,0.0194791666666666,1.0,0.0229166666666666,750.0,1.9479166666666288
XGBoost,time,0,fixed,A_b20,5,0.2,0.02,13.323611111111106,0.0399027777777777,0.9444444444444444,0.0395833333333333,10.0,3.3236111111111057
XGBoost,time,0,fixed,A_b20,5,0.2,0.05,27.37152777777777,0.0403819444444444,0.9444444444444444,0.0395833333333333,25.0,2.3715277777777715
XGBoost,time,0,fixed,A_b20,5,0.2,0.1,50.78472222222222,0.0411805555555555,0.9444444444444444,0.0395833333333333,50.0,0.7847222222222214
XGBoost,time,0,fixed,A_b20,5,0.2,0.15,74.19791666666666,0.0419791666666666,0.9444444444444444,0.0395833333333333,75.0,-0.8020833333333428
XGBoost,time,0,fixed,A_b20,10,0.2,0.02,22.76805555555555,0.0399027777777777,0.9444444444444444,0.0395833333333333,20.0,2.7680555555555486
XGBoost,time,0,fixed,A_b20,10,0.2,0.05,50.982638888888886,0.0403819444444444,0.9444444444444444,0.0395833333333333,50.0,0.9826388888888857
XGBoost,time,0,fixed,A_b20,10,0.2,0.1,98.00694444444444,0.0411805555555555,0.9444444444444444,0.0395833333333333,100.0,-1.9930555555555571
XGBoost,time,0,fixed,A_b20,10,0.2,0.15,145.03125,0.0419791666666666,0.9444444444444444,0.0395833333333333,150.0,-4.96875
XGBoost,time,0,fixed,A_b20,20,0.2,0.02,41.65694444444444,0.0399027777777777,0.9444444444444444,0.0395833333333333,40.0,1.6569444444444414
XGBoost,time,0,fixed,A_b20,20,0.2,0.05,98.20486111111111,0.0403819444444444,0.9444444444444444,0.0395833333333333,100.0,-1.7951388888888857
XGBoost,time,0,fixed,A_b20,20,0.2,0.1,192.45138888888889,0.0411805555555555,0.9444444444444444,0.0395833333333333,200.0,-7.548611111111114
XGBoost,time,0,fixed,A_b20,20,0.2,0.15,286.69791666666663,0.0419791666666666,0.9444444444444444,0.0395833333333333,300.0,-13.302083333333371
XGBoost,time,0,fixed,A_b20,50,0.2,0.02,98.3236111111111,0.0399027777777777,0.9444444444444444,0.0395833333333333,100.0,-1.6763888888888943
XGBoost,time,0,fixed,A_b20,50,0.2,0.05,239.87152777777777,0.0403819444444444,0.9444444444444444,0.0395833333333333,250.0,-10.128472222222229
XGBoost,time,0,fixed,A_b20,50,0.2,0.1,475.7847222222222,0.0411805555555555,0.9444444444444444,0.0395833333333333,500.0,-24.21527777777783
XGBoost,time,0,fixed,A_b20,50,0.2,0.15,711.6979166666666,0.0419791666666666,0.9444444444444444,0.0395833333333333,750.0,-38.30208333333337
XGBoost,time,0,fixed,B_r05,5,,0.02,19.415277777777774,0.1208194444444444,0.7777777777777778,0.11875,10.0,9.415277777777774
XGBoost,time,0,fixed,B_r05,5,,0.05,30.725694444444446,0.1239236111111111,0.7777777777777778,0.11875,25.0,5.725694444444446
XGBoost,time,0,fixed,B_r05,5,,0.1,49.576388888888886,0.1290972222222222,0.7777777777777778,0.11875,50.0,-0.42361111111111427
XGBoost,time,0,fixed,B_r05,5,,0.15,68.42708333333334,0.1342708333333333,0.7777777777777778,0.11875,75.0,-6.572916666666657
XGBoost,time,0,fixed,B_r10,10,,0.02,75.2236111111111,0.7600138888888888,0.0555555555555555,0.75625,20.0,55.2236111111111
XGBoost,time,0,fixed,B_r10,10,,0.05,74.62152777777777,0.7656597222222222,0.0555555555555555,0.75625,50.0,24.62152777777777
XGBoost,time,0,fixed,B_r10,10,,0.1,73.61805555555556,0.7750694444444445,0.0555555555555555,0.75625,100.0,-26.381944444444443
XGBoost,time,0,fixed,B_r10,10,,0.15,72.61458333333333,0.7844791666666666,0.0555555555555555,0.75625,150.0,-77.38541666666667
XGBoost,time,0,fixed,B_r20,20,,0.02,76.33472222222221,0.7600138888888888,0.0555555555555555,0.75625,40.0,36.33472222222221
XGBoost,time,0,fixed,B_r20,20,,0.05,77.39930555555554,0.7656597222222222,0.0555555555555555,0.75625,100.0,-22.600694444444457
XGBoost,time,0,fixed,B_r20,20,,0.1,79.1736111111111,0.7750694444444445,0.0555555555555555,0.75625,200.0,-120.8263888888889
XGBoost,time,0,fixed,B_r20,20,,0.15,80.94791666666666,0.7844791666666666,0.0555555555555555,0.75625,300.0,-219.05208333333334
XGBoost,time,0,fixed,B_r50,50,,0.02,79.66805555555554,0.7600138888888888,0.0555555555555555,0.75625,100.0,-20.33194444444446
XGBoost,time,0,fixed,B_r50,50,,0.05,85.73263888888887,0.7656597222222222,0.0555555555555555,0.75625,250.0,-164.26736111111114
XGBoost,time,0,fixed,B_r50,50,,0.1,95.84027777777774,0.7750694444444445,0.0555555555555555,0.75625,500.0,-404.1597222222223
XGBoost,time,0,fixed,B_r50,50,,0.15,105.94791666666664,0.7844791666666666,0.0555555555555555,0.75625,750.0,-644.0520833333334
XGBoost,time,0,fixed,C_b01_r05,5,0.01,0.02,10.0,0.0,1.0,0.0,10.0,0.0
XGBoost,time,0,fixed,C_b01_r05,5,0.01,0.05,25.0,0.0,1.0,0.0,25.0,0.0
XGBoost,time,0,fixed,C_b01_r05,5,0.01,0.1,50.0,0.0,1.0,0.0,50.0,0.0
XGBoost,time,0,fixed,C_b01_r05,5,0.01,0.15,75.0,0.0,1.0,0.0,75.0,0.0
XGBoost,time,0,fixed,C_b01_r10,10,0.01,0.02,20.0,0.0,1.0,0.0,20.0,0.0
XGBoost,time,0,fixed,C_b01_r10,10,0.01,0.05,50.0,0.0,1.0,0.0,50.0,0.0
XGBoost,time,0,fixed,C_b01_r10,10,0.01,0.1,100.0,0.0,1.0,0.0,100.0,0.0
XGBoost,time,0,fixed,C_b01_r10,10,0.01,0.15,150.0,0.0,1.0,0.0,150.0,0.0
XGBoost,time,0,fixed,C_b01_r20,20,0.01,0.02,40.0,0.0,1.0,0.0,40.0,0.0
XGBoost,time,0,fixed,C_b01_r20,20,0.01,0.05,100.0,0.0,1.0,0.0,100.0,0.0
XGBoost,time,0,fixed,C_b01_r20,20,0.01,0.1,200.0,0.0,1.0,0.0,200.0,0.0
XGBoost,time,0,fixed,C_b01_r20,20,0.01,0.15,300.0,0.0,1.0,0.0,300.0,0.0
XGBoost,time,0,fixed,C_b01_r50,50,0.01,0.02,100.0,0.0,1.0,0.0,100.0,0.0
XGBoost,time,0,fixed,C_b01_r50,50,0.01,0.05,250.0,0.0,1.0,0.0,250.0,0.0
XGBoost,time,0,fixed,C_b01_r50,50,0.01,0.1,500.0,0.0,1.0,0.0,500.0,0.0
XGBoost,time,0,fixed,C_b01_r50,50,0.01,0.15,750.0,0.0,1.0,0.0,750.0,0.0
XGBoost,time,0,fixed,C_b05_r05,5,0.05,0.02,11.633333333333328,0.0163333333333332,1.0,0.0166666666666666,10.0,1.6333333333333275
XGBoost,time,0,fixed,C_b05_r05,5,0.05,0.05,26.583333333333325,0.0158333333333332,1.0,0.0166666666666666,25.0,1.583333333333325
XGBoost,time,0,fixed,C_b05_r05,5,0.05,0.1,51.49999999999999,0.0149999999999999,1.0,0.0166666666666666,50.0,1.499999999999993
XGBoost,time,0,fixed,C_b05_r05,5,0.05,0.15,76.41666666666667,0.0141666666666666,1.0,0.0166666666666666,75.0,1.4166666666666714
XGBoost,time,0,fixed,C_b05_r10,10,0.05,0.02,21.63333333333333,0.0163333333333332,1.0,0.0166666666666666,20.0,1.6333333333333293
XGBoost,time,0,fixed,C_b05_r10,10,0.05,0.05,51.58333333333333,0.0158333333333332,1.0,0.0166666666666666,50.0,1.5833333333333286
XGBoost,time,0,fixed,C_b05_r10,10,0.05,0.1,101.5,0.0149999999999999,1.0,0.0166666666666666,100.0,1.5
XGBoost,time,0,fixed,C_b05_r10,10,0.05,0.15,151.41666666666666,0.0141666666666666,1.0,0.0166666666666666,150.0,1.4166666666666572
XGBoost,time,0,fixed,C_b05_r20,20,0.05,0.02,41.633333333333326,0.0163333333333332,1.0,0.0166666666666666,40.0,1.6333333333333258
XGBoost,time,0,fixed,C_b05_r20,20,0.05,0.05,101.58333333333334,0.0158333333333332,1.0,0.0166666666666666,100.0,1.5833333333333428
XGBoost,time,0,fixed,C_b05_r20,20,0.05,0.1,201.5,0.0149999999999999,1.0,0.0166666666666666,200.0,1.5
XGBoost,time,0,fixed,C_b05_r20,20,0.05,0.15,301.4166666666667,0.0141666666666666,1.0,0.0166666666666666,300.0,1.4166666666666856
XGBoost,time,0,fixed,C_b05_r50,50,0.05,0.02,101.63333333333333,0.0163333333333332,1.0,0.0166666666666666,100.0,1.6333333333333258
XGBoost,time,0,fixed,C_b05_r50,50,0.05,0.05,251.5833333333333,0.0158333333333332,1.0,0.0166666666666666,250.0,1.583333333333286
XGBoost,time,0,fixed,C_b05_r50,50,0.05,0.1,501.5,0.0149999999999999,1.0,0.0166666666666666,500.0,1.5
XGBoost,time,0,fixed,C_b05_r50,50,0.05,0.15,751.4166666666666,0.0141666666666666,1.0,0.0166666666666666,750.0,1.4166666666666288
XGBoost,time,0,fixed,C_b10_r05,5,0.1,0.02,11.633333333333328,0.0163333333333332,1.0,0.0166666666666666,10.0,1.6333333333333275
XGBoost,time,0,fixed,C_b10_r05,5,0.1,0.05,26.583333333333325,0.0158333333333332,1.0,0.0166666666666666,25.0,1.583333333333325
XGBoost,time,0,fixed,C_b10_r05,5,0.1,0.1,51.49999999999999,0.0149999999999999,1.0,0.0166666666666666,50.0,1.499999999999993
XGBoost,time,0,fixed,C_b10_r05,5,0.1,0.15,76.41666666666667,0.0141666666666666,1.0,0.0166666666666666,75.0,1.4166666666666714
XGBoost,time,0,fixed,C_b10_r10,10,0.1,0.02,22.24583333333333,0.0224583333333332,1.0,0.0229166666666666,20.0,2.24583333333333
XGBoost,time,0,fixed,C_b10_r10,10,0.1,0.05,52.17708333333333,0.0217708333333332,1.0,0.0229166666666666,50.0,2.1770833333333286
XGBoost,time,0,fixed,C_b10_r10,10,0.1,0.1,102.0625,0.0206249999999999,1.0,0.0229166666666666,100.0,2.0625
XGBoost,time,0,fixed,C_b10_r10,10,0.1,0.15,151.94791666666669,0.0194791666666666,1.0,0.0229166666666666,150.0,1.9479166666666856
XGBoost,time,0,fixed,C_b10_r20,20,0.1,0.02,42.24583333333333,0.0224583333333332,1.0,0.0229166666666666,40.0,2.24583333333333
XGBoost,time,0,fixed,C_b10_r20,20,0.1,0.05,102.17708333333331,0.0217708333333332,1.0,0.0229166666666666,100.0,2.1770833333333144
XGBoost,time,0,fixed,C_b10_r20,20,0.1,0.1,202.0625,0.0206249999999999,1.0,0.0229166666666666,200.0,2.0625
XGBoost,time,0,fixed,C_b10_r20,20,0.1,0.15,301.9479166666667,0.0194791666666666,1.0,0.0229166666666666,300.0,1.9479166666666856
XGBoost,time,0,fixed,C_b10_r50,50,0.1,0.02,102.24583333333332,0.0224583333333332,1.0,0.0229166666666666,100.0,2.245833333333323
XGBoost,time,0,fixed,C_b10_r50,50,0.1,0.05,252.1770833333333,0.0217708333333332,1.0,0.0229166666666666,250.0,2.177083333333286
XGBoost,time,0,fixed,C_b10_r50,50,0.1,0.1,502.0625,0.0206249999999999,1.0,0.0229166666666666,500.0,2.0625
XGBoost,time,0,fixed,C_b10_r50,50,0.1,0.15,751.9479166666666,0.0194791666666666,1.0,0.0229166666666666,750.0,1.9479166666666288
XGBoost,time,0,fixed,C_b20_r05,5,0.2,0.02,12.988888888888884,0.0332222222222221,0.9722222222222222,0.0333333333333333,10.0,2.9888888888888836
XGBoost,time,0,fixed,C_b20_r05,5,0.2,0.05,27.47222222222222,0.0330555555555555,0.9722222222222222,0.0333333333333333,25.0,2.4722222222222214
XGBoost,time,0,fixed,C_b20_r05,5,0.2,0.1,51.61111111111111,0.0327777777777777,0.9722222222222222,0.0333333333333333,50.0,1.6111111111111072
XGBoost,time,0,fixed,C_b20_r05,5,0.2,0.15,75.75,0.0324999999999999,0.9722222222222222,0.0333333333333333,75.0,0.75
XGBoost,time,0,fixed,C_b20_r10,10,0.2,0.02,22.71111111111111,0.0332222222222221,0.9722222222222222,0.0333333333333333,20.0,2.7111111111111086
XGBoost,time,0,fixed,C_b20_r10,10,0.2,0.05,51.77777777777778,0.0330555555555555,0.9722222222222222,0.0333333333333333,50.0,1.7777777777777786
XGBoost,time,0,fixed,C_b20_r10,10,0.2,0.1,100.2222222222222,0.0327777777777777,0.9722222222222222,0.0333333333333333,100.0,0.22222222222220012
XGBoost,time,0,fixed,C_b20_r10,10,0.2,0.15,148.66666666666666,0.0324999999999999,0.9722222222222222,0.0333333333333333,150.0,-1.3333333333333428
XGBoost,time,0,fixed,C_b20_r20,20,0.2,0.02,42.15555555555555,0.0332222222222221,0.9722222222222222,0.0333333333333333,40.0,2.1555555555555515
XGBoost,time,0,fixed,C_b20_r20,20,0.2,0.05,100.38888888888889,0.0330555555555555,0.9722222222222222,0.0333333333333333,100.0,0.38888888888888573
XGBoost,time,0,fixed,C_b20_r20,20,0.2,0.1,197.44444444444449,0.0327777777777777,0.9722222222222222,0.0333333333333333,200.0,-2.5555555555555145
XGBoost,time,0,fixed,C_b20_r20,20,0.2,0.15,294.5,0.0324999999999999,0.9722222222222222,0.0333333333333333,300.0,-5.5
XGBoost,time,0,fixed,C_b20_r50,50,0.2,0.02,100.4888888888889,0.0332222222222221,0.9722222222222222,0.0333333333333333,100.0,0.48888888888889426
XGBoost,time,0,fixed,C_b20_r50,50,0.2,0.05,246.2222222222222,0.0330555555555555,0.9722222222222222,0.0333333333333333,250.0,-3.7777777777778
XGBoost,time,0,fixed,C_b20_r50,50,0.2,0.1,489.1111111111111,0.0327777777777777,0.9722222222222222,0.0333333333333333,500.0,-10.888888888888914
XGBoost,time,0,fixed,C_b20_r50,50,0.2,0.15,732.0,0.0324999999999999,0.9722222222222222,0.0333333333333333,750.0,-18.0
XGBoost,time,0,fixed,TopK_b01,5,0.01,0.02,11.020833333333329,0.0102083333333332,1.0,0.0104166666666666,10.0,1.0208333333333286
XGBoost,time,0,fixed,TopK_b01,5,0.01,0.05,25.98958333333333,0.0098958333333332,1.0,0.0104166666666666,25.0,0.9895833333333286
XGBoost,time,0,fixed,TopK_b01,5,0.01,0.1,50.93749999999999,0.0093749999999999,1.0,0.0104166666666666,50.0,0.9374999999999929
XGBoost,time,0,fixed,TopK_b01,5,0.01,0.15,75.88541666666666,0.0088541666666666,1.0,0.0104166666666666,75.0,0.8854166666666572
XGBoost,time,0,fixed,TopK_b01,10,0.01,0.02,21.02083333333333,0.0102083333333332,1.0,0.0104166666666666,20.0,1.0208333333333286
XGBoost,time,0,fixed,TopK_b01,10,0.01,0.05,50.98958333333332,0.0098958333333332,1.0,0.0104166666666666,50.0,0.9895833333333215
XGBoost,time,0,fixed,TopK_b01,10,0.01,0.1,100.9375,0.0093749999999999,1.0,0.0104166666666666,100.0,0.9375
XGBoost,time,0,fixed,TopK_b01,10,0.01,0.15,150.88541666666666,0.0088541666666666,1.0,0.0104166666666666,150.0,0.8854166666666572
XGBoost,time,0,fixed,TopK_b01,20,0.01,0.02,41.02083333333333,0.0102083333333332,1.0,0.0104166666666666,40.0,1.0208333333333286
XGBoost,time,0,fixed,TopK_b01,20,0.01,0.05,100.98958333333331,0.0098958333333332,1.0,0.0104166666666666,100.0,0.9895833333333144
XGBoost,time,0,fixed,TopK_b01,20,0.01,0.1,200.9375,0.0093749999999999,1.0,0.0104166666666666,200.0,0.9375
XGBoost,time,0,fixed,TopK_b01,20,0.01,0.15,300.8854166666667,0.0088541666666666,1.0,0.0104166666666666,300.0,0.8854166666666856
XGBoost,time,0,fixed,TopK_b01,50,0.01,0.02,101.02083333333334,0.0102083333333332,1.0,0.0104166666666666,100.0,1.0208333333333428
XGBoost,time,0,fixed,TopK_b01,50,0.01,0.05,250.9895833333333,0.0098958333333332,1.0,0.0104166666666666,250.0,0.989583333333286
XGBoost,time,0,fixed,TopK_b01,50,0.01,0.1,500.93750000000006,0.0093749999999999,1.0,0.0104166666666666,500.0,0.9375000000000568
XGBoost,time,0,fixed,TopK_b01,50,0.01,0.15,750.8854166666666,0.0088541666666666,1.0,0.0104166666666666,750.0,0.8854166666666288
XGBoost,time,0,fixed,TopK_b05,5,0.05,0.02,13.17638888888889,0.0450972222222222,0.8888888888888888,0.04375,10.0,3.1763888888888907
XGBoost,time,0,fixed,TopK_b05,5,0.05,0.05,26.37847222222222,0.0471180555555555,0.8888888888888888,0.04375,25.0,1.3784722222222214
XGBoost,time,0,fixed,TopK_b05,5,0.05,0.1,48.38194444444444,0.0504861111111111,0.8888888888888888,0.04375,50.0,-1.6180555555555571
XGBoost,time,0,fixed,TopK_b05,5,0.05,0.15,70.38541666666667,0.0538541666666666,0.8888888888888888,0.04375,75.0,-4.614583333333329
XGBoost,time,0,fixed,TopK_b05,10,0.05,0.02,22.065277777777776,0.0450972222222222,0.8888888888888888,0.04375,20.0,2.0652777777777764
XGBoost,time,0,fixed,TopK_b05,10,0.05,0.05,48.60069444444444,0.0471180555555555,0.8888888888888888,0.04375,50.0,-1.3993055555555571
XGBoost,time,0,fixed,TopK_b05,10,0.05,0.1,92.82638888888889,0.0504861111111111,0.8888888888888888,0.04375,100.0,-7.173611111111114
XGBoost,time,0,fixed,TopK_b05,10,0.05,0.15,137.05208333333331,0.0538541666666666,0.8888888888888888,0.04375,150.0,-12.947916666666686
XGBoost,time,0,fixed,TopK_b05,20,0.05,0.02,39.84305555555556,0.0450972222222222,0.8888888888888888,0.04375,40.0,-0.15694444444444144
XGBoost,time,0,fixed,TopK_b05,20,0.05,0.05,93.04513888888889,0.0471180555555555,0.8888888888888888,0.04375,100.0,-6.954861111111114
XGBoost,time,0,fixed,TopK_b05,20,0.05,0.1,181.71527777777777,0.0504861111111111,0.8888888888888888,0.04375,200.0,-18.28472222222223
XGBoost,time,0,fixed,TopK_b05,20,0.05,0.15,270.38541666666663,0.0538541666666666,0.8888888888888888,0.04375,300.0,-29.61458333333337
XGBoost,time,0,fixed,TopK_b05,50,0.05,0.02,93.17638888888888,0.0450972222222222,0.8888888888888888,0.04375,100.0,-6.82361111111112
XGBoost,time,0,fixed,TopK_b05,50,0.05,0.05,226.37847222222223,0.0471180555555555,0.8888888888888888,0.04375,250.0,-23.62152777777777
XGBoost,time,0,fixed,TopK_b05,50,0.05,0.1,448.38194444444446,0.0504861111111111,0.8888888888888888,0.04375,500.0,-51.61805555555554
XGBoost,time,0,fixed,TopK_b05,50,0.05,0.15,670.3854166666666,0.0538541666666666,0.8888888888888888,0.04375,750.0,-79.61458333333337
XGBoost,time,0,fixed,TopK_b10,5,0.1,0.02,18.002777777777776,0.0966944444444444,0.8611111111111112,0.0958333333333333,10.0,8.002777777777776
XGBoost,time,0,fixed,TopK_b10,5,0.1,0.05,30.631944444444443,0.097986111111111,0.8611111111111112,0.0958333333333333,25.0,5.631944444444443
XGBoost,time,0,fixed,TopK_b10,5,0.1,0.1,51.68055555555555,0.1001388888888888,0.8611111111111112,0.0958333333333333,50.0,1.68055555555555
XGBoost,time,0,fixed,TopK_b10,5,0.1,0.15,72.72916666666667,0.1022916666666666,0.8611111111111112,0.0958333333333333,75.0,-2.2708333333333286
XGBoost,time,0,fixed,TopK_b10,10,0.1,0.02,26.613888888888887,0.0966944444444444,0.8611111111111112,0.0958333333333333,20.0,6.613888888888887
XGBoost,time,0,fixed,TopK_b10,10,0.1,0.05,52.15972222222223,0.097986111111111,0.8611111111111112,0.0958333333333333,50.0,2.1597222222222285
XGBoost,time,0,fixed,TopK_b10,10,0.1,0.1,94.73611111111111,0.1001388888888888,0.8611111111111112,0.0958333333333333,100.0,-5.263888888888886
XGBoost,time,0,fixed,TopK_b10,10,0.1,0.15,137.3125,0.1022916666666666,0.8611111111111112,0.0958333333333333,150.0,-12.6875
XGBoost,time,0,fixed,TopK_b10,20,0.1,0.02,43.83611111111112,0.0966944444444444,0.8611111111111112,0.0958333333333333,40.0,3.836111111111123
XGBoost,time,0,fixed,TopK_b10,20,0.1,0.05,95.2152777777778,0.097986111111111,0.8611111111111112,0.0958333333333333,100.0,-4.7847222222222
XGBoost,time,0,fixed,TopK_b10,20,0.1,0.1,180.84722222222223,0.1001388888888888,0.8611111111111112,0.0958333333333333,200.0,-19.15277777777777
XGBoost,time,0,fixed,TopK_b10,20,0.1,0.15,266.4791666666667,0.1022916666666666,0.8611111111111112,0.0958333333333333,300.0,-33.520833333333314
XGBoost,time,0,fixed,TopK_b10,50,0.1,0.02,95.50277777777778,0.0966944444444444,0.8611111111111112,0.0958333333333333,100.0,-4.49722222222222
XGBoost,time,0,fixed,TopK_b10,50,0.1,0.05,224.3819444444444,0.097986111111111,0.8611111111111112,0.0958333333333333,250.0,-25.6180555555556
XGBoost,time,0,fixed,TopK_b10,50,0.1,0.1,439.1805555555555,0.1001388888888888,0.8611111111111112,0.0958333333333333,500.0,-60.819444444444514
XGBoost,time,0,fixed,TopK_b10,50,0.1,0.15,653.9791666666667,0.1022916666666666,0.8611111111111112,0.0958333333333333,750.0,-96.02083333333326
XGBoost,time,0,fixed,TopK_b20,5,0.2,0.02,24.07777777777777,0.1874444444444443,0.6111111111111112,0.1833333333333333,10.0,14.077777777777769
XGBoost,time,0,fixed,TopK_b20,5,0.2,0.05,32.69444444444444,0.193611111111111,0.6111111111111112,0.1833333333333333,25.0,7.694444444444443
XGBoost,time,0,fixed,TopK_b20,5,0.2,0.1,47.05555555555556,0.2038888888888888,0.6111111111111112,0.1833333333333333,50.0,-2.944444444444443
XGBoost,time,0,fixed,TopK_b20,5,0.2,0.15,61.41666666666666,0.2141666666666666,0.6111111111111112,0.1833333333333333,75.0,-13.583333333333343
XGBoost,time,0,fixed,TopK_b20,10,0.2,0.02,30.188888888888886,0.1874444444444443,0.6111111111111112,0.1833333333333333,20.0,10.188888888888886
XGBoost,time,0,fixed,TopK_b20,10,0.2,0.05,47.97222222222221,0.193611111111111,0.6111111111111112,0.1833333333333333,50.0,-2.027777777777793
XGBoost,time,0,fixed,TopK_b20,10,0.2,0.1,77.61111111111111,0.2038888888888888,0.6111111111111112,0.1833333333333333,100.0,-22.388888888888886
XGBoost,time,0,fixed,TopK_b20,10,0.2,0.15,107.25,0.2141666666666666,0.6111111111111112,0.1833333333333333,150.0,-42.75
XGBoost,time,0,fixed,TopK_b20,20,0.2,0.02,42.41111111111111,0.1874444444444443,0.6111111111111112,0.1833333333333333,40.0,2.4111111111111114
XGBoost,time,0,fixed,TopK_b20,20,0.2,0.05,78.52777777777777,0.193611111111111,0.6111111111111112,0.1833333333333333,100.0,-21.47222222222223
XGBoost,time,0,fixed,TopK_b20,20,0.2,0.1,138.72222222222223,0.2038888888888888,0.6111111111111112,0.1833333333333333,200.0,-61.27777777777777
XGBoost,time,0,fixed,TopK_b20,20,0.2,0.15,198.91666666666669,0.2141666666666666,0.6111111111111112,0.1833333333333333,300.0,-101.08333333333331
XGBoost,time,0,fixed,TopK_b20,50,0.2,0.02,79.07777777777778,0.1874444444444443,0.6111111111111112,0.1833333333333333,100.0,-20.922222222222217
XGBoost,time,0,fixed,TopK_b20,50,0.2,0.05,170.19444444444446,0.193611111111111,0.6111111111111112,0.1833333333333333,250.0,-79.80555555555554
XGBoost,time,0,fixed,TopK_b20,50,0.2,0.1,322.0555555555556,0.2038888888888888,0.6111111111111112,0.1833333333333333,500.0,-177.9444444444444
XGBoost,time,0,fixed,TopK_b20,50,0.2,0.15,473.91666666666674,0.2141666666666666,0.6111111111111112,0.1833333333333333,750.0,-276.08333333333326
XGBoost,time,0,refitted,none,5,,0.02,10.0,0.0,1.0,0.0,10.0,0.0
XGBoost,time,0,refitted,none,5,,0.05,25.0,0.0,1.0,0.0,25.0,0.0
XGBoost,time,0,refitted,none,5,,0.1,50.0,0.0,1.0,0.0,50.0,0.0
XGBoost,time,0,refitted,none,5,,0.15,75.0,0.0,1.0,0.0,75.0,0.0
XGBoost,time,0,refitted,none,10,,0.02,20.0,0.0,1.0,0.0,20.0,0.0
XGBoost,time,0,refitted,none,10,,0.05,50.0,0.0,1.0,0.0,50.0,0.0
XGBoost,time,0,refitted,none,10,,0.1,100.0,0.0,1.0,0.0,100.0,0.0
XGBoost,time,0,refitted,none,10,,0.15,150.0,0.0,1.0,0.0,150.0,0.0
XGBoost,time,0,refitted,none,20,,0.02,40.0,0.0,1.0,0.0,40.0,0.0
XGBoost,time,0,refitted,none,20,,0.05,100.0,0.0,1.0,0.0,100.0,0.0
XGBoost,time,0,refitted,none,20,,0.1,200.0,0.0,1.0,0.0,200.0,0.0
XGBoost,time,0,refitted,none,20,,0.15,300.0,0.0,1.0,0.0,300.0,0.0
XGBoost,time,0,refitted,none,50,,0.02,100.0,0.0,1.0,0.0,100.0,0.0
XGBoost,time,0,refitted,none,50,,0.05,250.0,0.0,1.0,0.0,250.0,0.0
XGBoost,time,0,refitted,none,50,,0.1,500.0,0.0,1.0,0.0,500.0,0.0
XGBoost,time,0,refitted,none,50,,0.15,750.0,0.0,1.0,0.0,750.0,0.0
XGBoost,time,0,refitted,A_b01,5,0.01,0.02,10.816666666666665,0.0081666666666666,1.0,0.0083333333333333,10.0,0.8166666666666647
XGBoost,time,0,refitted,A_b01,5,0.01,0.05,25.791666666666664,0.0079166666666666,1.0,0.0083333333333333,25.0,0.7916666666666643
XGBoost,time,0,refitted,A_b01,5,0.01,0.1,50.74999999999999,0.0074999999999999,1.0,0.0083333333333333,50.0,0.7499999999999929
XGBoost,time,0,refitted,A_b01,5,0.01,0.15,75.70833333333333,0.0070833333333333,1.0,0.0083333333333333,75.0,0.7083333333333286
XGBoost,time,0,refitted,A_b01,10,0.01,0.02,20.816666666666663,0.0081666666666666,1.0,0.0083333333333333,20.0,0.8166666666666629
XGBoost,time,0,refitted,A_b01,10,0.01,0.05,50.79166666666667,0.0079166666666666,1.0,0.0083333333333333,50.0,0.7916666666666714
XGBoost,time,0,refitted,A_b01,10,0.01,0.1,100.75,0.0074999999999999,1.0,0.0083333333333333,100.0,0.75
XGBoost,time,0,refitted,A_b01,10,0.01,0.15,150.70833333333334,0.0070833333333333,1.0,0.0083333333333333,150.0,0.7083333333333428
XGBoost,time,0,refitted,A_b01,20,0.01,0.02,40.81666666666667,0.0081666666666666,1.0,0.0083333333333333,40.0,0.81666666666667
XGBoost,time,0,refitted,A_b01,20,0.01,0.05,100.79166666666666,0.0079166666666666,1.0,0.0083333333333333,100.0,0.7916666666666572
XGBoost,time,0,refitted,A_b01,20,0.01,0.1,200.75,0.0074999999999999,1.0,0.0083333333333333,200.0,0.75
XGBoost,time,0,refitted,A_b01,20,0.01,0.15,300.7083333333333,0.0070833333333333,1.0,0.0083333333333333,300.0,0.7083333333333144
XGBoost,time,0,refitted,A_b01,50,0.01,0.02,100.81666666666666,0.0081666666666666,1.0,0.0083333333333333,100.0,0.8166666666666629
XGBoost,time,0,refitted,A_b01,50,0.01,0.05,250.79166666666663,0.0079166666666666,1.0,0.0083333333333333,250.0,0.7916666666666288
XGBoost,time,0,refitted,A_b01,50,0.01,0.1,500.75,0.0074999999999999,1.0,0.0083333333333333,500.0,0.75
XGBoost,time,0,refitted,A_b01,50,0.01,0.15,750.7083333333333,0.0070833333333333,1.0,0.0083333333333333,750.0,0.7083333333332575
XGBoost,time,0,refitted,A_b05,5,0.05,0.02,11.020833333333329,0.0102083333333332,1.0,0.0104166666666666,10.0,1.0208333333333286
XGBoost,time,0,refitted,A_b05,5,0.05,0.05,25.98958333333333,0.0098958333333332,1.0,0.0104166666666666,25.0,0.9895833333333286
XGBoost,time,0,refitted,A_b05,5,0.05,0.1,50.93749999999999,0.0093749999999999,1.0,0.0104166666666666,50.0,0.9374999999999929
XGBoost,time,0,refitted,A_b05,5,0.05,0.15,75.88541666666666,0.0088541666666666,1.0,0.0104166666666666,75.0,0.8854166666666572
XGBoost,time,0,refitted,A_b05,10,0.05,0.02,21.02083333333333,0.0102083333333332,1.0,0.0104166666666666,20.0,1.0208333333333286
XGBoost,time,0,refitted,A_b05,10,0.05,0.05,50.98958333333332,0.0098958333333332,1.0,0.0104166666666666,50.0,0.9895833333333215
XGBoost,time,0,refitted,A_b05,10,0.05,0.1,100.9375,0.0093749999999999,1.0,0.0104166666666666,100.0,0.9375
XGBoost,time,0,refitted,A_b05,10,0.05,0.15,150.88541666666666,0.0088541666666666,1.0,0.0104166666666666,150.0,0.8854166666666572
XGBoost,time,0,refitted,A_b05,20,0.05,0.02,41.02083333333333,0.0102083333333332,1.0,0.0104166666666666,40.0,1.0208333333333286
XGBoost,time,0,refitted,A_b05,20,0.05,0.05,100.98958333333331,0.0098958333333332,1.0,0.0104166666666666,100.0,0.9895833333333144
XGBoost,time,0,refitted,A_b05,20,0.05,0.1,200.9375,0.0093749999999999,1.0,0.0104166666666666,200.0,0.9375
XGBoost,time,0,refitted,A_b05,20,0.05,0.15,300.8854166666667,0.0088541666666666,1.0,0.0104166666666666,300.0,0.8854166666666856
XGBoost,time,0,refitted,A_b05,50,0.05,0.02,101.02083333333334,0.0102083333333332,1.0,0.0104166666666666,100.0,1.0208333333333428
XGBoost,time,0,refitted,A_b05,50,0.05,0.05,250.9895833333333,0.0098958333333332,1.0,0.0104166666666666,250.0,0.989583333333286
XGBoost,time,0,refitted,A_b05,50,0.05,0.1,500.93750000000006,0.0093749999999999,1.0,0.0104166666666666,500.0,0.9375000000000568
XGBoost,time,0,refitted,A_b05,50,0.05,0.15,750.8854166666666,0.0088541666666666,1.0,0.0104166666666666,750.0,0.8854166666666288
XGBoost,time,0,refitted,A_b10,5,0.1,0.02,11.020833333333329,0.0102083333333332,1.0,0.0104166666666666,10.0,1.0208333333333286
XGBoost,time,0,refitted,A_b10,5,0.1,0.05,25.98958333333333,0.0098958333333332,1.0,0.0104166666666666,25.0,0.9895833333333286
XGBoost,time,0,refitted,A_b10,5,0.1,0.1,50.93749999999999,0.0093749999999999,1.0,0.0104166666666666,50.0,0.9374999999999929
XGBoost,time,0,refitted,A_b10,5,0.1,0.15,75.88541666666666,0.0088541666666666,1.0,0.0104166666666666,75.0,0.8854166666666572
XGBoost,time,0,refitted,A_b10,10,0.1,0.02,21.02083333333333,0.0102083333333332,1.0,0.0104166666666666,20.0,1.0208333333333286
XGBoost,time,0,refitted,A_b10,10,0.1,0.05,50.98958333333332,0.0098958333333332,1.0,0.0104166666666666,50.0,0.9895833333333215
XGBoost,time,0,refitted,A_b10,10,0.1,0.1,100.9375,0.0093749999999999,1.0,0.0104166666666666,100.0,0.9375
XGBoost,time,0,refitted,A_b10,10,0.1,0.15,150.88541666666666,0.0088541666666666,1.0,0.0104166666666666,150.0,0.8854166666666572
XGBoost,time,0,refitted,A_b10,20,0.1,0.02,41.02083333333333,0.0102083333333332,1.0,0.0104166666666666,40.0,1.0208333333333286
XGBoost,time,0,refitted,A_b10,20,0.1,0.05,100.98958333333331,0.0098958333333332,1.0,0.0104166666666666,100.0,0.9895833333333144
XGBoost,time,0,refitted,A_b10,20,0.1,0.1,200.9375,0.0093749999999999,1.0,0.0104166666666666,200.0,0.9375
XGBoost,time,0,refitted,A_b10,20,0.1,0.15,300.8854166666667,0.0088541666666666,1.0,0.0104166666666666,300.0,0.8854166666666856
XGBoost,time,0,refitted,A_b10,50,0.1,0.02,101.02083333333334,0.0102083333333332,1.0,0.0104166666666666,100.0,1.0208333333333428
XGBoost,time,0,refitted,A_b10,50,0.1,0.05,250.9895833333333,0.0098958333333332,1.0,0.0104166666666666,250.0,0.989583333333286
XGBoost,time,0,refitted,A_b10,50,0.1,0.1,500.93750000000006,0.0093749999999999,1.0,0.0104166666666666,500.0,0.9375000000000568
XGBoost,time,0,refitted,A_b10,50,0.1,0.15,750.8854166666666,0.0088541666666666,1.0,0.0104166666666666,750.0,0.8854166666666288
XGBoost,time,0,refitted,A_b20,5,0.2,0.02,11.429166666666664,0.0142916666666666,1.0,0.0145833333333333,10.0,1.4291666666666636
XGBoost,time,0,refitted,A_b20,5,0.2,0.05,26.38541666666666,0.0138541666666666,1.0,0.0145833333333333,25.0,1.3854166666666607
XGBoost,time,0,refitted,A_b20,5,0.2,0.1,51.31249999999999,0.0131249999999999,1.0,0.0145833333333333,50.0,1.312499999999993
XGBoost,time,0,refitted,A_b20,5,0.2,0.15,76.23958333333333,0.0123958333333333,1.0,0.0145833333333333,75.0,1.2395833333333286
XGBoost,time,0,refitted,A_b20,10,0.2,0.02,21.429166666666667,0.0142916666666666,1.0,0.0145833333333333,20.0,1.4291666666666671
XGBoost,time,0,refitted,A_b20,10,0.2,0.05,51.38541666666666,0.0138541666666666,1.0,0.0145833333333333,50.0,1.3854166666666572
XGBoost,time,0,refitted,A_b20,10,0.2,0.1,101.3125,0.0131249999999999,1.0,0.0145833333333333,100.0,1.3125
XGBoost,time,0,refitted,A_b20,10,0.2,0.15,151.23958333333334,0.0123958333333333,1.0,0.0145833333333333,150.0,1.2395833333333428
XGBoost,time,0,refitted,A_b20,20,0.2,0.02,41.42916666666667,0.0142916666666666,1.0,0.0145833333333333,40.0,1.4291666666666671
XGBoost,time,0,refitted,A_b20,20,0.2,0.05,101.38541666666669,0.0138541666666666,1.0,0.0145833333333333,100.0,1.3854166666666856
XGBoost,time,0,refitted,A_b20,20,0.2,0.1,201.3125,0.0131249999999999,1.0,0.0145833333333333,200.0,1.3125
XGBoost,time,0,refitted,A_b20,20,0.2,0.15,301.2395833333333,0.0123958333333333,1.0,0.0145833333333333,300.0,1.2395833333333144
XGBoost,time,0,refitted,A_b20,50,0.2,0.02,101.42916666666666,0.0142916666666666,1.0,0.0145833333333333,100.0,1.42916666666666
XGBoost,time,0,refitted,A_b20,50,0.2,0.05,251.38541666666663,0.0138541666666666,1.0,0.0145833333333333,250.0,1.3854166666666288
XGBoost,time,0,refitted,A_b20,50,0.2,0.1,501.3125,0.0131249999999999,1.0,0.0145833333333333,500.0,1.3125
XGBoost,time,0,refitted,A_b20,50,0.2,0.15,751.2395833333334,0.0123958333333333,1.0,0.0145833333333333,750.0,1.2395833333333712
XGBoost,time,0,refitted,B_r05,5,,0.02,15.756944444444438,0.074236111111111,0.8611111111111112,0.0729166666666666,10.0,5.7569444444444375
XGBoost,time,0,refitted,B_r05,5,,0.05,28.454861111111107,0.0762152777777777,0.8611111111111112,0.0729166666666666,25.0,3.454861111111107
XGBoost,time,0,refitted,B_r05,5,,0.1,49.61805555555555,0.0795138888888888,0.8611111111111112,0.0729166666666666,50.0,-0.38194444444444997
XGBoost,time,0,refitted,B_r05,5,,0.15,70.78125,0.0828124999999999,0.8611111111111112,0.0729166666666666,75.0,-4.21875
XGBoost,time,0,refitted,B_r10,10,,0.02,98.0,1.0,0.0,1.0,20.0,78.0
XGBoost,time,0,refitted,B_r10,10,,0.05,95.0,1.0,0.0,1.0,50.0,45.0
XGBoost,time,0,refitted,B_r10,10,,0.1,90.0,1.0,0.0,1.0,100.0,-10.0
XGBoost,time,0,refitted,B_r10,10,,0.15,85.0,1.0,0.0,1.0,150.0,-65.0
XGBoost,time,0,refitted,B_r20,20,,0.02,98.0,1.0,0.0,1.0,40.0,58.0
XGBoost,time,0,refitted,B_r20,20,,0.05,95.0,1.0,0.0,1.0,100.0,-5.0
XGBoost,time,0,refitted,B_r20,20,,0.1,90.0,1.0,0.0,1.0,200.0,-110.0
XGBoost,time,0,refitted,B_r20,20,,0.15,85.0,1.0,0.0,1.0,300.0,-215.0
XGBoost,time,0,refitted,B_r50,50,,0.02,98.0,1.0,0.0,1.0,100.0,-2.0
XGBoost,time,0,refitted,B_r50,50,,0.05,95.0,1.0,0.0,1.0,250.0,-155.0
XGBoost,time,0,refitted,B_r50,50,,0.1,90.0,1.0,0.0,1.0,500.0,-410.0
XGBoost,time,0,refitted,B_r50,50,,0.15,85.0,1.0,0.0,1.0,750.0,-665.0
XGBoost,time,0,refitted,C_b01_r05,5,0.01,0.02,10.0,0.0,1.0,0.0,10.0,0.0
XGBoost,time,0,refitted,C_b01_r05,5,0.01,0.05,25.0,0.0,1.0,0.0,25.0,0.0
XGBoost,time,0,refitted,C_b01_r05,5,0.01,0.1,50.0,0.0,1.0,0.0,50.0,0.0
XGBoost,time,0,refitted,C_b01_r05,5,0.01,0.15,75.0,0.0,1.0,0.0,75.0,0.0
XGBoost,time,0,refitted,C_b01_r10,10,0.01,0.02,20.0,0.0,1.0,0.0,20.0,0.0
XGBoost,time,0,refitted,C_b01_r10,10,0.01,0.05,50.0,0.0,1.0,0.0,50.0,0.0
XGBoost,time,0,refitted,C_b01_r10,10,0.01,0.1,100.0,0.0,1.0,0.0,100.0,0.0
XGBoost,time,0,refitted,C_b01_r10,10,0.01,0.15,150.0,0.0,1.0,0.0,150.0,0.0
XGBoost,time,0,refitted,C_b01_r20,20,0.01,0.02,40.0,0.0,1.0,0.0,40.0,0.0
XGBoost,time,0,refitted,C_b01_r20,20,0.01,0.05,100.0,0.0,1.0,0.0,100.0,0.0
XGBoost,time,0,refitted,C_b01_r20,20,0.01,0.1,200.0,0.0,1.0,0.0,200.0,0.0
XGBoost,time,0,refitted,C_b01_r20,20,0.01,0.15,300.0,0.0,1.0,0.0,300.0,0.0
XGBoost,time,0,refitted,C_b01_r50,50,0.01,0.02,100.0,0.0,1.0,0.0,100.0,0.0
XGBoost,time,0,refitted,C_b01_r50,50,0.01,0.05,250.0,0.0,1.0,0.0,250.0,0.0
XGBoost,time,0,refitted,C_b01_r50,50,0.01,0.1,500.0,0.0,1.0,0.0,500.0,0.0
XGBoost,time,0,refitted,C_b01_r50,50,0.01,0.15,750.0,0.0,1.0,0.0,750.0,0.0
XGBoost,time,0,refitted,C_b05_r05,5,0.05,0.02,10.816666666666665,0.0081666666666666,1.0,0.0083333333333333,10.0,0.8166666666666647
XGBoost,time,0,refitted,C_b05_r05,5,0.05,0.05,25.791666666666664,0.0079166666666666,1.0,0.0083333333333333,25.0,0.7916666666666643
XGBoost,time,0,refitted,C_b05_r05,5,0.05,0.1,50.74999999999999,0.0074999999999999,1.0,0.0083333333333333,50.0,0.7499999999999929
XGBoost,time,0,refitted,C_b05_r05,5,0.05,0.15,75.70833333333333,0.0070833333333333,1.0,0.0083333333333333,75.0,0.7083333333333286
XGBoost,time,0,refitted,C_b05_r10,10,0.05,0.02,20.816666666666663,0.0081666666666666,1.0,0.0083333333333333,20.0,0.8166666666666629
XGBoost,time,0,refitted,C_b05_r10,10,0.05,0.05,50.79166666666667,0.0079166666666666,1.0,0.0083333333333333,50.0,0.7916666666666714
XGBoost,time,0,refitted,C_b05_r10,10,0.05,0.1,100.75,0.0074999999999999,1.0,0.0083333333333333,100.0,0.75
XGBoost,time,0,refitted,C_b05_r10,10,0.05,0.15,150.70833333333334,0.0070833333333333,1.0,0.0083333333333333,150.0,0.7083333333333428
XGBoost,time,0,refitted,C_b05_r20,20,0.05,0.02,40.81666666666667,0.0081666666666666,1.0,0.0083333333333333,40.0,0.81666666666667
XGBoost,time,0,refitted,C_b05_r20,20,0.05,0.05,100.79166666666666,0.0079166666666666,1.0,0.0083333333333333,100.0,0.7916666666666572
XGBoost,time,0,refitted,C_b05_r20,20,0.05,0.1,200.75,0.0074999999999999,1.0,0.0083333333333333,200.0,0.75
XGBoost,time,0,refitted,C_b05_r20,20,0.05,0.15,300.7083333333333,0.0070833333333333,1.0,0.0083333333333333,300.0,0.7083333333333144
XGBoost,time,0,refitted,C_b05_r50,50,0.05,0.02,100.81666666666666,0.0081666666666666,1.0,0.0083333333333333,100.0,0.8166666666666629
XGBoost,time,0,refitted,C_b05_r50,50,0.05,0.05,250.79166666666663,0.0079166666666666,1.0,0.0083333333333333,250.0,0.7916666666666288
XGBoost,time,0,refitted,C_b05_r50,50,0.05,0.1,500.75,0.0074999999999999,1.0,0.0083333333333333,500.0,0.75
XGBoost,time,0,refitted,C_b05_r50,50,0.05,0.15,750.7083333333333,0.0070833333333333,1.0,0.0083333333333333,750.0,0.7083333333332575
XGBoost,time,0,refitted,C_b10_r05,5,0.1,0.02,10.816666666666665,0.0081666666666666,1.0,0.0083333333333333,10.0,0.8166666666666647
XGBoost,time,0,refitted,C_b10_r05,5,0.1,0.05,25.791666666666664,0.0079166666666666,1.0,0.0083333333333333,25.0,0.7916666666666643
XGBoost,time,0,refitted,C_b10_r05,5,0.1,0.1,50.74999999999999,0.0074999999999999,1.0,0.0083333333333333,50.0,0.7499999999999929
XGBoost,time,0,refitted,C_b10_r05,5,0.1,0.15,75.70833333333333,0.0070833333333333,1.0,0.0083333333333333,75.0,0.7083333333333286
XGBoost,time,0,refitted,C_b10_r10,10,0.1,0.02,21.02083333333333,0.0102083333333332,1.0,0.0104166666666666,20.0,1.0208333333333286
XGBoost,time,0,refitted,C_b10_r10,10,0.1,0.05,50.98958333333332,0.0098958333333332,1.0,0.0104166666666666,50.0,0.9895833333333215
XGBoost,time,0,refitted,C_b10_r10,10,0.1,0.1,100.9375,0.0093749999999999,1.0,0.0104166666666666,100.0,0.9375
XGBoost,time,0,refitted,C_b10_r10,10,0.1,0.15,150.88541666666666,0.0088541666666666,1.0,0.0104166666666666,150.0,0.8854166666666572
XGBoost,time,0,refitted,C_b10_r20,20,0.1,0.02,41.02083333333333,0.0102083333333332,1.0,0.0104166666666666,40.0,1.0208333333333286
XGBoost,time,0,refitted,C_b10_r20,20,0.1,0.05,100.98958333333331,0.0098958333333332,1.0,0.0104166666666666,100.0,0.9895833333333144
XGBoost,time,0,refitted,C_b10_r20,20,0.1,0.1,200.9375,0.0093749999999999,1.0,0.0104166666666666,200.0,0.9375
XGBoost,time,0,refitted,C_b10_r20,20,0.1,0.15,300.8854166666667,0.0088541666666666,1.0,0.0104166666666666,300.0,0.8854166666666856
XGBoost,time,0,refitted,C_b10_r50,50,0.1,0.02,101.02083333333334,0.0102083333333332,1.0,0.0104166666666666,100.0,1.0208333333333428
XGBoost,time,0,refitted,C_b10_r50,50,0.1,0.05,250.9895833333333,0.0098958333333332,1.0,0.0104166666666666,250.0,0.989583333333286
XGBoost,time,0,refitted,C_b10_r50,50,0.1,0.1,500.93750000000006,0.0093749999999999,1.0,0.0104166666666666,500.0,0.9375000000000568
XGBoost,time,0,refitted,C_b10_r50,50,0.1,0.15,750.8854166666666,0.0088541666666666,1.0,0.0104166666666666,750.0,0.8854166666666288
XGBoost,time,0,refitted,C_b20_r05,5,0.2,0.02,11.225,0.01225,1.0,0.0125,10.0,1.2249999999999996
XGBoost,time,0,refitted,C_b20_r05,5,0.2,0.05,26.187500000000004,0.011875,1.0,0.0125,25.0,1.1875000000000036
XGBoost,time,0,refitted,C_b20_r05,5,0.2,0.1,51.125,0.01125,1.0,0.0125,50.0,1.125
XGBoost,time,0,refitted,C_b20_r05,5,0.2,0.15,76.0625,0.010625,1.0,0.0125,75.0,1.0625
XGBoost,time,0,refitted,C_b20_r10,10,0.2,0.02,21.225,0.01225,1.0,0.0125,20.0,1.2250000000000014
XGBoost,time,0,refitted,C_b20_r10,10,0.2,0.05,51.1875,0.011875,1.0,0.0125,50.0,1.1875
XGBoost,time,0,refitted,C_b20_r10,10,0.2,0.1,101.125,0.01125,1.0,0.0125,100.0,1.125
XGBoost,time,0,refitted,C_b20_r10,10,0.2,0.15,151.0625,0.010625,1.0,0.0125,150.0,1.0625
XGBoost,time,0,refitted,C_b20_r20,20,0.2,0.02,41.225,0.01225,1.0,0.0125,40.0,1.2250000000000014
XGBoost,time,0,refitted,C_b20_r20,20,0.2,0.05,101.1875,0.011875,1.0,0.0125,100.0,1.1875
XGBoost,time,0,refitted,C_b20_r20,20,0.2,0.1,201.125,0.01125,1.0,0.0125,200.0,1.125
XGBoost,time,0,refitted,C_b20_r20,20,0.2,0.15,301.0625,0.010625,1.0,0.0125,300.0,1.0625
XGBoost,time,0,refitted,C_b20_r50,50,0.2,0.02,101.225,0.01225,1.0,0.0125,100.0,1.2249999999999943
XGBoost,time,0,refitted,C_b20_r50,50,0.2,0.05,251.1875,0.011875,1.0,0.0125,250.0,1.1875
XGBoost,time,0,refitted,C_b20_r50,50,0.2,0.1,501.12500000000006,0.01125,1.0,0.0125,500.0,1.1250000000000568
XGBoost,time,0,refitted,C_b20_r50,50,0.2,0.15,751.0625,0.010625,1.0,0.0125,750.0,1.0625
XGBoost,time,0,refitted,TopK_b01,5,0.01,0.02,11.020833333333329,0.0102083333333332,1.0,0.0104166666666666,10.0,1.0208333333333286
XGBoost,time,0,refitted,TopK_b01,5,0.01,0.05,25.98958333333333,0.0098958333333332,1.0,0.0104166666666666,25.0,0.9895833333333286
XGBoost,time,0,refitted,TopK_b01,5,0.01,0.1,50.93749999999999,0.0093749999999999,1.0,0.0104166666666666,50.0,0.9374999999999929
XGBoost,time,0,refitted,TopK_b01,5,0.01,0.15,75.88541666666666,0.0088541666666666,1.0,0.0104166666666666,75.0,0.8854166666666572
XGBoost,time,0,refitted,TopK_b01,10,0.01,0.02,21.02083333333333,0.0102083333333332,1.0,0.0104166666666666,20.0,1.0208333333333286
XGBoost,time,0,refitted,TopK_b01,10,0.01,0.05,50.98958333333332,0.0098958333333332,1.0,0.0104166666666666,50.0,0.9895833333333215
XGBoost,time,0,refitted,TopK_b01,10,0.01,0.1,100.9375,0.0093749999999999,1.0,0.0104166666666666,100.0,0.9375
XGBoost,time,0,refitted,TopK_b01,10,0.01,0.15,150.88541666666666,0.0088541666666666,1.0,0.0104166666666666,150.0,0.8854166666666572
XGBoost,time,0,refitted,TopK_b01,20,0.01,0.02,41.02083333333333,0.0102083333333332,1.0,0.0104166666666666,40.0,1.0208333333333286
XGBoost,time,0,refitted,TopK_b01,20,0.01,0.05,100.98958333333331,0.0098958333333332,1.0,0.0104166666666666,100.0,0.9895833333333144
XGBoost,time,0,refitted,TopK_b01,20,0.01,0.1,200.9375,0.0093749999999999,1.0,0.0104166666666666,200.0,0.9375
XGBoost,time,0,refitted,TopK_b01,20,0.01,0.15,300.8854166666667,0.0088541666666666,1.0,0.0104166666666666,300.0,0.8854166666666856
XGBoost,time,0,refitted,TopK_b01,50,0.01,0.02,101.02083333333334,0.0102083333333332,1.0,0.0104166666666666,100.0,1.0208333333333428
XGBoost,time,0,refitted,TopK_b01,50,0.01,0.05,250.9895833333333,0.0098958333333332,1.0,0.0104166666666666,250.0,0.989583333333286
XGBoost,time,0,refitted,TopK_b01,50,0.01,0.1,500.93750000000006,0.0093749999999999,1.0,0.0104166666666666,500.0,0.9375000000000568
XGBoost,time,0,refitted,TopK_b01,50,0.01,0.15,750.8854166666666,0.0088541666666666,1.0,0.0104166666666666,750.0,0.8854166666666288
XGBoost,time,0,refitted,TopK_b05,5,0.05,0.02,14.14027777777777,0.0480694444444443,0.9444444444444444,0.0479166666666666,10.0,4.14027777777777
XGBoost,time,0,refitted,TopK_b05,5,0.05,0.05,28.16319444444444,0.048298611111111,0.9444444444444444,0.0479166666666666,25.0,3.1631944444444393
XGBoost,time,0,refitted,TopK_b05,5,0.05,0.1,51.53472222222221,0.0486805555555555,0.9444444444444444,0.0479166666666666,50.0,1.5347222222222072
XGBoost,time,0,refitted,TopK_b05,5,0.05,0.15,74.90624999999999,0.0490624999999999,0.9444444444444444,0.0479166666666666,75.0,-0.09375000000001421
XGBoost,time,0,refitted,TopK_b05,10,0.05,0.02,23.58472222222221,0.0480694444444443,0.9444444444444444,0.0479166666666666,20.0,3.5847222222222115
XGBoost,time,0,refitted,TopK_b05,10,0.05,0.05,51.77430555555554,0.048298611111111,0.9444444444444444,0.0479166666666666,50.0,1.774305555555543
XGBoost,time,0,refitted,TopK_b05,10,0.05,0.1,98.75694444444444,0.0486805555555555,0.9444444444444444,0.0479166666666666,100.0,-1.2430555555555571
XGBoost,time,0,refitted,TopK_b05,10,0.05,0.15,145.73958333333331,0.0490624999999999,0.9444444444444444,0.0479166666666666,150.0,-4.260416666666686
XGBoost,time,0,refitted,TopK_b05,20,0.05,0.02,42.473611111111104,0.0480694444444443,0.9444444444444444,0.0479166666666666,40.0,2.4736111111111043
XGBoost,time,0,refitted,TopK_b05,20,0.05,0.05,98.99652777777776,0.048298611111111,0.9444444444444444,0.0479166666666666,100.0,-1.0034722222222427
XGBoost,time,0,refitted,TopK_b05,20,0.05,0.1,193.20138888888889,0.0486805555555555,0.9444444444444444,0.0479166666666666,200.0,-6.798611111111114
XGBoost,time,0,refitted,TopK_b05,20,0.05,0.15,287.40624999999994,0.0490624999999999,0.9444444444444444,0.0479166666666666,300.0,-12.593750000000057
XGBoost,time,0,refitted,TopK_b05,50,0.05,0.02,99.14027777777775,0.0480694444444443,0.9444444444444444,0.0479166666666666,100.0,-0.8597222222222456
XGBoost,time,0,refitted,TopK_b05,50,0.05,0.05,240.66319444444443,0.048298611111111,0.9444444444444444,0.0479166666666666,250.0,-9.336805555555571
XGBoost,time,0,refitted,TopK_b05,50,0.05,0.1,476.53472222222223,0.0486805555555555,0.9444444444444444,0.0479166666666666,500.0,-23.46527777777777
XGBoost,time,0,refitted,TopK_b05,50,0.05,0.15,712.40625,0.0490624999999999,0.9444444444444444,0.0479166666666666,750.0,-37.59375
XGBoost,time,0,refitted,TopK_b10,5,0.1,0.02,17.520833333333336,0.0952083333333333,0.8333333333333334,0.09375,10.0,7.520833333333336
XGBoost,time,0,refitted,TopK_b10,5,0.1,0.05,29.73958333333333,0.0973958333333333,0.8333333333333334,0.09375,25.0,4.739583333333329
XGBoost,time,0,refitted,TopK_b10,5,0.1,0.1,50.10416666666667,0.1010416666666666,0.8333333333333334,0.09375,50.0,0.1041666666666714
XGBoost,time,0,refitted,TopK_b10,5,0.1,0.15,70.46875,0.1046874999999999,0.8333333333333334,0.09375,75.0,-4.53125
XGBoost,time,0,refitted,TopK_b10,10,0.1,0.02,25.854166666666668,0.0952083333333333,0.8333333333333334,0.09375,20.0,5.854166666666668
XGBoost,time,0,refitted,TopK_b10,10,0.1,0.05,50.57291666666666,0.0973958333333333,0.8333333333333334,0.09375,50.0,0.5729166666666572
XGBoost,time,0,refitted,TopK_b10,10,0.1,0.1,91.77083333333331,0.1010416666666666,0.8333333333333334,0.09375,100.0,-8.229166666666686
XGBoost,time,0,refitted,TopK_b10,10,0.1,0.15,132.96875,0.1046874999999999,0.8333333333333334,0.09375,150.0,-17.03125
XGBoost,time,0,refitted,TopK_b10,20,0.1,0.02,42.520833333333336,0.0952083333333333,0.8333333333333334,0.09375,40.0,2.5208333333333357
XGBoost,time,0,refitted,TopK_b10,20,0.1,0.05,92.23958333333331,0.0973958333333333,0.8333333333333334,0.09375,100.0,-7.760416666666686
XGBoost,time,0,refitted,TopK_b10,20,0.1,0.1,175.10416666666669,0.1010416666666666,0.8333333333333334,0.09375,200.0,-24.895833333333314
XGBoost,time,0,refitted,TopK_b10,20,0.1,0.15,257.96875,0.1046874999999999,0.8333333333333334,0.09375,300.0,-42.03125
XGBoost,time,0,refitted,TopK_b10,50,0.1,0.02,92.52083333333334,0.0952083333333333,0.8333333333333334,0.09375,100.0,-7.479166666666657
XGBoost,time,0,refitted,TopK_b10,50,0.1,0.05,217.23958333333331,0.0973958333333333,0.8333333333333334,0.09375,250.0,-32.760416666666686
XGBoost,time,0,refitted,TopK_b10,50,0.1,0.1,425.1041666666667,0.1010416666666666,0.8333333333333334,0.09375,500.0,-74.89583333333331
XGBoost,time,0,refitted,TopK_b10,50,0.1,0.15,632.96875,0.1046874999999999,0.8333333333333334,0.09375,750.0,-117.03125
XGBoost,time,0,refitted,TopK_b20,5,0.2,0.02,23.31805555555556,0.1865138888888889,0.5555555555555556,0.18125,10.0,13.31805555555556
XGBoost,time,0,refitted,TopK_b20,5,0.2,0.05,31.10763888888889,0.1944097222222222,0.5555555555555556,0.18125,25.0,6.107638888888889
XGBoost,time,0,refitted,TopK_b20,5,0.2,0.1,44.09027777777778,0.2075694444444444,0.5555555555555556,0.18125,50.0,-5.909722222222221
XGBoost,time,0,refitted,TopK_b20,5,0.2,0.15,57.07291666666667,0.2207291666666666,0.5555555555555556,0.18125,75.0,-17.92708333333333
XGBoost,time,0,refitted,TopK_b20,10,0.2,0.02,28.873611111111117,0.1865138888888889,0.5555555555555556,0.18125,20.0,8.873611111111117
XGBoost,time,0,refitted,TopK_b20,10,0.2,0.05,44.99652777777778,0.1944097222222222,0.5555555555555556,0.18125,50.0,-5.003472222222221
XGBoost,time,0,refitted,TopK_b20,10,0.2,0.1,71.86805555555556,0.2075694444444444,0.5555555555555556,0.18125,100.0,-28.131944444444443
XGBoost,time,0,refitted,TopK_b20,10,0.2,0.15,98.73958333333334,0.2207291666666666,0.5555555555555556,0.18125,150.0,-51.26041666666666
XGBoost,time,0,refitted,TopK_b20,20,0.2,0.02,39.984722222222224,0.1865138888888889,0.5555555555555556,0.18125,40.0,-0.015277777777775725
XGBoost,time,0,refitted,TopK_b20,20,0.2,0.05,72.77430555555556,0.1944097222222222,0.5555555555555556,0.18125,100.0,-27.225694444444443
XGBoost,time,0,refitted,TopK_b20,20,0.2,0.1,127.42361111111111,0.2075694444444444,0.5555555555555556,0.18125,200.0,-72.57638888888889
XGBoost,time,0,refitted,TopK_b20,20,0.2,0.15,182.07291666666669,0.2207291666666666,0.5555555555555556,0.18125,300.0,-117.92708333333331
XGBoost,time,0,refitted,TopK_b20,50,0.2,0.02,73.31805555555556,0.1865138888888889,0.5555555555555556,0.18125,100.0,-26.68194444444444
XGBoost,time,0,refitted,TopK_b20,50,0.2,0.05,156.10763888888889,0.1944097222222222,0.5555555555555556,0.18125,250.0,-93.89236111111111
XGBoost,time,0,refitted,TopK_b20,50,0.2,0.1,294.09027777777777,0.2075694444444444,0.5555555555555556,0.18125,500.0,-205.90972222222223
XGBoost,time,0,refitted,TopK_b20,50,0.2,0.15,432.07291666666674,0.2207291666666666,0.5555555555555556,0.18125,750.0,-317.92708333333326
XGBoost,time,1,fixed,none,5,,0.02,10.0,0.0,1.0,0.0,10.0,0.0
XGBoost,time,1,fixed,none,5,,0.05,25.0,0.0,1.0,0.0,25.0,0.0
XGBoost,time,1,fixed,none,5,,0.1,50.0,0.0,1.0,0.0,50.0,0.0
XGBoost,time,1,fixed,none,5,,0.15,75.0,0.0,1.0,0.0,75.0,0.0
XGBoost,time,1,fixed,none,10,,0.02,20.0,0.0,1.0,0.0,20.0,0.0
XGBoost,time,1,fixed,none,10,,0.05,50.0,0.0,1.0,0.0,50.0,0.0
XGBoost,time,1,fixed,none,10,,0.1,100.0,0.0,1.0,0.0,100.0,0.0
XGBoost,time,1,fixed,none,10,,0.15,150.0,0.0,1.0,0.0,150.0,0.0
XGBoost,time,1,fixed,none,20,,0.02,40.0,0.0,1.0,0.0,40.0,0.0
XGBoost,time,1,fixed,none,20,,0.05,100.0,0.0,1.0,0.0,100.0,0.0
XGBoost,time,1,fixed,none,20,,0.1,200.0,0.0,1.0,0.0,200.0,0.0
XGBoost,time,1,fixed,none,20,,0.15,300.0,0.0,1.0,0.0,300.0,0.0
XGBoost,time,1,fixed,none,50,,0.02,100.0,0.0,1.0,0.0,100.0,0.0
XGBoost,time,1,fixed,none,50,,0.05,250.0,0.0,1.0,0.0,250.0,0.0
XGBoost,time,1,fixed,none,50,,0.1,500.0,0.0,1.0,0.0,500.0,0.0
XGBoost,time,1,fixed,none,50,,0.15,750.0,0.0,1.0,0.0,750.0,0.0
XGBoost,time,1,fixed,A_b01,5,0.01,0.02,17.180198019801974,0.0718019801980197,1.0,0.0732673267326732,10.0,7.180198019801974
XGBoost,time,1,fixed,A_b01,5,0.01,0.05,31.96039603960396,0.0696039603960395,1.0,0.0732673267326732,25.0,6.96039603960396
XGBoost,time,1,fixed,A_b01,5,0.01,0.1,56.59405940594059,0.0659405940594058,1.0,0.0732673267326732,50.0,6.594059405940591
XGBoost,time,1,fixed,A_b01,5,0.01,0.15,81.22772277227722,0.0622772277227722,1.0,0.0732673267326732,75.0,6.227722772277218
XGBoost,time,1,fixed,A_b01,10,0.01,0.02,27.18019801980197,0.0718019801980197,1.0,0.0732673267326732,20.0,7.180198019801971
XGBoost,time,1,fixed,A_b01,10,0.01,0.05,56.96039603960396,0.0696039603960395,1.0,0.0732673267326732,50.0,6.960396039603957
XGBoost,time,1,fixed,A_b01,10,0.01,0.1,106.59405940594058,0.0659405940594058,1.0,0.0732673267326732,100.0,6.594059405940584
XGBoost,time,1,fixed,A_b01,10,0.01,0.15,156.22772277227722,0.0622772277227722,1.0,0.0732673267326732,150.0,6.227722772277218
XGBoost,time,1,fixed,A_b01,20,0.01,0.02,47.18019801980198,0.0718019801980197,1.0,0.0732673267326732,40.0,7.180198019801978
XGBoost,time,1,fixed,A_b01,20,0.01,0.05,106.96039603960396,0.0696039603960395,1.0,0.0732673267326732,100.0,6.960396039603964
XGBoost,time,1,fixed,A_b01,20,0.01,0.1,206.5940594059406,0.0659405940594058,1.0,0.0732673267326732,200.0,6.594059405940612
XGBoost,time,1,fixed,A_b01,20,0.01,0.15,306.2277227722772,0.0622772277227722,1.0,0.0732673267326732,300.0,6.227722772277218
XGBoost,time,1,fixed,A_b01,50,0.01,0.02,107.18019801980196,0.0718019801980197,1.0,0.0732673267326732,100.0,7.1801980198019635
XGBoost,time,1,fixed,A_b01,50,0.01,0.05,256.96039603960395,0.0696039603960395,1.0,0.0732673267326732,250.0,6.96039603960395
XGBoost,time,1,fixed,A_b01,50,0.01,0.1,506.5940594059406,0.0659405940594058,1.0,0.0732673267326732,500.0,6.594059405940584
XGBoost,time,1,fixed,A_b01,50,0.01,0.15,756.2277227722772,0.0622772277227722,1.0,0.0732673267326732,750.0,6.227722772277161
XGBoost,time,1,fixed,A_b05,5,0.05,0.02,23.001980198019798,0.1300198019801979,1.0,0.1326732673267326,10.0,13.001980198019798
XGBoost,time,1,fixed,A_b05,5,0.05,0.05,37.6039603960396,0.1260396039603959,1.0,0.1326732673267326,25.0,12.603960396039597
XGBoost,time,1,fixed,A_b05,5,0.05,0.1,61.94059405940593,0.1194059405940593,1.0,0.1326732673267326,50.0,11.940594059405932
XGBoost,time,1,fixed,A_b05,5,0.05,0.15,86.27722772277227,0.1127722772277227,1.0,0.1326732673267326,75.0,11.277227722772267
XGBoost,time,1,fixed,A_b05,10,0.05,0.02,33.0019801980198,0.1300198019801979,1.0,0.1326732673267326,20.0,13.001980198019801
XGBoost,time,1,fixed,A_b05,10,0.05,0.05,62.6039603960396,0.1260396039603959,1.0,0.1326732673267326,50.0,12.603960396039597
XGBoost,time,1,fixed,A_b05,10,0.05,0.1,111.94059405940592,0.1194059405940593,1.0,0.1326732673267326,100.0,11.940594059405925
XGBoost,time,1,fixed,A_b05,10,0.05,0.15,161.27722772277227,0.1127722772277227,1.0,0.1326732673267326,150.0,11.277227722772267
XGBoost,time,1,fixed,A_b05,20,0.05,0.02,53.001980198019794,0.1300198019801979,1.0,0.1326732673267326,40.0,13.001980198019794
XGBoost,time,1,fixed,A_b05,20,0.05,0.05,112.6039603960396,0.1260396039603959,1.0,0.1326732673267326,100.0,12.603960396039597
XGBoost,time,1,fixed,A_b05,20,0.05,0.1,211.94059405940595,0.1194059405940593,1.0,0.1326732673267326,200.0,11.940594059405953
XGBoost,time,1,fixed,A_b05,20,0.05,0.15,311.27722772277224,0.1127722772277227,1.0,0.1326732673267326,300.0,11.277227722772238
XGBoost,time,1,fixed,A_b05,50,0.05,0.02,113.0019801980198,0.1300198019801979,1.0,0.1326732673267326,100.0,13.001980198019794
XGBoost,time,1,fixed,A_b05,50,0.05,0.05,262.6039603960396,0.1260396039603959,1.0,0.1326732673267326,250.0,12.60396039603961
XGBoost,time,1,fixed,A_b05,50,0.05,0.1,511.9405940594059,0.1194059405940593,1.0,0.1326732673267326,500.0,11.940594059405896
XGBoost,time,1,fixed,A_b05,50,0.05,0.15,761.2772277227723,0.1127722772277227,1.0,0.1326732673267326,750.0,11.277227722772295
XGBoost,time,1,fixed,A_b10,5,0.1,0.02,28.346534653465344,0.2194653465346534,0.7,0.2178217821782178,10.0,18.346534653465344
XGBoost,time,1,fixed,A_b10,5,0.1,0.05,38.19306930693069,0.2219306930693069,0.7,0.2178217821782178,25.0,13.193069306930688
XGBoost,time,1,fixed,A_b10,5,0.1,0.1,54.6039603960396,0.226039603960396,0.7,0.2178217821782178,50.0,4.6039603960395965
XGBoost,time,1,fixed,A_b10,5,0.1,0.15,71.0148514851485,0.2301485148514851,0.7,0.2178217821782178,75.0,-3.9851485148515025
XGBoost,time,1,fixed,A_b10,10,0.1,0.02,35.34653465346535,0.2194653465346534,0.7,0.2178217821782178,20.0,15.346534653465348
XGBoost,time,1,fixed,A_b10,10,0.1,0.05,55.69306930693069,0.2219306930693069,0.7,0.2178217821782178,50.0,5.693069306930688
XGBoost,time,1,fixed,A_b10,10,0.1,0.1,89.6039603960396,0.226039603960396,0.7,0.2178217821782178,100.0,-10.396039603960403
XGBoost,time,1,fixed,A_b10,10,0.1,0.15,123.5148514851485,0.2301485148514851,0.7,0.2178217821782178,150.0,-26.485148514851502
XGBoost,time,1,fixed,A_b10,20,0.1,0.02,49.34653465346534,0.2194653465346534,0.7,0.2178217821782178,40.0,9.34653465346534
XGBoost,time,1,fixed,A_b10,20,0.1,0.05,90.69306930693068,0.2219306930693069,0.7,0.2178217821782178,100.0,-9.306930693069319
XGBoost,time,1,fixed,A_b10,20,0.1,0.1,159.60396039603958,0.226039603960396,0.7,0.2178217821782178,200.0,-40.39603960396042
XGBoost,time,1,fixed,A_b10,20,0.1,0.15,228.51485148514848,0.2301485148514851,0.7,0.2178217821782178,300.0,-71.48514851485152
XGBoost,time,1,fixed,A_b10,50,0.1,0.02,91.34653465346534,0.2194653465346534,0.7,0.2178217821782178,100.0,-8.65346534653466
XGBoost,time,1,fixed,A_b10,50,0.1,0.05,195.69306930693068,0.2219306930693069,0.7,0.2178217821782178,250.0,-54.30693069306932
XGBoost,time,1,fixed,A_b10,50,0.1,0.1,369.6039603960396,0.226039603960396,0.7,0.2178217821782178,500.0,-130.3960396039604
XGBoost,time,1,fixed,A_b10,50,0.1,0.15,543.5148514851485,0.2301485148514851,0.7,0.2178217821782178,750.0,-206.48514851485152
XGBoost,time,1,fixed,A_b20,5,0.2,0.02,52.12673267326733,0.4932673267326732,0.4,0.4910891089108911,10.0,42.12673267326733
XGBoost,time,1,fixed,A_b20,5,0.2,0.05,56.653465346534645,0.4965346534653465,0.4,0.4910891089108911,25.0,31.653465346534645
XGBoost,time,1,fixed,A_b20,5,0.2,0.1,64.1980198019802,0.501980198019802,0.4,0.4910891089108911,50.0,14.198019801980195
XGBoost,time,1,fixed,A_b20,5,0.2,0.15,71.74257425742574,0.5074257425742574,0.4,0.4910891089108911,75.0,-3.257425742574256
XGBoost,time,1,fixed,A_b20,10,0.2,0.02,56.12673267326733,0.4932673267326732,0.4,0.4910891089108911,20.0,36.12673267326733
XGBoost,time,1,fixed,A_b20,10,0.2,0.05,66.65346534653465,0.4965346534653465,0.4,0.4910891089108911,50.0,16.653465346534645
XGBoost,time,1,fixed,A_b20,10,0.2,0.1,84.19801980198021,0.501980198019802,0.4,0.4910891089108911,100.0,-15.801980198019791
XGBoost,time,1,fixed,A_b20,10,0.2,0.15,101.74257425742574,0.5074257425742574,0.4,0.4910891089108911,150.0,-48.257425742574256
XGBoost,time,1,fixed,A_b20,20,0.2,0.02,64.12673267326733,0.4932673267326732,0.4,0.4910891089108911,40.0,24.126732673267327
XGBoost,time,1,fixed,A_b20,20,0.2,0.05,86.65346534653466,0.4965346534653465,0.4,0.4910891089108911,100.0,-13.34653465346534
XGBoost,time,1,fixed,A_b20,20,0.2,0.1,124.1980198019802,0.501980198019802,0.4,0.4910891089108911,200.0,-75.8019801980198
XGBoost,time,1,fixed,A_b20,20,0.2,0.15,161.74257425742576,0.5074257425742574,0.4,0.4910891089108911,300.0,-138.25742574257424
XGBoost,time,1,fixed,A_b20,50,0.2,0.02,88.12673267326733,0.4932673267326732,0.4,0.4910891089108911,100.0,-11.873267326732673
XGBoost,time,1,fixed,A_b20,50,0.2,0.05,146.65346534653466,0.4965346534653465,0.4,0.4910891089108911,250.0,-103.34653465346534
XGBoost,time,1,fixed,A_b20,50,0.2,0.1,244.1980198019802,0.501980198019802,0.4,0.4910891089108911,500.0,-255.8019801980198
XGBoost,time,1,fixed,A_b20,50,0.2,0.15,341.74257425742576,0.5074257425742574,0.4,0.4910891089108911,750.0,-408.25742574257424
XGBoost,time,1,fixed,B_r05,5,,0.02,10.0,0.0,1.0,0.0,10.0,0.0
XGBoost,time,1,fixed,B_r05,5,,0.05,25.0,0.0,1.0,0.0,25.0,0.0
XGBoost,time,1,fixed,B_r05,5,,0.1,50.0,0.0,1.0,0.0,50.0,0.0
XGBoost,time,1,fixed,B_r05,5,,0.15,75.0,0.0,1.0,0.0,75.0,0.0
XGBoost,time,1,fixed,B_r10,10,,0.02,20.0,0.0,1.0,0.0,20.0,0.0
XGBoost,time,1,fixed,B_r10,10,,0.05,50.0,0.0,1.0,0.0,50.0,0.0
XGBoost,time,1,fixed,B_r10,10,,0.1,100.0,0.0,1.0,0.0,100.0,0.0
XGBoost,time,1,fixed,B_r10,10,,0.15,150.0,0.0,1.0,0.0,150.0,0.0
XGBoost,time,1,fixed,B_r20,20,,0.02,40.0,0.0,1.0,0.0,40.0,0.0
XGBoost,time,1,fixed,B_r20,20,,0.05,100.0,0.0,1.0,0.0,100.0,0.0
XGBoost,time,1,fixed,B_r20,20,,0.1,200.0,0.0,1.0,0.0,200.0,0.0
XGBoost,time,1,fixed,B_r20,20,,0.15,300.0,0.0,1.0,0.0,300.0,0.0
XGBoost,time,1,fixed,B_r50,50,,0.02,100.0,0.0,1.0,0.0,100.0,0.0
XGBoost,time,1,fixed,B_r50,50,,0.05,250.0,0.0,1.0,0.0,250.0,0.0
XGBoost,time,1,fixed,B_r50,50,,0.1,500.0,0.0,1.0,0.0,500.0,0.0
XGBoost,time,1,fixed,B_r50,50,,0.15,750.0,0.0,1.0,0.0,750.0,0.0
XGBoost,time,1,fixed,C_b01_r05,5,0.01,0.02,10.0,0.0,1.0,0.0,10.0,0.0
XGBoost,time,1,fixed,C_b01_r05,5,0.01,0.05,25.0,0.0,1.0,0.0,25.0,0.0
XGBoost,time,1,fixed,C_b01_r05,5,0.01,0.1,50.0,0.0,1.0,0.0,50.0,0.0
XGBoost,time,1,fixed,C_b01_r05,5,0.01,0.15,75.0,0.0,1.0,0.0,75.0,0.0
XGBoost,time,1,fixed,C_b01_r10,10,0.01,0.02,20.0,0.0,1.0,0.0,20.0,0.0
XGBoost,time,1,fixed,C_b01_r10,10,0.01,0.05,50.0,0.0,1.0,0.0,50.0,0.0
XGBoost,time,1,fixed,C_b01_r10,10,0.01,0.1,100.0,0.0,1.0,0.0,100.0,0.0
XGBoost,time,1,fixed,C_b01_r10,10,0.01,0.15,150.0,0.0,1.0,0.0,150.0,0.0
XGBoost,time,1,fixed,C_b01_r20,20,0.01,0.02,40.0,0.0,1.0,0.0,40.0,0.0
XGBoost,time,1,fixed,C_b01_r20,20,0.01,0.05,100.0,0.0,1.0,0.0,100.0,0.0
XGBoost,time,1,fixed,C_b01_r20,20,0.01,0.1,200.0,0.0,1.0,0.0,200.0,0.0
XGBoost,time,1,fixed,C_b01_r20,20,0.01,0.15,300.0,0.0,1.0,0.0,300.0,0.0
XGBoost,time,1,fixed,C_b01_r50,50,0.01,0.02,100.0,0.0,1.0,0.0,100.0,0.0
XGBoost,time,1,fixed,C_b01_r50,50,0.01,0.05,250.0,0.0,1.0,0.0,250.0,0.0
XGBoost,time,1,fixed,C_b01_r50,50,0.01,0.1,500.0,0.0,1.0,0.0,500.0,0.0
XGBoost,time,1,fixed,C_b01_r50,50,0.01,0.15,750.0,0.0,1.0,0.0,750.0,0.0
XGBoost,time,1,fixed,C_b05_r05,5,0.05,0.02,10.0,0.0,1.0,0.0,10.0,0.0
XGBoost,time,1,fixed,C_b05_r05,5,0.05,0.05,25.0,0.0,1.0,0.0,25.0,0.0
XGBoost,time,1,fixed,C_b05_r05,5,0.05,0.1,50.0,0.0,1.0,0.0,50.0,0.0
XGBoost,time,1,fixed,C_b05_r05,5,0.05,0.15,75.0,0.0,1.0,0.0,75.0,0.0
XGBoost,time,1,fixed,C_b05_r10,10,0.05,0.02,20.0,0.0,1.0,0.0,20.0,0.0
XGBoost,time,1,fixed,C_b05_r10,10,0.05,0.05,50.0,0.0,1.0,0.0,50.0,0.0
XGBoost,time,1,fixed,C_b05_r10,10,0.05,0.1,100.0,0.0,1.0,0.0,100.0,0.0
XGBoost,time,1,fixed,C_b05_r10,10,0.05,0.15,150.0,0.0,1.0,0.0,150.0,0.0
XGBoost,time,1,fixed,C_b05_r20,20,0.05,0.02,40.0,0.0,1.0,0.0,40.0,0.0
XGBoost,time,1,fixed,C_b05_r20,20,0.05,0.05,100.0,0.0,1.0,0.0,100.0,0.0
XGBoost,time,1,fixed,C_b05_r20,20,0.05,0.1,200.0,0.0,1.0,0.0,200.0,0.0
XGBoost,time,1,fixed,C_b05_r20,20,0.05,0.15,300.0,0.0,1.0,0.0,300.0,0.0
XGBoost,time,1,fixed,C_b05_r50,50,0.05,0.02,100.0,0.0,1.0,0.0,100.0,0.0
XGBoost,time,1,fixed,C_b05_r50,50,0.05,0.05,250.0,0.0,1.0,0.0,250.0,0.0
XGBoost,time,1,fixed,C_b05_r50,50,0.05,0.1,500.0,0.0,1.0,0.0,500.0,0.0
XGBoost,time,1,fixed,C_b05_r50,50,0.05,0.15,750.0,0.0,1.0,0.0,750.0,0.0
XGBoost,time,1,fixed,C_b10_r05,5,0.1,0.02,10.0,0.0,1.0,0.0,10.0,0.0
XGBoost,time,1,fixed,C_b10_r05,5,0.1,0.05,25.0,0.0,1.0,0.0,25.0,0.0
XGBoost,time,1,fixed,C_b10_r05,5,0.1,0.1,50.0,0.0,1.0,0.0,50.0,0.0
XGBoost,time,1,fixed,C_b10_r05,5,0.1,0.15,75.0,0.0,1.0,0.0,75.0,0.0
XGBoost,time,1,fixed,C_b10_r10,10,0.1,0.02,20.0,0.0,1.0,0.0,20.0,0.0
XGBoost,time,1,fixed,C_b10_r10,10,0.1,0.05,50.0,0.0,1.0,0.0,50.0,0.0
XGBoost,time,1,fixed,C_b10_r10,10,0.1,0.1,100.0,0.0,1.0,0.0,100.0,0.0
XGBoost,time,1,fixed,C_b10_r10,10,0.1,0.15,150.0,0.0,1.0,0.0,150.0,0.0
XGBoost,time,1,fixed,C_b10_r20,20,0.1,0.02,40.0,0.0,1.0,0.0,40.0,0.0
XGBoost,time,1,fixed,C_b10_r20,20,0.1,0.05,100.0,0.0,1.0,0.0,100.0,0.0
XGBoost,time,1,fixed,C_b10_r20,20,0.1,0.1,200.0,0.0,1.0,0.0,200.0,0.0
XGBoost,time,1,fixed,C_b10_r20,20,0.1,0.15,300.0,0.0,1.0,0.0,300.0,0.0
XGBoost,time,1,fixed,C_b10_r50,50,0.1,0.02,100.0,0.0,1.0,0.0,100.0,0.0
XGBoost,time,1,fixed,C_b10_r50,50,0.1,0.05,250.0,0.0,1.0,0.0,250.0,0.0
XGBoost,time,1,fixed,C_b10_r50,50,0.1,0.1,500.0,0.0,1.0,0.0,500.0,0.0
XGBoost,time,1,fixed,C_b10_r50,50,0.1,0.15,750.0,0.0,1.0,0.0,750.0,0.0
XGBoost,time,1,fixed,C_b20_r05,5,0.2,0.02,10.0,0.0,1.0,0.0,10.0,0.0
XGBoost,time,1,fixed,C_b20_r05,5,0.2,0.05,25.0,0.0,1.0,0.0,25.0,0.0
XGBoost,time,1,fixed,C_b20_r05,5,0.2,0.1,50.0,0.0,1.0,0.0,50.0,0.0
XGBoost,time,1,fixed,C_b20_r05,5,0.2,0.15,75.0,0.0,1.0,0.0,75.0,0.0
XGBoost,time,1,fixed,C_b20_r10,10,0.2,0.02,20.0,0.0,1.0,0.0,20.0,0.0
XGBoost,time,1,fixed,C_b20_r10,10,0.2,0.05,50.0,0.0,1.0,0.0,50.0,0.0
XGBoost,time,1,fixed,C_b20_r10,10,0.2,0.1,100.0,0.0,1.0,0.0,100.0,0.0
XGBoost,time,1,fixed,C_b20_r10,10,0.2,0.15,150.0,0.0,1.0,0.0,150.0,0.0
XGBoost,time,1,fixed,C_b20_r20,20,0.2,0.02,40.0,0.0,1.0,0.0,40.0,0.0
XGBoost,time,1,fixed,C_b20_r20,20,0.2,0.05,100.0,0.0,1.0,0.0,100.0,0.0
XGBoost,time,1,fixed,C_b20_r20,20,0.2,0.1,200.0,0.0,1.0,0.0,200.0,0.0
XGBoost,time,1,fixed,C_b20_r20,20,0.2,0.15,300.0,0.0,1.0,0.0,300.0,0.0
XGBoost,time,1,fixed,C_b20_r50,50,0.2,0.02,100.0,0.0,1.0,0.0,100.0,0.0
XGBoost,time,1,fixed,C_b20_r50,50,0.2,0.05,250.0,0.0,1.0,0.0,250.0,0.0
XGBoost,time,1,fixed,C_b20_r50,50,0.2,0.1,500.0,0.0,1.0,0.0,500.0,0.0
XGBoost,time,1,fixed,C_b20_r50,50,0.2,0.15,750.0,0.0,1.0,0.0,750.0,0.0
XGBoost,time,1,fixed,TopK_b01,5,0.01,0.02,10.970297029702971,0.0097029702970297,1.0,0.0099009900990099,10.0,0.9702970297029712
XGBoost,time,1,fixed,TopK_b01,5,0.01,0.05,25.940594059405942,0.0094059405940594,1.0,0.0099009900990099,25.0,0.9405940594059423
XGBoost,time,1,fixed,TopK_b01,5,0.01,0.1,50.89108910891089,0.0089108910891089,1.0,0.0099009900990099,50.0,0.8910891089108901
XGBoost,time,1,fixed,TopK_b01,5,0.01,0.15,75.84158415841584,0.0084158415841584,1.0,0.0099009900990099,75.0,0.8415841584158414
XGBoost,time,1,fixed,TopK_b01,10,0.01,0.02,20.970297029702973,0.0097029702970297,1.0,0.0099009900990099,20.0,0.9702970297029729
XGBoost,time,1,fixed,TopK_b01,10,0.01,0.05,50.94059405940594,0.0094059405940594,1.0,0.0099009900990099,50.0,0.9405940594059388
XGBoost,time,1,fixed,TopK_b01,10,0.01,0.1,100.89108910891088,0.0089108910891089,1.0,0.0099009900990099,100.0,0.8910891089108759
XGBoost,time,1,fixed,TopK_b01,10,0.01,0.15,150.84158415841586,0.0084158415841584,1.0,0.0099009900990099,150.0,0.8415841584158557
XGBoost,time,1,fixed,TopK_b01,20,0.01,0.02,40.97029702970298,0.0097029702970297,1.0,0.0099009900990099,40.0,0.9702970297029765
XGBoost,time,1,fixed,TopK_b01,20,0.01,0.05,100.94059405940594,0.0094059405940594,1.0,0.0099009900990099,100.0,0.9405940594059388
XGBoost,time,1,fixed,TopK_b01,20,0.01,0.1,200.8910891089109,0.0089108910891089,1.0,0.0099009900990099,200.0,0.8910891089109043
XGBoost,time,1,fixed,TopK_b01,20,0.01,0.15,300.8415841584158,0.0084158415841584,1.0,0.0099009900990099,300.0,0.8415841584157988
XGBoost,time,1,fixed,TopK_b01,50,0.01,0.02,100.97029702970298,0.0097029702970297,1.0,0.0099009900990099,100.0,0.9702970297029765
XGBoost,time,1,fixed,TopK_b01,50,0.01,0.05,250.94059405940592,0.0094059405940594,1.0,0.0099009900990099,250.0,0.9405940594059246
XGBoost,time,1,fixed,TopK_b01,50,0.01,0.1,500.8910891089108,0.0089108910891089,1.0,0.0099009900990099,500.0,0.891089108910819
XGBoost,time,1,fixed,TopK_b01,50,0.01,0.15,750.8415841584158,0.0084158415841584,1.0,0.0099009900990099,750.0,0.8415841584157988
XGBoost,time,1,fixed,TopK_b05,5,0.05,0.02,14.85148514851485,0.0485148514851485,1.0,0.0495049504950495,10.0,4.8514851485148505
XGBoost,time,1,fixed,TopK_b05,5,0.05,0.05,29.7029702970297,0.047029702970297,1.0,0.0495049504950495,25.0,4.702970297029701
XGBoost,time,1,fixed,TopK_b05,5,0.05,0.1,54.45544554455446,0.0445544554455445,1.0,0.0495049504950495,50.0,4.455445544554458
XGBoost,time,1,fixed,TopK_b05,5,0.05,0.15,79.20792079207921,0.042079207920792,1.0,0.0495049504950495,75.0,4.207920792079207
XGBoost,time,1,fixed,TopK_b05,10,0.05,0.02,24.85148514851485,0.0485148514851485,1.0,0.0495049504950495,20.0,4.8514851485148505
XGBoost,time,1,fixed,TopK_b05,10,0.05,0.05,54.70297029702971,0.047029702970297,1.0,0.0495049504950495,50.0,4.702970297029708
XGBoost,time,1,fixed,TopK_b05,10,0.05,0.1,104.45544554455446,0.0445544554455445,1.0,0.0495049504950495,100.0,4.455445544554465
XGBoost,time,1,fixed,TopK_b05,10,0.05,0.15,154.20792079207922,0.042079207920792,1.0,0.0495049504950495,150.0,4.207920792079221
XGBoost,time,1,fixed,TopK_b05,20,0.05,0.02,44.85148514851485,0.0485148514851485,1.0,0.0495049504950495,40.0,4.851485148514847
XGBoost,time,1,fixed,TopK_b05,20,0.05,0.05,104.70297029702972,0.047029702970297,1.0,0.0495049504950495,100.0,4.702970297029722
XGBoost,time,1,fixed,TopK_b05,20,0.05,0.1,204.4554455445545,0.0445544554455445,1.0,0.0495049504950495,200.0,4.455445544554493
XGBoost,time,1,fixed,TopK_b05,20,0.05,0.15,304.2079207920792,0.042079207920792,1.0,0.0495049504950495,300.0,4.207920792079221
XGBoost,time,1,fixed,TopK_b05,50,0.05,0.02,104.85148514851484,0.0485148514851485,1.0,0.0495049504950495,100.0,4.85148514851484
XGBoost,time,1,fixed,TopK_b05,50,0.05,0.05,254.70297029702968,0.047029702970297,1.0,0.0495049504950495,250.0,4.70297029702968
XGBoost,time,1,fixed,TopK_b05,50,0.05,0.1,504.4554455445544,0.0445544554455445,1.0,0.0495049504950495,500.0,4.4554455445543795
XGBoost,time,1,fixed,TopK_b05,50,0.05,0.15,754.2079207920792,0.042079207920792,1.0,0.0495049504950495,750.0,4.207920792079221
XGBoost,time,1,fixed,TopK_b10,5,0.1,0.02,19.897029702970297,0.0989702970297029,1.0,0.100990099009901,10.0,9.897029702970297
XGBoost,time,1,fixed,TopK_b10,5,0.1,0.05,34.59405940594059,0.0959405940594059,1.0,0.100990099009901,25.0,9.594059405940591
XGBoost,time,1,fixed,TopK_b10,5,0.1,0.1,59.089108910891085,0.0908910891089109,1.0,0.100990099009901,50.0,9.089108910891085
XGBoost,time,1,fixed,TopK_b10,5,0.1,0.15,83.58415841584159,0.0858415841584158,1.0,0.100990099009901,75.0,8.584158415841586
XGBoost,time,1,fixed,TopK_b10,10,0.1,0.02,29.8970297029703,0.0989702970297029,1.0,0.100990099009901,20.0,9.8970297029703
XGBoost,time,1,fixed,TopK_b10,10,0.1,0.05,59.59405940594059,0.0959405940594059,1.0,0.100990099009901,50.0,9.594059405940591
XGBoost,time,1,fixed,TopK_b10,10,0.1,0.1,109.0891089108911,0.0908910891089109,1.0,0.100990099009901,100.0,9.089108910891099
XGBoost,time,1,fixed,TopK_b10,10,0.1,0.15,158.5841584158416,0.0858415841584158,1.0,0.100990099009901,150.0,8.584158415841614
XGBoost,time,1,fixed,TopK_b10,20,0.1,0.02,49.8970297029703,0.0989702970297029,1.0,0.100990099009901,40.0,9.8970297029703
XGBoost,time,1,fixed,TopK_b10,20,0.1,0.05,109.5940594059406,0.0959405940594059,1.0,0.100990099009901,100.0,9.594059405940598
XGBoost,time,1,fixed,TopK_b10,20,0.1,0.1,209.0891089108911,0.0908910891089109,1.0,0.100990099009901,200.0,9.089108910891099
XGBoost,time,1,fixed,TopK_b10,20,0.1,0.15,308.5841584158416,0.0858415841584158,1.0,0.100990099009901,300.0,8.584158415841614
XGBoost,time,1,fixed,TopK_b10,50,0.1,0.02,109.8970297029703,0.0989702970297029,1.0,0.100990099009901,100.0,9.8970297029703
XGBoost,time,1,fixed,TopK_b10,50,0.1,0.05,259.5940594059406,0.0959405940594059,1.0,0.100990099009901,250.0,9.594059405940584
XGBoost,time,1,fixed,TopK_b10,50,0.1,0.1,509.0891089108911,0.0908910891089109,1.0,0.100990099009901,500.0,9.089108910891127
XGBoost,time,1,fixed,TopK_b10,50,0.1,0.15,758.5841584158416,0.0858415841584158,1.0,0.100990099009901,750.0,8.584158415841557
XGBoost,time,1,fixed,TopK_b20,5,0.2,0.02,27.6,0.2,0.8,0.2,10.0,17.6
XGBoost,time,1,fixed,TopK_b20,5,0.2,0.05,39.0,0.2,0.8,0.2,25.0,14.0
XGBoost,time,1,fixed,TopK_b20,5,0.2,0.1,58.00000000000001,0.2,0.8,0.2,50.0,8.000000000000007
XGBoost,time,1,fixed,TopK_b20,5,0.2,0.15,77.00000000000001,0.2,0.8,0.2,75.0,2.000000000000014
XGBoost,time,1,fixed,TopK_b20,10,0.2,0.02,35.6,0.2,0.8,0.2,20.0,15.600000000000001
XGBoost,time,1,fixed,TopK_b20,10,0.2,0.05,59.00000000000001,0.2,0.8,0.2,50.0,9.000000000000007
XGBoost,time,1,fixed,TopK_b20,10,0.2,0.1,98.0,0.2,0.8,0.2,100.0,-2.0
XGBoost,time,1,fixed,TopK_b20,10,0.2,0.15,137.0,0.2,0.8,0.2,150.0,-13.0
XGBoost,time,1,fixed,TopK_b20,20,0.2,0.02,51.6,0.2,0.8,0.2,40.0,11.600000000000001
XGBoost,time,1,fixed,TopK_b20,20,0.2,0.05,99.0,0.2,0.8,0.2,100.0,-1.0
XGBoost,time,1,fixed,TopK_b20,20,0.2,0.1,178.0,0.2,0.8,0.2,200.0,-22.0
XGBoost,time,1,fixed,TopK_b20,20,0.2,0.15,257.0,0.2,0.8,0.2,300.0,-43.0
XGBoost,time,1,fixed,TopK_b20,50,0.2,0.02,99.6,0.2,0.8,0.2,100.0,-0.4000000000000057
XGBoost,time,1,fixed,TopK_b20,50,0.2,0.05,219.0,0.2,0.8,0.2,250.0,-31.0
XGBoost,time,1,fixed,TopK_b20,50,0.2,0.1,418.0,0.2,0.8,0.2,500.0,-82.0
XGBoost,time,1,fixed,TopK_b20,50,0.2,0.15,617.0,0.2,0.8,0.2,750.0,-133.0
XGBoost,time,1,refitted,none,5,,0.02,10.0,0.0,1.0,0.0,10.0,0.0
XGBoost,time,1,refitted,none,5,,0.05,25.0,0.0,1.0,0.0,25.0,0.0
XGBoost,time,1,refitted,none,5,,0.1,50.0,0.0,1.0,0.0,50.0,0.0
XGBoost,time,1,refitted,none,5,,0.15,75.0,0.0,1.0,0.0,75.0,0.0
XGBoost,time,1,refitted,none,10,,0.02,20.0,0.0,1.0,0.0,20.0,0.0
XGBoost,time,1,refitted,none,10,,0.05,50.0,0.0,1.0,0.0,50.0,0.0
XGBoost,time,1,refitted,none,10,,0.1,100.0,0.0,1.0,0.0,100.0,0.0
XGBoost,time,1,refitted,none,10,,0.15,150.0,0.0,1.0,0.0,150.0,0.0
XGBoost,time,1,refitted,none,20,,0.02,40.0,0.0,1.0,0.0,40.0,0.0
XGBoost,time,1,refitted,none,20,,0.05,100.0,0.0,1.0,0.0,100.0,0.0
XGBoost,time,1,refitted,none,20,,0.1,200.0,0.0,1.0,0.0,200.0,0.0
XGBoost,time,1,refitted,none,20,,0.15,300.0,0.0,1.0,0.0,300.0,0.0
XGBoost,time,1,refitted,none,50,,0.02,100.0,0.0,1.0,0.0,100.0,0.0
XGBoost,time,1,refitted,none,50,,0.05,250.0,0.0,1.0,0.0,250.0,0.0
XGBoost,time,1,refitted,none,50,,0.1,500.0,0.0,1.0,0.0,500.0,0.0
XGBoost,time,1,refitted,none,50,,0.15,750.0,0.0,1.0,0.0,750.0,0.0
XGBoost,time,1,refitted,A_b01,5,0.01,0.02,16.01584158415841,0.060158415841584,1.0,0.0613861386138613,10.0,6.015841584158409
XGBoost,time,1,refitted,A_b01,5,0.01,0.05,30.831683168316825,0.0583168316831682,1.0,0.0613861386138613,25.0,5.831683168316825
XGBoost,time,1,refitted,A_b01,5,0.01,0.1,55.52475247524752,0.0552475247524751,1.0,0.0613861386138613,50.0,5.524752475247517
XGBoost,time,1,refitted,A_b01,5,0.01,0.15,80.2178217821782,0.0521782178217821,1.0,0.0613861386138613,75.0,5.217821782178206
XGBoost,time,1,refitted,A_b01,10,0.01,0.02,26.015841584158405,0.060158415841584,1.0,0.0613861386138613,20.0,6.015841584158405
XGBoost,time,1,refitted,A_b01,10,0.01,0.05,55.83168316831683,0.0583168316831682,1.0,0.0613861386138613,50.0,5.831683168316829
XGBoost,time,1,refitted,A_b01,10,0.01,0.1,105.52475247524752,0.0552475247524751,1.0,0.0613861386138613,100.0,5.524752475247524
XGBoost,time,1,refitted,A_b01,10,0.01,0.15,155.2178217821782,0.0521782178217821,1.0,0.0613861386138613,150.0,5.217821782178191
XGBoost,time,1,refitted,A_b01,20,0.01,0.02,46.01584158415841,0.060158415841584,1.0,0.0613861386138613,40.0,6.015841584158409
XGBoost,time,1,refitted,A_b01,20,0.01,0.05,105.8316831683168,0.0583168316831682,1.0,0.0613861386138613,100.0,5.8316831683168004
XGBoost,time,1,refitted,A_b01,20,0.01,0.1,205.52475247524757,0.0552475247524751,1.0,0.0613861386138613,200.0,5.524752475247567
XGBoost,time,1,refitted,A_b01,20,0.01,0.15,305.2178217821782,0.0521782178217821,1.0,0.0613861386138613,300.0,5.217821782178191
XGBoost,time,1,refitted,A_b01,50,0.01,0.02,106.0158415841584,0.060158415841584,1.0,0.0613861386138613,100.0,6.0158415841583945
XGBoost,time,1,refitted,A_b01,50,0.01,0.05,255.83168316831683,0.0583168316831682,1.0,0.0613861386138613,250.0,5.831683168316829
XGBoost,time,1,refitted,A_b01,50,0.01,0.1,505.5247524752475,0.0552475247524751,1.0,0.0613861386138613,500.0,5.52475247524751
XGBoost,time,1,refitted,A_b01,50,0.01,0.15,755.2178217821782,0.0521782178217821,1.0,0.0613861386138613,750.0,5.217821782178248
XGBoost,time,1,refitted,A_b05,5,0.05,0.02,20.09108910891088,0.1009108910891088,1.0,0.1029702970297029,10.0,10.091089108910879
XGBoost,time,1,refitted,A_b05,5,0.05,0.05,34.78217821782177,0.0978217821782177,1.0,0.1029702970297029,25.0,9.782178217821773
XGBoost,time,1,refitted,A_b05,5,0.05,0.1,59.26732673267326,0.0926732673267326,1.0,0.1029702970297029,50.0,9.267326732673261
XGBoost,time,1,refitted,A_b05,5,0.05,0.15,83.75247524752474,0.0875247524752474,1.0,0.1029702970297029,75.0,8.752475247524742
XGBoost,time,1,refitted,A_b05,10,0.05,0.02,30.09108910891089,0.1009108910891088,1.0,0.1029702970297029,20.0,10.09108910891089
XGBoost,time,1,refitted,A_b05,10,0.05,0.05,59.782178217821766,0.0978217821782177,1.0,0.1029702970297029,50.0,9.782178217821766
XGBoost,time,1,refitted,A_b05,10,0.05,0.1,109.26732673267324,0.0926732673267326,1.0,0.1029702970297029,100.0,9.26732673267324
XGBoost,time,1,refitted,A_b05,10,0.05,0.15,158.75247524752473,0.0875247524752474,1.0,0.1029702970297029,150.0,8.752475247524728
XGBoost,time,1,refitted,A_b05,20,0.05,0.02,50.09108910891089,0.1009108910891088,1.0,0.1029702970297029,40.0,10.091089108910893
XGBoost,time,1,refitted,A_b05,20,0.05,0.05,109.78217821782177,0.0978217821782177,1.0,0.1029702970297029,100.0,9.782178217821766
XGBoost,time,1,refitted,A_b05,20,0.05,0.1,209.26732673267327,0.0926732673267326,1.0,0.1029702970297029,200.0,9.267326732673268
XGBoost,time,1,refitted,A_b05,20,0.05,0.15,308.7524752475248,0.0875247524752474,1.0,0.1029702970297029,300.0,8.752475247524785
XGBoost,time,1,refitted,A_b05,50,0.05,0.02,110.09108910891088,0.1009108910891088,1.0,0.1029702970297029,100.0,10.091089108910879
XGBoost,time,1,refitted,A_b05,50,0.05,0.05,259.7821782178218,0.0978217821782177,1.0,0.1029702970297029,250.0,9.782178217821809
XGBoost,time,1,refitted,A_b05,50,0.05,0.1,509.26732673267327,0.0926732673267326,1.0,0.1029702970297029,500.0,9.267326732673268
XGBoost,time,1,refitted,A_b05,50,0.05,0.15,758.7524752475248,0.0875247524752474,1.0,0.1029702970297029,750.0,8.752475247524785
XGBoost,time,1,refitted,A_b10,5,0.1,0.02,22.77821782178218,0.1397821782178218,0.9,0.1405940594059406,10.0,12.778217821782182
XGBoost,time,1,refitted,A_b10,5,0.1,0.05,35.85643564356435,0.1385643564356435,0.9,0.1405940594059406,25.0,10.856435643564353
XGBoost,time,1,refitted,A_b10,5,0.1,0.1,57.65346534653466,0.1365346534653465,0.9,0.1405940594059406,50.0,7.653465346534659
XGBoost,time,1,refitted,A_b10,5,0.1,0.15,79.45049504950495,0.1345049504950495,0.9,0.1405940594059406,75.0,4.450495049504951
XGBoost,time,1,refitted,A_b10,10,0.1,0.02,31.778217821782185,0.1397821782178218,0.9,0.1405940594059406,20.0,11.778217821782185
XGBoost,time,1,refitted,A_b10,10,0.1,0.05,58.35643564356437,0.1385643564356435,0.9,0.1405940594059406,50.0,8.356435643564367
XGBoost,time,1,refitted,A_b10,10,0.1,0.1,102.65346534653466,0.1365346534653465,0.9,0.1405940594059406,100.0,2.6534653465346594
XGBoost,time,1,refitted,A_b10,10,0.1,0.15,146.95049504950498,0.1345049504950495,0.9,0.1405940594059406,150.0,-3.0495049504950202
XGBoost,time,1,refitted,A_b10,20,0.1,0.02,49.778217821782185,0.1397821782178218,0.9,0.1405940594059406,40.0,9.778217821782185
XGBoost,time,1,refitted,A_b10,20,0.1,0.05,103.35643564356435,0.1385643564356435,0.9,0.1405940594059406,100.0,3.356435643564353
XGBoost,time,1,refitted,A_b10,20,0.1,0.1,192.65346534653463,0.1365346534653465,0.9,0.1405940594059406,200.0,-7.346534653465369
XGBoost,time,1,refitted,A_b10,20,0.1,0.15,281.950495049505,0.1345049504950495,0.9,0.1405940594059406,300.0,-18.04950495049502
XGBoost,time,1,refitted,A_b10,50,0.1,0.02,103.77821782178218,0.1397821782178218,0.9,0.1405940594059406,100.0,3.778217821782178
XGBoost,time,1,refitted,A_b10,50,0.1,0.05,238.35643564356437,0.1385643564356435,0.9,0.1405940594059406,250.0,-11.643564356435633
XGBoost,time,1,refitted,A_b10,50,0.1,0.1,462.6534653465346,0.1365346534653465,0.9,0.1405940594059406,500.0,-37.346534653465426
XGBoost,time,1,refitted,A_b10,50,0.1,0.15,686.950495049505,0.1345049504950495,0.9,0.1405940594059406,750.0,-63.04950495049502
XGBoost,time,1,refitted,A_b20,5,0.2,0.02,33.3029702970297,0.305029702970297,0.4,0.299009900990099,10.0,23.302970297029702
XGBoost,time,1,refitted,A_b20,5,0.2,0.05,38.40594059405941,0.314059405940594,0.4,0.299009900990099,25.0,13.405940594059409
XGBoost,time,1,refitted,A_b20,5,0.2,0.1,46.91089108910892,0.3291089108910891,0.4,0.299009900990099,50.0,-3.0891089108910776
XGBoost,time,1,refitted,A_b20,5,0.2,0.15,55.41584158415842,0.3441584158415841,0.4,0.299009900990099,75.0,-19.58415841584158
XGBoost,time,1,refitted,A_b20,10,0.2,0.02,37.3029702970297,0.305029702970297,0.4,0.299009900990099,20.0,17.302970297029702
XGBoost,time,1,refitted,A_b20,10,0.2,0.05,48.4059405940594,0.314059405940594,0.4,0.299009900990099,50.0,-1.5940594059405981
XGBoost,time,1,refitted,A_b20,10,0.2,0.1,66.91089108910892,0.3291089108910891,0.4,0.299009900990099,100.0,-33.089108910891085
XGBoost,time,1,refitted,A_b20,10,0.2,0.15,85.41584158415843,0.3441584158415841,0.4,0.299009900990099,150.0,-64.58415841584157
XGBoost,time,1,refitted,A_b20,20,0.2,0.02,45.3029702970297,0.305029702970297,0.4,0.299009900990099,40.0,5.302970297029702
XGBoost,time,1,refitted,A_b20,20,0.2,0.05,68.4059405940594,0.314059405940594,0.4,0.299009900990099,100.0,-31.594059405940598
XGBoost,time,1,refitted,A_b20,20,0.2,0.1,106.91089108910892,0.3291089108910891,0.4,0.299009900990099,200.0,-93.08910891089108
XGBoost,time,1,refitted,A_b20,20,0.2,0.15,145.41584158415844,0.3441584158415841,0.4,0.299009900990099,300.0,-154.58415841584156
XGBoost,time,1,refitted,A_b20,50,0.2,0.02,69.3029702970297,0.305029702970297,0.4,0.299009900990099,100.0,-30.697029702970298
XGBoost,time,1,refitted,A_b20,50,0.2,0.05,128.40594059405942,0.314059405940594,0.4,0.299009900990099,250.0,-121.59405940594058
XGBoost,time,1,refitted,A_b20,50,0.2,0.1,226.9108910891089,0.3291089108910891,0.4,0.299009900990099,500.0,-273.0891089108911
XGBoost,time,1,refitted,A_b20,50,0.2,0.15,325.41584158415844,0.3441584158415841,0.4,0.299009900990099,750.0,-424.58415841584156
XGBoost,time,1,refitted,B_r05,5,,0.02,10.0,0.0,1.0,0.0,10.0,0.0
XGBoost,time,1,refitted,B_r05,5,,0.05,25.0,0.0,1.0,0.0,25.0,0.0
XGBoost,time,1,refitted,B_r05,5,,0.1,50.0,0.0,1.0,0.0,50.0,0.0
XGBoost,time,1,refitted,B_r05,5,,0.15,75.0,0.0,1.0,0.0,75.0,0.0
XGBoost,time,1,refitted,B_r10,10,,0.02,20.0,0.0,1.0,0.0,20.0,0.0
XGBoost,time,1,refitted,B_r10,10,,0.05,50.0,0.0,1.0,0.0,50.0,0.0
XGBoost,time,1,refitted,B_r10,10,,0.1,100.0,0.0,1.0,0.0,100.0,0.0
XGBoost,time,1,refitted,B_r10,10,,0.15,150.0,0.0,1.0,0.0,150.0,0.0
XGBoost,time,1,refitted,B_r20,20,,0.02,40.0,0.0,1.0,0.0,40.0,0.0
XGBoost,time,1,refitted,B_r20,20,,0.05,100.0,0.0,1.0,0.0,100.0,0.0
XGBoost,time,1,refitted,B_r20,20,,0.1,200.0,0.0,1.0,0.0,200.0,0.0
XGBoost,time,1,refitted,B_r20,20,,0.15,300.0,0.0,1.0,0.0,300.0,0.0
XGBoost,time,1,refitted,B_r50,50,,0.02,100.0,0.0,1.0,0.0,100.0,0.0
XGBoost,time,1,refitted,B_r50,50,,0.05,250.0,0.0,1.0,0.0,250.0,0.0
XGBoost,time,1,refitted,B_r50,50,,0.1,500.0,0.0,1.0,0.0,500.0,0.0
XGBoost,time,1,refitted,B_r50,50,,0.15,750.0,0.0,1.0,0.0,750.0,0.0
XGBoost,time,1,refitted,C_b01_r05,5,0.01,0.02,10.0,0.0,1.0,0.0,10.0,0.0
XGBoost,time,1,refitted,C_b01_r05,5,0.01,0.05,25.0,0.0,1.0,0.0,25.0,0.0
XGBoost,time,1,refitted,C_b01_r05,5,0.01,0.1,50.0,0.0,1.0,0.0,50.0,0.0
XGBoost,time,1,refitted,C_b01_r05,5,0.01,0.15,75.0,0.0,1.0,0.0,75.0,0.0
XGBoost,time,1,refitted,C_b01_r10,10,0.01,0.02,20.0,0.0,1.0,0.0,20.0,0.0
XGBoost,time,1,refitted,C_b01_r10,10,0.01,0.05,50.0,0.0,1.0,0.0,50.0,0.0
XGBoost,time,1,refitted,C_b01_r10,10,0.01,0.1,100.0,0.0,1.0,0.0,100.0,0.0
XGBoost,time,1,refitted,C_b01_r10,10,0.01,0.15,150.0,0.0,1.0,0.0,150.0,0.0
XGBoost,time,1,refitted,C_b01_r20,20,0.01,0.02,40.0,0.0,1.0,0.0,40.0,0.0
XGBoost,time,1,refitted,C_b01_r20,20,0.01,0.05,100.0,0.0,1.0,0.0,100.0,0.0
XGBoost,time,1,refitted,C_b01_r20,20,0.01,0.1,200.0,0.0,1.0,0.0,200.0,0.0
XGBoost,time,1,refitted,C_b01_r20,20,0.01,0.15,300.0,0.0,1.0,0.0,300.0,0.0
XGBoost,time,1,refitted,C_b01_r50,50,0.01,0.02,100.0,0.0,1.0,0.0,100.0,0.0
XGBoost,time,1,refitted,C_b01_r50,50,0.01,0.05,250.0,0.0,1.0,0.0,250.0,0.0
XGBoost,time,1,refitted,C_b01_r50,50,0.01,0.1,500.0,0.0,1.0,0.0,500.0,0.0
XGBoost,time,1,refitted,C_b01_r50,50,0.01,0.15,750.0,0.0,1.0,0.0,750.0,0.0
XGBoost,time,1,refitted,C_b05_r05,5,0.05,0.02,10.0,0.0,1.0,0.0,10.0,0.0
XGBoost,time,1,refitted,C_b05_r05,5,0.05,0.05,25.0,0.0,1.0,0.0,25.0,0.0
XGBoost,time,1,refitted,C_b05_r05,5,0.05,0.1,50.0,0.0,1.0,0.0,50.0,0.0
XGBoost,time,1,refitted,C_b05_r05,5,0.05,0.15,75.0,0.0,1.0,0.0,75.0,0.0
XGBoost,time,1,refitted,C_b05_r10,10,0.05,0.02,20.0,0.0,1.0,0.0,20.0,0.0
XGBoost,time,1,refitted,C_b05_r10,10,0.05,0.05,50.0,0.0,1.0,0.0,50.0,0.0
XGBoost,time,1,refitted,C_b05_r10,10,0.05,0.1,100.0,0.0,1.0,0.0,100.0,0.0
XGBoost,time,1,refitted,C_b05_r10,10,0.05,0.15,150.0,0.0,1.0,0.0,150.0,0.0
XGBoost,time,1,refitted,C_b05_r20,20,0.05,0.02,40.0,0.0,1.0,0.0,40.0,0.0
XGBoost,time,1,refitted,C_b05_r20,20,0.05,0.05,100.0,0.0,1.0,0.0,100.0,0.0
XGBoost,time,1,refitted,C_b05_r20,20,0.05,0.1,200.0,0.0,1.0,0.0,200.0,0.0
XGBoost,time,1,refitted,C_b05_r20,20,0.05,0.15,300.0,0.0,1.0,0.0,300.0,0.0
XGBoost,time,1,refitted,C_b05_r50,50,0.05,0.02,100.0,0.0,1.0,0.0,100.0,0.0
XGBoost,time,1,refitted,C_b05_r50,50,0.05,0.05,250.0,0.0,1.0,0.0,250.0,0.0
XGBoost,time,1,refitted,C_b05_r50,50,0.05,0.1,500.0,0.0,1.0,0.0,500.0,0.0
XGBoost,time,1,refitted,C_b05_r50,50,0.05,0.15,750.0,0.0,1.0,0.0,750.0,0.0
XGBoost,time,1,refitted,C_b10_r05,5,0.1,0.02,10.0,0.0,1.0,0.0,10.0,0.0
XGBoost,time,1,refitted,C_b10_r05,5,0.1,0.05,25.0,0.0,1.0,0.0,25.0,0.0
XGBoost,time,1,refitted,C_b10_r05,5,0.1,0.1,50.0,0.0,1.0,0.0,50.0,0.0
XGBoost,time,1,refitted,C_b10_r05,5,0.1,0.15,75.0,0.0,1.0,0.0,75.0,0.0
XGBoost,time,1,refitted,C_b10_r10,10,0.1,0.02,20.0,0.0,1.0,0.0,20.0,0.0
XGBoost,time,1,refitted,C_b10_r10,10,0.1,0.05,50.0,0.0,1.0,0.0,50.0,0.0
XGBoost,time,1,refitted,C_b10_r10,10,0.1,0.1,100.0,0.0,1.0,0.0,100.0,0.0
XGBoost,time,1,refitted,C_b10_r10,10,0.1,0.15,150.0,0.0,1.0,0.0,150.0,0.0
XGBoost,time,1,refitted,C_b10_r20,20,0.1,0.02,40.0,0.0,1.0,0.0,40.0,0.0
XGBoost,time,1,refitted,C_b10_r20,20,0.1,0.05,100.0,0.0,1.0,0.0,100.0,0.0
XGBoost,time,1,refitted,C_b10_r20,20,0.1,0.1,200.0,0.0,1.0,0.0,200.0,0.0
XGBoost,time,1,refitted,C_b10_r20,20,0.1,0.15,300.0,0.0,1.0,0.0,300.0,0.0
XGBoost,time,1,refitted,C_b10_r50,50,0.1,0.02,100.0,0.0,1.0,0.0,100.0,0.0
XGBoost,time,1,refitted,C_b10_r50,50,0.1,0.05,250.0,0.0,1.0,0.0,250.0,0.0
XGBoost,time,1,refitted,C_b10_r50,50,0.1,0.1,500.0,0.0,1.0,0.0,500.0,0.0
XGBoost,time,1,refitted,C_b10_r50,50,0.1,0.15,750.0,0.0,1.0,0.0,750.0,0.0
XGBoost,time,1,refitted,C_b20_r05,5,0.2,0.02,10.0,0.0,1.0,0.0,10.0,0.0
XGBoost,time,1,refitted,C_b20_r05,5,0.2,0.05,25.0,0.0,1.0,0.0,25.0,0.0
XGBoost,time,1,refitted,C_b20_r05,5,0.2,0.1,50.0,0.0,1.0,0.0,50.0,0.0
XGBoost,time,1,refitted,C_b20_r05,5,0.2,0.15,75.0,0.0,1.0,0.0,75.0,0.0
XGBoost,time,1,refitted,C_b20_r10,10,0.2,0.02,20.0,0.0,1.0,0.0,20.0,0.0
XGBoost,time,1,refitted,C_b20_r10,10,0.2,0.05,50.0,0.0,1.0,0.0,50.0,0.0
XGBoost,time,1,refitted,C_b20_r10,10,0.2,0.1,100.0,0.0,1.0,0.0,100.0,0.0
XGBoost,time,1,refitted,C_b20_r10,10,0.2,0.15,150.0,0.0,1.0,0.0,150.0,0.0
XGBoost,time,1,refitted,C_b20_r20,20,0.2,0.02,40.0,0.0,1.0,0.0,40.0,0.0
XGBoost,time,1,refitted,C_b20_r20,20,0.2,0.05,100.0,0.0,1.0,0.0,100.0,0.0
XGBoost,time,1,refitted,C_b20_r20,20,0.2,0.1,200.0,0.0,1.0,0.0,200.0,0.0
XGBoost,time,1,refitted,C_b20_r20,20,0.2,0.15,300.0,0.0,1.0,0.0,300.0,0.0
XGBoost,time,1,refitted,C_b20_r50,50,0.2,0.02,100.0,0.0,1.0,0.0,100.0,0.0
XGBoost,time,1,refitted,C_b20_r50,50,0.2,0.05,250.0,0.0,1.0,0.0,250.0,0.0
XGBoost,time,1,refitted,C_b20_r50,50,0.2,0.1,500.0,0.0,1.0,0.0,500.0,0.0
XGBoost,time,1,refitted,C_b20_r50,50,0.2,0.15,750.0,0.0,1.0,0.0,750.0,0.0
XGBoost,time,1,refitted,TopK_b01,5,0.01,0.02,10.970297029702971,0.0097029702970297,1.0,0.0099009900990099,10.0,0.9702970297029712
XGBoost,time,1,refitted,TopK_b01,5,0.01,0.05,25.940594059405942,0.0094059405940594,1.0,0.0099009900990099,25.0,0.9405940594059423
XGBoost,time,1,refitted,TopK_b01,5,0.01,0.1,50.89108910891089,0.0089108910891089,1.0,0.0099009900990099,50.0,0.8910891089108901
XGBoost,time,1,refitted,TopK_b01,5,0.01,0.15,75.84158415841584,0.0084158415841584,1.0,0.0099009900990099,75.0,0.8415841584158414
XGBoost,time,1,refitted,TopK_b01,10,0.01,0.02,20.970297029702973,0.0097029702970297,1.0,0.0099009900990099,20.0,0.9702970297029729
XGBoost,time,1,refitted,TopK_b01,10,0.01,0.05,50.94059405940594,0.0094059405940594,1.0,0.0099009900990099,50.0,0.9405940594059388
XGBoost,time,1,refitted,TopK_b01,10,0.01,0.1,100.89108910891088,0.0089108910891089,1.0,0.0099009900990099,100.0,0.8910891089108759
XGBoost,time,1,refitted,TopK_b01,10,0.01,0.15,150.84158415841586,0.0084158415841584,1.0,0.0099009900990099,150.0,0.8415841584158557
XGBoost,time,1,refitted,TopK_b01,20,0.01,0.02,40.97029702970298,0.0097029702970297,1.0,0.0099009900990099,40.0,0.9702970297029765
XGBoost,time,1,refitted,TopK_b01,20,0.01,0.05,100.94059405940594,0.0094059405940594,1.0,0.0099009900990099,100.0,0.9405940594059388
XGBoost,time,1,refitted,TopK_b01,20,0.01,0.1,200.8910891089109,0.0089108910891089,1.0,0.0099009900990099,200.0,0.8910891089109043
XGBoost,time,1,refitted,TopK_b01,20,0.01,0.15,300.8415841584158,0.0084158415841584,1.0,0.0099009900990099,300.0,0.8415841584157988
XGBoost,time,1,refitted,TopK_b01,50,0.01,0.02,100.97029702970298,0.0097029702970297,1.0,0.0099009900990099,100.0,0.9702970297029765
XGBoost,time,1,refitted,TopK_b01,50,0.01,0.05,250.94059405940592,0.0094059405940594,1.0,0.0099009900990099,250.0,0.9405940594059246
XGBoost,time,1,refitted,TopK_b01,50,0.01,0.1,500.8910891089108,0.0089108910891089,1.0,0.0099009900990099,500.0,0.891089108910819
XGBoost,time,1,refitted,TopK_b01,50,0.01,0.15,750.8415841584158,0.0084158415841584,1.0,0.0099009900990099,750.0,0.8415841584157988
XGBoost,time,1,refitted,TopK_b05,5,0.05,0.02,14.657425742574254,0.0465742574257425,1.0,0.0475247524752475,10.0,4.6574257425742545
XGBoost,time,1,refitted,TopK_b05,5,0.05,0.05,29.51485148514851,0.0451485148514851,1.0,0.0475247524752475,25.0,4.514851485148512
XGBoost,time,1,refitted,TopK_b05,5,0.05,0.1,54.27722772277227,0.0427722772277227,1.0,0.0475247524752475,50.0,4.277227722772267
XGBoost,time,1,refitted,TopK_b05,5,0.05,0.15,79.03960396039604,0.0403960396039603,1.0,0.0475247524752475,75.0,4.039603960396036
XGBoost,time,1,refitted,TopK_b05,10,0.05,0.02,24.657425742574254,0.0465742574257425,1.0,0.0475247524752475,20.0,4.6574257425742545
XGBoost,time,1,refitted,TopK_b05,10,0.05,0.05,54.514851485148505,0.0451485148514851,1.0,0.0475247524752475,50.0,4.514851485148505
XGBoost,time,1,refitted,TopK_b05,10,0.05,0.1,104.27722772277228,0.0427722772277227,1.0,0.0475247524752475,100.0,4.277227722772281
XGBoost,time,1,refitted,TopK_b05,10,0.05,0.15,154.03960396039605,0.0403960396039603,1.0,0.0475247524752475,150.0,4.03960396039605
XGBoost,time,1,refitted,TopK_b05,20,0.05,0.02,44.65742574257426,0.0465742574257425,1.0,0.0475247524752475,40.0,4.657425742574262
XGBoost,time,1,refitted,TopK_b05,20,0.05,0.05,104.51485148514853,0.0451485148514851,1.0,0.0475247524752475,100.0,4.514851485148526
XGBoost,time,1,refitted,TopK_b05,20,0.05,0.1,204.2772277227723,0.0427722772277227,1.0,0.0475247524752475,200.0,4.277227722772295
XGBoost,time,1,refitted,TopK_b05,20,0.05,0.15,304.03960396039605,0.0403960396039603,1.0,0.0475247524752475,300.0,4.03960396039605
XGBoost,time,1,refitted,TopK_b05,50,0.05,0.02,104.65742574257426,0.0465742574257425,1.0,0.0475247524752475,100.0,4.657425742574262
XGBoost,time,1,refitted,TopK_b05,50,0.05,0.05,254.5148514851485,0.0451485148514851,1.0,0.0475247524752475,250.0,4.514851485148512
XGBoost,time,1,refitted,TopK_b05,50,0.05,0.1,504.2772277227723,0.0427722772277227,1.0,0.0475247524752475,500.0,4.277227722772295
XGBoost,time,1,refitted,TopK_b05,50,0.05,0.15,754.039603960396,0.0403960396039603,1.0,0.0475247524752475,750.0,4.0396039603959935
XGBoost,time,1,refitted,TopK_b10,5,0.1,0.02,19.897029702970297,0.0989702970297029,1.0,0.100990099009901,10.0,9.897029702970297
XGBoost,time,1,refitted,TopK_b10,5,0.1,0.05,34.59405940594059,0.0959405940594059,1.0,0.100990099009901,25.0,9.594059405940591
XGBoost,time,1,refitted,TopK_b10,5,0.1,0.1,59.089108910891085,0.0908910891089109,1.0,0.100990099009901,50.0,9.089108910891085
XGBoost,time,1,refitted,TopK_b10,5,0.1,0.15,83.58415841584159,0.0858415841584158,1.0,0.100990099009901,75.0,8.584158415841586
XGBoost,time,1,refitted,TopK_b10,10,0.1,0.02,29.8970297029703,0.0989702970297029,1.0,0.100990099009901,20.0,9.8970297029703
XGBoost,time,1,refitted,TopK_b10,10,0.1,0.05,59.59405940594059,0.0959405940594059,1.0,0.100990099009901,50.0,9.594059405940591
XGBoost,time,1,refitted,TopK_b10,10,0.1,0.1,109.0891089108911,0.0908910891089109,1.0,0.100990099009901,100.0,9.089108910891099
XGBoost,time,1,refitted,TopK_b10,10,0.1,0.15,158.5841584158416,0.0858415841584158,1.0,0.100990099009901,150.0,8.584158415841614
XGBoost,time,1,refitted,TopK_b10,20,0.1,0.02,49.8970297029703,0.0989702970297029,1.0,0.100990099009901,40.0,9.8970297029703
XGBoost,time,1,refitted,TopK_b10,20,0.1,0.05,109.5940594059406,0.0959405940594059,1.0,0.100990099009901,100.0,9.594059405940598
XGBoost,time,1,refitted,TopK_b10,20,0.1,0.1,209.0891089108911,0.0908910891089109,1.0,0.100990099009901,200.0,9.089108910891099
XGBoost,time,1,refitted,TopK_b10,20,0.1,0.15,308.5841584158416,0.0858415841584158,1.0,0.100990099009901,300.0,8.584158415841614
XGBoost,time,1,refitted,TopK_b10,50,0.1,0.02,109.8970297029703,0.0989702970297029,1.0,0.100990099009901,100.0,9.8970297029703
XGBoost,time,1,refitted,TopK_b10,50,0.1,0.05,259.5940594059406,0.0959405940594059,1.0,0.100990099009901,250.0,9.594059405940584
XGBoost,time,1,refitted,TopK_b10,50,0.1,0.1,509.0891089108911,0.0908910891089109,1.0,0.100990099009901,500.0,9.089108910891127
XGBoost,time,1,refitted,TopK_b10,50,0.1,0.15,758.5841584158416,0.0858415841584158,1.0,0.100990099009901,750.0,8.584158415841557
XGBoost,time,1,refitted,TopK_b20,5,0.2,0.02,27.6,0.2,0.8,0.2,10.0,17.6
XGBoost,time,1,refitted,TopK_b20,5,0.2,0.05,39.0,0.2,0.8,0.2,25.0,14.0
XGBoost,time,1,refitted,TopK_b20,5,0.2,0.1,58.00000000000001,0.2,0.8,0.2,50.0,8.000000000000007
XGBoost,time,1,refitted,TopK_b20,5,0.2,0.15,77.00000000000001,0.2,0.8,0.2,75.0,2.000000000000014
XGBoost,time,1,refitted,TopK_b20,10,0.2,0.02,35.6,0.2,0.8,0.2,20.0,15.600000000000001
XGBoost,time,1,refitted,TopK_b20,10,0.2,0.05,59.00000000000001,0.2,0.8,0.2,50.0,9.000000000000007
XGBoost,time,1,refitted,TopK_b20,10,0.2,0.1,98.0,0.2,0.8,0.2,100.0,-2.0
XGBoost,time,1,refitted,TopK_b20,10,0.2,0.15,137.0,0.2,0.8,0.2,150.0,-13.0
XGBoost,time,1,refitted,TopK_b20,20,0.2,0.02,51.6,0.2,0.8,0.2,40.0,11.600000000000001
XGBoost,time,1,refitted,TopK_b20,20,0.2,0.05,99.0,0.2,0.8,0.2,100.0,-1.0
XGBoost,time,1,refitted,TopK_b20,20,0.2,0.1,178.0,0.2,0.8,0.2,200.0,-22.0
XGBoost,time,1,refitted,TopK_b20,20,0.2,0.15,257.0,0.2,0.8,0.2,300.0,-43.0
XGBoost,time,1,refitted,TopK_b20,50,0.2,0.02,99.6,0.2,0.8,0.2,100.0,-0.4000000000000057
XGBoost,time,1,refitted,TopK_b20,50,0.2,0.05,219.0,0.2,0.8,0.2,250.0,-31.0
XGBoost,time,1,refitted,TopK_b20,50,0.2,0.1,418.0,0.2,0.8,0.2,500.0,-82.0
XGBoost,time,1,refitted,TopK_b20,50,0.2,0.15,617.0,0.2,0.8,0.2,750.0,-133.0
XGBoost,time,2,fixed,none,5,,0.02,10.0,0.0,1.0,0.0,10.0,0.0
XGBoost,time,2,fixed,none,5,,0.05,25.0,0.0,1.0,0.0,25.0,0.0
XGBoost,time,2,fixed,none,5,,0.1,50.0,0.0,1.0,0.0,50.0,0.0
XGBoost,time,2,fixed,none,5,,0.15,75.0,0.0,1.0,0.0,75.0,0.0
XGBoost,time,2,fixed,none,10,,0.02,20.0,0.0,1.0,0.0,20.0,0.0
XGBoost,time,2,fixed,none,10,,0.05,50.0,0.0,1.0,0.0,50.0,0.0
XGBoost,time,2,fixed,none,10,,0.1,100.0,0.0,1.0,0.0,100.0,0.0
XGBoost,time,2,fixed,none,10,,0.15,150.0,0.0,1.0,0.0,150.0,0.0
XGBoost,time,2,fixed,none,20,,0.02,40.0,0.0,1.0,0.0,40.0,0.0
XGBoost,time,2,fixed,none,20,,0.05,100.0,0.0,1.0,0.0,100.0,0.0
XGBoost,time,2,fixed,none,20,,0.1,200.0,0.0,1.0,0.0,200.0,0.0
XGBoost,time,2,fixed,none,20,,0.15,300.0,0.0,1.0,0.0,300.0,0.0
XGBoost,time,2,fixed,none,50,,0.02,100.0,0.0,1.0,0.0,100.0,0.0
XGBoost,time,2,fixed,none,50,,0.05,250.0,0.0,1.0,0.0,250.0,0.0
XGBoost,time,2,fixed,none,50,,0.1,500.0,0.0,1.0,0.0,500.0,0.0
XGBoost,time,2,fixed,none,50,,0.15,750.0,0.0,1.0,0.0,750.0,0.0
XGBoost,time,2,fixed,A_b01,5,0.01,0.02,11.593495934959348,0.0159349593495934,1.0,0.016260162601626,10.0,1.593495934959348
XGBoost,time,2,fixed,A_b01,5,0.01,0.05,26.54471544715447,0.0154471544715447,1.0,0.016260162601626,25.0,1.54471544715447
XGBoost,time,2,fixed,A_b01,5,0.01,0.1,51.463414634146346,0.0146341463414634,1.0,0.016260162601626,50.0,1.4634146341463463
XGBoost,time,2,fixed,A_b01,5,0.01,0.15,76.3821138211382,0.0138211382113821,1.0,0.016260162601626,75.0,1.382113821138205
XGBoost,time,2,fixed,A_b01,10,0.01,0.02,21.59349593495935,0.0159349593495934,1.0,0.016260162601626,20.0,1.5934959349593498
XGBoost,time,2,fixed,A_b01,10,0.01,0.05,51.54471544715447,0.0154471544715447,1.0,0.016260162601626,50.0,1.5447154471544735
XGBoost,time,2,fixed,A_b01,10,0.01,0.1,101.46341463414636,0.0146341463414634,1.0,0.016260162601626,100.0,1.4634146341463605
XGBoost,time,2,fixed,A_b01,10,0.01,0.15,151.38211382113823,0.0138211382113821,1.0,0.016260162601626,150.0,1.3821138211382333
XGBoost,time,2,fixed,A_b01,20,0.01,0.02,41.59349593495935,0.0159349593495934,1.0,0.016260162601626,40.0,1.5934959349593498
XGBoost,time,2,fixed,A_b01,20,0.01,0.05,101.54471544715446,0.0154471544715447,1.0,0.016260162601626,100.0,1.5447154471544593
XGBoost,time,2,fixed,A_b01,20,0.01,0.1,201.46341463414635,0.0146341463414634,1.0,0.016260162601626,200.0,1.4634146341463463
XGBoost,time,2,fixed,A_b01,20,0.01,0.15,301.3821138211382,0.0138211382113821,1.0,0.016260162601626,300.0,1.382113821138205
XGBoost,time,2,fixed,A_b01,50,0.01,0.02,101.59349593495936,0.0159349593495934,1.0,0.016260162601626,100.0,1.593495934959364
XGBoost,time,2,fixed,A_b01,50,0.01,0.05,251.5447154471545,0.0154471544715447,1.0,0.016260162601626,250.0,1.5447154471544877
XGBoost,time,2,fixed,A_b01,50,0.01,0.1,501.4634146341463,0.0146341463414634,1.0,0.016260162601626,500.0,1.463414634146318
XGBoost,time,2,fixed,A_b01,50,0.01,0.15,751.3821138211382,0.0138211382113821,1.0,0.016260162601626,750.0,1.382113821138205
XGBoost,time,2,fixed,A_b05,5,0.05,0.02,17.26016260162601,0.1026016260162601,0.75,0.0995934959349593,10.0,7.260162601626011
XGBoost,time,2,fixed,A_b05,5,0.05,0.05,28.21138211382113,0.1071138211382113,0.75,0.0995934959349593,25.0,3.2113821138211307
XGBoost,time,2,fixed,A_b05,5,0.05,0.1,46.46341463414634,0.1146341463414633,0.75,0.0995934959349593,50.0,-3.536585365853661
XGBoost,time,2,fixed,A_b05,5,0.05,0.15,64.71544715447153,0.1221544715447154,0.75,0.0995934959349593,75.0,-10.284552845528466
XGBoost,time,2,fixed,A_b05,10,0.05,0.02,24.76016260162601,0.1026016260162601,0.75,0.0995934959349593,20.0,4.760162601626011
XGBoost,time,2,fixed,A_b05,10,0.05,0.05,46.96138211382113,0.1071138211382113,0.75,0.0995934959349593,50.0,-3.0386178861788693
XGBoost,time,2,fixed,A_b05,10,0.05,0.1,83.96341463414633,0.1146341463414633,0.75,0.0995934959349593,100.0,-16.036585365853668
XGBoost,time,2,fixed,A_b05,10,0.05,0.15,120.96544715447152,0.1221544715447154,0.75,0.0995934959349593,150.0,-29.03455284552848
XGBoost,time,2,fixed,A_b05,20,0.05,0.02,39.760162601626014,0.1026016260162601,0.75,0.0995934959349593,40.0,-0.23983739837398588
XGBoost,time,2,fixed,A_b05,20,0.05,0.05,84.46138211382113,0.1071138211382113,0.75,0.0995934959349593,100.0,-15.53861788617887
XGBoost,time,2,fixed,A_b05,20,0.05,0.1,158.96341463414635,0.1146341463414633,0.75,0.0995934959349593,200.0,-41.036585365853654
XGBoost,time,2,fixed,A_b05,20,0.05,0.15,233.46544715447152,0.1221544715447154,0.75,0.0995934959349593,300.0,-66.53455284552848
XGBoost,time,2,fixed,A_b05,50,0.05,0.02,84.760162601626,0.1026016260162601,0.75,0.0995934959349593,100.0,-15.239837398373993
XGBoost,time,2,fixed,A_b05,50,0.05,0.05,196.96138211382112,0.1071138211382113,0.75,0.0995934959349593,250.0,-53.03861788617888
XGBoost,time,2,fixed,A_b05,50,0.05,0.1,383.9634146341463,0.1146341463414633,0.75,0.0995934959349593,500.0,-116.03658536585368
XGBoost,time,2,fixed,A_b05,50,0.05,0.15,570.9654471544716,0.1221544715447154,0.75,0.0995934959349593,750.0,-179.03455284552842
XGBoost,time,2,fixed,A_b10,5,0.1,0.02,19.83130081300813,0.1333130081300812,0.7083333333333334,0.1300813008130081,10.0,9.83130081300813
XGBoost,time,2,fixed,A_b10,5,0.1,0.05,30.0660569105691,0.138160569105691,0.7083333333333334,0.1300813008130081,25.0,5.066056910569099
XGBoost,time,2,fixed,A_b10,5,0.1,0.1,47.12398373983739,0.1462398373983739,0.7083333333333334,0.1300813008130081,50.0,-2.876016260162608
XGBoost,time,2,fixed,A_b10,5,0.1,0.15,64.18191056910568,0.1543191056910568,0.7083333333333334,0.1300813008130081,75.0,-10.818089430894318
XGBoost,time,2,fixed,A_b10,10,0.1,0.02,26.914634146341463,0.1333130081300812,0.7083333333333334,0.1300813008130081,20.0,6.914634146341463
XGBoost,time,2,fixed,A_b10,10,0.1,0.05,47.77439024390244,0.138160569105691,0.7083333333333334,0.1300813008130081,50.0,-2.225609756097562
XGBoost,time,2,fixed,A_b10,10,0.1,0.1,82.54065040650407,0.1462398373983739,0.7083333333333334,0.1300813008130081,100.0,-17.45934959349593
XGBoost,time,2,fixed,A_b10,10,0.1,0.15,117.3069105691057,0.1543191056910568,0.7083333333333334,0.1300813008130081,150.0,-32.693089430894304
XGBoost,time,2,fixed,A_b10,20,0.1,0.02,41.08130081300813,0.1333130081300812,0.7083333333333334,0.1300813008130081,40.0,1.0813008130081272
XGBoost,time,2,fixed,A_b10,20,0.1,0.05,83.1910569105691,0.138160569105691,0.7083333333333334,0.1300813008130081,100.0,-16.808943089430898
XGBoost,time,2,fixed,A_b10,20,0.1,0.1,153.3739837398374,0.1462398373983739,0.7083333333333334,0.1300813008130081,200.0,-46.6260162601626
XGBoost,time,2,fixed,A_b10,20,0.1,0.15,223.55691056910567,0.1543191056910568,0.7083333333333334,0.1300813008130081,300.0,-76.44308943089433
XGBoost,time,2,fixed,A_b10,50,0.1,0.02,83.58130081300813,0.1333130081300812,0.7083333333333334,0.1300813008130081,100.0,-16.418699186991873
XGBoost,time,2,fixed,A_b10,50,0.1,0.05,189.4410569105691,0.138160569105691,0.7083333333333334,0.1300813008130081,250.0,-60.5589430894309
XGBoost,time,2,fixed,A_b10,50,0.1,0.1,365.8739837398375,0.1462398373983739,0.7083333333333334,0.1300813008130081,500.0,-134.1260162601625
XGBoost,time,2,fixed,A_b10,50,0.1,0.15,542.3069105691056,0.1543191056910568,0.7083333333333334,0.1300813008130081,750.0,-207.69308943089436
XGBoost,time,2,fixed,A_b20,5,0.2,0.02,37.703252032520325,0.3270325203252032,0.5833333333333334,0.3252032520325203,10.0,27.703252032520325
XGBoost,time,2,fixed,A_b20,5,0.2,0.05,45.47764227642276,0.3297764227642276,0.5833333333333334,0.3252032520325203,25.0,20.477642276422763
XGBoost,time,2,fixed,A_b20,5,0.2,0.1,58.4349593495935,0.3343495934959349,0.5833333333333334,0.3252032520325203,50.0,8.434959349593498
XGBoost,time,2,fixed,A_b20,5,0.2,0.15,71.39227642276423,0.3389227642276423,0.5833333333333334,0.3252032520325203,75.0,-3.607723577235774
XGBoost,time,2,fixed,A_b20,10,0.2,0.02,43.53658536585366,0.3270325203252032,0.5833333333333334,0.3252032520325203,20.0,23.53658536585366
XGBoost,time,2,fixed,A_b20,10,0.2,0.05,60.0609756097561,0.3297764227642276,0.5833333333333334,0.3252032520325203,50.0,10.060975609756099
XGBoost,time,2,fixed,A_b20,10,0.2,0.1,87.60162601626016,0.3343495934959349,0.5833333333333334,0.3252032520325203,100.0,-12.398373983739845
XGBoost,time,2,fixed,A_b20,10,0.2,0.15,115.14227642276424,0.3389227642276423,0.5833333333333334,0.3252032520325203,150.0,-34.85772357723576
XGBoost,time,2,fixed,A_b20,20,0.2,0.02,55.203252032520325,0.3270325203252032,0.5833333333333334,0.3252032520325203,40.0,15.203252032520325
XGBoost,time,2,fixed,A_b20,20,0.2,0.05,89.22764227642277,0.3297764227642276,0.5833333333333334,0.3252032520325203,100.0,-10.77235772357723
XGBoost,time,2,fixed,A_b20,20,0.2,0.1,145.9349593495935,0.3343495934959349,0.5833333333333334,0.3252032520325203,200.0,-54.0650406504065
XGBoost,time,2,fixed,A_b20,20,0.2,0.15,202.6422764227642,0.3389227642276423,0.5833333333333334,0.3252032520325203,300.0,-97.35772357723579
XGBoost,time,2,fixed,A_b20,50,0.2,0.02,90.20325203252033,0.3270325203252032,0.5833333333333334,0.3252032520325203,100.0,-9.796747967479675
XGBoost,time,2,fixed,A_b20,50,0.2,0.05,176.72764227642276,0.3297764227642276,0.5833333333333334,0.3252032520325203,250.0,-73.27235772357724
XGBoost,time,2,fixed,A_b20,50,0.2,0.1,320.9349593495935,0.3343495934959349,0.5833333333333334,0.3252032520325203,500.0,-179.0650406504065
XGBoost,time,2,fixed,A_b20,50,0.2,0.15,465.1422764227642,0.3389227642276423,0.5833333333333334,0.3252032520325203,750.0,-284.8577235772358
XGBoost,time,2,fixed,B_r05,5,,0.02,10.0,0.0,1.0,0.0,10.0,0.0
XGBoost,time,2,fixed,B_r05,5,,0.05,25.0,0.0,1.0,0.0,25.0,0.0
XGBoost,time,2,fixed,B_r05,5,,0.1,50.0,0.0,1.0,0.0,50.0,0.0
XGBoost,time,2,fixed,B_r05,5,,0.15,75.0,0.0,1.0,0.0,75.0,0.0
XGBoost,time,2,fixed,B_r10,10,,0.02,20.0,0.0,1.0,0.0,20.0,0.0
XGBoost,time,2,fixed,B_r10,10,,0.05,50.0,0.0,1.0,0.0,50.0,0.0
XGBoost,time,2,fixed,B_r10,10,,0.1,100.0,0.0,1.0,0.0,100.0,0.0
XGBoost,time,2,fixed,B_r10,10,,0.15,150.0,0.0,1.0,0.0,150.0,0.0
XGBoost,time,2,fixed,B_r20,20,,0.02,40.0,0.0,1.0,0.0,40.0,0.0
XGBoost,time,2,fixed,B_r20,20,,0.05,100.0,0.0,1.0,0.0,100.0,0.0
XGBoost,time,2,fixed,B_r20,20,,0.1,200.0,0.0,1.0,0.0,200.0,0.0
XGBoost,time,2,fixed,B_r20,20,,0.15,300.0,0.0,1.0,0.0,300.0,0.0
XGBoost,time,2,fixed,B_r50,50,,0.02,88.27642276422763,0.4777642276422763,0.4166666666666667,0.4756097560975609,100.0,-11.723577235772368
XGBoost,time,2,fixed,B_r50,50,,0.05,149.34959349593495,0.4809959349593495,0.4166666666666667,0.4756097560975609,250.0,-100.65040650406505
XGBoost,time,2,fixed,B_r50,50,,0.1,251.13821138211387,0.4863821138211381,0.4166666666666667,0.4756097560975609,500.0,-248.86178861788613
XGBoost,time,2,fixed,B_r50,50,,0.15,352.9268292682927,0.4917682926829267,0.4166666666666667,0.4756097560975609,750.0,-397.0731707317073
XGBoost,time,2,fixed,C_b01_r05,5,0.01,0.02,10.0,0.0,1.0,0.0,10.0,0.0
XGBoost,time,2,fixed,C_b01_r05,5,0.01,0.05,25.0,0.0,1.0,0.0,25.0,0.0
XGBoost,time,2,fixed,C_b01_r05,5,0.01,0.1,50.0,0.0,1.0,0.0,50.0,0.0
XGBoost,time,2,fixed,C_b01_r05,5,0.01,0.15,75.0,0.0,1.0,0.0,75.0,0.0
XGBoost,time,2,fixed,C_b01_r10,10,0.01,0.02,20.0,0.0,1.0,0.0,20.0,0.0
XGBoost,time,2,fixed,C_b01_r10,10,0.01,0.05,50.0,0.0,1.0,0.0,50.0,0.0
XGBoost,time,2,fixed,C_b01_r10,10,0.01,0.1,100.0,0.0,1.0,0.0,100.0,0.0
XGBoost,time,2,fixed,C_b01_r10,10,0.01,0.15,150.0,0.0,1.0,0.0,150.0,0.0
XGBoost,time,2,fixed,C_b01_r20,20,0.01,0.02,40.0,0.0,1.0,0.0,40.0,0.0
XGBoost,time,2,fixed,C_b01_r20,20,0.01,0.05,100.0,0.0,1.0,0.0,100.0,0.0
XGBoost,time,2,fixed,C_b01_r20,20,0.01,0.1,200.0,0.0,1.0,0.0,200.0,0.0
XGBoost,time,2,fixed,C_b01_r20,20,0.01,0.15,300.0,0.0,1.0,0.0,300.0,0.0
XGBoost,time,2,fixed,C_b01_r50,50,0.01,0.02,100.0,0.0,1.0,0.0,100.0,0.0
XGBoost,time,2,fixed,C_b01_r50,50,0.01,0.05,250.0,0.0,1.0,0.0,250.0,0.0
XGBoost,time,2,fixed,C_b01_r50,50,0.01,0.1,500.0,0.0,1.0,0.0,500.0,0.0
XGBoost,time,2,fixed,C_b01_r50,50,0.01,0.15,750.0,0.0,1.0,0.0,750.0,0.0
XGBoost,time,2,fixed,C_b05_r05,5,0.05,0.02,10.0,0.0,1.0,0.0,10.0,0.0
XGBoost,time,2,fixed,C_b05_r05,5,0.05,0.05,25.0,0.0,1.0,0.0,25.0,0.0
XGBoost,time,2,fixed,C_b05_r05,5,0.05,0.1,50.0,0.0,1.0,0.0,50.0,0.0
XGBoost,time,2,fixed,C_b05_r05,5,0.05,0.15,75.0,0.0,1.0,0.0,75.0,0.0
XGBoost,time,2,fixed,C_b05_r10,10,0.05,0.02,20.0,0.0,1.0,0.0,20.0,0.0
XGBoost,time,2,fixed,C_b05_r10,10,0.05,0.05,50.0,0.0,1.0,0.0,50.0,0.0
XGBoost,time,2,fixed,C_b05_r10,10,0.05,0.1,100.0,0.0,1.0,0.0,100.0,0.0
XGBoost,time,2,fixed,C_b05_r10,10,0.05,0.15,150.0,0.0,1.0,0.0,150.0,0.0
XGBoost,time,2,fixed,C_b05_r20,20,0.05,0.02,40.0,0.0,1.0,0.0,40.0,0.0
XGBoost,time,2,fixed,C_b05_r20,20,0.05,0.05,100.0,0.0,1.0,0.0,100.0,0.0
XGBoost,time,2,fixed,C_b05_r20,20,0.05,0.1,200.0,0.0,1.0,0.0,200.0,0.0
XGBoost,time,2,fixed,C_b05_r20,20,0.05,0.15,300.0,0.0,1.0,0.0,300.0,0.0
XGBoost,time,2,fixed,C_b05_r50,50,0.05,0.02,100.0,0.0,1.0,0.0,100.0,0.0
XGBoost,time,2,fixed,C_b05_r50,50,0.05,0.05,250.0,0.0,1.0,0.0,250.0,0.0
XGBoost,time,2,fixed,C_b05_r50,50,0.05,0.1,500.0,0.0,1.0,0.0,500.0,0.0
XGBoost,time,2,fixed,C_b05_r50,50,0.05,0.15,750.0,0.0,1.0,0.0,750.0,0.0
XGBoost,time,2,fixed,C_b10_r05,5,0.1,0.02,10.0,0.0,1.0,0.0,10.0,0.0
XGBoost,time,2,fixed,C_b10_r05,5,0.1,0.05,25.0,0.0,1.0,0.0,25.0,0.0
XGBoost,time,2,fixed,C_b10_r05,5,0.1,0.1,50.0,0.0,1.0,0.0,50.0,0.0
XGBoost,time,2,fixed,C_b10_r05,5,0.1,0.15,75.0,0.0,1.0,0.0,75.0,0.0
XGBoost,time,2,fixed,C_b10_r10,10,0.1,0.02,20.0,0.0,1.0,0.0,20.0,0.0
XGBoost,time,2,fixed,C_b10_r10,10,0.1,0.05,50.0,0.0,1.0,0.0,50.0,0.0
XGBoost,time,2,fixed,C_b10_r10,10,0.1,0.1,100.0,0.0,1.0,0.0,100.0,0.0
XGBoost,time,2,fixed,C_b10_r10,10,0.1,0.15,150.0,0.0,1.0,0.0,150.0,0.0
XGBoost,time,2,fixed,C_b10_r20,20,0.1,0.02,40.0,0.0,1.0,0.0,40.0,0.0
XGBoost,time,2,fixed,C_b10_r20,20,0.1,0.05,100.0,0.0,1.0,0.0,100.0,0.0
XGBoost,time,2,fixed,C_b10_r20,20,0.1,0.1,200.0,0.0,1.0,0.0,200.0,0.0
XGBoost,time,2,fixed,C_b10_r20,20,0.1,0.15,300.0,0.0,1.0,0.0,300.0,0.0
XGBoost,time,2,fixed,C_b10_r50,50,0.1,0.02,100.0,0.0,1.0,0.0,100.0,0.0
XGBoost,time,2,fixed,C_b10_r50,50,0.1,0.05,250.0,0.0,1.0,0.0,250.0,0.0
XGBoost,time,2,fixed,C_b10_r50,50,0.1,0.1,500.0,0.0,1.0,0.0,500.0,0.0
XGBoost,time,2,fixed,C_b10_r50,50,0.1,0.15,750.0,0.0,1.0,0.0,750.0,0.0
XGBoost,time,2,fixed,C_b20_r05,5,0.2,0.02,10.0,0.0,1.0,0.0,10.0,0.0
XGBoost,time,2,fixed,C_b20_r05,5,0.2,0.05,25.0,0.0,1.0,0.0,25.0,0.0
XGBoost,time,2,fixed,C_b20_r05,5,0.2,0.1,50.0,0.0,1.0,0.0,50.0,0.0
XGBoost,time,2,fixed,C_b20_r05,5,0.2,0.15,75.0,0.0,1.0,0.0,75.0,0.0
XGBoost,time,2,fixed,C_b20_r10,10,0.2,0.02,20.0,0.0,1.0,0.0,20.0,0.0
XGBoost,time,2,fixed,C_b20_r10,10,0.2,0.05,50.0,0.0,1.0,0.0,50.0,0.0
XGBoost,time,2,fixed,C_b20_r10,10,0.2,0.1,100.0,0.0,1.0,0.0,100.0,0.0
XGBoost,time,2,fixed,C_b20_r10,10,0.2,0.15,150.0,0.0,1.0,0.0,150.0,0.0
XGBoost,time,2,fixed,C_b20_r20,20,0.2,0.02,40.0,0.0,1.0,0.0,40.0,0.0
XGBoost,time,2,fixed,C_b20_r20,20,0.2,0.05,100.0,0.0,1.0,0.0,100.0,0.0
XGBoost,time,2,fixed,C_b20_r20,20,0.2,0.1,200.0,0.0,1.0,0.0,200.0,0.0
XGBoost,time,2,fixed,C_b20_r20,20,0.2,0.15,300.0,0.0,1.0,0.0,300.0,0.0
XGBoost,time,2,fixed,C_b20_r50,50,0.2,0.02,100.0,0.0,1.0,0.0,100.0,0.0
XGBoost,time,2,fixed,C_b20_r50,50,0.2,0.05,250.0,0.0,1.0,0.0,250.0,0.0
XGBoost,time,2,fixed,C_b20_r50,50,0.2,0.1,500.0,0.0,1.0,0.0,500.0,0.0
XGBoost,time,2,fixed,C_b20_r50,50,0.2,0.15,750.0,0.0,1.0,0.0,750.0,0.0
XGBoost,time,2,fixed,TopK_b01,5,0.01,0.02,10.995934959349588,0.0099593495934958,1.0,0.0101626016260162,10.0,0.9959349593495883
XGBoost,time,2,fixed,TopK_b01,5,0.01,0.05,25.965447154471537,0.0096544715447153,1.0,0.0101626016260162,25.0,0.9654471544715371
XGBoost,time,2,fixed,TopK_b01,5,0.01,0.1,50.914634146341456,0.0091463414634145,1.0,0.0101626016260162,50.0,0.9146341463414558
XGBoost,time,2,fixed,TopK_b01,5,0.01,0.15,75.86382113821138,0.0086382113821137,1.0,0.0101626016260162,75.0,0.8638211382113781
XGBoost,time,2,fixed,TopK_b01,10,0.01,0.02,20.995934959349587,0.0099593495934958,1.0,0.0101626016260162,20.0,0.9959349593495865
XGBoost,time,2,fixed,TopK_b01,10,0.01,0.05,50.96544715447154,0.0096544715447153,1.0,0.0101626016260162,50.0,0.9654471544715406
XGBoost,time,2,fixed,TopK_b01,10,0.01,0.1,100.91463414634146,0.0091463414634145,1.0,0.0101626016260162,100.0,0.9146341463414558
XGBoost,time,2,fixed,TopK_b01,10,0.01,0.15,150.86382113821136,0.0086382113821137,1.0,0.0101626016260162,150.0,0.8638211382113639
XGBoost,time,2,fixed,TopK_b01,20,0.01,0.02,40.99593495934959,0.0099593495934958,1.0,0.0101626016260162,40.0,0.9959349593495901
XGBoost,time,2,fixed,TopK_b01,20,0.01,0.05,100.96544715447152,0.0096544715447153,1.0,0.0101626016260162,100.0,0.9654471544715193
XGBoost,time,2,fixed,TopK_b01,20,0.01,0.1,200.91463414634148,0.0091463414634145,1.0,0.0101626016260162,200.0,0.9146341463414842
XGBoost,time,2,fixed,TopK_b01,20,0.01,0.15,300.8638211382114,0.0086382113821137,1.0,0.0101626016260162,300.0,0.8638211382113923
XGBoost,time,2,fixed,TopK_b01,50,0.01,0.02,100.9959349593496,0.0099593495934958,1.0,0.0101626016260162,100.0,0.9959349593495972
XGBoost,time,2,fixed,TopK_b01,50,0.01,0.05,250.96544715447155,0.0096544715447153,1.0,0.0101626016260162,250.0,0.9654471544715477
XGBoost,time,2,fixed,TopK_b01,50,0.01,0.1,500.9146341463414,0.0091463414634145,1.0,0.0101626016260162,500.0,0.9146341463414274
XGBoost,time,2,fixed,TopK_b01,50,0.01,0.15,750.8638211382114,0.0086382113821137,1.0,0.0101626016260162,750.0,0.8638211382113923
XGBoost,time,2,fixed,TopK_b05,5,0.05,0.02,13.747967479674788,0.0474796747967478,0.9166666666666666,0.0467479674796747,10.0,3.747967479674788
XGBoost,time,2,fixed,TopK_b05,5,0.05,0.05,27.35772357723576,0.0485772357723576,0.9166666666666666,0.0467479674796747,25.0,2.3577235772357596
XGBoost,time,2,fixed,TopK_b05,5,0.05,0.1,50.04065040650405,0.0504065040650405,0.9166666666666666,0.0467479674796747,50.0,0.040650406504049386
XGBoost,time,2,fixed,TopK_b05,5,0.05,0.15,72.72357723577235,0.0522357723577234,0.9166666666666666,0.0467479674796747,75.0,-2.2764227642276467
XGBoost,time,2,fixed,TopK_b05,10,0.05,0.02,22.914634146341456,0.0474796747967478,0.9166666666666666,0.0467479674796747,20.0,2.914634146341456
XGBoost,time,2,fixed,TopK_b05,10,0.05,0.05,50.27439024390242,0.0485772357723576,0.9166666666666666,0.0467479674796747,50.0,0.27439024390241684
XGBoost,time,2,fixed,TopK_b05,10,0.05,0.1,95.8739837398374,0.0504065040650405,0.9166666666666666,0.0467479674796747,100.0,-4.126016260162601
XGBoost,time,2,fixed,TopK_b05,10,0.05,0.15,141.47357723577235,0.0522357723577234,0.9166666666666666,0.0467479674796747,150.0,-8.526422764227647
XGBoost,time,2,fixed,TopK_b05,20,0.05,0.02,41.24796747967479,0.0474796747967478,0.9166666666666666,0.0467479674796747,40.0,1.2479674796747915
XGBoost,time,2,fixed,TopK_b05,20,0.05,0.05,96.10772357723576,0.0485772357723576,0.9166666666666666,0.0467479674796747,100.0,-3.8922764227642404
XGBoost,time,2,fixed,TopK_b05,20,0.05,0.1,187.54065040650408,0.0504065040650405,0.9166666666666666,0.0467479674796747,200.0,-12.459349593495915
XGBoost,time,2,fixed,TopK_b05,20,0.05,0.15,278.9735772357723,0.0522357723577234,0.9166666666666666,0.0467479674796747,300.0,-21.026422764227675
XGBoost,time,2,fixed,TopK_b05,50,0.05,0.02,96.24796747967478,0.0474796747967478,0.9166666666666666,0.0467479674796747,100.0,-3.7520325203252156
XGBoost,time,2,fixed,TopK_b05,50,0.05,0.05,233.60772357723576,0.0485772357723576,0.9166666666666666,0.0467479674796747,250.0,-16.39227642276424
XGBoost,time,2,fixed,TopK_b05,50,0.05,0.1,462.540650406504,0.0504065040650405,0.9166666666666666,0.0467479674796747,500.0,-37.45934959349597
XGBoost,time,2,fixed,TopK_b05,50,0.05,0.15,691.4735772357724,0.0522357723577234,0.9166666666666666,0.0467479674796747,750.0,-58.52642276422762
XGBoost,time,2,fixed,TopK_b10,5,0.1,0.02,17.07926829268292,0.0957926829268291,0.7916666666666666,0.0934959349593495,10.0,7.079268292682919
XGBoost,time,2,fixed,TopK_b10,5,0.1,0.05,28.67378048780487,0.0992378048780487,0.7916666666666666,0.0934959349593495,25.0,3.673780487804869
XGBoost,time,2,fixed,TopK_b10,5,0.1,0.1,47.997967479674784,0.1049796747967479,0.7916666666666666,0.0934959349593495,50.0,-2.0020325203252156
XGBoost,time,2,fixed,TopK_b10,5,0.1,0.15,67.3221544715447,0.1107215447154471,0.7916666666666666,0.0934959349593495,75.0,-7.677845528455293
XGBoost,time,2,fixed,TopK_b10,10,0.1,0.02,24.995934959349583,0.0957926829268291,0.7916666666666666,0.0934959349593495,20.0,4.995934959349583
XGBoost,time,2,fixed,TopK_b10,10,0.1,0.05,48.46544715447153,0.0992378048780487,0.7916666666666666,0.0934959349593495,50.0,-1.5345528455284665
XGBoost,time,2,fixed,TopK_b10,10,0.1,0.1,87.58130081300813,0.1049796747967479,0.7916666666666666,0.0934959349593495,100.0,-12.418699186991873
XGBoost,time,2,fixed,TopK_b10,10,0.1,0.15,126.6971544715447,0.1107215447154471,0.7916666666666666,0.0934959349593495,150.0,-23.302845528455293
XGBoost,time,2,fixed,TopK_b10,20,0.1,0.02,40.82926829268292,0.0957926829268291,0.7916666666666666,0.0934959349593495,40.0,0.8292682926829187
XGBoost,time,2,fixed,TopK_b10,20,0.1,0.05,88.04878048780486,0.0992378048780487,0.7916666666666666,0.0934959349593495,100.0,-11.951219512195138
XGBoost,time,2,fixed,TopK_b10,20,0.1,0.1,166.74796747967477,0.1049796747967479,0.7916666666666666,0.0934959349593495,200.0,-33.25203252032523
XGBoost,time,2,fixed,TopK_b10,20,0.1,0.15,245.44715447154476,0.1107215447154471,0.7916666666666666,0.0934959349593495,300.0,-54.55284552845524
XGBoost,time,2,fixed,TopK_b10,50,0.1,0.02,88.32926829268291,0.0957926829268291,0.7916666666666666,0.0934959349593495,100.0,-11.670731707317088
XGBoost,time,2,fixed,TopK_b10,50,0.1,0.05,206.7987804878049,0.0992378048780487,0.7916666666666666,0.0934959349593495,250.0,-43.20121951219511
XGBoost,time,2,fixed,TopK_b10,50,0.1,0.1,404.24796747967474,0.1049796747967479,0.7916666666666666,0.0934959349593495,500.0,-95.75203252032526
XGBoost,time,2,fixed,TopK_b10,50,0.1,0.15,601.6971544715446,0.1107215447154471,0.7916666666666666,0.0934959349593495,750.0,-148.30284552845535
XGBoost,time,2,fixed,TopK_b20,5,0.2,0.02,25.58943089430894,0.1958943089430894,0.6666666666666666,0.1930894308943089,10.0,15.58943089430894
XGBoost,time,2,fixed,TopK_b20,5,0.2,0.05,35.01016260162601,0.2001016260162601,0.6666666666666666,0.1930894308943089,25.0,10.010162601626007
XGBoost,time,2,fixed,TopK_b20,5,0.2,0.1,50.71138211382114,0.2071138211382113,0.6666666666666666,0.1930894308943089,50.0,0.7113821138211378
XGBoost,time,2,fixed,TopK_b20,5,0.2,0.15,66.41260162601625,0.2141260162601626,0.6666666666666666,0.1930894308943089,75.0,-8.587398373983746
XGBoost,time,2,fixed,TopK_b20,10,0.2,0.02,32.256097560975604,0.1958943089430894,0.6666666666666666,0.1930894308943089,20.0,12.256097560975604
XGBoost,time,2,fixed,TopK_b20,10,0.2,0.05,51.67682926829268,0.2001016260162601,0.6666666666666666,0.1930894308943089,50.0,1.6768292682926784
XGBoost,time,2,fixed,TopK_b20,10,0.2,0.1,84.04471544715446,0.2071138211382113,0.6666666666666666,0.1930894308943089,100.0,-15.95528455284554
XGBoost,time,2,fixed,TopK_b20,10,0.2,0.15,116.41260162601624,0.2141260162601626,0.6666666666666666,0.1930894308943089,150.0,-33.58739837398376
XGBoost,time,2,fixed,TopK_b20,20,0.2,0.02,45.58943089430893,0.1958943089430894,0.6666666666666666,0.1930894308943089,40.0,5.589430894308933
XGBoost,time,2,fixed,TopK_b20,20,0.2,0.05,85.010162601626,0.2001016260162601,0.6666666666666666,0.1930894308943089,100.0,-14.989837398373993
XGBoost,time,2,fixed,TopK_b20,20,0.2,0.1,150.71138211382114,0.2071138211382113,0.6666666666666666,0.1930894308943089,200.0,-49.288617886178855
XGBoost,time,2,fixed,TopK_b20,20,0.2,0.15,216.41260162601623,0.2141260162601626,0.6666666666666666,0.1930894308943089,300.0,-83.58739837398377
XGBoost,time,2,fixed,TopK_b20,50,0.2,0.02,85.58943089430893,0.1958943089430894,0.6666666666666666,0.1930894308943089,100.0,-14.410569105691067
XGBoost,time,2,fixed,TopK_b20,50,0.2,0.05,185.010162601626,0.2001016260162601,0.6666666666666666,0.1930894308943089,250.0,-64.989837398374
XGBoost,time,2,fixed,TopK_b20,50,0.2,0.1,350.7113821138211,0.2071138211382113,0.6666666666666666,0.1930894308943089,500.0,-149.28861788617888
XGBoost,time,2,fixed,TopK_b20,50,0.2,0.15,516.4126016260162,0.2141260162601626,0.6666666666666666,0.1930894308943089,750.0,-233.58739837398377
XGBoost,time,2,refitted,none,5,,0.02,10.0,0.0,1.0,0.0,10.0,0.0
XGBoost,time,2,refitted,none,5,,0.05,25.0,0.0,1.0,0.0,25.0,0.0
XGBoost,time,2,refitted,none,5,,0.1,50.0,0.0,1.0,0.0,50.0,0.0
XGBoost,time,2,refitted,none,5,,0.15,75.0,0.0,1.0,0.0,75.0,0.0
XGBoost,time,2,refitted,none,10,,0.02,20.0,0.0,1.0,0.0,20.0,0.0
XGBoost,time,2,refitted,none,10,,0.05,50.0,0.0,1.0,0.0,50.0,0.0
XGBoost,time,2,refitted,none,10,,0.1,100.0,0.0,1.0,0.0,100.0,0.0
XGBoost,time,2,refitted,none,10,,0.15,150.0,0.0,1.0,0.0,150.0,0.0
XGBoost,time,2,refitted,none,20,,0.02,40.0,0.0,1.0,0.0,40.0,0.0
XGBoost,time,2,refitted,none,20,,0.05,100.0,0.0,1.0,0.0,100.0,0.0
XGBoost,time,2,refitted,none,20,,0.1,200.0,0.0,1.0,0.0,200.0,0.0
XGBoost,time,2,refitted,none,20,,0.15,300.0,0.0,1.0,0.0,300.0,0.0
XGBoost,time,2,refitted,none,50,,0.02,100.0,0.0,1.0,0.0,100.0,0.0
XGBoost,time,2,refitted,none,50,,0.05,250.0,0.0,1.0,0.0,250.0,0.0
XGBoost,time,2,refitted,none,50,,0.1,500.0,0.0,1.0,0.0,500.0,0.0
XGBoost,time,2,refitted,none,50,,0.15,750.0,0.0,1.0,0.0,750.0,0.0
XGBoost,time,2,refitted,A_b01,5,0.01,0.02,10.59756097560975,0.0059756097560975,1.0,0.0060975609756097,10.0,0.5975609756097509
XGBoost,time,2,refitted,A_b01,5,0.01,0.05,25.57926829268292,0.0057926829268292,1.0,0.0060975609756097,25.0,0.5792682926829187
XGBoost,time,2,refitted,A_b01,5,0.01,0.1,50.54878048780487,0.0054878048780487,1.0,0.0060975609756097,50.0,0.5487804878048692
XGBoost,time,2,refitted,A_b01,5,0.01,0.15,75.51829268292683,0.0051829268292682,1.0,0.0060975609756097,75.0,0.5182926829268268
XGBoost,time,2,refitted,A_b01,10,0.01,0.02,20.597560975609756,0.0059756097560975,1.0,0.0060975609756097,20.0,0.5975609756097562
XGBoost,time,2,refitted,A_b01,10,0.01,0.05,50.57926829268292,0.0057926829268292,1.0,0.0060975609756097,50.0,0.5792682926829187
XGBoost,time,2,refitted,A_b01,10,0.01,0.1,100.54878048780486,0.0054878048780487,1.0,0.0060975609756097,100.0,0.5487804878048621
XGBoost,time,2,refitted,A_b01,10,0.01,0.15,150.5182926829268,0.0051829268292682,1.0,0.0060975609756097,150.0,0.5182926829268126
XGBoost,time,2,refitted,A_b01,20,0.01,0.02,40.59756097560975,0.0059756097560975,1.0,0.0060975609756097,40.0,0.5975609756097526
XGBoost,time,2,refitted,A_b01,20,0.01,0.05,100.57926829268293,0.0057926829268292,1.0,0.0060975609756097,100.0,0.5792682926829258
XGBoost,time,2,refitted,A_b01,20,0.01,0.1,200.5487804878049,0.0054878048780487,1.0,0.0060975609756097,200.0,0.5487804878048905
XGBoost,time,2,refitted,A_b01,20,0.01,0.15,300.51829268292687,0.0051829268292682,1.0,0.0060975609756097,300.0,0.5182926829268695
XGBoost,time,2,refitted,A_b01,50,0.01,0.02,100.59756097560977,0.0059756097560975,1.0,0.0060975609756097,100.0,0.5975609756097668
XGBoost,time,2,refitted,A_b01,50,0.01,0.05,250.5792682926829,0.0057926829268292,1.0,0.0060975609756097,250.0,0.5792682926829116
XGBoost,time,2,refitted,A_b01,50,0.01,0.1,500.5487804878049,0.0054878048780487,1.0,0.0060975609756097,500.0,0.5487804878048905
XGBoost,time,2,refitted,A_b01,50,0.01,0.15,750.5182926829268,0.0051829268292682,1.0,0.0060975609756097,750.0,0.5182926829268126
XGBoost,time,2,refitted,A_b05,5,0.05,0.02,16.898373983739834,0.0889837398373983,0.8333333333333334,0.0873983739837398,10.0,6.898373983739834
XGBoost,time,2,refitted,A_b05,5,0.05,0.05,29.13617886178861,0.0913617886178861,0.8333333333333334,0.0873983739837398,25.0,4.136178861788611
XGBoost,time,2,refitted,A_b05,5,0.05,0.1,49.53252032520325,0.0953252032520324,0.8333333333333334,0.0873983739837398,50.0,-0.4674796747967491
XGBoost,time,2,refitted,A_b05,5,0.05,0.15,69.92886178861788,0.0992886178861788,0.8333333333333334,0.0873983739837398,75.0,-5.07113821138212
XGBoost,time,2,refitted,A_b05,10,0.05,0.02,25.23170731707317,0.0889837398373983,0.8333333333333334,0.0873983739837398,20.0,5.23170731707317
XGBoost,time,2,refitted,A_b05,10,0.05,0.05,49.96951219512194,0.0913617886178861,0.8333333333333334,0.0873983739837398,50.0,-0.03048780487805658
XGBoost,time,2,refitted,A_b05,10,0.05,0.1,91.19918699186992,0.0953252032520324,0.8333333333333334,0.0873983739837398,100.0,-8.800813008130078
XGBoost,time,2,refitted,A_b05,10,0.05,0.15,132.4288617886179,0.0992886178861788,0.8333333333333334,0.0873983739837398,150.0,-17.571138211382106
XGBoost,time,2,refitted,A_b05,20,0.05,0.02,41.89837398373983,0.0889837398373983,0.8333333333333334,0.0873983739837398,40.0,1.8983739837398304
XGBoost,time,2,refitted,A_b05,20,0.05,0.05,91.63617886178862,0.0913617886178861,0.8333333333333334,0.0873983739837398,100.0,-8.363821138211378
XGBoost,time,2,refitted,A_b05,20,0.05,0.1,174.53252032520325,0.0953252032520324,0.8333333333333334,0.0873983739837398,200.0,-25.46747967479675
XGBoost,time,2,refitted,A_b05,20,0.05,0.15,257.4288617886179,0.0992886178861788,0.8333333333333334,0.0873983739837398,300.0,-42.571138211382106
XGBoost,time,2,refitted,A_b05,50,0.05,0.02,91.89837398373984,0.0889837398373983,0.8333333333333334,0.0873983739837398,100.0,-8.101626016260155
XGBoost,time,2,refitted,A_b05,50,0.05,0.05,216.63617886178864,0.0913617886178861,0.8333333333333334,0.0873983739837398,250.0,-33.363821138211364
XGBoost,time,2,refitted,A_b05,50,0.05,0.1,424.53252032520334,0.0953252032520324,0.8333333333333334,0.0873983739837398,500.0,-75.46747967479666
XGBoost,time,2,refitted,A_b05,50,0.05,0.15,632.4288617886178,0.0992886178861788,0.8333333333333334,0.0873983739837398,750.0,-117.57113821138216
XGBoost,time,2,refitted,A_b10,5,0.1,0.02,19.233739837398367,0.1273373983739836,0.7083333333333334,0.1239837398373983,10.0,9.233739837398367
XGBoost,time,2,refitted,A_b10,5,0.1,0.05,29.486788617886173,0.1323678861788617,0.7083333333333334,0.1239837398373983,25.0,4.486788617886173
XGBoost,time,2,refitted,A_b10,5,0.1,0.1,46.57520325203252,0.1407520325203251,0.7083333333333334,0.1239837398373983,50.0,-3.424796747967477
XGBoost,time,2,refitted,A_b10,5,0.1,0.15,63.663617886178855,0.1491361788617885,0.7083333333333334,0.1239837398373983,75.0,-11.336382113821145
XGBoost,time,2,refitted,A_b10,10,0.1,0.02,26.317073170731703,0.1273373983739836,0.7083333333333334,0.1239837398373983,20.0,6.317073170731703
XGBoost,time,2,refitted,A_b10,10,0.1,0.05,47.19512195121951,0.1323678861788617,0.7083333333333334,0.1239837398373983,50.0,-2.8048780487804876
XGBoost,time,2,refitted,A_b10,10,0.1,0.1,81.99186991869918,0.1407520325203251,0.7083333333333334,0.1239837398373983,100.0,-18.00813008130082
XGBoost,time,2,refitted,A_b10,10,0.1,0.15,116.78861788617884,0.1491361788617885,0.7083333333333334,0.1239837398373983,150.0,-33.21138211382116
XGBoost,time,2,refitted,A_b10,20,0.1,0.02,40.48373983739837,0.1273373983739836,0.7083333333333334,0.1239837398373983,40.0,0.48373983739836746
XGBoost,time,2,refitted,A_b10,20,0.1,0.05,82.61178861788618,0.1323678861788617,0.7083333333333334,0.1239837398373983,100.0,-17.388211382113823
XGBoost,time,2,refitted,A_b10,20,0.1,0.1,152.82520325203254,0.1407520325203251,0.7083333333333334,0.1239837398373983,200.0,-47.17479674796746
XGBoost,time,2,refitted,A_b10,20,0.1,0.15,223.03861788617888,0.1491361788617885,0.7083333333333334,0.1239837398373983,300.0,-76.96138211382112
XGBoost,time,2,refitted,A_b10,50,0.1,0.02,82.98373983739837,0.1273373983739836,0.7083333333333334,0.1239837398373983,100.0,-17.016260162601625
XGBoost,time,2,refitted,A_b10,50,0.1,0.05,188.8617886178862,0.1323678861788617,0.7083333333333334,0.1239837398373983,250.0,-61.13821138211381
XGBoost,time,2,refitted,A_b10,50,0.1,0.1,365.3252032520325,0.1407520325203251,0.7083333333333334,0.1239837398373983,500.0,-134.6747967479675
XGBoost,time,2,refitted,A_b10,50,0.1,0.15,541.7886178861788,0.1491361788617885,0.7083333333333334,0.1239837398373983,750.0,-208.21138211382117
XGBoost,time,2,refitted,A_b20,5,0.2,0.02,52.1890243902439,0.486890243902439,0.4583333333333333,0.4857723577235772,10.0,42.1890243902439
XGBoost,time,2,refitted,A_b20,5,0.2,0.05,57.606707317073166,0.4885670731707316,0.4583333333333333,0.4857723577235772,25.0,32.606707317073166
XGBoost,time,2,refitted,A_b20,5,0.2,0.1,66.63617886178861,0.4913617886178861,0.4583333333333333,0.4857723577235772,50.0,16.636178861788608
XGBoost,time,2,refitted,A_b20,5,0.2,0.15,75.66565040650406,0.4941565040650406,0.4583333333333333,0.4857723577235772,75.0,0.6656504065040565
XGBoost,time,2,refitted,A_b20,10,0.2,0.02,56.77235772357723,0.486890243902439,0.4583333333333333,0.4857723577235772,20.0,36.77235772357723
XGBoost,time,2,refitted,A_b20,10,0.2,0.05,69.0650406504065,0.4885670731707316,0.4583333333333333,0.4857723577235772,50.0,19.0650406504065
XGBoost,time,2,refitted,A_b20,10,0.2,0.1,89.55284552845528,0.4913617886178861,0.4583333333333333,0.4857723577235772,100.0,-10.44715447154472
XGBoost,time,2,refitted,A_b20,10,0.2,0.15,110.04065040650406,0.4941565040650406,0.4583333333333333,0.4857723577235772,150.0,-39.95934959349594
XGBoost,time,2,refitted,A_b20,20,0.2,0.02,65.9390243902439,0.486890243902439,0.4583333333333333,0.4857723577235772,40.0,25.9390243902439
XGBoost,time,2,refitted,A_b20,20,0.2,0.05,91.98170731707316,0.4885670731707316,0.4583333333333333,0.4857723577235772,100.0,-8.018292682926841
XGBoost,time,2,refitted,A_b20,20,0.2,0.1,135.3861788617886,0.4913617886178861,0.4583333333333333,0.4857723577235772,200.0,-64.61382113821139
XGBoost,time,2,refitted,A_b20,20,0.2,0.15,178.79065040650406,0.4941565040650406,0.4583333333333333,0.4857723577235772,300.0,-121.20934959349594
XGBoost,time,2,refitted,A_b20,50,0.2,0.02,93.4390243902439,0.486890243902439,0.4583333333333333,0.4857723577235772,100.0,-6.560975609756099
XGBoost,time,2,refitted,A_b20,50,0.2,0.05,160.73170731707316,0.4885670731707316,0.4583333333333333,0.4857723577235772,250.0,-89.26829268292684
XGBoost,time,2,refitted,A_b20,50,0.2,0.1,272.8861788617886,0.4913617886178861,0.4583333333333333,0.4857723577235772,500.0,-227.1138211382114
XGBoost,time,2,refitted,A_b20,50,0.2,0.15,385.0406504065041,0.4941565040650406,0.4583333333333333,0.4857723577235772,750.0,-364.9593495934959
XGBoost,time,2,refitted,B_r05,5,,0.02,10.0,0.0,1.0,0.0,10.0,0.0
XGBoost,time,2,refitted,B_r05,5,,0.05,25.0,0.0,1.0,0.0,25.0,0.0
XGBoost,time,2,refitted,B_r05,5,,0.1,50.0,0.0,1.0,0.0,50.0,0.0
XGBoost,time,2,refitted,B_r05,5,,0.15,75.0,0.0,1.0,0.0,75.0,0.0
XGBoost,time,2,refitted,B_r10,10,,0.02,20.0,0.0,1.0,0.0,20.0,0.0
XGBoost,time,2,refitted,B_r10,10,,0.05,50.0,0.0,1.0,0.0,50.0,0.0
XGBoost,time,2,refitted,B_r10,10,,0.1,100.0,0.0,1.0,0.0,100.0,0.0
XGBoost,time,2,refitted,B_r10,10,,0.15,150.0,0.0,1.0,0.0,150.0,0.0
XGBoost,time,2,refitted,B_r20,20,,0.02,40.0,0.0,1.0,0.0,40.0,0.0
XGBoost,time,2,refitted,B_r20,20,,0.05,100.0,0.0,1.0,0.0,100.0,0.0
XGBoost,time,2,refitted,B_r20,20,,0.1,200.0,0.0,1.0,0.0,200.0,0.0
XGBoost,time,2,refitted,B_r20,20,,0.15,300.0,0.0,1.0,0.0,300.0,0.0
XGBoost,time,2,refitted,B_r50,50,,0.02,87.52845528455285,0.5977845528455284,0.2916666666666667,0.5955284552845529,100.0,-12.471544715447152
XGBoost,time,2,refitted,B_r50,50,,0.05,129.4918699186992,0.6011686991869919,0.2916666666666667,0.5955284552845529,250.0,-120.5081300813008
XGBoost,time,2,refitted,B_r50,50,,0.1,199.43089430894312,0.6068089430894309,0.2916666666666667,0.5955284552845529,500.0,-300.56910569105685
XGBoost,time,2,refitted,B_r50,50,,0.15,269.369918699187,0.6124491869918699,0.2916666666666667,0.5955284552845529,750.0,-480.630081300813
XGBoost,time,2,refitted,C_b01_r05,5,0.01,0.02,10.0,0.0,1.0,0.0,10.0,0.0
XGBoost,time,2,refitted,C_b01_r05,5,0.01,0.05,25.0,0.0,1.0,0.0,25.0,0.0
XGBoost,time,2,refitted,C_b01_r05,5,0.01,0.1,50.0,0.0,1.0,0.0,50.0,0.0
XGBoost,time,2,refitted,C_b01_r05,5,0.01,0.15,75.0,0.0,1.0,0.0,75.0,0.0
XGBoost,time,2,refitted,C_b01_r10,10,0.01,0.02,20.0,0.0,1.0,0.0,20.0,0.0
XGBoost,time,2,refitted,C_b01_r10,10,0.01,0.05,50.0,0.0,1.0,0.0,50.0,0.0
XGBoost,time,2,refitted,C_b01_r10,10,0.01,0.1,100.0,0.0,1.0,0.0,100.0,0.0
XGBoost,time,2,refitted,C_b01_r10,10,0.01,0.15,150.0,0.0,1.0,0.0,150.0,0.0
XGBoost,time,2,refitted,C_b01_r20,20,0.01,0.02,40.0,0.0,1.0,0.0,40.0,0.0
XGBoost,time,2,refitted,C_b01_r20,20,0.01,0.05,100.0,0.0,1.0,0.0,100.0,0.0
XGBoost,time,2,refitted,C_b01_r20,20,0.01,0.1,200.0,0.0,1.0,0.0,200.0,0.0
XGBoost,time,2,refitted,C_b01_r20,20,0.01,0.15,300.0,0.0,1.0,0.0,300.0,0.0
XGBoost,time,2,refitted,C_b01_r50,50,0.01,0.02,100.0,0.0,1.0,0.0,100.0,0.0
XGBoost,time,2,refitted,C_b01_r50,50,0.01,0.05,250.0,0.0,1.0,0.0,250.0,0.0
XGBoost,time,2,refitted,C_b01_r50,50,0.01,0.1,500.0,0.0,1.0,0.0,500.0,0.0
XGBoost,time,2,refitted,C_b01_r50,50,0.01,0.15,750.0,0.0,1.0,0.0,750.0,0.0
XGBoost,time,2,refitted,C_b05_r05,5,0.05,0.02,10.0,0.0,1.0,0.0,10.0,0.0
XGBoost,time,2,refitted,C_b05_r05,5,0.05,0.05,25.0,0.0,1.0,0.0,25.0,0.0
XGBoost,time,2,refitted,C_b05_r05,5,0.05,0.1,50.0,0.0,1.0,0.0,50.0,0.0
XGBoost,time,2,refitted,C_b05_r05,5,0.05,0.15,75.0,0.0,1.0,0.0,75.0,0.0
XGBoost,time,2,refitted,C_b05_r10,10,0.05,0.02,20.0,0.0,1.0,0.0,20.0,0.0
XGBoost,time,2,refitted,C_b05_r10,10,0.05,0.05,50.0,0.0,1.0,0.0,50.0,0.0
XGBoost,time,2,refitted,C_b05_r10,10,0.05,0.1,100.0,0.0,1.0,0.0,100.0,0.0
XGBoost,time,2,refitted,C_b05_r10,10,0.05,0.15,150.0,0.0,1.0,0.0,150.0,0.0
XGBoost,time,2,refitted,C_b05_r20,20,0.05,0.02,40.0,0.0,1.0,0.0,40.0,0.0
XGBoost,time,2,refitted,C_b05_r20,20,0.05,0.05,100.0,0.0,1.0,0.0,100.0,0.0
XGBoost,time,2,refitted,C_b05_r20,20,0.05,0.1,200.0,0.0,1.0,0.0,200.0,0.0
XGBoost,time,2,refitted,C_b05_r20,20,0.05,0.15,300.0,0.0,1.0,0.0,300.0,0.0
XGBoost,time,2,refitted,C_b05_r50,50,0.05,0.02,100.0,0.0,1.0,0.0,100.0,0.0
XGBoost,time,2,refitted,C_b05_r50,50,0.05,0.05,250.0,0.0,1.0,0.0,250.0,0.0
XGBoost,time,2,refitted,C_b05_r50,50,0.05,0.1,500.0,0.0,1.0,0.0,500.0,0.0
XGBoost,time,2,refitted,C_b05_r50,50,0.05,0.15,750.0,0.0,1.0,0.0,750.0,0.0
XGBoost,time,2,refitted,C_b10_r05,5,0.1,0.02,10.0,0.0,1.0,0.0,10.0,0.0
XGBoost,time,2,refitted,C_b10_r05,5,0.1,0.05,25.0,0.0,1.0,0.0,25.0,0.0
XGBoost,time,2,refitted,C_b10_r05,5,0.1,0.1,50.0,0.0,1.0,0.0,50.0,0.0
XGBoost,time,2,refitted,C_b10_r05,5,0.1,0.15,75.0,0.0,1.0,0.0,75.0,0.0
XGBoost,time,2,refitted,C_b10_r10,10,0.1,0.02,20.0,0.0,1.0,0.0,20.0,0.0
XGBoost,time,2,refitted,C_b10_r10,10,0.1,0.05,50.0,0.0,1.0,0.0,50.0,0.0
XGBoost,time,2,refitted,C_b10_r10,10,0.1,0.1,100.0,0.0,1.0,0.0,100.0,0.0
XGBoost,time,2,refitted,C_b10_r10,10,0.1,0.15,150.0,0.0,1.0,0.0,150.0,0.0
XGBoost,time,2,refitted,C_b10_r20,20,0.1,0.02,40.0,0.0,1.0,0.0,40.0,0.0
XGBoost,time,2,refitted,C_b10_r20,20,0.1,0.05,100.0,0.0,1.0,0.0,100.0,0.0
XGBoost,time,2,refitted,C_b10_r20,20,0.1,0.1,200.0,0.0,1.0,0.0,200.0,0.0
XGBoost,time,2,refitted,C_b10_r20,20,0.1,0.15,300.0,0.0,1.0,0.0,300.0,0.0
XGBoost,time,2,refitted,C_b10_r50,50,0.1,0.02,100.0,0.0,1.0,0.0,100.0,0.0
XGBoost,time,2,refitted,C_b10_r50,50,0.1,0.05,250.0,0.0,1.0,0.0,250.0,0.0
XGBoost,time,2,refitted,C_b10_r50,50,0.1,0.1,500.0,0.0,1.0,0.0,500.0,0.0
XGBoost,time,2,refitted,C_b10_r50,50,0.1,0.15,750.0,0.0,1.0,0.0,750.0,0.0
XGBoost,time,2,refitted,C_b20_r05,5,0.2,0.02,10.0,0.0,1.0,0.0,10.0,0.0
XGBoost,time,2,refitted,C_b20_r05,5,0.2,0.05,25.0,0.0,1.0,0.0,25.0,0.0
XGBoost,time,2,refitted,C_b20_r05,5,0.2,0.1,50.0,0.0,1.0,0.0,50.0,0.0
XGBoost,time,2,refitted,C_b20_r05,5,0.2,0.15,75.0,0.0,1.0,0.0,75.0,0.0
XGBoost,time,2,refitted,C_b20_r10,10,0.2,0.02,20.0,0.0,1.0,0.0,20.0,0.0
XGBoost,time,2,refitted,C_b20_r10,10,0.2,0.05,50.0,0.0,1.0,0.0,50.0,0.0
XGBoost,time,2,refitted,C_b20_r10,10,0.2,0.1,100.0,0.0,1.0,0.0,100.0,0.0
XGBoost,time,2,refitted,C_b20_r10,10,0.2,0.15,150.0,0.0,1.0,0.0,150.0,0.0
XGBoost,time,2,refitted,C_b20_r20,20,0.2,0.02,40.0,0.0,1.0,0.0,40.0,0.0
XGBoost,time,2,refitted,C_b20_r20,20,0.2,0.05,100.0,0.0,1.0,0.0,100.0,0.0
XGBoost,time,2,refitted,C_b20_r20,20,0.2,0.1,200.0,0.0,1.0,0.0,200.0,0.0
XGBoost,time,2,refitted,C_b20_r20,20,0.2,0.15,300.0,0.0,1.0,0.0,300.0,0.0
XGBoost,time,2,refitted,C_b20_r50,50,0.2,0.02,100.0,0.0,1.0,0.0,100.0,0.0
XGBoost,time,2,refitted,C_b20_r50,50,0.2,0.05,250.0,0.0,1.0,0.0,250.0,0.0
XGBoost,time,2,refitted,C_b20_r50,50,0.2,0.1,500.0,0.0,1.0,0.0,500.0,0.0
XGBoost,time,2,refitted,C_b20_r50,50,0.2,0.15,750.0,0.0,1.0,0.0,750.0,0.0
XGBoost,time,2,refitted,TopK_b01,5,0.01,0.02,10.995934959349588,0.0099593495934958,1.0,0.0101626016260162,10.0,0.9959349593495883
XGBoost,time,2,refitted,TopK_b01,5,0.01,0.05,25.965447154471537,0.0096544715447153,1.0,0.0101626016260162,25.0,0.9654471544715371
XGBoost,time,2,refitted,TopK_b01,5,0.01,0.1,50.914634146341456,0.0091463414634145,1.0,0.0101626016260162,50.0,0.9146341463414558
XGBoost,time,2,refitted,TopK_b01,5,0.01,0.15,75.86382113821138,0.0086382113821137,1.0,0.0101626016260162,75.0,0.8638211382113781
XGBoost,time,2,refitted,TopK_b01,10,0.01,0.02,20.995934959349587,0.0099593495934958,1.0,0.0101626016260162,20.0,0.9959349593495865
XGBoost,time,2,refitted,TopK_b01,10,0.01,0.05,50.96544715447154,0.0096544715447153,1.0,0.0101626016260162,50.0,0.9654471544715406
XGBoost,time,2,refitted,TopK_b01,10,0.01,0.1,100.91463414634146,0.0091463414634145,1.0,0.0101626016260162,100.0,0.9146341463414558
XGBoost,time,2,refitted,TopK_b01,10,0.01,0.15,150.86382113821136,0.0086382113821137,1.0,0.0101626016260162,150.0,0.8638211382113639
XGBoost,time,2,refitted,TopK_b01,20,0.01,0.02,40.99593495934959,0.0099593495934958,1.0,0.0101626016260162,40.0,0.9959349593495901
XGBoost,time,2,refitted,TopK_b01,20,0.01,0.05,100.96544715447152,0.0096544715447153,1.0,0.0101626016260162,100.0,0.9654471544715193
XGBoost,time,2,refitted,TopK_b01,20,0.01,0.1,200.91463414634148,0.0091463414634145,1.0,0.0101626016260162,200.0,0.9146341463414842
XGBoost,time,2,refitted,TopK_b01,20,0.01,0.15,300.8638211382114,0.0086382113821137,1.0,0.0101626016260162,300.0,0.8638211382113923
XGBoost,time,2,refitted,TopK_b01,50,0.01,0.02,100.9959349593496,0.0099593495934958,1.0,0.0101626016260162,100.0,0.9959349593495972
XGBoost,time,2,refitted,TopK_b01,50,0.01,0.05,250.96544715447155,0.0096544715447153,1.0,0.0101626016260162,250.0,0.9654471544715477
XGBoost,time,2,refitted,TopK_b01,50,0.01,0.1,500.9146341463414,0.0091463414634145,1.0,0.0101626016260162,500.0,0.9146341463414274
XGBoost,time,2,refitted,TopK_b01,50,0.01,0.15,750.8638211382114,0.0086382113821137,1.0,0.0101626016260162,750.0,0.8638211382113923
XGBoost,time,2,refitted,TopK_b05,5,0.05,0.02,12.317073170731703,0.043170731707317,0.8333333333333334,0.040650406504065,10.0,2.317073170731703
XGBoost,time,2,refitted,TopK_b05,5,0.05,0.05,24.69512195121951,0.046951219512195,0.8333333333333334,0.040650406504065,25.0,-0.3048780487804912
XGBoost,time,2,refitted,TopK_b05,5,0.05,0.1,45.32520325203252,0.0532520325203251,0.8333333333333334,0.040650406504065,50.0,-4.674796747967477
XGBoost,time,2,refitted,TopK_b05,5,0.05,0.15,65.95528455284553,0.0595528455284552,0.8333333333333334,0.040650406504065,75.0,-9.044715447154474
XGBoost,time,2,refitted,TopK_b05,10,0.05,0.02,20.65040650406504,0.043170731707317,0.8333333333333334,0.040650406504065,20.0,0.6504065040650389
XGBoost,time,2,refitted,TopK_b05,10,0.05,0.05,45.52845528455284,0.046951219512195,0.8333333333333334,0.040650406504065,50.0,-4.471544715447159
XGBoost,time,2,refitted,TopK_b05,10,0.05,0.1,86.99186991869918,0.0532520325203251,0.8333333333333334,0.040650406504065,100.0,-13.00813008130082
XGBoost,time,2,refitted,TopK_b05,10,0.05,0.15,128.4552845528455,0.0595528455284552,0.8333333333333334,0.040650406504065,150.0,-21.544715447154488
XGBoost,time,2,refitted,TopK_b05,20,0.05,0.02,37.31707317073171,0.043170731707317,0.8333333333333334,0.040650406504065,40.0,-2.6829268292682897
XGBoost,time,2,refitted,TopK_b05,20,0.05,0.05,87.1951219512195,0.046951219512195,0.8333333333333334,0.040650406504065,100.0,-12.804878048780495
XGBoost,time,2,refitted,TopK_b05,20,0.05,0.1,170.32520325203254,0.0532520325203251,0.8333333333333334,0.040650406504065,200.0,-29.674796747967463
XGBoost,time,2,refitted,TopK_b05,20,0.05,0.15,253.45528455284557,0.0595528455284552,0.8333333333333334,0.040650406504065,300.0,-46.54471544715443
XGBoost,time,2,refitted,TopK_b05,50,0.05,0.02,87.3170731707317,0.043170731707317,0.8333333333333334,0.040650406504065,100.0,-12.682926829268297
XGBoost,time,2,refitted,TopK_b05,50,0.05,0.05,212.19512195121956,0.046951219512195,0.8333333333333334,0.040650406504065,250.0,-37.80487804878044
XGBoost,time,2,refitted,TopK_b05,50,0.05,0.1,420.3252032520325,0.0532520325203251,0.8333333333333334,0.040650406504065,500.0,-79.67479674796749
XGBoost,time,2,refitted,TopK_b05,50,0.05,0.15,628.4552845528455,0.0595528455284552,0.8333333333333334,0.040650406504065,750.0,-121.54471544715454
XGBoost,time,2,refitted,TopK_b10,5,0.1,0.02,17.69512195121951,0.096951219512195,0.8333333333333334,0.0955284552845528,10.0,7.695121951219509
XGBoost,time,2,refitted,TopK_b10,5,0.1,0.05,29.90853658536585,0.0990853658536584,0.8333333333333334,0.0955284552845528,25.0,4.908536585365852
XGBoost,time,2,refitted,TopK_b10,5,0.1,0.1,50.26422764227642,0.1026422764227641,0.8333333333333334,0.0955284552845528,50.0,0.26422764227641693
XGBoost,time,2,refitted,TopK_b10,5,0.1,0.15,70.619918699187,0.1061991869918698,0.8333333333333334,0.0955284552845528,75.0,-4.3800813008130035
XGBoost,time,2,refitted,TopK_b10,10,0.1,0.02,26.02845528455284,0.096951219512195,0.8333333333333334,0.0955284552845528,20.0,6.028455284552841
XGBoost,time,2,refitted,TopK_b10,10,0.1,0.05,50.74186991869918,0.0990853658536584,0.8333333333333334,0.0955284552845528,50.0,0.7418699186991802
XGBoost,time,2,refitted,TopK_b10,10,0.1,0.1,91.9308943089431,0.1026422764227641,0.8333333333333334,0.0955284552845528,100.0,-8.069105691056905
XGBoost,time,2,refitted,TopK_b10,10,0.1,0.15,133.11991869918697,0.1061991869918698,0.8333333333333334,0.0955284552845528,150.0,-16.880081300813032
XGBoost,time,2,refitted,TopK_b10,20,0.1,0.02,42.69512195121951,0.096951219512195,0.8333333333333334,0.0955284552845528,40.0,2.6951219512195124
XGBoost,time,2,refitted,TopK_b10,20,0.1,0.05,92.40853658536584,0.0990853658536584,0.8333333333333334,0.0955284552845528,100.0,-7.591463414634163
XGBoost,time,2,refitted,TopK_b10,20,0.1,0.1,175.26422764227644,0.1026422764227641,0.8333333333333334,0.0955284552845528,200.0,-24.73577235772356
XGBoost,time,2,refitted,TopK_b10,20,0.1,0.15,258.119918699187,0.1061991869918698,0.8333333333333334,0.0955284552845528,300.0,-41.880081300813
XGBoost,time,2,refitted,TopK_b10,50,0.1,0.02,92.69512195121952,0.096951219512195,0.8333333333333334,0.0955284552845528,100.0,-7.3048780487804805
XGBoost,time,2,refitted,TopK_b10,50,0.1,0.05,217.40853658536588,0.0990853658536584,0.8333333333333334,0.0955284552845528,250.0,-32.59146341463412
XGBoost,time,2,refitted,TopK_b10,50,0.1,0.1,425.26422764227647,0.1026422764227641,0.8333333333333334,0.0955284552845528,500.0,-74.73577235772353
XGBoost,time,2,refitted,TopK_b10,50,0.1,0.15,633.119918699187,0.1061991869918698,0.8333333333333334,0.0955284552845528,750.0,-116.880081300813
XGBoost,time,2,refitted,TopK_b20,5,0.2,0.02,25.58943089430894,0.1958943089430894,0.6666666666666666,0.1930894308943089,10.0,15.58943089430894
XGBoost,time,2,refitted,TopK_b20,5,0.2,0.05,35.01016260162601,0.2001016260162601,0.6666666666666666,0.1930894308943089,25.0,10.010162601626007
XGBoost,time,2,refitted,TopK_b20,5,0.2,0.1,50.71138211382114,0.2071138211382113,0.6666666666666666,0.1930894308943089,50.0,0.7113821138211378
XGBoost,time,2,refitted,TopK_b20,5,0.2,0.15,66.41260162601625,0.2141260162601626,0.6666666666666666,0.1930894308943089,75.0,-8.587398373983746
XGBoost,time,2,refitted,TopK_b20,10,0.2,0.02,32.256097560975604,0.1958943089430894,0.6666666666666666,0.1930894308943089,20.0,12.256097560975604
XGBoost,time,2,refitted,TopK_b20,10,0.2,0.05,51.67682926829268,0.2001016260162601,0.6666666666666666,0.1930894308943089,50.0,1.6768292682926784
XGBoost,time,2,refitted,TopK_b20,10,0.2,0.1,84.04471544715446,0.2071138211382113,0.6666666666666666,0.1930894308943089,100.0,-15.95528455284554
XGBoost,time,2,refitted,TopK_b20,10,0.2,0.15,116.41260162601624,0.2141260162601626,0.6666666666666666,0.1930894308943089,150.0,-33.58739837398376
XGBoost,time,2,refitted,TopK_b20,20,0.2,0.02,45.58943089430893,0.1958943089430894,0.6666666666666666,0.1930894308943089,40.0,5.589430894308933
XGBoost,time,2,refitted,TopK_b20,20,0.2,0.05,85.010162601626,0.2001016260162601,0.6666666666666666,0.1930894308943089,100.0,-14.989837398373993
XGBoost,time,2,refitted,TopK_b20,20,0.2,0.1,150.71138211382114,0.2071138211382113,0.6666666666666666,0.1930894308943089,200.0,-49.288617886178855
XGBoost,time,2,refitted,TopK_b20,20,0.2,0.15,216.41260162601623,0.2141260162601626,0.6666666666666666,0.1930894308943089,300.0,-83.58739837398377
XGBoost,time,2,refitted,TopK_b20,50,0.2,0.02,85.58943089430893,0.1958943089430894,0.6666666666666666,0.1930894308943089,100.0,-14.410569105691067
XGBoost,time,2,refitted,TopK_b20,50,0.2,0.05,185.010162601626,0.2001016260162601,0.6666666666666666,0.1930894308943089,250.0,-64.989837398374
XGBoost,time,2,refitted,TopK_b20,50,0.2,0.1,350.7113821138211,0.2071138211382113,0.6666666666666666,0.1930894308943089,500.0,-149.28861788617888
XGBoost,time,2,refitted,TopK_b20,50,0.2,0.15,516.4126016260162,0.2141260162601626,0.6666666666666666,0.1930894308943089,750.0,-233.58739837398377
XGBoost,time,3,fixed,none,5,,0.02,10.0,0.0,1.0,0.0,10.0,0.0
XGBoost,time,3,fixed,none,5,,0.05,25.0,0.0,1.0,0.0,25.0,0.0
XGBoost,time,3,fixed,none,5,,0.1,50.0,0.0,1.0,0.0,50.0,0.0
XGBoost,time,3,fixed,none,5,,0.15,75.0,0.0,1.0,0.0,75.0,0.0
XGBoost,time,3,fixed,none,10,,0.02,20.0,0.0,1.0,0.0,20.0,0.0
XGBoost,time,3,fixed,none,10,,0.05,50.0,0.0,1.0,0.0,50.0,0.0
XGBoost,time,3,fixed,none,10,,0.1,100.0,0.0,1.0,0.0,100.0,0.0
XGBoost,time,3,fixed,none,10,,0.15,150.0,0.0,1.0,0.0,150.0,0.0
XGBoost,time,3,fixed,none,20,,0.02,40.0,0.0,1.0,0.0,40.0,0.0
XGBoost,time,3,fixed,none,20,,0.05,100.0,0.0,1.0,0.0,100.0,0.0
XGBoost,time,3,fixed,none,20,,0.1,200.0,0.0,1.0,0.0,200.0,0.0
XGBoost,time,3,fixed,none,20,,0.15,300.0,0.0,1.0,0.0,300.0,0.0
XGBoost,time,3,fixed,none,50,,0.02,100.0,0.0,1.0,0.0,100.0,0.0
XGBoost,time,3,fixed,none,50,,0.05,250.0,0.0,1.0,0.0,250.0,0.0
XGBoost,time,3,fixed,none,50,,0.1,500.0,0.0,1.0,0.0,500.0,0.0
XGBoost,time,3,fixed,none,50,,0.15,750.0,0.0,1.0,0.0,750.0,0.0
XGBoost,time,3,fixed,A_b01,5,0.01,0.02,11.180722891566262,0.0118072289156626,1.0,0.0120481927710843,10.0,1.180722891566262
XGBoost,time,3,fixed,A_b01,5,0.01,0.05,26.144578313253007,0.01144578313253,1.0,0.0120481927710843,25.0,1.1445783132530067
XGBoost,time,3,fixed,A_b01,5,0.01,0.1,51.08433734939759,0.0108433734939758,1.0,0.0120481927710843,50.0,1.0843373493975932
XGBoost,time,3,fixed,A_b01,5,0.01,0.15,76.02409638554217,0.0102409638554216,1.0,0.0120481927710843,75.0,1.0240963855421654
XGBoost,time,3,fixed,A_b01,10,0.01,0.02,21.180722891566266,0.0118072289156626,1.0,0.0120481927710843,20.0,1.1807228915662655
XGBoost,time,3,fixed,A_b01,10,0.01,0.05,51.14457831325301,0.01144578313253,1.0,0.0120481927710843,50.0,1.1445783132530067
XGBoost,time,3,fixed,A_b01,10,0.01,0.1,101.0843373493976,0.0108433734939758,1.0,0.0120481927710843,100.0,1.0843373493976003
XGBoost,time,3,fixed,A_b01,10,0.01,0.15,151.02409638554218,0.0102409638554216,1.0,0.0120481927710843,150.0,1.0240963855421796
XGBoost,time,3,fixed,A_b01,20,0.01,0.02,41.18072289156626,0.0118072289156626,1.0,0.0120481927710843,40.0,1.180722891566262
XGBoost,time,3,fixed,A_b01,20,0.01,0.05,101.144578313253,0.01144578313253,1.0,0.0120481927710843,100.0,1.1445783132530067
XGBoost,time,3,fixed,A_b01,20,0.01,0.1,201.0843373493976,0.0108433734939758,1.0,0.0120481927710843,200.0,1.0843373493976003
XGBoost,time,3,fixed,A_b01,20,0.01,0.15,301.0240963855422,0.0102409638554216,1.0,0.0120481927710843,300.0,1.0240963855421796
XGBoost,time,3,fixed,A_b01,50,0.01,0.02,101.18072289156626,0.0118072289156626,1.0,0.0120481927710843,100.0,1.180722891566262
XGBoost,time,3,fixed,A_b01,50,0.01,0.05,251.14457831325305,0.01144578313253,1.0,0.0120481927710843,250.0,1.1445783132530494
XGBoost,time,3,fixed,A_b01,50,0.01,0.1,501.0843373493976,0.0108433734939758,1.0,0.0120481927710843,500.0,1.0843373493975719
XGBoost,time,3,fixed,A_b01,50,0.01,0.15,751.0240963855422,0.0102409638554216,1.0,0.0120481927710843,750.0,1.0240963855421796
XGBoost,time,3,fixed,A_b05,5,0.05,0.02,14.433734939759033,0.0643373493975903,0.8333333333333334,0.0622489959839357,10.0,4.433734939759033
XGBoost,time,3,fixed,A_b05,5,0.05,0.05,26.746987951807228,0.0674698795180722,0.8333333333333334,0.0622489959839357,25.0,1.7469879518072275
XGBoost,time,3,fixed,A_b05,5,0.05,0.1,47.26907630522088,0.0726907630522087,0.8333333333333334,0.0622489959839357,50.0,-2.730923694779122
XGBoost,time,3,fixed,A_b05,5,0.05,0.15,67.79116465863453,0.0779116465863453,0.8333333333333334,0.0622489959839357,75.0,-7.2088353413654715
XGBoost,time,3,fixed,A_b05,10,0.05,0.02,22.767068273092367,0.0643373493975903,0.8333333333333334,0.0622489959839357,20.0,2.7670682730923666
XGBoost,time,3,fixed,A_b05,10,0.05,0.05,47.58032128514056,0.0674698795180722,0.8333333333333334,0.0622489959839357,50.0,-2.4196787148594368
XGBoost,time,3,fixed,A_b05,10,0.05,0.1,88.93574297188755,0.0726907630522087,0.8333333333333334,0.0622489959839357,100.0,-11.06425702811245
XGBoost,time,3,fixed,A_b05,10,0.05,0.15,130.29116465863453,0.0779116465863453,0.8333333333333334,0.0622489959839357,150.0,-19.70883534136547
XGBoost,time,3,fixed,A_b05,20,0.05,0.02,39.43373493975904,0.0643373493975903,0.8333333333333334,0.0622489959839357,40.0,-0.5662650602409585
XGBoost,time,3,fixed,A_b05,20,0.05,0.05,89.24698795180723,0.0674698795180722,0.8333333333333334,0.0622489959839357,100.0,-10.753012048192772
XGBoost,time,3,fixed,A_b05,20,0.05,0.1,172.2690763052209,0.0726907630522087,0.8333333333333334,0.0622489959839357,200.0,-27.730923694779108
XGBoost,time,3,fixed,A_b05,20,0.05,0.15,255.29116465863453,0.0779116465863453,0.8333333333333334,0.0622489959839357,300.0,-44.70883534136547
XGBoost,time,3,fixed,A_b05,50,0.05,0.02,89.43373493975903,0.0643373493975903,0.8333333333333334,0.0622489959839357,100.0,-10.566265060240966
XGBoost,time,3,fixed,A_b05,50,0.05,0.05,214.24698795180723,0.0674698795180722,0.8333333333333334,0.0622489959839357,250.0,-35.75301204819277
XGBoost,time,3,fixed,A_b05,50,0.05,0.1,422.2690763052209,0.0726907630522087,0.8333333333333334,0.0622489959839357,500.0,-77.73092369477911
XGBoost,time,3,fixed,A_b05,50,0.05,0.15,630.2911646586346,0.0779116465863453,0.8333333333333334,0.0622489959839357,750.0,-119.70883534136544
XGBoost,time,3,fixed,A_b10,5,0.1,0.02,17.42034805890227,0.1008701472556893,0.7777777777777778,0.0983935742971887,10.0,7.42034805890227
XGBoost,time,3,fixed,A_b10,5,0.1,0.05,28.79183400267737,0.1045850066934403,0.7777777777777778,0.0983935742971887,25.0,3.791834002677369
XGBoost,time,3,fixed,A_b10,5,0.1,0.1,47.74431057563587,0.110776439089692,0.7777777777777778,0.0983935742971887,50.0,-2.255689424364128
XGBoost,time,3,fixed,A_b10,5,0.1,0.15,66.69678714859437,0.1169678714859437,0.7777777777777778,0.0983935742971887,75.0,-8.303212851405632
XGBoost,time,3,fixed,A_b10,10,0.1,0.02,25.198125836680045,0.1008701472556893,0.7777777777777778,0.0983935742971887,20.0,5.198125836680045
XGBoost,time,3,fixed,A_b10,10,0.1,0.05,48.23627844712182,0.1045850066934403,0.7777777777777778,0.0983935742971887,50.0,-1.7637215528781809
XGBoost,time,3,fixed,A_b10,10,0.1,0.1,86.63319946452476,0.110776439089692,0.7777777777777778,0.0983935742971887,100.0,-13.366800535475235
XGBoost,time,3,fixed,A_b10,10,0.1,0.15,125.03012048192772,0.1169678714859437,0.7777777777777778,0.0983935742971887,150.0,-24.969879518072275
XGBoost,time,3,fixed,A_b10,20,0.1,0.02,40.7536813922356,0.1008701472556893,0.7777777777777778,0.0983935742971887,40.0,0.7536813922355989
XGBoost,time,3,fixed,A_b10,20,0.1,0.05,87.1251673360107,0.1045850066934403,0.7777777777777778,0.0983935742971887,100.0,-12.874832663989295
XGBoost,time,3,fixed,A_b10,20,0.1,0.1,164.41097724230252,0.110776439089692,0.7777777777777778,0.0983935742971887,200.0,-35.58902275769748
XGBoost,time,3,fixed,A_b10,20,0.1,0.15,241.6967871485944,0.1169678714859437,0.7777777777777778,0.0983935742971887,300.0,-58.30321285140559
XGBoost,time,3,fixed,A_b10,50,0.1,0.02,87.42034805890228,0.1008701472556893,0.7777777777777778,0.0983935742971887,100.0,-12.579651941097723
XGBoost,time,3,fixed,A_b10,50,0.1,0.05,203.79183400267735,0.1045850066934403,0.7777777777777778,0.0983935742971887,250.0,-46.20816599732265
XGBoost,time,3,fixed,A_b10,50,0.1,0.1,397.7443105756359,0.110776439089692,0.7777777777777778,0.0983935742971887,500.0,-102.2556894243641
XGBoost,time,3,fixed,A_b10,50,0.1,0.15,591.6967871485944,0.1169678714859437,0.7777777777777778,0.0983935742971887,750.0,-158.30321285140565
XGBoost,time,3,fixed,A_b20,5,0.2,0.02,26.77376171352075,0.2144042838018741,0.6111111111111112,0.2108433734939759,10.0,16.77376171352075
XGBoost,time,3,fixed,A_b20,5,0.2,0.05,35.30789825970548,0.2197456492637215,0.6111111111111112,0.2108433734939759,25.0,10.307898259705482
XGBoost,time,3,fixed,A_b20,5,0.2,0.1,49.53145917001339,0.2286479250334672,0.6111111111111112,0.2108433734939759,50.0,-0.4685408299866083
XGBoost,time,3,fixed,A_b20,5,0.2,0.15,63.75502008032129,0.2375502008032128,0.6111111111111112,0.2108433734939759,75.0,-11.244979919678713
XGBoost,time,3,fixed,A_b20,10,0.2,0.02,32.88487282463186,0.2144042838018741,0.6111111111111112,0.2108433734939759,20.0,12.884872824631863
XGBoost,time,3,fixed,A_b20,10,0.2,0.05,50.58567603748326,0.2197456492637215,0.6111111111111112,0.2108433734939759,50.0,0.5856760374832604
XGBoost,time,3,fixed,A_b20,10,0.2,0.1,80.08701472556895,0.2286479250334672,0.6111111111111112,0.2108433734939759,100.0,-19.91298527443105
XGBoost,time,3,fixed,A_b20,10,0.2,0.15,109.58835341365464,0.2375502008032128,0.6111111111111112,0.2108433734939759,150.0,-40.411646586345356
XGBoost,time,3,fixed,A_b20,20,0.2,0.02,45.10709504685408,0.2144042838018741,0.6111111111111112,0.2108433734939759,40.0,5.107095046854077
XGBoost,time,3,fixed,A_b20,20,0.2,0.05,81.14123159303882,0.2197456492637215,0.6111111111111112,0.2108433734939759,100.0,-18.858768406961175
XGBoost,time,3,fixed,A_b20,20,0.2,0.1,141.19812583668005,0.2286479250334672,0.6111111111111112,0.2108433734939759,200.0,-58.80187416331995
XGBoost,time,3,fixed,A_b20,20,0.2,0.15,201.2550200803213,0.2375502008032128,0.6111111111111112,0.2108433734939759,300.0,-98.74497991967871
XGBoost,time,3,fixed,A_b20,50,0.2,0.02,81.77376171352076,0.2144042838018741,0.6111111111111112,0.2108433734939759,100.0,-18.226238286479244
XGBoost,time,3,fixed,A_b20,50,0.2,0.05,172.8078982597055,0.2197456492637215,0.6111111111111112,0.2108433734939759,250.0,-77.1921017402945
XGBoost,time,3,fixed,A_b20,50,0.2,0.1,324.5314591700134,0.2286479250334672,0.6111111111111112,0.2108433734939759,500.0,-175.46854082998658
XGBoost,time,3,fixed,A_b20,50,0.2,0.15,476.2550200803213,0.2375502008032128,0.6111111111111112,0.2108433734939759,750.0,-273.7449799196787
XGBoost,time,3,fixed,B_r05,5,,0.02,12.593038821954485,0.0325970548862115,0.9444444444444444,0.0321285140562249,10.0,2.593038821954485
XGBoost,time,3,fixed,B_r05,5,,0.05,26.663319946452475,0.0332998661311914,0.9444444444444444,0.0321285140562249,25.0,1.663319946452475
XGBoost,time,3,fixed,B_r05,5,,0.1,50.11378848728246,0.0344712182061579,0.9444444444444444,0.0321285140562249,50.0,0.11378848728246282
XGBoost,time,3,fixed,B_r05,5,,0.15,73.56425702811245,0.0356425702811245,0.9444444444444444,0.0321285140562249,75.0,-1.4357429718875494
XGBoost,time,3,fixed,B_r10,10,,0.02,22.03748326639893,0.0325970548862115,0.9444444444444444,0.0321285140562249,20.0,2.0374832663989295
XGBoost,time,3,fixed,B_r10,10,,0.05,50.27443105756358,0.0332998661311914,0.9444444444444444,0.0321285140562249,50.0,0.2744310575635822
XGBoost,time,3,fixed,B_r10,10,,0.1,97.33601070950468,0.0344712182061579,0.9444444444444444,0.0321285140562249,100.0,-2.663989290495323
XGBoost,time,3,fixed,B_r10,10,,0.15,144.39759036144576,0.0356425702811245,0.9444444444444444,0.0321285140562249,150.0,-5.602409638554235
XGBoost,time,3,fixed,B_r20,20,,0.02,73.94377510040161,0.6194377510040161,0.3333333333333333,0.6184738955823293,40.0,33.94377510040161
XGBoost,time,3,fixed,B_r20,20,,0.05,92.08835341365462,0.6208835341365462,0.3333333333333333,0.6184738955823293,100.0,-7.911646586345384
XGBoost,time,3,fixed,B_r20,20,,0.1,122.3293172690763,0.6232931726907631,0.3333333333333333,0.6184738955823293,200.0,-77.6706827309237
XGBoost,time,3,fixed,B_r20,20,,0.15,152.570281124498,0.62570281124498,0.3333333333333333,0.6184738955823293,300.0,-147.429718875502
XGBoost,time,3,fixed,B_r50,50,,0.02,95.33601070950468,0.8600267737617135,0.1111111111111111,0.8594377510040161,100.0,-4.663989290495323
XGBoost,time,3,fixed,B_r50,50,,0.05,109.42436412315932,0.8609103078982596,0.1111111111111111,0.8594377510040161,250.0,-140.5756358768407
XGBoost,time,3,fixed,B_r50,50,,0.1,132.904953145917,0.8623828647925034,0.1111111111111111,0.8594377510040161,500.0,-367.09504685408297
XGBoost,time,3,fixed,B_r50,50,,0.15,156.3855421686747,0.863855421686747,0.1111111111111111,0.8594377510040161,750.0,-593.6144578313254
XGBoost,time,3,fixed,C_b01_r05,5,0.01,0.02,10.0,0.0,1.0,0.0,10.0,0.0
XGBoost,time,3,fixed,C_b01_r05,5,0.01,0.05,25.0,0.0,1.0,0.0,25.0,0.0
XGBoost,time,3,fixed,C_b01_r05,5,0.01,0.1,50.0,0.0,1.0,0.0,50.0,0.0
XGBoost,time,3,fixed,C_b01_r05,5,0.01,0.15,75.0,0.0,1.0,0.0,75.0,0.0
XGBoost,time,3,fixed,C_b01_r10,10,0.01,0.02,20.0,0.0,1.0,0.0,20.0,0.0
XGBoost,time,3,fixed,C_b01_r10,10,0.01,0.05,50.0,0.0,1.0,0.0,50.0,0.0
XGBoost,time,3,fixed,C_b01_r10,10,0.01,0.1,100.0,0.0,1.0,0.0,100.0,0.0
XGBoost,time,3,fixed,C_b01_r10,10,0.01,0.15,150.0,0.0,1.0,0.0,150.0,0.0
XGBoost,time,3,fixed,C_b01_r20,20,0.01,0.02,40.0,0.0,1.0,0.0,40.0,0.0
XGBoost,time,3,fixed,C_b01_r20,20,0.01,0.05,100.0,0.0,1.0,0.0,100.0,0.0
XGBoost,time,3,fixed,C_b01_r20,20,0.01,0.1,200.0,0.0,1.0,0.0,200.0,0.0
XGBoost,time,3,fixed,C_b01_r20,20,0.01,0.15,300.0,0.0,1.0,0.0,300.0,0.0
XGBoost,time,3,fixed,C_b01_r50,50,0.01,0.02,100.0,0.0,1.0,0.0,100.0,0.0
XGBoost,time,3,fixed,C_b01_r50,50,0.01,0.05,250.0,0.0,1.0,0.0,250.0,0.0
XGBoost,time,3,fixed,C_b01_r50,50,0.01,0.1,500.0,0.0,1.0,0.0,500.0,0.0
XGBoost,time,3,fixed,C_b01_r50,50,0.01,0.15,750.0,0.0,1.0,0.0,750.0,0.0
XGBoost,time,3,fixed,C_b05_r05,5,0.05,0.02,12.593038821954485,0.0325970548862115,0.9444444444444444,0.0321285140562249,10.0,2.593038821954485
XGBoost,time,3,fixed,C_b05_r05,5,0.05,0.05,26.663319946452475,0.0332998661311914,0.9444444444444444,0.0321285140562249,25.0,1.663319946452475
XGBoost,time,3,fixed,C_b05_r05,5,0.05,0.1,50.11378848728246,0.0344712182061579,0.9444444444444444,0.0321285140562249,50.0,0.11378848728246282
XGBoost,time,3,fixed,C_b05_r05,5,0.05,0.15,73.56425702811245,0.0356425702811245,0.9444444444444444,0.0321285140562249,75.0,-1.4357429718875494
XGBoost,time,3,fixed,C_b05_r10,10,0.05,0.02,22.03748326639893,0.0325970548862115,0.9444444444444444,0.0321285140562249,20.0,2.0374832663989295
XGBoost,time,3,fixed,C_b05_r10,10,0.05,0.05,50.27443105756358,0.0332998661311914,0.9444444444444444,0.0321285140562249,50.0,0.2744310575635822
XGBoost,time,3,fixed,C_b05_r10,10,0.05,0.1,97.33601070950468,0.0344712182061579,0.9444444444444444,0.0321285140562249,100.0,-2.663989290495323
XGBoost,time,3,fixed,C_b05_r10,10,0.05,0.15,144.39759036144576,0.0356425702811245,0.9444444444444444,0.0321285140562249,150.0,-5.602409638554235
XGBoost,time,3,fixed,C_b05_r20,20,0.05,0.02,40.926372155287815,0.0325970548862115,0.9444444444444444,0.0321285140562249,40.0,0.9263721552878152
XGBoost,time,3,fixed,C_b05_r20,20,0.05,0.05,97.4966532797858,0.0332998661311914,0.9444444444444444,0.0321285140562249,100.0,-2.5033467202141964
XGBoost,time,3,fixed,C_b05_r20,20,0.05,0.1,191.78045515394916,0.0344712182061579,0.9444444444444444,0.0321285140562249,200.0,-8.219544846050837
XGBoost,time,3,fixed,C_b05_r20,20,0.05,0.15,286.0642570281124,0.0356425702811245,0.9444444444444444,0.0321285140562249,300.0,-13.935742971887578
XGBoost,time,3,fixed,C_b05_r50,50,0.05,0.02,97.59303882195448,0.0325970548862115,0.9444444444444444,0.0321285140562249,100.0,-2.4069611780455205
XGBoost,time,3,fixed,C_b05_r50,50,0.05,0.05,239.1633199464525,0.0332998661311914,0.9444444444444444,0.0321285140562249,250.0,-10.836680053547497
XGBoost,time,3,fixed,C_b05_r50,50,0.05,0.1,475.1137884872825,0.0344712182061579,0.9444444444444444,0.0321285140562249,500.0,-24.886211512717523
XGBoost,time,3,fixed,C_b05_r50,50,0.05,0.15,711.0642570281124,0.0356425702811245,0.9444444444444444,0.0321285140562249,750.0,-38.935742971887635
XGBoost,time,3,fixed,C_b10_r05,5,0.1,0.02,12.593038821954485,0.0325970548862115,0.9444444444444444,0.0321285140562249,10.0,2.593038821954485
XGBoost,time,3,fixed,C_b10_r05,5,0.1,0.05,26.663319946452475,0.0332998661311914,0.9444444444444444,0.0321285140562249,25.0,1.663319946452475
XGBoost,time,3,fixed,C_b10_r05,5,0.1,0.1,50.11378848728246,0.0344712182061579,0.9444444444444444,0.0321285140562249,50.0,0.11378848728246282
XGBoost,time,3,fixed,C_b10_r05,5,0.1,0.15,73.56425702811245,0.0356425702811245,0.9444444444444444,0.0321285140562249,75.0,-1.4357429718875494
XGBoost,time,3,fixed,C_b10_r10,10,0.1,0.02,22.03748326639893,0.0325970548862115,0.9444444444444444,0.0321285140562249,20.0,2.0374832663989295
XGBoost,time,3,fixed,C_b10_r10,10,0.1,0.05,50.27443105756358,0.0332998661311914,0.9444444444444444,0.0321285140562249,50.0,0.2744310575635822
XGBoost,time,3,fixed,C_b10_r10,10,0.1,0.1,97.33601070950468,0.0344712182061579,0.9444444444444444,0.0321285140562249,100.0,-2.663989290495323
XGBoost,time,3,fixed,C_b10_r10,10,0.1,0.15,144.39759036144576,0.0356425702811245,0.9444444444444444,0.0321285140562249,150.0,-5.602409638554235
XGBoost,time,3,fixed,C_b10_r20,20,0.1,0.02,40.7536813922356,0.1008701472556893,0.7777777777777778,0.0983935742971887,40.0,0.7536813922355989
XGBoost,time,3,fixed,C_b10_r20,20,0.1,0.05,87.1251673360107,0.1045850066934403,0.7777777777777778,0.0983935742971887,100.0,-12.874832663989295
XGBoost,time,3,fixed,C_b10_r20,20,0.1,0.1,164.41097724230252,0.110776439089692,0.7777777777777778,0.0983935742971887,200.0,-35.58902275769748
XGBoost,time,3,fixed,C_b10_r20,20,0.1,0.15,241.6967871485944,0.1169678714859437,0.7777777777777778,0.0983935742971887,300.0,-58.30321285140559
XGBoost,time,3,fixed,C_b10_r50,50,0.1,0.02,87.42034805890228,0.1008701472556893,0.7777777777777778,0.0983935742971887,100.0,-12.579651941097723
XGBoost,time,3,fixed,C_b10_r50,50,0.1,0.05,203.79183400267735,0.1045850066934403,0.7777777777777778,0.0983935742971887,250.0,-46.20816599732265
XGBoost,time,3,fixed,C_b10_r50,50,0.1,0.1,397.7443105756359,0.110776439089692,0.7777777777777778,0.0983935742971887,500.0,-102.2556894243641
XGBoost,time,3,fixed,C_b10_r50,50,0.1,0.15,591.6967871485944,0.1169678714859437,0.7777777777777778,0.0983935742971887,750.0,-158.30321285140565
XGBoost,time,3,fixed,C_b20_r05,5,0.2,0.02,12.593038821954485,0.0325970548862115,0.9444444444444444,0.0321285140562249,10.0,2.593038821954485
XGBoost,time,3,fixed,C_b20_r05,5,0.2,0.05,26.663319946452475,0.0332998661311914,0.9444444444444444,0.0321285140562249,25.0,1.663319946452475
XGBoost,time,3,fixed,C_b20_r05,5,0.2,0.1,50.11378848728246,0.0344712182061579,0.9444444444444444,0.0321285140562249,50.0,0.11378848728246282
XGBoost,time,3,fixed,C_b20_r05,5,0.2,0.15,73.56425702811245,0.0356425702811245,0.9444444444444444,0.0321285140562249,75.0,-1.4357429718875494
XGBoost,time,3,fixed,C_b20_r10,10,0.2,0.02,22.03748326639893,0.0325970548862115,0.9444444444444444,0.0321285140562249,20.0,2.0374832663989295
XGBoost,time,3,fixed,C_b20_r10,10,0.2,0.05,50.27443105756358,0.0332998661311914,0.9444444444444444,0.0321285140562249,50.0,0.2744310575635822
XGBoost,time,3,fixed,C_b20_r10,10,0.2,0.1,97.33601070950468,0.0344712182061579,0.9444444444444444,0.0321285140562249,100.0,-2.663989290495323
XGBoost,time,3,fixed,C_b20_r10,10,0.2,0.15,144.39759036144576,0.0356425702811245,0.9444444444444444,0.0321285140562249,150.0,-5.602409638554235
XGBoost,time,3,fixed,C_b20_r20,20,0.2,0.02,40.7536813922356,0.1008701472556893,0.7777777777777778,0.0983935742971887,40.0,0.7536813922355989
XGBoost,time,3,fixed,C_b20_r20,20,0.2,0.05,87.1251673360107,0.1045850066934403,0.7777777777777778,0.0983935742971887,100.0,-12.874832663989295
XGBoost,time,3,fixed,C_b20_r20,20,0.2,0.1,164.41097724230252,0.110776439089692,0.7777777777777778,0.0983935742971887,200.0,-35.58902275769748
XGBoost,time,3,fixed,C_b20_r20,20,0.2,0.15,241.6967871485944,0.1169678714859437,0.7777777777777778,0.0983935742971887,300.0,-58.30321285140559
XGBoost,time,3,fixed,C_b20_r50,50,0.2,0.02,89.53949129852744,0.1787282463186077,0.7222222222222222,0.1767068273092369,100.0,-10.460508701472563
XGBoost,time,3,fixed,C_b20_r50,50,0.2,0.05,197.34270414993307,0.1817603748326639,0.7222222222222222,0.1767068273092369,250.0,-52.65729585006693
XGBoost,time,3,fixed,C_b20_r50,50,0.2,0.1,377.0147255689424,0.186813922356091,0.7222222222222222,0.1767068273092369,500.0,-122.98527443105758
XGBoost,time,3,fixed,C_b20_r50,50,0.2,0.15,556.6867469879519,0.191867469879518,0.7222222222222222,0.1767068273092369,750.0,-193.3132530120481
XGBoost,time,3,fixed,TopK_b01,5,0.01,0.02,10.98393574297188,0.0098393574297187,1.0,0.0100401606425702,10.0,0.9839357429718802
XGBoost,time,3,fixed,TopK_b01,5,0.01,0.05,25.953815261044166,0.0095381526104416,1.0,0.0100401606425702,25.0,0.9538152610441664
XGBoost,time,3,fixed,TopK_b01,5,0.01,0.1,50.90361445783132,0.0090361445783131,1.0,0.0100401606425702,50.0,0.903614457831317
XGBoost,time,3,fixed,TopK_b01,5,0.01,0.15,75.85341365461846,0.0085341365461846,1.0,0.0100401606425702,75.0,0.8534136546184641
XGBoost,time,3,fixed,TopK_b01,10,0.01,0.02,20.98393574297188,0.0098393574297187,1.0,0.0100401606425702,20.0,0.9839357429718802
XGBoost,time,3,fixed,TopK_b01,10,0.01,0.05,50.95381526104417,0.0095381526104416,1.0,0.0100401606425702,50.0,0.9538152610441699
XGBoost,time,3,fixed,TopK_b01,10,0.01,0.1,100.90361445783132,0.0090361445783131,1.0,0.0100401606425702,100.0,0.9036144578313241
XGBoost,time,3,fixed,TopK_b01,10,0.01,0.15,150.85341365461846,0.0085341365461846,1.0,0.0100401606425702,150.0,0.8534136546184641
XGBoost,time,3,fixed,TopK_b01,20,0.01,0.02,40.98393574297188,0.0098393574297187,1.0,0.0100401606425702,40.0,0.9839357429718802
XGBoost,time,3,fixed,TopK_b01,20,0.01,0.05,100.95381526104416,0.0095381526104416,1.0,0.0100401606425702,100.0,0.9538152610441557
XGBoost,time,3,fixed,TopK_b01,20,0.01,0.1,200.9036144578313,0.0090361445783131,1.0,0.0100401606425702,200.0,0.9036144578313099
XGBoost,time,3,fixed,TopK_b01,20,0.01,0.15,300.85341365461846,0.0085341365461846,1.0,0.0100401606425702,300.0,0.8534136546184641
XGBoost,time,3,fixed,TopK_b01,50,0.01,0.02,100.98393574297188,0.0098393574297187,1.0,0.0100401606425702,100.0,0.9839357429718802
XGBoost,time,3,fixed,TopK_b01,50,0.01,0.05,250.95381526104416,0.0095381526104416,1.0,0.0100401606425702,250.0,0.9538152610441557
XGBoost,time,3,fixed,TopK_b01,50,0.01,0.1,500.9036144578313,0.0090361445783131,1.0,0.0100401606425702,500.0,0.9036144578312815
XGBoost,time,3,fixed,TopK_b01,50,0.01,0.15,750.8534136546185,0.0085341365461846,1.0,0.0100401606425702,750.0,0.8534136546185209
XGBoost,time,3,fixed,TopK_b05,5,0.05,0.02,14.1673360107095,0.0483400267737616,0.9444444444444444,0.0481927710843373,10.0,4.1673360107095
XGBoost,time,3,fixed,TopK_b05,5,0.05,0.05,28.189424364123155,0.0485609103078982,0.9444444444444444,0.0481927710843373,25.0,3.1894243641231554
XGBoost,time,3,fixed,TopK_b05,5,0.05,0.1,51.55957161981258,0.0489290495314591,0.9444444444444444,0.0481927710843373,50.0,1.55957161981258
XGBoost,time,3,fixed,TopK_b05,5,0.05,0.15,74.92971887550199,0.04929718875502,0.9444444444444444,0.0481927710843373,75.0,-0.07028112449800972
XGBoost,time,3,fixed,TopK_b05,10,0.05,0.02,23.611780455153944,0.0483400267737616,0.9444444444444444,0.0481927710843373,20.0,3.6117804551539443
XGBoost,time,3,fixed,TopK_b05,10,0.05,0.05,51.80053547523427,0.0485609103078982,0.9444444444444444,0.0481927710843373,50.0,1.8005354752342697
XGBoost,time,3,fixed,TopK_b05,10,0.05,0.1,98.7817938420348,0.0489290495314591,0.9444444444444444,0.0481927710843373,100.0,-1.2182061579651986
XGBoost,time,3,fixed,TopK_b05,10,0.05,0.15,145.76305220883532,0.04929718875502,0.9444444444444444,0.0481927710843373,150.0,-4.236947791164681
XGBoost,time,3,fixed,TopK_b05,20,0.05,0.02,42.50066934404283,0.0483400267737616,0.9444444444444444,0.0481927710843373,40.0,2.5006693440428265
XGBoost,time,3,fixed,TopK_b05,20,0.05,0.05,99.02275769745648,0.0485609103078982,0.9444444444444444,0.0481927710843373,100.0,-0.977242302543516
XGBoost,time,3,fixed,TopK_b05,20,0.05,0.1,193.2262382864793,0.0489290495314591,0.9444444444444444,0.0481927710843373,200.0,-6.773761713520713
XGBoost,time,3,fixed,TopK_b05,20,0.05,0.15,287.429718875502,0.04929718875502,0.9444444444444444,0.0481927710843373,300.0,-12.570281124498024
XGBoost,time,3,fixed,TopK_b05,50,0.05,0.02,99.16733601070948,0.0483400267737616,0.9444444444444444,0.0481927710843373,100.0,-0.8326639892905234
XGBoost,time,3,fixed,TopK_b05,50,0.05,0.05,240.68942436412317,0.0485609103078982,0.9444444444444444,0.0481927710843373,250.0,-9.31057563587683
XGBoost,time,3,fixed,TopK_b05,50,0.05,0.1,476.5595716198126,0.0489290495314591,0.9444444444444444,0.0481927710843373,500.0,-23.440428380187427
XGBoost,time,3,fixed,TopK_b05,50,0.05,0.15,712.429718875502,0.04929718875502,0.9444444444444444,0.0481927710843373,750.0,-37.570281124498024
XGBoost,time,3,fixed,TopK_b10,5,0.1,0.02,17.026773761713514,0.0969344042838018,0.7777777777777778,0.0943775100401606,10.0,7.026773761713514
XGBoost,time,3,fixed,TopK_b10,5,0.1,0.05,28.410307898259703,0.1007697456492636,0.7777777777777778,0.0943775100401606,25.0,3.4103078982597026
XGBoost,time,3,fixed,TopK_b10,5,0.1,0.1,47.38286479250334,0.1071619812583667,0.7777777777777778,0.0943775100401606,50.0,-2.617135207496659
XGBoost,time,3,fixed,TopK_b10,5,0.1,0.15,66.35542168674698,0.1135542168674698,0.7777777777777778,0.0943775100401606,75.0,-8.644578313253021
XGBoost,time,3,fixed,TopK_b10,10,0.1,0.02,24.804551539491293,0.0969344042838018,0.7777777777777778,0.0943775100401606,20.0,4.8045515394912925
XGBoost,time,3,fixed,TopK_b10,10,0.1,0.05,47.85475234270415,0.1007697456492636,0.7777777777777778,0.0943775100401606,50.0,-2.1452476572958474
XGBoost,time,3,fixed,TopK_b10,10,0.1,0.1,86.27175368139224,0.1071619812583667,0.7777777777777778,0.0943775100401606,100.0,-13.72824631860776
XGBoost,time,3,fixed,TopK_b10,10,0.1,0.15,124.68875502008032,0.1135542168674698,0.7777777777777778,0.0943775100401606,150.0,-25.311244979919678
XGBoost,time,3,fixed,TopK_b10,20,0.1,0.02,40.36010709504685,0.0969344042838018,0.7777777777777778,0.0943775100401606,40.0,0.3601070950468497
XGBoost,time,3,fixed,TopK_b10,20,0.1,0.05,86.74364123159305,0.1007697456492636,0.7777777777777778,0.0943775100401606,100.0,-13.256358768406955
XGBoost,time,3,fixed,TopK_b10,20,0.1,0.1,164.04953145917,0.1071619812583667,0.7777777777777778,0.0943775100401606,200.0,-35.95046854083
XGBoost,time,3,fixed,TopK_b10,20,0.1,0.15,241.355421686747,0.1135542168674698,0.7777777777777778,0.0943775100401606,300.0,-58.64457831325299
XGBoost,time,3,fixed,TopK_b10,50,0.1,0.02,87.02677376171351,0.0969344042838018,0.7777777777777778,0.0943775100401606,100.0,-12.973226238286486
XGBoost,time,3,fixed,TopK_b10,50,0.1,0.05,203.4103078982597,0.1007697456492636,0.7777777777777778,0.0943775100401606,250.0,-46.5896921017403
XGBoost,time,3,fixed,TopK_b10,50,0.1,0.1,397.3828647925033,0.1071619812583667,0.7777777777777778,0.0943775100401606,500.0,-102.61713520749669
XGBoost,time,3,fixed,TopK_b10,50,0.1,0.15,591.3554216867469,0.1135542168674698,0.7777777777777778,0.0943775100401606,750.0,-158.64457831325308
XGBoost,time,3,fixed,TopK_b20,5,0.2,0.02,25.00267737617136,0.1966934404283802,0.6111111111111112,0.1927710843373494,10.0,15.00267737617136
XGBoost,time,3,fixed,TopK_b20,5,0.2,0.05,33.59103078982597,0.2025769745649263,0.6111111111111112,0.1927710843373494,25.0,8.591030789825972
XGBoost,time,3,fixed,TopK_b20,5,0.2,0.1,47.904953145917005,0.2123828647925033,0.6111111111111112,0.1927710843373494,50.0,-2.0950468540829945
XGBoost,time,3,fixed,TopK_b20,5,0.2,0.15,62.21887550200804,0.2221887550200803,0.6111111111111112,0.1927710843373494,75.0,-12.78112449799196
XGBoost,time,3,fixed,TopK_b20,10,0.2,0.02,31.113788487282463,0.1966934404283802,0.6111111111111112,0.1927710843373494,20.0,11.113788487282463
XGBoost,time,3,fixed,TopK_b20,10,0.2,0.05,48.86880856760375,0.2025769745649263,0.6111111111111112,0.1927710843373494,50.0,-1.1311914323962498
XGBoost,time,3,fixed,TopK_b20,10,0.2,0.1,78.46050870147256,0.2123828647925033,0.6111111111111112,0.1927710843373494,100.0,-21.539491298527437
XGBoost,time,3,fixed,TopK_b20,10,0.2,0.15,108.05220883534136,0.2221887550200803,0.6111111111111112,0.1927710843373494,150.0,-41.94779116465864
XGBoost,time,3,fixed,TopK_b20,20,0.2,0.02,43.33601070950469,0.1966934404283802,0.6111111111111112,0.1927710843373494,40.0,3.3360107095046914
XGBoost,time,3,fixed,TopK_b20,20,0.2,0.05,79.42436412315931,0.2025769745649263,0.6111111111111112,0.1927710843373494,100.0,-20.575635876840693
XGBoost,time,3,fixed,TopK_b20,20,0.2,0.1,139.5716198125837,0.2123828647925033,0.6111111111111112,0.1927710843373494,200.0,-60.42838018741631
XGBoost,time,3,fixed,TopK_b20,20,0.2,0.15,199.71887550200805,0.2221887550200803,0.6111111111111112,0.1927710843373494,300.0,-100.28112449799195
XGBoost,time,3,fixed,TopK_b20,50,0.2,0.02,80.00267737617136,0.1966934404283802,0.6111111111111112,0.1927710843373494,100.0,-19.997322623828637
XGBoost,time,3,fixed,TopK_b20,50,0.2,0.05,171.091030789826,0.2025769745649263,0.6111111111111112,0.1927710843373494,250.0,-78.908969210174
XGBoost,time,3,fixed,TopK_b20,50,0.2,0.1,322.90495314591703,0.2123828647925033,0.6111111111111112,0.1927710843373494,500.0,-177.09504685408297
XGBoost,time,3,fixed,TopK_b20,50,0.2,0.15,474.7188755020081,0.2221887550200803,0.6111111111111112,0.1927710843373494,750.0,-275.2811244979919
XGBoost,time,3,refitted,none,5,,0.02,10.0,0.0,1.0,0.0,10.0,0.0
XGBoost,time,3,refitted,none,5,,0.05,25.0,0.0,1.0,0.0,25.0,0.0
XGBoost,time,3,refitted,none,5,,0.1,50.0,0.0,1.0,0.0,50.0,0.0
XGBoost,time,3,refitted,none,5,,0.15,75.0,0.0,1.0,0.0,75.0,0.0
XGBoost,time,3,refitted,none,10,,0.02,20.0,0.0,1.0,0.0,20.0,0.0
XGBoost,time,3,refitted,none,10,,0.05,50.0,0.0,1.0,0.0,50.0,0.0
XGBoost,time,3,refitted,none,10,,0.1,100.0,0.0,1.0,0.0,100.0,0.0
XGBoost,time,3,refitted,none,10,,0.15,150.0,0.0,1.0,0.0,150.0,0.0
XGBoost,time,3,refitted,none,20,,0.02,40.0,0.0,1.0,0.0,40.0,0.0
XGBoost,time,3,refitted,none,20,,0.05,100.0,0.0,1.0,0.0,100.0,0.0
XGBoost,time,3,refitted,none,20,,0.1,200.0,0.0,1.0,0.0,200.0,0.0
XGBoost,time,3,refitted,none,20,,0.15,300.0,0.0,1.0,0.0,300.0,0.0
XGBoost,time,3,refitted,none,50,,0.02,100.0,0.0,1.0,0.0,100.0,0.0
XGBoost,time,3,refitted,none,50,,0.05,250.0,0.0,1.0,0.0,250.0,0.0
XGBoost,time,3,refitted,none,50,,0.1,500.0,0.0,1.0,0.0,500.0,0.0
XGBoost,time,3,refitted,none,50,,0.15,750.0,0.0,1.0,0.0,750.0,0.0
XGBoost,time,3,refitted,A_b01,5,0.01,0.02,11.180722891566262,0.0118072289156626,1.0,0.0120481927710843,10.0,1.180722891566262
XGBoost,time,3,refitted,A_b01,5,0.01,0.05,26.144578313253007,0.01144578313253,1.0,0.0120481927710843,25.0,1.1445783132530067
XGBoost,time,3,refitted,A_b01,5,0.01,0.1,51.08433734939759,0.0108433734939758,1.0,0.0120481927710843,50.0,1.0843373493975932
XGBoost,time,3,refitted,A_b01,5,0.01,0.15,76.02409638554217,0.0102409638554216,1.0,0.0120481927710843,75.0,1.0240963855421654
XGBoost,time,3,refitted,A_b01,10,0.01,0.02,21.180722891566266,0.0118072289156626,1.0,0.0120481927710843,20.0,1.1807228915662655
XGBoost,time,3,refitted,A_b01,10,0.01,0.05,51.14457831325301,0.01144578313253,1.0,0.0120481927710843,50.0,1.1445783132530067
XGBoost,time,3,refitted,A_b01,10,0.01,0.1,101.0843373493976,0.0108433734939758,1.0,0.0120481927710843,100.0,1.0843373493976003
XGBoost,time,3,refitted,A_b01,10,0.01,0.15,151.02409638554218,0.0102409638554216,1.0,0.0120481927710843,150.0,1.0240963855421796
XGBoost,time,3,refitted,A_b01,20,0.01,0.02,41.18072289156626,0.0118072289156626,1.0,0.0120481927710843,40.0,1.180722891566262
XGBoost,time,3,refitted,A_b01,20,0.01,0.05,101.144578313253,0.01144578313253,1.0,0.0120481927710843,100.0,1.1445783132530067
XGBoost,time,3,refitted,A_b01,20,0.01,0.1,201.0843373493976,0.0108433734939758,1.0,0.0120481927710843,200.0,1.0843373493976003
XGBoost,time,3,refitted,A_b01,20,0.01,0.15,301.0240963855422,0.0102409638554216,1.0,0.0120481927710843,300.0,1.0240963855421796
XGBoost,time,3,refitted,A_b01,50,0.01,0.02,101.18072289156626,0.0118072289156626,1.0,0.0120481927710843,100.0,1.180722891566262
XGBoost,time,3,refitted,A_b01,50,0.01,0.05,251.14457831325305,0.01144578313253,1.0,0.0120481927710843,250.0,1.1445783132530494
XGBoost,time,3,refitted,A_b01,50,0.01,0.1,501.0843373493976,0.0108433734939758,1.0,0.0120481927710843,500.0,1.0843373493975719
XGBoost,time,3,refitted,A_b01,50,0.01,0.15,751.0240963855422,0.0102409638554216,1.0,0.0120481927710843,750.0,1.0240963855421796
XGBoost,time,3,refitted,A_b05,5,0.05,0.02,14.236947791164653,0.0623694779116465,0.8333333333333334,0.0602409638554216,10.0,4.236947791164653
XGBoost,time,3,refitted,A_b05,5,0.05,0.05,26.556224899598384,0.0655622489959838,0.8333333333333334,0.0602409638554216,25.0,1.5562248995983836
XGBoost,time,3,refitted,A_b05,5,0.05,0.1,47.088353413654616,0.0708835341365461,0.8333333333333334,0.0602409638554216,50.0,-2.911646586345384
XGBoost,time,3,refitted,A_b05,5,0.05,0.15,67.62048192771084,0.0762048192771083,0.8333333333333334,0.0602409638554216,75.0,-7.379518072289159
XGBoost,time,3,refitted,A_b05,10,0.05,0.02,22.570281124497985,0.0623694779116465,0.8333333333333334,0.0602409638554216,20.0,2.570281124497985
XGBoost,time,3,refitted,A_b05,10,0.05,0.05,47.38955823293172,0.0655622489959838,0.8333333333333334,0.0602409638554216,50.0,-2.6104417670682807
XGBoost,time,3,refitted,A_b05,10,0.05,0.1,88.75502008032127,0.0708835341365461,0.8333333333333334,0.0602409638554216,100.0,-11.244979919678727
XGBoost,time,3,refitted,A_b05,10,0.05,0.15,130.12048192771084,0.0762048192771083,0.8333333333333334,0.0602409638554216,150.0,-19.87951807228916
XGBoost,time,3,refitted,A_b05,20,0.05,0.02,39.23694779116465,0.0623694779116465,0.8333333333333334,0.0602409638554216,40.0,-0.7630522088353473
XGBoost,time,3,refitted,A_b05,20,0.05,0.05,89.05622489959839,0.0655622489959838,0.8333333333333334,0.0602409638554216,100.0,-10.94377510040161
XGBoost,time,3,refitted,A_b05,20,0.05,0.1,172.08835341365463,0.0708835341365461,0.8333333333333334,0.0602409638554216,200.0,-27.91164658634537
XGBoost,time,3,refitted,A_b05,20,0.05,0.15,255.1204819277108,0.0762048192771083,0.8333333333333334,0.0602409638554216,300.0,-44.87951807228919
XGBoost,time,3,refitted,A_b05,50,0.05,0.02,89.23694779116465,0.0623694779116465,0.8333333333333334,0.0602409638554216,100.0,-10.763052208835347
XGBoost,time,3,refitted,A_b05,50,0.05,0.05,214.0562248995984,0.0655622489959838,0.8333333333333334,0.0602409638554216,250.0,-35.94377510040161
XGBoost,time,3,refitted,A_b05,50,0.05,0.1,422.0883534136546,0.0708835341365461,0.8333333333333334,0.0602409638554216,500.0,-77.9116465863454
XGBoost,time,3,refitted,A_b05,50,0.05,0.15,630.1204819277109,0.0762048192771083,0.8333333333333334,0.0602409638554216,750.0,-119.8795180722891
XGBoost,time,3,refitted,A_b10,5,0.1,0.02,16.436412315930383,0.0910307898259704,0.7777777777777778,0.0883534136546184,10.0,6.436412315930383
XGBoost,time,3,refitted,A_b10,5,0.1,0.05,27.838018741633192,0.0950468540829986,0.7777777777777778,0.0883534136546184,25.0,2.838018741633192
XGBoost,time,3,refitted,A_b10,5,0.1,0.1,46.84069611780455,0.1017402945113788,0.7777777777777778,0.0883534136546184,50.0,-3.159303882195452
XGBoost,time,3,refitted,A_b10,5,0.1,0.15,65.8433734939759,0.1084337349397589,0.7777777777777778,0.0883534136546184,75.0,-9.156626506024097
XGBoost,time,3,refitted,A_b10,10,0.1,0.02,24.21419009370816,0.0910307898259704,0.7777777777777778,0.0883534136546184,20.0,4.2141900937081616
XGBoost,time,3,refitted,A_b10,10,0.1,0.05,47.28246318607764,0.0950468540829986,0.7777777777777778,0.0883534136546184,50.0,-2.717536813922358
XGBoost,time,3,refitted,A_b10,10,0.1,0.1,85.72958500669343,0.1017402945113788,0.7777777777777778,0.0883534136546184,100.0,-14.270414993306574
XGBoost,time,3,refitted,A_b10,10,0.1,0.15,124.17670682730925,0.1084337349397589,0.7777777777777778,0.0883534136546184,150.0,-25.823293172690754
XGBoost,time,3,refitted,A_b10,20,0.1,0.02,39.76974564926372,0.0910307898259704,0.7777777777777778,0.0883534136546184,40.0,-0.2302543507362813
XGBoost,time,3,refitted,A_b10,20,0.1,0.05,86.17135207496652,0.0950468540829986,0.7777777777777778,0.0883534136546184,100.0,-13.82864792503348
XGBoost,time,3,refitted,A_b10,20,0.1,0.1,163.5073627844712,0.1017402945113788,0.7777777777777778,0.0883534136546184,200.0,-36.49263721552879
XGBoost,time,3,refitted,A_b10,20,0.1,0.15,240.84337349397595,0.1084337349397589,0.7777777777777778,0.0883534136546184,300.0,-59.156626506024054
XGBoost,time,3,refitted,A_b10,50,0.1,0.02,86.43641231593038,0.0910307898259704,0.7777777777777778,0.0883534136546184,100.0,-13.563587684069617
XGBoost,time,3,refitted,A_b10,50,0.1,0.05,202.8380187416332,0.0950468540829986,0.7777777777777778,0.0883534136546184,250.0,-47.16198125836681
XGBoost,time,3,refitted,A_b10,50,0.1,0.1,396.84069611780455,0.1017402945113788,0.7777777777777778,0.0883534136546184,500.0,-103.15930388219545
XGBoost,time,3,refitted,A_b10,50,0.1,0.15,590.8433734939758,0.1084337349397589,0.7777777777777778,0.0883534136546184,750.0,-159.15662650602417
XGBoost,time,3,refitted,A_b20,5,0.2,0.02,30.744310575635875,0.260776439089692,0.5555555555555556,0.2570281124497992,10.0,20.744310575635875
XGBoost,time,3,refitted,A_b20,5,0.2,0.05,38.306559571619815,0.2663989290495314,0.5555555555555556,0.2570281124497992,25.0,13.306559571619815
XGBoost,time,3,refitted,A_b20,5,0.2,0.1,50.9103078982597,0.2757697456492637,0.5555555555555556,0.2570281124497992,50.0,0.9103078982597026
XGBoost,time,3,refitted,A_b20,5,0.2,0.15,63.5140562248996,0.285140562248996,0.5555555555555556,0.2570281124497992,75.0,-11.485943775100402
XGBoost,time,3,refitted,A_b20,10,0.2,0.02,36.29986613119143,0.260776439089692,0.5555555555555556,0.2570281124497992,20.0,16.29986613119143
XGBoost,time,3,refitted,A_b20,10,0.2,0.05,52.1954484605087,0.2663989290495314,0.5555555555555556,0.2570281124497992,50.0,2.1954484605087004
XGBoost,time,3,refitted,A_b20,10,0.2,0.1,78.68808567603749,0.2757697456492637,0.5555555555555556,0.2570281124497992,100.0,-21.31191432396251
XGBoost,time,3,refitted,A_b20,10,0.2,0.15,105.18072289156626,0.285140562248996,0.5555555555555556,0.2570281124497992,150.0,-44.81927710843374
XGBoost,time,3,refitted,A_b20,20,0.2,0.02,47.41097724230254,0.260776439089692,0.5555555555555556,0.2570281124497992,40.0,7.410977242302543
XGBoost,time,3,refitted,A_b20,20,0.2,0.05,79.97322623828647,0.2663989290495314,0.5555555555555556,0.2570281124497992,100.0,-20.026773761713528
XGBoost,time,3,refitted,A_b20,20,0.2,0.1,134.24364123159305,0.2757697456492637,0.5555555555555556,0.2570281124497992,200.0,-65.75635876840695
XGBoost,time,3,refitted,A_b20,20,0.2,0.15,188.5140562248996,0.285140562248996,0.5555555555555556,0.2570281124497992,300.0,-111.4859437751004
XGBoost,time,3,refitted,A_b20,50,0.2,0.02,80.74431057563586,0.260776439089692,0.5555555555555556,0.2570281124497992,100.0,-19.255689424364135
XGBoost,time,3,refitted,A_b20,50,0.2,0.05,163.3065595716198,0.2663989290495314,0.5555555555555556,0.2570281124497992,250.0,-86.6934404283802
XGBoost,time,3,refitted,A_b20,50,0.2,0.1,300.9103078982597,0.2757697456492637,0.5555555555555556,0.2570281124497992,500.0,-199.0896921017403
XGBoost,time,3,refitted,A_b20,50,0.2,0.15,438.51405622489966,0.285140562248996,0.5555555555555556,0.2570281124497992,750.0,-311.48594377510034
XGBoost,time,3,refitted,B_r05,5,,0.02,12.986613119143236,0.036532797858099,0.9444444444444444,0.036144578313253,10.0,2.986613119143236
XGBoost,time,3,refitted,B_r05,5,,0.05,27.04484605087015,0.0371151271753681,0.9444444444444444,0.036144578313253,25.0,2.0448460508701487
XGBoost,time,3,refitted,B_r05,5,,0.1,50.475234270414994,0.0380856760374832,0.9444444444444444,0.036144578313253,50.0,0.4752342704149939
XGBoost,time,3,refitted,B_r05,5,,0.15,73.90562248995984,0.0390562248995983,0.9444444444444444,0.036144578313253,75.0,-1.094377510040161
XGBoost,time,3,refitted,B_r10,10,,0.02,22.43105756358768,0.036532797858099,0.9444444444444444,0.036144578313253,20.0,2.4310575635876788
XGBoost,time,3,refitted,B_r10,10,,0.05,50.655957161981256,0.0371151271753681,0.9444444444444444,0.036144578313253,50.0,0.6559571619812559
XGBoost,time,3,refitted,B_r10,10,,0.1,97.69745649263722,0.0380856760374832,0.9444444444444444,0.036144578313253,100.0,-2.3025435073627847
XGBoost,time,3,refitted,B_r10,10,,0.15,144.73895582329314,0.0390562248995983,0.9444444444444444,0.036144578313253,150.0,-5.261044176706861
XGBoost,time,3,refitted,B_r20,20,,0.02,79.67469879518072,0.7467469879518073,0.1666666666666666,0.7449799196787149,40.0,39.67469879518072
XGBoost,time,3,refitted,B_r20,20,,0.05,87.43975903614457,0.7493975903614457,0.1666666666666666,0.7449799196787149,100.0,-12.560240963855435
XGBoost,time,3,refitted,B_r20,20,,0.1,100.38152610441766,0.7538152610441768,0.1666666666666666,0.7449799196787149,200.0,-99.61847389558234
XGBoost,time,3,refitted,B_r20,20,,0.15,113.32329317269074,0.7582329317269076,0.1666666666666666,0.7449799196787149,300.0,-186.67670682730926
XGBoost,time,3,refitted,B_r50,50,,0.02,93.95850066934403,0.8462516733601071,0.1111111111111111,0.8453815261044176,100.0,-6.041499330655967
XGBoost,time,3,refitted,B_r50,50,,0.05,108.08902275769744,0.8475568942436411,0.1111111111111111,0.8453815261044176,250.0,-141.91097724230258
XGBoost,time,3,refitted,B_r50,50,,0.1,131.63989290495314,0.8497322623828648,0.1111111111111111,0.8453815261044176,500.0,-368.3601070950468
XGBoost,time,3,refitted,B_r50,50,,0.15,155.19076305220884,0.8519076305220883,0.1111111111111111,0.8453815261044176,750.0,-594.8092369477912
XGBoost,time,3,refitted,C_b01_r05,5,0.01,0.02,10.0,0.0,1.0,0.0,10.0,0.0
XGBoost,time,3,refitted,C_b01_r05,5,0.01,0.05,25.0,0.0,1.0,0.0,25.0,0.0
XGBoost,time,3,refitted,C_b01_r05,5,0.01,0.1,50.0,0.0,1.0,0.0,50.0,0.0
XGBoost,time,3,refitted,C_b01_r05,5,0.01,0.15,75.0,0.0,1.0,0.0,75.0,0.0
XGBoost,time,3,refitted,C_b01_r10,10,0.01,0.02,20.0,0.0,1.0,0.0,20.0,0.0
XGBoost,time,3,refitted,C_b01_r10,10,0.01,0.05,50.0,0.0,1.0,0.0,50.0,0.0
XGBoost,time,3,refitted,C_b01_r10,10,0.01,0.1,100.0,0.0,1.0,0.0,100.0,0.0
XGBoost,time,3,refitted,C_b01_r10,10,0.01,0.15,150.0,0.0,1.0,0.0,150.0,0.0
XGBoost,time,3,refitted,C_b01_r20,20,0.01,0.02,40.0,0.0,1.0,0.0,40.0,0.0
XGBoost,time,3,refitted,C_b01_r20,20,0.01,0.05,100.0,0.0,1.0,0.0,100.0,0.0
XGBoost,time,3,refitted,C_b01_r20,20,0.01,0.1,200.0,0.0,1.0,0.0,200.0,0.0
XGBoost,time,3,refitted,C_b01_r20,20,0.01,0.15,300.0,0.0,1.0,0.0,300.0,0.0
XGBoost,time,3,refitted,C_b01_r50,50,0.01,0.02,100.0,0.0,1.0,0.0,100.0,0.0
XGBoost,time,3,refitted,C_b01_r50,50,0.01,0.05,250.0,0.0,1.0,0.0,250.0,0.0
XGBoost,time,3,refitted,C_b01_r50,50,0.01,0.1,500.0,0.0,1.0,0.0,500.0,0.0
XGBoost,time,3,refitted,C_b01_r50,50,0.01,0.15,750.0,0.0,1.0,0.0,750.0,0.0
XGBoost,time,3,refitted,C_b05_r05,5,0.05,0.02,12.986613119143236,0.036532797858099,0.9444444444444444,0.036144578313253,10.0,2.986613119143236
XGBoost,time,3,refitted,C_b05_r05,5,0.05,0.05,27.04484605087015,0.0371151271753681,0.9444444444444444,0.036144578313253,25.0,2.0448460508701487
XGBoost,time,3,refitted,C_b05_r05,5,0.05,0.1,50.475234270414994,0.0380856760374832,0.9444444444444444,0.036144578313253,50.0,0.4752342704149939
XGBoost,time,3,refitted,C_b05_r05,5,0.05,0.15,73.90562248995984,0.0390562248995983,0.9444444444444444,0.036144578313253,75.0,-1.094377510040161
XGBoost,time,3,refitted,C_b05_r10,10,0.05,0.02,22.43105756358768,0.036532797858099,0.9444444444444444,0.036144578313253,20.0,2.4310575635876788
XGBoost,time,3,refitted,C_b05_r10,10,0.05,0.05,50.655957161981256,0.0371151271753681,0.9444444444444444,0.036144578313253,50.0,0.6559571619812559
XGBoost,time,3,refitted,C_b05_r10,10,0.05,0.1,97.69745649263722,0.0380856760374832,0.9444444444444444,0.036144578313253,100.0,-2.3025435073627847
XGBoost,time,3,refitted,C_b05_r10,10,0.05,0.15,144.73895582329314,0.0390562248995983,0.9444444444444444,0.036144578313253,150.0,-5.261044176706861
XGBoost,time,3,refitted,C_b05_r20,20,0.05,0.02,41.31994645247657,0.036532797858099,0.9444444444444444,0.036144578313253,40.0,1.3199464524765716
XGBoost,time,3,refitted,C_b05_r20,20,0.05,0.05,97.87817938420348,0.0371151271753681,0.9444444444444444,0.036144578313253,100.0,-2.1218206157965227
XGBoost,time,3,refitted,C_b05_r20,20,0.05,0.1,192.1419009370817,0.0380856760374832,0.9444444444444444,0.036144578313253,200.0,-7.858099062918313
XGBoost,time,3,refitted,C_b05_r20,20,0.05,0.15,286.4056224899598,0.0390562248995983,0.9444444444444444,0.036144578313253,300.0,-13.594377510040204
XGBoost,time,3,refitted,C_b05_r50,50,0.05,0.02,97.98661311914324,0.036532797858099,0.9444444444444444,0.036144578313253,100.0,-2.013386880856757
XGBoost,time,3,refitted,C_b05_r50,50,0.05,0.05,239.54484605087012,0.0371151271753681,0.9444444444444444,0.036144578313253,250.0,-10.45515394912988
XGBoost,time,3,refitted,C_b05_r50,50,0.05,0.1,475.475234270415,0.0380856760374832,0.9444444444444444,0.036144578313253,500.0,-24.524765729585
XGBoost,time,3,refitted,C_b05_r50,50,0.05,0.15,711.4056224899598,0.0390562248995983,0.9444444444444444,0.036144578313253,750.0,-38.594377510040204
XGBoost,time,3,refitted,C_b10_r05,5,0.1,0.02,12.986613119143236,0.036532797858099,0.9444444444444444,0.036144578313253,10.0,2.986613119143236
XGBoost,time,3,refitted,C_b10_r05,5,0.1,0.05,27.04484605087015,0.0371151271753681,0.9444444444444444,0.036144578313253,25.0,2.0448460508701487
XGBoost,time,3,refitted,C_b10_r05,5,0.1,0.1,50.475234270414994,0.0380856760374832,0.9444444444444444,0.036144578313253,50.0,0.4752342704149939
XGBoost,time,3,refitted,C_b10_r05,5,0.1,0.15,73.90562248995984,0.0390562248995983,0.9444444444444444,0.036144578313253,75.0,-1.094377510040161
XGBoost,time,3,refitted,C_b10_r10,10,0.1,0.02,22.43105756358768,0.036532797858099,0.9444444444444444,0.036144578313253,20.0,2.4310575635876788
XGBoost,time,3,refitted,C_b10_r10,10,0.1,0.05,50.655957161981256,0.0371151271753681,0.9444444444444444,0.036144578313253,50.0,0.6559571619812559
XGBoost,time,3,refitted,C_b10_r10,10,0.1,0.1,97.69745649263722,0.0380856760374832,0.9444444444444444,0.036144578313253,100.0,-2.3025435073627847
XGBoost,time,3,refitted,C_b10_r10,10,0.1,0.15,144.73895582329314,0.0390562248995983,0.9444444444444444,0.036144578313253,150.0,-5.261044176706861
XGBoost,time,3,refitted,C_b10_r20,20,0.1,0.02,39.76974564926372,0.0910307898259704,0.7777777777777778,0.0883534136546184,40.0,-0.2302543507362813
XGBoost,time,3,refitted,C_b10_r20,20,0.1,0.05,86.17135207496652,0.0950468540829986,0.7777777777777778,0.0883534136546184,100.0,-13.82864792503348
XGBoost,time,3,refitted,C_b10_r20,20,0.1,0.1,163.5073627844712,0.1017402945113788,0.7777777777777778,0.0883534136546184,200.0,-36.49263721552879
XGBoost,time,3,refitted,C_b10_r20,20,0.1,0.15,240.84337349397595,0.1084337349397589,0.7777777777777778,0.0883534136546184,300.0,-59.156626506024054
XGBoost,time,3,refitted,C_b10_r50,50,0.1,0.02,86.43641231593038,0.0910307898259704,0.7777777777777778,0.0883534136546184,100.0,-13.563587684069617
XGBoost,time,3,refitted,C_b10_r50,50,0.1,0.05,202.8380187416332,0.0950468540829986,0.7777777777777778,0.0883534136546184,250.0,-47.16198125836681
XGBoost,time,3,refitted,C_b10_r50,50,0.1,0.1,396.84069611780455,0.1017402945113788,0.7777777777777778,0.0883534136546184,500.0,-103.15930388219545
XGBoost,time,3,refitted,C_b10_r50,50,0.1,0.15,590.8433734939758,0.1084337349397589,0.7777777777777778,0.0883534136546184,750.0,-159.15662650602417
XGBoost,time,3,refitted,C_b20_r05,5,0.2,0.02,12.986613119143236,0.036532797858099,0.9444444444444444,0.036144578313253,10.0,2.986613119143236
XGBoost,time,3,refitted,C_b20_r05,5,0.2,0.05,27.04484605087015,0.0371151271753681,0.9444444444444444,0.036144578313253,25.0,2.0448460508701487
XGBoost,time,3,refitted,C_b20_r05,5,0.2,0.1,50.475234270414994,0.0380856760374832,0.9444444444444444,0.036144578313253,50.0,0.4752342704149939
XGBoost,time,3,refitted,C_b20_r05,5,0.2,0.15,73.90562248995984,0.0390562248995983,0.9444444444444444,0.036144578313253,75.0,-1.094377510040161
XGBoost,time,3,refitted,C_b20_r10,10,0.2,0.02,22.43105756358768,0.036532797858099,0.9444444444444444,0.036144578313253,20.0,2.4310575635876788
XGBoost,time,3,refitted,C_b20_r10,10,0.2,0.05,50.655957161981256,0.0371151271753681,0.9444444444444444,0.036144578313253,50.0,0.6559571619812559
XGBoost,time,3,refitted,C_b20_r10,10,0.2,0.1,97.69745649263722,0.0380856760374832,0.9444444444444444,0.036144578313253,100.0,-2.3025435073627847
XGBoost,time,3,refitted,C_b20_r10,10,0.2,0.15,144.73895582329314,0.0390562248995983,0.9444444444444444,0.036144578313253,150.0,-5.261044176706861
XGBoost,time,3,refitted,C_b20_r20,20,0.2,0.02,39.76974564926372,0.0910307898259704,0.7777777777777778,0.0883534136546184,40.0,-0.2302543507362813
XGBoost,time,3,refitted,C_b20_r20,20,0.2,0.05,86.17135207496652,0.0950468540829986,0.7777777777777778,0.0883534136546184,100.0,-13.82864792503348
XGBoost,time,3,refitted,C_b20_r20,20,0.2,0.1,163.5073627844712,0.1017402945113788,0.7777777777777778,0.0883534136546184,200.0,-36.49263721552879
XGBoost,time,3,refitted,C_b20_r20,20,0.2,0.15,240.84337349397595,0.1084337349397589,0.7777777777777778,0.0883534136546184,300.0,-59.156626506024054
XGBoost,time,3,refitted,C_b20_r50,50,0.2,0.02,82.60642570281124,0.1660642570281124,0.6666666666666666,0.1626506024096385,100.0,-17.393574297188763
XGBoost,time,3,refitted,C_b20_r50,50,0.2,0.05,182.1184738955823,0.1711847389558232,0.6666666666666666,0.1626506024096385,250.0,-67.8815261044177
XGBoost,time,3,refitted,C_b20_r50,50,0.2,0.1,347.9718875502008,0.179718875502008,0.6666666666666666,0.1626506024096385,500.0,-152.0281124497992
XGBoost,time,3,refitted,C_b20_r50,50,0.2,0.15,513.8253012048192,0.1882530120481927,0.6666666666666666,0.1626506024096385,750.0,-236.1746987951808
XGBoost,time,3,refitted,TopK_b01,5,0.01,0.02,10.98393574297188,0.0098393574297187,1.0,0.0100401606425702,10.0,0.9839357429718802
XGBoost,time,3,refitted,TopK_b01,5,0.01,0.05,25.953815261044166,0.0095381526104416,1.0,0.0100401606425702,25.0,0.9538152610441664
XGBoost,time,3,refitted,TopK_b01,5,0.01,0.1,50.90361445783132,0.0090361445783131,1.0,0.0100401606425702,50.0,0.903614457831317
XGBoost,time,3,refitted,TopK_b01,5,0.01,0.15,75.85341365461846,0.0085341365461846,1.0,0.0100401606425702,75.0,0.8534136546184641
XGBoost,time,3,refitted,TopK_b01,10,0.01,0.02,20.98393574297188,0.0098393574297187,1.0,0.0100401606425702,20.0,0.9839357429718802
XGBoost,time,3,refitted,TopK_b01,10,0.01,0.05,50.95381526104417,0.0095381526104416,1.0,0.0100401606425702,50.0,0.9538152610441699
XGBoost,time,3,refitted,TopK_b01,10,0.01,0.1,100.90361445783132,0.0090361445783131,1.0,0.0100401606425702,100.0,0.9036144578313241
XGBoost,time,3,refitted,TopK_b01,10,0.01,0.15,150.85341365461846,0.0085341365461846,1.0,0.0100401606425702,150.0,0.8534136546184641
XGBoost,time,3,refitted,TopK_b01,20,0.01,0.02,40.98393574297188,0.0098393574297187,1.0,0.0100401606425702,40.0,0.9839357429718802
XGBoost,time,3,refitted,TopK_b01,20,0.01,0.05,100.95381526104416,0.0095381526104416,1.0,0.0100401606425702,100.0,0.9538152610441557
XGBoost,time,3,refitted,TopK_b01,20,0.01,0.1,200.9036144578313,0.0090361445783131,1.0,0.0100401606425702,200.0,0.9036144578313099
XGBoost,time,3,refitted,TopK_b01,20,0.01,0.15,300.85341365461846,0.0085341365461846,1.0,0.0100401606425702,300.0,0.8534136546184641
XGBoost,time,3,refitted,TopK_b01,50,0.01,0.02,100.98393574297188,0.0098393574297187,1.0,0.0100401606425702,100.0,0.9839357429718802
XGBoost,time,3,refitted,TopK_b01,50,0.01,0.05,250.95381526104416,0.0095381526104416,1.0,0.0100401606425702,250.0,0.9538152610441557
XGBoost,time,3,refitted,TopK_b01,50,0.01,0.1,500.9036144578313,0.0090361445783131,1.0,0.0100401606425702,500.0,0.9036144578312815
XGBoost,time,3,refitted,TopK_b01,50,0.01,0.15,750.8534136546185,0.0085341365461846,1.0,0.0100401606425702,750.0,0.8534136546185209
XGBoost,time,3,refitted,TopK_b05,5,0.05,0.02,14.1673360107095,0.0483400267737616,0.9444444444444444,0.0481927710843373,10.0,4.1673360107095
XGBoost,time,3,refitted,TopK_b05,5,0.05,0.05,28.189424364123155,0.0485609103078982,0.9444444444444444,0.0481927710843373,25.0,3.1894243641231554
XGBoost,time,3,refitted,TopK_b05,5,0.05,0.1,51.55957161981258,0.0489290495314591,0.9444444444444444,0.0481927710843373,50.0,1.55957161981258
XGBoost,time,3,refitted,TopK_b05,5,0.05,0.15,74.92971887550199,0.04929718875502,0.9444444444444444,0.0481927710843373,75.0,-0.07028112449800972
XGBoost,time,3,refitted,TopK_b05,10,0.05,0.02,23.611780455153944,0.0483400267737616,0.9444444444444444,0.0481927710843373,20.0,3.6117804551539443
XGBoost,time,3,refitted,TopK_b05,10,0.05,0.05,51.80053547523427,0.0485609103078982,0.9444444444444444,0.0481927710843373,50.0,1.8005354752342697
XGBoost,time,3,refitted,TopK_b05,10,0.05,0.1,98.7817938420348,0.0489290495314591,0.9444444444444444,0.0481927710843373,100.0,-1.2182061579651986
XGBoost,time,3,refitted,TopK_b05,10,0.05,0.15,145.76305220883532,0.04929718875502,0.9444444444444444,0.0481927710843373,150.0,-4.236947791164681
XGBoost,time,3,refitted,TopK_b05,20,0.05,0.02,42.50066934404283,0.0483400267737616,0.9444444444444444,0.0481927710843373,40.0,2.5006693440428265
XGBoost,time,3,refitted,TopK_b05,20,0.05,0.05,99.02275769745648,0.0485609103078982,0.9444444444444444,0.0481927710843373,100.0,-0.977242302543516
XGBoost,time,3,refitted,TopK_b05,20,0.05,0.1,193.2262382864793,0.0489290495314591,0.9444444444444444,0.0481927710843373,200.0,-6.773761713520713
XGBoost,time,3,refitted,TopK_b05,20,0.05,0.15,287.429718875502,0.04929718875502,0.9444444444444444,0.0481927710843373,300.0,-12.570281124498024
XGBoost,time,3,refitted,TopK_b05,50,0.05,0.02,99.16733601070948,0.0483400267737616,0.9444444444444444,0.0481927710843373,100.0,-0.8326639892905234
XGBoost,time,3,refitted,TopK_b05,50,0.05,0.05,240.68942436412317,0.0485609103078982,0.9444444444444444,0.0481927710843373,250.0,-9.31057563587683
XGBoost,time,3,refitted,TopK_b05,50,0.05,0.1,476.5595716198126,0.0489290495314591,0.9444444444444444,0.0481927710843373,500.0,-23.440428380187427
XGBoost,time,3,refitted,TopK_b05,50,0.05,0.15,712.429718875502,0.04929718875502,0.9444444444444444,0.0481927710843373,750.0,-37.570281124498024
XGBoost,time,3,refitted,TopK_b10,5,0.1,0.02,17.026773761713514,0.0969344042838018,0.7777777777777778,0.0943775100401606,10.0,7.026773761713514
XGBoost,time,3,refitted,TopK_b10,5,0.1,0.05,28.410307898259703,0.1007697456492636,0.7777777777777778,0.0943775100401606,25.0,3.4103078982597026
XGBoost,time,3,refitted,TopK_b10,5,0.1,0.1,47.38286479250334,0.1071619812583667,0.7777777777777778,0.0943775100401606,50.0,-2.617135207496659
XGBoost,time,3,refitted,TopK_b10,5,0.1,0.15,66.35542168674698,0.1135542168674698,0.7777777777777778,0.0943775100401606,75.0,-8.644578313253021
XGBoost,time,3,refitted,TopK_b10,10,0.1,0.02,24.804551539491293,0.0969344042838018,0.7777777777777778,0.0943775100401606,20.0,4.8045515394912925
XGBoost,time,3,refitted,TopK_b10,10,0.1,0.05,47.85475234270415,0.1007697456492636,0.7777777777777778,0.0943775100401606,50.0,-2.1452476572958474
XGBoost,time,3,refitted,TopK_b10,10,0.1,0.1,86.27175368139224,0.1071619812583667,0.7777777777777778,0.0943775100401606,100.0,-13.72824631860776
XGBoost,time,3,refitted,TopK_b10,10,0.1,0.15,124.68875502008032,0.1135542168674698,0.7777777777777778,0.0943775100401606,150.0,-25.311244979919678
XGBoost,time,3,refitted,TopK_b10,20,0.1,0.02,40.36010709504685,0.0969344042838018,0.7777777777777778,0.0943775100401606,40.0,0.3601070950468497
XGBoost,time,3,refitted,TopK_b10,20,0.1,0.05,86.74364123159305,0.1007697456492636,0.7777777777777778,0.0943775100401606,100.0,-13.256358768406955
XGBoost,time,3,refitted,TopK_b10,20,0.1,0.1,164.04953145917,0.1071619812583667,0.7777777777777778,0.0943775100401606,200.0,-35.95046854083
XGBoost,time,3,refitted,TopK_b10,20,0.1,0.15,241.355421686747,0.1135542168674698,0.7777777777777778,0.0943775100401606,300.0,-58.64457831325299
XGBoost,time,3,refitted,TopK_b10,50,0.1,0.02,87.02677376171351,0.0969344042838018,0.7777777777777778,0.0943775100401606,100.0,-12.973226238286486
XGBoost,time,3,refitted,TopK_b10,50,0.1,0.05,203.4103078982597,0.1007697456492636,0.7777777777777778,0.0943775100401606,250.0,-46.5896921017403
XGBoost,time,3,refitted,TopK_b10,50,0.1,0.1,397.3828647925033,0.1071619812583667,0.7777777777777778,0.0943775100401606,500.0,-102.61713520749669
XGBoost,time,3,refitted,TopK_b10,50,0.1,0.15,591.3554216867469,0.1135542168674698,0.7777777777777778,0.0943775100401606,750.0,-158.64457831325308
XGBoost,time,3,refitted,TopK_b20,5,0.2,0.02,24.80589022757697,0.1947255689424363,0.6111111111111112,0.1907630522088353,10.0,14.80589022757697
XGBoost,time,3,refitted,TopK_b20,5,0.2,0.05,33.40026773761713,0.2006693440428379,0.6111111111111112,0.1907630522088353,25.0,8.400267737617128
XGBoost,time,3,refitted,TopK_b20,5,0.2,0.1,47.724230254350736,0.2105756358768406,0.6111111111111112,0.1907630522088353,50.0,-2.2757697456492636
XGBoost,time,3,refitted,TopK_b20,5,0.2,0.15,62.04819277108433,0.2204819277108433,0.6111111111111112,0.1907630522088353,75.0,-12.95180722891567
XGBoost,time,3,refitted,TopK_b20,10,0.2,0.02,30.91700133868808,0.1947255689424363,0.6111111111111112,0.1907630522088353,20.0,10.917001338688081
XGBoost,time,3,refitted,TopK_b20,10,0.2,0.05,48.678045515394906,0.2006693440428379,0.6111111111111112,0.1907630522088353,50.0,-1.3219544846050937
XGBoost,time,3,refitted,TopK_b20,10,0.2,0.1,78.27978580990629,0.2105756358768406,0.6111111111111112,0.1907630522088353,100.0,-21.720214190093714
XGBoost,time,3,refitted,TopK_b20,10,0.2,0.15,107.88152610441767,0.2204819277108433,0.6111111111111112,0.1907630522088353,150.0,-42.118473895582326
XGBoost,time,3,refitted,TopK_b20,20,0.2,0.02,43.1392235609103,0.1947255689424363,0.6111111111111112,0.1907630522088353,40.0,3.1392235609103025
XGBoost,time,3,refitted,TopK_b20,20,0.2,0.05,79.23360107095047,0.2006693440428379,0.6111111111111112,0.1907630522088353,100.0,-20.76639892904953
XGBoost,time,3,refitted,TopK_b20,20,0.2,0.1,139.3908969210174,0.2105756358768406,0.6111111111111112,0.1907630522088353,200.0,-60.6091030789826
XGBoost,time,3,refitted,TopK_b20,20,0.2,0.15,199.5481927710844,0.2204819277108433,0.6111111111111112,0.1907630522088353,300.0,-100.45180722891561
XGBoost,time,3,refitted,TopK_b20,50,0.2,0.02,79.80589022757698,0.1947255689424363,0.6111111111111112,0.1907630522088353,100.0,-20.19410977242302
XGBoost,time,3,refitted,TopK_b20,50,0.2,0.05,170.90026773761716,0.2006693440428379,0.6111111111111112,0.1907630522088353,250.0,-79.09973226238284
XGBoost,time,3,refitted,TopK_b20,50,0.2,0.1,322.72423025435074,0.2105756358768406,0.6111111111111112,0.1907630522088353,500.0,-177.27576974564926
XGBoost,time,3,refitted,TopK_b20,50,0.2,0.15,474.5481927710844,0.2204819277108433,0.6111111111111112,0.1907630522088353,750.0,-275.4518072289156
XGBoost,holdout,0,fixed,none,5,,0.02,10.0,0.0,1.0,0.0,10.0,0.0
XGBoost,holdout,0,fixed,none,5,,0.05,25.0,0.0,1.0,0.0,25.0,0.0
XGBoost,holdout,0,fixed,none,5,,0.1,50.0,0.0,1.0,0.0,50.0,0.0
XGBoost,holdout,0,fixed,none,5,,0.15,75.0,0.0,1.0,0.0,75.0,0.0
XGBoost,holdout,0,fixed,none,10,,0.02,20.0,0.0,1.0,0.0,20.0,0.0
XGBoost,holdout,0,fixed,none,10,,0.05,50.0,0.0,1.0,0.0,50.0,0.0
XGBoost,holdout,0,fixed,none,10,,0.1,100.0,0.0,1.0,0.0,100.0,0.0
XGBoost,holdout,0,fixed,none,10,,0.15,150.0,0.0,1.0,0.0,150.0,0.0
XGBoost,holdout,0,fixed,none,20,,0.02,40.0,0.0,1.0,0.0,40.0,0.0
XGBoost,holdout,0,fixed,none,20,,0.05,100.0,0.0,1.0,0.0,100.0,0.0
XGBoost,holdout,0,fixed,none,20,,0.1,200.0,0.0,1.0,0.0,200.0,0.0
XGBoost,holdout,0,fixed,none,20,,0.15,300.0,0.0,1.0,0.0,300.0,0.0
XGBoost,holdout,0,fixed,none,50,,0.02,100.0,0.0,1.0,0.0,100.0,0.0
XGBoost,holdout,0,fixed,none,50,,0.05,250.0,0.0,1.0,0.0,250.0,0.0
XGBoost,holdout,0,fixed,none,50,,0.1,500.0,0.0,1.0,0.0,500.0,0.0
XGBoost,holdout,0,fixed,none,50,,0.15,750.0,0.0,1.0,0.0,750.0,0.0
XGBoost,holdout,0,fixed,A_b01,5,0.01,0.02,9.615384615384617,0.0007692307692307,0.9615384615384616,0.0,10.0,-0.38461538461538325
XGBoost,holdout,0,fixed,A_b01,5,0.01,0.05,24.03846153846154,0.0019230769230769,0.9615384615384616,0.0,25.0,-0.9615384615384599
XGBoost,holdout,0,fixed,A_b01,5,0.01,0.1,48.07692307692308,0.0038461538461538,0.9615384615384616,0.0,50.0,-1.9230769230769198
XGBoost,holdout,0,fixed,A_b01,5,0.01,0.15,72.11538461538461,0.0057692307692307,0.9615384615384616,0.0,75.0,-2.884615384615387
XGBoost,holdout,0,fixed,A_b01,10,0.01,0.02,19.230769230769237,0.0007692307692307,0.9615384615384616,0.0,20.0,-0.769230769230763
XGBoost,holdout,0,fixed,A_b01,10,0.01,0.05,48.07692307692308,0.0019230769230769,0.9615384615384616,0.0,50.0,-1.9230769230769198
XGBoost,holdout,0,fixed,A_b01,10,0.01,0.1,96.15384615384616,0.0038461538461538,0.9615384615384616,0.0,100.0,-3.8461538461538396
XGBoost,holdout,0,fixed,A_b01,10,0.01,0.15,144.23076923076923,0.0057692307692307,0.9615384615384616,0.0,150.0,-5.769230769230774
XGBoost,holdout,0,fixed,A_b01,20,0.01,0.02,38.46153846153847,0.0007692307692307,0.9615384615384616,0.0,40.0,-1.538461538461533
XGBoost,holdout,0,fixed,A_b01,20,0.01,0.05,96.15384615384616,0.0019230769230769,0.9615384615384616,0.0,100.0,-3.8461538461538396
XGBoost,holdout,0,fixed,A_b01,20,0.01,0.1,192.30769230769232,0.0038461538461538,0.9615384615384616,0.0,200.0,-7.692307692307679
XGBoost,holdout,0,fixed,A_b01,20,0.01,0.15,288.46153846153845,0.0057692307692307,0.9615384615384616,0.0,300.0,-11.538461538461547
XGBoost,holdout,0,fixed,A_b01,50,0.01,0.02,96.15384615384616,0.0007692307692307,0.9615384615384616,0.0,100.0,-3.8461538461538396
XGBoost,holdout,0,fixed,A_b01,50,0.01,0.05,240.3846153846154,0.0019230769230769,0.9615384615384616,0.0,250.0,-9.615384615384613
XGBoost,holdout,0,fixed,A_b01,50,0.01,0.1,480.7692307692308,0.0038461538461538,0.9615384615384616,0.0,500.0,-19.230769230769226
XGBoost,holdout,0,fixed,A_b01,50,0.01,0.15,721.1538461538462,0.0057692307692307,0.9615384615384616,0.0,750.0,-28.84615384615381
XGBoost,holdout,0,fixed,A_b05,5,0.05,0.02,10.802961744138216,0.0172603866721513,0.9230769230769232,0.0160427807486631,10.0,0.8029617441382157
XGBoost,holdout,0,fixed,A_b05,5,0.05,0.05,24.600987248046074,0.0190867955573837,0.9230769230769232,0.0160427807486631,25.0,-0.3990127519539257
XGBoost,holdout,0,fixed,A_b05,5,0.05,0.1,47.59769642122584,0.0221308103661044,0.9230769230769232,0.0160427807486631,50.0,-2.402303578774159
XGBoost,holdout,0,fixed,A_b05,5,0.05,0.15,70.5944055944056,0.0251748251748251,0.9230769230769232,0.0160427807486631,75.0,-4.4055944055944
XGBoost,holdout,0,fixed,A_b05,10,0.05,0.02,20.03373097490745,0.0172603866721513,0.9230769230769232,0.0160427807486631,20.0,0.03373097490744925
XGBoost,holdout,0,fixed,A_b05,10,0.05,0.05,47.67791032496916,0.0190867955573837,0.9230769230769232,0.0160427807486631,50.0,-2.3220896750308384
XGBoost,holdout,0,fixed,A_b05,10,0.05,0.1,93.751542575072,0.0221308103661044,0.9230769230769232,0.0160427807486631,100.0,-6.248457424928006
XGBoost,holdout,0,fixed,A_b05,10,0.05,0.15,139.82517482517486,0.0251748251748251,0.9230769230769232,0.0160427807486631,150.0,-10.174825174825145
XGBoost,holdout,0,fixed,A_b05,20,0.05,0.02,38.49526943644592,0.0172603866721513,0.9230769230769232,0.0160427807486631,40.0,-1.5047305635540766
XGBoost,holdout,0,fixed,A_b05,20,0.05,0.05,93.83175647881532,0.0190867955573837,0.9230769230769232,0.0160427807486631,100.0,-6.168243521184678
XGBoost,holdout,0,fixed,A_b05,20,0.05,0.1,186.05923488276431,0.0221308103661044,0.9230769230769232,0.0160427807486631,200.0,-13.940765117235685
XGBoost,holdout,0,fixed,A_b05,20,0.05,0.15,278.28671328671334,0.0251748251748251,0.9230769230769232,0.0160427807486631,300.0,-21.713286713286664
XGBoost,holdout,0,fixed,A_b05,50,0.05,0.02,93.87988482106132,0.0172603866721513,0.9230769230769232,0.0160427807486631,100.0,-6.120115178938676
XGBoost,holdout,0,fixed,A_b05,50,0.05,0.05,232.29329494035375,0.0190867955573837,0.9230769230769232,0.0160427807486631,250.0,-17.706705059646254
XGBoost,holdout,0,fixed,A_b05,50,0.05,0.1,462.9823118058413,0.0221308103661044,0.9230769230769232,0.0160427807486631,500.0,-37.01768819415872
XGBoost,holdout,0,fixed,A_b05,50,0.05,0.15,693.6713286713288,0.0251748251748251,0.9230769230769232,0.0160427807486631,750.0,-56.32867132867125
XGBoost,holdout,0,fixed,A_b10,5,0.1,0.02,13.554298642533936,0.0447737556561085,0.9230769230769232,0.0441176470588235,10.0,3.5542986425339365
XGBoost,holdout,0,fixed,A_b10,5,0.1,0.05,27.26809954751132,0.0457579185520361,0.9230769230769232,0.0441176470588235,25.0,2.2680995475113193
XGBoost,holdout,0,fixed,A_b10,5,0.1,0.1,50.12443438914027,0.0473981900452488,0.9230769230769232,0.0441176470588235,50.0,0.12443438914026927
XGBoost,holdout,0,fixed,A_b10,5,0.1,0.15,72.98076923076924,0.0490384615384614,0.9230769230769232,0.0441176470588235,75.0,-2.0192307692307594
XGBoost,holdout,0,fixed,A_b10,10,0.1,0.02,22.785067873303166,0.0447737556561085,0.9230769230769232,0.0441176470588235,20.0,2.7850678733031664
XGBoost,holdout,0,fixed,A_b10,10,0.1,0.05,50.3450226244344,0.0457579185520361,0.9230769230769232,0.0441176470588235,50.0,0.34502262443439946
XGBoost,holdout,0,fixed,A_b10,10,0.1,0.1,96.27828054298644,0.0473981900452488,0.9230769230769232,0.0441176470588235,100.0,-3.721719457013563
XGBoost,holdout,0,fixed,A_b10,10,0.1,0.15,142.21153846153845,0.0490384615384614,0.9230769230769232,0.0441176470588235,150.0,-7.788461538461547
XGBoost,holdout,0,fixed,A_b10,20,0.1,0.02,41.24660633484164,0.0447737556561085,0.9230769230769232,0.0441176470588235,40.0,1.246606334841637
XGBoost,holdout,0,fixed,A_b10,20,0.1,0.05,96.49886877828057,0.0457579185520361,0.9230769230769232,0.0441176470588235,100.0,-3.501131221719433
XGBoost,holdout,0,fixed,A_b10,20,0.1,0.1,188.5859728506788,0.0473981900452488,0.9230769230769232,0.0441176470588235,200.0,-11.414027149321214
XGBoost,holdout,0,fixed,A_b10,20,0.1,0.15,280.67307692307696,0.0490384615384614,0.9230769230769232,0.0441176470588235,300.0,-19.326923076923038
XGBoost,holdout,0,fixed,A_b10,50,0.1,0.02,96.63122171945705,0.0447737556561085,0.9230769230769232,0.0441176470588235,100.0,-3.368778280542955
XGBoost,holdout,0,fixed,A_b10,50,0.1,0.05,234.96040723981903,0.0457579185520361,0.9230769230769232,0.0441176470588235,250.0,-15.039592760180966
XGBoost,holdout,0,fixed,A_b10,50,0.1,0.1,465.50904977375575,0.0473981900452488,0.9230769230769232,0.0441176470588235,500.0,-34.49095022624425
XGBoost,holdout,0,fixed,A_b10,50,0.1,0.15,696.0576923076924,0.0490384615384614,0.9230769230769232,0.0441176470588235,750.0,-53.94230769230762
XGBoost,holdout,0,fixed,A_b20,5,0.2,0.02,17.5269436445907,0.1075771287535992,0.7307692307692307,0.1042780748663101,10.0,7.526943644590698
XGBoost,holdout,0,fixed,A_b20,5,0.2,0.05,28.17564788153023,0.112525709584533,0.7307692307692307,0.1042780748663101,25.0,3.1756478815302316
XGBoost,holdout,0,fixed,A_b20,5,0.2,0.1,45.923488276429445,0.120773344302756,0.7307692307692307,0.1042780748663101,50.0,-4.076511723570555
XGBoost,holdout,0,fixed,A_b20,5,0.2,0.15,63.671328671328666,0.1290209790209789,0.7307692307692307,0.1042780748663101,75.0,-11.328671328671334
XGBoost,holdout,0,fixed,A_b20,10,0.2,0.02,24.83463595228301,0.1075771287535992,0.7307692307692307,0.1042780748663101,20.0,4.8346359522830085
XGBoost,holdout,0,fixed,A_b20,10,0.2,0.05,46.444878650761,0.112525709584533,0.7307692307692307,0.1042780748663101,50.0,-3.555121349239002
XGBoost,holdout,0,fixed,A_b20,10,0.2,0.1,82.46194981489097,0.120773344302756,0.7307692307692307,0.1042780748663101,100.0,-17.53805018510903
XGBoost,holdout,0,fixed,A_b20,10,0.2,0.15,118.47902097902096,0.1290209790209789,0.7307692307692307,0.1042780748663101,150.0,-31.52097902097904
XGBoost,holdout,0,fixed,A_b20,20,0.2,0.02,39.45002056766762,0.1075771287535992,0.7307692307692307,0.1042780748663101,40.0,-0.5499794323323783
XGBoost,holdout,0,fixed,A_b20,20,0.2,0.05,82.98334018922253,0.112525709584533,0.7307692307692307,0.1042780748663101,100.0,-17.01665981077747
XGBoost,holdout,0,fixed,A_b20,20,0.2,0.1,155.53887289181404,0.120773344302756,0.7307692307692307,0.1042780748663101,200.0,-44.46112710818596
XGBoost,holdout,0,fixed,A_b20,20,0.2,0.15,228.09440559440557,0.1290209790209789,0.7307692307692307,0.1042780748663101,300.0,-71.90559440559443
XGBoost,holdout,0,fixed,A_b20,50,0.2,0.02,83.29617441382146,0.1075771287535992,0.7307692307692307,0.1042780748663101,100.0,-16.70382558617854
XGBoost,holdout,0,fixed,A_b20,50,0.2,0.05,192.59872480460717,0.112525709584533,0.7307692307692307,0.1042780748663101,250.0,-57.40127519539283
XGBoost,holdout,0,fixed,A_b20,50,0.2,0.1,374.76964212258326,0.120773344302756,0.7307692307692307,0.1042780748663101,500.0,-125.23035787741674
XGBoost,holdout,0,fixed,A_b20,50,0.2,0.15,556.9405594405595,0.1290209790209789,0.7307692307692307,0.1042780748663101,750.0,-193.05944055944053
XGBoost,holdout,0,fixed,B_r05,5,,0.02,10.0,0.0,1.0,0.0,10.0,0.0
XGBoost,holdout,0,fixed,B_r05,5,,0.05,25.0,0.0,1.0,0.0,25.0,0.0
XGBoost,holdout,0,fixed,B_r05,5,,0.1,50.0,0.0,1.0,0.0,50.0,0.0
XGBoost,holdout,0,fixed,B_r05,5,,0.15,75.0,0.0,1.0,0.0,75.0,0.0
XGBoost,holdout,0,fixed,B_r10,10,,0.02,22.852529823118054,0.0792945290004113,0.7692307692307693,0.0762032085561497,20.0,2.8525298231180543
XGBoost,holdout,0,fixed,B_r10,10,,0.05,45.70084327437268,0.0839315096668037,0.7692307692307693,0.0762032085561497,50.0,-4.29915672562732
XGBoost,holdout,0,fixed,B_r10,10,,0.1,83.78136569313041,0.0916598107774578,0.7692307692307693,0.0762032085561497,100.0,-16.21863430686959
XGBoost,holdout,0,fixed,B_r10,10,,0.15,121.86188811188812,0.0993881118881118,0.7692307692307693,0.0762032085561497,150.0,-28.13811188811188
XGBoost,holdout,0,fixed,B_r20,20,,0.02,79.8821472645002,0.7380522418757712,0.1923076923076923,0.7366310160427807,40.0,39.882147264500205
XGBoost,holdout,0,fixed,B_r20,20,,0.05,89.21071575483339,0.740184080625257,0.1923076923076923,0.7366310160427807,100.0,-10.789284245166613
XGBoost,holdout,0,fixed,B_r20,20,,0.1,104.75832990538872,0.7437371452077335,0.1923076923076923,0.7366310160427807,200.0,-95.24167009461128
XGBoost,holdout,0,fixed,B_r20,20,,0.15,120.30594405594404,0.7472902097902098,0.1923076923076923,0.7366310160427807,300.0,-179.69405594405595
XGBoost,holdout,0,fixed,B_r50,50,,0.02,96.03475935828877,0.9803475935828876,0.0,0.9799465240641712,100.0,-3.965240641711233
XGBoost,holdout,0,fixed,B_r50,50,,0.05,93.09491978609626,0.9809491978609626,0.0,0.9799465240641712,250.0,-156.90508021390374
XGBoost,holdout,0,fixed,B_r50,50,,0.1,88.19518716577541,0.981951871657754,0.0,0.9799465240641712,500.0,-411.8048128342246
XGBoost,holdout,0,fixed,B_r50,50,,0.15,83.29545454545455,0.9829545454545456,0.0,0.9799465240641712,750.0,-666.7045454545455
XGBoost,holdout,0,fixed,C_b01_r05,5,0.01,0.02,10.0,0.0,1.0,0.0,10.0,0.0
XGBoost,holdout,0,fixed,C_b01_r05,5,0.01,0.05,25.0,0.0,1.0,0.0,25.0,0.0
XGBoost,holdout,0,fixed,C_b01_r05,5,0.01,0.1,50.0,0.0,1.0,0.0,50.0,0.0
XGBoost,holdout,0,fixed,C_b01_r05,5,0.01,0.15,75.0,0.0,1.0,0.0,75.0,0.0
XGBoost,holdout,0,fixed,C_b01_r10,10,0.01,0.02,20.0,0.0,1.0,0.0,20.0,0.0
XGBoost,holdout,0,fixed,C_b01_r10,10,0.01,0.05,50.0,0.0,1.0,0.0,50.0,0.0
XGBoost,holdout,0,fixed,C_b01_r10,10,0.01,0.1,100.0,0.0,1.0,0.0,100.0,0.0
XGBoost,holdout,0,fixed,C_b01_r10,10,0.01,0.15,150.0,0.0,1.0,0.0,150.0,0.0
XGBoost,holdout,0,fixed,C_b01_r20,20,0.01,0.02,40.0,0.0,1.0,0.0,40.0,0.0
XGBoost,holdout,0,fixed,C_b01_r20,20,0.01,0.05,100.0,0.0,1.0,0.0,100.0,0.0
XGBoost,holdout,0,fixed,C_b01_r20,20,0.01,0.1,200.0,0.0,1.0,0.0,200.0,0.0
XGBoost,holdout,0,fixed,C_b01_r20,20,0.01,0.15,300.0,0.0,1.0,0.0,300.0,0.0
XGBoost,holdout,0,fixed,C_b01_r50,50,0.01,0.02,100.0,0.0,1.0,0.0,100.0,0.0
XGBoost,holdout,0,fixed,C_b01_r50,50,0.01,0.05,250.0,0.0,1.0,0.0,250.0,0.0
XGBoost,holdout,0,fixed,C_b01_r50,50,0.01,0.1,500.0,0.0,1.0,0.0,500.0,0.0
XGBoost,holdout,0,fixed,C_b01_r50,50,0.01,0.15,750.0,0.0,1.0,0.0,750.0,0.0
XGBoost,holdout,0,fixed,C_b05_r05,5,0.05,0.02,10.0,0.0,1.0,0.0,10.0,0.0
XGBoost,holdout,0,fixed,C_b05_r05,5,0.05,0.05,25.0,0.0,1.0,0.0,25.0,0.0
XGBoost,holdout,0,fixed,C_b05_r05,5,0.05,0.1,50.0,0.0,1.0,0.0,50.0,0.0
XGBoost,holdout,0,fixed,C_b05_r05,5,0.05,0.15,75.0,0.0,1.0,0.0,75.0,0.0
XGBoost,holdout,0,fixed,C_b05_r10,10,0.05,0.02,20.0,0.0,1.0,0.0,20.0,0.0
XGBoost,holdout,0,fixed,C_b05_r10,10,0.05,0.05,50.0,0.0,1.0,0.0,50.0,0.0
XGBoost,holdout,0,fixed,C_b05_r10,10,0.05,0.1,100.0,0.0,1.0,0.0,100.0,0.0
XGBoost,holdout,0,fixed,C_b05_r10,10,0.05,0.15,150.0,0.0,1.0,0.0,150.0,0.0
XGBoost,holdout,0,fixed,C_b05_r20,20,0.05,0.02,40.0,0.0,1.0,0.0,40.0,0.0
XGBoost,holdout,0,fixed,C_b05_r20,20,0.05,0.05,100.0,0.0,1.0,0.0,100.0,0.0
XGBoost,holdout,0,fixed,C_b05_r20,20,0.05,0.1,200.0,0.0,1.0,0.0,200.0,0.0
XGBoost,holdout,0,fixed,C_b05_r20,20,0.05,0.15,300.0,0.0,1.0,0.0,300.0,0.0
XGBoost,holdout,0,fixed,C_b05_r50,50,0.05,0.02,100.0,0.0,1.0,0.0,100.0,0.0
XGBoost,holdout,0,fixed,C_b05_r50,50,0.05,0.05,250.0,0.0,1.0,0.0,250.0,0.0
XGBoost,holdout,0,fixed,C_b05_r50,50,0.05,0.1,500.0,0.0,1.0,0.0,500.0,0.0
XGBoost,holdout,0,fixed,C_b05_r50,50,0.05,0.15,750.0,0.0,1.0,0.0,750.0,0.0
XGBoost,holdout,0,fixed,C_b10_r05,5,0.1,0.02,10.0,0.0,1.0,0.0,10.0,0.0
XGBoost,holdout,0,fixed,C_b10_r05,5,0.1,0.05,25.0,0.0,1.0,0.0,25.0,0.0
XGBoost,holdout,0,fixed,C_b10_r05,5,0.1,0.1,50.0,0.0,1.0,0.0,50.0,0.0
XGBoost,holdout,0,fixed,C_b10_r05,5,0.1,0.15,75.0,0.0,1.0,0.0,75.0,0.0
XGBoost,holdout,0,fixed,C_b10_r10,10,0.1,0.02,20.0,0.0,1.0,0.0,20.0,0.0
XGBoost,holdout,0,fixed,C_b10_r10,10,0.1,0.05,50.0,0.0,1.0,0.0,50.0,0.0
XGBoost,holdout,0,fixed,C_b10_r10,10,0.1,0.1,100.0,0.0,1.0,0.0,100.0,0.0
XGBoost,holdout,0,fixed,C_b10_r10,10,0.1,0.15,150.0,0.0,1.0,0.0,150.0,0.0
XGBoost,holdout,0,fixed,C_b10_r20,20,0.1,0.02,40.72254216371864,0.0395331139448786,0.9230769230769232,0.0387700534759358,40.0,0.7225421637186429
XGBoost,holdout,0,fixed,C_b10_r20,20,0.1,0.05,95.9908473879062,0.0406777046482928,0.9230769230769232,0.0387700534759358,100.0,-4.0091526120938
XGBoost,holdout,0,fixed,C_b10_r20,20,0.1,0.1,188.10468942821888,0.0425853558206499,0.9230769230769232,0.0387700534759358,200.0,-11.895310571781124
XGBoost,holdout,0,fixed,C_b10_r20,20,0.1,0.15,280.21853146853147,0.0444930069930069,0.9230769230769232,0.0387700534759358,300.0,-19.781468531468533
XGBoost,holdout,0,fixed,C_b10_r50,50,0.1,0.02,96.10715754833404,0.0395331139448786,0.9230769230769232,0.0387700534759358,100.0,-3.892842451665956
XGBoost,holdout,0,fixed,C_b10_r50,50,0.1,0.05,234.45238584944468,0.0406777046482928,0.9230769230769232,0.0387700534759358,250.0,-15.547614150555319
XGBoost,holdout,0,fixed,C_b10_r50,50,0.1,0.1,465.02776635129584,0.0425853558206499,0.9230769230769232,0.0387700534759358,500.0,-34.97223364870416
XGBoost,holdout,0,fixed,C_b10_r50,50,0.1,0.15,695.603146853147,0.0444930069930069,0.9230769230769232,0.0387700534759358,750.0,-54.396853146853005
XGBoost,holdout,0,fixed,C_b20_r05,5,0.2,0.02,10.0,0.0,1.0,0.0,10.0,0.0
XGBoost,holdout,0,fixed,C_b20_r05,5,0.2,0.05,25.0,0.0,1.0,0.0,25.0,0.0
XGBoost,holdout,0,fixed,C_b20_r05,5,0.2,0.1,50.0,0.0,1.0,0.0,50.0,0.0
XGBoost,holdout,0,fixed,C_b20_r05,5,0.2,0.15,75.0,0.0,1.0,0.0,75.0,0.0
XGBoost,holdout,0,fixed,C_b20_r10,10,0.2,0.02,22.852529823118054,0.0792945290004113,0.7692307692307693,0.0762032085561497,20.0,2.8525298231180543
XGBoost,holdout,0,fixed,C_b20_r10,10,0.2,0.05,45.70084327437268,0.0839315096668037,0.7692307692307693,0.0762032085561497,50.0,-4.29915672562732
XGBoost,holdout,0,fixed,C_b20_r10,10,0.2,0.1,83.78136569313041,0.0916598107774578,0.7692307692307693,0.0762032085561497,100.0,-16.21863430686959
XGBoost,holdout,0,fixed,C_b20_r10,10,0.2,0.15,121.86188811188812,0.0993881118881118,0.7692307692307693,0.0762032085561497,150.0,-28.13811188811188
XGBoost,holdout,0,fixed,C_b20_r20,20,0.2,0.02,38.23714520773344,0.0792945290004113,0.7692307692307693,0.0762032085561497,40.0,-1.762854792266559
XGBoost,holdout,0,fixed,C_b20_r20,20,0.2,0.05,84.16238173591115,0.0839315096668037,0.7692307692307693,0.0762032085561497,100.0,-15.837618264088846
XGBoost,holdout,0,fixed,C_b20_r20,20,0.2,0.1,160.70444261620733,0.0916598107774578,0.7692307692307693,0.0762032085561497,200.0,-39.29555738379267
XGBoost,holdout,0,fixed,C_b20_r20,20,0.2,0.15,237.24650349650352,0.0993881118881118,0.7692307692307693,0.0762032085561497,300.0,-62.75349650349648
XGBoost,holdout,0,fixed,C_b20_r50,50,0.2,0.02,84.3909913615796,0.0792945290004113,0.7692307692307693,0.0762032085561497,100.0,-15.609008638420406
XGBoost,holdout,0,fixed,C_b20_r50,50,0.2,0.05,199.54699712052653,0.0839315096668037,0.7692307692307693,0.0762032085561497,250.0,-50.45300287947347
XGBoost,holdout,0,fixed,C_b20_r50,50,0.2,0.1,391.4736733854381,0.0916598107774578,0.7692307692307693,0.0762032085561497,500.0,-108.52632661456192
XGBoost,holdout,0,fixed,C_b20_r50,50,0.2,0.15,583.4003496503497,0.0993881118881118,0.7692307692307693,0.0762032085561497,750.0,-166.59965034965035
XGBoost,holdout,0,fixed,TopK_b01,5,0.01,0.02,10.401480872069104,0.0086301933360756,0.9615384615384616,0.0080213903743315,10.0,0.4014808720691043
XGBoost,holdout,0,fixed,TopK_b01,5,0.01,0.05,24.80049362402303,0.0095433977786918,0.9615384615384616,0.0080213903743315,25.0,-0.19950637597696996
XGBoost,holdout,0,fixed,TopK_b01,5,0.01,0.1,48.79884821061291,0.0110654051830521,0.9615384615384616,0.0080213903743315,50.0,-1.2011517893870902
XGBoost,holdout,0,fixed,TopK_b01,5,0.01,0.15,72.79720279720279,0.0125874125874125,0.9615384615384616,0.0080213903743315,75.0,-2.202797202797214
XGBoost,holdout,0,fixed,TopK_b01,10,0.01,0.02,20.01686548745372,0.0086301933360756,0.9615384615384616,0.0080213903743315,20.0,0.016865487453721073
XGBoost,holdout,0,fixed,TopK_b01,10,0.01,0.05,48.838955162484574,0.0095433977786918,0.9615384615384616,0.0080213903743315,50.0,-1.1610448375154263
XGBoost,holdout,0,fixed,TopK_b01,10,0.01,0.1,96.875771287536,0.0110654051830521,0.9615384615384616,0.0080213903743315,100.0,-3.124228712464003
XGBoost,holdout,0,fixed,TopK_b01,10,0.01,0.15,144.9125874125874,0.0125874125874125,0.9615384615384616,0.0080213903743315,150.0,-5.087412587412587
XGBoost,holdout,0,fixed,TopK_b01,20,0.01,0.02,39.24763471822296,0.0086301933360756,0.9615384615384616,0.0080213903743315,40.0,-0.7523652817770383
XGBoost,holdout,0,fixed,TopK_b01,20,0.01,0.05,96.91587823940765,0.0095433977786918,0.9615384615384616,0.0080213903743315,100.0,-3.084121760592353
XGBoost,holdout,0,fixed,TopK_b01,20,0.01,0.1,193.02961744138213,0.0110654051830521,0.9615384615384616,0.0080213903743315,200.0,-6.970382558617871
XGBoost,holdout,0,fixed,TopK_b01,20,0.01,0.15,289.14335664335664,0.0125874125874125,0.9615384615384616,0.0080213903743315,300.0,-10.85664335664336
XGBoost,holdout,0,fixed,TopK_b01,50,0.01,0.02,96.93994241053063,0.0086301933360756,0.9615384615384616,0.0080213903743315,100.0,-3.0600575894693662
XGBoost,holdout,0,fixed,TopK_b01,50,0.01,0.05,241.14664747017684,0.0095433977786918,0.9615384615384616,0.0080213903743315,250.0,-8.853352529823155
XGBoost,holdout,0,fixed,TopK_b01,50,0.01,0.1,481.4911559029206,0.0110654051830521,0.9615384615384616,0.0080213903743315,500.0,-18.508844097079418
XGBoost,holdout,0,fixed,TopK_b01,50,0.01,0.15,721.8356643356643,0.0125874125874125,0.9615384615384616,0.0080213903743315,750.0,-28.16433566433568
XGBoost,holdout,0,fixed,TopK_b05,5,0.05,0.02,13.947346770876184,0.048704236939531,0.9230769230769232,0.0481283422459893,10.0,3.947346770876184
XGBoost,holdout,0,fixed,TopK_b05,5,0.05,0.05,27.649115590292062,0.0495680789798436,0.9230769230769232,0.0481283422459893,25.0,2.6491155902920624
XGBoost,holdout,0,fixed,TopK_b05,5,0.05,0.1,50.4853969559852,0.051007815713698,0.9230769230769232,0.0481283422459893,50.0,0.48539695598520183
XGBoost,holdout,0,fixed,TopK_b05,5,0.05,0.15,73.32167832167833,0.0524475524475524,0.9230769230769232,0.0481283422459893,75.0,-1.678321678321666
XGBoost,holdout,0,fixed,TopK_b05,10,0.05,0.02,23.178116001645417,0.048704236939531,0.9230769230769232,0.0481283422459893,20.0,3.1781160016454173
XGBoost,holdout,0,fixed,TopK_b05,10,0.05,0.05,50.72603866721514,0.0495680789798436,0.9230769230769232,0.0481283422459893,50.0,0.7260386672151427
XGBoost,holdout,0,fixed,TopK_b05,10,0.05,0.1,96.63924310983136,0.051007815713698,0.9230769230769232,0.0481283422459893,100.0,-3.360756890168645
XGBoost,holdout,0,fixed,TopK_b05,10,0.05,0.15,142.55244755244755,0.0524475524475524,0.9230769230769232,0.0481283422459893,150.0,-7.447552447552454
XGBoost,holdout,0,fixed,TopK_b05,20,0.05,0.02,41.63965446318388,0.048704236939531,0.9230769230769232,0.0481283422459893,40.0,1.6396544631838808
XGBoost,holdout,0,fixed,TopK_b05,20,0.05,0.05,96.87988482106132,0.0495680789798436,0.9230769230769232,0.0481283422459893,100.0,-3.1201151789386756
XGBoost,holdout,0,fixed,TopK_b05,20,0.05,0.1,188.9469354175237,0.051007815713698,0.9230769230769232,0.0481283422459893,200.0,-11.05306458247631
XGBoost,holdout,0,fixed,TopK_b05,20,0.05,0.15,281.0139860139861,0.0524475524475524,0.9230769230769232,0.0481283422459893,300.0,-18.986013986013916
XGBoost,holdout,0,fixed,TopK_b05,50,0.05,0.02,97.02426984779927,0.048704236939531,0.9230769230769232,0.0481283422459893,100.0,-2.9757301522007253
XGBoost,holdout,0,fixed,TopK_b05,50,0.05,0.05,235.3414232825998,0.0495680789798436,0.9230769230769232,0.0481283422459893,250.0,-14.658576717400194
XGBoost,holdout,0,fixed,TopK_b05,50,0.05,0.1,465.87001234060057,0.051007815713698,0.9230769230769232,0.0481283422459893,500.0,-34.12998765939943
XGBoost,holdout,0,fixed,TopK_b05,50,0.05,0.15,696.3986013986015,0.0524475524475524,0.9230769230769232,0.0481283422459893,750.0,-53.6013986013985
XGBoost,holdout,0,fixed,TopK_b10,5,0.1,0.02,16.3393665158371,0.0910859728506786,0.7692307692307693,0.088235294117647,10.0,6.339366515837099
XGBoost,holdout,0,fixed,TopK_b10,5,0.1,0.05,27.613122171945697,0.0953619909502261,0.7692307692307693,0.088235294117647,25.0,2.6131221719456974
XGBoost,holdout,0,fixed,TopK_b10,5,0.1,0.1,46.40271493212669,0.1024886877828053,0.7692307692307693,0.088235294117647,50.0,-3.597285067873308
XGBoost,holdout,0,fixed,TopK_b10,5,0.1,0.15,65.1923076923077,0.1096153846153845,0.7692307692307693,0.088235294117647,75.0,-9.807692307692307
XGBoost,holdout,0,fixed,TopK_b10,10,0.1,0.02,24.03167420814479,0.0910859728506786,0.7692307692307693,0.088235294117647,20.0,4.031674208144789
XGBoost,holdout,0,fixed,TopK_b10,10,0.1,0.05,46.84389140271493,0.0953619909502261,0.7692307692307693,0.088235294117647,50.0,-3.156108597285069
XGBoost,holdout,0,fixed,TopK_b10,10,0.1,0.1,84.86425339366515,0.1024886877828053,0.7692307692307693,0.088235294117647,100.0,-15.135746606334848
XGBoost,holdout,0,fixed,TopK_b10,10,0.1,0.15,122.8846153846154,0.1096153846153845,0.7692307692307693,0.088235294117647,150.0,-27.1153846153846
XGBoost,holdout,0,fixed,TopK_b10,20,0.1,0.02,39.41628959276018,0.0910859728506786,0.7692307692307693,0.088235294117647,40.0,-0.5837104072398205
XGBoost,holdout,0,fixed,TopK_b10,20,0.1,0.05,85.30542986425338,0.0953619909502261,0.7692307692307693,0.088235294117647,100.0,-14.694570135746616
XGBoost,holdout,0,fixed,TopK_b10,20,0.1,0.1,161.78733031674207,0.1024886877828053,0.7692307692307693,0.088235294117647,200.0,-38.21266968325793
XGBoost,holdout,0,fixed,TopK_b10,20,0.1,0.15,238.2692307692308,0.1096153846153845,0.7692307692307693,0.088235294117647,300.0,-61.7307692307692
XGBoost,holdout,0,fixed,TopK_b10,50,0.1,0.02,85.57013574660634,0.0910859728506786,0.7692307692307693,0.088235294117647,100.0,-14.42986425339366
XGBoost,holdout,0,fixed,TopK_b10,50,0.1,0.05,200.6900452488688,0.0953619909502261,0.7692307692307693,0.088235294117647,250.0,-49.30995475113119
XGBoost,holdout,0,fixed,TopK_b10,50,0.1,0.1,392.5565610859729,0.1024886877828053,0.7692307692307693,0.088235294117647,500.0,-107.44343891402713
XGBoost,holdout,0,fixed,TopK_b10,50,0.1,0.15,584.4230769230769,0.1096153846153845,0.7692307692307693,0.088235294117647,750.0,-165.5769230769231
XGBoost,holdout,0,fixed,TopK_b20,5,0.2,0.02,26.56705059646236,0.1979781982723159,0.7307692307692307,0.196524064171123,10.0,16.56705059646236
XGBoost,holdout,0,fixed,TopK_b20,5,0.2,0.05,36.93901686548745,0.2001593994241053,0.7307692307692307,0.196524064171123,25.0,11.939016865487453
XGBoost,holdout,0,fixed,TopK_b20,5,0.2,0.1,54.2256273138626,0.2037947346770876,0.7307692307692307,0.196524064171123,50.0,4.225627313862603
XGBoost,holdout,0,fixed,TopK_b20,5,0.2,0.15,71.51223776223776,0.2074300699300699,0.7307692307692307,0.196524064171123,75.0,-3.48776223776224
XGBoost,holdout,0,fixed,TopK_b20,10,0.2,0.02,33.87474290415467,0.1979781982723159,0.7307692307692307,0.196524064171123,20.0,13.874742904154672
XGBoost,holdout,0,fixed,TopK_b20,10,0.2,0.05,55.20824763471822,0.2001593994241053,0.7307692307692307,0.196524064171123,50.0,5.208247634718219
XGBoost,holdout,0,fixed,TopK_b20,10,0.2,0.1,90.76408885232414,0.2037947346770876,0.7307692307692307,0.196524064171123,100.0,-9.235911147675864
XGBoost,holdout,0,fixed,TopK_b20,10,0.2,0.15,126.31993006993004,0.2074300699300699,0.7307692307692307,0.196524064171123,150.0,-23.680069930069962
XGBoost,holdout,0,fixed,TopK_b20,20,0.2,0.02,48.490127519539286,0.1979781982723159,0.7307692307692307,0.196524064171123,40.0,8.490127519539286
XGBoost,holdout,0,fixed,TopK_b20,20,0.2,0.05,91.74670917317977,0.2001593994241053,0.7307692307692307,0.196524064171123,100.0,-8.253290826820233
XGBoost,holdout,0,fixed,TopK_b20,20,0.2,0.1,163.84101192924723,0.2037947346770876,0.7307692307692307,0.196524064171123,200.0,-36.15898807075277
XGBoost,holdout,0,fixed,TopK_b20,20,0.2,0.15,235.9353146853147,0.2074300699300699,0.7307692307692307,0.196524064171123,300.0,-64.0646853146853
XGBoost,holdout,0,fixed,TopK_b20,50,0.2,0.02,92.33628136569313,0.1979781982723159,0.7307692307692307,0.196524064171123,100.0,-7.663718634306875
XGBoost,holdout,0,fixed,TopK_b20,50,0.2,0.05,201.3620937885644,0.2001593994241053,0.7307692307692307,0.196524064171123,250.0,-48.63790621143559
XGBoost,holdout,0,fixed,TopK_b20,50,0.2,0.1,383.0717811600164,0.2037947346770876,0.7307692307692307,0.196524064171123,500.0,-116.92821883998357
XGBoost,holdout,0,fixed,TopK_b20,50,0.2,0.15,564.7814685314686,0.2074300699300699,0.7307692307692307,0.196524064171123,750.0,-185.2185314685314
XGBoost,holdout,0,refitted,none,5,,0.02,10.0,0.0,1.0,0.0,10.0,0.0
XGBoost,holdout,0,refitted,none,5,,0.05,25.0,0.0,1.0,0.0,25.0,0.0
XGBoost,holdout,0,refitted,none,5,,0.1,50.0,0.0,1.0,0.0,50.0,0.0
XGBoost,holdout,0,refitted,none,5,,0.15,75.0,0.0,1.0,0.0,75.0,0.0
XGBoost,holdout,0,refitted,none,10,,0.02,20.0,0.0,1.0,0.0,20.0,0.0
XGBoost,holdout,0,refitted,none,10,,0.05,50.0,0.0,1.0,0.0,50.0,0.0
XGBoost,holdout,0,refitted,none,10,,0.1,100.0,0.0,1.0,0.0,100.0,0.0
XGBoost,holdout,0,refitted,none,10,,0.15,150.0,0.0,1.0,0.0,150.0,0.0
XGBoost,holdout,0,refitted,none,20,,0.02,40.0,0.0,1.0,0.0,40.0,0.0
XGBoost,holdout,0,refitted,none,20,,0.05,100.0,0.0,1.0,0.0,100.0,0.0
XGBoost,holdout,0,refitted,none,20,,0.1,200.0,0.0,1.0,0.0,200.0,0.0
XGBoost,holdout,0,refitted,none,20,,0.15,300.0,0.0,1.0,0.0,300.0,0.0
XGBoost,holdout,0,refitted,none,50,,0.02,100.0,0.0,1.0,0.0,100.0,0.0
XGBoost,holdout,0,refitted,none,50,,0.05,250.0,0.0,1.0,0.0,250.0,0.0
XGBoost,holdout,0,refitted,none,50,,0.1,500.0,0.0,1.0,0.0,500.0,0.0
XGBoost,holdout,0,refitted,none,50,,0.15,750.0,0.0,1.0,0.0,750.0,0.0
XGBoost,holdout,0,refitted,A_b01,5,0.01,0.02,10.0,0.0,1.0,0.0,10.0,0.0
XGBoost,holdout,0,refitted,A_b01,5,0.01,0.05,25.0,0.0,1.0,0.0,25.0,0.0
XGBoost,holdout,0,refitted,A_b01,5,0.01,0.1,50.0,0.0,1.0,0.0,50.0,0.0
XGBoost,holdout,0,refitted,A_b01,5,0.01,0.15,75.0,0.0,1.0,0.0,75.0,0.0
XGBoost,holdout,0,refitted,A_b01,10,0.01,0.02,20.0,0.0,1.0,0.0,20.0,0.0
XGBoost,holdout,0,refitted,A_b01,10,0.01,0.05,50.0,0.0,1.0,0.0,50.0,0.0
XGBoost,holdout,0,refitted,A_b01,10,0.01,0.1,100.0,0.0,1.0,0.0,100.0,0.0
XGBoost,holdout,0,refitted,A_b01,10,0.01,0.15,150.0,0.0,1.0,0.0,150.0,0.0
XGBoost,holdout,0,refitted,A_b01,20,0.01,0.02,40.0,0.0,1.0,0.0,40.0,0.0
XGBoost,holdout,0,refitted,A_b01,20,0.01,0.05,100.0,0.0,1.0,0.0,100.0,0.0
XGBoost,holdout,0,refitted,A_b01,20,0.01,0.1,200.0,0.0,1.0,0.0,200.0,0.0
XGBoost,holdout,0,refitted,A_b01,20,0.01,0.15,300.0,0.0,1.0,0.0,300.0,0.0
XGBoost,holdout,0,refitted,A_b01,50,0.01,0.02,100.0,0.0,1.0,0.0,100.0,0.0
XGBoost,holdout,0,refitted,A_b01,50,0.01,0.05,250.0,0.0,1.0,0.0,250.0,0.0
XGBoost,holdout,0,refitted,A_b01,50,0.01,0.1,500.0,0.0,1.0,0.0,500.0,0.0
XGBoost,holdout,0,refitted,A_b01,50,0.01,0.15,750.0,0.0,1.0,0.0,750.0,0.0
XGBoost,holdout,0,refitted,A_b05,5,0.05,0.02,10.786096256684488,0.0078609625668448,1.0,0.0080213903743315,10.0,0.7860962566844876
XGBoost,holdout,0,refitted,A_b05,5,0.05,0.05,25.762032085561493,0.0076203208556149,1.0,0.0080213903743315,25.0,0.7620320855614935
XGBoost,holdout,0,refitted,A_b05,5,0.05,0.1,50.72192513368984,0.0072192513368983,1.0,0.0080213903743315,50.0,0.7219251336898367
XGBoost,holdout,0,refitted,A_b05,5,0.05,0.15,75.68181818181817,0.0068181818181817,1.0,0.0080213903743315,75.0,0.6818181818181728
XGBoost,holdout,0,refitted,A_b05,10,0.05,0.02,20.786096256684488,0.0078609625668448,1.0,0.0080213903743315,20.0,0.7860962566844876
XGBoost,holdout,0,refitted,A_b05,10,0.05,0.05,50.76203208556149,0.0076203208556149,1.0,0.0080213903743315,50.0,0.7620320855614935
XGBoost,holdout,0,refitted,A_b05,10,0.05,0.1,100.72192513368982,0.0072192513368983,1.0,0.0080213903743315,100.0,0.7219251336898225
XGBoost,holdout,0,refitted,A_b05,10,0.05,0.15,150.6818181818182,0.0068181818181817,1.0,0.0080213903743315,150.0,0.681818181818187
XGBoost,holdout,0,refitted,A_b05,20,0.05,0.02,40.78609625668449,0.0078609625668448,1.0,0.0080213903743315,40.0,0.7860962566844876
XGBoost,holdout,0,refitted,A_b05,20,0.05,0.05,100.76203208556149,0.0076203208556149,1.0,0.0080213903743315,100.0,0.7620320855614864
XGBoost,holdout,0,refitted,A_b05,20,0.05,0.1,200.72192513368984,0.0072192513368983,1.0,0.0080213903743315,200.0,0.7219251336898367
XGBoost,holdout,0,refitted,A_b05,20,0.05,0.15,300.6818181818182,0.0068181818181817,1.0,0.0080213903743315,300.0,0.681818181818187
XGBoost,holdout,0,refitted,A_b05,50,0.05,0.02,100.78609625668447,0.0078609625668448,1.0,0.0080213903743315,100.0,0.7860962566844734
XGBoost,holdout,0,refitted,A_b05,50,0.05,0.05,250.76203208556143,0.0076203208556149,1.0,0.0080213903743315,250.0,0.7620320855614295
XGBoost,holdout,0,refitted,A_b05,50,0.05,0.1,500.7219251336898,0.0072192513368983,1.0,0.0080213903743315,500.0,0.7219251336898083
XGBoost,holdout,0,refitted,A_b05,50,0.05,0.15,750.6818181818181,0.0068181818181817,1.0,0.0080213903743315,750.0,0.6818181818181301
XGBoost,holdout,0,refitted,A_b10,5,0.1,0.02,12.383587001234051,0.0376820238584943,0.8846153846153846,0.0360962566844919,10.0,2.3835870012340514
XGBoost,holdout,0,refitted,A_b10,5,0.1,0.05,25.54452900041134,0.040060674619498,0.8846153846153846,0.0360962566844919,25.0,0.544529000411341
XGBoost,holdout,0,refitted,A_b10,5,0.1,0.1,47.4794323323735,0.0440250925545042,0.8846153846153846,0.0360962566844919,50.0,-2.5205676676265014
XGBoost,holdout,0,refitted,A_b10,5,0.1,0.15,69.41433566433565,0.0479895104895104,0.8846153846153846,0.0360962566844919,75.0,-5.585664335664347
XGBoost,holdout,0,refitted,A_b10,10,0.1,0.02,21.2297408473879,0.0376820238584943,0.8846153846153846,0.0360962566844919,20.0,1.2297408473879017
XGBoost,holdout,0,refitted,A_b10,10,0.1,0.05,47.65991361579596,0.040060674619498,0.8846153846153846,0.0360962566844919,50.0,-2.3400863842040422
XGBoost,holdout,0,refitted,A_b10,10,0.1,0.1,91.71020156314272,0.0440250925545042,0.8846153846153846,0.0360962566844919,100.0,-8.289798436857282
XGBoost,holdout,0,refitted,A_b10,10,0.1,0.15,135.7604895104895,0.0479895104895104,0.8846153846153846,0.0360962566844919,150.0,-14.239510489510508
XGBoost,holdout,0,refitted,A_b10,20,0.1,0.02,38.9220485396956,0.0376820238584943,0.8846153846153846,0.0360962566844919,40.0,-1.0779514603043978
XGBoost,holdout,0,refitted,A_b10,20,0.1,0.05,91.89068284656518,0.040060674619498,0.8846153846153846,0.0360962566844919,100.0,-8.109317153434816
XGBoost,holdout,0,refitted,A_b10,20,0.1,0.1,180.1717400246812,0.0440250925545042,0.8846153846153846,0.0360962566844919,200.0,-19.828259975318787
XGBoost,holdout,0,refitted,A_b10,20,0.1,0.15,268.4527972027972,0.0479895104895104,0.8846153846153846,0.0360962566844919,300.0,-31.54720279720277
XGBoost,holdout,0,refitted,A_b10,50,0.1,0.02,91.99897161661866,0.0376820238584943,0.8846153846153846,0.0360962566844919,100.0,-8.001028383381339
XGBoost,holdout,0,refitted,A_b10,50,0.1,0.05,224.5829905388729,0.040060674619498,0.8846153846153846,0.0360962566844919,250.0,-25.417009461127094
XGBoost,holdout,0,refitted,A_b10,50,0.1,0.1,445.5563554092966,0.0440250925545042,0.8846153846153846,0.0360962566844919,500.0,-54.4436445907034
XGBoost,holdout,0,refitted,A_b10,50,0.1,0.15,666.5297202797202,0.0479895104895104,0.8846153846153846,0.0360962566844919,750.0,-83.47027972027979
XGBoost,holdout,0,refitted,A_b20,5,0.2,0.02,17.91155902920608,0.1068078979843685,0.7692307692307693,0.1042780748663101,10.0,7.911559029206082
XGBoost,holdout,0,refitted,A_b20,5,0.2,0.05,29.137186343068688,0.1106026326614561,0.7692307692307693,0.1042780748663101,25.0,4.137186343068688
XGBoost,holdout,0,refitted,A_b20,5,0.2,0.1,47.84656519950637,0.1169271904566021,0.7692307692307693,0.1042780748663101,50.0,-2.1534348004936277
XGBoost,holdout,0,refitted,A_b20,5,0.2,0.15,66.55594405594407,0.1232517482517482,0.7692307692307693,0.1042780748663101,75.0,-8.444055944055933
XGBoost,holdout,0,refitted,A_b20,10,0.2,0.02,25.60386672151377,0.1068078979843685,0.7692307692307693,0.1042780748663101,20.0,5.603866721513771
XGBoost,holdout,0,refitted,A_b20,10,0.2,0.05,48.367955573837925,0.1106026326614561,0.7692307692307693,0.1042780748663101,50.0,-1.632044426162075
XGBoost,holdout,0,refitted,A_b20,10,0.2,0.1,86.30810366104484,0.1169271904566021,0.7692307692307693,0.1042780748663101,100.0,-13.69189633895516
XGBoost,holdout,0,refitted,A_b20,10,0.2,0.15,124.24825174825176,0.1232517482517482,0.7692307692307693,0.1042780748663101,150.0,-25.75174825174824
XGBoost,holdout,0,refitted,A_b20,20,0.2,0.02,40.98848210612916,0.1068078979843685,0.7692307692307693,0.1042780748663101,40.0,0.9884821061291618
XGBoost,holdout,0,refitted,A_b20,20,0.2,0.05,86.82949403537638,0.1106026326614561,0.7692307692307693,0.1042780748663101,100.0,-13.170505964623615
XGBoost,holdout,0,refitted,A_b20,20,0.2,0.1,163.23118058412177,0.1169271904566021,0.7692307692307693,0.1042780748663101,200.0,-36.76881941587823
XGBoost,holdout,0,refitted,A_b20,20,0.2,0.15,239.63286713286715,0.1232517482517482,0.7692307692307693,0.1042780748663101,300.0,-60.36713286713285
XGBoost,holdout,0,refitted,A_b20,50,0.2,0.02,87.14232825997532,0.1068078979843685,0.7692307692307693,0.1042780748663101,100.0,-12.857671740024685
XGBoost,holdout,0,refitted,A_b20,50,0.2,0.05,202.21410941999176,0.1106026326614561,0.7692307692307693,0.1042780748663101,250.0,-47.78589058000824
XGBoost,holdout,0,refitted,A_b20,50,0.2,0.1,394.00041135335255,0.1169271904566021,0.7692307692307693,0.1042780748663101,500.0,-105.99958864664745
XGBoost,holdout,0,refitted,A_b20,50,0.2,0.15,585.7867132867133,0.1232517482517482,0.7692307692307693,0.1042780748663101,750.0,-164.21328671328672
XGBoost,holdout,0,refitted,B_r05,5,,0.02,10.0,0.0,1.0,0.0,10.0,0.0
XGBoost,holdout,0,refitted,B_r05,5,,0.05,25.0,0.0,1.0,0.0,25.0,0.0
XGBoost,holdout,0,refitted,B_r05,5,,0.1,50.0,0.0,1.0,0.0,50.0,0.0
XGBoost,holdout,0,refitted,B_r05,5,,0.15,75.0,0.0,1.0,0.0,75.0,0.0
XGBoost,holdout,0,refitted,B_r10,10,,0.02,22.687782805429865,0.0607239819004524,0.8461538461538461,0.0588235294117647,20.0,2.6877828054298654
XGBoost,holdout,0,refitted,B_r10,10,,0.05,47.89592760180995,0.0635746606334841,0.8461538461538461,0.0588235294117647,50.0,-2.1040723981900484
XGBoost,holdout,0,refitted,B_r10,10,,0.1,89.90950226244344,0.0683257918552036,0.8461538461538461,0.0588235294117647,100.0,-10.09049773755656
XGBoost,holdout,0,refitted,B_r10,10,,0.15,131.92307692307693,0.073076923076923,0.8461538461538461,0.0588235294117647,150.0,-18.076923076923066
XGBoost,holdout,0,refitted,B_r20,20,,0.02,84.437885643768,0.8320711641299876,0.0769230769230769,0.8302139037433155,40.0,44.437885643768
XGBoost,holdout,0,refitted,B_r20,20,,0.05,86.56262854792266,0.8348570547099958,0.0769230769230769,0.8302139037433155,100.0,-13.437371452077343
XGBoost,holdout,0,refitted,B_r20,20,,0.1,90.10386672151378,0.8395002056766763,0.0769230769230769,0.8302139037433155,200.0,-109.89613327848622
XGBoost,holdout,0,refitted,B_r20,20,,0.15,93.6451048951049,0.8441433566433567,0.0769230769230769,0.8302139037433155,300.0,-206.3548951048951
XGBoost,holdout,0,refitted,B_r50,50,,0.02,96.29679144385028,0.9829679144385028,0.0,0.982620320855615,100.0,-3.7032085561497183
XGBoost,holdout,0,refitted,B_r50,50,,0.05,93.34893048128342,0.9834893048128344,0.0,0.982620320855615,250.0,-156.65106951871658
XGBoost,holdout,0,refitted,B_r50,50,,0.1,88.43582887700535,0.9843582887700536,0.0,0.982620320855615,500.0,-411.56417112299465
XGBoost,holdout,0,refitted,B_r50,50,,0.15,83.52272727272727,0.9852272727272728,0.0,0.982620320855615,750.0,-666.4772727272727
XGBoost,holdout,0,refitted,C_b01_r05,5,0.01,0.02,10.0,0.0,1.0,0.0,10.0,0.0
XGBoost,holdout,0,refitted,C_b01_r05,5,0.01,0.05,25.0,0.0,1.0,0.0,25.0,0.0
XGBoost,holdout,0,refitted,C_b01_r05,5,0.01,0.1,50.0,0.0,1.0,0.0,50.0,0.0
XGBoost,holdout,0,refitted,C_b01_r05,5,0.01,0.15,75.0,0.0,1.0,0.0,75.0,0.0
XGBoost,holdout,0,refitted,C_b01_r10,10,0.01,0.02,20.0,0.0,1.0,0.0,20.0,0.0
XGBoost,holdout,0,refitted,C_b01_r10,10,0.01,0.05,50.0,0.0,1.0,0.0,50.0,0.0
XGBoost,holdout,0,refitted,C_b01_r10,10,0.01,0.1,100.0,0.0,1.0,0.0,100.0,0.0
XGBoost,holdout,0,refitted,C_b01_r10,10,0.01,0.15,150.0,0.0,1.0,0.0,150.0,0.0
XGBoost,holdout,0,refitted,C_b01_r20,20,0.01,0.02,40.0,0.0,1.0,0.0,40.0,0.0
XGBoost,holdout,0,refitted,C_b01_r20,20,0.01,0.05,100.0,0.0,1.0,0.0,100.0,0.0
XGBoost,holdout,0,refitted,C_b01_r20,20,0.01,0.1,200.0,0.0,1.0,0.0,200.0,0.0
XGBoost,holdout,0,refitted,C_b01_r20,20,0.01,0.15,300.0,0.0,1.0,0.0,300.0,0.0
XGBoost,holdout,0,refitted,C_b01_r50,50,0.01,0.02,100.0,0.0,1.0,0.0,100.0,0.0
XGBoost,holdout,0,refitted,C_b01_r50,50,0.01,0.05,250.0,0.0,1.0,0.0,250.0,0.0
XGBoost,holdout,0,refitted,C_b01_r50,50,0.01,0.1,500.0,0.0,1.0,0.0,500.0,0.0
XGBoost,holdout,0,refitted,C_b01_r50,50,0.01,0.15,750.0,0.0,1.0,0.0,750.0,0.0
XGBoost,holdout,0,refitted,C_b05_r05,5,0.05,0.02,10.0,0.0,1.0,0.0,10.0,0.0
XGBoost,holdout,0,refitted,C_b05_r05,5,0.05,0.05,25.0,0.0,1.0,0.0,25.0,0.0
XGBoost,holdout,0,refitted,C_b05_r05,5,0.05,0.1,50.0,0.0,1.0,0.0,50.0,0.0
XGBoost,holdout,0,refitted,C_b05_r05,5,0.05,0.15,75.0,0.0,1.0,0.0,75.0,0.0
XGBoost,holdout,0,refitted,C_b05_r10,10,0.05,0.02,20.0,0.0,1.0,0.0,20.0,0.0
XGBoost,holdout,0,refitted,C_b05_r10,10,0.05,0.05,50.0,0.0,1.0,0.0,50.0,0.0
XGBoost,holdout,0,refitted,C_b05_r10,10,0.05,0.1,100.0,0.0,1.0,0.0,100.0,0.0
XGBoost,holdout,0,refitted,C_b05_r10,10,0.05,0.15,150.0,0.0,1.0,0.0,150.0,0.0
XGBoost,holdout,0,refitted,C_b05_r20,20,0.05,0.02,40.0,0.0,1.0,0.0,40.0,0.0
XGBoost,holdout,0,refitted,C_b05_r20,20,0.05,0.05,100.0,0.0,1.0,0.0,100.0,0.0
XGBoost,holdout,0,refitted,C_b05_r20,20,0.05,0.1,200.0,0.0,1.0,0.0,200.0,0.0
XGBoost,holdout,0,refitted,C_b05_r20,20,0.05,0.15,300.0,0.0,1.0,0.0,300.0,0.0
XGBoost,holdout,0,refitted,C_b05_r50,50,0.05,0.02,100.0,0.0,1.0,0.0,100.0,0.0
XGBoost,holdout,0,refitted,C_b05_r50,50,0.05,0.05,250.0,0.0,1.0,0.0,250.0,0.0
XGBoost,holdout,0,refitted,C_b05_r50,50,0.05,0.1,500.0,0.0,1.0,0.0,500.0,0.0
XGBoost,holdout,0,refitted,C_b05_r50,50,0.05,0.15,750.0,0.0,1.0,0.0,750.0,0.0
XGBoost,holdout,0,refitted,C_b10_r05,5,0.1,0.02,10.0,0.0,1.0,0.0,10.0,0.0
XGBoost,holdout,0,refitted,C_b10_r05,5,0.1,0.05,25.0,0.0,1.0,0.0,25.0,0.0
XGBoost,holdout,0,refitted,C_b10_r05,5,0.1,0.1,50.0,0.0,1.0,0.0,50.0,0.0
XGBoost,holdout,0,refitted,C_b10_r05,5,0.1,0.15,75.0,0.0,1.0,0.0,75.0,0.0
XGBoost,holdout,0,refitted,C_b10_r10,10,0.1,0.02,20.0,0.0,1.0,0.0,20.0,0.0
XGBoost,holdout,0,refitted,C_b10_r10,10,0.1,0.05,50.0,0.0,1.0,0.0,50.0,0.0
XGBoost,holdout,0,refitted,C_b10_r10,10,0.1,0.1,100.0,0.0,1.0,0.0,100.0,0.0
XGBoost,holdout,0,refitted,C_b10_r10,10,0.1,0.15,150.0,0.0,1.0,0.0,150.0,0.0
XGBoost,holdout,0,refitted,C_b10_r20,20,0.1,0.02,38.791032496914845,0.0363718634306869,0.8846153846153846,0.03475935828877,40.0,-1.2089675030851552
XGBoost,holdout,0,refitted,C_b10_r20,20,0.1,0.05,91.7636774989716,0.0387906211435622,0.8846153846153846,0.03475935828877,100.0,-8.236322501028397
XGBoost,holdout,0,refitted,C_b10_r20,20,0.1,0.1,180.0514191690662,0.0428218839983545,0.8846153846153846,0.03475935828877,200.0,-19.948580830933793
XGBoost,holdout,0,refitted,C_b10_r20,20,0.1,0.15,268.3391608391608,0.0468531468531468,0.8846153846153846,0.03475935828877,300.0,-31.660839160839203
XGBoost,holdout,0,refitted,C_b10_r50,50,0.1,0.02,91.86795557383792,0.0363718634306869,0.8846153846153846,0.03475935828877,100.0,-8.132044426162082
XGBoost,holdout,0,refitted,C_b10_r50,50,0.1,0.05,224.45598519127932,0.0387906211435622,0.8846153846153846,0.03475935828877,250.0,-25.544014808720675
XGBoost,holdout,0,refitted,C_b10_r50,50,0.1,0.1,445.4360345536816,0.0428218839983545,0.8846153846153846,0.03475935828877,500.0,-54.56396544631838
XGBoost,holdout,0,refitted,C_b10_r50,50,0.1,0.15,666.4160839160838,0.0468531468531468,0.8846153846153846,0.03475935828877,750.0,-83.58391608391617
XGBoost,holdout,0,refitted,C_b20_r05,5,0.2,0.02,10.0,0.0,1.0,0.0,10.0,0.0
XGBoost,holdout,0,refitted,C_b20_r05,5,0.2,0.05,25.0,0.0,1.0,0.0,25.0,0.0
XGBoost,holdout,0,refitted,C_b20_r05,5,0.2,0.1,50.0,0.0,1.0,0.0,50.0,0.0
XGBoost,holdout,0,refitted,C_b20_r05,5,0.2,0.15,75.0,0.0,1.0,0.0,75.0,0.0
XGBoost,holdout,0,refitted,C_b20_r10,10,0.2,0.02,22.687782805429865,0.0607239819004524,0.8461538461538461,0.0588235294117647,20.0,2.6877828054298654
XGBoost,holdout,0,refitted,C_b20_r10,10,0.2,0.05,47.89592760180995,0.0635746606334841,0.8461538461538461,0.0588235294117647,50.0,-2.1040723981900484
XGBoost,holdout,0,refitted,C_b20_r10,10,0.2,0.1,89.90950226244344,0.0683257918552036,0.8461538461538461,0.0588235294117647,100.0,-10.09049773755656
XGBoost,holdout,0,refitted,C_b20_r10,10,0.2,0.15,131.92307692307693,0.073076923076923,0.8461538461538461,0.0588235294117647,150.0,-18.076923076923066
XGBoost,holdout,0,refitted,C_b20_r20,20,0.2,0.02,39.61085972850679,0.0607239819004524,0.8461538461538461,0.0588235294117647,40.0,-0.3891402714932113
XGBoost,holdout,0,refitted,C_b20_r20,20,0.2,0.05,90.20361990950228,0.0635746606334841,0.8461538461538461,0.0588235294117647,100.0,-9.79638009049772
XGBoost,holdout,0,refitted,C_b20_r20,20,0.2,0.1,174.52488687782807,0.0683257918552036,0.8461538461538461,0.0588235294117647,200.0,-25.475113122171933
XGBoost,holdout,0,refitted,C_b20_r20,20,0.2,0.15,258.8461538461538,0.073076923076923,0.8461538461538461,0.0588235294117647,300.0,-41.15384615384619
XGBoost,holdout,0,refitted,C_b20_r50,50,0.2,0.02,90.38009049773756,0.0607239819004524,0.8461538461538461,0.0588235294117647,100.0,-9.619909502262445
XGBoost,holdout,0,refitted,C_b20_r50,50,0.2,0.05,217.1266968325792,0.0635746606334841,0.8461538461538461,0.0588235294117647,250.0,-32.8733031674208
XGBoost,holdout,0,refitted,C_b20_r50,50,0.2,0.1,428.3710407239819,0.0683257918552036,0.8461538461538461,0.0588235294117647,500.0,-71.62895927601812
XGBoost,holdout,0,refitted,C_b20_r50,50,0.2,0.15,639.6153846153845,0.073076923076923,0.8461538461538461,0.0588235294117647,750.0,-110.38461538461547
XGBoost,holdout,0,refitted,TopK_b01,5,0.01,0.02,10.917112299465234,0.0091711229946523,1.0,0.0093582887700534,10.0,0.9171122994652343
XGBoost,holdout,0,refitted,TopK_b01,5,0.01,0.05,25.88903743315507,0.0088903743315507,1.0,0.0093582887700534,25.0,0.889037433155071
XGBoost,holdout,0,refitted,TopK_b01,5,0.01,0.1,50.8422459893048,0.008422459893048,1.0,0.0093582887700534,50.0,0.8422459893048
XGBoost,holdout,0,refitted,TopK_b01,5,0.01,0.15,75.79545454545455,0.0079545454545453,1.0,0.0093582887700534,75.0,0.7954545454545467
XGBoost,holdout,0,refitted,TopK_b01,10,0.01,0.02,20.917112299465234,0.0091711229946523,1.0,0.0093582887700534,20.0,0.9171122994652343
XGBoost,holdout,0,refitted,TopK_b01,10,0.01,0.05,50.88903743315507,0.0088903743315507,1.0,0.0093582887700534,50.0,0.8890374331550674
XGBoost,holdout,0,refitted,TopK_b01,10,0.01,0.1,100.8422459893048,0.008422459893048,1.0,0.0093582887700534,100.0,0.8422459893048
XGBoost,holdout,0,refitted,TopK_b01,10,0.01,0.15,150.79545454545453,0.0079545454545453,1.0,0.0093582887700534,150.0,0.7954545454545325
XGBoost,holdout,0,refitted,TopK_b01,20,0.01,0.02,40.91711229946524,0.0091711229946523,1.0,0.0093582887700534,40.0,0.9171122994652379
XGBoost,holdout,0,refitted,TopK_b01,20,0.01,0.05,100.88903743315508,0.0088903743315507,1.0,0.0093582887700534,100.0,0.8890374331550817
XGBoost,holdout,0,refitted,TopK_b01,20,0.01,0.1,200.8422459893048,0.008422459893048,1.0,0.0093582887700534,200.0,0.8422459893048142
XGBoost,holdout,0,refitted,TopK_b01,20,0.01,0.15,300.7954545454545,0.0079545454545453,1.0,0.0093582887700534,300.0,0.7954545454545041
XGBoost,holdout,0,refitted,TopK_b01,50,0.01,0.02,100.91711229946524,0.0091711229946523,1.0,0.0093582887700534,100.0,0.917112299465245
XGBoost,holdout,0,refitted,TopK_b01,50,0.01,0.05,250.88903743315507,0.0088903743315507,1.0,0.0093582887700534,250.0,0.8890374331550674
XGBoost,holdout,0,refitted,TopK_b01,50,0.01,0.1,500.8422459893048,0.008422459893048,1.0,0.0093582887700534,500.0,0.8422459893047858
XGBoost,holdout,0,refitted,TopK_b01,50,0.01,0.15,750.7954545454545,0.0079545454545453,1.0,0.0093582887700534,750.0,0.7954545454545041
XGBoost,holdout,0,refitted,TopK_b05,5,0.05,0.02,13.43171534348004,0.0481633072809542,0.8846153846153846,0.0467914438502673,10.0,3.4317153434800396
XGBoost,holdout,0,refitted,TopK_b05,5,0.05,0.05,26.560571781160007,0.0502211024269847,0.8846153846153846,0.0467914438502673,25.0,1.5605717811600073
XGBoost,holdout,0,refitted,TopK_b05,5,0.05,0.1,48.44199917729329,0.0536507610037021,0.8846153846153846,0.0467914438502673,50.0,-1.5580008227067097
XGBoost,holdout,0,refitted,TopK_b05,5,0.05,0.15,70.32342657342656,0.0570804195804195,0.8846153846153846,0.0467914438502673,75.0,-4.676573426573441
XGBoost,holdout,0,refitted,TopK_b05,10,0.05,0.02,22.27786918963389,0.0481633072809542,0.8846153846153846,0.0467914438502673,20.0,2.27786918963389
XGBoost,holdout,0,refitted,TopK_b05,10,0.05,0.05,48.67595639654462,0.0502211024269847,0.8846153846153846,0.0467914438502673,50.0,-1.3240436034553795
XGBoost,holdout,0,refitted,TopK_b05,10,0.05,0.1,92.67276840806252,0.0536507610037021,0.8846153846153846,0.0467914438502673,100.0,-7.327231591937476
XGBoost,holdout,0,refitted,TopK_b05,10,0.05,0.15,136.66958041958043,0.0570804195804195,0.8846153846153846,0.0467914438502673,150.0,-13.330419580419573
XGBoost,holdout,0,refitted,TopK_b05,20,0.05,0.02,39.97017688194158,0.0481633072809542,0.8846153846153846,0.0467914438502673,40.0,-0.029823118058416753
XGBoost,holdout,0,refitted,TopK_b05,20,0.05,0.05,92.90672562731386,0.0502211024269847,0.8846153846153846,0.0467914438502673,100.0,-7.093274372686139
XGBoost,holdout,0,refitted,TopK_b05,20,0.05,0.1,181.13430686960095,0.0536507610037021,0.8846153846153846,0.0467914438502673,200.0,-18.865693130399052
XGBoost,holdout,0,refitted,TopK_b05,20,0.05,0.15,269.3618881118881,0.0570804195804195,0.8846153846153846,0.0467914438502673,300.0,-30.638111888111894
XGBoost,holdout,0,refitted,TopK_b05,50,0.05,0.02,93.04709995886464,0.0481633072809542,0.8846153846153846,0.0467914438502673,100.0,-6.952900041135365
XGBoost,holdout,0,refitted,TopK_b05,50,0.05,0.05,225.59903331962155,0.0502211024269847,0.8846153846153846,0.0467914438502673,250.0,-24.400966680378446
XGBoost,holdout,0,refitted,TopK_b05,50,0.05,0.1,446.5189222542164,0.0536507610037021,0.8846153846153846,0.0467914438502673,500.0,-53.48107774578358
XGBoost,holdout,0,refitted,TopK_b05,50,0.05,0.15,667.4388111888112,0.0570804195804195,0.8846153846153846,0.0467914438502673,750.0,-82.5611888111888
XGBoost,holdout,0,refitted,TopK_b10,5,0.1,0.02,16.994446729740844,0.0976367749897161,0.7692307692307693,0.0949197860962566,10.0,6.994446729740844
XGBoost,holdout,0,refitted,TopK_b10,5,0.1,0.05,28.248148909913606,0.1017122583299053,0.7692307692307693,0.0949197860962566,25.0,3.2481489099136063
XGBoost,holdout,0,refitted,TopK_b10,5,0.1,0.1,47.00431921020156,0.108504730563554,0.7692307692307693,0.0949197860962566,50.0,-2.995680789798442
XGBoost,holdout,0,refitted,TopK_b10,5,0.1,0.15,65.7604895104895,0.1152972027972027,0.7692307692307693,0.0949197860962566,75.0,-9.239510489510494
XGBoost,holdout,0,refitted,TopK_b10,10,0.1,0.02,24.686754422048534,0.0976367749897161,0.7692307692307693,0.0949197860962566,20.0,4.6867544220485335
XGBoost,holdout,0,refitted,TopK_b10,10,0.1,0.05,47.47891814068284,0.1017122583299053,0.7692307692307693,0.0949197860962566,50.0,-2.5210818593171567
XGBoost,holdout,0,refitted,TopK_b10,10,0.1,0.1,85.46585767174003,0.108504730563554,0.7692307692307693,0.0949197860962566,100.0,-14.534142328259975
XGBoost,holdout,0,refitted,TopK_b10,10,0.1,0.15,123.4527972027972,0.1152972027972027,0.7692307692307693,0.0949197860962566,150.0,-26.5472027972028
XGBoost,holdout,0,refitted,TopK_b10,20,0.1,0.02,40.07136980666392,0.0976367749897161,0.7692307692307693,0.0949197860962566,40.0,0.07136980666391679
XGBoost,holdout,0,refitted,TopK_b10,20,0.1,0.05,85.9404566022213,0.1017122583299053,0.7692307692307693,0.0949197860962566,100.0,-14.059543397778697
XGBoost,holdout,0,refitted,TopK_b10,20,0.1,0.1,162.38893459481696,0.108504730563554,0.7692307692307693,0.0949197860962566,200.0,-37.61106540518304
XGBoost,holdout,0,refitted,TopK_b10,20,0.1,0.15,238.8374125874126,0.1152972027972027,0.7692307692307693,0.0949197860962566,300.0,-61.16258741258741
XGBoost,holdout,0,refitted,TopK_b10,50,0.1,0.02,86.22521596051007,0.0976367749897161,0.7692307692307693,0.0949197860962566,100.0,-13.77478403948993
XGBoost,holdout,0,refitted,TopK_b10,50,0.1,0.05,201.3250719868367,0.1017122583299053,0.7692307692307693,0.0949197860962566,250.0,-48.67492801316331
XGBoost,holdout,0,refitted,TopK_b10,50,0.1,0.1,393.1581653640477,0.108504730563554,0.7692307692307693,0.0949197860962566,500.0,-106.8418346359523
XGBoost,holdout,0,refitted,TopK_b10,50,0.1,0.15,584.9912587412588,0.1152972027972027,0.7692307692307693,0.0949197860962566,750.0,-165.00874125874122
XGBoost,holdout,0,refitted,TopK_b20,5,0.2,0.02,25.53578774167009,0.1968963389551624,0.6538461538461539,0.1938502673796791,10.0,15.535787741670092
XGBoost,holdout,0,refitted,TopK_b20,5,0.2,0.05,34.76192924722336,0.2014654463183874,0.6538461538461539,0.1938502673796791,25.0,9.761929247223357
XGBoost,holdout,0,refitted,TopK_b20,5,0.2,0.1,50.13883175647881,0.2090806252570958,0.6538461538461539,0.1938502673796791,50.0,0.1388317564788082
XGBoost,holdout,0,refitted,TopK_b20,5,0.2,0.15,65.51573426573427,0.2166958041958041,0.6538461538461539,0.1938502673796791,75.0,-9.484265734265733
XGBoost,holdout,0,refitted,TopK_b20,10,0.2,0.02,32.074249280131625,0.1968963389551624,0.6538461538461539,0.1938502673796791,20.0,12.074249280131625
XGBoost,holdout,0,refitted,TopK_b20,10,0.2,0.05,51.1080830933772,0.2014654463183874,0.6538461538461539,0.1938502673796791,50.0,1.1080830933772035
XGBoost,holdout,0,refitted,TopK_b20,10,0.2,0.1,82.8311394487865,0.2090806252570958,0.6538461538461539,0.1938502673796791,100.0,-17.1688605512135
XGBoost,holdout,0,refitted,TopK_b20,10,0.2,0.15,114.5541958041958,0.2166958041958041,0.6538461538461539,0.1938502673796791,150.0,-35.4458041958042
XGBoost,holdout,0,refitted,TopK_b20,20,0.2,0.02,45.15117235705471,0.1968963389551624,0.6538461538461539,0.1938502673796791,40.0,5.151172357054712
XGBoost,holdout,0,refitted,TopK_b20,20,0.2,0.05,83.8003907856849,0.2014654463183874,0.6538461538461539,0.1938502673796791,100.0,-16.199609214315103
XGBoost,holdout,0,refitted,TopK_b20,20,0.2,0.1,148.2157548334019,0.2090806252570958,0.6538461538461539,0.1938502673796791,200.0,-51.78424516659811
XGBoost,holdout,0,refitted,TopK_b20,20,0.2,0.15,212.63111888111888,0.2166958041958041,0.6538461538461539,0.1938502673796791,300.0,-87.36888111888112
XGBoost,holdout,0,refitted,TopK_b20,50,0.2,0.02,84.38194158782395,0.1968963389551624,0.6538461538461539,0.1938502673796791,100.0,-15.618058412176055
XGBoost,holdout,0,refitted,TopK_b20,50,0.2,0.05,181.877313862608,0.2014654463183874,0.6538461538461539,0.1938502673796791,250.0,-68.12268613739201
XGBoost,holdout,0,refitted,TopK_b20,50,0.2,0.1,344.369600987248,0.2090806252570958,0.6538461538461539,0.1938502673796791,500.0,-155.63039901275198
XGBoost,holdout,0,refitted,TopK_b20,50,0.2,0.15,506.86188811188816,0.2166958041958041,0.6538461538461539,0.1938502673796791,750.0,-243.13811188811184
LR,time,0,fixed,none,5,,0.02,10.0,0.0,1.0,0.0,10.0,0.0
LR,time,0,fixed,none,5,,0.05,25.0,0.0,1.0,0.0,25.0,0.0
LR,time,0,fixed,none,5,,0.1,50.0,0.0,1.0,0.0,50.0,0.0
LR,time,0,fixed,none,5,,0.15,75.0,0.0,1.0,0.0,75.0,0.0
LR,time,0,fixed,none,10,,0.02,20.0,0.0,1.0,0.0,20.0,0.0
LR,time,0,fixed,none,10,,0.05,50.0,0.0,1.0,0.0,50.0,0.0
LR,time,0,fixed,none,10,,0.1,100.0,0.0,1.0,0.0,100.0,0.0
LR,time,0,fixed,none,10,,0.15,150.0,0.0,1.0,0.0,150.0,0.0
LR,time,0,fixed,none,20,,0.02,40.0,0.0,1.0,0.0,40.0,0.0
LR,time,0,fixed,none,20,,0.05,100.0,0.0,1.0,0.0,100.0,0.0
LR,time,0,fixed,none,20,,0.1,200.0,0.0,1.0,0.0,200.0,0.0
LR,time,0,fixed,none,20,,0.15,300.0,0.0,1.0,0.0,300.0,0.0
LR,time,0,fixed,none,50,,0.02,100.0,0.0,1.0,0.0,100.0,0.0
LR,time,0,fixed,none,50,,0.05,250.0,0.0,1.0,0.0,250.0,0.0
LR,time,0,fixed,none,50,,0.1,500.0,0.0,1.0,0.0,500.0,0.0
LR,time,0,fixed,none,50,,0.15,750.0,0.0,1.0,0.0,750.0,0.0
LR,time,0,fixed,A_b01,5,0.01,0.02,10.408333333333328,0.0040833333333332,1.0,0.0041666666666666,10.0,0.4083333333333279
LR,time,0,fixed,A_b01,5,0.01,0.05,25.39583333333333,0.0039583333333332,1.0,0.0041666666666666,25.0,0.3958333333333286
LR,time,0,fixed,A_b01,5,0.01,0.1,50.37499999999999,0.0037499999999999,1.0,0.0041666666666666,50.0,0.3749999999999929
LR,time,0,fixed,A_b01,5,0.01,0.15,75.35416666666666,0.0035416666666666,1.0,0.0041666666666666,75.0,0.3541666666666572
LR,time,0,fixed,A_b01,10,0.01,0.02,20.408333333333328,0.0040833333333332,1.0,0.0041666666666666,20.0,0.4083333333333279
LR,time,0,fixed,A_b01,10,0.01,0.05,50.39583333333333,0.0039583333333332,1.0,0.0041666666666666,50.0,0.3958333333333286
LR,time,0,fixed,A_b01,10,0.01,0.1,100.375,0.0037499999999999,1.0,0.0041666666666666,100.0,0.375
LR,time,0,fixed,A_b01,10,0.01,0.15,150.35416666666666,0.0035416666666666,1.0,0.0041666666666666,150.0,0.3541666666666572
LR,time,0,fixed,A_b01,20,0.01,0.02,40.40833333333333,0.0040833333333332,1.0,0.0041666666666666,40.0,0.40833333333333144
LR,time,0,fixed,A_b01,20,0.01,0.05,100.39583333333331,0.0039583333333332,1.0,0.0041666666666666,100.0,0.3958333333333144
LR,time,0,fixed,A_b01,20,0.01,0.1,200.375,0.0037499999999999,1.0,0.0041666666666666,200.0,0.375
LR,time,0,fixed,A_b01,20,0.01,0.15,300.35416666666663,0.0035416666666666,1.0,0.0041666666666666,300.0,0.35416666666662877
LR,time,0,fixed,A_b01,50,0.01,0.02,100.40833333333332,0.0040833333333332,1.0,0.0041666666666666,100.0,0.4083333333333172
LR,time,0,fixed,A_b01,50,0.01,0.05,250.3958333333333,0.0039583333333332,1.0,0.0041666666666666,250.0,0.39583333333328596
LR,time,0,fixed,A_b01,50,0.01,0.1,500.375,0.0037499999999999,1.0,0.0041666666666666,500.0,0.375
LR,time,0,fixed,A_b01,50,0.01,0.15,750.3541666666667,0.0035416666666666,1.0,0.0041666666666666,750.0,0.35416666666674246
LR,time,0,fixed,A_b05,5,0.05,0.02,11.429166666666664,0.0142916666666666,1.0,0.0145833333333333,10.0,1.4291666666666636
LR,time,0,fixed,A_b05,5,0.05,0.05,26.38541666666666,0.0138541666666666,1.0,0.0145833333333333,25.0,1.3854166666666607
LR,time,0,fixed,A_b05,5,0.05,0.1,51.31249999999999,0.0131249999999999,1.0,0.0145833333333333,50.0,1.312499999999993
LR,time,0,fixed,A_b05,5,0.05,0.15,76.23958333333333,0.0123958333333333,1.0,0.0145833333333333,75.0,1.2395833333333286
LR,time,0,fixed,A_b05,10,0.05,0.02,21.429166666666667,0.0142916666666666,1.0,0.0145833333333333,20.0,1.4291666666666671
LR,time,0,fixed,A_b05,10,0.05,0.05,51.38541666666666,0.0138541666666666,1.0,0.0145833333333333,50.0,1.3854166666666572
LR,time,0,fixed,A_b05,10,0.05,0.1,101.3125,0.0131249999999999,1.0,0.0145833333333333,100.0,1.3125
LR,time,0,fixed,A_b05,10,0.05,0.15,151.23958333333334,0.0123958333333333,1.0,0.0145833333333333,150.0,1.2395833333333428
LR,time,0,fixed,A_b05,20,0.05,0.02,41.42916666666667,0.0142916666666666,1.0,0.0145833333333333,40.0,1.4291666666666671
LR,time,0,fixed,A_b05,20,0.05,0.05,101.38541666666669,0.0138541666666666,1.0,0.0145833333333333,100.0,1.3854166666666856
LR,time,0,fixed,A_b05,20,0.05,0.1,201.3125,0.0131249999999999,1.0,0.0145833333333333,200.0,1.3125
LR,time,0,fixed,A_b05,20,0.05,0.15,301.2395833333333,0.0123958333333333,1.0,0.0145833333333333,300.0,1.2395833333333144
LR,time,0,fixed,A_b05,50,0.05,0.02,101.42916666666666,0.0142916666666666,1.0,0.0145833333333333,100.0,1.42916666666666
LR,time,0,fixed,A_b05,50,0.05,0.05,251.38541666666663,0.0138541666666666,1.0,0.0145833333333333,250.0,1.3854166666666288
LR,time,0,fixed,A_b05,50,0.05,0.1,501.3125,0.0131249999999999,1.0,0.0145833333333333,500.0,1.3125
LR,time,0,fixed,A_b05,50,0.05,0.15,751.2395833333334,0.0123958333333333,1.0,0.0145833333333333,750.0,1.2395833333333712
LR,time,0,fixed,A_b10,5,0.1,0.02,12.245833333333328,0.0224583333333332,1.0,0.0229166666666666,10.0,2.2458333333333282
LR,time,0,fixed,A_b10,5,0.1,0.05,27.17708333333333,0.0217708333333332,1.0,0.0229166666666666,25.0,2.1770833333333286
LR,time,0,fixed,A_b10,5,0.1,0.1,52.06249999999999,0.0206249999999999,1.0,0.0229166666666666,50.0,2.062499999999993
LR,time,0,fixed,A_b10,5,0.1,0.15,76.94791666666666,0.0194791666666666,1.0,0.0229166666666666,75.0,1.9479166666666572
LR,time,0,fixed,A_b10,10,0.1,0.02,22.24583333333333,0.0224583333333332,1.0,0.0229166666666666,20.0,2.24583333333333
LR,time,0,fixed,A_b10,10,0.1,0.05,52.17708333333333,0.0217708333333332,1.0,0.0229166666666666,50.0,2.1770833333333286
LR,time,0,fixed,A_b10,10,0.1,0.1,102.0625,0.0206249999999999,1.0,0.0229166666666666,100.0,2.0625
LR,time,0,fixed,A_b10,10,0.1,0.15,151.94791666666669,0.0194791666666666,1.0,0.0229166666666666,150.0,1.9479166666666856
LR,time,0,fixed,A_b10,20,0.1,0.02,42.24583333333333,0.0224583333333332,1.0,0.0229166666666666,40.0,2.24583333333333
LR,time,0,fixed,A_b10,20,0.1,0.05,102.17708333333331,0.0217708333333332,1.0,0.0229166666666666,100.0,2.1770833333333144
LR,time,0,fixed,A_b10,20,0.1,0.1,202.0625,0.0206249999999999,1.0,0.0229166666666666,200.0,2.0625
LR,time,0,fixed,A_b10,20,0.1,0.15,301.9479166666667,0.0194791666666666,1.0,0.0229166666666666,300.0,1.9479166666666856
LR,time,0,fixed,A_b10,50,0.1,0.02,102.24583333333332,0.0224583333333332,1.0,0.0229166666666666,100.0,2.245833333333323
LR,time,0,fixed,A_b10,50,0.1,0.05,252.1770833333333,0.0217708333333332,1.0,0.0229166666666666,250.0,2.177083333333286
LR,time,0,fixed,A_b10,50,0.1,0.1,502.0625,0.0206249999999999,1.0,0.0229166666666666,500.0,2.0625
LR,time,0,fixed,A_b10,50,0.1,0.15,751.9479166666666,0.0194791666666666,1.0,0.0229166666666666,750.0,1.9479166666666288
LR,time,0,fixed,A_b20,5,0.2,0.02,15.643055555555549,0.0597638888888888,0.9722222222222222,0.0604166666666666,10.0,5.643055555555549
LR,time,0,fixed,A_b20,5,0.2,0.05,30.04513888888888,0.0587847222222221,0.9722222222222222,0.0604166666666666,25.0,5.045138888888879
LR,time,0,fixed,A_b20,5,0.2,0.1,54.0486111111111,0.0571527777777777,0.9722222222222222,0.0604166666666666,50.0,4.0486111111111
LR,time,0,fixed,A_b20,5,0.2,0.15,78.05208333333333,0.0555208333333332,0.9722222222222222,0.0604166666666666,75.0,3.0520833333333286
LR,time,0,fixed,A_b20,10,0.2,0.02,25.365277777777774,0.0597638888888888,0.9722222222222222,0.0604166666666666,20.0,5.365277777777774
LR,time,0,fixed,A_b20,10,0.2,0.05,54.35069444444444,0.0587847222222221,0.9722222222222222,0.0604166666666666,50.0,4.350694444444443
LR,time,0,fixed,A_b20,10,0.2,0.1,102.6597222222222,0.0571527777777777,0.9722222222222222,0.0604166666666666,100.0,2.6597222222222
LR,time,0,fixed,A_b20,10,0.2,0.15,150.96874999999997,0.0555208333333332,0.9722222222222222,0.0604166666666666,150.0,0.9687499999999716
LR,time,0,fixed,A_b20,20,0.2,0.02,44.80972222222221,0.0597638888888888,0.9722222222222222,0.0604166666666666,40.0,4.809722222222213
LR,time,0,fixed,A_b20,20,0.2,0.05,102.96180555555554,0.0587847222222221,0.9722222222222222,0.0604166666666666,100.0,2.961805555555543
LR,time,0,fixed,A_b20,20,0.2,0.1,199.88194444444443,0.0571527777777777,0.9722222222222222,0.0604166666666666,200.0,-0.11805555555557135
LR,time,0,fixed,A_b20,20,0.2,0.15,296.8020833333333,0.0555208333333332,0.9722222222222222,0.0604166666666666,300.0,-3.1979166666666856
LR,time,0,fixed,A_b20,50,0.2,0.02,103.14305555555552,0.0597638888888888,0.9722222222222222,0.0604166666666666,100.0,3.14305555555552
LR,time,0,fixed,A_b20,50,0.2,0.05,248.79513888888889,0.0587847222222221,0.9722222222222222,0.0604166666666666,250.0,-1.2048611111111143
LR,time,0,fixed,A_b20,50,0.2,0.1,491.5486111111111,0.0571527777777777,0.9722222222222222,0.0604166666666666,500.0,-8.451388888888914
LR,time,0,fixed,A_b20,50,0.2,0.15,734.3020833333334,0.0555208333333332,0.9722222222222222,0.0604166666666666,750.0,-15.697916666666629
LR,time,0,fixed,B_r05,5,,0.02,37.355555555555554,0.3568888888888888,0.3055555555555556,0.35,10.0,27.355555555555554
LR,time,0,fixed,B_r05,5,,0.05,40.888888888888886,0.3672222222222221,0.3055555555555556,0.35,25.0,15.888888888888886
LR,time,0,fixed,B_r05,5,,0.1,46.77777777777778,0.3844444444444445,0.3055555555555556,0.35,50.0,-3.2222222222222214
LR,time,0,fixed,B_r05,5,,0.15,52.66666666666666,0.4016666666666666,0.3055555555555556,0.35,75.0,-22.333333333333343
LR,time,0,fixed,B_r10,10,,0.02,95.0847222222222,0.964736111111111,0.0277777777777777,0.9645833333333332,20.0,75.0847222222222
LR,time,0,fixed,B_r10,10,,0.05,93.02430555555554,0.9649652777777776,0.0277777777777777,0.9645833333333332,50.0,43.02430555555554
LR,time,0,fixed,B_r10,10,,0.1,89.59027777777776,0.965347222222222,0.0277777777777777,0.9645833333333332,100.0,-10.409722222222243
LR,time,0,fixed,B_r10,10,,0.15,86.15624999999997,0.9657291666666666,0.0277777777777777,0.9645833333333332,150.0,-63.84375000000003
LR,time,0,fixed,B_r20,20,,0.02,95.64027777777775,0.964736111111111,0.0277777777777777,0.9645833333333332,40.0,55.640277777777754
LR,time,0,fixed,B_r20,20,,0.05,94.41319444444444,0.9649652777777776,0.0277777777777777,0.9645833333333332,100.0,-5.586805555555557
LR,time,0,fixed,B_r20,20,,0.1,92.36805555555551,0.965347222222222,0.0277777777777777,0.9645833333333332,200.0,-107.63194444444449
LR,time,0,fixed,B_r20,20,,0.15,90.32291666666664,0.9657291666666666,0.0277777777777777,0.9645833333333332,300.0,-209.67708333333337
LR,time,0,fixed,B_r50,50,,0.02,97.30694444444444,0.964736111111111,0.0277777777777777,0.9645833333333332,100.0,-2.69305555555556
LR,time,0,fixed,B_r50,50,,0.05,98.57986111111109,0.9649652777777776,0.0277777777777777,0.9645833333333332,250.0,-151.4201388888889
LR,time,0,fixed,B_r50,50,,0.1,100.70138888888884,0.965347222222222,0.0277777777777777,0.9645833333333332,500.0,-399.29861111111114
LR,time,0,fixed,B_r50,50,,0.15,102.8229166666666,0.9657291666666666,0.0277777777777777,0.9645833333333332,750.0,-647.1770833333334
LR,time,0,fixed,C_b01_r05,5,0.01,0.02,10.408333333333328,0.0040833333333332,1.0,0.0041666666666666,10.0,0.4083333333333279
LR,time,0,fixed,C_b01_r05,5,0.01,0.05,25.39583333333333,0.0039583333333332,1.0,0.0041666666666666,25.0,0.3958333333333286
LR,time,0,fixed,C_b01_r05,5,0.01,0.1,50.37499999999999,0.0037499999999999,1.0,0.0041666666666666,50.0,0.3749999999999929
LR,time,0,fixed,C_b01_r05,5,0.01,0.15,75.35416666666666,0.0035416666666666,1.0,0.0041666666666666,75.0,0.3541666666666572
LR,time,0,fixed,C_b01_r10,10,0.01,0.02,20.408333333333328,0.0040833333333332,1.0,0.0041666666666666,20.0,0.4083333333333279
LR,time,0,fixed,C_b01_r10,10,0.01,0.05,50.39583333333333,0.0039583333333332,1.0,0.0041666666666666,50.0,0.3958333333333286
LR,time,0,fixed,C_b01_r10,10,0.01,0.1,100.375,0.0037499999999999,1.0,0.0041666666666666,100.0,0.375
LR,time,0,fixed,C_b01_r10,10,0.01,0.15,150.35416666666666,0.0035416666666666,1.0,0.0041666666666666,150.0,0.3541666666666572
LR,time,0,fixed,C_b01_r20,20,0.01,0.02,40.40833333333333,0.0040833333333332,1.0,0.0041666666666666,40.0,0.40833333333333144
LR,time,0,fixed,C_b01_r20,20,0.01,0.05,100.39583333333331,0.0039583333333332,1.0,0.0041666666666666,100.0,0.3958333333333144
LR,time,0,fixed,C_b01_r20,20,0.01,0.1,200.375,0.0037499999999999,1.0,0.0041666666666666,200.0,0.375
LR,time,0,fixed,C_b01_r20,20,0.01,0.15,300.35416666666663,0.0035416666666666,1.0,0.0041666666666666,300.0,0.35416666666662877
LR,time,0,fixed,C_b01_r50,50,0.01,0.02,100.40833333333332,0.0040833333333332,1.0,0.0041666666666666,100.0,0.4083333333333172
LR,time,0,fixed,C_b01_r50,50,0.01,0.05,250.3958333333333,0.0039583333333332,1.0,0.0041666666666666,250.0,0.39583333333328596
LR,time,0,fixed,C_b01_r50,50,0.01,0.1,500.375,0.0037499999999999,1.0,0.0041666666666666,500.0,0.375
LR,time,0,fixed,C_b01_r50,50,0.01,0.15,750.3541666666667,0.0035416666666666,1.0,0.0041666666666666,750.0,0.35416666666674246
LR,time,0,fixed,C_b05_r05,5,0.05,0.02,10.6125,0.006125,1.0,0.00625,10.0,0.6125000000000007
LR,time,0,fixed,C_b05_r05,5,0.05,0.05,25.59375,0.0059375,1.0,0.00625,25.0,0.59375
LR,time,0,fixed,C_b05_r05,5,0.05,0.1,50.5625,0.005625,1.0,0.00625,50.0,0.5625
LR,time,0,fixed,C_b05_r05,5,0.05,0.15,75.53125,0.0053125,1.0,0.00625,75.0,0.53125
LR,time,0,fixed,C_b05_r10,10,0.05,0.02,20.6125,0.006125,1.0,0.00625,20.0,0.6125000000000007
LR,time,0,fixed,C_b05_r10,10,0.05,0.05,50.59375000000001,0.0059375,1.0,0.00625,50.0,0.5937500000000071
LR,time,0,fixed,C_b05_r10,10,0.05,0.1,100.5625,0.005625,1.0,0.00625,100.0,0.5625
LR,time,0,fixed,C_b05_r10,10,0.05,0.15,150.53125,0.0053125,1.0,0.00625,150.0,0.53125
LR,time,0,fixed,C_b05_r20,20,0.05,0.02,40.6125,0.006125,1.0,0.00625,40.0,0.6124999999999972
LR,time,0,fixed,C_b05_r20,20,0.05,0.05,100.59375,0.0059375,1.0,0.00625,100.0,0.59375
LR,time,0,fixed,C_b05_r20,20,0.05,0.1,200.56250000000003,0.005625,1.0,0.00625,200.0,0.5625000000000284
LR,time,0,fixed,C_b05_r20,20,0.05,0.15,300.53125,0.0053125,1.0,0.00625,300.0,0.53125
LR,time,0,fixed,C_b05_r50,50,0.05,0.02,100.6125,0.006125,1.0,0.00625,100.0,0.6124999999999972
LR,time,0,fixed,C_b05_r50,50,0.05,0.05,250.59375,0.0059375,1.0,0.00625,250.0,0.59375
LR,time,0,fixed,C_b05_r50,50,0.05,0.1,500.5625,0.005625,1.0,0.00625,500.0,0.5625
LR,time,0,fixed,C_b05_r50,50,0.05,0.15,750.53125,0.0053125,1.0,0.00625,750.0,0.53125
LR,time,0,fixed,C_b10_r05,5,0.1,0.02,11.429166666666664,0.0142916666666666,1.0,0.0145833333333333,10.0,1.4291666666666636
LR,time,0,fixed,C_b10_r05,5,0.1,0.05,26.38541666666666,0.0138541666666666,1.0,0.0145833333333333,25.0,1.3854166666666607
LR,time,0,fixed,C_b10_r05,5,0.1,0.1,51.31249999999999,0.0131249999999999,1.0,0.0145833333333333,50.0,1.312499999999993
LR,time,0,fixed,C_b10_r05,5,0.1,0.15,76.23958333333333,0.0123958333333333,1.0,0.0145833333333333,75.0,1.2395833333333286
LR,time,0,fixed,C_b10_r10,10,0.1,0.02,21.429166666666667,0.0142916666666666,1.0,0.0145833333333333,20.0,1.4291666666666671
LR,time,0,fixed,C_b10_r10,10,0.1,0.05,51.38541666666666,0.0138541666666666,1.0,0.0145833333333333,50.0,1.3854166666666572
LR,time,0,fixed,C_b10_r10,10,0.1,0.1,101.3125,0.0131249999999999,1.0,0.0145833333333333,100.0,1.3125
LR,time,0,fixed,C_b10_r10,10,0.1,0.15,151.23958333333334,0.0123958333333333,1.0,0.0145833333333333,150.0,1.2395833333333428
LR,time,0,fixed,C_b10_r20,20,0.1,0.02,41.42916666666667,0.0142916666666666,1.0,0.0145833333333333,40.0,1.4291666666666671
LR,time,0,fixed,C_b10_r20,20,0.1,0.05,101.38541666666669,0.0138541666666666,1.0,0.0145833333333333,100.0,1.3854166666666856
LR,time,0,fixed,C_b10_r20,20,0.1,0.1,201.3125,0.0131249999999999,1.0,0.0145833333333333,200.0,1.3125
LR,time,0,fixed,C_b10_r20,20,0.1,0.15,301.2395833333333,0.0123958333333333,1.0,0.0145833333333333,300.0,1.2395833333333144
LR,time,0,fixed,C_b10_r50,50,0.1,0.02,101.42916666666666,0.0142916666666666,1.0,0.0145833333333333,100.0,1.42916666666666
LR,time,0,fixed,C_b10_r50,50,0.1,0.05,251.38541666666663,0.0138541666666666,1.0,0.0145833333333333,250.0,1.3854166666666288
LR,time,0,fixed,C_b10_r50,50,0.1,0.1,501.3125,0.0131249999999999,1.0,0.0145833333333333,500.0,1.3125
LR,time,0,fixed,C_b10_r50,50,0.1,0.15,751.2395833333334,0.0123958333333333,1.0,0.0145833333333333,750.0,1.2395833333333712
LR,time,0,fixed,C_b20_r05,5,0.2,0.02,11.429166666666664,0.0142916666666666,1.0,0.0145833333333333,10.0,1.4291666666666636
LR,time,0,fixed,C_b20_r05,5,0.2,0.05,26.38541666666666,0.0138541666666666,1.0,0.0145833333333333,25.0,1.3854166666666607
LR,time,0,fixed,C_b20_r05,5,0.2,0.1,51.31249999999999,0.0131249999999999,1.0,0.0145833333333333,50.0,1.312499999999993
LR,time,0,fixed,C_b20_r05,5,0.2,0.15,76.23958333333333,0.0123958333333333,1.0,0.0145833333333333,75.0,1.2395833333333286
LR,time,0,fixed,C_b20_r10,10,0.2,0.02,25.365277777777774,0.0597638888888888,0.9722222222222222,0.0604166666666666,20.0,5.365277777777774
LR,time,0,fixed,C_b20_r10,10,0.2,0.05,54.35069444444444,0.0587847222222221,0.9722222222222222,0.0604166666666666,50.0,4.350694444444443
LR,time,0,fixed,C_b20_r10,10,0.2,0.1,102.6597222222222,0.0571527777777777,0.9722222222222222,0.0604166666666666,100.0,2.6597222222222
LR,time,0,fixed,C_b20_r10,10,0.2,0.15,150.96874999999997,0.0555208333333332,0.9722222222222222,0.0604166666666666,150.0,0.9687499999999716
LR,time,0,fixed,C_b20_r20,20,0.2,0.02,44.80972222222221,0.0597638888888888,0.9722222222222222,0.0604166666666666,40.0,4.809722222222213
LR,time,0,fixed,C_b20_r20,20,0.2,0.05,102.96180555555554,0.0587847222222221,0.9722222222222222,0.0604166666666666,100.0,2.961805555555543
LR,time,0,fixed,C_b20_r20,20,0.2,0.1,199.88194444444443,0.0571527777777777,0.9722222222222222,0.0604166666666666,200.0,-0.11805555555557135
LR,time,0,fixed,C_b20_r20,20,0.2,0.15,296.8020833333333,0.0555208333333332,0.9722222222222222,0.0604166666666666,300.0,-3.1979166666666856
LR,time,0,fixed,C_b20_r50,50,0.2,0.02,103.14305555555552,0.0597638888888888,0.9722222222222222,0.0604166666666666,100.0,3.14305555555552
LR,time,0,fixed,C_b20_r50,50,0.2,0.05,248.79513888888889,0.0587847222222221,0.9722222222222222,0.0604166666666666,250.0,-1.2048611111111143
LR,time,0,fixed,C_b20_r50,50,0.2,0.1,491.5486111111111,0.0571527777777777,0.9722222222222222,0.0604166666666666,500.0,-8.451388888888914
LR,time,0,fixed,C_b20_r50,50,0.2,0.15,734.3020833333334,0.0555208333333332,0.9722222222222222,0.0604166666666666,750.0,-15.697916666666629
LR,time,0,fixed,TopK_b01,5,0.01,0.02,11.020833333333329,0.0102083333333332,1.0,0.0104166666666666,10.0,1.0208333333333286
LR,time,0,fixed,TopK_b01,5,0.01,0.05,25.98958333333333,0.0098958333333332,1.0,0.0104166666666666,25.0,0.9895833333333286
LR,time,0,fixed,TopK_b01,5,0.01,0.1,50.93749999999999,0.0093749999999999,1.0,0.0104166666666666,50.0,0.9374999999999929
LR,time,0,fixed,TopK_b01,5,0.01,0.15,75.88541666666666,0.0088541666666666,1.0,0.0104166666666666,75.0,0.8854166666666572
LR,time,0,fixed,TopK_b01,10,0.01,0.02,21.02083333333333,0.0102083333333332,1.0,0.0104166666666666,20.0,1.0208333333333286
LR,time,0,fixed,TopK_b01,10,0.01,0.05,50.98958333333332,0.0098958333333332,1.0,0.0104166666666666,50.0,0.9895833333333215
LR,time,0,fixed,TopK_b01,10,0.01,0.1,100.9375,0.0093749999999999,1.0,0.0104166666666666,100.0,0.9375
LR,time,0,fixed,TopK_b01,10,0.01,0.15,150.88541666666666,0.0088541666666666,1.0,0.0104166666666666,150.0,0.8854166666666572
LR,time,0,fixed,TopK_b01,20,0.01,0.02,41.02083333333333,0.0102083333333332,1.0,0.0104166666666666,40.0,1.0208333333333286
LR,time,0,fixed,TopK_b01,20,0.01,0.05,100.98958333333331,0.0098958333333332,1.0,0.0104166666666666,100.0,0.9895833333333144
LR,time,0,fixed,TopK_b01,20,0.01,0.1,200.9375,0.0093749999999999,1.0,0.0104166666666666,200.0,0.9375
LR,time,0,fixed,TopK_b01,20,0.01,0.15,300.8854166666667,0.0088541666666666,1.0,0.0104166666666666,300.0,0.8854166666666856
LR,time,0,fixed,TopK_b01,50,0.01,0.02,101.02083333333334,0.0102083333333332,1.0,0.0104166666666666,100.0,1.0208333333333428
LR,time,0,fixed,TopK_b01,50,0.01,0.05,250.9895833333333,0.0098958333333332,1.0,0.0104166666666666,250.0,0.989583333333286
LR,time,0,fixed,TopK_b01,50,0.01,0.1,500.93750000000006,0.0093749999999999,1.0,0.0104166666666666,500.0,0.9375000000000568
LR,time,0,fixed,TopK_b01,50,0.01,0.15,750.8854166666666,0.0088541666666666,1.0,0.0104166666666666,750.0,0.8854166666666288
LR,time,0,fixed,TopK_b05,5,0.05,0.02,15.104166666666664,0.0510416666666666,1.0,0.0520833333333333,10.0,5.104166666666664
LR,time,0,fixed,TopK_b05,5,0.05,0.05,29.947916666666664,0.0494791666666666,1.0,0.0520833333333333,25.0,4.947916666666664
LR,time,0,fixed,TopK_b05,5,0.05,0.1,54.6875,0.0468749999999999,1.0,0.0520833333333333,50.0,4.6875
LR,time,0,fixed,TopK_b05,5,0.05,0.15,79.42708333333333,0.0442708333333333,1.0,0.0520833333333333,75.0,4.427083333333329
LR,time,0,fixed,TopK_b05,10,0.05,0.02,25.104166666666668,0.0510416666666666,1.0,0.0520833333333333,20.0,5.104166666666668
LR,time,0,fixed,TopK_b05,10,0.05,0.05,54.94791666666666,0.0494791666666666,1.0,0.0520833333333333,50.0,4.947916666666657
LR,time,0,fixed,TopK_b05,10,0.05,0.1,104.6875,0.0468749999999999,1.0,0.0520833333333333,100.0,4.6875
LR,time,0,fixed,TopK_b05,10,0.05,0.15,154.42708333333331,0.0442708333333333,1.0,0.0520833333333333,150.0,4.427083333333314
LR,time,0,fixed,TopK_b05,20,0.05,0.02,45.10416666666666,0.0510416666666666,1.0,0.0520833333333333,40.0,5.104166666666657
LR,time,0,fixed,TopK_b05,20,0.05,0.05,104.94791666666669,0.0494791666666666,1.0,0.0520833333333333,100.0,4.947916666666686
LR,time,0,fixed,TopK_b05,20,0.05,0.1,204.6875,0.0468749999999999,1.0,0.0520833333333333,200.0,4.6875
LR,time,0,fixed,TopK_b05,20,0.05,0.15,304.42708333333337,0.0442708333333333,1.0,0.0520833333333333,300.0,4.427083333333371
LR,time,0,fixed,TopK_b05,50,0.05,0.02,105.10416666666669,0.0510416666666666,1.0,0.0520833333333333,100.0,5.104166666666686
LR,time,0,fixed,TopK_b05,50,0.05,0.05,254.94791666666663,0.0494791666666666,1.0,0.0520833333333333,250.0,4.947916666666629
LR,time,0,fixed,TopK_b05,50,0.05,0.1,504.6875,0.0468749999999999,1.0,0.0520833333333333,500.0,4.6875
LR,time,0,fixed,TopK_b05,50,0.05,0.15,754.4270833333333,0.0442708333333333,1.0,0.0520833333333333,750.0,4.4270833333332575
LR,time,0,fixed,TopK_b10,5,0.1,0.02,17.520833333333336,0.0952083333333333,0.8333333333333334,0.09375,10.0,7.520833333333336
LR,time,0,fixed,TopK_b10,5,0.1,0.05,29.73958333333333,0.0973958333333333,0.8333333333333334,0.09375,25.0,4.739583333333329
LR,time,0,fixed,TopK_b10,5,0.1,0.1,50.10416666666667,0.1010416666666666,0.8333333333333334,0.09375,50.0,0.1041666666666714
LR,time,0,fixed,TopK_b10,5,0.1,0.15,70.46875,0.1046874999999999,0.8333333333333334,0.09375,75.0,-4.53125
LR,time,0,fixed,TopK_b10,10,0.1,0.02,25.854166666666668,0.0952083333333333,0.8333333333333334,0.09375,20.0,5.854166666666668
LR,time,0,fixed,TopK_b10,10,0.1,0.05,50.57291666666666,0.0973958333333333,0.8333333333333334,0.09375,50.0,0.5729166666666572
LR,time,0,fixed,TopK_b10,10,0.1,0.1,91.77083333333331,0.1010416666666666,0.8333333333333334,0.09375,100.0,-8.229166666666686
LR,time,0,fixed,TopK_b10,10,0.1,0.15,132.96875,0.1046874999999999,0.8333333333333334,0.09375,150.0,-17.03125
LR,time,0,fixed,TopK_b10,20,0.1,0.02,42.520833333333336,0.0952083333333333,0.8333333333333334,0.09375,40.0,2.5208333333333357
LR,time,0,fixed,TopK_b10,20,0.1,0.05,92.23958333333331,0.0973958333333333,0.8333333333333334,0.09375,100.0,-7.760416666666686
LR,time,0,fixed,TopK_b10,20,0.1,0.1,175.10416666666669,0.1010416666666666,0.8333333333333334,0.09375,200.0,-24.895833333333314
LR,time,0,fixed,TopK_b10,20,0.1,0.15,257.96875,0.1046874999999999,0.8333333333333334,0.09375,300.0,-42.03125
LR,time,0,fixed,TopK_b10,50,0.1,0.02,92.52083333333334,0.0952083333333333,0.8333333333333334,0.09375,100.0,-7.479166666666657
LR,time,0,fixed,TopK_b10,50,0.1,0.05,217.23958333333331,0.0973958333333333,0.8333333333333334,0.09375,250.0,-32.760416666666686
LR,time,0,fixed,TopK_b10,50,0.1,0.1,425.1041666666667,0.1010416666666666,0.8333333333333334,0.09375,500.0,-74.89583333333331
LR,time,0,fixed,TopK_b10,50,0.1,0.15,632.96875,0.1046874999999999,0.8333333333333334,0.09375,750.0,-117.03125
LR,time,0,fixed,TopK_b20,5,0.2,0.02,23.31805555555556,0.1865138888888889,0.5555555555555556,0.18125,10.0,13.31805555555556
LR,time,0,fixed,TopK_b20,5,0.2,0.05,31.10763888888889,0.1944097222222222,0.5555555555555556,0.18125,25.0,6.107638888888889
LR,time,0,fixed,TopK_b20,5,0.2,0.1,44.09027777777778,0.2075694444444444,0.5555555555555556,0.18125,50.0,-5.909722222222221
LR,time,0,fixed,TopK_b20,5,0.2,0.15,57.07291666666667,0.2207291666666666,0.5555555555555556,0.18125,75.0,-17.92708333333333
LR,time,0,fixed,TopK_b20,10,0.2,0.02,28.873611111111117,0.1865138888888889,0.5555555555555556,0.18125,20.0,8.873611111111117
LR,time,0,fixed,TopK_b20,10,0.2,0.05,44.99652777777778,0.1944097222222222,0.5555555555555556,0.18125,50.0,-5.003472222222221
LR,time,0,fixed,TopK_b20,10,0.2,0.1,71.86805555555556,0.2075694444444444,0.5555555555555556,0.18125,100.0,-28.131944444444443
LR,time,0,fixed,TopK_b20,10,0.2,0.15,98.73958333333334,0.2207291666666666,0.5555555555555556,0.18125,150.0,-51.26041666666666
LR,time,0,fixed,TopK_b20,20,0.2,0.02,39.984722222222224,0.1865138888888889,0.5555555555555556,0.18125,40.0,-0.015277777777775725
LR,time,0,fixed,TopK_b20,20,0.2,0.05,72.77430555555556,0.1944097222222222,0.5555555555555556,0.18125,100.0,-27.225694444444443
LR,time,0,fixed,TopK_b20,20,0.2,0.1,127.42361111111111,0.2075694444444444,0.5555555555555556,0.18125,200.0,-72.57638888888889
LR,time,0,fixed,TopK_b20,20,0.2,0.15,182.07291666666669,0.2207291666666666,0.5555555555555556,0.18125,300.0,-117.92708333333331
LR,time,0,fixed,TopK_b20,50,0.2,0.02,73.31805555555556,0.1865138888888889,0.5555555555555556,0.18125,100.0,-26.68194444444444
LR,time,0,fixed,TopK_b20,50,0.2,0.05,156.10763888888889,0.1944097222222222,0.5555555555555556,0.18125,250.0,-93.89236111111111
LR,time,0,fixed,TopK_b20,50,0.2,0.1,294.09027777777777,0.2075694444444444,0.5555555555555556,0.18125,500.0,-205.90972222222223
LR,time,0,fixed,TopK_b20,50,0.2,0.15,432.07291666666674,0.2207291666666666,0.5555555555555556,0.18125,750.0,-317.92708333333326
LR,time,0,refitted,none,5,,0.02,10.0,0.0,1.0,0.0,10.0,0.0
LR,time,0,refitted,none,5,,0.05,25.0,0.0,1.0,0.0,25.0,0.0
LR,time,0,refitted,none,5,,0.1,50.0,0.0,1.0,0.0,50.0,0.0
LR,time,0,refitted,none,5,,0.15,75.0,0.0,1.0,0.0,75.0,0.0
LR,time,0,refitted,none,10,,0.02,20.0,0.0,1.0,0.0,20.0,0.0
LR,time,0,refitted,none,10,,0.05,50.0,0.0,1.0,0.0,50.0,0.0
LR,time,0,refitted,none,10,,0.1,100.0,0.0,1.0,0.0,100.0,0.0
LR,time,0,refitted,none,10,,0.15,150.0,0.0,1.0,0.0,150.0,0.0
LR,time,0,refitted,none,20,,0.02,40.0,0.0,1.0,0.0,40.0,0.0
LR,time,0,refitted,none,20,,0.05,100.0,0.0,1.0,0.0,100.0,0.0
LR,time,0,refitted,none,20,,0.1,200.0,0.0,1.0,0.0,200.0,0.0
LR,time,0,refitted,none,20,,0.15,300.0,0.0,1.0,0.0,300.0,0.0
LR,time,0,refitted,none,50,,0.02,100.0,0.0,1.0,0.0,100.0,0.0
LR,time,0,refitted,none,50,,0.05,250.0,0.0,1.0,0.0,250.0,0.0
LR,time,0,refitted,none,50,,0.1,500.0,0.0,1.0,0.0,500.0,0.0
LR,time,0,refitted,none,50,,0.15,750.0,0.0,1.0,0.0,750.0,0.0
LR,time,0,refitted,A_b01,5,0.01,0.02,10.204166666666664,0.0020416666666666,1.0,0.0020833333333333,10.0,0.20416666666666394
LR,time,0,refitted,A_b01,5,0.01,0.05,25.197916666666664,0.0019791666666666,1.0,0.0020833333333333,25.0,0.1979166666666643
LR,time,0,refitted,A_b01,5,0.01,0.1,50.18749999999999,0.0018749999999999,1.0,0.0020833333333333,50.0,0.1874999999999929
LR,time,0,refitted,A_b01,5,0.01,0.15,75.17708333333333,0.0017708333333333,1.0,0.0020833333333333,75.0,0.1770833333333286
LR,time,0,refitted,A_b01,10,0.01,0.02,20.204166666666666,0.0020416666666666,1.0,0.0020833333333333,20.0,0.20416666666666572
LR,time,0,refitted,A_b01,10,0.01,0.05,50.19791666666666,0.0019791666666666,1.0,0.0020833333333333,50.0,0.1979166666666572
LR,time,0,refitted,A_b01,10,0.01,0.1,100.1875,0.0018749999999999,1.0,0.0020833333333333,100.0,0.1875
LR,time,0,refitted,A_b01,10,0.01,0.15,150.17708333333331,0.0017708333333333,1.0,0.0020833333333333,150.0,0.17708333333331439
LR,time,0,refitted,A_b01,20,0.01,0.02,40.204166666666666,0.0020416666666666,1.0,0.0020833333333333,40.0,0.20416666666666572
LR,time,0,refitted,A_b01,20,0.01,0.05,100.19791666666666,0.0019791666666666,1.0,0.0020833333333333,100.0,0.1979166666666572
LR,time,0,refitted,A_b01,20,0.01,0.1,200.1875,0.0018749999999999,1.0,0.0020833333333333,200.0,0.1875
LR,time,0,refitted,A_b01,20,0.01,0.15,300.17708333333337,0.0017708333333333,1.0,0.0020833333333333,300.0,0.17708333333337123
LR,time,0,refitted,A_b01,50,0.01,0.02,100.20416666666668,0.0020416666666666,1.0,0.0020833333333333,100.0,0.20416666666667993
LR,time,0,refitted,A_b01,50,0.01,0.05,250.19791666666663,0.0019791666666666,1.0,0.0020833333333333,250.0,0.19791666666662877
LR,time,0,refitted,A_b01,50,0.01,0.1,500.1875,0.0018749999999999,1.0,0.0020833333333333,500.0,0.1875
LR,time,0,refitted,A_b01,50,0.01,0.15,750.1770833333334,0.0017708333333333,1.0,0.0020833333333333,750.0,0.17708333333337123
LR,time,0,refitted,A_b05,5,0.05,0.02,10.408333333333328,0.0040833333333332,1.0,0.0041666666666666,10.0,0.4083333333333279
LR,time,0,refitted,A_b05,5,0.05,0.05,25.39583333333333,0.0039583333333332,1.0,0.0041666666666666,25.0,0.3958333333333286
LR,time,0,refitted,A_b05,5,0.05,0.1,50.37499999999999,0.0037499999999999,1.0,0.0041666666666666,50.0,0.3749999999999929
LR,time,0,refitted,A_b05,5,0.05,0.15,75.35416666666666,0.0035416666666666,1.0,0.0041666666666666,75.0,0.3541666666666572
LR,time,0,refitted,A_b05,10,0.05,0.02,20.408333333333328,0.0040833333333332,1.0,0.0041666666666666,20.0,0.4083333333333279
LR,time,0,refitted,A_b05,10,0.05,0.05,50.39583333333333,0.0039583333333332,1.0,0.0041666666666666,50.0,0.3958333333333286
LR,time,0,refitted,A_b05,10,0.05,0.1,100.375,0.0037499999999999,1.0,0.0041666666666666,100.0,0.375
LR,time,0,refitted,A_b05,10,0.05,0.15,150.35416666666666,0.0035416666666666,1.0,0.0041666666666666,150.0,0.3541666666666572
LR,time,0,refitted,A_b05,20,0.05,0.02,40.40833333333333,0.0040833333333332,1.0,0.0041666666666666,40.0,0.40833333333333144
LR,time,0,refitted,A_b05,20,0.05,0.05,100.39583333333331,0.0039583333333332,1.0,0.0041666666666666,100.0,0.3958333333333144
LR,time,0,refitted,A_b05,20,0.05,0.1,200.375,0.0037499999999999,1.0,0.0041666666666666,200.0,0.375
LR,time,0,refitted,A_b05,20,0.05,0.15,300.35416666666663,0.0035416666666666,1.0,0.0041666666666666,300.0,0.35416666666662877
LR,time,0,refitted,A_b05,50,0.05,0.02,100.40833333333332,0.0040833333333332,1.0,0.0041666666666666,100.0,0.4083333333333172
LR,time,0,refitted,A_b05,50,0.05,0.05,250.3958333333333,0.0039583333333332,1.0,0.0041666666666666,250.0,0.39583333333328596
LR,time,0,refitted,A_b05,50,0.05,0.1,500.375,0.0037499999999999,1.0,0.0041666666666666,500.0,0.375
LR,time,0,refitted,A_b05,50,0.05,0.15,750.3541666666667,0.0035416666666666,1.0,0.0041666666666666,750.0,0.35416666666674246
LR,time,0,refitted,A_b10,5,0.1,0.02,10.6125,0.006125,1.0,0.00625,10.0,0.6125000000000007
LR,time,0,refitted,A_b10,5,0.1,0.05,25.59375,0.0059375,1.0,0.00625,25.0,0.59375
LR,time,0,refitted,A_b10,5,0.1,0.1,50.5625,0.005625,1.0,0.00625,50.0,0.5625
LR,time,0,refitted,A_b10,5,0.1,0.15,75.53125,0.0053125,1.0,0.00625,75.0,0.53125
LR,time,0,refitted,A_b10,10,0.1,0.02,20.6125,0.006125,1.0,0.00625,20.0,0.6125000000000007
LR,time,0,refitted,A_b10,10,0.1,0.05,50.59375000000001,0.0059375,1.0,0.00625,50.0,0.5937500000000071
LR,time,0,refitted,A_b10,10,0.1,0.1,100.5625,0.005625,1.0,0.00625,100.0,0.5625
LR,time,0,refitted,A_b10,10,0.1,0.15,150.53125,0.0053125,1.0,0.00625,150.0,0.53125
LR,time,0,refitted,A_b10,20,0.1,0.02,40.6125,0.006125,1.0,0.00625,40.0,0.6124999999999972
LR,time,0,refitted,A_b10,20,0.1,0.05,100.59375,0.0059375,1.0,0.00625,100.0,0.59375
LR,time,0,refitted,A_b10,20,0.1,0.1,200.56250000000003,0.005625,1.0,0.00625,200.0,0.5625000000000284
LR,time,0,refitted,A_b10,20,0.1,0.15,300.53125,0.0053125,1.0,0.00625,300.0,0.53125
LR,time,0,refitted,A_b10,50,0.1,0.02,100.6125,0.006125,1.0,0.00625,100.0,0.6124999999999972
LR,time,0,refitted,A_b10,50,0.1,0.05,250.59375,0.0059375,1.0,0.00625,250.0,0.59375
LR,time,0,refitted,A_b10,50,0.1,0.1,500.5625,0.005625,1.0,0.00625,500.0,0.5625
LR,time,0,refitted,A_b10,50,0.1,0.15,750.53125,0.0053125,1.0,0.00625,750.0,0.53125
LR,time,0,refitted,A_b20,5,0.2,0.02,12.172222222222222,0.0250555555555555,0.9722222222222222,0.025,10.0,2.1722222222222225
LR,time,0,refitted,A_b20,5,0.2,0.05,26.68055555555556,0.0251388888888888,0.9722222222222222,0.025,25.0,1.6805555555555607
LR,time,0,refitted,A_b20,5,0.2,0.1,50.86111111111112,0.0252777777777777,0.9722222222222222,0.025,50.0,0.8611111111111214
LR,time,0,refitted,A_b20,5,0.2,0.15,75.04166666666666,0.0254166666666666,0.9722222222222222,0.025,75.0,0.04166666666665719
LR,time,0,refitted,A_b20,10,0.2,0.02,21.89444444444445,0.0250555555555555,0.9722222222222222,0.025,20.0,1.8944444444444493
LR,time,0,refitted,A_b20,10,0.2,0.05,50.98611111111111,0.0251388888888888,0.9722222222222222,0.025,50.0,0.9861111111111072
LR,time,0,refitted,A_b20,10,0.2,0.1,99.4722222222222,0.0252777777777777,0.9722222222222222,0.025,100.0,-0.5277777777777999
LR,time,0,refitted,A_b20,10,0.2,0.15,147.95833333333331,0.0254166666666666,0.9722222222222222,0.025,150.0,-2.0416666666666856
LR,time,0,refitted,A_b20,20,0.2,0.02,41.33888888888889,0.0250555555555555,0.9722222222222222,0.025,40.0,1.3388888888888886
LR,time,0,refitted,A_b20,20,0.2,0.05,99.59722222222224,0.0251388888888888,0.9722222222222222,0.025,100.0,-0.40277777777775725
LR,time,0,refitted,A_b20,20,0.2,0.1,196.69444444444443,0.0252777777777777,0.9722222222222222,0.025,200.0,-3.3055555555555713
LR,time,0,refitted,A_b20,20,0.2,0.15,293.7916666666667,0.0254166666666666,0.9722222222222222,0.025,300.0,-6.208333333333314
LR,time,0,refitted,A_b20,50,0.2,0.02,99.67222222222222,0.0250555555555555,0.9722222222222222,0.025,100.0,-0.32777777777778283
LR,time,0,refitted,A_b20,50,0.2,0.05,245.43055555555557,0.0251388888888888,0.9722222222222222,0.025,250.0,-4.569444444444429
LR,time,0,refitted,A_b20,50,0.2,0.1,488.3611111111111,0.0252777777777777,0.9722222222222222,0.025,500.0,-11.638888888888914
LR,time,0,refitted,A_b20,50,0.2,0.15,731.2916666666667,0.0254166666666666,0.9722222222222222,0.025,750.0,-18.708333333333258
LR,time,0,refitted,B_r05,5,,0.02,35.909722222222214,0.3524305555555555,0.2222222222222222,0.34375,10.0,25.909722222222214
LR,time,0,refitted,B_r05,5,,0.05,38.21180555555556,0.3654513888888888,0.2222222222222222,0.34375,25.0,13.211805555555557
LR,time,0,refitted,B_r05,5,,0.1,42.04861111111112,0.3871527777777778,0.2222222222222222,0.34375,50.0,-7.951388888888879
LR,time,0,refitted,B_r05,5,,0.15,45.88541666666666,0.4088541666666666,0.2222222222222222,0.34375,75.0,-29.114583333333343
LR,time,0,refitted,B_r10,10,,0.02,98.1472222222222,0.995361111111111,0.0277777777777777,0.9958333333333332,20.0,78.1472222222222
LR,time,0,refitted,B_r10,10,,0.05,95.99305555555554,0.9946527777777776,0.0277777777777777,0.9958333333333332,50.0,45.99305555555554
LR,time,0,refitted,B_r10,10,,0.1,92.40277777777776,0.993472222222222,0.0277777777777777,0.9958333333333332,100.0,-7.597222222222243
LR,time,0,refitted,B_r10,10,,0.15,88.81249999999997,0.9922916666666666,0.0277777777777777,0.9958333333333332,150.0,-61.18750000000003
LR,time,0,refitted,B_r20,20,,0.02,98.70277777777775,0.995361111111111,0.0277777777777777,0.9958333333333332,40.0,58.702777777777754
LR,time,0,refitted,B_r20,20,,0.05,97.38194444444444,0.9946527777777776,0.0277777777777777,0.9958333333333332,100.0,-2.618055555555557
LR,time,0,refitted,B_r20,20,,0.1,95.18055555555551,0.993472222222222,0.0277777777777777,0.9958333333333332,200.0,-104.81944444444449
LR,time,0,refitted,B_r20,20,,0.15,92.97916666666664,0.9922916666666666,0.0277777777777777,0.9958333333333332,300.0,-207.02083333333337
LR,time,0,refitted,B_r50,50,,0.02,100.36944444444444,0.995361111111111,0.0277777777777777,0.9958333333333332,100.0,0.36944444444444
LR,time,0,refitted,B_r50,50,,0.05,101.54861111111109,0.9946527777777776,0.0277777777777777,0.9958333333333332,250.0,-148.4513888888889
LR,time,0,refitted,B_r50,50,,0.1,103.51388888888884,0.993472222222222,0.0277777777777777,0.9958333333333332,500.0,-396.48611111111114
LR,time,0,refitted,B_r50,50,,0.15,105.4791666666666,0.9922916666666666,0.0277777777777777,0.9958333333333332,750.0,-644.5208333333334
LR,time,0,refitted,C_b01_r05,5,0.01,0.02,10.204166666666664,0.0020416666666666,1.0,0.0020833333333333,10.0,0.20416666666666394
LR,time,0,refitted,C_b01_r05,5,0.01,0.05,25.197916666666664,0.0019791666666666,1.0,0.0020833333333333,25.0,0.1979166666666643
LR,time,0,refitted,C_b01_r05,5,0.01,0.1,50.18749999999999,0.0018749999999999,1.0,0.0020833333333333,50.0,0.1874999999999929
LR,time,0,refitted,C_b01_r05,5,0.01,0.15,75.17708333333333,0.0017708333333333,1.0,0.0020833333333333,75.0,0.1770833333333286
LR,time,0,refitted,C_b01_r10,10,0.01,0.02,20.204166666666666,0.0020416666666666,1.0,0.0020833333333333,20.0,0.20416666666666572
LR,time,0,refitted,C_b01_r10,10,0.01,0.05,50.19791666666666,0.0019791666666666,1.0,0.0020833333333333,50.0,0.1979166666666572
LR,time,0,refitted,C_b01_r10,10,0.01,0.1,100.1875,0.0018749999999999,1.0,0.0020833333333333,100.0,0.1875
LR,time,0,refitted,C_b01_r10,10,0.01,0.15,150.17708333333331,0.0017708333333333,1.0,0.0020833333333333,150.0,0.17708333333331439
LR,time,0,refitted,C_b01_r20,20,0.01,0.02,40.204166666666666,0.0020416666666666,1.0,0.0020833333333333,40.0,0.20416666666666572
LR,time,0,refitted,C_b01_r20,20,0.01,0.05,100.19791666666666,0.0019791666666666,1.0,0.0020833333333333,100.0,0.1979166666666572
LR,time,0,refitted,C_b01_r20,20,0.01,0.1,200.1875,0.0018749999999999,1.0,0.0020833333333333,200.0,0.1875
LR,time,0,refitted,C_b01_r20,20,0.01,0.15,300.17708333333337,0.0017708333333333,1.0,0.0020833333333333,300.0,0.17708333333337123
LR,time,0,refitted,C_b01_r50,50,0.01,0.02,100.20416666666668,0.0020416666666666,1.0,0.0020833333333333,100.0,0.20416666666667993
LR,time,0,refitted,C_b01_r50,50,0.01,0.05,250.19791666666663,0.0019791666666666,1.0,0.0020833333333333,250.0,0.19791666666662877
LR,time,0,refitted,C_b01_r50,50,0.01,0.1,500.1875,0.0018749999999999,1.0,0.0020833333333333,500.0,0.1875
LR,time,0,refitted,C_b01_r50,50,0.01,0.15,750.1770833333334,0.0017708333333333,1.0,0.0020833333333333,750.0,0.17708333333337123
LR,time,0,refitted,C_b05_r05,5,0.05,0.02,10.408333333333328,0.0040833333333332,1.0,0.0041666666666666,10.0,0.4083333333333279
LR,time,0,refitted,C_b05_r05,5,0.05,0.05,25.39583333333333,0.0039583333333332,1.0,0.0041666666666666,25.0,0.3958333333333286
LR,time,0,refitted,C_b05_r05,5,0.05,0.1,50.37499999999999,0.0037499999999999,1.0,0.0041666666666666,50.0,0.3749999999999929
LR,time,0,refitted,C_b05_r05,5,0.05,0.15,75.35416666666666,0.0035416666666666,1.0,0.0041666666666666,75.0,0.3541666666666572
LR,time,0,refitted,C_b05_r10,10,0.05,0.02,20.408333333333328,0.0040833333333332,1.0,0.0041666666666666,20.0,0.4083333333333279
LR,time,0,refitted,C_b05_r10,10,0.05,0.05,50.39583333333333,0.0039583333333332,1.0,0.0041666666666666,50.0,0.3958333333333286
LR,time,0,refitted,C_b05_r10,10,0.05,0.1,100.375,0.0037499999999999,1.0,0.0041666666666666,100.0,0.375
LR,time,0,refitted,C_b05_r10,10,0.05,0.15,150.35416666666666,0.0035416666666666,1.0,0.0041666666666666,150.0,0.3541666666666572
LR,time,0,refitted,C_b05_r20,20,0.05,0.02,40.40833333333333,0.0040833333333332,1.0,0.0041666666666666,40.0,0.40833333333333144
LR,time,0,refitted,C_b05_r20,20,0.05,0.05,100.39583333333331,0.0039583333333332,1.0,0.0041666666666666,100.0,0.3958333333333144
LR,time,0,refitted,C_b05_r20,20,0.05,0.1,200.375,0.0037499999999999,1.0,0.0041666666666666,200.0,0.375
LR,time,0,refitted,C_b05_r20,20,0.05,0.15,300.35416666666663,0.0035416666666666,1.0,0.0041666666666666,300.0,0.35416666666662877
LR,time,0,refitted,C_b05_r50,50,0.05,0.02,100.40833333333332,0.0040833333333332,1.0,0.0041666666666666,100.0,0.4083333333333172
LR,time,0,refitted,C_b05_r50,50,0.05,0.05,250.3958333333333,0.0039583333333332,1.0,0.0041666666666666,250.0,0.39583333333328596
LR,time,0,refitted,C_b05_r50,50,0.05,0.1,500.375,0.0037499999999999,1.0,0.0041666666666666,500.0,0.375
LR,time,0,refitted,C_b05_r50,50,0.05,0.15,750.3541666666667,0.0035416666666666,1.0,0.0041666666666666,750.0,0.35416666666674246
LR,time,0,refitted,C_b10_r05,5,0.1,0.02,10.408333333333328,0.0040833333333332,1.0,0.0041666666666666,10.0,0.4083333333333279
LR,time,0,refitted,C_b10_r05,5,0.1,0.05,25.39583333333333,0.0039583333333332,1.0,0.0041666666666666,25.0,0.3958333333333286
LR,time,0,refitted,C_b10_r05,5,0.1,0.1,50.37499999999999,0.0037499999999999,1.0,0.0041666666666666,50.0,0.3749999999999929
LR,time,0,refitted,C_b10_r05,5,0.1,0.15,75.35416666666666,0.0035416666666666,1.0,0.0041666666666666,75.0,0.3541666666666572
LR,time,0,refitted,C_b10_r10,10,0.1,0.02,20.408333333333328,0.0040833333333332,1.0,0.0041666666666666,20.0,0.4083333333333279
LR,time,0,refitted,C_b10_r10,10,0.1,0.05,50.39583333333333,0.0039583333333332,1.0,0.0041666666666666,50.0,0.3958333333333286
LR,time,0,refitted,C_b10_r10,10,0.1,0.1,100.375,0.0037499999999999,1.0,0.0041666666666666,100.0,0.375
LR,time,0,refitted,C_b10_r10,10,0.1,0.15,150.35416666666666,0.0035416666666666,1.0,0.0041666666666666,150.0,0.3541666666666572
LR,time,0,refitted,C_b10_r20,20,0.1,0.02,40.40833333333333,0.0040833333333332,1.0,0.0041666666666666,40.0,0.40833333333333144
LR,time,0,refitted,C_b10_r20,20,0.1,0.05,100.39583333333331,0.0039583333333332,1.0,0.0041666666666666,100.0,0.3958333333333144
LR,time,0,refitted,C_b10_r20,20,0.1,0.1,200.375,0.0037499999999999,1.0,0.0041666666666666,200.0,0.375
LR,time,0,refitted,C_b10_r20,20,0.1,0.15,300.35416666666663,0.0035416666666666,1.0,0.0041666666666666,300.0,0.35416666666662877
LR,time,0,refitted,C_b10_r50,50,0.1,0.02,100.40833333333332,0.0040833333333332,1.0,0.0041666666666666,100.0,0.4083333333333172
LR,time,0,refitted,C_b10_r50,50,0.1,0.05,250.3958333333333,0.0039583333333332,1.0,0.0041666666666666,250.0,0.39583333333328596
LR,time,0,refitted,C_b10_r50,50,0.1,0.1,500.375,0.0037499999999999,1.0,0.0041666666666666,500.0,0.375
LR,time,0,refitted,C_b10_r50,50,0.1,0.15,750.3541666666667,0.0035416666666666,1.0,0.0041666666666666,750.0,0.35416666666674246
LR,time,0,refitted,C_b20_r05,5,0.2,0.02,10.408333333333328,0.0040833333333332,1.0,0.0041666666666666,10.0,0.4083333333333279
LR,time,0,refitted,C_b20_r05,5,0.2,0.05,25.39583333333333,0.0039583333333332,1.0,0.0041666666666666,25.0,0.3958333333333286
LR,time,0,refitted,C_b20_r05,5,0.2,0.1,50.37499999999999,0.0037499999999999,1.0,0.0041666666666666,50.0,0.3749999999999929
LR,time,0,refitted,C_b20_r05,5,0.2,0.15,75.35416666666666,0.0035416666666666,1.0,0.0041666666666666,75.0,0.3541666666666572
LR,time,0,refitted,C_b20_r10,10,0.2,0.02,21.89444444444445,0.0250555555555555,0.9722222222222222,0.025,20.0,1.8944444444444493
LR,time,0,refitted,C_b20_r10,10,0.2,0.05,50.98611111111111,0.0251388888888888,0.9722222222222222,0.025,50.0,0.9861111111111072
LR,time,0,refitted,C_b20_r10,10,0.2,0.1,99.4722222222222,0.0252777777777777,0.9722222222222222,0.025,100.0,-0.5277777777777999
LR,time,0,refitted,C_b20_r10,10,0.2,0.15,147.95833333333331,0.0254166666666666,0.9722222222222222,0.025,150.0,-2.0416666666666856
LR,time,0,refitted,C_b20_r20,20,0.2,0.02,41.33888888888889,0.0250555555555555,0.9722222222222222,0.025,40.0,1.3388888888888886
LR,time,0,refitted,C_b20_r20,20,0.2,0.05,99.59722222222224,0.0251388888888888,0.9722222222222222,0.025,100.0,-0.40277777777775725
LR,time,0,refitted,C_b20_r20,20,0.2,0.1,196.69444444444443,0.0252777777777777,0.9722222222222222,0.025,200.0,-3.3055555555555713
LR,time,0,refitted,C_b20_r20,20,0.2,0.15,293.7916666666667,0.0254166666666666,0.9722222222222222,0.025,300.0,-6.208333333333314
LR,time,0,refitted,C_b20_r50,50,0.2,0.02,99.67222222222222,0.0250555555555555,0.9722222222222222,0.025,100.0,-0.32777777777778283
LR,time,0,refitted,C_b20_r50,50,0.2,0.05,245.43055555555557,0.0251388888888888,0.9722222222222222,0.025,250.0,-4.569444444444429
LR,time,0,refitted,C_b20_r50,50,0.2,0.1,488.3611111111111,0.0252777777777777,0.9722222222222222,0.025,500.0,-11.638888888888914
LR,time,0,refitted,C_b20_r50,50,0.2,0.15,731.2916666666667,0.0254166666666666,0.9722222222222222,0.025,750.0,-18.708333333333258
LR,time,0,refitted,TopK_b01,5,0.01,0.02,11.020833333333329,0.0102083333333332,1.0,0.0104166666666666,10.0,1.0208333333333286
LR,time,0,refitted,TopK_b01,5,0.01,0.05,25.98958333333333,0.0098958333333332,1.0,0.0104166666666666,25.0,0.9895833333333286
LR,time,0,refitted,TopK_b01,5,0.01,0.1,50.93749999999999,0.0093749999999999,1.0,0.0104166666666666,50.0,0.9374999999999929
LR,time,0,refitted,TopK_b01,5,0.01,0.15,75.88541666666666,0.0088541666666666,1.0,0.0104166666666666,75.0,0.8854166666666572
LR,time,0,refitted,TopK_b01,10,0.01,0.02,21.02083333333333,0.0102083333333332,1.0,0.0104166666666666,20.0,1.0208333333333286
LR,time,0,refitted,TopK_b01,10,0.01,0.05,50.98958333333332,0.0098958333333332,1.0,0.0104166666666666,50.0,0.9895833333333215
LR,time,0,refitted,TopK_b01,10,0.01,0.1,100.9375,0.0093749999999999,1.0,0.0104166666666666,100.0,0.9375
LR,time,0,refitted,TopK_b01,10,0.01,0.15,150.88541666666666,0.0088541666666666,1.0,0.0104166666666666,150.0,0.8854166666666572
LR,time,0,refitted,TopK_b01,20,0.01,0.02,41.02083333333333,0.0102083333333332,1.0,0.0104166666666666,40.0,1.0208333333333286
LR,time,0,refitted,TopK_b01,20,0.01,0.05,100.98958333333331,0.0098958333333332,1.0,0.0104166666666666,100.0,0.9895833333333144
LR,time,0,refitted,TopK_b01,20,0.01,0.1,200.9375,0.0093749999999999,1.0,0.0104166666666666,200.0,0.9375
LR,time,0,refitted,TopK_b01,20,0.01,0.15,300.8854166666667,0.0088541666666666,1.0,0.0104166666666666,300.0,0.8854166666666856
LR,time,0,refitted,TopK_b01,50,0.01,0.02,101.02083333333334,0.0102083333333332,1.0,0.0104166666666666,100.0,1.0208333333333428
LR,time,0,refitted,TopK_b01,50,0.01,0.05,250.9895833333333,0.0098958333333332,1.0,0.0104166666666666,250.0,0.989583333333286
LR,time,0,refitted,TopK_b01,50,0.01,0.1,500.93750000000006,0.0093749999999999,1.0,0.0104166666666666,500.0,0.9375000000000568
LR,time,0,refitted,TopK_b01,50,0.01,0.15,750.8854166666666,0.0088541666666666,1.0,0.0104166666666666,750.0,0.8854166666666288
LR,time,0,refitted,TopK_b05,5,0.05,0.02,13.658333333333331,0.0465833333333333,0.9166666666666666,0.0458333333333333,10.0,3.6583333333333314
LR,time,0,refitted,TopK_b05,5,0.05,0.05,27.27083333333333,0.0477083333333333,0.9166666666666666,0.0458333333333333,25.0,2.2708333333333286
LR,time,0,refitted,TopK_b05,5,0.05,0.1,49.95833333333333,0.0495833333333333,0.9166666666666666,0.0458333333333333,50.0,-0.041666666666671404
LR,time,0,refitted,TopK_b05,5,0.05,0.15,72.64583333333333,0.0514583333333333,0.9166666666666666,0.0458333333333333,75.0,-2.3541666666666714
LR,time,0,refitted,TopK_b05,10,0.05,0.02,22.825,0.0465833333333333,0.9166666666666666,0.0458333333333333,20.0,2.8249999999999993
LR,time,0,refitted,TopK_b05,10,0.05,0.05,50.18749999999999,0.0477083333333333,0.9166666666666666,0.0458333333333333,50.0,0.1874999999999929
LR,time,0,refitted,TopK_b05,10,0.05,0.1,95.79166666666666,0.0495833333333333,0.9166666666666666,0.0458333333333333,100.0,-4.208333333333343
LR,time,0,refitted,TopK_b05,10,0.05,0.15,141.39583333333331,0.0514583333333333,0.9166666666666666,0.0458333333333333,150.0,-8.604166666666686
LR,time,0,refitted,TopK_b05,20,0.05,0.02,41.15833333333333,0.0465833333333333,0.9166666666666666,0.0458333333333333,40.0,1.1583333333333314
LR,time,0,refitted,TopK_b05,20,0.05,0.05,96.02083333333331,0.0477083333333333,0.9166666666666666,0.0458333333333333,100.0,-3.9791666666666856
LR,time,0,refitted,TopK_b05,20,0.05,0.1,187.4583333333333,0.0495833333333333,0.9166666666666666,0.0458333333333333,200.0,-12.541666666666714
LR,time,0,refitted,TopK_b05,20,0.05,0.15,278.89583333333337,0.0514583333333333,0.9166666666666666,0.0458333333333333,300.0,-21.10416666666663
LR,time,0,refitted,TopK_b05,50,0.05,0.02,96.15833333333332,0.0465833333333333,0.9166666666666666,0.0458333333333333,100.0,-3.8416666666666828
LR,time,0,refitted,TopK_b05,50,0.05,0.05,233.5208333333333,0.0477083333333333,0.9166666666666666,0.0458333333333333,250.0,-16.479166666666714
LR,time,0,refitted,TopK_b05,50,0.05,0.1,462.45833333333326,0.0495833333333333,0.9166666666666666,0.0458333333333333,500.0,-37.54166666666674
LR,time,0,refitted,TopK_b05,50,0.05,0.15,691.3958333333334,0.0514583333333333,0.9166666666666666,0.0458333333333333,750.0,-58.60416666666663
LR,time,0,refitted,TopK_b10,5,0.1,0.02,17.03888888888888,0.0937222222222221,0.8055555555555556,0.0916666666666666,10.0,7.038888888888881
LR,time,0,refitted,TopK_b10,5,0.1,0.05,28.847222222222214,0.0968055555555555,0.8055555555555556,0.0916666666666666,25.0,3.8472222222222143
LR,time,0,refitted,TopK_b10,5,0.1,0.1,48.52777777777778,0.1019444444444444,0.8055555555555556,0.0916666666666666,50.0,-1.4722222222222214
LR,time,0,refitted,TopK_b10,5,0.1,0.15,68.20833333333334,0.1070833333333332,0.8055555555555556,0.0916666666666666,75.0,-6.791666666666657
LR,time,0,refitted,TopK_b10,10,0.1,0.02,25.09444444444444,0.0937222222222221,0.8055555555555556,0.0916666666666666,20.0,5.0944444444444414
LR,time,0,refitted,TopK_b10,10,0.1,0.05,48.98611111111111,0.0968055555555555,0.8055555555555556,0.0916666666666666,50.0,-1.0138888888888928
LR,time,0,refitted,TopK_b10,10,0.1,0.1,88.80555555555554,0.1019444444444444,0.8055555555555556,0.0916666666666666,100.0,-11.194444444444457
LR,time,0,refitted,TopK_b10,10,0.1,0.15,128.625,0.1070833333333332,0.8055555555555556,0.0916666666666666,150.0,-21.375
LR,time,0,refitted,TopK_b10,20,0.1,0.02,41.20555555555555,0.0937222222222221,0.8055555555555556,0.0916666666666666,40.0,1.2055555555555486
LR,time,0,refitted,TopK_b10,20,0.1,0.05,89.26388888888889,0.0968055555555555,0.8055555555555556,0.0916666666666666,100.0,-10.736111111111114
LR,time,0,refitted,TopK_b10,20,0.1,0.1,169.36111111111111,0.1019444444444444,0.8055555555555556,0.0916666666666666,200.0,-30.638888888888886
LR,time,0,refitted,TopK_b10,20,0.1,0.15,249.45833333333331,0.1070833333333332,0.8055555555555556,0.0916666666666666,300.0,-50.541666666666686
LR,time,0,refitted,TopK_b10,50,0.1,0.02,89.53888888888888,0.0937222222222221,0.8055555555555556,0.0916666666666666,100.0,-10.461111111111123
LR,time,0,refitted,TopK_b10,50,0.1,0.05,210.0972222222222,0.0968055555555555,0.8055555555555556,0.0916666666666666,250.0,-39.9027777777778
LR,time,0,refitted,TopK_b10,50,0.1,0.1,411.0277777777777,0.1019444444444444,0.8055555555555556,0.0916666666666666,500.0,-88.97222222222229
LR,time,0,refitted,TopK_b10,50,0.1,0.15,611.9583333333334,0.1070833333333332,0.8055555555555556,0.0916666666666666,750.0,-138.04166666666663
LR,time,0,refitted,TopK_b20,5,0.2,0.02,23.8,0.1879999999999999,0.5833333333333334,0.1833333333333333,10.0,13.8
LR,time,0,refitted,TopK_b20,5,0.2,0.05,32.0,0.1949999999999999,0.5833333333333334,0.1833333333333333,25.0,7.0
LR,time,0,refitted,TopK_b20,5,0.2,0.1,45.66666666666666,0.2066666666666666,0.5833333333333334,0.1833333333333333,50.0,-4.333333333333343
LR,time,0,refitted,TopK_b20,5,0.2,0.15,59.33333333333333,0.2183333333333333,0.5833333333333334,0.1833333333333333,75.0,-15.666666666666671
LR,time,0,refitted,TopK_b20,10,0.2,0.02,29.63333333333333,0.1879999999999999,0.5833333333333334,0.1833333333333333,20.0,9.63333333333333
LR,time,0,refitted,TopK_b20,10,0.2,0.05,46.58333333333333,0.1949999999999999,0.5833333333333334,0.1833333333333333,50.0,-3.4166666666666714
LR,time,0,refitted,TopK_b20,10,0.2,0.1,74.83333333333333,0.2066666666666666,0.5833333333333334,0.1833333333333333,100.0,-25.16666666666667
LR,time,0,refitted,TopK_b20,10,0.2,0.15,103.08333333333331,0.2183333333333333,0.5833333333333334,0.1833333333333333,150.0,-46.916666666666686
LR,time,0,refitted,TopK_b20,20,0.2,0.02,41.3,0.1879999999999999,0.5833333333333334,0.1833333333333333,40.0,1.2999999999999972
LR,time,0,refitted,TopK_b20,20,0.2,0.05,75.75,0.1949999999999999,0.5833333333333334,0.1833333333333333,100.0,-24.25
LR,time,0,refitted,TopK_b20,20,0.2,0.1,133.16666666666669,0.2066666666666666,0.5833333333333334,0.1833333333333333,200.0,-66.83333333333331
LR,time,0,refitted,TopK_b20,20,0.2,0.15,190.5833333333333,0.2183333333333333,0.5833333333333334,0.1833333333333333,300.0,-109.41666666666671
LR,time,0,refitted,TopK_b20,50,0.2,0.02,76.3,0.1879999999999999,0.5833333333333334,0.1833333333333333,100.0,-23.700000000000003
LR,time,0,refitted,TopK_b20,50,0.2,0.05,163.25,0.1949999999999999,0.5833333333333334,0.1833333333333333,250.0,-86.75
LR,time,0,refitted,TopK_b20,50,0.2,0.1,308.1666666666667,0.2066666666666666,0.5833333333333334,0.1833333333333333,500.0,-191.83333333333331
LR,time,0,refitted,TopK_b20,50,0.2,0.15,453.08333333333337,0.2183333333333333,0.5833333333333334,0.1833333333333333,750.0,-296.91666666666663
LR,time,1,fixed,none,5,,0.02,10.0,0.0,1.0,0.0,10.0,0.0
LR,time,1,fixed,none,5,,0.05,25.0,0.0,1.0,0.0,25.0,0.0
LR,time,1,fixed,none,5,,0.1,50.0,0.0,1.0,0.0,50.0,0.0
LR,time,1,fixed,none,5,,0.15,75.0,0.0,1.0,0.0,75.0,0.0
LR,time,1,fixed,none,10,,0.02,20.0,0.0,1.0,0.0,20.0,0.0
LR,time,1,fixed,none,10,,0.05,50.0,0.0,1.0,0.0,50.0,0.0
LR,time,1,fixed,none,10,,0.1,100.0,0.0,1.0,0.0,100.0,0.0
LR,time,1,fixed,none,10,,0.15,150.0,0.0,1.0,0.0,150.0,0.0
LR,time,1,fixed,none,20,,0.02,40.0,0.0,1.0,0.0,40.0,0.0
LR,time,1,fixed,none,20,,0.05,100.0,0.0,1.0,0.0,100.0,0.0
LR,time,1,fixed,none,20,,0.1,200.0,0.0,1.0,0.0,200.0,0.0
LR,time,1,fixed,none,20,,0.15,300.0,0.0,1.0,0.0,300.0,0.0
LR,time,1,fixed,none,50,,0.02,100.0,0.0,1.0,0.0,100.0,0.0
LR,time,1,fixed,none,50,,0.05,250.0,0.0,1.0,0.0,250.0,0.0
LR,time,1,fixed,none,50,,0.1,500.0,0.0,1.0,0.0,500.0,0.0
LR,time,1,fixed,none,50,,0.15,750.0,0.0,1.0,0.0,750.0,0.0
LR,time,1,fixed,A_b01,5,0.01,0.02,15.045544554455436,0.0504554455445543,1.0,0.0514851485148514,10.0,5.045544554455436
LR,time,1,fixed,A_b01,5,0.01,0.05,29.891089108910883,0.0489108910891088,1.0,0.0514851485148514,25.0,4.891089108910883
LR,time,1,fixed,A_b01,5,0.01,0.1,54.63366336633663,0.0463366336633662,1.0,0.0514851485148514,50.0,4.633663366336627
LR,time,1,fixed,A_b01,5,0.01,0.15,79.37623762376236,0.0437623762376236,1.0,0.0514851485148514,75.0,4.376237623762364
LR,time,1,fixed,A_b01,10,0.01,0.02,25.04554455445544,0.0504554455445543,1.0,0.0514851485148514,20.0,5.045544554455439
LR,time,1,fixed,A_b01,10,0.01,0.05,54.89108910891088,0.0489108910891088,1.0,0.0514851485148514,50.0,4.891089108910883
LR,time,1,fixed,A_b01,10,0.01,0.1,104.63366336633662,0.0463366336633662,1.0,0.0514851485148514,100.0,4.63366336633662
LR,time,1,fixed,A_b01,10,0.01,0.15,154.3762376237624,0.0437623762376236,1.0,0.0514851485148514,150.0,4.376237623762393
LR,time,1,fixed,A_b01,20,0.01,0.02,45.04554455445544,0.0504554455445543,1.0,0.0514851485148514,40.0,5.045544554455439
LR,time,1,fixed,A_b01,20,0.01,0.05,104.89108910891088,0.0489108910891088,1.0,0.0514851485148514,100.0,4.891089108910876
LR,time,1,fixed,A_b01,20,0.01,0.1,204.63366336633663,0.0463366336633662,1.0,0.0514851485148514,200.0,4.633663366336634
LR,time,1,fixed,A_b01,20,0.01,0.15,304.3762376237624,0.0437623762376236,1.0,0.0514851485148514,300.0,4.376237623762393
LR,time,1,fixed,A_b01,50,0.01,0.02,105.04554455445545,0.0504554455445543,1.0,0.0514851485148514,100.0,5.0455445544554465
LR,time,1,fixed,A_b01,50,0.01,0.05,254.8910891089109,0.0489108910891088,1.0,0.0514851485148514,250.0,4.891089108910904
LR,time,1,fixed,A_b01,50,0.01,0.1,504.63366336633663,0.0463366336633662,1.0,0.0514851485148514,500.0,4.633663366336634
LR,time,1,fixed,A_b01,50,0.01,0.15,754.3762376237623,0.0437623762376236,1.0,0.0514851485148514,750.0,4.376237623762336
LR,time,1,fixed,A_b05,5,0.05,0.02,28.6,0.198,0.9,0.2,10.0,18.6
LR,time,1,fixed,A_b05,5,0.05,0.05,41.5,0.195,0.9,0.2,25.0,16.5
LR,time,1,fixed,A_b05,5,0.05,0.1,63.0,0.19,0.9,0.2,50.0,13.0
LR,time,1,fixed,A_b05,5,0.05,0.15,84.50000000000001,0.185,0.9,0.2,75.0,9.500000000000014
LR,time,1,fixed,A_b05,10,0.05,0.02,37.6,0.198,0.9,0.2,20.0,17.6
LR,time,1,fixed,A_b05,10,0.05,0.05,64.0,0.195,0.9,0.2,50.0,14.0
LR,time,1,fixed,A_b05,10,0.05,0.1,108.0,0.19,0.9,0.2,100.0,8.0
LR,time,1,fixed,A_b05,10,0.05,0.15,152.0,0.185,0.9,0.2,150.0,2.0
LR,time,1,fixed,A_b05,20,0.05,0.02,55.60000000000001,0.198,0.9,0.2,40.0,15.600000000000009
LR,time,1,fixed,A_b05,20,0.05,0.05,109.0,0.195,0.9,0.2,100.0,9.0
LR,time,1,fixed,A_b05,20,0.05,0.1,198.0,0.19,0.9,0.2,200.0,-2.0
LR,time,1,fixed,A_b05,20,0.05,0.15,287.0,0.185,0.9,0.2,300.0,-13.0
LR,time,1,fixed,A_b05,50,0.05,0.02,109.6,0.198,0.9,0.2,100.0,9.599999999999994
LR,time,1,fixed,A_b05,50,0.05,0.05,244.0,0.195,0.9,0.2,250.0,-6.0
LR,time,1,fixed,A_b05,50,0.05,0.1,468.0,0.19,0.9,0.2,500.0,-32.0
LR,time,1,fixed,A_b05,50,0.05,0.15,692.0,0.185,0.9,0.2,750.0,-58.0
LR,time,1,fixed,A_b10,5,0.1,0.02,33.80990099009901,0.2620990099009901,0.8,0.2633663366336634,10.0,23.80990099009901
LR,time,1,fixed,A_b10,5,0.1,0.05,45.01980198019802,0.2601980198019802,0.8,0.2633663366336634,25.0,20.019801980198018
LR,time,1,fixed,A_b10,5,0.1,0.1,63.7029702970297,0.257029702970297,0.8,0.2633663366336634,50.0,13.702970297029701
LR,time,1,fixed,A_b10,5,0.1,0.15,82.38613861386139,0.2538613861386138,0.8,0.2633663366336634,75.0,7.386138613861391
LR,time,1,fixed,A_b10,10,0.1,0.02,41.80990099009902,0.2620990099009901,0.8,0.2633663366336634,20.0,21.809900990099017
LR,time,1,fixed,A_b10,10,0.1,0.05,65.01980198019803,0.2601980198019802,0.8,0.2633663366336634,50.0,15.019801980198025
LR,time,1,fixed,A_b10,10,0.1,0.1,103.70297029702972,0.257029702970297,0.8,0.2633663366336634,100.0,3.7029702970297222
LR,time,1,fixed,A_b10,10,0.1,0.15,142.3861386138614,0.2538613861386138,0.8,0.2633663366336634,150.0,-7.613861386138609
LR,time,1,fixed,A_b10,20,0.1,0.02,57.80990099009902,0.2620990099009901,0.8,0.2633663366336634,40.0,17.809900990099017
LR,time,1,fixed,A_b10,20,0.1,0.05,105.01980198019804,0.2601980198019802,0.8,0.2633663366336634,100.0,5.019801980198039
LR,time,1,fixed,A_b10,20,0.1,0.1,183.7029702970297,0.257029702970297,0.8,0.2633663366336634,200.0,-16.297029702970292
LR,time,1,fixed,A_b10,20,0.1,0.15,262.3861386138614,0.2538613861386138,0.8,0.2633663366336634,300.0,-37.61386138613858
LR,time,1,fixed,A_b10,50,0.1,0.02,105.809900990099,0.2620990099009901,0.8,0.2633663366336634,100.0,5.8099009900989955
LR,time,1,fixed,A_b10,50,0.1,0.05,225.01980198019805,0.2601980198019802,0.8,0.2633663366336634,250.0,-24.980198019801946
LR,time,1,fixed,A_b10,50,0.1,0.1,423.7029702970297,0.257029702970297,0.8,0.2633663366336634,500.0,-76.29702970297029
LR,time,1,fixed,A_b10,50,0.1,0.15,622.3861386138614,0.2538613861386138,0.8,0.2633663366336634,750.0,-127.61386138613864
LR,time,1,fixed,A_b20,5,0.2,0.02,57.11287128712872,0.5671287128712872,0.2,0.5623762376237624,10.0,47.11287128712872
LR,time,1,fixed,A_b20,5,0.2,0.05,58.42574257425744,0.5742574257425743,0.2,0.5623762376237624,25.0,33.42574257425744
LR,time,1,fixed,A_b20,5,0.2,0.1,60.61386138613862,0.5861386138613862,0.2,0.5623762376237624,50.0,10.613861386138623
LR,time,1,fixed,A_b20,5,0.2,0.15,62.80198019801981,0.5980198019801981,0.2,0.5623762376237624,75.0,-12.198019801980188
LR,time,1,fixed,A_b20,10,0.2,0.02,59.11287128712872,0.5671287128712872,0.2,0.5623762376237624,20.0,39.11287128712872
LR,time,1,fixed,A_b20,10,0.2,0.05,63.42574257425743,0.5742574257425743,0.2,0.5623762376237624,50.0,13.425742574257427
LR,time,1,fixed,A_b20,10,0.2,0.1,70.61386138613864,0.5861386138613862,0.2,0.5623762376237624,100.0,-29.386138613861363
LR,time,1,fixed,A_b20,10,0.2,0.15,77.8019801980198,0.5980198019801981,0.2,0.5623762376237624,150.0,-72.1980198019802
LR,time,1,fixed,A_b20,20,0.2,0.02,63.112871287128726,0.5671287128712872,0.2,0.5623762376237624,40.0,23.112871287128726
LR,time,1,fixed,A_b20,20,0.2,0.05,73.42574257425743,0.5742574257425743,0.2,0.5623762376237624,100.0,-26.574257425742573
LR,time,1,fixed,A_b20,20,0.2,0.1,90.61386138613862,0.5861386138613862,0.2,0.5623762376237624,200.0,-109.38613861386138
LR,time,1,fixed,A_b20,20,0.2,0.15,107.8019801980198,0.5980198019801981,0.2,0.5623762376237624,300.0,-192.1980198019802
LR,time,1,fixed,A_b20,50,0.2,0.02,75.11287128712871,0.5671287128712872,0.2,0.5623762376237624,100.0,-24.887128712871288
LR,time,1,fixed,A_b20,50,0.2,0.05,103.42574257425744,0.5742574257425743,0.2,0.5623762376237624,250.0,-146.57425742574256
LR,time,1,fixed,A_b20,50,0.2,0.1,150.6138613861386,0.5861386138613862,0.2,0.5623762376237624,500.0,-349.38613861386136
LR,time,1,fixed,A_b20,50,0.2,0.15,197.8019801980198,0.5980198019801981,0.2,0.5623762376237624,750.0,-552.1980198019802
LR,time,1,fixed,B_r05,5,,0.02,10.0,0.0,1.0,0.0,10.0,0.0
LR,time,1,fixed,B_r05,5,,0.05,25.0,0.0,1.0,0.0,25.0,0.0
LR,time,1,fixed,B_r05,5,,0.1,50.0,0.0,1.0,0.0,50.0,0.0
LR,time,1,fixed,B_r05,5,,0.15,75.0,0.0,1.0,0.0,75.0,0.0
LR,time,1,fixed,B_r10,10,,0.02,20.0,0.0,1.0,0.0,20.0,0.0
LR,time,1,fixed,B_r10,10,,0.05,50.0,0.0,1.0,0.0,50.0,0.0
LR,time,1,fixed,B_r10,10,,0.1,100.0,0.0,1.0,0.0,100.0,0.0
LR,time,1,fixed,B_r10,10,,0.15,150.0,0.0,1.0,0.0,150.0,0.0
LR,time,1,fixed,B_r20,20,,0.02,40.0,0.0,1.0,0.0,40.0,0.0
LR,time,1,fixed,B_r20,20,,0.05,100.0,0.0,1.0,0.0,100.0,0.0
LR,time,1,fixed,B_r20,20,,0.1,200.0,0.0,1.0,0.0,200.0,0.0
LR,time,1,fixed,B_r20,20,,0.15,300.0,0.0,1.0,0.0,300.0,0.0
LR,time,1,fixed,B_r50,50,,0.02,100.0,0.0,1.0,0.0,100.0,0.0
LR,time,1,fixed,B_r50,50,,0.05,250.0,0.0,1.0,0.0,250.0,0.0
LR,time,1,fixed,B_r50,50,,0.1,500.0,0.0,1.0,0.0,500.0,0.0
LR,time,1,fixed,B_r50,50,,0.15,750.0,0.0,1.0,0.0,750.0,0.0
LR,time,1,fixed,C_b01_r05,5,0.01,0.02,10.0,0.0,1.0,0.0,10.0,0.0
LR,time,1,fixed,C_b01_r05,5,0.01,0.05,25.0,0.0,1.0,0.0,25.0,0.0
LR,time,1,fixed,C_b01_r05,5,0.01,0.1,50.0,0.0,1.0,0.0,50.0,0.0
LR,time,1,fixed,C_b01_r05,5,0.01,0.15,75.0,0.0,1.0,0.0,75.0,0.0
LR,time,1,fixed,C_b01_r10,10,0.01,0.02,20.0,0.0,1.0,0.0,20.0,0.0
LR,time,1,fixed,C_b01_r10,10,0.01,0.05,50.0,0.0,1.0,0.0,50.0,0.0
LR,time,1,fixed,C_b01_r10,10,0.01,0.1,100.0,0.0,1.0,0.0,100.0,0.0
LR,time,1,fixed,C_b01_r10,10,0.01,0.15,150.0,0.0,1.0,0.0,150.0,0.0
LR,time,1,fixed,C_b01_r20,20,0.01,0.02,40.0,0.0,1.0,0.0,40.0,0.0
LR,time,1,fixed,C_b01_r20,20,0.01,0.05,100.0,0.0,1.0,0.0,100.0,0.0
LR,time,1,fixed,C_b01_r20,20,0.01,0.1,200.0,0.0,1.0,0.0,200.0,0.0
LR,time,1,fixed,C_b01_r20,20,0.01,0.15,300.0,0.0,1.0,0.0,300.0,0.0
LR,time,1,fixed,C_b01_r50,50,0.01,0.02,100.0,0.0,1.0,0.0,100.0,0.0
LR,time,1,fixed,C_b01_r50,50,0.01,0.05,250.0,0.0,1.0,0.0,250.0,0.0
LR,time,1,fixed,C_b01_r50,50,0.01,0.1,500.0,0.0,1.0,0.0,500.0,0.0
LR,time,1,fixed,C_b01_r50,50,0.01,0.15,750.0,0.0,1.0,0.0,750.0,0.0
LR,time,1,fixed,C_b05_r05,5,0.05,0.02,10.0,0.0,1.0,0.0,10.0,0.0
LR,time,1,fixed,C_b05_r05,5,0.05,0.05,25.0,0.0,1.0,0.0,25.0,0.0
LR,time,1,fixed,C_b05_r05,5,0.05,0.1,50.0,0.0,1.0,0.0,50.0,0.0
LR,time,1,fixed,C_b05_r05,5,0.05,0.15,75.0,0.0,1.0,0.0,75.0,0.0
LR,time,1,fixed,C_b05_r10,10,0.05,0.02,20.0,0.0,1.0,0.0,20.0,0.0
LR,time,1,fixed,C_b05_r10,10,0.05,0.05,50.0,0.0,1.0,0.0,50.0,0.0
LR,time,1,fixed,C_b05_r10,10,0.05,0.1,100.0,0.0,1.0,0.0,100.0,0.0
LR,time,1,fixed,C_b05_r10,10,0.05,0.15,150.0,0.0,1.0,0.0,150.0,0.0
LR,time,1,fixed,C_b05_r20,20,0.05,0.02,40.0,0.0,1.0,0.0,40.0,0.0
LR,time,1,fixed,C_b05_r20,20,0.05,0.05,100.0,0.0,1.0,0.0,100.0,0.0
LR,time,1,fixed,C_b05_r20,20,0.05,0.1,200.0,0.0,1.0,0.0,200.0,0.0
LR,time,1,fixed,C_b05_r20,20,0.05,0.15,300.0,0.0,1.0,0.0,300.0,0.0
LR,time,1,fixed,C_b05_r50,50,0.05,0.02,100.0,0.0,1.0,0.0,100.0,0.0
LR,time,1,fixed,C_b05_r50,50,0.05,0.05,250.0,0.0,1.0,0.0,250.0,0.0
LR,time,1,fixed,C_b05_r50,50,0.05,0.1,500.0,0.0,1.0,0.0,500.0,0.0
LR,time,1,fixed,C_b05_r50,50,0.05,0.15,750.0,0.0,1.0,0.0,750.0,0.0
LR,time,1,fixed,C_b10_r05,5,0.1,0.02,10.0,0.0,1.0,0.0,10.0,0.0
LR,time,1,fixed,C_b10_r05,5,0.1,0.05,25.0,0.0,1.0,0.0,25.0,0.0
LR,time,1,fixed,C_b10_r05,5,0.1,0.1,50.0,0.0,1.0,0.0,50.0,0.0
LR,time,1,fixed,C_b10_r05,5,0.1,0.15,75.0,0.0,1.0,0.0,75.0,0.0
LR,time,1,fixed,C_b10_r10,10,0.1,0.02,20.0,0.0,1.0,0.0,20.0,0.0
LR,time,1,fixed,C_b10_r10,10,0.1,0.05,50.0,0.0,1.0,0.0,50.0,0.0
LR,time,1,fixed,C_b10_r10,10,0.1,0.1,100.0,0.0,1.0,0.0,100.0,0.0
LR,time,1,fixed,C_b10_r10,10,0.1,0.15,150.0,0.0,1.0,0.0,150.0,0.0
LR,time,1,fixed,C_b10_r20,20,0.1,0.02,40.0,0.0,1.0,0.0,40.0,0.0
LR,time,1,fixed,C_b10_r20,20,0.1,0.05,100.0,0.0,1.0,0.0,100.0,0.0
LR,time,1,fixed,C_b10_r20,20,0.1,0.1,200.0,0.0,1.0,0.0,200.0,0.0
LR,time,1,fixed,C_b10_r20,20,0.1,0.15,300.0,0.0,1.0,0.0,300.0,0.0
LR,time,1,fixed,C_b10_r50,50,0.1,0.02,100.0,0.0,1.0,0.0,100.0,0.0
LR,time,1,fixed,C_b10_r50,50,0.1,0.05,250.0,0.0,1.0,0.0,250.0,0.0
LR,time,1,fixed,C_b10_r50,50,0.1,0.1,500.0,0.0,1.0,0.0,500.0,0.0
LR,time,1,fixed,C_b10_r50,50,0.1,0.15,750.0,0.0,1.0,0.0,750.0,0.0
LR,time,1,fixed,C_b20_r05,5,0.2,0.02,10.0,0.0,1.0,0.0,10.0,0.0
LR,time,1,fixed,C_b20_r05,5,0.2,0.05,25.0,0.0,1.0,0.0,25.0,0.0
LR,time,1,fixed,C_b20_r05,5,0.2,0.1,50.0,0.0,1.0,0.0,50.0,0.0
LR,time,1,fixed,C_b20_r05,5,0.2,0.15,75.0,0.0,1.0,0.0,75.0,0.0
LR,time,1,fixed,C_b20_r10,10,0.2,0.02,20.0,0.0,1.0,0.0,20.0,0.0
LR,time,1,fixed,C_b20_r10,10,0.2,0.05,50.0,0.0,1.0,0.0,50.0,0.0
LR,time,1,fixed,C_b20_r10,10,0.2,0.1,100.0,0.0,1.0,0.0,100.0,0.0
LR,time,1,fixed,C_b20_r10,10,0.2,0.15,150.0,0.0,1.0,0.0,150.0,0.0
LR,time,1,fixed,C_b20_r20,20,0.2,0.02,40.0,0.0,1.0,0.0,40.0,0.0
LR,time,1,fixed,C_b20_r20,20,0.2,0.05,100.0,0.0,1.0,0.0,100.0,0.0
LR,time,1,fixed,C_b20_r20,20,0.2,0.1,200.0,0.0,1.0,0.0,200.0,0.0
LR,time,1,fixed,C_b20_r20,20,0.2,0.15,300.0,0.0,1.0,0.0,300.0,0.0
LR,time,1,fixed,C_b20_r50,50,0.2,0.02,100.0,0.0,1.0,0.0,100.0,0.0
LR,time,1,fixed,C_b20_r50,50,0.2,0.05,250.0,0.0,1.0,0.0,250.0,0.0
LR,time,1,fixed,C_b20_r50,50,0.2,0.1,500.0,0.0,1.0,0.0,500.0,0.0
LR,time,1,fixed,C_b20_r50,50,0.2,0.15,750.0,0.0,1.0,0.0,750.0,0.0
LR,time,1,fixed,TopK_b01,5,0.01,0.02,10.970297029702971,0.0097029702970297,1.0,0.0099009900990099,10.0,0.9702970297029712
LR,time,1,fixed,TopK_b01,5,0.01,0.05,25.940594059405942,0.0094059405940594,1.0,0.0099009900990099,25.0,0.9405940594059423
LR,time,1,fixed,TopK_b01,5,0.01,0.1,50.89108910891089,0.0089108910891089,1.0,0.0099009900990099,50.0,0.8910891089108901
LR,time,1,fixed,TopK_b01,5,0.01,0.15,75.84158415841584,0.0084158415841584,1.0,0.0099009900990099,75.0,0.8415841584158414
LR,time,1,fixed,TopK_b01,10,0.01,0.02,20.970297029702973,0.0097029702970297,1.0,0.0099009900990099,20.0,0.9702970297029729
LR,time,1,fixed,TopK_b01,10,0.01,0.05,50.94059405940594,0.0094059405940594,1.0,0.0099009900990099,50.0,0.9405940594059388
LR,time,1,fixed,TopK_b01,10,0.01,0.1,100.89108910891088,0.0089108910891089,1.0,0.0099009900990099,100.0,0.8910891089108759
LR,time,1,fixed,TopK_b01,10,0.01,0.15,150.84158415841586,0.0084158415841584,1.0,0.0099009900990099,150.0,0.8415841584158557
LR,time,1,fixed,TopK_b01,20,0.01,0.02,40.97029702970298,0.0097029702970297,1.0,0.0099009900990099,40.0,0.9702970297029765
LR,time,1,fixed,TopK_b01,20,0.01,0.05,100.94059405940594,0.0094059405940594,1.0,0.0099009900990099,100.0,0.9405940594059388
LR,time,1,fixed,TopK_b01,20,0.01,0.1,200.8910891089109,0.0089108910891089,1.0,0.0099009900990099,200.0,0.8910891089109043
LR,time,1,fixed,TopK_b01,20,0.01,0.15,300.8415841584158,0.0084158415841584,1.0,0.0099009900990099,300.0,0.8415841584157988
LR,time,1,fixed,TopK_b01,50,0.01,0.02,100.97029702970298,0.0097029702970297,1.0,0.0099009900990099,100.0,0.9702970297029765
LR,time,1,fixed,TopK_b01,50,0.01,0.05,250.94059405940592,0.0094059405940594,1.0,0.0099009900990099,250.0,0.9405940594059246
LR,time,1,fixed,TopK_b01,50,0.01,0.1,500.8910891089108,0.0089108910891089,1.0,0.0099009900990099,500.0,0.891089108910819
LR,time,1,fixed,TopK_b01,50,0.01,0.15,750.8415841584158,0.0084158415841584,1.0,0.0099009900990099,750.0,0.8415841584157988
LR,time,1,fixed,TopK_b05,5,0.05,0.02,14.85148514851485,0.0485148514851485,1.0,0.0495049504950495,10.0,4.8514851485148505
LR,time,1,fixed,TopK_b05,5,0.05,0.05,29.7029702970297,0.047029702970297,1.0,0.0495049504950495,25.0,4.702970297029701
LR,time,1,fixed,TopK_b05,5,0.05,0.1,54.45544554455446,0.0445544554455445,1.0,0.0495049504950495,50.0,4.455445544554458
LR,time,1,fixed,TopK_b05,5,0.05,0.15,79.20792079207921,0.042079207920792,1.0,0.0495049504950495,75.0,4.207920792079207
LR,time,1,fixed,TopK_b05,10,0.05,0.02,24.85148514851485,0.0485148514851485,1.0,0.0495049504950495,20.0,4.8514851485148505
LR,time,1,fixed,TopK_b05,10,0.05,0.05,54.70297029702971,0.047029702970297,1.0,0.0495049504950495,50.0,4.702970297029708
LR,time,1,fixed,TopK_b05,10,0.05,0.1,104.45544554455446,0.0445544554455445,1.0,0.0495049504950495,100.0,4.455445544554465
LR,time,1,fixed,TopK_b05,10,0.05,0.15,154.20792079207922,0.042079207920792,1.0,0.0495049504950495,150.0,4.207920792079221
LR,time,1,fixed,TopK_b05,20,0.05,0.02,44.85148514851485,0.0485148514851485,1.0,0.0495049504950495,40.0,4.851485148514847
LR,time,1,fixed,TopK_b05,20,0.05,0.05,104.70297029702972,0.047029702970297,1.0,0.0495049504950495,100.0,4.702970297029722
LR,time,1,fixed,TopK_b05,20,0.05,0.1,204.4554455445545,0.0445544554455445,1.0,0.0495049504950495,200.0,4.455445544554493
LR,time,1,fixed,TopK_b05,20,0.05,0.15,304.2079207920792,0.042079207920792,1.0,0.0495049504950495,300.0,4.207920792079221
LR,time,1,fixed,TopK_b05,50,0.05,0.02,104.85148514851484,0.0485148514851485,1.0,0.0495049504950495,100.0,4.85148514851484
LR,time,1,fixed,TopK_b05,50,0.05,0.05,254.70297029702968,0.047029702970297,1.0,0.0495049504950495,250.0,4.70297029702968
LR,time,1,fixed,TopK_b05,50,0.05,0.1,504.4554455445544,0.0445544554455445,1.0,0.0495049504950495,500.0,4.4554455445543795
LR,time,1,fixed,TopK_b05,50,0.05,0.15,754.2079207920792,0.042079207920792,1.0,0.0495049504950495,750.0,4.207920792079221
LR,time,1,fixed,TopK_b10,5,0.1,0.02,19.897029702970297,0.0989702970297029,1.0,0.100990099009901,10.0,9.897029702970297
LR,time,1,fixed,TopK_b10,5,0.1,0.05,34.59405940594059,0.0959405940594059,1.0,0.100990099009901,25.0,9.594059405940591
LR,time,1,fixed,TopK_b10,5,0.1,0.1,59.089108910891085,0.0908910891089109,1.0,0.100990099009901,50.0,9.089108910891085
LR,time,1,fixed,TopK_b10,5,0.1,0.15,83.58415841584159,0.0858415841584158,1.0,0.100990099009901,75.0,8.584158415841586
LR,time,1,fixed,TopK_b10,10,0.1,0.02,29.8970297029703,0.0989702970297029,1.0,0.100990099009901,20.0,9.8970297029703
LR,time,1,fixed,TopK_b10,10,0.1,0.05,59.59405940594059,0.0959405940594059,1.0,0.100990099009901,50.0,9.594059405940591
LR,time,1,fixed,TopK_b10,10,0.1,0.1,109.0891089108911,0.0908910891089109,1.0,0.100990099009901,100.0,9.089108910891099
LR,time,1,fixed,TopK_b10,10,0.1,0.15,158.5841584158416,0.0858415841584158,1.0,0.100990099009901,150.0,8.584158415841614
LR,time,1,fixed,TopK_b10,20,0.1,0.02,49.8970297029703,0.0989702970297029,1.0,0.100990099009901,40.0,9.8970297029703
LR,time,1,fixed,TopK_b10,20,0.1,0.05,109.5940594059406,0.0959405940594059,1.0,0.100990099009901,100.0,9.594059405940598
LR,time,1,fixed,TopK_b10,20,0.1,0.1,209.0891089108911,0.0908910891089109,1.0,0.100990099009901,200.0,9.089108910891099
LR,time,1,fixed,TopK_b10,20,0.1,0.15,308.5841584158416,0.0858415841584158,1.0,0.100990099009901,300.0,8.584158415841614
LR,time,1,fixed,TopK_b10,50,0.1,0.02,109.8970297029703,0.0989702970297029,1.0,0.100990099009901,100.0,9.8970297029703
LR,time,1,fixed,TopK_b10,50,0.1,0.05,259.5940594059406,0.0959405940594059,1.0,0.100990099009901,250.0,9.594059405940584
LR,time,1,fixed,TopK_b10,50,0.1,0.1,509.0891089108911,0.0908910891089109,1.0,0.100990099009901,500.0,9.089108910891127
LR,time,1,fixed,TopK_b10,50,0.1,0.15,758.5841584158416,0.0858415841584158,1.0,0.100990099009901,750.0,8.584158415841557
LR,time,1,fixed,TopK_b20,5,0.2,0.02,28.7940594059406,0.1999405940594059,0.9,0.201980198019802,10.0,18.7940594059406
LR,time,1,fixed,TopK_b20,5,0.2,0.05,41.68811881188119,0.1968811881188119,0.9,0.201980198019802,25.0,16.68811881188119
LR,time,1,fixed,TopK_b20,5,0.2,0.1,63.17821782178218,0.1917821782178218,0.9,0.201980198019802,50.0,13.178217821782177
LR,time,1,fixed,TopK_b20,5,0.2,0.15,84.66831683168317,0.1866831683168316,0.9,0.201980198019802,75.0,9.668316831683171
LR,time,1,fixed,TopK_b20,10,0.2,0.02,37.794059405940594,0.1999405940594059,0.9,0.201980198019802,20.0,17.794059405940594
LR,time,1,fixed,TopK_b20,10,0.2,0.05,64.1881188118812,0.1968811881188119,0.9,0.201980198019802,50.0,14.188118811881196
LR,time,1,fixed,TopK_b20,10,0.2,0.1,108.17821782178218,0.1917821782178218,0.9,0.201980198019802,100.0,8.178217821782184
LR,time,1,fixed,TopK_b20,10,0.2,0.15,152.16831683168317,0.1866831683168316,0.9,0.201980198019802,150.0,2.168316831683171
LR,time,1,fixed,TopK_b20,20,0.2,0.02,55.7940594059406,0.1999405940594059,0.9,0.201980198019802,40.0,15.794059405940601
LR,time,1,fixed,TopK_b20,20,0.2,0.05,109.1881188118812,0.1968811881188119,0.9,0.201980198019802,100.0,9.188118811881196
LR,time,1,fixed,TopK_b20,20,0.2,0.1,198.17821782178217,0.1917821782178218,0.9,0.201980198019802,200.0,-1.8217821782178305
LR,time,1,fixed,TopK_b20,20,0.2,0.15,287.1683168316832,0.1866831683168316,0.9,0.201980198019802,300.0,-12.831683168316772
LR,time,1,fixed,TopK_b20,50,0.2,0.02,109.7940594059406,0.1999405940594059,0.9,0.201980198019802,100.0,9.794059405940601
LR,time,1,fixed,TopK_b20,50,0.2,0.05,244.1881188118812,0.1968811881188119,0.9,0.201980198019802,250.0,-5.811881188118804
LR,time,1,fixed,TopK_b20,50,0.2,0.1,468.1782178217822,0.1917821782178218,0.9,0.201980198019802,500.0,-31.821782178217802
LR,time,1,fixed,TopK_b20,50,0.2,0.15,692.1683168316831,0.1866831683168316,0.9,0.201980198019802,750.0,-57.831683168316886
LR,time,1,refitted,none,5,,0.02,10.0,0.0,1.0,0.0,10.0,0.0
LR,time,1,refitted,none,5,,0.05,25.0,0.0,1.0,0.0,25.0,0.0
LR,time,1,refitted,none,5,,0.1,50.0,0.0,1.0,0.0,50.0,0.0
LR,time,1,refitted,none,5,,0.15,75.0,0.0,1.0,0.0,75.0,0.0
LR,time,1,refitted,none,10,,0.02,20.0,0.0,1.0,0.0,20.0,0.0
LR,time,1,refitted,none,10,,0.05,50.0,0.0,1.0,0.0,50.0,0.0
LR,time,1,refitted,none,10,,0.1,100.0,0.0,1.0,0.0,100.0,0.0
LR,time,1,refitted,none,10,,0.15,150.0,0.0,1.0,0.0,150.0,0.0
LR,time,1,refitted,none,20,,0.02,40.0,0.0,1.0,0.0,40.0,0.0
LR,time,1,refitted,none,20,,0.05,100.0,0.0,1.0,0.0,100.0,0.0
LR,time,1,refitted,none,20,,0.1,200.0,0.0,1.0,0.0,200.0,0.0
LR,time,1,refitted,none,20,,0.15,300.0,0.0,1.0,0.0,300.0,0.0
LR,time,1,refitted,none,50,,0.02,100.0,0.0,1.0,0.0,100.0,0.0
LR,time,1,refitted,none,50,,0.05,250.0,0.0,1.0,0.0,250.0,0.0
LR,time,1,refitted,none,50,,0.1,500.0,0.0,1.0,0.0,500.0,0.0
LR,time,1,refitted,none,50,,0.15,750.0,0.0,1.0,0.0,750.0,0.0
LR,time,1,refitted,A_b01,5,0.01,0.02,16.79207920792079,0.0679207920792079,1.0,0.0693069306930693,10.0,6.792079207920789
LR,time,1,refitted,A_b01,5,0.01,0.05,31.584158415841586,0.0658415841584158,1.0,0.0693069306930693,25.0,6.584158415841586
LR,time,1,refitted,A_b01,5,0.01,0.1,56.23762376237623,0.0623762376237623,1.0,0.0693069306930693,50.0,6.237623762376231
LR,time,1,refitted,A_b01,5,0.01,0.15,80.89108910891089,0.0589108910891089,1.0,0.0693069306930693,75.0,5.89108910891089
LR,time,1,refitted,A_b01,10,0.01,0.02,26.792079207920796,0.0679207920792079,1.0,0.0693069306930693,20.0,6.792079207920796
LR,time,1,refitted,A_b01,10,0.01,0.05,56.58415841584158,0.0658415841584158,1.0,0.0693069306930693,50.0,6.5841584158415785
LR,time,1,refitted,A_b01,10,0.01,0.1,106.23762376237624,0.0623762376237623,1.0,0.0693069306930693,100.0,6.237623762376245
LR,time,1,refitted,A_b01,10,0.01,0.15,155.8910891089109,0.0589108910891089,1.0,0.0693069306930693,150.0,5.891089108910904
LR,time,1,refitted,A_b01,20,0.01,0.02,46.79207920792079,0.0679207920792079,1.0,0.0693069306930693,40.0,6.792079207920793
LR,time,1,refitted,A_b01,20,0.01,0.05,106.5841584158416,0.0658415841584158,1.0,0.0693069306930693,100.0,6.5841584158416
LR,time,1,refitted,A_b01,20,0.01,0.1,206.23762376237624,0.0623762376237623,1.0,0.0693069306930693,200.0,6.237623762376245
LR,time,1,refitted,A_b01,20,0.01,0.15,305.8910891089109,0.0589108910891089,1.0,0.0693069306930693,300.0,5.891089108910876
LR,time,1,refitted,A_b01,50,0.01,0.02,106.7920792079208,0.0679207920792079,1.0,0.0693069306930693,100.0,6.792079207920807
LR,time,1,refitted,A_b01,50,0.01,0.05,256.5841584158416,0.0658415841584158,1.0,0.0693069306930693,250.0,6.584158415841614
LR,time,1,refitted,A_b01,50,0.01,0.1,506.2376237623762,0.0623762376237623,1.0,0.0693069306930693,500.0,6.237623762376188
LR,time,1,refitted,A_b01,50,0.01,0.15,755.8910891089109,0.0589108910891089,1.0,0.0693069306930693,750.0,5.891089108910933
LR,time,1,refitted,A_b05,5,0.05,0.02,27.465346534653467,0.1746534653465346,1.0,0.1782178217821782,10.0,17.465346534653467
LR,time,1,refitted,A_b05,5,0.05,0.05,41.930693069306926,0.1693069306930693,1.0,0.1782178217821782,25.0,16.930693069306926
LR,time,1,refitted,A_b05,5,0.05,0.1,66.03960396039604,0.1603960396039604,1.0,0.1782178217821782,50.0,16.039603960396036
LR,time,1,refitted,A_b05,5,0.05,0.15,90.14851485148516,0.1514851485148514,1.0,0.1782178217821782,75.0,15.14851485148516
LR,time,1,refitted,A_b05,10,0.05,0.02,37.46534653465346,0.1746534653465346,1.0,0.1782178217821782,20.0,17.465346534653463
LR,time,1,refitted,A_b05,10,0.05,0.05,66.93069306930693,0.1693069306930693,1.0,0.1782178217821782,50.0,16.930693069306926
LR,time,1,refitted,A_b05,10,0.05,0.1,116.03960396039604,0.1603960396039604,1.0,0.1782178217821782,100.0,16.039603960396036
LR,time,1,refitted,A_b05,10,0.05,0.15,165.14851485148515,0.1514851485148514,1.0,0.1782178217821782,150.0,15.148514851485146
LR,time,1,refitted,A_b05,20,0.05,0.02,57.46534653465347,0.1746534653465346,1.0,0.1782178217821782,40.0,17.46534653465347
LR,time,1,refitted,A_b05,20,0.05,0.05,116.93069306930693,0.1693069306930693,1.0,0.1782178217821782,100.0,16.930693069306926
LR,time,1,refitted,A_b05,20,0.05,0.1,216.03960396039605,0.1603960396039604,1.0,0.1782178217821782,200.0,16.03960396039605
LR,time,1,refitted,A_b05,20,0.05,0.15,315.1485148514852,0.1514851485148514,1.0,0.1782178217821782,300.0,15.148514851485174
LR,time,1,refitted,A_b05,50,0.05,0.02,117.46534653465346,0.1746534653465346,1.0,0.1782178217821782,100.0,17.465346534653463
LR,time,1,refitted,A_b05,50,0.05,0.05,266.9306930693069,0.1693069306930693,1.0,0.1782178217821782,250.0,16.930693069306926
LR,time,1,refitted,A_b05,50,0.05,0.1,516.0396039603961,0.1603960396039604,1.0,0.1782178217821782,500.0,16.039603960396107
LR,time,1,refitted,A_b05,50,0.05,0.15,765.1485148514851,0.1514851485148514,1.0,0.1782178217821782,750.0,15.14851485148506
LR,time,1,refitted,A_b10,5,0.1,0.02,33.03366336633663,0.2543366336633663,0.8,0.2554455445544554,10.0,23.033663366336633
LR,time,1,refitted,A_b10,5,0.1,0.05,44.26732673267326,0.2526732673267326,0.8,0.2554455445544554,25.0,19.26732673267326
LR,time,1,refitted,A_b10,5,0.1,0.1,62.99009900990099,0.2499009900990098,0.8,0.2554455445544554,50.0,12.990099009900987
LR,time,1,refitted,A_b10,5,0.1,0.15,81.71287128712872,0.247128712871287,0.8,0.2554455445544554,75.0,6.712871287128721
LR,time,1,refitted,A_b10,10,0.1,0.02,41.03366336633663,0.2543366336633663,0.8,0.2554455445544554,20.0,21.033663366336633
LR,time,1,refitted,A_b10,10,0.1,0.05,64.26732673267325,0.2526732673267326,0.8,0.2554455445544554,50.0,14.267326732673254
LR,time,1,refitted,A_b10,10,0.1,0.1,102.990099009901,0.2499009900990098,0.8,0.2554455445544554,100.0,2.9900990099010016
LR,time,1,refitted,A_b10,10,0.1,0.15,141.7128712871287,0.247128712871287,0.8,0.2554455445544554,150.0,-8.287128712871294
LR,time,1,refitted,A_b10,20,0.1,0.02,57.03366336633664,0.2543366336633663,0.8,0.2554455445544554,40.0,17.03366336633664
LR,time,1,refitted,A_b10,20,0.1,0.05,104.26732673267328,0.2526732673267326,0.8,0.2554455445544554,100.0,4.267326732673283
LR,time,1,refitted,A_b10,20,0.1,0.1,182.990099009901,0.2499009900990098,0.8,0.2554455445544554,200.0,-17.009900990099
LR,time,1,refitted,A_b10,20,0.1,0.15,261.71287128712873,0.247128712871287,0.8,0.2554455445544554,300.0,-38.287128712871265
LR,time,1,refitted,A_b10,50,0.1,0.02,105.03366336633664,0.2543366336633663,0.8,0.2554455445544554,100.0,5.03366336633664
LR,time,1,refitted,A_b10,50,0.1,0.05,224.26732673267327,0.2526732673267326,0.8,0.2554455445544554,250.0,-25.73267326732673
LR,time,1,refitted,A_b10,50,0.1,0.1,422.990099009901,0.2499009900990098,0.8,0.2554455445544554,500.0,-77.00990099009903
LR,time,1,refitted,A_b10,50,0.1,0.15,621.7128712871287,0.247128712871287,0.8,0.2554455445544554,750.0,-128.28712871287132
LR,time,1,refitted,A_b20,5,0.2,0.02,55.06732673267327,0.5106732673267327,0.5,0.5108910891089109,10.0,45.06732673267327
LR,time,1,refitted,A_b20,5,0.2,0.05,61.03465346534654,0.5103465346534654,0.5,0.5108910891089109,25.0,36.03465346534654
LR,time,1,refitted,A_b20,5,0.2,0.1,70.98019801980197,0.5098019801980198,0.5,0.5108910891089109,50.0,20.980198019801975
LR,time,1,refitted,A_b20,5,0.2,0.15,80.92574257425741,0.5092574257425743,0.5,0.5108910891089109,75.0,5.925742574257413
LR,time,1,refitted,A_b20,10,0.2,0.02,60.06732673267327,0.5106732673267327,0.5,0.5108910891089109,20.0,40.06732673267327
LR,time,1,refitted,A_b20,10,0.2,0.05,73.53465346534654,0.5103465346534654,0.5,0.5108910891089109,50.0,23.534653465346537
LR,time,1,refitted,A_b20,10,0.2,0.1,95.98019801980196,0.5098019801980198,0.5,0.5108910891089109,100.0,-4.019801980198039
LR,time,1,refitted,A_b20,10,0.2,0.15,118.4257425742574,0.5092574257425743,0.5,0.5108910891089109,150.0,-31.5742574257426
LR,time,1,refitted,A_b20,20,0.2,0.02,70.06732673267327,0.5106732673267327,0.5,0.5108910891089109,40.0,30.067326732673266
LR,time,1,refitted,A_b20,20,0.2,0.05,98.53465346534654,0.5103465346534654,0.5,0.5108910891089109,100.0,-1.465346534653463
LR,time,1,refitted,A_b20,20,0.2,0.1,145.98019801980195,0.5098019801980198,0.5,0.5108910891089109,200.0,-54.019801980198054
LR,time,1,refitted,A_b20,20,0.2,0.15,193.4257425742574,0.5092574257425743,0.5,0.5108910891089109,300.0,-106.57425742574259
LR,time,1,refitted,A_b20,50,0.2,0.02,100.06732673267328,0.5106732673267327,0.5,0.5108910891089109,100.0,0.06732673267327982
LR,time,1,refitted,A_b20,50,0.2,0.05,173.53465346534654,0.5103465346534654,0.5,0.5108910891089109,250.0,-76.46534653465346
LR,time,1,refitted,A_b20,50,0.2,0.1,295.980198019802,0.5098019801980198,0.5,0.5108910891089109,500.0,-204.019801980198
LR,time,1,refitted,A_b20,50,0.2,0.15,418.4257425742574,0.5092574257425743,0.5,0.5108910891089109,750.0,-331.5742574257426
LR,time,1,refitted,B_r05,5,,0.02,10.0,0.0,1.0,0.0,10.0,0.0
LR,time,1,refitted,B_r05,5,,0.05,25.0,0.0,1.0,0.0,25.0,0.0
LR,time,1,refitted,B_r05,5,,0.1,50.0,0.0,1.0,0.0,50.0,0.0
LR,time,1,refitted,B_r05,5,,0.15,75.0,0.0,1.0,0.0,75.0,0.0
LR,time,1,refitted,B_r10,10,,0.02,20.0,0.0,1.0,0.0,20.0,0.0
LR,time,1,refitted,B_r10,10,,0.05,50.0,0.0,1.0,0.0,50.0,0.0
LR,time,1,refitted,B_r10,10,,0.1,100.0,0.0,1.0,0.0,100.0,0.0
LR,time,1,refitted,B_r10,10,,0.15,150.0,0.0,1.0,0.0,150.0,0.0
LR,time,1,refitted,B_r20,20,,0.02,40.0,0.0,1.0,0.0,40.0,0.0
LR,time,1,refitted,B_r20,20,,0.05,100.0,0.0,1.0,0.0,100.0,0.0
LR,time,1,refitted,B_r20,20,,0.1,200.0,0.0,1.0,0.0,200.0,0.0
LR,time,1,refitted,B_r20,20,,0.15,300.0,0.0,1.0,0.0,300.0,0.0
LR,time,1,refitted,B_r50,50,,0.02,100.0,0.0,1.0,0.0,100.0,0.0
LR,time,1,refitted,B_r50,50,,0.05,250.0,0.0,1.0,0.0,250.0,0.0
LR,time,1,refitted,B_r50,50,,0.1,500.0,0.0,1.0,0.0,500.0,0.0
LR,time,1,refitted,B_r50,50,,0.15,750.0,0.0,1.0,0.0,750.0,0.0
LR,time,1,refitted,C_b01_r05,5,0.01,0.02,10.0,0.0,1.0,0.0,10.0,0.0
LR,time,1,refitted,C_b01_r05,5,0.01,0.05,25.0,0.0,1.0,0.0,25.0,0.0
LR,time,1,refitted,C_b01_r05,5,0.01,0.1,50.0,0.0,1.0,0.0,50.0,0.0
LR,time,1,refitted,C_b01_r05,5,0.01,0.15,75.0,0.0,1.0,0.0,75.0,0.0
LR,time,1,refitted,C_b01_r10,10,0.01,0.02,20.0,0.0,1.0,0.0,20.0,0.0
LR,time,1,refitted,C_b01_r10,10,0.01,0.05,50.0,0.0,1.0,0.0,50.0,0.0
LR,time,1,refitted,C_b01_r10,10,0.01,0.1,100.0,0.0,1.0,0.0,100.0,0.0
LR,time,1,refitted,C_b01_r10,10,0.01,0.15,150.0,0.0,1.0,0.0,150.0,0.0
LR,time,1,refitted,C_b01_r20,20,0.01,0.02,40.0,0.0,1.0,0.0,40.0,0.0
LR,time,1,refitted,C_b01_r20,20,0.01,0.05,100.0,0.0,1.0,0.0,100.0,0.0
LR,time,1,refitted,C_b01_r20,20,0.01,0.1,200.0,0.0,1.0,0.0,200.0,0.0
LR,time,1,refitted,C_b01_r20,20,0.01,0.15,300.0,0.0,1.0,0.0,300.0,0.0
LR,time,1,refitted,C_b01_r50,50,0.01,0.02,100.0,0.0,1.0,0.0,100.0,0.0
LR,time,1,refitted,C_b01_r50,50,0.01,0.05,250.0,0.0,1.0,0.0,250.0,0.0
LR,time,1,refitted,C_b01_r50,50,0.01,0.1,500.0,0.0,1.0,0.0,500.0,0.0
LR,time,1,refitted,C_b01_r50,50,0.01,0.15,750.0,0.0,1.0,0.0,750.0,0.0
LR,time,1,refitted,C_b05_r05,5,0.05,0.02,10.0,0.0,1.0,0.0,10.0,0.0
LR,time,1,refitted,C_b05_r05,5,0.05,0.05,25.0,0.0,1.0,0.0,25.0,0.0
LR,time,1,refitted,C_b05_r05,5,0.05,0.1,50.0,0.0,1.0,0.0,50.0,0.0
LR,time,1,refitted,C_b05_r05,5,0.05,0.15,75.0,0.0,1.0,0.0,75.0,0.0
LR,time,1,refitted,C_b05_r10,10,0.05,0.02,20.0,0.0,1.0,0.0,20.0,0.0
LR,time,1,refitted,C_b05_r10,10,0.05,0.05,50.0,0.0,1.0,0.0,50.0,0.0
LR,time,1,refitted,C_b05_r10,10,0.05,0.1,100.0,0.0,1.0,0.0,100.0,0.0
LR,time,1,refitted,C_b05_r10,10,0.05,0.15,150.0,0.0,1.0,0.0,150.0,0.0
LR,time,1,refitted,C_b05_r20,20,0.05,0.02,40.0,0.0,1.0,0.0,40.0,0.0
LR,time,1,refitted,C_b05_r20,20,0.05,0.05,100.0,0.0,1.0,0.0,100.0,0.0
LR,time,1,refitted,C_b05_r20,20,0.05,0.1,200.0,0.0,1.0,0.0,200.0,0.0
LR,time,1,refitted,C_b05_r20,20,0.05,0.15,300.0,0.0,1.0,0.0,300.0,0.0
LR,time,1,refitted,C_b05_r50,50,0.05,0.02,100.0,0.0,1.0,0.0,100.0,0.0
LR,time,1,refitted,C_b05_r50,50,0.05,0.05,250.0,0.0,1.0,0.0,250.0,0.0
LR,time,1,refitted,C_b05_r50,50,0.05,0.1,500.0,0.0,1.0,0.0,500.0,0.0
LR,time,1,refitted,C_b05_r50,50,0.05,0.15,750.0,0.0,1.0,0.0,750.0,0.0
LR,time,1,refitted,C_b10_r05,5,0.1,0.02,10.0,0.0,1.0,0.0,10.0,0.0
LR,time,1,refitted,C_b10_r05,5,0.1,0.05,25.0,0.0,1.0,0.0,25.0,0.0
LR,time,1,refitted,C_b10_r05,5,0.1,0.1,50.0,0.0,1.0,0.0,50.0,0.0
LR,time,1,refitted,C_b10_r05,5,0.1,0.15,75.0,0.0,1.0,0.0,75.0,0.0
LR,time,1,refitted,C_b10_r10,10,0.1,0.02,20.0,0.0,1.0,0.0,20.0,0.0
LR,time,1,refitted,C_b10_r10,10,0.1,0.05,50.0,0.0,1.0,0.0,50.0,0.0
LR,time,1,refitted,C_b10_r10,10,0.1,0.1,100.0,0.0,1.0,0.0,100.0,0.0
LR,time,1,refitted,C_b10_r10,10,0.1,0.15,150.0,0.0,1.0,0.0,150.0,0.0
LR,time,1,refitted,C_b10_r20,20,0.1,0.02,40.0,0.0,1.0,0.0,40.0,0.0
LR,time,1,refitted,C_b10_r20,20,0.1,0.05,100.0,0.0,1.0,0.0,100.0,0.0
LR,time,1,refitted,C_b10_r20,20,0.1,0.1,200.0,0.0,1.0,0.0,200.0,0.0
LR,time,1,refitted,C_b10_r20,20,0.1,0.15,300.0,0.0,1.0,0.0,300.0,0.0
LR,time,1,refitted,C_b10_r50,50,0.1,0.02,100.0,0.0,1.0,0.0,100.0,0.0
LR,time,1,refitted,C_b10_r50,50,0.1,0.05,250.0,0.0,1.0,0.0,250.0,0.0
LR,time,1,refitted,C_b10_r50,50,0.1,0.1,500.0,0.0,1.0,0.0,500.0,0.0
LR,time,1,refitted,C_b10_r50,50,0.1,0.15,750.0,0.0,1.0,0.0,750.0,0.0
LR,time,1,refitted,C_b20_r05,5,0.2,0.02,10.0,0.0,1.0,0.0,10.0,0.0
LR,time,1,refitted,C_b20_r05,5,0.2,0.05,25.0,0.0,1.0,0.0,25.0,0.0
LR,time,1,refitted,C_b20_r05,5,0.2,0.1,50.0,0.0,1.0,0.0,50.0,0.0
LR,time,1,refitted,C_b20_r05,5,0.2,0.15,75.0,0.0,1.0,0.0,75.0,0.0
LR,time,1,refitted,C_b20_r10,10,0.2,0.02,20.0,0.0,1.0,0.0,20.0,0.0
LR,time,1,refitted,C_b20_r10,10,0.2,0.05,50.0,0.0,1.0,0.0,50.0,0.0
LR,time,1,refitted,C_b20_r10,10,0.2,0.1,100.0,0.0,1.0,0.0,100.0,0.0
LR,time,1,refitted,C_b20_r10,10,0.2,0.15,150.0,0.0,1.0,0.0,150.0,0.0
LR,time,1,refitted,C_b20_r20,20,0.2,0.02,40.0,0.0,1.0,0.0,40.0,0.0
LR,time,1,refitted,C_b20_r20,20,0.2,0.05,100.0,0.0,1.0,0.0,100.0,0.0
LR,time,1,refitted,C_b20_r20,20,0.2,0.1,200.0,0.0,1.0,0.0,200.0,0.0
LR,time,1,refitted,C_b20_r20,20,0.2,0.15,300.0,0.0,1.0,0.0,300.0,0.0
LR,time,1,refitted,C_b20_r50,50,0.2,0.02,100.0,0.0,1.0,0.0,100.0,0.0
LR,time,1,refitted,C_b20_r50,50,0.2,0.05,250.0,0.0,1.0,0.0,250.0,0.0
LR,time,1,refitted,C_b20_r50,50,0.2,0.1,500.0,0.0,1.0,0.0,500.0,0.0
LR,time,1,refitted,C_b20_r50,50,0.2,0.15,750.0,0.0,1.0,0.0,750.0,0.0
LR,time,1,refitted,TopK_b01,5,0.01,0.02,10.970297029702971,0.0097029702970297,1.0,0.0099009900990099,10.0,0.9702970297029712
LR,time,1,refitted,TopK_b01,5,0.01,0.05,25.940594059405942,0.0094059405940594,1.0,0.0099009900990099,25.0,0.9405940594059423
LR,time,1,refitted,TopK_b01,5,0.01,0.1,50.89108910891089,0.0089108910891089,1.0,0.0099009900990099,50.0,0.8910891089108901
LR,time,1,refitted,TopK_b01,5,0.01,0.15,75.84158415841584,0.0084158415841584,1.0,0.0099009900990099,75.0,0.8415841584158414
LR,time,1,refitted,TopK_b01,10,0.01,0.02,20.970297029702973,0.0097029702970297,1.0,0.0099009900990099,20.0,0.9702970297029729
LR,time,1,refitted,TopK_b01,10,0.01,0.05,50.94059405940594,0.0094059405940594,1.0,0.0099009900990099,50.0,0.9405940594059388
LR,time,1,refitted,TopK_b01,10,0.01,0.1,100.89108910891088,0.0089108910891089,1.0,0.0099009900990099,100.0,0.8910891089108759
LR,time,1,refitted,TopK_b01,10,0.01,0.15,150.84158415841586,0.0084158415841584,1.0,0.0099009900990099,150.0,0.8415841584158557
LR,time,1,refitted,TopK_b01,20,0.01,0.02,40.97029702970298,0.0097029702970297,1.0,0.0099009900990099,40.0,0.9702970297029765
LR,time,1,refitted,TopK_b01,20,0.01,0.05,100.94059405940594,0.0094059405940594,1.0,0.0099009900990099,100.0,0.9405940594059388
LR,time,1,refitted,TopK_b01,20,0.01,0.1,200.8910891089109,0.0089108910891089,1.0,0.0099009900990099,200.0,0.8910891089109043
LR,time,1,refitted,TopK_b01,20,0.01,0.15,300.8415841584158,0.0084158415841584,1.0,0.0099009900990099,300.0,0.8415841584157988
LR,time,1,refitted,TopK_b01,50,0.01,0.02,100.97029702970298,0.0097029702970297,1.0,0.0099009900990099,100.0,0.9702970297029765
LR,time,1,refitted,TopK_b01,50,0.01,0.05,250.94059405940592,0.0094059405940594,1.0,0.0099009900990099,250.0,0.9405940594059246
LR,time,1,refitted,TopK_b01,50,0.01,0.1,500.8910891089108,0.0089108910891089,1.0,0.0099009900990099,500.0,0.891089108910819
LR,time,1,refitted,TopK_b01,50,0.01,0.15,750.8415841584158,0.0084158415841584,1.0,0.0099009900990099,750.0,0.8415841584157988
LR,time,1,refitted,TopK_b05,5,0.05,0.02,14.85148514851485,0.0485148514851485,1.0,0.0495049504950495,10.0,4.8514851485148505
LR,time,1,refitted,TopK_b05,5,0.05,0.05,29.7029702970297,0.047029702970297,1.0,0.0495049504950495,25.0,4.702970297029701
LR,time,1,refitted,TopK_b05,5,0.05,0.1,54.45544554455446,0.0445544554455445,1.0,0.0495049504950495,50.0,4.455445544554458
LR,time,1,refitted,TopK_b05,5,0.05,0.15,79.20792079207921,0.042079207920792,1.0,0.0495049504950495,75.0,4.207920792079207
LR,time,1,refitted,TopK_b05,10,0.05,0.02,24.85148514851485,0.0485148514851485,1.0,0.0495049504950495,20.0,4.8514851485148505
LR,time,1,refitted,TopK_b05,10,0.05,0.05,54.70297029702971,0.047029702970297,1.0,0.0495049504950495,50.0,4.702970297029708
LR,time,1,refitted,TopK_b05,10,0.05,0.1,104.45544554455446,0.0445544554455445,1.0,0.0495049504950495,100.0,4.455445544554465
LR,time,1,refitted,TopK_b05,10,0.05,0.15,154.20792079207922,0.042079207920792,1.0,0.0495049504950495,150.0,4.207920792079221
LR,time,1,refitted,TopK_b05,20,0.05,0.02,44.85148514851485,0.0485148514851485,1.0,0.0495049504950495,40.0,4.851485148514847
LR,time,1,refitted,TopK_b05,20,0.05,0.05,104.70297029702972,0.047029702970297,1.0,0.0495049504950495,100.0,4.702970297029722
LR,time,1,refitted,TopK_b05,20,0.05,0.1,204.4554455445545,0.0445544554455445,1.0,0.0495049504950495,200.0,4.455445544554493
LR,time,1,refitted,TopK_b05,20,0.05,0.15,304.2079207920792,0.042079207920792,1.0,0.0495049504950495,300.0,4.207920792079221
LR,time,1,refitted,TopK_b05,50,0.05,0.02,104.85148514851484,0.0485148514851485,1.0,0.0495049504950495,100.0,4.85148514851484
LR,time,1,refitted,TopK_b05,50,0.05,0.05,254.70297029702968,0.047029702970297,1.0,0.0495049504950495,250.0,4.70297029702968
LR,time,1,refitted,TopK_b05,50,0.05,0.1,504.4554455445544,0.0445544554455445,1.0,0.0495049504950495,500.0,4.4554455445543795
LR,time,1,refitted,TopK_b05,50,0.05,0.15,754.2079207920792,0.042079207920792,1.0,0.0495049504950495,750.0,4.207920792079221
LR,time,1,refitted,TopK_b10,5,0.1,0.02,19.897029702970297,0.0989702970297029,1.0,0.100990099009901,10.0,9.897029702970297
LR,time,1,refitted,TopK_b10,5,0.1,0.05,34.59405940594059,0.0959405940594059,1.0,0.100990099009901,25.0,9.594059405940591
LR,time,1,refitted,TopK_b10,5,0.1,0.1,59.089108910891085,0.0908910891089109,1.0,0.100990099009901,50.0,9.089108910891085
LR,time,1,refitted,TopK_b10,5,0.1,0.15,83.58415841584159,0.0858415841584158,1.0,0.100990099009901,75.0,8.584158415841586
LR,time,1,refitted,TopK_b10,10,0.1,0.02,29.8970297029703,0.0989702970297029,1.0,0.100990099009901,20.0,9.8970297029703
LR,time,1,refitted,TopK_b10,10,0.1,0.05,59.59405940594059,0.0959405940594059,1.0,0.100990099009901,50.0,9.594059405940591
LR,time,1,refitted,TopK_b10,10,0.1,0.1,109.0891089108911,0.0908910891089109,1.0,0.100990099009901,100.0,9.089108910891099
LR,time,1,refitted,TopK_b10,10,0.1,0.15,158.5841584158416,0.0858415841584158,1.0,0.100990099009901,150.0,8.584158415841614
LR,time,1,refitted,TopK_b10,20,0.1,0.02,49.8970297029703,0.0989702970297029,1.0,0.100990099009901,40.0,9.8970297029703
LR,time,1,refitted,TopK_b10,20,0.1,0.05,109.5940594059406,0.0959405940594059,1.0,0.100990099009901,100.0,9.594059405940598
LR,time,1,refitted,TopK_b10,20,0.1,0.1,209.0891089108911,0.0908910891089109,1.0,0.100990099009901,200.0,9.089108910891099
LR,time,1,refitted,TopK_b10,20,0.1,0.15,308.5841584158416,0.0858415841584158,1.0,0.100990099009901,300.0,8.584158415841614
LR,time,1,refitted,TopK_b10,50,0.1,0.02,109.8970297029703,0.0989702970297029,1.0,0.100990099009901,100.0,9.8970297029703
LR,time,1,refitted,TopK_b10,50,0.1,0.05,259.5940594059406,0.0959405940594059,1.0,0.100990099009901,250.0,9.594059405940584
LR,time,1,refitted,TopK_b10,50,0.1,0.1,509.0891089108911,0.0908910891089109,1.0,0.100990099009901,500.0,9.089108910891127
LR,time,1,refitted,TopK_b10,50,0.1,0.15,758.5841584158416,0.0858415841584158,1.0,0.100990099009901,750.0,8.584158415841557
LR,time,1,refitted,TopK_b20,5,0.2,0.02,29.988118811881183,0.1998811881188118,1.0,0.2039603960396039,10.0,19.988118811881183
LR,time,1,refitted,TopK_b20,5,0.2,0.05,44.37623762376237,0.1937623762376236,1.0,0.2039603960396039,25.0,19.37623762376237
LR,time,1,refitted,TopK_b20,5,0.2,0.1,68.35643564356435,0.1835643564356435,1.0,0.2039603960396039,50.0,18.356435643564353
LR,time,1,refitted,TopK_b20,5,0.2,0.15,92.33663366336631,0.1733663366336633,1.0,0.2039603960396039,75.0,17.336633663366314
LR,time,1,refitted,TopK_b20,10,0.2,0.02,39.98811881188118,0.1998811881188118,1.0,0.2039603960396039,20.0,19.98811881188118
LR,time,1,refitted,TopK_b20,10,0.2,0.05,69.37623762376236,0.1937623762376236,1.0,0.2039603960396039,50.0,19.376237623762364
LR,time,1,refitted,TopK_b20,10,0.2,0.1,118.35643564356435,0.1835643564356435,1.0,0.2039603960396039,100.0,18.356435643564353
LR,time,1,refitted,TopK_b20,10,0.2,0.15,167.33663366336634,0.1733663366336633,1.0,0.2039603960396039,150.0,17.336633663366342
LR,time,1,refitted,TopK_b20,20,0.2,0.02,59.98811881188119,0.1998811881188118,1.0,0.2039603960396039,40.0,19.988118811881193
LR,time,1,refitted,TopK_b20,20,0.2,0.05,119.37623762376236,0.1937623762376236,1.0,0.2039603960396039,100.0,19.376237623762364
LR,time,1,refitted,TopK_b20,20,0.2,0.1,218.35643564356437,0.1835643564356435,1.0,0.2039603960396039,200.0,18.356435643564367
LR,time,1,refitted,TopK_b20,20,0.2,0.15,317.33663366336634,0.1733663366336633,1.0,0.2039603960396039,300.0,17.336633663366342
LR,time,1,refitted,TopK_b20,50,0.2,0.02,119.98811881188118,0.1998811881188118,1.0,0.2039603960396039,100.0,19.98811881188118
LR,time,1,refitted,TopK_b20,50,0.2,0.05,269.3762376237624,0.1937623762376236,1.0,0.2039603960396039,250.0,19.376237623762393
LR,time,1,refitted,TopK_b20,50,0.2,0.1,518.3564356435643,0.1835643564356435,1.0,0.2039603960396039,500.0,18.356435643564282
LR,time,1,refitted,TopK_b20,50,0.2,0.15,767.3366336633662,0.1733663366336633,1.0,0.2039603960396039,750.0,17.33663366336623
LR,time,2,fixed,none,5,,0.02,10.0,0.0,1.0,0.0,10.0,0.0
LR,time,2,fixed,none,5,,0.05,25.0,0.0,1.0,0.0,25.0,0.0
LR,time,2,fixed,none,5,,0.1,50.0,0.0,1.0,0.0,50.0,0.0
LR,time,2,fixed,none,5,,0.15,75.0,0.0,1.0,0.0,75.0,0.0
LR,time,2,fixed,none,10,,0.02,20.0,0.0,1.0,0.0,20.0,0.0
LR,time,2,fixed,none,10,,0.05,50.0,0.0,1.0,0.0,50.0,0.0
LR,time,2,fixed,none,10,,0.1,100.0,0.0,1.0,0.0,100.0,0.0
LR,time,2,fixed,none,10,,0.15,150.0,0.0,1.0,0.0,150.0,0.0
LR,time,2,fixed,none,20,,0.02,40.0,0.0,1.0,0.0,40.0,0.0
LR,time,2,fixed,none,20,,0.05,100.0,0.0,1.0,0.0,100.0,0.0
LR,time,2,fixed,none,20,,0.1,200.0,0.0,1.0,0.0,200.0,0.0
LR,time,2,fixed,none,20,,0.15,300.0,0.0,1.0,0.0,300.0,0.0
LR,time,2,fixed,none,50,,0.02,100.0,0.0,1.0,0.0,100.0,0.0
LR,time,2,fixed,none,50,,0.05,250.0,0.0,1.0,0.0,250.0,0.0
LR,time,2,fixed,none,50,,0.1,500.0,0.0,1.0,0.0,500.0,0.0
LR,time,2,fixed,none,50,,0.15,750.0,0.0,1.0,0.0,750.0,0.0
LR,time,2,fixed,A_b01,5,0.01,0.02,11.19512195121951,0.0119512195121951,1.0,0.0121951219512195,10.0,1.1951219512195106
LR,time,2,fixed,A_b01,5,0.01,0.05,26.15853658536585,0.0115853658536585,1.0,0.0121951219512195,25.0,1.1585365853658516
LR,time,2,fixed,A_b01,5,0.01,0.1,51.09756097560976,0.0109756097560975,1.0,0.0121951219512195,50.0,1.0975609756097597
LR,time,2,fixed,A_b01,5,0.01,0.15,76.03658536585365,0.0103658536585365,1.0,0.0121951219512195,75.0,1.0365853658536537
LR,time,2,fixed,A_b01,10,0.01,0.02,21.195121951219512,0.0119512195121951,1.0,0.0121951219512195,20.0,1.1951219512195124
LR,time,2,fixed,A_b01,10,0.01,0.05,51.15853658536585,0.0115853658536585,1.0,0.0121951219512195,50.0,1.1585365853658516
LR,time,2,fixed,A_b01,10,0.01,0.1,101.09756097560977,0.0109756097560975,1.0,0.0121951219512195,100.0,1.0975609756097668
LR,time,2,fixed,A_b01,10,0.01,0.15,151.03658536585365,0.0103658536585365,1.0,0.0121951219512195,150.0,1.0365853658536537
LR,time,2,fixed,A_b01,20,0.01,0.02,41.19512195121951,0.0119512195121951,1.0,0.0121951219512195,40.0,1.1951219512195124
LR,time,2,fixed,A_b01,20,0.01,0.05,101.15853658536584,0.0115853658536585,1.0,0.0121951219512195,100.0,1.1585365853658374
LR,time,2,fixed,A_b01,20,0.01,0.1,201.09756097560967,0.0109756097560975,1.0,0.0121951219512195,200.0,1.0975609756096674
LR,time,2,fixed,A_b01,20,0.01,0.15,301.0365853658536,0.0103658536585365,1.0,0.0121951219512195,300.0,1.0365853658536253
LR,time,2,fixed,A_b01,50,0.01,0.02,101.19512195121952,0.0119512195121951,1.0,0.0121951219512195,100.0,1.1951219512195195
LR,time,2,fixed,A_b01,50,0.01,0.05,251.15853658536588,0.0115853658536585,1.0,0.0121951219512195,250.0,1.15853658536588
LR,time,2,fixed,A_b01,50,0.01,0.1,501.0975609756097,0.0109756097560975,1.0,0.0121951219512195,500.0,1.0975609756097242
LR,time,2,fixed,A_b01,50,0.01,0.15,751.0365853658537,0.0103658536585365,1.0,0.0121951219512195,750.0,1.036585365853739
LR,time,2,fixed,A_b05,5,0.05,0.02,19.052845528455283,0.1205284552845528,0.75,0.1178861788617886,10.0,9.052845528455283
LR,time,2,fixed,A_b05,5,0.05,0.05,29.949186991869915,0.1244918699186991,0.75,0.1178861788617886,25.0,4.949186991869915
LR,time,2,fixed,A_b05,5,0.05,0.1,48.109756097560975,0.1310975609756097,0.75,0.1178861788617886,50.0,-1.8902439024390247
LR,time,2,fixed,A_b05,5,0.05,0.15,66.27032520325203,0.1377032520325203,0.75,0.1178861788617886,75.0,-8.729674796747972
LR,time,2,fixed,A_b05,10,0.05,0.02,26.552845528455283,0.1205284552845528,0.75,0.1178861788617886,20.0,6.552845528455283
LR,time,2,fixed,A_b05,10,0.05,0.05,48.69918699186992,0.1244918699186991,0.75,0.1178861788617886,50.0,-1.3008130081300777
LR,time,2,fixed,A_b05,10,0.05,0.1,85.60975609756098,0.1310975609756097,0.75,0.1178861788617886,100.0,-14.390243902439025
LR,time,2,fixed,A_b05,10,0.05,0.15,122.52032520325204,0.1377032520325203,0.75,0.1178861788617886,150.0,-27.479674796747958
LR,time,2,fixed,A_b05,20,0.05,0.02,41.552845528455286,0.1205284552845528,0.75,0.1178861788617886,40.0,1.5528455284552862
LR,time,2,fixed,A_b05,20,0.05,0.05,86.19918699186991,0.1244918699186991,0.75,0.1178861788617886,100.0,-13.800813008130092
LR,time,2,fixed,A_b05,20,0.05,0.1,160.60975609756096,0.1310975609756097,0.75,0.1178861788617886,200.0,-39.39024390243904
LR,time,2,fixed,A_b05,20,0.05,0.15,235.020325203252,0.1377032520325203,0.75,0.1178861788617886,300.0,-64.97967479674799
LR,time,2,fixed,A_b05,50,0.05,0.02,86.55284552845528,0.1205284552845528,0.75,0.1178861788617886,100.0,-13.44715447154472
LR,time,2,fixed,A_b05,50,0.05,0.05,198.69918699186996,0.1244918699186991,0.75,0.1178861788617886,250.0,-51.300813008130035
LR,time,2,fixed,A_b05,50,0.05,0.1,385.609756097561,0.1310975609756097,0.75,0.1178861788617886,500.0,-114.39024390243901
LR,time,2,fixed,A_b05,50,0.05,0.15,572.520325203252,0.1377032520325203,0.75,0.1178861788617886,750.0,-177.479674796748
LR,time,2,fixed,A_b10,5,0.1,0.02,28.54065040650406,0.2354065040650406,0.5833333333333334,0.2317073170731707,10.0,18.54065040650406
LR,time,2,fixed,A_b10,5,0.1,0.05,36.59552845528455,0.2409552845528454,0.5833333333333334,0.2317073170731707,25.0,11.595528455284551
LR,time,2,fixed,A_b10,5,0.1,0.1,50.02032520325204,0.2502032520325203,0.5833333333333334,0.2317073170731707,50.0,0.020325203252042456
LR,time,2,fixed,A_b10,5,0.1,0.15,63.44512195121951,0.2594512195121951,0.5833333333333334,0.2317073170731707,75.0,-11.554878048780488
LR,time,2,fixed,A_b10,10,0.1,0.02,34.37398373983739,0.2354065040650406,0.5833333333333334,0.2317073170731707,20.0,14.373983739837392
LR,time,2,fixed,A_b10,10,0.1,0.05,51.17886178861788,0.2409552845528454,0.5833333333333334,0.2317073170731707,50.0,1.1788617886178798
LR,time,2,fixed,A_b10,10,0.1,0.1,79.1869918699187,0.2502032520325203,0.5833333333333334,0.2317073170731707,100.0,-20.8130081300813
LR,time,2,fixed,A_b10,10,0.1,0.15,107.19512195121948,0.2594512195121951,0.5833333333333334,0.2317073170731707,150.0,-42.80487804878052
LR,time,2,fixed,A_b10,20,0.1,0.02,46.040650406504064,0.2354065040650406,0.5833333333333334,0.2317073170731707,40.0,6.040650406504064
LR,time,2,fixed,A_b10,20,0.1,0.05,80.34552845528455,0.2409552845528454,0.5833333333333334,0.2317073170731707,100.0,-19.65447154471545
LR,time,2,fixed,A_b10,20,0.1,0.1,137.52032520325204,0.2502032520325203,0.5833333333333334,0.2317073170731707,200.0,-62.47967479674796
LR,time,2,fixed,A_b10,20,0.1,0.15,194.6951219512195,0.2594512195121951,0.5833333333333334,0.2317073170731707,300.0,-105.3048780487805
LR,time,2,fixed,A_b10,50,0.1,0.02,81.04065040650407,0.2354065040650406,0.5833333333333334,0.2317073170731707,100.0,-18.95934959349593
LR,time,2,fixed,A_b10,50,0.1,0.05,167.84552845528455,0.2409552845528454,0.5833333333333334,0.2317073170731707,250.0,-82.15447154471545
LR,time,2,fixed,A_b10,50,0.1,0.1,312.52032520325207,0.2502032520325203,0.5833333333333334,0.2317073170731707,500.0,-187.47967479674793
LR,time,2,fixed,A_b10,50,0.1,0.15,457.1951219512196,0.2594512195121951,0.5833333333333334,0.2317073170731707,750.0,-292.8048780487804
LR,time,2,fixed,A_b20,5,0.2,0.02,39.04268292682927,0.3554268292682927,0.4583333333333333,0.3516260162601626,10.0,29.042682926829272
LR,time,2,fixed,A_b20,5,0.2,0.05,44.86280487804878,0.3611280487804878,0.4583333333333333,0.3516260162601626,25.0,19.862804878048777
LR,time,2,fixed,A_b20,5,0.2,0.1,54.5630081300813,0.370630081300813,0.4583333333333333,0.3516260162601626,50.0,4.5630081300813
LR,time,2,fixed,A_b20,5,0.2,0.15,64.26321138211381,0.3801321138211382,0.4583333333333333,0.3516260162601626,75.0,-10.73678861788619
LR,time,2,fixed,A_b20,10,0.2,0.02,43.6260162601626,0.3554268292682927,0.4583333333333333,0.3516260162601626,20.0,23.6260162601626
LR,time,2,fixed,A_b20,10,0.2,0.05,56.32113821138211,0.3611280487804878,0.4583333333333333,0.3516260162601626,50.0,6.321138211382113
LR,time,2,fixed,A_b20,10,0.2,0.1,77.47967479674797,0.370630081300813,0.4583333333333333,0.3516260162601626,100.0,-22.52032520325203
LR,time,2,fixed,A_b20,10,0.2,0.15,98.6382113821138,0.3801321138211382,0.4583333333333333,0.3516260162601626,150.0,-51.361788617886205
LR,time,2,fixed,A_b20,20,0.2,0.02,52.79268292682927,0.3554268292682927,0.4583333333333333,0.3516260162601626,40.0,12.792682926829272
LR,time,2,fixed,A_b20,20,0.2,0.05,79.23780487804878,0.3611280487804878,0.4583333333333333,0.3516260162601626,100.0,-20.762195121951223
LR,time,2,fixed,A_b20,20,0.2,0.1,123.3130081300813,0.370630081300813,0.4583333333333333,0.3516260162601626,200.0,-76.6869918699187
LR,time,2,fixed,A_b20,20,0.2,0.15,167.3882113821138,0.3801321138211382,0.4583333333333333,0.3516260162601626,300.0,-132.6117886178862
LR,time,2,fixed,A_b20,50,0.2,0.02,80.29268292682927,0.3554268292682927,0.4583333333333333,0.3516260162601626,100.0,-19.707317073170728
LR,time,2,fixed,A_b20,50,0.2,0.05,147.98780487804876,0.3611280487804878,0.4583333333333333,0.3516260162601626,250.0,-102.01219512195124
LR,time,2,fixed,A_b20,50,0.2,0.1,260.8130081300813,0.370630081300813,0.4583333333333333,0.3516260162601626,500.0,-239.1869918699187
LR,time,2,fixed,A_b20,50,0.2,0.15,373.6382113821138,0.3801321138211382,0.4583333333333333,0.3516260162601626,750.0,-376.3617886178862
LR,time,2,fixed,B_r05,5,,0.02,10.0,0.0,1.0,0.0,10.0,0.0
LR,time,2,fixed,B_r05,5,,0.05,25.0,0.0,1.0,0.0,25.0,0.0
LR,time,2,fixed,B_r05,5,,0.1,50.0,0.0,1.0,0.0,50.0,0.0
LR,time,2,fixed,B_r05,5,,0.15,75.0,0.0,1.0,0.0,75.0,0.0
LR,time,2,fixed,B_r10,10,,0.02,20.0,0.0,1.0,0.0,20.0,0.0
LR,time,2,fixed,B_r10,10,,0.05,50.0,0.0,1.0,0.0,50.0,0.0
LR,time,2,fixed,B_r10,10,,0.1,100.0,0.0,1.0,0.0,100.0,0.0
LR,time,2,fixed,B_r10,10,,0.15,150.0,0.0,1.0,0.0,150.0,0.0
LR,time,2,fixed,B_r20,20,,0.02,40.0,0.0,1.0,0.0,40.0,0.0
LR,time,2,fixed,B_r20,20,,0.05,100.0,0.0,1.0,0.0,100.0,0.0
LR,time,2,fixed,B_r20,20,,0.1,200.0,0.0,1.0,0.0,200.0,0.0
LR,time,2,fixed,B_r20,20,,0.15,300.0,0.0,1.0,0.0,300.0,0.0
LR,time,2,fixed,B_r50,50,,0.02,85.25203252032519,0.872520325203252,0.0,0.8699186991869918,100.0,-14.747967479674813
LR,time,2,fixed,B_r50,50,,0.05,82.64227642276421,0.8764227642276422,0.0,0.8699186991869918,250.0,-167.3577235772358
LR,time,2,fixed,B_r50,50,,0.1,78.29268292682927,0.8829268292682927,0.0,0.8699186991869918,500.0,-421.7073170731707
LR,time,2,fixed,B_r50,50,,0.15,73.9430894308943,0.8894308943089431,0.0,0.8699186991869918,750.0,-676.0569105691056
LR,time,2,fixed,C_b01_r05,5,0.01,0.02,10.0,0.0,1.0,0.0,10.0,0.0
LR,time,2,fixed,C_b01_r05,5,0.01,0.05,25.0,0.0,1.0,0.0,25.0,0.0
LR,time,2,fixed,C_b01_r05,5,0.01,0.1,50.0,0.0,1.0,0.0,50.0,0.0
LR,time,2,fixed,C_b01_r05,5,0.01,0.15,75.0,0.0,1.0,0.0,75.0,0.0
LR,time,2,fixed,C_b01_r10,10,0.01,0.02,20.0,0.0,1.0,0.0,20.0,0.0
LR,time,2,fixed,C_b01_r10,10,0.01,0.05,50.0,0.0,1.0,0.0,50.0,0.0
LR,time,2,fixed,C_b01_r10,10,0.01,0.1,100.0,0.0,1.0,0.0,100.0,0.0
LR,time,2,fixed,C_b01_r10,10,0.01,0.15,150.0,0.0,1.0,0.0,150.0,0.0
LR,time,2,fixed,C_b01_r20,20,0.01,0.02,40.0,0.0,1.0,0.0,40.0,0.0
LR,time,2,fixed,C_b01_r20,20,0.01,0.05,100.0,0.0,1.0,0.0,100.0,0.0
LR,time,2,fixed,C_b01_r20,20,0.01,0.1,200.0,0.0,1.0,0.0,200.0,0.0
LR,time,2,fixed,C_b01_r20,20,0.01,0.15,300.0,0.0,1.0,0.0,300.0,0.0
LR,time,2,fixed,C_b01_r50,50,0.01,0.02,100.0,0.0,1.0,0.0,100.0,0.0
LR,time,2,fixed,C_b01_r50,50,0.01,0.05,250.0,0.0,1.0,0.0,250.0,0.0
LR,time,2,fixed,C_b01_r50,50,0.01,0.1,500.0,0.0,1.0,0.0,500.0,0.0
LR,time,2,fixed,C_b01_r50,50,0.01,0.15,750.0,0.0,1.0,0.0,750.0,0.0
LR,time,2,fixed,C_b05_r05,5,0.05,0.02,10.0,0.0,1.0,0.0,10.0,0.0
LR,time,2,fixed,C_b05_r05,5,0.05,0.05,25.0,0.0,1.0,0.0,25.0,0.0
LR,time,2,fixed,C_b05_r05,5,0.05,0.1,50.0,0.0,1.0,0.0,50.0,0.0
LR,time,2,fixed,C_b05_r05,5,0.05,0.15,75.0,0.0,1.0,0.0,75.0,0.0
LR,time,2,fixed,C_b05_r10,10,0.05,0.02,20.0,0.0,1.0,0.0,20.0,0.0
LR,time,2,fixed,C_b05_r10,10,0.05,0.05,50.0,0.0,1.0,0.0,50.0,0.0
LR,time,2,fixed,C_b05_r10,10,0.05,0.1,100.0,0.0,1.0,0.0,100.0,0.0
LR,time,2,fixed,C_b05_r10,10,0.05,0.15,150.0,0.0,1.0,0.0,150.0,0.0
LR,time,2,fixed,C_b05_r20,20,0.05,0.02,40.0,0.0,1.0,0.0,40.0,0.0
LR,time,2,fixed,C_b05_r20,20,0.05,0.05,100.0,0.0,1.0,0.0,100.0,0.0
LR,time,2,fixed,C_b05_r20,20,0.05,0.1,200.0,0.0,1.0,0.0,200.0,0.0
LR,time,2,fixed,C_b05_r20,20,0.05,0.15,300.0,0.0,1.0,0.0,300.0,0.0
LR,time,2,fixed,C_b05_r50,50,0.05,0.02,100.0,0.0,1.0,0.0,100.0,0.0
LR,time,2,fixed,C_b05_r50,50,0.05,0.05,250.0,0.0,1.0,0.0,250.0,0.0
LR,time,2,fixed,C_b05_r50,50,0.05,0.1,500.0,0.0,1.0,0.0,500.0,0.0
LR,time,2,fixed,C_b05_r50,50,0.05,0.15,750.0,0.0,1.0,0.0,750.0,0.0
LR,time,2,fixed,C_b10_r05,5,0.1,0.02,10.0,0.0,1.0,0.0,10.0,0.0
LR,time,2,fixed,C_b10_r05,5,0.1,0.05,25.0,0.0,1.0,0.0,25.0,0.0
LR,time,2,fixed,C_b10_r05,5,0.1,0.1,50.0,0.0,1.0,0.0,50.0,0.0
LR,time,2,fixed,C_b10_r05,5,0.1,0.15,75.0,0.0,1.0,0.0,75.0,0.0
LR,time,2,fixed,C_b10_r10,10,0.1,0.02,20.0,0.0,1.0,0.0,20.0,0.0
LR,time,2,fixed,C_b10_r10,10,0.1,0.05,50.0,0.0,1.0,0.0,50.0,0.0
LR,time,2,fixed,C_b10_r10,10,0.1,0.1,100.0,0.0,1.0,0.0,100.0,0.0
LR,time,2,fixed,C_b10_r10,10,0.1,0.15,150.0,0.0,1.0,0.0,150.0,0.0
LR,time,2,fixed,C_b10_r20,20,0.1,0.02,40.0,0.0,1.0,0.0,40.0,0.0
LR,time,2,fixed,C_b10_r20,20,0.1,0.05,100.0,0.0,1.0,0.0,100.0,0.0
LR,time,2,fixed,C_b10_r20,20,0.1,0.1,200.0,0.0,1.0,0.0,200.0,0.0
LR,time,2,fixed,C_b10_r20,20,0.1,0.15,300.0,0.0,1.0,0.0,300.0,0.0
LR,time,2,fixed,C_b10_r50,50,0.1,0.02,100.0,0.0,1.0,0.0,100.0,0.0
LR,time,2,fixed,C_b10_r50,50,0.1,0.05,250.0,0.0,1.0,0.0,250.0,0.0
LR,time,2,fixed,C_b10_r50,50,0.1,0.1,500.0,0.0,1.0,0.0,500.0,0.0
LR,time,2,fixed,C_b10_r50,50,0.1,0.15,750.0,0.0,1.0,0.0,750.0,0.0
LR,time,2,fixed,C_b20_r05,5,0.2,0.02,10.0,0.0,1.0,0.0,10.0,0.0
LR,time,2,fixed,C_b20_r05,5,0.2,0.05,25.0,0.0,1.0,0.0,25.0,0.0
LR,time,2,fixed,C_b20_r05,5,0.2,0.1,50.0,0.0,1.0,0.0,50.0,0.0
LR,time,2,fixed,C_b20_r05,5,0.2,0.15,75.0,0.0,1.0,0.0,75.0,0.0
LR,time,2,fixed,C_b20_r10,10,0.2,0.02,20.0,0.0,1.0,0.0,20.0,0.0
LR,time,2,fixed,C_b20_r10,10,0.2,0.05,50.0,0.0,1.0,0.0,50.0,0.0
LR,time,2,fixed,C_b20_r10,10,0.2,0.1,100.0,0.0,1.0,0.0,100.0,0.0
LR,time,2,fixed,C_b20_r10,10,0.2,0.15,150.0,0.0,1.0,0.0,150.0,0.0
LR,time,2,fixed,C_b20_r20,20,0.2,0.02,40.0,0.0,1.0,0.0,40.0,0.0
LR,time,2,fixed,C_b20_r20,20,0.2,0.05,100.0,0.0,1.0,0.0,100.0,0.0
LR,time,2,fixed,C_b20_r20,20,0.2,0.1,200.0,0.0,1.0,0.0,200.0,0.0
LR,time,2,fixed,C_b20_r20,20,0.2,0.15,300.0,0.0,1.0,0.0,300.0,0.0
LR,time,2,fixed,C_b20_r50,50,0.2,0.02,100.0,0.0,1.0,0.0,100.0,0.0
LR,time,2,fixed,C_b20_r50,50,0.2,0.05,250.0,0.0,1.0,0.0,250.0,0.0
LR,time,2,fixed,C_b20_r50,50,0.2,0.1,500.0,0.0,1.0,0.0,500.0,0.0
LR,time,2,fixed,C_b20_r50,50,0.2,0.15,750.0,0.0,1.0,0.0,750.0,0.0
LR,time,2,fixed,TopK_b01,5,0.01,0.02,10.995934959349588,0.0099593495934958,1.0,0.0101626016260162,10.0,0.9959349593495883
LR,time,2,fixed,TopK_b01,5,0.01,0.05,25.965447154471537,0.0096544715447153,1.0,0.0101626016260162,25.0,0.9654471544715371
LR,time,2,fixed,TopK_b01,5,0.01,0.1,50.914634146341456,0.0091463414634145,1.0,0.0101626016260162,50.0,0.9146341463414558
LR,time,2,fixed,TopK_b01,5,0.01,0.15,75.86382113821138,0.0086382113821137,1.0,0.0101626016260162,75.0,0.8638211382113781
LR,time,2,fixed,TopK_b01,10,0.01,0.02,20.995934959349587,0.0099593495934958,1.0,0.0101626016260162,20.0,0.9959349593495865
LR,time,2,fixed,TopK_b01,10,0.01,0.05,50.96544715447154,0.0096544715447153,1.0,0.0101626016260162,50.0,0.9654471544715406
LR,time,2,fixed,TopK_b01,10,0.01,0.1,100.91463414634146,0.0091463414634145,1.0,0.0101626016260162,100.0,0.9146341463414558
LR,time,2,fixed,TopK_b01,10,0.01,0.15,150.86382113821136,0.0086382113821137,1.0,0.0101626016260162,150.0,0.8638211382113639
LR,time,2,fixed,TopK_b01,20,0.01,0.02,40.99593495934959,0.0099593495934958,1.0,0.0101626016260162,40.0,0.9959349593495901
LR,time,2,fixed,TopK_b01,20,0.01,0.05,100.96544715447152,0.0096544715447153,1.0,0.0101626016260162,100.0,0.9654471544715193
LR,time,2,fixed,TopK_b01,20,0.01,0.1,200.91463414634148,0.0091463414634145,1.0,0.0101626016260162,200.0,0.9146341463414842
LR,time,2,fixed,TopK_b01,20,0.01,0.15,300.8638211382114,0.0086382113821137,1.0,0.0101626016260162,300.0,0.8638211382113923
LR,time,2,fixed,TopK_b01,50,0.01,0.02,100.9959349593496,0.0099593495934958,1.0,0.0101626016260162,100.0,0.9959349593495972
LR,time,2,fixed,TopK_b01,50,0.01,0.05,250.96544715447155,0.0096544715447153,1.0,0.0101626016260162,250.0,0.9654471544715477
LR,time,2,fixed,TopK_b01,50,0.01,0.1,500.9146341463414,0.0091463414634145,1.0,0.0101626016260162,500.0,0.9146341463414274
LR,time,2,fixed,TopK_b01,50,0.01,0.15,750.8638211382114,0.0086382113821137,1.0,0.0101626016260162,750.0,0.8638211382113923
LR,time,2,fixed,TopK_b05,5,0.05,0.02,14.363821138211378,0.0486382113821137,0.9583333333333334,0.048780487804878,10.0,4.363821138211378
LR,time,2,fixed,TopK_b05,5,0.05,0.05,28.592479674796746,0.0484247967479674,0.9583333333333334,0.048780487804878,25.0,3.5924796747967456
LR,time,2,fixed,TopK_b05,5,0.05,0.1,52.30691056910569,0.0480691056910568,0.9583333333333334,0.048780487804878,50.0,2.306910569105689
LR,time,2,fixed,TopK_b05,5,0.05,0.15,76.02134146341463,0.0477134146341462,0.9583333333333334,0.048780487804878,75.0,1.021341463414629
LR,time,2,fixed,TopK_b05,10,0.05,0.02,23.947154471544717,0.0486382113821137,0.9583333333333334,0.048780487804878,20.0,3.9471544715447173
LR,time,2,fixed,TopK_b05,10,0.05,0.05,52.550813008130085,0.0484247967479674,0.9583333333333334,0.048780487804878,50.0,2.550813008130085
LR,time,2,fixed,TopK_b05,10,0.05,0.1,100.22357723577235,0.0480691056910568,0.9583333333333334,0.048780487804878,100.0,0.22357723577235333
LR,time,2,fixed,TopK_b05,10,0.05,0.15,147.89634146341464,0.0477134146341462,0.9583333333333334,0.048780487804878,150.0,-2.103658536585357
LR,time,2,fixed,TopK_b05,20,0.05,0.02,43.11382113821138,0.0486382113821137,0.9583333333333334,0.048780487804878,40.0,3.113821138211378
LR,time,2,fixed,TopK_b05,20,0.05,0.05,100.46747967479676,0.0484247967479674,0.9583333333333334,0.048780487804878,100.0,0.46747967479676333
LR,time,2,fixed,TopK_b05,20,0.05,0.1,196.0569105691057,0.0480691056910568,0.9583333333333334,0.048780487804878,200.0,-3.943089430894304
LR,time,2,fixed,TopK_b05,20,0.05,0.15,291.6463414634146,0.0477134146341462,0.9583333333333334,0.048780487804878,300.0,-8.353658536585385
LR,time,2,fixed,TopK_b05,50,0.05,0.02,100.61382113821138,0.0486382113821137,0.9583333333333334,0.048780487804878,100.0,0.6138211382113781
LR,time,2,fixed,TopK_b05,50,0.05,0.05,244.2174796747968,0.0484247967479674,0.9583333333333334,0.048780487804878,250.0,-5.782520325203194
LR,time,2,fixed,TopK_b05,50,0.05,0.1,483.55691056910575,0.0480691056910568,0.9583333333333334,0.048780487804878,500.0,-16.443089430894247
LR,time,2,fixed,TopK_b05,50,0.05,0.15,722.8963414634146,0.0477134146341462,0.9583333333333334,0.048780487804878,750.0,-27.103658536585385
LR,time,2,fixed,TopK_b10,5,0.1,0.02,17.69512195121951,0.096951219512195,0.8333333333333334,0.0955284552845528,10.0,7.695121951219509
LR,time,2,fixed,TopK_b10,5,0.1,0.05,29.90853658536585,0.0990853658536584,0.8333333333333334,0.0955284552845528,25.0,4.908536585365852
LR,time,2,fixed,TopK_b10,5,0.1,0.1,50.26422764227642,0.1026422764227641,0.8333333333333334,0.0955284552845528,50.0,0.26422764227641693
LR,time,2,fixed,TopK_b10,5,0.1,0.15,70.619918699187,0.1061991869918698,0.8333333333333334,0.0955284552845528,75.0,-4.3800813008130035
LR,time,2,fixed,TopK_b10,10,0.1,0.02,26.02845528455284,0.096951219512195,0.8333333333333334,0.0955284552845528,20.0,6.028455284552841
LR,time,2,fixed,TopK_b10,10,0.1,0.05,50.74186991869918,0.0990853658536584,0.8333333333333334,0.0955284552845528,50.0,0.7418699186991802
LR,time,2,fixed,TopK_b10,10,0.1,0.1,91.9308943089431,0.1026422764227641,0.8333333333333334,0.0955284552845528,100.0,-8.069105691056905
LR,time,2,fixed,TopK_b10,10,0.1,0.15,133.11991869918697,0.1061991869918698,0.8333333333333334,0.0955284552845528,150.0,-16.880081300813032
LR,time,2,fixed,TopK_b10,20,0.1,0.02,42.69512195121951,0.096951219512195,0.8333333333333334,0.0955284552845528,40.0,2.6951219512195124
LR,time,2,fixed,TopK_b10,20,0.1,0.05,92.40853658536584,0.0990853658536584,0.8333333333333334,0.0955284552845528,100.0,-7.591463414634163
LR,time,2,fixed,TopK_b10,20,0.1,0.1,175.26422764227644,0.1026422764227641,0.8333333333333334,0.0955284552845528,200.0,-24.73577235772356
LR,time,2,fixed,TopK_b10,20,0.1,0.15,258.119918699187,0.1061991869918698,0.8333333333333334,0.0955284552845528,300.0,-41.880081300813
LR,time,2,fixed,TopK_b10,50,0.1,0.02,92.69512195121952,0.096951219512195,0.8333333333333334,0.0955284552845528,100.0,-7.3048780487804805
LR,time,2,fixed,TopK_b10,50,0.1,0.05,217.40853658536588,0.0990853658536584,0.8333333333333334,0.0955284552845528,250.0,-32.59146341463412
LR,time,2,fixed,TopK_b10,50,0.1,0.1,425.26422764227647,0.1026422764227641,0.8333333333333334,0.0955284552845528,500.0,-74.73577235772353
LR,time,2,fixed,TopK_b10,50,0.1,0.15,633.119918699187,0.1061991869918698,0.8333333333333334,0.0955284552845528,750.0,-116.880081300813
LR,time,2,fixed,TopK_b20,5,0.2,0.02,25.58943089430894,0.1958943089430894,0.6666666666666666,0.1930894308943089,10.0,15.58943089430894
LR,time,2,fixed,TopK_b20,5,0.2,0.05,35.01016260162601,0.2001016260162601,0.6666666666666666,0.1930894308943089,25.0,10.010162601626007
LR,time,2,fixed,TopK_b20,5,0.2,0.1,50.71138211382114,0.2071138211382113,0.6666666666666666,0.1930894308943089,50.0,0.7113821138211378
LR,time,2,fixed,TopK_b20,5,0.2,0.15,66.41260162601625,0.2141260162601626,0.6666666666666666,0.1930894308943089,75.0,-8.587398373983746
LR,time,2,fixed,TopK_b20,10,0.2,0.02,32.256097560975604,0.1958943089430894,0.6666666666666666,0.1930894308943089,20.0,12.256097560975604
LR,time,2,fixed,TopK_b20,10,0.2,0.05,51.67682926829268,0.2001016260162601,0.6666666666666666,0.1930894308943089,50.0,1.6768292682926784
LR,time,2,fixed,TopK_b20,10,0.2,0.1,84.04471544715446,0.2071138211382113,0.6666666666666666,0.1930894308943089,100.0,-15.95528455284554
LR,time,2,fixed,TopK_b20,10,0.2,0.15,116.41260162601624,0.2141260162601626,0.6666666666666666,0.1930894308943089,150.0,-33.58739837398376
LR,time,2,fixed,TopK_b20,20,0.2,0.02,45.58943089430893,0.1958943089430894,0.6666666666666666,0.1930894308943089,40.0,5.589430894308933
LR,time,2,fixed,TopK_b20,20,0.2,0.05,85.010162601626,0.2001016260162601,0.6666666666666666,0.1930894308943089,100.0,-14.989837398373993
LR,time,2,fixed,TopK_b20,20,0.2,0.1,150.71138211382114,0.2071138211382113,0.6666666666666666,0.1930894308943089,200.0,-49.288617886178855
LR,time,2,fixed,TopK_b20,20,0.2,0.15,216.41260162601623,0.2141260162601626,0.6666666666666666,0.1930894308943089,300.0,-83.58739837398377
LR,time,2,fixed,TopK_b20,50,0.2,0.02,85.58943089430893,0.1958943089430894,0.6666666666666666,0.1930894308943089,100.0,-14.410569105691067
LR,time,2,fixed,TopK_b20,50,0.2,0.05,185.010162601626,0.2001016260162601,0.6666666666666666,0.1930894308943089,250.0,-64.989837398374
LR,time,2,fixed,TopK_b20,50,0.2,0.1,350.7113821138211,0.2071138211382113,0.6666666666666666,0.1930894308943089,500.0,-149.28861788617888
LR,time,2,fixed,TopK_b20,50,0.2,0.15,516.4126016260162,0.2141260162601626,0.6666666666666666,0.1930894308943089,750.0,-233.58739837398377
LR,time,2,refitted,none,5,,0.02,10.0,0.0,1.0,0.0,10.0,0.0
LR,time,2,refitted,none,5,,0.05,25.0,0.0,1.0,0.0,25.0,0.0
LR,time,2,refitted,none,5,,0.1,50.0,0.0,1.0,0.0,50.0,0.0
LR,time,2,refitted,none,5,,0.15,75.0,0.0,1.0,0.0,75.0,0.0
LR,time,2,refitted,none,10,,0.02,20.0,0.0,1.0,0.0,20.0,0.0
LR,time,2,refitted,none,10,,0.05,50.0,0.0,1.0,0.0,50.0,0.0
LR,time,2,refitted,none,10,,0.1,100.0,0.0,1.0,0.0,100.0,0.0
LR,time,2,refitted,none,10,,0.15,150.0,0.0,1.0,0.0,150.0,0.0
LR,time,2,refitted,none,20,,0.02,40.0,0.0,1.0,0.0,40.0,0.0
LR,time,2,refitted,none,20,,0.05,100.0,0.0,1.0,0.0,100.0,0.0
LR,time,2,refitted,none,20,,0.1,200.0,0.0,1.0,0.0,200.0,0.0
LR,time,2,refitted,none,20,,0.15,300.0,0.0,1.0,0.0,300.0,0.0
LR,time,2,refitted,none,50,,0.02,100.0,0.0,1.0,0.0,100.0,0.0
LR,time,2,refitted,none,50,,0.05,250.0,0.0,1.0,0.0,250.0,0.0
LR,time,2,refitted,none,50,,0.1,500.0,0.0,1.0,0.0,500.0,0.0
LR,time,2,refitted,none,50,,0.15,750.0,0.0,1.0,0.0,750.0,0.0
LR,time,2,refitted,A_b01,5,0.01,0.02,10.995934959349588,0.0099593495934958,1.0,0.0101626016260162,10.0,0.9959349593495883
LR,time,2,refitted,A_b01,5,0.01,0.05,25.965447154471537,0.0096544715447153,1.0,0.0101626016260162,25.0,0.9654471544715371
LR,time,2,refitted,A_b01,5,0.01,0.1,50.914634146341456,0.0091463414634145,1.0,0.0101626016260162,50.0,0.9146341463414558
LR,time,2,refitted,A_b01,5,0.01,0.15,75.86382113821138,0.0086382113821137,1.0,0.0101626016260162,75.0,0.8638211382113781
LR,time,2,refitted,A_b01,10,0.01,0.02,20.995934959349587,0.0099593495934958,1.0,0.0101626016260162,20.0,0.9959349593495865
LR,time,2,refitted,A_b01,10,0.01,0.05,50.96544715447154,0.0096544715447153,1.0,0.0101626016260162,50.0,0.9654471544715406
LR,time,2,refitted,A_b01,10,0.01,0.1,100.91463414634146,0.0091463414634145,1.0,0.0101626016260162,100.0,0.9146341463414558
LR,time,2,refitted,A_b01,10,0.01,0.15,150.86382113821136,0.0086382113821137,1.0,0.0101626016260162,150.0,0.8638211382113639
LR,time,2,refitted,A_b01,20,0.01,0.02,40.99593495934959,0.0099593495934958,1.0,0.0101626016260162,40.0,0.9959349593495901
LR,time,2,refitted,A_b01,20,0.01,0.05,100.96544715447152,0.0096544715447153,1.0,0.0101626016260162,100.0,0.9654471544715193
LR,time,2,refitted,A_b01,20,0.01,0.1,200.91463414634148,0.0091463414634145,1.0,0.0101626016260162,200.0,0.9146341463414842
LR,time,2,refitted,A_b01,20,0.01,0.15,300.8638211382114,0.0086382113821137,1.0,0.0101626016260162,300.0,0.8638211382113923
LR,time,2,refitted,A_b01,50,0.01,0.02,100.9959349593496,0.0099593495934958,1.0,0.0101626016260162,100.0,0.9959349593495972
LR,time,2,refitted,A_b01,50,0.01,0.05,250.96544715447155,0.0096544715447153,1.0,0.0101626016260162,250.0,0.9654471544715477
LR,time,2,refitted,A_b01,50,0.01,0.1,500.9146341463414,0.0091463414634145,1.0,0.0101626016260162,500.0,0.9146341463414274
LR,time,2,refitted,A_b01,50,0.01,0.15,750.8638211382114,0.0086382113821137,1.0,0.0101626016260162,750.0,0.8638211382113923
LR,time,2,refitted,A_b05,5,0.05,0.02,19.65040650406503,0.1265040650406503,0.75,0.1239837398373983,10.0,9.650406504065032
LR,time,2,refitted,A_b05,5,0.05,0.05,30.528455284552837,0.1302845528455284,0.75,0.1239837398373983,25.0,5.528455284552837
LR,time,2,refitted,A_b05,5,0.05,0.1,48.65853658536584,0.1365853658536584,0.75,0.1239837398373983,50.0,-1.3414634146341626
LR,time,2,refitted,A_b05,5,0.05,0.15,66.78861788617886,0.1428861788617885,0.75,0.1239837398373983,75.0,-8.211382113821145
LR,time,2,refitted,A_b05,10,0.05,0.02,27.15040650406503,0.1265040650406503,0.75,0.1239837398373983,20.0,7.150406504065032
LR,time,2,refitted,A_b05,10,0.05,0.05,49.278455284552834,0.1302845528455284,0.75,0.1239837398373983,50.0,-0.7215447154471661
LR,time,2,refitted,A_b05,10,0.05,0.1,86.15853658536585,0.1365853658536584,0.75,0.1239837398373983,100.0,-13.841463414634148
LR,time,2,refitted,A_b05,10,0.05,0.15,123.03861788617884,0.1428861788617885,0.75,0.1239837398373983,150.0,-26.96138211382116
LR,time,2,refitted,A_b05,20,0.05,0.02,42.15040650406504,0.1265040650406503,0.75,0.1239837398373983,40.0,2.150406504065039
LR,time,2,refitted,A_b05,20,0.05,0.05,86.77845528455283,0.1302845528455284,0.75,0.1239837398373983,100.0,-13.221544715447166
LR,time,2,refitted,A_b05,20,0.05,0.1,161.15853658536585,0.1365853658536584,0.75,0.1239837398373983,200.0,-38.84146341463415
LR,time,2,refitted,A_b05,20,0.05,0.15,235.53861788617888,0.1428861788617885,0.75,0.1239837398373983,300.0,-64.46138211382112
LR,time,2,refitted,A_b05,50,0.05,0.02,87.15040650406503,0.1265040650406503,0.75,0.1239837398373983,100.0,-12.849593495934968
LR,time,2,refitted,A_b05,50,0.05,0.05,199.27845528455285,0.1302845528455284,0.75,0.1239837398373983,250.0,-50.72154471544715
LR,time,2,refitted,A_b05,50,0.05,0.1,386.1585365853658,0.1365853658536584,0.75,0.1239837398373983,500.0,-113.84146341463418
LR,time,2,refitted,A_b05,50,0.05,0.15,573.0386178861788,0.1428861788617885,0.75,0.1239837398373983,750.0,-176.96138211382117
LR,time,2,refitted,A_b10,5,0.1,0.02,27.924796747967477,0.2342479674796747,0.5416666666666666,0.2296747967479674,10.0,17.924796747967477
LR,time,2,refitted,A_b10,5,0.1,0.05,35.36077235772357,0.2411077235772356,0.5416666666666666,0.2296747967479674,25.0,10.360772357723569
LR,time,2,refitted,A_b10,5,0.1,0.1,47.7540650406504,0.252540650406504,0.5416666666666666,0.2296747967479674,50.0,-2.245934959349597
LR,time,2,refitted,A_b10,5,0.1,0.15,60.14735772357722,0.2639735772357723,0.5416666666666666,0.2296747967479674,75.0,-14.852642276422777
LR,time,2,refitted,A_b10,10,0.1,0.02,33.341463414634134,0.2342479674796747,0.5416666666666666,0.2296747967479674,20.0,13.341463414634134
LR,time,2,refitted,A_b10,10,0.1,0.05,48.90243902439023,0.2411077235772356,0.5416666666666666,0.2296747967479674,50.0,-1.0975609756097668
LR,time,2,refitted,A_b10,10,0.1,0.1,74.83739837398373,0.252540650406504,0.5416666666666666,0.2296747967479674,100.0,-25.16260162601627
LR,time,2,refitted,A_b10,10,0.1,0.15,100.77235772357722,0.2639735772357723,0.5416666666666666,0.2296747967479674,150.0,-49.227642276422785
LR,time,2,refitted,A_b10,20,0.1,0.02,44.17479674796747,0.2342479674796747,0.5416666666666666,0.2296747967479674,40.0,4.17479674796747
LR,time,2,refitted,A_b10,20,0.1,0.05,75.98577235772356,0.2411077235772356,0.5416666666666666,0.2296747967479674,100.0,-24.01422764227644
LR,time,2,refitted,A_b10,20,0.1,0.1,129.00406504065035,0.252540650406504,0.5416666666666666,0.2296747967479674,200.0,-70.99593495934965
LR,time,2,refitted,A_b10,20,0.1,0.15,182.0223577235772,0.2639735772357723,0.5416666666666666,0.2296747967479674,300.0,-117.97764227642281
LR,time,2,refitted,A_b10,50,0.1,0.02,76.67479674796746,0.2342479674796747,0.5416666666666666,0.2296747967479674,100.0,-23.325203252032537
LR,time,2,refitted,A_b10,50,0.1,0.05,157.23577235772353,0.2411077235772356,0.5416666666666666,0.2296747967479674,250.0,-92.76422764227647
LR,time,2,refitted,A_b10,50,0.1,0.1,291.50406504065035,0.252540650406504,0.5416666666666666,0.2296747967479674,500.0,-208.49593495934965
LR,time,2,refitted,A_b10,50,0.1,0.15,425.7723577235772,0.2639735772357723,0.5416666666666666,0.2296747967479674,750.0,-324.2276422764228
LR,time,2,refitted,A_b20,5,0.2,0.02,43.80487804878048,0.4080487804878048,0.4166666666666667,0.4044715447154471,10.0,33.80487804878048
LR,time,2,refitted,A_b20,5,0.2,0.05,48.84146341463414,0.4134146341463414,0.4166666666666667,0.4044715447154471,25.0,23.84146341463414
LR,time,2,refitted,A_b20,5,0.2,0.1,57.23577235772358,0.4223577235772358,0.4166666666666667,0.4044715447154471,50.0,7.235772357723583
LR,time,2,refitted,A_b20,5,0.2,0.15,65.630081300813,0.43130081300813,0.4166666666666667,0.4044715447154471,75.0,-9.369918699186996
LR,time,2,refitted,A_b20,10,0.2,0.02,47.971544715447145,0.4080487804878048,0.4166666666666667,0.4044715447154471,20.0,27.971544715447145
LR,time,2,refitted,A_b20,10,0.2,0.05,59.258130081300806,0.4134146341463414,0.4166666666666667,0.4044715447154471,50.0,9.258130081300806
LR,time,2,refitted,A_b20,10,0.2,0.1,78.06910569105692,0.4223577235772358,0.4166666666666667,0.4044715447154471,100.0,-21.93089430894308
LR,time,2,refitted,A_b20,10,0.2,0.15,96.880081300813,0.43130081300813,0.4166666666666667,0.4044715447154471,150.0,-53.119918699187
LR,time,2,refitted,A_b20,20,0.2,0.02,56.30487804878048,0.4080487804878048,0.4166666666666667,0.4044715447154471,40.0,16.30487804878048
LR,time,2,refitted,A_b20,20,0.2,0.05,80.09146341463413,0.4134146341463414,0.4166666666666667,0.4044715447154471,100.0,-19.908536585365866
LR,time,2,refitted,A_b20,20,0.2,0.1,119.73577235772356,0.4223577235772358,0.4166666666666667,0.4044715447154471,200.0,-80.26422764227644
LR,time,2,refitted,A_b20,20,0.2,0.15,159.380081300813,0.43130081300813,0.4166666666666667,0.4044715447154471,300.0,-140.619918699187
LR,time,2,refitted,A_b20,50,0.2,0.02,81.30487804878048,0.4080487804878048,0.4166666666666667,0.4044715447154471,100.0,-18.69512195121952
LR,time,2,refitted,A_b20,50,0.2,0.05,142.59146341463412,0.4134146341463414,0.4166666666666667,0.4044715447154471,250.0,-107.40853658536588
LR,time,2,refitted,A_b20,50,0.2,0.1,244.7357723577236,0.4223577235772358,0.4166666666666667,0.4044715447154471,500.0,-255.2642276422764
LR,time,2,refitted,A_b20,50,0.2,0.15,346.880081300813,0.43130081300813,0.4166666666666667,0.4044715447154471,750.0,-403.119918699187
LR,time,2,refitted,B_r05,5,,0.02,10.0,0.0,1.0,0.0,10.0,0.0
LR,time,2,refitted,B_r05,5,,0.05,25.0,0.0,1.0,0.0,25.0,0.0
LR,time,2,refitted,B_r05,5,,0.1,50.0,0.0,1.0,0.0,50.0,0.0
LR,time,2,refitted,B_r05,5,,0.15,75.0,0.0,1.0,0.0,75.0,0.0
LR,time,2,refitted,B_r10,10,,0.02,20.0,0.0,1.0,0.0,20.0,0.0
LR,time,2,refitted,B_r10,10,,0.05,50.0,0.0,1.0,0.0,50.0,0.0
LR,time,2,refitted,B_r10,10,,0.1,100.0,0.0,1.0,0.0,100.0,0.0
LR,time,2,refitted,B_r10,10,,0.15,150.0,0.0,1.0,0.0,150.0,0.0
LR,time,2,refitted,B_r20,20,,0.02,40.0,0.0,1.0,0.0,40.0,0.0
LR,time,2,refitted,B_r20,20,,0.05,100.0,0.0,1.0,0.0,100.0,0.0
LR,time,2,refitted,B_r20,20,,0.1,200.0,0.0,1.0,0.0,200.0,0.0
LR,time,2,refitted,B_r20,20,,0.15,300.0,0.0,1.0,0.0,300.0,0.0
LR,time,2,refitted,B_r50,50,,0.02,89.83333333333333,0.9183333333333332,0.0,0.9166666666666666,100.0,-10.166666666666671
LR,time,2,refitted,B_r50,50,,0.05,87.08333333333333,0.9208333333333332,0.0,0.9166666666666666,250.0,-162.91666666666669
LR,time,2,refitted,B_r50,50,,0.1,82.5,0.925,0.0,0.9166666666666666,500.0,-417.5
LR,time,2,refitted,B_r50,50,,0.15,77.91666666666666,0.9291666666666666,0.0,0.9166666666666666,750.0,-672.0833333333334
LR,time,2,refitted,C_b01_r05,5,0.01,0.02,10.0,0.0,1.0,0.0,10.0,0.0
LR,time,2,refitted,C_b01_r05,5,0.01,0.05,25.0,0.0,1.0,0.0,25.0,0.0
LR,time,2,refitted,C_b01_r05,5,0.01,0.1,50.0,0.0,1.0,0.0,50.0,0.0
LR,time,2,refitted,C_b01_r05,5,0.01,0.15,75.0,0.0,1.0,0.0,75.0,0.0
LR,time,2,refitted,C_b01_r10,10,0.01,0.02,20.0,0.0,1.0,0.0,20.0,0.0
LR,time,2,refitted,C_b01_r10,10,0.01,0.05,50.0,0.0,1.0,0.0,50.0,0.0
LR,time,2,refitted,C_b01_r10,10,0.01,0.1,100.0,0.0,1.0,0.0,100.0,0.0
LR,time,2,refitted,C_b01_r10,10,0.01,0.15,150.0,0.0,1.0,0.0,150.0,0.0
LR,time,2,refitted,C_b01_r20,20,0.01,0.02,40.0,0.0,1.0,0.0,40.0,0.0
LR,time,2,refitted,C_b01_r20,20,0.01,0.05,100.0,0.0,1.0,0.0,100.0,0.0
LR,time,2,refitted,C_b01_r20,20,0.01,0.1,200.0,0.0,1.0,0.0,200.0,0.0
LR,time,2,refitted,C_b01_r20,20,0.01,0.15,300.0,0.0,1.0,0.0,300.0,0.0
LR,time,2,refitted,C_b01_r50,50,0.01,0.02,100.0,0.0,1.0,0.0,100.0,0.0
LR,time,2,refitted,C_b01_r50,50,0.01,0.05,250.0,0.0,1.0,0.0,250.0,0.0
LR,time,2,refitted,C_b01_r50,50,0.01,0.1,500.0,0.0,1.0,0.0,500.0,0.0
LR,time,2,refitted,C_b01_r50,50,0.01,0.15,750.0,0.0,1.0,0.0,750.0,0.0
LR,time,2,refitted,C_b05_r05,5,0.05,0.02,10.0,0.0,1.0,0.0,10.0,0.0
LR,time,2,refitted,C_b05_r05,5,0.05,0.05,25.0,0.0,1.0,0.0,25.0,0.0
LR,time,2,refitted,C_b05_r05,5,0.05,0.1,50.0,0.0,1.0,0.0,50.0,0.0
LR,time,2,refitted,C_b05_r05,5,0.05,0.15,75.0,0.0,1.0,0.0,75.0,0.0
LR,time,2,refitted,C_b05_r10,10,0.05,0.02,20.0,0.0,1.0,0.0,20.0,0.0
LR,time,2,refitted,C_b05_r10,10,0.05,0.05,50.0,0.0,1.0,0.0,50.0,0.0
LR,time,2,refitted,C_b05_r10,10,0.05,0.1,100.0,0.0,1.0,0.0,100.0,0.0
LR,time,2,refitted,C_b05_r10,10,0.05,0.15,150.0,0.0,1.0,0.0,150.0,0.0
LR,time,2,refitted,C_b05_r20,20,0.05,0.02,40.0,0.0,1.0,0.0,40.0,0.0
LR,time,2,refitted,C_b05_r20,20,0.05,0.05,100.0,0.0,1.0,0.0,100.0,0.0
LR,time,2,refitted,C_b05_r20,20,0.05,0.1,200.0,0.0,1.0,0.0,200.0,0.0
LR,time,2,refitted,C_b05_r20,20,0.05,0.15,300.0,0.0,1.0,0.0,300.0,0.0
LR,time,2,refitted,C_b05_r50,50,0.05,0.02,100.0,0.0,1.0,0.0,100.0,0.0
LR,time,2,refitted,C_b05_r50,50,0.05,0.05,250.0,0.0,1.0,0.0,250.0,0.0
LR,time,2,refitted,C_b05_r50,50,0.05,0.1,500.0,0.0,1.0,0.0,500.0,0.0
LR,time,2,refitted,C_b05_r50,50,0.05,0.15,750.0,0.0,1.0,0.0,750.0,0.0
LR,time,2,refitted,C_b10_r05,5,0.1,0.02,10.0,0.0,1.0,0.0,10.0,0.0
LR,time,2,refitted,C_b10_r05,5,0.1,0.05,25.0,0.0,1.0,0.0,25.0,0.0
LR,time,2,refitted,C_b10_r05,5,0.1,0.1,50.0,0.0,1.0,0.0,50.0,0.0
LR,time,2,refitted,C_b10_r05,5,0.1,0.15,75.0,0.0,1.0,0.0,75.0,0.0
LR,time,2,refitted,C_b10_r10,10,0.1,0.02,20.0,0.0,1.0,0.0,20.0,0.0
LR,time,2,refitted,C_b10_r10,10,0.1,0.05,50.0,0.0,1.0,0.0,50.0,0.0
LR,time,2,refitted,C_b10_r10,10,0.1,0.1,100.0,0.0,1.0,0.0,100.0,0.0
LR,time,2,refitted,C_b10_r10,10,0.1,0.15,150.0,0.0,1.0,0.0,150.0,0.0
LR,time,2,refitted,C_b10_r20,20,0.1,0.02,40.0,0.0,1.0,0.0,40.0,0.0
LR,time,2,refitted,C_b10_r20,20,0.1,0.05,100.0,0.0,1.0,0.0,100.0,0.0
LR,time,2,refitted,C_b10_r20,20,0.1,0.1,200.0,0.0,1.0,0.0,200.0,0.0
LR,time,2,refitted,C_b10_r20,20,0.1,0.15,300.0,0.0,1.0,0.0,300.0,0.0
LR,time,2,refitted,C_b10_r50,50,0.1,0.02,100.0,0.0,1.0,0.0,100.0,0.0
LR,time,2,refitted,C_b10_r50,50,0.1,0.05,250.0,0.0,1.0,0.0,250.0,0.0
LR,time,2,refitted,C_b10_r50,50,0.1,0.1,500.0,0.0,1.0,0.0,500.0,0.0
LR,time,2,refitted,C_b10_r50,50,0.1,0.15,750.0,0.0,1.0,0.0,750.0,0.0
LR,time,2,refitted,C_b20_r05,5,0.2,0.02,10.0,0.0,1.0,0.0,10.0,0.0
LR,time,2,refitted,C_b20_r05,5,0.2,0.05,25.0,0.0,1.0,0.0,25.0,0.0
LR,time,2,refitted,C_b20_r05,5,0.2,0.1,50.0,0.0,1.0,0.0,50.0,0.0
LR,time,2,refitted,C_b20_r05,5,0.2,0.15,75.0,0.0,1.0,0.0,75.0,0.0
LR,time,2,refitted,C_b20_r10,10,0.2,0.02,20.0,0.0,1.0,0.0,20.0,0.0
LR,time,2,refitted,C_b20_r10,10,0.2,0.05,50.0,0.0,1.0,0.0,50.0,0.0
LR,time,2,refitted,C_b20_r10,10,0.2,0.1,100.0,0.0,1.0,0.0,100.0,0.0
LR,time,2,refitted,C_b20_r10,10,0.2,0.15,150.0,0.0,1.0,0.0,150.0,0.0
LR,time,2,refitted,C_b20_r20,20,0.2,0.02,40.0,0.0,1.0,0.0,40.0,0.0
LR,time,2,refitted,C_b20_r20,20,0.2,0.05,100.0,0.0,1.0,0.0,100.0,0.0
LR,time,2,refitted,C_b20_r20,20,0.2,0.1,200.0,0.0,1.0,0.0,200.0,0.0
LR,time,2,refitted,C_b20_r20,20,0.2,0.15,300.0,0.0,1.0,0.0,300.0,0.0
LR,time,2,refitted,C_b20_r50,50,0.2,0.02,100.0,0.0,1.0,0.0,100.0,0.0
LR,time,2,refitted,C_b20_r50,50,0.2,0.05,250.0,0.0,1.0,0.0,250.0,0.0
LR,time,2,refitted,C_b20_r50,50,0.2,0.1,500.0,0.0,1.0,0.0,500.0,0.0
LR,time,2,refitted,C_b20_r50,50,0.2,0.15,750.0,0.0,1.0,0.0,750.0,0.0
LR,time,2,refitted,TopK_b01,5,0.01,0.02,10.995934959349588,0.0099593495934958,1.0,0.0101626016260162,10.0,0.9959349593495883
LR,time,2,refitted,TopK_b01,5,0.01,0.05,25.965447154471537,0.0096544715447153,1.0,0.0101626016260162,25.0,0.9654471544715371
LR,time,2,refitted,TopK_b01,5,0.01,0.1,50.914634146341456,0.0091463414634145,1.0,0.0101626016260162,50.0,0.9146341463414558
LR,time,2,refitted,TopK_b01,5,0.01,0.15,75.86382113821138,0.0086382113821137,1.0,0.0101626016260162,75.0,0.8638211382113781
LR,time,2,refitted,TopK_b01,10,0.01,0.02,20.995934959349587,0.0099593495934958,1.0,0.0101626016260162,20.0,0.9959349593495865
LR,time,2,refitted,TopK_b01,10,0.01,0.05,50.96544715447154,0.0096544715447153,1.0,0.0101626016260162,50.0,0.9654471544715406
LR,time,2,refitted,TopK_b01,10,0.01,0.1,100.91463414634146,0.0091463414634145,1.0,0.0101626016260162,100.0,0.9146341463414558
LR,time,2,refitted,TopK_b01,10,0.01,0.15,150.86382113821136,0.0086382113821137,1.0,0.0101626016260162,150.0,0.8638211382113639
LR,time,2,refitted,TopK_b01,20,0.01,0.02,40.99593495934959,0.0099593495934958,1.0,0.0101626016260162,40.0,0.9959349593495901
LR,time,2,refitted,TopK_b01,20,0.01,0.05,100.96544715447152,0.0096544715447153,1.0,0.0101626016260162,100.0,0.9654471544715193
LR,time,2,refitted,TopK_b01,20,0.01,0.1,200.91463414634148,0.0091463414634145,1.0,0.0101626016260162,200.0,0.9146341463414842
LR,time,2,refitted,TopK_b01,20,0.01,0.15,300.8638211382114,0.0086382113821137,1.0,0.0101626016260162,300.0,0.8638211382113923
LR,time,2,refitted,TopK_b01,50,0.01,0.02,100.9959349593496,0.0099593495934958,1.0,0.0101626016260162,100.0,0.9959349593495972
LR,time,2,refitted,TopK_b01,50,0.01,0.05,250.96544715447155,0.0096544715447153,1.0,0.0101626016260162,250.0,0.9654471544715477
LR,time,2,refitted,TopK_b01,50,0.01,0.1,500.9146341463414,0.0091463414634145,1.0,0.0101626016260162,500.0,0.9146341463414274
LR,time,2,refitted,TopK_b01,50,0.01,0.15,750.8638211382114,0.0086382113821137,1.0,0.0101626016260162,750.0,0.8638211382113923
LR,time,2,refitted,TopK_b05,5,0.05,0.02,12.516260162601617,0.0451626016260161,0.8333333333333334,0.0426829268292682,10.0,2.5162601626016166
LR,time,2,refitted,TopK_b05,5,0.05,0.05,24.888211382113813,0.0488821138211381,0.8333333333333334,0.0426829268292682,25.0,-0.11178861788618732
LR,time,2,refitted,TopK_b05,5,0.05,0.1,45.508130081300806,0.055081300813008,0.8333333333333334,0.0426829268292682,50.0,-4.491869918699194
LR,time,2,refitted,TopK_b05,5,0.05,0.15,66.12804878048779,0.0612804878048779,0.8333333333333334,0.0426829268292682,75.0,-8.871951219512212
LR,time,2,refitted,TopK_b05,10,0.05,0.02,20.84959349593495,0.0451626016260161,0.8333333333333334,0.0426829268292682,20.0,0.8495934959349505
LR,time,2,refitted,TopK_b05,10,0.05,0.05,45.72154471544715,0.0488821138211381,0.8333333333333334,0.0426829268292682,50.0,-4.278455284552848
LR,time,2,refitted,TopK_b05,10,0.05,0.1,87.17479674796748,0.055081300813008,0.8333333333333334,0.0426829268292682,100.0,-12.825203252032523
LR,time,2,refitted,TopK_b05,10,0.05,0.15,128.6280487804878,0.0612804878048779,0.8333333333333334,0.0426829268292682,150.0,-21.371951219512198
LR,time,2,refitted,TopK_b05,20,0.05,0.02,37.516260162601625,0.0451626016260161,0.8333333333333334,0.0426829268292682,40.0,-2.4837398373983746
LR,time,2,refitted,TopK_b05,20,0.05,0.05,87.38821138211381,0.0488821138211381,0.8333333333333334,0.0426829268292682,100.0,-12.61178861788619
LR,time,2,refitted,TopK_b05,20,0.05,0.1,170.5081300813008,0.055081300813008,0.8333333333333334,0.0426829268292682,200.0,-29.491869918699194
LR,time,2,refitted,TopK_b05,20,0.05,0.15,253.6280487804878,0.0612804878048779,0.8333333333333334,0.0426829268292682,300.0,-46.3719512195122
LR,time,2,refitted,TopK_b05,50,0.05,0.02,87.51626016260163,0.0451626016260161,0.8333333333333334,0.0426829268292682,100.0,-12.483739837398375
LR,time,2,refitted,TopK_b05,50,0.05,0.05,212.38821138211384,0.0488821138211381,0.8333333333333334,0.0426829268292682,250.0,-37.61178861788616
LR,time,2,refitted,TopK_b05,50,0.05,0.1,420.5081300813008,0.055081300813008,0.8333333333333334,0.0426829268292682,500.0,-79.4918699186992
LR,time,2,refitted,TopK_b05,50,0.05,0.15,628.6280487804878,0.0612804878048779,0.8333333333333334,0.0426829268292682,750.0,-121.3719512195122
LR,time,2,refitted,TopK_b10,5,0.1,0.02,16.46341463414634,0.0946341463414633,0.75,0.0914634146341463,10.0,6.463414634146339
LR,time,2,refitted,TopK_b10,5,0.1,0.05,27.439024390243897,0.0993902439024389,0.75,0.0914634146341463,25.0,2.4390243902438975
LR,time,2,refitted,TopK_b10,5,0.1,0.1,45.731707317073166,0.1073170731707316,0.75,0.0914634146341463,50.0,-4.268292682926834
LR,time,2,refitted,TopK_b10,5,0.1,0.15,64.02439024390243,0.1152439024390243,0.75,0.0914634146341463,75.0,-10.975609756097569
LR,time,2,refitted,TopK_b10,10,0.1,0.02,23.96341463414634,0.0946341463414633,0.75,0.0914634146341463,20.0,3.963414634146339
LR,time,2,refitted,TopK_b10,10,0.1,0.05,46.1890243902439,0.0993902439024389,0.75,0.0914634146341463,50.0,-3.810975609756099
LR,time,2,refitted,TopK_b10,10,0.1,0.1,83.23170731707317,0.1073170731707316,0.75,0.0914634146341463,100.0,-16.768292682926827
LR,time,2,refitted,TopK_b10,10,0.1,0.15,120.27439024390245,0.1152439024390243,0.75,0.0914634146341463,150.0,-29.725609756097555
LR,time,2,refitted,TopK_b10,20,0.1,0.02,38.963414634146346,0.0946341463414633,0.75,0.0914634146341463,40.0,-1.0365853658536537
LR,time,2,refitted,TopK_b10,20,0.1,0.05,83.68902439024389,0.0993902439024389,0.75,0.0914634146341463,100.0,-16.310975609756113
LR,time,2,refitted,TopK_b10,20,0.1,0.1,158.23170731707316,0.1073170731707316,0.75,0.0914634146341463,200.0,-41.76829268292684
LR,time,2,refitted,TopK_b10,20,0.1,0.15,232.7743902439024,0.1152439024390243,0.75,0.0914634146341463,300.0,-67.22560975609761
LR,time,2,refitted,TopK_b10,50,0.1,0.02,83.96341463414633,0.0946341463414633,0.75,0.0914634146341463,100.0,-16.036585365853668
LR,time,2,refitted,TopK_b10,50,0.1,0.05,196.1890243902439,0.0993902439024389,0.75,0.0914634146341463,250.0,-53.8109756097561
LR,time,2,refitted,TopK_b10,50,0.1,0.1,383.23170731707313,0.1073170731707316,0.75,0.0914634146341463,500.0,-116.76829268292687
LR,time,2,refitted,TopK_b10,50,0.1,0.15,570.2743902439024,0.1152439024390243,0.75,0.0914634146341463,750.0,-179.72560975609758
LR,time,2,refitted,TopK_b20,5,0.2,0.02,25.58943089430894,0.1958943089430894,0.6666666666666666,0.1930894308943089,10.0,15.58943089430894
LR,time,2,refitted,TopK_b20,5,0.2,0.05,35.01016260162601,0.2001016260162601,0.6666666666666666,0.1930894308943089,25.0,10.010162601626007
LR,time,2,refitted,TopK_b20,5,0.2,0.1,50.71138211382114,0.2071138211382113,0.6666666666666666,0.1930894308943089,50.0,0.7113821138211378
LR,time,2,refitted,TopK_b20,5,0.2,0.15,66.41260162601625,0.2141260162601626,0.6666666666666666,0.1930894308943089,75.0,-8.587398373983746
LR,time,2,refitted,TopK_b20,10,0.2,0.02,32.256097560975604,0.1958943089430894,0.6666666666666666,0.1930894308943089,20.0,12.256097560975604
LR,time,2,refitted,TopK_b20,10,0.2,0.05,51.67682926829268,0.2001016260162601,0.6666666666666666,0.1930894308943089,50.0,1.6768292682926784
LR,time,2,refitted,TopK_b20,10,0.2,0.1,84.04471544715446,0.2071138211382113,0.6666666666666666,0.1930894308943089,100.0,-15.95528455284554
LR,time,2,refitted,TopK_b20,10,0.2,0.15,116.41260162601624,0.2141260162601626,0.6666666666666666,0.1930894308943089,150.0,-33.58739837398376
LR,time,2,refitted,TopK_b20,20,0.2,0.02,45.58943089430893,0.1958943089430894,0.6666666666666666,0.1930894308943089,40.0,5.589430894308933
LR,time,2,refitted,TopK_b20,20,0.2,0.05,85.010162601626,0.2001016260162601,0.6666666666666666,0.1930894308943089,100.0,-14.989837398373993
LR,time,2,refitted,TopK_b20,20,0.2,0.1,150.71138211382114,0.2071138211382113,0.6666666666666666,0.1930894308943089,200.0,-49.288617886178855
LR,time,2,refitted,TopK_b20,20,0.2,0.15,216.41260162601623,0.2141260162601626,0.6666666666666666,0.1930894308943089,300.0,-83.58739837398377
LR,time,2,refitted,TopK_b20,50,0.2,0.02,85.58943089430893,0.1958943089430894,0.6666666666666666,0.1930894308943089,100.0,-14.410569105691067
LR,time,2,refitted,TopK_b20,50,0.2,0.05,185.010162601626,0.2001016260162601,0.6666666666666666,0.1930894308943089,250.0,-64.989837398374
LR,time,2,refitted,TopK_b20,50,0.2,0.1,350.7113821138211,0.2071138211382113,0.6666666666666666,0.1930894308943089,500.0,-149.28861788617888
LR,time,2,refitted,TopK_b20,50,0.2,0.15,516.4126016260162,0.2141260162601626,0.6666666666666666,0.1930894308943089,750.0,-233.58739837398377
LR,time,3,fixed,none,5,,0.02,10.0,0.0,1.0,0.0,10.0,0.0
LR,time,3,fixed,none,5,,0.05,25.0,0.0,1.0,0.0,25.0,0.0
LR,time,3,fixed,none,5,,0.1,50.0,0.0,1.0,0.0,50.0,0.0
LR,time,3,fixed,none,5,,0.15,75.0,0.0,1.0,0.0,75.0,0.0
LR,time,3,fixed,none,10,,0.02,20.0,0.0,1.0,0.0,20.0,0.0
LR,time,3,fixed,none,10,,0.05,50.0,0.0,1.0,0.0,50.0,0.0
LR,time,3,fixed,none,10,,0.1,100.0,0.0,1.0,0.0,100.0,0.0
LR,time,3,fixed,none,10,,0.15,150.0,0.0,1.0,0.0,150.0,0.0
LR,time,3,fixed,none,20,,0.02,40.0,0.0,1.0,0.0,40.0,0.0
LR,time,3,fixed,none,20,,0.05,100.0,0.0,1.0,0.0,100.0,0.0
LR,time,3,fixed,none,20,,0.1,200.0,0.0,1.0,0.0,200.0,0.0
LR,time,3,fixed,none,20,,0.15,300.0,0.0,1.0,0.0,300.0,0.0
LR,time,3,fixed,none,50,,0.02,100.0,0.0,1.0,0.0,100.0,0.0
LR,time,3,fixed,none,50,,0.05,250.0,0.0,1.0,0.0,250.0,0.0
LR,time,3,fixed,none,50,,0.1,500.0,0.0,1.0,0.0,500.0,0.0
LR,time,3,fixed,none,50,,0.15,750.0,0.0,1.0,0.0,750.0,0.0
LR,time,3,fixed,A_b01,5,0.01,0.02,10.069611780455151,0.0140294511378848,0.8888888888888888,0.0120481927710843,10.0,0.06961178045515126
LR,time,3,fixed,A_b01,5,0.01,0.05,23.366800535475228,0.0170013386880856,0.8888888888888888,0.0120481927710843,25.0,-1.6331994645247718
LR,time,3,fixed,A_b01,5,0.01,0.1,45.52878179384203,0.0219544846050869,0.8888888888888888,0.0120481927710843,50.0,-4.471218206157971
LR,time,3,fixed,A_b01,5,0.01,0.15,67.69076305220882,0.0269076305220883,0.8888888888888888,0.0120481927710843,75.0,-7.309236947791177
LR,time,3,fixed,A_b01,10,0.01,0.02,18.95850066934404,0.0140294511378848,0.8888888888888888,0.0120481927710843,20.0,-1.0414993306559595
LR,time,3,fixed,A_b01,10,0.01,0.05,45.58902275769745,0.0170013386880856,0.8888888888888888,0.0120481927710843,50.0,-4.41097724230255
LR,time,3,fixed,A_b01,10,0.01,0.1,89.97322623828647,0.0219544846050869,0.8888888888888888,0.0120481927710843,100.0,-10.026773761713528
LR,time,3,fixed,A_b01,10,0.01,0.15,134.3574297188755,0.0269076305220883,0.8888888888888888,0.0120481927710843,150.0,-15.642570281124506
LR,time,3,fixed,A_b01,20,0.01,0.02,36.73627844712182,0.0140294511378848,0.8888888888888888,0.0120481927710843,40.0,-3.263721552878181
LR,time,3,fixed,A_b01,20,0.01,0.05,90.03346720214189,0.0170013386880856,0.8888888888888888,0.0120481927710843,100.0,-9.966532797858108
LR,time,3,fixed,A_b01,20,0.01,0.1,178.86211512717537,0.0219544846050869,0.8888888888888888,0.0120481927710843,200.0,-21.13788487282463
LR,time,3,fixed,A_b01,20,0.01,0.15,267.6907630522088,0.0269076305220883,0.8888888888888888,0.0120481927710843,300.0,-32.30923694779119
LR,time,3,fixed,A_b01,50,0.01,0.02,90.06961178045515,0.0140294511378848,0.8888888888888888,0.0120481927710843,100.0,-9.930388219544852
LR,time,3,fixed,A_b01,50,0.01,0.05,223.36680053547525,0.0170013386880856,0.8888888888888888,0.0120481927710843,250.0,-26.63319946452475
LR,time,3,fixed,A_b01,50,0.01,0.1,445.528781793842,0.0219544846050869,0.8888888888888888,0.0120481927710843,500.0,-54.47121820615803
LR,time,3,fixed,A_b01,50,0.01,0.15,667.6907630522088,0.0269076305220883,0.8888888888888888,0.0120481927710843,750.0,-82.30923694779119
LR,time,3,fixed,A_b05,5,0.05,0.02,14.398929049531452,0.0573226238286478,0.8888888888888888,0.0562248995983935,10.0,4.398929049531452
LR,time,3,fixed,A_b05,5,0.05,0.05,27.563587684069603,0.0589692101740293,0.8888888888888888,0.0562248995983935,25.0,2.563587684069603
LR,time,3,fixed,A_b05,5,0.05,0.1,49.504685408299856,0.0617135207496652,0.8888888888888888,0.0562248995983935,50.0,-0.4953145917001436
LR,time,3,fixed,A_b05,5,0.05,0.15,71.44578313253011,0.0644578313253011,0.8888888888888888,0.0562248995983935,75.0,-3.55421686746989
LR,time,3,fixed,A_b05,10,0.05,0.02,23.28781793842034,0.0573226238286478,0.8888888888888888,0.0562248995983935,20.0,3.287817938420339
LR,time,3,fixed,A_b05,10,0.05,0.05,49.785809906291824,0.0589692101740293,0.8888888888888888,0.0562248995983935,50.0,-0.21419009370817577
LR,time,3,fixed,A_b05,10,0.05,0.1,93.94912985274428,0.0617135207496652,0.8888888888888888,0.0562248995983935,100.0,-6.050870147255722
LR,time,3,fixed,A_b05,10,0.05,0.15,138.11244979919678,0.0644578313253011,0.8888888888888888,0.0562248995983935,150.0,-11.887550200803219
LR,time,3,fixed,A_b05,20,0.05,0.02,41.065595716198125,0.0573226238286478,0.8888888888888888,0.0562248995983935,40.0,1.0655957161981249
LR,time,3,fixed,A_b05,20,0.05,0.05,94.23025435073626,0.0589692101740293,0.8888888888888888,0.0562248995983935,100.0,-5.76974564926374
LR,time,3,fixed,A_b05,20,0.05,0.1,182.8380187416332,0.0617135207496652,0.8888888888888888,0.0562248995983935,200.0,-17.161981258366808
LR,time,3,fixed,A_b05,20,0.05,0.15,271.4457831325301,0.0644578313253011,0.8888888888888888,0.0562248995983935,300.0,-28.554216867469904
LR,time,3,fixed,A_b05,50,0.05,0.02,94.39892904953145,0.0573226238286478,0.8888888888888888,0.0562248995983935,100.0,-5.601070950468554
LR,time,3,fixed,A_b05,50,0.05,0.05,227.56358768406963,0.0589692101740293,0.8888888888888888,0.0562248995983935,250.0,-22.43641231593037
LR,time,3,fixed,A_b05,50,0.05,0.1,449.5046854082999,0.0617135207496652,0.8888888888888888,0.0562248995983935,500.0,-50.495314591700094
LR,time,3,fixed,A_b05,50,0.05,0.15,671.4457831325301,0.0644578313253011,0.8888888888888888,0.0562248995983935,750.0,-78.5542168674699
LR,time,3,fixed,A_b10,5,0.1,0.02,19.550200803212853,0.1155020080321285,0.8333333333333334,0.1144578313253012,10.0,9.550200803212853
LR,time,3,fixed,A_b10,5,0.1,0.05,31.706827309236942,0.1170682730923694,0.8333333333333334,0.1144578313253012,25.0,6.706827309236942
LR,time,3,fixed,A_b10,5,0.1,0.1,51.967871485943775,0.1196787148594377,0.8333333333333334,0.1144578313253012,50.0,1.9678714859437747
LR,time,3,fixed,A_b10,5,0.1,0.15,72.2289156626506,0.122289156626506,0.8333333333333334,0.1144578313253012,75.0,-2.771084337349393
LR,time,3,fixed,A_b10,10,0.1,0.02,27.883534136546185,0.1155020080321285,0.8333333333333334,0.1144578313253012,20.0,7.883534136546185
LR,time,3,fixed,A_b10,10,0.1,0.05,52.54016064257028,0.1170682730923694,0.8333333333333334,0.1144578313253012,50.0,2.540160642570278
LR,time,3,fixed,A_b10,10,0.1,0.1,93.63453815261045,0.1196787148594377,0.8333333333333334,0.1144578313253012,100.0,-6.365461847389554
LR,time,3,fixed,A_b10,10,0.1,0.15,134.7289156626506,0.122289156626506,0.8333333333333334,0.1144578313253012,150.0,-15.271084337349407
LR,time,3,fixed,A_b10,20,0.1,0.02,44.55020080321285,0.1155020080321285,0.8333333333333334,0.1144578313253012,40.0,4.550200803212853
LR,time,3,fixed,A_b10,20,0.1,0.05,94.20682730923696,0.1170682730923694,0.8333333333333334,0.1144578313253012,100.0,-5.793172690763043
LR,time,3,fixed,A_b10,20,0.1,0.1,176.96787148594376,0.1196787148594377,0.8333333333333334,0.1144578313253012,200.0,-23.03212851405624
LR,time,3,fixed,A_b10,20,0.1,0.15,259.7289156626506,0.122289156626506,0.8333333333333334,0.1144578313253012,300.0,-40.27108433734941
LR,time,3,fixed,A_b10,50,0.1,0.02,94.55020080321286,0.1155020080321285,0.8333333333333334,0.1144578313253012,100.0,-5.44979919678714
LR,time,3,fixed,A_b10,50,0.1,0.05,219.20682730923696,0.1170682730923694,0.8333333333333334,0.1144578313253012,250.0,-30.793172690763043
LR,time,3,fixed,A_b10,50,0.1,0.1,426.9678714859438,0.1196787148594377,0.8333333333333334,0.1144578313253012,500.0,-73.03212851405618
LR,time,3,fixed,A_b10,50,0.1,0.15,634.7289156626506,0.122289156626506,0.8333333333333334,0.1144578313253012,750.0,-115.27108433734941
LR,time,3,fixed,A_b20,5,0.2,0.02,29.783132530120483,0.2178313253012047,0.8333333333333334,0.2188755020080321,10.0,19.783132530120483
LR,time,3,fixed,A_b20,5,0.2,0.05,41.62650602409638,0.2162650602409638,0.8333333333333334,0.2188755020080321,25.0,16.62650602409638
LR,time,3,fixed,A_b20,5,0.2,0.1,61.365461847389554,0.2136546184738955,0.8333333333333334,0.2188755020080321,50.0,11.365461847389554
LR,time,3,fixed,A_b20,5,0.2,0.15,81.10441767068272,0.2110441767068272,0.8333333333333334,0.2188755020080321,75.0,6.104417670682722
LR,time,3,fixed,A_b20,10,0.2,0.02,38.11646586345381,0.2178313253012047,0.8333333333333334,0.2188755020080321,20.0,18.11646586345381
LR,time,3,fixed,A_b20,10,0.2,0.05,62.45983935742972,0.2162650602409638,0.8333333333333334,0.2188755020080321,50.0,12.459839357429722
LR,time,3,fixed,A_b20,10,0.2,0.1,103.03212851405624,0.2136546184738955,0.8333333333333334,0.2188755020080321,100.0,3.0321285140562395
LR,time,3,fixed,A_b20,10,0.2,0.15,143.60441767068272,0.2110441767068272,0.8333333333333334,0.2188755020080321,150.0,-6.395582329317278
LR,time,3,fixed,A_b20,20,0.2,0.02,54.78313253012048,0.2178313253012047,0.8333333333333334,0.2188755020080321,40.0,14.783132530120483
LR,time,3,fixed,A_b20,20,0.2,0.05,104.1265060240964,0.2162650602409638,0.8333333333333334,0.2188755020080321,100.0,4.1265060240964
LR,time,3,fixed,A_b20,20,0.2,0.1,186.36546184738955,0.2136546184738955,0.8333333333333334,0.2188755020080321,200.0,-13.634538152610446
LR,time,3,fixed,A_b20,20,0.2,0.15,268.6044176706827,0.2110441767068272,0.8333333333333334,0.2188755020080321,300.0,-31.39558232931728
LR,time,3,fixed,A_b20,50,0.2,0.02,104.78313253012048,0.2178313253012047,0.8333333333333334,0.2188755020080321,100.0,4.783132530120483
LR,time,3,fixed,A_b20,50,0.2,0.05,229.1265060240964,0.2162650602409638,0.8333333333333334,0.2188755020080321,250.0,-20.873493975903614
LR,time,3,fixed,A_b20,50,0.2,0.1,436.3654618473896,0.2136546184738955,0.8333333333333334,0.2188755020080321,500.0,-63.63453815261039
LR,time,3,fixed,A_b20,50,0.2,0.15,643.6044176706828,0.2110441767068272,0.8333333333333334,0.2188755020080321,750.0,-106.39558232931722
LR,time,3,fixed,B_r05,5,,0.02,10.03480589022757,0.0070147255689423,0.9444444444444444,0.0060240963855421,10.0,0.0348058902275703
LR,time,3,fixed,B_r05,5,,0.05,24.18340026773761,0.0085006693440427,0.9444444444444444,0.0060240963855421,25.0,-0.8165997322623895
LR,time,3,fixed,B_r05,5,,0.1,47.76439089692101,0.0109772423025434,0.9444444444444444,0.0060240963855421,50.0,-2.2356091030789926
LR,time,3,fixed,B_r05,5,,0.15,71.3453815261044,0.0134538152610441,0.9444444444444444,0.0060240963855421,75.0,-3.654618473895596
LR,time,3,fixed,B_r10,10,,0.02,22.894243641231583,0.0533868808567603,0.8888888888888888,0.0522088353413654,20.0,2.894243641231583
LR,time,3,fixed,B_r10,10,,0.05,49.40428380187416,0.0551539491298526,0.8888888888888888,0.0522088353413654,50.0,-0.5957161981258423
LR,time,3,fixed,B_r10,10,,0.1,93.58768406961178,0.0580990629183399,0.8888888888888888,0.0522088353413654,100.0,-6.412315930388218
LR,time,3,fixed,B_r10,10,,0.15,137.77108433734938,0.0610441767068272,0.8888888888888888,0.0522088353413654,150.0,-12.228915662650621
LR,time,3,fixed,B_r20,20,,0.02,55.57028112449799,0.2257028112449798,0.8333333333333334,0.2269076305220883,40.0,15.570281124497988
LR,time,3,fixed,B_r20,20,,0.05,104.8895582329317,0.2238955823293172,0.8333333333333334,0.2269076305220883,100.0,4.889558232931705
LR,time,3,fixed,B_r20,20,,0.1,187.08835341365463,0.2208835341365461,0.8333333333333334,0.2269076305220883,200.0,-12.91164658634537
LR,time,3,fixed,B_r20,20,,0.15,269.2871485943775,0.217871485943775,0.8333333333333334,0.2269076305220883,300.0,-30.712851405622473
LR,time,3,fixed,B_r50,50,,0.02,96.41097724230254,0.7574431057563588,0.2222222222222222,0.7570281124497992,100.0,-3.589022757697464
LR,time,3,fixed,B_r50,50,,0.05,127.47322623828649,0.758065595716198,0.2222222222222222,0.7570281124497992,250.0,-122.52677376171351
LR,time,3,fixed,B_r50,50,,0.1,179.24364123159305,0.759103078982597,0.2222222222222222,0.7570281124497992,500.0,-320.7563587684069
LR,time,3,fixed,B_r50,50,,0.15,231.0140562248996,0.760140562248996,0.2222222222222222,0.7570281124497992,750.0,-518.9859437751004
LR,time,3,fixed,C_b01_r05,5,0.01,0.02,10.03480589022757,0.0070147255689423,0.9444444444444444,0.0060240963855421,10.0,0.0348058902275703
LR,time,3,fixed,C_b01_r05,5,0.01,0.05,24.18340026773761,0.0085006693440427,0.9444444444444444,0.0060240963855421,25.0,-0.8165997322623895
LR,time,3,fixed,C_b01_r05,5,0.01,0.1,47.76439089692101,0.0109772423025434,0.9444444444444444,0.0060240963855421,50.0,-2.2356091030789926
LR,time,3,fixed,C_b01_r05,5,0.01,0.15,71.3453815261044,0.0134538152610441,0.9444444444444444,0.0060240963855421,75.0,-3.654618473895596
LR,time,3,fixed,C_b01_r10,10,0.01,0.02,19.479250334672013,0.0070147255689423,0.9444444444444444,0.0060240963855421,20.0,-0.5207496653279868
LR,time,3,fixed,C_b01_r10,10,0.01,0.05,47.79451137884872,0.0085006693440427,0.9444444444444444,0.0060240963855421,50.0,-2.2054886211512823
LR,time,3,fixed,C_b01_r10,10,0.01,0.1,94.98661311914324,0.0109772423025434,0.9444444444444444,0.0060240963855421,100.0,-5.013386880856757
LR,time,3,fixed,C_b01_r10,10,0.01,0.15,142.17871485943775,0.0134538152610441,0.9444444444444444,0.0060240963855421,150.0,-7.821285140562253
LR,time,3,fixed,C_b01_r20,20,0.01,0.02,38.3681392235609,0.0070147255689423,0.9444444444444444,0.0060240963855421,40.0,-1.6318607764390975
LR,time,3,fixed,C_b01_r20,20,0.01,0.05,95.01673360107094,0.0085006693440427,0.9444444444444444,0.0060240963855421,100.0,-4.983266398929061
LR,time,3,fixed,C_b01_r20,20,0.01,0.1,189.43105756358767,0.0109772423025434,0.9444444444444444,0.0060240963855421,200.0,-10.568942436412328
LR,time,3,fixed,C_b01_r20,20,0.01,0.15,283.8453815261044,0.0134538152610441,0.9444444444444444,0.0060240963855421,300.0,-16.154618473895596
LR,time,3,fixed,C_b01_r50,50,0.01,0.02,95.03480589022756,0.0070147255689423,0.9444444444444444,0.0060240963855421,100.0,-4.96519410977244
LR,time,3,fixed,C_b01_r50,50,0.01,0.05,236.6834002677376,0.0085006693440427,0.9444444444444444,0.0060240963855421,250.0,-13.316599732262404
LR,time,3,fixed,C_b01_r50,50,0.01,0.1,472.764390896921,0.0109772423025434,0.9444444444444444,0.0060240963855421,500.0,-27.235609103079014
LR,time,3,fixed,C_b01_r50,50,0.01,0.15,708.8453815261043,0.0134538152610441,0.9444444444444444,0.0060240963855421,750.0,-41.15461847389565
LR,time,3,fixed,C_b05_r05,5,0.05,0.02,10.03480589022757,0.0070147255689423,0.9444444444444444,0.0060240963855421,10.0,0.0348058902275703
LR,time,3,fixed,C_b05_r05,5,0.05,0.05,24.18340026773761,0.0085006693440427,0.9444444444444444,0.0060240963855421,25.0,-0.8165997322623895
LR,time,3,fixed,C_b05_r05,5,0.05,0.1,47.76439089692101,0.0109772423025434,0.9444444444444444,0.0060240963855421,50.0,-2.2356091030789926
LR,time,3,fixed,C_b05_r05,5,0.05,0.15,71.3453815261044,0.0134538152610441,0.9444444444444444,0.0060240963855421,75.0,-3.654618473895596
LR,time,3,fixed,C_b05_r10,10,0.05,0.02,22.894243641231583,0.0533868808567603,0.8888888888888888,0.0522088353413654,20.0,2.894243641231583
LR,time,3,fixed,C_b05_r10,10,0.05,0.05,49.40428380187416,0.0551539491298526,0.8888888888888888,0.0522088353413654,50.0,-0.5957161981258423
LR,time,3,fixed,C_b05_r10,10,0.05,0.1,93.58768406961178,0.0580990629183399,0.8888888888888888,0.0522088353413654,100.0,-6.412315930388218
LR,time,3,fixed,C_b05_r10,10,0.05,0.15,137.77108433734938,0.0610441767068272,0.8888888888888888,0.0522088353413654,150.0,-12.228915662650621
LR,time,3,fixed,C_b05_r20,20,0.05,0.02,40.67202141900937,0.0533868808567603,0.8888888888888888,0.0522088353413654,40.0,0.6720214190093685
LR,time,3,fixed,C_b05_r20,20,0.05,0.05,93.8487282463186,0.0551539491298526,0.8888888888888888,0.0522088353413654,100.0,-6.1512717536813994
LR,time,3,fixed,C_b05_r20,20,0.05,0.1,182.47657295850067,0.0580990629183399,0.8888888888888888,0.0522088353413654,200.0,-17.523427041499332
LR,time,3,fixed,C_b05_r20,20,0.05,0.15,271.1044176706827,0.0610441767068272,0.8888888888888888,0.0522088353413654,300.0,-28.89558232931728
LR,time,3,fixed,C_b05_r50,50,0.05,0.02,94.0053547523427,0.0533868808567603,0.8888888888888888,0.0522088353413654,100.0,-5.994645247657303
LR,time,3,fixed,C_b05_r50,50,0.05,0.05,227.182061579652,0.0551539491298526,0.8888888888888888,0.0522088353413654,250.0,-22.817938420348014
LR,time,3,fixed,C_b05_r50,50,0.05,0.1,449.1432396251674,0.0580990629183399,0.8888888888888888,0.0522088353413654,500.0,-50.85676037483262
LR,time,3,fixed,C_b05_r50,50,0.05,0.15,671.1044176706827,0.0610441767068272,0.8888888888888888,0.0522088353413654,750.0,-78.89558232931734
LR,time,3,fixed,C_b10_r05,5,0.1,0.02,10.03480589022757,0.0070147255689423,0.9444444444444444,0.0060240963855421,10.0,0.0348058902275703
LR,time,3,fixed,C_b10_r05,5,0.1,0.05,24.18340026773761,0.0085006693440427,0.9444444444444444,0.0060240963855421,25.0,-0.8165997322623895
LR,time,3,fixed,C_b10_r05,5,0.1,0.1,47.76439089692101,0.0109772423025434,0.9444444444444444,0.0060240963855421,50.0,-2.2356091030789926
LR,time,3,fixed,C_b10_r05,5,0.1,0.15,71.3453815261044,0.0134538152610441,0.9444444444444444,0.0060240963855421,75.0,-3.654618473895596
LR,time,3,fixed,C_b10_r10,10,0.1,0.02,22.894243641231583,0.0533868808567603,0.8888888888888888,0.0522088353413654,20.0,2.894243641231583
LR,time,3,fixed,C_b10_r10,10,0.1,0.05,49.40428380187416,0.0551539491298526,0.8888888888888888,0.0522088353413654,50.0,-0.5957161981258423
LR,time,3,fixed,C_b10_r10,10,0.1,0.1,93.58768406961178,0.0580990629183399,0.8888888888888888,0.0522088353413654,100.0,-6.412315930388218
LR,time,3,fixed,C_b10_r10,10,0.1,0.15,137.77108433734938,0.0610441767068272,0.8888888888888888,0.0522088353413654,150.0,-12.228915662650621
LR,time,3,fixed,C_b10_r20,20,0.1,0.02,40.67202141900937,0.0533868808567603,0.8888888888888888,0.0522088353413654,40.0,0.6720214190093685
LR,time,3,fixed,C_b10_r20,20,0.1,0.05,93.8487282463186,0.0551539491298526,0.8888888888888888,0.0522088353413654,100.0,-6.1512717536813994
LR,time,3,fixed,C_b10_r20,20,0.1,0.1,182.47657295850067,0.0580990629183399,0.8888888888888888,0.0522088353413654,200.0,-17.523427041499332
LR,time,3,fixed,C_b10_r20,20,0.1,0.15,271.1044176706827,0.0610441767068272,0.8888888888888888,0.0522088353413654,300.0,-28.89558232931728
LR,time,3,fixed,C_b10_r50,50,0.1,0.02,94.0053547523427,0.0533868808567603,0.8888888888888888,0.0522088353413654,100.0,-5.994645247657303
LR,time,3,fixed,C_b10_r50,50,0.1,0.05,227.182061579652,0.0551539491298526,0.8888888888888888,0.0522088353413654,250.0,-22.817938420348014
LR,time,3,fixed,C_b10_r50,50,0.1,0.1,449.1432396251674,0.0580990629183399,0.8888888888888888,0.0522088353413654,500.0,-50.85676037483262
LR,time,3,fixed,C_b10_r50,50,0.1,0.15,671.1044176706827,0.0610441767068272,0.8888888888888888,0.0522088353413654,750.0,-78.89558232931734
LR,time,3,fixed,C_b20_r05,5,0.2,0.02,10.03480589022757,0.0070147255689423,0.9444444444444444,0.0060240963855421,10.0,0.0348058902275703
LR,time,3,fixed,C_b20_r05,5,0.2,0.05,24.18340026773761,0.0085006693440427,0.9444444444444444,0.0060240963855421,25.0,-0.8165997322623895
LR,time,3,fixed,C_b20_r05,5,0.2,0.1,47.76439089692101,0.0109772423025434,0.9444444444444444,0.0060240963855421,50.0,-2.2356091030789926
LR,time,3,fixed,C_b20_r05,5,0.2,0.15,71.3453815261044,0.0134538152610441,0.9444444444444444,0.0060240963855421,75.0,-3.654618473895596
LR,time,3,fixed,C_b20_r10,10,0.2,0.02,22.894243641231583,0.0533868808567603,0.8888888888888888,0.0522088353413654,20.0,2.894243641231583
LR,time,3,fixed,C_b20_r10,10,0.2,0.05,49.40428380187416,0.0551539491298526,0.8888888888888888,0.0522088353413654,50.0,-0.5957161981258423
LR,time,3,fixed,C_b20_r10,10,0.2,0.1,93.58768406961178,0.0580990629183399,0.8888888888888888,0.0522088353413654,100.0,-6.412315930388218
LR,time,3,fixed,C_b20_r10,10,0.2,0.15,137.77108433734938,0.0610441767068272,0.8888888888888888,0.0522088353413654,150.0,-12.228915662650621
LR,time,3,fixed,C_b20_r20,20,0.2,0.02,48.682730923694784,0.1568273092369478,0.8333333333333334,0.1566265060240964,40.0,8.682730923694784
LR,time,3,fixed,C_b20_r20,20,0.2,0.05,98.21285140562247,0.1571285140562248,0.8333333333333334,0.1566265060240964,100.0,-1.787148594377527
LR,time,3,fixed,C_b20_r20,20,0.2,0.1,180.76305220883532,0.1576305220883534,0.8333333333333334,0.1566265060240964,200.0,-19.23694779116468
LR,time,3,fixed,C_b20_r20,20,0.2,0.15,263.3132530120482,0.1581325301204819,0.8333333333333334,0.1566265060240964,300.0,-36.68674698795178
LR,time,3,fixed,C_b20_r50,50,0.2,0.02,98.68273092369478,0.1568273092369478,0.8333333333333334,0.1566265060240964,100.0,-1.317269076305223
LR,time,3,fixed,C_b20_r50,50,0.2,0.05,223.2128514056225,0.1571285140562248,0.8333333333333334,0.1566265060240964,250.0,-26.7871485943775
LR,time,3,fixed,C_b20_r50,50,0.2,0.1,430.76305220883535,0.1576305220883534,0.8333333333333334,0.1566265060240964,500.0,-69.23694779116465
LR,time,3,fixed,C_b20_r50,50,0.2,0.15,638.3132530120481,0.1581325301204819,0.8333333333333334,0.1566265060240964,750.0,-111.68674698795189
LR,time,3,fixed,TopK_b01,5,0.01,0.02,10.231593038821952,0.0089825970548861,0.9444444444444444,0.0080321285140562,10.0,0.23159303882195204
LR,time,3,fixed,TopK_b01,5,0.01,0.05,24.374163319946447,0.0104082998661311,0.9444444444444444,0.0080321285140562,25.0,-0.6258366800535526
LR,time,3,fixed,TopK_b01,5,0.01,0.1,47.94511378848728,0.0127844712182061,0.9444444444444444,0.0080321285140562,50.0,-2.0548862115127235
LR,time,3,fixed,TopK_b01,5,0.01,0.15,71.5160642570281,0.0151606425702811,0.9444444444444444,0.0080321285140562,75.0,-3.4839357429718945
LR,time,3,fixed,TopK_b01,10,0.01,0.02,19.676037483266395,0.0089825970548861,0.9444444444444444,0.0080321285140562,20.0,-0.3239625167336051
LR,time,3,fixed,TopK_b01,10,0.01,0.05,47.98527443105756,0.0104082998661311,0.9444444444444444,0.0080321285140562,50.0,-2.0147255689424384
LR,time,3,fixed,TopK_b01,10,0.01,0.1,95.1673360107095,0.0127844712182061,0.9444444444444444,0.0080321285140562,100.0,-4.832663989290495
LR,time,3,fixed,TopK_b01,10,0.01,0.15,142.34939759036143,0.0151606425702811,0.9444444444444444,0.0080321285140562,150.0,-7.650602409638566
LR,time,3,fixed,TopK_b01,20,0.01,0.02,38.56492637215528,0.0089825970548861,0.9444444444444444,0.0080321285140562,40.0,-1.435073627844723
LR,time,3,fixed,TopK_b01,20,0.01,0.05,95.20749665327978,0.0104082998661311,0.9444444444444444,0.0080321285140562,100.0,-4.792503346720224
LR,time,3,fixed,TopK_b01,20,0.01,0.1,189.61178045515396,0.0127844712182061,0.9444444444444444,0.0080321285140562,200.0,-10.388219544846038
LR,time,3,fixed,TopK_b01,20,0.01,0.15,284.0160642570281,0.0151606425702811,0.9444444444444444,0.0080321285140562,300.0,-15.98393574297188
LR,time,3,fixed,TopK_b01,50,0.01,0.02,95.23159303882196,0.0089825970548861,0.9444444444444444,0.0080321285140562,100.0,-4.768406961178044
LR,time,3,fixed,TopK_b01,50,0.01,0.05,236.87416331994643,0.0104082998661311,0.9444444444444444,0.0080321285140562,250.0,-13.125836680053567
LR,time,3,fixed,TopK_b01,50,0.01,0.1,472.9451137884872,0.0127844712182061,0.9444444444444444,0.0080321285140562,500.0,-27.05488621151278
LR,time,3,fixed,TopK_b01,50,0.01,0.15,709.016064257028,0.0151606425702811,0.9444444444444444,0.0080321285140562,750.0,-40.983935742971994
LR,time,3,fixed,TopK_b05,5,0.05,0.02,13.414993306559564,0.0474832663989289,0.8888888888888888,0.0461847389558232,10.0,3.4149933065595643
LR,time,3,fixed,TopK_b05,5,0.05,0.05,26.609772423025422,0.0494310575635875,0.8888888888888888,0.0461847389558232,25.0,1.6097724230254222
LR,time,3,fixed,TopK_b05,5,0.05,0.1,48.601070950468525,0.052677376171352,0.8888888888888888,0.0461847389558232,50.0,-1.3989290495314748
LR,time,3,fixed,TopK_b05,5,0.05,0.15,70.59236947791163,0.0559236947791163,0.8888888888888888,0.0461847389558232,75.0,-4.407630522088368
LR,time,3,fixed,TopK_b05,10,0.05,0.02,22.30388219544845,0.0474832663989289,0.8888888888888888,0.0461847389558232,20.0,2.3038821954484483
LR,time,3,fixed,TopK_b05,10,0.05,0.05,48.83199464524765,0.0494310575635875,0.8888888888888888,0.0461847389558232,50.0,-1.1680053547523528
LR,time,3,fixed,TopK_b05,10,0.05,0.1,93.04551539491295,0.052677376171352,0.8888888888888888,0.0461847389558232,100.0,-6.954484605087046
LR,time,3,fixed,TopK_b05,10,0.05,0.15,137.25903614457832,0.0559236947791163,0.8888888888888888,0.0461847389558232,150.0,-12.740963855421683
LR,time,3,fixed,TopK_b05,20,0.05,0.02,40.08165997322623,0.0474832663989289,0.8888888888888888,0.0461847389558232,40.0,0.08165997322623042
LR,time,3,fixed,TopK_b05,20,0.05,0.05,93.27643908969208,0.0494310575635875,0.8888888888888888,0.0461847389558232,100.0,-6.723560910307924
LR,time,3,fixed,TopK_b05,20,0.05,0.1,181.93440428380185,0.052677376171352,0.8888888888888888,0.0461847389558232,200.0,-18.065595716198146
LR,time,3,fixed,TopK_b05,20,0.05,0.15,270.59236947791163,0.0559236947791163,0.8888888888888888,0.0461847389558232,300.0,-29.40763052208837
LR,time,3,fixed,TopK_b05,50,0.05,0.02,93.41499330655957,0.0474832663989289,0.8888888888888888,0.0461847389558232,100.0,-6.585006693440434
LR,time,3,fixed,TopK_b05,50,0.05,0.05,226.60977242302545,0.0494310575635875,0.8888888888888888,0.0461847389558232,250.0,-23.390227576974553
LR,time,3,fixed,TopK_b05,50,0.05,0.1,448.60107095046857,0.052677376171352,0.8888888888888888,0.0461847389558232,500.0,-51.39892904953143
LR,time,3,fixed,TopK_b05,50,0.05,0.15,670.5923694779116,0.0559236947791163,0.8888888888888888,0.0461847389558232,750.0,-79.40763052208843
LR,time,3,fixed,TopK_b10,5,0.1,0.02,17.779116465863453,0.0977911646586345,0.8333333333333334,0.0963855421686747,10.0,7.779116465863453
LR,time,3,fixed,TopK_b10,5,0.1,0.05,29.98995983935743,0.0998995983935742,0.8333333333333334,0.0963855421686747,25.0,4.989959839357429
LR,time,3,fixed,TopK_b10,5,0.1,0.1,50.3413654618474,0.1034136546184739,0.8333333333333334,0.0963855421686747,50.0,0.3413654618474027
LR,time,3,fixed,TopK_b10,5,0.1,0.15,70.69277108433735,0.1069277108433734,0.8333333333333334,0.0963855421686747,75.0,-4.307228915662648
LR,time,3,fixed,TopK_b10,10,0.1,0.02,26.112449799196792,0.0977911646586345,0.8333333333333334,0.0963855421686747,20.0,6.112449799196792
LR,time,3,fixed,TopK_b10,10,0.1,0.05,50.82329317269077,0.0998995983935742,0.8333333333333334,0.0963855421686747,50.0,0.823293172690768
LR,time,3,fixed,TopK_b10,10,0.1,0.1,92.00803212851406,0.1034136546184739,0.8333333333333334,0.0963855421686747,100.0,-7.99196787148594
LR,time,3,fixed,TopK_b10,10,0.1,0.15,133.19277108433735,0.1069277108433734,0.8333333333333334,0.0963855421686747,150.0,-16.807228915662648
LR,time,3,fixed,TopK_b10,20,0.1,0.02,42.77911646586346,0.0977911646586345,0.8333333333333334,0.0963855421686747,40.0,2.77911646586346
LR,time,3,fixed,TopK_b10,20,0.1,0.05,92.48995983935744,0.0998995983935742,0.8333333333333334,0.0963855421686747,100.0,-7.510040160642561
LR,time,3,fixed,TopK_b10,20,0.1,0.1,175.3413654618474,0.1034136546184739,0.8333333333333334,0.0963855421686747,200.0,-24.658634538152597
LR,time,3,fixed,TopK_b10,20,0.1,0.15,258.1927710843373,0.1069277108433734,0.8333333333333334,0.0963855421686747,300.0,-41.80722891566268
LR,time,3,fixed,TopK_b10,50,0.1,0.02,92.77911646586344,0.0977911646586345,0.8333333333333334,0.0963855421686747,100.0,-7.220883534136561
LR,time,3,fixed,TopK_b10,50,0.1,0.05,217.48995983935745,0.0998995983935742,0.8333333333333334,0.0963855421686747,250.0,-32.510040160642546
LR,time,3,fixed,TopK_b10,50,0.1,0.1,425.3413654618474,0.1034136546184739,0.8333333333333334,0.0963855421686747,500.0,-74.65863453815263
LR,time,3,fixed,TopK_b10,50,0.1,0.15,633.1927710843374,0.1069277108433734,0.8333333333333334,0.0963855421686747,750.0,-116.80722891566256
LR,time,3,fixed,TopK_b20,5,0.2,0.02,28.012048192771083,0.2001204819277108,0.8333333333333334,0.2008032128514056,10.0,18.012048192771083
LR,time,3,fixed,TopK_b20,5,0.2,0.05,39.90963855421686,0.1990963855421686,0.8333333333333334,0.2008032128514056,25.0,14.909638554216862
LR,time,3,fixed,TopK_b20,5,0.2,0.1,59.738955823293175,0.1973895582329317,0.8333333333333334,0.2008032128514056,50.0,9.738955823293175
LR,time,3,fixed,TopK_b20,5,0.2,0.15,79.56827309236947,0.1956827309236947,0.8333333333333334,0.2008032128514056,75.0,4.568273092369466
LR,time,3,fixed,TopK_b20,10,0.2,0.02,36.34538152610441,0.2001204819277108,0.8333333333333334,0.2008032128514056,20.0,16.34538152610441
LR,time,3,fixed,TopK_b20,10,0.2,0.05,60.7429718875502,0.1990963855421686,0.8333333333333334,0.2008032128514056,50.0,10.742971887550198
LR,time,3,fixed,TopK_b20,10,0.2,0.1,101.40562248995984,0.1973895582329317,0.8333333333333334,0.2008032128514056,100.0,1.405622489959839
LR,time,3,fixed,TopK_b20,10,0.2,0.15,142.06827309236948,0.1956827309236947,0.8333333333333334,0.2008032128514056,150.0,-7.9317269076305195
LR,time,3,fixed,TopK_b20,20,0.2,0.02,53.01204819277109,0.2001204819277108,0.8333333333333334,0.2008032128514056,40.0,13.01204819277109
LR,time,3,fixed,TopK_b20,20,0.2,0.05,102.40963855421688,0.1990963855421686,0.8333333333333334,0.2008032128514056,100.0,2.409638554216883
LR,time,3,fixed,TopK_b20,20,0.2,0.1,184.7389558232932,0.1973895582329317,0.8333333333333334,0.2008032128514056,200.0,-15.261044176706804
LR,time,3,fixed,TopK_b20,20,0.2,0.15,267.06827309236945,0.1956827309236947,0.8333333333333334,0.2008032128514056,300.0,-32.93172690763055
LR,time,3,fixed,TopK_b20,50,0.2,0.02,103.01204819277108,0.2001204819277108,0.8333333333333334,0.2008032128514056,100.0,3.0120481927710756
LR,time,3,fixed,TopK_b20,50,0.2,0.05,227.40963855421688,0.1990963855421686,0.8333333333333334,0.2008032128514056,250.0,-22.590361445783117
LR,time,3,fixed,TopK_b20,50,0.2,0.1,434.7389558232932,0.1973895582329317,0.8333333333333334,0.2008032128514056,500.0,-65.26104417670678
LR,time,3,fixed,TopK_b20,50,0.2,0.15,642.0682730923695,0.1956827309236947,0.8333333333333334,0.2008032128514056,750.0,-107.93172690763049
LR,time,3,refitted,none,5,,0.02,10.0,0.0,1.0,0.0,10.0,0.0
LR,time,3,refitted,none,5,,0.05,25.0,0.0,1.0,0.0,25.0,0.0
LR,time,3,refitted,none,5,,0.1,50.0,0.0,1.0,0.0,50.0,0.0
LR,time,3,refitted,none,5,,0.15,75.0,0.0,1.0,0.0,75.0,0.0
LR,time,3,refitted,none,10,,0.02,20.0,0.0,1.0,0.0,20.0,0.0
LR,time,3,refitted,none,10,,0.05,50.0,0.0,1.0,0.0,50.0,0.0
LR,time,3,refitted,none,10,,0.1,100.0,0.0,1.0,0.0,100.0,0.0
LR,time,3,refitted,none,10,,0.15,150.0,0.0,1.0,0.0,150.0,0.0
LR,time,3,refitted,none,20,,0.02,40.0,0.0,1.0,0.0,40.0,0.0
LR,time,3,refitted,none,20,,0.05,100.0,0.0,1.0,0.0,100.0,0.0
LR,time,3,refitted,none,20,,0.1,200.0,0.0,1.0,0.0,200.0,0.0
LR,time,3,refitted,none,20,,0.15,300.0,0.0,1.0,0.0,300.0,0.0
LR,time,3,refitted,none,50,,0.02,100.0,0.0,1.0,0.0,100.0,0.0
LR,time,3,refitted,none,50,,0.05,250.0,0.0,1.0,0.0,250.0,0.0
LR,time,3,refitted,none,50,,0.1,500.0,0.0,1.0,0.0,500.0,0.0
LR,time,3,refitted,none,50,,0.15,750.0,0.0,1.0,0.0,750.0,0.0
LR,time,3,refitted,A_b01,5,0.01,0.02,10.463186077643904,0.0179651941097723,0.8888888888888888,0.0160642570281124,10.0,0.46318607764390407
LR,time,3,refitted,A_b01,5,0.01,0.05,23.7483266398929,0.0208165997322623,0.8888888888888888,0.0160642570281124,25.0,-1.2516733601071017
LR,time,3,refitted,A_b01,5,0.01,0.1,45.89022757697456,0.0255689424364122,0.8888888888888888,0.0160642570281124,50.0,-4.10977242302544
LR,time,3,refitted,A_b01,5,0.01,0.15,68.03212851405621,0.0303212851405622,0.8888888888888888,0.0160642570281124,75.0,-6.967871485943789
LR,time,3,refitted,A_b01,10,0.01,0.02,19.3520749665328,0.0179651941097723,0.8888888888888888,0.0160642570281124,20.0,-0.6479250334671995
LR,time,3,refitted,A_b01,10,0.01,0.05,45.97054886211512,0.0208165997322623,0.8888888888888888,0.0160642570281124,50.0,-4.029451137884877
LR,time,3,refitted,A_b01,10,0.01,0.1,90.334672021419,0.0255689424364122,0.8888888888888888,0.0160642570281124,100.0,-9.665327978581004
LR,time,3,refitted,A_b01,10,0.01,0.15,134.69879518072287,0.0303212851405622,0.8888888888888888,0.0160642570281124,150.0,-15.301204819277132
LR,time,3,refitted,A_b01,20,0.01,0.02,37.12985274431057,0.0179651941097723,0.8888888888888888,0.0160642570281124,40.0,-2.8701472556894316
LR,time,3,refitted,A_b01,20,0.01,0.05,90.41499330655957,0.0208165997322623,0.8888888888888888,0.0160642570281124,100.0,-9.585006693440434
LR,time,3,refitted,A_b01,20,0.01,0.1,179.2235609103079,0.0255689424364122,0.8888888888888888,0.0160642570281124,200.0,-20.776439089692104
LR,time,3,refitted,A_b01,20,0.01,0.15,268.0321285140562,0.0303212851405622,0.8888888888888888,0.0160642570281124,300.0,-31.967871485943817
LR,time,3,refitted,A_b01,50,0.01,0.02,90.4631860776439,0.0179651941097723,0.8888888888888888,0.0160642570281124,100.0,-9.536813922356103
LR,time,3,refitted,A_b01,50,0.01,0.05,223.74832663989287,0.0208165997322623,0.8888888888888888,0.0160642570281124,250.0,-26.251673360107134
LR,time,3,refitted,A_b01,50,0.01,0.1,445.8902275769746,0.0255689424364122,0.8888888888888888,0.0160642570281124,500.0,-54.10977242302539
LR,time,3,refitted,A_b01,50,0.01,0.15,668.0321285140562,0.0303212851405622,0.8888888888888888,0.0160642570281124,750.0,-81.96787148594376
LR,time,3,refitted,A_b05,5,0.05,0.02,14.827309236947787,0.0682730923694778,0.8333333333333334,0.0662650602409638,10.0,4.827309236947787
LR,time,3,refitted,A_b05,5,0.05,0.05,27.12851405622489,0.0712851405622489,0.8333333333333334,0.0662650602409638,25.0,2.1285140562248905
LR,time,3,refitted,A_b05,5,0.05,0.1,47.63052208835341,0.076305220883534,0.8333333333333334,0.0662650602409638,50.0,-2.369477911646591
LR,time,3,refitted,A_b05,5,0.05,0.15,68.13253012048193,0.0813253012048192,0.8333333333333334,0.0662650602409638,75.0,-6.867469879518069
LR,time,3,refitted,A_b05,10,0.05,0.02,23.16064257028112,0.0682730923694778,0.8333333333333334,0.0662650602409638,20.0,3.1606425702811194
LR,time,3,refitted,A_b05,10,0.05,0.05,47.96184738955823,0.0712851405622489,0.8333333333333334,0.0662650602409638,50.0,-2.03815261044177
LR,time,3,refitted,A_b05,10,0.05,0.1,89.29718875502009,0.076305220883534,0.8333333333333334,0.0662650602409638,100.0,-10.702811244979912
LR,time,3,refitted,A_b05,10,0.05,0.15,130.63253012048193,0.0813253012048192,0.8333333333333334,0.0662650602409638,150.0,-19.36746987951807
LR,time,3,refitted,A_b05,20,0.05,0.02,39.82730923694779,0.0682730923694778,0.8333333333333334,0.0662650602409638,40.0,-0.1726907630522092
LR,time,3,refitted,A_b05,20,0.05,0.05,89.6285140562249,0.0712851405622489,0.8333333333333334,0.0662650602409638,100.0,-10.371485943775099
LR,time,3,refitted,A_b05,20,0.05,0.1,172.63052208835342,0.076305220883534,0.8333333333333334,0.0662650602409638,200.0,-27.369477911646584
LR,time,3,refitted,A_b05,20,0.05,0.15,255.6325301204819,0.0813253012048192,0.8333333333333334,0.0662650602409638,300.0,-44.3674698795181
LR,time,3,refitted,A_b05,50,0.05,0.02,89.8273092369478,0.0682730923694778,0.8333333333333334,0.0662650602409638,100.0,-10.172690763052202
LR,time,3,refitted,A_b05,50,0.05,0.05,214.62851405622493,0.0712851405622489,0.8333333333333334,0.0662650602409638,250.0,-35.37148594377507
LR,time,3,refitted,A_b05,50,0.05,0.1,422.6305220883535,0.076305220883534,0.8333333333333334,0.0662650602409638,500.0,-77.36947791164653
LR,time,3,refitted,A_b05,50,0.05,0.15,630.632530120482,0.0813253012048192,0.8333333333333334,0.0662650602409638,750.0,-119.36746987951801
LR,time,3,refitted,A_b10,5,0.1,0.02,21.911646586345373,0.1391164658634537,0.8333333333333334,0.1385542168674698,10.0,11.911646586345373
LR,time,3,refitted,A_b10,5,0.1,0.05,33.99598393574297,0.1399598393574296,0.8333333333333334,0.1385542168674698,25.0,8.99598393574297
LR,time,3,refitted,A_b10,5,0.1,0.1,54.13654618473896,0.1413654618473895,0.8333333333333334,0.1385542168674698,50.0,4.136546184738961
LR,time,3,refitted,A_b10,5,0.1,0.15,74.27710843373492,0.1427710843373493,0.8333333333333334,0.1385542168674698,75.0,-0.7228915662650763
LR,time,3,refitted,A_b10,10,0.1,0.02,30.244979919678705,0.1391164658634537,0.8333333333333334,0.1385542168674698,20.0,10.244979919678705
LR,time,3,refitted,A_b10,10,0.1,0.05,54.82931726907629,0.1399598393574296,0.8333333333333334,0.1385542168674698,50.0,4.8293172690762916
LR,time,3,refitted,A_b10,10,0.1,0.1,95.80321285140562,0.1413654618473895,0.8333333333333334,0.1385542168674698,100.0,-4.196787148594382
LR,time,3,refitted,A_b10,10,0.1,0.15,136.77710843373495,0.1427710843373493,0.8333333333333334,0.1385542168674698,150.0,-13.222891566265048
LR,time,3,refitted,A_b10,20,0.1,0.02,46.91164658634538,0.1391164658634537,0.8333333333333334,0.1385542168674698,40.0,6.911646586345377
LR,time,3,refitted,A_b10,20,0.1,0.05,96.49598393574296,0.1399598393574296,0.8333333333333334,0.1385542168674698,100.0,-3.504016064257044
LR,time,3,refitted,A_b10,20,0.1,0.1,179.13654618473896,0.1413654618473895,0.8333333333333334,0.1385542168674698,200.0,-20.86345381526104
LR,time,3,refitted,A_b10,20,0.1,0.15,261.7771084337349,0.1427710843373493,0.8333333333333334,0.1385542168674698,300.0,-38.222891566265105
LR,time,3,refitted,A_b10,50,0.1,0.02,96.91164658634538,0.1391164658634537,0.8333333333333334,0.1385542168674698,100.0,-3.088353413654616
LR,time,3,refitted,A_b10,50,0.1,0.05,221.49598393574297,0.1399598393574296,0.8333333333333334,0.1385542168674698,250.0,-28.50401606425703
LR,time,3,refitted,A_b10,50,0.1,0.1,429.13654618473896,0.1413654618473895,0.8333333333333334,0.1385542168674698,500.0,-70.86345381526104
LR,time,3,refitted,A_b10,50,0.1,0.15,636.7771084337348,0.1427710843373493,0.8333333333333334,0.1385542168674698,750.0,-113.22289156626516
LR,time,3,refitted,A_b20,5,0.2,0.02,31.427041499330656,0.2476037483266399,0.7222222222222222,0.2469879518072289,10.0,21.427041499330656
LR,time,3,refitted,A_b20,5,0.2,0.05,41.5194109772423,0.2485274431057563,0.7222222222222222,0.2469879518072289,25.0,16.519410977242302
LR,time,3,refitted,A_b20,5,0.2,0.1,58.34002677376171,0.2500669344042838,0.7222222222222222,0.2469879518072289,50.0,8.340026773761707
LR,time,3,refitted,A_b20,5,0.2,0.15,75.16064257028113,0.2516064257028112,0.7222222222222222,0.2469879518072289,75.0,0.1606425702811265
LR,time,3,refitted,A_b20,10,0.2,0.02,38.64926372155288,0.2476037483266399,0.7222222222222222,0.2469879518072289,20.0,18.649263721552877
LR,time,3,refitted,A_b20,10,0.2,0.05,59.57496653279786,0.2485274431057563,0.7222222222222222,0.2469879518072289,50.0,9.574966532797859
LR,time,3,refitted,A_b20,10,0.2,0.1,94.45113788487282,0.2500669344042838,0.7222222222222222,0.2469879518072289,100.0,-5.548862115127179
LR,time,3,refitted,A_b20,10,0.2,0.15,129.32730923694777,0.2516064257028112,0.7222222222222222,0.2469879518072289,150.0,-20.67269076305223
LR,time,3,refitted,A_b20,20,0.2,0.02,53.09370816599732,0.2476037483266399,0.7222222222222222,0.2469879518072289,40.0,13.09370816599732
LR,time,3,refitted,A_b20,20,0.2,0.05,95.68607764390896,0.2485274431057563,0.7222222222222222,0.2469879518072289,100.0,-4.313922356091041
LR,time,3,refitted,A_b20,20,0.2,0.1,166.67336010709505,0.2500669344042838,0.7222222222222222,0.2469879518072289,200.0,-33.32663989290495
LR,time,3,refitted,A_b20,20,0.2,0.15,237.6606425702811,0.2516064257028112,0.7222222222222222,0.2469879518072289,300.0,-62.33935742971889
LR,time,3,refitted,A_b20,50,0.2,0.02,96.42704149933066,0.2476037483266399,0.7222222222222222,0.2469879518072289,100.0,-3.572958500669344
LR,time,3,refitted,A_b20,50,0.2,0.05,204.01941097724236,0.2485274431057563,0.7222222222222222,0.2469879518072289,250.0,-45.98058902275764
LR,time,3,refitted,A_b20,50,0.2,0.1,383.34002677376174,0.2500669344042838,0.7222222222222222,0.2469879518072289,500.0,-116.65997322623826
LR,time,3,refitted,A_b20,50,0.2,0.15,562.6606425702812,0.2516064257028112,0.7222222222222222,0.2469879518072289,750.0,-187.3393574297188
LR,time,3,refitted,B_r05,5,,0.02,9.676037483266398,0.0100937081659972,0.8888888888888888,0.0080321285140562,10.0,-0.32396251673360155
LR,time,3,refitted,B_r05,5,,0.05,22.98527443105756,0.0131860776439089,0.8888888888888888,0.0080321285140562,25.0,-2.0147255689424384
LR,time,3,refitted,B_r05,5,,0.1,45.16733601070951,0.0183400267737616,0.8888888888888888,0.0080321285140562,50.0,-4.832663989290488
LR,time,3,refitted,B_r05,5,,0.15,67.34939759036143,0.0234939759036144,0.8888888888888888,0.0080321285140562,75.0,-7.650602409638566
LR,time,3,refitted,B_r10,10,,0.02,22.570281124497985,0.0623694779116465,0.8333333333333334,0.0602409638554216,20.0,2.570281124497985
LR,time,3,refitted,B_r10,10,,0.05,47.38955823293172,0.0655622489959838,0.8333333333333334,0.0602409638554216,50.0,-2.6104417670682807
LR,time,3,refitted,B_r10,10,,0.1,88.75502008032127,0.0708835341365461,0.8333333333333334,0.0602409638554216,100.0,-11.244979919678727
LR,time,3,refitted,B_r10,10,,0.15,130.12048192771084,0.0762048192771083,0.8333333333333334,0.0602409638554216,150.0,-19.87951807228916
LR,time,3,refitted,B_r20,20,,0.02,54.47121820615797,0.2613788487282462,0.7222222222222222,0.2610441767068273,40.0,14.471218206157971
LR,time,3,refitted,B_r20,20,,0.05,97.02141900937082,0.2618808567603747,0.7222222222222222,0.2610441767068273,100.0,-2.978580990629183
LR,time,3,refitted,B_r20,20,,0.1,167.9384203480589,0.2627175368139223,0.7222222222222222,0.2610441767068273,200.0,-32.06157965194109
LR,time,3,refitted,B_r20,20,,0.15,238.85542168674695,0.2635542168674698,0.7222222222222222,0.2610441767068273,300.0,-61.14457831325305
LR,time,3,refitted,B_r50,50,,0.02,80.97054886211512,0.716372155287818,0.1111111111111111,0.7128514056224899,100.0,-19.029451137884877
LR,time,3,refitted,B_r50,50,,0.05,95.49866131191432,0.7216532797858098,0.1111111111111111,0.7128514056224899,250.0,-154.5013386880857
LR,time,3,refitted,B_r50,50,,0.1,119.71218206157964,0.7304551539491299,0.1111111111111111,0.7128514056224899,500.0,-380.28781793842035
LR,time,3,refitted,B_r50,50,,0.15,143.92570281124495,0.7392570281124498,0.1111111111111111,0.7128514056224899,750.0,-606.074297188755
LR,time,3,refitted,C_b01_r05,5,0.01,0.02,9.676037483266398,0.0100937081659972,0.8888888888888888,0.0080321285140562,10.0,-0.32396251673360155
LR,time,3,refitted,C_b01_r05,5,0.01,0.05,22.98527443105756,0.0131860776439089,0.8888888888888888,0.0080321285140562,25.0,-2.0147255689424384
LR,time,3,refitted,C_b01_r05,5,0.01,0.1,45.16733601070951,0.0183400267737616,0.8888888888888888,0.0080321285140562,50.0,-4.832663989290488
LR,time,3,refitted,C_b01_r05,5,0.01,0.15,67.34939759036143,0.0234939759036144,0.8888888888888888,0.0080321285140562,75.0,-7.650602409638566
LR,time,3,refitted,C_b01_r10,10,0.01,0.02,18.564926372155284,0.0100937081659972,0.8888888888888888,0.0080321285140562,20.0,-1.4350736278447158
LR,time,3,refitted,C_b01_r10,10,0.01,0.05,45.20749665327978,0.0131860776439089,0.8888888888888888,0.0080321285140562,50.0,-4.792503346720217
LR,time,3,refitted,C_b01_r10,10,0.01,0.1,89.61178045515395,0.0183400267737616,0.8888888888888888,0.0080321285140562,100.0,-10.388219544846052
LR,time,3,refitted,C_b01_r10,10,0.01,0.15,134.0160642570281,0.0234939759036144,0.8888888888888888,0.0080321285140562,150.0,-15.983935742971909
LR,time,3,refitted,C_b01_r20,20,0.01,0.02,36.34270414993306,0.0100937081659972,0.8888888888888888,0.0080321285140562,40.0,-3.6572958500669372
LR,time,3,refitted,C_b01_r20,20,0.01,0.05,89.65194109772422,0.0131860776439089,0.8888888888888888,0.0080321285140562,100.0,-10.348058902275781
LR,time,3,refitted,C_b01_r20,20,0.01,0.1,178.50066934404282,0.0183400267737616,0.8888888888888888,0.0080321285140562,200.0,-21.49933065595718
LR,time,3,refitted,C_b01_r20,20,0.01,0.15,267.34939759036143,0.0234939759036144,0.8888888888888888,0.0080321285140562,300.0,-32.650602409638566
LR,time,3,refitted,C_b01_r50,50,0.01,0.02,89.67603748326638,0.0100937081659972,0.8888888888888888,0.0080321285140562,100.0,-10.323962516733616
LR,time,3,refitted,C_b01_r50,50,0.01,0.05,222.98527443105755,0.0131860776439089,0.8888888888888888,0.0080321285140562,250.0,-27.014725568942453
LR,time,3,refitted,C_b01_r50,50,0.01,0.1,445.1673360107095,0.0183400267737616,0.8888888888888888,0.0080321285140562,500.0,-54.832663989290495
LR,time,3,refitted,C_b01_r50,50,0.01,0.15,667.3493975903614,0.0234939759036144,0.8888888888888888,0.0080321285140562,750.0,-82.65060240963862
LR,time,3,refitted,C_b05_r05,5,0.05,0.02,9.676037483266398,0.0100937081659972,0.8888888888888888,0.0080321285140562,10.0,-0.32396251673360155
LR,time,3,refitted,C_b05_r05,5,0.05,0.05,22.98527443105756,0.0131860776439089,0.8888888888888888,0.0080321285140562,25.0,-2.0147255689424384
LR,time,3,refitted,C_b05_r05,5,0.05,0.1,45.16733601070951,0.0183400267737616,0.8888888888888888,0.0080321285140562,50.0,-4.832663989290488
LR,time,3,refitted,C_b05_r05,5,0.05,0.15,67.34939759036143,0.0234939759036144,0.8888888888888888,0.0080321285140562,75.0,-7.650602409638566
LR,time,3,refitted,C_b05_r10,10,0.05,0.02,22.570281124497985,0.0623694779116465,0.8333333333333334,0.0602409638554216,20.0,2.570281124497985
LR,time,3,refitted,C_b05_r10,10,0.05,0.05,47.38955823293172,0.0655622489959838,0.8333333333333334,0.0602409638554216,50.0,-2.6104417670682807
LR,time,3,refitted,C_b05_r10,10,0.05,0.1,88.75502008032127,0.0708835341365461,0.8333333333333334,0.0602409638554216,100.0,-11.244979919678727
LR,time,3,refitted,C_b05_r10,10,0.05,0.15,130.12048192771084,0.0762048192771083,0.8333333333333334,0.0602409638554216,150.0,-19.87951807228916
LR,time,3,refitted,C_b05_r20,20,0.05,0.02,39.23694779116465,0.0623694779116465,0.8333333333333334,0.0602409638554216,40.0,-0.7630522088353473
LR,time,3,refitted,C_b05_r20,20,0.05,0.05,89.05622489959839,0.0655622489959838,0.8333333333333334,0.0602409638554216,100.0,-10.94377510040161
LR,time,3,refitted,C_b05_r20,20,0.05,0.1,172.08835341365463,0.0708835341365461,0.8333333333333334,0.0602409638554216,200.0,-27.91164658634537
LR,time,3,refitted,C_b05_r20,20,0.05,0.15,255.1204819277108,0.0762048192771083,0.8333333333333334,0.0602409638554216,300.0,-44.87951807228919
LR,time,3,refitted,C_b05_r50,50,0.05,0.02,89.23694779116465,0.0623694779116465,0.8333333333333334,0.0602409638554216,100.0,-10.763052208835347
LR,time,3,refitted,C_b05_r50,50,0.05,0.05,214.0562248995984,0.0655622489959838,0.8333333333333334,0.0602409638554216,250.0,-35.94377510040161
LR,time,3,refitted,C_b05_r50,50,0.05,0.1,422.0883534136546,0.0708835341365461,0.8333333333333334,0.0602409638554216,500.0,-77.9116465863454
LR,time,3,refitted,C_b05_r50,50,0.05,0.15,630.1204819277109,0.0762048192771083,0.8333333333333334,0.0602409638554216,750.0,-119.8795180722891
LR,time,3,refitted,C_b10_r05,5,0.1,0.02,9.676037483266398,0.0100937081659972,0.8888888888888888,0.0080321285140562,10.0,-0.32396251673360155
LR,time,3,refitted,C_b10_r05,5,0.1,0.05,22.98527443105756,0.0131860776439089,0.8888888888888888,0.0080321285140562,25.0,-2.0147255689424384
LR,time,3,refitted,C_b10_r05,5,0.1,0.1,45.16733601070951,0.0183400267737616,0.8888888888888888,0.0080321285140562,50.0,-4.832663989290488
LR,time,3,refitted,C_b10_r05,5,0.1,0.15,67.34939759036143,0.0234939759036144,0.8888888888888888,0.0080321285140562,75.0,-7.650602409638566
LR,time,3,refitted,C_b10_r10,10,0.1,0.02,22.570281124497985,0.0623694779116465,0.8333333333333334,0.0602409638554216,20.0,2.570281124497985
LR,time,3,refitted,C_b10_r10,10,0.1,0.05,47.38955823293172,0.0655622489959838,0.8333333333333334,0.0602409638554216,50.0,-2.6104417670682807
LR,time,3,refitted,C_b10_r10,10,0.1,0.1,88.75502008032127,0.0708835341365461,0.8333333333333334,0.0602409638554216,100.0,-11.244979919678727
LR,time,3,refitted,C_b10_r10,10,0.1,0.15,130.12048192771084,0.0762048192771083,0.8333333333333334,0.0602409638554216,150.0,-19.87951807228916
LR,time,3,refitted,C_b10_r20,20,0.1,0.02,39.23694779116465,0.0623694779116465,0.8333333333333334,0.0602409638554216,40.0,-0.7630522088353473
LR,time,3,refitted,C_b10_r20,20,0.1,0.05,89.05622489959839,0.0655622489959838,0.8333333333333334,0.0602409638554216,100.0,-10.94377510040161
LR,time,3,refitted,C_b10_r20,20,0.1,0.1,172.08835341365463,0.0708835341365461,0.8333333333333334,0.0602409638554216,200.0,-27.91164658634537
LR,time,3,refitted,C_b10_r20,20,0.1,0.15,255.1204819277108,0.0762048192771083,0.8333333333333334,0.0602409638554216,300.0,-44.87951807228919
LR,time,3,refitted,C_b10_r50,50,0.1,0.02,89.23694779116465,0.0623694779116465,0.8333333333333334,0.0602409638554216,100.0,-10.763052208835347
LR,time,3,refitted,C_b10_r50,50,0.1,0.05,214.0562248995984,0.0655622489959838,0.8333333333333334,0.0602409638554216,250.0,-35.94377510040161
LR,time,3,refitted,C_b10_r50,50,0.1,0.1,422.0883534136546,0.0708835341365461,0.8333333333333334,0.0602409638554216,500.0,-77.9116465863454
LR,time,3,refitted,C_b10_r50,50,0.1,0.15,630.1204819277109,0.0762048192771083,0.8333333333333334,0.0602409638554216,750.0,-119.8795180722891
LR,time,3,refitted,C_b20_r05,5,0.2,0.02,9.676037483266398,0.0100937081659972,0.8888888888888888,0.0080321285140562,10.0,-0.32396251673360155
LR,time,3,refitted,C_b20_r05,5,0.2,0.05,22.98527443105756,0.0131860776439089,0.8888888888888888,0.0080321285140562,25.0,-2.0147255689424384
LR,time,3,refitted,C_b20_r05,5,0.2,0.1,45.16733601070951,0.0183400267737616,0.8888888888888888,0.0080321285140562,50.0,-4.832663989290488
LR,time,3,refitted,C_b20_r05,5,0.2,0.15,67.34939759036143,0.0234939759036144,0.8888888888888888,0.0080321285140562,75.0,-7.650602409638566
LR,time,3,refitted,C_b20_r10,10,0.2,0.02,22.570281124497985,0.0623694779116465,0.8333333333333334,0.0602409638554216,20.0,2.570281124497985
LR,time,3,refitted,C_b20_r10,10,0.2,0.05,47.38955823293172,0.0655622489959838,0.8333333333333334,0.0602409638554216,50.0,-2.6104417670682807
LR,time,3,refitted,C_b20_r10,10,0.2,0.1,88.75502008032127,0.0708835341365461,0.8333333333333334,0.0602409638554216,100.0,-11.244979919678727
LR,time,3,refitted,C_b20_r10,10,0.2,0.15,130.12048192771084,0.0762048192771083,0.8333333333333334,0.0602409638554216,150.0,-19.87951807228916
LR,time,3,refitted,C_b20_r20,20,0.2,0.02,50.2570281124498,0.1725702811244979,0.8333333333333334,0.1726907630522088,40.0,10.257028112449802
LR,time,3,refitted,C_b20_r20,20,0.2,0.05,99.73895582329315,0.1723895582329316,0.8333333333333334,0.1726907630522088,100.0,-0.26104417670684654
LR,time,3,refitted,C_b20_r20,20,0.2,0.1,182.20883534136547,0.1720883534136545,0.8333333333333334,0.1726907630522088,200.0,-17.79116465863453
LR,time,3,refitted,C_b20_r20,20,0.2,0.15,264.6787148594377,0.1717871485943774,0.8333333333333334,0.1726907630522088,300.0,-35.32128514056228
LR,time,3,refitted,C_b20_r50,50,0.2,0.02,100.2570281124498,0.1725702811244979,0.8333333333333334,0.1726907630522088,100.0,0.2570281124498024
LR,time,3,refitted,C_b20_r50,50,0.2,0.05,224.7389558232932,0.1723895582329316,0.8333333333333334,0.1726907630522088,250.0,-25.261044176706804
LR,time,3,refitted,C_b20_r50,50,0.2,0.1,432.20883534136544,0.1720883534136545,0.8333333333333334,0.1726907630522088,500.0,-67.79116465863456
LR,time,3,refitted,C_b20_r50,50,0.2,0.15,639.6787148594377,0.1717871485943774,0.8333333333333334,0.1726907630522088,750.0,-110.32128514056228
LR,time,3,refitted,TopK_b01,5,0.01,0.02,10.231593038821952,0.0089825970548861,0.9444444444444444,0.0080321285140562,10.0,0.23159303882195204
LR,time,3,refitted,TopK_b01,5,0.01,0.05,24.374163319946447,0.0104082998661311,0.9444444444444444,0.0080321285140562,25.0,-0.6258366800535526
LR,time,3,refitted,TopK_b01,5,0.01,0.1,47.94511378848728,0.0127844712182061,0.9444444444444444,0.0080321285140562,50.0,-2.0548862115127235
LR,time,3,refitted,TopK_b01,5,0.01,0.15,71.5160642570281,0.0151606425702811,0.9444444444444444,0.0080321285140562,75.0,-3.4839357429718945
LR,time,3,refitted,TopK_b01,10,0.01,0.02,19.676037483266395,0.0089825970548861,0.9444444444444444,0.0080321285140562,20.0,-0.3239625167336051
LR,time,3,refitted,TopK_b01,10,0.01,0.05,47.98527443105756,0.0104082998661311,0.9444444444444444,0.0080321285140562,50.0,-2.0147255689424384
LR,time,3,refitted,TopK_b01,10,0.01,0.1,95.1673360107095,0.0127844712182061,0.9444444444444444,0.0080321285140562,100.0,-4.832663989290495
LR,time,3,refitted,TopK_b01,10,0.01,0.15,142.34939759036143,0.0151606425702811,0.9444444444444444,0.0080321285140562,150.0,-7.650602409638566
LR,time,3,refitted,TopK_b01,20,0.01,0.02,38.56492637215528,0.0089825970548861,0.9444444444444444,0.0080321285140562,40.0,-1.435073627844723
LR,time,3,refitted,TopK_b01,20,0.01,0.05,95.20749665327978,0.0104082998661311,0.9444444444444444,0.0080321285140562,100.0,-4.792503346720224
LR,time,3,refitted,TopK_b01,20,0.01,0.1,189.61178045515396,0.0127844712182061,0.9444444444444444,0.0080321285140562,200.0,-10.388219544846038
LR,time,3,refitted,TopK_b01,20,0.01,0.15,284.0160642570281,0.0151606425702811,0.9444444444444444,0.0080321285140562,300.0,-15.98393574297188
LR,time,3,refitted,TopK_b01,50,0.01,0.02,95.23159303882196,0.0089825970548861,0.9444444444444444,0.0080321285140562,100.0,-4.768406961178044
LR,time,3,refitted,TopK_b01,50,0.01,0.05,236.87416331994643,0.0104082998661311,0.9444444444444444,0.0080321285140562,250.0,-13.125836680053567
LR,time,3,refitted,TopK_b01,50,0.01,0.1,472.9451137884872,0.0127844712182061,0.9444444444444444,0.0080321285140562,500.0,-27.05488621151278
LR,time,3,refitted,TopK_b01,50,0.01,0.15,709.016064257028,0.0151606425702811,0.9444444444444444,0.0080321285140562,750.0,-40.983935742971994
LR,time,3,refitted,TopK_b05,5,0.05,0.02,13.414993306559564,0.0474832663989289,0.8888888888888888,0.0461847389558232,10.0,3.4149933065595643
LR,time,3,refitted,TopK_b05,5,0.05,0.05,26.609772423025422,0.0494310575635875,0.8888888888888888,0.0461847389558232,25.0,1.6097724230254222
LR,time,3,refitted,TopK_b05,5,0.05,0.1,48.601070950468525,0.052677376171352,0.8888888888888888,0.0461847389558232,50.0,-1.3989290495314748
LR,time,3,refitted,TopK_b05,5,0.05,0.15,70.59236947791163,0.0559236947791163,0.8888888888888888,0.0461847389558232,75.0,-4.407630522088368
LR,time,3,refitted,TopK_b05,10,0.05,0.02,22.30388219544845,0.0474832663989289,0.8888888888888888,0.0461847389558232,20.0,2.3038821954484483
LR,time,3,refitted,TopK_b05,10,0.05,0.05,48.83199464524765,0.0494310575635875,0.8888888888888888,0.0461847389558232,50.0,-1.1680053547523528
LR,time,3,refitted,TopK_b05,10,0.05,0.1,93.04551539491295,0.052677376171352,0.8888888888888888,0.0461847389558232,100.0,-6.954484605087046
LR,time,3,refitted,TopK_b05,10,0.05,0.15,137.25903614457832,0.0559236947791163,0.8888888888888888,0.0461847389558232,150.0,-12.740963855421683
LR,time,3,refitted,TopK_b05,20,0.05,0.02,40.08165997322623,0.0474832663989289,0.8888888888888888,0.0461847389558232,40.0,0.08165997322623042
LR,time,3,refitted,TopK_b05,20,0.05,0.05,93.27643908969208,0.0494310575635875,0.8888888888888888,0.0461847389558232,100.0,-6.723560910307924
LR,time,3,refitted,TopK_b05,20,0.05,0.1,181.93440428380185,0.052677376171352,0.8888888888888888,0.0461847389558232,200.0,-18.065595716198146
LR,time,3,refitted,TopK_b05,20,0.05,0.15,270.59236947791163,0.0559236947791163,0.8888888888888888,0.0461847389558232,300.0,-29.40763052208837
LR,time,3,refitted,TopK_b05,50,0.05,0.02,93.41499330655957,0.0474832663989289,0.8888888888888888,0.0461847389558232,100.0,-6.585006693440434
LR,time,3,refitted,TopK_b05,50,0.05,0.05,226.60977242302545,0.0494310575635875,0.8888888888888888,0.0461847389558232,250.0,-23.390227576974553
LR,time,3,refitted,TopK_b05,50,0.05,0.1,448.60107095046857,0.052677376171352,0.8888888888888888,0.0461847389558232,500.0,-51.39892904953143
LR,time,3,refitted,TopK_b05,50,0.05,0.15,670.5923694779116,0.0559236947791163,0.8888888888888888,0.0461847389558232,750.0,-79.40763052208843
LR,time,3,refitted,TopK_b10,5,0.1,0.02,17.779116465863453,0.0977911646586345,0.8333333333333334,0.0963855421686747,10.0,7.779116465863453
LR,time,3,refitted,TopK_b10,5,0.1,0.05,29.98995983935743,0.0998995983935742,0.8333333333333334,0.0963855421686747,25.0,4.989959839357429
LR,time,3,refitted,TopK_b10,5,0.1,0.1,50.3413654618474,0.1034136546184739,0.8333333333333334,0.0963855421686747,50.0,0.3413654618474027
LR,time,3,refitted,TopK_b10,5,0.1,0.15,70.69277108433735,0.1069277108433734,0.8333333333333334,0.0963855421686747,75.0,-4.307228915662648
LR,time,3,refitted,TopK_b10,10,0.1,0.02,26.112449799196792,0.0977911646586345,0.8333333333333334,0.0963855421686747,20.0,6.112449799196792
LR,time,3,refitted,TopK_b10,10,0.1,0.05,50.82329317269077,0.0998995983935742,0.8333333333333334,0.0963855421686747,50.0,0.823293172690768
LR,time,3,refitted,TopK_b10,10,0.1,0.1,92.00803212851406,0.1034136546184739,0.8333333333333334,0.0963855421686747,100.0,-7.99196787148594
LR,time,3,refitted,TopK_b10,10,0.1,0.15,133.19277108433735,0.1069277108433734,0.8333333333333334,0.0963855421686747,150.0,-16.807228915662648
LR,time,3,refitted,TopK_b10,20,0.1,0.02,42.77911646586346,0.0977911646586345,0.8333333333333334,0.0963855421686747,40.0,2.77911646586346
LR,time,3,refitted,TopK_b10,20,0.1,0.05,92.48995983935744,0.0998995983935742,0.8333333333333334,0.0963855421686747,100.0,-7.510040160642561
LR,time,3,refitted,TopK_b10,20,0.1,0.1,175.3413654618474,0.1034136546184739,0.8333333333333334,0.0963855421686747,200.0,-24.658634538152597
LR,time,3,refitted,TopK_b10,20,0.1,0.15,258.1927710843373,0.1069277108433734,0.8333333333333334,0.0963855421686747,300.0,-41.80722891566268
LR,time,3,refitted,TopK_b10,50,0.1,0.02,92.77911646586344,0.0977911646586345,0.8333333333333334,0.0963855421686747,100.0,-7.220883534136561
LR,time,3,refitted,TopK_b10,50,0.1,0.05,217.48995983935745,0.0998995983935742,0.8333333333333334,0.0963855421686747,250.0,-32.510040160642546
LR,time,3,refitted,TopK_b10,50,0.1,0.1,425.3413654618474,0.1034136546184739,0.8333333333333334,0.0963855421686747,500.0,-74.65863453815263
LR,time,3,refitted,TopK_b10,50,0.1,0.15,633.1927710843374,0.1069277108433734,0.8333333333333334,0.0963855421686747,750.0,-116.80722891566256
LR,time,3,refitted,TopK_b20,5,0.2,0.02,27.259705488621144,0.1992637215528781,0.7777777777777778,0.1987951807228915,10.0,17.259705488621144
LR,time,3,refitted,TopK_b20,5,0.2,0.05,38.32998661311914,0.199966532797858,0.7777777777777778,0.1987951807228915,25.0,13.32998661311914
LR,time,3,refitted,TopK_b20,5,0.2,0.1,56.78045515394913,0.2011378848728245,0.7777777777777778,0.1987951807228915,50.0,6.780455153949127
LR,time,3,refitted,TopK_b20,5,0.2,0.15,75.23092369477912,0.2023092369477911,0.7777777777777778,0.1987951807228915,75.0,0.230923694779122
LR,time,3,refitted,TopK_b20,10,0.2,0.02,35.03748326639893,0.1992637215528781,0.7777777777777778,0.1987951807228915,20.0,15.03748326639893
LR,time,3,refitted,TopK_b20,10,0.2,0.05,57.77443105756358,0.199966532797858,0.7777777777777778,0.1987951807228915,50.0,7.774431057563582
LR,time,3,refitted,TopK_b20,10,0.2,0.1,95.669344042838,0.2011378848728245,0.7777777777777778,0.1987951807228915,100.0,-4.330655957161994
LR,time,3,refitted,TopK_b20,10,0.2,0.15,133.56425702811245,0.2023092369477911,0.7777777777777778,0.1987951807228915,150.0,-16.43574297188755
LR,time,3,refitted,TopK_b20,20,0.2,0.02,50.59303882195449,0.1992637215528781,0.7777777777777778,0.1987951807228915,40.0,10.593038821954487
LR,time,3,refitted,TopK_b20,20,0.2,0.05,96.66331994645248,0.199966532797858,0.7777777777777778,0.1987951807228915,100.0,-3.336680053547525
LR,time,3,refitted,TopK_b20,20,0.2,0.1,173.4471218206158,0.2011378848728245,0.7777777777777778,0.1987951807228915,200.0,-26.55287817938421
LR,time,3,refitted,TopK_b20,20,0.2,0.15,250.2309236947791,0.2023092369477911,0.7777777777777778,0.1987951807228915,300.0,-49.76907630522089
LR,time,3,refitted,TopK_b20,50,0.2,0.02,97.25970548862117,0.1992637215528781,0.7777777777777778,0.1987951807228915,100.0,-2.740294511378835
LR,time,3,refitted,TopK_b20,50,0.2,0.05,213.32998661311916,0.199966532797858,0.7777777777777778,0.1987951807228915,250.0,-36.67001338688084
LR,time,3,refitted,TopK_b20,50,0.2,0.1,406.7804551539491,0.2011378848728245,0.7777777777777778,0.1987951807228915,500.0,-93.2195448460509
LR,time,3,refitted,TopK_b20,50,0.2,0.15,600.2309236947791,0.2023092369477911,0.7777777777777778,0.1987951807228915,750.0,-149.7690763052209
LR,holdout,0,fixed,none,5,,0.02,10.0,0.0,1.0,0.0,10.0,0.0
LR,holdout,0,fixed,none,5,,0.05,25.0,0.0,1.0,0.0,25.0,0.0
LR,holdout,0,fixed,none,5,,0.1,50.0,0.0,1.0,0.0,50.0,0.0
LR,holdout,0,fixed,none,5,,0.15,75.0,0.0,1.0,0.0,75.0,0.0
LR,holdout,0,fixed,none,10,,0.02,20.0,0.0,1.0,0.0,20.0,0.0
LR,holdout,0,fixed,none,10,,0.05,50.0,0.0,1.0,0.0,50.0,0.0
LR,holdout,0,fixed,none,10,,0.1,100.0,0.0,1.0,0.0,100.0,0.0
LR,holdout,0,fixed,none,10,,0.15,150.0,0.0,1.0,0.0,150.0,0.0
LR,holdout,0,fixed,none,20,,0.02,40.0,0.0,1.0,0.0,40.0,0.0
LR,holdout,0,fixed,none,20,,0.05,100.0,0.0,1.0,0.0,100.0,0.0
LR,holdout,0,fixed,none,20,,0.1,200.0,0.0,1.0,0.0,200.0,0.0
LR,holdout,0,fixed,none,20,,0.15,300.0,0.0,1.0,0.0,300.0,0.0
LR,holdout,0,fixed,none,50,,0.02,100.0,0.0,1.0,0.0,100.0,0.0
LR,holdout,0,fixed,none,50,,0.05,250.0,0.0,1.0,0.0,250.0,0.0
LR,holdout,0,fixed,none,50,,0.1,500.0,0.0,1.0,0.0,500.0,0.0
LR,holdout,0,fixed,none,50,,0.15,750.0,0.0,1.0,0.0,750.0,0.0
LR,holdout,0,fixed,A_b01,5,0.01,0.02,9.615384615384617,0.0007692307692307,0.9615384615384616,0.0,10.0,-0.38461538461538325
LR,holdout,0,fixed,A_b01,5,0.01,0.05,24.03846153846154,0.0019230769230769,0.9615384615384616,0.0,25.0,-0.9615384615384599
LR,holdout,0,fixed,A_b01,5,0.01,0.1,48.07692307692308,0.0038461538461538,0.9615384615384616,0.0,50.0,-1.9230769230769198
LR,holdout,0,fixed,A_b01,5,0.01,0.15,72.11538461538461,0.0057692307692307,0.9615384615384616,0.0,75.0,-2.884615384615387
LR,holdout,0,fixed,A_b01,10,0.01,0.02,19.230769230769237,0.0007692307692307,0.9615384615384616,0.0,20.0,-0.769230769230763
LR,holdout,0,fixed,A_b01,10,0.01,0.05,48.07692307692308,0.0019230769230769,0.9615384615384616,0.0,50.0,-1.9230769230769198
LR,holdout,0,fixed,A_b01,10,0.01,0.1,96.15384615384616,0.0038461538461538,0.9615384615384616,0.0,100.0,-3.8461538461538396
LR,holdout,0,fixed,A_b01,10,0.01,0.15,144.23076923076923,0.0057692307692307,0.9615384615384616,0.0,150.0,-5.769230769230774
LR,holdout,0,fixed,A_b01,20,0.01,0.02,38.46153846153847,0.0007692307692307,0.9615384615384616,0.0,40.0,-1.538461538461533
LR,holdout,0,fixed,A_b01,20,0.01,0.05,96.15384615384616,0.0019230769230769,0.9615384615384616,0.0,100.0,-3.8461538461538396
LR,holdout,0,fixed,A_b01,20,0.01,0.1,192.30769230769232,0.0038461538461538,0.9615384615384616,0.0,200.0,-7.692307692307679
LR,holdout,0,fixed,A_b01,20,0.01,0.15,288.46153846153845,0.0057692307692307,0.9615384615384616,0.0,300.0,-11.538461538461547
LR,holdout,0,fixed,A_b01,50,0.01,0.02,96.15384615384616,0.0007692307692307,0.9615384615384616,0.0,100.0,-3.8461538461538396
LR,holdout,0,fixed,A_b01,50,0.01,0.05,240.3846153846154,0.0019230769230769,0.9615384615384616,0.0,250.0,-9.615384615384613
LR,holdout,0,fixed,A_b01,50,0.01,0.1,480.7692307692308,0.0038461538461538,0.9615384615384616,0.0,500.0,-19.230769230769226
LR,holdout,0,fixed,A_b01,50,0.01,0.15,721.1538461538462,0.0057692307692307,0.9615384615384616,0.0,750.0,-28.84615384615381
LR,holdout,0,fixed,A_b05,5,0.05,0.02,10.287330316742077,0.0167194570135745,0.8846153846153846,0.0147058823529411,10.0,0.2873303167420769
LR,holdout,0,fixed,A_b05,5,0.05,0.05,23.51244343891402,0.0197398190045248,0.8846153846153846,0.0147058823529411,25.0,-1.4875565610859809
LR,holdout,0,fixed,A_b05,5,0.05,0.1,45.55429864253393,0.0247737556561085,0.8846153846153846,0.0147058823529411,50.0,-4.445701357466071
LR,holdout,0,fixed,A_b05,5,0.05,0.15,67.59615384615384,0.0298076923076922,0.8846153846153846,0.0147058823529411,75.0,-7.40384615384616
LR,holdout,0,fixed,A_b05,10,0.05,0.02,19.13348416289592,0.0167194570135745,0.8846153846153846,0.0147058823529411,20.0,-0.8665158371040818
LR,holdout,0,fixed,A_b05,10,0.05,0.05,45.62782805429863,0.0197398190045248,0.8846153846153846,0.0147058823529411,50.0,-4.372171945701368
LR,holdout,0,fixed,A_b05,10,0.05,0.1,89.78506787330316,0.0247737556561085,0.8846153846153846,0.0147058823529411,100.0,-10.214932126696837
LR,holdout,0,fixed,A_b05,10,0.05,0.15,133.94230769230768,0.0298076923076922,0.8846153846153846,0.0147058823529411,150.0,-16.05769230769232
LR,holdout,0,fixed,A_b05,20,0.05,0.02,36.82579185520362,0.0167194570135745,0.8846153846153846,0.0147058823529411,40.0,-3.1742081447963812
LR,holdout,0,fixed,A_b05,20,0.05,0.05,89.85859728506786,0.0197398190045248,0.8846153846153846,0.0147058823529411,100.0,-10.141402714932141
LR,holdout,0,fixed,A_b05,20,0.05,0.1,178.24660633484163,0.0247737556561085,0.8846153846153846,0.0147058823529411,200.0,-21.75339366515837
LR,holdout,0,fixed,A_b05,20,0.05,0.15,266.63461538461536,0.0298076923076922,0.8846153846153846,0.0147058823529411,300.0,-33.36538461538464
LR,holdout,0,fixed,A_b05,50,0.05,0.02,89.90271493212668,0.0167194570135745,0.8846153846153846,0.0147058823529411,100.0,-10.097285067873315
LR,holdout,0,fixed,A_b05,50,0.05,0.05,222.55090497737555,0.0197398190045248,0.8846153846153846,0.0147058823529411,250.0,-27.449095022624448
LR,holdout,0,fixed,A_b05,50,0.05,0.1,443.631221719457,0.0247737556561085,0.8846153846153846,0.0147058823529411,500.0,-56.36877828054298
LR,holdout,0,fixed,A_b05,50,0.05,0.15,664.7115384615385,0.0298076923076922,0.8846153846153846,0.0147058823529411,750.0,-85.28846153846155
LR,holdout,0,fixed,A_b10,5,0.1,0.02,12.12155491567256,0.0350617030028794,0.8846153846153846,0.0334224598930481,10.0,2.1215549156725597
LR,holdout,0,fixed,A_b10,5,0.1,0.05,25.290518305224182,0.0375205676676264,0.8846153846153846,0.0334224598930481,25.0,0.2905183052241824
LR,holdout,0,fixed,A_b10,5,0.1,0.1,47.23879062114356,0.0416186754422048,0.8846153846153846,0.0334224598930481,50.0,-2.7612093788564422
LR,holdout,0,fixed,A_b10,5,0.1,0.15,69.18706293706293,0.0457167832167832,0.8846153846153846,0.0334224598930481,75.0,-5.812937062937067
LR,holdout,0,fixed,A_b10,10,0.1,0.02,20.967708761826405,0.0350617030028794,0.8846153846153846,0.0334224598930481,20.0,0.9677087618264046
LR,holdout,0,fixed,A_b10,10,0.1,0.05,47.4059029206088,0.0375205676676264,0.8846153846153846,0.0334224598930481,50.0,-2.5940970793911973
LR,holdout,0,fixed,A_b10,10,0.1,0.1,91.4695598519128,0.0416186754422048,0.8846153846153846,0.0334224598930481,100.0,-8.530440148087195
LR,holdout,0,fixed,A_b10,10,0.1,0.15,135.53321678321677,0.0457167832167832,0.8846153846153846,0.0334224598930481,150.0,-14.466783216783227
LR,holdout,0,fixed,A_b10,20,0.1,0.02,38.6600164541341,0.0350617030028794,0.8846153846153846,0.0334224598930481,40.0,-1.3399835458658984
LR,holdout,0,fixed,A_b10,20,0.1,0.05,91.63667215137804,0.0375205676676264,0.8846153846153846,0.0334224598930481,100.0,-8.363327848621964
LR,holdout,0,fixed,A_b10,20,0.1,0.1,179.93109831345123,0.0416186754422048,0.8846153846153846,0.0334224598930481,200.0,-20.06890168654877
LR,holdout,0,fixed,A_b10,20,0.1,0.15,268.2255244755245,0.0457167832167832,0.8846153846153846,0.0334224598930481,300.0,-31.77447552447552
LR,holdout,0,fixed,A_b10,50,0.1,0.02,91.73693953105716,0.0350617030028794,0.8846153846153846,0.0334224598930481,100.0,-8.26306046894284
LR,holdout,0,fixed,A_b10,50,0.1,0.05,224.32897984368572,0.0375205676676264,0.8846153846153846,0.0334224598930481,250.0,-25.671020156314285
LR,holdout,0,fixed,A_b10,50,0.1,0.1,445.3157136980667,0.0416186754422048,0.8846153846153846,0.0334224598930481,500.0,-54.6842863019333
LR,holdout,0,fixed,A_b10,50,0.1,0.15,666.3024475524475,0.0457167832167832,0.8846153846153846,0.0334224598930481,750.0,-83.69755244755254
LR,holdout,0,fixed,A_b20,5,0.2,0.02,16.19991772932949,0.0850761003702179,0.8076923076923077,0.0828877005347593,10.0,6.1999177293294885
LR,holdout,0,fixed,A_b20,5,0.2,0.05,28.066639243109822,0.0883587001234059,0.8076923076923077,0.0828877005347593,25.0,3.0666392431098224
LR,holdout,0,fixed,A_b20,5,0.2,0.1,47.84450843274372,0.0938296997120526,0.8076923076923077,0.0828877005347593,50.0,-2.155491567256277
LR,holdout,0,fixed,A_b20,5,0.2,0.15,67.62237762237763,0.0993006993006992,0.8076923076923077,0.0828877005347593,75.0,-7.377622377622373
LR,holdout,0,fixed,A_b20,10,0.2,0.02,24.276840806252565,0.0850761003702179,0.8076923076923077,0.0828877005347593,20.0,4.276840806252565
LR,holdout,0,fixed,A_b20,10,0.2,0.05,48.25894693541752,0.0883587001234059,0.8076923076923077,0.0828877005347593,50.0,-1.7410530645824807
LR,holdout,0,fixed,A_b20,10,0.2,0.1,88.22912381735911,0.0938296997120526,0.8076923076923077,0.0828877005347593,100.0,-11.77087618264089
LR,holdout,0,fixed,A_b20,10,0.2,0.15,128.1993006993007,0.0993006993006992,0.8076923076923077,0.0828877005347593,150.0,-21.800699300699307
LR,holdout,0,fixed,A_b20,20,0.2,0.02,40.43068696009872,0.0850761003702179,0.8076923076923077,0.0828877005347593,40.0,0.43068696009871843
LR,holdout,0,fixed,A_b20,20,0.2,0.05,88.6435623200329,0.0883587001234059,0.8076923076923077,0.0828877005347593,100.0,-11.356437679967101
LR,holdout,0,fixed,A_b20,20,0.2,0.1,168.99835458658987,0.0938296997120526,0.8076923076923077,0.0828877005347593,200.0,-31.00164541341013
LR,holdout,0,fixed,A_b20,20,0.2,0.15,249.35314685314688,0.0993006993006992,0.8076923076923077,0.0828877005347593,300.0,-50.64685314685312
LR,holdout,0,fixed,A_b20,50,0.2,0.02,88.89222542163718,0.0850761003702179,0.8076923076923077,0.0828877005347593,100.0,-11.107774578362822
LR,holdout,0,fixed,A_b20,50,0.2,0.05,209.79740847387905,0.0883587001234059,0.8076923076923077,0.0828877005347593,250.0,-40.202591526120955
LR,holdout,0,fixed,A_b20,50,0.2,0.1,411.3060468942821,0.0938296997120526,0.8076923076923077,0.0828877005347593,500.0,-88.69395310571792
LR,holdout,0,fixed,A_b20,50,0.2,0.15,612.8146853146853,0.0993006993006992,0.8076923076923077,0.0828877005347593,750.0,-137.18531468531467
LR,holdout,0,fixed,B_r05,5,,0.02,10.0,0.0,1.0,0.0,10.0,0.0
LR,holdout,0,fixed,B_r05,5,,0.05,25.0,0.0,1.0,0.0,25.0,0.0
LR,holdout,0,fixed,B_r05,5,,0.1,50.0,0.0,1.0,0.0,50.0,0.0
LR,holdout,0,fixed,B_r05,5,,0.15,75.0,0.0,1.0,0.0,75.0,0.0
LR,holdout,0,fixed,B_r10,10,,0.02,20.0,0.0,1.0,0.0,20.0,0.0
LR,holdout,0,fixed,B_r10,10,,0.05,50.0,0.0,1.0,0.0,50.0,0.0
LR,holdout,0,fixed,B_r10,10,,0.1,100.0,0.0,1.0,0.0,100.0,0.0
LR,holdout,0,fixed,B_r10,10,,0.15,150.0,0.0,1.0,0.0,150.0,0.0
LR,holdout,0,fixed,B_r20,20,,0.02,80.69806663924311,0.6977498971616619,0.3076923076923077,0.6978609625668449,40.0,40.69806663924311
LR,holdout,0,fixed,B_r20,20,,0.05,97.06602221308104,0.6975832990538873,0.3076923076923077,0.6978609625668449,100.0,-2.933977786918959
LR,holdout,0,fixed,B_r20,20,,0.1,124.34594816947757,0.6973056355409296,0.3076923076923077,0.6978609625668449,200.0,-75.65405183052243
LR,holdout,0,fixed,B_r20,20,,0.15,151.6258741258741,0.697027972027972,0.3076923076923077,0.6978609625668449,300.0,-148.3741258741259
LR,holdout,0,fixed,B_r50,50,,0.02,90.57877416700946,0.8865569724393254,0.0384615384615384,0.8850267379679144,100.0,-9.421225832990544
LR,holdout,0,fixed,B_r50,50,,0.05,93.69292472233649,0.8888523241464418,0.0384615384615384,0.8850267379679144,250.0,-156.3070752776635
LR,holdout,0,fixed,B_r50,50,,0.1,98.8831756478815,0.8926779103249691,0.0384615384615384,0.8850267379679144,500.0,-401.1168243521185
LR,holdout,0,fixed,B_r50,50,,0.15,104.07342657342652,0.8965034965034964,0.0384615384615384,0.8850267379679144,750.0,-645.9265734265734
LR,holdout,0,fixed,C_b01_r05,5,0.01,0.02,10.0,0.0,1.0,0.0,10.0,0.0
LR,holdout,0,fixed,C_b01_r05,5,0.01,0.05,25.0,0.0,1.0,0.0,25.0,0.0
LR,holdout,0,fixed,C_b01_r05,5,0.01,0.1,50.0,0.0,1.0,0.0,50.0,0.0
LR,holdout,0,fixed,C_b01_r05,5,0.01,0.15,75.0,0.0,1.0,0.0,75.0,0.0
LR,holdout,0,fixed,C_b01_r10,10,0.01,0.02,20.0,0.0,1.0,0.0,20.0,0.0
LR,holdout,0,fixed,C_b01_r10,10,0.01,0.05,50.0,0.0,1.0,0.0,50.0,0.0
LR,holdout,0,fixed,C_b01_r10,10,0.01,0.1,100.0,0.0,1.0,0.0,100.0,0.0
LR,holdout,0,fixed,C_b01_r10,10,0.01,0.15,150.0,0.0,1.0,0.0,150.0,0.0
LR,holdout,0,fixed,C_b01_r20,20,0.01,0.02,40.0,0.0,1.0,0.0,40.0,0.0
LR,holdout,0,fixed,C_b01_r20,20,0.01,0.05,100.0,0.0,1.0,0.0,100.0,0.0
LR,holdout,0,fixed,C_b01_r20,20,0.01,0.1,200.0,0.0,1.0,0.0,200.0,0.0
LR,holdout,0,fixed,C_b01_r20,20,0.01,0.15,300.0,0.0,1.0,0.0,300.0,0.0
LR,holdout,0,fixed,C_b01_r50,50,0.01,0.02,100.0,0.0,1.0,0.0,100.0,0.0
LR,holdout,0,fixed,C_b01_r50,50,0.01,0.05,250.0,0.0,1.0,0.0,250.0,0.0
LR,holdout,0,fixed,C_b01_r50,50,0.01,0.1,500.0,0.0,1.0,0.0,500.0,0.0
LR,holdout,0,fixed,C_b01_r50,50,0.01,0.15,750.0,0.0,1.0,0.0,750.0,0.0
LR,holdout,0,fixed,C_b05_r05,5,0.05,0.02,10.0,0.0,1.0,0.0,10.0,0.0
LR,holdout,0,fixed,C_b05_r05,5,0.05,0.05,25.0,0.0,1.0,0.0,25.0,0.0
LR,holdout,0,fixed,C_b05_r05,5,0.05,0.1,50.0,0.0,1.0,0.0,50.0,0.0
LR,holdout,0,fixed,C_b05_r05,5,0.05,0.15,75.0,0.0,1.0,0.0,75.0,0.0
LR,holdout,0,fixed,C_b05_r10,10,0.05,0.02,20.0,0.0,1.0,0.0,20.0,0.0
LR,holdout,0,fixed,C_b05_r10,10,0.05,0.05,50.0,0.0,1.0,0.0,50.0,0.0
LR,holdout,0,fixed,C_b05_r10,10,0.05,0.1,100.0,0.0,1.0,0.0,100.0,0.0
LR,holdout,0,fixed,C_b05_r10,10,0.05,0.15,150.0,0.0,1.0,0.0,150.0,0.0
LR,holdout,0,fixed,C_b05_r20,20,0.05,0.02,40.0,0.0,1.0,0.0,40.0,0.0
LR,holdout,0,fixed,C_b05_r20,20,0.05,0.05,100.0,0.0,1.0,0.0,100.0,0.0
LR,holdout,0,fixed,C_b05_r20,20,0.05,0.1,200.0,0.0,1.0,0.0,200.0,0.0
LR,holdout,0,fixed,C_b05_r20,20,0.05,0.15,300.0,0.0,1.0,0.0,300.0,0.0
LR,holdout,0,fixed,C_b05_r50,50,0.05,0.02,100.0,0.0,1.0,0.0,100.0,0.0
LR,holdout,0,fixed,C_b05_r50,50,0.05,0.05,250.0,0.0,1.0,0.0,250.0,0.0
LR,holdout,0,fixed,C_b05_r50,50,0.05,0.1,500.0,0.0,1.0,0.0,500.0,0.0
LR,holdout,0,fixed,C_b05_r50,50,0.05,0.15,750.0,0.0,1.0,0.0,750.0,0.0
LR,holdout,0,fixed,C_b10_r05,5,0.1,0.02,10.0,0.0,1.0,0.0,10.0,0.0
LR,holdout,0,fixed,C_b10_r05,5,0.1,0.05,25.0,0.0,1.0,0.0,25.0,0.0
LR,holdout,0,fixed,C_b10_r05,5,0.1,0.1,50.0,0.0,1.0,0.0,50.0,0.0
LR,holdout,0,fixed,C_b10_r05,5,0.1,0.15,75.0,0.0,1.0,0.0,75.0,0.0
LR,holdout,0,fixed,C_b10_r10,10,0.1,0.02,20.0,0.0,1.0,0.0,20.0,0.0
LR,holdout,0,fixed,C_b10_r10,10,0.1,0.05,50.0,0.0,1.0,0.0,50.0,0.0
LR,holdout,0,fixed,C_b10_r10,10,0.1,0.1,100.0,0.0,1.0,0.0,100.0,0.0
LR,holdout,0,fixed,C_b10_r10,10,0.1,0.15,150.0,0.0,1.0,0.0,150.0,0.0
LR,holdout,0,fixed,C_b10_r20,20,0.1,0.02,40.0,0.0,1.0,0.0,40.0,0.0
LR,holdout,0,fixed,C_b10_r20,20,0.1,0.05,100.0,0.0,1.0,0.0,100.0,0.0
LR,holdout,0,fixed,C_b10_r20,20,0.1,0.1,200.0,0.0,1.0,0.0,200.0,0.0
LR,holdout,0,fixed,C_b10_r20,20,0.1,0.15,300.0,0.0,1.0,0.0,300.0,0.0
LR,holdout,0,fixed,C_b10_r50,50,0.1,0.02,91.21287535993416,0.0298210612916495,0.8846153846153846,0.0280748663101604,100.0,-8.78712464006584
LR,holdout,0,fixed,C_b10_r50,50,0.1,0.05,223.82095845331145,0.0324403537638831,0.8846153846153846,0.0280748663101604,250.0,-26.179041546688552
LR,holdout,0,fixed,C_b10_r50,50,0.1,0.1,444.8344302756068,0.0368058412176059,0.8846153846153846,0.0280748663101604,500.0,-55.16556972439321
LR,holdout,0,fixed,C_b10_r50,50,0.1,0.15,665.847902097902,0.0411713286713286,0.8846153846153846,0.0280748663101604,750.0,-84.15209790209803
LR,holdout,0,fixed,C_b20_r05,5,0.2,0.02,10.0,0.0,1.0,0.0,10.0,0.0
LR,holdout,0,fixed,C_b20_r05,5,0.2,0.05,25.0,0.0,1.0,0.0,25.0,0.0
LR,holdout,0,fixed,C_b20_r05,5,0.2,0.1,50.0,0.0,1.0,0.0,50.0,0.0
LR,holdout,0,fixed,C_b20_r05,5,0.2,0.15,75.0,0.0,1.0,0.0,75.0,0.0
LR,holdout,0,fixed,C_b20_r10,10,0.2,0.02,20.0,0.0,1.0,0.0,20.0,0.0
LR,holdout,0,fixed,C_b20_r10,10,0.2,0.05,50.0,0.0,1.0,0.0,50.0,0.0
LR,holdout,0,fixed,C_b20_r10,10,0.2,0.1,100.0,0.0,1.0,0.0,100.0,0.0
LR,holdout,0,fixed,C_b20_r10,10,0.2,0.15,150.0,0.0,1.0,0.0,150.0,0.0
LR,holdout,0,fixed,C_b20_r20,20,0.2,0.02,38.858494446729736,0.0693541752365281,0.8076923076923077,0.0668449197860962,40.0,-1.1415055532702638
LR,holdout,0,fixed,C_b20_r20,20,0.2,0.05,87.11949814890991,0.073118058412176,0.8076923076923077,0.0668449197860962,100.0,-12.880501851090088
LR,holdout,0,fixed,C_b20_r20,20,0.2,0.1,167.5545043192102,0.0793911970382558,0.8076923076923077,0.0668449197860962,200.0,-32.445495680789804
LR,holdout,0,fixed,C_b20_r20,20,0.2,0.15,247.9895104895105,0.0856643356643356,0.8076923076923077,0.0668449197860962,300.0,-52.01048951048949
LR,holdout,0,fixed,C_b20_r50,50,0.2,0.02,87.3200329082682,0.0693541752365281,0.8076923076923077,0.0668449197860962,100.0,-12.679967091731797
LR,holdout,0,fixed,C_b20_r50,50,0.2,0.05,208.27334430275607,0.073118058412176,0.8076923076923077,0.0668449197860962,250.0,-41.72665569724393
LR,holdout,0,fixed,C_b20_r50,50,0.2,0.1,409.8621966269025,0.0793911970382558,0.8076923076923077,0.0668449197860962,500.0,-90.13780337309748
LR,holdout,0,fixed,C_b20_r50,50,0.2,0.15,611.451048951049,0.0856643356643356,0.8076923076923077,0.0668449197860962,750.0,-138.54895104895104
LR,holdout,0,fixed,TopK_b01,5,0.01,0.02,9.885849444672973,0.0080892636774989,0.9230769230769232,0.0066844919786096,10.0,-0.11415055532702745
LR,holdout,0,fixed,TopK_b01,5,0.01,0.05,23.711949814890996,0.0101964212258329,0.9230769230769232,0.0066844919786096,25.0,-1.2880501851090038
LR,holdout,0,fixed,TopK_b01,5,0.01,0.1,46.75545043192103,0.0137083504730563,0.9230769230769232,0.0066844919786096,50.0,-3.2445495680789733
LR,holdout,0,fixed,TopK_b01,5,0.01,0.15,69.79895104895105,0.0172202797202796,0.9230769230769232,0.0066844919786096,75.0,-5.201048951048946
LR,holdout,0,fixed,TopK_b01,10,0.01,0.02,19.116618675442208,0.0080892636774989,0.9230769230769232,0.0066844919786096,20.0,-0.8833813245577922
LR,holdout,0,fixed,TopK_b01,10,0.01,0.05,46.78887289181407,0.0101964212258329,0.9230769230769232,0.0066844919786096,50.0,-3.211127108185927
LR,holdout,0,fixed,TopK_b01,10,0.01,0.1,92.90929658576718,0.0137083504730563,0.9230769230769232,0.0066844919786096,100.0,-7.09070341423282
LR,holdout,0,fixed,TopK_b01,10,0.01,0.15,139.0297202797203,0.0172202797202796,0.9230769230769232,0.0066844919786096,150.0,-10.970279720279706
LR,holdout,0,fixed,TopK_b01,20,0.01,0.02,37.57815713698067,0.0080892636774989,0.9230769230769232,0.0066844919786096,40.0,-2.4218428630193287
LR,holdout,0,fixed,TopK_b01,20,0.01,0.05,92.94271904566024,0.0101964212258329,0.9230769230769232,0.0066844919786096,100.0,-7.05728095433976
LR,holdout,0,fixed,TopK_b01,20,0.01,0.1,185.21698889345956,0.0137083504730563,0.9230769230769232,0.0066844919786096,200.0,-14.783011106540442
LR,holdout,0,fixed,TopK_b01,20,0.01,0.15,277.4912587412588,0.0172202797202796,0.9230769230769232,0.0066844919786096,300.0,-22.508741258741225
LR,holdout,0,fixed,TopK_b01,50,0.01,0.02,92.96277252159608,0.0080892636774989,0.9230769230769232,0.0066844919786096,100.0,-7.037227478403921
LR,holdout,0,fixed,TopK_b01,50,0.01,0.05,231.4042575071987,0.0101964212258329,0.9230769230769232,0.0066844919786096,250.0,-18.595742492801293
LR,holdout,0,fixed,TopK_b01,50,0.01,0.1,462.1400658165364,0.0137083504730563,0.9230769230769232,0.0066844919786096,500.0,-37.85993418346362
LR,holdout,0,fixed,TopK_b01,50,0.01,0.15,692.8758741258742,0.0172202797202796,0.9230769230769232,0.0066844919786096,750.0,-57.12412587412575
LR,holdout,0,fixed,TopK_b05,5,0.05,0.02,13.43171534348004,0.0481633072809542,0.8846153846153846,0.0467914438502673,10.0,3.4317153434800396
LR,holdout,0,fixed,TopK_b05,5,0.05,0.05,26.560571781160007,0.0502211024269847,0.8846153846153846,0.0467914438502673,25.0,1.5605717811600073
LR,holdout,0,fixed,TopK_b05,5,0.05,0.1,48.44199917729329,0.0536507610037021,0.8846153846153846,0.0467914438502673,50.0,-1.5580008227067097
LR,holdout,0,fixed,TopK_b05,5,0.05,0.15,70.32342657342656,0.0570804195804195,0.8846153846153846,0.0467914438502673,75.0,-4.676573426573441
LR,holdout,0,fixed,TopK_b05,10,0.05,0.02,22.27786918963389,0.0481633072809542,0.8846153846153846,0.0467914438502673,20.0,2.27786918963389
LR,holdout,0,fixed,TopK_b05,10,0.05,0.05,48.67595639654462,0.0502211024269847,0.8846153846153846,0.0467914438502673,50.0,-1.3240436034553795
LR,holdout,0,fixed,TopK_b05,10,0.05,0.1,92.67276840806252,0.0536507610037021,0.8846153846153846,0.0467914438502673,100.0,-7.327231591937476
LR,holdout,0,fixed,TopK_b05,10,0.05,0.15,136.66958041958043,0.0570804195804195,0.8846153846153846,0.0467914438502673,150.0,-13.330419580419573
LR,holdout,0,fixed,TopK_b05,20,0.05,0.02,39.97017688194158,0.0481633072809542,0.8846153846153846,0.0467914438502673,40.0,-0.029823118058416753
LR,holdout,0,fixed,TopK_b05,20,0.05,0.05,92.90672562731386,0.0502211024269847,0.8846153846153846,0.0467914438502673,100.0,-7.093274372686139
LR,holdout,0,fixed,TopK_b05,20,0.05,0.1,181.13430686960095,0.0536507610037021,0.8846153846153846,0.0467914438502673,200.0,-18.865693130399052
LR,holdout,0,fixed,TopK_b05,20,0.05,0.15,269.3618881118881,0.0570804195804195,0.8846153846153846,0.0467914438502673,300.0,-30.638111888111894
LR,holdout,0,fixed,TopK_b05,50,0.05,0.02,93.04709995886464,0.0481633072809542,0.8846153846153846,0.0467914438502673,100.0,-6.952900041135365
LR,holdout,0,fixed,TopK_b05,50,0.05,0.05,225.59903331962155,0.0502211024269847,0.8846153846153846,0.0467914438502673,250.0,-24.400966680378446
LR,holdout,0,fixed,TopK_b05,50,0.05,0.1,446.5189222542164,0.0536507610037021,0.8846153846153846,0.0467914438502673,500.0,-53.48107774578358
LR,holdout,0,fixed,TopK_b05,50,0.05,0.15,667.4388111888112,0.0570804195804195,0.8846153846153846,0.0467914438502673,750.0,-82.5611888111888
LR,holdout,0,fixed,TopK_b10,5,0.1,0.02,17.51007815713698,0.0981777046482928,0.8076923076923077,0.0962566844919786,10.0,7.510078157136981
LR,holdout,0,fixed,TopK_b10,5,0.1,0.05,29.336692719045654,0.1010592348827642,0.8076923076923077,0.0962566844919786,25.0,4.336692719045654
LR,holdout,0,fixed,TopK_b10,5,0.1,0.1,49.047716988893455,0.1058617852735499,0.8076923076923077,0.0962566844919786,50.0,-0.9522830111065446
LR,holdout,0,fixed,TopK_b10,5,0.1,0.15,68.75874125874127,0.1106643356643356,0.8076923076923077,0.0962566844919786,75.0,-6.241258741258733
LR,holdout,0,fixed,TopK_b10,10,0.1,0.02,25.587001234060057,0.0981777046482928,0.8076923076923077,0.0962566844919786,20.0,5.587001234060057
LR,holdout,0,fixed,TopK_b10,10,0.1,0.05,49.52900041135335,0.1010592348827642,0.8076923076923077,0.0962566844919786,50.0,-0.4709995886466487
LR,holdout,0,fixed,TopK_b10,10,0.1,0.1,89.43233237350884,0.1058617852735499,0.8076923076923077,0.0962566844919786,100.0,-10.567667626491158
LR,holdout,0,fixed,TopK_b10,10,0.1,0.15,129.33566433566435,0.1106643356643356,0.8076923076923077,0.0962566844919786,150.0,-20.664335664335653
LR,holdout,0,fixed,TopK_b10,20,0.1,0.02,41.74084738790621,0.0981777046482928,0.8076923076923077,0.0962566844919786,40.0,1.7408473879062072
LR,holdout,0,fixed,TopK_b10,20,0.1,0.05,89.91361579596874,0.1010592348827642,0.8076923076923077,0.0962566844919786,100.0,-10.086384204031262
LR,holdout,0,fixed,TopK_b10,20,0.1,0.1,170.20156314273962,0.1058617852735499,0.8076923076923077,0.0962566844919786,200.0,-29.798436857260384
LR,holdout,0,fixed,TopK_b10,20,0.1,0.15,250.4895104895105,0.1106643356643356,0.8076923076923077,0.0962566844919786,300.0,-49.51048951048949
LR,holdout,0,fixed,TopK_b10,50,0.1,0.02,90.20238584944468,0.0981777046482928,0.8076923076923077,0.0962566844919786,100.0,-9.797614150555319
LR,holdout,0,fixed,TopK_b10,50,0.1,0.05,211.06746194981488,0.1010592348827642,0.8076923076923077,0.0962566844919786,250.0,-38.932538050185116
LR,holdout,0,fixed,TopK_b10,50,0.1,0.1,412.5092554504319,0.1058617852735499,0.8076923076923077,0.0962566844919786,500.0,-87.49074454956809
LR,holdout,0,fixed,TopK_b10,50,0.1,0.15,613.951048951049,0.1106643356643356,0.8076923076923077,0.0962566844919786,750.0,-136.04895104895104
LR,holdout,0,fixed,TopK_b20,5,0.2,0.02,27.082682023858496,0.1985191279308926,0.7692307692307693,0.1978609625668449,10.0,17.082682023858496
LR,holdout,0,fixed,TopK_b20,5,0.2,0.05,38.0275606746195,0.1995063759769642,0.7692307692307693,0.1978609625668449,25.0,13.027560674619501
LR,holdout,0,fixed,TopK_b20,5,0.2,0.1,56.2690250925545,0.2011517893870835,0.7692307692307693,0.1978609625668449,50.0,6.2690250925545
LR,holdout,0,fixed,TopK_b20,5,0.2,0.15,74.5104895104895,0.2027972027972027,0.7692307692307693,0.1978609625668449,75.0,-0.4895104895104936
LR,holdout,0,fixed,TopK_b20,10,0.2,0.02,34.77498971616618,0.1985191279308926,0.7692307692307693,0.1978609625668449,20.0,14.774989716166182
LR,holdout,0,fixed,TopK_b20,10,0.2,0.05,57.25832990538873,0.1995063759769642,0.7692307692307693,0.1978609625668449,50.0,7.258329905388727
LR,holdout,0,fixed,TopK_b20,10,0.2,0.1,94.73056355409295,0.2011517893870835,0.7692307692307693,0.1978609625668449,100.0,-5.269436445907047
LR,holdout,0,fixed,TopK_b20,10,0.2,0.15,132.20279720279723,0.2027972027972027,0.7692307692307693,0.1978609625668449,150.0,-17.79720279720277
LR,holdout,0,fixed,TopK_b20,20,0.2,0.02,50.15960510078157,0.1985191279308926,0.7692307692307693,0.1978609625668449,40.0,10.159605100781569
LR,holdout,0,fixed,TopK_b20,20,0.2,0.05,95.7198683669272,0.1995063759769642,0.7692307692307693,0.1978609625668449,100.0,-4.2801316330727985
LR,holdout,0,fixed,TopK_b20,20,0.2,0.1,171.6536404771699,0.2011517893870835,0.7692307692307693,0.1978609625668449,200.0,-28.346359522830113
LR,holdout,0,fixed,TopK_b20,20,0.2,0.15,247.5874125874126,0.2027972027972027,0.7692307692307693,0.1978609625668449,300.0,-52.41258741258741
LR,holdout,0,fixed,TopK_b20,50,0.2,0.02,96.31345125462772,0.1985191279308926,0.7692307692307693,0.1978609625668449,100.0,-3.686548745372278
LR,holdout,0,fixed,TopK_b20,50,0.2,0.05,211.10448375154252,0.1995063759769642,0.7692307692307693,0.1978609625668449,250.0,-38.89551624845748
LR,holdout,0,fixed,TopK_b20,50,0.2,0.1,402.4228712464007,0.2011517893870835,0.7692307692307693,0.1978609625668449,500.0,-97.57712875359931
LR,holdout,0,fixed,TopK_b20,50,0.2,0.15,593.7412587412587,0.2027972027972027,0.7692307692307693,0.1978609625668449,750.0,-156.25874125874134
LR,holdout,0,refitted,none,5,,0.02,10.0,0.0,1.0,0.0,10.0,0.0
LR,holdout,0,refitted,none,5,,0.05,25.0,0.0,1.0,0.0,25.0,0.0
LR,holdout,0,refitted,none,5,,0.1,50.0,0.0,1.0,0.0,50.0,0.0
LR,holdout,0,refitted,none,5,,0.15,75.0,0.0,1.0,0.0,75.0,0.0
LR,holdout,0,refitted,none,10,,0.02,20.0,0.0,1.0,0.0,20.0,0.0
LR,holdout,0,refitted,none,10,,0.05,50.0,0.0,1.0,0.0,50.0,0.0
LR,holdout,0,refitted,none,10,,0.1,100.0,0.0,1.0,0.0,100.0,0.0
LR,holdout,0,refitted,none,10,,0.15,150.0,0.0,1.0,0.0,150.0,0.0
LR,holdout,0,refitted,none,20,,0.02,40.0,0.0,1.0,0.0,40.0,0.0
LR,holdout,0,refitted,none,20,,0.05,100.0,0.0,1.0,0.0,100.0,0.0
LR,holdout,0,refitted,none,20,,0.1,200.0,0.0,1.0,0.0,200.0,0.0
LR,holdout,0,refitted,none,20,,0.15,300.0,0.0,1.0,0.0,300.0,0.0
LR,holdout,0,refitted,none,50,,0.02,100.0,0.0,1.0,0.0,100.0,0.0
LR,holdout,0,refitted,none,50,,0.05,250.0,0.0,1.0,0.0,250.0,0.0
LR,holdout,0,refitted,none,50,,0.1,500.0,0.0,1.0,0.0,500.0,0.0
LR,holdout,0,refitted,none,50,,0.15,750.0,0.0,1.0,0.0,750.0,0.0
LR,holdout,0,refitted,A_b01,5,0.01,0.02,9.615384615384617,0.0007692307692307,0.9615384615384616,0.0,10.0,-0.38461538461538325
LR,holdout,0,refitted,A_b01,5,0.01,0.05,24.03846153846154,0.0019230769230769,0.9615384615384616,0.0,25.0,-0.9615384615384599
LR,holdout,0,refitted,A_b01,5,0.01,0.1,48.07692307692308,0.0038461538461538,0.9615384615384616,0.0,50.0,-1.9230769230769198
LR,holdout,0,refitted,A_b01,5,0.01,0.15,72.11538461538461,0.0057692307692307,0.9615384615384616,0.0,75.0,-2.884615384615387
LR,holdout,0,refitted,A_b01,10,0.01,0.02,19.230769230769237,0.0007692307692307,0.9615384615384616,0.0,20.0,-0.769230769230763
LR,holdout,0,refitted,A_b01,10,0.01,0.05,48.07692307692308,0.0019230769230769,0.9615384615384616,0.0,50.0,-1.9230769230769198
LR,holdout,0,refitted,A_b01,10,0.01,0.1,96.15384615384616,0.0038461538461538,0.9615384615384616,0.0,100.0,-3.8461538461538396
LR,holdout,0,refitted,A_b01,10,0.01,0.15,144.23076923076923,0.0057692307692307,0.9615384615384616,0.0,150.0,-5.769230769230774
LR,holdout,0,refitted,A_b01,20,0.01,0.02,38.46153846153847,0.0007692307692307,0.9615384615384616,0.0,40.0,-1.538461538461533
LR,holdout,0,refitted,A_b01,20,0.01,0.05,96.15384615384616,0.0019230769230769,0.9615384615384616,0.0,100.0,-3.8461538461538396
LR,holdout,0,refitted,A_b01,20,0.01,0.1,192.30769230769232,0.0038461538461538,0.9615384615384616,0.0,200.0,-7.692307692307679
LR,holdout,0,refitted,A_b01,20,0.01,0.15,288.46153846153845,0.0057692307692307,0.9615384615384616,0.0,300.0,-11.538461538461547
LR,holdout,0,refitted,A_b01,50,0.01,0.02,96.15384615384616,0.0007692307692307,0.9615384615384616,0.0,100.0,-3.8461538461538396
LR,holdout,0,refitted,A_b01,50,0.01,0.05,240.3846153846154,0.0019230769230769,0.9615384615384616,0.0,250.0,-9.615384615384613
LR,holdout,0,refitted,A_b01,50,0.01,0.1,480.7692307692308,0.0038461538461538,0.9615384615384616,0.0,500.0,-19.230769230769226
LR,holdout,0,refitted,A_b01,50,0.01,0.15,721.1538461538462,0.0057692307692307,0.9615384615384616,0.0,750.0,-28.84615384615381
LR,holdout,0,refitted,A_b05,5,0.05,0.02,10.13944878650761,0.0060098724804607,0.9615384615384616,0.0053475935828877,10.0,0.13944878650761083
LR,holdout,0,refitted,A_b05,5,0.05,0.05,24.546482928835868,0.0070032908268202,0.9615384615384616,0.0053475935828877,25.0,-0.4535170711641321
LR,holdout,0,refitted,A_b05,5,0.05,0.1,48.55820649938297,0.0086589880707527,0.9615384615384616,0.0053475935828877,50.0,-1.441793500617031
LR,holdout,0,refitted,A_b05,5,0.05,0.15,72.56993006993007,0.0103146853146853,0.9615384615384616,0.0053475935828877,75.0,-2.4300699300699335
LR,holdout,0,refitted,A_b05,10,0.05,0.02,19.754833401892228,0.0060098724804607,0.9615384615384616,0.0053475935828877,20.0,-0.24516659810777242
LR,holdout,0,refitted,A_b05,10,0.05,0.05,48.58494446729741,0.0070032908268202,0.9615384615384616,0.0053475935828877,50.0,-1.4150555327025884
LR,holdout,0,refitted,A_b05,10,0.05,0.1,96.63512957630604,0.0086589880707527,0.9615384615384616,0.0053475935828877,100.0,-3.364870423693958
LR,holdout,0,refitted,A_b05,10,0.05,0.15,144.6853146853147,0.0103146853146853,0.9615384615384616,0.0053475935828877,150.0,-5.314685314685306
LR,holdout,0,refitted,A_b05,20,0.05,0.02,38.98560263266146,0.0060098724804607,0.9615384615384616,0.0053475935828877,40.0,-1.014397367338539
LR,holdout,0,refitted,A_b05,20,0.05,0.05,96.6618675442205,0.0070032908268202,0.9615384615384616,0.0053475935828877,100.0,-3.338132455779501
LR,holdout,0,refitted,A_b05,20,0.05,0.1,192.7889757301522,0.0086589880707527,0.9615384615384616,0.0053475935828877,200.0,-7.2110242698477975
LR,holdout,0,refitted,A_b05,20,0.05,0.15,288.9160839160839,0.0103146853146853,0.9615384615384616,0.0053475935828877,300.0,-11.083916083916108
LR,holdout,0,refitted,A_b05,50,0.05,0.02,96.67791032496916,0.0060098724804607,0.9615384615384616,0.0053475935828877,100.0,-3.3220896750308384
LR,holdout,0,refitted,A_b05,50,0.05,0.05,240.89263677498968,0.0070032908268202,0.9615384615384616,0.0053475935828877,250.0,-9.107363225010317
LR,holdout,0,refitted,A_b05,50,0.05,0.1,481.2505141916906,0.0086589880707527,0.9615384615384616,0.0053475935828877,500.0,-18.749485808309373
LR,holdout,0,refitted,A_b05,50,0.05,0.15,721.6083916083917,0.0103146853146853,0.9615384615384616,0.0053475935828877,750.0,-28.391608391608315
LR,holdout,0,refitted,A_b10,5,0.1,0.02,10.67194570135746,0.0159502262443438,0.9230769230769232,0.0147058823529411,10.0,0.6719457013574601
LR,holdout,0,refitted,A_b10,5,0.1,0.05,24.47398190045249,0.0178167420814478,0.9230769230769232,0.0147058823529411,25.0,-0.5260180995475103
LR,holdout,0,refitted,A_b10,5,0.1,0.1,47.47737556561086,0.0209276018099546,0.9230769230769232,0.0147058823529411,50.0,-2.5226244343891366
LR,holdout,0,refitted,A_b10,5,0.1,0.15,70.48076923076924,0.0240384615384614,0.9230769230769232,0.0147058823529411,75.0,-4.519230769230759
LR,holdout,0,refitted,A_b10,10,0.1,0.02,19.902714932126692,0.0159502262443438,0.9230769230769232,0.0147058823529411,20.0,-0.09728506787330815
LR,holdout,0,refitted,A_b10,10,0.1,0.05,47.550904977375566,0.0178167420814478,0.9230769230769232,0.0147058823529411,50.0,-2.4490950226244337
LR,holdout,0,refitted,A_b10,10,0.1,0.1,93.63122171945705,0.0209276018099546,0.9230769230769232,0.0147058823529411,100.0,-6.368778280542955
LR,holdout,0,refitted,A_b10,10,0.1,0.15,139.71153846153848,0.0240384615384614,0.9230769230769232,0.0147058823529411,150.0,-10.288461538461519
LR,holdout,0,refitted,A_b10,20,0.1,0.02,38.36425339366516,0.0159502262443438,0.9230769230769232,0.0147058823529411,40.0,-1.6357466063348411
LR,holdout,0,refitted,A_b10,20,0.1,0.05,93.70475113122173,0.0178167420814478,0.9230769230769232,0.0147058823529411,100.0,-6.295248868778273
LR,holdout,0,refitted,A_b10,20,0.1,0.1,185.9389140271493,0.0209276018099546,0.9230769230769232,0.0147058823529411,200.0,-14.061085972850691
LR,holdout,0,refitted,A_b10,20,0.1,0.15,278.1730769230769,0.0240384615384614,0.9230769230769232,0.0147058823529411,300.0,-21.826923076923094
LR,holdout,0,refitted,A_b10,50,0.1,0.02,93.74886877828057,0.0159502262443438,0.9230769230769232,0.0147058823529411,100.0,-6.251131221719433
LR,holdout,0,refitted,A_b10,50,0.1,0.05,232.16628959276017,0.0178167420814478,0.9230769230769232,0.0147058823529411,250.0,-17.833710407239835
LR,holdout,0,refitted,A_b10,50,0.1,0.1,462.86199095022624,0.0209276018099546,0.9230769230769232,0.0147058823529411,500.0,-37.13800904977376
LR,holdout,0,refitted,A_b10,50,0.1,0.15,693.5576923076925,0.0240384615384614,0.9230769230769232,0.0147058823529411,750.0,-56.44230769230751
LR,holdout,0,refitted,A_b20,5,0.2,0.02,15.003907856849024,0.0638852324146441,0.8846153846153846,0.0628342245989304,10.0,5.003907856849024
LR,holdout,0,refitted,A_b20,5,0.2,0.05,28.084635952283,0.0654617441382146,0.8846153846153846,0.0628342245989304,25.0,3.0846359522830014
LR,holdout,0,refitted,A_b20,5,0.2,0.1,49.88584944467296,0.0680892636774989,0.8846153846153846,0.0628342245989304,50.0,-0.11415055532704343
LR,holdout,0,refitted,A_b20,5,0.2,0.15,71.68706293706293,0.0707167832167831,0.8846153846153846,0.0628342245989304,75.0,-3.312937062937067
LR,holdout,0,refitted,A_b20,10,0.2,0.02,23.850061703002872,0.0638852324146441,0.8846153846153846,0.0628342245989304,20.0,3.850061703002872
LR,holdout,0,refitted,A_b20,10,0.2,0.05,50.200020567667615,0.0654617441382146,0.8846153846153846,0.0628342245989304,50.0,0.20002056766761456
LR,holdout,0,refitted,A_b20,10,0.2,0.1,94.1166186754422,0.0680892636774989,0.8846153846153846,0.0628342245989304,100.0,-5.883381324557803
LR,holdout,0,refitted,A_b20,10,0.2,0.15,138.03321678321677,0.0707167832167831,0.8846153846153846,0.0628342245989304,150.0,-11.966783216783227
LR,holdout,0,refitted,A_b20,20,0.2,0.02,41.542369395310565,0.0638852324146441,0.8846153846153846,0.0628342245989304,40.0,1.5423693953105655
LR,holdout,0,refitted,A_b20,20,0.2,0.05,94.43078979843683,0.0654617441382146,0.8846153846153846,0.0628342245989304,100.0,-5.569210201563166
LR,holdout,0,refitted,A_b20,20,0.2,0.1,182.57815713698065,0.0680892636774989,0.8846153846153846,0.0628342245989304,200.0,-17.42184286301935
LR,holdout,0,refitted,A_b20,20,0.2,0.15,270.7255244755244,0.0707167832167831,0.8846153846153846,0.0628342245989304,300.0,-29.274475524475577
LR,holdout,0,refitted,A_b20,50,0.2,0.02,94.61929247223364,0.0638852324146441,0.8846153846153846,0.0628342245989304,100.0,-5.380707527766361
LR,holdout,0,refitted,A_b20,50,0.2,0.05,227.12309749074456,0.0654617441382146,0.8846153846153846,0.0628342245989304,250.0,-22.876902509255444
LR,holdout,0,refitted,A_b20,50,0.2,0.1,447.9627725215961,0.0680892636774989,0.8846153846153846,0.0628342245989304,500.0,-52.037227478403906
LR,holdout,0,refitted,A_b20,50,0.2,0.15,668.8024475524476,0.0707167832167831,0.8846153846153846,0.0628342245989304,750.0,-81.19755244755243
LR,holdout,0,refitted,B_r05,5,,0.02,10.0,0.0,1.0,0.0,10.0,0.0
LR,holdout,0,refitted,B_r05,5,,0.05,25.0,0.0,1.0,0.0,25.0,0.0
LR,holdout,0,refitted,B_r05,5,,0.1,50.0,0.0,1.0,0.0,50.0,0.0
LR,holdout,0,refitted,B_r05,5,,0.15,75.0,0.0,1.0,0.0,75.0,0.0
LR,holdout,0,refitted,B_r10,10,,0.02,20.0,0.0,1.0,0.0,20.0,0.0
LR,holdout,0,refitted,B_r10,10,,0.05,50.0,0.0,1.0,0.0,50.0,0.0
LR,holdout,0,refitted,B_r10,10,,0.1,100.0,0.0,1.0,0.0,100.0,0.0
LR,holdout,0,refitted,B_r10,10,,0.15,150.0,0.0,1.0,0.0,150.0,0.0
LR,holdout,0,refitted,B_r20,20,,0.02,77.10098724804607,0.7587021801727684,0.0769230769230769,0.7553475935828877,40.0,37.10098724804607
LR,holdout,0,refitted,B_r20,20,,0.05,79.45032908268202,0.7637340600575895,0.0769230769230769,0.7553475935828877,100.0,-20.549670917317982
LR,holdout,0,refitted,B_r20,20,,0.1,83.36589880707528,0.7721205265322912,0.0769230769230769,0.7553475935828877,200.0,-116.63410119292472
LR,holdout,0,refitted,B_r20,20,,0.15,87.28146853146853,0.780506993006993,0.0769230769230769,0.7553475935828877,300.0,-212.71853146853147
LR,holdout,0,refitted,B_r50,50,,0.02,93.1990950226244,0.912760180995475,0.0384615384615384,0.9117647058823528,100.0,-6.800904977375595
LR,holdout,0,refitted,B_r50,50,,0.05,96.23303167420812,0.9142533936651582,0.0384615384615384,0.9117647058823528,250.0,-153.76696832579188
LR,holdout,0,refitted,B_r50,50,,0.1,101.28959276018097,0.9167420814479637,0.0384615384615384,0.9117647058823528,500.0,-398.710407239819
LR,holdout,0,refitted,B_r50,50,,0.15,106.34615384615378,0.9192307692307692,0.0384615384615384,0.9117647058823528,750.0,-643.6538461538462
LR,holdout,0,refitted,C_b01_r05,5,0.01,0.02,10.0,0.0,1.0,0.0,10.0,0.0
LR,holdout,0,refitted,C_b01_r05,5,0.01,0.05,25.0,0.0,1.0,0.0,25.0,0.0
LR,holdout,0,refitted,C_b01_r05,5,0.01,0.1,50.0,0.0,1.0,0.0,50.0,0.0
LR,holdout,0,refitted,C_b01_r05,5,0.01,0.15,75.0,0.0,1.0,0.0,75.0,0.0
LR,holdout,0,refitted,C_b01_r10,10,0.01,0.02,20.0,0.0,1.0,0.0,20.0,0.0
LR,holdout,0,refitted,C_b01_r10,10,0.01,0.05,50.0,0.0,1.0,0.0,50.0,0.0
LR,holdout,0,refitted,C_b01_r10,10,0.01,0.1,100.0,0.0,1.0,0.0,100.0,0.0
LR,holdout,0,refitted,C_b01_r10,10,0.01,0.15,150.0,0.0,1.0,0.0,150.0,0.0
LR,holdout,0,refitted,C_b01_r20,20,0.01,0.02,40.0,0.0,1.0,0.0,40.0,0.0
LR,holdout,0,refitted,C_b01_r20,20,0.01,0.05,100.0,0.0,1.0,0.0,100.0,0.0
LR,holdout,0,refitted,C_b01_r20,20,0.01,0.1,200.0,0.0,1.0,0.0,200.0,0.0
LR,holdout,0,refitted,C_b01_r20,20,0.01,0.15,300.0,0.0,1.0,0.0,300.0,0.0
LR,holdout,0,refitted,C_b01_r50,50,0.01,0.02,100.0,0.0,1.0,0.0,100.0,0.0
LR,holdout,0,refitted,C_b01_r50,50,0.01,0.05,250.0,0.0,1.0,0.0,250.0,0.0
LR,holdout,0,refitted,C_b01_r50,50,0.01,0.1,500.0,0.0,1.0,0.0,500.0,0.0
LR,holdout,0,refitted,C_b01_r50,50,0.01,0.15,750.0,0.0,1.0,0.0,750.0,0.0
LR,holdout,0,refitted,C_b05_r05,5,0.05,0.02,10.0,0.0,1.0,0.0,10.0,0.0
LR,holdout,0,refitted,C_b05_r05,5,0.05,0.05,25.0,0.0,1.0,0.0,25.0,0.0
LR,holdout,0,refitted,C_b05_r05,5,0.05,0.1,50.0,0.0,1.0,0.0,50.0,0.0
LR,holdout,0,refitted,C_b05_r05,5,0.05,0.15,75.0,0.0,1.0,0.0,75.0,0.0
LR,holdout,0,refitted,C_b05_r10,10,0.05,0.02,20.0,0.0,1.0,0.0,20.0,0.0
LR,holdout,0,refitted,C_b05_r10,10,0.05,0.05,50.0,0.0,1.0,0.0,50.0,0.0
LR,holdout,0,refitted,C_b05_r10,10,0.05,0.1,100.0,0.0,1.0,0.0,100.0,0.0
LR,holdout,0,refitted,C_b05_r10,10,0.05,0.15,150.0,0.0,1.0,0.0,150.0,0.0
LR,holdout,0,refitted,C_b05_r20,20,0.05,0.02,40.0,0.0,1.0,0.0,40.0,0.0
LR,holdout,0,refitted,C_b05_r20,20,0.05,0.05,100.0,0.0,1.0,0.0,100.0,0.0
LR,holdout,0,refitted,C_b05_r20,20,0.05,0.1,200.0,0.0,1.0,0.0,200.0,0.0
LR,holdout,0,refitted,C_b05_r20,20,0.05,0.15,300.0,0.0,1.0,0.0,300.0,0.0
LR,holdout,0,refitted,C_b05_r50,50,0.05,0.02,100.0,0.0,1.0,0.0,100.0,0.0
LR,holdout,0,refitted,C_b05_r50,50,0.05,0.05,250.0,0.0,1.0,0.0,250.0,0.0
LR,holdout,0,refitted,C_b05_r50,50,0.05,0.1,500.0,0.0,1.0,0.0,500.0,0.0
LR,holdout,0,refitted,C_b05_r50,50,0.05,0.15,750.0,0.0,1.0,0.0,750.0,0.0
LR,holdout,0,refitted,C_b10_r05,5,0.1,0.02,10.0,0.0,1.0,0.0,10.0,0.0
LR,holdout,0,refitted,C_b10_r05,5,0.1,0.05,25.0,0.0,1.0,0.0,25.0,0.0
LR,holdout,0,refitted,C_b10_r05,5,0.1,0.1,50.0,0.0,1.0,0.0,50.0,0.0
LR,holdout,0,refitted,C_b10_r05,5,0.1,0.15,75.0,0.0,1.0,0.0,75.0,0.0
LR,holdout,0,refitted,C_b10_r10,10,0.1,0.02,20.0,0.0,1.0,0.0,20.0,0.0
LR,holdout,0,refitted,C_b10_r10,10,0.1,0.05,50.0,0.0,1.0,0.0,50.0,0.0
LR,holdout,0,refitted,C_b10_r10,10,0.1,0.1,100.0,0.0,1.0,0.0,100.0,0.0
LR,holdout,0,refitted,C_b10_r10,10,0.1,0.15,150.0,0.0,1.0,0.0,150.0,0.0
LR,holdout,0,refitted,C_b10_r20,20,0.1,0.02,40.0,0.0,1.0,0.0,40.0,0.0
LR,holdout,0,refitted,C_b10_r20,20,0.1,0.05,100.0,0.0,1.0,0.0,100.0,0.0
LR,holdout,0,refitted,C_b10_r20,20,0.1,0.1,200.0,0.0,1.0,0.0,200.0,0.0
LR,holdout,0,refitted,C_b10_r20,20,0.1,0.15,300.0,0.0,1.0,0.0,300.0,0.0
LR,holdout,0,refitted,C_b10_r50,50,0.1,0.02,92.96277252159608,0.0080892636774989,0.9230769230769232,0.0066844919786096,100.0,-7.037227478403921
LR,holdout,0,refitted,C_b10_r50,50,0.1,0.05,231.4042575071987,0.0101964212258329,0.9230769230769232,0.0066844919786096,250.0,-18.595742492801293
LR,holdout,0,refitted,C_b10_r50,50,0.1,0.1,462.1400658165364,0.0137083504730563,0.9230769230769232,0.0066844919786096,500.0,-37.85993418346362
LR,holdout,0,refitted,C_b10_r50,50,0.1,0.15,692.8758741258742,0.0172202797202796,0.9230769230769232,0.0066844919786096,750.0,-57.12412587412575
LR,holdout,0,refitted,C_b20_r05,5,0.2,0.02,10.0,0.0,1.0,0.0,10.0,0.0
LR,holdout,0,refitted,C_b20_r05,5,0.2,0.05,25.0,0.0,1.0,0.0,25.0,0.0
LR,holdout,0,refitted,C_b20_r05,5,0.2,0.1,50.0,0.0,1.0,0.0,50.0,0.0
LR,holdout,0,refitted,C_b20_r05,5,0.2,0.15,75.0,0.0,1.0,0.0,75.0,0.0
LR,holdout,0,refitted,C_b20_r10,10,0.2,0.02,20.0,0.0,1.0,0.0,20.0,0.0
LR,holdout,0,refitted,C_b20_r10,10,0.2,0.05,50.0,0.0,1.0,0.0,50.0,0.0
LR,holdout,0,refitted,C_b20_r10,10,0.2,0.1,100.0,0.0,1.0,0.0,100.0,0.0
LR,holdout,0,refitted,C_b20_r10,10,0.2,0.15,150.0,0.0,1.0,0.0,150.0,0.0
LR,holdout,0,refitted,C_b20_r20,20,0.2,0.02,39.57712875359935,0.0442328259975318,0.8846153846153846,0.0427807486631016,40.0,-0.42287124640065343
LR,holdout,0,refitted,C_b20_r20,20,0.2,0.05,92.52570958453312,0.0464109419991772,0.8846153846153846,0.0427807486631016,100.0,-7.474290415466882
LR,holdout,0,refitted,C_b20_r20,20,0.2,0.1,180.77334430275607,0.0500411353352529,0.8846153846153846,0.0427807486631016,200.0,-19.226655697243928
LR,holdout,0,refitted,C_b20_r20,20,0.2,0.15,269.020979020979,0.0536713286713286,0.8846153846153846,0.0427807486631016,300.0,-30.979020979021016
LR,holdout,0,refitted,C_b20_r50,50,0.2,0.02,92.6540518305224,0.0442328259975318,0.8846153846153846,0.0427807486631016,100.0,-7.3459481694775945
LR,holdout,0,refitted,C_b20_r50,50,0.2,0.05,225.2180172768408,0.0464109419991772,0.8846153846153846,0.0427807486631016,250.0,-24.78198272315919
LR,holdout,0,refitted,C_b20_r50,50,0.2,0.1,446.1579596873714,0.0500411353352529,0.8846153846153846,0.0427807486631016,500.0,-53.842040312628626
LR,holdout,0,refitted,C_b20_r50,50,0.2,0.15,667.0979020979021,0.0536713286713286,0.8846153846153846,0.0427807486631016,750.0,-82.90209790209792
LR,holdout,0,refitted,TopK_b01,5,0.01,0.02,9.885849444672973,0.0080892636774989,0.9230769230769232,0.0066844919786096,10.0,-0.11415055532702745
LR,holdout,0,refitted,TopK_b01,5,0.01,0.05,23.711949814890996,0.0101964212258329,0.9230769230769232,0.0066844919786096,25.0,-1.2880501851090038
LR,holdout,0,refitted,TopK_b01,5,0.01,0.1,46.75545043192103,0.0137083504730563,0.9230769230769232,0.0066844919786096,50.0,-3.2445495680789733
LR,holdout,0,refitted,TopK_b01,5,0.01,0.15,69.79895104895105,0.0172202797202796,0.9230769230769232,0.0066844919786096,75.0,-5.201048951048946
LR,holdout,0,refitted,TopK_b01,10,0.01,0.02,19.116618675442208,0.0080892636774989,0.9230769230769232,0.0066844919786096,20.0,-0.8833813245577922
LR,holdout,0,refitted,TopK_b01,10,0.01,0.05,46.78887289181407,0.0101964212258329,0.9230769230769232,0.0066844919786096,50.0,-3.211127108185927
LR,holdout,0,refitted,TopK_b01,10,0.01,0.1,92.90929658576718,0.0137083504730563,0.9230769230769232,0.0066844919786096,100.0,-7.09070341423282
LR,holdout,0,refitted,TopK_b01,10,0.01,0.15,139.0297202797203,0.0172202797202796,0.9230769230769232,0.0066844919786096,150.0,-10.970279720279706
LR,holdout,0,refitted,TopK_b01,20,0.01,0.02,37.57815713698067,0.0080892636774989,0.9230769230769232,0.0066844919786096,40.0,-2.4218428630193287
LR,holdout,0,refitted,TopK_b01,20,0.01,0.05,92.94271904566024,0.0101964212258329,0.9230769230769232,0.0066844919786096,100.0,-7.05728095433976
LR,holdout,0,refitted,TopK_b01,20,0.01,0.1,185.21698889345956,0.0137083504730563,0.9230769230769232,0.0066844919786096,200.0,-14.783011106540442
LR,holdout,0,refitted,TopK_b01,20,0.01,0.15,277.4912587412588,0.0172202797202796,0.9230769230769232,0.0066844919786096,300.0,-22.508741258741225
LR,holdout,0,refitted,TopK_b01,50,0.01,0.02,92.96277252159608,0.0080892636774989,0.9230769230769232,0.0066844919786096,100.0,-7.037227478403921
LR,holdout,0,refitted,TopK_b01,50,0.01,0.05,231.4042575071987,0.0101964212258329,0.9230769230769232,0.0066844919786096,250.0,-18.595742492801293
LR,holdout,0,refitted,TopK_b01,50,0.01,0.1,462.1400658165364,0.0137083504730563,0.9230769230769232,0.0066844919786096,500.0,-37.85993418346362
LR,holdout,0,refitted,TopK_b01,50,0.01,0.15,692.8758741258742,0.0172202797202796,0.9230769230769232,0.0066844919786096,750.0,-57.12412587412575
LR,holdout,0,refitted,TopK_b05,5,0.05,0.02,13.43171534348004,0.0481633072809542,0.8846153846153846,0.0467914438502673,10.0,3.4317153434800396
LR,holdout,0,refitted,TopK_b05,5,0.05,0.05,26.560571781160007,0.0502211024269847,0.8846153846153846,0.0467914438502673,25.0,1.5605717811600073
LR,holdout,0,refitted,TopK_b05,5,0.05,0.1,48.44199917729329,0.0536507610037021,0.8846153846153846,0.0467914438502673,50.0,-1.5580008227067097
LR,holdout,0,refitted,TopK_b05,5,0.05,0.15,70.32342657342656,0.0570804195804195,0.8846153846153846,0.0467914438502673,75.0,-4.676573426573441
LR,holdout,0,refitted,TopK_b05,10,0.05,0.02,22.27786918963389,0.0481633072809542,0.8846153846153846,0.0467914438502673,20.0,2.27786918963389
LR,holdout,0,refitted,TopK_b05,10,0.05,0.05,48.67595639654462,0.0502211024269847,0.8846153846153846,0.0467914438502673,50.0,-1.3240436034553795
LR,holdout,0,refitted,TopK_b05,10,0.05,0.1,92.67276840806252,0.0536507610037021,0.8846153846153846,0.0467914438502673,100.0,-7.327231591937476
LR,holdout,0,refitted,TopK_b05,10,0.05,0.15,136.66958041958043,0.0570804195804195,0.8846153846153846,0.0467914438502673,150.0,-13.330419580419573
LR,holdout,0,refitted,TopK_b05,20,0.05,0.02,39.97017688194158,0.0481633072809542,0.8846153846153846,0.0467914438502673,40.0,-0.029823118058416753
LR,holdout,0,refitted,TopK_b05,20,0.05,0.05,92.90672562731386,0.0502211024269847,0.8846153846153846,0.0467914438502673,100.0,-7.093274372686139
LR,holdout,0,refitted,TopK_b05,20,0.05,0.1,181.13430686960095,0.0536507610037021,0.8846153846153846,0.0467914438502673,200.0,-18.865693130399052
LR,holdout,0,refitted,TopK_b05,20,0.05,0.15,269.3618881118881,0.0570804195804195,0.8846153846153846,0.0467914438502673,300.0,-30.638111888111894
LR,holdout,0,refitted,TopK_b05,50,0.05,0.02,93.04709995886464,0.0481633072809542,0.8846153846153846,0.0467914438502673,100.0,-6.952900041135365
LR,holdout,0,refitted,TopK_b05,50,0.05,0.05,225.59903331962155,0.0502211024269847,0.8846153846153846,0.0467914438502673,250.0,-24.400966680378446
LR,holdout,0,refitted,TopK_b05,50,0.05,0.1,446.5189222542164,0.0536507610037021,0.8846153846153846,0.0467914438502673,500.0,-53.48107774578358
LR,holdout,0,refitted,TopK_b05,50,0.05,0.15,667.4388111888112,0.0570804195804195,0.8846153846153846,0.0467914438502673,750.0,-82.5611888111888
LR,holdout,0,refitted,TopK_b10,5,0.1,0.02,18.02570958453311,0.0987186343068695,0.8461538461538461,0.0975935828877005,10.0,8.02570958453311
LR,holdout,0,refitted,TopK_b10,5,0.1,0.05,30.425236528177702,0.1004062114356231,0.8461538461538461,0.0975935828877005,25.0,5.425236528177702
LR,holdout,0,refitted,TopK_b10,5,0.1,0.1,51.09111476758535,0.1032188399835458,0.8461538461538461,0.0975935828877005,50.0,1.0911147675853528
LR,holdout,0,refitted,TopK_b10,5,0.1,0.15,71.756993006993,0.1060314685314685,0.8461538461538461,0.0975935828877005,75.0,-3.2430069930070005
LR,holdout,0,refitted,TopK_b10,10,0.1,0.02,26.48724804607157,0.0987186343068695,0.8461538461538461,0.0975935828877005,20.0,6.487248046071571
LR,holdout,0,refitted,TopK_b10,10,0.1,0.05,51.57908268202386,0.1004062114356231,0.8461538461538461,0.0975935828877005,50.0,1.5790826820238593
LR,holdout,0,refitted,TopK_b10,10,0.1,0.1,93.39880707527766,0.1032188399835458,0.8461538461538461,0.0975935828877005,100.0,-6.601192924722341
LR,holdout,0,refitted,TopK_b10,10,0.1,0.15,135.21853146853147,0.1060314685314685,0.8461538461538461,0.0975935828877005,150.0,-14.781468531468533
LR,holdout,0,refitted,TopK_b10,20,0.1,0.02,43.4103249691485,0.0987186343068695,0.8461538461538461,0.0975935828877005,40.0,3.4103249691484976
LR,holdout,0,refitted,TopK_b10,20,0.1,0.05,93.88677498971616,0.1004062114356231,0.8461538461538461,0.0975935828877005,100.0,-6.113225010283841
LR,holdout,0,refitted,TopK_b10,20,0.1,0.1,178.01419169066227,0.1032188399835458,0.8461538461538461,0.0975935828877005,200.0,-21.985808309337727
LR,holdout,0,refitted,TopK_b10,20,0.1,0.15,262.1416083916084,0.1060314685314685,0.8461538461538461,0.0975935828877005,300.0,-37.85839160839163
LR,holdout,0,refitted,TopK_b10,50,0.1,0.02,94.17955573837926,0.0987186343068695,0.8461538461538461,0.0975935828877005,100.0,-5.820444261620736
LR,holdout,0,refitted,TopK_b10,50,0.1,0.05,220.8098519127931,0.1004062114356231,0.8461538461538461,0.0975935828877005,250.0,-29.190148087206893
LR,holdout,0,refitted,TopK_b10,50,0.1,0.1,431.8603455368161,0.1032188399835458,0.8461538461538461,0.0975935828877005,500.0,-68.13965446318389
LR,holdout,0,refitted,TopK_b10,50,0.1,0.15,642.9108391608391,0.1060314685314685,0.8461538461538461,0.0975935828877005,750.0,-107.08916083916085
LR,holdout,0,refitted,TopK_b20,5,0.2,0.02,28.11394487865076,0.199600987248046,0.8461538461538461,0.2005347593582887,10.0,18.11394487865076
LR,holdout,0,refitted,TopK_b20,5,0.2,0.05,40.20464829288358,0.1982003290826819,0.8461538461538461,0.2005347593582887,25.0,15.204648292883583
LR,holdout,0,refitted,TopK_b20,5,0.2,0.1,60.355820649938295,0.1958658988070752,0.8461538461538461,0.2005347593582887,50.0,10.355820649938295
LR,holdout,0,refitted,TopK_b20,5,0.2,0.15,80.506993006993,0.1935314685314684,0.8461538461538461,0.2005347593582887,75.0,5.5069930069929995
LR,holdout,0,refitted,TopK_b20,10,0.2,0.02,36.575483340189216,0.199600987248046,0.8461538461538461,0.2005347593582887,20.0,16.575483340189216
LR,holdout,0,refitted,TopK_b20,10,0.2,0.05,61.358494446729736,0.1982003290826819,0.8461538461538461,0.2005347593582887,50.0,11.358494446729736
LR,holdout,0,refitted,TopK_b20,10,0.2,0.1,102.6635129576306,0.1958658988070752,0.8461538461538461,0.2005347593582887,100.0,2.6635129576306014
LR,holdout,0,refitted,TopK_b20,10,0.2,0.15,143.96853146853147,0.1935314685314684,0.8461538461538461,0.2005347593582887,150.0,-6.0314685314685335
LR,holdout,0,refitted,TopK_b20,20,0.2,0.02,53.498560263266135,0.199600987248046,0.8461538461538461,0.2005347593582887,40.0,13.498560263266135
LR,holdout,0,refitted,TopK_b20,20,0.2,0.05,103.66618675442206,0.1982003290826819,0.8461538461538461,0.2005347593582887,100.0,3.666186754422057
LR,holdout,0,refitted,TopK_b20,20,0.2,0.1,187.2788975730152,0.1958658988070752,0.8461538461538461,0.2005347593582887,200.0,-12.7211024269848
LR,holdout,0,refitted,TopK_b20,20,0.2,0.15,270.8916083916084,0.1935314685314684,0.8461538461538461,0.2005347593582887,300.0,-29.108391608391628
LR,holdout,0,refitted,TopK_b20,50,0.2,0.02,104.2677910324969,0.199600987248046,0.8461538461538461,0.2005347593582887,100.0,4.267791032496902
LR,holdout,0,refitted,TopK_b20,50,0.2,0.05,230.58926367749896,0.1982003290826819,0.8461538461538461,0.2005347593582887,250.0,-19.410736322501037
LR,holdout,0,refitted,TopK_b20,50,0.2,0.1,441.1250514191691,0.1958658988070752,0.8461538461538461,0.2005347593582887,500.0,-58.8749485808309
LR,holdout,0,refitted,TopK_b20,50,0.2,0.15,651.660839160839,0.1935314685314684,0.8461538461538461,0.2005347593582887,750.0,-98.33916083916097
CART,time,0,fixed,none,5,,0.02,10.0,0.0,1.0,0.0,10.0,0.0
CART,time,0,fixed,none,5,,0.05,25.0,0.0,1.0,0.0,25.0,0.0
CART,time,0,fixed,none,5,,0.1,50.0,0.0,1.0,0.0,50.0,0.0
CART,time,0,fixed,none,5,,0.15,75.0,0.0,1.0,0.0,75.0,0.0
CART,time,0,fixed,none,10,,0.02,20.0,0.0,1.0,0.0,20.0,0.0
CART,time,0,fixed,none,10,,0.05,50.0,0.0,1.0,0.0,50.0,0.0
CART,time,0,fixed,none,10,,0.1,100.0,0.0,1.0,0.0,100.0,0.0
CART,time,0,fixed,none,10,,0.15,150.0,0.0,1.0,0.0,150.0,0.0
CART,time,0,fixed,none,20,,0.02,40.0,0.0,1.0,0.0,40.0,0.0
CART,time,0,fixed,none,20,,0.05,100.0,0.0,1.0,0.0,100.0,0.0
CART,time,0,fixed,none,20,,0.1,200.0,0.0,1.0,0.0,200.0,0.0
CART,time,0,fixed,none,20,,0.15,300.0,0.0,1.0,0.0,300.0,0.0
CART,time,0,fixed,none,50,,0.02,100.0,0.0,1.0,0.0,100.0,0.0
CART,time,0,fixed,none,50,,0.05,250.0,0.0,1.0,0.0,250.0,0.0
CART,time,0,fixed,none,50,,0.1,500.0,0.0,1.0,0.0,500.0,0.0
CART,time,0,fixed,none,50,,0.15,750.0,0.0,1.0,0.0,750.0,0.0
CART,time,0,fixed,A_b01,5,0.01,0.02,10.204166666666664,0.0020416666666666,1.0,0.0020833333333333,10.0,0.20416666666666394
CART,time,0,fixed,A_b01,5,0.01,0.05,25.197916666666664,0.0019791666666666,1.0,0.0020833333333333,25.0,0.1979166666666643
CART,time,0,fixed,A_b01,5,0.01,0.1,50.18749999999999,0.0018749999999999,1.0,0.0020833333333333,50.0,0.1874999999999929
CART,time,0,fixed,A_b01,5,0.01,0.15,75.17708333333333,0.0017708333333333,1.0,0.0020833333333333,75.0,0.1770833333333286
CART,time,0,fixed,A_b01,10,0.01,0.02,20.204166666666666,0.0020416666666666,1.0,0.0020833333333333,20.0,0.20416666666666572
CART,time,0,fixed,A_b01,10,0.01,0.05,50.19791666666666,0.0019791666666666,1.0,0.0020833333333333,50.0,0.1979166666666572
CART,time,0,fixed,A_b01,10,0.01,0.1,100.1875,0.0018749999999999,1.0,0.0020833333333333,100.0,0.1875
CART,time,0,fixed,A_b01,10,0.01,0.15,150.17708333333331,0.0017708333333333,1.0,0.0020833333333333,150.0,0.17708333333331439
CART,time,0,fixed,A_b01,20,0.01,0.02,40.204166666666666,0.0020416666666666,1.0,0.0020833333333333,40.0,0.20416666666666572
CART,time,0,fixed,A_b01,20,0.01,0.05,100.19791666666666,0.0019791666666666,1.0,0.0020833333333333,100.0,0.1979166666666572
CART,time,0,fixed,A_b01,20,0.01,0.1,200.1875,0.0018749999999999,1.0,0.0020833333333333,200.0,0.1875
CART,time,0,fixed,A_b01,20,0.01,0.15,300.17708333333337,0.0017708333333333,1.0,0.0020833333333333,300.0,0.17708333333337123
CART,time,0,fixed,A_b01,50,0.01,0.02,100.20416666666668,0.0020416666666666,1.0,0.0020833333333333,100.0,0.20416666666667993
CART,time,0,fixed,A_b01,50,0.01,0.05,250.19791666666663,0.0019791666666666,1.0,0.0020833333333333,250.0,0.19791666666662877
CART,time,0,fixed,A_b01,50,0.01,0.1,500.1875,0.0018749999999999,1.0,0.0020833333333333,500.0,0.1875
CART,time,0,fixed,A_b01,50,0.01,0.15,750.1770833333334,0.0017708333333333,1.0,0.0020833333333333,750.0,0.17708333333337123
CART,time,0,fixed,A_b05,5,0.05,0.02,10.538888888888886,0.0087222222222221,0.9722222222222222,0.0083333333333333,10.0,0.5388888888888861
CART,time,0,fixed,A_b05,5,0.05,0.05,25.09722222222222,0.0093055555555555,0.9722222222222222,0.0083333333333333,25.0,0.09722222222222143
CART,time,0,fixed,A_b05,5,0.05,0.1,49.36111111111111,0.0102777777777777,0.9722222222222222,0.0083333333333333,50.0,-0.6388888888888928
CART,time,0,fixed,A_b05,5,0.05,0.15,73.625,0.0112499999999999,0.9722222222222222,0.0083333333333333,75.0,-1.375
CART,time,0,fixed,A_b05,10,0.05,0.02,20.261111111111106,0.0087222222222221,0.9722222222222222,0.0083333333333333,20.0,0.26111111111110574
CART,time,0,fixed,A_b05,10,0.05,0.05,49.40277777777777,0.0093055555555555,0.9722222222222222,0.0083333333333333,50.0,-0.5972222222222285
CART,time,0,fixed,A_b05,10,0.05,0.1,97.9722222222222,0.0102777777777777,0.9722222222222222,0.0083333333333333,100.0,-2.0277777777778
CART,time,0,fixed,A_b05,10,0.05,0.15,146.54166666666666,0.0112499999999999,0.9722222222222222,0.0083333333333333,150.0,-3.458333333333343
CART,time,0,fixed,A_b05,20,0.05,0.02,39.70555555555556,0.0087222222222221,0.9722222222222222,0.0083333333333333,40.0,-0.2944444444444372
CART,time,0,fixed,A_b05,20,0.05,0.05,98.01388888888889,0.0093055555555555,0.9722222222222222,0.0083333333333333,100.0,-1.9861111111111143
CART,time,0,fixed,A_b05,20,0.05,0.1,195.19444444444449,0.0102777777777777,0.9722222222222222,0.0083333333333333,200.0,-4.8055555555555145
CART,time,0,fixed,A_b05,20,0.05,0.15,292.37499999999994,0.0112499999999999,0.9722222222222222,0.0083333333333333,300.0,-7.625000000000057
CART,time,0,fixed,A_b05,50,0.05,0.02,98.03888888888888,0.0087222222222221,0.9722222222222222,0.0083333333333333,100.0,-1.9611111111111228
CART,time,0,fixed,A_b05,50,0.05,0.05,243.8472222222222,0.0093055555555555,0.9722222222222222,0.0083333333333333,250.0,-6.1527777777778
CART,time,0,fixed,A_b05,50,0.05,0.1,486.8611111111111,0.0102777777777777,0.9722222222222222,0.0083333333333333,500.0,-13.138888888888914
CART,time,0,fixed,A_b05,50,0.05,0.15,729.875,0.0112499999999999,0.9722222222222222,0.0083333333333333,750.0,-20.125
CART,time,0,fixed,A_b10,5,0.1,0.02,11.281944444444443,0.0194861111111111,0.9444444444444444,0.01875,10.0,1.2819444444444432
CART,time,0,fixed,A_b10,5,0.1,0.05,25.39236111111111,0.0205902777777777,0.9444444444444444,0.01875,25.0,0.3923611111111107
CART,time,0,fixed,A_b10,5,0.1,0.1,48.90972222222222,0.0224305555555555,0.9444444444444444,0.01875,50.0,-1.0902777777777786
CART,time,0,fixed,A_b10,5,0.1,0.15,72.42708333333333,0.0242708333333333,0.9444444444444444,0.01875,75.0,-2.5729166666666714
CART,time,0,fixed,A_b10,10,0.1,0.02,20.726388888888888,0.0194861111111111,0.9444444444444444,0.01875,20.0,0.7263888888888879
CART,time,0,fixed,A_b10,10,0.1,0.05,49.00347222222222,0.0205902777777777,0.9444444444444444,0.01875,50.0,-0.9965277777777786
CART,time,0,fixed,A_b10,10,0.1,0.1,96.13194444444444,0.0224305555555555,0.9444444444444444,0.01875,100.0,-3.868055555555557
CART,time,0,fixed,A_b10,10,0.1,0.15,143.26041666666666,0.0242708333333333,0.9444444444444444,0.01875,150.0,-6.739583333333343
CART,time,0,fixed,A_b10,20,0.1,0.02,39.61527777777778,0.0194861111111111,0.9444444444444444,0.01875,40.0,-0.38472222222222285
CART,time,0,fixed,A_b10,20,0.1,0.05,96.22569444444444,0.0205902777777777,0.9444444444444444,0.01875,100.0,-3.774305555555557
CART,time,0,fixed,A_b10,20,0.1,0.1,190.57638888888889,0.0224305555555555,0.9444444444444444,0.01875,200.0,-9.423611111111114
CART,time,0,fixed,A_b10,20,0.1,0.15,284.9270833333333,0.0242708333333333,0.9444444444444444,0.01875,300.0,-15.072916666666686
CART,time,0,fixed,A_b10,50,0.1,0.02,96.28194444444443,0.0194861111111111,0.9444444444444444,0.01875,100.0,-3.7180555555555657
CART,time,0,fixed,A_b10,50,0.1,0.05,237.8923611111111,0.0205902777777777,0.9444444444444444,0.01875,250.0,-12.107638888888914
CART,time,0,fixed,A_b10,50,0.1,0.1,473.90972222222223,0.0224305555555555,0.9444444444444444,0.01875,500.0,-26.09027777777777
CART,time,0,fixed,A_b10,50,0.1,0.15,709.9270833333333,0.0242708333333333,0.9444444444444444,0.01875,750.0,-40.07291666666674
CART,time,0,fixed,A_b20,5,0.2,0.02,14.344444444444443,0.0501111111111111,0.9444444444444444,0.05,10.0,4.344444444444443
CART,time,0,fixed,A_b20,5,0.2,0.05,28.36111111111111,0.0502777777777777,0.9444444444444444,0.05,25.0,3.3611111111111107
CART,time,0,fixed,A_b20,5,0.2,0.1,51.72222222222223,0.0505555555555555,0.9444444444444444,0.05,50.0,1.7222222222222285
CART,time,0,fixed,A_b20,5,0.2,0.15,75.08333333333333,0.0508333333333333,0.9444444444444444,0.05,75.0,0.0833333333333286
CART,time,0,fixed,A_b20,10,0.2,0.02,23.788888888888888,0.0501111111111111,0.9444444444444444,0.05,20.0,3.788888888888888
CART,time,0,fixed,A_b20,10,0.2,0.05,51.97222222222222,0.0502777777777777,0.9444444444444444,0.05,50.0,1.9722222222222214
CART,time,0,fixed,A_b20,10,0.2,0.1,98.94444444444444,0.0505555555555555,0.9444444444444444,0.05,100.0,-1.0555555555555571
CART,time,0,fixed,A_b20,10,0.2,0.15,145.91666666666666,0.0508333333333333,0.9444444444444444,0.05,150.0,-4.083333333333343
CART,time,0,fixed,A_b20,20,0.2,0.02,42.67777777777778,0.0501111111111111,0.9444444444444444,0.05,40.0,2.677777777777777
CART,time,0,fixed,A_b20,20,0.2,0.05,99.19444444444444,0.0502777777777777,0.9444444444444444,0.05,100.0,-0.8055555555555571
CART,time,0,fixed,A_b20,20,0.2,0.1,193.38888888888889,0.0505555555555555,0.9444444444444444,0.05,200.0,-6.611111111111114
CART,time,0,fixed,A_b20,20,0.2,0.15,287.5833333333333,0.0508333333333333,0.9444444444444444,0.05,300.0,-12.416666666666686
CART,time,0,fixed,A_b20,50,0.2,0.02,99.34444444444443,0.0501111111111111,0.9444444444444444,0.05,100.0,-0.6555555555555657
CART,time,0,fixed,A_b20,50,0.2,0.05,240.86111111111111,0.0502777777777777,0.9444444444444444,0.05,250.0,-9.138888888888886
CART,time,0,fixed,A_b20,50,0.2,0.1,476.72222222222223,0.0505555555555555,0.9444444444444444,0.05,500.0,-23.27777777777777
CART,time,0,fixed,A_b20,50,0.2,0.15,712.5833333333334,0.0508333333333333,0.9444444444444444,0.05,750.0,-37.41666666666663
CART,time,0,fixed,B_r05,5,,0.02,33.08472222222222,0.3041805555555555,0.3888888888888889,0.2979166666666666,10.0,23.08472222222222
CART,time,0,fixed,B_r05,5,,0.05,38.02430555555555,0.3135763888888888,0.3888888888888889,0.2979166666666666,25.0,13.02430555555555
CART,time,0,fixed,B_r05,5,,0.1,46.25694444444444,0.329236111111111,0.3888888888888889,0.2979166666666666,50.0,-3.743055555555557
CART,time,0,fixed,B_r05,5,,0.15,54.489583333333336,0.3448958333333333,0.3888888888888889,0.2979166666666666,75.0,-20.510416666666664
CART,time,0,fixed,B_r10,10,,0.02,98.0,1.0,0.0,1.0,20.0,78.0
CART,time,0,fixed,B_r10,10,,0.05,95.0,1.0,0.0,1.0,50.0,45.0
CART,time,0,fixed,B_r10,10,,0.1,90.0,1.0,0.0,1.0,100.0,-10.0
CART,time,0,fixed,B_r10,10,,0.15,85.0,1.0,0.0,1.0,150.0,-65.0
CART,time,0,fixed,B_r20,20,,0.02,98.0,1.0,0.0,1.0,40.0,58.0
CART,time,0,fixed,B_r20,20,,0.05,95.0,1.0,0.0,1.0,100.0,-5.0
CART,time,0,fixed,B_r20,20,,0.1,90.0,1.0,0.0,1.0,200.0,-110.0
CART,time,0,fixed,B_r20,20,,0.15,85.0,1.0,0.0,1.0,300.0,-215.0
CART,time,0,fixed,B_r50,50,,0.02,98.0,1.0,0.0,1.0,100.0,-2.0
CART,time,0,fixed,B_r50,50,,0.05,95.0,1.0,0.0,1.0,250.0,-155.0
CART,time,0,fixed,B_r50,50,,0.1,90.0,1.0,0.0,1.0,500.0,-410.0
CART,time,0,fixed,B_r50,50,,0.15,85.0,1.0,0.0,1.0,750.0,-665.0
CART,time,0,fixed,C_b01_r05,5,0.01,0.02,10.0,0.0,1.0,0.0,10.0,0.0
CART,time,0,fixed,C_b01_r05,5,0.01,0.05,25.0,0.0,1.0,0.0,25.0,0.0
CART,time,0,fixed,C_b01_r05,5,0.01,0.1,50.0,0.0,1.0,0.0,50.0,0.0
CART,time,0,fixed,C_b01_r05,5,0.01,0.15,75.0,0.0,1.0,0.0,75.0,0.0
CART,time,0,fixed,C_b01_r10,10,0.01,0.02,20.0,0.0,1.0,0.0,20.0,0.0
CART,time,0,fixed,C_b01_r10,10,0.01,0.05,50.0,0.0,1.0,0.0,50.0,0.0
CART,time,0,fixed,C_b01_r10,10,0.01,0.1,100.0,0.0,1.0,0.0,100.0,0.0
CART,time,0,fixed,C_b01_r10,10,0.01,0.15,150.0,0.0,1.0,0.0,150.0,0.0
CART,time,0,fixed,C_b01_r20,20,0.01,0.02,40.0,0.0,1.0,0.0,40.0,0.0
CART,time,0,fixed,C_b01_r20,20,0.01,0.05,100.0,0.0,1.0,0.0,100.0,0.0
CART,time,0,fixed,C_b01_r20,20,0.01,0.1,200.0,0.0,1.0,0.0,200.0,0.0
CART,time,0,fixed,C_b01_r20,20,0.01,0.15,300.0,0.0,1.0,0.0,300.0,0.0
CART,time,0,fixed,C_b01_r50,50,0.01,0.02,100.0,0.0,1.0,0.0,100.0,0.0
CART,time,0,fixed,C_b01_r50,50,0.01,0.05,250.0,0.0,1.0,0.0,250.0,0.0
CART,time,0,fixed,C_b01_r50,50,0.01,0.1,500.0,0.0,1.0,0.0,500.0,0.0
CART,time,0,fixed,C_b01_r50,50,0.01,0.15,750.0,0.0,1.0,0.0,750.0,0.0
CART,time,0,fixed,C_b05_r05,5,0.05,0.02,10.204166666666664,0.0020416666666666,1.0,0.0020833333333333,10.0,0.20416666666666394
CART,time,0,fixed,C_b05_r05,5,0.05,0.05,25.197916666666664,0.0019791666666666,1.0,0.0020833333333333,25.0,0.1979166666666643
CART,time,0,fixed,C_b05_r05,5,0.05,0.1,50.18749999999999,0.0018749999999999,1.0,0.0020833333333333,50.0,0.1874999999999929
CART,time,0,fixed,C_b05_r05,5,0.05,0.15,75.17708333333333,0.0017708333333333,1.0,0.0020833333333333,75.0,0.1770833333333286
CART,time,0,fixed,C_b05_r10,10,0.05,0.02,20.204166666666666,0.0020416666666666,1.0,0.0020833333333333,20.0,0.20416666666666572
CART,time,0,fixed,C_b05_r10,10,0.05,0.05,50.19791666666666,0.0019791666666666,1.0,0.0020833333333333,50.0,0.1979166666666572
CART,time,0,fixed,C_b05_r10,10,0.05,0.1,100.1875,0.0018749999999999,1.0,0.0020833333333333,100.0,0.1875
CART,time,0,fixed,C_b05_r10,10,0.05,0.15,150.17708333333331,0.0017708333333333,1.0,0.0020833333333333,150.0,0.17708333333331439
CART,time,0,fixed,C_b05_r20,20,0.05,0.02,40.204166666666666,0.0020416666666666,1.0,0.0020833333333333,40.0,0.20416666666666572
CART,time,0,fixed,C_b05_r20,20,0.05,0.05,100.19791666666666,0.0019791666666666,1.0,0.0020833333333333,100.0,0.1979166666666572
CART,time,0,fixed,C_b05_r20,20,0.05,0.1,200.1875,0.0018749999999999,1.0,0.0020833333333333,200.0,0.1875
CART,time,0,fixed,C_b05_r20,20,0.05,0.15,300.17708333333337,0.0017708333333333,1.0,0.0020833333333333,300.0,0.17708333333337123
CART,time,0,fixed,C_b05_r50,50,0.05,0.02,100.20416666666668,0.0020416666666666,1.0,0.0020833333333333,100.0,0.20416666666667993
CART,time,0,fixed,C_b05_r50,50,0.05,0.05,250.19791666666663,0.0019791666666666,1.0,0.0020833333333333,250.0,0.19791666666662877
CART,time,0,fixed,C_b05_r50,50,0.05,0.1,500.1875,0.0018749999999999,1.0,0.0020833333333333,500.0,0.1875
CART,time,0,fixed,C_b05_r50,50,0.05,0.15,750.1770833333334,0.0017708333333333,1.0,0.0020833333333333,750.0,0.17708333333337123
CART,time,0,fixed,C_b10_r05,5,0.1,0.02,10.204166666666664,0.0020416666666666,1.0,0.0020833333333333,10.0,0.20416666666666394
CART,time,0,fixed,C_b10_r05,5,0.1,0.05,25.197916666666664,0.0019791666666666,1.0,0.0020833333333333,25.0,0.1979166666666643
CART,time,0,fixed,C_b10_r05,5,0.1,0.1,50.18749999999999,0.0018749999999999,1.0,0.0020833333333333,50.0,0.1874999999999929
CART,time,0,fixed,C_b10_r05,5,0.1,0.15,75.17708333333333,0.0017708333333333,1.0,0.0020833333333333,75.0,0.1770833333333286
CART,time,0,fixed,C_b10_r10,10,0.1,0.02,20.726388888888888,0.0194861111111111,0.9444444444444444,0.01875,20.0,0.7263888888888879
CART,time,0,fixed,C_b10_r10,10,0.1,0.05,49.00347222222222,0.0205902777777777,0.9444444444444444,0.01875,50.0,-0.9965277777777786
CART,time,0,fixed,C_b10_r10,10,0.1,0.1,96.13194444444444,0.0224305555555555,0.9444444444444444,0.01875,100.0,-3.868055555555557
CART,time,0,fixed,C_b10_r10,10,0.1,0.15,143.26041666666666,0.0242708333333333,0.9444444444444444,0.01875,150.0,-6.739583333333343
CART,time,0,fixed,C_b10_r20,20,0.1,0.02,39.61527777777778,0.0194861111111111,0.9444444444444444,0.01875,40.0,-0.38472222222222285
CART,time,0,fixed,C_b10_r20,20,0.1,0.05,96.22569444444444,0.0205902777777777,0.9444444444444444,0.01875,100.0,-3.774305555555557
CART,time,0,fixed,C_b10_r20,20,0.1,0.1,190.57638888888889,0.0224305555555555,0.9444444444444444,0.01875,200.0,-9.423611111111114
CART,time,0,fixed,C_b10_r20,20,0.1,0.15,284.9270833333333,0.0242708333333333,0.9444444444444444,0.01875,300.0,-15.072916666666686
CART,time,0,fixed,C_b10_r50,50,0.1,0.02,96.28194444444443,0.0194861111111111,0.9444444444444444,0.01875,100.0,-3.7180555555555657
CART,time,0,fixed,C_b10_r50,50,0.1,0.05,237.8923611111111,0.0205902777777777,0.9444444444444444,0.01875,250.0,-12.107638888888914
CART,time,0,fixed,C_b10_r50,50,0.1,0.1,473.90972222222223,0.0224305555555555,0.9444444444444444,0.01875,500.0,-26.09027777777777
CART,time,0,fixed,C_b10_r50,50,0.1,0.15,709.9270833333333,0.0242708333333333,0.9444444444444444,0.01875,750.0,-40.07291666666674
CART,time,0,fixed,C_b20_r05,5,0.2,0.02,14.344444444444443,0.0501111111111111,0.9444444444444444,0.05,10.0,4.344444444444443
CART,time,0,fixed,C_b20_r05,5,0.2,0.05,28.36111111111111,0.0502777777777777,0.9444444444444444,0.05,25.0,3.3611111111111107
CART,time,0,fixed,C_b20_r05,5,0.2,0.1,51.72222222222223,0.0505555555555555,0.9444444444444444,0.05,50.0,1.7222222222222285
CART,time,0,fixed,C_b20_r05,5,0.2,0.15,75.08333333333333,0.0508333333333333,0.9444444444444444,0.05,75.0,0.0833333333333286
CART,time,0,fixed,C_b20_r10,10,0.2,0.02,23.788888888888888,0.0501111111111111,0.9444444444444444,0.05,20.0,3.788888888888888
CART,time,0,fixed,C_b20_r10,10,0.2,0.05,51.97222222222222,0.0502777777777777,0.9444444444444444,0.05,50.0,1.9722222222222214
CART,time,0,fixed,C_b20_r10,10,0.2,0.1,98.94444444444444,0.0505555555555555,0.9444444444444444,0.05,100.0,-1.0555555555555571
CART,time,0,fixed,C_b20_r10,10,0.2,0.15,145.91666666666666,0.0508333333333333,0.9444444444444444,0.05,150.0,-4.083333333333343
CART,time,0,fixed,C_b20_r20,20,0.2,0.02,42.67777777777778,0.0501111111111111,0.9444444444444444,0.05,40.0,2.677777777777777
CART,time,0,fixed,C_b20_r20,20,0.2,0.05,99.19444444444444,0.0502777777777777,0.9444444444444444,0.05,100.0,-0.8055555555555571
CART,time,0,fixed,C_b20_r20,20,0.2,0.1,193.38888888888889,0.0505555555555555,0.9444444444444444,0.05,200.0,-6.611111111111114
CART,time,0,fixed,C_b20_r20,20,0.2,0.15,287.5833333333333,0.0508333333333333,0.9444444444444444,0.05,300.0,-12.416666666666686
CART,time,0,fixed,C_b20_r50,50,0.2,0.02,99.34444444444443,0.0501111111111111,0.9444444444444444,0.05,100.0,-0.6555555555555657
CART,time,0,fixed,C_b20_r50,50,0.2,0.05,240.86111111111111,0.0502777777777777,0.9444444444444444,0.05,250.0,-9.138888888888886
CART,time,0,fixed,C_b20_r50,50,0.2,0.1,476.72222222222223,0.0505555555555555,0.9444444444444444,0.05,500.0,-23.27777777777777
CART,time,0,fixed,C_b20_r50,50,0.2,0.15,712.5833333333334,0.0508333333333333,0.9444444444444444,0.05,750.0,-37.41666666666663
CART,time,0,fixed,TopK_b01,5,0.01,0.02,10.538888888888886,0.0087222222222221,0.9722222222222222,0.0083333333333333,10.0,0.5388888888888861
CART,time,0,fixed,TopK_b01,5,0.01,0.05,25.09722222222222,0.0093055555555555,0.9722222222222222,0.0083333333333333,25.0,0.09722222222222143
CART,time,0,fixed,TopK_b01,5,0.01,0.1,49.36111111111111,0.0102777777777777,0.9722222222222222,0.0083333333333333,50.0,-0.6388888888888928
CART,time,0,fixed,TopK_b01,5,0.01,0.15,73.625,0.0112499999999999,0.9722222222222222,0.0083333333333333,75.0,-1.375
CART,time,0,fixed,TopK_b01,10,0.01,0.02,20.261111111111106,0.0087222222222221,0.9722222222222222,0.0083333333333333,20.0,0.26111111111110574
CART,time,0,fixed,TopK_b01,10,0.01,0.05,49.40277777777777,0.0093055555555555,0.9722222222222222,0.0083333333333333,50.0,-0.5972222222222285
CART,time,0,fixed,TopK_b01,10,0.01,0.1,97.9722222222222,0.0102777777777777,0.9722222222222222,0.0083333333333333,100.0,-2.0277777777778
CART,time,0,fixed,TopK_b01,10,0.01,0.15,146.54166666666666,0.0112499999999999,0.9722222222222222,0.0083333333333333,150.0,-3.458333333333343
CART,time,0,fixed,TopK_b01,20,0.01,0.02,39.70555555555556,0.0087222222222221,0.9722222222222222,0.0083333333333333,40.0,-0.2944444444444372
CART,time,0,fixed,TopK_b01,20,0.01,0.05,98.01388888888889,0.0093055555555555,0.9722222222222222,0.0083333333333333,100.0,-1.9861111111111143
CART,time,0,fixed,TopK_b01,20,0.01,0.1,195.19444444444449,0.0102777777777777,0.9722222222222222,0.0083333333333333,200.0,-4.8055555555555145
CART,time,0,fixed,TopK_b01,20,0.01,0.15,292.37499999999994,0.0112499999999999,0.9722222222222222,0.0083333333333333,300.0,-7.625000000000057
CART,time,0,fixed,TopK_b01,50,0.01,0.02,98.03888888888888,0.0087222222222221,0.9722222222222222,0.0083333333333333,100.0,-1.9611111111111228
CART,time,0,fixed,TopK_b01,50,0.01,0.05,243.8472222222222,0.0093055555555555,0.9722222222222222,0.0083333333333333,250.0,-6.1527777777778
CART,time,0,fixed,TopK_b01,50,0.01,0.1,486.8611111111111,0.0102777777777777,0.9722222222222222,0.0083333333333333,500.0,-13.138888888888914
CART,time,0,fixed,TopK_b01,50,0.01,0.15,729.875,0.0112499999999999,0.9722222222222222,0.0083333333333333,750.0,-20.125
CART,time,0,fixed,TopK_b05,5,0.05,0.02,14.14027777777777,0.0480694444444443,0.9444444444444444,0.0479166666666666,10.0,4.14027777777777
CART,time,0,fixed,TopK_b05,5,0.05,0.05,28.16319444444444,0.048298611111111,0.9444444444444444,0.0479166666666666,25.0,3.1631944444444393
CART,time,0,fixed,TopK_b05,5,0.05,0.1,51.53472222222221,0.0486805555555555,0.9444444444444444,0.0479166666666666,50.0,1.5347222222222072
CART,time,0,fixed,TopK_b05,5,0.05,0.15,74.90624999999999,0.0490624999999999,0.9444444444444444,0.0479166666666666,75.0,-0.09375000000001421
CART,time,0,fixed,TopK_b05,10,0.05,0.02,23.58472222222221,0.0480694444444443,0.9444444444444444,0.0479166666666666,20.0,3.5847222222222115
CART,time,0,fixed,TopK_b05,10,0.05,0.05,51.77430555555554,0.048298611111111,0.9444444444444444,0.0479166666666666,50.0,1.774305555555543
CART,time,0,fixed,TopK_b05,10,0.05,0.1,98.75694444444444,0.0486805555555555,0.9444444444444444,0.0479166666666666,100.0,-1.2430555555555571
CART,time,0,fixed,TopK_b05,10,0.05,0.15,145.73958333333331,0.0490624999999999,0.9444444444444444,0.0479166666666666,150.0,-4.260416666666686
CART,time,0,fixed,TopK_b05,20,0.05,0.02,42.473611111111104,0.0480694444444443,0.9444444444444444,0.0479166666666666,40.0,2.4736111111111043
CART,time,0,fixed,TopK_b05,20,0.05,0.05,98.99652777777776,0.048298611111111,0.9444444444444444,0.0479166666666666,100.0,-1.0034722222222427
CART,time,0,fixed,TopK_b05,20,0.05,0.1,193.20138888888889,0.0486805555555555,0.9444444444444444,0.0479166666666666,200.0,-6.798611111111114
CART,time,0,fixed,TopK_b05,20,0.05,0.15,287.40624999999994,0.0490624999999999,0.9444444444444444,0.0479166666666666,300.0,-12.593750000000057
CART,time,0,fixed,TopK_b05,50,0.05,0.02,99.14027777777775,0.0480694444444443,0.9444444444444444,0.0479166666666666,100.0,-0.8597222222222456
CART,time,0,fixed,TopK_b05,50,0.05,0.05,240.66319444444443,0.048298611111111,0.9444444444444444,0.0479166666666666,250.0,-9.336805555555571
CART,time,0,fixed,TopK_b05,50,0.05,0.1,476.53472222222223,0.0486805555555555,0.9444444444444444,0.0479166666666666,500.0,-23.46527777777777
CART,time,0,fixed,TopK_b05,50,0.05,0.15,712.40625,0.0490624999999999,0.9444444444444444,0.0479166666666666,750.0,-37.59375
CART,time,0,fixed,TopK_b10,5,0.1,0.02,18.484722222222217,0.0981805555555554,0.8888888888888888,0.0979166666666666,10.0,8.484722222222217
CART,time,0,fixed,TopK_b10,5,0.1,0.05,31.52430555555555,0.0985763888888888,0.8888888888888888,0.0979166666666666,25.0,6.52430555555555
CART,time,0,fixed,TopK_b10,5,0.1,0.1,53.25694444444443,0.099236111111111,0.8888888888888888,0.0979166666666666,50.0,3.2569444444444287
CART,time,0,fixed,TopK_b10,5,0.1,0.15,74.98958333333331,0.0998958333333332,0.8888888888888888,0.0979166666666666,75.0,-0.010416666666685614
CART,time,0,fixed,TopK_b10,10,0.1,0.02,27.373611111111103,0.0981805555555554,0.8888888888888888,0.0979166666666666,20.0,7.373611111111103
CART,time,0,fixed,TopK_b10,10,0.1,0.05,53.74652777777776,0.0985763888888888,0.8888888888888888,0.0979166666666666,50.0,3.7465277777777573
CART,time,0,fixed,TopK_b10,10,0.1,0.1,97.70138888888889,0.099236111111111,0.8888888888888888,0.0979166666666666,100.0,-2.2986111111111143
CART,time,0,fixed,TopK_b10,10,0.1,0.15,141.65625,0.0998958333333332,0.8888888888888888,0.0979166666666666,150.0,-8.34375
CART,time,0,fixed,TopK_b10,20,0.1,0.02,45.15138888888888,0.0981805555555554,0.8888888888888888,0.0979166666666666,40.0,5.1513888888888815
CART,time,0,fixed,TopK_b10,20,0.1,0.05,98.1909722222222,0.0985763888888888,0.8888888888888888,0.0979166666666666,100.0,-1.8090277777777999
CART,time,0,fixed,TopK_b10,20,0.1,0.1,186.59027777777777,0.099236111111111,0.8888888888888888,0.0979166666666666,200.0,-13.409722222222229
CART,time,0,fixed,TopK_b10,20,0.1,0.15,274.9895833333333,0.0998958333333332,0.8888888888888888,0.0979166666666666,300.0,-25.010416666666686
CART,time,0,fixed,TopK_b10,50,0.1,0.02,98.4847222222222,0.0981805555555554,0.8888888888888888,0.0979166666666666,100.0,-1.515277777777797
CART,time,0,fixed,TopK_b10,50,0.1,0.05,231.52430555555557,0.0985763888888888,0.8888888888888888,0.0979166666666666,250.0,-18.47569444444443
CART,time,0,fixed,TopK_b10,50,0.1,0.1,453.25694444444446,0.099236111111111,0.8888888888888888,0.0979166666666666,500.0,-46.74305555555554
CART,time,0,fixed,TopK_b10,50,0.1,0.15,674.9895833333333,0.0998958333333332,0.8888888888888888,0.0979166666666666,750.0,-75.01041666666674
CART,time,0,fixed,TopK_b20,5,0.2,0.02,26.20972222222222,0.1954305555555555,0.7222222222222222,0.19375,10.0,16.20972222222222
CART,time,0,fixed,TopK_b20,5,0.2,0.05,36.46180555555556,0.1979513888888888,0.7222222222222222,0.19375,25.0,11.461805555555557
CART,time,0,fixed,TopK_b20,5,0.2,0.1,53.54861111111112,0.2021527777777778,0.7222222222222222,0.19375,50.0,3.5486111111111214
CART,time,0,fixed,TopK_b20,5,0.2,0.15,70.63541666666666,0.2063541666666666,0.7222222222222222,0.19375,75.0,-4.364583333333343
CART,time,0,fixed,TopK_b20,10,0.2,0.02,33.43194444444445,0.1954305555555555,0.7222222222222222,0.19375,20.0,13.431944444444447
CART,time,0,fixed,TopK_b20,10,0.2,0.05,54.51736111111111,0.1979513888888888,0.7222222222222222,0.19375,50.0,4.517361111111107
CART,time,0,fixed,TopK_b20,10,0.2,0.1,89.65972222222223,0.2021527777777778,0.7222222222222222,0.19375,100.0,-10.340277777777771
CART,time,0,fixed,TopK_b20,10,0.2,0.15,124.80208333333334,0.2063541666666666,0.7222222222222222,0.19375,150.0,-25.197916666666657
CART,time,0,fixed,TopK_b20,20,0.2,0.02,47.87638888888889,0.1954305555555555,0.7222222222222222,0.19375,40.0,7.87638888888889
CART,time,0,fixed,TopK_b20,20,0.2,0.05,90.62847222222224,0.1979513888888888,0.7222222222222222,0.19375,100.0,-9.371527777777757
CART,time,0,fixed,TopK_b20,20,0.2,0.1,161.88194444444443,0.2021527777777778,0.7222222222222222,0.19375,200.0,-38.11805555555557
CART,time,0,fixed,TopK_b20,20,0.2,0.15,233.13541666666663,0.2063541666666666,0.7222222222222222,0.19375,300.0,-66.86458333333337
CART,time,0,fixed,TopK_b20,50,0.2,0.02,91.20972222222224,0.1954305555555555,0.7222222222222222,0.19375,100.0,-8.79027777777776
CART,time,0,fixed,TopK_b20,50,0.2,0.05,198.9618055555556,0.1979513888888888,0.7222222222222222,0.19375,250.0,-51.0381944444444
CART,time,0,fixed,TopK_b20,50,0.2,0.1,378.5486111111111,0.2021527777777778,0.7222222222222222,0.19375,500.0,-121.45138888888891
CART,time,0,fixed,TopK_b20,50,0.2,0.15,558.1354166666667,0.2063541666666666,0.7222222222222222,0.19375,750.0,-191.86458333333326
CART,time,0,refitted,none,5,,0.02,10.0,0.0,1.0,0.0,10.0,0.0
CART,time,0,refitted,none,5,,0.05,25.0,0.0,1.0,0.0,25.0,0.0
CART,time,0,refitted,none,5,,0.1,50.0,0.0,1.0,0.0,50.0,0.0
CART,time,0,refitted,none,5,,0.15,75.0,0.0,1.0,0.0,75.0,0.0
CART,time,0,refitted,none,10,,0.02,20.0,0.0,1.0,0.0,20.0,0.0
CART,time,0,refitted,none,10,,0.05,50.0,0.0,1.0,0.0,50.0,0.0
CART,time,0,refitted,none,10,,0.1,100.0,0.0,1.0,0.0,100.0,0.0
CART,time,0,refitted,none,10,,0.15,150.0,0.0,1.0,0.0,150.0,0.0
CART,time,0,refitted,none,20,,0.02,40.0,0.0,1.0,0.0,40.0,0.0
CART,time,0,refitted,none,20,,0.05,100.0,0.0,1.0,0.0,100.0,0.0
CART,time,0,refitted,none,20,,0.1,200.0,0.0,1.0,0.0,200.0,0.0
CART,time,0,refitted,none,20,,0.15,300.0,0.0,1.0,0.0,300.0,0.0
CART,time,0,refitted,none,50,,0.02,100.0,0.0,1.0,0.0,100.0,0.0
CART,time,0,refitted,none,50,,0.05,250.0,0.0,1.0,0.0,250.0,0.0
CART,time,0,refitted,none,50,,0.1,500.0,0.0,1.0,0.0,500.0,0.0
CART,time,0,refitted,none,50,,0.15,750.0,0.0,1.0,0.0,750.0,0.0
CART,time,0,refitted,A_b01,5,0.01,0.02,10.204166666666664,0.0020416666666666,1.0,0.0020833333333333,10.0,0.20416666666666394
CART,time,0,refitted,A_b01,5,0.01,0.05,25.197916666666664,0.0019791666666666,1.0,0.0020833333333333,25.0,0.1979166666666643
CART,time,0,refitted,A_b01,5,0.01,0.1,50.18749999999999,0.0018749999999999,1.0,0.0020833333333333,50.0,0.1874999999999929
CART,time,0,refitted,A_b01,5,0.01,0.15,75.17708333333333,0.0017708333333333,1.0,0.0020833333333333,75.0,0.1770833333333286
CART,time,0,refitted,A_b01,10,0.01,0.02,20.204166666666666,0.0020416666666666,1.0,0.0020833333333333,20.0,0.20416666666666572
CART,time,0,refitted,A_b01,10,0.01,0.05,50.19791666666666,0.0019791666666666,1.0,0.0020833333333333,50.0,0.1979166666666572
CART,time,0,refitted,A_b01,10,0.01,0.1,100.1875,0.0018749999999999,1.0,0.0020833333333333,100.0,0.1875
CART,time,0,refitted,A_b01,10,0.01,0.15,150.17708333333331,0.0017708333333333,1.0,0.0020833333333333,150.0,0.17708333333331439
CART,time,0,refitted,A_b01,20,0.01,0.02,40.204166666666666,0.0020416666666666,1.0,0.0020833333333333,40.0,0.20416666666666572
CART,time,0,refitted,A_b01,20,0.01,0.05,100.19791666666666,0.0019791666666666,1.0,0.0020833333333333,100.0,0.1979166666666572
CART,time,0,refitted,A_b01,20,0.01,0.1,200.1875,0.0018749999999999,1.0,0.0020833333333333,200.0,0.1875
CART,time,0,refitted,A_b01,20,0.01,0.15,300.17708333333337,0.0017708333333333,1.0,0.0020833333333333,300.0,0.17708333333337123
CART,time,0,refitted,A_b01,50,0.01,0.02,100.20416666666668,0.0020416666666666,1.0,0.0020833333333333,100.0,0.20416666666667993
CART,time,0,refitted,A_b01,50,0.01,0.05,250.19791666666663,0.0019791666666666,1.0,0.0020833333333333,250.0,0.19791666666662877
CART,time,0,refitted,A_b01,50,0.01,0.1,500.1875,0.0018749999999999,1.0,0.0020833333333333,500.0,0.1875
CART,time,0,refitted,A_b01,50,0.01,0.15,750.1770833333334,0.0017708333333333,1.0,0.0020833333333333,750.0,0.17708333333337123
CART,time,0,refitted,A_b05,5,0.05,0.02,10.204166666666664,0.0020416666666666,1.0,0.0020833333333333,10.0,0.20416666666666394
CART,time,0,refitted,A_b05,5,0.05,0.05,25.197916666666664,0.0019791666666666,1.0,0.0020833333333333,25.0,0.1979166666666643
CART,time,0,refitted,A_b05,5,0.05,0.1,50.18749999999999,0.0018749999999999,1.0,0.0020833333333333,50.0,0.1874999999999929
CART,time,0,refitted,A_b05,5,0.05,0.15,75.17708333333333,0.0017708333333333,1.0,0.0020833333333333,75.0,0.1770833333333286
CART,time,0,refitted,A_b05,10,0.05,0.02,20.204166666666666,0.0020416666666666,1.0,0.0020833333333333,20.0,0.20416666666666572
CART,time,0,refitted,A_b05,10,0.05,0.05,50.19791666666666,0.0019791666666666,1.0,0.0020833333333333,50.0,0.1979166666666572
CART,time,0,refitted,A_b05,10,0.05,0.1,100.1875,0.0018749999999999,1.0,0.0020833333333333,100.0,0.1875
CART,time,0,refitted,A_b05,10,0.05,0.15,150.17708333333331,0.0017708333333333,1.0,0.0020833333333333,150.0,0.17708333333331439
CART,time,0,refitted,A_b05,20,0.05,0.02,40.204166666666666,0.0020416666666666,1.0,0.0020833333333333,40.0,0.20416666666666572
CART,time,0,refitted,A_b05,20,0.05,0.05,100.19791666666666,0.0019791666666666,1.0,0.0020833333333333,100.0,0.1979166666666572
CART,time,0,refitted,A_b05,20,0.05,0.1,200.1875,0.0018749999999999,1.0,0.0020833333333333,200.0,0.1875
CART,time,0,refitted,A_b05,20,0.05,0.15,300.17708333333337,0.0017708333333333,1.0,0.0020833333333333,300.0,0.17708333333337123
CART,time,0,refitted,A_b05,50,0.05,0.02,100.20416666666668,0.0020416666666666,1.0,0.0020833333333333,100.0,0.20416666666667993
CART,time,0,refitted,A_b05,50,0.05,0.05,250.19791666666663,0.0019791666666666,1.0,0.0020833333333333,250.0,0.19791666666662877
CART,time,0,refitted,A_b05,50,0.05,0.1,500.1875,0.0018749999999999,1.0,0.0020833333333333,500.0,0.1875
CART,time,0,refitted,A_b05,50,0.05,0.15,750.1770833333334,0.0017708333333333,1.0,0.0020833333333333,750.0,0.17708333333337123
CART,time,0,refitted,A_b10,5,0.1,0.02,10.408333333333328,0.0040833333333332,1.0,0.0041666666666666,10.0,0.4083333333333279
CART,time,0,refitted,A_b10,5,0.1,0.05,25.39583333333333,0.0039583333333332,1.0,0.0041666666666666,25.0,0.3958333333333286
CART,time,0,refitted,A_b10,5,0.1,0.1,50.37499999999999,0.0037499999999999,1.0,0.0041666666666666,50.0,0.3749999999999929
CART,time,0,refitted,A_b10,5,0.1,0.15,75.35416666666666,0.0035416666666666,1.0,0.0041666666666666,75.0,0.3541666666666572
CART,time,0,refitted,A_b10,10,0.1,0.02,20.408333333333328,0.0040833333333332,1.0,0.0041666666666666,20.0,0.4083333333333279
CART,time,0,refitted,A_b10,10,0.1,0.05,50.39583333333333,0.0039583333333332,1.0,0.0041666666666666,50.0,0.3958333333333286
CART,time,0,refitted,A_b10,10,0.1,0.1,100.375,0.0037499999999999,1.0,0.0041666666666666,100.0,0.375
CART,time,0,refitted,A_b10,10,0.1,0.15,150.35416666666666,0.0035416666666666,1.0,0.0041666666666666,150.0,0.3541666666666572
CART,time,0,refitted,A_b10,20,0.1,0.02,40.40833333333333,0.0040833333333332,1.0,0.0041666666666666,40.0,0.40833333333333144
CART,time,0,refitted,A_b10,20,0.1,0.05,100.39583333333331,0.0039583333333332,1.0,0.0041666666666666,100.0,0.3958333333333144
CART,time,0,refitted,A_b10,20,0.1,0.1,200.375,0.0037499999999999,1.0,0.0041666666666666,200.0,0.375
CART,time,0,refitted,A_b10,20,0.1,0.15,300.35416666666663,0.0035416666666666,1.0,0.0041666666666666,300.0,0.35416666666662877
CART,time,0,refitted,A_b10,50,0.1,0.02,100.40833333333332,0.0040833333333332,1.0,0.0041666666666666,100.0,0.4083333333333172
CART,time,0,refitted,A_b10,50,0.1,0.05,250.3958333333333,0.0039583333333332,1.0,0.0041666666666666,250.0,0.39583333333328596
CART,time,0,refitted,A_b10,50,0.1,0.1,500.375,0.0037499999999999,1.0,0.0041666666666666,500.0,0.375
CART,time,0,refitted,A_b10,50,0.1,0.15,750.3541666666667,0.0035416666666666,1.0,0.0041666666666666,750.0,0.35416666666674246
CART,time,0,refitted,A_b20,5,0.2,0.02,10.816666666666665,0.0081666666666666,1.0,0.0083333333333333,10.0,0.8166666666666647
CART,time,0,refitted,A_b20,5,0.2,0.05,25.791666666666664,0.0079166666666666,1.0,0.0083333333333333,25.0,0.7916666666666643
CART,time,0,refitted,A_b20,5,0.2,0.1,50.74999999999999,0.0074999999999999,1.0,0.0083333333333333,50.0,0.7499999999999929
CART,time,0,refitted,A_b20,5,0.2,0.15,75.70833333333333,0.0070833333333333,1.0,0.0083333333333333,75.0,0.7083333333333286
CART,time,0,refitted,A_b20,10,0.2,0.02,20.816666666666663,0.0081666666666666,1.0,0.0083333333333333,20.0,0.8166666666666629
CART,time,0,refitted,A_b20,10,0.2,0.05,50.79166666666667,0.0079166666666666,1.0,0.0083333333333333,50.0,0.7916666666666714
CART,time,0,refitted,A_b20,10,0.2,0.1,100.75,0.0074999999999999,1.0,0.0083333333333333,100.0,0.75
CART,time,0,refitted,A_b20,10,0.2,0.15,150.70833333333334,0.0070833333333333,1.0,0.0083333333333333,150.0,0.7083333333333428
CART,time,0,refitted,A_b20,20,0.2,0.02,40.81666666666667,0.0081666666666666,1.0,0.0083333333333333,40.0,0.81666666666667
CART,time,0,refitted,A_b20,20,0.2,0.05,100.79166666666666,0.0079166666666666,1.0,0.0083333333333333,100.0,0.7916666666666572
CART,time,0,refitted,A_b20,20,0.2,0.1,200.75,0.0074999999999999,1.0,0.0083333333333333,200.0,0.75
CART,time,0,refitted,A_b20,20,0.2,0.15,300.7083333333333,0.0070833333333333,1.0,0.0083333333333333,300.0,0.7083333333333144
CART,time,0,refitted,A_b20,50,0.2,0.02,100.81666666666666,0.0081666666666666,1.0,0.0083333333333333,100.0,0.8166666666666629
CART,time,0,refitted,A_b20,50,0.2,0.05,250.79166666666663,0.0079166666666666,1.0,0.0083333333333333,250.0,0.7916666666666288
CART,time,0,refitted,A_b20,50,0.2,0.1,500.75,0.0074999999999999,1.0,0.0083333333333333,500.0,0.75
CART,time,0,refitted,A_b20,50,0.2,0.15,750.7083333333333,0.0070833333333333,1.0,0.0083333333333333,750.0,0.7083333333332575
CART,time,0,refitted,B_r05,5,,0.02,27.32777777777778,0.2299444444444444,0.5277777777777778,0.225,10.0,17.32777777777778
CART,time,0,refitted,B_r05,5,,0.05,34.56944444444444,0.2373611111111111,0.5277777777777778,0.225,25.0,9.569444444444443
CART,time,0,refitted,B_r05,5,,0.1,46.63888888888889,0.2497222222222222,0.5277777777777778,0.225,50.0,-3.361111111111107
CART,time,0,refitted,B_r05,5,,0.15,58.70833333333334,0.2620833333333333,0.5277777777777778,0.225,75.0,-16.291666666666657
CART,time,0,refitted,B_r10,10,,0.02,98.0,1.0,0.0,1.0,20.0,78.0
CART,time,0,refitted,B_r10,10,,0.05,95.0,1.0,0.0,1.0,50.0,45.0
CART,time,0,refitted,B_r10,10,,0.1,90.0,1.0,0.0,1.0,100.0,-10.0
CART,time,0,refitted,B_r10,10,,0.15,85.0,1.0,0.0,1.0,150.0,-65.0
CART,time,0,refitted,B_r20,20,,0.02,98.0,1.0,0.0,1.0,40.0,58.0
CART,time,0,refitted,B_r20,20,,0.05,95.0,1.0,0.0,1.0,100.0,-5.0
CART,time,0,refitted,B_r20,20,,0.1,90.0,1.0,0.0,1.0,200.0,-110.0
CART,time,0,refitted,B_r20,20,,0.15,85.0,1.0,0.0,1.0,300.0,-215.0
CART,time,0,refitted,B_r50,50,,0.02,98.0,1.0,0.0,1.0,100.0,-2.0
CART,time,0,refitted,B_r50,50,,0.05,95.0,1.0,0.0,1.0,250.0,-155.0
CART,time,0,refitted,B_r50,50,,0.1,90.0,1.0,0.0,1.0,500.0,-410.0
CART,time,0,refitted,B_r50,50,,0.15,85.0,1.0,0.0,1.0,750.0,-665.0
CART,time,0,refitted,C_b01_r05,5,0.01,0.02,10.0,0.0,1.0,0.0,10.0,0.0
CART,time,0,refitted,C_b01_r05,5,0.01,0.05,25.0,0.0,1.0,0.0,25.0,0.0
CART,time,0,refitted,C_b01_r05,5,0.01,0.1,50.0,0.0,1.0,0.0,50.0,0.0
CART,time,0,refitted,C_b01_r05,5,0.01,0.15,75.0,0.0,1.0,0.0,75.0,0.0
CART,time,0,refitted,C_b01_r10,10,0.01,0.02,20.0,0.0,1.0,0.0,20.0,0.0
CART,time,0,refitted,C_b01_r10,10,0.01,0.05,50.0,0.0,1.0,0.0,50.0,0.0
CART,time,0,refitted,C_b01_r10,10,0.01,0.1,100.0,0.0,1.0,0.0,100.0,0.0
CART,time,0,refitted,C_b01_r10,10,0.01,0.15,150.0,0.0,1.0,0.0,150.0,0.0
CART,time,0,refitted,C_b01_r20,20,0.01,0.02,40.0,0.0,1.0,0.0,40.0,0.0
CART,time,0,refitted,C_b01_r20,20,0.01,0.05,100.0,0.0,1.0,0.0,100.0,0.0
CART,time,0,refitted,C_b01_r20,20,0.01,0.1,200.0,0.0,1.0,0.0,200.0,0.0
CART,time,0,refitted,C_b01_r20,20,0.01,0.15,300.0,0.0,1.0,0.0,300.0,0.0
CART,time,0,refitted,C_b01_r50,50,0.01,0.02,100.0,0.0,1.0,0.0,100.0,0.0
CART,time,0,refitted,C_b01_r50,50,0.01,0.05,250.0,0.0,1.0,0.0,250.0,0.0
CART,time,0,refitted,C_b01_r50,50,0.01,0.1,500.0,0.0,1.0,0.0,500.0,0.0
CART,time,0,refitted,C_b01_r50,50,0.01,0.15,750.0,0.0,1.0,0.0,750.0,0.0
CART,time,0,refitted,C_b05_r05,5,0.05,0.02,10.204166666666664,0.0020416666666666,1.0,0.0020833333333333,10.0,0.20416666666666394
CART,time,0,refitted,C_b05_r05,5,0.05,0.05,25.197916666666664,0.0019791666666666,1.0,0.0020833333333333,25.0,0.1979166666666643
CART,time,0,refitted,C_b05_r05,5,0.05,0.1,50.18749999999999,0.0018749999999999,1.0,0.0020833333333333,50.0,0.1874999999999929
CART,time,0,refitted,C_b05_r05,5,0.05,0.15,75.17708333333333,0.0017708333333333,1.0,0.0020833333333333,75.0,0.1770833333333286
CART,time,0,refitted,C_b05_r10,10,0.05,0.02,20.204166666666666,0.0020416666666666,1.0,0.0020833333333333,20.0,0.20416666666666572
CART,time,0,refitted,C_b05_r10,10,0.05,0.05,50.19791666666666,0.0019791666666666,1.0,0.0020833333333333,50.0,0.1979166666666572
CART,time,0,refitted,C_b05_r10,10,0.05,0.1,100.1875,0.0018749999999999,1.0,0.0020833333333333,100.0,0.1875
CART,time,0,refitted,C_b05_r10,10,0.05,0.15,150.17708333333331,0.0017708333333333,1.0,0.0020833333333333,150.0,0.17708333333331439
CART,time,0,refitted,C_b05_r20,20,0.05,0.02,40.204166666666666,0.0020416666666666,1.0,0.0020833333333333,40.0,0.20416666666666572
CART,time,0,refitted,C_b05_r20,20,0.05,0.05,100.19791666666666,0.0019791666666666,1.0,0.0020833333333333,100.0,0.1979166666666572
CART,time,0,refitted,C_b05_r20,20,0.05,0.1,200.1875,0.0018749999999999,1.0,0.0020833333333333,200.0,0.1875
CART,time,0,refitted,C_b05_r20,20,0.05,0.15,300.17708333333337,0.0017708333333333,1.0,0.0020833333333333,300.0,0.17708333333337123
CART,time,0,refitted,C_b05_r50,50,0.05,0.02,100.20416666666668,0.0020416666666666,1.0,0.0020833333333333,100.0,0.20416666666667993
CART,time,0,refitted,C_b05_r50,50,0.05,0.05,250.19791666666663,0.0019791666666666,1.0,0.0020833333333333,250.0,0.19791666666662877
CART,time,0,refitted,C_b05_r50,50,0.05,0.1,500.1875,0.0018749999999999,1.0,0.0020833333333333,500.0,0.1875
CART,time,0,refitted,C_b05_r50,50,0.05,0.15,750.1770833333334,0.0017708333333333,1.0,0.0020833333333333,750.0,0.17708333333337123
CART,time,0,refitted,C_b10_r05,5,0.1,0.02,10.204166666666664,0.0020416666666666,1.0,0.0020833333333333,10.0,0.20416666666666394
CART,time,0,refitted,C_b10_r05,5,0.1,0.05,25.197916666666664,0.0019791666666666,1.0,0.0020833333333333,25.0,0.1979166666666643
CART,time,0,refitted,C_b10_r05,5,0.1,0.1,50.18749999999999,0.0018749999999999,1.0,0.0020833333333333,50.0,0.1874999999999929
CART,time,0,refitted,C_b10_r05,5,0.1,0.15,75.17708333333333,0.0017708333333333,1.0,0.0020833333333333,75.0,0.1770833333333286
CART,time,0,refitted,C_b10_r10,10,0.1,0.02,20.204166666666666,0.0020416666666666,1.0,0.0020833333333333,20.0,0.20416666666666572
CART,time,0,refitted,C_b10_r10,10,0.1,0.05,50.19791666666666,0.0019791666666666,1.0,0.0020833333333333,50.0,0.1979166666666572
CART,time,0,refitted,C_b10_r10,10,0.1,0.1,100.1875,0.0018749999999999,1.0,0.0020833333333333,100.0,0.1875
CART,time,0,refitted,C_b10_r10,10,0.1,0.15,150.17708333333331,0.0017708333333333,1.0,0.0020833333333333,150.0,0.17708333333331439
CART,time,0,refitted,C_b10_r20,20,0.1,0.02,40.204166666666666,0.0020416666666666,1.0,0.0020833333333333,40.0,0.20416666666666572
CART,time,0,refitted,C_b10_r20,20,0.1,0.05,100.19791666666666,0.0019791666666666,1.0,0.0020833333333333,100.0,0.1979166666666572
CART,time,0,refitted,C_b10_r20,20,0.1,0.1,200.1875,0.0018749999999999,1.0,0.0020833333333333,200.0,0.1875
CART,time,0,refitted,C_b10_r20,20,0.1,0.15,300.17708333333337,0.0017708333333333,1.0,0.0020833333333333,300.0,0.17708333333337123
CART,time,0,refitted,C_b10_r50,50,0.1,0.02,100.20416666666668,0.0020416666666666,1.0,0.0020833333333333,100.0,0.20416666666667993
CART,time,0,refitted,C_b10_r50,50,0.1,0.05,250.19791666666663,0.0019791666666666,1.0,0.0020833333333333,250.0,0.19791666666662877
CART,time,0,refitted,C_b10_r50,50,0.1,0.1,500.1875,0.0018749999999999,1.0,0.0020833333333333,500.0,0.1875
CART,time,0,refitted,C_b10_r50,50,0.1,0.15,750.1770833333334,0.0017708333333333,1.0,0.0020833333333333,750.0,0.17708333333337123
CART,time,0,refitted,C_b20_r05,5,0.2,0.02,10.816666666666665,0.0081666666666666,1.0,0.0083333333333333,10.0,0.8166666666666647
CART,time,0,refitted,C_b20_r05,5,0.2,0.05,25.791666666666664,0.0079166666666666,1.0,0.0083333333333333,25.0,0.7916666666666643
CART,time,0,refitted,C_b20_r05,5,0.2,0.1,50.74999999999999,0.0074999999999999,1.0,0.0083333333333333,50.0,0.7499999999999929
CART,time,0,refitted,C_b20_r05,5,0.2,0.15,75.70833333333333,0.0070833333333333,1.0,0.0083333333333333,75.0,0.7083333333333286
CART,time,0,refitted,C_b20_r10,10,0.2,0.02,20.816666666666663,0.0081666666666666,1.0,0.0083333333333333,20.0,0.8166666666666629
CART,time,0,refitted,C_b20_r10,10,0.2,0.05,50.79166666666667,0.0079166666666666,1.0,0.0083333333333333,50.0,0.7916666666666714
CART,time,0,refitted,C_b20_r10,10,0.2,0.1,100.75,0.0074999999999999,1.0,0.0083333333333333,100.0,0.75
CART,time,0,refitted,C_b20_r10,10,0.2,0.15,150.70833333333334,0.0070833333333333,1.0,0.0083333333333333,150.0,0.7083333333333428
CART,time,0,refitted,C_b20_r20,20,0.2,0.02,40.81666666666667,0.0081666666666666,1.0,0.0083333333333333,40.0,0.81666666666667
CART,time,0,refitted,C_b20_r20,20,0.2,0.05,100.79166666666666,0.0079166666666666,1.0,0.0083333333333333,100.0,0.7916666666666572
CART,time,0,refitted,C_b20_r20,20,0.2,0.1,200.75,0.0074999999999999,1.0,0.0083333333333333,200.0,0.75
CART,time,0,refitted,C_b20_r20,20,0.2,0.15,300.7083333333333,0.0070833333333333,1.0,0.0083333333333333,300.0,0.7083333333333144
CART,time,0,refitted,C_b20_r50,50,0.2,0.02,100.81666666666666,0.0081666666666666,1.0,0.0083333333333333,100.0,0.8166666666666629
CART,time,0,refitted,C_b20_r50,50,0.2,0.05,250.79166666666663,0.0079166666666666,1.0,0.0083333333333333,250.0,0.7916666666666288
CART,time,0,refitted,C_b20_r50,50,0.2,0.1,500.75,0.0074999999999999,1.0,0.0083333333333333,500.0,0.75
CART,time,0,refitted,C_b20_r50,50,0.2,0.15,750.7083333333333,0.0070833333333333,1.0,0.0083333333333333,750.0,0.7083333333332575
CART,time,0,refitted,TopK_b01,5,0.01,0.02,11.020833333333329,0.0102083333333332,1.0,0.0104166666666666,10.0,1.0208333333333286
CART,time,0,refitted,TopK_b01,5,0.01,0.05,25.98958333333333,0.0098958333333332,1.0,0.0104166666666666,25.0,0.9895833333333286
CART,time,0,refitted,TopK_b01,5,0.01,0.1,50.93749999999999,0.0093749999999999,1.0,0.0104166666666666,50.0,0.9374999999999929
CART,time,0,refitted,TopK_b01,5,0.01,0.15,75.88541666666666,0.0088541666666666,1.0,0.0104166666666666,75.0,0.8854166666666572
CART,time,0,refitted,TopK_b01,10,0.01,0.02,21.02083333333333,0.0102083333333332,1.0,0.0104166666666666,20.0,1.0208333333333286
CART,time,0,refitted,TopK_b01,10,0.01,0.05,50.98958333333332,0.0098958333333332,1.0,0.0104166666666666,50.0,0.9895833333333215
CART,time,0,refitted,TopK_b01,10,0.01,0.1,100.9375,0.0093749999999999,1.0,0.0104166666666666,100.0,0.9375
CART,time,0,refitted,TopK_b01,10,0.01,0.15,150.88541666666666,0.0088541666666666,1.0,0.0104166666666666,150.0,0.8854166666666572
CART,time,0,refitted,TopK_b01,20,0.01,0.02,41.02083333333333,0.0102083333333332,1.0,0.0104166666666666,40.0,1.0208333333333286
CART,time,0,refitted,TopK_b01,20,0.01,0.05,100.98958333333331,0.0098958333333332,1.0,0.0104166666666666,100.0,0.9895833333333144
CART,time,0,refitted,TopK_b01,20,0.01,0.1,200.9375,0.0093749999999999,1.0,0.0104166666666666,200.0,0.9375
CART,time,0,refitted,TopK_b01,20,0.01,0.15,300.8854166666667,0.0088541666666666,1.0,0.0104166666666666,300.0,0.8854166666666856
CART,time,0,refitted,TopK_b01,50,0.01,0.02,101.02083333333334,0.0102083333333332,1.0,0.0104166666666666,100.0,1.0208333333333428
CART,time,0,refitted,TopK_b01,50,0.01,0.05,250.9895833333333,0.0098958333333332,1.0,0.0104166666666666,250.0,0.989583333333286
CART,time,0,refitted,TopK_b01,50,0.01,0.1,500.93750000000006,0.0093749999999999,1.0,0.0104166666666666,500.0,0.9375000000000568
CART,time,0,refitted,TopK_b01,50,0.01,0.15,750.8854166666666,0.0088541666666666,1.0,0.0104166666666666,750.0,0.8854166666666288
CART,time,0,refitted,TopK_b05,5,0.05,0.02,14.622222222222222,0.0495555555555555,0.9722222222222222,0.05,10.0,4.622222222222222
CART,time,0,refitted,TopK_b05,5,0.05,0.05,29.05555555555556,0.0488888888888888,0.9722222222222222,0.05,25.0,4.055555555555561
CART,time,0,refitted,TopK_b05,5,0.05,0.1,53.11111111111111,0.0477777777777777,0.9722222222222222,0.05,50.0,3.111111111111107
CART,time,0,refitted,TopK_b05,5,0.05,0.15,77.16666666666666,0.0466666666666666,0.9722222222222222,0.05,75.0,2.166666666666657
CART,time,0,refitted,TopK_b05,10,0.05,0.02,24.344444444444445,0.0495555555555555,0.9722222222222222,0.05,20.0,4.344444444444445
CART,time,0,refitted,TopK_b05,10,0.05,0.05,53.36111111111112,0.0488888888888888,0.9722222222222222,0.05,50.0,3.3611111111111214
CART,time,0,refitted,TopK_b05,10,0.05,0.1,101.72222222222224,0.0477777777777777,0.9722222222222222,0.05,100.0,1.7222222222222427
CART,time,0,refitted,TopK_b05,10,0.05,0.15,150.08333333333331,0.0466666666666666,0.9722222222222222,0.05,150.0,0.08333333333331439
CART,time,0,refitted,TopK_b05,20,0.05,0.02,43.78888888888889,0.0495555555555555,0.9722222222222222,0.05,40.0,3.7888888888888914
CART,time,0,refitted,TopK_b05,20,0.05,0.05,101.9722222222222,0.0488888888888888,0.9722222222222222,0.05,100.0,1.9722222222222001
CART,time,0,refitted,TopK_b05,20,0.05,0.1,198.94444444444443,0.0477777777777777,0.9722222222222222,0.05,200.0,-1.0555555555555713
CART,time,0,refitted,TopK_b05,20,0.05,0.15,295.91666666666663,0.0466666666666666,0.9722222222222222,0.05,300.0,-4.083333333333371
CART,time,0,refitted,TopK_b05,50,0.05,0.02,102.12222222222222,0.0495555555555555,0.9722222222222222,0.05,100.0,2.12222222222222
CART,time,0,refitted,TopK_b05,50,0.05,0.05,247.80555555555551,0.0488888888888888,0.9722222222222222,0.05,250.0,-2.1944444444444855
CART,time,0,refitted,TopK_b05,50,0.05,0.1,490.6111111111111,0.0477777777777777,0.9722222222222222,0.05,500.0,-9.388888888888914
CART,time,0,refitted,TopK_b05,50,0.05,0.15,733.4166666666667,0.0466666666666666,0.9722222222222222,0.05,750.0,-16.583333333333258
CART,time,0,refitted,TopK_b10,5,0.1,0.02,18.002777777777776,0.0966944444444444,0.8611111111111112,0.0958333333333333,10.0,8.002777777777776
CART,time,0,refitted,TopK_b10,5,0.1,0.05,30.631944444444443,0.097986111111111,0.8611111111111112,0.0958333333333333,25.0,5.631944444444443
CART,time,0,refitted,TopK_b10,5,0.1,0.1,51.68055555555555,0.1001388888888888,0.8611111111111112,0.0958333333333333,50.0,1.68055555555555
CART,time,0,refitted,TopK_b10,5,0.1,0.15,72.72916666666667,0.1022916666666666,0.8611111111111112,0.0958333333333333,75.0,-2.2708333333333286
CART,time,0,refitted,TopK_b10,10,0.1,0.02,26.613888888888887,0.0966944444444444,0.8611111111111112,0.0958333333333333,20.0,6.613888888888887
CART,time,0,refitted,TopK_b10,10,0.1,0.05,52.15972222222223,0.097986111111111,0.8611111111111112,0.0958333333333333,50.0,2.1597222222222285
CART,time,0,refitted,TopK_b10,10,0.1,0.1,94.73611111111111,0.1001388888888888,0.8611111111111112,0.0958333333333333,100.0,-5.263888888888886
CART,time,0,refitted,TopK_b10,10,0.1,0.15,137.3125,0.1022916666666666,0.8611111111111112,0.0958333333333333,150.0,-12.6875
CART,time,0,refitted,TopK_b10,20,0.1,0.02,43.83611111111112,0.0966944444444444,0.8611111111111112,0.0958333333333333,40.0,3.836111111111123
CART,time,0,refitted,TopK_b10,20,0.1,0.05,95.2152777777778,0.097986111111111,0.8611111111111112,0.0958333333333333,100.0,-4.7847222222222
CART,time,0,refitted,TopK_b10,20,0.1,0.1,180.84722222222223,0.1001388888888888,0.8611111111111112,0.0958333333333333,200.0,-19.15277777777777
CART,time,0,refitted,TopK_b10,20,0.1,0.15,266.4791666666667,0.1022916666666666,0.8611111111111112,0.0958333333333333,300.0,-33.520833333333314
CART,time,0,refitted,TopK_b10,50,0.1,0.02,95.50277777777778,0.0966944444444444,0.8611111111111112,0.0958333333333333,100.0,-4.49722222222222
CART,time,0,refitted,TopK_b10,50,0.1,0.05,224.3819444444444,0.097986111111111,0.8611111111111112,0.0958333333333333,250.0,-25.6180555555556
CART,time,0,refitted,TopK_b10,50,0.1,0.1,439.1805555555555,0.1001388888888888,0.8611111111111112,0.0958333333333333,500.0,-60.819444444444514
CART,time,0,refitted,TopK_b10,50,0.1,0.15,653.9791666666667,0.1022916666666666,0.8611111111111112,0.0958333333333333,750.0,-96.02083333333326
CART,time,0,refitted,TopK_b20,5,0.2,0.02,24.76388888888889,0.1909722222222222,0.6388888888888888,0.1875,10.0,14.76388888888889
CART,time,0,refitted,TopK_b20,5,0.2,0.05,33.78472222222222,0.1961805555555555,0.6388888888888888,0.1875,25.0,8.784722222222221
CART,time,0,refitted,TopK_b20,5,0.2,0.1,48.81944444444444,0.2048611111111111,0.6388888888888888,0.1875,50.0,-1.1805555555555571
CART,time,0,refitted,TopK_b20,5,0.2,0.15,63.85416666666666,0.2135416666666666,0.6388888888888888,0.1875,75.0,-11.145833333333343
CART,time,0,refitted,TopK_b20,10,0.2,0.02,31.15277777777777,0.1909722222222222,0.6388888888888888,0.1875,20.0,11.152777777777771
CART,time,0,refitted,TopK_b20,10,0.2,0.05,49.75694444444444,0.1961805555555555,0.6388888888888888,0.1875,50.0,-0.24305555555555713
CART,time,0,refitted,TopK_b20,10,0.2,0.1,80.76388888888889,0.2048611111111111,0.6388888888888888,0.1875,100.0,-19.236111111111114
CART,time,0,refitted,TopK_b20,10,0.2,0.15,111.77083333333331,0.2135416666666666,0.6388888888888888,0.1875,150.0,-38.229166666666686
CART,time,0,refitted,TopK_b20,20,0.2,0.02,43.93055555555555,0.1909722222222222,0.6388888888888888,0.1875,40.0,3.93055555555555
CART,time,0,refitted,TopK_b20,20,0.2,0.05,81.70138888888889,0.1961805555555555,0.6388888888888888,0.1875,100.0,-18.298611111111114
CART,time,0,refitted,TopK_b20,20,0.2,0.1,144.65277777777777,0.2048611111111111,0.6388888888888888,0.1875,200.0,-55.34722222222223
CART,time,0,refitted,TopK_b20,20,0.2,0.15,207.60416666666663,0.2135416666666666,0.6388888888888888,0.1875,300.0,-92.39583333333337
CART,time,0,refitted,TopK_b20,50,0.2,0.02,82.26388888888889,0.1909722222222222,0.6388888888888888,0.1875,100.0,-17.736111111111114
CART,time,0,refitted,TopK_b20,50,0.2,0.05,177.5347222222222,0.1961805555555555,0.6388888888888888,0.1875,250.0,-72.4652777777778
CART,time,0,refitted,TopK_b20,50,0.2,0.1,336.31944444444446,0.2048611111111111,0.6388888888888888,0.1875,500.0,-163.68055555555554
CART,time,0,refitted,TopK_b20,50,0.2,0.15,495.1041666666666,0.2135416666666666,0.6388888888888888,0.1875,750.0,-254.89583333333343
CART,time,1,fixed,none,5,,0.02,10.0,0.0,1.0,0.0,10.0,0.0
CART,time,1,fixed,none,5,,0.05,25.0,0.0,1.0,0.0,25.0,0.0
CART,time,1,fixed,none,5,,0.1,50.0,0.0,1.0,0.0,50.0,0.0
CART,time,1,fixed,none,5,,0.15,75.0,0.0,1.0,0.0,75.0,0.0
CART,time,1,fixed,none,10,,0.02,20.0,0.0,1.0,0.0,20.0,0.0
CART,time,1,fixed,none,10,,0.05,50.0,0.0,1.0,0.0,50.0,0.0
CART,time,1,fixed,none,10,,0.1,100.0,0.0,1.0,0.0,100.0,0.0
CART,time,1,fixed,none,10,,0.15,150.0,0.0,1.0,0.0,150.0,0.0
CART,time,1,fixed,none,20,,0.02,40.0,0.0,1.0,0.0,40.0,0.0
CART,time,1,fixed,none,20,,0.05,100.0,0.0,1.0,0.0,100.0,0.0
CART,time,1,fixed,none,20,,0.1,200.0,0.0,1.0,0.0,200.0,0.0
CART,time,1,fixed,none,20,,0.15,300.0,0.0,1.0,0.0,300.0,0.0
CART,time,1,fixed,none,50,,0.02,100.0,0.0,1.0,0.0,100.0,0.0
CART,time,1,fixed,none,50,,0.05,250.0,0.0,1.0,0.0,250.0,0.0
CART,time,1,fixed,none,50,,0.1,500.0,0.0,1.0,0.0,500.0,0.0
CART,time,1,fixed,none,50,,0.15,750.0,0.0,1.0,0.0,750.0,0.0
CART,time,1,fixed,A_b01,5,0.01,0.02,10.970297029702971,0.0097029702970297,1.0,0.0099009900990099,10.0,0.9702970297029712
CART,time,1,fixed,A_b01,5,0.01,0.05,25.940594059405942,0.0094059405940594,1.0,0.0099009900990099,25.0,0.9405940594059423
CART,time,1,fixed,A_b01,5,0.01,0.1,50.89108910891089,0.0089108910891089,1.0,0.0099009900990099,50.0,0.8910891089108901
CART,time,1,fixed,A_b01,5,0.01,0.15,75.84158415841584,0.0084158415841584,1.0,0.0099009900990099,75.0,0.8415841584158414
CART,time,1,fixed,A_b01,10,0.01,0.02,20.970297029702973,0.0097029702970297,1.0,0.0099009900990099,20.0,0.9702970297029729
CART,time,1,fixed,A_b01,10,0.01,0.05,50.94059405940594,0.0094059405940594,1.0,0.0099009900990099,50.0,0.9405940594059388
CART,time,1,fixed,A_b01,10,0.01,0.1,100.89108910891088,0.0089108910891089,1.0,0.0099009900990099,100.0,0.8910891089108759
CART,time,1,fixed,A_b01,10,0.01,0.15,150.84158415841586,0.0084158415841584,1.0,0.0099009900990099,150.0,0.8415841584158557
CART,time,1,fixed,A_b01,20,0.01,0.02,40.97029702970298,0.0097029702970297,1.0,0.0099009900990099,40.0,0.9702970297029765
CART,time,1,fixed,A_b01,20,0.01,0.05,100.94059405940594,0.0094059405940594,1.0,0.0099009900990099,100.0,0.9405940594059388
CART,time,1,fixed,A_b01,20,0.01,0.1,200.8910891089109,0.0089108910891089,1.0,0.0099009900990099,200.0,0.8910891089109043
CART,time,1,fixed,A_b01,20,0.01,0.15,300.8415841584158,0.0084158415841584,1.0,0.0099009900990099,300.0,0.8415841584157988
CART,time,1,fixed,A_b01,50,0.01,0.02,100.97029702970298,0.0097029702970297,1.0,0.0099009900990099,100.0,0.9702970297029765
CART,time,1,fixed,A_b01,50,0.01,0.05,250.94059405940592,0.0094059405940594,1.0,0.0099009900990099,250.0,0.9405940594059246
CART,time,1,fixed,A_b01,50,0.01,0.1,500.8910891089108,0.0089108910891089,1.0,0.0099009900990099,500.0,0.891089108910819
CART,time,1,fixed,A_b01,50,0.01,0.15,750.8415841584158,0.0084158415841584,1.0,0.0099009900990099,750.0,0.8415841584157988
CART,time,1,fixed,A_b05,5,0.05,0.02,17.762376237623762,0.0776237623762376,1.0,0.0792079207920792,10.0,7.762376237623762
CART,time,1,fixed,A_b05,5,0.05,0.05,32.52475247524752,0.0752475247524752,1.0,0.0792079207920792,25.0,7.524752475247517
CART,time,1,fixed,A_b05,5,0.05,0.1,57.12871287128712,0.0712871287128712,1.0,0.0792079207920792,50.0,7.128712871287121
CART,time,1,fixed,A_b05,5,0.05,0.15,81.73267326732673,0.0673267326732673,1.0,0.0792079207920792,75.0,6.7326732673267315
CART,time,1,fixed,A_b05,10,0.05,0.02,27.76237623762377,0.0776237623762376,1.0,0.0792079207920792,20.0,7.762376237623769
CART,time,1,fixed,A_b05,10,0.05,0.05,57.52475247524752,0.0752475247524752,1.0,0.0792079207920792,50.0,7.524752475247517
CART,time,1,fixed,A_b05,10,0.05,0.1,107.12871287128714,0.0712871287128712,1.0,0.0792079207920792,100.0,7.128712871287135
CART,time,1,fixed,A_b05,10,0.05,0.15,156.73267326732673,0.0673267326732673,1.0,0.0792079207920792,150.0,6.7326732673267315
CART,time,1,fixed,A_b05,20,0.05,0.02,47.76237623762376,0.0776237623762376,1.0,0.0792079207920792,40.0,7.762376237623762
CART,time,1,fixed,A_b05,20,0.05,0.05,107.52475247524754,0.0752475247524752,1.0,0.0792079207920792,100.0,7.5247524752475385
CART,time,1,fixed,A_b05,20,0.05,0.1,207.12871287128712,0.0712871287128712,1.0,0.0792079207920792,200.0,7.128712871287121
CART,time,1,fixed,A_b05,20,0.05,0.15,306.7326732673268,0.0673267326732673,1.0,0.0792079207920792,300.0,6.732673267326788
CART,time,1,fixed,A_b05,50,0.05,0.02,107.76237623762376,0.0776237623762376,1.0,0.0792079207920792,100.0,7.762376237623755
CART,time,1,fixed,A_b05,50,0.05,0.05,257.5247524752475,0.0752475247524752,1.0,0.0792079207920792,250.0,7.52475247524751
CART,time,1,fixed,A_b05,50,0.05,0.1,507.1287128712871,0.0712871287128712,1.0,0.0792079207920792,500.0,7.128712871287121
CART,time,1,fixed,A_b05,50,0.05,0.15,756.7326732673267,0.0673267326732673,1.0,0.0792079207920792,750.0,6.7326732673267315
CART,time,1,fixed,A_b10,5,0.1,0.02,26.241584158415844,0.1864158415841584,0.8,0.1861386138613861,10.0,16.241584158415844
CART,time,1,fixed,A_b10,5,0.1,0.05,37.68316831683168,0.1868316831683168,0.8,0.1861386138613861,25.0,12.683168316831683
CART,time,1,fixed,A_b10,5,0.1,0.1,56.75247524752476,0.1875247524752475,0.8,0.1861386138613861,50.0,6.752475247524757
CART,time,1,fixed,A_b10,5,0.1,0.15,75.82178217821782,0.1882178217821782,0.8,0.1861386138613861,75.0,0.8217821782178163
CART,time,1,fixed,A_b10,10,0.1,0.02,34.24158415841584,0.1864158415841584,0.8,0.1861386138613861,20.0,14.24158415841584
CART,time,1,fixed,A_b10,10,0.1,0.05,57.68316831683168,0.1868316831683168,0.8,0.1861386138613861,50.0,7.683168316831683
CART,time,1,fixed,A_b10,10,0.1,0.1,96.75247524752476,0.1875247524752475,0.8,0.1861386138613861,100.0,-3.2475247524752433
CART,time,1,fixed,A_b10,10,0.1,0.15,135.82178217821783,0.1882178217821782,0.8,0.1861386138613861,150.0,-14.17821782178217
CART,time,1,fixed,A_b10,20,0.1,0.02,50.24158415841584,0.1864158415841584,0.8,0.1861386138613861,40.0,10.24158415841584
CART,time,1,fixed,A_b10,20,0.1,0.05,97.68316831683168,0.1868316831683168,0.8,0.1861386138613861,100.0,-2.316831683168317
CART,time,1,fixed,A_b10,20,0.1,0.1,176.75247524752476,0.1875247524752475,0.8,0.1861386138613861,200.0,-23.247524752475243
CART,time,1,fixed,A_b10,20,0.1,0.15,255.82178217821783,0.1882178217821782,0.8,0.1861386138613861,300.0,-44.17821782178217
CART,time,1,fixed,A_b10,50,0.1,0.02,98.24158415841583,0.1864158415841584,0.8,0.1861386138613861,100.0,-1.758415841584167
CART,time,1,fixed,A_b10,50,0.1,0.05,217.6831683168317,0.1868316831683168,0.8,0.1861386138613861,250.0,-32.31683168316829
CART,time,1,fixed,A_b10,50,0.1,0.1,416.7524752475248,0.1875247524752475,0.8,0.1861386138613861,500.0,-83.24752475247521
CART,time,1,fixed,A_b10,50,0.1,0.15,615.8217821782177,0.1882178217821782,0.8,0.1861386138613861,750.0,-134.17821782178225
CART,time,1,fixed,A_b20,5,0.2,0.02,46.88712871287129,0.4408712871287129,0.4,0.4376237623762376,10.0,36.88712871287129
CART,time,1,fixed,A_b20,5,0.2,0.05,51.57425742574257,0.4457425742574257,0.4,0.4376237623762376,25.0,26.574257425742573
CART,time,1,fixed,A_b20,5,0.2,0.1,59.38613861386139,0.4538613861386139,0.4,0.4376237623762376,50.0,9.386138613861391
CART,time,1,fixed,A_b20,5,0.2,0.15,67.19801980198021,0.4619801980198019,0.4,0.4376237623762376,75.0,-7.801980198019791
CART,time,1,fixed,A_b20,10,0.2,0.02,50.88712871287129,0.4408712871287129,0.4,0.4376237623762376,20.0,30.887128712871288
CART,time,1,fixed,A_b20,10,0.2,0.05,61.57425742574257,0.4457425742574257,0.4,0.4376237623762376,50.0,11.574257425742573
CART,time,1,fixed,A_b20,10,0.2,0.1,79.38613861386139,0.4538613861386139,0.4,0.4376237623762376,100.0,-20.61386138613861
CART,time,1,fixed,A_b20,10,0.2,0.15,97.1980198019802,0.4619801980198019,0.4,0.4376237623762376,150.0,-52.801980198019805
CART,time,1,fixed,A_b20,20,0.2,0.02,58.887128712871295,0.4408712871287129,0.4,0.4376237623762376,40.0,18.887128712871295
CART,time,1,fixed,A_b20,20,0.2,0.05,81.57425742574259,0.4457425742574257,0.4,0.4376237623762376,100.0,-18.425742574257413
CART,time,1,fixed,A_b20,20,0.2,0.1,119.3861386138614,0.4538613861386139,0.4,0.4376237623762376,200.0,-80.6138613861386
CART,time,1,fixed,A_b20,20,0.2,0.15,157.19801980198022,0.4619801980198019,0.4,0.4376237623762376,300.0,-142.80198019801978
CART,time,1,fixed,A_b20,50,0.2,0.02,82.88712871287129,0.4408712871287129,0.4,0.4376237623762376,100.0,-17.112871287128712
CART,time,1,fixed,A_b20,50,0.2,0.05,141.57425742574256,0.4457425742574257,0.4,0.4376237623762376,250.0,-108.42574257425744
CART,time,1,fixed,A_b20,50,0.2,0.1,239.38613861386136,0.4538613861386139,0.4,0.4376237623762376,500.0,-260.61386138613864
CART,time,1,fixed,A_b20,50,0.2,0.15,337.1980198019802,0.4619801980198019,0.4,0.4376237623762376,750.0,-412.8019801980198
CART,time,1,fixed,B_r05,5,,0.02,10.0,0.0,1.0,0.0,10.0,0.0
CART,time,1,fixed,B_r05,5,,0.05,25.0,0.0,1.0,0.0,25.0,0.0
CART,time,1,fixed,B_r05,5,,0.1,50.0,0.0,1.0,0.0,50.0,0.0
CART,time,1,fixed,B_r05,5,,0.15,75.0,0.0,1.0,0.0,75.0,0.0
CART,time,1,fixed,B_r10,10,,0.02,20.0,0.0,1.0,0.0,20.0,0.0
CART,time,1,fixed,B_r10,10,,0.05,50.0,0.0,1.0,0.0,50.0,0.0
CART,time,1,fixed,B_r10,10,,0.1,100.0,0.0,1.0,0.0,100.0,0.0
CART,time,1,fixed,B_r10,10,,0.15,150.0,0.0,1.0,0.0,150.0,0.0
CART,time,1,fixed,B_r20,20,,0.02,40.0,0.0,1.0,0.0,40.0,0.0
CART,time,1,fixed,B_r20,20,,0.05,100.0,0.0,1.0,0.0,100.0,0.0
CART,time,1,fixed,B_r20,20,,0.1,200.0,0.0,1.0,0.0,200.0,0.0
CART,time,1,fixed,B_r20,20,,0.15,300.0,0.0,1.0,0.0,300.0,0.0
CART,time,1,fixed,B_r50,50,,0.02,100.0,0.0,1.0,0.0,100.0,0.0
CART,time,1,fixed,B_r50,50,,0.05,250.0,0.0,1.0,0.0,250.0,0.0
CART,time,1,fixed,B_r50,50,,0.1,500.0,0.0,1.0,0.0,500.0,0.0
CART,time,1,fixed,B_r50,50,,0.15,750.0,0.0,1.0,0.0,750.0,0.0
CART,time,1,fixed,C_b01_r05,5,0.01,0.02,10.0,0.0,1.0,0.0,10.0,0.0
CART,time,1,fixed,C_b01_r05,5,0.01,0.05,25.0,0.0,1.0,0.0,25.0,0.0
CART,time,1,fixed,C_b01_r05,5,0.01,0.1,50.0,0.0,1.0,0.0,50.0,0.0
CART,time,1,fixed,C_b01_r05,5,0.01,0.15,75.0,0.0,1.0,0.0,75.0,0.0
CART,time,1,fixed,C_b01_r10,10,0.01,0.02,20.0,0.0,1.0,0.0,20.0,0.0
CART,time,1,fixed,C_b01_r10,10,0.01,0.05,50.0,0.0,1.0,0.0,50.0,0.0
CART,time,1,fixed,C_b01_r10,10,0.01,0.1,100.0,0.0,1.0,0.0,100.0,0.0
CART,time,1,fixed,C_b01_r10,10,0.01,0.15,150.0,0.0,1.0,0.0,150.0,0.0
CART,time,1,fixed,C_b01_r20,20,0.01,0.02,40.0,0.0,1.0,0.0,40.0,0.0
CART,time,1,fixed,C_b01_r20,20,0.01,0.05,100.0,0.0,1.0,0.0,100.0,0.0
CART,time,1,fixed,C_b01_r20,20,0.01,0.1,200.0,0.0,1.0,0.0,200.0,0.0
CART,time,1,fixed,C_b01_r20,20,0.01,0.15,300.0,0.0,1.0,0.0,300.0,0.0
CART,time,1,fixed,C_b01_r50,50,0.01,0.02,100.0,0.0,1.0,0.0,100.0,0.0
CART,time,1,fixed,C_b01_r50,50,0.01,0.05,250.0,0.0,1.0,0.0,250.0,0.0
CART,time,1,fixed,C_b01_r50,50,0.01,0.1,500.0,0.0,1.0,0.0,500.0,0.0
CART,time,1,fixed,C_b01_r50,50,0.01,0.15,750.0,0.0,1.0,0.0,750.0,0.0
CART,time,1,fixed,C_b05_r05,5,0.05,0.02,10.0,0.0,1.0,0.0,10.0,0.0
CART,time,1,fixed,C_b05_r05,5,0.05,0.05,25.0,0.0,1.0,0.0,25.0,0.0
CART,time,1,fixed,C_b05_r05,5,0.05,0.1,50.0,0.0,1.0,0.0,50.0,0.0
CART,time,1,fixed,C_b05_r05,5,0.05,0.15,75.0,0.0,1.0,0.0,75.0,0.0
CART,time,1,fixed,C_b05_r10,10,0.05,0.02,20.0,0.0,1.0,0.0,20.0,0.0
CART,time,1,fixed,C_b05_r10,10,0.05,0.05,50.0,0.0,1.0,0.0,50.0,0.0
CART,time,1,fixed,C_b05_r10,10,0.05,0.1,100.0,0.0,1.0,0.0,100.0,0.0
CART,time,1,fixed,C_b05_r10,10,0.05,0.15,150.0,0.0,1.0,0.0,150.0,0.0
CART,time,1,fixed,C_b05_r20,20,0.05,0.02,40.0,0.0,1.0,0.0,40.0,0.0
CART,time,1,fixed,C_b05_r20,20,0.05,0.05,100.0,0.0,1.0,0.0,100.0,0.0
CART,time,1,fixed,C_b05_r20,20,0.05,0.1,200.0,0.0,1.0,0.0,200.0,0.0
CART,time,1,fixed,C_b05_r20,20,0.05,0.15,300.0,0.0,1.0,0.0,300.0,0.0
CART,time,1,fixed,C_b05_r50,50,0.05,0.02,100.0,0.0,1.0,0.0,100.0,0.0
CART,time,1,fixed,C_b05_r50,50,0.05,0.05,250.0,0.0,1.0,0.0,250.0,0.0
CART,time,1,fixed,C_b05_r50,50,0.05,0.1,500.0,0.0,1.0,0.0,500.0,0.0
CART,time,1,fixed,C_b05_r50,50,0.05,0.15,750.0,0.0,1.0,0.0,750.0,0.0
CART,time,1,fixed,C_b10_r05,5,0.1,0.02,10.0,0.0,1.0,0.0,10.0,0.0
CART,time,1,fixed,C_b10_r05,5,0.1,0.05,25.0,0.0,1.0,0.0,25.0,0.0
CART,time,1,fixed,C_b10_r05,5,0.1,0.1,50.0,0.0,1.0,0.0,50.0,0.0
CART,time,1,fixed,C_b10_r05,5,0.1,0.15,75.0,0.0,1.0,0.0,75.0,0.0
CART,time,1,fixed,C_b10_r10,10,0.1,0.02,20.0,0.0,1.0,0.0,20.0,0.0
CART,time,1,fixed,C_b10_r10,10,0.1,0.05,50.0,0.0,1.0,0.0,50.0,0.0
CART,time,1,fixed,C_b10_r10,10,0.1,0.1,100.0,0.0,1.0,0.0,100.0,0.0
CART,time,1,fixed,C_b10_r10,10,0.1,0.15,150.0,0.0,1.0,0.0,150.0,0.0
CART,time,1,fixed,C_b10_r20,20,0.1,0.02,40.0,0.0,1.0,0.0,40.0,0.0
CART,time,1,fixed,C_b10_r20,20,0.1,0.05,100.0,0.0,1.0,0.0,100.0,0.0
CART,time,1,fixed,C_b10_r20,20,0.1,0.1,200.0,0.0,1.0,0.0,200.0,0.0
CART,time,1,fixed,C_b10_r20,20,0.1,0.15,300.0,0.0,1.0,0.0,300.0,0.0
CART,time,1,fixed,C_b10_r50,50,0.1,0.02,100.0,0.0,1.0,0.0,100.0,0.0
CART,time,1,fixed,C_b10_r50,50,0.1,0.05,250.0,0.0,1.0,0.0,250.0,0.0
CART,time,1,fixed,C_b10_r50,50,0.1,0.1,500.0,0.0,1.0,0.0,500.0,0.0
CART,time,1,fixed,C_b10_r50,50,0.1,0.15,750.0,0.0,1.0,0.0,750.0,0.0
CART,time,1,fixed,C_b20_r05,5,0.2,0.02,10.0,0.0,1.0,0.0,10.0,0.0
CART,time,1,fixed,C_b20_r05,5,0.2,0.05,25.0,0.0,1.0,0.0,25.0,0.0
CART,time,1,fixed,C_b20_r05,5,0.2,0.1,50.0,0.0,1.0,0.0,50.0,0.0
CART,time,1,fixed,C_b20_r05,5,0.2,0.15,75.0,0.0,1.0,0.0,75.0,0.0
CART,time,1,fixed,C_b20_r10,10,0.2,0.02,20.0,0.0,1.0,0.0,20.0,0.0
CART,time,1,fixed,C_b20_r10,10,0.2,0.05,50.0,0.0,1.0,0.0,50.0,0.0
CART,time,1,fixed,C_b20_r10,10,0.2,0.1,100.0,0.0,1.0,0.0,100.0,0.0
CART,time,1,fixed,C_b20_r10,10,0.2,0.15,150.0,0.0,1.0,0.0,150.0,0.0
CART,time,1,fixed,C_b20_r20,20,0.2,0.02,40.0,0.0,1.0,0.0,40.0,0.0
CART,time,1,fixed,C_b20_r20,20,0.2,0.05,100.0,0.0,1.0,0.0,100.0,0.0
CART,time,1,fixed,C_b20_r20,20,0.2,0.1,200.0,0.0,1.0,0.0,200.0,0.0
CART,time,1,fixed,C_b20_r20,20,0.2,0.15,300.0,0.0,1.0,0.0,300.0,0.0
CART,time,1,fixed,C_b20_r50,50,0.2,0.02,100.0,0.0,1.0,0.0,100.0,0.0
CART,time,1,fixed,C_b20_r50,50,0.2,0.05,250.0,0.0,1.0,0.0,250.0,0.0
CART,time,1,fixed,C_b20_r50,50,0.2,0.1,500.0,0.0,1.0,0.0,500.0,0.0
CART,time,1,fixed,C_b20_r50,50,0.2,0.15,750.0,0.0,1.0,0.0,750.0,0.0
CART,time,1,fixed,TopK_b01,5,0.01,0.02,10.970297029702971,0.0097029702970297,1.0,0.0099009900990099,10.0,0.9702970297029712
CART,time,1,fixed,TopK_b01,5,0.01,0.05,25.940594059405942,0.0094059405940594,1.0,0.0099009900990099,25.0,0.9405940594059423
CART,time,1,fixed,TopK_b01,5,0.01,0.1,50.89108910891089,0.0089108910891089,1.0,0.0099009900990099,50.0,0.8910891089108901
CART,time,1,fixed,TopK_b01,5,0.01,0.15,75.84158415841584,0.0084158415841584,1.0,0.0099009900990099,75.0,0.8415841584158414
CART,time,1,fixed,TopK_b01,10,0.01,0.02,20.970297029702973,0.0097029702970297,1.0,0.0099009900990099,20.0,0.9702970297029729
CART,time,1,fixed,TopK_b01,10,0.01,0.05,50.94059405940594,0.0094059405940594,1.0,0.0099009900990099,50.0,0.9405940594059388
CART,time,1,fixed,TopK_b01,10,0.01,0.1,100.89108910891088,0.0089108910891089,1.0,0.0099009900990099,100.0,0.8910891089108759
CART,time,1,fixed,TopK_b01,10,0.01,0.15,150.84158415841586,0.0084158415841584,1.0,0.0099009900990099,150.0,0.8415841584158557
CART,time,1,fixed,TopK_b01,20,0.01,0.02,40.97029702970298,0.0097029702970297,1.0,0.0099009900990099,40.0,0.9702970297029765
CART,time,1,fixed,TopK_b01,20,0.01,0.05,100.94059405940594,0.0094059405940594,1.0,0.0099009900990099,100.0,0.9405940594059388
CART,time,1,fixed,TopK_b01,20,0.01,0.1,200.8910891089109,0.0089108910891089,1.0,0.0099009900990099,200.0,0.8910891089109043
CART,time,1,fixed,TopK_b01,20,0.01,0.15,300.8415841584158,0.0084158415841584,1.0,0.0099009900990099,300.0,0.8415841584157988
CART,time,1,fixed,TopK_b01,50,0.01,0.02,100.97029702970298,0.0097029702970297,1.0,0.0099009900990099,100.0,0.9702970297029765
CART,time,1,fixed,TopK_b01,50,0.01,0.05,250.94059405940592,0.0094059405940594,1.0,0.0099009900990099,250.0,0.9405940594059246
CART,time,1,fixed,TopK_b01,50,0.01,0.1,500.8910891089108,0.0089108910891089,1.0,0.0099009900990099,500.0,0.891089108910819
CART,time,1,fixed,TopK_b01,50,0.01,0.15,750.8415841584158,0.0084158415841584,1.0,0.0099009900990099,750.0,0.8415841584157988
CART,time,1,fixed,TopK_b05,5,0.05,0.02,14.85148514851485,0.0485148514851485,1.0,0.0495049504950495,10.0,4.8514851485148505
CART,time,1,fixed,TopK_b05,5,0.05,0.05,29.7029702970297,0.047029702970297,1.0,0.0495049504950495,25.0,4.702970297029701
CART,time,1,fixed,TopK_b05,5,0.05,0.1,54.45544554455446,0.0445544554455445,1.0,0.0495049504950495,50.0,4.455445544554458
CART,time,1,fixed,TopK_b05,5,0.05,0.15,79.20792079207921,0.042079207920792,1.0,0.0495049504950495,75.0,4.207920792079207
CART,time,1,fixed,TopK_b05,10,0.05,0.02,24.85148514851485,0.0485148514851485,1.0,0.0495049504950495,20.0,4.8514851485148505
CART,time,1,fixed,TopK_b05,10,0.05,0.05,54.70297029702971,0.047029702970297,1.0,0.0495049504950495,50.0,4.702970297029708
CART,time,1,fixed,TopK_b05,10,0.05,0.1,104.45544554455446,0.0445544554455445,1.0,0.0495049504950495,100.0,4.455445544554465
CART,time,1,fixed,TopK_b05,10,0.05,0.15,154.20792079207922,0.042079207920792,1.0,0.0495049504950495,150.0,4.207920792079221
CART,time,1,fixed,TopK_b05,20,0.05,0.02,44.85148514851485,0.0485148514851485,1.0,0.0495049504950495,40.0,4.851485148514847
CART,time,1,fixed,TopK_b05,20,0.05,0.05,104.70297029702972,0.047029702970297,1.0,0.0495049504950495,100.0,4.702970297029722
CART,time,1,fixed,TopK_b05,20,0.05,0.1,204.4554455445545,0.0445544554455445,1.0,0.0495049504950495,200.0,4.455445544554493
CART,time,1,fixed,TopK_b05,20,0.05,0.15,304.2079207920792,0.042079207920792,1.0,0.0495049504950495,300.0,4.207920792079221
CART,time,1,fixed,TopK_b05,50,0.05,0.02,104.85148514851484,0.0485148514851485,1.0,0.0495049504950495,100.0,4.85148514851484
CART,time,1,fixed,TopK_b05,50,0.05,0.05,254.70297029702968,0.047029702970297,1.0,0.0495049504950495,250.0,4.70297029702968
CART,time,1,fixed,TopK_b05,50,0.05,0.1,504.4554455445544,0.0445544554455445,1.0,0.0495049504950495,500.0,4.4554455445543795
CART,time,1,fixed,TopK_b05,50,0.05,0.15,754.2079207920792,0.042079207920792,1.0,0.0495049504950495,750.0,4.207920792079221
CART,time,1,fixed,TopK_b10,5,0.1,0.02,19.897029702970297,0.0989702970297029,1.0,0.100990099009901,10.0,9.897029702970297
CART,time,1,fixed,TopK_b10,5,0.1,0.05,34.59405940594059,0.0959405940594059,1.0,0.100990099009901,25.0,9.594059405940591
CART,time,1,fixed,TopK_b10,5,0.1,0.1,59.089108910891085,0.0908910891089109,1.0,0.100990099009901,50.0,9.089108910891085
CART,time,1,fixed,TopK_b10,5,0.1,0.15,83.58415841584159,0.0858415841584158,1.0,0.100990099009901,75.0,8.584158415841586
CART,time,1,fixed,TopK_b10,10,0.1,0.02,29.8970297029703,0.0989702970297029,1.0,0.100990099009901,20.0,9.8970297029703
CART,time,1,fixed,TopK_b10,10,0.1,0.05,59.59405940594059,0.0959405940594059,1.0,0.100990099009901,50.0,9.594059405940591
CART,time,1,fixed,TopK_b10,10,0.1,0.1,109.0891089108911,0.0908910891089109,1.0,0.100990099009901,100.0,9.089108910891099
CART,time,1,fixed,TopK_b10,10,0.1,0.15,158.5841584158416,0.0858415841584158,1.0,0.100990099009901,150.0,8.584158415841614
CART,time,1,fixed,TopK_b10,20,0.1,0.02,49.8970297029703,0.0989702970297029,1.0,0.100990099009901,40.0,9.8970297029703
CART,time,1,fixed,TopK_b10,20,0.1,0.05,109.5940594059406,0.0959405940594059,1.0,0.100990099009901,100.0,9.594059405940598
CART,time,1,fixed,TopK_b10,20,0.1,0.1,209.0891089108911,0.0908910891089109,1.0,0.100990099009901,200.0,9.089108910891099
CART,time,1,fixed,TopK_b10,20,0.1,0.15,308.5841584158416,0.0858415841584158,1.0,0.100990099009901,300.0,8.584158415841614
CART,time,1,fixed,TopK_b10,50,0.1,0.02,109.8970297029703,0.0989702970297029,1.0,0.100990099009901,100.0,9.8970297029703
CART,time,1,fixed,TopK_b10,50,0.1,0.05,259.5940594059406,0.0959405940594059,1.0,0.100990099009901,250.0,9.594059405940584
CART,time,1,fixed,TopK_b10,50,0.1,0.1,509.0891089108911,0.0908910891089109,1.0,0.100990099009901,500.0,9.089108910891127
CART,time,1,fixed,TopK_b10,50,0.1,0.15,758.5841584158416,0.0858415841584158,1.0,0.100990099009901,750.0,8.584158415841557
CART,time,1,fixed,TopK_b20,5,0.2,0.02,27.6,0.2,0.8,0.2,10.0,17.6
CART,time,1,fixed,TopK_b20,5,0.2,0.05,39.0,0.2,0.8,0.2,25.0,14.0
CART,time,1,fixed,TopK_b20,5,0.2,0.1,58.00000000000001,0.2,0.8,0.2,50.0,8.000000000000007
CART,time,1,fixed,TopK_b20,5,0.2,0.15,77.00000000000001,0.2,0.8,0.2,75.0,2.000000000000014
CART,time,1,fixed,TopK_b20,10,0.2,0.02,35.6,0.2,0.8,0.2,20.0,15.600000000000001
CART,time,1,fixed,TopK_b20,10,0.2,0.05,59.00000000000001,0.2,0.8,0.2,50.0,9.000000000000007
CART,time,1,fixed,TopK_b20,10,0.2,0.1,98.0,0.2,0.8,0.2,100.0,-2.0
CART,time,1,fixed,TopK_b20,10,0.2,0.15,137.0,0.2,0.8,0.2,150.0,-13.0
CART,time,1,fixed,TopK_b20,20,0.2,0.02,51.6,0.2,0.8,0.2,40.0,11.600000000000001
CART,time,1,fixed,TopK_b20,20,0.2,0.05,99.0,0.2,0.8,0.2,100.0,-1.0
CART,time,1,fixed,TopK_b20,20,0.2,0.1,178.0,0.2,0.8,0.2,200.0,-22.0
CART,time,1,fixed,TopK_b20,20,0.2,0.15,257.0,0.2,0.8,0.2,300.0,-43.0
CART,time,1,fixed,TopK_b20,50,0.2,0.02,99.6,0.2,0.8,0.2,100.0,-0.4000000000000057
CART,time,1,fixed,TopK_b20,50,0.2,0.05,219.0,0.2,0.8,0.2,250.0,-31.0
CART,time,1,fixed,TopK_b20,50,0.2,0.1,418.0,0.2,0.8,0.2,500.0,-82.0
CART,time,1,fixed,TopK_b20,50,0.2,0.15,617.0,0.2,0.8,0.2,750.0,-133.0
CART,time,1,refitted,none,5,,0.02,10.0,0.0,1.0,0.0,10.0,0.0
CART,time,1,refitted,none,5,,0.05,25.0,0.0,1.0,0.0,25.0,0.0
CART,time,1,refitted,none,5,,0.1,50.0,0.0,1.0,0.0,50.0,0.0
CART,time,1,refitted,none,5,,0.15,75.0,0.0,1.0,0.0,75.0,0.0
CART,time,1,refitted,none,10,,0.02,20.0,0.0,1.0,0.0,20.0,0.0
CART,time,1,refitted,none,10,,0.05,50.0,0.0,1.0,0.0,50.0,0.0
CART,time,1,refitted,none,10,,0.1,100.0,0.0,1.0,0.0,100.0,0.0
CART,time,1,refitted,none,10,,0.15,150.0,0.0,1.0,0.0,150.0,0.0
CART,time,1,refitted,none,20,,0.02,40.0,0.0,1.0,0.0,40.0,0.0
CART,time,1,refitted,none,20,,0.05,100.0,0.0,1.0,0.0,100.0,0.0
CART,time,1,refitted,none,20,,0.1,200.0,0.0,1.0,0.0,200.0,0.0
CART,time,1,refitted,none,20,,0.15,300.0,0.0,1.0,0.0,300.0,0.0
CART,time,1,refitted,none,50,,0.02,100.0,0.0,1.0,0.0,100.0,0.0
CART,time,1,refitted,none,50,,0.05,250.0,0.0,1.0,0.0,250.0,0.0
CART,time,1,refitted,none,50,,0.1,500.0,0.0,1.0,0.0,500.0,0.0
CART,time,1,refitted,none,50,,0.15,750.0,0.0,1.0,0.0,750.0,0.0
CART,time,1,refitted,A_b01,5,0.01,0.02,10.970297029702971,0.0097029702970297,1.0,0.0099009900990099,10.0,0.9702970297029712
CART,time,1,refitted,A_b01,5,0.01,0.05,25.940594059405942,0.0094059405940594,1.0,0.0099009900990099,25.0,0.9405940594059423
CART,time,1,refitted,A_b01,5,0.01,0.1,50.89108910891089,0.0089108910891089,1.0,0.0099009900990099,50.0,0.8910891089108901
CART,time,1,refitted,A_b01,5,0.01,0.15,75.84158415841584,0.0084158415841584,1.0,0.0099009900990099,75.0,0.8415841584158414
CART,time,1,refitted,A_b01,10,0.01,0.02,20.970297029702973,0.0097029702970297,1.0,0.0099009900990099,20.0,0.9702970297029729
CART,time,1,refitted,A_b01,10,0.01,0.05,50.94059405940594,0.0094059405940594,1.0,0.0099009900990099,50.0,0.9405940594059388
CART,time,1,refitted,A_b01,10,0.01,0.1,100.89108910891088,0.0089108910891089,1.0,0.0099009900990099,100.0,0.8910891089108759
CART,time,1,refitted,A_b01,10,0.01,0.15,150.84158415841586,0.0084158415841584,1.0,0.0099009900990099,150.0,0.8415841584158557
CART,time,1,refitted,A_b01,20,0.01,0.02,40.97029702970298,0.0097029702970297,1.0,0.0099009900990099,40.0,0.9702970297029765
CART,time,1,refitted,A_b01,20,0.01,0.05,100.94059405940594,0.0094059405940594,1.0,0.0099009900990099,100.0,0.9405940594059388
CART,time,1,refitted,A_b01,20,0.01,0.1,200.8910891089109,0.0089108910891089,1.0,0.0099009900990099,200.0,0.8910891089109043
CART,time,1,refitted,A_b01,20,0.01,0.15,300.8415841584158,0.0084158415841584,1.0,0.0099009900990099,300.0,0.8415841584157988
CART,time,1,refitted,A_b01,50,0.01,0.02,100.97029702970298,0.0097029702970297,1.0,0.0099009900990099,100.0,0.9702970297029765
CART,time,1,refitted,A_b01,50,0.01,0.05,250.94059405940592,0.0094059405940594,1.0,0.0099009900990099,250.0,0.9405940594059246
CART,time,1,refitted,A_b01,50,0.01,0.1,500.8910891089108,0.0089108910891089,1.0,0.0099009900990099,500.0,0.891089108910819
CART,time,1,refitted,A_b01,50,0.01,0.15,750.8415841584158,0.0084158415841584,1.0,0.0099009900990099,750.0,0.8415841584157988
CART,time,1,refitted,A_b05,5,0.05,0.02,15.627722772277226,0.0562772277227722,1.0,0.0574257425742574,10.0,5.627722772277226
CART,time,1,refitted,A_b05,5,0.05,0.05,30.45544554455445,0.0545544554455445,1.0,0.0574257425742574,25.0,5.4554455445544505
CART,time,1,refitted,A_b05,5,0.05,0.1,55.16831683168317,0.0516831683168316,1.0,0.0574257425742574,50.0,5.168316831683171
CART,time,1,refitted,A_b05,5,0.05,0.15,79.88118811881188,0.0488118811881187,1.0,0.0574257425742574,75.0,4.8811881188118775
CART,time,1,refitted,A_b05,10,0.05,0.02,25.627722772277227,0.0562772277227722,1.0,0.0574257425742574,20.0,5.627722772277227
CART,time,1,refitted,A_b05,10,0.05,0.05,55.45544554455445,0.0545544554455445,1.0,0.0574257425742574,50.0,5.4554455445544505
CART,time,1,refitted,A_b05,10,0.05,0.1,105.16831683168316,0.0516831683168316,1.0,0.0574257425742574,100.0,5.168316831683157
CART,time,1,refitted,A_b05,10,0.05,0.15,154.88118811881188,0.0488118811881187,1.0,0.0574257425742574,150.0,4.8811881188118775
CART,time,1,refitted,A_b05,20,0.05,0.02,45.62772277227723,0.0562772277227722,1.0,0.0574257425742574,40.0,5.627722772277231
CART,time,1,refitted,A_b05,20,0.05,0.05,105.45544554455446,0.0545544554455445,1.0,0.0574257425742574,100.0,5.455445544554465
CART,time,1,refitted,A_b05,20,0.05,0.1,205.1683168316832,0.0516831683168316,1.0,0.0574257425742574,200.0,5.1683168316831996
CART,time,1,refitted,A_b05,20,0.05,0.15,304.88118811881185,0.0488118811881187,1.0,0.0574257425742574,300.0,4.881188118811849
CART,time,1,refitted,A_b05,50,0.05,0.02,105.62772277227724,0.0562772277227722,1.0,0.0574257425742574,100.0,5.627722772277238
CART,time,1,refitted,A_b05,50,0.05,0.05,255.45544554455444,0.0545544554455445,1.0,0.0574257425742574,250.0,5.455445544554436
CART,time,1,refitted,A_b05,50,0.05,0.1,505.1683168316831,0.0516831683168316,1.0,0.0574257425742574,500.0,5.168316831683114
CART,time,1,refitted,A_b05,50,0.05,0.15,754.8811881188119,0.0488118811881187,1.0,0.0574257425742574,750.0,4.881188118811906
CART,time,1,refitted,A_b10,5,0.1,0.02,20.25544554455445,0.1145544554455445,0.9,0.1148514851485148,10.0,10.255445544554451
CART,time,1,refitted,A_b10,5,0.1,0.05,33.41089108910891,0.114108910891089,0.9,0.1148514851485148,25.0,8.410891089108908
CART,time,1,refitted,A_b10,5,0.1,0.1,55.33663366336633,0.1133663366336633,0.9,0.1148514851485148,50.0,5.336633663366328
CART,time,1,refitted,A_b10,5,0.1,0.15,77.26237623762377,0.1126237623762375,0.9,0.1148514851485148,75.0,2.2623762376237693
CART,time,1,refitted,A_b10,10,0.1,0.02,29.25544554455445,0.1145544554455445,0.9,0.1148514851485148,20.0,9.255445544554451
CART,time,1,refitted,A_b10,10,0.1,0.05,55.91089108910891,0.114108910891089,0.9,0.1148514851485148,50.0,5.910891089108908
CART,time,1,refitted,A_b10,10,0.1,0.1,100.33663366336634,0.1133663366336633,0.9,0.1148514851485148,100.0,0.33663366336634226
CART,time,1,refitted,A_b10,10,0.1,0.15,144.76237623762376,0.1126237623762375,0.9,0.1148514851485148,150.0,-5.237623762376245
CART,time,1,refitted,A_b10,20,0.1,0.02,47.255445544554455,0.1145544554455445,0.9,0.1148514851485148,40.0,7.255445544554455
CART,time,1,refitted,A_b10,20,0.1,0.05,100.91089108910892,0.114108910891089,0.9,0.1148514851485148,100.0,0.9108910891089153
CART,time,1,refitted,A_b10,20,0.1,0.1,190.33663366336637,0.1133663366336633,0.9,0.1148514851485148,200.0,-9.66336633663363
CART,time,1,refitted,A_b10,20,0.1,0.15,279.7623762376238,0.1126237623762375,0.9,0.1148514851485148,300.0,-20.237623762376188
CART,time,1,refitted,A_b10,50,0.1,0.02,101.25544554455446,0.1145544554455445,0.9,0.1148514851485148,100.0,1.255445544554462
CART,time,1,refitted,A_b10,50,0.1,0.05,235.91089108910893,0.114108910891089,0.9,0.1148514851485148,250.0,-14.08910891089107
CART,time,1,refitted,A_b10,50,0.1,0.1,460.3366336633664,0.1133663366336633,0.9,0.1148514851485148,500.0,-39.6633663366336
CART,time,1,refitted,A_b10,50,0.1,0.15,684.7623762376237,0.1126237623762375,0.9,0.1148514851485148,750.0,-65.2376237623763
CART,time,1,refitted,A_b20,5,0.2,0.02,39.15445544554455,0.3515445544554455,0.5,0.3485148514851485,10.0,29.15445544554455
CART,time,1,refitted,A_b20,5,0.2,0.05,45.6089108910891,0.3560891089108911,0.5,0.3485148514851485,25.0,20.608910891089103
CART,time,1,refitted,A_b20,5,0.2,0.1,56.36633663366337,0.3636633663366336,0.5,0.3485148514851485,50.0,6.366336633663373
CART,time,1,refitted,A_b20,5,0.2,0.15,67.12376237623762,0.3712376237623762,0.5,0.3485148514851485,75.0,-7.876237623762378
CART,time,1,refitted,A_b20,10,0.2,0.02,44.15445544554455,0.3515445544554455,0.5,0.3485148514851485,20.0,24.15445544554455
CART,time,1,refitted,A_b20,10,0.2,0.05,58.1089108910891,0.3560891089108911,0.5,0.3485148514851485,50.0,8.108910891089103
CART,time,1,refitted,A_b20,10,0.2,0.1,81.36633663366337,0.3636633663366336,0.5,0.3485148514851485,100.0,-18.633663366336634
CART,time,1,refitted,A_b20,10,0.2,0.15,104.62376237623762,0.3712376237623762,0.5,0.3485148514851485,150.0,-45.37623762376238
CART,time,1,refitted,A_b20,20,0.2,0.02,54.15445544554456,0.3515445544554455,0.5,0.3485148514851485,40.0,14.154455445544563
CART,time,1,refitted,A_b20,20,0.2,0.05,83.10891089108911,0.3560891089108911,0.5,0.3485148514851485,100.0,-16.89108910891089
CART,time,1,refitted,A_b20,20,0.2,0.1,131.36633663366337,0.3636633663366336,0.5,0.3485148514851485,200.0,-68.63366336633663
CART,time,1,refitted,A_b20,20,0.2,0.15,179.62376237623764,0.3712376237623762,0.5,0.3485148514851485,300.0,-120.37623762376236
CART,time,1,refitted,A_b20,50,0.2,0.02,84.15445544554456,0.3515445544554455,0.5,0.3485148514851485,100.0,-15.845544554455444
CART,time,1,refitted,A_b20,50,0.2,0.05,158.1089108910891,0.3560891089108911,0.5,0.3485148514851485,250.0,-91.8910891089109
CART,time,1,refitted,A_b20,50,0.2,0.1,281.36633663366337,0.3636633663366336,0.5,0.3485148514851485,500.0,-218.63366336633663
CART,time,1,refitted,A_b20,50,0.2,0.15,404.62376237623766,0.3712376237623762,0.5,0.3485148514851485,750.0,-345.37623762376234
CART,time,1,refitted,B_r05,5,,0.02,10.0,0.0,1.0,0.0,10.0,0.0
CART,time,1,refitted,B_r05,5,,0.05,25.0,0.0,1.0,0.0,25.0,0.0
CART,time,1,refitted,B_r05,5,,0.1,50.0,0.0,1.0,0.0,50.0,0.0
CART,time,1,refitted,B_r05,5,,0.15,75.0,0.0,1.0,0.0,75.0,0.0
CART,time,1,refitted,B_r10,10,,0.02,20.0,0.0,1.0,0.0,20.0,0.0
CART,time,1,refitted,B_r10,10,,0.05,50.0,0.0,1.0,0.0,50.0,0.0
CART,time,1,refitted,B_r10,10,,0.1,100.0,0.0,1.0,0.0,100.0,0.0
CART,time,1,refitted,B_r10,10,,0.15,150.0,0.0,1.0,0.0,150.0,0.0
CART,time,1,refitted,B_r20,20,,0.02,40.0,0.0,1.0,0.0,40.0,0.0
CART,time,1,refitted,B_r20,20,,0.05,100.0,0.0,1.0,0.0,100.0,0.0
CART,time,1,refitted,B_r20,20,,0.1,200.0,0.0,1.0,0.0,200.0,0.0
CART,time,1,refitted,B_r20,20,,0.15,300.0,0.0,1.0,0.0,300.0,0.0
CART,time,1,refitted,B_r50,50,,0.02,100.0,0.0,1.0,0.0,100.0,0.0
CART,time,1,refitted,B_r50,50,,0.05,250.0,0.0,1.0,0.0,250.0,0.0
CART,time,1,refitted,B_r50,50,,0.1,500.0,0.0,1.0,0.0,500.0,0.0
CART,time,1,refitted,B_r50,50,,0.15,750.0,0.0,1.0,0.0,750.0,0.0
CART,time,1,refitted,C_b01_r05,5,0.01,0.02,10.0,0.0,1.0,0.0,10.0,0.0
CART,time,1,refitted,C_b01_r05,5,0.01,0.05,25.0,0.0,1.0,0.0,25.0,0.0
CART,time,1,refitted,C_b01_r05,5,0.01,0.1,50.0,0.0,1.0,0.0,50.0,0.0
CART,time,1,refitted,C_b01_r05,5,0.01,0.15,75.0,0.0,1.0,0.0,75.0,0.0
CART,time,1,refitted,C_b01_r10,10,0.01,0.02,20.0,0.0,1.0,0.0,20.0,0.0
CART,time,1,refitted,C_b01_r10,10,0.01,0.05,50.0,0.0,1.0,0.0,50.0,0.0
CART,time,1,refitted,C_b01_r10,10,0.01,0.1,100.0,0.0,1.0,0.0,100.0,0.0
CART,time,1,refitted,C_b01_r10,10,0.01,0.15,150.0,0.0,1.0,0.0,150.0,0.0
CART,time,1,refitted,C_b01_r20,20,0.01,0.02,40.0,0.0,1.0,0.0,40.0,0.0
CART,time,1,refitted,C_b01_r20,20,0.01,0.05,100.0,0.0,1.0,0.0,100.0,0.0
CART,time,1,refitted,C_b01_r20,20,0.01,0.1,200.0,0.0,1.0,0.0,200.0,0.0
CART,time,1,refitted,C_b01_r20,20,0.01,0.15,300.0,0.0,1.0,0.0,300.0,0.0
CART,time,1,refitted,C_b01_r50,50,0.01,0.02,100.0,0.0,1.0,0.0,100.0,0.0
CART,time,1,refitted,C_b01_r50,50,0.01,0.05,250.0,0.0,1.0,0.0,250.0,0.0
CART,time,1,refitted,C_b01_r50,50,0.01,0.1,500.0,0.0,1.0,0.0,500.0,0.0
CART,time,1,refitted,C_b01_r50,50,0.01,0.15,750.0,0.0,1.0,0.0,750.0,0.0
CART,time,1,refitted,C_b05_r05,5,0.05,0.02,10.0,0.0,1.0,0.0,10.0,0.0
CART,time,1,refitted,C_b05_r05,5,0.05,0.05,25.0,0.0,1.0,0.0,25.0,0.0
CART,time,1,refitted,C_b05_r05,5,0.05,0.1,50.0,0.0,1.0,0.0,50.0,0.0
CART,time,1,refitted,C_b05_r05,5,0.05,0.15,75.0,0.0,1.0,0.0,75.0,0.0
CART,time,1,refitted,C_b05_r10,10,0.05,0.02,20.0,0.0,1.0,0.0,20.0,0.0
CART,time,1,refitted,C_b05_r10,10,0.05,0.05,50.0,0.0,1.0,0.0,50.0,0.0
CART,time,1,refitted,C_b05_r10,10,0.05,0.1,100.0,0.0,1.0,0.0,100.0,0.0
CART,time,1,refitted,C_b05_r10,10,0.05,0.15,150.0,0.0,1.0,0.0,150.0,0.0
CART,time,1,refitted,C_b05_r20,20,0.05,0.02,40.0,0.0,1.0,0.0,40.0,0.0
CART,time,1,refitted,C_b05_r20,20,0.05,0.05,100.0,0.0,1.0,0.0,100.0,0.0
CART,time,1,refitted,C_b05_r20,20,0.05,0.1,200.0,0.0,1.0,0.0,200.0,0.0
CART,time,1,refitted,C_b05_r20,20,0.05,0.15,300.0,0.0,1.0,0.0,300.0,0.0
CART,time,1,refitted,C_b05_r50,50,0.05,0.02,100.0,0.0,1.0,0.0,100.0,0.0
CART,time,1,refitted,C_b05_r50,50,0.05,0.05,250.0,0.0,1.0,0.0,250.0,0.0
CART,time,1,refitted,C_b05_r50,50,0.05,0.1,500.0,0.0,1.0,0.0,500.0,0.0
CART,time,1,refitted,C_b05_r50,50,0.05,0.15,750.0,0.0,1.0,0.0,750.0,0.0
CART,time,1,refitted,C_b10_r05,5,0.1,0.02,10.0,0.0,1.0,0.0,10.0,0.0
CART,time,1,refitted,C_b10_r05,5,0.1,0.05,25.0,0.0,1.0,0.0,25.0,0.0
CART,time,1,refitted,C_b10_r05,5,0.1,0.1,50.0,0.0,1.0,0.0,50.0,0.0
CART,time,1,refitted,C_b10_r05,5,0.1,0.15,75.0,0.0,1.0,0.0,75.0,0.0
CART,time,1,refitted,C_b10_r10,10,0.1,0.02,20.0,0.0,1.0,0.0,20.0,0.0
CART,time,1,refitted,C_b10_r10,10,0.1,0.05,50.0,0.0,1.0,0.0,50.0,0.0
CART,time,1,refitted,C_b10_r10,10,0.1,0.1,100.0,0.0,1.0,0.0,100.0,0.0
CART,time,1,refitted,C_b10_r10,10,0.1,0.15,150.0,0.0,1.0,0.0,150.0,0.0
CART,time,1,refitted,C_b10_r20,20,0.1,0.02,40.0,0.0,1.0,0.0,40.0,0.0
CART,time,1,refitted,C_b10_r20,20,0.1,0.05,100.0,0.0,1.0,0.0,100.0,0.0
CART,time,1,refitted,C_b10_r20,20,0.1,0.1,200.0,0.0,1.0,0.0,200.0,0.0
CART,time,1,refitted,C_b10_r20,20,0.1,0.15,300.0,0.0,1.0,0.0,300.0,0.0
CART,time,1,refitted,C_b10_r50,50,0.1,0.02,100.0,0.0,1.0,0.0,100.0,0.0
CART,time,1,refitted,C_b10_r50,50,0.1,0.05,250.0,0.0,1.0,0.0,250.0,0.0
CART,time,1,refitted,C_b10_r50,50,0.1,0.1,500.0,0.0,1.0,0.0,500.0,0.0
CART,time,1,refitted,C_b10_r50,50,0.1,0.15,750.0,0.0,1.0,0.0,750.0,0.0
CART,time,1,refitted,C_b20_r05,5,0.2,0.02,10.0,0.0,1.0,0.0,10.0,0.0
CART,time,1,refitted,C_b20_r05,5,0.2,0.05,25.0,0.0,1.0,0.0,25.0,0.0
CART,time,1,refitted,C_b20_r05,5,0.2,0.1,50.0,0.0,1.0,0.0,50.0,0.0
CART,time,1,refitted,C_b20_r05,5,0.2,0.15,75.0,0.0,1.0,0.0,75.0,0.0
CART,time,1,refitted,C_b20_r10,10,0.2,0.02,20.0,0.0,1.0,0.0,20.0,0.0
CART,time,1,refitted,C_b20_r10,10,0.2,0.05,50.0,0.0,1.0,0.0,50.0,0.0
CART,time,1,refitted,C_b20_r10,10,0.2,0.1,100.0,0.0,1.0,0.0,100.0,0.0
CART,time,1,refitted,C_b20_r10,10,0.2,0.15,150.0,0.0,1.0,0.0,150.0,0.0
CART,time,1,refitted,C_b20_r20,20,0.2,0.02,40.0,0.0,1.0,0.0,40.0,0.0
CART,time,1,refitted,C_b20_r20,20,0.2,0.05,100.0,0.0,1.0,0.0,100.0,0.0
CART,time,1,refitted,C_b20_r20,20,0.2,0.1,200.0,0.0,1.0,0.0,200.0,0.0
CART,time,1,refitted,C_b20_r20,20,0.2,0.15,300.0,0.0,1.0,0.0,300.0,0.0
CART,time,1,refitted,C_b20_r50,50,0.2,0.02,100.0,0.0,1.0,0.0,100.0,0.0
CART,time,1,refitted,C_b20_r50,50,0.2,0.05,250.0,0.0,1.0,0.0,250.0,0.0
CART,time,1,refitted,C_b20_r50,50,0.2,0.1,500.0,0.0,1.0,0.0,500.0,0.0
CART,time,1,refitted,C_b20_r50,50,0.2,0.15,750.0,0.0,1.0,0.0,750.0,0.0
CART,time,1,refitted,TopK_b01,5,0.01,0.02,10.970297029702971,0.0097029702970297,1.0,0.0099009900990099,10.0,0.9702970297029712
CART,time,1,refitted,TopK_b01,5,0.01,0.05,25.940594059405942,0.0094059405940594,1.0,0.0099009900990099,25.0,0.9405940594059423
CART,time,1,refitted,TopK_b01,5,0.01,0.1,50.89108910891089,0.0089108910891089,1.0,0.0099009900990099,50.0,0.8910891089108901
CART,time,1,refitted,TopK_b01,5,0.01,0.15,75.84158415841584,0.0084158415841584,1.0,0.0099009900990099,75.0,0.8415841584158414
CART,time,1,refitted,TopK_b01,10,0.01,0.02,20.970297029702973,0.0097029702970297,1.0,0.0099009900990099,20.0,0.9702970297029729
CART,time,1,refitted,TopK_b01,10,0.01,0.05,50.94059405940594,0.0094059405940594,1.0,0.0099009900990099,50.0,0.9405940594059388
CART,time,1,refitted,TopK_b01,10,0.01,0.1,100.89108910891088,0.0089108910891089,1.0,0.0099009900990099,100.0,0.8910891089108759
CART,time,1,refitted,TopK_b01,10,0.01,0.15,150.84158415841586,0.0084158415841584,1.0,0.0099009900990099,150.0,0.8415841584158557
CART,time,1,refitted,TopK_b01,20,0.01,0.02,40.97029702970298,0.0097029702970297,1.0,0.0099009900990099,40.0,0.9702970297029765
CART,time,1,refitted,TopK_b01,20,0.01,0.05,100.94059405940594,0.0094059405940594,1.0,0.0099009900990099,100.0,0.9405940594059388
CART,time,1,refitted,TopK_b01,20,0.01,0.1,200.8910891089109,0.0089108910891089,1.0,0.0099009900990099,200.0,0.8910891089109043
CART,time,1,refitted,TopK_b01,20,0.01,0.15,300.8415841584158,0.0084158415841584,1.0,0.0099009900990099,300.0,0.8415841584157988
CART,time,1,refitted,TopK_b01,50,0.01,0.02,100.97029702970298,0.0097029702970297,1.0,0.0099009900990099,100.0,0.9702970297029765
CART,time,1,refitted,TopK_b01,50,0.01,0.05,250.94059405940592,0.0094059405940594,1.0,0.0099009900990099,250.0,0.9405940594059246
CART,time,1,refitted,TopK_b01,50,0.01,0.1,500.8910891089108,0.0089108910891089,1.0,0.0099009900990099,500.0,0.891089108910819
CART,time,1,refitted,TopK_b01,50,0.01,0.15,750.8415841584158,0.0084158415841584,1.0,0.0099009900990099,750.0,0.8415841584157988
CART,time,1,refitted,TopK_b05,5,0.05,0.02,14.85148514851485,0.0485148514851485,1.0,0.0495049504950495,10.0,4.8514851485148505
CART,time,1,refitted,TopK_b05,5,0.05,0.05,29.7029702970297,0.047029702970297,1.0,0.0495049504950495,25.0,4.702970297029701
CART,time,1,refitted,TopK_b05,5,0.05,0.1,54.45544554455446,0.0445544554455445,1.0,0.0495049504950495,50.0,4.455445544554458
CART,time,1,refitted,TopK_b05,5,0.05,0.15,79.20792079207921,0.042079207920792,1.0,0.0495049504950495,75.0,4.207920792079207
CART,time,1,refitted,TopK_b05,10,0.05,0.02,24.85148514851485,0.0485148514851485,1.0,0.0495049504950495,20.0,4.8514851485148505
CART,time,1,refitted,TopK_b05,10,0.05,0.05,54.70297029702971,0.047029702970297,1.0,0.0495049504950495,50.0,4.702970297029708
CART,time,1,refitted,TopK_b05,10,0.05,0.1,104.45544554455446,0.0445544554455445,1.0,0.0495049504950495,100.0,4.455445544554465
CART,time,1,refitted,TopK_b05,10,0.05,0.15,154.20792079207922,0.042079207920792,1.0,0.0495049504950495,150.0,4.207920792079221
CART,time,1,refitted,TopK_b05,20,0.05,0.02,44.85148514851485,0.0485148514851485,1.0,0.0495049504950495,40.0,4.851485148514847
CART,time,1,refitted,TopK_b05,20,0.05,0.05,104.70297029702972,0.047029702970297,1.0,0.0495049504950495,100.0,4.702970297029722
CART,time,1,refitted,TopK_b05,20,0.05,0.1,204.4554455445545,0.0445544554455445,1.0,0.0495049504950495,200.0,4.455445544554493
CART,time,1,refitted,TopK_b05,20,0.05,0.15,304.2079207920792,0.042079207920792,1.0,0.0495049504950495,300.0,4.207920792079221
CART,time,1,refitted,TopK_b05,50,0.05,0.02,104.85148514851484,0.0485148514851485,1.0,0.0495049504950495,100.0,4.85148514851484
CART,time,1,refitted,TopK_b05,50,0.05,0.05,254.70297029702968,0.047029702970297,1.0,0.0495049504950495,250.0,4.70297029702968
CART,time,1,refitted,TopK_b05,50,0.05,0.1,504.4554455445544,0.0445544554455445,1.0,0.0495049504950495,500.0,4.4554455445543795
CART,time,1,refitted,TopK_b05,50,0.05,0.15,754.2079207920792,0.042079207920792,1.0,0.0495049504950495,750.0,4.207920792079221
CART,time,1,refitted,TopK_b10,5,0.1,0.02,19.897029702970297,0.0989702970297029,1.0,0.100990099009901,10.0,9.897029702970297
CART,time,1,refitted,TopK_b10,5,0.1,0.05,34.59405940594059,0.0959405940594059,1.0,0.100990099009901,25.0,9.594059405940591
CART,time,1,refitted,TopK_b10,5,0.1,0.1,59.089108910891085,0.0908910891089109,1.0,0.100990099009901,50.0,9.089108910891085
CART,time,1,refitted,TopK_b10,5,0.1,0.15,83.58415841584159,0.0858415841584158,1.0,0.100990099009901,75.0,8.584158415841586
CART,time,1,refitted,TopK_b10,10,0.1,0.02,29.8970297029703,0.0989702970297029,1.0,0.100990099009901,20.0,9.8970297029703
CART,time,1,refitted,TopK_b10,10,0.1,0.05,59.59405940594059,0.0959405940594059,1.0,0.100990099009901,50.0,9.594059405940591
CART,time,1,refitted,TopK_b10,10,0.1,0.1,109.0891089108911,0.0908910891089109,1.0,0.100990099009901,100.0,9.089108910891099
CART,time,1,refitted,TopK_b10,10,0.1,0.15,158.5841584158416,0.0858415841584158,1.0,0.100990099009901,150.0,8.584158415841614
CART,time,1,refitted,TopK_b10,20,0.1,0.02,49.8970297029703,0.0989702970297029,1.0,0.100990099009901,40.0,9.8970297029703
CART,time,1,refitted,TopK_b10,20,0.1,0.05,109.5940594059406,0.0959405940594059,1.0,0.100990099009901,100.0,9.594059405940598
CART,time,1,refitted,TopK_b10,20,0.1,0.1,209.0891089108911,0.0908910891089109,1.0,0.100990099009901,200.0,9.089108910891099
CART,time,1,refitted,TopK_b10,20,0.1,0.15,308.5841584158416,0.0858415841584158,1.0,0.100990099009901,300.0,8.584158415841614
CART,time,1,refitted,TopK_b10,50,0.1,0.02,109.8970297029703,0.0989702970297029,1.0,0.100990099009901,100.0,9.8970297029703
CART,time,1,refitted,TopK_b10,50,0.1,0.05,259.5940594059406,0.0959405940594059,1.0,0.100990099009901,250.0,9.594059405940584
CART,time,1,refitted,TopK_b10,50,0.1,0.1,509.0891089108911,0.0908910891089109,1.0,0.100990099009901,500.0,9.089108910891127
CART,time,1,refitted,TopK_b10,50,0.1,0.15,758.5841584158416,0.0858415841584158,1.0,0.100990099009901,750.0,8.584158415841557
CART,time,1,refitted,TopK_b20,5,0.2,0.02,27.6,0.2,0.8,0.2,10.0,17.6
CART,time,1,refitted,TopK_b20,5,0.2,0.05,39.0,0.2,0.8,0.2,25.0,14.0
CART,time,1,refitted,TopK_b20,5,0.2,0.1,58.00000000000001,0.2,0.8,0.2,50.0,8.000000000000007
CART,time,1,refitted,TopK_b20,5,0.2,0.15,77.00000000000001,0.2,0.8,0.2,75.0,2.000000000000014
CART,time,1,refitted,TopK_b20,10,0.2,0.02,35.6,0.2,0.8,0.2,20.0,15.600000000000001
CART,time,1,refitted,TopK_b20,10,0.2,0.05,59.00000000000001,0.2,0.8,0.2,50.0,9.000000000000007
CART,time,1,refitted,TopK_b20,10,0.2,0.1,98.0,0.2,0.8,0.2,100.0,-2.0
CART,time,1,refitted,TopK_b20,10,0.2,0.15,137.0,0.2,0.8,0.2,150.0,-13.0
CART,time,1,refitted,TopK_b20,20,0.2,0.02,51.6,0.2,0.8,0.2,40.0,11.600000000000001
CART,time,1,refitted,TopK_b20,20,0.2,0.05,99.0,0.2,0.8,0.2,100.0,-1.0
CART,time,1,refitted,TopK_b20,20,0.2,0.1,178.0,0.2,0.8,0.2,200.0,-22.0
CART,time,1,refitted,TopK_b20,20,0.2,0.15,257.0,0.2,0.8,0.2,300.0,-43.0
CART,time,1,refitted,TopK_b20,50,0.2,0.02,99.6,0.2,0.8,0.2,100.0,-0.4000000000000057
CART,time,1,refitted,TopK_b20,50,0.2,0.05,219.0,0.2,0.8,0.2,250.0,-31.0
CART,time,1,refitted,TopK_b20,50,0.2,0.1,418.0,0.2,0.8,0.2,500.0,-82.0
CART,time,1,refitted,TopK_b20,50,0.2,0.15,617.0,0.2,0.8,0.2,750.0,-133.0
CART,time,2,fixed,none,5,,0.02,10.0,0.0,1.0,0.0,10.0,0.0
CART,time,2,fixed,none,5,,0.05,25.0,0.0,1.0,0.0,25.0,0.0
CART,time,2,fixed,none,5,,0.1,50.0,0.0,1.0,0.0,50.0,0.0
CART,time,2,fixed,none,5,,0.15,75.0,0.0,1.0,0.0,75.0,0.0
CART,time,2,fixed,none,10,,0.02,20.0,0.0,1.0,0.0,20.0,0.0
CART,time,2,fixed,none,10,,0.05,50.0,0.0,1.0,0.0,50.0,0.0
CART,time,2,fixed,none,10,,0.1,100.0,0.0,1.0,0.0,100.0,0.0
CART,time,2,fixed,none,10,,0.15,150.0,0.0,1.0,0.0,150.0,0.0
CART,time,2,fixed,none,20,,0.02,40.0,0.0,1.0,0.0,40.0,0.0
CART,time,2,fixed,none,20,,0.05,100.0,0.0,1.0,0.0,100.0,0.0
CART,time,2,fixed,none,20,,0.1,200.0,0.0,1.0,0.0,200.0,0.0
CART,time,2,fixed,none,20,,0.15,300.0,0.0,1.0,0.0,300.0,0.0
CART,time,2,fixed,none,50,,0.02,100.0,0.0,1.0,0.0,100.0,0.0
CART,time,2,fixed,none,50,,0.05,250.0,0.0,1.0,0.0,250.0,0.0
CART,time,2,fixed,none,50,,0.1,500.0,0.0,1.0,0.0,500.0,0.0
CART,time,2,fixed,none,50,,0.15,750.0,0.0,1.0,0.0,750.0,0.0
CART,time,2,fixed,A_b01,5,0.01,0.02,10.778455284552845,0.0127845528455284,0.9583333333333334,0.0121951219512195,10.0,0.7784552845528445
CART,time,2,fixed,A_b01,5,0.01,0.05,25.116869918699187,0.0136686991869918,0.9583333333333334,0.0121951219512195,25.0,0.11686991869918728
CART,time,2,fixed,A_b01,5,0.01,0.1,49.01422764227642,0.0151422764227642,0.9583333333333334,0.0121951219512195,50.0,-0.9857723577235831
CART,time,2,fixed,A_b01,5,0.01,0.15,72.91158536585365,0.0166158536585365,0.9583333333333334,0.0121951219512195,75.0,-2.0884146341463463
CART,time,2,fixed,A_b01,10,0.01,0.02,20.361788617886177,0.0127845528455284,0.9583333333333334,0.0121951219512195,20.0,0.36178861788617667
CART,time,2,fixed,A_b01,10,0.01,0.05,49.07520325203252,0.0136686991869918,0.9583333333333334,0.0121951219512195,50.0,-0.924796747967477
CART,time,2,fixed,A_b01,10,0.01,0.1,96.9308943089431,0.0151422764227642,0.9583333333333334,0.0121951219512195,100.0,-3.0691056910569046
CART,time,2,fixed,A_b01,10,0.01,0.15,144.78658536585365,0.0166158536585365,0.9583333333333334,0.0121951219512195,150.0,-5.213414634146346
CART,time,2,fixed,A_b01,20,0.01,0.02,39.52845528455285,0.0127845528455284,0.9583333333333334,0.0121951219512195,40.0,-0.47154471544715193
CART,time,2,fixed,A_b01,20,0.01,0.05,96.9918699186992,0.0136686991869918,0.9583333333333334,0.0121951219512195,100.0,-3.0081300813008056
CART,time,2,fixed,A_b01,20,0.01,0.1,192.76422764227644,0.0151422764227642,0.9583333333333334,0.0121951219512195,200.0,-7.235772357723562
CART,time,2,fixed,A_b01,20,0.01,0.15,288.5365853658536,0.0166158536585365,0.9583333333333334,0.0121951219512195,300.0,-11.463414634146375
CART,time,2,fixed,A_b01,50,0.01,0.02,97.02845528455283,0.0127845528455284,0.9583333333333334,0.0121951219512195,100.0,-2.971544715447166
CART,time,2,fixed,A_b01,50,0.01,0.05,240.7418699186992,0.0136686991869918,0.9583333333333334,0.0121951219512195,250.0,-9.258130081300806
CART,time,2,fixed,A_b01,50,0.01,0.1,480.2642276422764,0.0151422764227642,0.9583333333333334,0.0121951219512195,500.0,-19.73577235772359
CART,time,2,fixed,A_b01,50,0.01,0.15,719.7865853658537,0.0166158536585365,0.9583333333333334,0.0121951219512195,750.0,-30.21341463414626
CART,time,2,fixed,A_b05,5,0.05,0.02,15.52235772357723,0.0702235772357722,0.875,0.0691056910569105,10.0,5.52235772357723
CART,time,2,fixed,A_b05,5,0.05,0.05,28.44004065040649,0.0719004065040649,0.875,0.0691056910569105,25.0,3.440040650406491
CART,time,2,fixed,A_b05,5,0.05,0.1,49.96951219512194,0.0746951219512194,0.875,0.0691056910569105,50.0,-0.03048780487805658
CART,time,2,fixed,A_b05,5,0.05,0.15,71.4989837398374,0.0774898373983739,0.875,0.0691056910569105,75.0,-3.5010162601626007
CART,time,2,fixed,A_b05,10,0.05,0.02,24.27235772357723,0.0702235772357722,0.875,0.0691056910569105,20.0,4.27235772357723
CART,time,2,fixed,A_b05,10,0.05,0.05,50.315040650406495,0.0719004065040649,0.875,0.0691056910569105,50.0,0.31504065040649465
CART,time,2,fixed,A_b05,10,0.05,0.1,93.71951219512196,0.0746951219512194,0.875,0.0691056910569105,100.0,-6.280487804878035
CART,time,2,fixed,A_b05,10,0.05,0.15,137.1239837398374,0.0774898373983739,0.875,0.0691056910569105,150.0,-12.8760162601626
CART,time,2,fixed,A_b05,20,0.05,0.02,41.77235772357723,0.0702235772357722,0.875,0.0691056910569105,40.0,1.7723577235772296
CART,time,2,fixed,A_b05,20,0.05,0.05,94.0650406504065,0.0719004065040649,0.875,0.0691056910569105,100.0,-5.934959349593498
CART,time,2,fixed,A_b05,20,0.05,0.1,181.21951219512192,0.0746951219512194,0.875,0.0691056910569105,200.0,-18.780487804878078
CART,time,2,fixed,A_b05,20,0.05,0.15,268.3739837398374,0.0774898373983739,0.875,0.0691056910569105,300.0,-31.6260162601626
CART,time,2,fixed,A_b05,50,0.05,0.02,94.27235772357724,0.0702235772357722,0.875,0.0691056910569105,100.0,-5.727642276422756
CART,time,2,fixed,A_b05,50,0.05,0.05,225.31504065040647,0.0719004065040649,0.875,0.0691056910569105,250.0,-24.684959349593527
CART,time,2,fixed,A_b05,50,0.05,0.1,443.719512195122,0.0746951219512194,0.875,0.0691056910569105,500.0,-56.28048780487802
CART,time,2,fixed,A_b05,50,0.05,0.15,662.1239837398374,0.0774898373983739,0.875,0.0691056910569105,750.0,-87.8760162601626
CART,time,2,fixed,A_b10,5,0.1,0.02,18.654471544715445,0.1165447154471544,0.75,0.1138211382113821,10.0,8.654471544715445
CART,time,2,fixed,A_b10,5,0.1,0.05,29.563008130081297,0.1206300813008129,0.75,0.1138211382113821,25.0,4.563008130081297
CART,time,2,fixed,A_b10,5,0.1,0.1,47.74390243902439,0.1274390243902438,0.75,0.1138211382113821,50.0,-2.2560975609756113
CART,time,2,fixed,A_b10,5,0.1,0.15,65.92479674796748,0.1342479674796747,0.75,0.1138211382113821,75.0,-9.075203252032523
CART,time,2,fixed,A_b10,10,0.1,0.02,26.154471544715445,0.1165447154471544,0.75,0.1138211382113821,20.0,6.154471544715445
CART,time,2,fixed,A_b10,10,0.1,0.05,48.3130081300813,0.1206300813008129,0.75,0.1138211382113821,50.0,-1.6869918699186996
CART,time,2,fixed,A_b10,10,0.1,0.1,85.24390243902438,0.1274390243902438,0.75,0.1138211382113821,100.0,-14.756097560975618
CART,time,2,fixed,A_b10,10,0.1,0.15,122.17479674796748,0.1342479674796747,0.75,0.1138211382113821,150.0,-27.825203252032523
CART,time,2,fixed,A_b10,20,0.1,0.02,41.15447154471545,0.1165447154471544,0.75,0.1138211382113821,40.0,1.1544715447154488
CART,time,2,fixed,A_b10,20,0.1,0.05,85.8130081300813,0.1206300813008129,0.75,0.1138211382113821,100.0,-14.1869918699187
CART,time,2,fixed,A_b10,20,0.1,0.1,160.2439024390244,0.1274390243902438,0.75,0.1138211382113821,200.0,-39.756097560975604
CART,time,2,fixed,A_b10,20,0.1,0.15,234.67479674796743,0.1342479674796747,0.75,0.1138211382113821,300.0,-65.32520325203257
CART,time,2,fixed,A_b10,50,0.1,0.02,86.15447154471545,0.1165447154471544,0.75,0.1138211382113821,100.0,-13.845528455284551
CART,time,2,fixed,A_b10,50,0.1,0.05,198.3130081300813,0.1206300813008129,0.75,0.1138211382113821,250.0,-51.6869918699187
CART,time,2,fixed,A_b10,50,0.1,0.1,385.2439024390244,0.1274390243902438,0.75,0.1138211382113821,500.0,-114.7560975609756
CART,time,2,fixed,A_b10,50,0.1,0.15,572.1747967479674,0.1342479674796747,0.75,0.1138211382113821,750.0,-177.82520325203257
CART,time,2,fixed,A_b20,5,0.2,0.02,30.550813008130078,0.2505081300813007,0.625,0.2479674796747967,10.0,20.550813008130078
CART,time,2,fixed,A_b20,5,0.2,0.05,39.18191056910568,0.2543191056910568,0.625,0.2479674796747967,25.0,14.181910569105682
CART,time,2,fixed,A_b20,5,0.2,0.1,53.5670731707317,0.260670731707317,0.625,0.2479674796747967,50.0,3.567073170731703
CART,time,2,fixed,A_b20,5,0.2,0.15,67.95223577235771,0.2670223577235772,0.625,0.2479674796747967,75.0,-7.04776422764229
CART,time,2,fixed,A_b20,10,0.2,0.02,36.80081300813007,0.2505081300813007,0.625,0.2479674796747967,20.0,16.80081300813007
CART,time,2,fixed,A_b20,10,0.2,0.05,54.80691056910568,0.2543191056910568,0.625,0.2479674796747967,50.0,4.806910569105682
CART,time,2,fixed,A_b20,10,0.2,0.1,84.8170731707317,0.260670731707317,0.625,0.2479674796747967,100.0,-15.182926829268297
CART,time,2,fixed,A_b20,10,0.2,0.15,114.82723577235772,0.2670223577235772,0.625,0.2479674796747967,150.0,-35.172764227642276
CART,time,2,fixed,A_b20,20,0.2,0.02,49.30081300813007,0.2505081300813007,0.625,0.2479674796747967,40.0,9.30081300813007
CART,time,2,fixed,A_b20,20,0.2,0.05,86.05691056910568,0.2543191056910568,0.625,0.2479674796747967,100.0,-13.943089430894318
CART,time,2,fixed,A_b20,20,0.2,0.1,147.3170731707317,0.260670731707317,0.625,0.2479674796747967,200.0,-52.6829268292683
CART,time,2,fixed,A_b20,20,0.2,0.15,208.5772357723577,0.2670223577235772,0.625,0.2479674796747967,300.0,-91.42276422764229
CART,time,2,fixed,A_b20,50,0.2,0.02,86.80081300813008,0.2505081300813007,0.625,0.2479674796747967,100.0,-13.199186991869922
CART,time,2,fixed,A_b20,50,0.2,0.05,179.8069105691057,0.2543191056910568,0.625,0.2479674796747967,250.0,-70.1930894308943
CART,time,2,fixed,A_b20,50,0.2,0.1,334.8170731707317,0.260670731707317,0.625,0.2479674796747967,500.0,-165.1829268292683
CART,time,2,fixed,A_b20,50,0.2,0.15,489.82723577235777,0.2670223577235772,0.625,0.2479674796747967,750.0,-260.17276422764223
CART,time,2,fixed,B_r05,5,,0.02,10.0,0.0,1.0,0.0,10.0,0.0
CART,time,2,fixed,B_r05,5,,0.05,25.0,0.0,1.0,0.0,25.0,0.0
CART,time,2,fixed,B_r05,5,,0.1,50.0,0.0,1.0,0.0,50.0,0.0
CART,time,2,fixed,B_r05,5,,0.15,75.0,0.0,1.0,0.0,75.0,0.0
CART,time,2,fixed,B_r10,10,,0.02,20.0,0.0,1.0,0.0,20.0,0.0
CART,time,2,fixed,B_r10,10,,0.05,50.0,0.0,1.0,0.0,50.0,0.0
CART,time,2,fixed,B_r10,10,,0.1,100.0,0.0,1.0,0.0,100.0,0.0
CART,time,2,fixed,B_r10,10,,0.15,150.0,0.0,1.0,0.0,150.0,0.0
CART,time,2,fixed,B_r20,20,,0.02,65.21544715447153,0.4621544715447154,0.5,0.4613821138211382,40.0,25.215447154471534
CART,time,2,fixed,B_r20,20,,0.05,93.83130081300811,0.4633130081300813,0.5,0.4613821138211382,100.0,-6.168699186991887
CART,time,2,fixed,B_r20,20,,0.1,141.52439024390245,0.4652439024390243,0.5,0.4613821138211382,200.0,-58.475609756097555
CART,time,2,fixed,B_r20,20,,0.15,189.21747967479675,0.4671747967479674,0.5,0.4613821138211382,300.0,-110.78252032520325
CART,time,2,fixed,B_r50,50,,0.02,95.21544715447156,0.4621544715447154,0.5,0.4613821138211382,100.0,-4.784552845528438
CART,time,2,fixed,B_r50,50,,0.05,168.8313008130081,0.4633130081300813,0.5,0.4613821138211382,250.0,-81.16869918699189
CART,time,2,fixed,B_r50,50,,0.1,291.5243902439024,0.4652439024390243,0.5,0.4613821138211382,500.0,-208.47560975609758
CART,time,2,fixed,B_r50,50,,0.15,414.2174796747968,0.4671747967479674,0.5,0.4613821138211382,750.0,-335.7825203252032
CART,time,2,fixed,C_b01_r05,5,0.01,0.02,10.0,0.0,1.0,0.0,10.0,0.0
CART,time,2,fixed,C_b01_r05,5,0.01,0.05,25.0,0.0,1.0,0.0,25.0,0.0
CART,time,2,fixed,C_b01_r05,5,0.01,0.1,50.0,0.0,1.0,0.0,50.0,0.0
CART,time,2,fixed,C_b01_r05,5,0.01,0.15,75.0,0.0,1.0,0.0,75.0,0.0
CART,time,2,fixed,C_b01_r10,10,0.01,0.02,20.0,0.0,1.0,0.0,20.0,0.0
CART,time,2,fixed,C_b01_r10,10,0.01,0.05,50.0,0.0,1.0,0.0,50.0,0.0
CART,time,2,fixed,C_b01_r10,10,0.01,0.1,100.0,0.0,1.0,0.0,100.0,0.0
CART,time,2,fixed,C_b01_r10,10,0.01,0.15,150.0,0.0,1.0,0.0,150.0,0.0
CART,time,2,fixed,C_b01_r20,20,0.01,0.02,40.0,0.0,1.0,0.0,40.0,0.0
CART,time,2,fixed,C_b01_r20,20,0.01,0.05,100.0,0.0,1.0,0.0,100.0,0.0
CART,time,2,fixed,C_b01_r20,20,0.01,0.1,200.0,0.0,1.0,0.0,200.0,0.0
CART,time,2,fixed,C_b01_r20,20,0.01,0.15,300.0,0.0,1.0,0.0,300.0,0.0
CART,time,2,fixed,C_b01_r50,50,0.01,0.02,100.0,0.0,1.0,0.0,100.0,0.0
CART,time,2,fixed,C_b01_r50,50,0.01,0.05,250.0,0.0,1.0,0.0,250.0,0.0
CART,time,2,fixed,C_b01_r50,50,0.01,0.1,500.0,0.0,1.0,0.0,500.0,0.0
CART,time,2,fixed,C_b01_r50,50,0.01,0.15,750.0,0.0,1.0,0.0,750.0,0.0
CART,time,2,fixed,C_b05_r05,5,0.05,0.02,10.0,0.0,1.0,0.0,10.0,0.0
CART,time,2,fixed,C_b05_r05,5,0.05,0.05,25.0,0.0,1.0,0.0,25.0,0.0
CART,time,2,fixed,C_b05_r05,5,0.05,0.1,50.0,0.0,1.0,0.0,50.0,0.0
CART,time,2,fixed,C_b05_r05,5,0.05,0.15,75.0,0.0,1.0,0.0,75.0,0.0
CART,time,2,fixed,C_b05_r10,10,0.05,0.02,20.0,0.0,1.0,0.0,20.0,0.0
CART,time,2,fixed,C_b05_r10,10,0.05,0.05,50.0,0.0,1.0,0.0,50.0,0.0
CART,time,2,fixed,C_b05_r10,10,0.05,0.1,100.0,0.0,1.0,0.0,100.0,0.0
CART,time,2,fixed,C_b05_r10,10,0.05,0.15,150.0,0.0,1.0,0.0,150.0,0.0
CART,time,2,fixed,C_b05_r20,20,0.05,0.02,40.0,0.0,1.0,0.0,40.0,0.0
CART,time,2,fixed,C_b05_r20,20,0.05,0.05,100.0,0.0,1.0,0.0,100.0,0.0
CART,time,2,fixed,C_b05_r20,20,0.05,0.1,200.0,0.0,1.0,0.0,200.0,0.0
CART,time,2,fixed,C_b05_r20,20,0.05,0.15,300.0,0.0,1.0,0.0,300.0,0.0
CART,time,2,fixed,C_b05_r50,50,0.05,0.02,100.0,0.0,1.0,0.0,100.0,0.0
CART,time,2,fixed,C_b05_r50,50,0.05,0.05,250.0,0.0,1.0,0.0,250.0,0.0
CART,time,2,fixed,C_b05_r50,50,0.05,0.1,500.0,0.0,1.0,0.0,500.0,0.0
CART,time,2,fixed,C_b05_r50,50,0.05,0.15,750.0,0.0,1.0,0.0,750.0,0.0
CART,time,2,fixed,C_b10_r05,5,0.1,0.02,10.0,0.0,1.0,0.0,10.0,0.0
CART,time,2,fixed,C_b10_r05,5,0.1,0.05,25.0,0.0,1.0,0.0,25.0,0.0
CART,time,2,fixed,C_b10_r05,5,0.1,0.1,50.0,0.0,1.0,0.0,50.0,0.0
CART,time,2,fixed,C_b10_r05,5,0.1,0.15,75.0,0.0,1.0,0.0,75.0,0.0
CART,time,2,fixed,C_b10_r10,10,0.1,0.02,20.0,0.0,1.0,0.0,20.0,0.0
CART,time,2,fixed,C_b10_r10,10,0.1,0.05,50.0,0.0,1.0,0.0,50.0,0.0
CART,time,2,fixed,C_b10_r10,10,0.1,0.1,100.0,0.0,1.0,0.0,100.0,0.0
CART,time,2,fixed,C_b10_r10,10,0.1,0.15,150.0,0.0,1.0,0.0,150.0,0.0
CART,time,2,fixed,C_b10_r20,20,0.1,0.02,40.0,0.0,1.0,0.0,40.0,0.0
CART,time,2,fixed,C_b10_r20,20,0.1,0.05,100.0,0.0,1.0,0.0,100.0,0.0
CART,time,2,fixed,C_b10_r20,20,0.1,0.1,200.0,0.0,1.0,0.0,200.0,0.0
CART,time,2,fixed,C_b10_r20,20,0.1,0.15,300.0,0.0,1.0,0.0,300.0,0.0
CART,time,2,fixed,C_b10_r50,50,0.1,0.02,93.4918699186992,0.1049186991869918,0.8333333333333334,0.1036585365853658,100.0,-6.508130081300806
CART,time,2,fixed,C_b10_r50,50,0.1,0.05,218.18089430894312,0.1068089430894308,0.8333333333333334,0.1036585365853658,250.0,-31.819105691056876
CART,time,2,fixed,C_b10_r50,50,0.1,0.1,425.9959349593496,0.1099593495934958,0.8333333333333334,0.1036585365853658,500.0,-74.0040650406504
CART,time,2,fixed,C_b10_r50,50,0.1,0.15,633.810975609756,0.1131097560975609,0.8333333333333334,0.1036585365853658,750.0,-116.18902439024396
CART,time,2,fixed,C_b20_r05,5,0.2,0.02,10.0,0.0,1.0,0.0,10.0,0.0
CART,time,2,fixed,C_b20_r05,5,0.2,0.05,25.0,0.0,1.0,0.0,25.0,0.0
CART,time,2,fixed,C_b20_r05,5,0.2,0.1,50.0,0.0,1.0,0.0,50.0,0.0
CART,time,2,fixed,C_b20_r05,5,0.2,0.15,75.0,0.0,1.0,0.0,75.0,0.0
CART,time,2,fixed,C_b20_r10,10,0.2,0.02,20.0,0.0,1.0,0.0,20.0,0.0
CART,time,2,fixed,C_b20_r10,10,0.2,0.05,50.0,0.0,1.0,0.0,50.0,0.0
CART,time,2,fixed,C_b20_r10,10,0.2,0.1,100.0,0.0,1.0,0.0,100.0,0.0
CART,time,2,fixed,C_b20_r10,10,0.2,0.15,150.0,0.0,1.0,0.0,150.0,0.0
CART,time,2,fixed,C_b20_r20,20,0.2,0.02,40.0,0.0,1.0,0.0,40.0,0.0
CART,time,2,fixed,C_b20_r20,20,0.2,0.05,100.0,0.0,1.0,0.0,100.0,0.0
CART,time,2,fixed,C_b20_r20,20,0.2,0.1,200.0,0.0,1.0,0.0,200.0,0.0
CART,time,2,fixed,C_b20_r20,20,0.2,0.15,300.0,0.0,1.0,0.0,300.0,0.0
CART,time,2,fixed,C_b20_r50,50,0.2,0.02,93.4918699186992,0.1049186991869918,0.8333333333333334,0.1036585365853658,100.0,-6.508130081300806
CART,time,2,fixed,C_b20_r50,50,0.2,0.05,218.18089430894312,0.1068089430894308,0.8333333333333334,0.1036585365853658,250.0,-31.819105691056876
CART,time,2,fixed,C_b20_r50,50,0.2,0.1,425.9959349593496,0.1099593495934958,0.8333333333333334,0.1036585365853658,500.0,-74.0040650406504
CART,time,2,fixed,C_b20_r50,50,0.2,0.15,633.810975609756,0.1131097560975609,0.8333333333333334,0.1036585365853658,750.0,-116.18902439024396
CART,time,2,fixed,TopK_b01,5,0.01,0.02,10.380081300813009,0.00880081300813,0.9583333333333334,0.008130081300813,10.0,0.38008130081300884
CART,time,2,fixed,TopK_b01,5,0.01,0.05,24.73069105691057,0.0098069105691056,0.9583333333333334,0.008130081300813,25.0,-0.2693089430894311
CART,time,2,fixed,TopK_b01,5,0.01,0.1,48.64837398373984,0.0114837398373983,0.9583333333333334,0.008130081300813,50.0,-1.3516260162601625
CART,time,2,fixed,TopK_b01,5,0.01,0.15,72.56605691056912,0.013160569105691,0.9583333333333334,0.008130081300813,75.0,-2.4339430894308833
CART,time,2,fixed,TopK_b01,10,0.01,0.02,19.963414634146343,0.00880081300813,0.9583333333333334,0.008130081300813,20.0,-0.03658536585365724
CART,time,2,fixed,TopK_b01,10,0.01,0.05,48.6890243902439,0.0098069105691056,0.9583333333333334,0.008130081300813,50.0,-1.310975609756099
CART,time,2,fixed,TopK_b01,10,0.01,0.1,96.5650406504065,0.0114837398373983,0.9583333333333334,0.008130081300813,100.0,-3.4349593495934982
CART,time,2,fixed,TopK_b01,10,0.01,0.15,144.4410569105691,0.013160569105691,0.9583333333333334,0.008130081300813,150.0,-5.5589430894308975
CART,time,2,fixed,TopK_b01,20,0.01,0.02,39.13008130081301,0.00880081300813,0.9583333333333334,0.008130081300813,40.0,-0.8699186991869894
CART,time,2,fixed,TopK_b01,20,0.01,0.05,96.60569105691056,0.0098069105691056,0.9583333333333334,0.008130081300813,100.0,-3.3943089430894418
CART,time,2,fixed,TopK_b01,20,0.01,0.1,192.39837398373984,0.0114837398373983,0.9583333333333334,0.008130081300813,200.0,-7.601626016260155
CART,time,2,fixed,TopK_b01,20,0.01,0.15,288.1910569105691,0.013160569105691,0.9583333333333334,0.008130081300813,300.0,-11.808943089430898
CART,time,2,fixed,TopK_b01,50,0.01,0.02,96.630081300813,0.00880081300813,0.9583333333333334,0.008130081300813,100.0,-3.3699186991869965
CART,time,2,fixed,TopK_b01,50,0.01,0.05,240.3556910569106,0.0098069105691056,0.9583333333333334,0.008130081300813,250.0,-9.644308943089413
CART,time,2,fixed,TopK_b01,50,0.01,0.1,479.8983739837398,0.0114837398373983,0.9583333333333334,0.008130081300813,500.0,-20.101626016260184
CART,time,2,fixed,TopK_b01,50,0.01,0.15,719.441056910569,0.013160569105691,0.9583333333333334,0.008130081300813,750.0,-30.558943089430954
CART,time,2,fixed,TopK_b05,5,0.05,0.02,13.747967479674788,0.0474796747967478,0.9166666666666666,0.0467479674796747,10.0,3.747967479674788
CART,time,2,fixed,TopK_b05,5,0.05,0.05,27.35772357723576,0.0485772357723576,0.9166666666666666,0.0467479674796747,25.0,2.3577235772357596
CART,time,2,fixed,TopK_b05,5,0.05,0.1,50.04065040650405,0.0504065040650405,0.9166666666666666,0.0467479674796747,50.0,0.040650406504049386
CART,time,2,fixed,TopK_b05,5,0.05,0.15,72.72357723577235,0.0522357723577234,0.9166666666666666,0.0467479674796747,75.0,-2.2764227642276467
CART,time,2,fixed,TopK_b05,10,0.05,0.02,22.914634146341456,0.0474796747967478,0.9166666666666666,0.0467479674796747,20.0,2.914634146341456
CART,time,2,fixed,TopK_b05,10,0.05,0.05,50.27439024390242,0.0485772357723576,0.9166666666666666,0.0467479674796747,50.0,0.27439024390241684
CART,time,2,fixed,TopK_b05,10,0.05,0.1,95.8739837398374,0.0504065040650405,0.9166666666666666,0.0467479674796747,100.0,-4.126016260162601
CART,time,2,fixed,TopK_b05,10,0.05,0.15,141.47357723577235,0.0522357723577234,0.9166666666666666,0.0467479674796747,150.0,-8.526422764227647
CART,time,2,fixed,TopK_b05,20,0.05,0.02,41.24796747967479,0.0474796747967478,0.9166666666666666,0.0467479674796747,40.0,1.2479674796747915
CART,time,2,fixed,TopK_b05,20,0.05,0.05,96.10772357723576,0.0485772357723576,0.9166666666666666,0.0467479674796747,100.0,-3.8922764227642404
CART,time,2,fixed,TopK_b05,20,0.05,0.1,187.54065040650408,0.0504065040650405,0.9166666666666666,0.0467479674796747,200.0,-12.459349593495915
CART,time,2,fixed,TopK_b05,20,0.05,0.15,278.9735772357723,0.0522357723577234,0.9166666666666666,0.0467479674796747,300.0,-21.026422764227675
CART,time,2,fixed,TopK_b05,50,0.05,0.02,96.24796747967478,0.0474796747967478,0.9166666666666666,0.0467479674796747,100.0,-3.7520325203252156
CART,time,2,fixed,TopK_b05,50,0.05,0.05,233.60772357723576,0.0485772357723576,0.9166666666666666,0.0467479674796747,250.0,-16.39227642276424
CART,time,2,fixed,TopK_b05,50,0.05,0.1,462.540650406504,0.0504065040650405,0.9166666666666666,0.0467479674796747,500.0,-37.45934959349597
CART,time,2,fixed,TopK_b05,50,0.05,0.15,691.4735772357724,0.0522357723577234,0.9166666666666666,0.0467479674796747,750.0,-58.52642276422762
CART,time,2,fixed,TopK_b10,5,0.1,0.02,17.69512195121951,0.096951219512195,0.8333333333333334,0.0955284552845528,10.0,7.695121951219509
CART,time,2,fixed,TopK_b10,5,0.1,0.05,29.90853658536585,0.0990853658536584,0.8333333333333334,0.0955284552845528,25.0,4.908536585365852
CART,time,2,fixed,TopK_b10,5,0.1,0.1,50.26422764227642,0.1026422764227641,0.8333333333333334,0.0955284552845528,50.0,0.26422764227641693
CART,time,2,fixed,TopK_b10,5,0.1,0.15,70.619918699187,0.1061991869918698,0.8333333333333334,0.0955284552845528,75.0,-4.3800813008130035
CART,time,2,fixed,TopK_b10,10,0.1,0.02,26.02845528455284,0.096951219512195,0.8333333333333334,0.0955284552845528,20.0,6.028455284552841
CART,time,2,fixed,TopK_b10,10,0.1,0.05,50.74186991869918,0.0990853658536584,0.8333333333333334,0.0955284552845528,50.0,0.7418699186991802
CART,time,2,fixed,TopK_b10,10,0.1,0.1,91.9308943089431,0.1026422764227641,0.8333333333333334,0.0955284552845528,100.0,-8.069105691056905
CART,time,2,fixed,TopK_b10,10,0.1,0.15,133.11991869918697,0.1061991869918698,0.8333333333333334,0.0955284552845528,150.0,-16.880081300813032
CART,time,2,fixed,TopK_b10,20,0.1,0.02,42.69512195121951,0.096951219512195,0.8333333333333334,0.0955284552845528,40.0,2.6951219512195124
CART,time,2,fixed,TopK_b10,20,0.1,0.05,92.40853658536584,0.0990853658536584,0.8333333333333334,0.0955284552845528,100.0,-7.591463414634163
CART,time,2,fixed,TopK_b10,20,0.1,0.1,175.26422764227644,0.1026422764227641,0.8333333333333334,0.0955284552845528,200.0,-24.73577235772356
CART,time,2,fixed,TopK_b10,20,0.1,0.15,258.119918699187,0.1061991869918698,0.8333333333333334,0.0955284552845528,300.0,-41.880081300813
CART,time,2,fixed,TopK_b10,50,0.1,0.02,92.69512195121952,0.096951219512195,0.8333333333333334,0.0955284552845528,100.0,-7.3048780487804805
CART,time,2,fixed,TopK_b10,50,0.1,0.05,217.40853658536588,0.0990853658536584,0.8333333333333334,0.0955284552845528,250.0,-32.59146341463412
CART,time,2,fixed,TopK_b10,50,0.1,0.1,425.26422764227647,0.1026422764227641,0.8333333333333334,0.0955284552845528,500.0,-74.73577235772353
CART,time,2,fixed,TopK_b10,50,0.1,0.15,633.119918699187,0.1061991869918698,0.8333333333333334,0.0955284552845528,750.0,-116.880081300813
CART,time,2,fixed,TopK_b20,5,0.2,0.02,24.97357723577236,0.1947357723577236,0.625,0.1910569105691057,10.0,14.97357723577236
CART,time,2,fixed,TopK_b20,5,0.2,0.05,33.77540650406504,0.2002540650406504,0.625,0.1910569105691057,25.0,8.775406504065039
CART,time,2,fixed,TopK_b20,5,0.2,0.1,48.44512195121952,0.2094512195121951,0.625,0.1910569105691057,50.0,-1.5548780487804805
CART,time,2,fixed,TopK_b20,5,0.2,0.15,63.11483739837398,0.2186483739837398,0.625,0.1910569105691057,75.0,-11.885162601626021
CART,time,2,fixed,TopK_b20,10,0.2,0.02,31.22357723577236,0.1947357723577236,0.625,0.1910569105691057,20.0,11.22357723577236
CART,time,2,fixed,TopK_b20,10,0.2,0.05,49.40040650406504,0.2002540650406504,0.625,0.1910569105691057,50.0,-0.5995934959349611
CART,time,2,fixed,TopK_b20,10,0.2,0.1,79.69512195121952,0.2094512195121951,0.625,0.1910569105691057,100.0,-20.30487804878048
CART,time,2,fixed,TopK_b20,10,0.2,0.15,109.98983739837398,0.2186483739837398,0.625,0.1910569105691057,150.0,-40.01016260162602
CART,time,2,fixed,TopK_b20,20,0.2,0.02,43.72357723577236,0.1947357723577236,0.625,0.1910569105691057,40.0,3.7235772357723604
CART,time,2,fixed,TopK_b20,20,0.2,0.05,80.65040650406505,0.2002540650406504,0.625,0.1910569105691057,100.0,-19.349593495934954
CART,time,2,fixed,TopK_b20,20,0.2,0.1,142.1951219512195,0.2094512195121951,0.625,0.1910569105691057,200.0,-57.804878048780495
CART,time,2,fixed,TopK_b20,20,0.2,0.15,203.739837398374,0.2186483739837398,0.625,0.1910569105691057,300.0,-96.260162601626
CART,time,2,fixed,TopK_b20,50,0.2,0.02,81.22357723577235,0.1947357723577236,0.625,0.1910569105691057,100.0,-18.776422764227647
CART,time,2,fixed,TopK_b20,50,0.2,0.05,174.40040650406505,0.2002540650406504,0.625,0.1910569105691057,250.0,-75.59959349593495
CART,time,2,fixed,TopK_b20,50,0.2,0.1,329.6951219512195,0.2094512195121951,0.625,0.1910569105691057,500.0,-170.3048780487805
CART,time,2,fixed,TopK_b20,50,0.2,0.15,484.98983739837394,0.2186483739837398,0.625,0.1910569105691057,750.0,-265.01016260162606
CART,time,2,refitted,none,5,,0.02,10.0,0.0,1.0,0.0,10.0,0.0
CART,time,2,refitted,none,5,,0.05,25.0,0.0,1.0,0.0,25.0,0.0
CART,time,2,refitted,none,5,,0.1,50.0,0.0,1.0,0.0,50.0,0.0
CART,time,2,refitted,none,5,,0.15,75.0,0.0,1.0,0.0,75.0,0.0
CART,time,2,refitted,none,10,,0.02,20.0,0.0,1.0,0.0,20.0,0.0
CART,time,2,refitted,none,10,,0.05,50.0,0.0,1.0,0.0,50.0,0.0
CART,time,2,refitted,none,10,,0.1,100.0,0.0,1.0,0.0,100.0,0.0
CART,time,2,refitted,none,10,,0.15,150.0,0.0,1.0,0.0,150.0,0.0
CART,time,2,refitted,none,20,,0.02,40.0,0.0,1.0,0.0,40.0,0.0
CART,time,2,refitted,none,20,,0.05,100.0,0.0,1.0,0.0,100.0,0.0
CART,time,2,refitted,none,20,,0.1,200.0,0.0,1.0,0.0,200.0,0.0
CART,time,2,refitted,none,20,,0.15,300.0,0.0,1.0,0.0,300.0,0.0
CART,time,2,refitted,none,50,,0.02,100.0,0.0,1.0,0.0,100.0,0.0
CART,time,2,refitted,none,50,,0.05,250.0,0.0,1.0,0.0,250.0,0.0
CART,time,2,refitted,none,50,,0.1,500.0,0.0,1.0,0.0,500.0,0.0
CART,time,2,refitted,none,50,,0.15,750.0,0.0,1.0,0.0,750.0,0.0
CART,time,2,refitted,A_b01,5,0.01,0.02,10.199186991869915,0.0019918699186991,1.0,0.0020325203252032,10.0,0.19918699186991518
CART,time,2,refitted,A_b01,5,0.01,0.05,25.193089430894304,0.001930894308943,1.0,0.0020325203252032,25.0,0.19308943089430386
CART,time,2,refitted,A_b01,5,0.01,0.1,50.18292682926829,0.0018292682926828,1.0,0.0020325203252032,50.0,0.18292682926828974
CART,time,2,refitted,A_b01,5,0.01,0.15,75.17276422764228,0.0017276422764227,1.0,0.0020325203252032,75.0,0.17276422764227561
CART,time,2,refitted,A_b01,10,0.01,0.02,20.199186991869915,0.0019918699186991,1.0,0.0020325203252032,20.0,0.19918699186991518
CART,time,2,refitted,A_b01,10,0.01,0.05,50.1930894308943,0.001930894308943,1.0,0.0020325203252032,50.0,0.19308943089429675
CART,time,2,refitted,A_b01,10,0.01,0.1,100.18292682926828,0.0018292682926828,1.0,0.0020325203252032,100.0,0.18292682926828263
CART,time,2,refitted,A_b01,10,0.01,0.15,150.17276422764226,0.0017276422764227,1.0,0.0020325203252032,150.0,0.1727642276422614
CART,time,2,refitted,A_b01,20,0.01,0.02,40.19918699186992,0.0019918699186991,1.0,0.0020325203252032,40.0,0.19918699186992228
CART,time,2,refitted,A_b01,20,0.01,0.05,100.1930894308943,0.001930894308943,1.0,0.0020325203252032,100.0,0.19308943089430386
CART,time,2,refitted,A_b01,20,0.01,0.1,200.1829268292683,0.0018292682926828,1.0,0.0020325203252032,200.0,0.18292682926829684
CART,time,2,refitted,A_b01,20,0.01,0.15,300.17276422764223,0.0017276422764227,1.0,0.0020325203252032,300.0,0.17276422764223298
CART,time,2,refitted,A_b01,50,0.01,0.02,100.19918699186992,0.0019918699186991,1.0,0.0020325203252032,100.0,0.19918699186992228
CART,time,2,refitted,A_b01,50,0.01,0.05,250.1930894308943,0.001930894308943,1.0,0.0020325203252032,250.0,0.19308943089430386
CART,time,2,refitted,A_b01,50,0.01,0.1,500.1829268292683,0.0018292682926828,1.0,0.0020325203252032,500.0,0.18292682926829684
CART,time,2,refitted,A_b01,50,0.01,0.15,750.1727642276423,0.0017276422764227,1.0,0.0020325203252032,750.0,0.17276422764234667
CART,time,2,refitted,A_b05,5,0.05,0.02,12.78861788617886,0.0278861788617885,1.0,0.0284552845528455,10.0,2.7886178861788604
CART,time,2,refitted,A_b05,5,0.05,0.05,27.70325203252032,0.0270325203252032,1.0,0.0284552845528455,25.0,2.7032520325203215
CART,time,2,refitted,A_b05,5,0.05,0.1,52.5609756097561,0.0256097560975609,1.0,0.0284552845528455,50.0,2.560975609756099
CART,time,2,refitted,A_b05,5,0.05,0.15,77.41869918699187,0.0241869918699186,1.0,0.0284552845528455,75.0,2.418699186991873
CART,time,2,refitted,A_b05,10,0.05,0.02,22.788617886178866,0.0278861788617885,1.0,0.0284552845528455,20.0,2.7886178861788657
CART,time,2,refitted,A_b05,10,0.05,0.05,52.70325203252032,0.0270325203252032,1.0,0.0284552845528455,50.0,2.703252032520318
CART,time,2,refitted,A_b05,10,0.05,0.1,102.5609756097561,0.0256097560975609,1.0,0.0284552845528455,100.0,2.560975609756099
CART,time,2,refitted,A_b05,10,0.05,0.15,152.41869918699186,0.0241869918699186,1.0,0.0284552845528455,150.0,2.4186991869918586
CART,time,2,refitted,A_b05,20,0.05,0.02,42.78861788617886,0.0278861788617885,1.0,0.0284552845528455,40.0,2.788617886178862
CART,time,2,refitted,A_b05,20,0.05,0.05,102.70325203252033,0.0270325203252032,1.0,0.0284552845528455,100.0,2.703252032520325
CART,time,2,refitted,A_b05,20,0.05,0.1,202.56097560975607,0.0256097560975609,1.0,0.0284552845528455,200.0,2.5609756097560705
CART,time,2,refitted,A_b05,20,0.05,0.15,302.41869918699183,0.0241869918699186,1.0,0.0284552845528455,300.0,2.41869918699183
CART,time,2,refitted,A_b05,50,0.05,0.02,102.78861788617886,0.0278861788617885,1.0,0.0284552845528455,100.0,2.788617886178855
CART,time,2,refitted,A_b05,50,0.05,0.05,252.7032520325203,0.0270325203252032,1.0,0.0284552845528455,250.0,2.703252032520311
CART,time,2,refitted,A_b05,50,0.05,0.1,502.5609756097561,0.0256097560975609,1.0,0.0284552845528455,500.0,2.560975609756099
CART,time,2,refitted,A_b05,50,0.05,0.15,752.418699186992,0.0241869918699186,1.0,0.0284552845528455,750.0,2.418699186991944
CART,time,2,refitted,A_b10,5,0.1,0.02,16.319105691056905,0.078191056910569,0.875,0.0772357723577235,10.0,6.319105691056905
CART,time,2,refitted,A_b10,5,0.1,0.05,29.21239837398373,0.0796239837398373,0.875,0.0772357723577235,25.0,4.212398373983731
CART,time,2,refitted,A_b10,5,0.1,0.1,50.70121951219512,0.0820121951219511,0.875,0.0772357723577235,50.0,0.7012195121951166
CART,time,2,refitted,A_b10,5,0.1,0.15,72.1900406504065,0.0844004065040649,0.875,0.0772357723577235,75.0,-2.8099593495934982
CART,time,2,refitted,A_b10,10,0.1,0.02,25.069105691056905,0.078191056910569,0.875,0.0772357723577235,20.0,5.069105691056905
CART,time,2,refitted,A_b10,10,0.1,0.05,51.08739837398373,0.0796239837398373,0.875,0.0772357723577235,50.0,1.0873983739837314
CART,time,2,refitted,A_b10,10,0.1,0.1,94.45121951219512,0.0820121951219511,0.875,0.0772357723577235,100.0,-5.548780487804876
CART,time,2,refitted,A_b10,10,0.1,0.15,137.8150406504065,0.0844004065040649,0.875,0.0772357723577235,150.0,-12.184959349593498
CART,time,2,refitted,A_b10,20,0.1,0.02,42.569105691056905,0.078191056910569,0.875,0.0772357723577235,40.0,2.5691056910569046
CART,time,2,refitted,A_b10,20,0.1,0.05,94.83739837398372,0.0796239837398373,0.875,0.0772357723577235,100.0,-5.162601626016283
CART,time,2,refitted,A_b10,20,0.1,0.1,181.9512195121951,0.0820121951219511,0.875,0.0772357723577235,200.0,-18.04878048780489
CART,time,2,refitted,A_b10,20,0.1,0.15,269.0650406504065,0.0844004065040649,0.875,0.0772357723577235,300.0,-30.9349593495935
CART,time,2,refitted,A_b10,50,0.1,0.02,95.0691056910569,0.078191056910569,0.875,0.0772357723577235,100.0,-4.930894308943095
CART,time,2,refitted,A_b10,50,0.1,0.05,226.0873983739837,0.0796239837398373,0.875,0.0772357723577235,250.0,-23.91260162601631
CART,time,2,refitted,A_b10,50,0.1,0.1,444.4512195121951,0.0820121951219511,0.875,0.0772357723577235,500.0,-55.54878048780489
CART,time,2,refitted,A_b10,50,0.1,0.15,662.8150406504064,0.0844004065040649,0.875,0.0772357723577235,750.0,-87.18495934959356
CART,time,2,refitted,A_b20,5,0.2,0.02,28.396341463414625,0.2189634146341462,0.7083333333333334,0.2174796747967479,10.0,18.396341463414625
CART,time,2,refitted,A_b20,5,0.2,0.05,38.36890243902438,0.2211890243902438,0.7083333333333334,0.2174796747967479,25.0,13.368902439024382
CART,time,2,refitted,A_b20,5,0.2,0.1,54.98983739837398,0.2248983739837398,0.7083333333333334,0.2174796747967479,50.0,4.989837398373979
CART,time,2,refitted,A_b20,5,0.2,0.15,71.61077235772358,0.2286077235772357,0.7083333333333334,0.2174796747967479,75.0,-3.389227642276424
CART,time,2,refitted,A_b20,10,0.2,0.02,35.479674796747965,0.2189634146341462,0.7083333333333334,0.2174796747967479,20.0,15.479674796747965
CART,time,2,refitted,A_b20,10,0.2,0.05,56.07723577235772,0.2211890243902438,0.7083333333333334,0.2174796747967479,50.0,6.077235772357717
CART,time,2,refitted,A_b20,10,0.2,0.1,90.40650406504064,0.2248983739837398,0.7083333333333334,0.2174796747967479,100.0,-9.593495934959364
CART,time,2,refitted,A_b20,10,0.2,0.15,124.73577235772358,0.2286077235772357,0.7083333333333334,0.2174796747967479,150.0,-25.264227642276424
CART,time,2,refitted,A_b20,20,0.2,0.02,49.64634146341464,0.2189634146341462,0.7083333333333334,0.2174796747967479,40.0,9.646341463414643
CART,time,2,refitted,A_b20,20,0.2,0.05,91.49390243902438,0.2211890243902438,0.7083333333333334,0.2174796747967479,100.0,-8.506097560975618
CART,time,2,refitted,A_b20,20,0.2,0.1,161.23983739837396,0.2248983739837398,0.7083333333333334,0.2174796747967479,200.0,-38.760162601626035
CART,time,2,refitted,A_b20,20,0.2,0.15,230.9857723577236,0.2286077235772357,0.7083333333333334,0.2174796747967479,300.0,-69.01422764227641
CART,time,2,refitted,A_b20,50,0.2,0.02,92.14634146341464,0.2189634146341462,0.7083333333333334,0.2174796747967479,100.0,-7.853658536585357
CART,time,2,refitted,A_b20,50,0.2,0.05,197.7439024390244,0.2211890243902438,0.7083333333333334,0.2174796747967479,250.0,-52.256097560975604
CART,time,2,refitted,A_b20,50,0.2,0.1,373.739837398374,0.2248983739837398,0.7083333333333334,0.2174796747967479,500.0,-126.260162601626
CART,time,2,refitted,A_b20,50,0.2,0.15,549.7357723577236,0.2286077235772357,0.7083333333333334,0.2174796747967479,750.0,-200.2642276422764
CART,time,2,refitted,B_r05,5,,0.02,10.0,0.0,1.0,0.0,10.0,0.0
CART,time,2,refitted,B_r05,5,,0.05,25.0,0.0,1.0,0.0,25.0,0.0
CART,time,2,refitted,B_r05,5,,0.1,50.0,0.0,1.0,0.0,50.0,0.0
CART,time,2,refitted,B_r05,5,,0.15,75.0,0.0,1.0,0.0,75.0,0.0
CART,time,2,refitted,B_r10,10,,0.02,20.0,0.0,1.0,0.0,20.0,0.0
CART,time,2,refitted,B_r10,10,,0.05,50.0,0.0,1.0,0.0,50.0,0.0
CART,time,2,refitted,B_r10,10,,0.1,100.0,0.0,1.0,0.0,100.0,0.0
CART,time,2,refitted,B_r10,10,,0.15,150.0,0.0,1.0,0.0,150.0,0.0
CART,time,2,refitted,B_r20,20,,0.02,61.70325203252032,0.4095325203252031,0.5416666666666666,0.4085365853658536,40.0,21.703252032520318
CART,time,2,refitted,B_r20,20,,0.05,92.97764227642276,0.4110264227642275,0.5416666666666666,0.4085365853658536,100.0,-7.022357723577244
CART,time,2,refitted,B_r20,20,,0.1,145.10162601626016,0.4135162601626015,0.5416666666666666,0.4085365853658536,200.0,-54.898373983739845
CART,time,2,refitted,B_r20,20,,0.15,197.22560975609755,0.4160060975609755,0.5416666666666666,0.4085365853658536,300.0,-102.77439024390245
CART,time,2,refitted,B_r50,50,,0.02,94.20325203252033,0.4095325203252031,0.5416666666666666,0.4085365853658536,100.0,-5.796747967479675
CART,time,2,refitted,B_r50,50,,0.05,174.22764227642273,0.4110264227642275,0.5416666666666666,0.4085365853658536,250.0,-75.77235772357727
CART,time,2,refitted,B_r50,50,,0.1,307.6016260162601,0.4135162601626015,0.5416666666666666,0.4085365853658536,500.0,-192.39837398373987
CART,time,2,refitted,B_r50,50,,0.15,440.9756097560976,0.4160060975609755,0.5416666666666666,0.4085365853658536,750.0,-309.0243902439024
CART,time,2,refitted,C_b01_r05,5,0.01,0.02,10.0,0.0,1.0,0.0,10.0,0.0
CART,time,2,refitted,C_b01_r05,5,0.01,0.05,25.0,0.0,1.0,0.0,25.0,0.0
CART,time,2,refitted,C_b01_r05,5,0.01,0.1,50.0,0.0,1.0,0.0,50.0,0.0
CART,time,2,refitted,C_b01_r05,5,0.01,0.15,75.0,0.0,1.0,0.0,75.0,0.0
CART,time,2,refitted,C_b01_r10,10,0.01,0.02,20.0,0.0,1.0,0.0,20.0,0.0
CART,time,2,refitted,C_b01_r10,10,0.01,0.05,50.0,0.0,1.0,0.0,50.0,0.0
CART,time,2,refitted,C_b01_r10,10,0.01,0.1,100.0,0.0,1.0,0.0,100.0,0.0
CART,time,2,refitted,C_b01_r10,10,0.01,0.15,150.0,0.0,1.0,0.0,150.0,0.0
CART,time,2,refitted,C_b01_r20,20,0.01,0.02,40.0,0.0,1.0,0.0,40.0,0.0
CART,time,2,refitted,C_b01_r20,20,0.01,0.05,100.0,0.0,1.0,0.0,100.0,0.0
CART,time,2,refitted,C_b01_r20,20,0.01,0.1,200.0,0.0,1.0,0.0,200.0,0.0
CART,time,2,refitted,C_b01_r20,20,0.01,0.15,300.0,0.0,1.0,0.0,300.0,0.0
CART,time,2,refitted,C_b01_r50,50,0.01,0.02,100.0,0.0,1.0,0.0,100.0,0.0
CART,time,2,refitted,C_b01_r50,50,0.01,0.05,250.0,0.0,1.0,0.0,250.0,0.0
CART,time,2,refitted,C_b01_r50,50,0.01,0.1,500.0,0.0,1.0,0.0,500.0,0.0
CART,time,2,refitted,C_b01_r50,50,0.01,0.15,750.0,0.0,1.0,0.0,750.0,0.0
CART,time,2,refitted,C_b05_r05,5,0.05,0.02,10.0,0.0,1.0,0.0,10.0,0.0
CART,time,2,refitted,C_b05_r05,5,0.05,0.05,25.0,0.0,1.0,0.0,25.0,0.0
CART,time,2,refitted,C_b05_r05,5,0.05,0.1,50.0,0.0,1.0,0.0,50.0,0.0
CART,time,2,refitted,C_b05_r05,5,0.05,0.15,75.0,0.0,1.0,0.0,75.0,0.0
CART,time,2,refitted,C_b05_r10,10,0.05,0.02,20.0,0.0,1.0,0.0,20.0,0.0
CART,time,2,refitted,C_b05_r10,10,0.05,0.05,50.0,0.0,1.0,0.0,50.0,0.0
CART,time,2,refitted,C_b05_r10,10,0.05,0.1,100.0,0.0,1.0,0.0,100.0,0.0
CART,time,2,refitted,C_b05_r10,10,0.05,0.15,150.0,0.0,1.0,0.0,150.0,0.0
CART,time,2,refitted,C_b05_r20,20,0.05,0.02,40.0,0.0,1.0,0.0,40.0,0.0
CART,time,2,refitted,C_b05_r20,20,0.05,0.05,100.0,0.0,1.0,0.0,100.0,0.0
CART,time,2,refitted,C_b05_r20,20,0.05,0.1,200.0,0.0,1.0,0.0,200.0,0.0
CART,time,2,refitted,C_b05_r20,20,0.05,0.15,300.0,0.0,1.0,0.0,300.0,0.0
CART,time,2,refitted,C_b05_r50,50,0.05,0.02,100.0,0.0,1.0,0.0,100.0,0.0
CART,time,2,refitted,C_b05_r50,50,0.05,0.05,250.0,0.0,1.0,0.0,250.0,0.0
CART,time,2,refitted,C_b05_r50,50,0.05,0.1,500.0,0.0,1.0,0.0,500.0,0.0
CART,time,2,refitted,C_b05_r50,50,0.05,0.15,750.0,0.0,1.0,0.0,750.0,0.0
CART,time,2,refitted,C_b10_r05,5,0.1,0.02,10.0,0.0,1.0,0.0,10.0,0.0
CART,time,2,refitted,C_b10_r05,5,0.1,0.05,25.0,0.0,1.0,0.0,25.0,0.0
CART,time,2,refitted,C_b10_r05,5,0.1,0.1,50.0,0.0,1.0,0.0,50.0,0.0
CART,time,2,refitted,C_b10_r05,5,0.1,0.15,75.0,0.0,1.0,0.0,75.0,0.0
CART,time,2,refitted,C_b10_r10,10,0.1,0.02,20.0,0.0,1.0,0.0,20.0,0.0
CART,time,2,refitted,C_b10_r10,10,0.1,0.05,50.0,0.0,1.0,0.0,50.0,0.0
CART,time,2,refitted,C_b10_r10,10,0.1,0.1,100.0,0.0,1.0,0.0,100.0,0.0
CART,time,2,refitted,C_b10_r10,10,0.1,0.15,150.0,0.0,1.0,0.0,150.0,0.0
CART,time,2,refitted,C_b10_r20,20,0.1,0.02,40.0,0.0,1.0,0.0,40.0,0.0
CART,time,2,refitted,C_b10_r20,20,0.1,0.05,100.0,0.0,1.0,0.0,100.0,0.0
CART,time,2,refitted,C_b10_r20,20,0.1,0.1,200.0,0.0,1.0,0.0,200.0,0.0
CART,time,2,refitted,C_b10_r20,20,0.1,0.15,300.0,0.0,1.0,0.0,300.0,0.0
CART,time,2,refitted,C_b10_r50,50,0.1,0.02,97.4430894308943,0.059430894308943,0.9166666666666666,0.0589430894308943,100.0,-2.556910569105696
CART,time,2,refitted,C_b10_r50,50,0.1,0.05,234.7662601626016,0.0601626016260162,0.9166666666666666,0.0589430894308943,250.0,-15.233739837398389
CART,time,2,refitted,C_b10_r50,50,0.1,0.1,463.63821138211375,0.0613821138211382,0.9166666666666666,0.0589430894308943,500.0,-36.36178861788625
CART,time,2,refitted,C_b10_r50,50,0.1,0.15,692.510162601626,0.0626016260162601,0.9166666666666666,0.0589430894308943,750.0,-57.48983739837399
CART,time,2,refitted,C_b20_r05,5,0.2,0.02,10.0,0.0,1.0,0.0,10.0,0.0
CART,time,2,refitted,C_b20_r05,5,0.2,0.05,25.0,0.0,1.0,0.0,25.0,0.0
CART,time,2,refitted,C_b20_r05,5,0.2,0.1,50.0,0.0,1.0,0.0,50.0,0.0
CART,time,2,refitted,C_b20_r05,5,0.2,0.15,75.0,0.0,1.0,0.0,75.0,0.0
CART,time,2,refitted,C_b20_r10,10,0.2,0.02,20.0,0.0,1.0,0.0,20.0,0.0
CART,time,2,refitted,C_b20_r10,10,0.2,0.05,50.0,0.0,1.0,0.0,50.0,0.0
CART,time,2,refitted,C_b20_r10,10,0.2,0.1,100.0,0.0,1.0,0.0,100.0,0.0
CART,time,2,refitted,C_b20_r10,10,0.2,0.15,150.0,0.0,1.0,0.0,150.0,0.0
CART,time,2,refitted,C_b20_r20,20,0.2,0.02,40.0,0.0,1.0,0.0,40.0,0.0
CART,time,2,refitted,C_b20_r20,20,0.2,0.05,100.0,0.0,1.0,0.0,100.0,0.0
CART,time,2,refitted,C_b20_r20,20,0.2,0.1,200.0,0.0,1.0,0.0,200.0,0.0
CART,time,2,refitted,C_b20_r20,20,0.2,0.15,300.0,0.0,1.0,0.0,300.0,0.0
CART,time,2,refitted,C_b20_r50,50,0.2,0.02,97.4430894308943,0.059430894308943,0.9166666666666666,0.0589430894308943,100.0,-2.556910569105696
CART,time,2,refitted,C_b20_r50,50,0.2,0.05,234.7662601626016,0.0601626016260162,0.9166666666666666,0.0589430894308943,250.0,-15.233739837398389
CART,time,2,refitted,C_b20_r50,50,0.2,0.1,463.63821138211375,0.0613821138211382,0.9166666666666666,0.0589430894308943,500.0,-36.36178861788625
CART,time,2,refitted,C_b20_r50,50,0.2,0.15,692.510162601626,0.0626016260162601,0.9166666666666666,0.0589430894308943,750.0,-57.48983739837399
CART,time,2,refitted,TopK_b01,5,0.01,0.02,10.995934959349588,0.0099593495934958,1.0,0.0101626016260162,10.0,0.9959349593495883
CART,time,2,refitted,TopK_b01,5,0.01,0.05,25.965447154471537,0.0096544715447153,1.0,0.0101626016260162,25.0,0.9654471544715371
CART,time,2,refitted,TopK_b01,5,0.01,0.1,50.914634146341456,0.0091463414634145,1.0,0.0101626016260162,50.0,0.9146341463414558
CART,time,2,refitted,TopK_b01,5,0.01,0.15,75.86382113821138,0.0086382113821137,1.0,0.0101626016260162,75.0,0.8638211382113781
CART,time,2,refitted,TopK_b01,10,0.01,0.02,20.995934959349587,0.0099593495934958,1.0,0.0101626016260162,20.0,0.9959349593495865
CART,time,2,refitted,TopK_b01,10,0.01,0.05,50.96544715447154,0.0096544715447153,1.0,0.0101626016260162,50.0,0.9654471544715406
CART,time,2,refitted,TopK_b01,10,0.01,0.1,100.91463414634146,0.0091463414634145,1.0,0.0101626016260162,100.0,0.9146341463414558
CART,time,2,refitted,TopK_b01,10,0.01,0.15,150.86382113821136,0.0086382113821137,1.0,0.0101626016260162,150.0,0.8638211382113639
CART,time,2,refitted,TopK_b01,20,0.01,0.02,40.99593495934959,0.0099593495934958,1.0,0.0101626016260162,40.0,0.9959349593495901
CART,time,2,refitted,TopK_b01,20,0.01,0.05,100.96544715447152,0.0096544715447153,1.0,0.0101626016260162,100.0,0.9654471544715193
CART,time,2,refitted,TopK_b01,20,0.01,0.1,200.91463414634148,0.0091463414634145,1.0,0.0101626016260162,200.0,0.9146341463414842
CART,time,2,refitted,TopK_b01,20,0.01,0.15,300.8638211382114,0.0086382113821137,1.0,0.0101626016260162,300.0,0.8638211382113923
CART,time,2,refitted,TopK_b01,50,0.01,0.02,100.9959349593496,0.0099593495934958,1.0,0.0101626016260162,100.0,0.9959349593495972
CART,time,2,refitted,TopK_b01,50,0.01,0.05,250.96544715447155,0.0096544715447153,1.0,0.0101626016260162,250.0,0.9654471544715477
CART,time,2,refitted,TopK_b01,50,0.01,0.1,500.9146341463414,0.0091463414634145,1.0,0.0101626016260162,500.0,0.9146341463414274
CART,time,2,refitted,TopK_b01,50,0.01,0.15,750.8638211382114,0.0086382113821137,1.0,0.0101626016260162,750.0,0.8638211382113923
CART,time,2,refitted,TopK_b05,5,0.05,0.02,13.747967479674788,0.0474796747967478,0.9166666666666666,0.0467479674796747,10.0,3.747967479674788
CART,time,2,refitted,TopK_b05,5,0.05,0.05,27.35772357723576,0.0485772357723576,0.9166666666666666,0.0467479674796747,25.0,2.3577235772357596
CART,time,2,refitted,TopK_b05,5,0.05,0.1,50.04065040650405,0.0504065040650405,0.9166666666666666,0.0467479674796747,50.0,0.040650406504049386
CART,time,2,refitted,TopK_b05,5,0.05,0.15,72.72357723577235,0.0522357723577234,0.9166666666666666,0.0467479674796747,75.0,-2.2764227642276467
CART,time,2,refitted,TopK_b05,10,0.05,0.02,22.914634146341456,0.0474796747967478,0.9166666666666666,0.0467479674796747,20.0,2.914634146341456
CART,time,2,refitted,TopK_b05,10,0.05,0.05,50.27439024390242,0.0485772357723576,0.9166666666666666,0.0467479674796747,50.0,0.27439024390241684
CART,time,2,refitted,TopK_b05,10,0.05,0.1,95.8739837398374,0.0504065040650405,0.9166666666666666,0.0467479674796747,100.0,-4.126016260162601
CART,time,2,refitted,TopK_b05,10,0.05,0.15,141.47357723577235,0.0522357723577234,0.9166666666666666,0.0467479674796747,150.0,-8.526422764227647
CART,time,2,refitted,TopK_b05,20,0.05,0.02,41.24796747967479,0.0474796747967478,0.9166666666666666,0.0467479674796747,40.0,1.2479674796747915
CART,time,2,refitted,TopK_b05,20,0.05,0.05,96.10772357723576,0.0485772357723576,0.9166666666666666,0.0467479674796747,100.0,-3.8922764227642404
CART,time,2,refitted,TopK_b05,20,0.05,0.1,187.54065040650408,0.0504065040650405,0.9166666666666666,0.0467479674796747,200.0,-12.459349593495915
CART,time,2,refitted,TopK_b05,20,0.05,0.15,278.9735772357723,0.0522357723577234,0.9166666666666666,0.0467479674796747,300.0,-21.026422764227675
CART,time,2,refitted,TopK_b05,50,0.05,0.02,96.24796747967478,0.0474796747967478,0.9166666666666666,0.0467479674796747,100.0,-3.7520325203252156
CART,time,2,refitted,TopK_b05,50,0.05,0.05,233.60772357723576,0.0485772357723576,0.9166666666666666,0.0467479674796747,250.0,-16.39227642276424
CART,time,2,refitted,TopK_b05,50,0.05,0.1,462.540650406504,0.0504065040650405,0.9166666666666666,0.0467479674796747,500.0,-37.45934959349597
CART,time,2,refitted,TopK_b05,50,0.05,0.15,691.4735772357724,0.0522357723577234,0.9166666666666666,0.0467479674796747,750.0,-58.52642276422762
CART,time,2,refitted,TopK_b10,5,0.1,0.02,18.3109756097561,0.0981097560975609,0.875,0.0975609756097561,10.0,8.310975609756099
CART,time,2,refitted,TopK_b10,5,0.1,0.05,31.143292682926827,0.0989329268292683,0.875,0.0975609756097561,25.0,6.143292682926827
CART,time,2,refitted,TopK_b10,5,0.1,0.1,52.53048780487804,0.1003048780487805,0.875,0.0975609756097561,50.0,2.5304878048780424
CART,time,2,refitted,TopK_b10,5,0.1,0.15,73.91768292682926,0.1016768292682926,0.875,0.0975609756097561,75.0,-1.082317073170742
CART,time,2,refitted,TopK_b10,10,0.1,0.02,27.0609756097561,0.0981097560975609,0.875,0.0975609756097561,20.0,7.060975609756099
CART,time,2,refitted,TopK_b10,10,0.1,0.05,53.01829268292683,0.0989329268292683,0.875,0.0975609756097561,50.0,3.018292682926827
CART,time,2,refitted,TopK_b10,10,0.1,0.1,96.28048780487804,0.1003048780487805,0.875,0.0975609756097561,100.0,-3.7195121951219647
CART,time,2,refitted,TopK_b10,10,0.1,0.15,139.5426829268293,0.1016768292682926,0.875,0.0975609756097561,150.0,-10.457317073170714
CART,time,2,refitted,TopK_b10,20,0.1,0.02,44.560975609756106,0.0981097560975609,0.875,0.0975609756097561,40.0,4.560975609756106
CART,time,2,refitted,TopK_b10,20,0.1,0.05,96.76829268292684,0.0989329268292683,0.875,0.0975609756097561,100.0,-3.231707317073159
CART,time,2,refitted,TopK_b10,20,0.1,0.1,183.78048780487805,0.1003048780487805,0.875,0.0975609756097561,200.0,-16.21951219512195
CART,time,2,refitted,TopK_b10,20,0.1,0.15,270.7926829268293,0.1016768292682926,0.875,0.0975609756097561,300.0,-29.207317073170714
CART,time,2,refitted,TopK_b10,50,0.1,0.02,97.0609756097561,0.0981097560975609,0.875,0.0975609756097561,100.0,-2.939024390243901
CART,time,2,refitted,TopK_b10,50,0.1,0.05,228.01829268292684,0.0989329268292683,0.875,0.0975609756097561,250.0,-21.98170731707316
CART,time,2,refitted,TopK_b10,50,0.1,0.1,446.2804878048781,0.1003048780487805,0.875,0.0975609756097561,500.0,-53.71951219512192
CART,time,2,refitted,TopK_b10,50,0.1,0.15,664.5426829268292,0.1016768292682926,0.875,0.0975609756097561,750.0,-85.45731707317077
CART,time,2,refitted,TopK_b20,5,0.2,0.02,26.20528455284553,0.1970528455284552,0.7083333333333334,0.1951219512195122,10.0,16.20528455284553
CART,time,2,refitted,TopK_b20,5,0.2,0.05,36.24491869918699,0.1999491869918699,0.7083333333333334,0.1951219512195122,25.0,11.24491869918699
CART,time,2,refitted,TopK_b20,5,0.2,0.1,52.97764227642276,0.2047764227642276,0.7083333333333334,0.1951219512195122,50.0,2.9776422764227632
CART,time,2,refitted,TopK_b20,5,0.2,0.15,69.71036585365854,0.2096036585365853,0.7083333333333334,0.1951219512195122,75.0,-5.289634146341456
CART,time,2,refitted,TopK_b20,10,0.2,0.02,33.28861788617886,0.1970528455284552,0.7083333333333334,0.1951219512195122,20.0,13.288617886178862
CART,time,2,refitted,TopK_b20,10,0.2,0.05,53.953252032520325,0.1999491869918699,0.7083333333333334,0.1951219512195122,50.0,3.953252032520325
CART,time,2,refitted,TopK_b20,10,0.2,0.1,88.39430894308944,0.2047764227642276,0.7083333333333334,0.1951219512195122,100.0,-11.605691056910558
CART,time,2,refitted,TopK_b20,10,0.2,0.15,122.83536585365852,0.2096036585365853,0.7083333333333334,0.1951219512195122,150.0,-27.164634146341484
CART,time,2,refitted,TopK_b20,20,0.2,0.02,47.455284552845534,0.1970528455284552,0.7083333333333334,0.1951219512195122,40.0,7.455284552845534
CART,time,2,refitted,TopK_b20,20,0.2,0.05,89.369918699187,0.1999491869918699,0.7083333333333334,0.1951219512195122,100.0,-10.630081300813004
CART,time,2,refitted,TopK_b20,20,0.2,0.1,159.22764227642276,0.2047764227642276,0.7083333333333334,0.1951219512195122,200.0,-40.772357723577244
CART,time,2,refitted,TopK_b20,20,0.2,0.15,229.08536585365852,0.2096036585365853,0.7083333333333334,0.1951219512195122,300.0,-70.91463414634148
CART,time,2,refitted,TopK_b20,50,0.2,0.02,89.95528455284554,0.1970528455284552,0.7083333333333334,0.1951219512195122,100.0,-10.04471544715446
CART,time,2,refitted,TopK_b20,50,0.2,0.05,195.619918699187,0.1999491869918699,0.7083333333333334,0.1951219512195122,250.0,-54.380081300813
CART,time,2,refitted,TopK_b20,50,0.2,0.1,371.7276422764228,0.2047764227642276,0.7083333333333334,0.1951219512195122,500.0,-128.27235772357722
CART,time,2,refitted,TopK_b20,50,0.2,0.15,547.8353658536586,0.2096036585365853,0.7083333333333334,0.1951219512195122,750.0,-202.16463414634143
CART,time,3,fixed,none,5,,0.02,10.0,0.0,1.0,0.0,10.0,0.0
CART,time,3,fixed,none,5,,0.05,25.0,0.0,1.0,0.0,25.0,0.0
CART,time,3,fixed,none,5,,0.1,50.0,0.0,1.0,0.0,50.0,0.0
CART,time,3,fixed,none,5,,0.15,75.0,0.0,1.0,0.0,75.0,0.0
CART,time,3,fixed,none,10,,0.02,20.0,0.0,1.0,0.0,20.0,0.0
CART,time,3,fixed,none,10,,0.05,50.0,0.0,1.0,0.0,50.0,0.0
CART,time,3,fixed,none,10,,0.1,100.0,0.0,1.0,0.0,100.0,0.0
CART,time,3,fixed,none,10,,0.15,150.0,0.0,1.0,0.0,150.0,0.0
CART,time,3,fixed,none,20,,0.02,40.0,0.0,1.0,0.0,40.0,0.0
CART,time,3,fixed,none,20,,0.05,100.0,0.0,1.0,0.0,100.0,0.0
CART,time,3,fixed,none,20,,0.1,200.0,0.0,1.0,0.0,200.0,0.0
CART,time,3,fixed,none,20,,0.15,300.0,0.0,1.0,0.0,300.0,0.0
CART,time,3,fixed,none,50,,0.02,100.0,0.0,1.0,0.0,100.0,0.0
CART,time,3,fixed,none,50,,0.05,250.0,0.0,1.0,0.0,250.0,0.0
CART,time,3,fixed,none,50,,0.1,500.0,0.0,1.0,0.0,500.0,0.0
CART,time,3,fixed,none,50,,0.15,750.0,0.0,1.0,0.0,750.0,0.0
CART,time,3,fixed,A_b01,5,0.01,0.02,12.002677376171349,0.0266934404283801,0.9444444444444444,0.0261044176706827,10.0,2.0026773761713486
CART,time,3,fixed,A_b01,5,0.01,0.05,26.091030789825965,0.0275769745649263,0.9444444444444444,0.0261044176706827,25.0,1.0910307898259646
CART,time,3,fixed,A_b01,5,0.01,0.1,49.57161981258367,0.0290495314591699,0.9444444444444444,0.0261044176706827,50.0,-0.4283801874163302
CART,time,3,fixed,A_b01,5,0.01,0.15,73.05220883534136,0.0305220883534136,0.9444444444444444,0.0261044176706827,75.0,-1.9477911646586392
CART,time,3,fixed,A_b01,10,0.01,0.02,21.447121820615795,0.0266934404283801,0.9444444444444444,0.0261044176706827,20.0,1.447121820615795
CART,time,3,fixed,A_b01,10,0.01,0.05,49.70214190093708,0.0275769745649263,0.9444444444444444,0.0261044176706827,50.0,-0.29785809906292116
CART,time,3,fixed,A_b01,10,0.01,0.1,96.79384203480588,0.0290495314591699,0.9444444444444444,0.0261044176706827,100.0,-3.206157965194123
CART,time,3,fixed,A_b01,10,0.01,0.15,143.88554216867468,0.0305220883534136,0.9444444444444444,0.0261044176706827,150.0,-6.114457831325325
CART,time,3,fixed,A_b01,20,0.01,0.02,40.33601070950469,0.0266934404283801,0.9444444444444444,0.0261044176706827,40.0,0.33601070950469136
CART,time,3,fixed,A_b01,20,0.01,0.05,96.92436412315932,0.0275769745649263,0.9444444444444444,0.0261044176706827,100.0,-3.0756358768406784
CART,time,3,fixed,A_b01,20,0.01,0.1,191.23828647925032,0.0290495314591699,0.9444444444444444,0.0261044176706827,200.0,-8.76171352074968
CART,time,3,fixed,A_b01,20,0.01,0.15,285.55220883534133,0.0305220883534136,0.9444444444444444,0.0261044176706827,300.0,-14.447791164658668
CART,time,3,fixed,A_b01,50,0.01,0.02,97.00267737617136,0.0266934404283801,0.9444444444444444,0.0261044176706827,100.0,-2.9973226238286372
CART,time,3,fixed,A_b01,50,0.01,0.05,238.591030789826,0.0275769745649263,0.9444444444444444,0.0261044176706827,250.0,-11.408969210174007
CART,time,3,fixed,A_b01,50,0.01,0.1,474.57161981258366,0.0290495314591699,0.9444444444444444,0.0261044176706827,500.0,-25.428380187416337
CART,time,3,fixed,A_b01,50,0.01,0.15,710.5522088353413,0.0305220883534136,0.9444444444444444,0.0261044176706827,750.0,-39.447791164658724
CART,time,3,fixed,A_b05,5,0.05,0.02,15.544846050870142,0.062115127175368,0.9444444444444444,0.0622489959839357,10.0,5.544846050870142
CART,time,3,fixed,A_b05,5,0.05,0.05,29.524765729585,0.0619143239625166,0.9444444444444444,0.0622489959839357,25.0,4.524765729584999
CART,time,3,fixed,A_b05,5,0.05,0.1,52.82463186077644,0.0615796519410976,0.9444444444444444,0.0622489959839357,50.0,2.8246318607764422
CART,time,3,fixed,A_b05,5,0.05,0.15,76.12449799196786,0.0612449799196786,0.9444444444444444,0.0622489959839357,75.0,1.124497991967857
CART,time,3,fixed,A_b05,10,0.05,0.02,24.989290495314588,0.062115127175368,0.9444444444444444,0.0622489959839357,20.0,4.989290495314588
CART,time,3,fixed,A_b05,10,0.05,0.05,53.13587684069611,0.0619143239625166,0.9444444444444444,0.0622489959839357,50.0,3.1358768406961133
CART,time,3,fixed,A_b05,10,0.05,0.1,100.04685408299864,0.0615796519410976,0.9444444444444444,0.0622489959839357,100.0,0.04685408299863525
CART,time,3,fixed,A_b05,10,0.05,0.15,146.9578313253012,0.0612449799196786,0.9444444444444444,0.0622489959839357,150.0,-3.042168674698786
CART,time,3,fixed,A_b05,20,0.05,0.02,43.87817938420348,0.062115127175368,0.9444444444444444,0.0622489959839357,40.0,3.8781793842034773
CART,time,3,fixed,A_b05,20,0.05,0.05,100.35809906291831,0.0619143239625166,0.9444444444444444,0.0622489959839357,100.0,0.3580990629183134
CART,time,3,fixed,A_b05,20,0.05,0.1,194.4912985274431,0.0615796519410976,0.9444444444444444,0.0622489959839357,200.0,-5.508701472556908
CART,time,3,fixed,A_b05,20,0.05,0.15,288.6244979919678,0.0612449799196786,0.9444444444444444,0.0622489959839357,300.0,-11.375502008032186
CART,time,3,fixed,A_b05,50,0.05,0.02,100.54484605087012,0.062115127175368,0.9444444444444444,0.0622489959839357,100.0,0.5448460508701203
CART,time,3,fixed,A_b05,50,0.05,0.05,242.024765729585,0.0619143239625166,0.9444444444444444,0.0622489959839357,250.0,-7.975234270415001
CART,time,3,fixed,A_b05,50,0.05,0.1,477.8246318607765,0.0615796519410976,0.9444444444444444,0.0622489959839357,500.0,-22.175368139223508
CART,time,3,fixed,A_b05,50,0.05,0.15,713.6244979919678,0.0612449799196786,0.9444444444444444,0.0622489959839357,750.0,-36.375502008032186
CART,time,3,fixed,A_b10,5,0.1,0.02,20.53413654618473,0.1253413654618473,0.8333333333333334,0.1244979919678714,10.0,10.53413654618473
CART,time,3,fixed,A_b10,5,0.1,0.05,32.66064257028112,0.1266064257028111,0.8333333333333334,0.1244979919678714,25.0,7.660642570281119
CART,time,3,fixed,A_b10,5,0.1,0.1,52.8714859437751,0.1287148594377509,0.8333333333333334,0.1244979919678714,50.0,2.871485943775099
CART,time,3,fixed,A_b10,5,0.1,0.15,73.08232931726907,0.1308232931726906,0.8333333333333334,0.1244979919678714,75.0,-1.9176706827309289
CART,time,3,fixed,A_b10,10,0.1,0.02,28.867469879518065,0.1253413654618473,0.8333333333333334,0.1244979919678714,20.0,8.867469879518065
CART,time,3,fixed,A_b10,10,0.1,0.05,53.493975903614455,0.1266064257028111,0.8333333333333334,0.1244979919678714,50.0,3.493975903614455
CART,time,3,fixed,A_b10,10,0.1,0.1,94.53815261044176,0.1287148594377509,0.8333333333333334,0.1244979919678714,100.0,-5.461847389558244
CART,time,3,fixed,A_b10,10,0.1,0.15,135.58232931726906,0.1308232931726906,0.8333333333333334,0.1244979919678714,150.0,-14.417670682730943
CART,time,3,fixed,A_b10,20,0.1,0.02,45.53413654618473,0.1253413654618473,0.8333333333333334,0.1244979919678714,40.0,5.534136546184733
CART,time,3,fixed,A_b10,20,0.1,0.05,95.16064257028113,0.1266064257028111,0.8333333333333334,0.1244979919678714,100.0,-4.8393574297188735
CART,time,3,fixed,A_b10,20,0.1,0.1,177.8714859437751,0.1287148594377509,0.8333333333333334,0.1244979919678714,200.0,-22.1285140562249
CART,time,3,fixed,A_b10,20,0.1,0.15,260.58232931726906,0.1308232931726906,0.8333333333333334,0.1244979919678714,300.0,-39.41767068273094
CART,time,3,fixed,A_b10,50,0.1,0.02,95.53413654618474,0.1253413654618473,0.8333333333333334,0.1244979919678714,100.0,-4.46586345381526
CART,time,3,fixed,A_b10,50,0.1,0.05,220.1606425702811,0.1266064257028111,0.8333333333333334,0.1244979919678714,250.0,-29.839357429718888
CART,time,3,fixed,A_b10,50,0.1,0.1,427.8714859437751,0.1287148594377509,0.8333333333333334,0.1244979919678714,500.0,-72.1285140562249
CART,time,3,fixed,A_b10,50,0.1,0.15,635.5823293172691,0.1308232931726906,0.8333333333333334,0.1244979919678714,750.0,-114.41767068273089
CART,time,3,fixed,A_b20,5,0.2,0.02,26.73895582329317,0.2073895582329317,0.6666666666666666,0.2048192771084337,10.0,16.73895582329317
CART,time,3,fixed,A_b20,5,0.2,0.05,36.12449799196786,0.2112449799196786,0.6666666666666666,0.2048192771084337,25.0,11.124497991967857
CART,time,3,fixed,A_b20,5,0.2,0.1,51.76706827309236,0.2176706827309236,0.6666666666666666,0.2048192771084337,50.0,1.767068273092363
CART,time,3,fixed,A_b20,5,0.2,0.15,67.40963855421687,0.2240963855421686,0.6666666666666666,0.2048192771084337,75.0,-7.590361445783131
CART,time,3,fixed,A_b20,10,0.2,0.02,33.40562248995983,0.2073895582329317,0.6666666666666666,0.2048192771084337,20.0,13.405622489959832
CART,time,3,fixed,A_b20,10,0.2,0.05,52.791164658634536,0.2112449799196786,0.6666666666666666,0.2048192771084337,50.0,2.7911646586345356
CART,time,3,fixed,A_b20,10,0.2,0.1,85.10040160642569,0.2176706827309236,0.6666666666666666,0.2048192771084337,100.0,-14.899598393574308
CART,time,3,fixed,A_b20,10,0.2,0.15,117.40963855421688,0.2240963855421686,0.6666666666666666,0.2048192771084337,150.0,-32.59036144578312
CART,time,3,fixed,A_b20,20,0.2,0.02,46.73895582329317,0.2073895582329317,0.6666666666666666,0.2048192771084337,40.0,6.738955823293168
CART,time,3,fixed,A_b20,20,0.2,0.05,86.12449799196786,0.2112449799196786,0.6666666666666666,0.2048192771084337,100.0,-13.875502008032143
CART,time,3,fixed,A_b20,20,0.2,0.1,151.76706827309238,0.2176706827309236,0.6666666666666666,0.2048192771084337,200.0,-48.23293172690762
CART,time,3,fixed,A_b20,20,0.2,0.15,217.40963855421683,0.2240963855421686,0.6666666666666666,0.2048192771084337,300.0,-82.59036144578317
CART,time,3,fixed,A_b20,50,0.2,0.02,86.73895582329317,0.2073895582329317,0.6666666666666666,0.2048192771084337,100.0,-13.261044176706832
CART,time,3,fixed,A_b20,50,0.2,0.05,186.12449799196784,0.2112449799196786,0.6666666666666666,0.2048192771084337,250.0,-63.87550200803216
CART,time,3,fixed,A_b20,50,0.2,0.1,351.7670682730923,0.2176706827309236,0.6666666666666666,0.2048192771084337,500.0,-148.23293172690768
CART,time,3,fixed,A_b20,50,0.2,0.15,517.4096385542168,0.2240963855421686,0.6666666666666666,0.2048192771084337,750.0,-232.59036144578317
CART,time,3,fixed,B_r05,5,,0.02,10.0,0.0,1.0,0.0,10.0,0.0
CART,time,3,fixed,B_r05,5,,0.05,25.0,0.0,1.0,0.0,25.0,0.0
CART,time,3,fixed,B_r05,5,,0.1,50.0,0.0,1.0,0.0,50.0,0.0
CART,time,3,fixed,B_r05,5,,0.15,75.0,0.0,1.0,0.0,75.0,0.0
CART,time,3,fixed,B_r10,10,,0.02,27.42034805890227,0.0986479250334671,0.8888888888888888,0.0983935742971887,20.0,7.42034805890227
CART,time,3,fixed,B_r10,10,,0.05,53.79183400267736,0.0990294511378848,0.8888888888888888,0.0983935742971887,50.0,3.791834002677362
CART,time,3,fixed,B_r10,10,,0.1,97.74431057563586,0.0996653279785809,0.8888888888888888,0.0983935742971887,100.0,-2.255689424364135
CART,time,3,fixed,B_r10,10,,0.15,141.69678714859438,0.100301204819277,0.8888888888888888,0.0983935742971887,150.0,-8.303212851405618
CART,time,3,fixed,B_r20,20,,0.02,43.59036144578312,0.1759036144578312,0.6666666666666666,0.1726907630522088,40.0,3.590361445783117
CART,time,3,fixed,B_r20,20,,0.05,83.0722891566265,0.180722891566265,0.6666666666666666,0.1726907630522088,100.0,-16.927710843373504
CART,time,3,fixed,B_r20,20,,0.1,148.87550200803213,0.1887550200803212,0.6666666666666666,0.1726907630522088,200.0,-51.12449799196787
CART,time,3,fixed,B_r20,20,,0.15,214.67871485943772,0.1967871485943774,0.6666666666666666,0.1726907630522088,300.0,-85.32128514056228
CART,time,3,fixed,B_r50,50,,0.02,100.14993306559572,0.7948326639892904,0.2222222222222222,0.7951807228915663,100.0,0.14993306559571806
CART,time,3,fixed,B_r50,50,,0.05,131.09772423025436,0.7943105756358768,0.2222222222222222,0.7951807228915663,250.0,-118.90227576974564
CART,time,3,fixed,B_r50,50,,0.1,182.67737617135208,0.7934404283801875,0.2222222222222222,0.7951807228915663,500.0,-317.3226238286479
CART,time,3,fixed,B_r50,50,,0.15,234.25702811244977,0.792570281124498,0.2222222222222222,0.7951807228915663,750.0,-515.7429718875502
CART,time,3,fixed,C_b01_r05,5,0.01,0.02,10.0,0.0,1.0,0.0,10.0,0.0
CART,time,3,fixed,C_b01_r05,5,0.01,0.05,25.0,0.0,1.0,0.0,25.0,0.0
CART,time,3,fixed,C_b01_r05,5,0.01,0.1,50.0,0.0,1.0,0.0,50.0,0.0
CART,time,3,fixed,C_b01_r05,5,0.01,0.15,75.0,0.0,1.0,0.0,75.0,0.0
CART,time,3,fixed,C_b01_r10,10,0.01,0.02,20.0,0.0,1.0,0.0,20.0,0.0
CART,time,3,fixed,C_b01_r10,10,0.01,0.05,50.0,0.0,1.0,0.0,50.0,0.0
CART,time,3,fixed,C_b01_r10,10,0.01,0.1,100.0,0.0,1.0,0.0,100.0,0.0
CART,time,3,fixed,C_b01_r10,10,0.01,0.15,150.0,0.0,1.0,0.0,150.0,0.0
CART,time,3,fixed,C_b01_r20,20,0.01,0.02,40.0,0.0,1.0,0.0,40.0,0.0
CART,time,3,fixed,C_b01_r20,20,0.01,0.05,100.0,0.0,1.0,0.0,100.0,0.0
CART,time,3,fixed,C_b01_r20,20,0.01,0.1,200.0,0.0,1.0,0.0,200.0,0.0
CART,time,3,fixed,C_b01_r20,20,0.01,0.15,300.0,0.0,1.0,0.0,300.0,0.0
CART,time,3,fixed,C_b01_r50,50,0.01,0.02,100.0,0.0,1.0,0.0,100.0,0.0
CART,time,3,fixed,C_b01_r50,50,0.01,0.05,250.0,0.0,1.0,0.0,250.0,0.0
CART,time,3,fixed,C_b01_r50,50,0.01,0.1,500.0,0.0,1.0,0.0,500.0,0.0
CART,time,3,fixed,C_b01_r50,50,0.01,0.15,750.0,0.0,1.0,0.0,750.0,0.0
CART,time,3,fixed,C_b05_r05,5,0.05,0.02,10.0,0.0,1.0,0.0,10.0,0.0
CART,time,3,fixed,C_b05_r05,5,0.05,0.05,25.0,0.0,1.0,0.0,25.0,0.0
CART,time,3,fixed,C_b05_r05,5,0.05,0.1,50.0,0.0,1.0,0.0,50.0,0.0
CART,time,3,fixed,C_b05_r05,5,0.05,0.15,75.0,0.0,1.0,0.0,75.0,0.0
CART,time,3,fixed,C_b05_r10,10,0.05,0.02,24.39892904953145,0.0562115127175367,0.9444444444444444,0.0562248995983935,20.0,4.39892904953145
CART,time,3,fixed,C_b05_r10,10,0.05,0.05,52.5635876840696,0.0561914323962516,0.9444444444444444,0.0562248995983935,50.0,2.563587684069603
CART,time,3,fixed,C_b05_r10,10,0.05,0.1,99.50468540829984,0.0561579651941097,0.9444444444444444,0.0562248995983935,100.0,-0.4953145917001649
CART,time,3,fixed,C_b05_r10,10,0.05,0.15,146.4457831325301,0.0561244979919678,0.9444444444444444,0.0562248995983935,150.0,-3.554216867469904
CART,time,3,fixed,C_b05_r20,20,0.05,0.02,43.28781793842034,0.0562115127175367,0.9444444444444444,0.0562248995983935,40.0,3.287817938420339
CART,time,3,fixed,C_b05_r20,20,0.05,0.05,99.78580990629182,0.0561914323962516,0.9444444444444444,0.0562248995983935,100.0,-0.21419009370818287
CART,time,3,fixed,C_b05_r20,20,0.05,0.1,193.9491298527443,0.0561579651941097,0.9444444444444444,0.0562248995983935,200.0,-6.050870147255694
CART,time,3,fixed,C_b05_r20,20,0.05,0.15,288.1124497991967,0.0561244979919678,0.9444444444444444,0.0562248995983935,300.0,-11.887550200803275
CART,time,3,fixed,C_b05_r50,50,0.05,0.02,99.954484605087,0.0562115127175367,0.9444444444444444,0.0562248995983935,100.0,-0.0455153949129965
CART,time,3,fixed,C_b05_r50,50,0.05,0.05,241.4524765729585,0.0561914323962516,0.9444444444444444,0.0562248995983935,250.0,-8.547523427041511
CART,time,3,fixed,C_b05_r50,50,0.05,0.1,477.2824631860776,0.0561579651941097,0.9444444444444444,0.0562248995983935,500.0,-22.71753681392238
CART,time,3,fixed,C_b05_r50,50,0.05,0.15,713.1124497991967,0.0561244979919678,0.9444444444444444,0.0562248995983935,750.0,-36.887550200803275
CART,time,3,fixed,C_b10_r05,5,0.1,0.02,10.0,0.0,1.0,0.0,10.0,0.0
CART,time,3,fixed,C_b10_r05,5,0.1,0.05,25.0,0.0,1.0,0.0,25.0,0.0
CART,time,3,fixed,C_b10_r05,5,0.1,0.1,50.0,0.0,1.0,0.0,50.0,0.0
CART,time,3,fixed,C_b10_r05,5,0.1,0.15,75.0,0.0,1.0,0.0,75.0,0.0
CART,time,3,fixed,C_b10_r10,10,0.1,0.02,27.42034805890227,0.0986479250334671,0.8888888888888888,0.0983935742971887,20.0,7.42034805890227
CART,time,3,fixed,C_b10_r10,10,0.1,0.05,53.79183400267736,0.0990294511378848,0.8888888888888888,0.0983935742971887,50.0,3.791834002677362
CART,time,3,fixed,C_b10_r10,10,0.1,0.1,97.74431057563586,0.0996653279785809,0.8888888888888888,0.0983935742971887,100.0,-2.255689424364135
CART,time,3,fixed,C_b10_r10,10,0.1,0.15,141.69678714859438,0.100301204819277,0.8888888888888888,0.0983935742971887,150.0,-8.303212851405618
CART,time,3,fixed,C_b10_r20,20,0.1,0.02,45.19812583668005,0.0986479250334671,0.8888888888888888,0.0983935742971887,40.0,5.198125836680049
CART,time,3,fixed,C_b10_r20,20,0.1,0.05,98.2362784471218,0.0990294511378848,0.8888888888888888,0.0983935742971887,100.0,-1.763721552878195
CART,time,3,fixed,C_b10_r20,20,0.1,0.1,186.63319946452475,0.0996653279785809,0.8888888888888888,0.0983935742971887,200.0,-13.36680053547525
CART,time,3,fixed,C_b10_r20,20,0.1,0.15,275.0301204819277,0.100301204819277,0.8888888888888888,0.0983935742971887,300.0,-24.969879518072275
CART,time,3,fixed,C_b10_r50,50,0.1,0.02,98.53145917001338,0.0986479250334671,0.8888888888888888,0.0983935742971887,100.0,-1.4685408299866225
CART,time,3,fixed,C_b10_r50,50,0.1,0.05,231.56961178045515,0.0990294511378848,0.8888888888888888,0.0983935742971887,250.0,-18.430388219544852
CART,time,3,fixed,C_b10_r50,50,0.1,0.1,453.2998661311915,0.0996653279785809,0.8888888888888888,0.0983935742971887,500.0,-46.70013386880851
CART,time,3,fixed,C_b10_r50,50,0.1,0.15,675.0301204819276,0.100301204819277,0.8888888888888888,0.0983935742971887,750.0,-74.96987951807239
CART,time,3,fixed,C_b20_r05,5,0.2,0.02,10.0,0.0,1.0,0.0,10.0,0.0
CART,time,3,fixed,C_b20_r05,5,0.2,0.05,25.0,0.0,1.0,0.0,25.0,0.0
CART,time,3,fixed,C_b20_r05,5,0.2,0.1,50.0,0.0,1.0,0.0,50.0,0.0
CART,time,3,fixed,C_b20_r05,5,0.2,0.15,75.0,0.0,1.0,0.0,75.0,0.0
CART,time,3,fixed,C_b20_r10,10,0.2,0.02,27.42034805890227,0.0986479250334671,0.8888888888888888,0.0983935742971887,20.0,7.42034805890227
CART,time,3,fixed,C_b20_r10,10,0.2,0.05,53.79183400267736,0.0990294511378848,0.8888888888888888,0.0983935742971887,50.0,3.791834002677362
CART,time,3,fixed,C_b20_r10,10,0.2,0.1,97.74431057563586,0.0996653279785809,0.8888888888888888,0.0983935742971887,100.0,-2.255689424364135
CART,time,3,fixed,C_b20_r10,10,0.2,0.15,141.69678714859438,0.100301204819277,0.8888888888888888,0.0983935742971887,150.0,-8.303212851405618
CART,time,3,fixed,C_b20_r20,20,0.2,0.02,43.59036144578312,0.1759036144578312,0.6666666666666666,0.1726907630522088,40.0,3.590361445783117
CART,time,3,fixed,C_b20_r20,20,0.2,0.05,83.0722891566265,0.180722891566265,0.6666666666666666,0.1726907630522088,100.0,-16.927710843373504
CART,time,3,fixed,C_b20_r20,20,0.2,0.1,148.87550200803213,0.1887550200803212,0.6666666666666666,0.1726907630522088,200.0,-51.12449799196787
CART,time,3,fixed,C_b20_r20,20,0.2,0.15,214.67871485943772,0.1967871485943774,0.6666666666666666,0.1726907630522088,300.0,-85.32128514056228
CART,time,3,fixed,C_b20_r50,50,0.2,0.02,83.59036144578312,0.1759036144578312,0.6666666666666666,0.1726907630522088,100.0,-16.409638554216883
CART,time,3,fixed,C_b20_r50,50,0.2,0.05,183.07228915662648,0.180722891566265,0.6666666666666666,0.1726907630522088,250.0,-66.92771084337352
CART,time,3,fixed,C_b20_r50,50,0.2,0.1,348.8755020080321,0.1887550200803212,0.6666666666666666,0.1726907630522088,500.0,-151.12449799196793
CART,time,3,fixed,C_b20_r50,50,0.2,0.15,514.6787148594377,0.1967871485943774,0.6666666666666666,0.1726907630522088,750.0,-235.32128514056228
CART,time,3,fixed,TopK_b01,5,0.01,0.02,10.98393574297188,0.0098393574297187,1.0,0.0100401606425702,10.0,0.9839357429718802
CART,time,3,fixed,TopK_b01,5,0.01,0.05,25.953815261044166,0.0095381526104416,1.0,0.0100401606425702,25.0,0.9538152610441664
CART,time,3,fixed,TopK_b01,5,0.01,0.1,50.90361445783132,0.0090361445783131,1.0,0.0100401606425702,50.0,0.903614457831317
CART,time,3,fixed,TopK_b01,5,0.01,0.15,75.85341365461846,0.0085341365461846,1.0,0.0100401606425702,75.0,0.8534136546184641
CART,time,3,fixed,TopK_b01,10,0.01,0.02,20.98393574297188,0.0098393574297187,1.0,0.0100401606425702,20.0,0.9839357429718802
CART,time,3,fixed,TopK_b01,10,0.01,0.05,50.95381526104417,0.0095381526104416,1.0,0.0100401606425702,50.0,0.9538152610441699
CART,time,3,fixed,TopK_b01,10,0.01,0.1,100.90361445783132,0.0090361445783131,1.0,0.0100401606425702,100.0,0.9036144578313241
CART,time,3,fixed,TopK_b01,10,0.01,0.15,150.85341365461846,0.0085341365461846,1.0,0.0100401606425702,150.0,0.8534136546184641
CART,time,3,fixed,TopK_b01,20,0.01,0.02,40.98393574297188,0.0098393574297187,1.0,0.0100401606425702,40.0,0.9839357429718802
CART,time,3,fixed,TopK_b01,20,0.01,0.05,100.95381526104416,0.0095381526104416,1.0,0.0100401606425702,100.0,0.9538152610441557
CART,time,3,fixed,TopK_b01,20,0.01,0.1,200.9036144578313,0.0090361445783131,1.0,0.0100401606425702,200.0,0.9036144578313099
CART,time,3,fixed,TopK_b01,20,0.01,0.15,300.85341365461846,0.0085341365461846,1.0,0.0100401606425702,300.0,0.8534136546184641
CART,time,3,fixed,TopK_b01,50,0.01,0.02,100.98393574297188,0.0098393574297187,1.0,0.0100401606425702,100.0,0.9839357429718802
CART,time,3,fixed,TopK_b01,50,0.01,0.05,250.95381526104416,0.0095381526104416,1.0,0.0100401606425702,250.0,0.9538152610441557
CART,time,3,fixed,TopK_b01,50,0.01,0.1,500.9036144578313,0.0090361445783131,1.0,0.0100401606425702,500.0,0.9036144578312815
CART,time,3,fixed,TopK_b01,50,0.01,0.15,750.8534136546185,0.0085341365461846,1.0,0.0100401606425702,750.0,0.8534136546185209
CART,time,3,fixed,TopK_b05,5,0.05,0.02,14.1673360107095,0.0483400267737616,0.9444444444444444,0.0481927710843373,10.0,4.1673360107095
CART,time,3,fixed,TopK_b05,5,0.05,0.05,28.189424364123155,0.0485609103078982,0.9444444444444444,0.0481927710843373,25.0,3.1894243641231554
CART,time,3,fixed,TopK_b05,5,0.05,0.1,51.55957161981258,0.0489290495314591,0.9444444444444444,0.0481927710843373,50.0,1.55957161981258
CART,time,3,fixed,TopK_b05,5,0.05,0.15,74.92971887550199,0.04929718875502,0.9444444444444444,0.0481927710843373,75.0,-0.07028112449800972
CART,time,3,fixed,TopK_b05,10,0.05,0.02,23.611780455153944,0.0483400267737616,0.9444444444444444,0.0481927710843373,20.0,3.6117804551539443
CART,time,3,fixed,TopK_b05,10,0.05,0.05,51.80053547523427,0.0485609103078982,0.9444444444444444,0.0481927710843373,50.0,1.8005354752342697
CART,time,3,fixed,TopK_b05,10,0.05,0.1,98.7817938420348,0.0489290495314591,0.9444444444444444,0.0481927710843373,100.0,-1.2182061579651986
CART,time,3,fixed,TopK_b05,10,0.05,0.15,145.76305220883532,0.04929718875502,0.9444444444444444,0.0481927710843373,150.0,-4.236947791164681
CART,time,3,fixed,TopK_b05,20,0.05,0.02,42.50066934404283,0.0483400267737616,0.9444444444444444,0.0481927710843373,40.0,2.5006693440428265
CART,time,3,fixed,TopK_b05,20,0.05,0.05,99.02275769745648,0.0485609103078982,0.9444444444444444,0.0481927710843373,100.0,-0.977242302543516
CART,time,3,fixed,TopK_b05,20,0.05,0.1,193.2262382864793,0.0489290495314591,0.9444444444444444,0.0481927710843373,200.0,-6.773761713520713
CART,time,3,fixed,TopK_b05,20,0.05,0.15,287.429718875502,0.04929718875502,0.9444444444444444,0.0481927710843373,300.0,-12.570281124498024
CART,time,3,fixed,TopK_b05,50,0.05,0.02,99.16733601070948,0.0483400267737616,0.9444444444444444,0.0481927710843373,100.0,-0.8326639892905234
CART,time,3,fixed,TopK_b05,50,0.05,0.05,240.68942436412317,0.0485609103078982,0.9444444444444444,0.0481927710843373,250.0,-9.31057563587683
CART,time,3,fixed,TopK_b05,50,0.05,0.1,476.5595716198126,0.0489290495314591,0.9444444444444444,0.0481927710843373,500.0,-23.440428380187427
CART,time,3,fixed,TopK_b05,50,0.05,0.15,712.429718875502,0.04929718875502,0.9444444444444444,0.0481927710843373,750.0,-37.570281124498024
CART,time,3,fixed,TopK_b10,5,0.1,0.02,18.53145917001338,0.0986479250334671,0.8888888888888888,0.0983935742971887,10.0,8.531459170013381
CART,time,3,fixed,TopK_b10,5,0.1,0.05,31.569611780455148,0.0990294511378848,0.8888888888888888,0.0983935742971887,25.0,6.569611780455148
CART,time,3,fixed,TopK_b10,5,0.1,0.1,53.29986613119142,0.0996653279785809,0.8888888888888888,0.0983935742971887,50.0,3.299866131191422
CART,time,3,fixed,TopK_b10,5,0.1,0.15,75.0301204819277,0.100301204819277,0.8888888888888888,0.0983935742971887,75.0,0.03012048192769612
CART,time,3,fixed,TopK_b10,10,0.1,0.02,27.42034805890227,0.0986479250334671,0.8888888888888888,0.0983935742971887,20.0,7.42034805890227
CART,time,3,fixed,TopK_b10,10,0.1,0.05,53.79183400267736,0.0990294511378848,0.8888888888888888,0.0983935742971887,50.0,3.791834002677362
CART,time,3,fixed,TopK_b10,10,0.1,0.1,97.74431057563586,0.0996653279785809,0.8888888888888888,0.0983935742971887,100.0,-2.255689424364135
CART,time,3,fixed,TopK_b10,10,0.1,0.15,141.69678714859438,0.100301204819277,0.8888888888888888,0.0983935742971887,150.0,-8.303212851405618
CART,time,3,fixed,TopK_b10,20,0.1,0.02,45.19812583668005,0.0986479250334671,0.8888888888888888,0.0983935742971887,40.0,5.198125836680049
CART,time,3,fixed,TopK_b10,20,0.1,0.05,98.2362784471218,0.0990294511378848,0.8888888888888888,0.0983935742971887,100.0,-1.763721552878195
CART,time,3,fixed,TopK_b10,20,0.1,0.1,186.63319946452475,0.0996653279785809,0.8888888888888888,0.0983935742971887,200.0,-13.36680053547525
CART,time,3,fixed,TopK_b10,20,0.1,0.15,275.0301204819277,0.100301204819277,0.8888888888888888,0.0983935742971887,300.0,-24.969879518072275
CART,time,3,fixed,TopK_b10,50,0.1,0.02,98.53145917001338,0.0986479250334671,0.8888888888888888,0.0983935742971887,100.0,-1.4685408299866225
CART,time,3,fixed,TopK_b10,50,0.1,0.05,231.56961178045515,0.0990294511378848,0.8888888888888888,0.0983935742971887,250.0,-18.430388219544852
CART,time,3,fixed,TopK_b10,50,0.1,0.1,453.2998661311915,0.0996653279785809,0.8888888888888888,0.0983935742971887,500.0,-46.70013386880851
CART,time,3,fixed,TopK_b10,50,0.1,0.15,675.0301204819276,0.100301204819277,0.8888888888888888,0.0983935742971887,750.0,-74.96987951807239
CART,time,3,fixed,TopK_b20,5,0.2,0.02,25.75502008032128,0.1975502008032127,0.6666666666666666,0.1947791164658634,10.0,15.75502008032128
CART,time,3,fixed,TopK_b20,5,0.2,0.05,35.17068273092369,0.2017068273092369,0.6666666666666666,0.1947791164658634,25.0,10.170682730923687
CART,time,3,fixed,TopK_b20,5,0.2,0.1,50.86345381526104,0.2086345381526104,0.6666666666666666,0.1947791164658634,50.0,0.8634538152610389
CART,time,3,fixed,TopK_b20,5,0.2,0.15,66.55622489959839,0.2155622489959839,0.6666666666666666,0.1947791164658634,75.0,-8.44377510040161
CART,time,3,fixed,TopK_b20,10,0.2,0.02,32.421686746987945,0.1975502008032127,0.6666666666666666,0.1947791164658634,20.0,12.421686746987945
CART,time,3,fixed,TopK_b20,10,0.2,0.05,51.83734939759035,0.2017068273092369,0.6666666666666666,0.1947791164658634,50.0,1.8373493975903514
CART,time,3,fixed,TopK_b20,10,0.2,0.1,84.19678714859438,0.2086345381526104,0.6666666666666666,0.1947791164658634,100.0,-15.803212851405618
CART,time,3,fixed,TopK_b20,10,0.2,0.15,116.55622489959838,0.2155622489959839,0.6666666666666666,0.1947791164658634,150.0,-33.44377510040162
CART,time,3,fixed,TopK_b20,20,0.2,0.02,45.75502008032128,0.1975502008032127,0.6666666666666666,0.1947791164658634,40.0,5.75502008032128
CART,time,3,fixed,TopK_b20,20,0.2,0.05,85.17068273092369,0.2017068273092369,0.6666666666666666,0.1947791164658634,100.0,-14.829317269076313
CART,time,3,fixed,TopK_b20,20,0.2,0.1,150.86345381526104,0.2086345381526104,0.6666666666666666,0.1947791164658634,200.0,-49.13654618473896
CART,time,3,fixed,TopK_b20,20,0.2,0.15,216.5562248995984,0.2155622489959839,0.6666666666666666,0.1947791164658634,300.0,-83.44377510040161
CART,time,3,fixed,TopK_b20,50,0.2,0.02,85.75502008032127,0.1975502008032127,0.6666666666666666,0.1947791164658634,100.0,-14.244979919678727
CART,time,3,fixed,TopK_b20,50,0.2,0.05,185.1706827309237,0.2017068273092369,0.6666666666666666,0.1947791164658634,250.0,-64.82931726907631
CART,time,3,fixed,TopK_b20,50,0.2,0.1,350.86345381526104,0.2086345381526104,0.6666666666666666,0.1947791164658634,500.0,-149.13654618473896
CART,time,3,fixed,TopK_b20,50,0.2,0.15,516.5562248995984,0.2155622489959839,0.6666666666666666,0.1947791164658634,750.0,-233.44377510040158
CART,time,3,refitted,none,5,,0.02,10.0,0.0,1.0,0.0,10.0,0.0
CART,time,3,refitted,none,5,,0.05,25.0,0.0,1.0,0.0,25.0,0.0
CART,time,3,refitted,none,5,,0.1,50.0,0.0,1.0,0.0,50.0,0.0
CART,time,3,refitted,none,5,,0.15,75.0,0.0,1.0,0.0,75.0,0.0
CART,time,3,refitted,none,10,,0.02,20.0,0.0,1.0,0.0,20.0,0.0
CART,time,3,refitted,none,10,,0.05,50.0,0.0,1.0,0.0,50.0,0.0
CART,time,3,refitted,none,10,,0.1,100.0,0.0,1.0,0.0,100.0,0.0
CART,time,3,refitted,none,10,,0.15,150.0,0.0,1.0,0.0,150.0,0.0
CART,time,3,refitted,none,20,,0.02,40.0,0.0,1.0,0.0,40.0,0.0
CART,time,3,refitted,none,20,,0.05,100.0,0.0,1.0,0.0,100.0,0.0
CART,time,3,refitted,none,20,,0.1,200.0,0.0,1.0,0.0,200.0,0.0
CART,time,3,refitted,none,20,,0.15,300.0,0.0,1.0,0.0,300.0,0.0
CART,time,3,refitted,none,50,,0.02,100.0,0.0,1.0,0.0,100.0,0.0
CART,time,3,refitted,none,50,,0.05,250.0,0.0,1.0,0.0,250.0,0.0
CART,time,3,refitted,none,50,,0.1,500.0,0.0,1.0,0.0,500.0,0.0
CART,time,3,refitted,none,50,,0.15,750.0,0.0,1.0,0.0,750.0,0.0
CART,time,3,refitted,A_b01,5,0.01,0.02,12.431057563587682,0.0376439089692101,0.8888888888888888,0.036144578313253,10.0,2.4310575635876823
CART,time,3,refitted,A_b01,5,0.01,0.05,25.655957161981256,0.0398929049531459,0.8888888888888888,0.036144578313253,25.0,0.6559571619812559
CART,time,3,refitted,A_b01,5,0.01,0.1,47.697456492637215,0.0436412315930388,0.8888888888888888,0.036144578313253,50.0,-2.3025435073627847
CART,time,3,refitted,A_b01,5,0.01,0.15,69.73895582329317,0.0473895582329317,0.8888888888888888,0.036144578313253,75.0,-5.261044176706832
CART,time,3,refitted,A_b01,10,0.01,0.02,21.31994645247657,0.0376439089692101,0.8888888888888888,0.036144578313253,20.0,1.3199464524765716
CART,time,3,refitted,A_b01,10,0.01,0.05,47.87817938420348,0.0398929049531459,0.8888888888888888,0.036144578313253,50.0,-2.1218206157965227
CART,time,3,refitted,A_b01,10,0.01,0.1,92.14190093708166,0.0436412315930388,0.8888888888888888,0.036144578313253,100.0,-7.858099062918342
CART,time,3,refitted,A_b01,10,0.01,0.15,136.40562248995982,0.0473895582329317,0.8888888888888888,0.036144578313253,150.0,-13.594377510040175
CART,time,3,refitted,A_b01,20,0.01,0.02,39.09772423025435,0.0376439089692101,0.8888888888888888,0.036144578313253,40.0,-0.9022757697456498
CART,time,3,refitted,A_b01,20,0.01,0.05,92.32262382864792,0.0398929049531459,0.8888888888888888,0.036144578313253,100.0,-7.67737617135208
CART,time,3,refitted,A_b01,20,0.01,0.1,181.03078982597052,0.0436412315930388,0.8888888888888888,0.036144578313253,200.0,-18.969210174029485
CART,time,3,refitted,A_b01,20,0.01,0.15,269.7389558232932,0.0473895582329317,0.8888888888888888,0.036144578313253,300.0,-30.261044176706775
CART,time,3,refitted,A_b01,50,0.01,0.02,92.43105756358769,0.0376439089692101,0.8888888888888888,0.036144578313253,100.0,-7.568942436412314
CART,time,3,refitted,A_b01,50,0.01,0.05,225.6559571619813,0.0398929049531459,0.8888888888888888,0.036144578313253,250.0,-24.34404283801871
CART,time,3,refitted,A_b01,50,0.01,0.1,447.6974564926372,0.0436412315930388,0.8888888888888888,0.036144578313253,500.0,-52.30254350736283
CART,time,3,refitted,A_b01,50,0.01,0.15,669.7389558232932,0.0473895582329317,0.8888888888888888,0.036144578313253,750.0,-80.26104417670683
CART,time,3,refitted,A_b05,5,0.05,0.02,14.433734939759033,0.0643373493975903,0.8333333333333334,0.0622489959839357,10.0,4.433734939759033
CART,time,3,refitted,A_b05,5,0.05,0.05,26.746987951807228,0.0674698795180722,0.8333333333333334,0.0622489959839357,25.0,1.7469879518072275
CART,time,3,refitted,A_b05,5,0.05,0.1,47.26907630522088,0.0726907630522087,0.8333333333333334,0.0622489959839357,50.0,-2.730923694779122
CART,time,3,refitted,A_b05,5,0.05,0.15,67.79116465863453,0.0779116465863453,0.8333333333333334,0.0622489959839357,75.0,-7.2088353413654715
CART,time,3,refitted,A_b05,10,0.05,0.02,22.767068273092367,0.0643373493975903,0.8333333333333334,0.0622489959839357,20.0,2.7670682730923666
CART,time,3,refitted,A_b05,10,0.05,0.05,47.58032128514056,0.0674698795180722,0.8333333333333334,0.0622489959839357,50.0,-2.4196787148594368
CART,time,3,refitted,A_b05,10,0.05,0.1,88.93574297188755,0.0726907630522087,0.8333333333333334,0.0622489959839357,100.0,-11.06425702811245
CART,time,3,refitted,A_b05,10,0.05,0.15,130.29116465863453,0.0779116465863453,0.8333333333333334,0.0622489959839357,150.0,-19.70883534136547
CART,time,3,refitted,A_b05,20,0.05,0.02,39.43373493975904,0.0643373493975903,0.8333333333333334,0.0622489959839357,40.0,-0.5662650602409585
CART,time,3,refitted,A_b05,20,0.05,0.05,89.24698795180723,0.0674698795180722,0.8333333333333334,0.0622489959839357,100.0,-10.753012048192772
CART,time,3,refitted,A_b05,20,0.05,0.1,172.2690763052209,0.0726907630522087,0.8333333333333334,0.0622489959839357,200.0,-27.730923694779108
CART,time,3,refitted,A_b05,20,0.05,0.15,255.29116465863453,0.0779116465863453,0.8333333333333334,0.0622489959839357,300.0,-44.70883534136547
CART,time,3,refitted,A_b05,50,0.05,0.02,89.43373493975903,0.0643373493975903,0.8333333333333334,0.0622489959839357,100.0,-10.566265060240966
CART,time,3,refitted,A_b05,50,0.05,0.05,214.24698795180723,0.0674698795180722,0.8333333333333334,0.0622489959839357,250.0,-35.75301204819277
CART,time,3,refitted,A_b05,50,0.05,0.1,422.2690763052209,0.0726907630522087,0.8333333333333334,0.0622489959839357,500.0,-77.73092369477911
CART,time,3,refitted,A_b05,50,0.05,0.15,630.2911646586346,0.0779116465863453,0.8333333333333334,0.0622489959839357,750.0,-119.70883534136544
CART,time,3,refitted,A_b10,5,0.1,0.02,16.63319946452476,0.0929986613119143,0.7777777777777778,0.0903614457831325,10.0,6.633199464524761
CART,time,3,refitted,A_b10,5,0.1,0.05,28.028781793842032,0.0969544846050869,0.7777777777777778,0.0903614457831325,25.0,3.0287817938420325
CART,time,3,refitted,A_b10,5,0.1,0.1,47.02141900937081,0.1035475234270414,0.7777777777777778,0.0903614457831325,50.0,-2.9785809906291902
CART,time,3,refitted,A_b10,5,0.1,0.15,66.0140562248996,0.1101405622489959,0.7777777777777778,0.0903614457831325,75.0,-8.985943775100395
CART,time,3,refitted,A_b10,10,0.1,0.02,24.41097724230254,0.0929986613119143,0.7777777777777778,0.0903614457831325,20.0,4.41097724230254
CART,time,3,refitted,A_b10,10,0.1,0.05,47.47322623828648,0.0969544846050869,0.7777777777777778,0.0903614457831325,50.0,-2.526773761713521
CART,time,3,refitted,A_b10,10,0.1,0.1,85.9103078982597,0.1035475234270414,0.7777777777777778,0.0903614457831325,100.0,-14.089692101740297
CART,time,3,refitted,A_b10,10,0.1,0.15,124.34738955823296,0.1101405622489959,0.7777777777777778,0.0903614457831325,150.0,-25.652610441767038
CART,time,3,refitted,A_b10,20,0.1,0.02,39.96653279785809,0.0929986613119143,0.7777777777777778,0.0903614457831325,40.0,-0.03346720214190668
CART,time,3,refitted,A_b10,20,0.1,0.05,86.36211512717537,0.0969544846050869,0.7777777777777778,0.0903614457831325,100.0,-13.637884872824628
CART,time,3,refitted,A_b10,20,0.1,0.1,163.68808567603747,0.1035475234270414,0.7777777777777778,0.0903614457831325,200.0,-36.311914323962526
CART,time,3,refitted,A_b10,20,0.1,0.15,241.0140562248996,0.1101405622489959,0.7777777777777778,0.0903614457831325,300.0,-58.985943775100395
CART,time,3,refitted,A_b10,50,0.1,0.02,86.63319946452476,0.0929986613119143,0.7777777777777778,0.0903614457831325,100.0,-13.366800535475235
CART,time,3,refitted,A_b10,50,0.1,0.05,203.0287817938421,0.0969544846050869,0.7777777777777778,0.0903614457831325,250.0,-46.971218206157914
CART,time,3,refitted,A_b10,50,0.1,0.1,397.0214190093709,0.1035475234270414,0.7777777777777778,0.0903614457831325,500.0,-102.9785809906291
CART,time,3,refitted,A_b10,50,0.1,0.15,591.0140562248996,0.1101405622489959,0.7777777777777778,0.0903614457831325,750.0,-158.9859437751004
CART,time,3,refitted,A_b20,5,0.2,0.02,23.625167336010712,0.1829183400267737,0.6111111111111112,0.178714859437751,10.0,13.625167336010712
CART,time,3,refitted,A_b20,5,0.2,0.05,32.25568942436412,0.1892235609103079,0.6111111111111112,0.178714859437751,25.0,7.255689424364121
CART,time,3,refitted,A_b20,5,0.2,0.1,46.63989290495315,0.1997322623828648,0.6111111111111112,0.178714859437751,50.0,-3.3601070950468497
CART,time,3,refitted,A_b20,5,0.2,0.15,61.02409638554217,0.2102409638554216,0.6111111111111112,0.178714859437751,75.0,-13.975903614457827
CART,time,3,refitted,A_b20,10,0.2,0.02,29.736278447121823,0.1829183400267737,0.6111111111111112,0.178714859437751,20.0,9.736278447121823
CART,time,3,refitted,A_b20,10,0.2,0.05,47.5334672021419,0.1892235609103079,0.6111111111111112,0.178714859437751,50.0,-2.4665327978581004
CART,time,3,refitted,A_b20,10,0.2,0.1,77.19544846050871,0.1997322623828648,0.6111111111111112,0.178714859437751,100.0,-22.804551539491285
CART,time,3,refitted,A_b20,10,0.2,0.15,106.85742971887552,0.2102409638554216,0.6111111111111112,0.178714859437751,150.0,-43.14257028112448
CART,time,3,refitted,A_b20,20,0.2,0.02,41.95850066934405,0.1829183400267737,0.6111111111111112,0.178714859437751,40.0,1.9585006693440477
CART,time,3,refitted,A_b20,20,0.2,0.05,78.08902275769746,0.1892235609103079,0.6111111111111112,0.178714859437751,100.0,-21.910977242302536
CART,time,3,refitted,A_b20,20,0.2,0.1,138.3065595716198,0.1997322623828648,0.6111111111111112,0.178714859437751,200.0,-61.6934404283802
CART,time,3,refitted,A_b20,20,0.2,0.15,198.52409638554215,0.2102409638554216,0.6111111111111112,0.178714859437751,300.0,-101.47590361445785
CART,time,3,refitted,A_b20,50,0.2,0.02,78.62516733601072,0.1829183400267737,0.6111111111111112,0.178714859437751,100.0,-21.37483266398928
CART,time,3,refitted,A_b20,50,0.2,0.05,169.75568942436414,0.1892235609103079,0.6111111111111112,0.178714859437751,250.0,-80.24431057563586
CART,time,3,refitted,A_b20,50,0.2,0.1,321.6398929049532,0.1997322623828648,0.6111111111111112,0.178714859437751,500.0,-178.36010709504683
CART,time,3,refitted,A_b20,50,0.2,0.15,473.52409638554224,0.2102409638554216,0.6111111111111112,0.178714859437751,750.0,-276.47590361445776
CART,time,3,refitted,B_r05,5,,0.02,10.0,0.0,1.0,0.0,10.0,0.0
CART,time,3,refitted,B_r05,5,,0.05,25.0,0.0,1.0,0.0,25.0,0.0
CART,time,3,refitted,B_r05,5,,0.1,50.0,0.0,1.0,0.0,50.0,0.0
CART,time,3,refitted,B_r05,5,,0.15,75.0,0.0,1.0,0.0,75.0,0.0
CART,time,3,refitted,B_r10,10,,0.02,24.14457831325301,0.0781124497991967,0.8333333333333334,0.0763052208835341,20.0,4.14457831325301
CART,time,3,refitted,B_r10,10,,0.05,48.91566265060241,0.0808232931726907,0.8333333333333334,0.0763052208835341,50.0,-1.0843373493975932
CART,time,3,refitted,B_r10,10,,0.1,90.2008032128514,0.0853413654618473,0.8333333333333334,0.0763052208835341,100.0,-9.799196787148603
CART,time,3,refitted,B_r10,10,,0.15,131.4859437751004,0.0898594377510039,0.8333333333333334,0.0763052208835341,150.0,-18.514056224899605
CART,time,3,refitted,B_r20,20,,0.02,40.63855421686748,0.1463855421686747,0.6666666666666666,0.142570281124498,40.0,0.6385542168674831
CART,time,3,refitted,B_r20,20,,0.05,80.21084337349397,0.1521084337349397,0.6666666666666666,0.142570281124498,100.0,-19.789156626506028
CART,time,3,refitted,B_r20,20,,0.1,146.16465863453814,0.1616465863453815,0.6666666666666666,0.142570281124498,200.0,-53.83534136546186
CART,time,3,refitted,B_r20,20,,0.15,212.11847389558235,0.1711847389558232,0.6666666666666666,0.142570281124498,300.0,-87.88152610441765
CART,time,3,refitted,B_r50,50,,0.02,91.99062918340026,0.8265729585006694,0.1111111111111111,0.8253012048192772,100.0,-8.009370816599741
CART,time,3,refitted,B_r50,50,,0.05,106.1813922356091,0.8284805890227577,0.1111111111111111,0.8253012048192772,250.0,-143.8186077643909
CART,time,3,refitted,B_r50,50,,0.1,129.83266398929052,0.8316599732262384,0.1111111111111111,0.8253012048192772,500.0,-370.1673360107095
CART,time,3,refitted,B_r50,50,,0.15,153.48393574297188,0.8348393574297188,0.1111111111111111,0.8253012048192772,750.0,-596.5160642570281
CART,time,3,refitted,C_b01_r05,5,0.01,0.02,10.0,0.0,1.0,0.0,10.0,0.0
CART,time,3,refitted,C_b01_r05,5,0.01,0.05,25.0,0.0,1.0,0.0,25.0,0.0
CART,time,3,refitted,C_b01_r05,5,0.01,0.1,50.0,0.0,1.0,0.0,50.0,0.0
CART,time,3,refitted,C_b01_r05,5,0.01,0.15,75.0,0.0,1.0,0.0,75.0,0.0
CART,time,3,refitted,C_b01_r10,10,0.01,0.02,20.0,0.0,1.0,0.0,20.0,0.0
CART,time,3,refitted,C_b01_r10,10,0.01,0.05,50.0,0.0,1.0,0.0,50.0,0.0
CART,time,3,refitted,C_b01_r10,10,0.01,0.1,100.0,0.0,1.0,0.0,100.0,0.0
CART,time,3,refitted,C_b01_r10,10,0.01,0.15,150.0,0.0,1.0,0.0,150.0,0.0
CART,time,3,refitted,C_b01_r20,20,0.01,0.02,40.0,0.0,1.0,0.0,40.0,0.0
CART,time,3,refitted,C_b01_r20,20,0.01,0.05,100.0,0.0,1.0,0.0,100.0,0.0
CART,time,3,refitted,C_b01_r20,20,0.01,0.1,200.0,0.0,1.0,0.0,200.0,0.0
CART,time,3,refitted,C_b01_r20,20,0.01,0.15,300.0,0.0,1.0,0.0,300.0,0.0
CART,time,3,refitted,C_b01_r50,50,0.01,0.02,100.0,0.0,1.0,0.0,100.0,0.0
CART,time,3,refitted,C_b01_r50,50,0.01,0.05,250.0,0.0,1.0,0.0,250.0,0.0
CART,time,3,refitted,C_b01_r50,50,0.01,0.1,500.0,0.0,1.0,0.0,500.0,0.0
CART,time,3,refitted,C_b01_r50,50,0.01,0.15,750.0,0.0,1.0,0.0,750.0,0.0
CART,time,3,refitted,C_b05_r05,5,0.05,0.02,10.0,0.0,1.0,0.0,10.0,0.0
CART,time,3,refitted,C_b05_r05,5,0.05,0.05,25.0,0.0,1.0,0.0,25.0,0.0
CART,time,3,refitted,C_b05_r05,5,0.05,0.1,50.0,0.0,1.0,0.0,50.0,0.0
CART,time,3,refitted,C_b05_r05,5,0.05,0.15,75.0,0.0,1.0,0.0,75.0,0.0
CART,time,3,refitted,C_b05_r10,10,0.05,0.02,22.570281124497985,0.0623694779116465,0.8333333333333334,0.0602409638554216,20.0,2.570281124497985
CART,time,3,refitted,C_b05_r10,10,0.05,0.05,47.38955823293172,0.0655622489959838,0.8333333333333334,0.0602409638554216,50.0,-2.6104417670682807
CART,time,3,refitted,C_b05_r10,10,0.05,0.1,88.75502008032127,0.0708835341365461,0.8333333333333334,0.0602409638554216,100.0,-11.244979919678727
CART,time,3,refitted,C_b05_r10,10,0.05,0.15,130.12048192771084,0.0762048192771083,0.8333333333333334,0.0602409638554216,150.0,-19.87951807228916
CART,time,3,refitted,C_b05_r20,20,0.05,0.02,39.23694779116465,0.0623694779116465,0.8333333333333334,0.0602409638554216,40.0,-0.7630522088353473
CART,time,3,refitted,C_b05_r20,20,0.05,0.05,89.05622489959839,0.0655622489959838,0.8333333333333334,0.0602409638554216,100.0,-10.94377510040161
CART,time,3,refitted,C_b05_r20,20,0.05,0.1,172.08835341365463,0.0708835341365461,0.8333333333333334,0.0602409638554216,200.0,-27.91164658634537
CART,time,3,refitted,C_b05_r20,20,0.05,0.15,255.1204819277108,0.0762048192771083,0.8333333333333334,0.0602409638554216,300.0,-44.87951807228919
CART,time,3,refitted,C_b05_r50,50,0.05,0.02,89.23694779116465,0.0623694779116465,0.8333333333333334,0.0602409638554216,100.0,-10.763052208835347
CART,time,3,refitted,C_b05_r50,50,0.05,0.05,214.0562248995984,0.0655622489959838,0.8333333333333334,0.0602409638554216,250.0,-35.94377510040161
CART,time,3,refitted,C_b05_r50,50,0.05,0.1,422.0883534136546,0.0708835341365461,0.8333333333333334,0.0602409638554216,500.0,-77.9116465863454
CART,time,3,refitted,C_b05_r50,50,0.05,0.15,630.1204819277109,0.0762048192771083,0.8333333333333334,0.0602409638554216,750.0,-119.8795180722891
CART,time,3,refitted,C_b10_r05,5,0.1,0.02,10.0,0.0,1.0,0.0,10.0,0.0
CART,time,3,refitted,C_b10_r05,5,0.1,0.05,25.0,0.0,1.0,0.0,25.0,0.0
CART,time,3,refitted,C_b10_r05,5,0.1,0.1,50.0,0.0,1.0,0.0,50.0,0.0
CART,time,3,refitted,C_b10_r05,5,0.1,0.15,75.0,0.0,1.0,0.0,75.0,0.0
CART,time,3,refitted,C_b10_r10,10,0.1,0.02,24.14457831325301,0.0781124497991967,0.8333333333333334,0.0763052208835341,20.0,4.14457831325301
CART,time,3,refitted,C_b10_r10,10,0.1,0.05,48.91566265060241,0.0808232931726907,0.8333333333333334,0.0763052208835341,50.0,-1.0843373493975932
CART,time,3,refitted,C_b10_r10,10,0.1,0.1,90.2008032128514,0.0853413654618473,0.8333333333333334,0.0763052208835341,100.0,-9.799196787148603
CART,time,3,refitted,C_b10_r10,10,0.1,0.15,131.4859437751004,0.0898594377510039,0.8333333333333334,0.0763052208835341,150.0,-18.514056224899605
CART,time,3,refitted,C_b10_r20,20,0.1,0.02,40.81124497991968,0.0781124497991967,0.8333333333333334,0.0763052208835341,40.0,0.8112449799196781
CART,time,3,refitted,C_b10_r20,20,0.1,0.05,90.58232931726909,0.0808232931726907,0.8333333333333334,0.0763052208835341,100.0,-9.417670682730915
CART,time,3,refitted,C_b10_r20,20,0.1,0.1,173.53413654618475,0.0853413654618473,0.8333333333333334,0.0763052208835341,200.0,-26.465863453815246
CART,time,3,refitted,C_b10_r20,20,0.1,0.15,256.4859437751004,0.0898594377510039,0.8333333333333334,0.0763052208835341,300.0,-43.514056224899605
CART,time,3,refitted,C_b10_r50,50,0.1,0.02,90.81124497991968,0.0781124497991967,0.8333333333333334,0.0763052208835341,100.0,-9.188755020080322
CART,time,3,refitted,C_b10_r50,50,0.1,0.05,215.58232931726909,0.0808232931726907,0.8333333333333334,0.0763052208835341,250.0,-34.417670682730915
CART,time,3,refitted,C_b10_r50,50,0.1,0.1,423.5341365461848,0.0853413654618473,0.8333333333333334,0.0763052208835341,500.0,-76.46586345381519
CART,time,3,refitted,C_b10_r50,50,0.1,0.15,631.4859437751004,0.0898594377510039,0.8333333333333334,0.0763052208835341,750.0,-118.5140562248996
CART,time,3,refitted,C_b20_r05,5,0.2,0.02,10.0,0.0,1.0,0.0,10.0,0.0
CART,time,3,refitted,C_b20_r05,5,0.2,0.05,25.0,0.0,1.0,0.0,25.0,0.0
CART,time,3,refitted,C_b20_r05,5,0.2,0.1,50.0,0.0,1.0,0.0,50.0,0.0
CART,time,3,refitted,C_b20_r05,5,0.2,0.15,75.0,0.0,1.0,0.0,75.0,0.0
CART,time,3,refitted,C_b20_r10,10,0.2,0.02,24.14457831325301,0.0781124497991967,0.8333333333333334,0.0763052208835341,20.0,4.14457831325301
CART,time,3,refitted,C_b20_r10,10,0.2,0.05,48.91566265060241,0.0808232931726907,0.8333333333333334,0.0763052208835341,50.0,-1.0843373493975932
CART,time,3,refitted,C_b20_r10,10,0.2,0.1,90.2008032128514,0.0853413654618473,0.8333333333333334,0.0763052208835341,100.0,-9.799196787148603
CART,time,3,refitted,C_b20_r10,10,0.2,0.15,131.4859437751004,0.0898594377510039,0.8333333333333334,0.0763052208835341,150.0,-18.514056224899605
CART,time,3,refitted,C_b20_r20,20,0.2,0.02,40.63855421686748,0.1463855421686747,0.6666666666666666,0.142570281124498,40.0,0.6385542168674831
CART,time,3,refitted,C_b20_r20,20,0.2,0.05,80.21084337349397,0.1521084337349397,0.6666666666666666,0.142570281124498,100.0,-19.789156626506028
CART,time,3,refitted,C_b20_r20,20,0.2,0.1,146.16465863453814,0.1616465863453815,0.6666666666666666,0.142570281124498,200.0,-53.83534136546186
CART,time,3,refitted,C_b20_r20,20,0.2,0.15,212.11847389558235,0.1711847389558232,0.6666666666666666,0.142570281124498,300.0,-87.88152610441765
CART,time,3,refitted,C_b20_r50,50,0.2,0.02,80.63855421686746,0.1463855421686747,0.6666666666666666,0.142570281124498,100.0,-19.361445783132538
CART,time,3,refitted,C_b20_r50,50,0.2,0.05,180.210843373494,0.1521084337349397,0.6666666666666666,0.142570281124498,250.0,-69.78915662650601
CART,time,3,refitted,C_b20_r50,50,0.2,0.1,346.1646586345381,0.1616465863453815,0.6666666666666666,0.142570281124498,500.0,-153.8353413654619
CART,time,3,refitted,C_b20_r50,50,0.2,0.15,512.1184738955823,0.1711847389558232,0.6666666666666666,0.142570281124498,750.0,-237.88152610441773
CART,time,3,refitted,TopK_b01,5,0.01,0.02,10.231593038821952,0.0089825970548861,0.9444444444444444,0.0080321285140562,10.0,0.23159303882195204
CART,time,3,refitted,TopK_b01,5,0.01,0.05,24.374163319946447,0.0104082998661311,0.9444444444444444,0.0080321285140562,25.0,-0.6258366800535526
CART,time,3,refitted,TopK_b01,5,0.01,0.1,47.94511378848728,0.0127844712182061,0.9444444444444444,0.0080321285140562,50.0,-2.0548862115127235
CART,time,3,refitted,TopK_b01,5,0.01,0.15,71.5160642570281,0.0151606425702811,0.9444444444444444,0.0080321285140562,75.0,-3.4839357429718945
CART,time,3,refitted,TopK_b01,10,0.01,0.02,19.676037483266395,0.0089825970548861,0.9444444444444444,0.0080321285140562,20.0,-0.3239625167336051
CART,time,3,refitted,TopK_b01,10,0.01,0.05,47.98527443105756,0.0104082998661311,0.9444444444444444,0.0080321285140562,50.0,-2.0147255689424384
CART,time,3,refitted,TopK_b01,10,0.01,0.1,95.1673360107095,0.0127844712182061,0.9444444444444444,0.0080321285140562,100.0,-4.832663989290495
CART,time,3,refitted,TopK_b01,10,0.01,0.15,142.34939759036143,0.0151606425702811,0.9444444444444444,0.0080321285140562,150.0,-7.650602409638566
CART,time,3,refitted,TopK_b01,20,0.01,0.02,38.56492637215528,0.0089825970548861,0.9444444444444444,0.0080321285140562,40.0,-1.435073627844723
CART,time,3,refitted,TopK_b01,20,0.01,0.05,95.20749665327978,0.0104082998661311,0.9444444444444444,0.0080321285140562,100.0,-4.792503346720224
CART,time,3,refitted,TopK_b01,20,0.01,0.1,189.61178045515396,0.0127844712182061,0.9444444444444444,0.0080321285140562,200.0,-10.388219544846038
CART,time,3,refitted,TopK_b01,20,0.01,0.15,284.0160642570281,0.0151606425702811,0.9444444444444444,0.0080321285140562,300.0,-15.98393574297188
CART,time,3,refitted,TopK_b01,50,0.01,0.02,95.23159303882196,0.0089825970548861,0.9444444444444444,0.0080321285140562,100.0,-4.768406961178044
CART,time,3,refitted,TopK_b01,50,0.01,0.05,236.87416331994643,0.0104082998661311,0.9444444444444444,0.0080321285140562,250.0,-13.125836680053567
CART,time,3,refitted,TopK_b01,50,0.01,0.1,472.9451137884872,0.0127844712182061,0.9444444444444444,0.0080321285140562,500.0,-27.05488621151278
CART,time,3,refitted,TopK_b01,50,0.01,0.15,709.016064257028,0.0151606425702811,0.9444444444444444,0.0080321285140562,750.0,-40.983935742971994
CART,time,3,refitted,TopK_b05,5,0.05,0.02,12.662650602409636,0.0466265060240963,0.8333333333333334,0.0441767068273092,10.0,2.662650602409636
CART,time,3,refitted,TopK_b05,5,0.05,0.05,25.03012048192771,0.050301204819277,0.8333333333333334,0.0441767068273092,25.0,0.03012048192771033
CART,time,3,refitted,TopK_b05,5,0.05,0.1,45.64257028112449,0.0564257028112449,0.8333333333333334,0.0441767068273092,50.0,-4.357429718875508
CART,time,3,refitted,TopK_b05,5,0.05,0.15,66.25502008032129,0.0625502008032128,0.8333333333333334,0.0441767068273092,75.0,-8.744979919678713
CART,time,3,refitted,TopK_b05,10,0.05,0.02,20.99598393574297,0.0466265060240963,0.8333333333333334,0.0441767068273092,20.0,0.9959839357429701
CART,time,3,refitted,TopK_b05,10,0.05,0.05,45.86345381526104,0.050301204819277,0.8333333333333334,0.0441767068273092,50.0,-4.136546184738961
CART,time,3,refitted,TopK_b05,10,0.05,0.1,87.30923694779116,0.0564257028112449,0.8333333333333334,0.0441767068273092,100.0,-12.690763052208837
CART,time,3,refitted,TopK_b05,10,0.05,0.15,128.7550200803213,0.0625502008032128,0.8333333333333334,0.0441767068273092,150.0,-21.244979919678713
CART,time,3,refitted,TopK_b05,20,0.05,0.02,37.66265060240964,0.0466265060240963,0.8333333333333334,0.0441767068273092,40.0,-2.3373493975903585
CART,time,3,refitted,TopK_b05,20,0.05,0.05,87.53012048192771,0.050301204819277,0.8333333333333334,0.0441767068273092,100.0,-12.46987951807229
CART,time,3,refitted,TopK_b05,20,0.05,0.1,170.6425702811245,0.0564257028112449,0.8333333333333334,0.0441767068273092,200.0,-29.357429718875494
CART,time,3,refitted,TopK_b05,20,0.05,0.15,253.7550200803213,0.0625502008032128,0.8333333333333334,0.0441767068273092,300.0,-46.24497991967871
CART,time,3,refitted,TopK_b05,50,0.05,0.02,87.66265060240964,0.0466265060240963,0.8333333333333334,0.0441767068273092,100.0,-12.337349397590359
CART,time,3,refitted,TopK_b05,50,0.05,0.05,212.53012048192772,0.050301204819277,0.8333333333333334,0.0441767068273092,250.0,-37.469879518072275
CART,time,3,refitted,TopK_b05,50,0.05,0.1,420.6425702811245,0.0564257028112449,0.8333333333333334,0.0441767068273092,500.0,-79.3574297188755
CART,time,3,refitted,TopK_b05,50,0.05,0.15,628.7550200803213,0.0625502008032128,0.8333333333333334,0.0441767068273092,750.0,-121.24497991967871
CART,time,3,refitted,TopK_b10,5,0.1,0.02,17.026773761713514,0.0969344042838018,0.7777777777777778,0.0943775100401606,10.0,7.026773761713514
CART,time,3,refitted,TopK_b10,5,0.1,0.05,28.410307898259703,0.1007697456492636,0.7777777777777778,0.0943775100401606,25.0,3.4103078982597026
CART,time,3,refitted,TopK_b10,5,0.1,0.1,47.38286479250334,0.1071619812583667,0.7777777777777778,0.0943775100401606,50.0,-2.617135207496659
CART,time,3,refitted,TopK_b10,5,0.1,0.15,66.35542168674698,0.1135542168674698,0.7777777777777778,0.0943775100401606,75.0,-8.644578313253021
CART,time,3,refitted,TopK_b10,10,0.1,0.02,24.804551539491293,0.0969344042838018,0.7777777777777778,0.0943775100401606,20.0,4.8045515394912925
CART,time,3,refitted,TopK_b10,10,0.1,0.05,47.85475234270415,0.1007697456492636,0.7777777777777778,0.0943775100401606,50.0,-2.1452476572958474
CART,time,3,refitted,TopK_b10,10,0.1,0.1,86.27175368139224,0.1071619812583667,0.7777777777777778,0.0943775100401606,100.0,-13.72824631860776
CART,time,3,refitted,TopK_b10,10,0.1,0.15,124.68875502008032,0.1135542168674698,0.7777777777777778,0.0943775100401606,150.0,-25.311244979919678
CART,time,3,refitted,TopK_b10,20,0.1,0.02,40.36010709504685,0.0969344042838018,0.7777777777777778,0.0943775100401606,40.0,0.3601070950468497
CART,time,3,refitted,TopK_b10,20,0.1,0.05,86.74364123159305,0.1007697456492636,0.7777777777777778,0.0943775100401606,100.0,-13.256358768406955
CART,time,3,refitted,TopK_b10,20,0.1,0.1,164.04953145917,0.1071619812583667,0.7777777777777778,0.0943775100401606,200.0,-35.95046854083
CART,time,3,refitted,TopK_b10,20,0.1,0.15,241.355421686747,0.1135542168674698,0.7777777777777778,0.0943775100401606,300.0,-58.64457831325299
CART,time,3,refitted,TopK_b10,50,0.1,0.02,87.02677376171351,0.0969344042838018,0.7777777777777778,0.0943775100401606,100.0,-12.973226238286486
CART,time,3,refitted,TopK_b10,50,0.1,0.05,203.4103078982597,0.1007697456492636,0.7777777777777778,0.0943775100401606,250.0,-46.5896921017403
CART,time,3,refitted,TopK_b10,50,0.1,0.1,397.3828647925033,0.1071619812583667,0.7777777777777778,0.0943775100401606,500.0,-102.61713520749669
CART,time,3,refitted,TopK_b10,50,0.1,0.15,591.3554216867469,0.1135542168674698,0.7777777777777778,0.0943775100401606,750.0,-158.64457831325308
CART,time,3,refitted,TopK_b20,5,0.2,0.02,25.00267737617136,0.1966934404283802,0.6111111111111112,0.1927710843373494,10.0,15.00267737617136
CART,time,3,refitted,TopK_b20,5,0.2,0.05,33.59103078982597,0.2025769745649263,0.6111111111111112,0.1927710843373494,25.0,8.591030789825972
CART,time,3,refitted,TopK_b20,5,0.2,0.1,47.904953145917005,0.2123828647925033,0.6111111111111112,0.1927710843373494,50.0,-2.0950468540829945
CART,time,3,refitted,TopK_b20,5,0.2,0.15,62.21887550200804,0.2221887550200803,0.6111111111111112,0.1927710843373494,75.0,-12.78112449799196
CART,time,3,refitted,TopK_b20,10,0.2,0.02,31.113788487282463,0.1966934404283802,0.6111111111111112,0.1927710843373494,20.0,11.113788487282463
CART,time,3,refitted,TopK_b20,10,0.2,0.05,48.86880856760375,0.2025769745649263,0.6111111111111112,0.1927710843373494,50.0,-1.1311914323962498
CART,time,3,refitted,TopK_b20,10,0.2,0.1,78.46050870147256,0.2123828647925033,0.6111111111111112,0.1927710843373494,100.0,-21.539491298527437
CART,time,3,refitted,TopK_b20,10,0.2,0.15,108.05220883534136,0.2221887550200803,0.6111111111111112,0.1927710843373494,150.0,-41.94779116465864
CART,time,3,refitted,TopK_b20,20,0.2,0.02,43.33601070950469,0.1966934404283802,0.6111111111111112,0.1927710843373494,40.0,3.3360107095046914
CART,time,3,refitted,TopK_b20,20,0.2,0.05,79.42436412315931,0.2025769745649263,0.6111111111111112,0.1927710843373494,100.0,-20.575635876840693
CART,time,3,refitted,TopK_b20,20,0.2,0.1,139.5716198125837,0.2123828647925033,0.6111111111111112,0.1927710843373494,200.0,-60.42838018741631
CART,time,3,refitted,TopK_b20,20,0.2,0.15,199.71887550200805,0.2221887550200803,0.6111111111111112,0.1927710843373494,300.0,-100.28112449799195
CART,time,3,refitted,TopK_b20,50,0.2,0.02,80.00267737617136,0.1966934404283802,0.6111111111111112,0.1927710843373494,100.0,-19.997322623828637
CART,time,3,refitted,TopK_b20,50,0.2,0.05,171.091030789826,0.2025769745649263,0.6111111111111112,0.1927710843373494,250.0,-78.908969210174
CART,time,3,refitted,TopK_b20,50,0.2,0.1,322.90495314591703,0.2123828647925033,0.6111111111111112,0.1927710843373494,500.0,-177.09504685408297
CART,time,3,refitted,TopK_b20,50,0.2,0.15,474.7188755020081,0.2221887550200803,0.6111111111111112,0.1927710843373494,750.0,-275.2811244979919
CART,holdout,0,fixed,none,5,,0.02,10.0,0.0,1.0,0.0,10.0,0.0
CART,holdout,0,fixed,none,5,,0.05,25.0,0.0,1.0,0.0,25.0,0.0
CART,holdout,0,fixed,none,5,,0.1,50.0,0.0,1.0,0.0,50.0,0.0
CART,holdout,0,fixed,none,5,,0.15,75.0,0.0,1.0,0.0,75.0,0.0
CART,holdout,0,fixed,none,10,,0.02,20.0,0.0,1.0,0.0,20.0,0.0
CART,holdout,0,fixed,none,10,,0.05,50.0,0.0,1.0,0.0,50.0,0.0
CART,holdout,0,fixed,none,10,,0.1,100.0,0.0,1.0,0.0,100.0,0.0
CART,holdout,0,fixed,none,10,,0.15,150.0,0.0,1.0,0.0,150.0,0.0
CART,holdout,0,fixed,none,20,,0.02,40.0,0.0,1.0,0.0,40.0,0.0
CART,holdout,0,fixed,none,20,,0.05,100.0,0.0,1.0,0.0,100.0,0.0
CART,holdout,0,fixed,none,20,,0.1,200.0,0.0,1.0,0.0,200.0,0.0
CART,holdout,0,fixed,none,20,,0.15,300.0,0.0,1.0,0.0,300.0,0.0
CART,holdout,0,fixed,none,50,,0.02,100.0,0.0,1.0,0.0,100.0,0.0
CART,holdout,0,fixed,none,50,,0.05,250.0,0.0,1.0,0.0,250.0,0.0
CART,holdout,0,fixed,none,50,,0.1,500.0,0.0,1.0,0.0,500.0,0.0
CART,holdout,0,fixed,none,50,,0.15,750.0,0.0,1.0,0.0,750.0,0.0
CART,holdout,0,fixed,A_b01,5,0.01,0.02,10.0,0.0,1.0,0.0,10.0,0.0
CART,holdout,0,fixed,A_b01,5,0.01,0.05,25.0,0.0,1.0,0.0,25.0,0.0
CART,holdout,0,fixed,A_b01,5,0.01,0.1,50.0,0.0,1.0,0.0,50.0,0.0
CART,holdout,0,fixed,A_b01,5,0.01,0.15,75.0,0.0,1.0,0.0,75.0,0.0
CART,holdout,0,fixed,A_b01,10,0.01,0.02,20.0,0.0,1.0,0.0,20.0,0.0
CART,holdout,0,fixed,A_b01,10,0.01,0.05,50.0,0.0,1.0,0.0,50.0,0.0
CART,holdout,0,fixed,A_b01,10,0.01,0.1,100.0,0.0,1.0,0.0,100.0,0.0
CART,holdout,0,fixed,A_b01,10,0.01,0.15,150.0,0.0,1.0,0.0,150.0,0.0
CART,holdout,0,fixed,A_b01,20,0.01,0.02,40.0,0.0,1.0,0.0,40.0,0.0
CART,holdout,0,fixed,A_b01,20,0.01,0.05,100.0,0.0,1.0,0.0,100.0,0.0
CART,holdout,0,fixed,A_b01,20,0.01,0.1,200.0,0.0,1.0,0.0,200.0,0.0
CART,holdout,0,fixed,A_b01,20,0.01,0.15,300.0,0.0,1.0,0.0,300.0,0.0
CART,holdout,0,fixed,A_b01,50,0.01,0.02,100.0,0.0,1.0,0.0,100.0,0.0
CART,holdout,0,fixed,A_b01,50,0.01,0.05,250.0,0.0,1.0,0.0,250.0,0.0
CART,holdout,0,fixed,A_b01,50,0.01,0.1,500.0,0.0,1.0,0.0,500.0,0.0
CART,holdout,0,fixed,A_b01,50,0.01,0.15,750.0,0.0,1.0,0.0,750.0,0.0
CART,holdout,0,fixed,A_b05,5,0.05,0.02,10.540929658576715,0.0146400658165363,0.9230769230769232,0.0133689839572192,10.0,0.5409296585767152
CART,holdout,0,fixed,A_b05,5,0.05,0.05,24.346976552858905,0.016546688605512,0.9230769230769232,0.0133689839572192,25.0,-0.653023447141095
CART,holdout,0,fixed,A_b05,5,0.05,0.1,47.357054709995886,0.0197243932538049,0.9230769230769232,0.0133689839572192,50.0,-2.642945290004114
CART,holdout,0,fixed,A_b05,5,0.05,0.15,70.36713286713288,0.0229020979020978,0.9230769230769232,0.0133689839572192,75.0,-4.632867132867119
CART,holdout,0,fixed,A_b05,10,0.05,0.02,19.771698889345945,0.0146400658165363,0.9230769230769232,0.0133689839572192,20.0,-0.2283011106540549
CART,holdout,0,fixed,A_b05,10,0.05,0.05,47.42389962978199,0.016546688605512,0.9230769230769232,0.0133689839572192,50.0,-2.5761003702180076
CART,holdout,0,fixed,A_b05,10,0.05,0.1,93.51090086384204,0.0197243932538049,0.9230769230769232,0.0133689839572192,100.0,-6.489099136157961
CART,holdout,0,fixed,A_b05,10,0.05,0.15,139.5979020979021,0.0229020979020978,0.9230769230769232,0.0133689839572192,150.0,-10.402097902097893
CART,holdout,0,fixed,A_b05,20,0.05,0.02,38.233237350884416,0.0146400658165363,0.9230769230769232,0.0133689839572192,40.0,-1.7667626491155843
CART,holdout,0,fixed,A_b05,20,0.05,0.05,93.57774578362816,0.016546688605512,0.9230769230769232,0.0133689839572192,100.0,-6.42225421637184
CART,holdout,0,fixed,A_b05,20,0.05,0.1,185.8185931715344,0.0197243932538049,0.9230769230769232,0.0133689839572192,200.0,-14.181406828465612
CART,holdout,0,fixed,A_b05,20,0.05,0.15,278.0594405594406,0.0229020979020978,0.9230769230769232,0.0133689839572192,300.0,-21.94055944055941
CART,holdout,0,fixed,A_b05,50,0.05,0.02,93.6178527354998,0.0146400658165363,0.9230769230769232,0.0133689839572192,100.0,-6.382147264500205
CART,holdout,0,fixed,A_b05,50,0.05,0.05,232.0392842451666,0.016546688605512,0.9230769230769232,0.0133689839572192,250.0,-17.960715754833387
CART,holdout,0,fixed,A_b05,50,0.05,0.1,462.74167009461127,0.0197243932538049,0.9230769230769232,0.0133689839572192,500.0,-37.258329905388734
CART,holdout,0,fixed,A_b05,50,0.05,0.15,693.4440559440561,0.0229020979020978,0.9230769230769232,0.0133689839572192,750.0,-56.55594405594388
CART,holdout,0,fixed,A_b10,5,0.1,0.02,11.458041958041958,0.0238111888111887,0.9230769230769232,0.0227272727272727,10.0,1.4580419580419584
CART,holdout,0,fixed,A_b10,5,0.1,0.05,25.23601398601399,0.0254370629370629,0.9230769230769232,0.0227272727272727,25.0,0.23601398601399026
CART,holdout,0,fixed,A_b10,5,0.1,0.1,48.19930069930071,0.0281468531468531,0.9230769230769232,0.0227272727272727,50.0,-1.8006993006992928
CART,holdout,0,fixed,A_b10,5,0.1,0.15,71.16258741258741,0.0308566433566433,0.9230769230769232,0.0227272727272727,75.0,-3.8374125874125866
CART,holdout,0,fixed,A_b10,10,0.1,0.02,20.68881118881119,0.0238111888111887,0.9230769230769232,0.0227272727272727,20.0,0.6888111888111901
CART,holdout,0,fixed,A_b10,10,0.1,0.05,48.31293706293707,0.0254370629370629,0.9230769230769232,0.0227272727272727,50.0,-1.687062937062933
CART,holdout,0,fixed,A_b10,10,0.1,0.1,94.35314685314688,0.0281468531468531,0.9230769230769232,0.0227272727272727,100.0,-5.646853146853118
CART,holdout,0,fixed,A_b10,10,0.1,0.15,140.39335664335667,0.0308566433566433,0.9230769230769232,0.0227272727272727,150.0,-9.606643356643332
CART,holdout,0,fixed,A_b10,20,0.1,0.02,39.15034965034965,0.0238111888111887,0.9230769230769232,0.0227272727272727,40.0,-0.8496503496503465
CART,holdout,0,fixed,A_b10,20,0.1,0.05,94.46678321678324,0.0254370629370629,0.9230769230769232,0.0227272727272727,100.0,-5.5332167832167585
CART,holdout,0,fixed,A_b10,20,0.1,0.1,186.6608391608392,0.0281468531468531,0.9230769230769232,0.0227272727272727,200.0,-13.339160839160797
CART,holdout,0,fixed,A_b10,20,0.1,0.15,278.85489510489515,0.0308566433566433,0.9230769230769232,0.0227272727272727,300.0,-21.14510489510485
CART,holdout,0,fixed,A_b10,50,0.1,0.02,94.53496503496504,0.0238111888111887,0.9230769230769232,0.0227272727272727,100.0,-5.46503496503496
CART,holdout,0,fixed,A_b10,50,0.1,0.05,232.92832167832168,0.0254370629370629,0.9230769230769232,0.0227272727272727,250.0,-17.07167832167832
CART,holdout,0,fixed,A_b10,50,0.1,0.1,463.58391608391617,0.0281468531468531,0.9230769230769232,0.0227272727272727,500.0,-36.416083916083835
CART,holdout,0,fixed,A_b10,50,0.1,0.15,694.2395104895106,0.0308566433566433,0.9230769230769232,0.0227272727272727,750.0,-55.76048951048938
CART,holdout,0,fixed,A_b20,5,0.2,0.02,17.657959687371445,0.1088872891814067,0.7307692307692307,0.105614973262032,10.0,7.657959687371445
CART,holdout,0,fixed,A_b20,5,0.2,0.05,28.30265322912381,0.1137957630604688,0.7307692307692307,0.105614973262032,25.0,3.302653229123809
CART,holdout,0,fixed,A_b20,5,0.2,0.1,46.043809132044416,0.1219765528589057,0.7307692307692307,0.105614973262032,50.0,-3.956190867955584
CART,holdout,0,fixed,A_b20,5,0.2,0.15,63.78496503496503,0.1301573426573425,0.7307692307692307,0.105614973262032,75.0,-11.215034965034967
CART,holdout,0,fixed,A_b20,10,0.2,0.02,24.96565199506375,0.1088872891814067,0.7307692307692307,0.105614973262032,20.0,4.965651995063752
CART,holdout,0,fixed,A_b20,10,0.2,0.05,46.57188399835457,0.1137957630604688,0.7307692307692307,0.105614973262032,50.0,-3.428116001645428
CART,holdout,0,fixed,A_b20,10,0.2,0.1,82.58227067050595,0.1219765528589057,0.7307692307692307,0.105614973262032,100.0,-17.41772932949405
CART,holdout,0,fixed,A_b20,10,0.2,0.15,118.59265734265732,0.1301573426573425,0.7307692307692307,0.105614973262032,150.0,-31.40734265734268
CART,holdout,0,fixed,A_b20,20,0.2,0.02,39.581036610448365,0.1088872891814067,0.7307692307692307,0.105614973262032,40.0,-0.41896338955163515
CART,holdout,0,fixed,A_b20,20,0.2,0.05,83.11034553681611,0.1137957630604688,0.7307692307692307,0.105614973262032,100.0,-16.889654463183888
CART,holdout,0,fixed,A_b20,20,0.2,0.1,155.659193747429,0.1219765528589057,0.7307692307692307,0.105614973262032,200.0,-44.340806252571014
CART,holdout,0,fixed,A_b20,20,0.2,0.15,228.20804195804195,0.1301573426573425,0.7307692307692307,0.105614973262032,300.0,-71.79195804195805
CART,holdout,0,fixed,A_b20,50,0.2,0.02,83.4271904566022,0.1088872891814067,0.7307692307692307,0.105614973262032,100.0,-16.572809543397796
CART,holdout,0,fixed,A_b20,50,0.2,0.05,192.72573015220075,0.1137957630604688,0.7307692307692307,0.105614973262032,250.0,-57.274269847799246
CART,holdout,0,fixed,A_b20,50,0.2,0.1,374.8899629781983,0.1219765528589057,0.7307692307692307,0.105614973262032,500.0,-125.1100370218017
CART,holdout,0,fixed,A_b20,50,0.2,0.15,557.0541958041958,0.1301573426573425,0.7307692307692307,0.105614973262032,750.0,-192.94580419580416
CART,holdout,0,fixed,B_r05,5,,0.02,10.0,0.0,1.0,0.0,10.0,0.0
CART,holdout,0,fixed,B_r05,5,,0.05,25.0,0.0,1.0,0.0,25.0,0.0
CART,holdout,0,fixed,B_r05,5,,0.1,50.0,0.0,1.0,0.0,50.0,0.0
CART,holdout,0,fixed,B_r05,5,,0.15,75.0,0.0,1.0,0.0,75.0,0.0
CART,holdout,0,fixed,B_r10,10,,0.02,19.62381735911147,0.0046997120526531,0.9615384615384616,0.0040106951871657,20.0,-0.3761826408885298
CART,holdout,0,fixed,B_r10,10,,0.05,48.457939119703816,0.0057332373508843,0.9615384615384616,0.0040106951871657,50.0,-1.5420608802961837
CART,holdout,0,fixed,B_r10,10,,0.1,96.51480872069106,0.0074557795146029,0.9615384615384616,0.0040106951871657,100.0,-3.4851912793089355
CART,holdout,0,fixed,B_r10,10,,0.15,144.57167832167832,0.0091783216783216,0.9615384615384616,0.0040106951871657,150.0,-5.42832167832168
CART,holdout,0,fixed,B_r20,20,,0.02,50.32825997531879,0.2809749074454956,0.5769230769230769,0.2780748663101604,40.0,10.328259975318787
CART,holdout,0,fixed,B_r20,20,,0.05,84.10941999177292,0.2853249691484985,0.5769230769230769,0.2780748663101604,100.0,-15.890580008227076
CART,holdout,0,fixed,B_r20,20,,0.1,140.4113533525298,0.2925750719868367,0.5769230769230769,0.2780748663101604,200.0,-59.5886466474702
CART,holdout,0,fixed,B_r20,20,,0.15,196.7132867132867,0.2998251748251748,0.5769230769230769,0.2780748663101604,300.0,-103.28671328671331
CART,holdout,0,fixed,B_r50,50,,0.02,96.82085561497324,0.9882085561497326,0.0,0.9879679144385026,100.0,-3.17914438502676
CART,holdout,0,fixed,B_r50,50,,0.05,93.85695187165774,0.9885695187165776,0.0,0.9879679144385026,250.0,-156.14304812834226
CART,holdout,0,fixed,B_r50,50,,0.1,88.91711229946524,0.9891711229946524,0.0,0.9879679144385026,500.0,-411.08288770053474
CART,holdout,0,fixed,B_r50,50,,0.15,83.97727272727272,0.9897727272727272,0.0,0.9879679144385026,750.0,-666.0227272727273
CART,holdout,0,fixed,C_b01_r05,5,0.01,0.02,10.0,0.0,1.0,0.0,10.0,0.0
CART,holdout,0,fixed,C_b01_r05,5,0.01,0.05,25.0,0.0,1.0,0.0,25.0,0.0
CART,holdout,0,fixed,C_b01_r05,5,0.01,0.1,50.0,0.0,1.0,0.0,50.0,0.0
CART,holdout,0,fixed,C_b01_r05,5,0.01,0.15,75.0,0.0,1.0,0.0,75.0,0.0
CART,holdout,0,fixed,C_b01_r10,10,0.01,0.02,20.0,0.0,1.0,0.0,20.0,0.0
CART,holdout,0,fixed,C_b01_r10,10,0.01,0.05,50.0,0.0,1.0,0.0,50.0,0.0
CART,holdout,0,fixed,C_b01_r10,10,0.01,0.1,100.0,0.0,1.0,0.0,100.0,0.0
CART,holdout,0,fixed,C_b01_r10,10,0.01,0.15,150.0,0.0,1.0,0.0,150.0,0.0
CART,holdout,0,fixed,C_b01_r20,20,0.01,0.02,40.0,0.0,1.0,0.0,40.0,0.0
CART,holdout,0,fixed,C_b01_r20,20,0.01,0.05,100.0,0.0,1.0,0.0,100.0,0.0
CART,holdout,0,fixed,C_b01_r20,20,0.01,0.1,200.0,0.0,1.0,0.0,200.0,0.0
CART,holdout,0,fixed,C_b01_r20,20,0.01,0.15,300.0,0.0,1.0,0.0,300.0,0.0
CART,holdout,0,fixed,C_b01_r50,50,0.01,0.02,100.0,0.0,1.0,0.0,100.0,0.0
CART,holdout,0,fixed,C_b01_r50,50,0.01,0.05,250.0,0.0,1.0,0.0,250.0,0.0
CART,holdout,0,fixed,C_b01_r50,50,0.01,0.1,500.0,0.0,1.0,0.0,500.0,0.0
CART,holdout,0,fixed,C_b01_r50,50,0.01,0.15,750.0,0.0,1.0,0.0,750.0,0.0
CART,holdout,0,fixed,C_b05_r05,5,0.05,0.02,10.0,0.0,1.0,0.0,10.0,0.0
CART,holdout,0,fixed,C_b05_r05,5,0.05,0.05,25.0,0.0,1.0,0.0,25.0,0.0
CART,holdout,0,fixed,C_b05_r05,5,0.05,0.1,50.0,0.0,1.0,0.0,50.0,0.0
CART,holdout,0,fixed,C_b05_r05,5,0.05,0.15,75.0,0.0,1.0,0.0,75.0,0.0
CART,holdout,0,fixed,C_b05_r10,10,0.05,0.02,19.62381735911147,0.0046997120526531,0.9615384615384616,0.0040106951871657,20.0,-0.3761826408885298
CART,holdout,0,fixed,C_b05_r10,10,0.05,0.05,48.457939119703816,0.0057332373508843,0.9615384615384616,0.0040106951871657,50.0,-1.5420608802961837
CART,holdout,0,fixed,C_b05_r10,10,0.05,0.1,96.51480872069106,0.0074557795146029,0.9615384615384616,0.0040106951871657,100.0,-3.4851912793089355
CART,holdout,0,fixed,C_b05_r10,10,0.05,0.15,144.57167832167832,0.0091783216783216,0.9615384615384616,0.0040106951871657,150.0,-5.42832167832168
CART,holdout,0,fixed,C_b05_r20,20,0.05,0.02,38.854586589880704,0.0046997120526531,0.9615384615384616,0.0040106951871657,40.0,-1.1454134101192963
CART,holdout,0,fixed,C_b05_r20,20,0.05,0.05,96.5348621966269,0.0057332373508843,0.9615384615384616,0.0040106951871657,100.0,-3.4651378033730964
CART,holdout,0,fixed,C_b05_r20,20,0.05,0.1,192.6686548745372,0.0074557795146029,0.9615384615384616,0.0040106951871657,200.0,-7.3313451254628035
CART,holdout,0,fixed,C_b05_r20,20,0.05,0.15,288.8024475524476,0.0091783216783216,0.9615384615384616,0.0040106951871657,300.0,-11.197552447552425
CART,holdout,0,fixed,C_b05_r50,50,0.05,0.02,96.5468942821884,0.0046997120526531,0.9615384615384616,0.0040106951871657,100.0,-3.453105717811596
CART,holdout,0,fixed,C_b05_r50,50,0.05,0.05,240.76563142739613,0.0057332373508843,0.9615384615384616,0.0040106951871657,250.0,-9.23436857260387
CART,holdout,0,fixed,C_b05_r50,50,0.05,0.1,481.1301933360757,0.0074557795146029,0.9615384615384616,0.0040106951871657,500.0,-18.869806663924294
CART,holdout,0,fixed,C_b05_r50,50,0.05,0.15,721.4947552447552,0.0091783216783216,0.9615384615384616,0.0040106951871657,750.0,-28.505244755244803
CART,holdout,0,fixed,C_b10_r05,5,0.1,0.02,10.0,0.0,1.0,0.0,10.0,0.0
CART,holdout,0,fixed,C_b10_r05,5,0.1,0.05,25.0,0.0,1.0,0.0,25.0,0.0
CART,holdout,0,fixed,C_b10_r05,5,0.1,0.1,50.0,0.0,1.0,0.0,50.0,0.0
CART,holdout,0,fixed,C_b10_r05,5,0.1,0.15,75.0,0.0,1.0,0.0,75.0,0.0
CART,holdout,0,fixed,C_b10_r10,10,0.1,0.02,19.62381735911147,0.0046997120526531,0.9615384615384616,0.0040106951871657,20.0,-0.3761826408885298
CART,holdout,0,fixed,C_b10_r10,10,0.1,0.05,48.457939119703816,0.0057332373508843,0.9615384615384616,0.0040106951871657,50.0,-1.5420608802961837
CART,holdout,0,fixed,C_b10_r10,10,0.1,0.1,96.51480872069106,0.0074557795146029,0.9615384615384616,0.0040106951871657,100.0,-3.4851912793089355
CART,holdout,0,fixed,C_b10_r10,10,0.1,0.15,144.57167832167832,0.0091783216783216,0.9615384615384616,0.0040106951871657,150.0,-5.42832167832168
CART,holdout,0,fixed,C_b10_r20,20,0.1,0.02,38.88831756478815,0.0211908679555737,0.9230769230769232,0.0200534759358288,40.0,-1.111682435211847
CART,holdout,0,fixed,C_b10_r20,20,0.1,0.05,94.21277252159604,0.0228969559851912,0.9230769230769232,0.0200534759358288,100.0,-5.787227478403963
CART,holdout,0,fixed,C_b10_r20,20,0.1,0.1,186.42019744960925,0.0257404360345535,0.9230769230769232,0.0200534759358288,200.0,-13.579802550390752
CART,holdout,0,fixed,C_b10_r20,20,0.1,0.15,278.6276223776224,0.0285839160839159,0.9230769230769232,0.0200534759358288,300.0,-21.3723776223776
CART,holdout,0,fixed,C_b10_r50,50,0.1,0.02,94.27293294940354,0.0211908679555737,0.9230769230769232,0.0200534759358288,100.0,-5.72706705059646
CART,holdout,0,fixed,C_b10_r50,50,0.1,0.05,232.67431098313452,0.0228969559851912,0.9230769230769232,0.0200534759358288,250.0,-17.325689016865482
CART,holdout,0,fixed,C_b10_r50,50,0.1,0.1,463.34327437268615,0.0257404360345535,0.9230769230769232,0.0200534759358288,500.0,-36.65672562731385
CART,holdout,0,fixed,C_b10_r50,50,0.1,0.15,694.0122377622379,0.0285839160839159,0.9230769230769232,0.0200534759358288,750.0,-55.98776223776213
CART,holdout,0,fixed,C_b20_r05,5,0.2,0.02,10.0,0.0,1.0,0.0,10.0,0.0
CART,holdout,0,fixed,C_b20_r05,5,0.2,0.05,25.0,0.0,1.0,0.0,25.0,0.0
CART,holdout,0,fixed,C_b20_r05,5,0.2,0.1,50.0,0.0,1.0,0.0,50.0,0.0
CART,holdout,0,fixed,C_b20_r05,5,0.2,0.15,75.0,0.0,1.0,0.0,75.0,0.0
CART,holdout,0,fixed,C_b20_r10,10,0.2,0.02,19.62381735911147,0.0046997120526531,0.9615384615384616,0.0040106951871657,20.0,-0.3761826408885298
CART,holdout,0,fixed,C_b20_r10,10,0.2,0.05,48.457939119703816,0.0057332373508843,0.9615384615384616,0.0040106951871657,50.0,-1.5420608802961837
CART,holdout,0,fixed,C_b20_r10,10,0.2,0.1,96.51480872069106,0.0074557795146029,0.9615384615384616,0.0040106951871657,100.0,-3.4851912793089355
CART,holdout,0,fixed,C_b20_r10,10,0.2,0.15,144.57167832167832,0.0091783216783216,0.9615384615384616,0.0040106951871657,150.0,-5.42832167832168
CART,holdout,0,fixed,C_b20_r20,20,0.2,0.02,39.18798848210613,0.1049568078979843,0.7307692307692307,0.1016042780748663,40.0,-0.8120115178938718
CART,holdout,0,fixed,C_b20_r20,20,0.2,0.05,82.72932949403537,0.1099856026326614,0.7307692307692307,0.1016042780748663,100.0,-17.27067050596463
CART,holdout,0,fixed,C_b20_r20,20,0.2,0.1,155.2982311805841,0.1183669271904565,0.7307692307692307,0.1016042780748663,200.0,-44.70176881941589
CART,holdout,0,fixed,C_b20_r20,20,0.2,0.15,227.86713286713285,0.1267482517482517,0.7307692307692307,0.1016042780748663,300.0,-72.13286713286715
CART,holdout,0,fixed,C_b20_r50,50,0.2,0.02,83.03414232825997,0.1049568078979843,0.7307692307692307,0.1016042780748663,100.0,-16.965857671740025
CART,holdout,0,fixed,C_b20_r50,50,0.2,0.05,192.34471410942,0.1099856026326614,0.7307692307692307,0.1016042780748663,250.0,-57.65528589057999
CART,holdout,0,fixed,C_b20_r50,50,0.2,0.1,374.5290004113533,0.1183669271904565,0.7307692307692307,0.1016042780748663,500.0,-125.47099958864669
CART,holdout,0,fixed,C_b20_r50,50,0.2,0.15,556.7132867132867,0.1267482517482517,0.7307692307692307,0.1016042780748663,750.0,-193.28671328671328
CART,holdout,0,fixed,TopK_b01,5,0.01,0.02,9.885849444672973,0.0080892636774989,0.9230769230769232,0.0066844919786096,10.0,-0.11415055532702745
CART,holdout,0,fixed,TopK_b01,5,0.01,0.05,23.711949814890996,0.0101964212258329,0.9230769230769232,0.0066844919786096,25.0,-1.2880501851090038
CART,holdout,0,fixed,TopK_b01,5,0.01,0.1,46.75545043192103,0.0137083504730563,0.9230769230769232,0.0066844919786096,50.0,-3.2445495680789733
CART,holdout,0,fixed,TopK_b01,5,0.01,0.15,69.79895104895105,0.0172202797202796,0.9230769230769232,0.0066844919786096,75.0,-5.201048951048946
CART,holdout,0,fixed,TopK_b01,10,0.01,0.02,19.116618675442208,0.0080892636774989,0.9230769230769232,0.0066844919786096,20.0,-0.8833813245577922
CART,holdout,0,fixed,TopK_b01,10,0.01,0.05,46.78887289181407,0.0101964212258329,0.9230769230769232,0.0066844919786096,50.0,-3.211127108185927
CART,holdout,0,fixed,TopK_b01,10,0.01,0.1,92.90929658576718,0.0137083504730563,0.9230769230769232,0.0066844919786096,100.0,-7.09070341423282
CART,holdout,0,fixed,TopK_b01,10,0.01,0.15,139.0297202797203,0.0172202797202796,0.9230769230769232,0.0066844919786096,150.0,-10.970279720279706
CART,holdout,0,fixed,TopK_b01,20,0.01,0.02,37.57815713698067,0.0080892636774989,0.9230769230769232,0.0066844919786096,40.0,-2.4218428630193287
CART,holdout,0,fixed,TopK_b01,20,0.01,0.05,92.94271904566024,0.0101964212258329,0.9230769230769232,0.0066844919786096,100.0,-7.05728095433976
CART,holdout,0,fixed,TopK_b01,20,0.01,0.1,185.21698889345956,0.0137083504730563,0.9230769230769232,0.0066844919786096,200.0,-14.783011106540442
CART,holdout,0,fixed,TopK_b01,20,0.01,0.15,277.4912587412588,0.0172202797202796,0.9230769230769232,0.0066844919786096,300.0,-22.508741258741225
CART,holdout,0,fixed,TopK_b01,50,0.01,0.02,92.96277252159608,0.0080892636774989,0.9230769230769232,0.0066844919786096,100.0,-7.037227478403921
CART,holdout,0,fixed,TopK_b01,50,0.01,0.05,231.4042575071987,0.0101964212258329,0.9230769230769232,0.0066844919786096,250.0,-18.595742492801293
CART,holdout,0,fixed,TopK_b01,50,0.01,0.1,462.1400658165364,0.0137083504730563,0.9230769230769232,0.0066844919786096,500.0,-37.85993418346362
CART,holdout,0,fixed,TopK_b01,50,0.01,0.15,692.8758741258742,0.0172202797202796,0.9230769230769232,0.0066844919786096,750.0,-57.12412587412575
CART,holdout,0,fixed,TopK_b05,5,0.05,0.02,13.43171534348004,0.0481633072809542,0.8846153846153846,0.0467914438502673,10.0,3.4317153434800396
CART,holdout,0,fixed,TopK_b05,5,0.05,0.05,26.560571781160007,0.0502211024269847,0.8846153846153846,0.0467914438502673,25.0,1.5605717811600073
CART,holdout,0,fixed,TopK_b05,5,0.05,0.1,48.44199917729329,0.0536507610037021,0.8846153846153846,0.0467914438502673,50.0,-1.5580008227067097
CART,holdout,0,fixed,TopK_b05,5,0.05,0.15,70.32342657342656,0.0570804195804195,0.8846153846153846,0.0467914438502673,75.0,-4.676573426573441
CART,holdout,0,fixed,TopK_b05,10,0.05,0.02,22.27786918963389,0.0481633072809542,0.8846153846153846,0.0467914438502673,20.0,2.27786918963389
CART,holdout,0,fixed,TopK_b05,10,0.05,0.05,48.67595639654462,0.0502211024269847,0.8846153846153846,0.0467914438502673,50.0,-1.3240436034553795
CART,holdout,0,fixed,TopK_b05,10,0.05,0.1,92.67276840806252,0.0536507610037021,0.8846153846153846,0.0467914438502673,100.0,-7.327231591937476
CART,holdout,0,fixed,TopK_b05,10,0.05,0.15,136.66958041958043,0.0570804195804195,0.8846153846153846,0.0467914438502673,150.0,-13.330419580419573
CART,holdout,0,fixed,TopK_b05,20,0.05,0.02,39.97017688194158,0.0481633072809542,0.8846153846153846,0.0467914438502673,40.0,-0.029823118058416753
CART,holdout,0,fixed,TopK_b05,20,0.05,0.05,92.90672562731386,0.0502211024269847,0.8846153846153846,0.0467914438502673,100.0,-7.093274372686139
CART,holdout,0,fixed,TopK_b05,20,0.05,0.1,181.13430686960095,0.0536507610037021,0.8846153846153846,0.0467914438502673,200.0,-18.865693130399052
CART,holdout,0,fixed,TopK_b05,20,0.05,0.15,269.3618881118881,0.0570804195804195,0.8846153846153846,0.0467914438502673,300.0,-30.638111888111894
CART,holdout,0,fixed,TopK_b05,50,0.05,0.02,93.04709995886464,0.0481633072809542,0.8846153846153846,0.0467914438502673,100.0,-6.952900041135365
CART,holdout,0,fixed,TopK_b05,50,0.05,0.05,225.59903331962155,0.0502211024269847,0.8846153846153846,0.0467914438502673,250.0,-24.400966680378446
CART,holdout,0,fixed,TopK_b05,50,0.05,0.1,446.5189222542164,0.0536507610037021,0.8846153846153846,0.0467914438502673,500.0,-53.48107774578358
CART,holdout,0,fixed,TopK_b05,50,0.05,0.15,667.4388111888112,0.0570804195804195,0.8846153846153846,0.0467914438502673,750.0,-82.5611888111888
CART,holdout,0,fixed,TopK_b10,5,0.1,0.02,16.478815302344707,0.0970958453311394,0.7307692307692307,0.0935828877005347,10.0,6.478815302344707
CART,holdout,0,fixed,TopK_b10,5,0.1,0.05,27.159605100781565,0.1023652817770464,0.7307692307692307,0.0935828877005347,25.0,2.1596051007815653
CART,holdout,0,fixed,TopK_b10,5,0.1,0.1,44.96092143150966,0.1111476758535581,0.7307692307692307,0.0935828877005347,50.0,-5.039078568490339
CART,holdout,0,fixed,TopK_b10,5,0.1,0.15,62.76223776223775,0.1199300699300698,0.7307692307692307,0.0935828877005347,75.0,-12.237762237762247
CART,holdout,0,fixed,TopK_b10,10,0.1,0.02,23.786507610037017,0.0970958453311394,0.7307692307692307,0.0935828877005347,20.0,3.7865076100370167
CART,holdout,0,fixed,TopK_b10,10,0.1,0.05,45.42883587001233,0.1023652817770464,0.7307692307692307,0.0935828877005347,50.0,-4.571164129987672
CART,holdout,0,fixed,TopK_b10,10,0.1,0.1,81.4993829699712,0.1111476758535581,0.7307692307692307,0.0935828877005347,100.0,-18.500617030028806
CART,holdout,0,fixed,TopK_b10,10,0.1,0.15,117.56993006993008,0.1199300699300698,0.7307692307692307,0.0935828877005347,150.0,-32.43006993006992
CART,holdout,0,fixed,TopK_b10,20,0.1,0.02,38.40189222542163,0.0970958453311394,0.7307692307692307,0.0935828877005347,40.0,-1.5981077745783665
CART,holdout,0,fixed,TopK_b10,20,0.1,0.05,81.96729740847387,0.1023652817770464,0.7307692307692307,0.0935828877005347,100.0,-18.03270259152613
CART,holdout,0,fixed,TopK_b10,20,0.1,0.1,154.57630604689427,0.1111476758535581,0.7307692307692307,0.0935828877005347,200.0,-45.423693953105726
CART,holdout,0,fixed,TopK_b10,20,0.1,0.15,227.1853146853147,0.1199300699300698,0.7307692307692307,0.0935828877005347,300.0,-72.8146853146853
CART,holdout,0,fixed,TopK_b10,50,0.1,0.02,82.24804607157547,0.0970958453311394,0.7307692307692307,0.0935828877005347,100.0,-17.751953928424527
CART,holdout,0,fixed,TopK_b10,50,0.1,0.05,191.5826820238585,0.1023652817770464,0.7307692307692307,0.0935828877005347,250.0,-58.417317976141504
CART,holdout,0,fixed,TopK_b10,50,0.1,0.1,373.8070752776635,0.1111476758535581,0.7307692307692307,0.0935828877005347,500.0,-126.1929247223365
CART,holdout,0,fixed,TopK_b10,50,0.1,0.15,556.0314685314685,0.1199300699300698,0.7307692307692307,0.0935828877005347,750.0,-193.96853146853152
CART,holdout,0,fixed,TopK_b20,5,0.2,0.02,26.05141916906622,0.1974372686137391,0.6923076923076923,0.195187165775401,10.0,16.05141916906622
CART,holdout,0,fixed,TopK_b20,5,0.2,0.05,35.850473056355405,0.2008124228712463,0.6923076923076923,0.195187165775401,25.0,10.850473056355405
CART,holdout,0,fixed,TopK_b20,5,0.2,0.1,52.18222953517071,0.2064376799670916,0.6923076923076923,0.195187165775401,50.0,2.1822295351707126
CART,holdout,0,fixed,TopK_b20,5,0.2,0.15,68.513986013986,0.212062937062937,0.6923076923076923,0.195187165775401,75.0,-6.486013986014001
CART,holdout,0,fixed,TopK_b20,10,0.2,0.02,32.97449609214315,0.1974372686137391,0.6923076923076923,0.195187165775401,20.0,12.974496092143148
CART,holdout,0,fixed,TopK_b20,10,0.2,0.05,53.1581653640477,0.2008124228712463,0.6923076923076923,0.195187165775401,50.0,3.158165364047697
CART,holdout,0,fixed,TopK_b20,10,0.2,0.1,86.79761415055532,0.2064376799670916,0.6923076923076923,0.195187165775401,100.0,-13.202385849444681
CART,holdout,0,fixed,TopK_b20,10,0.2,0.15,120.4370629370629,0.212062937062937,0.6923076923076923,0.195187165775401,150.0,-29.562937062937095
CART,holdout,0,fixed,TopK_b20,20,0.2,0.02,46.82064993829699,0.1974372686137391,0.6923076923076923,0.195187165775401,40.0,6.820649938296988
CART,holdout,0,fixed,TopK_b20,20,0.2,0.05,87.77354997943232,0.2008124228712463,0.6923076923076923,0.195187165775401,100.0,-12.226450020567682
CART,holdout,0,fixed,TopK_b20,20,0.2,0.1,156.02838338132457,0.2064376799670916,0.6923076923076923,0.195187165775401,200.0,-43.97161661867543
CART,holdout,0,fixed,TopK_b20,20,0.2,0.15,224.2832167832168,0.212062937062937,0.6923076923076923,0.195187165775401,300.0,-75.7167832167832
CART,holdout,0,fixed,TopK_b20,50,0.2,0.02,88.35911147675853,0.1974372686137391,0.6923076923076923,0.195187165775401,100.0,-11.640888523241472
CART,holdout,0,fixed,TopK_b20,50,0.2,0.05,191.61970382558616,0.2008124228712463,0.6923076923076923,0.195187165775401,250.0,-58.38029617441384
CART,holdout,0,fixed,TopK_b20,50,0.2,0.1,363.7206910736323,0.2064376799670916,0.6923076923076923,0.195187165775401,500.0,-136.27930892636772
CART,holdout,0,fixed,TopK_b20,50,0.2,0.15,535.8216783216784,0.212062937062937,0.6923076923076923,0.195187165775401,750.0,-214.1783216783216
CART,holdout,0,refitted,none,5,,0.02,10.0,0.0,1.0,0.0,10.0,0.0
CART,holdout,0,refitted,none,5,,0.05,25.0,0.0,1.0,0.0,25.0,0.0
CART,holdout,0,refitted,none,5,,0.1,50.0,0.0,1.0,0.0,50.0,0.0
CART,holdout,0,refitted,none,5,,0.15,75.0,0.0,1.0,0.0,75.0,0.0
CART,holdout,0,refitted,none,10,,0.02,20.0,0.0,1.0,0.0,20.0,0.0
CART,holdout,0,refitted,none,10,,0.05,50.0,0.0,1.0,0.0,50.0,0.0
CART,holdout,0,refitted,none,10,,0.1,100.0,0.0,1.0,0.0,100.0,0.0
CART,holdout,0,refitted,none,10,,0.15,150.0,0.0,1.0,0.0,150.0,0.0
CART,holdout,0,refitted,none,20,,0.02,40.0,0.0,1.0,0.0,40.0,0.0
CART,holdout,0,refitted,none,20,,0.05,100.0,0.0,1.0,0.0,100.0,0.0
CART,holdout,0,refitted,none,20,,0.1,200.0,0.0,1.0,0.0,200.0,0.0
CART,holdout,0,refitted,none,20,,0.15,300.0,0.0,1.0,0.0,300.0,0.0
CART,holdout,0,refitted,none,50,,0.02,100.0,0.0,1.0,0.0,100.0,0.0
CART,holdout,0,refitted,none,50,,0.05,250.0,0.0,1.0,0.0,250.0,0.0
CART,holdout,0,refitted,none,50,,0.1,500.0,0.0,1.0,0.0,500.0,0.0
CART,holdout,0,refitted,none,50,,0.15,750.0,0.0,1.0,0.0,750.0,0.0
CART,holdout,0,refitted,A_b01,5,0.01,0.02,10.0,0.0,1.0,0.0,10.0,0.0
CART,holdout,0,refitted,A_b01,5,0.01,0.05,25.0,0.0,1.0,0.0,25.0,0.0
CART,holdout,0,refitted,A_b01,5,0.01,0.1,50.0,0.0,1.0,0.0,50.0,0.0
CART,holdout,0,refitted,A_b01,5,0.01,0.15,75.0,0.0,1.0,0.0,75.0,0.0
CART,holdout,0,refitted,A_b01,10,0.01,0.02,20.0,0.0,1.0,0.0,20.0,0.0
CART,holdout,0,refitted,A_b01,10,0.01,0.05,50.0,0.0,1.0,0.0,50.0,0.0
CART,holdout,0,refitted,A_b01,10,0.01,0.1,100.0,0.0,1.0,0.0,100.0,0.0
CART,holdout,0,refitted,A_b01,10,0.01,0.15,150.0,0.0,1.0,0.0,150.0,0.0
CART,holdout,0,refitted,A_b01,20,0.01,0.02,40.0,0.0,1.0,0.0,40.0,0.0
CART,holdout,0,refitted,A_b01,20,0.01,0.05,100.0,0.0,1.0,0.0,100.0,0.0
CART,holdout,0,refitted,A_b01,20,0.01,0.1,200.0,0.0,1.0,0.0,200.0,0.0
CART,holdout,0,refitted,A_b01,20,0.01,0.15,300.0,0.0,1.0,0.0,300.0,0.0
CART,holdout,0,refitted,A_b01,50,0.01,0.02,100.0,0.0,1.0,0.0,100.0,0.0
CART,holdout,0,refitted,A_b01,50,0.01,0.05,250.0,0.0,1.0,0.0,250.0,0.0
CART,holdout,0,refitted,A_b01,50,0.01,0.1,500.0,0.0,1.0,0.0,500.0,0.0
CART,holdout,0,refitted,A_b01,50,0.01,0.15,750.0,0.0,1.0,0.0,750.0,0.0
CART,holdout,0,refitted,A_b05,5,0.05,0.02,10.008432743726852,0.0046997120526531,0.9615384615384616,0.0040106951871657,10.0,0.008432743726851655
CART,holdout,0,refitted,A_b05,5,0.05,0.05,24.41947758124228,0.0057332373508843,0.9615384615384616,0.0040106951871657,25.0,-0.5805224187577203
CART,holdout,0,refitted,A_b05,5,0.05,0.1,48.43788564376799,0.0074557795146029,0.9615384615384616,0.0040106951871657,50.0,-1.5621143562320086
CART,holdout,0,refitted,A_b05,5,0.05,0.15,72.45629370629369,0.0091783216783216,0.9615384615384616,0.0040106951871657,75.0,-2.5437062937063075
CART,holdout,0,refitted,A_b05,10,0.05,0.02,19.62381735911147,0.0046997120526531,0.9615384615384616,0.0040106951871657,20.0,-0.3761826408885298
CART,holdout,0,refitted,A_b05,10,0.05,0.05,48.457939119703816,0.0057332373508843,0.9615384615384616,0.0040106951871657,50.0,-1.5420608802961837
CART,holdout,0,refitted,A_b05,10,0.05,0.1,96.51480872069106,0.0074557795146029,0.9615384615384616,0.0040106951871657,100.0,-3.4851912793089355
CART,holdout,0,refitted,A_b05,10,0.05,0.15,144.57167832167832,0.0091783216783216,0.9615384615384616,0.0040106951871657,150.0,-5.42832167832168
CART,holdout,0,refitted,A_b05,20,0.05,0.02,38.854586589880704,0.0046997120526531,0.9615384615384616,0.0040106951871657,40.0,-1.1454134101192963
CART,holdout,0,refitted,A_b05,20,0.05,0.05,96.5348621966269,0.0057332373508843,0.9615384615384616,0.0040106951871657,100.0,-3.4651378033730964
CART,holdout,0,refitted,A_b05,20,0.05,0.1,192.6686548745372,0.0074557795146029,0.9615384615384616,0.0040106951871657,200.0,-7.3313451254628035
CART,holdout,0,refitted,A_b05,20,0.05,0.15,288.8024475524476,0.0091783216783216,0.9615384615384616,0.0040106951871657,300.0,-11.197552447552425
CART,holdout,0,refitted,A_b05,50,0.05,0.02,96.5468942821884,0.0046997120526531,0.9615384615384616,0.0040106951871657,100.0,-3.453105717811596
CART,holdout,0,refitted,A_b05,50,0.05,0.05,240.76563142739613,0.0057332373508843,0.9615384615384616,0.0040106951871657,250.0,-9.23436857260387
CART,holdout,0,refitted,A_b05,50,0.05,0.1,481.1301933360757,0.0074557795146029,0.9615384615384616,0.0040106951871657,500.0,-18.869806663924294
CART,holdout,0,refitted,A_b05,50,0.05,0.15,721.4947552447552,0.0091783216783216,0.9615384615384616,0.0040106951871657,750.0,-28.505244755244803
CART,holdout,0,refitted,A_b10,5,0.1,0.02,10.53249691484985,0.0099403537638831,0.9615384615384616,0.0093582887700534,10.0,0.5324969148498493
CART,holdout,0,refitted,A_b10,5,0.1,0.05,24.92749897161661,0.0108134512546276,0.9615384615384616,0.0093582887700534,25.0,-0.0725010283833889
CART,holdout,0,refitted,A_b10,5,0.1,0.1,48.91916906622789,0.0122686137392019,0.9615384615384616,0.0093582887700534,50.0,-1.0808309337721127
CART,holdout,0,refitted,A_b10,5,0.1,0.15,72.91083916083916,0.0137237762237761,0.9615384615384616,0.0093582887700534,75.0,-2.08916083916084
CART,holdout,0,refitted,A_b10,10,0.1,0.02,20.147881530234464,0.0099403537638831,0.9615384615384616,0.0093582887700534,20.0,0.14788153023446426
CART,holdout,0,refitted,A_b10,10,0.1,0.05,48.96596051007815,0.0108134512546276,0.9615384615384616,0.0093582887700534,50.0,-1.0340394899218524
CART,holdout,0,refitted,A_b10,10,0.1,0.1,96.99609214315096,0.0122686137392019,0.9615384615384616,0.0093582887700534,100.0,-3.0039078568490396
CART,holdout,0,refitted,A_b10,10,0.1,0.15,145.02622377622376,0.0137237762237761,0.9615384615384616,0.0093582887700534,150.0,-4.973776223776241
CART,holdout,0,refitted,A_b10,20,0.1,0.02,39.3786507610037,0.0099403537638831,0.9615384615384616,0.0093582887700534,40.0,-0.6213492389963022
CART,holdout,0,refitted,A_b10,20,0.1,0.05,97.04288358700124,0.0108134512546276,0.9615384615384616,0.0093582887700534,100.0,-2.957116412998758
CART,holdout,0,refitted,A_b10,20,0.1,0.1,193.1499382969971,0.0122686137392019,0.9615384615384616,0.0093582887700534,200.0,-6.850061703002893
CART,holdout,0,refitted,A_b10,20,0.1,0.15,289.256993006993,0.0137237762237761,0.9615384615384616,0.0093582887700534,300.0,-10.743006993006986
CART,holdout,0,refitted,A_b10,50,0.1,0.02,97.0709584533114,0.0099403537638831,0.9615384615384616,0.0093582887700534,100.0,-2.9290415466885946
CART,holdout,0,refitted,A_b10,50,0.1,0.05,241.27365281777043,0.0108134512546276,0.9615384615384616,0.0093582887700534,250.0,-8.726347182229574
CART,holdout,0,refitted,A_b10,50,0.1,0.1,481.6114767585356,0.0122686137392019,0.9615384615384616,0.0093582887700534,500.0,-18.388523241464384
CART,holdout,0,refitted,A_b10,50,0.1,0.15,721.9493006993007,0.0137237762237761,0.9615384615384616,0.0093582887700534,750.0,-28.050699300699307
CART,holdout,0,refitted,A_b20,5,0.2,0.02,15.413821472645,0.0772151378033731,0.8076923076923077,0.0748663101604278,10.0,5.413821472644999
CART,holdout,0,refitted,A_b20,5,0.2,0.05,27.30460715754833,0.080738379267791,0.8076923076923077,0.0748663101604278,25.0,2.304607157548329
CART,holdout,0,refitted,A_b20,5,0.2,0.1,47.122583299053886,0.0866104483751542,0.8076923076923077,0.0748663101604278,50.0,-2.877416700946114
CART,holdout,0,refitted,A_b20,5,0.2,0.15,66.94055944055944,0.0924825174825174,0.8076923076923077,0.0748663101604278,75.0,-8.05944055944056
CART,holdout,0,refitted,A_b20,10,0.2,0.02,23.49074454956808,0.0772151378033731,0.8076923076923077,0.0748663101604278,20.0,3.490744549568081
CART,holdout,0,refitted,A_b20,10,0.2,0.05,47.496914849856026,0.080738379267791,0.8076923076923077,0.0748663101604278,50.0,-2.503085150143974
CART,holdout,0,refitted,A_b20,10,0.2,0.1,87.50719868366927,0.0866104483751542,0.8076923076923077,0.0748663101604278,100.0,-12.492801316330727
CART,holdout,0,refitted,A_b20,10,0.2,0.15,127.51748251748252,0.0924825174825174,0.8076923076923077,0.0748663101604278,150.0,-22.48251748251748
CART,holdout,0,refitted,A_b20,20,0.2,0.02,39.64459070341423,0.0772151378033731,0.8076923076923077,0.0748663101604278,40.0,-0.35540929658576914
CART,holdout,0,refitted,A_b20,20,0.2,0.05,87.8815302344714,0.080738379267791,0.8076923076923077,0.0748663101604278,100.0,-12.118469765528602
CART,holdout,0,refitted,A_b20,20,0.2,0.1,168.27642945290003,0.0866104483751542,0.8076923076923077,0.0748663101604278,200.0,-31.723570547099968
CART,holdout,0,refitted,A_b20,20,0.2,0.15,248.6713286713287,0.0924825174825174,0.8076923076923077,0.0748663101604278,300.0,-51.328671328671305
CART,holdout,0,refitted,A_b20,50,0.2,0.02,88.10612916495269,0.0772151378033731,0.8076923076923077,0.0748663101604278,100.0,-11.89387083504731
CART,holdout,0,refitted,A_b20,50,0.2,0.05,209.0353763883176,0.080738379267791,0.8076923076923077,0.0748663101604278,250.0,-40.96462361168241
CART,holdout,0,refitted,A_b20,50,0.2,0.1,410.5841217605923,0.0866104483751542,0.8076923076923077,0.0748663101604278,500.0,-89.41587823940768
CART,holdout,0,refitted,A_b20,50,0.2,0.15,612.1328671328671,0.0924825174825174,0.8076923076923077,0.0748663101604278,750.0,-137.8671328671329
CART,holdout,0,refitted,B_r05,5,,0.02,10.0,0.0,1.0,0.0,10.0,0.0
CART,holdout,0,refitted,B_r05,5,,0.05,25.0,0.0,1.0,0.0,25.0,0.0
CART,holdout,0,refitted,B_r05,5,,0.1,50.0,0.0,1.0,0.0,50.0,0.0
CART,holdout,0,refitted,B_r05,5,,0.15,75.0,0.0,1.0,0.0,75.0,0.0
CART,holdout,0,refitted,B_r10,10,,0.02,20.131016042780747,0.0013101604278074,1.0,0.0013368983957219,20.0,0.13101604278074674
CART,holdout,0,refitted,B_r10,10,,0.05,50.12700534759358,0.0012700534759358,1.0,0.0013368983957219,50.0,0.12700534759358106
CART,holdout,0,refitted,B_r10,10,,0.1,100.12032085561498,0.0012032085561497,1.0,0.0013368983957219,100.0,0.12032085561497752
CART,holdout,0,refitted,B_r10,10,,0.15,150.11363636363637,0.0011363636363636,1.0,0.0013368983957219,150.0,0.11363636363637397
CART,holdout,0,refitted,B_r20,20,,0.02,51.541135335252974,0.3092575071986836,0.5384615384615384,0.3061497326203208,40.0,11.541135335252974
CART,holdout,0,refitted,B_r20,20,,0.05,82.93037844508432,0.3139191690662278,0.5384615384615384,0.3061497326203208,100.0,-17.069621554915685
CART,holdout,0,refitted,B_r20,20,,0.1,135.24578362813656,0.3216886055121349,0.5384615384615384,0.3061497326203208,200.0,-64.75421637186344
CART,holdout,0,refitted,B_r20,20,,0.15,187.56118881118883,0.3294580419580419,0.5384615384615384,0.3061497326203208,300.0,-112.43881118881117
CART,holdout,0,refitted,B_r50,50,,0.02,97.86898395721924,0.9986898395721924,0.0,0.998663101604278,100.0,-2.1310160427807574
CART,holdout,0,refitted,B_r50,50,,0.05,94.8729946524064,0.998729946524064,0.0,0.998663101604278,250.0,-155.12700534759358
CART,holdout,0,refitted,B_r50,50,,0.1,89.87967914438502,0.99879679144385,0.0,0.998663101604278,500.0,-410.120320855615
CART,holdout,0,refitted,B_r50,50,,0.15,84.88636363636363,0.9988636363636364,0.0,0.998663101604278,750.0,-665.1136363636364
CART,holdout,0,refitted,C_b01_r05,5,0.01,0.02,10.0,0.0,1.0,0.0,10.0,0.0
CART,holdout,0,refitted,C_b01_r05,5,0.01,0.05,25.0,0.0,1.0,0.0,25.0,0.0
CART,holdout,0,refitted,C_b01_r05,5,0.01,0.1,50.0,0.0,1.0,0.0,50.0,0.0
CART,holdout,0,refitted,C_b01_r05,5,0.01,0.15,75.0,0.0,1.0,0.0,75.0,0.0
CART,holdout,0,refitted,C_b01_r10,10,0.01,0.02,20.0,0.0,1.0,0.0,20.0,0.0
CART,holdout,0,refitted,C_b01_r10,10,0.01,0.05,50.0,0.0,1.0,0.0,50.0,0.0
CART,holdout,0,refitted,C_b01_r10,10,0.01,0.1,100.0,0.0,1.0,0.0,100.0,0.0
CART,holdout,0,refitted,C_b01_r10,10,0.01,0.15,150.0,0.0,1.0,0.0,150.0,0.0
CART,holdout,0,refitted,C_b01_r20,20,0.01,0.02,40.0,0.0,1.0,0.0,40.0,0.0
CART,holdout,0,refitted,C_b01_r20,20,0.01,0.05,100.0,0.0,1.0,0.0,100.0,0.0
CART,holdout,0,refitted,C_b01_r20,20,0.01,0.1,200.0,0.0,1.0,0.0,200.0,0.0
CART,holdout,0,refitted,C_b01_r20,20,0.01,0.15,300.0,0.0,1.0,0.0,300.0,0.0
CART,holdout,0,refitted,C_b01_r50,50,0.01,0.02,100.0,0.0,1.0,0.0,100.0,0.0
CART,holdout,0,refitted,C_b01_r50,50,0.01,0.05,250.0,0.0,1.0,0.0,250.0,0.0
CART,holdout,0,refitted,C_b01_r50,50,0.01,0.1,500.0,0.0,1.0,0.0,500.0,0.0
CART,holdout,0,refitted,C_b01_r50,50,0.01,0.15,750.0,0.0,1.0,0.0,750.0,0.0
CART,holdout,0,refitted,C_b05_r05,5,0.05,0.02,10.0,0.0,1.0,0.0,10.0,0.0
CART,holdout,0,refitted,C_b05_r05,5,0.05,0.05,25.0,0.0,1.0,0.0,25.0,0.0
CART,holdout,0,refitted,C_b05_r05,5,0.05,0.1,50.0,0.0,1.0,0.0,50.0,0.0
CART,holdout,0,refitted,C_b05_r05,5,0.05,0.15,75.0,0.0,1.0,0.0,75.0,0.0
CART,holdout,0,refitted,C_b05_r10,10,0.05,0.02,20.131016042780747,0.0013101604278074,1.0,0.0013368983957219,20.0,0.13101604278074674
CART,holdout,0,refitted,C_b05_r10,10,0.05,0.05,50.12700534759358,0.0012700534759358,1.0,0.0013368983957219,50.0,0.12700534759358106
CART,holdout,0,refitted,C_b05_r10,10,0.05,0.1,100.12032085561498,0.0012032085561497,1.0,0.0013368983957219,100.0,0.12032085561497752
CART,holdout,0,refitted,C_b05_r10,10,0.05,0.15,150.11363636363637,0.0011363636363636,1.0,0.0013368983957219,150.0,0.11363636363637397
CART,holdout,0,refitted,C_b05_r20,20,0.05,0.02,40.13101604278075,0.0013101604278074,1.0,0.0013368983957219,40.0,0.1310160427807503
CART,holdout,0,refitted,C_b05_r20,20,0.05,0.05,100.12700534759358,0.0012700534759358,1.0,0.0013368983957219,100.0,0.12700534759358106
CART,holdout,0,refitted,C_b05_r20,20,0.05,0.1,200.12032085561492,0.0012032085561497,1.0,0.0013368983957219,200.0,0.12032085561492067
CART,holdout,0,refitted,C_b05_r20,20,0.05,0.15,300.1136363636364,0.0011363636363636,1.0,0.0013368983957219,300.0,0.11363636363637397
CART,holdout,0,refitted,C_b05_r50,50,0.05,0.02,100.13101604278074,0.0013101604278074,1.0,0.0013368983957219,100.0,0.1310160427807432
CART,holdout,0,refitted,C_b05_r50,50,0.05,0.05,250.1270053475936,0.0012700534759358,1.0,0.0013368983957219,250.0,0.12700534759360949
CART,holdout,0,refitted,C_b05_r50,50,0.05,0.1,500.120320855615,0.0012032085561497,1.0,0.0013368983957219,500.0,0.12032085561497752
CART,holdout,0,refitted,C_b05_r50,50,0.05,0.15,750.1136363636364,0.0011363636363636,1.0,0.0013368983957219,750.0,0.11363636363637397
CART,holdout,0,refitted,C_b10_r05,5,0.1,0.02,10.0,0.0,1.0,0.0,10.0,0.0
CART,holdout,0,refitted,C_b10_r05,5,0.1,0.05,25.0,0.0,1.0,0.0,25.0,0.0
CART,holdout,0,refitted,C_b10_r05,5,0.1,0.1,50.0,0.0,1.0,0.0,50.0,0.0
CART,holdout,0,refitted,C_b10_r05,5,0.1,0.15,75.0,0.0,1.0,0.0,75.0,0.0
CART,holdout,0,refitted,C_b10_r10,10,0.1,0.02,20.131016042780747,0.0013101604278074,1.0,0.0013368983957219,20.0,0.13101604278074674
CART,holdout,0,refitted,C_b10_r10,10,0.1,0.05,50.12700534759358,0.0012700534759358,1.0,0.0013368983957219,50.0,0.12700534759358106
CART,holdout,0,refitted,C_b10_r10,10,0.1,0.1,100.12032085561498,0.0012032085561497,1.0,0.0013368983957219,100.0,0.12032085561497752
CART,holdout,0,refitted,C_b10_r10,10,0.1,0.15,150.11363636363637,0.0011363636363636,1.0,0.0013368983957219,150.0,0.11363636363637397
CART,holdout,0,refitted,C_b10_r20,20,0.1,0.02,38.98560263266146,0.0060098724804607,0.9615384615384616,0.0053475935828877,40.0,-1.014397367338539
CART,holdout,0,refitted,C_b10_r20,20,0.1,0.05,96.6618675442205,0.0070032908268202,0.9615384615384616,0.0053475935828877,100.0,-3.338132455779501
CART,holdout,0,refitted,C_b10_r20,20,0.1,0.1,192.7889757301522,0.0086589880707527,0.9615384615384616,0.0053475935828877,200.0,-7.2110242698477975
CART,holdout,0,refitted,C_b10_r20,20,0.1,0.15,288.9160839160839,0.0103146853146853,0.9615384615384616,0.0053475935828877,300.0,-11.083916083916108
CART,holdout,0,refitted,C_b10_r50,50,0.1,0.02,96.67791032496916,0.0060098724804607,0.9615384615384616,0.0053475935828877,100.0,-3.3220896750308384
CART,holdout,0,refitted,C_b10_r50,50,0.1,0.05,240.89263677498968,0.0070032908268202,0.9615384615384616,0.0053475935828877,250.0,-9.107363225010317
CART,holdout,0,refitted,C_b10_r50,50,0.1,0.1,481.2505141916906,0.0086589880707527,0.9615384615384616,0.0053475935828877,500.0,-18.749485808309373
CART,holdout,0,refitted,C_b10_r50,50,0.1,0.15,721.6083916083917,0.0103146853146853,0.9615384615384616,0.0053475935828877,750.0,-28.391608391608315
CART,holdout,0,refitted,C_b20_r05,5,0.2,0.02,10.0,0.0,1.0,0.0,10.0,0.0
CART,holdout,0,refitted,C_b20_r05,5,0.2,0.05,25.0,0.0,1.0,0.0,25.0,0.0
CART,holdout,0,refitted,C_b20_r05,5,0.2,0.1,50.0,0.0,1.0,0.0,50.0,0.0
CART,holdout,0,refitted,C_b20_r05,5,0.2,0.15,75.0,0.0,1.0,0.0,75.0,0.0
CART,holdout,0,refitted,C_b20_r10,10,0.2,0.02,20.131016042780747,0.0013101604278074,1.0,0.0013368983957219,20.0,0.13101604278074674
CART,holdout,0,refitted,C_b20_r10,10,0.2,0.05,50.12700534759358,0.0012700534759358,1.0,0.0013368983957219,50.0,0.12700534759358106
CART,holdout,0,refitted,C_b20_r10,10,0.2,0.1,100.12032085561498,0.0012032085561497,1.0,0.0013368983957219,100.0,0.12032085561497752
CART,holdout,0,refitted,C_b20_r10,10,0.2,0.15,150.11363636363637,0.0011363636363636,1.0,0.0013368983957219,150.0,0.11363636363637397
CART,holdout,0,refitted,C_b20_r20,20,0.2,0.02,38.98951048951048,0.0706643356643355,0.8076923076923077,0.0681818181818181,40.0,-1.0104895104895206
CART,holdout,0,refitted,C_b20_r20,20,0.2,0.05,87.2465034965035,0.0743881118881118,0.8076923076923077,0.0681818181818181,100.0,-12.753496503496507
CART,holdout,0,refitted,C_b20_r20,20,0.2,0.1,167.67482517482517,0.0805944055944055,0.8076923076923077,0.0681818181818181,200.0,-32.32517482517483
CART,holdout,0,refitted,C_b20_r20,20,0.2,0.15,248.10314685314688,0.0868006993006992,0.8076923076923077,0.0681818181818181,300.0,-51.89685314685312
CART,holdout,0,refitted,C_b20_r50,50,0.2,0.02,87.45104895104895,0.0706643356643355,0.8076923076923077,0.0681818181818181,100.0,-12.548951048951054
CART,holdout,0,refitted,C_b20_r50,50,0.2,0.05,208.40034965034965,0.0743881118881118,0.8076923076923077,0.0681818181818181,250.0,-41.59965034965035
CART,holdout,0,refitted,C_b20_r50,50,0.2,0.1,409.9825174825175,0.0805944055944055,0.8076923076923077,0.0681818181818181,500.0,-90.0174825174825
CART,holdout,0,refitted,C_b20_r50,50,0.2,0.15,611.5646853146852,0.0868006993006992,0.8076923076923077,0.0681818181818181,750.0,-138.43531468531478
CART,holdout,0,refitted,TopK_b01,5,0.01,0.02,10.401480872069104,0.0086301933360756,0.9615384615384616,0.0080213903743315,10.0,0.4014808720691043
CART,holdout,0,refitted,TopK_b01,5,0.01,0.05,24.80049362402303,0.0095433977786918,0.9615384615384616,0.0080213903743315,25.0,-0.19950637597696996
CART,holdout,0,refitted,TopK_b01,5,0.01,0.1,48.79884821061291,0.0110654051830521,0.9615384615384616,0.0080213903743315,50.0,-1.2011517893870902
CART,holdout,0,refitted,TopK_b01,5,0.01,0.15,72.79720279720279,0.0125874125874125,0.9615384615384616,0.0080213903743315,75.0,-2.202797202797214
CART,holdout,0,refitted,TopK_b01,10,0.01,0.02,20.01686548745372,0.0086301933360756,0.9615384615384616,0.0080213903743315,20.0,0.016865487453721073
CART,holdout,0,refitted,TopK_b01,10,0.01,0.05,48.838955162484574,0.0095433977786918,0.9615384615384616,0.0080213903743315,50.0,-1.1610448375154263
CART,holdout,0,refitted,TopK_b01,10,0.01,0.1,96.875771287536,0.0110654051830521,0.9615384615384616,0.0080213903743315,100.0,-3.124228712464003
CART,holdout,0,refitted,TopK_b01,10,0.01,0.15,144.9125874125874,0.0125874125874125,0.9615384615384616,0.0080213903743315,150.0,-5.087412587412587
CART,holdout,0,refitted,TopK_b01,20,0.01,0.02,39.24763471822296,0.0086301933360756,0.9615384615384616,0.0080213903743315,40.0,-0.7523652817770383
CART,holdout,0,refitted,TopK_b01,20,0.01,0.05,96.91587823940765,0.0095433977786918,0.9615384615384616,0.0080213903743315,100.0,-3.084121760592353
CART,holdout,0,refitted,TopK_b01,20,0.01,0.1,193.02961744138213,0.0110654051830521,0.9615384615384616,0.0080213903743315,200.0,-6.970382558617871
CART,holdout,0,refitted,TopK_b01,20,0.01,0.15,289.14335664335664,0.0125874125874125,0.9615384615384616,0.0080213903743315,300.0,-10.85664335664336
CART,holdout,0,refitted,TopK_b01,50,0.01,0.02,96.93994241053063,0.0086301933360756,0.9615384615384616,0.0080213903743315,100.0,-3.0600575894693662
CART,holdout,0,refitted,TopK_b01,50,0.01,0.05,241.14664747017684,0.0095433977786918,0.9615384615384616,0.0080213903743315,250.0,-8.853352529823155
CART,holdout,0,refitted,TopK_b01,50,0.01,0.1,481.4911559029206,0.0110654051830521,0.9615384615384616,0.0080213903743315,500.0,-18.508844097079418
CART,holdout,0,refitted,TopK_b01,50,0.01,0.15,721.8356643356643,0.0125874125874125,0.9615384615384616,0.0080213903743315,750.0,-28.16433566433568
CART,holdout,0,refitted,TopK_b05,5,0.05,0.02,12.916083916083911,0.0476223776223775,0.8461538461538461,0.0454545454545454,10.0,2.9160839160839114
CART,holdout,0,refitted,TopK_b05,5,0.05,0.05,25.472027972027966,0.0508741258741258,0.8461538461538461,0.0454545454545454,25.0,0.4720279720279663
CART,holdout,0,refitted,TopK_b05,5,0.05,0.1,46.39860139860139,0.0562937062937062,0.8461538461538461,0.0454545454545454,50.0,-3.601398601398607
CART,holdout,0,refitted,TopK_b05,5,0.05,0.15,67.32517482517481,0.0617132867132866,0.8461538461538461,0.0454545454545454,75.0,-7.6748251748251874
CART,holdout,0,refitted,TopK_b05,10,0.05,0.02,21.377622377622373,0.0476223776223775,0.8461538461538461,0.0454545454545454,20.0,1.377622377622373
CART,holdout,0,refitted,TopK_b05,10,0.05,0.05,46.62587412587412,0.0508741258741258,0.8461538461538461,0.0454545454545454,50.0,-3.3741258741258804
CART,holdout,0,refitted,TopK_b05,10,0.05,0.1,88.7062937062937,0.0562937062937062,0.8461538461538461,0.0454545454545454,100.0,-11.293706293706293
CART,holdout,0,refitted,TopK_b05,10,0.05,0.15,130.78671328671328,0.0617132867132866,0.8461538461538461,0.0454545454545454,150.0,-19.21328671328672
CART,holdout,0,refitted,TopK_b05,20,0.05,0.02,38.3006993006993,0.0476223776223775,0.8461538461538461,0.0454545454545454,40.0,-1.6993006993007
CART,holdout,0,refitted,TopK_b05,20,0.05,0.05,88.93356643356643,0.0508741258741258,0.8461538461538461,0.0454545454545454,100.0,-11.066433566433574
CART,holdout,0,refitted,TopK_b05,20,0.05,0.1,173.32167832167832,0.0562937062937062,0.8461538461538461,0.0454545454545454,200.0,-26.67832167832168
CART,holdout,0,refitted,TopK_b05,20,0.05,0.15,257.7097902097902,0.0617132867132866,0.8461538461538461,0.0454545454545454,300.0,-42.290209790209815
CART,holdout,0,refitted,TopK_b05,50,0.05,0.02,89.06993006993005,0.0476223776223775,0.8461538461538461,0.0454545454545454,100.0,-10.930069930069948
CART,holdout,0,refitted,TopK_b05,50,0.05,0.05,215.85664335664333,0.0508741258741258,0.8461538461538461,0.0454545454545454,250.0,-34.14335664335667
CART,holdout,0,refitted,TopK_b05,50,0.05,0.1,427.16783216783216,0.0562937062937062,0.8461538461538461,0.0454545454545454,500.0,-72.83216783216784
CART,holdout,0,refitted,TopK_b05,50,0.05,0.15,638.479020979021,0.0617132867132866,0.8461538461538461,0.0454545454545454,750.0,-111.52097902097898
CART,holdout,0,refitted,TopK_b10,5,0.1,0.02,16.478815302344707,0.0970958453311394,0.7307692307692307,0.0935828877005347,10.0,6.478815302344707
CART,holdout,0,refitted,TopK_b10,5,0.1,0.05,27.159605100781565,0.1023652817770464,0.7307692307692307,0.0935828877005347,25.0,2.1596051007815653
CART,holdout,0,refitted,TopK_b10,5,0.1,0.1,44.96092143150966,0.1111476758535581,0.7307692307692307,0.0935828877005347,50.0,-5.039078568490339
CART,holdout,0,refitted,TopK_b10,5,0.1,0.15,62.76223776223775,0.1199300699300698,0.7307692307692307,0.0935828877005347,75.0,-12.237762237762247
CART,holdout,0,refitted,TopK_b10,10,0.1,0.02,23.786507610037017,0.0970958453311394,0.7307692307692307,0.0935828877005347,20.0,3.7865076100370167
CART,holdout,0,refitted,TopK_b10,10,0.1,0.05,45.42883587001233,0.1023652817770464,0.7307692307692307,0.0935828877005347,50.0,-4.571164129987672
CART,holdout,0,refitted,TopK_b10,10,0.1,0.1,81.4993829699712,0.1111476758535581,0.7307692307692307,0.0935828877005347,100.0,-18.500617030028806
CART,holdout,0,refitted,TopK_b10,10,0.1,0.15,117.56993006993008,0.1199300699300698,0.7307692307692307,0.0935828877005347,150.0,-32.43006993006992
CART,holdout,0,refitted,TopK_b10,20,0.1,0.02,38.40189222542163,0.0970958453311394,0.7307692307692307,0.0935828877005347,40.0,-1.5981077745783665
CART,holdout,0,refitted,TopK_b10,20,0.1,0.05,81.96729740847387,0.1023652817770464,0.7307692307692307,0.0935828877005347,100.0,-18.03270259152613
CART,holdout,0,refitted,TopK_b10,20,0.1,0.1,154.57630604689427,0.1111476758535581,0.7307692307692307,0.0935828877005347,200.0,-45.423693953105726
CART,holdout,0,refitted,TopK_b10,20,0.1,0.15,227.1853146853147,0.1199300699300698,0.7307692307692307,0.0935828877005347,300.0,-72.8146853146853
CART,holdout,0,refitted,TopK_b10,50,0.1,0.02,82.24804607157547,0.0970958453311394,0.7307692307692307,0.0935828877005347,100.0,-17.751953928424527
CART,holdout,0,refitted,TopK_b10,50,0.1,0.05,191.5826820238585,0.1023652817770464,0.7307692307692307,0.0935828877005347,250.0,-58.417317976141504
CART,holdout,0,refitted,TopK_b10,50,0.1,0.1,373.8070752776635,0.1111476758535581,0.7307692307692307,0.0935828877005347,500.0,-126.1929247223365
CART,holdout,0,refitted,TopK_b10,50,0.1,0.15,556.0314685314685,0.1199300699300698,0.7307692307692307,0.0935828877005347,750.0,-193.96853146853152
CART,holdout,0,refitted,TopK_b20,5,0.2,0.02,25.53578774167009,0.1968963389551624,0.6538461538461539,0.1938502673796791,10.0,15.535787741670092
CART,holdout,0,refitted,TopK_b20,5,0.2,0.05,34.76192924722336,0.2014654463183874,0.6538461538461539,0.1938502673796791,25.0,9.761929247223357
CART,holdout,0,refitted,TopK_b20,5,0.2,0.1,50.13883175647881,0.2090806252570958,0.6538461538461539,0.1938502673796791,50.0,0.1388317564788082
CART,holdout,0,refitted,TopK_b20,5,0.2,0.15,65.51573426573427,0.2166958041958041,0.6538461538461539,0.1938502673796791,75.0,-9.484265734265733
CART,holdout,0,refitted,TopK_b20,10,0.2,0.02,32.074249280131625,0.1968963389551624,0.6538461538461539,0.1938502673796791,20.0,12.074249280131625
CART,holdout,0,refitted,TopK_b20,10,0.2,0.05,51.1080830933772,0.2014654463183874,0.6538461538461539,0.1938502673796791,50.0,1.1080830933772035
CART,holdout,0,refitted,TopK_b20,10,0.2,0.1,82.8311394487865,0.2090806252570958,0.6538461538461539,0.1938502673796791,100.0,-17.1688605512135
CART,holdout,0,refitted,TopK_b20,10,0.2,0.15,114.5541958041958,0.2166958041958041,0.6538461538461539,0.1938502673796791,150.0,-35.4458041958042
CART,holdout,0,refitted,TopK_b20,20,0.2,0.02,45.15117235705471,0.1968963389551624,0.6538461538461539,0.1938502673796791,40.0,5.151172357054712
CART,holdout,0,refitted,TopK_b20,20,0.2,0.05,83.8003907856849,0.2014654463183874,0.6538461538461539,0.1938502673796791,100.0,-16.199609214315103
CART,holdout,0,refitted,TopK_b20,20,0.2,0.1,148.2157548334019,0.2090806252570958,0.6538461538461539,0.1938502673796791,200.0,-51.78424516659811
CART,holdout,0,refitted,TopK_b20,20,0.2,0.15,212.63111888111888,0.2166958041958041,0.6538461538461539,0.1938502673796791,300.0,-87.36888111888112
CART,holdout,0,refitted,TopK_b20,50,0.2,0.02,84.38194158782395,0.1968963389551624,0.6538461538461539,0.1938502673796791,100.0,-15.618058412176055
CART,holdout,0,refitted,TopK_b20,50,0.2,0.05,181.877313862608,0.2014654463183874,0.6538461538461539,0.1938502673796791,250.0,-68.12268613739201
CART,holdout,0,refitted,TopK_b20,50,0.2,0.1,344.369600987248,0.2090806252570958,0.6538461538461539,0.1938502673796791,500.0,-155.63039901275198
CART,holdout,0,refitted,TopK_b20,50,0.2,0.15,506.86188811188816,0.2166958041958041,0.6538461538461539,0.1938502673796791,750.0,-243.13811188811184
XGBoost,time,-1,fixed,none,5,,0.02,10.0,0.0,1.0,0.0,10.0,0.0
XGBoost,time,-1,fixed,none,5,,0.05,25.0,0.0,1.0,0.0,25.0,0.0
XGBoost,time,-1,fixed,none,5,,0.1,50.0,0.0,1.0,0.0,50.0,0.0
XGBoost,time,-1,fixed,none,5,,0.15,75.0,0.0,1.0,0.0,75.0,0.0
XGBoost,time,-1,fixed,none,10,,0.02,20.0,0.0,1.0,0.0,20.0,0.0
XGBoost,time,-1,fixed,none,10,,0.05,50.0,0.0,1.0,0.0,50.0,0.0
XGBoost,time,-1,fixed,none,10,,0.1,100.0,0.0,1.0,0.0,100.0,0.0
XGBoost,time,-1,fixed,none,10,,0.15,150.0,0.0,1.0,0.0,150.0,0.0
XGBoost,time,-1,fixed,none,20,,0.02,40.0,0.0,1.0,0.0,40.0,0.0
XGBoost,time,-1,fixed,none,20,,0.05,100.0,0.0,1.0,0.0,100.0,0.0
XGBoost,time,-1,fixed,none,20,,0.1,200.0,0.0,1.0,0.0,200.0,0.0
XGBoost,time,-1,fixed,none,20,,0.15,300.0,0.0,1.0,0.0,300.0,0.0
XGBoost,time,-1,fixed,none,50,,0.02,100.0,0.0,1.0,0.0,100.0,0.0
XGBoost,time,-1,fixed,none,50,,0.05,250.0,0.0,1.0,0.0,250.0,0.0
XGBoost,time,-1,fixed,none,50,,0.1,500.0,0.0,1.0,0.0,500.0,0.0
XGBoost,time,-1,fixed,none,50,,0.15,750.0,0.0,1.0,0.0,750.0,0.0
XGBoost,time,-1,fixed,A_b01,5,0.01,0.02,12.92759493670886,0.0292759493670886,1.0,0.0298734177215189,10.0,2.9275949367088607
XGBoost,time,-1,fixed,A_b01,5,0.01,0.05,27.837974683544303,0.028379746835443,1.0,0.0298734177215189,25.0,2.837974683544303
XGBoost,time,-1,fixed,A_b01,5,0.01,0.1,52.68860759493671,0.026886075949367,1.0,0.0298734177215189,50.0,2.6886075949367125
XGBoost,time,-1,fixed,A_b01,5,0.01,0.15,77.53924050632911,0.0253924050632911,1.0,0.0298734177215189,75.0,2.539240506329108
XGBoost,time,-1,fixed,A_b01,10,0.01,0.02,22.92759493670886,0.0292759493670886,1.0,0.0298734177215189,20.0,2.9275949367088607
XGBoost,time,-1,fixed,A_b01,10,0.01,0.05,52.83797468354431,0.028379746835443,1.0,0.0298734177215189,50.0,2.83797468354431
XGBoost,time,-1,fixed,A_b01,10,0.01,0.1,102.6886075949367,0.026886075949367,1.0,0.0298734177215189,100.0,2.6886075949366983
XGBoost,time,-1,fixed,A_b01,10,0.01,0.15,152.53924050632912,0.0253924050632911,1.0,0.0298734177215189,150.0,2.539240506329122
XGBoost,time,-1,fixed,A_b01,20,0.01,0.02,42.927594936708864,0.0292759493670886,1.0,0.0298734177215189,40.0,2.9275949367088643
XGBoost,time,-1,fixed,A_b01,20,0.01,0.05,102.8379746835443,0.028379746835443,1.0,0.0298734177215189,100.0,2.837974683544303
XGBoost,time,-1,fixed,A_b01,20,0.01,0.1,202.68860759493668,0.026886075949367,1.0,0.0298734177215189,200.0,2.688607594936684
XGBoost,time,-1,fixed,A_b01,20,0.01,0.15,302.5392405063291,0.0253924050632911,1.0,0.0298734177215189,300.0,2.539240506329122
XGBoost,time,-1,fixed,A_b01,50,0.01,0.02,102.92759493670889,0.0292759493670886,1.0,0.0298734177215189,100.0,2.9275949367088856
XGBoost,time,-1,fixed,A_b01,50,0.01,0.05,252.8379746835443,0.028379746835443,1.0,0.0298734177215189,250.0,2.837974683544303
XGBoost,time,-1,fixed,A_b01,50,0.01,0.1,502.6886075949367,0.026886075949367,1.0,0.0298734177215189,500.0,2.688607594936684
XGBoost,time,-1,fixed,A_b01,50,0.01,0.15,752.5392405063292,0.0253924050632911,1.0,0.0298734177215189,750.0,2.539240506329179
XGBoost,time,-1,fixed,A_b05,5,0.05,0.02,16.76765247410817,0.0799492520138089,0.8977272727272727,0.0794936708860759,10.0,6.767652474108171
XGBoost,time,-1,fixed,A_b05,5,0.05,0.05,29.99508055235903,0.0806326237054085,0.8977272727272727,0.0794936708860759,25.0,4.995080552359031
XGBoost,time,-1,fixed,A_b05,5,0.05,0.1,52.04079401611047,0.0817715765247411,0.8977272727272727,0.0794936708860759,50.0,2.0407940161104676
XGBoost,time,-1,fixed,A_b05,5,0.05,0.15,74.08650747986192,0.0829105293440736,0.8977272727272727,0.0794936708860759,75.0,-0.9134925201380781
XGBoost,time,-1,fixed,A_b05,10,0.05,0.02,25.744925201380894,0.0799492520138089,0.8977272727272727,0.0794936708860759,20.0,5.7449252013808945
XGBoost,time,-1,fixed,A_b05,10,0.05,0.05,52.438262370540855,0.0806326237054085,0.8977272727272727,0.0794936708860759,50.0,2.438262370540855
XGBoost,time,-1,fixed,A_b05,10,0.05,0.1,96.92715765247412,0.0817715765247411,0.8977272727272727,0.0794936708860759,100.0,-3.072842347525878
XGBoost,time,-1,fixed,A_b05,10,0.05,0.15,141.4160529344074,0.0829105293440736,0.8977272727272727,0.0794936708860759,150.0,-8.58394706559261
XGBoost,time,-1,fixed,A_b05,20,0.05,0.02,43.69947065592636,0.0799492520138089,0.8977272727272727,0.0794936708860759,40.0,3.699470655926362
XGBoost,time,-1,fixed,A_b05,20,0.05,0.05,97.32462600690448,0.0806326237054085,0.8977272727272727,0.0794936708860759,100.0,-2.675373993095519
XGBoost,time,-1,fixed,A_b05,20,0.05,0.1,186.6998849252014,0.0817715765247411,0.8977272727272727,0.0794936708860759,200.0,-13.300115074798612
XGBoost,time,-1,fixed,A_b05,20,0.05,0.15,276.07514384349827,0.0829105293440736,0.8977272727272727,0.0794936708860759,300.0,-23.924856156501733
XGBoost,time,-1,fixed,A_b05,50,0.05,0.02,97.56310701956272,0.0799492520138089,0.8977272727272727,0.0794936708860759,100.0,-2.4368929804372783
XGBoost,time,-1,fixed,A_b05,50,0.05,0.05,231.9837169159954,0.0806326237054085,0.8977272727272727,0.0794936708860759,250.0,-18.016283084004613
XGBoost,time,-1,fixed,A_b05,50,0.05,0.1,456.0180667433832,0.0817715765247411,0.8977272727272727,0.0794936708860759,500.0,-43.9819332566168
XGBoost,time,-1,fixed,A_b05,50,0.05,0.15,680.0524165707709,0.0829105293440736,0.8977272727272727,0.0794936708860759,750.0,-69.9475834292291
XGBoost,time,-1,fixed,A_b10,5,0.1,0.02,20.02023014959724,0.1192932105868814,0.8409090909090909,0.1184810126582278,10.0,10.02023014959724
XGBoost,time,-1,fixed,A_b10,5,0.1,0.05,32.27842347525892,0.1205115074798618,0.8409090909090909,0.1184810126582278,25.0,7.2784234752589185
XGBoost,time,-1,fixed,A_b10,5,0.1,0.1,52.70874568469506,0.1225420023014959,0.8409090909090909,0.1184810126582278,50.0,2.70874568469506
XGBoost,time,-1,fixed,A_b10,5,0.1,0.15,73.13906789413119,0.12457249712313,0.8409090909090909,0.1184810126582278,75.0,-1.8609321058688124
XGBoost,time,-1,fixed,A_b10,10,0.1,0.02,28.42932105868815,0.1192932105868814,0.8409090909090909,0.1184810126582278,20.0,8.42932105868815
XGBoost,time,-1,fixed,A_b10,10,0.1,0.05,53.30115074798619,0.1205115074798618,0.8409090909090909,0.1184810126582278,50.0,3.301150747986192
XGBoost,time,-1,fixed,A_b10,10,0.1,0.1,94.7542002301496,0.1225420023014959,0.8409090909090909,0.1184810126582278,100.0,-5.245799769850393
XGBoost,time,-1,fixed,A_b10,10,0.1,0.15,136.20724971231303,0.12457249712313,0.8409090909090909,0.1184810126582278,150.0,-13.792750287686971
XGBoost,time,-1,fixed,A_b10,20,0.1,0.02,45.24750287686997,0.1192932105868814,0.8409090909090909,0.1184810126582278,40.0,5.247502876869973
XGBoost,time,-1,fixed,A_b10,20,0.1,0.05,95.34660529344072,0.1205115074798618,0.8409090909090909,0.1184810126582278,100.0,-4.653394706559283
XGBoost,time,-1,fixed,A_b10,20,0.1,0.1,178.84510932105871,0.1225420023014959,0.8409090909090909,0.1184810126582278,200.0,-21.154890678941285
XGBoost,time,-1,fixed,A_b10,20,0.1,0.15,262.3436133486766,0.12457249712313,0.8409090909090909,0.1184810126582278,300.0,-37.65638665132337
XGBoost,time,-1,fixed,A_b10,50,0.1,0.02,95.70204833141544,0.1192932105868814,0.8409090909090909,0.1184810126582278,100.0,-4.29795166858456
XGBoost,time,-1,fixed,A_b10,50,0.1,0.05,221.4829689298044,0.1205115074798618,0.8409090909090909,0.1184810126582278,250.0,-28.5170310701956
XGBoost,time,-1,fixed,A_b10,50,0.1,0.1,431.117836593786,0.1225420023014959,0.8409090909090909,0.1184810126582278,500.0,-68.88216340621398
XGBoost,time,-1,fixed,A_b10,50,0.1,0.15,640.7527042577675,0.12457249712313,0.8409090909090909,0.1184810126582278,750.0,-109.2472957422325
XGBoost,time,-1,fixed,A_b20,5,0.2,0.02,33.55706559263522,0.2696615650172612,0.7159090909090909,0.2693670886075949,10.0,23.55706559263522
XGBoost,time,-1,fixed,A_b20,5,0.2,0.05,43.4876006904488,0.2701032796317607,0.7159090909090909,0.2693670886075949,25.0,18.4876006904488
XGBoost,time,-1,fixed,A_b20,5,0.2,0.1,60.038492520138085,0.2708394706559263,0.7159090909090909,0.2693670886075949,50.0,10.038492520138085
XGBoost,time,-1,fixed,A_b20,5,0.2,0.15,76.5893843498274,0.271575661680092,0.7159090909090909,0.2693670886075949,75.0,1.589384349827398
XGBoost,time,-1,fixed,A_b20,10,0.2,0.02,40.716156501726125,0.2696615650172612,0.7159090909090909,0.2693670886075949,20.0,20.716156501726125
XGBoost,time,-1,fixed,A_b20,10,0.2,0.05,61.38532796317606,0.2701032796317607,0.7159090909090909,0.2693670886075949,50.0,11.38532796317606
XGBoost,time,-1,fixed,A_b20,10,0.2,0.1,95.83394706559264,0.2708394706559263,0.7159090909090909,0.2693670886075949,100.0,-4.166052934407361
XGBoost,time,-1,fixed,A_b20,10,0.2,0.15,130.28256616800925,0.271575661680092,0.7159090909090909,0.2693670886075949,150.0,-19.717433831990746
XGBoost,time,-1,fixed,A_b20,20,0.2,0.02,55.03433831990794,0.2696615650172612,0.7159090909090909,0.2693670886075949,40.0,15.034338319907938
XGBoost,time,-1,fixed,A_b20,20,0.2,0.05,97.1807825086306,0.2701032796317607,0.7159090909090909,0.2693670886075949,100.0,-2.8192174913694004
XGBoost,time,-1,fixed,A_b20,20,0.2,0.1,167.42485615650173,0.2708394706559263,0.7159090909090909,0.2693670886075949,200.0,-32.57514384349827
XGBoost,time,-1,fixed,A_b20,20,0.2,0.15,237.66892980437285,0.271575661680092,0.7159090909090909,0.2693670886075949,300.0,-62.33107019562715
XGBoost,time,-1,fixed,A_b20,50,0.2,0.02,97.9888837744534,0.2696615650172612,0.7159090909090909,0.2693670886075949,100.0,-2.0111162255466013
XGBoost,time,-1,fixed,A_b20,50,0.2,0.05,204.56714614499427,0.2701032796317607,0.7159090909090909,0.2693670886075949,250.0,-45.43285385500573
XGBoost,time,-1,fixed,A_b20,50,0.2,0.1,382.197583429229,0.2708394706559263,0.7159090909090909,0.2693670886075949,500.0,-117.80241657077102
XGBoost,time,-1,fixed,A_b20,50,0.2,0.15,559.8280207134637,0.271575661680092,0.7159090909090909,0.2693670886075949,750.0,-190.17197928653627
XGBoost,time,-1,fixed,B_r05,5,,0.02,12.599551208285389,0.0382682393555811,0.8977272727272727,0.0369620253164557,10.0,2.599551208285389
XGBoost,time,-1,fixed,B_r05,5,,0.05,25.954574223245107,0.0402275604142692,0.8977272727272727,0.0369620253164557,25.0,0.9545742232451069
XGBoost,time,-1,fixed,B_r05,5,,0.1,48.212945914844646,0.0434930955120828,0.8977272727272727,0.0369620253164557,50.0,-1.7870540851553542
XGBoost,time,-1,fixed,B_r05,5,,0.15,70.47131760644419,0.0467586306098964,0.8977272727272727,0.0369620253164557,75.0,-4.528682393555812
XGBoost,time,-1,fixed,B_r10,10,,0.02,30.85153049482164,0.1960153049482163,0.6022727272727273,0.1918987341772152,20.0,10.851530494821638
XGBoost,time,-1,fixed,B_r10,10,,0.05,48.34401611047181,0.202190161104718,0.6022727272727273,0.1918987341772152,50.0,-1.655983889528187
XGBoost,time,-1,fixed,B_r10,10,,0.1,77.4981588032221,0.2124815880322209,0.6022727272727273,0.1918987341772152,100.0,-22.501841196777903
XGBoost,time,-1,fixed,B_r10,10,,0.15,106.65230149597238,0.2227730149597238,0.6022727272727273,0.1918987341772152,150.0,-43.34769850402762
XGBoost,time,-1,fixed,B_r20,20,,0.02,52.38609896432681,0.3434064441887226,0.4772727272727273,0.3397468354430379,40.0,12.386098964326813
XGBoost,time,-1,fixed,B_r20,20,,0.05,80.00322209436133,0.3488958573072497,0.4772727272727273,0.3397468354430379,100.0,-19.996777905638666
XGBoost,time,-1,fixed,B_r20,20,,0.1,126.03176064441888,0.3580448791714614,0.4772727272727273,0.3397468354430379,200.0,-73.96823935558112
XGBoost,time,-1,fixed,B_r20,20,,0.15,172.0602991944764,0.3671939010356732,0.4772727272727273,0.3397468354430379,300.0,-127.93970080552359
XGBoost,time,-1,fixed,B_r50,50,,0.02,78.13348676639815,0.5231530494821633,0.2727272727272727,0.5189873417721519,100.0,-21.86651323360185
XGBoost,time,-1,fixed,B_r50,50,,0.05,117.4856156501726,0.5294016110471806,0.2727272727272727,0.5189873417721519,250.0,-132.5143843498274
XGBoost,time,-1,fixed,B_r50,50,,0.1,183.07249712313003,0.5398158803222094,0.2727272727272727,0.5189873417721519,500.0,-316.92750287687
XGBoost,time,-1,fixed,B_r50,50,,0.15,248.65937859608744,0.5502301495972381,0.2727272727272727,0.5189873417721519,750.0,-501.34062140391256
XGBoost,time,-1,fixed,C_b01_r05,5,0.01,0.02,10.0,0.0,1.0,0.0,10.0,0.0
XGBoost,time,-1,fixed,C_b01_r05,5,0.01,0.05,25.0,0.0,1.0,0.0,25.0,0.0
XGBoost,time,-1,fixed,C_b01_r05,5,0.01,0.1,50.0,0.0,1.0,0.0,50.0,0.0
XGBoost,time,-1,fixed,C_b01_r05,5,0.01,0.15,75.0,0.0,1.0,0.0,75.0,0.0
XGBoost,time,-1,fixed,C_b01_r10,10,0.01,0.02,20.0,0.0,1.0,0.0,20.0,0.0
XGBoost,time,-1,fixed,C_b01_r10,10,0.01,0.05,50.0,0.0,1.0,0.0,50.0,0.0
XGBoost,time,-1,fixed,C_b01_r10,10,0.01,0.1,100.0,0.0,1.0,0.0,100.0,0.0
XGBoost,time,-1,fixed,C_b01_r10,10,0.01,0.15,150.0,0.0,1.0,0.0,150.0,0.0
XGBoost,time,-1,fixed,C_b01_r20,20,0.01,0.02,40.0,0.0,1.0,0.0,40.0,0.0
XGBoost,time,-1,fixed,C_b01_r20,20,0.01,0.05,100.0,0.0,1.0,0.0,100.0,0.0
XGBoost,time,-1,fixed,C_b01_r20,20,0.01,0.1,200.0,0.0,1.0,0.0,200.0,0.0
XGBoost,time,-1,fixed,C_b01_r20,20,0.01,0.15,300.0,0.0,1.0,0.0,300.0,0.0
XGBoost,time,-1,fixed,C_b01_r50,50,0.01,0.02,100.0,0.0,1.0,0.0,100.0,0.0
XGBoost,time,-1,fixed,C_b01_r50,50,0.01,0.05,250.0,0.0,1.0,0.0,250.0,0.0
XGBoost,time,-1,fixed,C_b01_r50,50,0.01,0.1,500.0,0.0,1.0,0.0,500.0,0.0
XGBoost,time,-1,fixed,C_b01_r50,50,0.01,0.15,750.0,0.0,1.0,0.0,750.0,0.0
XGBoost,time,-1,fixed,C_b05_r05,5,0.05,0.02,11.077249712313003,0.0121361334867663,0.9886363636363636,0.0121518987341772,10.0,1.0772497123130034
XGBoost,time,-1,fixed,C_b05_r05,5,0.05,0.05,25.870339470655928,0.0121124856156501,0.9886363636363636,0.0121518987341772,25.0,0.870339470655928
XGBoost,time,-1,fixed,C_b05_r05,5,0.05,0.1,50.525489067894135,0.0120730724971231,0.9886363636363636,0.0121518987341772,50.0,0.5254890678941351
XGBoost,time,-1,fixed,C_b05_r05,5,0.05,0.15,75.18063866513234,0.012033659378596,0.9886363636363636,0.0121518987341772,75.0,0.18063866513233506
XGBoost,time,-1,fixed,C_b05_r10,10,0.05,0.02,20.96361334867664,0.0121361334867663,0.9886363636363636,0.0121518987341772,20.0,0.9636133486766383
XGBoost,time,-1,fixed,C_b05_r10,10,0.05,0.05,50.58624856156501,0.0121124856156501,0.9886363636363636,0.0121518987341772,50.0,0.5862485615650073
XGBoost,time,-1,fixed,C_b05_r10,10,0.05,0.1,99.95730724971231,0.0120730724971231,0.9886363636363636,0.0121518987341772,100.0,-0.042692750287685044
XGBoost,time,-1,fixed,C_b05_r10,10,0.05,0.15,149.32836593785962,0.012033659378596,0.9886363636363636,0.0121518987341772,150.0,-0.6716340621403845
XGBoost,time,-1,fixed,C_b05_r20,20,0.05,0.02,40.73634062140392,0.0121361334867663,0.9886363636363636,0.0121518987341772,40.0,0.7363406214039188
XGBoost,time,-1,fixed,C_b05_r20,20,0.05,0.05,100.0180667433832,0.0121124856156501,0.9886363636363636,0.0121518987341772,100.0,0.018066743383201356
XGBoost,time,-1,fixed,C_b05_r20,20,0.05,0.1,198.82094361334867,0.0120730724971231,0.9886363636363636,0.0121518987341772,200.0,-1.1790563866513253
XGBoost,time,-1,fixed,C_b05_r20,20,0.05,0.15,297.62382048331415,0.012033659378596,0.9886363636363636,0.0121518987341772,300.0,-2.376179516685852
XGBoost,time,-1,fixed,C_b05_r50,50,0.05,0.02,100.05452243958572,0.0121361334867663,0.9886363636363636,0.0121518987341772,100.0,0.05452243958572467
XGBoost,time,-1,fixed,C_b05_r50,50,0.05,0.05,248.31352128883773,0.0121124856156501,0.9886363636363636,0.0121518987341772,250.0,-1.686478711162266
XGBoost,time,-1,fixed,C_b05_r50,50,0.05,0.1,495.4118527042578,0.0120730724971231,0.9886363636363636,0.0121518987341772,500.0,-4.588147295742203
XGBoost,time,-1,fixed,C_b05_r50,50,0.05,0.15,742.5101841196778,0.012033659378596,0.9886363636363636,0.0121518987341772,750.0,-7.489815880322226
XGBoost,time,-1,fixed,C_b10_r05,5,0.1,0.02,11.077249712313003,0.0121361334867663,0.9886363636363636,0.0121518987341772,10.0,1.0772497123130034
XGBoost,time,-1,fixed,C_b10_r05,5,0.1,0.05,25.870339470655928,0.0121124856156501,0.9886363636363636,0.0121518987341772,25.0,0.870339470655928
XGBoost,time,-1,fixed,C_b10_r05,5,0.1,0.1,50.525489067894135,0.0120730724971231,0.9886363636363636,0.0121518987341772,50.0,0.5254890678941351
XGBoost,time,-1,fixed,C_b10_r05,5,0.1,0.15,75.18063866513234,0.012033659378596,0.9886363636363636,0.0121518987341772,75.0,0.18063866513233506
XGBoost,time,-1,fixed,C_b10_r10,10,0.1,0.02,21.11247410817031,0.0136247410817031,0.9886363636363636,0.0136708860759493,20.0,1.1124741081703107
XGBoost,time,-1,fixed,C_b10_r10,10,0.1,0.05,50.730552359033375,0.0135555235903337,0.9886363636363636,0.0136708860759493,50.0,0.7305523590333749
XGBoost,time,-1,fixed,C_b10_r10,10,0.1,0.1,100.0940161104718,0.013440161104718,0.9886363636363636,0.0136708860759493,100.0,0.0940161104717987
XGBoost,time,-1,fixed,C_b10_r10,10,0.1,0.15,149.45747986191026,0.0133247986191024,0.9886363636363636,0.0136708860759493,150.0,-0.542520138089742
XGBoost,time,-1,fixed,C_b10_r20,20,0.1,0.02,41.1590333716916,0.030681242807825,0.9545454545454546,0.030379746835443,40.0,1.1590333716915993
XGBoost,time,-1,fixed,C_b10_r20,20,0.1,0.05,98.34062140391254,0.0311334867663981,0.9545454545454546,0.030379746835443,100.0,-1.659378596087464
XGBoost,time,-1,fixed,C_b10_r20,20,0.1,0.1,193.6432681242808,0.0318872266973532,0.9545454545454546,0.030379746835443,200.0,-6.356731875719191
XGBoost,time,-1,fixed,C_b10_r20,20,0.1,0.15,288.945914844649,0.0326409666283083,0.9545454545454546,0.030379746835443,300.0,-11.054085155351004
XGBoost,time,-1,fixed,C_b10_r50,50,0.1,0.02,98.43176064441889,0.030681242807825,0.9545454545454546,0.030379746835443,100.0,-1.5682393555811132
XGBoost,time,-1,fixed,C_b10_r50,50,0.1,0.05,241.52243958573075,0.0311334867663981,0.9545454545454546,0.030379746835443,250.0,-8.477560414269249
XGBoost,time,-1,fixed,C_b10_r50,50,0.1,0.1,480.0069044879172,0.0318872266973532,0.9545454545454546,0.030379746835443,500.0,-19.99309551208279
XGBoost,time,-1,fixed,C_b10_r50,50,0.1,0.15,718.4913693901036,0.0326409666283083,0.9545454545454546,0.030379746835443,750.0,-31.508630609896386
XGBoost,time,-1,fixed,C_b20_r05,5,0.2,0.02,11.360575373993097,0.0163330264672036,0.9772727272727272,0.0162025316455696,10.0,1.3605753739930968
XGBoost,time,-1,fixed,C_b20_r05,5,0.2,0.05,25.9710586881473,0.0165287686996547,0.9772727272727272,0.0162025316455696,25.0,0.9710586881472985
XGBoost,time,-1,fixed,C_b20_r05,5,0.2,0.1,50.32186421173763,0.0168550057537399,0.9772727272727272,0.0162025316455696,50.0,0.32186421173763335
XGBoost,time,-1,fixed,C_b20_r05,5,0.2,0.15,74.67266973532796,0.017181242807825,0.9772727272727272,0.0162025316455696,75.0,-0.3273302646720424
XGBoost,time,-1,fixed,C_b20_r10,10,0.2,0.02,21.13330264672037,0.0163330264672036,0.9772727272727272,0.0162025316455696,20.0,1.1333026467203702
XGBoost,time,-1,fixed,C_b20_r10,10,0.2,0.05,50.40287686996548,0.0165287686996547,0.9772727272727272,0.0162025316455696,50.0,0.4028768699654819
XGBoost,time,-1,fixed,C_b20_r10,10,0.2,0.1,99.185500575374,0.0168550057537399,0.9772727272727272,0.0162025316455696,100.0,-0.8144994246260069
XGBoost,time,-1,fixed,C_b20_r10,10,0.2,0.15,147.9681242807825,0.017181242807825,0.9772727272727272,0.0162025316455696,150.0,-2.03187571921751
XGBoost,time,-1,fixed,C_b20_r20,20,0.2,0.02,40.952589182968936,0.0333895281933256,0.9431818181818182,0.0329113924050632,40.0,0.9525891829689357
XGBoost,time,-1,fixed,C_b20_r20,20,0.2,0.05,97.44476409666284,0.0341067318757192,0.9431818181818182,0.0329113924050632,100.0,-2.555235903337163
XGBoost,time,-1,fixed,C_b20_r20,20,0.2,0.1,191.59838895281936,0.0353020713463751,0.9431818181818182,0.0329113924050632,200.0,-8.401611047180637
XGBoost,time,-1,fixed,C_b20_r20,20,0.2,0.15,285.75201380897585,0.036497410817031,0.9431818181818182,0.0329113924050632,300.0,-14.247986191024154
XGBoost,time,-1,fixed,C_b20_r50,50,0.2,0.02,98.3423245109321,0.0529686996547756,0.9318181818181818,0.0526582278481012,100.0,-1.6576754890678984
XGBoost,time,-1,fixed,C_b20_r50,50,0.2,0.05,237.95707710011507,0.0534344073647871,0.9318181818181818,0.0526582278481012,250.0,-12.042922899884928
XGBoost,time,-1,fixed,C_b20_r50,50,0.2,0.1,470.64833141542,0.0542105868814729,0.9318181818181818,0.0526582278481012,500.0,-29.35166858458001
XGBoost,time,-1,fixed,C_b20_r50,50,0.2,0.15,703.3395857307249,0.0549867663981588,0.9318181818181818,0.0526582278481012,750.0,-46.660414269275066
XGBoost,time,-1,fixed,TopK_b01,5,0.01,0.02,10.99240506329114,0.0099240506329113,1.0,0.010126582278481,10.0,0.9924050632911392
XGBoost,time,-1,fixed,TopK_b01,5,0.01,0.05,25.96202531645569,0.0096202531645569,1.0,0.010126582278481,25.0,0.9620253164556907
XGBoost,time,-1,fixed,TopK_b01,5,0.01,0.1,50.911392405063296,0.0091139240506329,1.0,0.010126582278481,50.0,0.911392405063296
XGBoost,time,-1,fixed,TopK_b01,5,0.01,0.15,75.86075949367088,0.0086075949367088,1.0,0.010126582278481,75.0,0.8607594936708836
XGBoost,time,-1,fixed,TopK_b01,10,0.01,0.02,20.992405063291137,0.0099240506329113,1.0,0.010126582278481,20.0,0.9924050632911374
XGBoost,time,-1,fixed,TopK_b01,10,0.01,0.05,50.962025316455694,0.0096202531645569,1.0,0.010126582278481,50.0,0.9620253164556942
XGBoost,time,-1,fixed,TopK_b01,10,0.01,0.1,100.91139240506328,0.0091139240506329,1.0,0.010126582278481,100.0,0.9113924050632818
XGBoost,time,-1,fixed,TopK_b01,10,0.01,0.15,150.86075949367088,0.0086075949367088,1.0,0.010126582278481,150.0,0.8607594936708836
XGBoost,time,-1,fixed,TopK_b01,20,0.01,0.02,40.992405063291145,0.0099240506329113,1.0,0.010126582278481,40.0,0.9924050632911445
XGBoost,time,-1,fixed,TopK_b01,20,0.01,0.05,100.96202531645572,0.0096202531645569,1.0,0.010126582278481,100.0,0.9620253164557226
XGBoost,time,-1,fixed,TopK_b01,20,0.01,0.1,200.9113924050633,0.0091139240506329,1.0,0.010126582278481,200.0,0.9113924050633102
XGBoost,time,-1,fixed,TopK_b01,20,0.01,0.15,300.86075949367086,0.0086075949367088,1.0,0.010126582278481,300.0,0.8607594936708551
XGBoost,time,-1,fixed,TopK_b01,50,0.01,0.02,100.99240506329114,0.0099240506329113,1.0,0.010126582278481,100.0,0.9924050632911445
XGBoost,time,-1,fixed,TopK_b01,50,0.01,0.05,250.96202531645568,0.0096202531645569,1.0,0.010126582278481,250.0,0.96202531645568
XGBoost,time,-1,fixed,TopK_b01,50,0.01,0.1,500.9113924050633,0.0091139240506329,1.0,0.010126582278481,500.0,0.9113924050632818
XGBoost,time,-1,fixed,TopK_b01,50,0.01,0.15,750.8607594936709,0.0086075949367088,1.0,0.010126582278481,750.0,0.860759493670912
XGBoost,time,-1,fixed,TopK_b05,5,0.05,0.02,13.819228998849251,0.047737744533947,0.9204545454545454,0.0470886075949367,10.0,3.819228998849251
XGBoost,time,-1,fixed,TopK_b05,5,0.05,0.05,27.48478135788262,0.0487114499424626,0.9204545454545454,0.0470886075949367,25.0,2.4847813578826212
XGBoost,time,-1,fixed,TopK_b05,5,0.05,0.1,50.26070195627157,0.0503342922899884,0.9204545454545454,0.0470886075949367,50.0,0.2607019562715678
XGBoost,time,-1,fixed,TopK_b05,5,0.05,0.15,73.03662255466052,0.0519571346375143,0.9204545454545454,0.0470886075949367,75.0,-1.963377445339475
XGBoost,time,-1,fixed,TopK_b05,10,0.05,0.02,23.023774453394704,0.047737744533947,0.9204545454545454,0.0470886075949367,20.0,3.0237744533947044
XGBoost,time,-1,fixed,TopK_b05,10,0.05,0.05,50.496144994246265,0.0487114499424626,0.9204545454545454,0.0470886075949367,50.0,0.496144994246265
XGBoost,time,-1,fixed,TopK_b05,10,0.05,0.1,96.28342922899884,0.0503342922899884,0.9204545454545454,0.0470886075949367,100.0,-3.716570771001159
XGBoost,time,-1,fixed,TopK_b05,10,0.05,0.15,142.07071346375145,0.0519571346375143,0.9204545454545454,0.0470886075949367,150.0,-7.929286536248554
XGBoost,time,-1,fixed,TopK_b05,20,0.05,0.02,41.432865362485614,0.047737744533947,0.9204545454545454,0.0470886075949367,40.0,1.4328653624856145
XGBoost,time,-1,fixed,TopK_b05,20,0.05,0.05,96.51887226697352,0.0487114499424626,0.9204545454545454,0.0470886075949367,100.0,-3.481127733026483
XGBoost,time,-1,fixed,TopK_b05,20,0.05,0.1,188.32888377445337,0.0503342922899884,0.9204545454545454,0.0470886075949367,200.0,-11.671116225546626
XGBoost,time,-1,fixed,TopK_b05,20,0.05,0.15,280.13889528193323,0.0519571346375143,0.9204545454545454,0.0470886075949367,300.0,-19.86110471806677
XGBoost,time,-1,fixed,TopK_b05,50,0.05,0.02,96.66013808975832,0.047737744533947,0.9204545454545454,0.0470886075949367,100.0,-3.33986191024168
XGBoost,time,-1,fixed,TopK_b05,50,0.05,0.05,234.5870540851553,0.0487114499424626,0.9204545454545454,0.0470886075949367,250.0,-15.412945914844698
XGBoost,time,-1,fixed,TopK_b05,50,0.05,0.1,464.4652474108169,0.0503342922899884,0.9204545454545454,0.0470886075949367,500.0,-35.534752589183086
XGBoost,time,-1,fixed,TopK_b05,50,0.05,0.15,694.3434407364787,0.0519571346375143,0.9204545454545454,0.0470886075949367,750.0,-55.65655926352133
XGBoost,time,-1,fixed,TopK_b10,5,0.1,0.02,17.836939010356733,0.0974602991944764,0.8409090909090909,0.0962025316455696,10.0,7.836939010356733
XGBoost,time,-1,fixed,TopK_b10,5,0.1,0.05,30.161967779056383,0.0993469505178365,0.8409090909090909,0.0962025316455696,25.0,5.161967779056383
XGBoost,time,-1,fixed,TopK_b10,5,0.1,0.1,50.703682393555816,0.1024913693901035,0.8409090909090909,0.0962025316455696,50.0,0.7036823935558161
XGBoost,time,-1,fixed,TopK_b10,5,0.1,0.15,71.24539700805525,0.1056357882623705,0.8409090909090909,0.0962025316455696,75.0,-3.7546029919447506
XGBoost,time,-1,fixed,TopK_b10,10,0.1,0.02,26.246029919447643,0.0974602991944764,0.8409090909090909,0.0962025316455696,20.0,6.246029919447643
XGBoost,time,-1,fixed,TopK_b10,10,0.1,0.05,51.184695051783656,0.0993469505178365,0.8409090909090909,0.0962025316455696,50.0,1.184695051783656
XGBoost,time,-1,fixed,TopK_b10,10,0.1,0.1,92.74913693901036,0.1024913693901035,0.8409090909090909,0.0962025316455696,100.0,-7.250863060989644
XGBoost,time,-1,fixed,TopK_b10,10,0.1,0.15,134.31357882623706,0.1056357882623705,0.8409090909090909,0.0962025316455696,150.0,-15.686421173762938
XGBoost,time,-1,fixed,TopK_b10,20,0.1,0.02,43.06421173762946,0.0974602991944764,0.8409090909090909,0.0962025316455696,40.0,3.0642117376294635
XGBoost,time,-1,fixed,TopK_b10,20,0.1,0.05,93.2301495972382,0.0993469505178365,0.8409090909090909,0.0962025316455696,100.0,-6.769850402761804
XGBoost,time,-1,fixed,TopK_b10,20,0.1,0.1,176.84004602991945,0.1024913693901035,0.8409090909090909,0.0962025316455696,200.0,-23.15995397008055
XGBoost,time,-1,fixed,TopK_b10,20,0.1,0.15,260.4499424626007,0.1056357882623705,0.8409090909090909,0.0962025316455696,300.0,-39.55005753739931
XGBoost,time,-1,fixed,TopK_b10,50,0.1,0.02,93.51875719217492,0.0974602991944764,0.8409090909090909,0.0962025316455696,100.0,-6.481242807825083
XGBoost,time,-1,fixed,TopK_b10,50,0.1,0.05,219.3665132336019,0.0993469505178365,0.8409090909090909,0.0962025316455696,250.0,-30.633486766398107
XGBoost,time,-1,fixed,TopK_b10,50,0.1,0.1,429.1127733026468,0.1024913693901035,0.8409090909090909,0.0962025316455696,500.0,-70.88722669735319
XGBoost,time,-1,fixed,TopK_b10,50,0.1,0.15,638.8590333716916,0.1056357882623705,0.8409090909090909,0.0962025316455696,750.0,-111.14096662830843
XGBoost,time,-1,fixed,TopK_b20,5,0.2,0.02,25.332968929804373,0.195602416570771,0.6477272727272727,0.1924050632911392,10.0,15.332968929804373
XGBoost,time,-1,fixed,TopK_b20,5,0.2,0.05,34.471662830840046,0.2003984464902186,0.6477272727272727,0.1924050632911392,25.0,9.471662830840046
XGBoost,time,-1,fixed,TopK_b20,5,0.2,0.1,49.702819332566165,0.208391829689298,0.6477272727272727,0.1924050632911392,50.0,-0.2971806674338353
XGBoost,time,-1,fixed,TopK_b20,5,0.2,0.15,64.93397583429228,0.2163852128883774,0.6477272727272727,0.1924050632911392,75.0,-10.066024165707717
XGBoost,time,-1,fixed,TopK_b20,10,0.2,0.02,31.8102416570771,0.195602416570771,0.6477272727272727,0.1924050632911392,20.0,11.8102416570771
XGBoost,time,-1,fixed,TopK_b20,10,0.2,0.05,50.66484464902186,0.2003984464902186,0.6477272727272727,0.1924050632911392,50.0,0.6648446490218589
XGBoost,time,-1,fixed,TopK_b20,10,0.2,0.1,82.08918296892979,0.208391829689298,0.6477272727272727,0.1924050632911392,100.0,-17.91081703107021
XGBoost,time,-1,fixed,TopK_b20,10,0.2,0.15,113.51352128883774,0.2163852128883774,0.6477272727272727,0.1924050632911392,150.0,-36.48647871116226
XGBoost,time,-1,fixed,TopK_b20,20,0.2,0.02,44.76478711162255,0.195602416570771,0.6477272727272727,0.1924050632911392,40.0,4.764787111622553
XGBoost,time,-1,fixed,TopK_b20,20,0.2,0.05,83.0512082853855,0.2003984464902186,0.6477272727272727,0.1924050632911392,100.0,-16.9487917146145
XGBoost,time,-1,fixed,TopK_b20,20,0.2,0.1,146.86191024165706,0.208391829689298,0.6477272727272727,0.1924050632911392,200.0,-53.13808975834294
XGBoost,time,-1,fixed,TopK_b20,20,0.2,0.15,210.67261219792863,0.2163852128883774,0.6477272727272727,0.1924050632911392,300.0,-89.32738780207137
XGBoost,time,-1,fixed,TopK_b20,50,0.2,0.02,83.62842347525891,0.195602416570771,0.6477272727272727,0.1924050632911392,100.0,-16.371576524741087
XGBoost,time,-1,fixed,TopK_b20,50,0.2,0.05,180.2102991944764,0.2003984464902186,0.6477272727272727,0.1924050632911392,250.0,-69.78970080552361
XGBoost,time,-1,fixed,TopK_b20,50,0.2,0.1,341.18009205983884,0.208391829689298,0.6477272727272727,0.1924050632911392,500.0,-158.81990794016116
XGBoost,time,-1,fixed,TopK_b20,50,0.2,0.15,502.1498849252013,0.2163852128883774,0.6477272727272727,0.1924050632911392,750.0,-247.85011507479868
XGBoost,time,-1,refitted,none,5,,0.02,10.0,0.0,1.0,0.0,10.0,0.0
XGBoost,time,-1,refitted,none,5,,0.05,25.0,0.0,1.0,0.0,25.0,0.0
XGBoost,time,-1,refitted,none,5,,0.1,50.0,0.0,1.0,0.0,50.0,0.0
XGBoost,time,-1,refitted,none,5,,0.15,75.0,0.0,1.0,0.0,75.0,0.0
XGBoost,time,-1,refitted,none,10,,0.02,20.0,0.0,1.0,0.0,20.0,0.0
XGBoost,time,-1,refitted,none,10,,0.05,50.0,0.0,1.0,0.0,50.0,0.0
XGBoost,time,-1,refitted,none,10,,0.1,100.0,0.0,1.0,0.0,100.0,0.0
XGBoost,time,-1,refitted,none,10,,0.15,150.0,0.0,1.0,0.0,150.0,0.0
XGBoost,time,-1,refitted,none,20,,0.02,40.0,0.0,1.0,0.0,40.0,0.0
XGBoost,time,-1,refitted,none,20,,0.05,100.0,0.0,1.0,0.0,100.0,0.0
XGBoost,time,-1,refitted,none,20,,0.1,200.0,0.0,1.0,0.0,200.0,0.0
XGBoost,time,-1,refitted,none,20,,0.15,300.0,0.0,1.0,0.0,300.0,0.0
XGBoost,time,-1,refitted,none,50,,0.02,100.0,0.0,1.0,0.0,100.0,0.0
XGBoost,time,-1,refitted,none,50,,0.05,250.0,0.0,1.0,0.0,250.0,0.0
XGBoost,time,-1,refitted,none,50,,0.1,500.0,0.0,1.0,0.0,500.0,0.0
XGBoost,time,-1,refitted,none,50,,0.15,750.0,0.0,1.0,0.0,750.0,0.0
XGBoost,time,-1,refitted,A_b01,5,0.01,0.02,12.183291139240508,0.021832911392405,1.0,0.0222784810126582,10.0,2.1832911392405077
XGBoost,time,-1,refitted,A_b01,5,0.01,0.05,27.11645569620253,0.0211645569620253,1.0,0.0222784810126582,25.0,2.1164556962025287
XGBoost,time,-1,refitted,A_b01,5,0.01,0.1,52.00506329113925,0.0200506329113924,1.0,0.0222784810126582,50.0,2.005063291139251
XGBoost,time,-1,refitted,A_b01,5,0.01,0.15,76.89367088607595,0.0189367088607594,1.0,0.0222784810126582,75.0,1.8936708860759524
XGBoost,time,-1,refitted,A_b01,10,0.01,0.02,22.183291139240502,0.021832911392405,1.0,0.0222784810126582,20.0,2.1832911392405023
XGBoost,time,-1,refitted,A_b01,10,0.01,0.05,52.116455696202536,0.0211645569620253,1.0,0.0222784810126582,50.0,2.116455696202536
XGBoost,time,-1,refitted,A_b01,10,0.01,0.1,102.00506329113924,0.0200506329113924,1.0,0.0222784810126582,100.0,2.005063291139237
XGBoost,time,-1,refitted,A_b01,10,0.01,0.15,151.89367088607594,0.0189367088607594,1.0,0.0222784810126582,150.0,1.8936708860759381
XGBoost,time,-1,refitted,A_b01,20,0.01,0.02,42.18329113924051,0.021832911392405,1.0,0.0222784810126582,40.0,2.1832911392405094
XGBoost,time,-1,refitted,A_b01,20,0.01,0.05,102.11645569620254,0.0211645569620253,1.0,0.0222784810126582,100.0,2.116455696202536
XGBoost,time,-1,refitted,A_b01,20,0.01,0.1,202.0050632911393,0.0200506329113924,1.0,0.0222784810126582,200.0,2.005063291139294
XGBoost,time,-1,refitted,A_b01,20,0.01,0.15,301.89367088607594,0.0189367088607594,1.0,0.0222784810126582,300.0,1.8936708860759381
XGBoost,time,-1,refitted,A_b01,50,0.01,0.02,102.1832911392405,0.021832911392405,1.0,0.0222784810126582,100.0,2.1832911392404952
XGBoost,time,-1,refitted,A_b01,50,0.01,0.05,252.1164556962025,0.0211645569620253,1.0,0.0222784810126582,250.0,2.1164556962025074
XGBoost,time,-1,refitted,A_b01,50,0.01,0.1,502.0050632911392,0.0200506329113924,1.0,0.0222784810126582,500.0,2.0050632911392086
XGBoost,time,-1,refitted,A_b01,50,0.01,0.15,751.8936708860759,0.0189367088607594,1.0,0.0222784810126582,750.0,1.8936708860759381
XGBoost,time,-1,refitted,A_b05,5,0.05,0.02,15.65517836593786,0.0660972382048331,0.9204545454545454,0.0658227848101265,10.0,5.655178365937861
XGBoost,time,-1,refitted,A_b05,5,0.05,0.05,29.264528193325663,0.0665089182968929,0.9204545454545454,0.0658227848101265,25.0,4.264528193325663
XGBoost,time,-1,refitted,A_b05,5,0.05,0.1,51.94677790563866,0.0671950517836593,0.9204545454545454,0.0658227848101265,50.0,1.9467779056386618
XGBoost,time,-1,refitted,A_b05,5,0.05,0.15,74.62902761795166,0.0678811852704257,0.9204545454545454,0.0658227848101265,75.0,-0.37097238204833616
XGBoost,time,-1,refitted,A_b05,10,0.05,0.02,24.859723820483318,0.0660972382048331,0.9204545454545454,0.0658227848101265,20.0,4.8597238204833175
XGBoost,time,-1,refitted,A_b05,10,0.05,0.05,52.27589182968929,0.0665089182968929,0.9204545454545454,0.0658227848101265,50.0,2.275891829689293
XGBoost,time,-1,refitted,A_b05,10,0.05,0.1,97.96950517836594,0.0671950517836593,0.9204545454545454,0.0658227848101265,100.0,-2.030494821634065
XGBoost,time,-1,refitted,A_b05,10,0.05,0.15,143.66311852704257,0.0678811852704257,0.9204545454545454,0.0658227848101265,150.0,-6.33688147295743
XGBoost,time,-1,refitted,A_b05,20,0.05,0.02,43.268814729574224,0.0660972382048331,0.9204545454545454,0.0658227848101265,40.0,3.268814729574224
XGBoost,time,-1,refitted,A_b05,20,0.05,0.05,98.29861910241657,0.0665089182968929,0.9204545454545454,0.0658227848101265,100.0,-1.7013808975834337
XGBoost,time,-1,refitted,A_b05,20,0.05,0.1,190.01495972382048,0.0671950517836593,0.9204545454545454,0.0658227848101265,200.0,-9.985040276179518
XGBoost,time,-1,refitted,A_b05,20,0.05,0.15,281.7313003452244,0.0678811852704257,0.9204545454545454,0.0658227848101265,300.0,-18.268699654775617
XGBoost,time,-1,refitted,A_b05,50,0.05,0.02,98.49608745684696,0.0660972382048331,0.9204545454545454,0.0658227848101265,100.0,-1.5039125431530351
XGBoost,time,-1,refitted,A_b05,50,0.05,0.05,236.3668009205984,0.0665089182968929,0.9204545454545454,0.0658227848101265,250.0,-13.633199079401606
XGBoost,time,-1,refitted,A_b05,50,0.05,0.1,466.1513233601841,0.0671950517836593,0.9204545454545454,0.0658227848101265,500.0,-33.84867663981589
XGBoost,time,-1,refitted,A_b05,50,0.05,0.15,695.9358457997698,0.0678811852704257,0.9204545454545454,0.0658227848101265,750.0,-54.06415420023018
XGBoost,time,-1,refitted,A_b10,5,0.1,0.02,17.61762945914845,0.0925399309551208,0.8636363636363636,0.0916455696202531,10.0,7.61762945914845
XGBoost,time,-1,refitted,A_b10,5,0.1,0.05,30.297238204833143,0.0938814729574223,0.8636363636363636,0.0916455696202531,25.0,5.297238204833143
XGBoost,time,-1,refitted,A_b10,5,0.1,0.1,51.42991944764097,0.0961173762945915,0.8636363636363636,0.0916455696202531,50.0,1.4299194476409696
XGBoost,time,-1,refitted,A_b10,5,0.1,0.15,72.56260069044879,0.0983532796317606,0.8636363636363636,0.0916455696202531,75.0,-2.4373993095512105
XGBoost,time,-1,refitted,A_b10,10,0.1,0.02,26.253993095512087,0.0925399309551208,0.8636363636363636,0.0916455696202531,20.0,6.253993095512087
XGBoost,time,-1,refitted,A_b10,10,0.1,0.05,51.88814729574224,0.0938814729574223,0.8636363636363636,0.0916455696202531,50.0,1.8881472957422432
XGBoost,time,-1,refitted,A_b10,10,0.1,0.1,94.61173762945914,0.0961173762945915,0.8636363636363636,0.0916455696202531,100.0,-5.388262370540858
XGBoost,time,-1,refitted,A_b10,10,0.1,0.15,137.33532796317607,0.0983532796317606,0.8636363636363636,0.0916455696202531,150.0,-12.66467203682393
XGBoost,time,-1,refitted,A_b10,20,0.1,0.02,43.52672036823936,0.0925399309551208,0.8636363636363636,0.0916455696202531,40.0,3.52672036823936
XGBoost,time,-1,refitted,A_b10,20,0.1,0.05,95.06996547756042,0.0938814729574223,0.8636363636363636,0.0916455696202531,100.0,-4.930034522439584
XGBoost,time,-1,refitted,A_b10,20,0.1,0.1,180.9753739930955,0.0961173762945915,0.8636363636363636,0.0916455696202531,200.0,-19.024626006904498
XGBoost,time,-1,refitted,A_b10,20,0.1,0.15,266.8807825086306,0.0983532796317606,0.8636363636363636,0.0916455696202531,300.0,-33.1192174913694
XGBoost,time,-1,refitted,A_b10,50,0.1,0.02,95.34490218642118,0.0925399309551208,0.8636363636363636,0.0916455696202531,100.0,-4.65509781357882
XGBoost,time,-1,refitted,A_b10,50,0.1,0.05,224.61542002301496,0.0938814729574223,0.8636363636363636,0.0916455696202531,250.0,-25.384579976985037
XGBoost,time,-1,refitted,A_b10,50,0.1,0.1,440.0662830840046,0.0961173762945915,0.8636363636363636,0.0916455696202531,500.0,-59.933716915995376
XGBoost,time,-1,refitted,A_b10,50,0.1,0.15,655.5171461449943,0.0983532796317606,0.8636363636363636,0.0916455696202531,750.0,-94.48285385500571
XGBoost,time,-1,refitted,A_b20,5,0.2,0.02,32.982451093210585,0.2666426927502877,0.6931818181818182,0.2658227848101265,10.0,22.982451093210585
XGBoost,time,-1,refitted,A_b20,5,0.2,0.05,42.58271001150747,0.2678725546605293,0.6931818181818182,0.2658227848101265,25.0,17.582710011507473
XGBoost,time,-1,refitted,A_b20,5,0.2,0.1,58.5831415420023,0.269922324510932,0.6931818181818182,0.2658227848101265,50.0,8.583141542002302
XGBoost,time,-1,refitted,A_b20,5,0.2,0.15,74.58357307249712,0.2719720943613348,0.6931818181818182,0.2658227848101265,75.0,-0.4164269275028829
XGBoost,time,-1,refitted,A_b20,10,0.2,0.02,39.91426927502877,0.2666426927502877,0.6931818181818182,0.2658227848101265,20.0,19.914269275028772
XGBoost,time,-1,refitted,A_b20,10,0.2,0.05,59.91225546605293,0.2678725546605293,0.6931818181818182,0.2658227848101265,50.0,9.912255466052933
XGBoost,time,-1,refitted,A_b20,10,0.2,0.1,93.24223245109322,0.269922324510932,0.6931818181818182,0.2658227848101265,100.0,-6.757767548906784
XGBoost,time,-1,refitted,A_b20,10,0.2,0.15,126.5722094361335,0.2719720943613348,0.6931818181818182,0.2658227848101265,150.0,-23.427790563866495
XGBoost,time,-1,refitted,A_b20,20,0.2,0.02,53.77790563866513,0.2666426927502877,0.6931818181818182,0.2658227848101265,40.0,13.777905638665132
XGBoost,time,-1,refitted,A_b20,20,0.2,0.05,94.57134637514385,0.2678725546605293,0.6931818181818182,0.2658227848101265,100.0,-5.428653624856153
XGBoost,time,-1,refitted,A_b20,20,0.2,0.1,162.56041426927504,0.269922324510932,0.6931818181818182,0.2658227848101265,200.0,-37.43958573072496
XGBoost,time,-1,refitted,A_b20,20,0.2,0.15,230.5494821634062,0.2719720943613348,0.6931818181818182,0.2658227848101265,300.0,-69.4505178365938
XGBoost,time,-1,refitted,A_b20,50,0.2,0.02,95.36881472957424,0.2666426927502877,0.6931818181818182,0.2658227848101265,100.0,-4.63118527042576
XGBoost,time,-1,refitted,A_b20,50,0.2,0.05,198.54861910241655,0.2678725546605293,0.6931818181818182,0.2658227848101265,250.0,-51.45138089758345
XGBoost,time,-1,refitted,A_b20,50,0.2,0.1,370.5149597238205,0.269922324510932,0.6931818181818182,0.2658227848101265,500.0,-129.48504027617952
XGBoost,time,-1,refitted,A_b20,50,0.2,0.15,542.4813003452244,0.2719720943613348,0.6931818181818182,0.2658227848101265,750.0,-207.51869965477556
XGBoost,time,-1,refitted,B_r05,5,,0.02,11.948055235903338,0.0276623705408515,0.9318181818181818,0.0268354430379746,10.0,1.9480552359033378
XGBoost,time,-1,refitted,B_r05,5,,0.05,25.844821634062136,0.0289027617951668,0.9318181818181818,0.0268354430379746,25.0,0.8448216340621357
XGBoost,time,-1,refitted,B_r05,5,,0.1,49.00609896432681,0.030970080552359,0.9318181818181818,0.0268354430379746,50.0,-0.9939010356731899
XGBoost,time,-1,refitted,B_r05,5,,0.15,72.16737629459148,0.0330373993095512,0.9318181818181818,0.0268354430379746,75.0,-2.8326237054085226
XGBoost,time,-1,refitted,B_r10,10,,0.02,36.30179516685846,0.2555179516685845,0.5795454545454546,0.2521518987341772,20.0,16.30179516685846
XGBoost,time,-1,refitted,B_r10,10,,0.05,52.93170310701956,0.2605670310701956,0.5795454545454546,0.2521518987341772,50.0,2.9317031070195583
XGBoost,time,-1,refitted,B_r10,10,,0.1,80.6482163406214,0.268982163406214,0.5795454545454546,0.2521518987341772,100.0,-19.351783659378597
XGBoost,time,-1,refitted,B_r10,10,,0.15,108.36472957422323,0.2773972957422324,0.5795454545454546,0.2521518987341772,150.0,-41.63527042577677
XGBoost,time,-1,refitted,B_r20,20,,0.02,59.04501726121979,0.4338592635212888,0.4204545454545454,0.430886075949367,40.0,19.04501726121979
XGBoost,time,-1,refitted,B_r20,20,,0.05,82.97963176064442,0.4383190448791714,0.4204545454545454,0.430886075949367,100.0,-17.020368239355577
XGBoost,time,-1,refitted,B_r20,20,,0.1,122.87065592635211,0.4457520138089758,0.4204545454545454,0.430886075949367,200.0,-77.12934407364789
XGBoost,time,-1,refitted,B_r20,20,,0.15,162.76168009205983,0.4531849827387801,0.4204545454545454,0.430886075949367,300.0,-137.23831990794017
XGBoost,time,-1,refitted,B_r50,50,,0.02,80.83749136939011,0.6081476409666283,0.2159090909090909,0.6045569620253165,100.0,-19.162508630609892
XGBoost,time,-1,refitted,B_r50,50,,0.05,111.41018411967778,0.613533659378596,0.2159090909090909,0.6045569620253165,250.0,-138.58981588032222
XGBoost,time,-1,refitted,B_r50,50,,0.1,162.36467203682395,0.6225103567318757,0.2159090909090909,0.6045569620253165,500.0,-337.63532796317605
XGBoost,time,-1,refitted,B_r50,50,,0.15,213.3191599539701,0.6314870540851554,0.2159090909090909,0.6045569620253165,750.0,-536.68084004603
XGBoost,time,-1,refitted,C_b01_r05,5,0.01,0.02,10.0,0.0,1.0,0.0,10.0,0.0
XGBoost,time,-1,refitted,C_b01_r05,5,0.01,0.05,25.0,0.0,1.0,0.0,25.0,0.0
XGBoost,time,-1,refitted,C_b01_r05,5,0.01,0.1,50.0,0.0,1.0,0.0,50.0,0.0
XGBoost,time,-1,refitted,C_b01_r05,5,0.01,0.15,75.0,0.0,1.0,0.0,75.0,0.0
XGBoost,time,-1,refitted,C_b01_r10,10,0.01,0.02,20.0,0.0,1.0,0.0,20.0,0.0
XGBoost,time,-1,refitted,C_b01_r10,10,0.01,0.05,50.0,0.0,1.0,0.0,50.0,0.0
XGBoost,time,-1,refitted,C_b01_r10,10,0.01,0.1,100.0,0.0,1.0,0.0,100.0,0.0
XGBoost,time,-1,refitted,C_b01_r10,10,0.01,0.15,150.0,0.0,1.0,0.0,150.0,0.0
XGBoost,time,-1,refitted,C_b01_r20,20,0.01,0.02,40.0,0.0,1.0,0.0,40.0,0.0
XGBoost,time,-1,refitted,C_b01_r20,20,0.01,0.05,100.0,0.0,1.0,0.0,100.0,0.0
XGBoost,time,-1,refitted,C_b01_r20,20,0.01,0.1,200.0,0.0,1.0,0.0,200.0,0.0
XGBoost,time,-1,refitted,C_b01_r20,20,0.01,0.15,300.0,0.0,1.0,0.0,300.0,0.0
XGBoost,time,-1,refitted,C_b01_r50,50,0.01,0.02,100.0,0.0,1.0,0.0,100.0,0.0
XGBoost,time,-1,refitted,C_b01_r50,50,0.01,0.05,250.0,0.0,1.0,0.0,250.0,0.0
XGBoost,time,-1,refitted,C_b01_r50,50,0.01,0.1,500.0,0.0,1.0,0.0,500.0,0.0
XGBoost,time,-1,refitted,C_b01_r50,50,0.01,0.15,750.0,0.0,1.0,0.0,750.0,0.0
XGBoost,time,-1,refitted,C_b05_r05,5,0.05,0.02,10.978009205983891,0.0111437284234752,0.9886363636363636,0.0111392405063291,10.0,0.9780092059838914
XGBoost,time,-1,refitted,C_b05_r05,5,0.05,0.05,25.774136939010354,0.0111504602991944,0.9886363636363636,0.0111392405063291,25.0,0.7741369390103543
XGBoost,time,-1,refitted,C_b05_r05,5,0.05,0.1,50.434349827387805,0.0111616800920598,0.9886363636363636,0.0111392405063291,50.0,0.4343498273878055
XGBoost,time,-1,refitted,C_b05_r05,5,0.05,0.15,75.09456271576525,0.0111728998849252,0.9886363636363636,0.0111392405063291,75.0,0.09456271576524955
XGBoost,time,-1,refitted,C_b05_r10,10,0.05,0.02,20.864372842347528,0.0111437284234752,0.9886363636363636,0.0111392405063291,20.0,0.8643728423475281
XGBoost,time,-1,refitted,C_b05_r10,10,0.05,0.05,50.49004602991944,0.0111504602991944,0.9886363636363636,0.0111392405063291,50.0,0.4900460299194407
XGBoost,time,-1,refitted,C_b05_r10,10,0.05,0.1,99.86616800920598,0.0111616800920598,0.9886363636363636,0.0111392405063291,100.0,-0.13383199079402175
XGBoost,time,-1,refitted,C_b05_r10,10,0.05,0.15,149.24228998849253,0.0111728998849252,0.9886363636363636,0.0111392405063291,150.0,-0.75771001150747
XGBoost,time,-1,refitted,C_b05_r20,20,0.05,0.02,40.6371001150748,0.0111437284234752,0.9886363636363636,0.0111392405063291,40.0,0.6371001150748015
XGBoost,time,-1,refitted,C_b05_r20,20,0.05,0.05,99.92186421173764,0.0111504602991944,0.9886363636363636,0.0111392405063291,100.0,-0.07813578826235812
XGBoost,time,-1,refitted,C_b05_r20,20,0.05,0.1,198.72980437284235,0.0111616800920598,0.9886363636363636,0.0111392405063291,200.0,-1.2701956271576478
XGBoost,time,-1,refitted,C_b05_r20,20,0.05,0.15,297.53774453394703,0.0111728998849252,0.9886363636363636,0.0111392405063291,300.0,-2.462255466052966
XGBoost,time,-1,refitted,C_b05_r50,50,0.05,0.02,99.95528193325664,0.0111437284234752,0.9886363636363636,0.0111392405063291,100.0,-0.0447180667433571
XGBoost,time,-1,refitted,C_b05_r50,50,0.05,0.05,248.2173187571922,0.0111504602991944,0.9886363636363636,0.0111392405063291,250.0,-1.7826812428077972
XGBoost,time,-1,refitted,C_b05_r50,50,0.05,0.1,495.3207134637514,0.0111616800920598,0.9886363636363636,0.0111392405063291,500.0,-4.679286536248583
XGBoost,time,-1,refitted,C_b05_r50,50,0.05,0.15,742.4241081703108,0.0111728998849252,0.9886363636363636,0.0111392405063291,750.0,-7.575891829689226
XGBoost,time,-1,refitted,C_b10_r05,5,0.1,0.02,10.978009205983891,0.0111437284234752,0.9886363636363636,0.0111392405063291,10.0,0.9780092059838914
XGBoost,time,-1,refitted,C_b10_r05,5,0.1,0.05,25.774136939010354,0.0111504602991944,0.9886363636363636,0.0111392405063291,25.0,0.7741369390103543
XGBoost,time,-1,refitted,C_b10_r05,5,0.1,0.1,50.434349827387805,0.0111616800920598,0.9886363636363636,0.0111392405063291,50.0,0.4343498273878055
XGBoost,time,-1,refitted,C_b10_r05,5,0.1,0.15,75.09456271576525,0.0111728998849252,0.9886363636363636,0.0111392405063291,75.0,0.09456271576524955
XGBoost,time,-1,refitted,C_b10_r10,10,0.1,0.02,20.913993095512083,0.0116399309551208,0.9886363636363636,0.0116455696202531,20.0,0.9139930955120832
XGBoost,time,-1,refitted,C_b10_r10,10,0.1,0.05,50.53814729574223,0.0116314729574223,0.9886363636363636,0.0116455696202531,50.0,0.5381472957422275
XGBoost,time,-1,refitted,C_b10_r10,10,0.1,0.1,99.91173762945915,0.0116173762945914,0.9886363636363636,0.0116455696202531,100.0,-0.08826237054084629
XGBoost,time,-1,refitted,C_b10_r10,10,0.1,0.15,149.28532796317606,0.0116032796317606,0.9886363636363636,0.0116455696202531,150.0,-0.7146720368239414
XGBoost,time,-1,refitted,C_b10_r20,20,0.1,0.02,40.61321058688148,0.0252230149597238,0.9545454545454546,0.0248101265822784,40.0,0.613210586881479
XGBoost,time,-1,refitted,C_b10_r20,20,0.1,0.05,97.81150747986192,0.0258423475258918,0.9545454545454546,0.0248101265822784,100.0,-2.188492520138084
XGBoost,time,-1,refitted,C_b10_r20,20,0.1,0.1,193.142002301496,0.0268745684695051,0.9545454545454546,0.0248101265822784,200.0,-6.857997698503993
XGBoost,time,-1,refitted,C_b10_r20,20,0.1,0.15,288.47249712313004,0.0279067894131185,0.9545454545454546,0.0248101265822784,300.0,-11.52750287686996
XGBoost,time,-1,refitted,C_b10_r50,50,0.1,0.02,97.88593785960876,0.0252230149597238,0.9545454545454546,0.0248101265822784,100.0,-2.1140621403912405
XGBoost,time,-1,refitted,C_b10_r50,50,0.1,0.05,240.99332566168013,0.0258423475258918,0.9545454545454546,0.0248101265822784,250.0,-9.006674338319868
XGBoost,time,-1,refitted,C_b10_r50,50,0.1,0.1,479.5056386651324,0.0268745684695051,0.9545454545454546,0.0248101265822784,500.0,-20.49436133486762
XGBoost,time,-1,refitted,C_b10_r50,50,0.1,0.15,718.0179516685846,0.0279067894131185,0.9545454545454546,0.0248101265822784,750.0,-31.9820483314154
XGBoost,time,-1,refitted,C_b20_r05,5,0.2,0.02,11.077249712313003,0.0121361334867663,0.9886363636363636,0.0121518987341772,10.0,1.0772497123130034
XGBoost,time,-1,refitted,C_b20_r05,5,0.2,0.05,25.870339470655928,0.0121124856156501,0.9886363636363636,0.0121518987341772,25.0,0.870339470655928
XGBoost,time,-1,refitted,C_b20_r05,5,0.2,0.1,50.525489067894135,0.0120730724971231,0.9886363636363636,0.0121518987341772,50.0,0.5254890678941351
XGBoost,time,-1,refitted,C_b20_r05,5,0.2,0.15,75.18063866513234,0.012033659378596,0.9886363636363636,0.0121518987341772,75.0,0.18063866513233506
XGBoost,time,-1,refitted,C_b20_r10,10,0.2,0.02,20.96361334867664,0.0121361334867663,0.9886363636363636,0.0121518987341772,20.0,0.9636133486766383
XGBoost,time,-1,refitted,C_b20_r10,10,0.2,0.05,50.58624856156501,0.0121124856156501,0.9886363636363636,0.0121518987341772,50.0,0.5862485615650073
XGBoost,time,-1,refitted,C_b20_r10,10,0.2,0.1,99.95730724971231,0.0120730724971231,0.9886363636363636,0.0121518987341772,100.0,-0.042692750287685044
XGBoost,time,-1,refitted,C_b20_r10,10,0.2,0.15,149.32836593785962,0.012033659378596,0.9886363636363636,0.0121518987341772,150.0,-0.6716340621403845
XGBoost,time,-1,refitted,C_b20_r20,20,0.2,0.02,40.662830840046034,0.0257192174913693,0.9545454545454546,0.0253164556962025,40.0,0.6628308400460341
XGBoost,time,-1,refitted,C_b20_r20,20,0.2,0.05,97.8596087456847,0.0263233601841196,0.9545454545454546,0.0253164556962025,100.0,-2.140391254315304
XGBoost,time,-1,refitted,C_b20_r20,20,0.2,0.1,193.18757192174917,0.0273302646720368,0.9545454545454546,0.0253164556962025,200.0,-6.812428078250832
XGBoost,time,-1,refitted,C_b20_r20,20,0.2,0.15,288.5155350978136,0.0283371691599539,0.9545454545454546,0.0253164556962025,300.0,-11.484464902186403
XGBoost,time,-1,refitted,C_b20_r50,50,0.2,0.02,97.49878020713464,0.0445332566168009,0.9318181818181818,0.0440506329113924,100.0,-2.5012197928653563
XGBoost,time,-1,refitted,C_b20_r50,50,0.2,0.05,237.13935558112772,0.0452571921749136,0.9318181818181818,0.0440506329113924,250.0,-12.860644418872283
XGBoost,time,-1,refitted,C_b20_r50,50,0.2,0.1,469.87364787111625,0.0464637514384349,0.9318181818181818,0.0440506329113924,500.0,-30.126352128883752
XGBoost,time,-1,refitted,C_b20_r50,50,0.2,0.15,702.6079401611047,0.0476703107019562,0.9318181818181818,0.0440506329113924,750.0,-47.39205983889531
XGBoost,time,-1,refitted,TopK_b01,5,0.01,0.02,10.99240506329114,0.0099240506329113,1.0,0.010126582278481,10.0,0.9924050632911392
XGBoost,time,-1,refitted,TopK_b01,5,0.01,0.05,25.96202531645569,0.0096202531645569,1.0,0.010126582278481,25.0,0.9620253164556907
XGBoost,time,-1,refitted,TopK_b01,5,0.01,0.1,50.911392405063296,0.0091139240506329,1.0,0.010126582278481,50.0,0.911392405063296
XGBoost,time,-1,refitted,TopK_b01,5,0.01,0.15,75.86075949367088,0.0086075949367088,1.0,0.010126582278481,75.0,0.8607594936708836
XGBoost,time,-1,refitted,TopK_b01,10,0.01,0.02,20.992405063291137,0.0099240506329113,1.0,0.010126582278481,20.0,0.9924050632911374
XGBoost,time,-1,refitted,TopK_b01,10,0.01,0.05,50.962025316455694,0.0096202531645569,1.0,0.010126582278481,50.0,0.9620253164556942
XGBoost,time,-1,refitted,TopK_b01,10,0.01,0.1,100.91139240506328,0.0091139240506329,1.0,0.010126582278481,100.0,0.9113924050632818
XGBoost,time,-1,refitted,TopK_b01,10,0.01,0.15,150.86075949367088,0.0086075949367088,1.0,0.010126582278481,150.0,0.8607594936708836
XGBoost,time,-1,refitted,TopK_b01,20,0.01,0.02,40.992405063291145,0.0099240506329113,1.0,0.010126582278481,40.0,0.9924050632911445
XGBoost,time,-1,refitted,TopK_b01,20,0.01,0.05,100.96202531645572,0.0096202531645569,1.0,0.010126582278481,100.0,0.9620253164557226
XGBoost,time,-1,refitted,TopK_b01,20,0.01,0.1,200.9113924050633,0.0091139240506329,1.0,0.010126582278481,200.0,0.9113924050633102
XGBoost,time,-1,refitted,TopK_b01,20,0.01,0.15,300.86075949367086,0.0086075949367088,1.0,0.010126582278481,300.0,0.8607594936708551
XGBoost,time,-1,refitted,TopK_b01,50,0.01,0.02,100.99240506329114,0.0099240506329113,1.0,0.010126582278481,100.0,0.9924050632911445
XGBoost,time,-1,refitted,TopK_b01,50,0.01,0.05,250.96202531645568,0.0096202531645569,1.0,0.010126582278481,250.0,0.96202531645568
XGBoost,time,-1,refitted,TopK_b01,50,0.01,0.1,500.9113924050633,0.0091139240506329,1.0,0.010126582278481,500.0,0.9113924050632818
XGBoost,time,-1,refitted,TopK_b01,50,0.01,0.15,750.8607594936709,0.0086075949367088,1.0,0.010126582278481,750.0,0.860759493670912
XGBoost,time,-1,refitted,TopK_b05,5,0.05,0.02,13.719988492520136,0.0467453394706559,0.9204545454545454,0.0460759493670886,10.0,3.7199884925201356
XGBoost,time,-1,refitted,TopK_b05,5,0.05,0.05,27.38857882623705,0.0477494246260069,0.9204545454545454,0.0460759493670886,25.0,2.388578826237051
XGBoost,time,-1,refitted,TopK_b05,5,0.05,0.1,50.169562715765245,0.0494228998849252,0.9204545454545454,0.0460759493670886,50.0,0.1695627157652453
XGBoost,time,-1,refitted,TopK_b05,5,0.05,0.15,72.95054660529344,0.0510963751438435,0.9204545454545454,0.0460759493670886,75.0,-2.0494533947065605
XGBoost,time,-1,refitted,TopK_b05,10,0.05,0.02,22.92453394706559,0.0467453394706559,0.9204545454545454,0.0460759493670886,20.0,2.9245339470655907
XGBoost,time,-1,refitted,TopK_b05,10,0.05,0.05,50.39994246260069,0.0477494246260069,0.9204545454545454,0.0460759493670886,50.0,0.39994246260069133
XGBoost,time,-1,refitted,TopK_b05,10,0.05,0.1,96.19228998849252,0.0494228998849252,0.9204545454545454,0.0460759493670886,100.0,-3.8077100115074813
XGBoost,time,-1,refitted,TopK_b05,10,0.05,0.15,141.98463751438436,0.0510963751438435,0.9204545454545454,0.0460759493670886,150.0,-8.01536248561564
XGBoost,time,-1,refitted,TopK_b05,20,0.05,0.02,41.3336248561565,0.0467453394706559,0.9204545454545454,0.0460759493670886,40.0,1.3336248561564972
XGBoost,time,-1,refitted,TopK_b05,20,0.05,0.05,96.42266973532796,0.0477494246260069,0.9204545454545454,0.0460759493670886,100.0,-3.5773302646720424
XGBoost,time,-1,refitted,TopK_b05,20,0.05,0.1,188.23774453394705,0.0494228998849252,0.9204545454545454,0.0460759493670886,200.0,-11.762255466052949
XGBoost,time,-1,refitted,TopK_b05,20,0.05,0.15,280.0528193325662,0.0510963751438435,0.9204545454545454,0.0460759493670886,300.0,-19.947180667433827
XGBoost,time,-1,refitted,TopK_b05,50,0.05,0.02,96.56089758342922,0.0467453394706559,0.9204545454545454,0.0460759493670886,100.0,-3.439102416570776
XGBoost,time,-1,refitted,TopK_b05,50,0.05,0.05,234.4908515535097,0.0477494246260069,0.9204545454545454,0.0460759493670886,250.0,-15.509148446490286
XGBoost,time,-1,refitted,TopK_b05,50,0.05,0.1,464.3741081703106,0.0494228998849252,0.9204545454545454,0.0460759493670886,500.0,-35.62589182968941
XGBoost,time,-1,refitted,TopK_b05,50,0.05,0.15,694.2573647871117,0.0510963751438435,0.9204545454545454,0.0460759493670886,750.0,-55.74263521288833
XGBoost,time,-1,refitted,TopK_b10,5,0.1,0.02,17.836939010356733,0.0974602991944764,0.8409090909090909,0.0962025316455696,10.0,7.836939010356733
XGBoost,time,-1,refitted,TopK_b10,5,0.1,0.05,30.161967779056383,0.0993469505178365,0.8409090909090909,0.0962025316455696,25.0,5.161967779056383
XGBoost,time,-1,refitted,TopK_b10,5,0.1,0.1,50.703682393555816,0.1024913693901035,0.8409090909090909,0.0962025316455696,50.0,0.7036823935558161
XGBoost,time,-1,refitted,TopK_b10,5,0.1,0.15,71.24539700805525,0.1056357882623705,0.8409090909090909,0.0962025316455696,75.0,-3.7546029919447506
XGBoost,time,-1,refitted,TopK_b10,10,0.1,0.02,26.246029919447643,0.0974602991944764,0.8409090909090909,0.0962025316455696,20.0,6.246029919447643
XGBoost,time,-1,refitted,TopK_b10,10,0.1,0.05,51.184695051783656,0.0993469505178365,0.8409090909090909,0.0962025316455696,50.0,1.184695051783656
XGBoost,time,-1,refitted,TopK_b10,10,0.1,0.1,92.74913693901036,0.1024913693901035,0.8409090909090909,0.0962025316455696,100.0,-7.250863060989644
XGBoost,time,-1,refitted,TopK_b10,10,0.1,0.15,134.31357882623706,0.1056357882623705,0.8409090909090909,0.0962025316455696,150.0,-15.686421173762938
XGBoost,time,-1,refitted,TopK_b10,20,0.1,0.02,43.06421173762946,0.0974602991944764,0.8409090909090909,0.0962025316455696,40.0,3.0642117376294635
XGBoost,time,-1,refitted,TopK_b10,20,0.1,0.05,93.2301495972382,0.0993469505178365,0.8409090909090909,0.0962025316455696,100.0,-6.769850402761804
XGBoost,time,-1,refitted,TopK_b10,20,0.1,0.1,176.84004602991945,0.1024913693901035,0.8409090909090909,0.0962025316455696,200.0,-23.15995397008055
XGBoost,time,-1,refitted,TopK_b10,20,0.1,0.15,260.4499424626007,0.1056357882623705,0.8409090909090909,0.0962025316455696,300.0,-39.55005753739931
XGBoost,time,-1,refitted,TopK_b10,50,0.1,0.02,93.51875719217492,0.0974602991944764,0.8409090909090909,0.0962025316455696,100.0,-6.481242807825083
XGBoost,time,-1,refitted,TopK_b10,50,0.1,0.05,219.3665132336019,0.0993469505178365,0.8409090909090909,0.0962025316455696,250.0,-30.633486766398107
XGBoost,time,-1,refitted,TopK_b10,50,0.1,0.1,429.1127733026468,0.1024913693901035,0.8409090909090909,0.0962025316455696,500.0,-70.88722669735319
XGBoost,time,-1,refitted,TopK_b10,50,0.1,0.15,638.8590333716916,0.1056357882623705,0.8409090909090909,0.0962025316455696,750.0,-111.14096662830843
XGBoost,time,-1,refitted,TopK_b20,5,0.2,0.02,25.006455696202533,0.1950645569620253,0.625,0.1913924050632911,10.0,15.006455696202533
XGBoost,time,-1,refitted,TopK_b20,5,0.2,0.05,33.80727848101266,0.2005727848101265,0.625,0.1913924050632911,25.0,8.80727848101266
XGBoost,time,-1,refitted,TopK_b20,5,0.2,0.1,48.4753164556962,0.209753164556962,0.625,0.1913924050632911,50.0,-1.524683544303798
XGBoost,time,-1,refitted,TopK_b20,5,0.2,0.15,63.14335443037975,0.2189335443037974,0.625,0.1913924050632911,75.0,-11.856645569620248
XGBoost,time,-1,refitted,TopK_b20,10,0.2,0.02,31.256455696202533,0.1950645569620253,0.625,0.1913924050632911,20.0,11.256455696202533
XGBoost,time,-1,refitted,TopK_b20,10,0.2,0.05,49.43227848101266,0.2005727848101265,0.625,0.1913924050632911,50.0,-0.5677215189873408
XGBoost,time,-1,refitted,TopK_b20,10,0.2,0.1,79.7253164556962,0.209753164556962,0.625,0.1913924050632911,100.0,-20.274683544303798
XGBoost,time,-1,refitted,TopK_b20,10,0.2,0.15,110.01835443037974,0.2189335443037974,0.625,0.1913924050632911,150.0,-39.981645569620255
XGBoost,time,-1,refitted,TopK_b20,20,0.2,0.02,43.756455696202536,0.1950645569620253,0.625,0.1913924050632911,40.0,3.7564556962025364
XGBoost,time,-1,refitted,TopK_b20,20,0.2,0.05,80.68227848101266,0.2005727848101265,0.625,0.1913924050632911,100.0,-19.31772151898734
XGBoost,time,-1,refitted,TopK_b20,20,0.2,0.1,142.2253164556962,0.209753164556962,0.625,0.1913924050632911,200.0,-57.7746835443038
XGBoost,time,-1,refitted,TopK_b20,20,0.2,0.15,203.76835443037976,0.2189335443037974,0.625,0.1913924050632911,300.0,-96.23164556962024
XGBoost,time,-1,refitted,TopK_b20,50,0.2,0.02,81.25645569620254,0.1950645569620253,0.625,0.1913924050632911,100.0,-18.743544303797464
XGBoost,time,-1,refitted,TopK_b20,50,0.2,0.05,174.43227848101264,0.2005727848101265,0.625,0.1913924050632911,250.0,-75.56772151898736
XGBoost,time,-1,refitted,TopK_b20,50,0.2,0.1,329.7253164556962,0.209753164556962,0.625,0.1913924050632911,500.0,-170.2746835443038
XGBoost,time,-1,refitted,TopK_b20,50,0.2,0.15,485.0183544303797,0.2189335443037974,0.625,0.1913924050632911,750.0,-264.9816455696203
LR,time,-1,fixed,none,5,,0.02,10.0,0.0,1.0,0.0,10.0,0.0
LR,time,-1,fixed,none,5,,0.05,25.0,0.0,1.0,0.0,25.0,0.0
LR,time,-1,fixed,none,5,,0.1,50.0,0.0,1.0,0.0,50.0,0.0
LR,time,-1,fixed,none,5,,0.15,75.0,0.0,1.0,0.0,75.0,0.0
LR,time,-1,fixed,none,10,,0.02,20.0,0.0,1.0,0.0,20.0,0.0
LR,time,-1,fixed,none,10,,0.05,50.0,0.0,1.0,0.0,50.0,0.0
LR,time,-1,fixed,none,10,,0.1,100.0,0.0,1.0,0.0,100.0,0.0
LR,time,-1,fixed,none,10,,0.15,150.0,0.0,1.0,0.0,150.0,0.0
LR,time,-1,fixed,none,20,,0.02,40.0,0.0,1.0,0.0,40.0,0.0
LR,time,-1,fixed,none,20,,0.05,100.0,0.0,1.0,0.0,100.0,0.0
LR,time,-1,fixed,none,20,,0.1,200.0,0.0,1.0,0.0,200.0,0.0
LR,time,-1,fixed,none,20,,0.15,300.0,0.0,1.0,0.0,300.0,0.0
LR,time,-1,fixed,none,50,,0.02,100.0,0.0,1.0,0.0,100.0,0.0
LR,time,-1,fixed,none,50,,0.05,250.0,0.0,1.0,0.0,250.0,0.0
LR,time,-1,fixed,none,50,,0.1,500.0,0.0,1.0,0.0,500.0,0.0
LR,time,-1,fixed,none,50,,0.15,750.0,0.0,1.0,0.0,750.0,0.0
LR,time,-1,fixed,A_b01,5,0.01,0.02,11.757537399309552,0.0203026467203682,0.9772727272727272,0.020253164556962,10.0,1.7575373993095518
LR,time,-1,fixed,A_b01,5,0.01,0.05,26.355868814729572,0.0203768699654775,0.9772727272727272,0.020253164556962,25.0,1.3558688147295719
LR,time,-1,fixed,A_b01,5,0.01,0.1,50.68642117376295,0.020500575373993,0.9772727272727272,0.020253164556962,50.0,0.6864211737629518
LR,time,-1,fixed,A_b01,5,0.01,0.15,75.01697353279631,0.0206242807825086,0.9772727272727272,0.020253164556962,75.0,0.01697353279631386
LR,time,-1,fixed,A_b01,10,0.01,0.02,21.530264672036825,0.0203026467203682,0.9772727272727272,0.020253164556962,20.0,1.5302646720368251
LR,time,-1,fixed,A_b01,10,0.01,0.05,50.78768699654776,0.0203768699654775,0.9772727272727272,0.020253164556962,50.0,0.7876869965477624
LR,time,-1,fixed,A_b01,10,0.01,0.1,99.55005753739933,0.020500575373993,0.9772727272727272,0.020253164556962,100.0,-0.4499424626006743
LR,time,-1,fixed,A_b01,10,0.01,0.15,148.31242807825083,0.0206242807825086,0.9772727272727272,0.020253164556962,150.0,-1.6875719217491678
LR,time,-1,fixed,A_b01,20,0.01,0.02,41.07571921749137,0.0203026467203682,0.9772727272727272,0.020253164556962,40.0,1.0757192174913683
LR,time,-1,fixed,A_b01,20,0.01,0.05,99.65132336018412,0.0203768699654775,0.9772727272727272,0.020253164556962,100.0,-0.3486766398158778
LR,time,-1,fixed,A_b01,20,0.01,0.1,197.2773302646721,0.020500575373993,0.9772727272727272,0.020253164556962,200.0,-2.722669735327912
LR,time,-1,fixed,A_b01,20,0.01,0.15,294.90333716915995,0.0206242807825086,0.9772727272727272,0.020253164556962,300.0,-5.096662830840046
LR,time,-1,fixed,A_b01,50,0.01,0.02,99.712082853855,0.0203026467203682,0.9772727272727272,0.020253164556962,100.0,-0.28791714614500563
LR,time,-1,fixed,A_b01,50,0.01,0.05,246.2422324510933,0.0203768699654775,0.9772727272727272,0.020253164556962,250.0,-3.7577675489067133
LR,time,-1,fixed,A_b01,50,0.01,0.1,490.4591484464903,0.020500575373993,0.9772727272727272,0.020253164556962,500.0,-9.540851553509697
LR,time,-1,fixed,A_b01,50,0.01,0.15,734.6760644418873,0.0206242807825086,0.9772727272727272,0.020253164556962,750.0,-15.32393555811268
LR,time,-1,fixed,A_b05,5,0.05,0.02,18.603601841196777,0.098308745684695,0.8977272727272727,0.0982278481012658,10.0,8.603601841196777
LR,time,-1,fixed,A_b05,5,0.05,0.05,31.774827387802077,0.0984300920598389,0.8977272727272727,0.0982278481012658,25.0,6.774827387802077
LR,time,-1,fixed,A_b05,5,0.05,0.1,53.72686996547756,0.0986323360184119,0.8977272727272727,0.0982278481012658,50.0,3.7268699654775617
LR,time,-1,fixed,A_b05,5,0.05,0.15,75.67891254315306,0.098834579976985,0.8977272727272727,0.0982278481012658,75.0,0.6789125431530607
LR,time,-1,fixed,A_b05,10,0.05,0.02,27.580874568469504,0.098308745684695,0.8977272727272727,0.0982278481012658,20.0,7.580874568469504
LR,time,-1,fixed,A_b05,10,0.05,0.05,54.21800920598388,0.0984300920598389,0.8977272727272727,0.0982278481012658,50.0,4.218009205983883
LR,time,-1,fixed,A_b05,10,0.05,0.1,98.6132336018412,0.0986323360184119,0.8977272727272727,0.0982278481012658,100.0,-1.386766398158798
LR,time,-1,fixed,A_b05,10,0.05,0.15,143.0084579976985,0.098834579976985,0.8977272727272727,0.0982278481012658,150.0,-6.991542002301486
LR,time,-1,fixed,A_b05,20,0.05,0.02,45.53542002301496,0.098308745684695,0.8977272727272727,0.0982278481012658,40.0,5.535420023014957
LR,time,-1,fixed,A_b05,20,0.05,0.05,99.10437284234752,0.0984300920598389,0.8977272727272727,0.0982278481012658,100.0,-0.8956271576524841
LR,time,-1,fixed,A_b05,20,0.05,0.1,188.38596087456847,0.0986323360184119,0.8977272727272727,0.0982278481012658,200.0,-11.614039125431532
LR,time,-1,fixed,A_b05,20,0.05,0.15,277.6675489067894,0.098834579976985,0.8977272727272727,0.0982278481012658,300.0,-22.33245109321058
LR,time,-1,fixed,A_b05,50,0.05,0.02,99.39905638665132,0.098308745684695,0.8977272727272727,0.0982278481012658,100.0,-0.6009436133486759
LR,time,-1,fixed,A_b05,50,0.05,0.05,233.76346375143845,0.0984300920598389,0.8977272727272727,0.0982278481012658,250.0,-16.23653624856155
LR,time,-1,fixed,A_b05,50,0.05,0.1,457.7041426927503,0.0986323360184119,0.8977272727272727,0.0982278481012658,500.0,-42.29585730724972
LR,time,-1,fixed,A_b05,50,0.05,0.15,681.6448216340622,0.098834579976985,0.8977272727272727,0.0982278481012658,750.0,-68.35517836593783
LR,time,-1,fixed,A_b10,5,0.1,0.02,23.925834292289988,0.1597128883774453,0.8295454545454546,0.1594936708860759,10.0,13.925834292289988
LR,time,-1,fixed,A_b10,5,0.1,0.05,35.89053509781358,0.1600417146144994,0.8295454545454546,0.1594936708860759,25.0,10.890535097813583
LR,time,-1,fixed,A_b10,5,0.1,0.1,55.83170310701957,0.1605897583429228,0.8295454545454546,0.1594936708860759,50.0,5.831703107019571
LR,time,-1,fixed,A_b10,5,0.1,0.15,75.77287111622555,0.1611378020713463,0.8295454545454546,0.1594936708860759,75.0,0.772871116225545
LR,time,-1,fixed,A_b10,10,0.1,0.02,32.22128883774453,0.1597128883774453,0.8295454545454546,0.1594936708860759,20.0,12.221288837744531
LR,time,-1,fixed,A_b10,10,0.1,0.05,56.62917146144994,0.1600417146144994,0.8295454545454546,0.1594936708860759,50.0,6.629171461449943
LR,time,-1,fixed,A_b10,10,0.1,0.1,97.3089758342923,0.1605897583429228,0.8295454545454546,0.1594936708860759,100.0,-2.6910241657077023
LR,time,-1,fixed,A_b10,10,0.1,0.15,137.98878020713462,0.1611378020713463,0.8295454545454546,0.1594936708860759,150.0,-12.011219792865376
LR,time,-1,fixed,A_b10,20,0.1,0.02,48.812197928653625,0.1597128883774453,0.8295454545454546,0.1594936708860759,40.0,8.812197928653625
LR,time,-1,fixed,A_b10,20,0.1,0.05,98.10644418872268,0.1600417146144994,0.8295454545454546,0.1594936708860759,100.0,-1.8935558112773236
LR,time,-1,fixed,A_b10,20,0.1,0.1,180.26352128883772,0.1605897583429228,0.8295454545454546,0.1594936708860759,200.0,-19.736478711162277
LR,time,-1,fixed,A_b10,20,0.1,0.15,262.42059838895284,0.1611378020713463,0.8295454545454546,0.1594936708860759,300.0,-37.57940161104716
LR,time,-1,fixed,A_b10,50,0.1,0.02,98.5849252013809,0.1597128883774453,0.8295454545454546,0.1594936708860759,100.0,-1.4150747986191021
LR,time,-1,fixed,A_b10,50,0.1,0.05,222.53826237054088,0.1600417146144994,0.8295454545454546,0.1594936708860759,250.0,-27.461737629459122
LR,time,-1,fixed,A_b10,50,0.1,0.1,429.1271576524742,0.1605897583429228,0.8295454545454546,0.1594936708860759,500.0,-70.87284234752582
LR,time,-1,fixed,A_b10,50,0.1,0.15,635.7160529344073,0.1611378020713463,0.8295454545454546,0.1594936708860759,750.0,-114.28394706559266
LR,time,-1,fixed,A_b20,5,0.2,0.02,36.6831415420023,0.3009223245109321,0.7159090909090909,0.3012658227848101,10.0,26.683141542002303
LR,time,-1,fixed,A_b20,5,0.2,0.05,46.51798043728424,0.300407077100115,0.7159090909090909,0.3012658227848101,25.0,21.517980437284237
LR,time,-1,fixed,A_b20,5,0.2,0.1,62.90937859608745,0.29954833141542,0.7159090909090909,0.3012658227848101,50.0,12.90937859608745
LR,time,-1,fixed,A_b20,5,0.2,0.15,79.30077675489069,0.2986895857307249,0.7159090909090909,0.3012658227848101,75.0,4.300776754890691
LR,time,-1,fixed,A_b20,10,0.2,0.02,43.84223245109321,0.3009223245109321,0.7159090909090909,0.3012658227848101,20.0,23.84223245109321
LR,time,-1,fixed,A_b20,10,0.2,0.05,64.4157077100115,0.300407077100115,0.7159090909090909,0.3012658227848101,50.0,14.415707710011503
LR,time,-1,fixed,A_b20,10,0.2,0.1,98.704833141542,0.29954833141542,0.7159090909090909,0.3012658227848101,100.0,-1.2951668584580034
LR,time,-1,fixed,A_b20,10,0.2,0.15,132.9939585730725,0.2986895857307249,0.7159090909090909,0.3012658227848101,150.0,-17.00604142692751
LR,time,-1,fixed,A_b20,20,0.2,0.02,58.16041426927503,0.3009223245109321,0.7159090909090909,0.3012658227848101,40.0,18.16041426927503
LR,time,-1,fixed,A_b20,20,0.2,0.05,100.21116225546604,0.300407077100115,0.7159090909090909,0.3012658227848101,100.0,0.21116225546603573
LR,time,-1,fixed,A_b20,20,0.2,0.1,170.2957422324511,0.29954833141542,0.7159090909090909,0.3012658227848101,200.0,-29.70425776754891
LR,time,-1,fixed,A_b20,20,0.2,0.15,240.38032220943612,0.2986895857307249,0.7159090909090909,0.3012658227848101,300.0,-59.619677790563884
LR,time,-1,fixed,A_b20,50,0.2,0.02,101.11495972382048,0.3009223245109321,0.7159090909090909,0.3012658227848101,100.0,1.1149597238204763
LR,time,-1,fixed,A_b20,50,0.2,0.05,207.5975258918297,0.300407077100115,0.7159090909090909,0.3012658227848101,250.0,-42.40247410817031
LR,time,-1,fixed,A_b20,50,0.2,0.1,385.0684695051784,0.29954833141542,0.7159090909090909,0.3012658227848101,500.0,-114.93153049482157
LR,time,-1,fixed,A_b20,50,0.2,0.15,562.539413118527,0.2986895857307249,0.7159090909090909,0.3012658227848101,750.0,-187.46058688147298
LR,time,-1,fixed,B_r05,5,,0.02,15.530517836593788,0.0907597238204833,0.7045454545454546,0.0865822784810126,10.0,5.530517836593788
LR,time,-1,fixed,B_r05,5,,0.05,25.838952819332565,0.0970258918296892,0.7045454545454546,0.0865822784810126,25.0,0.8389528193325653
LR,time,-1,fixed,B_r05,5,,0.1,43.01967779056387,0.1074695051783659,0.7045454545454546,0.0865822784810126,50.0,-6.980322209436132
LR,time,-1,fixed,B_r05,5,,0.15,60.20040276179517,0.1179131185270425,0.7045454545454546,0.0865822784810126,75.0,-14.799597238204832
LR,time,-1,fixed,B_r10,10,,0.02,35.855212888377444,0.2510521288837744,0.5795454545454546,0.2475949367088607,20.0,15.855212888377444
LR,time,-1,fixed,B_r10,10,,0.05,52.4987917146145,0.2562379171461449,0.5795454545454546,0.2475949367088607,50.0,2.498791714614498
LR,time,-1,fixed,B_r10,10,,0.1,80.23808975834292,0.2648808975834292,0.5795454545454546,0.2475949367088607,100.0,-19.761910241657077
LR,time,-1,fixed,B_r10,10,,0.15,107.97738780207136,0.2735238780207135,0.5795454545454546,0.2475949367088607,150.0,-42.02261219792864
LR,time,-1,fixed,B_r20,20,,0.02,51.30853855005755,0.2944490218642117,0.5681818181818182,0.2916455696202532,40.0,11.308538550057548
LR,time,-1,fixed,B_r20,20,,0.05,84.52451093210587,0.2986542002301496,0.5681818181818182,0.2916455696202532,100.0,-15.47548906789413
LR,time,-1,fixed,B_r20,20,,0.1,139.88446490218644,0.3056628308400461,0.5681818181818182,0.2916455696202532,200.0,-60.11553509781356
LR,time,-1,fixed,B_r20,20,,0.15,195.24441887226695,0.3126714614499424,0.5681818181818182,0.2916455696202532,300.0,-104.75558112773305
LR,time,-1,fixed,B_r50,50,,0.02,79.96393555811277,0.6457757192174913,0.1704545454545454,0.6420253164556962,100.0,-20.036064441887234
LR,time,-1,fixed,B_r50,50,,0.05,103.60604142692748,0.6514013233601841,0.1704545454545454,0.6420253164556962,250.0,-146.39395857307252
LR,time,-1,fixed,B_r50,50,,0.1,143.0095512082854,0.6607773302646721,0.1704545454545454,0.6420253164556962,500.0,-356.9904487917146
LR,time,-1,fixed,B_r50,50,,0.15,182.41306098964324,0.6701533371691598,0.1704545454545454,0.6420253164556962,750.0,-567.5869390103568
LR,time,-1,fixed,C_b01_r05,5,0.01,0.02,10.134464902186425,0.0027082853855005,0.9886363636363636,0.0025316455696202,10.0,0.1344649021864246
LR,time,-1,fixed,C_b01_r05,5,0.01,0.05,24.956415420023013,0.002973245109321,0.9886363636363636,0.0025316455696202,25.0,-0.043584579976986504
LR,time,-1,fixed,C_b01_r05,5,0.01,0.1,49.659666283084,0.0034148446490218,0.9886363636363636,0.0025316455696202,50.0,-0.3403337169159997
LR,time,-1,fixed,C_b01_r05,5,0.01,0.15,74.362917146145,0.0038564441887226,0.9886363636363636,0.0025316455696202,75.0,-0.6370828538550057
LR,time,-1,fixed,C_b01_r10,10,0.01,0.02,20.02082853855006,0.0027082853855005,0.9886363636363636,0.0025316455696202,20.0,0.020828538550059505
LR,time,-1,fixed,C_b01_r10,10,0.01,0.05,49.67232451093211,0.002973245109321,0.9886363636363636,0.0025316455696202,50.0,-0.327675489067893
LR,time,-1,fixed,C_b01_r10,10,0.01,0.1,99.0914844649022,0.0034148446490218,0.9886363636363636,0.0025316455696202,100.0,-0.9085155350978056
LR,time,-1,fixed,C_b01_r10,10,0.01,0.15,148.51064441887226,0.0038564441887226,0.9886363636363636,0.0025316455696202,150.0,-1.4893555811277395
LR,time,-1,fixed,C_b01_r20,20,0.01,0.02,39.793555811277336,0.0027082853855005,0.9886363636363636,0.0025316455696202,40.0,-0.20644418872266357
LR,time,-1,fixed,C_b01_r20,20,0.01,0.05,99.10414269275029,0.002973245109321,0.9886363636363636,0.0025316455696202,100.0,-0.8958573072497131
LR,time,-1,fixed,C_b01_r20,20,0.01,0.1,197.95512082853853,0.0034148446490218,0.9886363636363636,0.0025316455696202,200.0,-2.0448791714614742
LR,time,-1,fixed,C_b01_r20,20,0.01,0.15,296.8060989643268,0.0038564441887226,0.9886363636363636,0.0025316455696202,300.0,-3.193901035673207
LR,time,-1,fixed,C_b01_r50,50,0.01,0.02,99.11173762945916,0.0027082853855005,0.9886363636363636,0.0025316455696202,100.0,-0.8882623705408434
LR,time,-1,fixed,C_b01_r50,50,0.01,0.05,247.39959723820485,0.002973245109321,0.9886363636363636,0.0025316455696202,250.0,-2.600402761795152
LR,time,-1,fixed,C_b01_r50,50,0.01,0.1,494.5460299194477,0.0034148446490218,0.9886363636363636,0.0025316455696202,500.0,-5.453970080552324
LR,time,-1,fixed,C_b01_r50,50,0.01,0.15,741.6924626006905,0.0038564441887226,0.9886363636363636,0.0025316455696202,750.0,-8.307537399309467
LR,time,-1,fixed,C_b05_r05,5,0.05,0.02,10.18408515535098,0.0032044879171461,0.9886363636363636,0.0030379746835443,10.0,0.1840851553509797
LR,time,-1,fixed,C_b05_r05,5,0.05,0.05,25.0045166858458,0.0034542577675489,0.9886363636363636,0.0030379746835443,25.0,0.004516685845800339
LR,time,-1,fixed,C_b05_r05,5,0.05,0.1,49.70523590333717,0.0038705408515535,0.9886363636363636,0.0030379746835443,50.0,-0.2947640966628313
LR,time,-1,fixed,C_b05_r05,5,0.05,0.15,74.40595512082854,0.0042868239355581,0.9886363636363636,0.0030379746835443,75.0,-0.594044879171463
LR,time,-1,fixed,C_b05_r10,10,0.05,0.02,20.984441887226694,0.0148444188722669,0.9772727272727272,0.0146835443037974,20.0,0.9844418872266942
LR,time,-1,fixed,C_b05_r10,10,0.05,0.05,50.25857307249713,0.0150857307249712,0.9772727272727272,0.0146835443037974,50.0,0.25857307249712846
LR,time,-1,fixed,C_b05_r10,10,0.05,0.1,99.04879171461452,0.0154879171461449,0.9772727272727272,0.0146835443037974,100.0,-0.9512082853854764
LR,time,-1,fixed,C_b05_r10,10,0.05,0.15,147.83901035673185,0.0158901035673187,0.9772727272727272,0.0146835443037974,150.0,-2.1609896432681523
LR,time,-1,fixed,C_b05_r20,20,0.05,0.02,40.52989643268125,0.0148444188722669,0.9772727272727272,0.0146835443037974,40.0,0.5298964326812481
LR,time,-1,fixed,C_b05_r20,20,0.05,0.05,99.12220943613347,0.0150857307249712,0.9772727272727272,0.0146835443037974,100.0,-0.877790563866526
LR,time,-1,fixed,C_b05_r20,20,0.05,0.1,196.77606444188723,0.0154879171461449,0.9772727272727272,0.0146835443037974,200.0,-3.223935558112771
LR,time,-1,fixed,C_b05_r20,20,0.05,0.15,294.42991944764094,0.0158901035673187,0.9772727272727272,0.0146835443037974,300.0,-5.570080552359059
LR,time,-1,fixed,C_b05_r50,50,0.05,0.02,99.16626006904488,0.0148444188722669,0.9772727272727272,0.0146835443037974,100.0,-0.8337399309551188
LR,time,-1,fixed,C_b05_r50,50,0.05,0.05,245.7131185270426,0.0150857307249712,0.9772727272727272,0.0146835443037974,250.0,-4.28688147295739
LR,time,-1,fixed,C_b05_r50,50,0.05,0.1,489.9578826237055,0.0154879171461449,0.9772727272727272,0.0146835443037974,500.0,-10.042117376294527
LR,time,-1,fixed,C_b05_r50,50,0.05,0.15,734.2026467203683,0.0158901035673187,0.9772727272727272,0.0146835443037974,750.0,-15.797353279631693
LR,time,-1,fixed,C_b10_r05,5,0.1,0.02,10.382566168009207,0.0051892980437284,0.9886363636363636,0.0050632911392405,10.0,0.3825661680092072
LR,time,-1,fixed,C_b10_r05,5,0.1,0.05,25.19692174913694,0.0053783084004602,0.9886363636363636,0.0050632911392405,25.0,0.1969217491369406
LR,time,-1,fixed,C_b10_r05,5,0.1,0.1,49.88751438434983,0.00569332566168,0.9886363636363636,0.0050632911392405,50.0,-0.11248561565017212
LR,time,-1,fixed,C_b10_r05,5,0.1,0.15,74.57810701956271,0.0060083429228998,0.9886363636363636,0.0050632911392405,75.0,-0.42189298043729195
LR,time,-1,fixed,C_b10_r10,10,0.1,0.02,21.182922899884925,0.0168292289988492,0.9772727272727272,0.0167088607594936,20.0,1.1829228998849253
LR,time,-1,fixed,C_b10_r10,10,0.1,0.05,50.45097813578826,0.0170097813578826,0.9772727272727272,0.0167088607594936,50.0,0.4509781357882616
LR,time,-1,fixed,C_b10_r10,10,0.1,0.1,99.23107019562715,0.0173107019562715,0.9772727272727272,0.0167088607594936,100.0,-0.7689298043728456
LR,time,-1,fixed,C_b10_r10,10,0.1,0.15,148.01116225546605,0.0176116225546605,0.9772727272727272,0.0167088607594936,150.0,-1.988837744533953
LR,time,-1,fixed,C_b10_r20,20,0.1,0.02,40.72837744533947,0.0168292289988492,0.9772727272727272,0.0167088607594936,40.0,0.7283774453394685
LR,time,-1,fixed,C_b10_r20,20,0.1,0.05,99.31461449942462,0.0170097813578826,0.9772727272727272,0.0167088607594936,100.0,-0.6853855005753786
LR,time,-1,fixed,C_b10_r20,20,0.1,0.1,196.95834292289987,0.0173107019562715,0.9772727272727272,0.0167088607594936,200.0,-3.041657077100126
LR,time,-1,fixed,C_b10_r20,20,0.1,0.15,294.6020713463752,0.0176116225546605,0.9772727272727272,0.0167088607594936,300.0,-5.397928653624774
LR,time,-1,fixed,C_b10_r50,50,0.1,0.02,99.36474108170312,0.0168292289988492,0.9772727272727272,0.0167088607594936,100.0,-0.6352589182968842
LR,time,-1,fixed,C_b10_r50,50,0.1,0.05,245.90552359033376,0.0170097813578826,0.9772727272727272,0.0167088607594936,250.0,-4.0944764096662425
LR,time,-1,fixed,C_b10_r50,50,0.1,0.1,490.14016110471806,0.0173107019562715,0.9772727272727272,0.0167088607594936,500.0,-9.85983889528194
LR,time,-1,fixed,C_b10_r50,50,0.1,0.15,734.3747986191024,0.0176116225546605,0.9772727272727272,0.0167088607594936,750.0,-15.625201380897579
LR,time,-1,fixed,C_b20_r05,5,0.2,0.02,10.382566168009207,0.0051892980437284,0.9886363636363636,0.0050632911392405,10.0,0.3825661680092072
LR,time,-1,fixed,C_b20_r05,5,0.2,0.05,25.19692174913694,0.0053783084004602,0.9886363636363636,0.0050632911392405,25.0,0.1969217491369406
LR,time,-1,fixed,C_b20_r05,5,0.2,0.1,49.88751438434983,0.00569332566168,0.9886363636363636,0.0050632911392405,50.0,-0.11248561565017212
LR,time,-1,fixed,C_b20_r05,5,0.2,0.15,74.57810701956271,0.0060083429228998,0.9886363636363636,0.0050632911392405,75.0,-0.42189298043729195
LR,time,-1,fixed,C_b20_r10,10,0.2,0.02,22.047295742232453,0.0279729574223245,0.9659090909090908,0.0278481012658227,20.0,2.0472957422324534
LR,time,-1,fixed,C_b20_r10,10,0.2,0.05,50.94102416570772,0.028160241657077,0.9659090909090908,0.0278481012658227,50.0,0.9410241657077165
LR,time,-1,fixed,C_b20_r10,10,0.2,0.1,99.09723820483316,0.0284723820483314,0.9659090909090908,0.0278481012658227,100.0,-0.902761795166839
LR,time,-1,fixed,C_b20_r10,10,0.2,0.15,147.25345224395858,0.0287845224395857,0.9659090909090908,0.0278481012658227,150.0,-2.746547756041423
LR,time,-1,fixed,C_b20_r20,20,0.2,0.02,43.49118527042578,0.0540027617951668,0.9545454545454546,0.0541772151898734,40.0,3.491185270425781
LR,time,-1,fixed,C_b20_r20,20,0.2,0.05,100.60138089758344,0.053741081703107,0.9545454545454546,0.0541772151898734,100.0,0.6013808975834394
LR,time,-1,fixed,C_b20_r20,20,0.2,0.1,195.78504027617956,0.0533049482163406,0.9545454545454546,0.0541772151898734,200.0,-4.214959723820442
LR,time,-1,fixed,C_b20_r20,20,0.2,0.15,290.9686996547756,0.0528688147295742,0.9545454545454546,0.0541772151898734,300.0,-9.031300345224395
LR,time,-1,fixed,C_b20_r50,50,0.2,0.02,100.76391254315304,0.0540027617951668,0.9545454545454546,0.0541772151898734,100.0,0.7639125431530402
LR,time,-1,fixed,C_b20_r50,50,0.2,0.05,243.7831990794016,0.053741081703107,0.9545454545454546,0.0541772151898734,250.0,-6.216800920598388
LR,time,-1,fixed,C_b20_r50,50,0.2,0.1,482.1486766398159,0.0533049482163406,0.9545454545454546,0.0541772151898734,500.0,-17.851323360184097
LR,time,-1,fixed,C_b20_r50,50,0.2,0.15,720.5141542002302,0.0528688147295742,0.9545454545454546,0.0541772151898734,750.0,-29.485845799769777
LR,time,-1,fixed,TopK_b01,5,0.01,0.02,10.82914844649022,0.0096551208285385,0.9886363636363636,0.0096202531645569,10.0,0.8291484464902208
LR,time,-1,fixed,TopK_b01,5,0.01,0.05,25.629833141542,0.0097074223245109,0.9886363636363636,0.0096202531645569,25.0,0.6298331415420009
LR,time,-1,fixed,TopK_b01,5,0.01,0.1,50.29764096662831,0.0097945914844649,0.9886363636363636,0.0096202531645569,50.0,0.2976409666283075
LR,time,-1,fixed,TopK_b01,5,0.01,0.15,74.96544879171462,0.0098817606444188,0.9886363636363636,0.0096202531645569,75.0,-0.03455120828537872
LR,time,-1,fixed,TopK_b01,10,0.01,0.02,20.715512082853856,0.0096551208285385,0.9886363636363636,0.0096202531645569,20.0,0.7155120828538557
LR,time,-1,fixed,TopK_b01,10,0.01,0.05,50.34574223245109,0.0097074223245109,0.9886363636363636,0.0096202531645569,50.0,0.34574223245108726
LR,time,-1,fixed,TopK_b01,10,0.01,0.1,99.72945914844648,0.0097945914844649,0.9886363636363636,0.0096202531645569,100.0,-0.2705408515535197
LR,time,-1,fixed,TopK_b01,10,0.01,0.15,149.1131760644419,0.0098817606444188,0.9886363636363636,0.0096202531645569,150.0,-0.8868239355581125
LR,time,-1,fixed,TopK_b01,20,0.01,0.02,40.488239355581136,0.0096551208285385,0.9886363636363636,0.0096202531645569,40.0,0.4882393555811362
LR,time,-1,fixed,TopK_b01,20,0.01,0.05,99.77756041426927,0.0097074223245109,0.9886363636363636,0.0096202531645569,100.0,-0.22243958573072575
LR,time,-1,fixed,TopK_b01,20,0.01,0.1,198.59309551208287,0.0097945914844649,0.9886363636363636,0.0096202531645569,200.0,-1.4069044879171315
LR,time,-1,fixed,TopK_b01,20,0.01,0.15,297.4086306098964,0.0098817606444188,0.9886363636363636,0.0096202531645569,300.0,-2.59136939010358
LR,time,-1,fixed,TopK_b01,50,0.01,0.02,99.80642117376294,0.0096551208285385,0.9886363636363636,0.0096202531645569,100.0,-0.1935788262370579
LR,time,-1,fixed,TopK_b01,50,0.01,0.05,248.07301495972385,0.0097074223245109,0.9886363636363636,0.0096202531645569,250.0,-1.9269850402761506
LR,time,-1,fixed,TopK_b01,50,0.01,0.1,495.18400460299193,0.0097945914844649,0.9886363636363636,0.0096202531645569,500.0,-4.8159953970080664
LR,time,-1,fixed,TopK_b01,50,0.01,0.15,742.2949942462601,0.0098817606444188,0.9886363636363636,0.0096202531645569,750.0,-7.705005753739897
LR,time,-1,fixed,TopK_b05,5,0.05,0.02,14.472255466052935,0.0488134637514384,0.9659090909090908,0.0491139240506329,10.0,4.4722554660529354
LR,time,-1,fixed,TopK_b05,5,0.05,0.05,28.8135500575374,0.0483627733026467,0.9659090909090908,0.0491139240506329,25.0,3.8135500575374017
LR,time,-1,fixed,TopK_b05,5,0.05,0.1,52.71570771001151,0.0476116225546605,0.9659090909090908,0.0491139240506329,50.0,2.7157077100115075
LR,time,-1,fixed,TopK_b05,5,0.05,0.15,76.61786536248562,0.0468604718066743,0.9659090909090908,0.0491139240506329,75.0,1.6178653624856167
LR,time,-1,fixed,TopK_b05,10,0.05,0.02,24.13134637514385,0.0488134637514384,0.9659090909090908,0.0491139240506329,20.0,4.131346375143849
LR,time,-1,fixed,TopK_b05,10,0.05,0.05,52.96127733026468,0.0483627733026467,0.9659090909090908,0.0491139240506329,50.0,2.9612773302646787
LR,time,-1,fixed,TopK_b05,10,0.05,0.1,101.01116225546605,0.0476116225546605,0.9659090909090908,0.0491139240506329,100.0,1.011162255466047
LR,time,-1,fixed,TopK_b05,10,0.05,0.15,149.06104718066743,0.0468604718066743,0.9659090909090908,0.0491139240506329,150.0,-0.9389528193325702
LR,time,-1,fixed,TopK_b05,20,0.05,0.02,43.44952819332566,0.0488134637514384,0.9659090909090908,0.0491139240506329,40.0,3.449528193325662
LR,time,-1,fixed,TopK_b05,20,0.05,0.05,101.25673187571924,0.0483627733026467,0.9659090909090908,0.0491139240506329,100.0,1.2567318757192396
LR,time,-1,fixed,TopK_b05,20,0.05,0.1,197.60207134637517,0.0476116225546605,0.9659090909090908,0.0491139240506329,200.0,-2.397928653624831
LR,time,-1,fixed,TopK_b05,20,0.05,0.15,293.9474108170311,0.0468604718066743,0.9659090909090908,0.0491139240506329,300.0,-6.052589182968916
LR,time,-1,fixed,TopK_b05,50,0.05,0.02,101.40407364787112,0.0488134637514384,0.9659090909090908,0.0491139240506329,100.0,1.4040736478711153
LR,time,-1,fixed,TopK_b05,50,0.05,0.05,246.14309551208288,0.0483627733026467,0.9659090909090908,0.0491139240506329,250.0,-3.85690448791712
LR,time,-1,fixed,TopK_b05,50,0.05,0.1,487.3747986191025,0.0476116225546605,0.9659090909090908,0.0491139240506329,500.0,-12.625201380897522
LR,time,-1,fixed,TopK_b05,50,0.05,0.15,728.606501726122,0.0468604718066743,0.9659090909090908,0.0491139240506329,750.0,-21.39349827387798
LR,time,-1,fixed,TopK_b10,5,0.1,0.02,18.00019562715765,0.0977292289988492,0.8522727272727273,0.0967088607594936,10.0,8.000195627157652
LR,time,-1,fixed,TopK_b10,5,0.1,0.05,30.49415995397008,0.0992597813578826,0.8522727272727273,0.0967088607594936,25.0,5.49415995397008
LR,time,-1,fixed,TopK_b10,5,0.1,0.1,51.3174338319908,0.1018107019562715,0.8522727272727273,0.0967088607594936,50.0,1.3174338319907974
LR,time,-1,fixed,TopK_b10,5,0.1,0.15,72.14070771001151,0.1043616225546605,0.8522727272727273,0.0967088607594936,75.0,-2.8592922899884883
LR,time,-1,fixed,TopK_b10,10,0.1,0.02,26.522922899884925,0.0977292289988492,0.8522727272727273,0.0967088607594936,20.0,6.522922899884925
LR,time,-1,fixed,TopK_b10,10,0.1,0.05,51.80097813578827,0.0992597813578826,0.8522727272727273,0.0967088607594936,50.0,1.8009781357882702
LR,time,-1,fixed,TopK_b10,10,0.1,0.1,93.93107019562716,0.1018107019562715,0.8522727272727273,0.0967088607594936,100.0,-6.068929804372843
LR,time,-1,fixed,TopK_b10,10,0.1,0.15,136.06116225546606,0.1043616225546605,0.8522727272727273,0.0967088607594936,150.0,-13.938837744533942
LR,time,-1,fixed,TopK_b10,20,0.1,0.02,43.56837744533947,0.0977292289988492,0.8522727272727273,0.0967088607594936,40.0,3.568377445339472
LR,time,-1,fixed,TopK_b10,20,0.1,0.05,94.41461449942464,0.0992597813578826,0.8522727272727273,0.0967088607594936,100.0,-5.585385500575356
LR,time,-1,fixed,TopK_b10,20,0.1,0.1,179.1583429228999,0.1018107019562715,0.8522727272727273,0.0967088607594936,200.0,-20.84165707710011
LR,time,-1,fixed,TopK_b10,20,0.1,0.15,263.9020713463751,0.1043616225546605,0.8522727272727273,0.0967088607594936,300.0,-36.09792865362488
LR,time,-1,fixed,TopK_b10,50,0.1,0.02,94.7047410817031,0.0977292289988492,0.8522727272727273,0.0967088607594936,100.0,-5.295258918296895
LR,time,-1,fixed,TopK_b10,50,0.1,0.05,222.25552359033367,0.0992597813578826,0.8522727272727273,0.0967088607594936,250.0,-27.744476409666333
LR,time,-1,fixed,TopK_b10,50,0.1,0.1,434.8401611047181,0.1018107019562715,0.8522727272727273,0.0967088607594936,500.0,-65.1598388952819
LR,time,-1,fixed,TopK_b10,50,0.1,0.15,647.4247986191025,0.1043616225546605,0.8522727272727273,0.0967088607594936,750.0,-102.57520138089751
LR,time,-1,fixed,TopK_b20,5,0.2,0.02,25.87235903337169,0.1969054085155351,0.6818181818181818,0.1944303797468354,10.0,15.87235903337169
LR,time,-1,fixed,TopK_b20,5,0.2,0.05,35.516340621403906,0.2006179516685845,0.6818181818181818,0.1944303797468354,25.0,10.516340621403906
LR,time,-1,fixed,TopK_b20,5,0.2,0.1,51.58964326812428,0.2068055235903337,0.6818181818181818,0.1944303797468354,50.0,1.5896432681242771
LR,time,-1,fixed,TopK_b20,5,0.2,0.15,67.66294591484466,0.2129930955120828,0.6818181818181818,0.1944303797468354,75.0,-7.337054085155344
LR,time,-1,fixed,TopK_b20,10,0.2,0.02,32.69054085155351,0.1969054085155351,0.6818181818181818,0.1944303797468354,20.0,12.690540851553507
LR,time,-1,fixed,TopK_b20,10,0.2,0.05,52.56179516685846,0.2006179516685845,0.6818181818181818,0.1944303797468354,50.0,2.5617951668584595
LR,time,-1,fixed,TopK_b20,10,0.2,0.1,85.68055235903337,0.2068055235903337,0.6818181818181818,0.1944303797468354,100.0,-14.31944764096663
LR,time,-1,fixed,TopK_b20,10,0.2,0.15,118.79930955120828,0.2129930955120828,0.6818181818181818,0.1944303797468354,150.0,-31.20069044879172
LR,time,-1,fixed,TopK_b20,20,0.2,0.02,46.32690448791714,0.1969054085155351,0.6818181818181818,0.1944303797468354,40.0,6.32690448791714
LR,time,-1,fixed,TopK_b20,20,0.2,0.05,86.65270425776754,0.2006179516685845,0.6818181818181818,0.1944303797468354,100.0,-13.347295742232461
LR,time,-1,fixed,TopK_b20,20,0.2,0.1,153.86237054085154,0.2068055235903337,0.6818181818181818,0.1944303797468354,200.0,-46.13762945914846
LR,time,-1,fixed,TopK_b20,20,0.2,0.15,221.0720368239356,0.2129930955120828,0.6818181818181818,0.1944303797468354,300.0,-78.9279631760644
LR,time,-1,fixed,TopK_b20,50,0.2,0.02,87.23599539700805,0.1969054085155351,0.6818181818181818,0.1944303797468354,100.0,-12.764004602991946
LR,time,-1,fixed,TopK_b20,50,0.2,0.05,188.9254315304948,0.2006179516685845,0.6818181818181818,0.1944303797468354,250.0,-61.07456846950521
LR,time,-1,fixed,TopK_b20,50,0.2,0.1,358.40782508630605,0.2068055235903337,0.6818181818181818,0.1944303797468354,500.0,-141.59217491369395
LR,time,-1,fixed,TopK_b20,50,0.2,0.15,527.8902186421174,0.2129930955120828,0.6818181818181818,0.1944303797468354,750.0,-222.10978135788264
LR,time,-1,refitted,none,5,,0.02,10.0,0.0,1.0,0.0,10.0,0.0
LR,time,-1,refitted,none,5,,0.05,25.0,0.0,1.0,0.0,25.0,0.0
LR,time,-1,refitted,none,5,,0.1,50.0,0.0,1.0,0.0,50.0,0.0
LR,time,-1,refitted,none,5,,0.15,75.0,0.0,1.0,0.0,75.0,0.0
LR,time,-1,refitted,none,10,,0.02,20.0,0.0,1.0,0.0,20.0,0.0
LR,time,-1,refitted,none,10,,0.05,50.0,0.0,1.0,0.0,50.0,0.0
LR,time,-1,refitted,none,10,,0.1,100.0,0.0,1.0,0.0,100.0,0.0
LR,time,-1,refitted,none,10,,0.15,150.0,0.0,1.0,0.0,150.0,0.0
LR,time,-1,refitted,none,20,,0.02,40.0,0.0,1.0,0.0,40.0,0.0
LR,time,-1,refitted,none,20,,0.05,100.0,0.0,1.0,0.0,100.0,0.0
LR,time,-1,refitted,none,20,,0.1,200.0,0.0,1.0,0.0,200.0,0.0
LR,time,-1,refitted,none,20,,0.15,300.0,0.0,1.0,0.0,300.0,0.0
LR,time,-1,refitted,none,50,,0.02,100.0,0.0,1.0,0.0,100.0,0.0
LR,time,-1,refitted,none,50,,0.05,250.0,0.0,1.0,0.0,250.0,0.0
LR,time,-1,refitted,none,50,,0.1,500.0,0.0,1.0,0.0,500.0,0.0
LR,time,-1,refitted,none,50,,0.15,750.0,0.0,1.0,0.0,750.0,0.0
LR,time,-1,refitted,A_b01,5,0.01,0.02,12.204119677790564,0.0247684695051783,0.9772727272727272,0.0248101265822784,10.0,2.2041196777905636
LR,time,-1,refitted,A_b01,5,0.01,0.05,26.78878020713464,0.0247059838895281,0.9772727272727272,0.0248101265822784,25.0,1.7887802071346393
LR,time,-1,refitted,A_b01,5,0.01,0.1,51.09654775604143,0.0246018411967779,0.9772727272727272,0.0248101265822784,50.0,1.0965477560414314
LR,time,-1,refitted,A_b01,5,0.01,0.15,75.40431530494821,0.0244976985040276,0.9772727272727272,0.0248101265822784,75.0,0.4043153049482129
LR,time,-1,refitted,A_b01,10,0.01,0.02,21.976846950517835,0.0247684695051783,0.9772727272727272,0.0248101265822784,20.0,1.9768469505178352
LR,time,-1,refitted,A_b01,10,0.01,0.05,51.22059838895282,0.0247059838895281,0.9772727272727272,0.0248101265822784,50.0,1.2205983889528227
LR,time,-1,refitted,A_b01,10,0.01,0.1,99.9601841196778,0.0246018411967779,0.9772727272727272,0.0248101265822784,100.0,-0.03981588032219463
LR,time,-1,refitted,A_b01,10,0.01,0.15,148.69976985040276,0.0244976985040276,0.9772727272727272,0.0248101265822784,150.0,-1.3002301495972404
LR,time,-1,refitted,A_b01,20,0.01,0.02,41.52230149597239,0.0247684695051783,0.9772727272727272,0.0248101265822784,40.0,1.5223014959723926
LR,time,-1,refitted,A_b01,20,0.01,0.05,100.08423475258918,0.0247059838895281,0.9772727272727272,0.0248101265822784,100.0,0.08423475258918245
LR,time,-1,refitted,A_b01,20,0.01,0.1,197.6874568469505,0.0246018411967779,0.9772727272727272,0.0248101265822784,200.0,-2.3125431530494893
LR,time,-1,refitted,A_b01,20,0.01,0.15,295.29067894131185,0.0244976985040276,0.9772727272727272,0.0248101265822784,300.0,-4.709321058688147
LR,time,-1,refitted,A_b01,50,0.01,0.02,100.15866513233604,0.0247684695051783,0.9772727272727272,0.0248101265822784,100.0,0.15866513233603996
LR,time,-1,refitted,A_b01,50,0.01,0.05,246.6751438434983,0.0247059838895281,0.9772727272727272,0.0248101265822784,250.0,-3.32485615650171
LR,time,-1,refitted,A_b01,50,0.01,0.1,490.8692750287688,0.0246018411967779,0.9772727272727272,0.0248101265822784,500.0,-9.130724971231189
LR,time,-1,refitted,A_b01,50,0.01,0.15,735.0634062140392,0.0244976985040276,0.9772727272727272,0.0248101265822784,750.0,-14.936593785960781
LR,time,-1,refitted,A_b05,5,0.05,0.02,18.20663981588032,0.0943391254315304,0.8977272727272727,0.0941772151898734,10.0,8.206639815880319
LR,time,-1,refitted,A_b05,5,0.05,0.05,31.390017261219796,0.0945819907940161,0.8977272727272727,0.0941772151898734,25.0,6.390017261219796
LR,time,-1,refitted,A_b05,5,0.05,0.1,53.36231300345224,0.0949867663981588,0.8977272727272727,0.0941772151898734,50.0,3.3623130034522433
LR,time,-1,refitted,A_b05,5,0.05,0.15,75.33460874568469,0.0953915420023014,0.8977272727272727,0.0941772151898734,75.0,0.33460874568469023
LR,time,-1,refitted,A_b05,10,0.05,0.02,27.18391254315305,0.0943391254315304,0.8977272727272727,0.0941772151898734,20.0,7.183912543153049
LR,time,-1,refitted,A_b05,10,0.05,0.05,53.83319907940161,0.0945819907940161,0.8977272727272727,0.0941772151898734,50.0,3.8331990794016093
LR,time,-1,refitted,A_b05,10,0.05,0.1,98.24867663981588,0.0949867663981588,0.8977272727272727,0.0941772151898734,100.0,-1.7513233601841165
LR,time,-1,refitted,A_b05,10,0.05,0.15,142.66415420023014,0.0953915420023014,0.8977272727272727,0.0941772151898734,150.0,-7.3358457997698565
LR,time,-1,refitted,A_b05,20,0.05,0.02,45.1384579976985,0.0943391254315304,0.8977272727272727,0.0941772151898734,40.0,5.138457997698502
LR,time,-1,refitted,A_b05,20,0.05,0.05,98.71956271576524,0.0945819907940161,0.8977272727272727,0.0941772151898734,100.0,-1.2804372842347647
LR,time,-1,refitted,A_b05,20,0.05,0.1,188.02140391254315,0.0949867663981588,0.8977272727272727,0.0941772151898734,200.0,-11.97859608745685
LR,time,-1,refitted,A_b05,20,0.05,0.15,277.3232451093211,0.0953915420023014,0.8977272727272727,0.0941772151898734,300.0,-22.67675489067892
LR,time,-1,refitted,A_b05,50,0.05,0.02,99.00209436133488,0.0943391254315304,0.8977272727272727,0.0941772151898734,100.0,-0.9979056386651166
LR,time,-1,refitted,A_b05,50,0.05,0.05,233.37865362485616,0.0945819907940161,0.8977272727272727,0.0941772151898734,250.0,-16.621346375143844
LR,time,-1,refitted,A_b05,50,0.05,0.1,457.339585730725,0.0949867663981588,0.8977272727272727,0.0941772151898734,500.0,-42.66041426927501
LR,time,-1,refitted,A_b05,50,0.05,0.15,681.3005178365937,0.0953915420023014,0.8977272727272727,0.0941772151898734,750.0,-68.69948216340629
LR,time,-1,refitted,A_b10,5,0.1,0.02,23.762577675489077,0.1594439585730725,0.8181818181818182,0.1589873417721519,10.0,13.762577675489077
LR,time,-1,refitted,A_b10,5,0.1,0.05,35.55834292289989,0.1601288837744534,0.8181818181818182,0.1589873417721519,25.0,10.55834292289989
LR,time,-1,refitted,A_b10,5,0.1,0.1,55.21795166858459,0.1612704257767549,0.8181818181818182,0.1589873417721519,50.0,5.21795166858459
LR,time,-1,refitted,A_b10,5,0.1,0.15,74.87756041426927,0.1624119677790563,0.8181818181818182,0.1589873417721519,75.0,-0.12243958573073144
LR,time,-1,refitted,A_b10,10,0.1,0.02,31.94439585730725,0.1594439585730725,0.8181818181818182,0.1589873417721519,20.0,11.94439585730725
LR,time,-1,refitted,A_b10,10,0.1,0.05,56.012888377445336,0.1601288837744534,0.8181818181818182,0.1589873417721519,50.0,6.012888377445336
LR,time,-1,refitted,A_b10,10,0.1,0.1,96.1270425776755,0.1612704257767549,0.8181818181818182,0.1589873417721519,100.0,-3.872957422324504
LR,time,-1,refitted,A_b10,10,0.1,0.15,136.24119677790566,0.1624119677790563,0.8181818181818182,0.1589873417721519,150.0,-13.758803222094343
LR,time,-1,refitted,A_b10,20,0.1,0.02,48.308032220943616,0.1594439585730725,0.8181818181818182,0.1589873417721519,40.0,8.308032220943616
LR,time,-1,refitted,A_b10,20,0.1,0.05,96.92197928653626,0.1601288837744534,0.8181818181818182,0.1589873417721519,100.0,-3.0780207134637436
LR,time,-1,refitted,A_b10,20,0.1,0.1,177.9452243958573,0.1612704257767549,0.8181818181818182,0.1589873417721519,200.0,-22.05477560414269
LR,time,-1,refitted,A_b10,20,0.1,0.15,258.9684695051784,0.1624119677790563,0.8181818181818182,0.1589873417721519,300.0,-41.031530494821595
LR,time,-1,refitted,A_b10,50,0.1,0.02,97.39894131185272,0.1594439585730725,0.8181818181818182,0.1589873417721519,100.0,-2.601058688147276
LR,time,-1,refitted,A_b10,50,0.1,0.05,219.64925201380896,0.1601288837744534,0.8181818181818182,0.1589873417721519,250.0,-30.35074798619104
LR,time,-1,refitted,A_b10,50,0.1,0.1,423.3997698504028,0.1612704257767549,0.8181818181818182,0.1589873417721519,500.0,-76.60023014959722
LR,time,-1,refitted,A_b10,50,0.1,0.15,627.1502876869965,0.1624119677790563,0.8181818181818182,0.1589873417721519,750.0,-122.84971231300347
LR,time,-1,refitted,A_b20,5,0.2,0.02,36.53428078250863,0.2994337169159954,0.7159090909090909,0.299746835443038,10.0,26.53428078250863
LR,time,-1,refitted,A_b20,5,0.2,0.05,46.37367663981588,0.2989640391254315,0.7159090909090909,0.299746835443038,25.0,21.373676639815884
LR,time,-1,refitted,A_b20,5,0.2,0.1,62.772669735327966,0.2981812428078251,0.7159090909090909,0.299746835443038,50.0,12.772669735327966
LR,time,-1,refitted,A_b20,5,0.2,0.15,79.17166283084005,0.2973984464902186,0.7159090909090909,0.299746835443038,75.0,4.171662830840049
LR,time,-1,refitted,A_b20,10,0.2,0.02,43.693371691599545,0.2994337169159954,0.7159090909090909,0.299746835443038,20.0,23.693371691599545
LR,time,-1,refitted,A_b20,10,0.2,0.05,64.27140391254315,0.2989640391254315,0.7159090909090909,0.299746835443038,50.0,14.27140391254315
LR,time,-1,refitted,A_b20,10,0.2,0.1,98.56812428078253,0.2981812428078251,0.7159090909090909,0.299746835443038,100.0,-1.431875719217473
LR,time,-1,refitted,A_b20,10,0.2,0.15,132.86484464902188,0.2973984464902186,0.7159090909090909,0.299746835443038,150.0,-17.135155350978124
LR,time,-1,refitted,A_b20,20,0.2,0.02,58.01155350978136,0.2994337169159954,0.7159090909090909,0.299746835443038,40.0,18.011553509781358
LR,time,-1,refitted,A_b20,20,0.2,0.05,100.0668584579977,0.2989640391254315,0.7159090909090909,0.299746835443038,100.0,0.06685845799769652
LR,time,-1,refitted,A_b20,20,0.2,0.1,170.1590333716916,0.2981812428078251,0.7159090909090909,0.299746835443038,200.0,-29.840966628308394
LR,time,-1,refitted,A_b20,20,0.2,0.15,240.2512082853855,0.2973984464902186,0.7159090909090909,0.299746835443038,300.0,-59.7487917146145
LR,time,-1,refitted,A_b20,50,0.2,0.02,100.96609896432682,0.2994337169159954,0.7159090909090909,0.299746835443038,100.0,0.9660989643268181
LR,time,-1,refitted,A_b20,50,0.2,0.05,207.4532220943613,0.2989640391254315,0.7159090909090909,0.299746835443038,250.0,-42.54677790563869
LR,time,-1,refitted,A_b20,50,0.2,0.1,384.9317606444189,0.2981812428078251,0.7159090909090909,0.299746835443038,500.0,-115.06823935558111
LR,time,-1,refitted,A_b20,50,0.2,0.15,562.4102991944765,0.2973984464902186,0.7159090909090909,0.299746835443038,750.0,-187.58970080552353
LR,time,-1,refitted,B_r05,5,,0.02,14.976731875719215,0.090676409666283,0.6590909090909091,0.0855696202531645,10.0,4.976731875719215
LR,time,-1,refitted,B_r05,5,,0.05,24.60638665132336,0.0983365937859608,0.6590909090909091,0.0855696202531645,25.0,-0.39361334867664155
LR,time,-1,refitted,B_r05,5,,0.1,40.65581127733026,0.1111035673187572,0.6590909090909091,0.0855696202531645,50.0,-9.344188722669742
LR,time,-1,refitted,B_r05,5,,0.15,56.70523590333716,0.1238705408515535,0.6590909090909091,0.0855696202531645,75.0,-18.29476409666284
LR,time,-1,refitted,B_r10,10,,0.02,36.5707249712313,0.2607072497123129,0.5681818181818182,0.2572151898734177,20.0,16.5707249712313
LR,time,-1,refitted,B_r10,10,,0.05,52.8445339470656,0.2659453394706559,0.5681818181818182,0.2572151898734177,50.0,2.8445339470655995
LR,time,-1,refitted,B_r10,10,,0.1,79.96754890678942,0.2746754890678942,0.5681818181818182,0.2572151898734177,100.0,-20.032451093210582
LR,time,-1,refitted,B_r10,10,,0.15,107.09056386651324,0.2834056386651323,0.5681818181818182,0.2572151898734177,150.0,-42.909436133486764
LR,time,-1,refitted,B_r20,20,,0.02,51.987295742232455,0.3107820483314154,0.5454545454545454,0.3078481012658228,40.0,11.987295742232455
LR,time,-1,refitted,B_r20,20,,0.05,83.79102416570771,0.3151829689298043,0.5454545454545454,0.3078481012658228,100.0,-16.20897583429229
LR,time,-1,refitted,B_r20,20,,0.1,136.79723820483315,0.3225178365937859,0.5454545454545454,0.3078481012658228,200.0,-63.20276179516685
LR,time,-1,refitted,B_r20,20,,0.15,189.80345224395856,0.3298527042577675,0.5454545454545454,0.3078481012658228,300.0,-110.19654775604144
LR,time,-1,refitted,B_r50,50,,0.02,78.48513233601841,0.6541695051783659,0.1477272727272727,0.650126582278481,100.0,-21.51486766398159
LR,time,-1,refitted,B_r50,50,,0.05,98.69384349827388,0.6602338895281933,0.1477272727272727,0.650126582278481,250.0,-151.30615650172612
LR,time,-1,refitted,B_r50,50,,0.1,132.37502876869965,0.6703411967779056,0.1477272727272727,0.650126582278481,500.0,-367.6249712313004
LR,time,-1,refitted,B_r50,50,,0.15,166.05621403912542,0.6804485040276179,0.1477272727272727,0.650126582278481,750.0,-583.9437859608746
LR,time,-1,refitted,C_b01_r05,5,0.01,0.02,10.020828538550058,0.0029355581127733,0.9772727272727272,0.0025316455696202,10.0,0.02082853855005773
LR,time,-1,refitted,C_b01_r05,5,0.01,0.05,24.672324510932107,0.0035414269275028,0.9772727272727272,0.0025316455696202,25.0,-0.327675489067893
LR,time,-1,refitted,C_b01_r05,5,0.01,0.1,49.09148446490219,0.0045512082853854,0.9772727272727272,0.0025316455696202,50.0,-0.9085155350978127
LR,time,-1,refitted,C_b01_r05,5,0.01,0.15,73.51064441887226,0.0055609896432681,0.9772727272727272,0.0025316455696202,75.0,-1.4893555811277395
LR,time,-1,refitted,C_b01_r10,10,0.01,0.02,19.79355581127733,0.0029355581127733,0.9772727272727272,0.0025316455696202,20.0,-0.20644418872267067
LR,time,-1,refitted,C_b01_r10,10,0.01,0.05,49.10414269275029,0.0035414269275028,0.9772727272727272,0.0025316455696202,50.0,-0.8958573072497131
LR,time,-1,refitted,C_b01_r10,10,0.01,0.1,97.95512082853855,0.0045512082853854,0.9772727272727272,0.0025316455696202,100.0,-2.044879171461446
LR,time,-1,refitted,C_b01_r10,10,0.01,0.15,146.80609896432682,0.0055609896432681,0.9772727272727272,0.0025316455696202,150.0,-3.1939010356731785
LR,time,-1,refitted,C_b01_r20,20,0.01,0.02,39.33901035673188,0.0029355581127733,0.9772727272727272,0.0025316455696202,40.0,-0.6609896432681168
LR,time,-1,refitted,C_b01_r20,20,0.01,0.05,97.96777905638665,0.0035414269275028,0.9772727272727272,0.0025316455696202,100.0,-2.0322209436133534
LR,time,-1,refitted,C_b01_r20,20,0.01,0.1,195.68239355581127,0.0045512082853854,0.9772727272727272,0.0025316455696202,200.0,-4.317606444188726
LR,time,-1,refitted,C_b01_r20,20,0.01,0.15,293.3970080552359,0.0055609896432681,0.9772727272727272,0.0025316455696202,300.0,-6.602991944764085
LR,time,-1,refitted,C_b01_r50,50,0.01,0.02,97.97537399309552,0.0029355581127733,0.9772727272727272,0.0025316455696202,100.0,-2.0246260069044837
LR,time,-1,refitted,C_b01_r50,50,0.01,0.05,244.55868814729575,0.0035414269275028,0.9772727272727272,0.0025316455696202,250.0,-5.441311852704246
LR,time,-1,refitted,C_b01_r50,50,0.01,0.1,488.8642117376296,0.0045512082853854,0.9772727272727272,0.0025316455696202,500.0,-11.135788262370397
LR,time,-1,refitted,C_b01_r50,50,0.01,0.15,733.1697353279633,0.0055609896432681,0.9772727272727272,0.0025316455696202,750.0,-16.83026467203672
LR,time,-1,refitted,C_b05_r05,5,0.05,0.02,10.070448791714616,0.0034317606444188,0.9772727272727272,0.0030379746835443,10.0,0.07044879171461638
LR,time,-1,refitted,C_b05_r05,5,0.05,0.05,24.72042577675489,0.0040224395857307,0.9772727272727272,0.0030379746835443,25.0,-0.2795742232451097
LR,time,-1,refitted,C_b05_r05,5,0.05,0.1,49.13705408515535,0.0050069044879171,0.9772727272727272,0.0030379746835443,50.0,-0.8629459148446514
LR,time,-1,refitted,C_b05_r05,5,0.05,0.15,73.5536823935558,0.0059913693901035,0.9772727272727272,0.0030379746835443,75.0,-1.4463176064441967
LR,time,-1,refitted,C_b05_r10,10,0.05,0.02,20.906029919447644,0.0165602991944764,0.9659090909090908,0.0162025316455696,20.0,0.9060299194476436
LR,time,-1,refitted,C_b05_r10,10,0.05,0.05,49.83469505178366,0.0170969505178365,0.9659090909090908,0.0162025316455696,50.0,-0.16530494821633823
LR,time,-1,refitted,C_b05_r10,10,0.05,0.1,98.04913693901037,0.0179913693901035,0.9659090909090908,0.0162025316455696,100.0,-1.950863060989633
LR,time,-1,refitted,C_b05_r10,10,0.05,0.15,146.26357882623705,0.0188857882623705,0.9659090909090908,0.0162025316455696,150.0,-3.736421173762949
LR,time,-1,refitted,C_b05_r20,20,0.05,0.02,40.22421173762946,0.0165602991944764,0.9659090909090908,0.0162025316455696,40.0,0.22421173762946012
LR,time,-1,refitted,C_b05_r20,20,0.05,0.05,98.1301495972382,0.0170969505178365,0.9659090909090908,0.0162025316455696,100.0,-1.8698504027617986
LR,time,-1,refitted,C_b05_r20,20,0.05,0.1,194.64004602991943,0.0179913693901035,0.9659090909090908,0.0162025316455696,200.0,-5.359953970080568
LR,time,-1,refitted,C_b05_r20,20,0.05,0.15,291.14994246260073,0.0188857882623705,0.9659090909090908,0.0162025316455696,300.0,-8.850057537399266
LR,time,-1,refitted,C_b05_r50,50,0.05,0.02,98.17875719217491,0.0165602991944764,0.9659090909090908,0.0162025316455696,100.0,-1.8212428078250866
LR,time,-1,refitted,C_b05_r50,50,0.05,0.05,243.01651323360187,0.0170969505178365,0.9659090909090908,0.0162025316455696,250.0,-6.98348676639813
LR,time,-1,refitted,C_b05_r50,50,0.05,0.1,484.4127733026467,0.0179913693901035,0.9659090909090908,0.0162025316455696,500.0,-15.587226697353287
LR,time,-1,refitted,C_b05_r50,50,0.05,0.15,725.8090333716916,0.0188857882623705,0.9659090909090908,0.0162025316455696,750.0,-24.190966628308388
LR,time,-1,refitted,C_b10_r05,5,0.1,0.02,10.070448791714616,0.0034317606444188,0.9772727272727272,0.0030379746835443,10.0,0.07044879171461638
LR,time,-1,refitted,C_b10_r05,5,0.1,0.05,24.72042577675489,0.0040224395857307,0.9772727272727272,0.0030379746835443,25.0,-0.2795742232451097
LR,time,-1,refitted,C_b10_r05,5,0.1,0.1,49.13705408515535,0.0050069044879171,0.9772727272727272,0.0030379746835443,50.0,-0.8629459148446514
LR,time,-1,refitted,C_b10_r05,5,0.1,0.15,73.5536823935558,0.0059913693901035,0.9772727272727272,0.0030379746835443,75.0,-1.4463176064441967
LR,time,-1,refitted,C_b10_r10,10,0.1,0.02,20.906029919447644,0.0165602991944764,0.9659090909090908,0.0162025316455696,20.0,0.9060299194476436
LR,time,-1,refitted,C_b10_r10,10,0.1,0.05,49.83469505178366,0.0170969505178365,0.9659090909090908,0.0162025316455696,50.0,-0.16530494821633823
LR,time,-1,refitted,C_b10_r10,10,0.1,0.1,98.04913693901037,0.0179913693901035,0.9659090909090908,0.0162025316455696,100.0,-1.950863060989633
LR,time,-1,refitted,C_b10_r10,10,0.1,0.15,146.26357882623705,0.0188857882623705,0.9659090909090908,0.0162025316455696,150.0,-3.736421173762949
LR,time,-1,refitted,C_b10_r20,20,0.1,0.02,40.22421173762946,0.0165602991944764,0.9659090909090908,0.0162025316455696,40.0,0.22421173762946012
LR,time,-1,refitted,C_b10_r20,20,0.1,0.05,98.1301495972382,0.0170969505178365,0.9659090909090908,0.0162025316455696,100.0,-1.8698504027617986
LR,time,-1,refitted,C_b10_r20,20,0.1,0.1,194.64004602991943,0.0179913693901035,0.9659090909090908,0.0162025316455696,200.0,-5.359953970080568
LR,time,-1,refitted,C_b10_r20,20,0.1,0.15,291.14994246260073,0.0188857882623705,0.9659090909090908,0.0162025316455696,300.0,-8.850057537399266
LR,time,-1,refitted,C_b10_r50,50,0.1,0.02,98.17875719217491,0.0165602991944764,0.9659090909090908,0.0162025316455696,100.0,-1.8212428078250866
LR,time,-1,refitted,C_b10_r50,50,0.1,0.05,243.01651323360187,0.0170969505178365,0.9659090909090908,0.0162025316455696,250.0,-6.98348676639813
LR,time,-1,refitted,C_b10_r50,50,0.1,0.1,484.4127733026467,0.0179913693901035,0.9659090909090908,0.0162025316455696,500.0,-15.587226697353287
LR,time,-1,refitted,C_b10_r50,50,0.1,0.15,725.8090333716916,0.0188857882623705,0.9659090909090908,0.0162025316455696,750.0,-24.190966628308388
LR,time,-1,refitted,C_b20_r05,5,0.2,0.02,10.070448791714616,0.0034317606444188,0.9772727272727272,0.0030379746835443,10.0,0.07044879171461638
LR,time,-1,refitted,C_b20_r05,5,0.2,0.05,24.72042577675489,0.0040224395857307,0.9772727272727272,0.0030379746835443,25.0,-0.2795742232451097
LR,time,-1,refitted,C_b20_r05,5,0.2,0.1,49.13705408515535,0.0050069044879171,0.9772727272727272,0.0030379746835443,50.0,-0.8629459148446514
LR,time,-1,refitted,C_b20_r05,5,0.2,0.15,73.5536823935558,0.0059913693901035,0.9772727272727272,0.0030379746835443,75.0,-1.4463176064441967
LR,time,-1,refitted,C_b20_r10,10,0.2,0.02,21.17495972382049,0.0217495972382048,0.9545454545454546,0.0212658227848101,20.0,1.1749597238204892
LR,time,-1,refitted,C_b20_r10,10,0.2,0.05,49.74752589182969,0.0224752589182968,0.9545454545454546,0.0212658227848101,50.0,-0.25247410817031124
LR,time,-1,refitted,C_b20_r10,10,0.2,0.1,97.36846950517835,0.0236846950517836,0.9545454545454546,0.0212658227848101,100.0,-2.6315304948216465
LR,time,-1,refitted,C_b20_r10,10,0.2,0.15,144.98941311852704,0.0248941311852704,0.9545454545454546,0.0212658227848101,150.0,-5.01058688147296
LR,time,-1,refitted,C_b20_r20,20,0.2,0.02,43.04460299194477,0.0495369390103567,0.9545454545454546,0.0496202531645569,40.0,3.044602991944771
LR,time,-1,refitted,C_b20_r20,20,0.2,0.05,100.16846950517836,0.0494119677790563,0.9545454545454546,0.0496202531645569,100.0,0.1684695051783649
LR,time,-1,refitted,C_b20_r20,20,0.2,0.1,195.37491369390105,0.0492036823935558,0.9545454545454546,0.0496202531645569,200.0,-4.62508630609895
LR,time,-1,refitted,C_b20_r20,20,0.2,0.15,290.58135788262376,0.0489953970080552,0.9545454545454546,0.0496202531645569,300.0,-9.418642117376237
LR,time,-1,refitted,C_b20_r50,50,0.2,0.02,100.31733026467204,0.0495369390103567,0.9545454545454546,0.0496202531645569,100.0,0.3173302646720373
LR,time,-1,refitted,C_b20_r50,50,0.2,0.05,243.35028768699655,0.0494119677790563,0.9545454545454546,0.0496202531645569,250.0,-6.649712313003448
LR,time,-1,refitted,C_b20_r50,50,0.2,0.1,481.7385500575375,0.0492036823935558,0.9545454545454546,0.0496202531645569,500.0,-18.26144994246249
LR,time,-1,refitted,C_b20_r50,50,0.2,0.15,720.1268124280783,0.0489953970080552,0.9545454545454546,0.0496202531645569,750.0,-29.873187571921676
LR,time,-1,refitted,TopK_b01,5,0.01,0.02,10.82914844649022,0.0096551208285385,0.9886363636363636,0.0096202531645569,10.0,0.8291484464902208
LR,time,-1,refitted,TopK_b01,5,0.01,0.05,25.629833141542,0.0097074223245109,0.9886363636363636,0.0096202531645569,25.0,0.6298331415420009
LR,time,-1,refitted,TopK_b01,5,0.01,0.1,50.29764096662831,0.0097945914844649,0.9886363636363636,0.0096202531645569,50.0,0.2976409666283075
LR,time,-1,refitted,TopK_b01,5,0.01,0.15,74.96544879171462,0.0098817606444188,0.9886363636363636,0.0096202531645569,75.0,-0.03455120828537872
LR,time,-1,refitted,TopK_b01,10,0.01,0.02,20.715512082853856,0.0096551208285385,0.9886363636363636,0.0096202531645569,20.0,0.7155120828538557
LR,time,-1,refitted,TopK_b01,10,0.01,0.05,50.34574223245109,0.0097074223245109,0.9886363636363636,0.0096202531645569,50.0,0.34574223245108726
LR,time,-1,refitted,TopK_b01,10,0.01,0.1,99.72945914844648,0.0097945914844649,0.9886363636363636,0.0096202531645569,100.0,-0.2705408515535197
LR,time,-1,refitted,TopK_b01,10,0.01,0.15,149.1131760644419,0.0098817606444188,0.9886363636363636,0.0096202531645569,150.0,-0.8868239355581125
LR,time,-1,refitted,TopK_b01,20,0.01,0.02,40.488239355581136,0.0096551208285385,0.9886363636363636,0.0096202531645569,40.0,0.4882393555811362
LR,time,-1,refitted,TopK_b01,20,0.01,0.05,99.77756041426927,0.0097074223245109,0.9886363636363636,0.0096202531645569,100.0,-0.22243958573072575
LR,time,-1,refitted,TopK_b01,20,0.01,0.1,198.59309551208287,0.0097945914844649,0.9886363636363636,0.0096202531645569,200.0,-1.4069044879171315
LR,time,-1,refitted,TopK_b01,20,0.01,0.15,297.4086306098964,0.0098817606444188,0.9886363636363636,0.0096202531645569,300.0,-2.59136939010358
LR,time,-1,refitted,TopK_b01,50,0.01,0.02,99.80642117376294,0.0096551208285385,0.9886363636363636,0.0096202531645569,100.0,-0.1935788262370579
LR,time,-1,refitted,TopK_b01,50,0.01,0.05,248.07301495972385,0.0097074223245109,0.9886363636363636,0.0096202531645569,250.0,-1.9269850402761506
LR,time,-1,refitted,TopK_b01,50,0.01,0.1,495.18400460299193,0.0097945914844649,0.9886363636363636,0.0096202531645569,500.0,-4.8159953970080664
LR,time,-1,refitted,TopK_b01,50,0.01,0.15,742.2949942462601,0.0098817606444188,0.9886363636363636,0.0096202531645569,750.0,-7.705005753739897
LR,time,-1,refitted,TopK_b05,5,0.05,0.02,13.492715765247413,0.0471998849252013,0.8977272727272727,0.0460759493670886,10.0,3.4927157652474126
LR,time,-1,refitted,TopK_b05,5,0.05,0.05,26.820397008055235,0.0488857882623705,0.8977272727272727,0.0460759493670886,25.0,1.8203970080552345
LR,time,-1,refitted,TopK_b05,5,0.05,0.1,49.03319907940161,0.0516956271576524,0.8977272727272727,0.0460759493670886,50.0,-0.9668009205983878
LR,time,-1,refitted,TopK_b05,5,0.05,0.15,71.246001150748,0.0545054660529344,0.8977272727272727,0.0460759493670886,75.0,-3.7539988492519996
LR,time,-1,refitted,TopK_b05,10,0.05,0.02,22.46998849252014,0.0471998849252013,0.8977272727272727,0.0460759493670886,20.0,2.469988492520141
LR,time,-1,refitted,TopK_b05,10,0.05,0.05,49.26357882623705,0.0488857882623705,0.8977272727272727,0.0460759493670886,50.0,-0.7364211737629489
LR,time,-1,refitted,TopK_b05,10,0.05,0.1,93.91956271576524,0.0516956271576524,0.8977272727272727,0.0460759493670886,100.0,-6.080437284234762
LR,time,-1,refitted,TopK_b05,10,0.05,0.15,138.57554660529345,0.0545054660529344,0.8977272727272727,0.0460759493670886,150.0,-11.424453394706546
LR,time,-1,refitted,TopK_b05,20,0.05,0.02,40.42453394706559,0.0471998849252013,0.8977272727272727,0.0460759493670886,40.0,0.42453394706559067
LR,time,-1,refitted,TopK_b05,20,0.05,0.05,94.14994246260068,0.0488857882623705,0.8977272727272727,0.0460759493670886,100.0,-5.850057537399323
LR,time,-1,refitted,TopK_b05,20,0.05,0.1,183.6922899884925,0.0516956271576524,0.8977272727272727,0.0460759493670886,200.0,-16.30771001150751
LR,time,-1,refitted,TopK_b05,20,0.05,0.15,273.2346375143844,0.0545054660529344,0.8977272727272727,0.0460759493670886,300.0,-26.765362485615583
LR,time,-1,refitted,TopK_b05,50,0.05,0.02,94.28817031070196,0.0471998849252013,0.8977272727272727,0.0460759493670886,100.0,-5.7118296892980425
LR,time,-1,refitted,TopK_b05,50,0.05,0.05,228.8090333716916,0.0488857882623705,0.8977272727272727,0.0460759493670886,250.0,-21.190966628308388
LR,time,-1,refitted,TopK_b05,50,0.05,0.1,453.0104718066743,0.0516956271576524,0.8977272727272727,0.0460759493670886,500.0,-46.989528193325725
LR,time,-1,refitted,TopK_b05,50,0.05,0.15,677.211910241657,0.0545054660529344,0.8977272727272727,0.0460759493670886,750.0,-72.78808975834295
LR,time,-1,refitted,TopK_b10,5,0.1,0.02,17.51042577675489,0.0969224395857307,0.8181818181818182,0.0951898734177215,10.0,7.510425776754889
LR,time,-1,refitted,TopK_b10,5,0.1,0.05,29.497583429229003,0.0995212888377445,0.8181818181818182,0.0951898734177215,25.0,4.497583429229003
LR,time,-1,refitted,TopK_b10,5,0.1,0.1,49.476179516685846,0.1038527042577675,0.8181818181818182,0.0951898734177215,50.0,-0.5238204833141538
LR,time,-1,refitted,TopK_b10,5,0.1,0.15,69.4547756041427,0.1081841196777905,0.8181818181818182,0.0951898734177215,75.0,-5.5452243958573035
LR,time,-1,refitted,TopK_b10,10,0.1,0.02,25.692243958573076,0.0969224395857307,0.8181818181818182,0.0951898734177215,20.0,5.692243958573076
LR,time,-1,refitted,TopK_b10,10,0.1,0.05,49.952128883774456,0.0995212888377445,0.8181818181818182,0.0951898734177215,50.0,-0.04787111622554363
LR,time,-1,refitted,TopK_b10,10,0.1,0.1,90.38527042577677,0.1038527042577675,0.8181818181818182,0.0951898734177215,100.0,-9.614729574223233
LR,time,-1,refitted,TopK_b10,10,0.1,0.15,130.81841196777907,0.1081841196777905,0.8181818181818182,0.0951898734177215,150.0,-19.18158803222093
LR,time,-1,refitted,TopK_b10,20,0.1,0.02,42.05588032220944,0.0969224395857307,0.8181818181818182,0.0951898734177215,40.0,2.0558803222094397
LR,time,-1,refitted,TopK_b10,20,0.1,0.05,90.86121979286536,0.0995212888377445,0.8181818181818182,0.0951898734177215,100.0,-9.138780207134644
LR,time,-1,refitted,TopK_b10,20,0.1,0.1,172.2034522439586,0.1038527042577675,0.8181818181818182,0.0951898734177215,200.0,-27.796547756041406
LR,time,-1,refitted,TopK_b10,20,0.1,0.15,253.54568469505176,0.1081841196777905,0.8181818181818182,0.0951898734177215,300.0,-46.45431530494824
LR,time,-1,refitted,TopK_b10,50,0.1,0.02,91.14678941311854,0.0969224395857307,0.8181818181818182,0.0951898734177215,100.0,-8.85321058688146
LR,time,-1,refitted,TopK_b10,50,0.1,0.05,213.5884925201381,0.0995212888377445,0.8181818181818182,0.0951898734177215,250.0,-36.41150747986191
LR,time,-1,refitted,TopK_b10,50,0.1,0.1,417.657997698504,0.1038527042577675,0.8181818181818182,0.0951898734177215,500.0,-82.342002301496
LR,time,-1,refitted,TopK_b10,50,0.1,0.15,621.7275028768701,0.1081841196777905,0.8181818181818182,0.0951898734177215,750.0,-128.27249712312994
LR,time,-1,refitted,TopK_b20,5,0.2,0.02,26.035615650172613,0.1971743383199079,0.6931818181818182,0.1949367088607595,10.0,16.035615650172613
LR,time,-1,refitted,TopK_b20,5,0.2,0.05,35.84853279631761,0.2005307825086306,0.6931818181818182,0.1949367088607595,25.0,10.848532796317613
LR,time,-1,refitted,TopK_b20,5,0.2,0.1,52.20339470655927,0.2061248561565017,0.6931818181818182,0.1949367088607595,50.0,2.2033947065592727
LR,time,-1,refitted,TopK_b20,5,0.2,0.15,68.55825661680093,0.2117189298043728,0.6931818181818182,0.1949367088607595,75.0,-6.441743383199068
LR,time,-1,refitted,TopK_b20,10,0.2,0.02,32.9674338319908,0.1971743383199079,0.6931818181818182,0.1949367088607595,20.0,12.967433831990803
LR,time,-1,refitted,TopK_b20,10,0.2,0.05,53.17807825086307,0.2005307825086306,0.6931818181818182,0.1949367088607595,50.0,3.1780782508630665
LR,time,-1,refitted,TopK_b20,10,0.2,0.1,86.86248561565017,0.2061248561565017,0.6931818181818182,0.1949367088607595,100.0,-13.137514384349828
LR,time,-1,refitted,TopK_b20,10,0.2,0.15,120.54689298043728,0.2117189298043728,0.6931818181818182,0.1949367088607595,150.0,-29.453107019562722
LR,time,-1,refitted,TopK_b20,20,0.2,0.02,46.83107019562716,0.1971743383199079,0.6931818181818182,0.1949367088607595,40.0,6.831070195627163
LR,time,-1,refitted,TopK_b20,20,0.2,0.05,87.83716915995397,0.2005307825086306,0.6931818181818182,0.1949367088607595,100.0,-12.162830840046027
LR,time,-1,refitted,TopK_b20,20,0.2,0.1,156.180667433832,0.2061248561565017,0.6931818181818182,0.1949367088607595,200.0,-43.819332566167986
LR,time,-1,refitted,TopK_b20,20,0.2,0.15,224.52416570771004,0.2117189298043728,0.6931818181818182,0.1949367088607595,300.0,-75.47583429228996
LR,time,-1,refitted,TopK_b20,50,0.2,0.02,88.42197928653626,0.1971743383199079,0.6931818181818182,0.1949367088607595,100.0,-11.578020713463744
LR,time,-1,refitted,TopK_b20,50,0.2,0.05,191.8144418872267,0.2005307825086306,0.6931818181818182,0.1949367088607595,250.0,-58.18555811277329
LR,time,-1,refitted,TopK_b20,50,0.2,0.1,364.1352128883775,0.2061248561565017,0.6931818181818182,0.1949367088607595,500.0,-135.8647871116225
LR,time,-1,refitted,TopK_b20,50,0.2,0.15,536.4559838895282,0.2117189298043728,0.6931818181818182,0.1949367088607595,750.0,-213.54401611047183
CART,time,-1,fixed,none,5,,0.02,10.0,0.0,1.0,0.0,10.0,0.0
CART,time,-1,fixed,none,5,,0.05,25.0,0.0,1.0,0.0,25.0,0.0
CART,time,-1,fixed,none,5,,0.1,50.0,0.0,1.0,0.0,50.0,0.0
CART,time,-1,fixed,none,5,,0.15,75.0,0.0,1.0,0.0,75.0,0.0
CART,time,-1,fixed,none,10,,0.02,20.0,0.0,1.0,0.0,20.0,0.0
CART,time,-1,fixed,none,10,,0.05,50.0,0.0,1.0,0.0,50.0,0.0
CART,time,-1,fixed,none,10,,0.1,100.0,0.0,1.0,0.0,100.0,0.0
CART,time,-1,fixed,none,10,,0.15,150.0,0.0,1.0,0.0,150.0,0.0
CART,time,-1,fixed,none,20,,0.02,40.0,0.0,1.0,0.0,40.0,0.0
CART,time,-1,fixed,none,20,,0.05,100.0,0.0,1.0,0.0,100.0,0.0
CART,time,-1,fixed,none,20,,0.1,200.0,0.0,1.0,0.0,200.0,0.0
CART,time,-1,fixed,none,20,,0.15,300.0,0.0,1.0,0.0,300.0,0.0
CART,time,-1,fixed,none,50,,0.02,100.0,0.0,1.0,0.0,100.0,0.0
CART,time,-1,fixed,none,50,,0.05,250.0,0.0,1.0,0.0,250.0,0.0
CART,time,-1,fixed,none,50,,0.1,500.0,0.0,1.0,0.0,500.0,0.0
CART,time,-1,fixed,none,50,,0.15,750.0,0.0,1.0,0.0,750.0,0.0
CART,time,-1,fixed,A_b01,5,0.01,0.02,11.013233601841195,0.0128596087456846,0.9772727272727272,0.0126582278481012,10.0,1.0132336018411952
CART,time,-1,fixed,A_b01,5,0.01,0.05,25.634349827387805,0.0131616800920598,0.9772727272727272,0.0126582278481012,25.0,0.6343498273878048
CART,time,-1,fixed,A_b01,5,0.01,0.1,50.00287686996548,0.0136651323360184,0.9772727272727272,0.0126582278481012,50.0,0.0028768699654833085
CART,time,-1,fixed,A_b01,5,0.01,0.15,74.37140391254314,0.0141685845799769,0.9772727272727272,0.0126582278481012,75.0,-0.6285960874568559
CART,time,-1,fixed,A_b01,10,0.01,0.02,20.78596087456847,0.0128596087456846,0.9772727272727272,0.0126582278481012,20.0,0.7859608745684703
CART,time,-1,fixed,A_b01,10,0.01,0.05,50.06616800920598,0.0131616800920598,0.9772727272727272,0.0126582278481012,50.0,0.0661680092059811
CART,time,-1,fixed,A_b01,10,0.01,0.1,98.86651323360184,0.0136651323360184,0.9772727272727272,0.0126582278481012,100.0,-1.133486766398164
CART,time,-1,fixed,A_b01,10,0.01,0.15,147.6668584579977,0.0141685845799769,0.9772727272727272,0.0126582278481012,150.0,-2.333141542002295
CART,time,-1,fixed,A_b01,20,0.01,0.02,40.33141542002301,0.0128596087456846,0.9772727272727272,0.0126582278481012,40.0,0.3314154200230135
CART,time,-1,fixed,A_b01,20,0.01,0.05,98.92980437284234,0.0131616800920598,0.9772727272727272,0.0126582278481012,100.0,-1.0701956271576591
CART,time,-1,fixed,A_b01,20,0.01,0.1,196.59378596087456,0.0136651323360184,0.9772727272727272,0.0126582278481012,200.0,-3.4062140391254445
CART,time,-1,fixed,A_b01,20,0.01,0.15,294.2577675489068,0.0141685845799769,0.9772727272727272,0.0126582278481012,300.0,-5.742232451093173
CART,time,-1,fixed,A_b01,50,0.01,0.02,98.96777905638665,0.0128596087456846,0.9772727272727272,0.0126582278481012,100.0,-1.0322209436133534
CART,time,-1,fixed,A_b01,50,0.01,0.05,245.52071346375143,0.0131616800920598,0.9772727272727272,0.0126582278481012,250.0,-4.479286536248566
CART,time,-1,fixed,A_b01,50,0.01,0.1,489.7756041426928,0.0136651323360184,0.9772727272727272,0.0126582278481012,500.0,-10.224395857307172
CART,time,-1,fixed,A_b01,50,0.01,0.15,734.0304948216341,0.0141685845799769,0.9772727272727272,0.0126582278481012,750.0,-15.969505178365921
CART,time,-1,fixed,A_b05,5,0.05,0.02,14.840425776754891,0.0552224395857307,0.9431818181818182,0.0551898734177215,10.0,4.840425776754891
CART,time,-1,fixed,A_b05,5,0.05,0.05,28.822583429229,0.0552712888377445,0.9431818181818182,0.0551898734177215,25.0,3.822583429228999
CART,time,-1,fixed,A_b05,5,0.05,0.1,52.126179516685845,0.0553527042577675,0.9431818181818182,0.0551898734177215,50.0,2.126179516685845
CART,time,-1,fixed,A_b05,5,0.05,0.15,75.42977560414269,0.0554341196777905,0.9431818181818182,0.0551898734177215,75.0,0.4297756041426908
CART,time,-1,fixed,A_b05,10,0.05,0.02,24.272243958573075,0.0552224395857307,0.9431818181818182,0.0551898734177215,20.0,4.272243958573075
CART,time,-1,fixed,A_b05,10,0.05,0.05,52.40212888377446,0.0552712888377445,0.9431818181818182,0.0551898734177215,50.0,2.402128883774459
CART,time,-1,fixed,A_b05,10,0.05,0.1,99.28527042577676,0.0553527042577675,0.9431818181818182,0.0551898734177215,100.0,-0.7147295742232416
CART,time,-1,fixed,A_b05,10,0.05,0.15,146.16841196777906,0.0554341196777905,0.9431818181818182,0.0551898734177215,150.0,-3.8315880322209352
CART,time,-1,fixed,A_b05,20,0.05,0.02,43.13588032220944,0.0552224395857307,0.9431818181818182,0.0551898734177215,40.0,3.135880322209438
CART,time,-1,fixed,A_b05,20,0.05,0.05,99.56121979286536,0.0552712888377445,0.9431818181818182,0.0551898734177215,100.0,-0.4387802071346414
CART,time,-1,fixed,A_b05,20,0.05,0.1,193.60345224395857,0.0553527042577675,0.9431818181818182,0.0551898734177215,200.0,-6.396547756041429
CART,time,-1,fixed,A_b05,20,0.05,0.15,287.6456846950518,0.0554341196777905,0.9431818181818182,0.0551898734177215,300.0,-12.354315304948216
CART,time,-1,fixed,A_b05,50,0.05,0.02,99.72678941311854,0.0552224395857307,0.9431818181818182,0.0551898734177215,100.0,-0.2732105868814614
CART,time,-1,fixed,A_b05,50,0.05,0.05,241.0384925201381,0.0552712888377445,0.9431818181818182,0.0551898734177215,250.0,-8.961507479861893
CART,time,-1,fixed,A_b05,50,0.05,0.1,476.557997698504,0.0553527042577675,0.9431818181818182,0.0551898734177215,500.0,-23.442002301496018
CART,time,-1,fixed,A_b05,50,0.05,0.15,712.0775028768701,0.0554341196777905,0.9431818181818182,0.0551898734177215,750.0,-37.922497123129915
CART,time,-1,fixed,A_b10,5,0.1,0.02,19.48880322209436,0.1126153049482163,0.8522727272727273,0.1118987341772151,10.0,9.488803222094361
CART,time,-1,fixed,A_b10,5,0.1,0.05,31.937197928653628,0.113690161104718,0.8522727272727273,0.1118987341772151,25.0,6.937197928653628
CART,time,-1,fixed,A_b10,5,0.1,0.1,52.68452243958573,0.1154815880322209,0.8522727272727273,0.1118987341772151,50.0,2.6845224395857272
CART,time,-1,fixed,A_b10,5,0.1,0.15,73.43184695051784,0.1172730149597238,0.8522727272727273,0.1118987341772151,75.0,-1.568153049482163
CART,time,-1,fixed,A_b10,10,0.1,0.02,28.011530494821635,0.1126153049482163,0.8522727272727273,0.1118987341772151,20.0,8.011530494821635
CART,time,-1,fixed,A_b10,10,0.1,0.05,53.24401611047181,0.113690161104718,0.8522727272727273,0.1118987341772151,50.0,3.2440161104718115
CART,time,-1,fixed,A_b10,10,0.1,0.1,95.2981588032221,0.1154815880322209,0.8522727272727273,0.1118987341772151,100.0,-4.701841196777906
CART,time,-1,fixed,A_b10,10,0.1,0.15,137.35230149597237,0.1172730149597238,0.8522727272727273,0.1118987341772151,150.0,-12.64769850402763
CART,time,-1,fixed,A_b10,20,0.1,0.02,45.05698504027618,0.1126153049482163,0.8522727272727273,0.1118987341772151,40.0,5.056985040276182
CART,time,-1,fixed,A_b10,20,0.1,0.05,95.85765247410816,0.113690161104718,0.8522727272727273,0.1118987341772151,100.0,-4.142347525891836
CART,time,-1,fixed,A_b10,20,0.1,0.1,180.52543153049484,0.1154815880322209,0.8522727272727273,0.1118987341772151,200.0,-19.474568469505158
CART,time,-1,fixed,A_b10,20,0.1,0.15,265.19321058688143,0.1172730149597238,0.8522727272727273,0.1118987341772151,300.0,-34.806789413118565
CART,time,-1,fixed,A_b10,50,0.1,0.02,96.19334867663984,0.1126153049482163,0.8522727272727273,0.1118987341772151,100.0,-3.806651323360157
CART,time,-1,fixed,A_b10,50,0.1,0.05,223.6985615650173,0.113690161104718,0.8522727272727273,0.1118987341772151,250.0,-26.301438434982714
CART,time,-1,fixed,A_b10,50,0.1,0.1,436.20724971231306,0.1154815880322209,0.8522727272727273,0.1118987341772151,500.0,-63.79275028768694
CART,time,-1,fixed,A_b10,50,0.1,0.15,648.7159378596087,0.1172730149597238,0.8522727272727273,0.1118987341772151,750.0,-101.28406214039126
CART,time,-1,fixed,A_b20,5,0.2,0.02,30.65826237054085,0.2379462600690448,0.7386363636363636,0.2374683544303797,10.0,20.65826237054085
CART,time,-1,fixed,A_b20,5,0.2,0.05,41.02540276179516,0.2386631185270425,0.7386363636363636,0.2374683544303797,25.0,16.025402761795164
CART,time,-1,fixed,A_b20,5,0.2,0.1,58.30397008055236,0.2398578826237054,0.7386363636363636,0.2374683544303797,50.0,8.30397008055236
CART,time,-1,fixed,A_b20,5,0.2,0.15,75.58253739930954,0.2410526467203682,0.7386363636363636,0.2374683544303797,75.0,0.582537399309544
CART,time,-1,fixed,A_b20,10,0.2,0.02,38.044626006904494,0.2379462600690448,0.7386363636363636,0.2374683544303797,20.0,18.044626006904494
CART,time,-1,fixed,A_b20,10,0.2,0.05,59.49131185270426,0.2386631185270425,0.7386363636363636,0.2374683544303797,50.0,9.491311852704257
CART,time,-1,fixed,A_b20,10,0.2,0.1,95.23578826237056,0.2398578826237054,0.7386363636363636,0.2374683544303797,100.0,-4.764211737629438
CART,time,-1,fixed,A_b20,10,0.2,0.15,130.98026467203684,0.2410526467203682,0.7386363636363636,0.2374683544303797,150.0,-19.01973532796316
CART,time,-1,fixed,A_b20,20,0.2,0.02,52.81735327963176,0.2379462600690448,0.7386363636363636,0.2374683544303797,40.0,12.81735327963176
CART,time,-1,fixed,A_b20,20,0.2,0.05,96.42313003452244,0.2386631185270425,0.7386363636363636,0.2374683544303797,100.0,-3.576869965477556
CART,time,-1,fixed,A_b20,20,0.2,0.1,169.0994246260069,0.2398578826237054,0.7386363636363636,0.2374683544303797,200.0,-30.900575373993092
CART,time,-1,fixed,A_b20,20,0.2,0.15,241.77571921749137,0.2410526467203682,0.7386363636363636,0.2374683544303797,300.0,-58.22428078250863
CART,time,-1,fixed,A_b20,50,0.2,0.02,97.1355350978136,0.2379462600690448,0.7386363636363636,0.2374683544303797,100.0,-2.8644649021863984
CART,time,-1,fixed,A_b20,50,0.2,0.05,207.218584579977,0.2386631185270425,0.7386363636363636,0.2374683544303797,250.0,-42.781415420022995
CART,time,-1,fixed,A_b20,50,0.2,0.1,390.690333716916,0.2398578826237054,0.7386363636363636,0.2374683544303797,500.0,-109.30966628308403
CART,time,-1,fixed,A_b20,50,0.2,0.15,574.1620828538549,0.2410526467203682,0.7386363636363636,0.2374683544303797,750.0,-175.83791714614506
CART,time,-1,fixed,B_r05,5,,0.02,14.595696202531649,0.0759569620253164,0.75,0.0724050632911392,10.0,4.595696202531649
CART,time,-1,fixed,B_r05,5,,0.05,25.628481012658227,0.0812848101265822,0.75,0.0724050632911392,25.0,0.6284810126582272
CART,time,-1,fixed,B_r05,5,,0.1,44.01645569620253,0.0901645569620253,0.75,0.0724050632911392,50.0,-5.983544303797473
CART,time,-1,fixed,B_r05,5,,0.15,62.404430379746834,0.0990443037974683,0.75,0.0724050632911392,75.0,-12.595569620253166
CART,time,-1,fixed,B_r10,10,,0.02,37.612750287687,0.2711275028768699,0.5681818181818182,0.2678481012658227,20.0,17.612750287687
CART,time,-1,fixed,B_r10,10,,0.05,53.85466052934407,0.2760466052934407,0.5681818181818182,0.2678481012658227,50.0,3.8546605293440734
CART,time,-1,fixed,B_r10,10,,0.1,80.92451093210587,0.2842451093210587,0.5681818181818182,0.2678481012658227,100.0,-19.075489067894125
CART,time,-1,fixed,B_r10,10,,0.15,107.99436133486766,0.2924436133486766,0.5681818181818182,0.2678481012658227,150.0,-42.00563866513234
CART,time,-1,fixed,B_r20,20,,0.02,54.80340621403912,0.4057613348676639,0.3863636363636363,0.4015189873417721,40.0,14.803406214039121
CART,time,-1,fixed,B_r20,20,,0.05,76.78066743383198,0.4121248561565017,0.3863636363636363,0.4015189873417721,100.0,-23.21933256616802
CART,time,-1,fixed,B_r20,20,,0.1,113.40943613348678,0.4227307249712313,0.3863636363636363,0.4015189873417721,200.0,-86.59056386651322
CART,time,-1,fixed,B_r20,20,,0.15,150.03820483314155,0.4333365937859608,0.3863636363636363,0.4015189873417721,300.0,-149.96179516685845
CART,time,-1,fixed,B_r50,50,,0.02,84.27659378596087,0.5614023014959723,0.2954545454545454,0.5584810126582278,100.0,-15.72340621403913
CART,time,-1,fixed,B_r50,50,,0.05,126.919332566168,0.5657842347525892,0.2954545454545454,0.5584810126582278,250.0,-123.080667433832
CART,time,-1,fixed,B_r50,50,,0.1,197.99056386651324,0.5730874568469505,0.2954545454545454,0.5584810126582278,500.0,-302.00943613348676
CART,time,-1,fixed,B_r50,50,,0.15,269.0617951668584,0.5803906789413118,0.2954545454545454,0.5584810126582278,750.0,-480.9382048331416
CART,time,-1,fixed,C_b01_r05,5,0.01,0.02,10.0,0.0,1.0,0.0,10.0,0.0
CART,time,-1,fixed,C_b01_r05,5,0.01,0.05,25.0,0.0,1.0,0.0,25.0,0.0
CART,time,-1,fixed,C_b01_r05,5,0.01,0.1,50.0,0.0,1.0,0.0,50.0,0.0
CART,time,-1,fixed,C_b01_r05,5,0.01,0.15,75.0,0.0,1.0,0.0,75.0,0.0
CART,time,-1,fixed,C_b01_r10,10,0.01,0.02,20.0,0.0,1.0,0.0,20.0,0.0
CART,time,-1,fixed,C_b01_r10,10,0.01,0.05,50.0,0.0,1.0,0.0,50.0,0.0
CART,time,-1,fixed,C_b01_r10,10,0.01,0.1,100.0,0.0,1.0,0.0,100.0,0.0
CART,time,-1,fixed,C_b01_r10,10,0.01,0.15,150.0,0.0,1.0,0.0,150.0,0.0
CART,time,-1,fixed,C_b01_r20,20,0.01,0.02,40.0,0.0,1.0,0.0,40.0,0.0
CART,time,-1,fixed,C_b01_r20,20,0.01,0.05,100.0,0.0,1.0,0.0,100.0,0.0
CART,time,-1,fixed,C_b01_r20,20,0.01,0.1,200.0,0.0,1.0,0.0,200.0,0.0
CART,time,-1,fixed,C_b01_r20,20,0.01,0.15,300.0,0.0,1.0,0.0,300.0,0.0
CART,time,-1,fixed,C_b01_r50,50,0.01,0.02,100.0,0.0,1.0,0.0,100.0,0.0
CART,time,-1,fixed,C_b01_r50,50,0.01,0.05,250.0,0.0,1.0,0.0,250.0,0.0
CART,time,-1,fixed,C_b01_r50,50,0.01,0.1,500.0,0.0,1.0,0.0,500.0,0.0
CART,time,-1,fixed,C_b01_r50,50,0.01,0.15,750.0,0.0,1.0,0.0,750.0,0.0
CART,time,-1,fixed,C_b05_r05,5,0.05,0.02,10.04962025316456,0.0004962025316455,1.0,0.000506329113924,10.0,0.049620253164560424
CART,time,-1,fixed,C_b05_r05,5,0.05,0.05,25.048101265822787,0.0004810126582278,1.0,0.000506329113924,25.0,0.04810126582278684
CART,time,-1,fixed,C_b05_r05,5,0.05,0.1,50.04556962025316,0.0004556962025316,1.0,0.000506329113924,50.0,0.04556962025316125
CART,time,-1,fixed,C_b05_r05,5,0.05,0.15,75.04303797468354,0.0004303797468354,1.0,0.000506329113924,75.0,0.04303797468354276
CART,time,-1,fixed,C_b05_r10,10,0.05,0.02,21.211714614499428,0.0146171461449942,0.9886363636363636,0.0146835443037974,20.0,1.211714614499428
CART,time,-1,fixed,C_b05_r10,10,0.05,0.05,50.82675489067894,0.0145175489067894,0.9886363636363636,0.0146835443037974,50.0,0.8267548906789415
CART,time,-1,fixed,C_b05_r10,10,0.05,0.1,100.18515535097814,0.0143515535097813,0.9886363636363636,0.0146835443037974,100.0,0.1851553509781354
CART,time,-1,fixed,C_b05_r10,10,0.05,0.15,149.54355581127732,0.0141855581127733,0.9886363636363636,0.0146835443037974,150.0,-0.4564441887226849
CART,time,-1,fixed,C_b05_r20,20,0.05,0.02,40.9844418872267,0.0146171461449942,0.9886363636363636,0.0146835443037974,40.0,0.9844418872267013
CART,time,-1,fixed,C_b05_r20,20,0.05,0.05,100.25857307249711,0.0145175489067894,0.9886363636363636,0.0146835443037974,100.0,0.25857307249711425
CART,time,-1,fixed,C_b05_r20,20,0.05,0.1,199.04879171461448,0.0143515535097813,0.9886363636363636,0.0146835443037974,200.0,-0.951208285385519
CART,time,-1,fixed,C_b05_r20,20,0.05,0.15,297.8390103567319,0.0141855581127733,0.9886363636363636,0.0146835443037974,300.0,-2.160989643268124
CART,time,-1,fixed,C_b05_r50,50,0.05,0.02,100.30262370540852,0.0146171461449942,0.9886363636363636,0.0146835443037974,100.0,0.30262370540852146
CART,time,-1,fixed,C_b05_r50,50,0.05,0.05,248.5540276179517,0.0145175489067894,0.9886363636363636,0.0146835443037974,250.0,-1.4459723820482964
CART,time,-1,fixed,C_b05_r50,50,0.05,0.1,495.63970080552366,0.0143515535097813,0.9886363636363636,0.0146835443037974,500.0,-4.36029919447634
CART,time,-1,fixed,C_b05_r50,50,0.05,0.15,742.7253739930956,0.0141855581127733,0.9886363636363636,0.0146835443037974,750.0,-7.274626006904441
CART,time,-1,fixed,C_b10_r05,5,0.1,0.02,10.04962025316456,0.0004962025316455,1.0,0.000506329113924,10.0,0.049620253164560424
CART,time,-1,fixed,C_b10_r05,5,0.1,0.05,25.048101265822787,0.0004810126582278,1.0,0.000506329113924,25.0,0.04810126582278684
CART,time,-1,fixed,C_b10_r05,5,0.1,0.1,50.04556962025316,0.0004556962025316,1.0,0.000506329113924,50.0,0.04556962025316125
CART,time,-1,fixed,C_b10_r05,5,0.1,0.15,75.04303797468354,0.0004303797468354,1.0,0.000506329113924,75.0,0.04303797468354276
CART,time,-1,fixed,C_b10_r10,10,0.1,0.02,21.9688837744534,0.0296888377445339,0.9545454545454546,0.0293670886075949,20.0,1.9688837744533991
CART,time,-1,fixed,C_b10_r10,10,0.1,0.05,50.51714614499425,0.0301714614499424,0.9545454545454546,0.0293670886075949,50.0,0.5171461449942498
CART,time,-1,fixed,C_b10_r10,10,0.1,0.1,98.097583429229,0.0309758342922899,0.9545454545454546,0.0293670886075949,100.0,-1.9024165707709955
CART,time,-1,fixed,C_b10_r10,10,0.1,0.15,145.67802071346375,0.0317802071346375,0.9545454545454546,0.0293670886075949,150.0,-4.321979286536248
CART,time,-1,fixed,C_b10_r20,20,0.1,0.02,41.05979286536249,0.0296888377445339,0.9545454545454546,0.0293670886075949,40.0,1.059792865362489
CART,time,-1,fixed,C_b10_r20,20,0.1,0.05,98.24441887226698,0.0301714614499424,0.9545454545454546,0.0293670886075949,100.0,-1.7555811277330235
CART,time,-1,fixed,C_b10_r20,20,0.1,0.1,193.5521288837745,0.0309758342922899,0.9545454545454546,0.0293670886075949,200.0,-6.447871116225514
CART,time,-1,fixed,C_b10_r20,20,0.1,0.15,288.85983889528194,0.0317802071346375,0.9545454545454546,0.0293670886075949,300.0,-11.14016110471806
CART,time,-1,fixed,C_b10_r50,50,0.1,0.02,96.31769850402762,0.0559042577675489,0.9090909090909092,0.0551898734177215,100.0,-3.682301495972382
CART,time,-1,fixed,C_b10_r50,50,0.1,0.05,232.5157652474108,0.0569758342922899,0.9090909090909092,0.0551898734177215,250.0,-17.484234752589202
CART,time,-1,fixed,C_b10_r50,50,0.1,0.1,459.5125431530494,0.0587617951668584,0.9090909090909092,0.0551898734177215,500.0,-40.48745684695058
CART,time,-1,fixed,C_b10_r50,50,0.1,0.15,686.5093210586882,0.0605477560414269,0.9090909090909092,0.0551898734177215,750.0,-63.490678941311785
CART,time,-1,fixed,C_b20_r05,5,0.2,0.02,10.96361334867664,0.0123634062140391,0.9772727272727272,0.0121518987341772,10.0,0.9636133486766401
CART,time,-1,fixed,C_b20_r05,5,0.2,0.05,25.586248561565014,0.0126806674338319,0.9772727272727272,0.0121518987341772,25.0,0.5862485615650144
CART,time,-1,fixed,C_b20_r05,5,0.2,0.1,49.95730724971232,0.0132094361334867,0.9772727272727272,0.0121518987341772,50.0,-0.04269275028767794
CART,time,-1,fixed,C_b20_r05,5,0.2,0.15,74.32836593785962,0.0137382048331415,0.9772727272727272,0.0121518987341772,75.0,-0.6716340621403845
CART,time,-1,fixed,C_b20_r10,10,0.2,0.02,22.71318757192175,0.0371318757192174,0.9545454545454546,0.0369620253164557,20.0,2.7131875719217504
CART,time,-1,fixed,C_b20_r10,10,0.2,0.05,51.23866513233602,0.0373866513233601,0.9545454545454546,0.0369620253164557,50.0,1.238665132336017
CART,time,-1,fixed,C_b20_r10,10,0.2,0.1,98.78112773302648,0.0378112773302646,0.9545454545454546,0.0369620253164557,100.0,-1.21887226697352
CART,time,-1,fixed,C_b20_r10,10,0.2,0.15,146.3235903337169,0.0382359033371691,0.9545454545454546,0.0369620253164557,150.0,-3.6764096662830923
CART,time,-1,fixed,C_b20_r20,20,0.2,0.02,41.82186421173763,0.0564004602991944,0.9090909090909092,0.0556962025316455,40.0,1.8218642117376334
CART,time,-1,fixed,C_b20_r20,20,0.2,0.05,96.20023014959725,0.0574568469505178,0.9090909090909092,0.0556962025316455,100.0,-3.799769850402754
CART,time,-1,fixed,C_b20_r20,20,0.2,0.1,186.83084004602992,0.0592174913693901,0.9090909090909092,0.0556962025316455,200.0,-13.16915995397008
CART,time,-1,fixed,C_b20_r20,20,0.2,0.15,277.4614499424626,0.0609781357882623,0.9090909090909092,0.0556962025316455,300.0,-22.538550057537407
CART,time,-1,fixed,C_b20_r50,50,0.2,0.02,94.35249712313004,0.0826158803222094,0.8636363636363636,0.0815189873417721,100.0,-5.647502876869964
CART,time,-1,fixed,C_b20_r50,50,0.2,0.05,223.65339470655928,0.0842612197928653,0.8636363636363636,0.0815189873417721,250.0,-26.346605293440717
CART,time,-1,fixed,C_b20_r50,50,0.2,0.1,439.1548906789413,0.0870034522439585,0.8636363636363636,0.0815189873417721,500.0,-60.845109321058715
CART,time,-1,fixed,C_b20_r50,50,0.2,0.15,654.6563866513234,0.0897456846950517,0.8636363636363636,0.0815189873417721,750.0,-95.34361334867663
CART,time,-1,fixed,TopK_b01,5,0.01,0.02,10.6658918296893,0.0093861910241657,0.9772727272727272,0.0091139240506329,10.0,0.6658918296893006
CART,time,-1,fixed,TopK_b01,5,0.01,0.05,25.29764096662831,0.0097945914844649,0.9772727272727272,0.0091139240506329,25.0,0.2976409666283111
CART,time,-1,fixed,TopK_b01,5,0.01,0.1,49.683889528193326,0.0104752589182968,0.9772727272727272,0.0091139240506329,50.0,-0.31611047180667384
CART,time,-1,fixed,TopK_b01,5,0.01,0.15,74.07013808975834,0.0111559263521288,0.9772727272727272,0.0091139240506329,75.0,-0.9298619102416552
CART,time,-1,fixed,TopK_b01,10,0.01,0.02,20.43861910241657,0.0093861910241657,0.9772727272727272,0.0091139240506329,20.0,0.4386191024165704
CART,time,-1,fixed,TopK_b01,10,0.01,0.05,49.729459148446495,0.0097945914844649,0.9772727272727272,0.0091139240506329,50.0,-0.2705408515535055
CART,time,-1,fixed,TopK_b01,10,0.01,0.1,98.5475258918297,0.0104752589182968,0.9772727272727272,0.0091139240506329,100.0,-1.452474108170307
CART,time,-1,fixed,TopK_b01,10,0.01,0.15,147.36559263521286,0.0111559263521288,0.9772727272727272,0.0091139240506329,150.0,-2.634407364787137
CART,time,-1,fixed,TopK_b01,20,0.01,0.02,39.98407364787112,0.0093861910241657,0.9772727272727272,0.0091139240506329,40.0,-0.015926352128879273
CART,time,-1,fixed,TopK_b01,20,0.01,0.05,98.59309551208284,0.0097945914844649,0.9772727272727272,0.0091139240506329,100.0,-1.40690448791716
CART,time,-1,fixed,TopK_b01,20,0.01,0.1,196.27479861910243,0.0104752589182968,0.9772727272727272,0.0091139240506329,200.0,-3.7252013808975732
CART,time,-1,fixed,TopK_b01,20,0.01,0.15,293.9565017261219,0.0111559263521288,0.9772727272727272,0.0091139240506329,300.0,-6.043498273878072
CART,time,-1,fixed,TopK_b01,50,0.01,0.02,98.62043728423475,0.0093861910241657,0.9772727272727272,0.0091139240506329,100.0,-1.3795627157652461
CART,time,-1,fixed,TopK_b01,50,0.01,0.05,245.184004602992,0.0097945914844649,0.9772727272727272,0.0091139240506329,250.0,-4.81599539700801
CART,time,-1,fixed,TopK_b01,50,0.01,0.1,489.4566168009207,0.0104752589182968,0.9772727272727272,0.0091139240506329,500.0,-10.543383199079301
CART,time,-1,fixed,TopK_b01,50,0.01,0.15,733.7292289988493,0.0111559263521288,0.9772727272727272,0.0091139240506329,750.0,-16.270771001150706
CART,time,-1,fixed,TopK_b05,5,0.05,0.02,14.145742232451097,0.0482756041426927,0.9431818181818182,0.0481012658227848,10.0,4.145742232451097
CART,time,-1,fixed,TopK_b05,5,0.05,0.05,28.14916570771001,0.0485371116225546,0.9431818181818182,0.0481012658227848,25.0,3.1491657077100115
CART,time,-1,fixed,TopK_b05,5,0.05,0.1,51.48820483314155,0.0489729574223245,0.9431818181818182,0.0481012658227848,50.0,1.4882048331415518
CART,time,-1,fixed,TopK_b05,5,0.05,0.15,74.82724395857308,0.0494088032220943,0.9431818181818182,0.0481012658227848,75.0,-0.17275604142692202
CART,time,-1,fixed,TopK_b05,10,0.05,0.02,23.57756041426928,0.0482756041426927,0.9431818181818182,0.0481012658227848,20.0,3.5775604142692785
CART,time,-1,fixed,TopK_b05,10,0.05,0.05,51.72871116225547,0.0485371116225546,0.9431818181818182,0.0481012658227848,50.0,1.7287111622554718
CART,time,-1,fixed,TopK_b05,10,0.05,0.1,98.64729574223246,0.0489729574223245,0.9431818181818182,0.0481012658227848,100.0,-1.3527042577675417
CART,time,-1,fixed,TopK_b05,10,0.05,0.15,145.56588032220944,0.0494088032220943,0.9431818181818182,0.0481012658227848,150.0,-4.434119677790562
CART,time,-1,fixed,TopK_b05,20,0.05,0.02,42.441196777905645,0.0482756041426927,0.9431818181818182,0.0481012658227848,40.0,2.4411967779056454
CART,time,-1,fixed,TopK_b05,20,0.05,0.05,98.88780207134636,0.0485371116225546,0.9431818181818182,0.0481012658227848,100.0,-1.112197928653643
CART,time,-1,fixed,TopK_b05,20,0.05,0.1,192.96547756041429,0.0489729574223245,0.9431818181818182,0.0481012658227848,200.0,-7.034522439585714
CART,time,-1,fixed,TopK_b05,20,0.05,0.15,287.04315304948216,0.0494088032220943,0.9431818181818182,0.0481012658227848,300.0,-12.956846950517843
CART,time,-1,fixed,TopK_b05,50,0.05,0.02,99.03210586881474,0.0482756041426927,0.9431818181818182,0.0481012658227848,100.0,-0.9678941311852611
CART,time,-1,fixed,TopK_b05,50,0.05,0.05,240.3650747986191,0.0485371116225546,0.9431818181818182,0.0481012658227848,250.0,-9.634925201380895
CART,time,-1,fixed,TopK_b05,50,0.05,0.1,475.9200230149597,0.0489729574223245,0.9431818181818182,0.0481012658227848,500.0,-24.079976985040275
CART,time,-1,fixed,TopK_b05,50,0.05,0.15,711.4749712313004,0.0494088032220943,0.9431818181818182,0.0481012658227848,750.0,-38.5250287686996
CART,time,-1,fixed,TopK_b10,5,0.1,0.02,18.489965477560418,0.0985360184119677,0.8863636363636364,0.0982278481012658,10.0,8.489965477560418
CART,time,-1,fixed,TopK_b10,5,0.1,0.05,31.490736478711163,0.0989982738780207,0.8863636363636364,0.0982278481012658,25.0,6.490736478711163
CART,time,-1,fixed,TopK_b10,5,0.1,0.1,53.15868814729574,0.0997686996547756,0.8863636363636364,0.0982278481012658,50.0,3.1586881472957415
CART,time,-1,fixed,TopK_b10,5,0.1,0.15,74.82663981588033,0.1005391254315304,0.8863636363636364,0.0982278481012658,75.0,-0.17336018411967302
CART,time,-1,fixed,TopK_b10,10,0.1,0.02,27.353601841196777,0.0985360184119677,0.8863636363636364,0.0982278481012658,20.0,7.353601841196777
CART,time,-1,fixed,TopK_b10,10,0.1,0.05,53.64982738780208,0.0989982738780207,0.8863636363636364,0.0982278481012658,50.0,3.649827387802077
CART,time,-1,fixed,TopK_b10,10,0.1,0.1,97.47686996547756,0.0997686996547756,0.8863636363636364,0.0982278481012658,100.0,-2.5231300345224383
CART,time,-1,fixed,TopK_b10,10,0.1,0.15,141.30391254315305,0.1005391254315304,0.8863636363636364,0.0982278481012658,150.0,-8.696087456846954
CART,time,-1,fixed,TopK_b10,20,0.1,0.02,45.08087456846951,0.0985360184119677,0.8863636363636364,0.0982278481012658,40.0,5.080874568469511
CART,time,-1,fixed,TopK_b10,20,0.1,0.05,97.96800920598388,0.0989982738780207,0.8863636363636364,0.0982278481012658,100.0,-2.0319907940161244
CART,time,-1,fixed,TopK_b10,20,0.1,0.1,186.1132336018412,0.0997686996547756,0.8863636363636364,0.0982278481012658,200.0,-13.886766398158812
CART,time,-1,fixed,TopK_b10,20,0.1,0.15,274.2584579976985,0.1005391254315304,0.8863636363636364,0.0982278481012658,300.0,-25.741542002301514
CART,time,-1,fixed,TopK_b10,50,0.1,0.02,98.26269275028768,0.0985360184119677,0.8863636363636364,0.0982278481012658,100.0,-1.737307249712316
CART,time,-1,fixed,TopK_b10,50,0.1,0.05,230.92255466052936,0.0989982738780207,0.8863636363636364,0.0982278481012658,250.0,-19.077445339470643
CART,time,-1,fixed,TopK_b10,50,0.1,0.1,452.0223245109321,0.0997686996547756,0.8863636363636364,0.0982278481012658,500.0,-47.977675489067906
CART,time,-1,fixed,TopK_b10,50,0.1,0.15,673.1220943613349,0.1005391254315304,0.8863636363636364,0.0982278481012658,750.0,-76.87790563866508
CART,time,-1,fixed,TopK_b20,5,0.2,0.02,26.035615650172613,0.1971743383199079,0.6931818181818182,0.1949367088607595,10.0,16.035615650172613
CART,time,-1,fixed,TopK_b20,5,0.2,0.05,35.84853279631761,0.2005307825086306,0.6931818181818182,0.1949367088607595,25.0,10.848532796317613
CART,time,-1,fixed,TopK_b20,5,0.2,0.1,52.20339470655927,0.2061248561565017,0.6931818181818182,0.1949367088607595,50.0,2.2033947065592727
CART,time,-1,fixed,TopK_b20,5,0.2,0.15,68.55825661680093,0.2117189298043728,0.6931818181818182,0.1949367088607595,75.0,-6.441743383199068
CART,time,-1,fixed,TopK_b20,10,0.2,0.02,32.9674338319908,0.1971743383199079,0.6931818181818182,0.1949367088607595,20.0,12.967433831990803
CART,time,-1,fixed,TopK_b20,10,0.2,0.05,53.17807825086307,0.2005307825086306,0.6931818181818182,0.1949367088607595,50.0,3.1780782508630665
CART,time,-1,fixed,TopK_b20,10,0.2,0.1,86.86248561565017,0.2061248561565017,0.6931818181818182,0.1949367088607595,100.0,-13.137514384349828
CART,time,-1,fixed,TopK_b20,10,0.2,0.15,120.54689298043728,0.2117189298043728,0.6931818181818182,0.1949367088607595,150.0,-29.453107019562722
CART,time,-1,fixed,TopK_b20,20,0.2,0.02,46.83107019562716,0.1971743383199079,0.6931818181818182,0.1949367088607595,40.0,6.831070195627163
CART,time,-1,fixed,TopK_b20,20,0.2,0.05,87.83716915995397,0.2005307825086306,0.6931818181818182,0.1949367088607595,100.0,-12.162830840046027
CART,time,-1,fixed,TopK_b20,20,0.2,0.1,156.180667433832,0.2061248561565017,0.6931818181818182,0.1949367088607595,200.0,-43.819332566167986
CART,time,-1,fixed,TopK_b20,20,0.2,0.15,224.52416570771004,0.2117189298043728,0.6931818181818182,0.1949367088607595,300.0,-75.47583429228996
CART,time,-1,fixed,TopK_b20,50,0.2,0.02,88.42197928653626,0.1971743383199079,0.6931818181818182,0.1949367088607595,100.0,-11.578020713463744
CART,time,-1,fixed,TopK_b20,50,0.2,0.05,191.8144418872267,0.2005307825086306,0.6931818181818182,0.1949367088607595,250.0,-58.18555811277329
CART,time,-1,fixed,TopK_b20,50,0.2,0.1,364.1352128883775,0.2061248561565017,0.6931818181818182,0.1949367088607595,500.0,-135.8647871116225
CART,time,-1,fixed,TopK_b20,50,0.2,0.15,536.4559838895282,0.2117189298043728,0.6931818181818182,0.1949367088607595,750.0,-213.54401611047183
CART,time,-1,refitted,none,5,,0.02,10.0,0.0,1.0,0.0,10.0,0.0
CART,time,-1,refitted,none,5,,0.05,25.0,0.0,1.0,0.0,25.0,0.0
CART,time,-1,refitted,none,5,,0.1,50.0,0.0,1.0,0.0,50.0,0.0
CART,time,-1,refitted,none,5,,0.15,75.0,0.0,1.0,0.0,75.0,0.0
CART,time,-1,refitted,none,10,,0.02,20.0,0.0,1.0,0.0,20.0,0.0
CART,time,-1,refitted,none,10,,0.05,50.0,0.0,1.0,0.0,50.0,0.0
CART,time,-1,refitted,none,10,,0.1,100.0,0.0,1.0,0.0,100.0,0.0
CART,time,-1,refitted,none,10,,0.15,150.0,0.0,1.0,0.0,150.0,0.0
CART,time,-1,refitted,none,20,,0.02,40.0,0.0,1.0,0.0,40.0,0.0
CART,time,-1,refitted,none,20,,0.05,100.0,0.0,1.0,0.0,100.0,0.0
CART,time,-1,refitted,none,20,,0.1,200.0,0.0,1.0,0.0,200.0,0.0
CART,time,-1,refitted,none,20,,0.15,300.0,0.0,1.0,0.0,300.0,0.0
CART,time,-1,refitted,none,50,,0.02,100.0,0.0,1.0,0.0,100.0,0.0
CART,time,-1,refitted,none,50,,0.05,250.0,0.0,1.0,0.0,250.0,0.0
CART,time,-1,refitted,none,50,,0.1,500.0,0.0,1.0,0.0,500.0,0.0
CART,time,-1,refitted,none,50,,0.15,750.0,0.0,1.0,0.0,750.0,0.0
CART,time,-1,refitted,A_b01,5,0.01,0.02,11.013233601841195,0.0128596087456846,0.9772727272727272,0.0126582278481012,10.0,1.0132336018411952
CART,time,-1,refitted,A_b01,5,0.01,0.05,25.634349827387805,0.0131616800920598,0.9772727272727272,0.0126582278481012,25.0,0.6343498273878048
CART,time,-1,refitted,A_b01,5,0.01,0.1,50.00287686996548,0.0136651323360184,0.9772727272727272,0.0126582278481012,50.0,0.0028768699654833085
CART,time,-1,refitted,A_b01,5,0.01,0.15,74.37140391254314,0.0141685845799769,0.9772727272727272,0.0126582278481012,75.0,-0.6285960874568559
CART,time,-1,refitted,A_b01,10,0.01,0.02,20.78596087456847,0.0128596087456846,0.9772727272727272,0.0126582278481012,20.0,0.7859608745684703
CART,time,-1,refitted,A_b01,10,0.01,0.05,50.06616800920598,0.0131616800920598,0.9772727272727272,0.0126582278481012,50.0,0.0661680092059811
CART,time,-1,refitted,A_b01,10,0.01,0.1,98.86651323360184,0.0136651323360184,0.9772727272727272,0.0126582278481012,100.0,-1.133486766398164
CART,time,-1,refitted,A_b01,10,0.01,0.15,147.6668584579977,0.0141685845799769,0.9772727272727272,0.0126582278481012,150.0,-2.333141542002295
CART,time,-1,refitted,A_b01,20,0.01,0.02,40.33141542002301,0.0128596087456846,0.9772727272727272,0.0126582278481012,40.0,0.3314154200230135
CART,time,-1,refitted,A_b01,20,0.01,0.05,98.92980437284234,0.0131616800920598,0.9772727272727272,0.0126582278481012,100.0,-1.0701956271576591
CART,time,-1,refitted,A_b01,20,0.01,0.1,196.59378596087456,0.0136651323360184,0.9772727272727272,0.0126582278481012,200.0,-3.4062140391254445
CART,time,-1,refitted,A_b01,20,0.01,0.15,294.2577675489068,0.0141685845799769,0.9772727272727272,0.0126582278481012,300.0,-5.742232451093173
CART,time,-1,refitted,A_b01,50,0.01,0.02,98.96777905638665,0.0128596087456846,0.9772727272727272,0.0126582278481012,100.0,-1.0322209436133534
CART,time,-1,refitted,A_b01,50,0.01,0.05,245.52071346375143,0.0131616800920598,0.9772727272727272,0.0126582278481012,250.0,-4.479286536248566
CART,time,-1,refitted,A_b01,50,0.01,0.1,489.7756041426928,0.0136651323360184,0.9772727272727272,0.0126582278481012,500.0,-10.224395857307172
CART,time,-1,refitted,A_b01,50,0.01,0.15,734.0304948216341,0.0141685845799769,0.9772727272727272,0.0126582278481012,750.0,-15.969505178365921
CART,time,-1,refitted,A_b05,5,0.05,0.02,13.380609896432684,0.0378970080552359,0.9659090909090908,0.0379746835443038,10.0,3.3806098964326843
CART,time,-1,refitted,A_b05,5,0.05,0.05,27.75532220943613,0.037780494821634,0.9659090909090908,0.0379746835443038,25.0,2.7553222094361303
CART,time,-1,refitted,A_b05,5,0.05,0.1,51.71317606444189,0.0375863060989643,0.9659090909090908,0.0379746835443038,50.0,1.713176064441889
CART,time,-1,refitted,A_b05,5,0.05,0.15,75.67102991944765,0.0373921173762945,0.9659090909090908,0.0379746835443038,75.0,0.6710299194476477
CART,time,-1,refitted,A_b05,10,0.05,0.02,23.039700805523594,0.0378970080552359,0.9659090909090908,0.0379746835443038,20.0,3.0397008055235943
CART,time,-1,refitted,A_b05,10,0.05,0.05,51.90304948216341,0.037780494821634,0.9659090909090908,0.0379746835443038,50.0,1.9030494821634107
CART,time,-1,refitted,A_b05,10,0.05,0.1,100.00863060989644,0.0375863060989643,0.9659090909090908,0.0379746835443038,100.0,0.00863060989644282
CART,time,-1,refitted,A_b05,10,0.05,0.15,148.11421173762946,0.0373921173762945,0.9659090909090908,0.0379746835443038,150.0,-1.8857882623705393
CART,time,-1,refitted,A_b05,20,0.05,0.02,42.35788262370541,0.0378970080552359,0.9659090909090908,0.0379746835443038,40.0,2.3578826237054074
CART,time,-1,refitted,A_b05,20,0.05,0.05,100.19850402761796,0.037780494821634,0.9659090909090908,0.0379746835443038,100.0,0.1985040276179575
CART,time,-1,refitted,A_b05,20,0.05,0.1,196.59953970080556,0.0375863060989643,0.9659090909090908,0.0379746835443038,200.0,-3.4004602991944353
CART,time,-1,refitted,A_b05,20,0.05,0.15,293.0005753739931,0.0373921173762945,0.9659090909090908,0.0379746835443038,300.0,-6.999424626006885
CART,time,-1,refitted,A_b05,50,0.05,0.02,100.31242807825087,0.0378970080552359,0.9659090909090908,0.0379746835443038,100.0,0.3124280782508748
CART,time,-1,refitted,A_b05,50,0.05,0.05,245.08486766398164,0.037780494821634,0.9659090909090908,0.0379746835443038,250.0,-4.91513233601836
CART,time,-1,refitted,A_b05,50,0.05,0.1,486.3722669735329,0.0375863060989643,0.9659090909090908,0.0379746835443038,500.0,-13.627733026467126
CART,time,-1,refitted,A_b05,50,0.05,0.15,727.659666283084,0.0373921173762945,0.9659090909090908,0.0379746835443038,750.0,-22.340333716916007
CART,time,-1,refitted,A_b10,5,0.1,0.02,16.186605293440735,0.0727751438434982,0.9090909090909092,0.0724050632911392,10.0,6.186605293440735
CART,time,-1,refitted,A_b10,5,0.1,0.05,29.60575373993095,0.0733302646720368,0.9090909090909092,0.0724050632911392,25.0,4.60575373993095
CART,time,-1,refitted,A_b10,5,0.1,0.1,51.97100115074799,0.0742554660529344,0.9090909090909092,0.0724050632911392,50.0,1.9710011507479877
CART,time,-1,refitted,A_b10,5,0.1,0.15,74.33624856156501,0.075180667433832,0.9090909090909092,0.0724050632911392,75.0,-0.6637514384349856
CART,time,-1,refitted,A_b10,10,0.1,0.02,25.277514384349832,0.0727751438434982,0.9090909090909092,0.0724050632911392,20.0,5.277514384349832
CART,time,-1,refitted,A_b10,10,0.1,0.05,52.33302646720368,0.0733302646720368,0.9090909090909092,0.0724050632911392,50.0,2.3330264672036805
CART,time,-1,refitted,A_b10,10,0.1,0.1,97.42554660529343,0.0742554660529344,0.9090909090909092,0.0724050632911392,100.0,-2.574453394706566
CART,time,-1,refitted,A_b10,10,0.1,0.15,142.5180667433832,0.075180667433832,0.9090909090909092,0.0724050632911392,150.0,-7.481933256616799
CART,time,-1,refitted,A_b10,20,0.1,0.02,43.45933256616801,0.0727751438434982,0.9090909090909092,0.0724050632911392,40.0,3.4593325661680083
CART,time,-1,refitted,A_b10,20,0.1,0.05,97.78757192174912,0.0733302646720368,0.9090909090909092,0.0724050632911392,100.0,-2.2124280782508805
CART,time,-1,refitted,A_b10,20,0.1,0.1,188.33463751438435,0.0742554660529344,0.9090909090909092,0.0724050632911392,200.0,-11.665362485615645
CART,time,-1,refitted,A_b10,20,0.1,0.15,278.8817031070196,0.075180667433832,0.9090909090909092,0.0724050632911392,300.0,-21.118296892980425
CART,time,-1,refitted,A_b10,50,0.1,0.02,98.00478711162256,0.0727751438434982,0.9090909090909092,0.0724050632911392,100.0,-1.9952128883774378
CART,time,-1,refitted,A_b10,50,0.1,0.05,234.15120828538548,0.0733302646720368,0.9090909090909092,0.0724050632911392,250.0,-15.84879171461452
CART,time,-1,refitted,A_b10,50,0.1,0.1,461.061910241657,0.0742554660529344,0.9090909090909092,0.0724050632911392,500.0,-38.93808975834298
CART,time,-1,refitted,A_b10,50,0.1,0.15,687.9726121979287,0.075180667433832,0.9090909090909092,0.0724050632911392,750.0,-62.0273878020713
CART,time,-1,refitted,A_b20,5,0.2,0.02,26.49812428078251,0.190890333716916,0.7840909090909091,0.190379746835443,10.0,16.49812428078251
CART,time,-1,refitted,A_b20,5,0.2,0.05,37.68834867663982,0.1916562140391254,0.7840909090909091,0.190379746835443,25.0,12.68834867663982
CART,time,-1,refitted,A_b20,5,0.2,0.1,56.33872266973533,0.1929326812428078,0.7840909090909091,0.190379746835443,50.0,6.338722669735333
CART,time,-1,refitted,A_b20,5,0.2,0.15,74.98909666283083,0.1942091484464902,0.7840909090909091,0.190379746835443,75.0,-0.010903337169168026
CART,time,-1,refitted,A_b20,10,0.2,0.02,34.3390333716916,0.190890333716916,0.7840909090909091,0.190379746835443,20.0,14.339033371691599
CART,time,-1,refitted,A_b20,10,0.2,0.05,57.29062140391255,0.1916562140391254,0.7840909090909091,0.190379746835443,50.0,7.290621403912553
CART,time,-1,refitted,A_b20,10,0.2,0.1,95.54326812428076,0.1929326812428078,0.7840909090909091,0.190379746835443,100.0,-4.4567318757192425
CART,time,-1,refitted,A_b20,10,0.2,0.15,133.79591484464902,0.1942091484464902,0.7840909090909091,0.190379746835443,150.0,-16.20408515535098
CART,time,-1,refitted,A_b20,20,0.2,0.02,50.02085155350978,0.190890333716916,0.7840909090909091,0.190379746835443,40.0,10.020851553509779
CART,time,-1,refitted,A_b20,20,0.2,0.05,96.495166858458,0.1916562140391254,0.7840909090909091,0.190379746835443,100.0,-3.5048331415419938
CART,time,-1,refitted,A_b20,20,0.2,0.1,173.9523590333717,0.1929326812428078,0.7840909090909091,0.190379746835443,200.0,-26.047640966628308
CART,time,-1,refitted,A_b20,20,0.2,0.15,251.40955120828536,0.1942091484464902,0.7840909090909091,0.190379746835443,300.0,-48.590448791714635
CART,time,-1,refitted,A_b20,50,0.2,0.02,97.06630609896432,0.190890333716916,0.7840909090909091,0.190379746835443,100.0,-2.9336939010356815
CART,time,-1,refitted,A_b20,50,0.2,0.05,214.1088032220944,0.1916562140391254,0.7840909090909091,0.190379746835443,250.0,-35.891196777905606
CART,time,-1,refitted,A_b20,50,0.2,0.1,409.1796317606444,0.1929326812428078,0.7840909090909091,0.190379746835443,500.0,-90.82036823935562
CART,time,-1,refitted,A_b20,50,0.2,0.15,604.2504602991945,0.1942091484464902,0.7840909090909091,0.190379746835443,750.0,-145.74953970080549
CART,time,-1,refitted,B_r05,5,,0.02,13.42716915995397,0.0574535097813578,0.8068181818181818,0.0546835443037974,10.0,3.4271691599539693
CART,time,-1,refitted,B_r05,5,,0.05,25.365391254315306,0.0616084579976985,0.8068181818181818,0.0546835443037974,25.0,0.3653912543153055
CART,time,-1,refitted,B_r05,5,,0.1,45.26242807825086,0.0685333716915995,0.8068181818181818,0.0546835443037974,50.0,-4.7375719217491365
CART,time,-1,refitted,B_r05,5,,0.15,65.15946490218641,0.0754582853855005,0.8068181818181818,0.0546835443037974,75.0,-9.840535097813586
CART,time,-1,refitted,B_r10,10,,0.02,36.83965477560414,0.2658965477560414,0.5568181818181818,0.2622784810126582,20.0,16.83965477560414
CART,time,-1,refitted,B_r10,10,,0.05,52.75736478711161,0.2713236478711162,0.5568181818181818,0.2622784810126582,50.0,2.7573647871116123
CART,time,-1,refitted,B_r10,10,,0.1,79.28688147295742,0.2803688147295742,0.5568181818181818,0.2622784810126582,100.0,-20.71311852704258
CART,time,-1,refitted,B_r10,10,,0.15,105.8163981588032,0.2894139815880322,0.5568181818181818,0.2622784810126582,150.0,-44.183601841196804
CART,time,-1,refitted,B_r20,20,,0.02,53.22352128883774,0.3851897583429228,0.3977272727272727,0.3807594936708861,40.0,13.223521288837738
CART,time,-1,refitted,B_r20,20,,0.05,75.94487917146144,0.391835155350978,0.3977272727272727,0.3807594936708861,100.0,-24.055120828538563
CART,time,-1,refitted,B_r20,20,,0.1,113.81380897583428,0.4029108170310702,0.3977272727272727,0.3807594936708861,200.0,-86.18619102416572
CART,time,-1,refitted,B_r20,20,,0.15,151.68273878020713,0.4139864787111622,0.3977272727272727,0.3807594936708861,300.0,-148.31726121979287
CART,time,-1,refitted,B_r50,50,,0.02,82.59440736478712,0.5561713463751438,0.2840909090909091,0.5529113924050633,100.0,-17.405592635212884
CART,time,-1,refitted,B_r50,50,,0.05,123.54930955120828,0.5610612773302646,0.2840909090909091,0.5529113924050633,250.0,-126.45069044879172
CART,time,-1,refitted,B_r50,50,,0.1,191.80747986191028,0.569211162255466,0.2840909090909091,0.5529113924050633,500.0,-308.1925201380897
CART,time,-1,refitted,B_r50,50,,0.15,260.0656501726122,0.5773610471806674,0.2840909090909091,0.5529113924050633,750.0,-489.9343498273878
CART,time,-1,refitted,C_b01_r05,5,0.01,0.02,10.0,0.0,1.0,0.0,10.0,0.0
CART,time,-1,refitted,C_b01_r05,5,0.01,0.05,25.0,0.0,1.0,0.0,25.0,0.0
CART,time,-1,refitted,C_b01_r05,5,0.01,0.1,50.0,0.0,1.0,0.0,50.0,0.0
CART,time,-1,refitted,C_b01_r05,5,0.01,0.15,75.0,0.0,1.0,0.0,75.0,0.0
CART,time,-1,refitted,C_b01_r10,10,0.01,0.02,20.0,0.0,1.0,0.0,20.0,0.0
CART,time,-1,refitted,C_b01_r10,10,0.01,0.05,50.0,0.0,1.0,0.0,50.0,0.0
CART,time,-1,refitted,C_b01_r10,10,0.01,0.1,100.0,0.0,1.0,0.0,100.0,0.0
CART,time,-1,refitted,C_b01_r10,10,0.01,0.15,150.0,0.0,1.0,0.0,150.0,0.0
CART,time,-1,refitted,C_b01_r20,20,0.01,0.02,40.0,0.0,1.0,0.0,40.0,0.0
CART,time,-1,refitted,C_b01_r20,20,0.01,0.05,100.0,0.0,1.0,0.0,100.0,0.0
CART,time,-1,refitted,C_b01_r20,20,0.01,0.1,200.0,0.0,1.0,0.0,200.0,0.0
CART,time,-1,refitted,C_b01_r20,20,0.01,0.15,300.0,0.0,1.0,0.0,300.0,0.0
CART,time,-1,refitted,C_b01_r50,50,0.01,0.02,100.0,0.0,1.0,0.0,100.0,0.0
CART,time,-1,refitted,C_b01_r50,50,0.01,0.05,250.0,0.0,1.0,0.0,250.0,0.0
CART,time,-1,refitted,C_b01_r50,50,0.01,0.1,500.0,0.0,1.0,0.0,500.0,0.0
CART,time,-1,refitted,C_b01_r50,50,0.01,0.15,750.0,0.0,1.0,0.0,750.0,0.0
CART,time,-1,refitted,C_b05_r05,5,0.05,0.02,10.04962025316456,0.0004962025316455,1.0,0.000506329113924,10.0,0.049620253164560424
CART,time,-1,refitted,C_b05_r05,5,0.05,0.05,25.048101265822787,0.0004810126582278,1.0,0.000506329113924,25.0,0.04810126582278684
CART,time,-1,refitted,C_b05_r05,5,0.05,0.1,50.04556962025316,0.0004556962025316,1.0,0.000506329113924,50.0,0.04556962025316125
CART,time,-1,refitted,C_b05_r05,5,0.05,0.15,75.04303797468354,0.0004303797468354,1.0,0.000506329113924,75.0,0.04303797468354276
CART,time,-1,refitted,C_b05_r10,10,0.05,0.02,20.85640966628309,0.0160640966628308,0.9659090909090908,0.0156962025316455,20.0,0.8564096662830885
CART,time,-1,refitted,C_b05_r10,10,0.05,0.05,49.78659378596088,0.0166159378596087,0.9659090909090908,0.0156962025316455,50.0,-0.21340621403911797
CART,time,-1,refitted,C_b05_r10,10,0.05,0.1,98.0035673187572,0.0175356731875719,0.9659090909090908,0.0156962025316455,100.0,-1.9964326812427942
CART,time,-1,refitted,C_b05_r10,10,0.05,0.15,146.22054085155352,0.018455408515535,0.9659090909090908,0.0156962025316455,150.0,-3.7794591484464775
CART,time,-1,refitted,C_b05_r20,20,0.05,0.02,40.174591484464905,0.0160640966628308,0.9659090909090908,0.0156962025316455,40.0,0.17459148446490502
CART,time,-1,refitted,C_b05_r20,20,0.05,0.05,98.08204833141542,0.0166159378596087,0.9659090909090908,0.0156962025316455,100.0,-1.9179516685845783
CART,time,-1,refitted,C_b05_r20,20,0.05,0.1,194.5944764096663,0.0175356731875719,0.9659090909090908,0.0156962025316455,200.0,-5.405523590333701
CART,time,-1,refitted,C_b05_r20,20,0.05,0.15,291.1069044879172,0.018455408515535,0.9659090909090908,0.0156962025316455,300.0,-8.893095512082823
CART,time,-1,refitted,C_b05_r50,50,0.05,0.02,98.12913693901037,0.0160640966628308,0.9659090909090908,0.0156962025316455,100.0,-1.8708630609896346
CART,time,-1,refitted,C_b05_r50,50,0.05,0.05,242.96841196777908,0.0166159378596087,0.9659090909090908,0.0156962025316455,250.0,-7.031588032220924
CART,time,-1,refitted,C_b05_r50,50,0.05,0.1,484.3672036823936,0.0175356731875719,0.9659090909090908,0.0156962025316455,500.0,-15.632796317606392
CART,time,-1,refitted,C_b05_r50,50,0.05,0.15,725.765995397008,0.018455408515535,0.9659090909090908,0.0156962025316455,750.0,-24.234004602991945
CART,time,-1,refitted,C_b10_r05,5,0.1,0.02,10.04962025316456,0.0004962025316455,1.0,0.000506329113924,10.0,0.049620253164560424
CART,time,-1,refitted,C_b10_r05,5,0.1,0.05,25.048101265822787,0.0004810126582278,1.0,0.000506329113924,25.0,0.04810126582278684
CART,time,-1,refitted,C_b10_r05,5,0.1,0.1,50.04556962025316,0.0004556962025316,1.0,0.000506329113924,50.0,0.04556962025316125
CART,time,-1,refitted,C_b10_r05,5,0.1,0.15,75.04303797468354,0.0004303797468354,1.0,0.000506329113924,75.0,0.04303797468354276
CART,time,-1,refitted,C_b10_r10,10,0.1,0.02,21.253371691599543,0.0200337169159953,0.9659090909090908,0.0197468354430379,20.0,1.2533716915995434
CART,time,-1,refitted,C_b10_r10,10,0.1,0.05,50.17140391254316,0.0204640391254315,0.9659090909090908,0.0197468354430379,50.0,0.17140391254316256
CART,time,-1,refitted,C_b10_r10,10,0.1,0.1,98.36812428078252,0.021181242807825,0.9659090909090908,0.0197468354430379,100.0,-1.6318757192174758
CART,time,-1,refitted,C_b10_r10,10,0.1,0.15,146.56484464902186,0.0218984464902186,0.9659090909090908,0.0197468354430379,150.0,-3.4351553509781354
CART,time,-1,refitted,C_b10_r20,20,0.1,0.02,40.57155350978136,0.0200337169159953,0.9659090909090908,0.0197468354430379,40.0,0.57155350978136
CART,time,-1,refitted,C_b10_r20,20,0.1,0.05,98.4668584579977,0.0204640391254315,0.9659090909090908,0.0197468354430379,100.0,-1.5331415420022978
CART,time,-1,refitted,C_b10_r20,20,0.1,0.1,194.9590333716916,0.021181242807825,0.9659090909090908,0.0197468354430379,200.0,-5.040966628308411
CART,time,-1,refitted,C_b10_r20,20,0.1,0.15,291.4512082853855,0.0218984464902186,0.9659090909090908,0.0197468354430379,300.0,-8.548791714614481
CART,time,-1,refitted,C_b10_r50,50,0.1,0.02,97.6923590333717,0.0348781357882623,0.9431818181818182,0.0344303797468354,100.0,-2.3076409666282984
CART,time,-1,refitted,C_b10_r50,50,0.1,0.05,239.06634062140392,0.0355497698504027,0.9431818181818182,0.0344303797468354,250.0,-10.933659378596076
CART,time,-1,refitted,C_b10_r50,50,0.1,0.1,474.68964326812426,0.03666915995397,0.9431818181818182,0.0344303797468354,500.0,-25.310356731875743
CART,time,-1,refitted,C_b10_r50,50,0.1,0.15,710.3129459148446,0.0377885500575373,0.9431818181818182,0.0344303797468354,750.0,-39.68705408515541
CART,time,-1,refitted,C_b20_r05,5,0.2,0.02,10.198481012658227,0.0019848101265822,1.0,0.0020253164556962,10.0,0.19848101265822748
CART,time,-1,refitted,C_b20_r05,5,0.2,0.05,25.19240506329114,0.0019240506329113,1.0,0.0020253164556962,25.0,0.19240506329114027
CART,time,-1,refitted,C_b20_r05,5,0.2,0.1,50.18227848101265,0.0018227848101265,1.0,0.0020253164556962,50.0,0.1822784810126521
CART,time,-1,refitted,C_b20_r05,5,0.2,0.15,75.17215189873417,0.0017215189873417,1.0,0.0020253164556962,75.0,0.17215189873417103
CART,time,-1,refitted,C_b20_r10,10,0.2,0.02,21.40223245109321,0.0215223245109321,0.9659090909090908,0.0212658227848101,20.0,1.4022324510932087
CART,time,-1,refitted,C_b20_r10,10,0.2,0.05,50.3157077100115,0.021907077100115,0.9659090909090908,0.0212658227848101,50.0,0.3157077100115018
CART,time,-1,refitted,C_b20_r10,10,0.2,0.1,98.504833141542,0.02254833141542,0.9659090909090908,0.0212658227848101,100.0,-1.4951668584580062
CART,time,-1,refitted,C_b20_r10,10,0.2,0.15,146.6939585730725,0.0231895857307249,0.9659090909090908,0.0212658227848101,150.0,-3.306041426927493
CART,time,-1,refitted,C_b20_r20,20,0.2,0.02,40.99424626006905,0.038578826237054,0.9318181818181818,0.0379746835443038,40.0,0.9942462600690476
CART,time,-1,refitted,C_b20_r20,20,0.2,0.05,96.78941311852704,0.0394850402761795,0.9318181818181818,0.0379746835443038,100.0,-3.2105868814729632
CART,time,-1,refitted,C_b20_r20,20,0.2,0.1,189.7813578826237,0.0409953970080552,0.9318181818181818,0.0379746835443038,200.0,-10.218642117376305
CART,time,-1,refitted,C_b20_r20,20,0.2,0.15,282.7733026467204,0.0425057537399309,0.9318181818181818,0.0379746835443038,300.0,-17.226697353279576
CART,time,-1,refitted,C_b20_r50,50,0.2,0.02,96.06959723820484,0.053423245109321,0.9090909090909092,0.0526582278481012,100.0,-3.9304027617951647
CART,time,-1,refitted,C_b20_r50,50,0.2,0.05,232.27525891829688,0.0545707710011507,0.9090909090909092,0.0526582278481012,250.0,-17.724741081703115
CART,time,-1,refitted,C_b20_r50,50,0.2,0.1,459.2846950517836,0.0564833141542002,0.9090909090909092,0.0526582278481012,500.0,-40.715304948216385
CART,time,-1,refitted,C_b20_r50,50,0.2,0.15,686.2941311852704,0.0583958573072497,0.9090909090909092,0.0526582278481012,750.0,-63.70586881472957
CART,time,-1,refitted,TopK_b01,5,0.01,0.02,10.82914844649022,0.0096551208285385,0.9886363636363636,0.0096202531645569,10.0,0.8291484464902208
CART,time,-1,refitted,TopK_b01,5,0.01,0.05,25.629833141542,0.0097074223245109,0.9886363636363636,0.0096202531645569,25.0,0.6298331415420009
CART,time,-1,refitted,TopK_b01,5,0.01,0.1,50.29764096662831,0.0097945914844649,0.9886363636363636,0.0096202531645569,50.0,0.2976409666283075
CART,time,-1,refitted,TopK_b01,5,0.01,0.15,74.96544879171462,0.0098817606444188,0.9886363636363636,0.0096202531645569,75.0,-0.03455120828537872
CART,time,-1,refitted,TopK_b01,10,0.01,0.02,20.715512082853856,0.0096551208285385,0.9886363636363636,0.0096202531645569,20.0,0.7155120828538557
CART,time,-1,refitted,TopK_b01,10,0.01,0.05,50.34574223245109,0.0097074223245109,0.9886363636363636,0.0096202531645569,50.0,0.34574223245108726
CART,time,-1,refitted,TopK_b01,10,0.01,0.1,99.72945914844648,0.0097945914844649,0.9886363636363636,0.0096202531645569,100.0,-0.2705408515535197
CART,time,-1,refitted,TopK_b01,10,0.01,0.15,149.1131760644419,0.0098817606444188,0.9886363636363636,0.0096202531645569,150.0,-0.8868239355581125
CART,time,-1,refitted,TopK_b01,20,0.01,0.02,40.488239355581136,0.0096551208285385,0.9886363636363636,0.0096202531645569,40.0,0.4882393555811362
CART,time,-1,refitted,TopK_b01,20,0.01,0.05,99.77756041426927,0.0097074223245109,0.9886363636363636,0.0096202531645569,100.0,-0.22243958573072575
CART,time,-1,refitted,TopK_b01,20,0.01,0.1,198.59309551208287,0.0097945914844649,0.9886363636363636,0.0096202531645569,200.0,-1.4069044879171315
CART,time,-1,refitted,TopK_b01,20,0.01,0.15,297.4086306098964,0.0098817606444188,0.9886363636363636,0.0096202531645569,300.0,-2.59136939010358
CART,time,-1,refitted,TopK_b01,50,0.01,0.02,99.80642117376294,0.0096551208285385,0.9886363636363636,0.0096202531645569,100.0,-0.1935788262370579
CART,time,-1,refitted,TopK_b01,50,0.01,0.05,248.07301495972385,0.0097074223245109,0.9886363636363636,0.0096202531645569,250.0,-1.9269850402761506
CART,time,-1,refitted,TopK_b01,50,0.01,0.1,495.18400460299193,0.0097945914844649,0.9886363636363636,0.0096202531645569,500.0,-4.8159953970080664
CART,time,-1,refitted,TopK_b01,50,0.01,0.15,742.2949942462601,0.0098817606444188,0.9886363636363636,0.0096202531645569,750.0,-7.705005753739897
CART,time,-1,refitted,TopK_b05,5,0.05,0.02,13.982485615650171,0.0480066743383199,0.9318181818181818,0.0475949367088607,10.0,3.9824856156501713
CART,time,-1,refitted,TopK_b05,5,0.05,0.05,27.81697353279632,0.0486242807825086,0.9318181818181818,0.0475949367088607,25.0,2.8169735327963217
CART,time,-1,refitted,TopK_b05,5,0.05,0.1,50.87445339470656,0.0496536248561565,0.9318181818181818,0.0475949367088607,50.0,0.8744533947065634
CART,time,-1,refitted,TopK_b05,5,0.05,0.15,73.9319332566168,0.0506829689298043,0.9318181818181818,0.0475949367088607,75.0,-1.0680667433831985
CART,time,-1,refitted,TopK_b05,10,0.05,0.02,23.30066743383199,0.0480066743383199,0.9318181818181818,0.0475949367088607,20.0,3.3006674338319897
CART,time,-1,refitted,TopK_b05,10,0.05,0.05,51.11242807825086,0.0486242807825086,0.9318181818181818,0.0475949367088607,50.0,1.1124280782508578
CART,time,-1,refitted,TopK_b05,10,0.05,0.1,97.46536248561564,0.0496536248561565,0.9318181818181818,0.0475949367088607,100.0,-2.5346375143843574
CART,time,-1,refitted,TopK_b05,10,0.05,0.15,143.8182968929804,0.0506829689298043,0.9318181818181818,0.0475949367088607,150.0,-6.181703107019587
CART,time,-1,refitted,TopK_b05,20,0.05,0.02,41.93703107019563,0.0480066743383199,0.9318181818181818,0.0475949367088607,40.0,1.93703107019563
CART,time,-1,refitted,TopK_b05,20,0.05,0.05,97.70333716915997,0.0486242807825086,0.9318181818181818,0.0475949367088607,100.0,-2.2966628308400345
CART,time,-1,refitted,TopK_b05,20,0.05,0.1,190.64718066743384,0.0496536248561565,0.9318181818181818,0.0475949367088607,200.0,-9.352819332566156
CART,time,-1,refitted,TopK_b05,20,0.05,0.15,283.5910241657077,0.0506829689298043,0.9318181818181818,0.0475949367088607,300.0,-16.408975834292278
CART,time,-1,refitted,TopK_b05,50,0.05,0.02,97.84612197928652,0.0480066743383199,0.9318181818181818,0.0475949367088607,100.0,-2.153878020713478
CART,time,-1,refitted,TopK_b05,50,0.05,0.05,237.4760644418872,0.0486242807825086,0.9318181818181818,0.0475949367088607,250.0,-12.523935558112811
CART,time,-1,refitted,TopK_b05,50,0.05,0.1,470.1926352128884,0.0496536248561565,0.9318181818181818,0.0475949367088607,500.0,-29.807364787111624
CART,time,-1,refitted,TopK_b05,50,0.05,0.15,702.9092059838895,0.0506829689298043,0.9318181818181818,0.0475949367088607,750.0,-47.09079401611052
CART,time,-1,refitted,TopK_b10,5,0.1,0.02,18.163452243958574,0.0979981588032221,0.8636363636363636,0.0972151898734177,10.0,8.163452243958574
CART,time,-1,refitted,TopK_b10,5,0.1,0.05,30.826352128883773,0.0991726121979286,0.8636363636363636,0.0972151898734177,25.0,5.826352128883773
CART,time,-1,refitted,TopK_b10,5,0.1,0.1,51.93118527042577,0.1011300345224395,0.8636363636363636,0.0972151898734177,50.0,1.9311852704257717
CART,time,-1,refitted,TopK_b10,5,0.1,0.15,73.03601841196777,0.1030874568469505,0.8636363636363636,0.0972151898734177,75.0,-1.963981588032226
CART,time,-1,refitted,TopK_b10,10,0.1,0.02,26.799815880322207,0.0979981588032221,0.8636363636363636,0.0972151898734177,20.0,6.799815880322207
CART,time,-1,refitted,TopK_b10,10,0.1,0.05,52.41726121979286,0.0991726121979286,0.8636363636363636,0.0972151898734177,50.0,2.417261219792863
CART,time,-1,refitted,TopK_b10,10,0.1,0.1,95.11300345224396,0.1011300345224395,0.8636363636363636,0.0972151898734177,100.0,-4.886996547756041
CART,time,-1,refitted,TopK_b10,10,0.1,0.15,137.80874568469503,0.1030874568469505,0.8636363636363636,0.0972151898734177,150.0,-12.191254315304974
CART,time,-1,refitted,TopK_b10,20,0.1,0.02,44.07254315304948,0.0979981588032221,0.8636363636363636,0.0972151898734177,40.0,4.07254315304948
CART,time,-1,refitted,TopK_b10,20,0.1,0.05,95.59907940161104,0.0991726121979286,0.8636363636363636,0.0972151898734177,100.0,-4.400920598388964
CART,time,-1,refitted,TopK_b10,20,0.1,0.1,181.4766398158803,0.1011300345224395,0.8636363636363636,0.0972151898734177,200.0,-18.523360184119696
CART,time,-1,refitted,TopK_b10,20,0.1,0.15,267.3542002301496,0.1030874568469505,0.8636363636363636,0.0972151898734177,300.0,-32.645799769850385
CART,time,-1,refitted,TopK_b10,50,0.1,0.02,95.8907249712313,0.0979981588032221,0.8636363636363636,0.0972151898734177,100.0,-4.109275028768707
CART,time,-1,refitted,TopK_b10,50,0.1,0.05,225.1445339470656,0.0991726121979286,0.8636363636363636,0.0972151898734177,250.0,-24.85546605293439
CART,time,-1,refitted,TopK_b10,50,0.1,0.1,440.5675489067894,0.1011300345224395,0.8636363636363636,0.0972151898734177,500.0,-59.4324510932106
CART,time,-1,refitted,TopK_b10,50,0.1,0.15,655.9905638665133,0.1030874568469505,0.8636363636363636,0.0972151898734177,750.0,-94.0094361334867
CART,time,-1,refitted,TopK_b20,5,0.2,0.02,25.70910241657077,0.1966364787111622,0.6704545454545454,0.1939240506329114,10.0,15.709102416570769
CART,time,-1,refitted,TopK_b20,5,0.2,0.05,35.18414844649021,0.2007051208285385,0.6704545454545454,0.1939240506329114,25.0,10.184148446490212
CART,time,-1,refitted,TopK_b20,5,0.2,0.1,50.9758918296893,0.2074861910241657,0.6704545454545454,0.1939240506329114,50.0,0.9758918296893029
CART,time,-1,refitted,TopK_b20,5,0.2,0.15,66.76763521288838,0.2142672612197928,0.6704545454545454,0.1939240506329114,75.0,-8.23236478711162
CART,time,-1,refitted,TopK_b20,10,0.2,0.02,32.413647871116225,0.1966364787111622,0.6704545454545454,0.1939240506329114,20.0,12.413647871116225
CART,time,-1,refitted,TopK_b20,10,0.2,0.05,51.94551208285385,0.2007051208285385,0.6704545454545454,0.1939240506329114,50.0,1.9455120828538526
CART,time,-1,refitted,TopK_b20,10,0.2,0.1,84.49861910241657,0.2074861910241657,0.6704545454545454,0.1939240506329114,100.0,-15.50138089758343
CART,time,-1,refitted,TopK_b20,10,0.2,0.15,117.05172612197929,0.2142672612197928,0.6704545454545454,0.1939240506329114,150.0,-32.948273878020714
CART,time,-1,refitted,TopK_b20,20,0.2,0.02,45.82273878020714,0.1966364787111622,0.6704545454545454,0.1939240506329114,40.0,5.822738780207139
CART,time,-1,refitted,TopK_b20,20,0.2,0.05,85.46823935558112,0.2007051208285385,0.6704545454545454,0.1939240506329114,100.0,-14.531760644418881
CART,time,-1,refitted,TopK_b20,20,0.2,0.1,151.5440736478711,0.2074861910241657,0.6704545454545454,0.1939240506329114,200.0,-48.4559263521289
CART,time,-1,refitted,TopK_b20,20,0.2,0.15,217.6199079401611,0.2142672612197928,0.6704545454545454,0.1939240506329114,300.0,-82.38009205983889
CART,time,-1,refitted,TopK_b20,50,0.2,0.02,86.05001150747987,0.1966364787111622,0.6704545454545454,0.1939240506329114,100.0,-13.949988492520134
CART,time,-1,refitted,TopK_b20,50,0.2,0.05,186.03642117376293,0.2007051208285385,0.6704545454545454,0.1939240506329114,250.0,-63.96357882623707
CART,time,-1,refitted,TopK_b20,50,0.2,0.1,352.6804372842348,0.2074861910241657,0.6704545454545454,0.1939240506329114,500.0,-147.3195627157652
CART,time,-1,refitted,TopK_b20,50,0.2,0.15,519.3244533947066,0.2142672612197928,0.6704545454545454,0.1939240506329114,750.0,-230.67554660529345
