model,scheme,fold,workflow,rule,cost,budget,scenario_prevalence,expected_loss100,expected_alert_rate,empirical_fnr,empirical_fpr
XGBoost,time,0,fixed,none,5,,0.02,10.0,0.0,1.0,0.0
XGBoost,time,0,fixed,none,5,,0.05,25.0,0.0,1.0,0.0
XGBoost,time,0,fixed,none,5,,0.1,50.0,0.0,1.0,0.0
XGBoost,time,0,fixed,none,5,,0.15,75.0,0.0,1.0,0.0
XGBoost,time,0,fixed,none,10,,0.02,20.0,0.0,1.0,0.0
XGBoost,time,0,fixed,none,10,,0.05,50.0,0.0,1.0,0.0
XGBoost,time,0,fixed,none,10,,0.1,100.0,0.0,1.0,0.0
XGBoost,time,0,fixed,none,10,,0.15,150.0,0.0,1.0,0.0
XGBoost,time,0,fixed,none,20,,0.02,40.0,0.0,1.0,0.0
XGBoost,time,0,fixed,none,20,,0.05,100.0,0.0,1.0,0.0
XGBoost,time,0,fixed,none,20,,0.1,200.0,0.0,1.0,0.0
XGBoost,time,0,fixed,none,20,,0.15,300.0,0.0,1.0,0.0
XGBoost,time,0,fixed,none,50,,0.02,100.0,0.0,1.0,0.0
XGBoost,time,0,fixed,none,50,,0.05,250.0,0.0,1.0,0.0
XGBoost,time,0,fixed,none,50,,0.1,500.0,0.0,1.0,0.0
XGBoost,time,0,fixed,none,50,,0.15,750.0,0.0,1.0,0.0
XGBoost,time,0,fixed,A_b01,5,0.01,0.02,11.633333333333328,0.01633333333333327,1.0,0.0166666666666666
XGBoost,time,0,fixed,A_b01,5,0.01,0.05,26.583333333333325,0.01583333333333327,1.0,0.0166666666666666
XGBoost,time,0,fixed,A_b01,5,0.01,0.1,51.49999999999999,0.01499999999999994,1.0,0.0166666666666666
XGBoost,time,0,fixed,A_b01,5,0.01,0.15,76.41666666666667,0.01416666666666661,1.0,0.0166666666666666
XGBoost,time,0,fixed,A_b01,10,0.01,0.02,21.633333333333326,0.01633333333333327,1.0,0.0166666666666666
XGBoost,time,0,fixed,A_b01,10,0.01,0.05,51.58333333333333,0.01583333333333327,1.0,0.0166666666666666
XGBoost,time,0,fixed,A_b01,10,0.01,0.1,101.49999999999999,0.01499999999999994,1.0,0.0166666666666666
XGBoost,time,0,fixed,A_b01,10,0.01,0.15,151.41666666666666,0.01416666666666661,1.0,0.0166666666666666
XGBoost,time,0,fixed,A_b01,20,0.01,0.02,41.633333333333326,0.01633333333333327,1.0,0.0166666666666666
XGBoost,time,0,fixed,A_b01,20,0.01,0.05,101.58333333333334,0.01583333333333327,1.0,0.0166666666666666
XGBoost,time,0,fixed,A_b01,20,0.01,0.1,201.5,0.01499999999999994,1.0,0.0166666666666666
XGBoost,time,0,fixed,A_b01,20,0.01,0.15,301.4166666666667,0.01416666666666661,1.0,0.0166666666666666
XGBoost,time,0,fixed,A_b01,50,0.01,0.02,101.63333333333333,0.01633333333333327,1.0,0.0166666666666666
XGBoost,time,0,fixed,A_b01,50,0.01,0.05,251.58333333333331,0.01583333333333327,1.0,0.0166666666666666
XGBoost,time,0,fixed,A_b01,50,0.01,0.1,501.49999999999994,0.01499999999999994,1.0,0.0166666666666666
XGBoost,time,0,fixed,A_b01,50,0.01,0.15,751.4166666666666,0.01416666666666661,1.0,0.0166666666666666
XGBoost,time,0,fixed,A_b05,5,0.05,0.02,12.041666666666664,0.020416666666666635,1.0,0.0208333333333333
XGBoost,time,0,fixed,A_b05,5,0.05,0.05,26.979166666666664,0.019791666666666635,1.0,0.0208333333333333
XGBoost,time,0,fixed,A_b05,5,0.05,0.1,51.87499999999999,0.01874999999999997,1.0,0.0208333333333333
XGBoost,time,0,fixed,A_b05,5,0.05,0.15,76.77083333333333,0.017708333333333305,1.0,0.0208333333333333
XGBoost,time,0,fixed,A_b05,10,0.05,0.02,22.041666666666664,0.020416666666666635,1.0,0.0208333333333333
XGBoost,time,0,fixed,A_b05,10,0.05,0.05,51.979166666666664,0.019791666666666635,1.0,0.0208333333333333
XGBoost,time,0,fixed,A_b05,10,0.05,0.1,101.875,0.01874999999999997,1.0,0.0208333333333333
XGBoost,time,0,fixed,A_b05,10,0.05,0.15,151.77083333333331,0.017708333333333305,1.0,0.0208333333333333
XGBoost,time,0,fixed,A_b05,20,0.05,0.02,42.041666666666664,0.020416666666666635,1.0,0.0208333333333333
XGBoost,time,0,fixed,A_b05,20,0.05,0.05,101.97916666666667,0.019791666666666635,1.0,0.0208333333333333
XGBoost,time,0,fixed,A_b05,20,0.05,0.1,201.87499999999997,0.01874999999999997,1.0,0.0208333333333333
XGBoost,time,0,fixed,A_b05,20,0.05,0.15,301.7708333333333,0.017708333333333305,1.0,0.0208333333333333
XGBoost,time,0,fixed,A_b05,50,0.05,0.02,102.04166666666666,0.020416666666666635,1.0,0.0208333333333333
XGBoost,time,0,fixed,A_b05,50,0.05,0.05,251.97916666666663,0.019791666666666635,1.0,0.0208333333333333
XGBoost,time,0,fixed,A_b05,50,0.05,0.1,501.875,0.01874999999999997,1.0,0.0208333333333333
XGBoost,time,0,fixed,A_b05,50,0.05,0.15,751.7708333333334,0.017708333333333305,1.0,0.0208333333333333
XGBoost,time,0,fixed,A_b10,5,0.1,0.02,12.245833333333328,0.022458333333333268,1.0,0.0229166666666666
XGBoost,time,0,fixed,A_b10,5,0.1,0.05,27.17708333333333,0.021770833333333267,1.0,0.0229166666666666
XGBoost,time,0,fixed,A_b10,5,0.1,0.1,52.062499999999986,0.02062499999999994,1.0,0.0229166666666666
XGBoost,time,0,fixed,A_b10,5,0.1,0.15,76.94791666666666,0.01947916666666661,1.0,0.0229166666666666
XGBoost,time,0,fixed,A_b10,10,0.1,0.02,22.24583333333333,0.022458333333333268,1.0,0.0229166666666666
XGBoost,time,0,fixed,A_b10,10,0.1,0.05,52.17708333333333,0.021770833333333267,1.0,0.0229166666666666
XGBoost,time,0,fixed,A_b10,10,0.1,0.1,102.06249999999999,0.02062499999999994,1.0,0.0229166666666666
XGBoost,time,0,fixed,A_b10,10,0.1,0.15,151.94791666666669,0.01947916666666661,1.0,0.0229166666666666
XGBoost,time,0,fixed,A_b10,20,0.1,0.02,42.24583333333333,0.022458333333333268,1.0,0.0229166666666666
XGBoost,time,0,fixed,A_b10,20,0.1,0.05,102.17708333333333,0.021770833333333267,1.0,0.0229166666666666
XGBoost,time,0,fixed,A_b10,20,0.1,0.1,202.0625,0.02062499999999994,1.0,0.0229166666666666
XGBoost,time,0,fixed,A_b10,20,0.1,0.15,301.9479166666667,0.01947916666666661,1.0,0.0229166666666666
XGBoost,time,0,fixed,A_b10,50,0.1,0.02,102.24583333333332,0.022458333333333268,1.0,0.0229166666666666
XGBoost,time,0,fixed,A_b10,50,0.1,0.05,252.17708333333331,0.021770833333333267,1.0,0.0229166666666666
XGBoost,time,0,fixed,A_b10,50,0.1,0.1,502.0625,0.02062499999999994,1.0,0.0229166666666666
XGBoost,time,0,fixed,A_b10,50,0.1,0.15,751.9479166666666,0.01947916666666661,1.0,0.0229166666666666
XGBoost,time,0,fixed,A_b20,5,0.2,0.02,13.323611111111106,0.03990277777777774,0.9444444444444444,0.0395833333333333
XGBoost,time,0,fixed,A_b20,5,0.2,0.05,27.37152777777777,0.040381944444444415,0.9444444444444444,0.0395833333333333
XGBoost,time,0,fixed,A_b20,5,0.2,0.1,50.78472222222222,0.041180555555555526,0.9444444444444444,0.0395833333333333
XGBoost,time,0,fixed,A_b20,5,0.2,0.15,74.19791666666666,0.04197916666666664,0.9444444444444444,0.0395833333333333
XGBoost,time,0,fixed,A_b20,10,0.2,0.02,22.76805555555555,0.03990277777777774,0.9444444444444444,0.0395833333333333
XGBoost,time,0,fixed,A_b20,10,0.2,0.05,50.982638888888886,0.040381944444444415,0.9444444444444444,0.0395833333333333
XGBoost,time,0,fixed,A_b20,10,0.2,0.1,98.00694444444444,0.041180555555555526,0.9444444444444444,0.0395833333333333
XGBoost,time,0,fixed,A_b20,10,0.2,0.15,145.03125,0.04197916666666664,0.9444444444444444,0.0395833333333333
XGBoost,time,0,fixed,A_b20,20,0.2,0.02,41.65694444444444,0.03990277777777774,0.9444444444444444,0.0395833333333333
XGBoost,time,0,fixed,A_b20,20,0.2,0.05,98.20486111111111,0.040381944444444415,0.9444444444444444,0.0395833333333333
XGBoost,time,0,fixed,A_b20,20,0.2,0.1,192.45138888888889,0.041180555555555526,0.9444444444444444,0.0395833333333333
XGBoost,time,0,fixed,A_b20,20,0.2,0.15,286.69791666666663,0.04197916666666664,0.9444444444444444,0.0395833333333333
XGBoost,time,0,fixed,A_b20,50,0.2,0.02,98.3236111111111,0.03990277777777774,0.9444444444444444,0.0395833333333333
XGBoost,time,0,fixed,A_b20,50,0.2,0.05,239.87152777777777,0.040381944444444415,0.9444444444444444,0.0395833333333333
XGBoost,time,0,fixed,A_b20,50,0.2,0.1,475.7847222222222,0.041180555555555526,0.9444444444444444,0.0395833333333333
XGBoost,time,0,fixed,A_b20,50,0.2,0.15,711.6979166666666,0.04197916666666664,0.9444444444444444,0.0395833333333333
XGBoost,time,0,fixed,B_r05,5,,0.02,19.415277777777778,0.12081944444444444,0.7777777777777778,0.11875
XGBoost,time,0,fixed,B_r05,5,,0.05,30.725694444444446,0.12392361111111111,0.7777777777777778,0.11875
XGBoost,time,0,fixed,B_r05,5,,0.1,49.576388888888886,0.12909722222222222,0.7777777777777778,0.11875
XGBoost,time,0,fixed,B_r05,5,,0.15,68.42708333333334,0.13427083333333334,0.7777777777777778,0.11875
XGBoost,time,0,fixed,B_r10,10,,0.02,75.2236111111111,0.7600138888888888,0.0555555555555555,0.75625
XGBoost,time,0,fixed,B_r10,10,,0.05,74.62152777777777,0.7656597222222222,0.0555555555555555,0.75625
XGBoost,time,0,fixed,B_r10,10,,0.1,73.61805555555556,0.7750694444444445,0.0555555555555555,0.75625
XGBoost,time,0,fixed,B_r10,10,,0.15,72.61458333333333,0.7844791666666666,0.0555555555555555,0.75625
XGBoost,time,0,fixed,B_r20,20,,0.02,76.33472222222221,0.7600138888888888,0.0555555555555555,0.75625
XGBoost,time,0,fixed,B_r20,20,,0.05,77.39930555555554,0.7656597222222222,0.0555555555555555,0.75625
XGBoost,time,0,fixed,B_r20,20,,0.1,79.1736111111111,0.7750694444444445,0.0555555555555555,0.75625
XGBoost,time,0,fixed,B_r20,20,,0.15,80.94791666666666,0.7844791666666666,0.0555555555555555,0.75625
XGBoost,time,0,fixed,B_r50,50,,0.02,79.66805555555554,0.7600138888888888,0.0555555555555555,0.75625
XGBoost,time,0,fixed,B_r50,50,,0.05,85.73263888888887,0.7656597222222222,0.0555555555555555,0.75625
XGBoost,time,0,fixed,B_r50,50,,0.1,95.84027777777774,0.7750694444444445,0.0555555555555555,0.75625
XGBoost,time,0,fixed,B_r50,50,,0.15,105.94791666666663,0.7844791666666666,0.0555555555555555,0.75625
XGBoost,time,0,fixed,C_b01_r05,5,0.01,0.02,10.0,0.0,1.0,0.0
XGBoost,time,0,fixed,C_b01_r05,5,0.01,0.05,25.0,0.0,1.0,0.0
XGBoost,time,0,fixed,C_b01_r05,5,0.01,0.1,50.0,0.0,1.0,0.0
XGBoost,time,0,fixed,C_b01_r05,5,0.01,0.15,75.0,0.0,1.0,0.0
XGBoost,time,0,fixed,C_b01_r10,10,0.01,0.02,20.0,0.0,1.0,0.0
XGBoost,time,0,fixed,C_b01_r10,10,0.01,0.05,50.0,0.0,1.0,0.0
XGBoost,time,0,fixed,C_b01_r10,10,0.01,0.1,100.0,0.0,1.0,0.0
XGBoost,time,0,fixed,C_b01_r10,10,0.01,0.15,150.0,0.0,1.0,0.0
XGBoost,time,0,fixed,C_b01_r20,20,0.01,0.02,40.0,0.0,1.0,0.0
XGBoost,time,0,fixed,C_b01_r20,20,0.01,0.05,100.0,0.0,1.0,0.0
XGBoost,time,0,fixed,C_b01_r20,20,0.01,0.1,200.0,0.0,1.0,0.0
XGBoost,time,0,fixed,C_b01_r20,20,0.01,0.15,300.0,0.0,1.0,0.0
XGBoost,time,0,fixed,C_b01_r50,50,0.01,0.02,100.0,0.0,1.0,0.0
XGBoost,time,0,fixed,C_b01_r50,50,0.01,0.05,250.0,0.0,1.0,0.0
XGBoost,time,0,fixed,C_b01_r50,50,0.01,0.1,500.0,0.0,1.0,0.0
XGBoost,time,0,fixed,C_b01_r50,50,0.01,0.15,750.0,0.0,1.0,0.0
XGBoost,time,0,fixed,C_b05_r05,5,0.05,0.02,11.633333333333328,0.01633333333333327,1.0,0.0166666666666666
XGBoost,time,0,fixed,C_b05_r05,5,0.05,0.05,26.583333333333325,0.01583333333333327,1.0,0.0166666666666666
XGBoost,time,0,fixed,C_b05_r05,5,0.05,0.1,51.49999999999999,0.01499999999999994,1.0,0.0166666666666666
XGBoost,time,0,fixed,C_b05_r05,5,0.05,0.15,76.41666666666667,0.01416666666666661,1.0,0.0166666666666666
XGBoost,time,0,fixed,C_b05_r10,10,0.05,0.02,21.633333333333326,0.01633333333333327,1.0,0.0166666666666666
XGBoost,time,0,fixed,C_b05_r10,10,0.05,0.05,51.58333333333333,0.01583333333333327,1.0,0.0166666666666666
XGBoost,time,0,fixed,C_b05_r10,10,0.05,0.1,101.49999999999999,0.01499999999999994,1.0,0.0166666666666666
XGBoost,time,0,fixed,C_b05_r10,10,0.05,0.15,151.41666666666666,0.01416666666666661,1.0,0.0166666666666666
XGBoost,time,0,fixed,C_b05_r20,20,0.05,0.02,41.633333333333326,0.01633333333333327,1.0,0.0166666666666666
XGBoost,time,0,fixed,C_b05_r20,20,0.05,0.05,101.58333333333334,0.01583333333333327,1.0,0.0166666666666666
XGBoost,time,0,fixed,C_b05_r20,20,0.05,0.1,201.5,0.01499999999999994,1.0,0.0166666666666666
XGBoost,time,0,fixed,C_b05_r20,20,0.05,0.15,301.4166666666667,0.01416666666666661,1.0,0.0166666666666666
XGBoost,time,0,fixed,C_b05_r50,50,0.05,0.02,101.63333333333333,0.01633333333333327,1.0,0.0166666666666666
XGBoost,time,0,fixed,C_b05_r50,50,0.05,0.05,251.58333333333331,0.01583333333333327,1.0,0.0166666666666666
XGBoost,time,0,fixed,C_b05_r50,50,0.05,0.1,501.49999999999994,0.01499999999999994,1.0,0.0166666666666666
XGBoost,time,0,fixed,C_b05_r50,50,0.05,0.15,751.4166666666666,0.01416666666666661,1.0,0.0166666666666666
XGBoost,time,0,fixed,C_b10_r05,5,0.1,0.02,11.633333333333328,0.01633333333333327,1.0,0.0166666666666666
XGBoost,time,0,fixed,C_b10_r05,5,0.1,0.05,26.583333333333325,0.01583333333333327,1.0,0.0166666666666666
XGBoost,time,0,fixed,C_b10_r05,5,0.1,0.1,51.49999999999999,0.01499999999999994,1.0,0.0166666666666666
XGBoost,time,0,fixed,C_b10_r05,5,0.1,0.15,76.41666666666667,0.01416666666666661,1.0,0.0166666666666666
XGBoost,time,0,fixed,C_b10_r10,10,0.1,0.02,22.24583333333333,0.022458333333333268,1.0,0.0229166666666666
XGBoost,time,0,fixed,C_b10_r10,10,0.1,0.05,52.17708333333333,0.021770833333333267,1.0,0.0229166666666666
XGBoost,time,0,fixed,C_b10_r10,10,0.1,0.1,102.06249999999999,0.02062499999999994,1.0,0.0229166666666666
XGBoost,time,0,fixed,C_b10_r10,10,0.1,0.15,151.94791666666669,0.01947916666666661,1.0,0.0229166666666666
XGBoost,time,0,fixed,C_b10_r20,20,0.1,0.02,42.24583333333333,0.022458333333333268,1.0,0.0229166666666666
XGBoost,time,0,fixed,C_b10_r20,20,0.1,0.05,102.17708333333333,0.021770833333333267,1.0,0.0229166666666666
XGBoost,time,0,fixed,C_b10_r20,20,0.1,0.1,202.0625,0.02062499999999994,1.0,0.0229166666666666
XGBoost,time,0,fixed,C_b10_r20,20,0.1,0.15,301.9479166666667,0.01947916666666661,1.0,0.0229166666666666
XGBoost,time,0,fixed,C_b10_r50,50,0.1,0.02,102.24583333333332,0.022458333333333268,1.0,0.0229166666666666
XGBoost,time,0,fixed,C_b10_r50,50,0.1,0.05,252.17708333333331,0.021770833333333267,1.0,0.0229166666666666
XGBoost,time,0,fixed,C_b10_r50,50,0.1,0.1,502.0625,0.02062499999999994,1.0,0.0229166666666666
XGBoost,time,0,fixed,C_b10_r50,50,0.1,0.15,751.9479166666666,0.01947916666666661,1.0,0.0229166666666666
XGBoost,time,0,fixed,C_b20_r05,5,0.2,0.02,12.988888888888885,0.03322222222222219,0.9722222222222222,0.0333333333333333
XGBoost,time,0,fixed,C_b20_r05,5,0.2,0.05,27.47222222222222,0.033055555555555526,0.9722222222222222,0.0333333333333333
XGBoost,time,0,fixed,C_b20_r05,5,0.2,0.1,51.61111111111111,0.032777777777777746,0.9722222222222222,0.0333333333333333
XGBoost,time,0,fixed,C_b20_r05,5,0.2,0.15,75.75,0.03249999999999997,0.9722222222222222,0.0333333333333333
XGBoost,time,0,fixed,C_b20_r10,10,0.2,0.02,22.71111111111111,0.03322222222222219,0.9722222222222222,0.0333333333333333
XGBoost,time,0,fixed,C_b20_r10,10,0.2,0.05,51.77777777777778,0.033055555555555526,0.9722222222222222,0.0333333333333333
XGBoost,time,0,fixed,C_b20_r10,10,0.2,0.1,100.22222222222221,0.032777777777777746,0.9722222222222222,0.0333333333333333
XGBoost,time,0,fixed,C_b20_r10,10,0.2,0.15,148.66666666666666,0.03249999999999997,0.9722222222222222,0.0333333333333333
XGBoost,time,0,fixed,C_b20_r20,20,0.2,0.02,42.15555555555555,0.03322222222222219,0.9722222222222222,0.0333333333333333
XGBoost,time,0,fixed,C_b20_r20,20,0.2,0.05,100.38888888888889,0.033055555555555526,0.9722222222222222,0.0333333333333333
XGBoost,time,0,fixed,C_b20_r20,20,0.2,0.1,197.44444444444446,0.032777777777777746,0.9722222222222222,0.0333333333333333
XGBoost,time,0,fixed,C_b20_r20,20,0.2,0.15,294.5,0.03249999999999997,0.9722222222222222,0.0333333333333333
XGBoost,time,0,fixed,C_b20_r50,50,0.2,0.02,100.4888888888889,0.03322222222222219,0.9722222222222222,0.0333333333333333
XGBoost,time,0,fixed,C_b20_r50,50,0.2,0.05,246.2222222222222,0.033055555555555526,0.9722222222222222,0.0333333333333333
XGBoost,time,0,fixed,C_b20_r50,50,0.2,0.1,489.1111111111111,0.032777777777777746,0.9722222222222222,0.0333333333333333
XGBoost,time,0,fixed,C_b20_r50,50,0.2,0.15,732.0,0.03249999999999997,0.9722222222222222,0.0333333333333333
XGBoost,time,0,fixed,TopK_b01,5,0.01,0.02,11.020833333333327,0.010208333333333267,1.0,0.0104166666666666
XGBoost,time,0,fixed,TopK_b01,5,0.01,0.05,25.98958333333333,0.00989583333333327,1.0,0.0104166666666666
XGBoost,time,0,fixed,TopK_b01,5,0.01,0.1,50.93749999999999,0.00937499999999994,1.0,0.0104166666666666
XGBoost,time,0,fixed,TopK_b01,5,0.01,0.15,75.88541666666666,0.00885416666666661,1.0,0.0104166666666666
XGBoost,time,0,fixed,TopK_b01,10,0.01,0.02,21.02083333333333,0.010208333333333267,1.0,0.0104166666666666
XGBoost,time,0,fixed,TopK_b01,10,0.01,0.05,50.98958333333332,0.00989583333333327,1.0,0.0104166666666666
XGBoost,time,0,fixed,TopK_b01,10,0.01,0.1,100.93749999999999,0.00937499999999994,1.0,0.0104166666666666
XGBoost,time,0,fixed,TopK_b01,10,0.01,0.15,150.88541666666666,0.00885416666666661,1.0,0.0104166666666666
XGBoost,time,0,fixed,TopK_b01,20,0.01,0.02,41.02083333333333,0.010208333333333267,1.0,0.0104166666666666
XGBoost,time,0,fixed,TopK_b01,20,0.01,0.05,100.98958333333331,0.00989583333333327,1.0,0.0104166666666666
XGBoost,time,0,fixed,TopK_b01,20,0.01,0.1,200.9375,0.00937499999999994,1.0,0.0104166666666666
XGBoost,time,0,fixed,TopK_b01,20,0.01,0.15,300.8854166666667,0.00885416666666661,1.0,0.0104166666666666
XGBoost,time,0,fixed,TopK_b01,50,0.01,0.02,101.02083333333334,0.010208333333333267,1.0,0.0104166666666666
XGBoost,time,0,fixed,TopK_b01,50,0.01,0.05,250.98958333333331,0.00989583333333327,1.0,0.0104166666666666
XGBoost,time,0,fixed,TopK_b01,50,0.01,0.1,500.93750000000006,0.00937499999999994,1.0,0.0104166666666666
XGBoost,time,0,fixed,TopK_b01,50,0.01,0.15,750.8854166666666,0.00885416666666661,1.0,0.0104166666666666
XGBoost,time,0,fixed,TopK_b05,5,0.05,0.02,13.17638888888889,0.04509722222222222,0.8888888888888888,0.04375
XGBoost,time,0,fixed,TopK_b05,5,0.05,0.05,26.37847222222222,0.04711805555555555,0.8888888888888888,0.04375
XGBoost,time,0,fixed,TopK_b05,5,0.05,0.1,48.38194444444444,0.05048611111111112,0.8888888888888888,0.04375
XGBoost,time,0,fixed,TopK_b05,5,0.05,0.15,70.38541666666667,0.053854166666666675,0.8888888888888888,0.04375
XGBoost,time,0,fixed,TopK_b05,10,0.05,0.02,22.065277777777776,0.04509722222222222,0.8888888888888888,0.04375
XGBoost,time,0,fixed,TopK_b05,10,0.05,0.05,48.60069444444444,0.04711805555555555,0.8888888888888888,0.04375
XGBoost,time,0,fixed,TopK_b05,10,0.05,0.1,92.82638888888889,0.05048611111111112,0.8888888888888888,0.04375
XGBoost,time,0,fixed,TopK_b05,10,0.05,0.15,137.05208333333331,0.053854166666666675,0.8888888888888888,0.04375
XGBoost,time,0,fixed,TopK_b05,20,0.05,0.02,39.84305555555556,0.04509722222222222,0.8888888888888888,0.04375
XGBoost,time,0,fixed,TopK_b05,20,0.05,0.05,93.04513888888889,0.04711805555555555,0.8888888888888888,0.04375
XGBoost,time,0,fixed,TopK_b05,20,0.05,0.1,181.71527777777777,0.05048611111111112,0.8888888888888888,0.04375
XGBoost,time,0,fixed,TopK_b05,20,0.05,0.15,270.38541666666663,0.053854166666666675,0.8888888888888888,0.04375
XGBoost,time,0,fixed,TopK_b05,50,0.05,0.02,93.17638888888888,0.04509722222222222,0.8888888888888888,0.04375
XGBoost,time,0,fixed,TopK_b05,50,0.05,0.05,226.37847222222223,0.04711805555555555,0.8888888888888888,0.04375
XGBoost,time,0,fixed,TopK_b05,50,0.05,0.1,448.38194444444446,0.05048611111111112,0.8888888888888888,0.04375
XGBoost,time,0,fixed,TopK_b05,50,0.05,0.15,670.3854166666666,0.053854166666666675,0.8888888888888888,0.04375
XGBoost,time,0,fixed,TopK_b10,5,0.1,0.02,18.002777777777776,0.09669444444444442,0.8611111111111112,0.0958333333333333
XGBoost,time,0,fixed,TopK_b10,5,0.1,0.05,30.631944444444443,0.09798611111111108,0.8611111111111112,0.0958333333333333
XGBoost,time,0,fixed,TopK_b10,5,0.1,0.1,51.68055555555555,0.10013888888888885,0.8611111111111112,0.0958333333333333
XGBoost,time,0,fixed,TopK_b10,5,0.1,0.15,72.72916666666667,0.10229166666666663,0.8611111111111112,0.0958333333333333
XGBoost,time,0,fixed,TopK_b10,10,0.1,0.02,26.613888888888887,0.09669444444444442,0.8611111111111112,0.0958333333333333
XGBoost,time,0,fixed,TopK_b10,10,0.1,0.05,52.15972222222223,0.09798611111111108,0.8611111111111112,0.0958333333333333
XGBoost,time,0,fixed,TopK_b10,10,0.1,0.1,94.73611111111111,0.10013888888888885,0.8611111111111112,0.0958333333333333
XGBoost,time,0,fixed,TopK_b10,10,0.1,0.15,137.3125,0.10229166666666663,0.8611111111111112,0.0958333333333333
XGBoost,time,0,fixed,TopK_b10,20,0.1,0.02,43.836111111111116,0.09669444444444442,0.8611111111111112,0.0958333333333333
XGBoost,time,0,fixed,TopK_b10,20,0.1,0.05,95.21527777777779,0.09798611111111108,0.8611111111111112,0.0958333333333333
XGBoost,time,0,fixed,TopK_b10,20,0.1,0.1,180.84722222222223,0.10013888888888885,0.8611111111111112,0.0958333333333333
XGBoost,time,0,fixed,TopK_b10,20,0.1,0.15,266.4791666666667,0.10229166666666663,0.8611111111111112,0.0958333333333333
XGBoost,time,0,fixed,TopK_b10,50,0.1,0.02,95.50277777777778,0.09669444444444442,0.8611111111111112,0.0958333333333333
XGBoost,time,0,fixed,TopK_b10,50,0.1,0.05,224.3819444444444,0.09798611111111108,0.8611111111111112,0.0958333333333333
XGBoost,time,0,fixed,TopK_b10,50,0.1,0.1,439.1805555555555,0.10013888888888885,0.8611111111111112,0.0958333333333333
XGBoost,time,0,fixed,TopK_b10,50,0.1,0.15,653.9791666666667,0.10229166666666663,0.8611111111111112,0.0958333333333333
XGBoost,time,0,fixed,TopK_b20,5,0.2,0.02,24.077777777777772,0.18744444444444439,0.6111111111111112,0.1833333333333333
XGBoost,time,0,fixed,TopK_b20,5,0.2,0.05,32.694444444444436,0.19361111111111107,0.6111111111111112,0.1833333333333333
XGBoost,time,0,fixed,TopK_b20,5,0.2,0.1,47.05555555555556,0.20388888888888887,0.6111111111111112,0.1833333333333333
XGBoost,time,0,fixed,TopK_b20,5,0.2,0.15,61.416666666666664,0.21416666666666662,0.6111111111111112,0.1833333333333333
XGBoost,time,0,fixed,TopK_b20,10,0.2,0.02,30.188888888888886,0.18744444444444439,0.6111111111111112,0.1833333333333333
XGBoost,time,0,fixed,TopK_b20,10,0.2,0.05,47.972222222222214,0.19361111111111107,0.6111111111111112,0.1833333333333333
XGBoost,time,0,fixed,TopK_b20,10,0.2,0.1,77.61111111111111,0.20388888888888887,0.6111111111111112,0.1833333333333333
XGBoost,time,0,fixed,TopK_b20,10,0.2,0.15,107.25,0.21416666666666662,0.6111111111111112,0.1833333333333333
XGBoost,time,0,fixed,TopK_b20,20,0.2,0.02,42.41111111111111,0.18744444444444439,0.6111111111111112,0.1833333333333333
XGBoost,time,0,fixed,TopK_b20,20,0.2,0.05,78.52777777777777,0.19361111111111107,0.6111111111111112,0.1833333333333333
XGBoost,time,0,fixed,TopK_b20,20,0.2,0.1,138.72222222222223,0.20388888888888887,0.6111111111111112,0.1833333333333333
XGBoost,time,0,fixed,TopK_b20,20,0.2,0.15,198.91666666666669,0.21416666666666662,0.6111111111111112,0.1833333333333333
XGBoost,time,0,fixed,TopK_b20,50,0.2,0.02,79.07777777777778,0.18744444444444439,0.6111111111111112,0.1833333333333333
XGBoost,time,0,fixed,TopK_b20,50,0.2,0.05,170.19444444444446,0.19361111111111107,0.6111111111111112,0.1833333333333333
XGBoost,time,0,fixed,TopK_b20,50,0.2,0.1,322.0555555555556,0.20388888888888887,0.6111111111111112,0.1833333333333333
XGBoost,time,0,fixed,TopK_b20,50,0.2,0.15,473.91666666666674,0.21416666666666662,0.6111111111111112,0.1833333333333333
XGBoost,time,0,refitted,none,5,,0.02,10.0,0.0,1.0,0.0
XGBoost,time,0,refitted,none,5,,0.05,25.0,0.0,1.0,0.0
XGBoost,time,0,refitted,none,5,,0.1,50.0,0.0,1.0,0.0
XGBoost,time,0,refitted,none,5,,0.15,75.0,0.0,1.0,0.0
XGBoost,time,0,refitted,none,10,,0.02,20.0,0.0,1.0,0.0
XGBoost,time,0,refitted,none,10,,0.05,50.0,0.0,1.0,0.0
XGBoost,time,0,refitted,none,10,,0.1,100.0,0.0,1.0,0.0
XGBoost,time,0,refitted,none,10,,0.15,150.0,0.0,1.0,0.0
XGBoost,time,0,refitted,none,20,,0.02,40.0,0.0,1.0,0.0
XGBoost,time,0,refitted,none,20,,0.05,100.0,0.0,1.0,0.0
XGBoost,time,0,refitted,none,20,,0.1,200.0,0.0,1.0,0.0
XGBoost,time,0,refitted,none,20,,0.15,300.0,0.0,1.0,0.0
XGBoost,time,0,refitted,none,50,,0.02,100.0,0.0,1.0,0.0
XGBoost,time,0,refitted,none,50,,0.05,250.0,0.0,1.0,0.0
XGBoost,time,0,refitted,none,50,,0.1,500.0,0.0,1.0,0.0
XGBoost,time,0,refitted,none,50,,0.15,750.0,0.0,1.0,0.0
XGBoost,time,0,refitted,A_b01,5,0.01,0.02,10.816666666666663,0.008166666666666635,1.0,0.0083333333333333
XGBoost,time,0,refitted,A_b01,5,0.01,0.05,25.791666666666664,0.007916666666666634,1.0,0.0083333333333333
XGBoost,time,0,refitted,A_b01,5,0.01,0.1,50.74999999999999,0.00749999999999997,1.0,0.0083333333333333
XGBoost,time,0,refitted,A_b01,5,0.01,0.15,75.70833333333333,0.007083333333333305,1.0,0.0083333333333333
XGBoost,time,0,refitted,A_b01,10,0.01,0.02,20.816666666666663,0.008166666666666635,1.0,0.0083333333333333
XGBoost,time,0,refitted,A_b01,10,0.01,0.05,50.79166666666667,0.007916666666666634,1.0,0.0083333333333333
XGBoost,time,0,refitted,A_b01,10,0.01,0.1,100.75,0.00749999999999997,1.0,0.0083333333333333
XGBoost,time,0,refitted,A_b01,10,0.01,0.15,150.70833333333334,0.007083333333333305,1.0,0.0083333333333333
XGBoost,time,0,refitted,A_b01,20,0.01,0.02,40.81666666666667,0.008166666666666635,1.0,0.0083333333333333
XGBoost,time,0,refitted,A_b01,20,0.01,0.05,100.79166666666666,0.007916666666666634,1.0,0.0083333333333333
XGBoost,time,0,refitted,A_b01,20,0.01,0.1,200.74999999999997,0.00749999999999997,1.0,0.0083333333333333
XGBoost,time,0,refitted,A_b01,20,0.01,0.15,300.7083333333333,0.007083333333333305,1.0,0.0083333333333333
XGBoost,time,0,refitted,A_b01,50,0.01,0.02,100.81666666666666,0.008166666666666635,1.0,0.0083333333333333
XGBoost,time,0,refitted,A_b01,50,0.01,0.05,250.79166666666666,0.007916666666666634,1.0,0.0083333333333333
XGBoost,time,0,refitted,A_b01,50,0.01,0.1,500.75,0.00749999999999997,1.0,0.0083333333333333
XGBoost,time,0,refitted,A_b01,50,0.01,0.15,750.7083333333333,0.007083333333333305,1.0,0.0083333333333333
XGBoost,time,0,refitted,A_b05,5,0.05,0.02,11.020833333333327,0.010208333333333267,1.0,0.0104166666666666
XGBoost,time,0,refitted,A_b05,5,0.05,0.05,25.98958333333333,0.00989583333333327,1.0,0.0104166666666666
XGBoost,time,0,refitted,A_b05,5,0.05,0.1,50.93749999999999,0.00937499999999994,1.0,0.0104166666666666
XGBoost,time,0,refitted,A_b05,5,0.05,0.15,75.88541666666666,0.00885416666666661,1.0,0.0104166666666666
XGBoost,time,0,refitted,A_b05,10,0.05,0.02,21.02083333333333,0.010208333333333267,1.0,0.0104166666666666
XGBoost,time,0,refitted,A_b05,10,0.05,0.05,50.98958333333332,0.00989583333333327,1.0,0.0104166666666666
XGBoost,time,0,refitted,A_b05,10,0.05,0.1,100.93749999999999,0.00937499999999994,1.0,0.0104166666666666
XGBoost,time,0,refitted,A_b05,10,0.05,0.15,150.88541666666666,0.00885416666666661,1.0,0.0104166666666666
XGBoost,time,0,refitted,A_b05,20,0.05,0.02,41.02083333333333,0.010208333333333267,1.0,0.0104166666666666
XGBoost,time,0,refitted,A_b05,20,0.05,0.05,100.98958333333331,0.00989583333333327,1.0,0.0104166666666666
XGBoost,time,0,refitted,A_b05,20,0.05,0.1,200.9375,0.00937499999999994,1.0,0.0104166666666666
XGBoost,time,0,refitted,A_b05,20,0.05,0.15,300.8854166666667,0.00885416666666661,1.0,0.0104166666666666
XGBoost,time,0,refitted,A_b05,50,0.05,0.02,101.02083333333334,0.010208333333333267,1.0,0.0104166666666666
XGBoost,time,0,refitted,A_b05,50,0.05,0.05,250.98958333333331,0.00989583333333327,1.0,0.0104166666666666
XGBoost,time,0,refitted,A_b05,50,0.05,0.1,500.93750000000006,0.00937499999999994,1.0,0.0104166666666666
XGBoost,time,0,refitted,A_b05,50,0.05,0.15,750.8854166666666,0.00885416666666661,1.0,0.0104166666666666
XGBoost,time,0,refitted,A_b10,5,0.1,0.02,11.020833333333327,0.010208333333333267,1.0,0.0104166666666666
XGBoost,time,0,refitted,A_b10,5,0.1,0.05,25.98958333333333,0.00989583333333327,1.0,0.0104166666666666
XGBoost,time,0,refitted,A_b10,5,0.1,0.1,50.93749999999999,0.00937499999999994,1.0,0.0104166666666666
XGBoost,time,0,refitted,A_b10,5,0.1,0.15,75.88541666666666,0.00885416666666661,1.0,0.0104166666666666
XGBoost,time,0,refitted,A_b10,10,0.1,0.02,21.02083333333333,0.010208333333333267,1.0,0.0104166666666666
XGBoost,time,0,refitted,A_b10,10,0.1,0.05,50.98958333333332,0.00989583333333327,1.0,0.0104166666666666
XGBoost,time,0,refitted,A_b10,10,0.1,0.1,100.93749999999999,0.00937499999999994,1.0,0.0104166666666666
XGBoost,time,0,refitted,A_b10,10,0.1,0.15,150.88541666666666,0.00885416666666661,1.0,0.0104166666666666
XGBoost,time,0,refitted,A_b10,20,0.1,0.02,41.02083333333333,0.010208333333333267,1.0,0.0104166666666666
XGBoost,time,0,refitted,A_b10,20,0.1,0.05,100.98958333333331,0.00989583333333327,1.0,0.0104166666666666
XGBoost,time,0,refitted,A_b10,20,0.1,0.1,200.9375,0.00937499999999994,1.0,0.0104166666666666
XGBoost,time,0,refitted,A_b10,20,0.1,0.15,300.8854166666667,0.00885416666666661,1.0,0.0104166666666666
XGBoost,time,0,refitted,A_b10,50,0.1,0.02,101.02083333333334,0.010208333333333267,1.0,0.0104166666666666
XGBoost,time,0,refitted,A_b10,50,0.1,0.05,250.98958333333331,0.00989583333333327,1.0,0.0104166666666666
XGBoost,time,0,refitted,A_b10,50,0.1,0.1,500.93750000000006,0.00937499999999994,1.0,0.0104166666666666
XGBoost,time,0,refitted,A_b10,50,0.1,0.15,750.8854166666666,0.00885416666666661,1.0,0.0104166666666666
XGBoost,time,0,refitted,A_b20,5,0.2,0.02,11.429166666666664,0.014291666666666635,1.0,0.0145833333333333
XGBoost,time,0,refitted,A_b20,5,0.2,0.05,26.38541666666666,0.013854166666666634,1.0,0.0145833333333333
XGBoost,time,0,refitted,A_b20,5,0.2,0.1,51.31249999999999,0.01312499999999997,1.0,0.0145833333333333
XGBoost,time,0,refitted,A_b20,5,0.2,0.15,76.23958333333333,0.012395833333333306,1.0,0.0145833333333333
XGBoost,time,0,refitted,A_b20,10,0.2,0.02,21.429166666666667,0.014291666666666635,1.0,0.0145833333333333
XGBoost,time,0,refitted,A_b20,10,0.2,0.05,51.385416666666664,0.013854166666666634,1.0,0.0145833333333333
XGBoost,time,0,refitted,A_b20,10,0.2,0.1,101.3125,0.01312499999999997,1.0,0.0145833333333333
XGBoost,time,0,refitted,A_b20,10,0.2,0.15,151.23958333333334,0.012395833333333306,1.0,0.0145833333333333
XGBoost,time,0,refitted,A_b20,20,0.2,0.02,41.42916666666667,0.014291666666666635,1.0,0.0145833333333333
XGBoost,time,0,refitted,A_b20,20,0.2,0.05,101.38541666666667,0.013854166666666634,1.0,0.0145833333333333
XGBoost,time,0,refitted,A_b20,20,0.2,0.1,201.3125,0.01312499999999997,1.0,0.0145833333333333
XGBoost,time,0,refitted,A_b20,20,0.2,0.15,301.2395833333333,0.012395833333333306,1.0,0.0145833333333333
XGBoost,time,0,refitted,A_b20,50,0.2,0.02,101.42916666666666,0.014291666666666635,1.0,0.0145833333333333
XGBoost,time,0,refitted,A_b20,50,0.2,0.05,251.38541666666666,0.013854166666666634,1.0,0.0145833333333333
XGBoost,time,0,refitted,A_b20,50,0.2,0.1,501.31249999999994,0.01312499999999997,1.0,0.0145833333333333
XGBoost,time,0,refitted,A_b20,50,0.2,0.15,751.2395833333334,0.012395833333333306,1.0,0.0145833333333333
XGBoost,time,0,refitted,B_r05,5,,0.02,15.756944444444438,0.07423611111111104,0.8611111111111112,0.0729166666666666
XGBoost,time,0,refitted,B_r05,5,,0.05,28.454861111111107,0.07621527777777772,0.8611111111111112,0.0729166666666666
XGBoost,time,0,refitted,B_r05,5,,0.1,49.61805555555555,0.07951388888888883,0.8611111111111112,0.0729166666666666
XGBoost,time,0,refitted,B_r05,5,,0.15,70.78125,0.08281249999999994,0.8611111111111112,0.0729166666666666
XGBoost,time,0,refitted,B_r10,10,,0.02,98.0,1.0,0.0,1.0
XGBoost,time,0,refitted,B_r10,10,,0.05,95.0,1.0,0.0,1.0
XGBoost,time,0,refitted,B_r10,10,,0.1,90.0,1.0,0.0,1.0
XGBoost,time,0,refitted,B_r10,10,,0.15,85.0,1.0,0.0,1.0
XGBoost,time,0,refitted,B_r20,20,,0.02,98.0,1.0,0.0,1.0
XGBoost,time,0,refitted,B_r20,20,,0.05,95.0,1.0,0.0,1.0
XGBoost,time,0,refitted,B_r20,20,,0.1,90.0,1.0,0.0,1.0
XGBoost,time,0,refitted,B_r20,20,,0.15,85.0,1.0,0.0,1.0
XGBoost,time,0,refitted,B_r50,50,,0.02,98.0,1.0,0.0,1.0
XGBoost,time,0,refitted,B_r50,50,,0.05,95.0,1.0,0.0,1.0
XGBoost,time,0,refitted,B_r50,50,,0.1,90.0,1.0,0.0,1.0
XGBoost,time,0,refitted,B_r50,50,,0.15,85.0,1.0,0.0,1.0
XGBoost,time,0,refitted,C_b01_r05,5,0.01,0.02,10.0,0.0,1.0,0.0
XGBoost,time,0,refitted,C_b01_r05,5,0.01,0.05,25.0,0.0,1.0,0.0
XGBoost,time,0,refitted,C_b01_r05,5,0.01,0.1,50.0,0.0,1.0,0.0
XGBoost,time,0,refitted,C_b01_r05,5,0.01,0.15,75.0,0.0,1.0,0.0
XGBoost,time,0,refitted,C_b01_r10,10,0.01,0.02,20.0,0.0,1.0,0.0
XGBoost,time,0,refitted,C_b01_r10,10,0.01,0.05,50.0,0.0,1.0,0.0
XGBoost,time,0,refitted,C_b01_r10,10,0.01,0.1,100.0,0.0,1.0,0.0
XGBoost,time,0,refitted,C_b01_r10,10,0.01,0.15,150.0,0.0,1.0,0.0
XGBoost,time,0,refitted,C_b01_r20,20,0.01,0.02,40.0,0.0,1.0,0.0
XGBoost,time,0,refitted,C_b01_r20,20,0.01,0.05,100.0,0.0,1.0,0.0
XGBoost,time,0,refitted,C_b01_r20,20,0.01,0.1,200.0,0.0,1.0,0.0
XGBoost,time,0,refitted,C_b01_r20,20,0.01,0.15,300.0,0.0,1.0,0.0
XGBoost,time,0,refitted,C_b01_r50,50,0.01,0.02,100.0,0.0,1.0,0.0
XGBoost,time,0,refitted,C_b01_r50,50,0.01,0.05,250.0,0.0,1.0,0.0
XGBoost,time,0,refitted,C_b01_r50,50,0.01,0.1,500.0,0.0,1.0,0.0
XGBoost,time,0,refitted,C_b01_r50,50,0.01,0.15,750.0,0.0,1.0,0.0
XGBoost,time,0,refitted,C_b05_r05,5,0.05,0.02,10.816666666666663,0.008166666666666635,1.0,0.0083333333333333
XGBoost,time,0,refitted,C_b05_r05,5,0.05,0.05,25.791666666666664,0.007916666666666634,1.0,0.0083333333333333
XGBoost,time,0,refitted,C_b05_r05,5,0.05,0.1,50.74999999999999,0.00749999999999997,1.0,0.0083333333333333
XGBoost,time,0,refitted,C_b05_r05,5,0.05,0.15,75.70833333333333,0.007083333333333305,1.0,0.0083333333333333
XGBoost,time,0,refitted,C_b05_r10,10,0.05,0.02,20.816666666666663,0.008166666666666635,1.0,0.0083333333333333
XGBoost,time,0,refitted,C_b05_r10,10,0.05,0.05,50.79166666666667,0.007916666666666634,1.0,0.0083333333333333
XGBoost,time,0,refitted,C_b05_r10,10,0.05,0.1,100.75,0.00749999999999997,1.0,0.0083333333333333
XGBoost,time,0,refitted,C_b05_r10,10,0.05,0.15,150.70833333333334,0.007083333333333305,1.0,0.0083333333333333
XGBoost,time,0,refitted,C_b05_r20,20,0.05,0.02,40.81666666666667,0.008166666666666635,1.0,0.0083333333333333
XGBoost,time,0,refitted,C_b05_r20,20,0.05,0.05,100.79166666666666,0.007916666666666634,1.0,0.0083333333333333
XGBoost,time,0,refitted,C_b05_r20,20,0.05,0.1,200.74999999999997,0.00749999999999997,1.0,0.0083333333333333
XGBoost,time,0,refitted,C_b05_r20,20,0.05,0.15,300.7083333333333,0.007083333333333305,1.0,0.0083333333333333
XGBoost,time,0,refitted,C_b05_r50,50,0.05,0.02,100.81666666666666,0.008166666666666635,1.0,0.0083333333333333
XGBoost,time,0,refitted,C_b05_r50,50,0.05,0.05,250.79166666666666,0.007916666666666634,1.0,0.0083333333333333
XGBoost,time,0,refitted,C_b05_r50,50,0.05,0.1,500.75,0.00749999999999997,1.0,0.0083333333333333
XGBoost,time,0,refitted,C_b05_r50,50,0.05,0.15,750.7083333333333,0.007083333333333305,1.0,0.0083333333333333
XGBoost,time,0,refitted,C_b10_r05,5,0.1,0.02,10.816666666666663,0.008166666666666635,1.0,0.0083333333333333
XGBoost,time,0,refitted,C_b10_r05,5,0.1,0.05,25.791666666666664,0.007916666666666634,1.0,0.0083333333333333
XGBoost,time,0,refitted,C_b10_r05,5,0.1,0.1,50.74999999999999,0.00749999999999997,1.0,0.0083333333333333
XGBoost,time,0,refitted,C_b10_r05,5,0.1,0.15,75.70833333333333,0.007083333333333305,1.0,0.0083333333333333
XGBoost,time,0,refitted,C_b10_r10,10,0.1,0.02,21.02083333333333,0.010208333333333267,1.0,0.0104166666666666
XGBoost,time,0,refitted,C_b10_r10,10,0.1,0.05,50.98958333333332,0.00989583333333327,1.0,0.0104166666666666
XGBoost,time,0,refitted,C_b10_r10,10,0.1,0.1,100.93749999999999,0.00937499999999994,1.0,0.0104166666666666
XGBoost,time,0,refitted,C_b10_r10,10,0.1,0.15,150.88541666666666,0.00885416666666661,1.0,0.0104166666666666
XGBoost,time,0,refitted,C_b10_r20,20,0.1,0.02,41.02083333333333,0.010208333333333267,1.0,0.0104166666666666
XGBoost,time,0,refitted,C_b10_r20,20,0.1,0.05,100.98958333333331,0.00989583333333327,1.0,0.0104166666666666
XGBoost,time,0,refitted,C_b10_r20,20,0.1,0.1,200.9375,0.00937499999999994,1.0,0.0104166666666666
XGBoost,time,0,refitted,C_b10_r20,20,0.1,0.15,300.8854166666667,0.00885416666666661,1.0,0.0104166666666666
XGBoost,time,0,refitted,C_b10_r50,50,0.1,0.02,101.02083333333334,0.010208333333333267,1.0,0.0104166666666666
XGBoost,time,0,refitted,C_b10_r50,50,0.1,0.05,250.98958333333331,0.00989583333333327,1.0,0.0104166666666666
XGBoost,time,0,refitted,C_b10_r50,50,0.1,0.1,500.93750000000006,0.00937499999999994,1.0,0.0104166666666666
XGBoost,time,0,refitted,C_b10_r50,50,0.1,0.15,750.8854166666666,0.00885416666666661,1.0,0.0104166666666666
XGBoost,time,0,refitted,C_b20_r05,5,0.2,0.02,11.225,0.01225,1.0,0.0125
XGBoost,time,0,refitted,C_b20_r05,5,0.2,0.05,26.187500000000004,0.011875,1.0,0.0125
XGBoost,time,0,refitted,C_b20_r05,5,0.2,0.1,51.125,0.011250000000000001,1.0,0.0125
XGBoost,time,0,refitted,C_b20_r05,5,0.2,0.15,76.0625,0.010625,1.0,0.0125
XGBoost,time,0,refitted,C_b20_r10,10,0.2,0.02,21.225,0.01225,1.0,0.0125
XGBoost,time,0,refitted,C_b20_r10,10,0.2,0.05,51.1875,0.011875,1.0,0.0125
XGBoost,time,0,refitted,C_b20_r10,10,0.2,0.1,101.125,0.011250000000000001,1.0,0.0125
XGBoost,time,0,refitted,C_b20_r10,10,0.2,0.15,151.0625,0.010625,1.0,0.0125
XGBoost,time,0,refitted,C_b20_r20,20,0.2,0.02,41.225,0.01225,1.0,0.0125
XGBoost,time,0,refitted,C_b20_r20,20,0.2,0.05,101.18750000000001,0.011875,1.0,0.0125
XGBoost,time,0,refitted,C_b20_r20,20,0.2,0.1,201.125,0.011250000000000001,1.0,0.0125
XGBoost,time,0,refitted,C_b20_r20,20,0.2,0.15,301.0625,0.010625,1.0,0.0125
XGBoost,time,0,refitted,C_b20_r50,50,0.2,0.02,101.22500000000001,0.01225,1.0,0.0125
XGBoost,time,0,refitted,C_b20_r50,50,0.2,0.05,251.1875,0.011875,1.0,0.0125
XGBoost,time,0,refitted,C_b20_r50,50,0.2,0.1,501.12500000000006,0.011250000000000001,1.0,0.0125
XGBoost,time,0,refitted,C_b20_r50,50,0.2,0.15,751.0625,0.010625,1.0,0.0125
XGBoost,time,0,refitted,TopK_b01,5,0.01,0.02,11.020833333333327,0.010208333333333267,1.0,0.0104166666666666
XGBoost,time,0,refitted,TopK_b01,5,0.01,0.05,25.98958333333333,0.00989583333333327,1.0,0.0104166666666666
XGBoost,time,0,refitted,TopK_b01,5,0.01,0.1,50.93749999999999,0.00937499999999994,1.0,0.0104166666666666
XGBoost,time,0,refitted,TopK_b01,5,0.01,0.15,75.88541666666666,0.00885416666666661,1.0,0.0104166666666666
XGBoost,time,0,refitted,TopK_b01,10,0.01,0.02,21.02083333333333,0.010208333333333267,1.0,0.0104166666666666
XGBoost,time,0,refitted,TopK_b01,10,0.01,0.05,50.98958333333332,0.00989583333333327,1.0,0.0104166666666666
XGBoost,time,0,refitted,TopK_b01,10,0.01,0.1,100.93749999999999,0.00937499999999994,1.0,0.0104166666666666
XGBoost,time,0,refitted,TopK_b01,10,0.01,0.15,150.88541666666666,0.00885416666666661,1.0,0.0104166666666666
XGBoost,time,0,refitted,TopK_b01,20,0.01,0.02,41.02083333333333,0.010208333333333267,1.0,0.0104166666666666
XGBoost,time,0,refitted,TopK_b01,20,0.01,0.05,100.98958333333331,0.00989583333333327,1.0,0.0104166666666666
XGBoost,time,0,refitted,TopK_b01,20,0.01,0.1,200.9375,0.00937499999999994,1.0,0.0104166666666666
XGBoost,time,0,refitted,TopK_b01,20,0.01,0.15,300.8854166666667,0.00885416666666661,1.0,0.0104166666666666
XGBoost,time,0,refitted,TopK_b01,50,0.01,0.02,101.02083333333334,0.010208333333333267,1.0,0.0104166666666666
XGBoost,time,0,refitted,TopK_b01,50,0.01,0.05,250.98958333333331,0.00989583333333327,1.0,0.0104166666666666
XGBoost,time,0,refitted,TopK_b01,50,0.01,0.1,500.93750000000006,0.00937499999999994,1.0,0.0104166666666666
XGBoost,time,0,refitted,TopK_b01,50,0.01,0.15,750.8854166666666,0.00885416666666661,1.0,0.0104166666666666
XGBoost,time,0,refitted,TopK_b05,5,0.05,0.02,14.14027777777777,0.04806944444444438,0.9444444444444444,0.0479166666666666
XGBoost,time,0,refitted,TopK_b05,5,0.05,0.05,28.16319444444444,0.04829861111111105,0.9444444444444444,0.0479166666666666
XGBoost,time,0,refitted,TopK_b05,5,0.05,0.1,51.534722222222214,0.0486805555555555,0.9444444444444444,0.0479166666666666
XGBoost,time,0,refitted,TopK_b05,5,0.05,0.15,74.90624999999999,0.049062499999999946,0.9444444444444444,0.0479166666666666
XGBoost,time,0,refitted,TopK_b05,10,0.05,0.02,23.584722222222215,0.04806944444444438,0.9444444444444444,0.0479166666666666
XGBoost,time,0,refitted,TopK_b05,10,0.05,0.05,51.77430555555554,0.04829861111111105,0.9444444444444444,0.0479166666666666
XGBoost,time,0,refitted,TopK_b05,10,0.05,0.1,98.75694444444444,0.0486805555555555,0.9444444444444444,0.0479166666666666
XGBoost,time,0,refitted,TopK_b05,10,0.05,0.15,145.73958333333331,0.049062499999999946,0.9444444444444444,0.0479166666666666
XGBoost,time,0,refitted,TopK_b05,20,0.05,0.02,42.473611111111104,0.04806944444444438,0.9444444444444444,0.0479166666666666
XGBoost,time,0,refitted,TopK_b05,20,0.05,0.05,98.99652777777777,0.04829861111111105,0.9444444444444444,0.0479166666666666
XGBoost,time,0,refitted,TopK_b05,20,0.05,0.1,193.20138888888886,0.0486805555555555,0.9444444444444444,0.0479166666666666
XGBoost,time,0,refitted,TopK_b05,20,0.05,0.15,287.40624999999994,0.049062499999999946,0.9444444444444444,0.0479166666666666
XGBoost,time,0,refitted,TopK_b05,50,0.05,0.02,99.14027777777777,0.04806944444444438,0.9444444444444444,0.0479166666666666
XGBoost,time,0,refitted,TopK_b05,50,0.05,0.05,240.66319444444443,0.04829861111111105,0.9444444444444444,0.0479166666666666
XGBoost,time,0,refitted,TopK_b05,50,0.05,0.1,476.53472222222223,0.0486805555555555,0.9444444444444444,0.0479166666666666
XGBoost,time,0,refitted,TopK_b05,50,0.05,0.15,712.40625,0.049062499999999946,0.9444444444444444,0.0479166666666666
XGBoost,time,0,refitted,TopK_b10,5,0.1,0.02,17.520833333333336,0.09520833333333333,0.8333333333333334,0.09375
XGBoost,time,0,refitted,TopK_b10,5,0.1,0.05,29.73958333333333,0.09739583333333332,0.8333333333333334,0.09375
XGBoost,time,0,refitted,TopK_b10,5,0.1,0.1,50.10416666666667,0.10104166666666667,0.8333333333333334,0.09375
XGBoost,time,0,refitted,TopK_b10,5,0.1,0.15,70.46875,0.10468749999999999,0.8333333333333334,0.09375
XGBoost,time,0,refitted,TopK_b10,10,0.1,0.02,25.854166666666668,0.09520833333333333,0.8333333333333334,0.09375
XGBoost,time,0,refitted,TopK_b10,10,0.1,0.05,50.572916666666664,0.09739583333333332,0.8333333333333334,0.09375
XGBoost,time,0,refitted,TopK_b10,10,0.1,0.1,91.77083333333333,0.10104166666666667,0.8333333333333334,0.09375
XGBoost,time,0,refitted,TopK_b10,10,0.1,0.15,132.96875,0.10468749999999999,0.8333333333333334,0.09375
XGBoost,time,0,refitted,TopK_b10,20,0.1,0.02,42.520833333333336,0.09520833333333333,0.8333333333333334,0.09375
XGBoost,time,0,refitted,TopK_b10,20,0.1,0.05,92.23958333333333,0.09739583333333332,0.8333333333333334,0.09375
XGBoost,time,0,refitted,TopK_b10,20,0.1,0.1,175.10416666666669,0.10104166666666667,0.8333333333333334,0.09375
XGBoost,time,0,refitted,TopK_b10,20,0.1,0.15,257.96875,0.10468749999999999,0.8333333333333334,0.09375
XGBoost,time,0,refitted,TopK_b10,50,0.1,0.02,92.52083333333334,0.09520833333333333,0.8333333333333334,0.09375
XGBoost,time,0,refitted,TopK_b10,50,0.1,0.05,217.23958333333334,0.09739583333333332,0.8333333333333334,0.09375
XGBoost,time,0,refitted,TopK_b10,50,0.1,0.1,425.1041666666667,0.10104166666666667,0.8333333333333334,0.09375
XGBoost,time,0,refitted,TopK_b10,50,0.1,0.15,632.96875,0.10468749999999999,0.8333333333333334,0.09375
XGBoost,time,0,refitted,TopK_b20,5,0.2,0.02,23.318055555555556,0.1865138888888889,0.5555555555555556,0.18125
XGBoost,time,0,refitted,TopK_b20,5,0.2,0.05,31.10763888888889,0.19440972222222222,0.5555555555555556,0.18125
XGBoost,time,0,refitted,TopK_b20,5,0.2,0.1,44.09027777777778,0.20756944444444445,0.5555555555555556,0.18125
XGBoost,time,0,refitted,TopK_b20,5,0.2,0.15,57.07291666666667,0.22072916666666664,0.5555555555555556,0.18125
XGBoost,time,0,refitted,TopK_b20,10,0.2,0.02,28.873611111111114,0.1865138888888889,0.5555555555555556,0.18125
XGBoost,time,0,refitted,TopK_b20,10,0.2,0.05,44.99652777777778,0.19440972222222222,0.5555555555555556,0.18125
XGBoost,time,0,refitted,TopK_b20,10,0.2,0.1,71.86805555555556,0.20756944444444445,0.5555555555555556,0.18125
XGBoost,time,0,refitted,TopK_b20,10,0.2,0.15,98.73958333333334,0.22072916666666664,0.5555555555555556,0.18125
XGBoost,time,0,refitted,TopK_b20,20,0.2,0.02,39.984722222222224,0.1865138888888889,0.5555555555555556,0.18125
XGBoost,time,0,refitted,TopK_b20,20,0.2,0.05,72.77430555555556,0.19440972222222222,0.5555555555555556,0.18125
XGBoost,time,0,refitted,TopK_b20,20,0.2,0.1,127.42361111111111,0.20756944444444445,0.5555555555555556,0.18125
XGBoost,time,0,refitted,TopK_b20,20,0.2,0.15,182.07291666666669,0.22072916666666664,0.5555555555555556,0.18125
XGBoost,time,0,refitted,TopK_b20,50,0.2,0.02,73.31805555555556,0.1865138888888889,0.5555555555555556,0.18125
XGBoost,time,0,refitted,TopK_b20,50,0.2,0.05,156.10763888888889,0.19440972222222222,0.5555555555555556,0.18125
XGBoost,time,0,refitted,TopK_b20,50,0.2,0.1,294.09027777777777,0.20756944444444445,0.5555555555555556,0.18125
XGBoost,time,0,refitted,TopK_b20,50,0.2,0.15,432.07291666666674,0.22072916666666664,0.5555555555555556,0.18125
XGBoost,time,1,fixed,none,5,,0.02,10.0,0.0,1.0,0.0
XGBoost,time,1,fixed,none,5,,0.05,25.0,0.0,1.0,0.0
XGBoost,time,1,fixed,none,5,,0.1,50.0,0.0,1.0,0.0
XGBoost,time,1,fixed,none,5,,0.15,75.0,0.0,1.0,0.0
XGBoost,time,1,fixed,none,10,,0.02,20.0,0.0,1.0,0.0
XGBoost,time,1,fixed,none,10,,0.05,50.0,0.0,1.0,0.0
XGBoost,time,1,fixed,none,10,,0.1,100.0,0.0,1.0,0.0
XGBoost,time,1,fixed,none,10,,0.15,150.0,0.0,1.0,0.0
XGBoost,time,1,fixed,none,20,,0.02,40.0,0.0,1.0,0.0
XGBoost,time,1,fixed,none,20,,0.05,100.0,0.0,1.0,0.0
XGBoost,time,1,fixed,none,20,,0.1,200.0,0.0,1.0,0.0
XGBoost,time,1,fixed,none,20,,0.15,300.0,0.0,1.0,0.0
XGBoost,time,1,fixed,none,50,,0.02,100.0,0.0,1.0,0.0
XGBoost,time,1,fixed,none,50,,0.05,250.0,0.0,1.0,0.0
XGBoost,time,1,fixed,none,50,,0.1,500.0,0.0,1.0,0.0
XGBoost,time,1,fixed,none,50,,0.15,750.0,0.0,1.0,0.0
XGBoost,time,1,fixed,A_b01,5,0.01,0.02,17.180198019801974,0.07180198019801973,1.0,0.0732673267326732
XGBoost,time,1,fixed,A_b01,5,0.01,0.05,31.960396039603957,0.06960396039603953,1.0,0.0732673267326732
XGBoost,time,1,fixed,A_b01,5,0.01,0.1,56.59405940594059,0.06594059405940587,1.0,0.0732673267326732
XGBoost,time,1,fixed,A_b01,5,0.01,0.15,81.22772277227722,0.062277227722772215,1.0,0.0732673267326732
XGBoost,time,1,fixed,A_b01,10,0.01,0.02,27.18019801980197,0.07180198019801973,1.0,0.0732673267326732
XGBoost,time,1,fixed,A_b01,10,0.01,0.05,56.96039603960396,0.06960396039603953,1.0,0.0732673267326732
XGBoost,time,1,fixed,A_b01,10,0.01,0.1,106.59405940594058,0.06594059405940587,1.0,0.0732673267326732
XGBoost,time,1,fixed,A_b01,10,0.01,0.15,156.22772277227722,0.062277227722772215,1.0,0.0732673267326732
XGBoost,time,1,fixed,A_b01,20,0.01,0.02,47.18019801980198,0.07180198019801973,1.0,0.0732673267326732
XGBoost,time,1,fixed,A_b01,20,0.01,0.05,106.96039603960395,0.06960396039603953,1.0,0.0732673267326732
XGBoost,time,1,fixed,A_b01,20,0.01,0.1,206.5940594059406,0.06594059405940587,1.0,0.0732673267326732
XGBoost,time,1,fixed,A_b01,20,0.01,0.15,306.2277227722772,0.062277227722772215,1.0,0.0732673267326732
XGBoost,time,1,fixed,A_b01,50,0.01,0.02,107.18019801980196,0.07180198019801973,1.0,0.0732673267326732
XGBoost,time,1,fixed,A_b01,50,0.01,0.05,256.96039603960395,0.06960396039603953,1.0,0.0732673267326732
XGBoost,time,1,fixed,A_b01,50,0.01,0.1,506.5940594059406,0.06594059405940587,1.0,0.0732673267326732
XGBoost,time,1,fixed,A_b01,50,0.01,0.15,756.2277227722772,0.062277227722772215,1.0,0.0732673267326732
XGBoost,time,1,fixed,A_b05,5,0.05,0.02,23.001980198019794,0.13001980198019794,1.0,0.1326732673267326
XGBoost,time,1,fixed,A_b05,5,0.05,0.05,37.6039603960396,0.12603960396039596,1.0,0.1326732673267326
XGBoost,time,1,fixed,A_b05,5,0.05,0.1,61.94059405940593,0.11940594059405935,1.0,0.1326732673267326
XGBoost,time,1,fixed,A_b05,5,0.05,0.15,86.27722772277227,0.1127722772277227,1.0,0.1326732673267326
XGBoost,time,1,fixed,A_b05,10,0.05,0.02,33.0019801980198,0.13001980198019794,1.0,0.1326732673267326
XGBoost,time,1,fixed,A_b05,10,0.05,0.05,62.6039603960396,0.12603960396039596,1.0,0.1326732673267326
XGBoost,time,1,fixed,A_b05,10,0.05,0.1,111.94059405940592,0.11940594059405935,1.0,0.1326732673267326
XGBoost,time,1,fixed,A_b05,10,0.05,0.15,161.27722772277227,0.1127722772277227,1.0,0.1326732673267326
XGBoost,time,1,fixed,A_b05,20,0.05,0.02,53.001980198019794,0.13001980198019794,1.0,0.1326732673267326
XGBoost,time,1,fixed,A_b05,20,0.05,0.05,112.6039603960396,0.12603960396039596,1.0,0.1326732673267326
XGBoost,time,1,fixed,A_b05,20,0.05,0.1,211.94059405940595,0.11940594059405935,1.0,0.1326732673267326
XGBoost,time,1,fixed,A_b05,20,0.05,0.15,311.27722772277224,0.1127722772277227,1.0,0.1326732673267326
XGBoost,time,1,fixed,A_b05,50,0.05,0.02,113.0019801980198,0.13001980198019794,1.0,0.1326732673267326
XGBoost,time,1,fixed,A_b05,50,0.05,0.05,262.6039603960396,0.12603960396039596,1.0,0.1326732673267326
XGBoost,time,1,fixed,A_b05,50,0.05,0.1,511.9405940594059,0.11940594059405935,1.0,0.1326732673267326
XGBoost,time,1,fixed,A_b05,50,0.05,0.15,761.2772277227723,0.1127722772277227,1.0,0.1326732673267326
XGBoost,time,1,fixed,A_b10,5,0.1,0.02,28.346534653465344,0.21946534653465344,0.7,0.2178217821782178
XGBoost,time,1,fixed,A_b10,5,0.1,0.05,38.19306930693069,0.2219306930693069,0.7,0.2178217821782178
XGBoost,time,1,fixed,A_b10,5,0.1,0.1,54.6039603960396,0.22603960396039602,0.7,0.2178217821782178
XGBoost,time,1,fixed,A_b10,5,0.1,0.15,71.0148514851485,0.23014851485148513,0.7,0.2178217821782178
XGBoost,time,1,fixed,A_b10,10,0.1,0.02,35.34653465346535,0.21946534653465344,0.7,0.2178217821782178
XGBoost,time,1,fixed,A_b10,10,0.1,0.05,55.69306930693069,0.2219306930693069,0.7,0.2178217821782178
XGBoost,time,1,fixed,A_b10,10,0.1,0.1,89.6039603960396,0.22603960396039602,0.7,0.2178217821782178
XGBoost,time,1,fixed,A_b10,10,0.1,0.15,123.5148514851485,0.23014851485148513,0.7,0.2178217821782178
XGBoost,time,1,fixed,A_b10,20,0.1,0.02,49.34653465346534,0.21946534653465344,0.7,0.2178217821782178
XGBoost,time,1,fixed,A_b10,20,0.1,0.05,90.69306930693068,0.2219306930693069,0.7,0.2178217821782178
XGBoost,time,1,fixed,A_b10,20,0.1,0.1,159.60396039603958,0.22603960396039602,0.7,0.2178217821782178
XGBoost,time,1,fixed,A_b10,20,0.1,0.15,228.51485148514848,0.23014851485148513,0.7,0.2178217821782178
XGBoost,time,1,fixed,A_b10,50,0.1,0.02,91.34653465346534,0.21946534653465344,0.7,0.2178217821782178
XGBoost,time,1,fixed,A_b10,50,0.1,0.05,195.69306930693068,0.2219306930693069,0.7,0.2178217821782178
XGBoost,time,1,fixed,A_b10,50,0.1,0.1,369.6039603960396,0.22603960396039602,0.7,0.2178217821782178
XGBoost,time,1,fixed,A_b10,50,0.1,0.15,543.5148514851485,0.23014851485148513,0.7,0.2178217821782178
XGBoost,time,1,fixed,A_b20,5,0.2,0.02,52.12673267326733,0.49326732673267326,0.4,0.4910891089108911
XGBoost,time,1,fixed,A_b20,5,0.2,0.05,56.653465346534645,0.49653465346534653,0.4,0.4910891089108911
XGBoost,time,1,fixed,A_b20,5,0.2,0.1,64.1980198019802,0.501980198019802,0.4,0.4910891089108911
XGBoost,time,1,fixed,A_b20,5,0.2,0.15,71.74257425742574,0.5074257425742574,0.4,0.4910891089108911
XGBoost,time,1,fixed,A_b20,10,0.2,0.02,56.126732673267334,0.49326732673267326,0.4,0.4910891089108911
XGBoost,time,1,fixed,A_b20,10,0.2,0.05,66.65346534653465,0.49653465346534653,0.4,0.4910891089108911
XGBoost,time,1,fixed,A_b20,10,0.2,0.1,84.19801980198021,0.501980198019802,0.4,0.4910891089108911
XGBoost,time,1,fixed,A_b20,10,0.2,0.15,101.74257425742574,0.5074257425742574,0.4,0.4910891089108911
XGBoost,time,1,fixed,A_b20,20,0.2,0.02,64.12673267326733,0.49326732673267326,0.4,0.4910891089108911
XGBoost,time,1,fixed,A_b20,20,0.2,0.05,86.65346534653466,0.49653465346534653,0.4,0.4910891089108911
XGBoost,time,1,fixed,A_b20,20,0.2,0.1,124.1980198019802,0.501980198019802,0.4,0.4910891089108911
XGBoost,time,1,fixed,A_b20,20,0.2,0.15,161.74257425742576,0.5074257425742574,0.4,0.4910891089108911
XGBoost,time,1,fixed,A_b20,50,0.2,0.02,88.12673267326733,0.49326732673267326,0.4,0.4910891089108911
XGBoost,time,1,fixed,A_b20,50,0.2,0.05,146.65346534653466,0.49653465346534653,0.4,0.4910891089108911
XGBoost,time,1,fixed,A_b20,50,0.2,0.1,244.1980198019802,0.501980198019802,0.4,0.4910891089108911
XGBoost,time,1,fixed,A_b20,50,0.2,0.15,341.74257425742576,0.5074257425742574,0.4,0.4910891089108911
XGBoost,time,1,fixed,B_r05,5,,0.02,10.0,0.0,1.0,0.0
XGBoost,time,1,fixed,B_r05,5,,0.05,25.0,0.0,1.0,0.0
XGBoost,time,1,fixed,B_r05,5,,0.1,50.0,0.0,1.0,0.0
XGBoost,time,1,fixed,B_r05,5,,0.15,75.0,0.0,1.0,0.0
XGBoost,time,1,fixed,B_r10,10,,0.02,20.0,0.0,1.0,0.0
XGBoost,time,1,fixed,B_r10,10,,0.05,50.0,0.0,1.0,0.0
XGBoost,time,1,fixed,B_r10,10,,0.1,100.0,0.0,1.0,0.0
XGBoost,time,1,fixed,B_r10,10,,0.15,150.0,0.0,1.0,0.0
XGBoost,time,1,fixed,B_r20,20,,0.02,40.0,0.0,1.0,0.0
XGBoost,time,1,fixed,B_r20,20,,0.05,100.0,0.0,1.0,0.0
XGBoost,time,1,fixed,B_r20,20,,0.1,200.0,0.0,1.0,0.0
XGBoost,time,1,fixed,B_r20,20,,0.15,300.0,0.0,1.0,0.0
XGBoost,time,1,fixed,B_r50,50,,0.02,100.0,0.0,1.0,0.0
XGBoost,time,1,fixed,B_r50,50,,0.05,250.0,0.0,1.0,0.0
XGBoost,time,1,fixed,B_r50,50,,0.1,500.0,0.0,1.0,0.0
XGBoost,time,1,fixed,B_r50,50,,0.15,750.0,0.0,1.0,0.0
XGBoost,time,1,fixed,C_b01_r05,5,0.01,0.02,10.0,0.0,1.0,0.0
XGBoost,time,1,fixed,C_b01_r05,5,0.01,0.05,25.0,0.0,1.0,0.0
XGBoost,time,1,fixed,C_b01_r05,5,0.01,0.1,50.0,0.0,1.0,0.0
XGBoost,time,1,fixed,C_b01_r05,5,0.01,0.15,75.0,0.0,1.0,0.0
XGBoost,time,1,fixed,C_b01_r10,10,0.01,0.02,20.0,0.0,1.0,0.0
XGBoost,time,1,fixed,C_b01_r10,10,0.01,0.05,50.0,0.0,1.0,0.0
XGBoost,time,1,fixed,C_b01_r10,10,0.01,0.1,100.0,0.0,1.0,0.0
XGBoost,time,1,fixed,C_b01_r10,10,0.01,0.15,150.0,0.0,1.0,0.0
XGBoost,time,1,fixed,C_b01_r20,20,0.01,0.02,40.0,0.0,1.0,0.0
XGBoost,time,1,fixed,C_b01_r20,20,0.01,0.05,100.0,0.0,1.0,0.0
XGBoost,time,1,fixed,C_b01_r20,20,0.01,0.1,200.0,0.0,1.0,0.0
XGBoost,time,1,fixed,C_b01_r20,20,0.01,0.15,300.0,0.0,1.0,0.0
XGBoost,time,1,fixed,C_b01_r50,50,0.01,0.02,100.0,0.0,1.0,0.0
XGBoost,time,1,fixed,C_b01_r50,50,0.01,0.05,250.0,0.0,1.0,0.0
XGBoost,time,1,fixed,C_b01_r50,50,0.01,0.1,500.0,0.0,1.0,0.0
XGBoost,time,1,fixed,C_b01_r50,50,0.01,0.15,750.0,0.0,1.0,0.0
XGBoost,time,1,fixed,C_b05_r05,5,0.05,0.02,10.0,0.0,1.0,0.0
XGBoost,time,1,fixed,C_b05_r05,5,0.05,0.05,25.0,0.0,1.0,0.0
XGBoost,time,1,fixed,C_b05_r05,5,0.05,0.1,50.0,0.0,1.0,0.0
XGBoost,time,1,fixed,C_b05_r05,5,0.05,0.15,75.0,0.0,1.0,0.0
XGBoost,time,1,fixed,C_b05_r10,10,0.05,0.02,20.0,0.0,1.0,0.0
XGBoost,time,1,fixed,C_b05_r10,10,0.05,0.05,50.0,0.0,1.0,0.0
XGBoost,time,1,fixed,C_b05_r10,10,0.05,0.1,100.0,0.0,1.0,0.0
XGBoost,time,1,fixed,C_b05_r10,10,0.05,0.15,150.0,0.0,1.0,0.0
XGBoost,time,1,fixed,C_b05_r20,20,0.05,0.02,40.0,0.0,1.0,0.0
XGBoost,time,1,fixed,C_b05_r20,20,0.05,0.05,100.0,0.0,1.0,0.0
XGBoost,time,1,fixed,C_b05_r20,20,0.05,0.1,200.0,0.0,1.0,0.0
XGBoost,time,1,fixed,C_b05_r20,20,0.05,0.15,300.0,0.0,1.0,0.0
XGBoost,time,1,fixed,C_b05_r50,50,0.05,0.02,100.0,0.0,1.0,0.0
XGBoost,time,1,fixed,C_b05_r50,50,0.05,0.05,250.0,0.0,1.0,0.0
XGBoost,time,1,fixed,C_b05_r50,50,0.05,0.1,500.0,0.0,1.0,0.0
XGBoost,time,1,fixed,C_b05_r50,50,0.05,0.15,750.0,0.0,1.0,0.0
XGBoost,time,1,fixed,C_b10_r05,5,0.1,0.02,10.0,0.0,1.0,0.0
XGBoost,time,1,fixed,C_b10_r05,5,0.1,0.05,25.0,0.0,1.0,0.0
XGBoost,time,1,fixed,C_b10_r05,5,0.1,0.1,50.0,0.0,1.0,0.0
XGBoost,time,1,fixed,C_b10_r05,5,0.1,0.15,75.0,0.0,1.0,0.0
XGBoost,time,1,fixed,C_b10_r10,10,0.1,0.02,20.0,0.0,1.0,0.0
XGBoost,time,1,fixed,C_b10_r10,10,0.1,0.05,50.0,0.0,1.0,0.0
XGBoost,time,1,fixed,C_b10_r10,10,0.1,0.1,100.0,0.0,1.0,0.0
XGBoost,time,1,fixed,C_b10_r10,10,0.1,0.15,150.0,0.0,1.0,0.0
XGBoost,time,1,fixed,C_b10_r20,20,0.1,0.02,40.0,0.0,1.0,0.0
XGBoost,time,1,fixed,C_b10_r20,20,0.1,0.05,100.0,0.0,1.0,0.0
XGBoost,time,1,fixed,C_b10_r20,20,0.1,0.1,200.0,0.0,1.0,0.0
XGBoost,time,1,fixed,C_b10_r20,20,0.1,0.15,300.0,0.0,1.0,0.0
XGBoost,time,1,fixed,C_b10_r50,50,0.1,0.02,100.0,0.0,1.0,0.0
XGBoost,time,1,fixed,C_b10_r50,50,0.1,0.05,250.0,0.0,1.0,0.0
XGBoost,time,1,fixed,C_b10_r50,50,0.1,0.1,500.0,0.0,1.0,0.0
XGBoost,time,1,fixed,C_b10_r50,50,0.1,0.15,750.0,0.0,1.0,0.0
XGBoost,time,1,fixed,C_b20_r05,5,0.2,0.02,10.0,0.0,1.0,0.0
XGBoost,time,1,fixed,C_b20_r05,5,0.2,0.05,25.0,0.0,1.0,0.0
XGBoost,time,1,fixed,C_b20_r05,5,0.2,0.1,50.0,0.0,1.0,0.0
XGBoost,time,1,fixed,C_b20_r05,5,0.2,0.15,75.0,0.0,1.0,0.0
XGBoost,time,1,fixed,C_b20_r10,10,0.2,0.02,20.0,0.0,1.0,0.0
XGBoost,time,1,fixed,C_b20_r10,10,0.2,0.05,50.0,0.0,1.0,0.0
XGBoost,time,1,fixed,C_b20_r10,10,0.2,0.1,100.0,0.0,1.0,0.0
XGBoost,time,1,fixed,C_b20_r10,10,0.2,0.15,150.0,0.0,1.0,0.0
XGBoost,time,1,fixed,C_b20_r20,20,0.2,0.02,40.0,0.0,1.0,0.0
XGBoost,time,1,fixed,C_b20_r20,20,0.2,0.05,100.0,0.0,1.0,0.0
XGBoost,time,1,fixed,C_b20_r20,20,0.2,0.1,200.0,0.0,1.0,0.0
XGBoost,time,1,fixed,C_b20_r20,20,0.2,0.15,300.0,0.0,1.0,0.0
XGBoost,time,1,fixed,C_b20_r50,50,0.2,0.02,100.0,0.0,1.0,0.0
XGBoost,time,1,fixed,C_b20_r50,50,0.2,0.05,250.0,0.0,1.0,0.0
XGBoost,time,1,fixed,C_b20_r50,50,0.2,0.1,500.0,0.0,1.0,0.0
XGBoost,time,1,fixed,C_b20_r50,50,0.2,0.15,750.0,0.0,1.0,0.0
XGBoost,time,1,fixed,TopK_b01,5,0.01,0.02,10.970297029702971,0.009702970297029701,1.0,0.0099009900990099
XGBoost,time,1,fixed,TopK_b01,5,0.01,0.05,25.940594059405942,0.009405940594059404,1.0,0.0099009900990099
XGBoost,time,1,fixed,TopK_b01,5,0.01,0.1,50.89108910891089,0.00891089108910891,1.0,0.0099009900990099
XGBoost,time,1,fixed,TopK_b01,5,0.01,0.15,75.84158415841584,0.008415841584158415,1.0,0.0099009900990099
XGBoost,time,1,fixed,TopK_b01,10,0.01,0.02,20.970297029702973,0.009702970297029701,1.0,0.0099009900990099
XGBoost,time,1,fixed,TopK_b01,10,0.01,0.05,50.94059405940594,0.009405940594059404,1.0,0.0099009900990099
XGBoost,time,1,fixed,TopK_b01,10,0.01,0.1,100.89108910891089,0.00891089108910891,1.0,0.0099009900990099
XGBoost,time,1,fixed,TopK_b01,10,0.01,0.15,150.84158415841586,0.008415841584158415,1.0,0.0099009900990099
XGBoost,time,1,fixed,TopK_b01,20,0.01,0.02,40.97029702970298,0.009702970297029701,1.0,0.0099009900990099
XGBoost,time,1,fixed,TopK_b01,20,0.01,0.05,100.94059405940594,0.009405940594059404,1.0,0.0099009900990099
XGBoost,time,1,fixed,TopK_b01,20,0.01,0.1,200.8910891089109,0.00891089108910891,1.0,0.0099009900990099
XGBoost,time,1,fixed,TopK_b01,20,0.01,0.15,300.8415841584158,0.008415841584158415,1.0,0.0099009900990099
XGBoost,time,1,fixed,TopK_b01,50,0.01,0.02,100.97029702970298,0.009702970297029701,1.0,0.0099009900990099
XGBoost,time,1,fixed,TopK_b01,50,0.01,0.05,250.94059405940592,0.009405940594059404,1.0,0.0099009900990099
XGBoost,time,1,fixed,TopK_b01,50,0.01,0.1,500.8910891089108,0.00891089108910891,1.0,0.0099009900990099
XGBoost,time,1,fixed,TopK_b01,50,0.01,0.15,750.8415841584158,0.008415841584158415,1.0,0.0099009900990099
XGBoost,time,1,fixed,TopK_b05,5,0.05,0.02,14.85148514851485,0.04851485148514851,1.0,0.0495049504950495
XGBoost,time,1,fixed,TopK_b05,5,0.05,0.05,29.7029702970297,0.04702970297029702,1.0,0.0495049504950495
XGBoost,time,1,fixed,TopK_b05,5,0.05,0.1,54.45544554455446,0.04455445544554455,1.0,0.0495049504950495
XGBoost,time,1,fixed,TopK_b05,5,0.05,0.15,79.20792079207921,0.042079207920792075,1.0,0.0495049504950495
XGBoost,time,1,fixed,TopK_b05,10,0.05,0.02,24.85148514851485,0.04851485148514851,1.0,0.0495049504950495
XGBoost,time,1,fixed,TopK_b05,10,0.05,0.05,54.70297029702971,0.04702970297029702,1.0,0.0495049504950495
XGBoost,time,1,fixed,TopK_b05,10,0.05,0.1,104.45544554455446,0.04455445544554455,1.0,0.0495049504950495
XGBoost,time,1,fixed,TopK_b05,10,0.05,0.15,154.20792079207922,0.042079207920792075,1.0,0.0495049504950495
XGBoost,time,1,fixed,TopK_b05,20,0.05,0.02,44.851485148514854,0.04851485148514851,1.0,0.0495049504950495
XGBoost,time,1,fixed,TopK_b05,20,0.05,0.05,104.70297029702971,0.04702970297029702,1.0,0.0495049504950495
XGBoost,time,1,fixed,TopK_b05,20,0.05,0.1,204.45544554455446,0.04455445544554455,1.0,0.0495049504950495
XGBoost,time,1,fixed,TopK_b05,20,0.05,0.15,304.20792079207916,0.042079207920792075,1.0,0.0495049504950495
XGBoost,time,1,fixed,TopK_b05,50,0.05,0.02,104.85148514851485,0.04851485148514851,1.0,0.0495049504950495
XGBoost,time,1,fixed,TopK_b05,50,0.05,0.05,254.70297029702968,0.04702970297029702,1.0,0.0495049504950495
XGBoost,time,1,fixed,TopK_b05,50,0.05,0.1,504.45544554455444,0.04455445544554455,1.0,0.0495049504950495
XGBoost,time,1,fixed,TopK_b05,50,0.05,0.15,754.2079207920792,0.042079207920792075,1.0,0.0495049504950495
XGBoost,time,1,fixed,TopK_b10,5,0.1,0.02,19.897029702970297,0.09897029702970297,1.0,0.100990099009901
XGBoost,time,1,fixed,TopK_b10,5,0.1,0.05,34.59405940594059,0.09594059405940594,1.0,0.100990099009901
XGBoost,time,1,fixed,TopK_b10,5,0.1,0.1,59.089108910891085,0.0908910891089109,1.0,0.100990099009901
XGBoost,time,1,fixed,TopK_b10,5,0.1,0.15,83.58415841584159,0.08584158415841585,1.0,0.100990099009901
XGBoost,time,1,fixed,TopK_b10,10,0.1,0.02,29.8970297029703,0.09897029702970297,1.0,0.100990099009901
XGBoost,time,1,fixed,TopK_b10,10,0.1,0.05,59.59405940594059,0.09594059405940594,1.0,0.100990099009901
XGBoost,time,1,fixed,TopK_b10,10,0.1,0.1,109.0891089108911,0.0908910891089109,1.0,0.100990099009901
XGBoost,time,1,fixed,TopK_b10,10,0.1,0.15,158.58415841584159,0.08584158415841585,1.0,0.100990099009901
XGBoost,time,1,fixed,TopK_b10,20,0.1,0.02,49.8970297029703,0.09897029702970297,1.0,0.100990099009901
XGBoost,time,1,fixed,TopK_b10,20,0.1,0.05,109.5940594059406,0.09594059405940594,1.0,0.100990099009901
XGBoost,time,1,fixed,TopK_b10,20,0.1,0.1,209.0891089108911,0.0908910891089109,1.0,0.100990099009901
XGBoost,time,1,fixed,TopK_b10,20,0.1,0.15,308.58415841584156,0.08584158415841585,1.0,0.100990099009901
XGBoost,time,1,fixed,TopK_b10,50,0.1,0.02,109.8970297029703,0.09897029702970297,1.0,0.100990099009901
XGBoost,time,1,fixed,TopK_b10,50,0.1,0.05,259.5940594059406,0.09594059405940594,1.0,0.100990099009901
XGBoost,time,1,fixed,TopK_b10,50,0.1,0.1,509.08910891089107,0.0908910891089109,1.0,0.100990099009901
XGBoost,time,1,fixed,TopK_b10,50,0.1,0.15,758.5841584158416,0.08584158415841585,1.0,0.100990099009901
XGBoost,time,1,fixed,TopK_b20,5,0.2,0.02,27.6,0.2,0.8,0.2
XGBoost,time,1,fixed,TopK_b20,5,0.2,0.05,39.0,0.2,0.8,0.2
XGBoost,time,1,fixed,TopK_b20,5,0.2,0.1,58.00000000000001,0.2,0.8,0.2
XGBoost,time,1,fixed,TopK_b20,5,0.2,0.15,77.00000000000001,0.2,0.8,0.2
XGBoost,time,1,fixed,TopK_b20,10,0.2,0.02,35.6,0.2,0.8,0.2
XGBoost,time,1,fixed,TopK_b20,10,0.2,0.05,59.00000000000001,0.2,0.8,0.2
XGBoost,time,1,fixed,TopK_b20,10,0.2,0.1,98.00000000000001,0.2,0.8,0.2
XGBoost,time,1,fixed,TopK_b20,10,0.2,0.15,137.0,0.2,0.8,0.2
XGBoost,time,1,fixed,TopK_b20,20,0.2,0.02,51.6,0.2,0.8,0.2
XGBoost,time,1,fixed,TopK_b20,20,0.2,0.05,99.0,0.2,0.8,0.2
XGBoost,time,1,fixed,TopK_b20,20,0.2,0.1,178.0,0.2,0.8,0.2
XGBoost,time,1,fixed,TopK_b20,20,0.2,0.15,257.0,0.2,0.8,0.2
XGBoost,time,1,fixed,TopK_b20,50,0.2,0.02,99.6,0.2,0.8,0.2
XGBoost,time,1,fixed,TopK_b20,50,0.2,0.05,219.0,0.2,0.8,0.2
XGBoost,time,1,fixed,TopK_b20,50,0.2,0.1,418.0,0.2,0.8,0.2
XGBoost,time,1,fixed,TopK_b20,50,0.2,0.15,617.0,0.2,0.8,0.2
XGBoost,time,1,refitted,none,5,,0.02,10.0,0.0,1.0,0.0
XGBoost,time,1,refitted,none,5,,0.05,25.0,0.0,1.0,0.0
XGBoost,time,1,refitted,none,5,,0.1,50.0,0.0,1.0,0.0
XGBoost,time,1,refitted,none,5,,0.15,75.0,0.0,1.0,0.0
XGBoost,time,1,refitted,none,10,,0.02,20.0,0.0,1.0,0.0
XGBoost,time,1,refitted,none,10,,0.05,50.0,0.0,1.0,0.0
XGBoost,time,1,refitted,none,10,,0.1,100.0,0.0,1.0,0.0
XGBoost,time,1,refitted,none,10,,0.15,150.0,0.0,1.0,0.0
XGBoost,time,1,refitted,none,20,,0.02,40.0,0.0,1.0,0.0
XGBoost,time,1,refitted,none,20,,0.05,100.0,0.0,1.0,0.0
XGBoost,time,1,refitted,none,20,,0.1,200.0,0.0,1.0,0.0
XGBoost,time,1,refitted,none,20,,0.15,300.0,0.0,1.0,0.0
XGBoost,time,1,refitted,none,50,,0.02,100.0,0.0,1.0,0.0
XGBoost,time,1,refitted,none,50,,0.05,250.0,0.0,1.0,0.0
XGBoost,time,1,refitted,none,50,,0.1,500.0,0.0,1.0,0.0
XGBoost,time,1,refitted,none,50,,0.15,750.0,0.0,1.0,0.0
XGBoost,time,1,refitted,A_b01,5,0.01,0.02,16.01584158415841,0.06015841584158407,1.0,0.0613861386138613
XGBoost,time,1,refitted,A_b01,5,0.01,0.05,30.831683168316825,0.05831683168316824,1.0,0.0613861386138613
XGBoost,time,1,refitted,A_b01,5,0.01,0.1,55.52475247524752,0.05524752475247517,1.0,0.0613861386138613
XGBoost,time,1,refitted,A_b01,5,0.01,0.15,80.2178217821782,0.05217821782178211,1.0,0.0613861386138613
XGBoost,time,1,refitted,A_b01,10,0.01,0.02,26.015841584158405,0.06015841584158407,1.0,0.0613861386138613
XGBoost,time,1,refitted,A_b01,10,0.01,0.05,55.83168316831683,0.05831683168316824,1.0,0.0613861386138613
XGBoost,time,1,refitted,A_b01,10,0.01,0.1,105.52475247524751,0.05524752475247517,1.0,0.0613861386138613
XGBoost,time,1,refitted,A_b01,10,0.01,0.15,155.2178217821782,0.05217821782178211,1.0,0.0613861386138613
XGBoost,time,1,refitted,A_b01,20,0.01,0.02,46.01584158415841,0.06015841584158407,1.0,0.0613861386138613
XGBoost,time,1,refitted,A_b01,20,0.01,0.05,105.83168316831681,0.05831683168316824,1.0,0.0613861386138613
XGBoost,time,1,refitted,A_b01,20,0.01,0.1,205.52475247524754,0.05524752475247517,1.0,0.0613861386138613
XGBoost,time,1,refitted,A_b01,20,0.01,0.15,305.2178217821782,0.05217821782178211,1.0,0.0613861386138613
XGBoost,time,1,refitted,A_b01,50,0.01,0.02,106.0158415841584,0.06015841584158407,1.0,0.0613861386138613
XGBoost,time,1,refitted,A_b01,50,0.01,0.05,255.83168316831683,0.05831683168316824,1.0,0.0613861386138613
XGBoost,time,1,refitted,A_b01,50,0.01,0.1,505.5247524752475,0.05524752475247517,1.0,0.0613861386138613
XGBoost,time,1,refitted,A_b01,50,0.01,0.15,755.2178217821782,0.05217821782178211,1.0,0.0613861386138613
XGBoost,time,1,refitted,A_b05,5,0.05,0.02,20.091089108910882,0.10091089108910883,1.0,0.1029702970297029
XGBoost,time,1,refitted,A_b05,5,0.05,0.05,34.78217821782177,0.09782178217821774,1.0,0.1029702970297029
XGBoost,time,1,refitted,A_b05,5,0.05,0.1,59.26732673267326,0.0926732673267326,1.0,0.1029702970297029
XGBoost,time,1,refitted,A_b05,5,0.05,0.15,83.75247524752474,0.08752475247524746,1.0,0.1029702970297029
XGBoost,time,1,refitted,A_b05,10,0.05,0.02,30.091089108910886,0.10091089108910883,1.0,0.1029702970297029
XGBoost,time,1,refitted,A_b05,10,0.05,0.05,59.782178217821766,0.09782178217821774,1.0,0.1029702970297029
XGBoost,time,1,refitted,A_b05,10,0.05,0.1,109.26732673267325,0.0926732673267326,1.0,0.1029702970297029
XGBoost,time,1,refitted,A_b05,10,0.05,0.15,158.75247524752473,0.08752475247524746,1.0,0.1029702970297029
XGBoost,time,1,refitted,A_b05,20,0.05,0.02,50.09108910891089,0.10091089108910883,1.0,0.1029702970297029
XGBoost,time,1,refitted,A_b05,20,0.05,0.05,109.78217821782177,0.09782178217821774,1.0,0.1029702970297029
XGBoost,time,1,refitted,A_b05,20,0.05,0.1,209.26732673267327,0.0926732673267326,1.0,0.1029702970297029
XGBoost,time,1,refitted,A_b05,20,0.05,0.15,308.7524752475248,0.08752475247524746,1.0,0.1029702970297029
XGBoost,time,1,refitted,A_b05,50,0.05,0.02,110.09108910891088,0.10091089108910883,1.0,0.1029702970297029
XGBoost,time,1,refitted,A_b05,50,0.05,0.05,259.7821782178218,0.09782178217821774,1.0,0.1029702970297029
XGBoost,time,1,refitted,A_b05,50,0.05,0.1,509.26732673267327,0.0926732673267326,1.0,0.1029702970297029
XGBoost,time,1,refitted,A_b05,50,0.05,0.15,758.7524752475248,0.08752475247524746,1.0,0.1029702970297029
XGBoost,time,1,refitted,A_b10,5,0.1,0.02,22.77821782178218,0.1397821782178218,0.9,0.1405940594059406
XGBoost,time,1,refitted,A_b10,5,0.1,0.05,35.85643564356435,0.13856435643564358,0.9,0.1405940594059406
XGBoost,time,1,refitted,A_b10,5,0.1,0.1,57.65346534653466,0.13653465346534657,0.9,0.1405940594059406
XGBoost,time,1,refitted,A_b10,5,0.1,0.15,79.45049504950495,0.1345049504950495,0.9,0.1405940594059406
XGBoost,time,1,refitted,A_b10,10,0.1,0.02,31.778217821782185,0.1397821782178218,0.9,0.1405940594059406
XGBoost,time,1,refitted,A_b10,10,0.1,0.05,58.35643564356437,0.13856435643564358,0.9,0.1405940594059406
XGBoost,time,1,refitted,A_b10,10,0.1,0.1,102.65346534653466,0.13653465346534657,0.9,0.1405940594059406
XGBoost,time,1,refitted,A_b10,10,0.1,0.15,146.95049504950498,0.1345049504950495,0.9,0.1405940594059406
XGBoost,time,1,refitted,A_b10,20,0.1,0.02,49.778217821782185,0.1397821782178218,0.9,0.1405940594059406
XGBoost,time,1,refitted,A_b10,20,0.1,0.05,103.35643564356435,0.13856435643564358,0.9,0.1405940594059406
XGBoost,time,1,refitted,A_b10,20,0.1,0.1,192.65346534653466,0.13653465346534657,0.9,0.1405940594059406
XGBoost,time,1,refitted,A_b10,20,0.1,0.15,281.950495049505,0.1345049504950495,0.9,0.1405940594059406
XGBoost,time,1,refitted,A_b10,50,0.1,0.02,103.77821782178218,0.1397821782178218,0.9,0.1405940594059406
XGBoost,time,1,refitted,A_b10,50,0.1,0.05,238.35643564356434,0.13856435643564358,0.9,0.1405940594059406
XGBoost,time,1,refitted,A_b10,50,0.1,0.1,462.65346534653463,0.13653465346534657,0.9,0.1405940594059406
XGBoost,time,1,refitted,A_b10,50,0.1,0.15,686.950495049505,0.1345049504950495,0.9,0.1405940594059406
XGBoost,time,1,refitted,A_b20,5,0.2,0.02,33.3029702970297,0.305029702970297,0.4,0.299009900990099
XGBoost,time,1,refitted,A_b20,5,0.2,0.05,38.40594059405941,0.314059405940594,0.4,0.299009900990099
XGBoost,time,1,refitted,A_b20,5,0.2,0.1,46.910891089108915,0.3291089108910891,0.4,0.299009900990099
XGBoost,time,1,refitted,A_b20,5,0.2,0.15,55.41584158415842,0.34415841584158413,0.4,0.299009900990099
XGBoost,time,1,refitted,A_b20,10,0.2,0.02,37.3029702970297,0.305029702970297,0.4,0.299009900990099
XGBoost,time,1,refitted,A_b20,10,0.2,0.05,48.4059405940594,0.314059405940594,0.4,0.299009900990099
XGBoost,time,1,refitted,A_b20,10,0.2,0.1,66.91089108910892,0.3291089108910891,0.4,0.299009900990099
XGBoost,time,1,refitted,A_b20,10,0.2,0.15,85.41584158415843,0.34415841584158413,0.4,0.299009900990099
XGBoost,time,1,refitted,A_b20,20,0.2,0.02,45.3029702970297,0.305029702970297,0.4,0.299009900990099
XGBoost,time,1,refitted,A_b20,20,0.2,0.05,68.4059405940594,0.314059405940594,0.4,0.299009900990099
XGBoost,time,1,refitted,A_b20,20,0.2,0.1,106.91089108910892,0.3291089108910891,0.4,0.299009900990099
XGBoost,time,1,refitted,A_b20,20,0.2,0.15,145.41584158415844,0.34415841584158413,0.4,0.299009900990099
XGBoost,time,1,refitted,A_b20,50,0.2,0.02,69.3029702970297,0.305029702970297,0.4,0.299009900990099
XGBoost,time,1,refitted,A_b20,50,0.2,0.05,128.40594059405942,0.314059405940594,0.4,0.299009900990099
XGBoost,time,1,refitted,A_b20,50,0.2,0.1,226.9108910891089,0.3291089108910891,0.4,0.299009900990099
XGBoost,time,1,refitted,A_b20,50,0.2,0.15,325.41584158415844,0.34415841584158413,0.4,0.299009900990099
XGBoost,time,1,refitted,B_r05,5,,0.02,10.0,0.0,1.0,0.0
XGBoost,time,1,refitted,B_r05,5,,0.05,25.0,0.0,1.0,0.0
XGBoost,time,1,refitted,B_r05,5,,0.1,50.0,0.0,1.0,0.0
XGBoost,time,1,refitted,B_r05,5,,0.15,75.0,0.0,1.0,0.0
XGBoost,time,1,refitted,B_r10,10,,0.02,20.0,0.0,1.0,0.0
XGBoost,time,1,refitted,B_r10,10,,0.05,50.0,0.0,1.0,0.0
XGBoost,time,1,refitted,B_r10,10,,0.1,100.0,0.0,1.0,0.0
XGBoost,time,1,refitted,B_r10,10,,0.15,150.0,0.0,1.0,0.0
XGBoost,time,1,refitted,B_r20,20,,0.02,40.0,0.0,1.0,0.0
XGBoost,time,1,refitted,B_r20,20,,0.05,100.0,0.0,1.0,0.0
XGBoost,time,1,refitted,B_r20,20,,0.1,200.0,0.0,1.0,0.0
XGBoost,time,1,refitted,B_r20,20,,0.15,300.0,0.0,1.0,0.0
XGBoost,time,1,refitted,B_r50,50,,0.02,100.0,0.0,1.0,0.0
XGBoost,time,1,refitted,B_r50,50,,0.05,250.0,0.0,1.0,0.0
XGBoost,time,1,refitted,B_r50,50,,0.1,500.0,0.0,1.0,0.0
XGBoost,time,1,refitted,B_r50,50,,0.15,750.0,0.0,1.0,0.0
XGBoost,time,1,refitted,C_b01_r05,5,0.01,0.02,10.0,0.0,1.0,0.0
XGBoost,time,1,refitted,C_b01_r05,5,0.01,0.05,25.0,0.0,1.0,0.0
XGBoost,time,1,refitted,C_b01_r05,5,0.01,0.1,50.0,0.0,1.0,0.0
XGBoost,time,1,refitted,C_b01_r05,5,0.01,0.15,75.0,0.0,1.0,0.0
XGBoost,time,1,refitted,C_b01_r10,10,0.01,0.02,20.0,0.0,1.0,0.0
XGBoost,time,1,refitted,C_b01_r10,10,0.01,0.05,50.0,0.0,1.0,0.0
XGBoost,time,1,refitted,C_b01_r10,10,0.01,0.1,100.0,0.0,1.0,0.0
XGBoost,time,1,refitted,C_b01_r10,10,0.01,0.15,150.0,0.0,1.0,0.0
XGBoost,time,1,refitted,C_b01_r20,20,0.01,0.02,40.0,0.0,1.0,0.0
XGBoost,time,1,refitted,C_b01_r20,20,0.01,0.05,100.0,0.0,1.0,0.0
XGBoost,time,1,refitted,C_b01_r20,20,0.01,0.1,200.0,0.0,1.0,0.0
XGBoost,time,1,refitted,C_b01_r20,20,0.01,0.15,300.0,0.0,1.0,0.0
XGBoost,time,1,refitted,C_b01_r50,50,0.01,0.02,100.0,0.0,1.0,0.0
XGBoost,time,1,refitted,C_b01_r50,50,0.01,0.05,250.0,0.0,1.0,0.0
XGBoost,time,1,refitted,C_b01_r50,50,0.01,0.1,500.0,0.0,1.0,0.0
XGBoost,time,1,refitted,C_b01_r50,50,0.01,0.15,750.0,0.0,1.0,0.0
XGBoost,time,1,refitted,C_b05_r05,5,0.05,0.02,10.0,0.0,1.0,0.0
XGBoost,time,1,refitted,C_b05_r05,5,0.05,0.05,25.0,0.0,1.0,0.0
XGBoost,time,1,refitted,C_b05_r05,5,0.05,0.1,50.0,0.0,1.0,0.0
XGBoost,time,1,refitted,C_b05_r05,5,0.05,0.15,75.0,0.0,1.0,0.0
XGBoost,time,1,refitted,C_b05_r10,10,0.05,0.02,20.0,0.0,1.0,0.0
XGBoost,time,1,refitted,C_b05_r10,10,0.05,0.05,50.0,0.0,1.0,0.0
XGBoost,time,1,refitted,C_b05_r10,10,0.05,0.1,100.0,0.0,1.0,0.0
XGBoost,time,1,refitted,C_b05_r10,10,0.05,0.15,150.0,0.0,1.0,0.0
XGBoost,time,1,refitted,C_b05_r20,20,0.05,0.02,40.0,0.0,1.0,0.0
XGBoost,time,1,refitted,C_b05_r20,20,0.05,0.05,100.0,0.0,1.0,0.0
XGBoost,time,1,refitted,C_b05_r20,20,0.05,0.1,200.0,0.0,1.0,0.0
XGBoost,time,1,refitted,C_b05_r20,20,0.05,0.15,300.0,0.0,1.0,0.0
XGBoost,time,1,refitted,C_b05_r50,50,0.05,0.02,100.0,0.0,1.0,0.0
XGBoost,time,1,refitted,C_b05_r50,50,0.05,0.05,250.0,0.0,1.0,0.0
XGBoost,time,1,refitted,C_b05_r50,50,0.05,0.1,500.0,0.0,1.0,0.0
XGBoost,time,1,refitted,C_b05_r50,50,0.05,0.15,750.0,0.0,1.0,0.0
XGBoost,time,1,refitted,C_b10_r05,5,0.1,0.02,10.0,0.0,1.0,0.0
XGBoost,time,1,refitted,C_b10_r05,5,0.1,0.05,25.0,0.0,1.0,0.0
XGBoost,time,1,refitted,C_b10_r05,5,0.1,0.1,50.0,0.0,1.0,0.0
XGBoost,time,1,refitted,C_b10_r05,5,0.1,0.15,75.0,0.0,1.0,0.0
XGBoost,time,1,refitted,C_b10_r10,10,0.1,0.02,20.0,0.0,1.0,0.0
XGBoost,time,1,refitted,C_b10_r10,10,0.1,0.05,50.0,0.0,1.0,0.0
XGBoost,time,1,refitted,C_b10_r10,10,0.1,0.1,100.0,0.0,1.0,0.0
XGBoost,time,1,refitted,C_b10_r10,10,0.1,0.15,150.0,0.0,1.0,0.0
XGBoost,time,1,refitted,C_b10_r20,20,0.1,0.02,40.0,0.0,1.0,0.0
XGBoost,time,1,refitted,C_b10_r20,20,0.1,0.05,100.0,0.0,1.0,0.0
XGBoost,time,1,refitted,C_b10_r20,20,0.1,0.1,200.0,0.0,1.0,0.0
XGBoost,time,1,refitted,C_b10_r20,20,0.1,0.15,300.0,0.0,1.0,0.0
XGBoost,time,1,refitted,C_b10_r50,50,0.1,0.02,100.0,0.0,1.0,0.0
XGBoost,time,1,refitted,C_b10_r50,50,0.1,0.05,250.0,0.0,1.0,0.0
XGBoost,time,1,refitted,C_b10_r50,50,0.1,0.1,500.0,0.0,1.0,0.0
XGBoost,time,1,refitted,C_b10_r50,50,0.1,0.15,750.0,0.0,1.0,0.0
XGBoost,time,1,refitted,C_b20_r05,5,0.2,0.02,10.0,0.0,1.0,0.0
XGBoost,time,1,refitted,C_b20_r05,5,0.2,0.05,25.0,0.0,1.0,0.0
XGBoost,time,1,refitted,C_b20_r05,5,0.2,0.1,50.0,0.0,1.0,0.0
XGBoost,time,1,refitted,C_b20_r05,5,0.2,0.15,75.0,0.0,1.0,0.0
XGBoost,time,1,refitted,C_b20_r10,10,0.2,0.02,20.0,0.0,1.0,0.0
XGBoost,time,1,refitted,C_b20_r10,10,0.2,0.05,50.0,0.0,1.0,0.0
XGBoost,time,1,refitted,C_b20_r10,10,0.2,0.1,100.0,0.0,1.0,0.0
XGBoost,time,1,refitted,C_b20_r10,10,0.2,0.15,150.0,0.0,1.0,0.0
XGBoost,time,1,refitted,C_b20_r20,20,0.2,0.02,40.0,0.0,1.0,0.0
XGBoost,time,1,refitted,C_b20_r20,20,0.2,0.05,100.0,0.0,1.0,0.0
XGBoost,time,1,refitted,C_b20_r20,20,0.2,0.1,200.0,0.0,1.0,0.0
XGBoost,time,1,refitted,C_b20_r20,20,0.2,0.15,300.0,0.0,1.0,0.0
XGBoost,time,1,refitted,C_b20_r50,50,0.2,0.02,100.0,0.0,1.0,0.0
XGBoost,time,1,refitted,C_b20_r50,50,0.2,0.05,250.0,0.0,1.0,0.0
XGBoost,time,1,refitted,C_b20_r50,50,0.2,0.1,500.0,0.0,1.0,0.0
XGBoost,time,1,refitted,C_b20_r50,50,0.2,0.15,750.0,0.0,1.0,0.0
XGBoost,time,1,refitted,TopK_b01,5,0.01,0.02,10.970297029702971,0.009702970297029701,1.0,0.0099009900990099
XGBoost,time,1,refitted,TopK_b01,5,0.01,0.05,25.940594059405942,0.009405940594059404,1.0,0.0099009900990099
XGBoost,time,1,refitted,TopK_b01,5,0.01,0.1,50.89108910891089,0.00891089108910891,1.0,0.0099009900990099
XGBoost,time,1,refitted,TopK_b01,5,0.01,0.15,75.84158415841584,0.008415841584158415,1.0,0.0099009900990099
XGBoost,time,1,refitted,TopK_b01,10,0.01,0.02,20.970297029702973,0.009702970297029701,1.0,0.0099009900990099
XGBoost,time,1,refitted,TopK_b01,10,0.01,0.05,50.94059405940594,0.009405940594059404,1.0,0.0099009900990099
XGBoost,time,1,refitted,TopK_b01,10,0.01,0.1,100.89108910891089,0.00891089108910891,1.0,0.0099009900990099
XGBoost,time,1,refitted,TopK_b01,10,0.01,0.15,150.84158415841586,0.008415841584158415,1.0,0.0099009900990099
XGBoost,time,1,refitted,TopK_b01,20,0.01,0.02,40.97029702970298,0.009702970297029701,1.0,0.0099009900990099
XGBoost,time,1,refitted,TopK_b01,20,0.01,0.05,100.94059405940594,0.009405940594059404,1.0,0.0099009900990099
XGBoost,time,1,refitted,TopK_b01,20,0.01,0.1,200.8910891089109,0.00891089108910891,1.0,0.0099009900990099
XGBoost,time,1,refitted,TopK_b01,20,0.01,0.15,300.8415841584158,0.008415841584158415,1.0,0.0099009900990099
XGBoost,time,1,refitted,TopK_b01,50,0.01,0.02,100.97029702970298,0.009702970297029701,1.0,0.0099009900990099
XGBoost,time,1,refitted,TopK_b01,50,0.01,0.05,250.94059405940592,0.009405940594059404,1.0,0.0099009900990099
XGBoost,time,1,refitted,TopK_b01,50,0.01,0.1,500.8910891089108,0.00891089108910891,1.0,0.0099009900990099
XGBoost,time,1,refitted,TopK_b01,50,0.01,0.15,750.8415841584158,0.008415841584158415,1.0,0.0099009900990099
XGBoost,time,1,refitted,TopK_b05,5,0.05,0.02,14.657425742574254,0.046574257425742546,1.0,0.0475247524752475
XGBoost,time,1,refitted,TopK_b05,5,0.05,0.05,29.51485148514851,0.04514851485148512,1.0,0.0475247524752475
XGBoost,time,1,refitted,TopK_b05,5,0.05,0.1,54.27722772277227,0.04277227722772275,1.0,0.0475247524752475
XGBoost,time,1,refitted,TopK_b05,5,0.05,0.15,79.03960396039604,0.04039603960396037,1.0,0.0475247524752475
XGBoost,time,1,refitted,TopK_b05,10,0.05,0.02,24.657425742574258,0.046574257425742546,1.0,0.0475247524752475
XGBoost,time,1,refitted,TopK_b05,10,0.05,0.05,54.514851485148505,0.04514851485148512,1.0,0.0475247524752475
XGBoost,time,1,refitted,TopK_b05,10,0.05,0.1,104.27722772277228,0.04277227722772275,1.0,0.0475247524752475
XGBoost,time,1,refitted,TopK_b05,10,0.05,0.15,154.03960396039605,0.04039603960396037,1.0,0.0475247524752475
XGBoost,time,1,refitted,TopK_b05,20,0.05,0.02,44.65742574257426,0.046574257425742546,1.0,0.0475247524752475
XGBoost,time,1,refitted,TopK_b05,20,0.05,0.05,104.51485148514851,0.04514851485148512,1.0,0.0475247524752475
XGBoost,time,1,refitted,TopK_b05,20,0.05,0.1,204.2772277227723,0.04277227722772275,1.0,0.0475247524752475
XGBoost,time,1,refitted,TopK_b05,20,0.05,0.15,304.03960396039605,0.04039603960396037,1.0,0.0475247524752475
XGBoost,time,1,refitted,TopK_b05,50,0.05,0.02,104.65742574257426,0.046574257425742546,1.0,0.0475247524752475
XGBoost,time,1,refitted,TopK_b05,50,0.05,0.05,254.5148514851485,0.04514851485148512,1.0,0.0475247524752475
XGBoost,time,1,refitted,TopK_b05,50,0.05,0.1,504.2772277227723,0.04277227722772275,1.0,0.0475247524752475
XGBoost,time,1,refitted,TopK_b05,50,0.05,0.15,754.039603960396,0.04039603960396037,1.0,0.0475247524752475
XGBoost,time,1,refitted,TopK_b10,5,0.1,0.02,19.897029702970297,0.09897029702970297,1.0,0.100990099009901
XGBoost,time,1,refitted,TopK_b10,5,0.1,0.05,34.59405940594059,0.09594059405940594,1.0,0.100990099009901
XGBoost,time,1,refitted,TopK_b10,5,0.1,0.1,59.089108910891085,0.0908910891089109,1.0,0.100990099009901
XGBoost,time,1,refitted,TopK_b10,5,0.1,0.15,83.58415841584159,0.08584158415841585,1.0,0.100990099009901
XGBoost,time,1,refitted,TopK_b10,10,0.1,0.02,29.8970297029703,0.09897029702970297,1.0,0.100990099009901
XGBoost,time,1,refitted,TopK_b10,10,0.1,0.05,59.59405940594059,0.09594059405940594,1.0,0.100990099009901
XGBoost,time,1,refitted,TopK_b10,10,0.1,0.1,109.0891089108911,0.0908910891089109,1.0,0.100990099009901
XGBoost,time,1,refitted,TopK_b10,10,0.1,0.15,158.58415841584159,0.08584158415841585,1.0,0.100990099009901
XGBoost,time,1,refitted,TopK_b10,20,0.1,0.02,49.8970297029703,0.09897029702970297,1.0,0.100990099009901
XGBoost,time,1,refitted,TopK_b10,20,0.1,0.05,109.5940594059406,0.09594059405940594,1.0,0.100990099009901
XGBoost,time,1,refitted,TopK_b10,20,0.1,0.1,209.0891089108911,0.0908910891089109,1.0,0.100990099009901
XGBoost,time,1,refitted,TopK_b10,20,0.1,0.15,308.58415841584156,0.08584158415841585,1.0,0.100990099009901
XGBoost,time,1,refitted,TopK_b10,50,0.1,0.02,109.8970297029703,0.09897029702970297,1.0,0.100990099009901
XGBoost,time,1,refitted,TopK_b10,50,0.1,0.05,259.5940594059406,0.09594059405940594,1.0,0.100990099009901
XGBoost,time,1,refitted,TopK_b10,50,0.1,0.1,509.08910891089107,0.0908910891089109,1.0,0.100990099009901
XGBoost,time,1,refitted,TopK_b10,50,0.1,0.15,758.5841584158416,0.08584158415841585,1.0,0.100990099009901
XGBoost,time,1,refitted,TopK_b20,5,0.2,0.02,27.6,0.2,0.8,0.2
XGBoost,time,1,refitted,TopK_b20,5,0.2,0.05,39.0,0.2,0.8,0.2
XGBoost,time,1,refitted,TopK_b20,5,0.2,0.1,58.00000000000001,0.2,0.8,0.2
XGBoost,time,1,refitted,TopK_b20,5,0.2,0.15,77.00000000000001,0.2,0.8,0.2
XGBoost,time,1,refitted,TopK_b20,10,0.2,0.02,35.6,0.2,0.8,0.2
XGBoost,time,1,refitted,TopK_b20,10,0.2,0.05,59.00000000000001,0.2,0.8,0.2
XGBoost,time,1,refitted,TopK_b20,10,0.2,0.1,98.00000000000001,0.2,0.8,0.2
XGBoost,time,1,refitted,TopK_b20,10,0.2,0.15,137.0,0.2,0.8,0.2
XGBoost,time,1,refitted,TopK_b20,20,0.2,0.02,51.6,0.2,0.8,0.2
XGBoost,time,1,refitted,TopK_b20,20,0.2,0.05,99.0,0.2,0.8,0.2
XGBoost,time,1,refitted,TopK_b20,20,0.2,0.1,178.0,0.2,0.8,0.2
XGBoost,time,1,refitted,TopK_b20,20,0.2,0.15,257.0,0.2,0.8,0.2
XGBoost,time,1,refitted,TopK_b20,50,0.2,0.02,99.6,0.2,0.8,0.2
XGBoost,time,1,refitted,TopK_b20,50,0.2,0.05,219.0,0.2,0.8,0.2
XGBoost,time,1,refitted,TopK_b20,50,0.2,0.1,418.0,0.2,0.8,0.2
XGBoost,time,1,refitted,TopK_b20,50,0.2,0.15,617.0,0.2,0.8,0.2
XGBoost,time,2,fixed,none,5,,0.02,10.0,0.0,1.0,0.0
XGBoost,time,2,fixed,none,5,,0.05,25.0,0.0,1.0,0.0
XGBoost,time,2,fixed,none,5,,0.1,50.0,0.0,1.0,0.0
XGBoost,time,2,fixed,none,5,,0.15,75.0,0.0,1.0,0.0
XGBoost,time,2,fixed,none,10,,0.02,20.0,0.0,1.0,0.0
XGBoost,time,2,fixed,none,10,,0.05,50.0,0.0,1.0,0.0
XGBoost,time,2,fixed,none,10,,0.1,100.0,0.0,1.0,0.0
XGBoost,time,2,fixed,none,10,,0.15,150.0,0.0,1.0,0.0
XGBoost,time,2,fixed,none,20,,0.02,40.0,0.0,1.0,0.0
XGBoost,time,2,fixed,none,20,,0.05,100.0,0.0,1.0,0.0
XGBoost,time,2,fixed,none,20,,0.1,200.0,0.0,1.0,0.0
XGBoost,time,2,fixed,none,20,,0.15,300.0,0.0,1.0,0.0
XGBoost,time,2,fixed,none,50,,0.02,100.0,0.0,1.0,0.0
XGBoost,time,2,fixed,none,50,,0.05,250.0,0.0,1.0,0.0
XGBoost,time,2,fixed,none,50,,0.1,500.0,0.0,1.0,0.0
XGBoost,time,2,fixed,none,50,,0.15,750.0,0.0,1.0,0.0
XGBoost,time,2,fixed,A_b01,5,0.01,0.02,11.593495934959348,0.01593495934959348,1.0,0.016260162601626
XGBoost,time,2,fixed,A_b01,5,0.01,0.05,26.54471544715447,0.0154471544715447,1.0,0.016260162601626
XGBoost,time,2,fixed,A_b01,5,0.01,0.1,51.463414634146346,0.014634146341463402,1.0,0.016260162601626
XGBoost,time,2,fixed,A_b01,5,0.01,0.15,76.3821138211382,0.0138211382113821,1.0,0.016260162601626
XGBoost,time,2,fixed,A_b01,10,0.01,0.02,21.59349593495935,0.01593495934959348,1.0,0.016260162601626
XGBoost,time,2,fixed,A_b01,10,0.01,0.05,51.544715447154466,0.0154471544715447,1.0,0.016260162601626
XGBoost,time,2,fixed,A_b01,10,0.01,0.1,101.46341463414635,0.014634146341463402,1.0,0.016260162601626
XGBoost,time,2,fixed,A_b01,10,0.01,0.15,151.38211382113823,0.0138211382113821,1.0,0.016260162601626
XGBoost,time,2,fixed,A_b01,20,0.01,0.02,41.59349593495935,0.01593495934959348,1.0,0.016260162601626
XGBoost,time,2,fixed,A_b01,20,0.01,0.05,101.54471544715446,0.0154471544715447,1.0,0.016260162601626
XGBoost,time,2,fixed,A_b01,20,0.01,0.1,201.46341463414635,0.014634146341463402,1.0,0.016260162601626
XGBoost,time,2,fixed,A_b01,20,0.01,0.15,301.3821138211382,0.0138211382113821,1.0,0.016260162601626
XGBoost,time,2,fixed,A_b01,50,0.01,0.02,101.59349593495935,0.01593495934959348,1.0,0.016260162601626
XGBoost,time,2,fixed,A_b01,50,0.01,0.05,251.5447154471545,0.0154471544715447,1.0,0.016260162601626
XGBoost,time,2,fixed,A_b01,50,0.01,0.1,501.4634146341463,0.014634146341463402,1.0,0.016260162601626
XGBoost,time,2,fixed,A_b01,50,0.01,0.15,751.3821138211382,0.0138211382113821,1.0,0.016260162601626
XGBoost,time,2,fixed,A_b05,5,0.05,0.02,17.26016260162601,0.1026016260162601,0.75,0.0995934959349593
XGBoost,time,2,fixed,A_b05,5,0.05,0.05,28.21138211382113,0.10711382113821133,0.75,0.0995934959349593
XGBoost,time,2,fixed,A_b05,5,0.05,0.1,46.46341463414634,0.11463414634146338,0.75,0.0995934959349593
XGBoost,time,2,fixed,A_b05,5,0.05,0.15,64.71544715447153,0.1221544715447154,0.75,0.0995934959349593
XGBoost,time,2,fixed,A_b05,10,0.05,0.02,24.760162601626014,0.1026016260162601,0.75,0.0995934959349593
XGBoost,time,2,fixed,A_b05,10,0.05,0.05,46.96138211382113,0.10711382113821133,0.75,0.0995934959349593
XGBoost,time,2,fixed,A_b05,10,0.05,0.1,83.96341463414633,0.11463414634146338,0.75,0.0995934959349593
XGBoost,time,2,fixed,A_b05,10,0.05,0.15,120.96544715447153,0.1221544715447154,0.75,0.0995934959349593
XGBoost,time,2,fixed,A_b05,20,0.05,0.02,39.760162601626014,0.1026016260162601,0.75,0.0995934959349593
XGBoost,time,2,fixed,A_b05,20,0.05,0.05,84.46138211382113,0.10711382113821133,0.75,0.0995934959349593
XGBoost,time,2,fixed,A_b05,20,0.05,0.1,158.96341463414635,0.11463414634146338,0.75,0.0995934959349593
XGBoost,time,2,fixed,A_b05,20,0.05,0.15,233.46544715447152,0.1221544715447154,0.75,0.0995934959349593
XGBoost,time,2,fixed,A_b05,50,0.05,0.02,84.760162601626,0.1026016260162601,0.75,0.0995934959349593
XGBoost,time,2,fixed,A_b05,50,0.05,0.05,196.96138211382112,0.10711382113821133,0.75,0.0995934959349593
XGBoost,time,2,fixed,A_b05,50,0.05,0.1,383.9634146341463,0.11463414634146338,0.75,0.0995934959349593
XGBoost,time,2,fixed,A_b05,50,0.05,0.15,570.9654471544716,0.1221544715447154,0.75,0.0995934959349593
XGBoost,time,2,fixed,A_b10,5,0.1,0.02,19.83130081300813,0.13331300813008126,0.7083333333333334,0.1300813008130081
XGBoost,time,2,fixed,A_b10,5,0.1,0.05,30.0660569105691,0.138160569105691,0.7083333333333334,0.1300813008130081
XGBoost,time,2,fixed,A_b10,5,0.1,0.1,47.12398373983739,0.14623983739837396,0.7083333333333334,0.1300813008130081
XGBoost,time,2,fixed,A_b10,5,0.1,0.15,64.18191056910568,0.15431910569105686,0.7083333333333334,0.1300813008130081
XGBoost,time,2,fixed,A_b10,10,0.1,0.02,26.914634146341466,0.13331300813008126,0.7083333333333334,0.1300813008130081
XGBoost,time,2,fixed,A_b10,10,0.1,0.05,47.77439024390244,0.138160569105691,0.7083333333333334,0.1300813008130081
XGBoost,time,2,fixed,A_b10,10,0.1,0.1,82.54065040650407,0.14623983739837396,0.7083333333333334,0.1300813008130081
XGBoost,time,2,fixed,A_b10,10,0.1,0.15,117.3069105691057,0.15431910569105686,0.7083333333333334,0.1300813008130081
XGBoost,time,2,fixed,A_b10,20,0.1,0.02,41.081300813008134,0.13331300813008126,0.7083333333333334,0.1300813008130081
XGBoost,time,2,fixed,A_b10,20,0.1,0.05,83.1910569105691,0.138160569105691,0.7083333333333334,0.1300813008130081
XGBoost,time,2,fixed,A_b10,20,0.1,0.1,153.3739837398374,0.14623983739837396,0.7083333333333334,0.1300813008130081
XGBoost,time,2,fixed,A_b10,20,0.1,0.15,223.55691056910567,0.15431910569105686,0.7083333333333334,0.1300813008130081
XGBoost,time,2,fixed,A_b10,50,0.1,0.02,83.58130081300813,0.13331300813008126,0.7083333333333334,0.1300813008130081
XGBoost,time,2,fixed,A_b10,50,0.1,0.05,189.4410569105691,0.138160569105691,0.7083333333333334,0.1300813008130081
XGBoost,time,2,fixed,A_b10,50,0.1,0.1,365.87398373983746,0.14623983739837396,0.7083333333333334,0.1300813008130081
XGBoost,time,2,fixed,A_b10,50,0.1,0.15,542.3069105691056,0.15431910569105686,0.7083333333333334,0.1300813008130081
XGBoost,time,2,fixed,A_b20,5,0.2,0.02,37.703252032520325,0.32703252032520325,0.5833333333333334,0.3252032520325203
XGBoost,time,2,fixed,A_b20,5,0.2,0.05,45.477642276422756,0.3297764227642276,0.5833333333333334,0.3252032520325203
XGBoost,time,2,fixed,A_b20,5,0.2,0.1,58.4349593495935,0.33434959349593496,0.5833333333333334,0.3252032520325203
XGBoost,time,2,fixed,A_b20,5,0.2,0.15,71.39227642276423,0.3389227642276423,0.5833333333333334,0.3252032520325203
XGBoost,time,2,fixed,A_b20,10,0.2,0.02,43.53658536585366,0.32703252032520325,0.5833333333333334,0.3252032520325203
XGBoost,time,2,fixed,A_b20,10,0.2,0.05,60.0609756097561,0.3297764227642276,0.5833333333333334,0.3252032520325203
XGBoost,time,2,fixed,A_b20,10,0.2,0.1,87.60162601626016,0.33434959349593496,0.5833333333333334,0.3252032520325203
XGBoost,time,2,fixed,A_b20,10,0.2,0.15,115.14227642276423,0.3389227642276423,0.5833333333333334,0.3252032520325203
XGBoost,time,2,fixed,A_b20,20,0.2,0.02,55.203252032520325,0.32703252032520325,0.5833333333333334,0.3252032520325203
XGBoost,time,2,fixed,A_b20,20,0.2,0.05,89.22764227642277,0.3297764227642276,0.5833333333333334,0.3252032520325203
XGBoost,time,2,fixed,A_b20,20,0.2,0.1,145.9349593495935,0.33434959349593496,0.5833333333333334,0.3252032520325203
XGBoost,time,2,fixed,A_b20,20,0.2,0.15,202.6422764227642,0.3389227642276423,0.5833333333333334,0.3252032520325203
XGBoost,time,2,fixed,A_b20,50,0.2,0.02,90.20325203252033,0.32703252032520325,0.5833333333333334,0.3252032520325203
XGBoost,time,2,fixed,A_b20,50,0.2,0.05,176.72764227642276,0.3297764227642276,0.5833333333333334,0.3252032520325203
XGBoost,time,2,fixed,A_b20,50,0.2,0.1,320.9349593495935,0.33434959349593496,0.5833333333333334,0.3252032520325203
XGBoost,time,2,fixed,A_b20,50,0.2,0.15,465.1422764227642,0.3389227642276423,0.5833333333333334,0.3252032520325203
XGBoost,time,2,fixed,B_r05,5,,0.02,10.0,0.0,1.0,0.0
XGBoost,time,2,fixed,B_r05,5,,0.05,25.0,0.0,1.0,0.0
XGBoost,time,2,fixed,B_r05,5,,0.1,50.0,0.0,1.0,0.0
XGBoost,time,2,fixed,B_r05,5,,0.15,75.0,0.0,1.0,0.0
XGBoost,time,2,fixed,B_r10,10,,0.02,20.0,0.0,1.0,0.0
XGBoost,time,2,fixed,B_r10,10,,0.05,50.0,0.0,1.0,0.0
XGBoost,time,2,fixed,B_r10,10,,0.1,100.0,0.0,1.0,0.0
XGBoost,time,2,fixed,B_r10,10,,0.15,150.0,0.0,1.0,0.0
XGBoost,time,2,fixed,B_r20,20,,0.02,40.0,0.0,1.0,0.0
XGBoost,time,2,fixed,B_r20,20,,0.05,100.0,0.0,1.0,0.0
XGBoost,time,2,fixed,B_r20,20,,0.1,200.0,0.0,1.0,0.0
XGBoost,time,2,fixed,B_r20,20,,0.15,300.0,0.0,1.0,0.0
XGBoost,time,2,fixed,B_r50,50,,0.02,88.27642276422763,0.47776422764227633,0.4166666666666667,0.4756097560975609
XGBoost,time,2,fixed,B_r50,50,,0.05,149.34959349593495,0.4809959349593495,0.4166666666666667,0.4756097560975609
XGBoost,time,2,fixed,B_r50,50,,0.1,251.13821138211387,0.48638211382113816,0.4166666666666667,0.4756097560975609
XGBoost,time,2,fixed,B_r50,50,,0.15,352.9268292682927,0.4917682926829267,0.4166666666666667,0.4756097560975609
XGBoost,time,2,fixed,C_b01_r05,5,0.01,0.02,10.0,0.0,1.0,0.0
XGBoost,time,2,fixed,C_b01_r05,5,0.01,0.05,25.0,0.0,1.0,0.0
XGBoost,time,2,fixed,C_b01_r05,5,0.01,0.1,50.0,0.0,1.0,0.0
XGBoost,time,2,fixed,C_b01_r05,5,0.01,0.15,75.0,0.0,1.0,0.0
XGBoost,time,2,fixed,C_b01_r10,10,0.01,0.02,20.0,0.0,1.0,0.0
XGBoost,time,2,fixed,C_b01_r10,10,0.01,0.05,50.0,0.0,1.0,0.0
XGBoost,time,2,fixed,C_b01_r10,10,0.01,0.1,100.0,0.0,1.0,0.0
XGBoost,time,2,fixed,C_b01_r10,10,0.01,0.15,150.0,0.0,1.0,0.0
XGBoost,time,2,fixed,C_b01_r20,20,0.01,0.02,40.0,0.0,1.0,0.0
XGBoost,time,2,fixed,C_b01_r20,20,0.01,0.05,100.0,0.0,1.0,0.0
XGBoost,time,2,fixed,C_b01_r20,20,0.01,0.1,200.0,0.0,1.0,0.0
XGBoost,time,2,fixed,C_b01_r20,20,0.01,0.15,300.0,0.0,1.0,0.0
XGBoost,time,2,fixed,C_b01_r50,50,0.01,0.02,100.0,0.0,1.0,0.0
XGBoost,time,2,fixed,C_b01_r50,50,0.01,0.05,250.0,0.0,1.0,0.0
XGBoost,time,2,fixed,C_b01_r50,50,0.01,0.1,500.0,0.0,1.0,0.0
XGBoost,time,2,fixed,C_b01_r50,50,0.01,0.15,750.0,0.0,1.0,0.0
XGBoost,time,2,fixed,C_b05_r05,5,0.05,0.02,10.0,0.0,1.0,0.0
XGBoost,time,2,fixed,C_b05_r05,5,0.05,0.05,25.0,0.0,1.0,0.0
XGBoost,time,2,fixed,C_b05_r05,5,0.05,0.1,50.0,0.0,1.0,0.0
XGBoost,time,2,fixed,C_b05_r05,5,0.05,0.15,75.0,0.0,1.0,0.0
XGBoost,time,2,fixed,C_b05_r10,10,0.05,0.02,20.0,0.0,1.0,0.0
XGBoost,time,2,fixed,C_b05_r10,10,0.05,0.05,50.0,0.0,1.0,0.0
XGBoost,time,2,fixed,C_b05_r10,10,0.05,0.1,100.0,0.0,1.0,0.0
XGBoost,time,2,fixed,C_b05_r10,10,0.05,0.15,150.0,0.0,1.0,0.0
XGBoost,time,2,fixed,C_b05_r20,20,0.05,0.02,40.0,0.0,1.0,0.0
XGBoost,time,2,fixed,C_b05_r20,20,0.05,0.05,100.0,0.0,1.0,0.0
XGBoost,time,2,fixed,C_b05_r20,20,0.05,0.1,200.0,0.0,1.0,0.0
XGBoost,time,2,fixed,C_b05_r20,20,0.05,0.15,300.0,0.0,1.0,0.0
XGBoost,time,2,fixed,C_b05_r50,50,0.05,0.02,100.0,0.0,1.0,0.0
XGBoost,time,2,fixed,C_b05_r50,50,0.05,0.05,250.0,0.0,1.0,0.0
XGBoost,time,2,fixed,C_b05_r50,50,0.05,0.1,500.0,0.0,1.0,0.0
XGBoost,time,2,fixed,C_b05_r50,50,0.05,0.15,750.0,0.0,1.0,0.0
XGBoost,time,2,fixed,C_b10_r05,5,0.1,0.02,10.0,0.0,1.0,0.0
XGBoost,time,2,fixed,C_b10_r05,5,0.1,0.05,25.0,0.0,1.0,0.0
XGBoost,time,2,fixed,C_b10_r05,5,0.1,0.1,50.0,0.0,1.0,0.0
XGBoost,time,2,fixed,C_b10_r05,5,0.1,0.15,75.0,0.0,1.0,0.0
XGBoost,time,2,fixed,C_b10_r10,10,0.1,0.02,20.0,0.0,1.0,0.0
XGBoost,time,2,fixed,C_b10_r10,10,0.1,0.05,50.0,0.0,1.0,0.0
XGBoost,time,2,fixed,C_b10_r10,10,0.1,0.1,100.0,0.0,1.0,0.0
XGBoost,time,2,fixed,C_b10_r10,10,0.1,0.15,150.0,0.0,1.0,0.0
XGBoost,time,2,fixed,C_b10_r20,20,0.1,0.02,40.0,0.0,1.0,0.0
XGBoost,time,2,fixed,C_b10_r20,20,0.1,0.05,100.0,0.0,1.0,0.0
XGBoost,time,2,fixed,C_b10_r20,20,0.1,0.1,200.0,0.0,1.0,0.0
XGBoost,time,2,fixed,C_b10_r20,20,0.1,0.15,300.0,0.0,1.0,0.0
XGBoost,time,2,fixed,C_b10_r50,50,0.1,0.02,100.0,0.0,1.0,0.0
XGBoost,time,2,fixed,C_b10_r50,50,0.1,0.05,250.0,0.0,1.0,0.0
XGBoost,time,2,fixed,C_b10_r50,50,0.1,0.1,500.0,0.0,1.0,0.0
XGBoost,time,2,fixed,C_b10_r50,50,0.1,0.15,750.0,0.0,1.0,0.0
XGBoost,time,2,fixed,C_b20_r05,5,0.2,0.02,10.0,0.0,1.0,0.0
XGBoost,time,2,fixed,C_b20_r05,5,0.2,0.05,25.0,0.0,1.0,0.0
XGBoost,time,2,fixed,C_b20_r05,5,0.2,0.1,50.0,0.0,1.0,0.0
XGBoost,time,2,fixed,C_b20_r05,5,0.2,0.15,75.0,0.0,1.0,0.0
XGBoost,time,2,fixed,C_b20_r10,10,0.2,0.02,20.0,0.0,1.0,0.0
XGBoost,time,2,fixed,C_b20_r10,10,0.2,0.05,50.0,0.0,1.0,0.0
XGBoost,time,2,fixed,C_b20_r10,10,0.2,0.1,100.0,0.0,1.0,0.0
XGBoost,time,2,fixed,C_b20_r10,10,0.2,0.15,150.0,0.0,1.0,0.0
XGBoost,time,2,fixed,C_b20_r20,20,0.2,0.02,40.0,0.0,1.0,0.0
XGBoost,time,2,fixed,C_b20_r20,20,0.2,0.05,100.0,0.0,1.0,0.0
XGBoost,time,2,fixed,C_b20_r20,20,0.2,0.1,200.0,0.0,1.0,0.0
XGBoost,time,2,fixed,C_b20_r20,20,0.2,0.15,300.0,0.0,1.0,0.0
XGBoost,time,2,fixed,C_b20_r50,50,0.2,0.02,100.0,0.0,1.0,0.0
XGBoost,time,2,fixed,C_b20_r50,50,0.2,0.05,250.0,0.0,1.0,0.0
XGBoost,time,2,fixed,C_b20_r50,50,0.2,0.1,500.0,0.0,1.0,0.0
XGBoost,time,2,fixed,C_b20_r50,50,0.2,0.15,750.0,0.0,1.0,0.0
XGBoost,time,2,fixed,TopK_b01,5,0.01,0.02,10.995934959349588,0.009959349593495875,1.0,0.0101626016260162
XGBoost,time,2,fixed,TopK_b01,5,0.01,0.05,25.965447154471537,0.009654471544715389,1.0,0.0101626016260162
XGBoost,time,2,fixed,TopK_b01,5,0.01,0.1,50.914634146341456,0.00914634146341458,1.0,0.0101626016260162
XGBoost,time,2,fixed,TopK_b01,5,0.01,0.15,75.86382113821138,0.00863821138211377,1.0,0.0101626016260162
XGBoost,time,2,fixed,TopK_b01,10,0.01,0.02,20.995934959349587,0.009959349593495875,1.0,0.0101626016260162
XGBoost,time,2,fixed,TopK_b01,10,0.01,0.05,50.96544715447154,0.009654471544715389,1.0,0.0101626016260162
XGBoost,time,2,fixed,TopK_b01,10,0.01,0.1,100.91463414634146,0.00914634146341458,1.0,0.0101626016260162
XGBoost,time,2,fixed,TopK_b01,10,0.01,0.15,150.86382113821136,0.00863821138211377,1.0,0.0101626016260162
XGBoost,time,2,fixed,TopK_b01,20,0.01,0.02,40.99593495934959,0.009959349593495875,1.0,0.0101626016260162
XGBoost,time,2,fixed,TopK_b01,20,0.01,0.05,100.96544715447153,0.009654471544715389,1.0,0.0101626016260162
XGBoost,time,2,fixed,TopK_b01,20,0.01,0.1,200.91463414634148,0.00914634146341458,1.0,0.0101626016260162
XGBoost,time,2,fixed,TopK_b01,20,0.01,0.15,300.8638211382114,0.00863821138211377,1.0,0.0101626016260162
XGBoost,time,2,fixed,TopK_b01,50,0.01,0.02,100.9959349593496,0.009959349593495875,1.0,0.0101626016260162
XGBoost,time,2,fixed,TopK_b01,50,0.01,0.05,250.96544715447155,0.009654471544715389,1.0,0.0101626016260162
XGBoost,time,2,fixed,TopK_b01,50,0.01,0.1,500.9146341463414,0.00914634146341458,1.0,0.0101626016260162
XGBoost,time,2,fixed,TopK_b01,50,0.01,0.15,750.8638211382114,0.00863821138211377,1.0,0.0101626016260162
XGBoost,time,2,fixed,TopK_b05,5,0.05,0.02,13.747967479674788,0.047479674796747875,0.9166666666666666,0.0467479674796747
XGBoost,time,2,fixed,TopK_b05,5,0.05,0.05,27.35772357723576,0.048577235772357626,0.9166666666666666,0.0467479674796747
XGBoost,time,2,fixed,TopK_b05,5,0.05,0.1,50.04065040650405,0.05040650406504057,0.9166666666666666,0.0467479674796747
XGBoost,time,2,fixed,TopK_b05,5,0.05,0.15,72.72357723577235,0.052235772357723496,0.9166666666666666,0.0467479674796747
XGBoost,time,2,fixed,TopK_b05,10,0.05,0.02,22.914634146341456,0.047479674796747875,0.9166666666666666,0.0467479674796747
XGBoost,time,2,fixed,TopK_b05,10,0.05,0.05,50.274390243902424,0.048577235772357626,0.9166666666666666,0.0467479674796747
XGBoost,time,2,fixed,TopK_b05,10,0.05,0.1,95.87398373983739,0.05040650406504057,0.9166666666666666,0.0467479674796747
XGBoost,time,2,fixed,TopK_b05,10,0.05,0.15,141.47357723577235,0.052235772357723496,0.9166666666666666,0.0467479674796747
XGBoost,time,2,fixed,TopK_b05,20,0.05,0.02,41.24796747967479,0.047479674796747875,0.9166666666666666,0.0467479674796747
XGBoost,time,2,fixed,TopK_b05,20,0.05,0.05,96.10772357723576,0.048577235772357626,0.9166666666666666,0.0467479674796747
XGBoost,time,2,fixed,TopK_b05,20,0.05,0.1,187.54065040650406,0.05040650406504057,0.9166666666666666,0.0467479674796747
XGBoost,time,2,fixed,TopK_b05,20,0.05,0.15,278.9735772357723,0.052235772357723496,0.9166666666666666,0.0467479674796747
XGBoost,time,2,fixed,TopK_b05,50,0.05,0.02,96.24796747967478,0.047479674796747875,0.9166666666666666,0.0467479674796747
XGBoost,time,2,fixed,TopK_b05,50,0.05,0.05,233.60772357723576,0.048577235772357626,0.9166666666666666,0.0467479674796747
XGBoost,time,2,fixed,TopK_b05,50,0.05,0.1,462.540650406504,0.05040650406504057,0.9166666666666666,0.0467479674796747
XGBoost,time,2,fixed,TopK_b05,50,0.05,0.15,691.4735772357724,0.052235772357723496,0.9166666666666666,0.0467479674796747
XGBoost,time,2,fixed,TopK_b10,5,0.1,0.02,17.07926829268292,0.09579268292682917,0.7916666666666666,0.0934959349593495
XGBoost,time,2,fixed,TopK_b10,5,0.1,0.05,28.67378048780487,0.0992378048780487,0.7916666666666666,0.0934959349593495
XGBoost,time,2,fixed,TopK_b10,5,0.1,0.1,47.997967479674784,0.1049796747967479,0.7916666666666666,0.0934959349593495
XGBoost,time,2,fixed,TopK_b10,5,0.1,0.15,67.3221544715447,0.1107215447154471,0.7916666666666666,0.0934959349593495
XGBoost,time,2,fixed,TopK_b10,10,0.1,0.02,24.995934959349583,0.09579268292682917,0.7916666666666666,0.0934959349593495
XGBoost,time,2,fixed,TopK_b10,10,0.1,0.05,48.46544715447153,0.0992378048780487,0.7916666666666666,0.0934959349593495
XGBoost,time,2,fixed,TopK_b10,10,0.1,0.1,87.58130081300813,0.1049796747967479,0.7916666666666666,0.0934959349593495
XGBoost,time,2,fixed,TopK_b10,10,0.1,0.15,126.6971544715447,0.1107215447154471,0.7916666666666666,0.0934959349593495
XGBoost,time,2,fixed,TopK_b10,20,0.1,0.02,40.82926829268292,0.09579268292682917,0.7916666666666666,0.0934959349593495
XGBoost,time,2,fixed,TopK_b10,20,0.1,0.05,88.04878048780486,0.0992378048780487,0.7916666666666666,0.0934959349593495
XGBoost,time,2,fixed,TopK_b10,20,0.1,0.1,166.74796747967477,0.1049796747967479,0.7916666666666666,0.0934959349593495
XGBoost,time,2,fixed,TopK_b10,20,0.1,0.15,245.44715447154474,0.1107215447154471,0.7916666666666666,0.0934959349593495
XGBoost,time,2,fixed,TopK_b10,50,0.1,0.02,88.32926829268291,0.09579268292682917,0.7916666666666666,0.0934959349593495
XGBoost,time,2,fixed,TopK_b10,50,0.1,0.05,206.79878048780486,0.0992378048780487,0.7916666666666666,0.0934959349593495
XGBoost,time,2,fixed,TopK_b10,50,0.1,0.1,404.24796747967474,0.1049796747967479,0.7916666666666666,0.0934959349593495
XGBoost,time,2,fixed,TopK_b10,50,0.1,0.15,601.6971544715446,0.1107215447154471,0.7916666666666666,0.0934959349593495
XGBoost,time,2,fixed,TopK_b20,5,0.2,0.02,25.58943089430894,0.1958943089430894,0.6666666666666666,0.1930894308943089
XGBoost,time,2,fixed,TopK_b20,5,0.2,0.05,35.01016260162601,0.2001016260162601,0.6666666666666666,0.1930894308943089
XGBoost,time,2,fixed,TopK_b20,5,0.2,0.1,50.71138211382114,0.20711382113821136,0.6666666666666666,0.1930894308943089
XGBoost,time,2,fixed,TopK_b20,5,0.2,0.15,66.41260162601625,0.2141260162601626,0.6666666666666666,0.1930894308943089
XGBoost,time,2,fixed,TopK_b20,10,0.2,0.02,32.256097560975604,0.1958943089430894,0.6666666666666666,0.1930894308943089
XGBoost,time,2,fixed,TopK_b20,10,0.2,0.05,51.67682926829268,0.2001016260162601,0.6666666666666666,0.1930894308943089
XGBoost,time,2,fixed,TopK_b20,10,0.2,0.1,84.04471544715446,0.20711382113821136,0.6666666666666666,0.1930894308943089
XGBoost,time,2,fixed,TopK_b20,10,0.2,0.15,116.41260162601625,0.2141260162601626,0.6666666666666666,0.1930894308943089
XGBoost,time,2,fixed,TopK_b20,20,0.2,0.02,45.58943089430893,0.1958943089430894,0.6666666666666666,0.1930894308943089
XGBoost,time,2,fixed,TopK_b20,20,0.2,0.05,85.010162601626,0.2001016260162601,0.6666666666666666,0.1930894308943089
XGBoost,time,2,fixed,TopK_b20,20,0.2,0.1,150.71138211382114,0.20711382113821136,0.6666666666666666,0.1930894308943089
XGBoost,time,2,fixed,TopK_b20,20,0.2,0.15,216.41260162601625,0.2141260162601626,0.6666666666666666,0.1930894308943089
XGBoost,time,2,fixed,TopK_b20,50,0.2,0.02,85.58943089430893,0.1958943089430894,0.6666666666666666,0.1930894308943089
XGBoost,time,2,fixed,TopK_b20,50,0.2,0.05,185.010162601626,0.2001016260162601,0.6666666666666666,0.1930894308943089
XGBoost,time,2,fixed,TopK_b20,50,0.2,0.1,350.7113821138211,0.20711382113821136,0.6666666666666666,0.1930894308943089
XGBoost,time,2,fixed,TopK_b20,50,0.2,0.15,516.4126016260162,0.2141260162601626,0.6666666666666666,0.1930894308943089
XGBoost,time,2,refitted,none,5,,0.02,10.0,0.0,1.0,0.0
XGBoost,time,2,refitted,none,5,,0.05,25.0,0.0,1.0,0.0
XGBoost,time,2,refitted,none,5,,0.1,50.0,0.0,1.0,0.0
XGBoost,time,2,refitted,none,5,,0.15,75.0,0.0,1.0,0.0
XGBoost,time,2,refitted,none,10,,0.02,20.0,0.0,1.0,0.0
XGBoost,time,2,refitted,none,10,,0.05,50.0,0.0,1.0,0.0
XGBoost,time,2,refitted,none,10,,0.1,100.0,0.0,1.0,0.0
XGBoost,time,2,refitted,none,10,,0.15,150.0,0.0,1.0,0.0
XGBoost,time,2,refitted,none,20,,0.02,40.0,0.0,1.0,0.0
XGBoost,time,2,refitted,none,20,,0.05,100.0,0.0,1.0,0.0
XGBoost,time,2,refitted,none,20,,0.1,200.0,0.0,1.0,0.0
XGBoost,time,2,refitted,none,20,,0.15,300.0,0.0,1.0,0.0
XGBoost,time,2,refitted,none,50,,0.02,100.0,0.0,1.0,0.0
XGBoost,time,2,refitted,none,50,,0.05,250.0,0.0,1.0,0.0
XGBoost,time,2,refitted,none,50,,0.1,500.0,0.0,1.0,0.0
XGBoost,time,2,refitted,none,50,,0.15,750.0,0.0,1.0,0.0
XGBoost,time,2,refitted,A_b01,5,0.01,0.02,10.59756097560975,0.005975609756097506,1.0,0.0060975609756097
XGBoost,time,2,refitted,A_b01,5,0.01,0.05,25.579268292682922,0.0057926829268292145,1.0,0.0060975609756097
XGBoost,time,2,refitted,A_b01,5,0.01,0.1,50.54878048780487,0.00548780487804873,1.0,0.0060975609756097
XGBoost,time,2,refitted,A_b01,5,0.01,0.15,75.51829268292683,0.005182926829268244,1.0,0.0060975609756097
XGBoost,time,2,refitted,A_b01,10,0.01,0.02,20.597560975609753,0.005975609756097506,1.0,0.0060975609756097
XGBoost,time,2,refitted,A_b01,10,0.01,0.05,50.57926829268292,0.0057926829268292145,1.0,0.0060975609756097
XGBoost,time,2,refitted,A_b01,10,0.01,0.1,100.54878048780486,0.00548780487804873,1.0,0.0060975609756097
XGBoost,time,2,refitted,A_b01,10,0.01,0.15,150.5182926829268,0.005182926829268244,1.0,0.0060975609756097
XGBoost,time,2,refitted,A_b01,20,0.01,0.02,40.59756097560975,0.005975609756097506,1.0,0.0060975609756097
XGBoost,time,2,refitted,A_b01,20,0.01,0.05,100.57926829268291,0.0057926829268292145,1.0,0.0060975609756097
XGBoost,time,2,refitted,A_b01,20,0.01,0.1,200.54878048780486,0.00548780487804873,1.0,0.0060975609756097
XGBoost,time,2,refitted,A_b01,20,0.01,0.15,300.51829268292687,0.005182926829268244,1.0,0.0060975609756097
XGBoost,time,2,refitted,A_b01,50,0.01,0.02,100.59756097560975,0.005975609756097506,1.0,0.0060975609756097
XGBoost,time,2,refitted,A_b01,50,0.01,0.05,250.57926829268294,0.0057926829268292145,1.0,0.0060975609756097
XGBoost,time,2,refitted,A_b01,50,0.01,0.1,500.5487804878049,0.00548780487804873,1.0,0.0060975609756097
XGBoost,time,2,refitted,A_b01,50,0.01,0.15,750.5182926829268,0.005182926829268244,1.0,0.0060975609756097
XGBoost,time,2,refitted,A_b05,5,0.05,0.02,16.898373983739834,0.08898373983739832,0.8333333333333334,0.0873983739837398
XGBoost,time,2,refitted,A_b05,5,0.05,0.05,29.136178861788615,0.09136178861788613,0.8333333333333334,0.0873983739837398
XGBoost,time,2,refitted,A_b05,5,0.05,0.1,49.53252032520325,0.09532520325203249,0.8333333333333334,0.0873983739837398
XGBoost,time,2,refitted,A_b05,5,0.05,0.15,69.92886178861788,0.09928861788617882,0.8333333333333334,0.0873983739837398
XGBoost,time,2,refitted,A_b05,10,0.05,0.02,25.23170731707317,0.08898373983739832,0.8333333333333334,0.0873983739837398
XGBoost,time,2,refitted,A_b05,10,0.05,0.05,49.96951219512194,0.09136178861788613,0.8333333333333334,0.0873983739837398
XGBoost,time,2,refitted,A_b05,10,0.05,0.1,91.19918699186992,0.09532520325203249,0.8333333333333334,0.0873983739837398
XGBoost,time,2,refitted,A_b05,10,0.05,0.15,132.4288617886179,0.09928861788617882,0.8333333333333334,0.0873983739837398
XGBoost,time,2,refitted,A_b05,20,0.05,0.02,41.89837398373983,0.08898373983739832,0.8333333333333334,0.0873983739837398
XGBoost,time,2,refitted,A_b05,20,0.05,0.05,91.63617886178862,0.09136178861788613,0.8333333333333334,0.0873983739837398
XGBoost,time,2,refitted,A_b05,20,0.05,0.1,174.53252032520325,0.09532520325203249,0.8333333333333334,0.0873983739837398
XGBoost,time,2,refitted,A_b05,20,0.05,0.15,257.4288617886179,0.09928861788617882,0.8333333333333334,0.0873983739837398
XGBoost,time,2,refitted,A_b05,50,0.05,0.02,91.89837398373983,0.08898373983739832,0.8333333333333334,0.0873983739837398
XGBoost,time,2,refitted,A_b05,50,0.05,0.05,216.63617886178864,0.09136178861788613,0.8333333333333334,0.0873983739837398
XGBoost,time,2,refitted,A_b05,50,0.05,0.1,424.53252032520334,0.09532520325203249,0.8333333333333334,0.0873983739837398
XGBoost,time,2,refitted,A_b05,50,0.05,0.15,632.4288617886178,0.09928861788617882,0.8333333333333334,0.0873983739837398
XGBoost,time,2,refitted,A_b10,5,0.1,0.02,19.233739837398367,0.12733739837398367,0.7083333333333334,0.1239837398373983
XGBoost,time,2,refitted,A_b10,5,0.1,0.05,29.486788617886173,0.13236788617886172,0.7083333333333334,0.1239837398373983
XGBoost,time,2,refitted,A_b10,5,0.1,0.1,46.575203252032516,0.14075203252032514,0.7083333333333334,0.1239837398373983
XGBoost,time,2,refitted,A_b10,5,0.1,0.15,63.663617886178855,0.14913617886178854,0.7083333333333334,0.1239837398373983
XGBoost,time,2,refitted,A_b10,10,0.1,0.02,26.317073170731703,0.12733739837398367,0.7083333333333334,0.1239837398373983
XGBoost,time,2,refitted,A_b10,10,0.1,0.05,47.19512195121951,0.13236788617886172,0.7083333333333334,0.1239837398373983
XGBoost,time,2,refitted,A_b10,10,0.1,0.1,81.99186991869918,0.14075203252032514,0.7083333333333334,0.1239837398373983
XGBoost,time,2,refitted,A_b10,10,0.1,0.15,116.78861788617884,0.14913617886178854,0.7083333333333334,0.1239837398373983
XGBoost,time,2,refitted,A_b10,20,0.1,0.02,40.48373983739837,0.12733739837398367,0.7083333333333334,0.1239837398373983
XGBoost,time,2,refitted,A_b10,20,0.1,0.05,82.61178861788618,0.13236788617886172,0.7083333333333334,0.1239837398373983
XGBoost,time,2,refitted,A_b10,20,0.1,0.1,152.82520325203254,0.14075203252032514,0.7083333333333334,0.1239837398373983
XGBoost,time,2,refitted,A_b10,20,0.1,0.15,223.03861788617888,0.14913617886178854,0.7083333333333334,0.1239837398373983
XGBoost,time,2,refitted,A_b10,50,0.1,0.02,82.98373983739837,0.12733739837398367,0.7083333333333334,0.1239837398373983
XGBoost,time,2,refitted,A_b10,50,0.1,0.05,188.8617886178862,0.13236788617886172,0.7083333333333334,0.1239837398373983
XGBoost,time,2,refitted,A_b10,50,0.1,0.1,365.3252032520325,0.14075203252032514,0.7083333333333334,0.1239837398373983
XGBoost,time,2,refitted,A_b10,50,0.1,0.15,541.7886178861788,0.14913617886178854,0.7083333333333334,0.1239837398373983
XGBoost,time,2,refitted,A_b20,5,0.2,0.02,52.1890243902439,0.486890243902439,0.4583333333333333,0.4857723577235772
XGBoost,time,2,refitted,A_b20,5,0.2,0.05,57.606707317073166,0.48856707317073167,0.4583333333333333,0.4857723577235772
XGBoost,time,2,refitted,A_b20,5,0.2,0.1,66.63617886178861,0.49136178861788615,0.4583333333333333,0.4857723577235772
XGBoost,time,2,refitted,A_b20,5,0.2,0.15,75.66565040650406,0.4941565040650406,0.4583333333333333,0.4857723577235772
XGBoost,time,2,refitted,A_b20,10,0.2,0.02,56.77235772357723,0.486890243902439,0.4583333333333333,0.4857723577235772
XGBoost,time,2,refitted,A_b20,10,0.2,0.05,69.0650406504065,0.48856707317073167,0.4583333333333333,0.4857723577235772
XGBoost,time,2,refitted,A_b20,10,0.2,0.1,89.55284552845528,0.49136178861788615,0.4583333333333333,0.4857723577235772
XGBoost,time,2,refitted,A_b20,10,0.2,0.15,110.04065040650406,0.4941565040650406,0.4583333333333333,0.4857723577235772
XGBoost,time,2,refitted,A_b20,20,0.2,0.02,65.9390243902439,0.486890243902439,0.4583333333333333,0.4857723577235772
XGBoost,time,2,refitted,A_b20,20,0.2,0.05,91.98170731707316,0.48856707317073167,0.4583333333333333,0.4857723577235772
XGBoost,time,2,refitted,A_b20,20,0.2,0.1,135.3861788617886,0.49136178861788615,0.4583333333333333,0.4857723577235772
XGBoost,time,2,refitted,A_b20,20,0.2,0.15,178.79065040650406,0.4941565040650406,0.4583333333333333,0.4857723577235772
XGBoost,time,2,refitted,A_b20,50,0.2,0.02,93.4390243902439,0.486890243902439,0.4583333333333333,0.4857723577235772
XGBoost,time,2,refitted,A_b20,50,0.2,0.05,160.73170731707316,0.48856707317073167,0.4583333333333333,0.4857723577235772
XGBoost,time,2,refitted,A_b20,50,0.2,0.1,272.8861788617886,0.49136178861788615,0.4583333333333333,0.4857723577235772
XGBoost,time,2,refitted,A_b20,50,0.2,0.15,385.0406504065041,0.4941565040650406,0.4583333333333333,0.4857723577235772
XGBoost,time,2,refitted,B_r05,5,,0.02,10.0,0.0,1.0,0.0
XGBoost,time,2,refitted,B_r05,5,,0.05,25.0,0.0,1.0,0.0
XGBoost,time,2,refitted,B_r05,5,,0.1,50.0,0.0,1.0,0.0
XGBoost,time,2,refitted,B_r05,5,,0.15,75.0,0.0,1.0,0.0
XGBoost,time,2,refitted,B_r10,10,,0.02,20.0,0.0,1.0,0.0
XGBoost,time,2,refitted,B_r10,10,,0.05,50.0,0.0,1.0,0.0
XGBoost,time,2,refitted,B_r10,10,,0.1,100.0,0.0,1.0,0.0
XGBoost,time,2,refitted,B_r10,10,,0.15,150.0,0.0,1.0,0.0
XGBoost,time,2,refitted,B_r20,20,,0.02,40.0,0.0,1.0,0.0
XGBoost,time,2,refitted,B_r20,20,,0.05,100.0,0.0,1.0,0.0
XGBoost,time,2,refitted,B_r20,20,,0.1,200.0,0.0,1.0,0.0
XGBoost,time,2,refitted,B_r20,20,,0.15,300.0,0.0,1.0,0.0
XGBoost,time,2,refitted,B_r50,50,,0.02,87.52845528455285,0.5977845528455284,0.2916666666666667,0.5955284552845529
XGBoost,time,2,refitted,B_r50,50,,0.05,129.4918699186992,0.6011686991869919,0.2916666666666667,0.5955284552845529
XGBoost,time,2,refitted,B_r50,50,,0.1,199.43089430894312,0.6068089430894309,0.2916666666666667,0.5955284552845529
XGBoost,time,2,refitted,B_r50,50,,0.15,269.369918699187,0.6124491869918699,0.2916666666666667,0.5955284552845529
XGBoost,time,2,refitted,C_b01_r05,5,0.01,0.02,10.0,0.0,1.0,0.0
XGBoost,time,2,refitted,C_b01_r05,5,0.01,0.05,25.0,0.0,1.0,0.0
XGBoost,time,2,refitted,C_b01_r05,5,0.01,0.1,50.0,0.0,1.0,0.0
XGBoost,time,2,refitted,C_b01_r05,5,0.01,0.15,75.0,0.0,1.0,0.0
XGBoost,time,2,refitted,C_b01_r10,10,0.01,0.02,20.0,0.0,1.0,0.0
XGBoost,time,2,refitted,C_b01_r10,10,0.01,0.05,50.0,0.0,1.0,0.0
XGBoost,time,2,refitted,C_b01_r10,10,0.01,0.1,100.0,0.0,1.0,0.0
XGBoost,time,2,refitted,C_b01_r10,10,0.01,0.15,150.0,0.0,1.0,0.0
XGBoost,time,2,refitted,C_b01_r20,20,0.01,0.02,40.0,0.0,1.0,0.0
XGBoost,time,2,refitted,C_b01_r20,20,0.01,0.05,100.0,0.0,1.0,0.0
XGBoost,time,2,refitted,C_b01_r20,20,0.01,0.1,200.0,0.0,1.0,0.0
XGBoost,time,2,refitted,C_b01_r20,20,0.01,0.15,300.0,0.0,1.0,0.0
XGBoost,time,2,refitted,C_b01_r50,50,0.01,0.02,100.0,0.0,1.0,0.0
XGBoost,time,2,refitted,C_b01_r50,50,0.01,0.05,250.0,0.0,1.0,0.0
XGBoost,time,2,refitted,C_b01_r50,50,0.01,0.1,500.0,0.0,1.0,0.0
XGBoost,time,2,refitted,C_b01_r50,50,0.01,0.15,750.0,0.0,1.0,0.0
XGBoost,time,2,refitted,C_b05_r05,5,0.05,0.02,10.0,0.0,1.0,0.0
XGBoost,time,2,refitted,C_b05_r05,5,0.05,0.05,25.0,0.0,1.0,0.0
XGBoost,time,2,refitted,C_b05_r05,5,0.05,0.1,50.0,0.0,1.0,0.0
XGBoost,time,2,refitted,C_b05_r05,5,0.05,0.15,75.0,0.0,1.0,0.0
XGBoost,time,2,refitted,C_b05_r10,10,0.05,0.02,20.0,0.0,1.0,0.0
XGBoost,time,2,refitted,C_b05_r10,10,0.05,0.05,50.0,0.0,1.0,0.0
XGBoost,time,2,refitted,C_b05_r10,10,0.05,0.1,100.0,0.0,1.0,0.0
XGBoost,time,2,refitted,C_b05_r10,10,0.05,0.15,150.0,0.0,1.0,0.0
XGBoost,time,2,refitted,C_b05_r20,20,0.05,0.02,40.0,0.0,1.0,0.0
XGBoost,time,2,refitted,C_b05_r20,20,0.05,0.05,100.0,0.0,1.0,0.0
XGBoost,time,2,refitted,C_b05_r20,20,0.05,0.1,200.0,0.0,1.0,0.0
XGBoost,time,2,refitted,C_b05_r20,20,0.05,0.15,300.0,0.0,1.0,0.0
XGBoost,time,2,refitted,C_b05_r50,50,0.05,0.02,100.0,0.0,1.0,0.0
XGBoost,time,2,refitted,C_b05_r50,50,0.05,0.05,250.0,0.0,1.0,0.0
XGBoost,time,2,refitted,C_b05_r50,50,0.05,0.1,500.0,0.0,1.0,0.0
XGBoost,time,2,refitted,C_b05_r50,50,0.05,0.15,750.0,0.0,1.0,0.0
XGBoost,time,2,refitted,C_b10_r05,5,0.1,0.02,10.0,0.0,1.0,0.0
XGBoost,time,2,refitted,C_b10_r05,5,0.1,0.05,25.0,0.0,1.0,0.0
XGBoost,time,2,refitted,C_b10_r05,5,0.1,0.1,50.0,0.0,1.0,0.0
XGBoost,time,2,refitted,C_b10_r05,5,0.1,0.15,75.0,0.0,1.0,0.0
XGBoost,time,2,refitted,C_b10_r10,10,0.1,0.02,20.0,0.0,1.0,0.0
XGBoost,time,2,refitted,C_b10_r10,10,0.1,0.05,50.0,0.0,1.0,0.0
XGBoost,time,2,refitted,C_b10_r10,10,0.1,0.1,100.0,0.0,1.0,0.0
XGBoost,time,2,refitted,C_b10_r10,10,0.1,0.15,150.0,0.0,1.0,0.0
XGBoost,time,2,refitted,C_b10_r20,20,0.1,0.02,40.0,0.0,1.0,0.0
XGBoost,time,2,refitted,C_b10_r20,20,0.1,0.05,100.0,0.0,1.0,0.0
XGBoost,time,2,refitted,C_b10_r20,20,0.1,0.1,200.0,0.0,1.0,0.0
XGBoost,time,2,refitted,C_b10_r20,20,0.1,0.15,300.0,0.0,1.0,0.0
XGBoost,time,2,refitted,C_b10_r50,50,0.1,0.02,100.0,0.0,1.0,0.0
XGBoost,time,2,refitted,C_b10_r50,50,0.1,0.05,250.0,0.0,1.0,0.0
XGBoost,time,2,refitted,C_b10_r50,50,0.1,0.1,500.0,0.0,1.0,0.0
XGBoost,time,2,refitted,C_b10_r50,50,0.1,0.15,750.0,0.0,1.0,0.0
XGBoost,time,2,refitted,C_b20_r05,5,0.2,0.02,10.0,0.0,1.0,0.0
XGBoost,time,2,refitted,C_b20_r05,5,0.2,0.05,25.0,0.0,1.0,0.0
XGBoost,time,2,refitted,C_b20_r05,5,0.2,0.1,50.0,0.0,1.0,0.0
XGBoost,time,2,refitted,C_b20_r05,5,0.2,0.15,75.0,0.0,1.0,0.0
XGBoost,time,2,refitted,C_b20_r10,10,0.2,0.02,20.0,0.0,1.0,0.0
XGBoost,time,2,refitted,C_b20_r10,10,0.2,0.05,50.0,0.0,1.0,0.0
XGBoost,time,2,refitted,C_b20_r10,10,0.2,0.1,100.0,0.0,1.0,0.0
XGBoost,time,2,refitted,C_b20_r10,10,0.2,0.15,150.0,0.0,1.0,0.0
XGBoost,time,2,refitted,C_b20_r20,20,0.2,0.02,40.0,0.0,1.0,0.0
XGBoost,time,2,refitted,C_b20_r20,20,0.2,0.05,100.0,0.0,1.0,0.0
XGBoost,time,2,refitted,C_b20_r20,20,0.2,0.1,200.0,0.0,1.0,0.0
XGBoost,time,2,refitted,C_b20_r20,20,0.2,0.15,300.0,0.0,1.0,0.0
XGBoost,time,2,refitted,C_b20_r50,50,0.2,0.02,100.0,0.0,1.0,0.0
XGBoost,time,2,refitted,C_b20_r50,50,0.2,0.05,250.0,0.0,1.0,0.0
XGBoost,time,2,refitted,C_b20_r50,50,0.2,0.1,500.0,0.0,1.0,0.0
XGBoost,time,2,refitted,C_b20_r50,50,0.2,0.15,750.0,0.0,1.0,0.0
XGBoost,time,2,refitted,TopK_b01,5,0.01,0.02,10.995934959349588,0.009959349593495875,1.0,0.0101626016260162
XGBoost,time,2,refitted,TopK_b01,5,0.01,0.05,25.965447154471537,0.009654471544715389,1.0,0.0101626016260162
XGBoost,time,2,refitted,TopK_b01,5,0.01,0.1,50.914634146341456,0.00914634146341458,1.0,0.0101626016260162
XGBoost,time,2,refitted,TopK_b01,5,0.01,0.15,75.86382113821138,0.00863821138211377,1.0,0.0101626016260162
XGBoost,time,2,refitted,TopK_b01,10,0.01,0.02,20.995934959349587,0.009959349593495875,1.0,0.0101626016260162
XGBoost,time,2,refitted,TopK_b01,10,0.01,0.05,50.96544715447154,0.009654471544715389,1.0,0.0101626016260162
XGBoost,time,2,refitted,TopK_b01,10,0.01,0.1,100.91463414634146,0.00914634146341458,1.0,0.0101626016260162
XGBoost,time,2,refitted,TopK_b01,10,0.01,0.15,150.86382113821136,0.00863821138211377,1.0,0.0101626016260162
XGBoost,time,2,refitted,TopK_b01,20,0.01,0.02,40.99593495934959,0.009959349593495875,1.0,0.0101626016260162
XGBoost,time,2,refitted,TopK_b01,20,0.01,0.05,100.96544715447153,0.009654471544715389,1.0,0.0101626016260162
XGBoost,time,2,refitted,TopK_b01,20,0.01,0.1,200.91463414634148,0.00914634146341458,1.0,0.0101626016260162
XGBoost,time,2,refitted,TopK_b01,20,0.01,0.15,300.8638211382114,0.00863821138211377,1.0,0.0101626016260162
XGBoost,time,2,refitted,TopK_b01,50,0.01,0.02,100.9959349593496,0.009959349593495875,1.0,0.0101626016260162
XGBoost,time,2,refitted,TopK_b01,50,0.01,0.05,250.96544715447155,0.009654471544715389,1.0,0.0101626016260162
XGBoost,time,2,refitted,TopK_b01,50,0.01,0.1,500.9146341463414,0.00914634146341458,1.0,0.0101626016260162
XGBoost,time,2,refitted,TopK_b01,50,0.01,0.15,750.8638211382114,0.00863821138211377,1.0,0.0101626016260162
XGBoost,time,2,refitted,TopK_b05,5,0.05,0.02,12.317073170731705,0.04317073170731703,0.8333333333333334,0.040650406504065
XGBoost,time,2,refitted,TopK_b05,5,0.05,0.05,24.69512195121951,0.04695121951219508,0.8333333333333334,0.040650406504065
XGBoost,time,2,refitted,TopK_b05,5,0.05,0.1,45.32520325203252,0.05325203252032516,0.8333333333333334,0.040650406504065
XGBoost,time,2,refitted,TopK_b05,5,0.05,0.15,65.95528455284553,0.059552845528455245,0.8333333333333334,0.040650406504065
XGBoost,time,2,refitted,TopK_b05,10,0.05,0.02,20.65040650406504,0.04317073170731703,0.8333333333333334,0.040650406504065
XGBoost,time,2,refitted,TopK_b05,10,0.05,0.05,45.52845528455284,0.04695121951219508,0.8333333333333334,0.040650406504065
XGBoost,time,2,refitted,TopK_b05,10,0.05,0.1,86.99186991869918,0.05325203252032516,0.8333333333333334,0.040650406504065
XGBoost,time,2,refitted,TopK_b05,10,0.05,0.15,128.4552845528455,0.059552845528455245,0.8333333333333334,0.040650406504065
XGBoost,time,2,refitted,TopK_b05,20,0.05,0.02,37.31707317073171,0.04317073170731703,0.8333333333333334,0.040650406504065
XGBoost,time,2,refitted,TopK_b05,20,0.05,0.05,87.1951219512195,0.04695121951219508,0.8333333333333334,0.040650406504065
XGBoost,time,2,refitted,TopK_b05,20,0.05,0.1,170.32520325203254,0.05325203252032516,0.8333333333333334,0.040650406504065
XGBoost,time,2,refitted,TopK_b05,20,0.05,0.15,253.45528455284554,0.059552845528455245,0.8333333333333334,0.040650406504065
XGBoost,time,2,refitted,TopK_b05,50,0.05,0.02,87.3170731707317,0.04317073170731703,0.8333333333333334,0.040650406504065
XGBoost,time,2,refitted,TopK_b05,50,0.05,0.05,212.19512195121953,0.04695121951219508,0.8333333333333334,0.040650406504065
XGBoost,time,2,refitted,TopK_b05,50,0.05,0.1,420.3252032520325,0.05325203252032516,0.8333333333333334,0.040650406504065
XGBoost,time,2,refitted,TopK_b05,50,0.05,0.15,628.4552845528455,0.059552845528455245,0.8333333333333334,0.040650406504065
XGBoost,time,2,refitted,TopK_b10,5,0.1,0.02,17.69512195121951,0.09695121951219507,0.8333333333333334,0.0955284552845528
XGBoost,time,2,refitted,TopK_b10,5,0.1,0.05,29.90853658536585,0.09908536585365849,0.8333333333333334,0.0955284552845528
XGBoost,time,2,refitted,TopK_b10,5,0.1,0.1,50.26422764227642,0.10264227642276418,0.8333333333333334,0.0955284552845528
XGBoost,time,2,refitted,TopK_b10,5,0.1,0.15,70.619918699187,0.10619918699186986,0.8333333333333334,0.0955284552845528
XGBoost,time,2,refitted,TopK_b10,10,0.1,0.02,26.02845528455284,0.09695121951219507,0.8333333333333334,0.0955284552845528
XGBoost,time,2,refitted,TopK_b10,10,0.1,0.05,50.74186991869918,0.09908536585365849,0.8333333333333334,0.0955284552845528
XGBoost,time,2,refitted,TopK_b10,10,0.1,0.1,91.9308943089431,0.10264227642276418,0.8333333333333334,0.0955284552845528
XGBoost,time,2,refitted,TopK_b10,10,0.1,0.15,133.11991869918697,0.10619918699186986,0.8333333333333334,0.0955284552845528
XGBoost,time,2,refitted,TopK_b10,20,0.1,0.02,42.69512195121951,0.09695121951219507,0.8333333333333334,0.0955284552845528
XGBoost,time,2,refitted,TopK_b10,20,0.1,0.05,92.40853658536585,0.09908536585365849,0.8333333333333334,0.0955284552845528
XGBoost,time,2,refitted,TopK_b10,20,0.1,0.1,175.26422764227644,0.10264227642276418,0.8333333333333334,0.0955284552845528
XGBoost,time,2,refitted,TopK_b10,20,0.1,0.15,258.119918699187,0.10619918699186986,0.8333333333333334,0.0955284552845528
XGBoost,time,2,refitted,TopK_b10,50,0.1,0.02,92.69512195121952,0.09695121951219507,0.8333333333333334,0.0955284552845528
XGBoost,time,2,refitted,TopK_b10,50,0.1,0.05,217.40853658536588,0.09908536585365849,0.8333333333333334,0.0955284552845528
XGBoost,time,2,refitted,TopK_b10,50,0.1,0.1,425.26422764227647,0.10264227642276418,0.8333333333333334,0.0955284552845528
XGBoost,time,2,refitted,TopK_b10,50,0.1,0.15,633.119918699187,0.10619918699186986,0.8333333333333334,0.0955284552845528
XGBoost,time,2,refitted,TopK_b20,5,0.2,0.02,25.58943089430894,0.1958943089430894,0.6666666666666666,0.1930894308943089
XGBoost,time,2,refitted,TopK_b20,5,0.2,0.05,35.01016260162601,0.2001016260162601,0.6666666666666666,0.1930894308943089
XGBoost,time,2,refitted,TopK_b20,5,0.2,0.1,50.71138211382114,0.20711382113821136,0.6666666666666666,0.1930894308943089
XGBoost,time,2,refitted,TopK_b20,5,0.2,0.15,66.41260162601625,0.2141260162601626,0.6666666666666666,0.1930894308943089
XGBoost,time,2,refitted,TopK_b20,10,0.2,0.02,32.256097560975604,0.1958943089430894,0.6666666666666666,0.1930894308943089
XGBoost,time,2,refitted,TopK_b20,10,0.2,0.05,51.67682926829268,0.2001016260162601,0.6666666666666666,0.1930894308943089
XGBoost,time,2,refitted,TopK_b20,10,0.2,0.1,84.04471544715446,0.20711382113821136,0.6666666666666666,0.1930894308943089
XGBoost,time,2,refitted,TopK_b20,10,0.2,0.15,116.41260162601625,0.2141260162601626,0.6666666666666666,0.1930894308943089
XGBoost,time,2,refitted,TopK_b20,20,0.2,0.02,45.58943089430893,0.1958943089430894,0.6666666666666666,0.1930894308943089
XGBoost,time,2,refitted,TopK_b20,20,0.2,0.05,85.010162601626,0.2001016260162601,0.6666666666666666,0.1930894308943089
XGBoost,time,2,refitted,TopK_b20,20,0.2,0.1,150.71138211382114,0.20711382113821136,0.6666666666666666,0.1930894308943089
XGBoost,time,2,refitted,TopK_b20,20,0.2,0.15,216.41260162601625,0.2141260162601626,0.6666666666666666,0.1930894308943089
XGBoost,time,2,refitted,TopK_b20,50,0.2,0.02,85.58943089430893,0.1958943089430894,0.6666666666666666,0.1930894308943089
XGBoost,time,2,refitted,TopK_b20,50,0.2,0.05,185.010162601626,0.2001016260162601,0.6666666666666666,0.1930894308943089
XGBoost,time,2,refitted,TopK_b20,50,0.2,0.1,350.7113821138211,0.20711382113821136,0.6666666666666666,0.1930894308943089
XGBoost,time,2,refitted,TopK_b20,50,0.2,0.15,516.4126016260162,0.2141260162601626,0.6666666666666666,0.1930894308943089
XGBoost,time,3,fixed,none,5,,0.02,10.0,0.0,1.0,0.0
XGBoost,time,3,fixed,none,5,,0.05,25.0,0.0,1.0,0.0
XGBoost,time,3,fixed,none,5,,0.1,50.0,0.0,1.0,0.0
XGBoost,time,3,fixed,none,5,,0.15,75.0,0.0,1.0,0.0
XGBoost,time,3,fixed,none,10,,0.02,20.0,0.0,1.0,0.0
XGBoost,time,3,fixed,none,10,,0.05,50.0,0.0,1.0,0.0
XGBoost,time,3,fixed,none,10,,0.1,100.0,0.0,1.0,0.0
XGBoost,time,3,fixed,none,10,,0.15,150.0,0.0,1.0,0.0
XGBoost,time,3,fixed,none,20,,0.02,40.0,0.0,1.0,0.0
XGBoost,time,3,fixed,none,20,,0.05,100.0,0.0,1.0,0.0
XGBoost,time,3,fixed,none,20,,0.1,200.0,0.0,1.0,0.0
XGBoost,time,3,fixed,none,20,,0.15,300.0,0.0,1.0,0.0
XGBoost,time,3,fixed,none,50,,0.02,100.0,0.0,1.0,0.0
XGBoost,time,3,fixed,none,50,,0.05,250.0,0.0,1.0,0.0
XGBoost,time,3,fixed,none,50,,0.1,500.0,0.0,1.0,0.0
XGBoost,time,3,fixed,none,50,,0.15,750.0,0.0,1.0,0.0
XGBoost,time,3,fixed,A_b01,5,0.01,0.02,11.180722891566262,0.011807228915662613,1.0,0.0120481927710843
XGBoost,time,3,fixed,A_b01,5,0.01,0.05,26.144578313253007,0.011445783132530083,1.0,0.0120481927710843
XGBoost,time,3,fixed,A_b01,5,0.01,0.1,51.08433734939759,0.01084337349397587,1.0,0.0120481927710843
XGBoost,time,3,fixed,A_b01,5,0.01,0.15,76.02409638554217,0.010240963855421654,1.0,0.0120481927710843
XGBoost,time,3,fixed,A_b01,10,0.01,0.02,21.180722891566262,0.011807228915662613,1.0,0.0120481927710843
XGBoost,time,3,fixed,A_b01,10,0.01,0.05,51.14457831325301,0.011445783132530083,1.0,0.0120481927710843
XGBoost,time,3,fixed,A_b01,10,0.01,0.1,101.08433734939759,0.01084337349397587,1.0,0.0120481927710843
XGBoost,time,3,fixed,A_b01,10,0.01,0.15,151.02409638554218,0.010240963855421654,1.0,0.0120481927710843
XGBoost,time,3,fixed,A_b01,20,0.01,0.02,41.18072289156626,0.011807228915662613,1.0,0.0120481927710843
XGBoost,time,3,fixed,A_b01,20,0.01,0.05,101.144578313253,0.011445783132530083,1.0,0.0120481927710843
XGBoost,time,3,fixed,A_b01,20,0.01,0.1,201.08433734939757,0.01084337349397587,1.0,0.0120481927710843
XGBoost,time,3,fixed,A_b01,20,0.01,0.15,301.0240963855422,0.010240963855421654,1.0,0.0120481927710843
XGBoost,time,3,fixed,A_b01,50,0.01,0.02,101.18072289156626,0.011807228915662613,1.0,0.0120481927710843
XGBoost,time,3,fixed,A_b01,50,0.01,0.05,251.14457831325302,0.011445783132530083,1.0,0.0120481927710843
XGBoost,time,3,fixed,A_b01,50,0.01,0.1,501.0843373493976,0.01084337349397587,1.0,0.0120481927710843
XGBoost,time,3,fixed,A_b01,50,0.01,0.15,751.0240963855422,0.010240963855421654,1.0,0.0120481927710843
XGBoost,time,3,fixed,A_b05,5,0.05,0.02,14.433734939759033,0.06433734939759031,0.8333333333333334,0.0622489959839357
XGBoost,time,3,fixed,A_b05,5,0.05,0.05,26.746987951807228,0.06746987951807223,0.8333333333333334,0.0622489959839357
XGBoost,time,3,fixed,A_b05,5,0.05,0.1,47.26907630522088,0.07269076305220878,0.8333333333333334,0.0622489959839357
XGBoost,time,3,fixed,A_b05,5,0.05,0.15,67.79116465863453,0.07791164658634533,0.8333333333333334,0.0622489959839357
XGBoost,time,3,fixed,A_b05,10,0.05,0.02,22.767068273092367,0.06433734939759031,0.8333333333333334,0.0622489959839357
XGBoost,time,3,fixed,A_b05,10,0.05,0.05,47.580321285140556,0.06746987951807223,0.8333333333333334,0.0622489959839357
XGBoost,time,3,fixed,A_b05,10,0.05,0.1,88.93574297188755,0.07269076305220878,0.8333333333333334,0.0622489959839357
XGBoost,time,3,fixed,A_b05,10,0.05,0.15,130.29116465863453,0.07791164658634533,0.8333333333333334,0.0622489959839357
XGBoost,time,3,fixed,A_b05,20,0.05,0.02,39.433734939759034,0.06433734939759031,0.8333333333333334,0.0622489959839357
XGBoost,time,3,fixed,A_b05,20,0.05,0.05,89.24698795180723,0.06746987951807223,0.8333333333333334,0.0622489959839357
XGBoost,time,3,fixed,A_b05,20,0.05,0.1,172.2690763052209,0.07269076305220878,0.8333333333333334,0.0622489959839357
XGBoost,time,3,fixed,A_b05,20,0.05,0.15,255.29116465863453,0.07791164658634533,0.8333333333333334,0.0622489959839357
XGBoost,time,3,fixed,A_b05,50,0.05,0.02,89.43373493975903,0.06433734939759031,0.8333333333333334,0.0622489959839357
XGBoost,time,3,fixed,A_b05,50,0.05,0.05,214.24698795180723,0.06746987951807223,0.8333333333333334,0.0622489959839357
XGBoost,time,3,fixed,A_b05,50,0.05,0.1,422.2690763052209,0.07269076305220878,0.8333333333333334,0.0622489959839357
XGBoost,time,3,fixed,A_b05,50,0.05,0.15,630.2911646586346,0.07791164658634533,0.8333333333333334,0.0622489959839357
XGBoost,time,3,fixed,A_b10,5,0.1,0.02,17.42034805890227,0.10087014725568937,0.7777777777777778,0.0983935742971887
XGBoost,time,3,fixed,A_b10,5,0.1,0.05,28.79183400267737,0.10458500669344037,0.7777777777777778,0.0983935742971887
XGBoost,time,3,fixed,A_b10,5,0.1,0.1,47.74431057563587,0.11077643908969206,0.7777777777777778,0.0983935742971887
XGBoost,time,3,fixed,A_b10,5,0.1,0.15,66.69678714859437,0.11696787148594373,0.7777777777777778,0.0983935742971887
XGBoost,time,3,fixed,A_b10,10,0.1,0.02,25.198125836680045,0.10087014725568937,0.7777777777777778,0.0983935742971887
XGBoost,time,3,fixed,A_b10,10,0.1,0.05,48.23627844712182,0.10458500669344037,0.7777777777777778,0.0983935742971887
XGBoost,time,3,fixed,A_b10,10,0.1,0.1,86.63319946452476,0.11077643908969206,0.7777777777777778,0.0983935742971887
XGBoost,time,3,fixed,A_b10,10,0.1,0.15,125.03012048192772,0.11696787148594373,0.7777777777777778,0.0983935742971887
XGBoost,time,3,fixed,A_b10,20,0.1,0.02,40.7536813922356,0.10087014725568937,0.7777777777777778,0.0983935742971887
XGBoost,time,3,fixed,A_b10,20,0.1,0.05,87.1251673360107,0.10458500669344037,0.7777777777777778,0.0983935742971887
XGBoost,time,3,fixed,A_b10,20,0.1,0.1,164.41097724230252,0.11077643908969206,0.7777777777777778,0.0983935742971887
XGBoost,time,3,fixed,A_b10,20,0.1,0.15,241.69678714859438,0.11696787148594373,0.7777777777777778,0.0983935742971887
XGBoost,time,3,fixed,A_b10,50,0.1,0.02,87.42034805890228,0.10087014725568937,0.7777777777777778,0.0983935742971887
XGBoost,time,3,fixed,A_b10,50,0.1,0.05,203.79183400267738,0.10458500669344037,0.7777777777777778,0.0983935742971887
XGBoost,time,3,fixed,A_b10,50,0.1,0.1,397.7443105756359,0.11077643908969206,0.7777777777777778,0.0983935742971887
XGBoost,time,3,fixed,A_b10,50,0.1,0.15,591.6967871485944,0.11696787148594373,0.7777777777777778,0.0983935742971887
XGBoost,time,3,fixed,A_b20,5,0.2,0.02,26.77376171352075,0.21440428380187415,0.6111111111111112,0.2108433734939759
XGBoost,time,3,fixed,A_b20,5,0.2,0.05,35.30789825970548,0.21974564926372153,0.6111111111111112,0.2108433734939759
XGBoost,time,3,fixed,A_b20,5,0.2,0.1,49.53145917001339,0.2286479250334672,0.6111111111111112,0.2108433734939759
XGBoost,time,3,fixed,A_b20,5,0.2,0.15,63.75502008032129,0.23755020080321282,0.6111111111111112,0.2108433734939759
XGBoost,time,3,fixed,A_b20,10,0.2,0.02,32.88487282463186,0.21440428380187415,0.6111111111111112,0.2108433734939759
XGBoost,time,3,fixed,A_b20,10,0.2,0.05,50.58567603748326,0.21974564926372153,0.6111111111111112,0.2108433734939759
XGBoost,time,3,fixed,A_b20,10,0.2,0.1,80.08701472556895,0.2286479250334672,0.6111111111111112,0.2108433734939759
XGBoost,time,3,fixed,A_b20,10,0.2,0.15,109.58835341365463,0.23755020080321282,0.6111111111111112,0.2108433734939759
XGBoost,time,3,fixed,A_b20,20,0.2,0.02,45.107095046854084,0.21440428380187415,0.6111111111111112,0.2108433734939759
XGBoost,time,3,fixed,A_b20,20,0.2,0.05,81.14123159303882,0.21974564926372153,0.6111111111111112,0.2108433734939759
XGBoost,time,3,fixed,A_b20,20,0.2,0.1,141.19812583668005,0.2286479250334672,0.6111111111111112,0.2108433734939759
XGBoost,time,3,fixed,A_b20,20,0.2,0.15,201.2550200803213,0.23755020080321282,0.6111111111111112,0.2108433734939759
XGBoost,time,3,fixed,A_b20,50,0.2,0.02,81.77376171352076,0.21440428380187415,0.6111111111111112,0.2108433734939759
XGBoost,time,3,fixed,A_b20,50,0.2,0.05,172.8078982597055,0.21974564926372153,0.6111111111111112,0.2108433734939759
XGBoost,time,3,fixed,A_b20,50,0.2,0.1,324.5314591700134,0.2286479250334672,0.6111111111111112,0.2108433734939759
XGBoost,time,3,fixed,A_b20,50,0.2,0.15,476.25502008032134,0.23755020080321282,0.6111111111111112,0.2108433734939759
XGBoost,time,3,fixed,B_r05,5,,0.02,12.593038821954483,0.03259705488621151,0.9444444444444444,0.0321285140562249
XGBoost,time,3,fixed,B_r05,5,,0.05,26.663319946452475,0.03329986613119143,0.9444444444444444,0.0321285140562249
XGBoost,time,3,fixed,B_r05,5,,0.1,50.11378848728246,0.034471218206157964,0.9444444444444444,0.0321285140562249
XGBoost,time,3,fixed,B_r05,5,,0.15,73.56425702811245,0.0356425702811245,0.9444444444444444,0.0321285140562249
XGBoost,time,3,fixed,B_r10,10,,0.02,22.037483266398926,0.03259705488621151,0.9444444444444444,0.0321285140562249
XGBoost,time,3,fixed,B_r10,10,,0.05,50.27443105756358,0.03329986613119143,0.9444444444444444,0.0321285140562249
XGBoost,time,3,fixed,B_r10,10,,0.1,97.33601070950468,0.034471218206157964,0.9444444444444444,0.0321285140562249
XGBoost,time,3,fixed,B_r10,10,,0.15,144.39759036144576,0.0356425702811245,0.9444444444444444,0.0321285140562249
XGBoost,time,3,fixed,B_r20,20,,0.02,73.94377510040161,0.6194377510040161,0.3333333333333333,0.6184738955823293
XGBoost,time,3,fixed,B_r20,20,,0.05,92.08835341365462,0.6208835341365462,0.3333333333333333,0.6184738955823293
XGBoost,time,3,fixed,B_r20,20,,0.1,122.3293172690763,0.6232931726907631,0.3333333333333333,0.6184738955823293
XGBoost,time,3,fixed,B_r20,20,,0.15,152.570281124498,0.62570281124498,0.3333333333333333,0.6184738955823293
XGBoost,time,3,fixed,B_r50,50,,0.02,95.33601070950468,0.8600267737617135,0.1111111111111111,0.8594377510040161
XGBoost,time,3,fixed,B_r50,50,,0.05,109.42436412315931,0.8609103078982596,0.1111111111111111,0.8594377510040161
XGBoost,time,3,fixed,B_r50,50,,0.1,132.904953145917,0.8623828647925034,0.1111111111111111,0.8594377510040161
XGBoost,time,3,fixed,B_r50,50,,0.15,156.3855421686747,0.863855421686747,0.1111111111111111,0.8594377510040161
XGBoost,time,3,fixed,C_b01_r05,5,0.01,0.02,10.0,0.0,1.0,0.0
XGBoost,time,3,fixed,C_b01_r05,5,0.01,0.05,25.0,0.0,1.0,0.0
XGBoost,time,3,fixed,C_b01_r05,5,0.01,0.1,50.0,0.0,1.0,0.0
XGBoost,time,3,fixed,C_b01_r05,5,0.01,0.15,75.0,0.0,1.0,0.0
XGBoost,time,3,fixed,C_b01_r10,10,0.01,0.02,20.0,0.0,1.0,0.0
XGBoost,time,3,fixed,C_b01_r10,10,0.01,0.05,50.0,0.0,1.0,0.0
XGBoost,time,3,fixed,C_b01_r10,10,0.01,0.1,100.0,0.0,1.0,0.0
XGBoost,time,3,fixed,C_b01_r10,10,0.01,0.15,150.0,0.0,1.0,0.0
XGBoost,time,3,fixed,C_b01_r20,20,0.01,0.02,40.0,0.0,1.0,0.0
XGBoost,time,3,fixed,C_b01_r20,20,0.01,0.05,100.0,0.0,1.0,0.0
XGBoost,time,3,fixed,C_b01_r20,20,0.01,0.1,200.0,0.0,1.0,0.0
XGBoost,time,3,fixed,C_b01_r20,20,0.01,0.15,300.0,0.0,1.0,0.0
XGBoost,time,3,fixed,C_b01_r50,50,0.01,0.02,100.0,0.0,1.0,0.0
XGBoost,time,3,fixed,C_b01_r50,50,0.01,0.05,250.0,0.0,1.0,0.0
XGBoost,time,3,fixed,C_b01_r50,50,0.01,0.1,500.0,0.0,1.0,0.0
XGBoost,time,3,fixed,C_b01_r50,50,0.01,0.15,750.0,0.0,1.0,0.0
XGBoost,time,3,fixed,C_b05_r05,5,0.05,0.02,12.593038821954483,0.03259705488621151,0.9444444444444444,0.0321285140562249
XGBoost,time,3,fixed,C_b05_r05,5,0.05,0.05,26.663319946452475,0.03329986613119143,0.9444444444444444,0.0321285140562249
XGBoost,time,3,fixed,C_b05_r05,5,0.05,0.1,50.11378848728246,0.034471218206157964,0.9444444444444444,0.0321285140562249
XGBoost,time,3,fixed,C_b05_r05,5,0.05,0.15,73.56425702811245,0.0356425702811245,0.9444444444444444,0.0321285140562249
XGBoost,time,3,fixed,C_b05_r10,10,0.05,0.02,22.037483266398926,0.03259705488621151,0.9444444444444444,0.0321285140562249
XGBoost,time,3,fixed,C_b05_r10,10,0.05,0.05,50.27443105756358,0.03329986613119143,0.9444444444444444,0.0321285140562249
XGBoost,time,3,fixed,C_b05_r10,10,0.05,0.1,97.33601070950468,0.034471218206157964,0.9444444444444444,0.0321285140562249
XGBoost,time,3,fixed,C_b05_r10,10,0.05,0.15,144.39759036144576,0.0356425702811245,0.9444444444444444,0.0321285140562249
XGBoost,time,3,fixed,C_b05_r20,20,0.05,0.02,40.926372155287815,0.03259705488621151,0.9444444444444444,0.0321285140562249
XGBoost,time,3,fixed,C_b05_r20,20,0.05,0.05,97.4966532797858,0.03329986613119143,0.9444444444444444,0.0321285140562249
XGBoost,time,3,fixed,C_b05_r20,20,0.05,0.1,191.78045515394913,0.034471218206157964,0.9444444444444444,0.0321285140562249
XGBoost,time,3,fixed,C_b05_r20,20,0.05,0.15,286.0642570281124,0.0356425702811245,0.9444444444444444,0.0321285140562249
XGBoost,time,3,fixed,C_b05_r50,50,0.05,0.02,97.59303882195448,0.03259705488621151,0.9444444444444444,0.0321285140562249
XGBoost,time,3,fixed,C_b05_r50,50,0.05,0.05,239.1633199464525,0.03329986613119143,0.9444444444444444,0.0321285140562249
XGBoost,time,3,fixed,C_b05_r50,50,0.05,0.1,475.1137884872825,0.034471218206157964,0.9444444444444444,0.0321285140562249
XGBoost,time,3,fixed,C_b05_r50,50,0.05,0.15,711.0642570281124,0.0356425702811245,0.9444444444444444,0.0321285140562249
XGBoost,time,3,fixed,C_b10_r05,5,0.1,0.02,12.593038821954483,0.03259705488621151,0.9444444444444444,0.0321285140562249
XGBoost,time,3,fixed,C_b10_r05,5,0.1,0.05,26.663319946452475,0.03329986613119143,0.9444444444444444,0.0321285140562249
XGBoost,time,3,fixed,C_b10_r05,5,0.1,0.1,50.11378848728246,0.034471218206157964,0.9444444444444444,0.0321285140562249
XGBoost,time,3,fixed,C_b10_r05,5,0.1,0.15,73.56425702811245,0.0356425702811245,0.9444444444444444,0.0321285140562249
XGBoost,time,3,fixed,C_b10_r10,10,0.1,0.02,22.037483266398926,0.03259705488621151,0.9444444444444444,0.0321285140562249
XGBoost,time,3,fixed,C_b10_r10,10,0.1,0.05,50.27443105756358,0.03329986613119143,0.9444444444444444,0.0321285140562249
XGBoost,time,3,fixed,C_b10_r10,10,0.1,0.1,97.33601070950468,0.034471218206157964,0.9444444444444444,0.0321285140562249
XGBoost,time,3,fixed,C_b10_r10,10,0.1,0.15,144.39759036144576,0.0356425702811245,0.9444444444444444,0.0321285140562249
XGBoost,time,3,fixed,C_b10_r20,20,0.1,0.02,40.7536813922356,0.10087014725568937,0.7777777777777778,0.0983935742971887
XGBoost,time,3,fixed,C_b10_r20,20,0.1,0.05,87.1251673360107,0.10458500669344037,0.7777777777777778,0.0983935742971887
XGBoost,time,3,fixed,C_b10_r20,20,0.1,0.1,164.41097724230252,0.11077643908969206,0.7777777777777778,0.0983935742971887
XGBoost,time,3,fixed,C_b10_r20,20,0.1,0.15,241.69678714859438,0.11696787148594373,0.7777777777777778,0.0983935742971887
XGBoost,time,3,fixed,C_b10_r50,50,0.1,0.02,87.42034805890228,0.10087014725568937,0.7777777777777778,0.0983935742971887
XGBoost,time,3,fixed,C_b10_r50,50,0.1,0.05,203.79183400267738,0.10458500669344037,0.7777777777777778,0.0983935742971887
XGBoost,time,3,fixed,C_b10_r50,50,0.1,0.1,397.7443105756359,0.11077643908969206,0.7777777777777778,0.0983935742971887
XGBoost,time,3,fixed,C_b10_r50,50,0.1,0.15,591.6967871485944,0.11696787148594373,0.7777777777777778,0.0983935742971887
XGBoost,time,3,fixed,C_b20_r05,5,0.2,0.02,12.593038821954483,0.03259705488621151,0.9444444444444444,0.0321285140562249
XGBoost,time,3,fixed,C_b20_r05,5,0.2,0.05,26.663319946452475,0.03329986613119143,0.9444444444444444,0.0321285140562249
XGBoost,time,3,fixed,C_b20_r05,5,0.2,0.1,50.11378848728246,0.034471218206157964,0.9444444444444444,0.0321285140562249
XGBoost,time,3,fixed,C_b20_r05,5,0.2,0.15,73.56425702811245,0.0356425702811245,0.9444444444444444,0.0321285140562249
XGBoost,time,3,fixed,C_b20_r10,10,0.2,0.02,22.037483266398926,0.03259705488621151,0.9444444444444444,0.0321285140562249
XGBoost,time,3,fixed,C_b20_r10,10,0.2,0.05,50.27443105756358,0.03329986613119143,0.9444444444444444,0.0321285140562249
XGBoost,time,3,fixed,C_b20_r10,10,0.2,0.1,97.33601070950468,0.034471218206157964,0.9444444444444444,0.0321285140562249
XGBoost,time,3,fixed,C_b20_r10,10,0.2,0.15,144.39759036144576,0.0356425702811245,0.9444444444444444,0.0321285140562249
XGBoost,time,3,fixed,C_b20_r20,20,0.2,0.02,40.7536813922356,0.10087014725568937,0.7777777777777778,0.0983935742971887
XGBoost,time,3,fixed,C_b20_r20,20,0.2,0.05,87.1251673360107,0.10458500669344037,0.7777777777777778,0.0983935742971887
XGBoost,time,3,fixed,C_b20_r20,20,0.2,0.1,164.41097724230252,0.11077643908969206,0.7777777777777778,0.0983935742971887
XGBoost,time,3,fixed,C_b20_r20,20,0.2,0.15,241.69678714859438,0.11696787148594373,0.7777777777777778,0.0983935742971887
XGBoost,time,3,fixed,C_b20_r50,50,0.2,0.02,89.53949129852744,0.17872824631860773,0.7222222222222222,0.1767068273092369
XGBoost,time,3,fixed,C_b20_r50,50,0.2,0.05,197.34270414993307,0.18176037483266394,0.7222222222222222,0.1767068273092369
XGBoost,time,3,fixed,C_b20_r50,50,0.2,0.1,377.0147255689424,0.186813922356091,0.7222222222222222,0.1767068273092369
XGBoost,time,3,fixed,C_b20_r50,50,0.2,0.15,556.6867469879519,0.19186746987951803,0.7222222222222222,0.1767068273092369
XGBoost,time,3,fixed,TopK_b01,5,0.01,0.02,10.98393574297188,0.009839357429718795,1.0,0.0100401606425702
XGBoost,time,3,fixed,TopK_b01,5,0.01,0.05,25.953815261044166,0.00953815261044169,1.0,0.0100401606425702
XGBoost,time,3,fixed,TopK_b01,5,0.01,0.1,50.90361445783132,0.00903614457831318,1.0,0.0100401606425702
XGBoost,time,3,fixed,TopK_b01,5,0.01,0.15,75.85341365461846,0.00853413654618467,1.0,0.0100401606425702
XGBoost,time,3,fixed,TopK_b01,10,0.01,0.02,20.98393574297188,0.009839357429718795,1.0,0.0100401606425702
XGBoost,time,3,fixed,TopK_b01,10,0.01,0.05,50.95381526104417,0.00953815261044169,1.0,0.0100401606425702
XGBoost,time,3,fixed,TopK_b01,10,0.01,0.1,100.90361445783131,0.00903614457831318,1.0,0.0100401606425702
XGBoost,time,3,fixed,TopK_b01,10,0.01,0.15,150.85341365461846,0.00853413654618467,1.0,0.0100401606425702
XGBoost,time,3,fixed,TopK_b01,20,0.01,0.02,40.98393574297188,0.009839357429718795,1.0,0.0100401606425702
XGBoost,time,3,fixed,TopK_b01,20,0.01,0.05,100.95381526104417,0.00953815261044169,1.0,0.0100401606425702
XGBoost,time,3,fixed,TopK_b01,20,0.01,0.1,200.90361445783134,0.00903614457831318,1.0,0.0100401606425702
XGBoost,time,3,fixed,TopK_b01,20,0.01,0.15,300.85341365461846,0.00853413654618467,1.0,0.0100401606425702
XGBoost,time,3,fixed,TopK_b01,50,0.01,0.02,100.98393574297188,0.009839357429718795,1.0,0.0100401606425702
XGBoost,time,3,fixed,TopK_b01,50,0.01,0.05,250.95381526104416,0.00953815261044169,1.0,0.0100401606425702
XGBoost,time,3,fixed,TopK_b01,50,0.01,0.1,500.9036144578313,0.00903614457831318,1.0,0.0100401606425702
XGBoost,time,3,fixed,TopK_b01,50,0.01,0.15,750.8534136546185,0.00853413654618467,1.0,0.0100401606425702
XGBoost,time,3,fixed,TopK_b05,5,0.05,0.02,14.1673360107095,0.04834002677376167,0.9444444444444444,0.0481927710843373
XGBoost,time,3,fixed,TopK_b05,5,0.05,0.05,28.189424364123155,0.04856091030789822,0.9444444444444444,0.0481927710843373
XGBoost,time,3,fixed,TopK_b05,5,0.05,0.1,51.55957161981258,0.04892904953145913,0.9444444444444444,0.0481927710843373
XGBoost,time,3,fixed,TopK_b05,5,0.05,0.15,74.92971887550199,0.049297188755020045,0.9444444444444444,0.0481927710843373
XGBoost,time,3,fixed,TopK_b05,10,0.05,0.02,23.611780455153944,0.04834002677376167,0.9444444444444444,0.0481927710843373
XGBoost,time,3,fixed,TopK_b05,10,0.05,0.05,51.80053547523427,0.04856091030789822,0.9444444444444444,0.0481927710843373
XGBoost,time,3,fixed,TopK_b05,10,0.05,0.1,98.7817938420348,0.04892904953145913,0.9444444444444444,0.0481927710843373
XGBoost,time,3,fixed,TopK_b05,10,0.05,0.15,145.76305220883532,0.049297188755020045,0.9444444444444444,0.0481927710843373
XGBoost,time,3,fixed,TopK_b05,20,0.05,0.02,42.50066934404283,0.04834002677376167,0.9444444444444444,0.0481927710843373
XGBoost,time,3,fixed,TopK_b05,20,0.05,0.05,99.02275769745648,0.04856091030789822,0.9444444444444444,0.0481927710843373
XGBoost,time,3,fixed,TopK_b05,20,0.05,0.1,193.22623828647926,0.04892904953145913,0.9444444444444444,0.0481927710843373
XGBoost,time,3,fixed,TopK_b05,20,0.05,0.15,287.429718875502,0.049297188755020045,0.9444444444444444,0.0481927710843373
XGBoost,time,3,fixed,TopK_b05,50,0.05,0.02,99.16733601070949,0.04834002677376167,0.9444444444444444,0.0481927710843373
XGBoost,time,3,fixed,TopK_b05,50,0.05,0.05,240.68942436412314,0.04856091030789822,0.9444444444444444,0.0481927710843373
XGBoost,time,3,fixed,TopK_b05,50,0.05,0.1,476.5595716198126,0.04892904953145913,0.9444444444444444,0.0481927710843373
XGBoost,time,3,fixed,TopK_b05,50,0.05,0.15,712.429718875502,0.049297188755020045,0.9444444444444444,0.0481927710843373
XGBoost,time,3,fixed,TopK_b10,5,0.1,0.02,17.026773761713514,0.09693440428380183,0.7777777777777778,0.0943775100401606
XGBoost,time,3,fixed,TopK_b10,5,0.1,0.05,28.410307898259703,0.10076974564926368,0.7777777777777778,0.0943775100401606
XGBoost,time,3,fixed,TopK_b10,5,0.1,0.1,47.38286479250334,0.10716198125836676,0.7777777777777778,0.0943775100401606
XGBoost,time,3,fixed,TopK_b10,5,0.1,0.15,66.35542168674698,0.11355421686746983,0.7777777777777778,0.0943775100401606
XGBoost,time,3,fixed,TopK_b10,10,0.1,0.02,24.804551539491293,0.09693440428380183,0.7777777777777778,0.0943775100401606
XGBoost,time,3,fixed,TopK_b10,10,0.1,0.05,47.854752342704145,0.10076974564926368,0.7777777777777778,0.0943775100401606
XGBoost,time,3,fixed,TopK_b10,10,0.1,0.1,86.27175368139224,0.10716198125836676,0.7777777777777778,0.0943775100401606
XGBoost,time,3,fixed,TopK_b10,10,0.1,0.15,124.68875502008032,0.11355421686746983,0.7777777777777778,0.0943775100401606
XGBoost,time,3,fixed,TopK_b10,20,0.1,0.02,40.36010709504685,0.09693440428380183,0.7777777777777778,0.0943775100401606
XGBoost,time,3,fixed,TopK_b10,20,0.1,0.05,86.74364123159305,0.10076974564926368,0.7777777777777778,0.0943775100401606
XGBoost,time,3,fixed,TopK_b10,20,0.1,0.1,164.04953145917,0.10716198125836676,0.7777777777777778,0.0943775100401606
XGBoost,time,3,fixed,TopK_b10,20,0.1,0.15,241.355421686747,0.11355421686746983,0.7777777777777778,0.0943775100401606
XGBoost,time,3,fixed,TopK_b10,50,0.1,0.02,87.02677376171351,0.09693440428380183,0.7777777777777778,0.0943775100401606
XGBoost,time,3,fixed,TopK_b10,50,0.1,0.05,203.4103078982597,0.10076974564926368,0.7777777777777778,0.0943775100401606
XGBoost,time,3,fixed,TopK_b10,50,0.1,0.1,397.3828647925033,0.10716198125836676,0.7777777777777778,0.0943775100401606
XGBoost,time,3,fixed,TopK_b10,50,0.1,0.15,591.3554216867469,0.11355421686746983,0.7777777777777778,0.0943775100401606
XGBoost,time,3,fixed,TopK_b20,5,0.2,0.02,25.002677376171356,0.1966934404283802,0.6111111111111112,0.1927710843373494
XGBoost,time,3,fixed,TopK_b20,5,0.2,0.05,33.59103078982597,0.20257697456492635,0.6111111111111112,0.1927710843373494
XGBoost,time,3,fixed,TopK_b20,5,0.2,0.1,47.904953145917005,0.21238286479250337,0.6111111111111112,0.1927710843373494
XGBoost,time,3,fixed,TopK_b20,5,0.2,0.15,62.21887550200804,0.22218875502008031,0.6111111111111112,0.1927710843373494
XGBoost,time,3,fixed,TopK_b20,10,0.2,0.02,31.113788487282466,0.1966934404283802,0.6111111111111112,0.1927710843373494
XGBoost,time,3,fixed,TopK_b20,10,0.2,0.05,48.86880856760375,0.20257697456492635,0.6111111111111112,0.1927710843373494
XGBoost,time,3,fixed,TopK_b20,10,0.2,0.1,78.46050870147256,0.21238286479250337,0.6111111111111112,0.1927710843373494
XGBoost,time,3,fixed,TopK_b20,10,0.2,0.15,108.05220883534136,0.22218875502008031,0.6111111111111112,0.1927710843373494
XGBoost,time,3,fixed,TopK_b20,20,0.2,0.02,43.33601070950469,0.1966934404283802,0.6111111111111112,0.1927710843373494
XGBoost,time,3,fixed,TopK_b20,20,0.2,0.05,79.42436412315931,0.20257697456492635,0.6111111111111112,0.1927710843373494
XGBoost,time,3,fixed,TopK_b20,20,0.2,0.1,139.5716198125837,0.21238286479250337,0.6111111111111112,0.1927710843373494
XGBoost,time,3,fixed,TopK_b20,20,0.2,0.15,199.71887550200805,0.22218875502008031,0.6111111111111112,0.1927710843373494
XGBoost,time,3,fixed,TopK_b20,50,0.2,0.02,80.00267737617136,0.1966934404283802,0.6111111111111112,0.1927710843373494
XGBoost,time,3,fixed,TopK_b20,50,0.2,0.05,171.091030789826,0.20257697456492635,0.6111111111111112,0.1927710843373494
XGBoost,time,3,fixed,TopK_b20,50,0.2,0.1,322.90495314591703,0.21238286479250337,0.6111111111111112,0.1927710843373494
XGBoost,time,3,fixed,TopK_b20,50,0.2,0.15,474.7188755020081,0.22218875502008031,0.6111111111111112,0.1927710843373494
XGBoost,time,3,refitted,none,5,,0.02,10.0,0.0,1.0,0.0
XGBoost,time,3,refitted,none,5,,0.05,25.0,0.0,1.0,0.0
XGBoost,time,3,refitted,none,5,,0.1,50.0,0.0,1.0,0.0
XGBoost,time,3,refitted,none,5,,0.15,75.0,0.0,1.0,0.0
XGBoost,time,3,refitted,none,10,,0.02,20.0,0.0,1.0,0.0
XGBoost,time,3,refitted,none,10,,0.05,50.0,0.0,1.0,0.0
XGBoost,time,3,refitted,none,10,,0.1,100.0,0.0,1.0,0.0
XGBoost,time,3,refitted,none,10,,0.15,150.0,0.0,1.0,0.0
XGBoost,time,3,refitted,none,20,,0.02,40.0,0.0,1.0,0.0
XGBoost,time,3,refitted,none,20,,0.05,100.0,0.0,1.0,0.0
XGBoost,time,3,refitted,none,20,,0.1,200.0,0.0,1.0,0.0
XGBoost,time,3,refitted,none,20,,0.15,300.0,0.0,1.0,0.0
XGBoost,time,3,refitted,none,50,,0.02,100.0,0.0,1.0,0.0
XGBoost,time,3,refitted,none,50,,0.05,250.0,0.0,1.0,0.0
XGBoost,time,3,refitted,none,50,,0.1,500.0,0.0,1.0,0.0
XGBoost,time,3,refitted,none,50,,0.15,750.0,0.0,1.0,0.0
XGBoost,time,3,refitted,A_b01,5,0.01,0.02,11.180722891566262,0.011807228915662613,1.0,0.0120481927710843
XGBoost,time,3,refitted,A_b01,5,0.01,0.05,26.144578313253007,0.011445783132530083,1.0,0.0120481927710843
XGBoost,time,3,refitted,A_b01,5,0.01,0.1,51.08433734939759,0.01084337349397587,1.0,0.0120481927710843
XGBoost,time,3,refitted,A_b01,5,0.01,0.15,76.02409638554217,0.010240963855421654,1.0,0.0120481927710843
XGBoost,time,3,refitted,A_b01,10,0.01,0.02,21.180722891566262,0.011807228915662613,1.0,0.0120481927710843
XGBoost,time,3,refitted,A_b01,10,0.01,0.05,51.14457831325301,0.011445783132530083,1.0,0.0120481927710843
XGBoost,time,3,refitted,A_b01,10,0.01,0.1,101.08433734939759,0.01084337349397587,1.0,0.0120481927710843
XGBoost,time,3,refitted,A_b01,10,0.01,0.15,151.02409638554218,0.010240963855421654,1.0,0.0120481927710843
XGBoost,time,3,refitted,A_b01,20,0.01,0.02,41.18072289156626,0.011807228915662613,1.0,0.0120481927710843
XGBoost,time,3,refitted,A_b01,20,0.01,0.05,101.144578313253,0.011445783132530083,1.0,0.0120481927710843
XGBoost,time,3,refitted,A_b01,20,0.01,0.1,201.08433734939757,0.01084337349397587,1.0,0.0120481927710843
XGBoost,time,3,refitted,A_b01,20,0.01,0.15,301.0240963855422,0.010240963855421654,1.0,0.0120481927710843
XGBoost,time,3,refitted,A_b01,50,0.01,0.02,101.18072289156626,0.011807228915662613,1.0,0.0120481927710843
XGBoost,time,3,refitted,A_b01,50,0.01,0.05,251.14457831325302,0.011445783132530083,1.0,0.0120481927710843
XGBoost,time,3,refitted,A_b01,50,0.01,0.1,501.0843373493976,0.01084337349397587,1.0,0.0120481927710843
XGBoost,time,3,refitted,A_b01,50,0.01,0.15,751.0240963855422,0.010240963855421654,1.0,0.0120481927710843
XGBoost,time,3,refitted,A_b05,5,0.05,0.02,14.236947791164651,0.0623694779116465,0.8333333333333334,0.0602409638554216
XGBoost,time,3,refitted,A_b05,5,0.05,0.05,26.556224899598384,0.06556224899598385,0.8333333333333334,0.0602409638554216
XGBoost,time,3,refitted,A_b05,5,0.05,0.1,47.088353413654616,0.0708835341365461,0.8333333333333334,0.0602409638554216
XGBoost,time,3,refitted,A_b05,5,0.05,0.15,67.62048192771084,0.07620481927710836,0.8333333333333334,0.0602409638554216
XGBoost,time,3,refitted,A_b05,10,0.05,0.02,22.570281124497985,0.0623694779116465,0.8333333333333334,0.0602409638554216
XGBoost,time,3,refitted,A_b05,10,0.05,0.05,47.38955823293172,0.06556224899598385,0.8333333333333334,0.0602409638554216
XGBoost,time,3,refitted,A_b05,10,0.05,0.1,88.75502008032127,0.0708835341365461,0.8333333333333334,0.0602409638554216
XGBoost,time,3,refitted,A_b05,10,0.05,0.15,130.12048192771084,0.07620481927710836,0.8333333333333334,0.0602409638554216
XGBoost,time,3,refitted,A_b05,20,0.05,0.02,39.23694779116465,0.0623694779116465,0.8333333333333334,0.0602409638554216
XGBoost,time,3,refitted,A_b05,20,0.05,0.05,89.05622489959839,0.06556224899598385,0.8333333333333334,0.0602409638554216
XGBoost,time,3,refitted,A_b05,20,0.05,0.1,172.08835341365463,0.0708835341365461,0.8333333333333334,0.0602409638554216
XGBoost,time,3,refitted,A_b05,20,0.05,0.15,255.1204819277108,0.07620481927710836,0.8333333333333334,0.0602409638554216
XGBoost,time,3,refitted,A_b05,50,0.05,0.02,89.23694779116465,0.0623694779116465,0.8333333333333334,0.0602409638554216
XGBoost,time,3,refitted,A_b05,50,0.05,0.05,214.0562248995984,0.06556224899598385,0.8333333333333334,0.0602409638554216
XGBoost,time,3,refitted,A_b05,50,0.05,0.1,422.0883534136546,0.0708835341365461,0.8333333333333334,0.0602409638554216
XGBoost,time,3,refitted,A_b05,50,0.05,0.15,630.1204819277109,0.07620481927710836,0.8333333333333334,0.0602409638554216
XGBoost,time,3,refitted,A_b10,5,0.1,0.02,16.436412315930383,0.09103078982597049,0.7777777777777778,0.0883534136546184
XGBoost,time,3,refitted,A_b10,5,0.1,0.05,27.838018741633192,0.0950468540829986,0.7777777777777778,0.0883534136546184
XGBoost,time,3,refitted,A_b10,5,0.1,0.1,46.84069611780455,0.1017402945113788,0.7777777777777778,0.0883534136546184
XGBoost,time,3,refitted,A_b10,5,0.1,0.15,65.8433734939759,0.10843373493975897,0.7777777777777778,0.0883534136546184
XGBoost,time,3,refitted,A_b10,10,0.1,0.02,24.21419009370816,0.09103078982597049,0.7777777777777778,0.0883534136546184
XGBoost,time,3,refitted,A_b10,10,0.1,0.05,47.28246318607764,0.0950468540829986,0.7777777777777778,0.0883534136546184
XGBoost,time,3,refitted,A_b10,10,0.1,0.1,85.72958500669343,0.1017402945113788,0.7777777777777778,0.0883534136546184
XGBoost,time,3,refitted,A_b10,10,0.1,0.15,124.17670682730923,0.10843373493975897,0.7777777777777778,0.0883534136546184
XGBoost,time,3,refitted,A_b10,20,0.1,0.02,39.76974564926372,0.09103078982597049,0.7777777777777778,0.0883534136546184
XGBoost,time,3,refitted,A_b10,20,0.1,0.05,86.17135207496652,0.0950468540829986,0.7777777777777778,0.0883534136546184
XGBoost,time,3,refitted,A_b10,20,0.1,0.1,163.5073627844712,0.1017402945113788,0.7777777777777778,0.0883534136546184
XGBoost,time,3,refitted,A_b10,20,0.1,0.15,240.84337349397595,0.10843373493975897,0.7777777777777778,0.0883534136546184
XGBoost,time,3,refitted,A_b10,50,0.1,0.02,86.43641231593038,0.09103078982597049,0.7777777777777778,0.0883534136546184
XGBoost,time,3,refitted,A_b10,50,0.1,0.05,202.83801874163322,0.0950468540829986,0.7777777777777778,0.0883534136546184
XGBoost,time,3,refitted,A_b10,50,0.1,0.1,396.84069611780455,0.1017402945113788,0.7777777777777778,0.0883534136546184
XGBoost,time,3,refitted,A_b10,50,0.1,0.15,590.8433734939758,0.10843373493975897,0.7777777777777778,0.0883534136546184
XGBoost,time,3,refitted,A_b20,5,0.2,0.02,30.744310575635875,0.26077643908969206,0.5555555555555556,0.2570281124497992
XGBoost,time,3,refitted,A_b20,5,0.2,0.05,38.306559571619815,0.26639892904953144,0.5555555555555556,0.2570281124497992
XGBoost,time,3,refitted,A_b20,5,0.2,0.1,50.9103078982597,0.2757697456492637,0.5555555555555556,0.2570281124497992
XGBoost,time,3,refitted,A_b20,5,0.2,0.15,63.5140562248996,0.285140562248996,0.5555555555555556,0.2570281124497992
XGBoost,time,3,refitted,A_b20,10,0.2,0.02,36.29986613119143,0.26077643908969206,0.5555555555555556,0.2570281124497992
XGBoost,time,3,refitted,A_b20,10,0.2,0.05,52.1954484605087,0.26639892904953144,0.5555555555555556,0.2570281124497992
XGBoost,time,3,refitted,A_b20,10,0.2,0.1,78.68808567603749,0.2757697456492637,0.5555555555555556,0.2570281124497992
XGBoost,time,3,refitted,A_b20,10,0.2,0.15,105.18072289156626,0.285140562248996,0.5555555555555556,0.2570281124497992
XGBoost,time,3,refitted,A_b20,20,0.2,0.02,47.41097724230254,0.26077643908969206,0.5555555555555556,0.2570281124497992
XGBoost,time,3,refitted,A_b20,20,0.2,0.05,79.97322623828647,0.26639892904953144,0.5555555555555556,0.2570281124497992
XGBoost,time,3,refitted,A_b20,20,0.2,0.1,134.24364123159305,0.2757697456492637,0.5555555555555556,0.2570281124497992
XGBoost,time,3,refitted,A_b20,20,0.2,0.15,188.5140562248996,0.285140562248996,0.5555555555555556,0.2570281124497992
XGBoost,time,3,refitted,A_b20,50,0.2,0.02,80.74431057563586,0.26077643908969206,0.5555555555555556,0.2570281124497992
XGBoost,time,3,refitted,A_b20,50,0.2,0.05,163.3065595716198,0.26639892904953144,0.5555555555555556,0.2570281124497992
XGBoost,time,3,refitted,A_b20,50,0.2,0.1,300.9103078982597,0.2757697456492637,0.5555555555555556,0.2570281124497992
XGBoost,time,3,refitted,A_b20,50,0.2,0.15,438.51405622489966,0.285140562248996,0.5555555555555556,0.2570281124497992
XGBoost,time,3,refitted,B_r05,5,,0.02,12.986613119143236,0.03653279785809905,0.9444444444444444,0.036144578313253
XGBoost,time,3,refitted,B_r05,5,,0.05,27.04484605087015,0.03711512717536813,0.9444444444444444,0.036144578313253
XGBoost,time,3,refitted,B_r05,5,,0.1,50.475234270414994,0.03808567603748325,0.9444444444444444,0.036144578313253
XGBoost,time,3,refitted,B_r05,5,,0.15,73.90562248995984,0.03905622489959838,0.9444444444444444,0.036144578313253
XGBoost,time,3,refitted,B_r10,10,,0.02,22.431057563587682,0.03653279785809905,0.9444444444444444,0.036144578313253
XGBoost,time,3,refitted,B_r10,10,,0.05,50.655957161981256,0.03711512717536813,0.9444444444444444,0.036144578313253
XGBoost,time,3,refitted,B_r10,10,,0.1,97.69745649263722,0.03808567603748325,0.9444444444444444,0.036144578313253
XGBoost,time,3,refitted,B_r10,10,,0.15,144.73895582329314,0.03905622489959838,0.9444444444444444,0.036144578313253
XGBoost,time,3,refitted,B_r20,20,,0.02,79.67469879518072,0.7467469879518073,0.1666666666666666,0.7449799196787149
XGBoost,time,3,refitted,B_r20,20,,0.05,87.43975903614457,0.7493975903614457,0.1666666666666666,0.7449799196787149
XGBoost,time,3,refitted,B_r20,20,,0.1,100.38152610441766,0.7538152610441768,0.1666666666666666,0.7449799196787149
XGBoost,time,3,refitted,B_r20,20,,0.15,113.32329317269074,0.7582329317269076,0.1666666666666666,0.7449799196787149
XGBoost,time,3,refitted,B_r50,50,,0.02,93.95850066934403,0.8462516733601071,0.1111111111111111,0.8453815261044176
XGBoost,time,3,refitted,B_r50,50,,0.05,108.08902275769745,0.8475568942436411,0.1111111111111111,0.8453815261044176
XGBoost,time,3,refitted,B_r50,50,,0.1,131.63989290495314,0.8497322623828648,0.1111111111111111,0.8453815261044176
XGBoost,time,3,refitted,B_r50,50,,0.15,155.19076305220884,0.8519076305220883,0.1111111111111111,0.8453815261044176
XGBoost,time,3,refitted,C_b01_r05,5,0.01,0.02,10.0,0.0,1.0,0.0
XGBoost,time,3,refitted,C_b01_r05,5,0.01,0.05,25.0,0.0,1.0,0.0
XGBoost,time,3,refitted,C_b01_r05,5,0.01,0.1,50.0,0.0,1.0,0.0
XGBoost,time,3,refitted,C_b01_r05,5,0.01,0.15,75.0,0.0,1.0,0.0
XGBoost,time,3,refitted,C_b01_r10,10,0.01,0.02,20.0,0.0,1.0,0.0
XGBoost,time,3,refitted,C_b01_r10,10,0.01,0.05,50.0,0.0,1.0,0.0
XGBoost,time,3,refitted,C_b01_r10,10,0.01,0.1,100.0,0.0,1.0,0.0
XGBoost,time,3,refitted,C_b01_r10,10,0.01,0.15,150.0,0.0,1.0,0.0
XGBoost,time,3,refitted,C_b01_r20,20,0.01,0.02,40.0,0.0,1.0,0.0
XGBoost,time,3,refitted,C_b01_r20,20,0.01,0.05,100.0,0.0,1.0,0.0
XGBoost,time,3,refitted,C_b01_r20,20,0.01,0.1,200.0,0.0,1.0,0.0
XGBoost,time,3,refitted,C_b01_r20,20,0.01,0.15,300.0,0.0,1.0,0.0
XGBoost,time,3,refitted,C_b01_r50,50,0.01,0.02,100.0,0.0,1.0,0.0
XGBoost,time,3,refitted,C_b01_r50,50,0.01,0.05,250.0,0.0,1.0,0.0
XGBoost,time,3,refitted,C_b01_r50,50,0.01,0.1,500.0,0.0,1.0,0.0
XGBoost,time,3,refitted,C_b01_r50,50,0.01,0.15,750.0,0.0,1.0,0.0
XGBoost,time,3,refitted,C_b05_r05,5,0.05,0.02,12.986613119143236,0.03653279785809905,0.9444444444444444,0.036144578313253
XGBoost,time,3,refitted,C_b05_r05,5,0.05,0.05,27.04484605087015,0.03711512717536813,0.9444444444444444,0.036144578313253
XGBoost,time,3,refitted,C_b05_r05,5,0.05,0.1,50.475234270414994,0.03808567603748325,0.9444444444444444,0.036144578313253
XGBoost,time,3,refitted,C_b05_r05,5,0.05,0.15,73.90562248995984,0.03905622489959838,0.9444444444444444,0.036144578313253
XGBoost,time,3,refitted,C_b05_r10,10,0.05,0.02,22.431057563587682,0.03653279785809905,0.9444444444444444,0.036144578313253
XGBoost,time,3,refitted,C_b05_r10,10,0.05,0.05,50.655957161981256,0.03711512717536813,0.9444444444444444,0.036144578313253
XGBoost,time,3,refitted,C_b05_r10,10,0.05,0.1,97.69745649263722,0.03808567603748325,0.9444444444444444,0.036144578313253
XGBoost,time,3,refitted,C_b05_r10,10,0.05,0.15,144.73895582329314,0.03905622489959838,0.9444444444444444,0.036144578313253
XGBoost,time,3,refitted,C_b05_r20,20,0.05,0.02,41.31994645247657,0.03653279785809905,0.9444444444444444,0.036144578313253
XGBoost,time,3,refitted,C_b05_r20,20,0.05,0.05,97.87817938420348,0.03711512717536813,0.9444444444444444,0.036144578313253
XGBoost,time,3,refitted,C_b05_r20,20,0.05,0.1,192.14190093708166,0.03808567603748325,0.9444444444444444,0.036144578313253
XGBoost,time,3,refitted,C_b05_r20,20,0.05,0.15,286.4056224899598,0.03905622489959838,0.9444444444444444,0.036144578313253
XGBoost,time,3,refitted,C_b05_r50,50,0.05,0.02,97.98661311914324,0.03653279785809905,0.9444444444444444,0.036144578313253
XGBoost,time,3,refitted,C_b05_r50,50,0.05,0.05,239.54484605087015,0.03711512717536813,0.9444444444444444,0.036144578313253
XGBoost,time,3,refitted,C_b05_r50,50,0.05,0.1,475.475234270415,0.03808567603748325,0.9444444444444444,0.036144578313253
XGBoost,time,3,refitted,C_b05_r50,50,0.05,0.15,711.4056224899598,0.03905622489959838,0.9444444444444444,0.036144578313253
XGBoost,time,3,refitted,C_b10_r05,5,0.1,0.02,12.986613119143236,0.03653279785809905,0.9444444444444444,0.036144578313253
XGBoost,time,3,refitted,C_b10_r05,5,0.1,0.05,27.04484605087015,0.03711512717536813,0.9444444444444444,0.036144578313253
XGBoost,time,3,refitted,C_b10_r05,5,0.1,0.1,50.475234270414994,0.03808567603748325,0.9444444444444444,0.036144578313253
XGBoost,time,3,refitted,C_b10_r05,5,0.1,0.15,73.90562248995984,0.03905622489959838,0.9444444444444444,0.036144578313253
XGBoost,time,3,refitted,C_b10_r10,10,0.1,0.02,22.431057563587682,0.03653279785809905,0.9444444444444444,0.036144578313253
XGBoost,time,3,refitted,C_b10_r10,10,0.1,0.05,50.655957161981256,0.03711512717536813,0.9444444444444444,0.036144578313253
XGBoost,time,3,refitted,C_b10_r10,10,0.1,0.1,97.69745649263722,0.03808567603748325,0.9444444444444444,0.036144578313253
XGBoost,time,3,refitted,C_b10_r10,10,0.1,0.15,144.73895582329314,0.03905622489959838,0.9444444444444444,0.036144578313253
XGBoost,time,3,refitted,C_b10_r20,20,0.1,0.02,39.76974564926372,0.09103078982597049,0.7777777777777778,0.0883534136546184
XGBoost,time,3,refitted,C_b10_r20,20,0.1,0.05,86.17135207496652,0.0950468540829986,0.7777777777777778,0.0883534136546184
XGBoost,time,3,refitted,C_b10_r20,20,0.1,0.1,163.5073627844712,0.1017402945113788,0.7777777777777778,0.0883534136546184
XGBoost,time,3,refitted,C_b10_r20,20,0.1,0.15,240.84337349397595,0.10843373493975897,0.7777777777777778,0.0883534136546184
XGBoost,time,3,refitted,C_b10_r50,50,0.1,0.02,86.43641231593038,0.09103078982597049,0.7777777777777778,0.0883534136546184
XGBoost,time,3,refitted,C_b10_r50,50,0.1,0.05,202.83801874163322,0.0950468540829986,0.7777777777777778,0.0883534136546184
XGBoost,time,3,refitted,C_b10_r50,50,0.1,0.1,396.84069611780455,0.1017402945113788,0.7777777777777778,0.0883534136546184
XGBoost,time,3,refitted,C_b10_r50,50,0.1,0.15,590.8433734939758,0.10843373493975897,0.7777777777777778,0.0883534136546184
XGBoost,time,3,refitted,C_b20_r05,5,0.2,0.02,12.986613119143236,0.03653279785809905,0.9444444444444444,0.036144578313253
XGBoost,time,3,refitted,C_b20_r05,5,0.2,0.05,27.04484605087015,0.03711512717536813,0.9444444444444444,0.036144578313253
XGBoost,time,3,refitted,C_b20_r05,5,0.2,0.1,50.475234270414994,0.03808567603748325,0.9444444444444444,0.036144578313253
XGBoost,time,3,refitted,C_b20_r05,5,0.2,0.15,73.90562248995984,0.03905622489959838,0.9444444444444444,0.036144578313253
XGBoost,time,3,refitted,C_b20_r10,10,0.2,0.02,22.431057563587682,0.03653279785809905,0.9444444444444444,0.036144578313253
XGBoost,time,3,refitted,C_b20_r10,10,0.2,0.05,50.655957161981256,0.03711512717536813,0.9444444444444444,0.036144578313253
XGBoost,time,3,refitted,C_b20_r10,10,0.2,0.1,97.69745649263722,0.03808567603748325,0.9444444444444444,0.036144578313253
XGBoost,time,3,refitted,C_b20_r10,10,0.2,0.15,144.73895582329314,0.03905622489959838,0.9444444444444444,0.036144578313253
XGBoost,time,3,refitted,C_b20_r20,20,0.2,0.02,39.76974564926372,0.09103078982597049,0.7777777777777778,0.0883534136546184
XGBoost,time,3,refitted,C_b20_r20,20,0.2,0.05,86.17135207496652,0.0950468540829986,0.7777777777777778,0.0883534136546184
XGBoost,time,3,refitted,C_b20_r20,20,0.2,0.1,163.5073627844712,0.1017402945113788,0.7777777777777778,0.0883534136546184
XGBoost,time,3,refitted,C_b20_r20,20,0.2,0.15,240.84337349397595,0.10843373493975897,0.7777777777777778,0.0883534136546184
XGBoost,time,3,refitted,C_b20_r50,50,0.2,0.02,82.60642570281124,0.1660642570281124,0.6666666666666666,0.1626506024096385
XGBoost,time,3,refitted,C_b20_r50,50,0.2,0.05,182.1184738955823,0.17118473895582323,0.6666666666666666,0.1626506024096385
XGBoost,time,3,refitted,C_b20_r50,50,0.2,0.1,347.9718875502008,0.179718875502008,0.6666666666666666,0.1626506024096385
XGBoost,time,3,refitted,C_b20_r50,50,0.2,0.15,513.8253012048192,0.18825301204819272,0.6666666666666666,0.1626506024096385
XGBoost,time,3,refitted,TopK_b01,5,0.01,0.02,10.98393574297188,0.009839357429718795,1.0,0.0100401606425702
XGBoost,time,3,refitted,TopK_b01,5,0.01,0.05,25.953815261044166,0.00953815261044169,1.0,0.0100401606425702
XGBoost,time,3,refitted,TopK_b01,5,0.01,0.1,50.90361445783132,0.00903614457831318,1.0,0.0100401606425702
XGBoost,time,3,refitted,TopK_b01,5,0.01,0.15,75.85341365461846,0.00853413654618467,1.0,0.0100401606425702
XGBoost,time,3,refitted,TopK_b01,10,0.01,0.02,20.98393574297188,0.009839357429718795,1.0,0.0100401606425702
XGBoost,time,3,refitted,TopK_b01,10,0.01,0.05,50.95381526104417,0.00953815261044169,1.0,0.0100401606425702
XGBoost,time,3,refitted,TopK_b01,10,0.01,0.1,100.90361445783131,0.00903614457831318,1.0,0.0100401606425702
XGBoost,time,3,refitted,TopK_b01,10,0.01,0.15,150.85341365461846,0.00853413654618467,1.0,0.0100401606425702
XGBoost,time,3,refitted,TopK_b01,20,0.01,0.02,40.98393574297188,0.009839357429718795,1.0,0.0100401606425702
XGBoost,time,3,refitted,TopK_b01,20,0.01,0.05,100.95381526104417,0.00953815261044169,1.0,0.0100401606425702
XGBoost,time,3,refitted,TopK_b01,20,0.01,0.1,200.90361445783134,0.00903614457831318,1.0,0.0100401606425702
XGBoost,time,3,refitted,TopK_b01,20,0.01,0.15,300.85341365461846,0.00853413654618467,1.0,0.0100401606425702
XGBoost,time,3,refitted,TopK_b01,50,0.01,0.02,100.98393574297188,0.009839357429718795,1.0,0.0100401606425702
XGBoost,time,3,refitted,TopK_b01,50,0.01,0.05,250.95381526104416,0.00953815261044169,1.0,0.0100401606425702
XGBoost,time,3,refitted,TopK_b01,50,0.01,0.1,500.9036144578313,0.00903614457831318,1.0,0.0100401606425702
XGBoost,time,3,refitted,TopK_b01,50,0.01,0.15,750.8534136546185,0.00853413654618467,1.0,0.0100401606425702
XGBoost,time,3,refitted,TopK_b05,5,0.05,0.02,14.1673360107095,0.04834002677376167,0.9444444444444444,0.0481927710843373
XGBoost,time,3,refitted,TopK_b05,5,0.05,0.05,28.189424364123155,0.04856091030789822,0.9444444444444444,0.0481927710843373
XGBoost,time,3,refitted,TopK_b05,5,0.05,0.1,51.55957161981258,0.04892904953145913,0.9444444444444444,0.0481927710843373
XGBoost,time,3,refitted,TopK_b05,5,0.05,0.15,74.92971887550199,0.049297188755020045,0.9444444444444444,0.0481927710843373
XGBoost,time,3,refitted,TopK_b05,10,0.05,0.02,23.611780455153944,0.04834002677376167,0.9444444444444444,0.0481927710843373
XGBoost,time,3,refitted,TopK_b05,10,0.05,0.05,51.80053547523427,0.04856091030789822,0.9444444444444444,0.0481927710843373
XGBoost,time,3,refitted,TopK_b05,10,0.05,0.1,98.7817938420348,0.04892904953145913,0.9444444444444444,0.0481927710843373
XGBoost,time,3,refitted,TopK_b05,10,0.05,0.15,145.76305220883532,0.049297188755020045,0.9444444444444444,0.0481927710843373
XGBoost,time,3,refitted,TopK_b05,20,0.05,0.02,42.50066934404283,0.04834002677376167,0.9444444444444444,0.0481927710843373
XGBoost,time,3,refitted,TopK_b05,20,0.05,0.05,99.02275769745648,0.04856091030789822,0.9444444444444444,0.0481927710843373
XGBoost,time,3,refitted,TopK_b05,20,0.05,0.1,193.22623828647926,0.04892904953145913,0.9444444444444444,0.0481927710843373
XGBoost,time,3,refitted,TopK_b05,20,0.05,0.15,287.429718875502,0.049297188755020045,0.9444444444444444,0.0481927710843373
XGBoost,time,3,refitted,TopK_b05,50,0.05,0.02,99.16733601070949,0.04834002677376167,0.9444444444444444,0.0481927710843373
XGBoost,time,3,refitted,TopK_b05,50,0.05,0.05,240.68942436412314,0.04856091030789822,0.9444444444444444,0.0481927710843373
XGBoost,time,3,refitted,TopK_b05,50,0.05,0.1,476.5595716198126,0.04892904953145913,0.9444444444444444,0.0481927710843373
XGBoost,time,3,refitted,TopK_b05,50,0.05,0.15,712.429718875502,0.049297188755020045,0.9444444444444444,0.0481927710843373
XGBoost,time,3,refitted,TopK_b10,5,0.1,0.02,17.026773761713514,0.09693440428380183,0.7777777777777778,0.0943775100401606
XGBoost,time,3,refitted,TopK_b10,5,0.1,0.05,28.410307898259703,0.10076974564926368,0.7777777777777778,0.0943775100401606
XGBoost,time,3,refitted,TopK_b10,5,0.1,0.1,47.38286479250334,0.10716198125836676,0.7777777777777778,0.0943775100401606
XGBoost,time,3,refitted,TopK_b10,5,0.1,0.15,66.35542168674698,0.11355421686746983,0.7777777777777778,0.0943775100401606
XGBoost,time,3,refitted,TopK_b10,10,0.1,0.02,24.804551539491293,0.09693440428380183,0.7777777777777778,0.0943775100401606
XGBoost,time,3,refitted,TopK_b10,10,0.1,0.05,47.854752342704145,0.10076974564926368,0.7777777777777778,0.0943775100401606
XGBoost,time,3,refitted,TopK_b10,10,0.1,0.1,86.27175368139224,0.10716198125836676,0.7777777777777778,0.0943775100401606
XGBoost,time,3,refitted,TopK_b10,10,0.1,0.15,124.68875502008032,0.11355421686746983,0.7777777777777778,0.0943775100401606
XGBoost,time,3,refitted,TopK_b10,20,0.1,0.02,40.36010709504685,0.09693440428380183,0.7777777777777778,0.0943775100401606
XGBoost,time,3,refitted,TopK_b10,20,0.1,0.05,86.74364123159305,0.10076974564926368,0.7777777777777778,0.0943775100401606
XGBoost,time,3,refitted,TopK_b10,20,0.1,0.1,164.04953145917,0.10716198125836676,0.7777777777777778,0.0943775100401606
XGBoost,time,3,refitted,TopK_b10,20,0.1,0.15,241.355421686747,0.11355421686746983,0.7777777777777778,0.0943775100401606
XGBoost,time,3,refitted,TopK_b10,50,0.1,0.02,87.02677376171351,0.09693440428380183,0.7777777777777778,0.0943775100401606
XGBoost,time,3,refitted,TopK_b10,50,0.1,0.05,203.4103078982597,0.10076974564926368,0.7777777777777778,0.0943775100401606
XGBoost,time,3,refitted,TopK_b10,50,0.1,0.1,397.3828647925033,0.10716198125836676,0.7777777777777778,0.0943775100401606
XGBoost,time,3,refitted,TopK_b10,50,0.1,0.15,591.3554216867469,0.11355421686746983,0.7777777777777778,0.0943775100401606
XGBoost,time,3,refitted,TopK_b20,5,0.2,0.02,24.80589022757697,0.19472556894243637,0.6111111111111112,0.1907630522088353
XGBoost,time,3,refitted,TopK_b20,5,0.2,0.05,33.40026773761713,0.20066934404283798,0.6111111111111112,0.1907630522088353
XGBoost,time,3,refitted,TopK_b20,5,0.2,0.1,47.724230254350736,0.21057563587684067,0.6111111111111112,0.1907630522088353
XGBoost,time,3,refitted,TopK_b20,5,0.2,0.15,62.04819277108433,0.22048192771084332,0.6111111111111112,0.1907630522088353
XGBoost,time,3,refitted,TopK_b20,10,0.2,0.02,30.91700133868808,0.19472556894243637,0.6111111111111112,0.1907630522088353
XGBoost,time,3,refitted,TopK_b20,10,0.2,0.05,48.678045515394906,0.20066934404283798,0.6111111111111112,0.1907630522088353
XGBoost,time,3,refitted,TopK_b20,10,0.2,0.1,78.27978580990629,0.21057563587684067,0.6111111111111112,0.1907630522088353
XGBoost,time,3,refitted,TopK_b20,10,0.2,0.15,107.88152610441767,0.22048192771084332,0.6111111111111112,0.1907630522088353
XGBoost,time,3,refitted,TopK_b20,20,0.2,0.02,43.1392235609103,0.19472556894243637,0.6111111111111112,0.1907630522088353
XGBoost,time,3,refitted,TopK_b20,20,0.2,0.05,79.23360107095047,0.20066934404283798,0.6111111111111112,0.1907630522088353
XGBoost,time,3,refitted,TopK_b20,20,0.2,0.1,139.3908969210174,0.21057563587684067,0.6111111111111112,0.1907630522088353
XGBoost,time,3,refitted,TopK_b20,20,0.2,0.15,199.54819277108436,0.22048192771084332,0.6111111111111112,0.1907630522088353
XGBoost,time,3,refitted,TopK_b20,50,0.2,0.02,79.80589022757698,0.19472556894243637,0.6111111111111112,0.1907630522088353
XGBoost,time,3,refitted,TopK_b20,50,0.2,0.05,170.90026773761716,0.20066934404283798,0.6111111111111112,0.1907630522088353
XGBoost,time,3,refitted,TopK_b20,50,0.2,0.1,322.72423025435074,0.21057563587684067,0.6111111111111112,0.1907630522088353
XGBoost,time,3,refitted,TopK_b20,50,0.2,0.15,474.5481927710844,0.22048192771084332,0.6111111111111112,0.1907630522088353
XGBoost,holdout,0,fixed,none,5,,0.02,10.0,0.0,1.0,0.0
XGBoost,holdout,0,fixed,none,5,,0.05,25.0,0.0,1.0,0.0
XGBoost,holdout,0,fixed,none,5,,0.1,50.0,0.0,1.0,0.0
XGBoost,holdout,0,fixed,none,5,,0.15,75.0,0.0,1.0,0.0
XGBoost,holdout,0,fixed,none,10,,0.02,20.0,0.0,1.0,0.0
XGBoost,holdout,0,fixed,none,10,,0.05,50.0,0.0,1.0,0.0
XGBoost,holdout,0,fixed,none,10,,0.1,100.0,0.0,1.0,0.0
XGBoost,holdout,0,fixed,none,10,,0.15,150.0,0.0,1.0,0.0
XGBoost,holdout,0,fixed,none,20,,0.02,40.0,0.0,1.0,0.0
XGBoost,holdout,0,fixed,none,20,,0.05,100.0,0.0,1.0,0.0
XGBoost,holdout,0,fixed,none,20,,0.1,200.0,0.0,1.0,0.0
XGBoost,holdout,0,fixed,none,20,,0.15,300.0,0.0,1.0,0.0
XGBoost,holdout,0,fixed,none,50,,0.02,100.0,0.0,1.0,0.0
XGBoost,holdout,0,fixed,none,50,,0.05,250.0,0.0,1.0,0.0
XGBoost,holdout,0,fixed,none,50,,0.1,500.0,0.0,1.0,0.0
XGBoost,holdout,0,fixed,none,50,,0.15,750.0,0.0,1.0,0.0
XGBoost,holdout,0,fixed,A_b01,5,0.01,0.02,9.615384615384617,0.0007692307692307687,0.9615384615384616,0.0
XGBoost,holdout,0,fixed,A_b01,5,0.01,0.05,24.03846153846154,0.0019230769230769219,0.9615384615384616,0.0
XGBoost,holdout,0,fixed,A_b01,5,0.01,0.1,48.07692307692308,0.0038461538461538438,0.9615384615384616,0.0
XGBoost,holdout,0,fixed,A_b01,5,0.01,0.15,72.11538461538461,0.005769230769230765,0.9615384615384616,0.0
XGBoost,holdout,0,fixed,A_b01,10,0.01,0.02,19.230769230769234,0.0007692307692307687,0.9615384615384616,0.0
XGBoost,holdout,0,fixed,A_b01,10,0.01,0.05,48.07692307692308,0.0019230769230769219,0.9615384615384616,0.0
XGBoost,holdout,0,fixed,A_b01,10,0.01,0.1,96.15384615384616,0.0038461538461538438,0.9615384615384616,0.0
XGBoost,holdout,0,fixed,A_b01,10,0.01,0.15,144.23076923076923,0.005769230769230765,0.9615384615384616,0.0
XGBoost,holdout,0,fixed,A_b01,20,0.01,0.02,38.46153846153847,0.0007692307692307687,0.9615384615384616,0.0
XGBoost,holdout,0,fixed,A_b01,20,0.01,0.05,96.15384615384616,0.0019230769230769219,0.9615384615384616,0.0
XGBoost,holdout,0,fixed,A_b01,20,0.01,0.1,192.30769230769232,0.0038461538461538438,0.9615384615384616,0.0
XGBoost,holdout,0,fixed,A_b01,20,0.01,0.15,288.46153846153845,0.005769230769230765,0.9615384615384616,0.0
XGBoost,holdout,0,fixed,A_b01,50,0.01,0.02,96.15384615384616,0.0007692307692307687,0.9615384615384616,0.0
XGBoost,holdout,0,fixed,A_b01,50,0.01,0.05,240.3846153846154,0.0019230769230769219,0.9615384615384616,0.0
XGBoost,holdout,0,fixed,A_b01,50,0.01,0.1,480.7692307692308,0.0038461538461538438,0.9615384615384616,0.0
XGBoost,holdout,0,fixed,A_b01,50,0.01,0.15,721.1538461538462,0.005769230769230765,0.9615384615384616,0.0
XGBoost,holdout,0,fixed,A_b05,5,0.05,0.02,10.802961744138216,0.017260386672151372,0.9230769230769232,0.0160427807486631
XGBoost,holdout,0,fixed,A_b05,5,0.05,0.05,24.600987248046074,0.01908679555738378,0.9230769230769232,0.0160427807486631
XGBoost,holdout,0,fixed,A_b05,5,0.05,0.1,47.59769642122584,0.022130810366104467,0.9230769230769232,0.0160427807486631
XGBoost,holdout,0,fixed,A_b05,5,0.05,0.15,70.5944055944056,0.025174825174825145,0.9230769230769232,0.0160427807486631
XGBoost,holdout,0,fixed,A_b05,10,0.05,0.02,20.03373097490745,0.017260386672151372,0.9230769230769232,0.0160427807486631
XGBoost,holdout,0,fixed,A_b05,10,0.05,0.05,47.67791032496916,0.01908679555738378,0.9230769230769232,0.0160427807486631
XGBoost,holdout,0,fixed,A_b05,10,0.05,0.1,93.751542575072,0.022130810366104467,0.9230769230769232,0.0160427807486631
XGBoost,holdout,0,fixed,A_b05,10,0.05,0.15,139.82517482517486,0.025174825174825145,0.9230769230769232,0.0160427807486631
XGBoost,holdout,0,fixed,A_b05,20,0.05,0.02,38.495269436445916,0.017260386672151372,0.9230769230769232,0.0160427807486631
XGBoost,holdout,0,fixed,A_b05,20,0.05,0.05,93.83175647881532,0.01908679555738378,0.9230769230769232,0.0160427807486631
XGBoost,holdout,0,fixed,A_b05,20,0.05,0.1,186.05923488276431,0.022130810366104467,0.9230769230769232,0.0160427807486631
XGBoost,holdout,0,fixed,A_b05,20,0.05,0.15,278.28671328671334,0.025174825174825145,0.9230769230769232,0.0160427807486631
XGBoost,holdout,0,fixed,A_b05,50,0.05,0.02,93.87988482106131,0.017260386672151372,0.9230769230769232,0.0160427807486631
XGBoost,holdout,0,fixed,A_b05,50,0.05,0.05,232.29329494035377,0.01908679555738378,0.9230769230769232,0.0160427807486631
XGBoost,holdout,0,fixed,A_b05,50,0.05,0.1,462.9823118058413,0.022130810366104467,0.9230769230769232,0.0160427807486631
XGBoost,holdout,0,fixed,A_b05,50,0.05,0.15,693.6713286713288,0.025174825174825145,0.9230769230769232,0.0160427807486631
XGBoost,holdout,0,fixed,A_b10,5,0.1,0.02,13.554298642533935,0.04477375565610856,0.9230769230769232,0.0441176470588235
XGBoost,holdout,0,fixed,A_b10,5,0.1,0.05,27.268099547511316,0.04575791855203616,0.9230769230769232,0.0441176470588235
XGBoost,holdout,0,fixed,A_b10,5,0.1,0.1,50.12443438914027,0.047398190045248825,0.9230769230769232,0.0441176470588235
XGBoost,holdout,0,fixed,A_b10,5,0.1,0.15,72.98076923076924,0.04903846153846148,0.9230769230769232,0.0441176470588235
XGBoost,holdout,0,fixed,A_b10,10,0.1,0.02,22.785067873303166,0.04477375565610856,0.9230769230769232,0.0441176470588235
XGBoost,holdout,0,fixed,A_b10,10,0.1,0.05,50.3450226244344,0.04575791855203616,0.9230769230769232,0.0441176470588235
XGBoost,holdout,0,fixed,A_b10,10,0.1,0.1,96.27828054298644,0.047398190045248825,0.9230769230769232,0.0441176470588235
XGBoost,holdout,0,fixed,A_b10,10,0.1,0.15,142.21153846153845,0.04903846153846148,0.9230769230769232,0.0441176470588235
XGBoost,holdout,0,fixed,A_b10,20,0.1,0.02,41.24660633484164,0.04477375565610856,0.9230769230769232,0.0441176470588235
XGBoost,holdout,0,fixed,A_b10,20,0.1,0.05,96.49886877828055,0.04575791855203616,0.9230769230769232,0.0441176470588235
XGBoost,holdout,0,fixed,A_b10,20,0.1,0.1,188.5859728506788,0.047398190045248825,0.9230769230769232,0.0441176470588235
XGBoost,holdout,0,fixed,A_b10,20,0.1,0.15,280.67307692307696,0.04903846153846148,0.9230769230769232,0.0441176470588235
XGBoost,holdout,0,fixed,A_b10,50,0.1,0.02,96.63122171945703,0.04477375565610856,0.9230769230769232,0.0441176470588235
XGBoost,holdout,0,fixed,A_b10,50,0.1,0.05,234.96040723981903,0.04575791855203616,0.9230769230769232,0.0441176470588235
XGBoost,holdout,0,fixed,A_b10,50,0.1,0.1,465.50904977375575,0.047398190045248825,0.9230769230769232,0.0441176470588235
XGBoost,holdout,0,fixed,A_b10,50,0.1,0.15,696.0576923076924,0.04903846153846148,0.9230769230769232,0.0441176470588235
XGBoost,holdout,0,fixed,A_b20,5,0.2,0.02,17.5269436445907,0.10757712875359929,0.7307692307692307,0.1042780748663101
XGBoost,holdout,0,fixed,A_b20,5,0.2,0.05,28.17564788153023,0.11252570958453306,0.7307692307692307,0.1042780748663101
XGBoost,holdout,0,fixed,A_b20,5,0.2,0.1,45.923488276429445,0.12077334430275602,0.7307692307692307,0.1042780748663101
XGBoost,holdout,0,fixed,A_b20,5,0.2,0.15,63.671328671328666,0.12902097902097898,0.7307692307692307,0.1042780748663101
XGBoost,holdout,0,fixed,A_b20,10,0.2,0.02,24.83463595228301,0.10757712875359929,0.7307692307692307,0.1042780748663101
XGBoost,holdout,0,fixed,A_b20,10,0.2,0.05,46.444878650761,0.11252570958453306,0.7307692307692307,0.1042780748663101
XGBoost,holdout,0,fixed,A_b20,10,0.2,0.1,82.46194981489097,0.12077334430275602,0.7307692307692307,0.1042780748663101
XGBoost,holdout,0,fixed,A_b20,10,0.2,0.15,118.47902097902096,0.12902097902097898,0.7307692307692307,0.1042780748663101
XGBoost,holdout,0,fixed,A_b20,20,0.2,0.02,39.45002056766762,0.10757712875359929,0.7307692307692307,0.1042780748663101
XGBoost,holdout,0,fixed,A_b20,20,0.2,0.05,82.98334018922253,0.11252570958453306,0.7307692307692307,0.1042780748663101
XGBoost,holdout,0,fixed,A_b20,20,0.2,0.1,155.53887289181404,0.12077334430275602,0.7307692307692307,0.1042780748663101
XGBoost,holdout,0,fixed,A_b20,20,0.2,0.15,228.09440559440554,0.12902097902097898,0.7307692307692307,0.1042780748663101
XGBoost,holdout,0,fixed,A_b20,50,0.2,0.02,83.29617441382146,0.10757712875359929,0.7307692307692307,0.1042780748663101
XGBoost,holdout,0,fixed,A_b20,50,0.2,0.05,192.59872480460714,0.11252570958453306,0.7307692307692307,0.1042780748663101
XGBoost,holdout,0,fixed,A_b20,50,0.2,0.1,374.76964212258326,0.12077334430275602,0.7307692307692307,0.1042780748663101
XGBoost,holdout,0,fixed,A_b20,50,0.2,0.15,556.9405594405595,0.12902097902097898,0.7307692307692307,0.1042780748663101
XGBoost,holdout,0,fixed,B_r05,5,,0.02,10.0,0.0,1.0,0.0
XGBoost,holdout,0,fixed,B_r05,5,,0.05,25.0,0.0,1.0,0.0
XGBoost,holdout,0,fixed,B_r05,5,,0.1,50.0,0.0,1.0,0.0
XGBoost,holdout,0,fixed,B_r05,5,,0.15,75.0,0.0,1.0,0.0
XGBoost,holdout,0,fixed,B_r10,10,,0.02,22.852529823118058,0.07929452900041133,0.7692307692307693,0.0762032085561497
XGBoost,holdout,0,fixed,B_r10,10,,0.05,45.70084327437268,0.08393150966680375,0.7692307692307693,0.0762032085561497
XGBoost,holdout,0,fixed,B_r10,10,,0.1,83.78136569313041,0.09165981077745781,0.7692307692307693,0.0762032085561497
XGBoost,holdout,0,fixed,B_r10,10,,0.15,121.86188811188812,0.09938811188811186,0.7692307692307693,0.0762032085561497
XGBoost,holdout,0,fixed,B_r20,20,,0.02,79.8821472645002,0.7380522418757712,0.1923076923076923,0.7366310160427807
XGBoost,holdout,0,fixed,B_r20,20,,0.05,89.21071575483339,0.740184080625257,0.1923076923076923,0.7366310160427807
XGBoost,holdout,0,fixed,B_r20,20,,0.1,104.75832990538873,0.7437371452077335,0.1923076923076923,0.7366310160427807
XGBoost,holdout,0,fixed,B_r20,20,,0.15,120.30594405594405,0.7472902097902098,0.1923076923076923,0.7366310160427807
XGBoost,holdout,0,fixed,B_r50,50,,0.02,96.03475935828877,0.9803475935828877,0.0,0.9799465240641712
XGBoost,holdout,0,fixed,B_r50,50,,0.05,93.09491978609626,0.9809491978609626,0.0,0.9799465240641712
XGBoost,holdout,0,fixed,B_r50,50,,0.1,88.19518716577541,0.981951871657754,0.0,0.9799465240641712
XGBoost,holdout,0,fixed,B_r50,50,,0.15,83.29545454545455,0.9829545454545455,0.0,0.9799465240641712
XGBoost,holdout,0,fixed,C_b01_r05,5,0.01,0.02,10.0,0.0,1.0,0.0
XGBoost,holdout,0,fixed,C_b01_r05,5,0.01,0.05,25.0,0.0,1.0,0.0
XGBoost,holdout,0,fixed,C_b01_r05,5,0.01,0.1,50.0,0.0,1.0,0.0
XGBoost,holdout,0,fixed,C_b01_r05,5,0.01,0.15,75.0,0.0,1.0,0.0
XGBoost,holdout,0,fixed,C_b01_r10,10,0.01,0.02,20.0,0.0,1.0,0.0
XGBoost,holdout,0,fixed,C_b01_r10,10,0.01,0.05,50.0,0.0,1.0,0.0
XGBoost,holdout,0,fixed,C_b01_r10,10,0.01,0.1,100.0,0.0,1.0,0.0
XGBoost,holdout,0,fixed,C_b01_r10,10,0.01,0.15,150.0,0.0,1.0,0.0
XGBoost,holdout,0,fixed,C_b01_r20,20,0.01,0.02,40.0,0.0,1.0,0.0
XGBoost,holdout,0,fixed,C_b01_r20,20,0.01,0.05,100.0,0.0,1.0,0.0
XGBoost,holdout,0,fixed,C_b01_r20,20,0.01,0.1,200.0,0.0,1.0,0.0
XGBoost,holdout,0,fixed,C_b01_r20,20,0.01,0.15,300.0,0.0,1.0,0.0
XGBoost,holdout,0,fixed,C_b01_r50,50,0.01,0.02,100.0,0.0,1.0,0.0
XGBoost,holdout,0,fixed,C_b01_r50,50,0.01,0.05,250.0,0.0,1.0,0.0
XGBoost,holdout,0,fixed,C_b01_r50,50,0.01,0.1,500.0,0.0,1.0,0.0
XGBoost,holdout,0,fixed,C_b01_r50,50,0.01,0.15,750.0,0.0,1.0,0.0
XGBoost,holdout,0,fixed,C_b05_r05,5,0.05,0.02,10.0,0.0,1.0,0.0
XGBoost,holdout,0,fixed,C_b05_r05,5,0.05,0.05,25.0,0.0,1.0,0.0
XGBoost,holdout,0,fixed,C_b05_r05,5,0.05,0.1,50.0,0.0,1.0,0.0
XGBoost,holdout,0,fixed,C_b05_r05,5,0.05,0.15,75.0,0.0,1.0,0.0
XGBoost,holdout,0,fixed,C_b05_r10,10,0.05,0.02,20.0,0.0,1.0,0.0
XGBoost,holdout,0,fixed,C_b05_r10,10,0.05,0.05,50.0,0.0,1.0,0.0
XGBoost,holdout,0,fixed,C_b05_r10,10,0.05,0.1,100.0,0.0,1.0,0.0
XGBoost,holdout,0,fixed,C_b05_r10,10,0.05,0.15,150.0,0.0,1.0,0.0
XGBoost,holdout,0,fixed,C_b05_r20,20,0.05,0.02,40.0,0.0,1.0,0.0
XGBoost,holdout,0,fixed,C_b05_r20,20,0.05,0.05,100.0,0.0,1.0,0.0
XGBoost,holdout,0,fixed,C_b05_r20,20,0.05,0.1,200.0,0.0,1.0,0.0
XGBoost,holdout,0,fixed,C_b05_r20,20,0.05,0.15,300.0,0.0,1.0,0.0
XGBoost,holdout,0,fixed,C_b05_r50,50,0.05,0.02,100.0,0.0,1.0,0.0
XGBoost,holdout,0,fixed,C_b05_r50,50,0.05,0.05,250.0,0.0,1.0,0.0
XGBoost,holdout,0,fixed,C_b05_r50,50,0.05,0.1,500.0,0.0,1.0,0.0
XGBoost,holdout,0,fixed,C_b05_r50,50,0.05,0.15,750.0,0.0,1.0,0.0
XGBoost,holdout,0,fixed,C_b10_r05,5,0.1,0.02,10.0,0.0,1.0,0.0
XGBoost,holdout,0,fixed,C_b10_r05,5,0.1,0.05,25.0,0.0,1.0,0.0
XGBoost,holdout,0,fixed,C_b10_r05,5,0.1,0.1,50.0,0.0,1.0,0.0
XGBoost,holdout,0,fixed,C_b10_r05,5,0.1,0.15,75.0,0.0,1.0,0.0
XGBoost,holdout,0,fixed,C_b10_r10,10,0.1,0.02,20.0,0.0,1.0,0.0
XGBoost,holdout,0,fixed,C_b10_r10,10,0.1,0.05,50.0,0.0,1.0,0.0
XGBoost,holdout,0,fixed,C_b10_r10,10,0.1,0.1,100.0,0.0,1.0,0.0
XGBoost,holdout,0,fixed,C_b10_r10,10,0.1,0.15,150.0,0.0,1.0,0.0
XGBoost,holdout,0,fixed,C_b10_r20,20,0.1,0.02,40.722542163718636,0.03953311394487862,0.9230769230769232,0.0387700534759358
XGBoost,holdout,0,fixed,C_b10_r20,20,0.1,0.05,95.99084738790621,0.04067770464829285,0.9230769230769232,0.0387700534759358
XGBoost,holdout,0,fixed,C_b10_r20,20,0.1,0.1,188.10468942821888,0.0425853558206499,0.9230769230769232,0.0387700534759358
XGBoost,holdout,0,fixed,C_b10_r20,20,0.1,0.15,280.21853146853147,0.04449300699300694,0.9230769230769232,0.0387700534759358
XGBoost,holdout,0,fixed,C_b10_r50,50,0.1,0.02,96.10715754833403,0.03953311394487862,0.9230769230769232,0.0387700534759358
XGBoost,holdout,0,fixed,C_b10_r50,50,0.1,0.05,234.45238584944468,0.04067770464829285,0.9230769230769232,0.0387700534759358
XGBoost,holdout,0,fixed,C_b10_r50,50,0.1,0.1,465.02776635129584,0.0425853558206499,0.9230769230769232,0.0387700534759358
XGBoost,holdout,0,fixed,C_b10_r50,50,0.1,0.15,695.603146853147,0.04449300699300694,0.9230769230769232,0.0387700534759358
XGBoost,holdout,0,fixed,C_b20_r05,5,0.2,0.02,10.0,0.0,1.0,0.0
XGBoost,holdout,0,fixed,C_b20_r05,5,0.2,0.05,25.0,0.0,1.0,0.0
XGBoost,holdout,0,fixed,C_b20_r05,5,0.2,0.1,50.0,0.0,1.0,0.0
XGBoost,holdout,0,fixed,C_b20_r05,5,0.2,0.15,75.0,0.0,1.0,0.0
XGBoost,holdout,0,fixed,C_b20_r10,10,0.2,0.02,22.852529823118058,0.07929452900041133,0.7692307692307693,0.0762032085561497
XGBoost,holdout,0,fixed,C_b20_r10,10,0.2,0.05,45.70084327437268,0.08393150966680375,0.7692307692307693,0.0762032085561497
XGBoost,holdout,0,fixed,C_b20_r10,10,0.2,0.1,83.78136569313041,0.09165981077745781,0.7692307692307693,0.0762032085561497
XGBoost,holdout,0,fixed,C_b20_r10,10,0.2,0.15,121.86188811188812,0.09938811188811186,0.7692307692307693,0.0762032085561497
XGBoost,holdout,0,fixed,C_b20_r20,20,0.2,0.02,38.23714520773344,0.07929452900041133,0.7692307692307693,0.0762032085561497
XGBoost,holdout,0,fixed,C_b20_r20,20,0.2,0.05,84.16238173591115,0.08393150966680375,0.7692307692307693,0.0762032085561497
XGBoost,holdout,0,fixed,C_b20_r20,20,0.2,0.1,160.70444261620733,0.09165981077745781,0.7692307692307693,0.0762032085561497
XGBoost,holdout,0,fixed,C_b20_r20,20,0.2,0.15,237.24650349650352,0.09938811188811186,0.7692307692307693,0.0762032085561497
XGBoost,holdout,0,fixed,C_b20_r50,50,0.2,0.02,84.3909913615796,0.07929452900041133,0.7692307692307693,0.0762032085561497
XGBoost,holdout,0,fixed,C_b20_r50,50,0.2,0.05,199.54699712052653,0.08393150966680375,0.7692307692307693,0.0762032085561497
XGBoost,holdout,0,fixed,C_b20_r50,50,0.2,0.1,391.4736733854381,0.09165981077745781,0.7692307692307693,0.0762032085561497
XGBoost,holdout,0,fixed,C_b20_r50,50,0.2,0.15,583.4003496503497,0.09938811188811186,0.7692307692307693,0.0762032085561497
XGBoost,holdout,0,fixed,TopK_b01,5,0.01,0.02,10.401480872069103,0.008630193336075637,0.9615384615384616,0.0080213903743315
XGBoost,holdout,0,fixed,TopK_b01,5,0.01,0.05,24.80049362402303,0.009543397778691846,0.9615384615384616,0.0080213903743315
XGBoost,holdout,0,fixed,TopK_b01,5,0.01,0.1,48.79884821061291,0.011065405183052194,0.9615384615384616,0.0080213903743315
XGBoost,holdout,0,fixed,TopK_b01,5,0.01,0.15,72.79720279720279,0.01258741258741254,0.9615384615384616,0.0080213903743315
XGBoost,holdout,0,fixed,TopK_b01,10,0.01,0.02,20.01686548745372,0.008630193336075637,0.9615384615384616,0.0080213903743315
XGBoost,holdout,0,fixed,TopK_b01,10,0.01,0.05,48.838955162484574,0.009543397778691846,0.9615384615384616,0.0080213903743315
XGBoost,holdout,0,fixed,TopK_b01,10,0.01,0.1,96.875771287536,0.011065405183052194,0.9615384615384616,0.0080213903743315
XGBoost,holdout,0,fixed,TopK_b01,10,0.01,0.15,144.9125874125874,0.01258741258741254,0.9615384615384616,0.0080213903743315
XGBoost,holdout,0,fixed,TopK_b01,20,0.01,0.02,39.247634718222955,0.008630193336075637,0.9615384615384616,0.0080213903743315
XGBoost,holdout,0,fixed,TopK_b01,20,0.01,0.05,96.91587823940765,0.009543397778691846,0.9615384615384616,0.0080213903743315
XGBoost,holdout,0,fixed,TopK_b01,20,0.01,0.1,193.02961744138213,0.011065405183052194,0.9615384615384616,0.0080213903743315
XGBoost,holdout,0,fixed,TopK_b01,20,0.01,0.15,289.14335664335664,0.01258741258741254,0.9615384615384616,0.0080213903743315
XGBoost,holdout,0,fixed,TopK_b01,50,0.01,0.02,96.93994241053065,0.008630193336075637,0.9615384615384616,0.0080213903743315
XGBoost,holdout,0,fixed,TopK_b01,50,0.01,0.05,241.14664747017684,0.009543397778691846,0.9615384615384616,0.0080213903743315
XGBoost,holdout,0,fixed,TopK_b01,50,0.01,0.1,481.4911559029206,0.011065405183052194,0.9615384615384616,0.0080213903743315
XGBoost,holdout,0,fixed,TopK_b01,50,0.01,0.15,721.8356643356643,0.01258741258741254,0.9615384615384616,0.0080213903743315
XGBoost,holdout,0,fixed,TopK_b05,5,0.05,0.02,13.947346770876184,0.048704236939531055,0.9230769230769232,0.0481283422459893
XGBoost,holdout,0,fixed,TopK_b05,5,0.05,0.05,27.649115590292062,0.04956807897984367,0.9230769230769232,0.0481283422459893
XGBoost,holdout,0,fixed,TopK_b05,5,0.05,0.1,50.485396955985195,0.05100781571369805,0.9230769230769232,0.0481283422459893
XGBoost,holdout,0,fixed,TopK_b05,5,0.05,0.15,73.32167832167833,0.05244755244755242,0.9230769230769232,0.0481283422459893
XGBoost,holdout,0,fixed,TopK_b05,10,0.05,0.02,23.178116001645417,0.048704236939531055,0.9230769230769232,0.0481283422459893
XGBoost,holdout,0,fixed,TopK_b05,10,0.05,0.05,50.72603866721514,0.04956807897984367,0.9230769230769232,0.0481283422459893
XGBoost,holdout,0,fixed,TopK_b05,10,0.05,0.1,96.63924310983137,0.05100781571369805,0.9230769230769232,0.0481283422459893
XGBoost,holdout,0,fixed,TopK_b05,10,0.05,0.15,142.55244755244757,0.05244755244755242,0.9230769230769232,0.0481283422459893
XGBoost,holdout,0,fixed,TopK_b05,20,0.05,0.02,41.63965446318388,0.048704236939531055,0.9230769230769232,0.0481283422459893
XGBoost,holdout,0,fixed,TopK_b05,20,0.05,0.05,96.87988482106131,0.04956807897984367,0.9230769230769232,0.0481283422459893
XGBoost,holdout,0,fixed,TopK_b05,20,0.05,0.1,188.94693541752366,0.05100781571369805,0.9230769230769232,0.0481283422459893
XGBoost,holdout,0,fixed,TopK_b05,20,0.05,0.15,281.0139860139861,0.05244755244755242,0.9230769230769232,0.0481283422459893
XGBoost,holdout,0,fixed,TopK_b05,50,0.05,0.02,97.02426984779927,0.048704236939531055,0.9230769230769232,0.0481283422459893
XGBoost,holdout,0,fixed,TopK_b05,50,0.05,0.05,235.3414232825998,0.04956807897984367,0.9230769230769232,0.0481283422459893
XGBoost,holdout,0,fixed,TopK_b05,50,0.05,0.1,465.87001234060057,0.05100781571369805,0.9230769230769232,0.0481283422459893
XGBoost,holdout,0,fixed,TopK_b05,50,0.05,0.15,696.3986013986015,0.05244755244755242,0.9230769230769232,0.0481283422459893
XGBoost,holdout,0,fixed,TopK_b10,5,0.1,0.02,16.3393665158371,0.09108597285067867,0.7692307692307693,0.088235294117647
XGBoost,holdout,0,fixed,TopK_b10,5,0.1,0.05,27.613122171945697,0.09536199095022618,0.7692307692307693,0.088235294117647
XGBoost,holdout,0,fixed,TopK_b10,5,0.1,0.1,46.40271493212669,0.10248868778280537,0.7692307692307693,0.088235294117647
XGBoost,holdout,0,fixed,TopK_b10,5,0.1,0.15,65.1923076923077,0.10961538461538456,0.7692307692307693,0.088235294117647
XGBoost,holdout,0,fixed,TopK_b10,10,0.1,0.02,24.03167420814479,0.09108597285067867,0.7692307692307693,0.088235294117647
XGBoost,holdout,0,fixed,TopK_b10,10,0.1,0.05,46.843891402714924,0.09536199095022618,0.7692307692307693,0.088235294117647
XGBoost,holdout,0,fixed,TopK_b10,10,0.1,0.1,84.86425339366515,0.10248868778280537,0.7692307692307693,0.088235294117647
XGBoost,holdout,0,fixed,TopK_b10,10,0.1,0.15,122.88461538461539,0.10961538461538456,0.7692307692307693,0.088235294117647
XGBoost,holdout,0,fixed,TopK_b10,20,0.1,0.02,39.41628959276018,0.09108597285067867,0.7692307692307693,0.088235294117647
XGBoost,holdout,0,fixed,TopK_b10,20,0.1,0.05,85.30542986425338,0.09536199095022618,0.7692307692307693,0.088235294117647
XGBoost,holdout,0,fixed,TopK_b10,20,0.1,0.1,161.78733031674207,0.10248868778280537,0.7692307692307693,0.088235294117647
XGBoost,holdout,0,fixed,TopK_b10,20,0.1,0.15,238.26923076923077,0.10961538461538456,0.7692307692307693,0.088235294117647
XGBoost,holdout,0,fixed,TopK_b10,50,0.1,0.02,85.57013574660634,0.09108597285067867,0.7692307692307693,0.088235294117647
XGBoost,holdout,0,fixed,TopK_b10,50,0.1,0.05,200.69004524886878,0.09536199095022618,0.7692307692307693,0.088235294117647
XGBoost,holdout,0,fixed,TopK_b10,50,0.1,0.1,392.5565610859729,0.10248868778280537,0.7692307692307693,0.088235294117647
XGBoost,holdout,0,fixed,TopK_b10,50,0.1,0.15,584.4230769230769,0.10961538461538456,0.7692307692307693,0.088235294117647
XGBoost,holdout,0,fixed,TopK_b20,5,0.2,0.02,26.56705059646236,0.19797819827231591,0.7307692307692307,0.196524064171123
XGBoost,holdout,0,fixed,TopK_b20,5,0.2,0.05,36.93901686548745,0.20015939942410532,0.7307692307692307,0.196524064171123
XGBoost,holdout,0,fixed,TopK_b20,5,0.2,0.1,54.2256273138626,0.20379473467708764,0.7307692307692307,0.196524064171123
XGBoost,holdout,0,fixed,TopK_b20,5,0.2,0.15,71.51223776223776,0.20743006993006993,0.7307692307692307,0.196524064171123
XGBoost,holdout,0,fixed,TopK_b20,10,0.2,0.02,33.87474290415467,0.19797819827231591,0.7307692307692307,0.196524064171123
XGBoost,holdout,0,fixed,TopK_b20,10,0.2,0.05,55.20824763471822,0.20015939942410532,0.7307692307692307,0.196524064171123
XGBoost,holdout,0,fixed,TopK_b20,10,0.2,0.1,90.76408885232414,0.20379473467708764,0.7307692307692307,0.196524064171123
XGBoost,holdout,0,fixed,TopK_b20,10,0.2,0.15,126.31993006993005,0.20743006993006993,0.7307692307692307,0.196524064171123
XGBoost,holdout,0,fixed,TopK_b20,20,0.2,0.02,48.490127519539286,0.19797819827231591,0.7307692307692307,0.196524064171123
XGBoost,holdout,0,fixed,TopK_b20,20,0.2,0.05,91.74670917317975,0.20015939942410532,0.7307692307692307,0.196524064171123
XGBoost,holdout,0,fixed,TopK_b20,20,0.2,0.1,163.84101192924723,0.20379473467708764,0.7307692307692307,0.196524064171123
XGBoost,holdout,0,fixed,TopK_b20,20,0.2,0.15,235.93531468531467,0.20743006993006993,0.7307692307692307,0.196524064171123
XGBoost,holdout,0,fixed,TopK_b20,50,0.2,0.02,92.33628136569313,0.19797819827231591,0.7307692307692307,0.196524064171123
XGBoost,holdout,0,fixed,TopK_b20,50,0.2,0.05,201.36209378856438,0.20015939942410532,0.7307692307692307,0.196524064171123
XGBoost,holdout,0,fixed,TopK_b20,50,0.2,0.1,383.0717811600164,0.20379473467708764,0.7307692307692307,0.196524064171123
XGBoost,holdout,0,fixed,TopK_b20,50,0.2,0.15,564.7814685314686,0.20743006993006993,0.7307692307692307,0.196524064171123
XGBoost,holdout,0,refitted,none,5,,0.02,10.0,0.0,1.0,0.0
XGBoost,holdout,0,refitted,none,5,,0.05,25.0,0.0,1.0,0.0
XGBoost,holdout,0,refitted,none,5,,0.1,50.0,0.0,1.0,0.0
XGBoost,holdout,0,refitted,none,5,,0.15,75.0,0.0,1.0,0.0
XGBoost,holdout,0,refitted,none,10,,0.02,20.0,0.0,1.0,0.0
XGBoost,holdout,0,refitted,none,10,,0.05,50.0,0.0,1.0,0.0
XGBoost,holdout,0,refitted,none,10,,0.1,100.0,0.0,1.0,0.0
XGBoost,holdout,0,refitted,none,10,,0.15,150.0,0.0,1.0,0.0
XGBoost,holdout,0,refitted,none,20,,0.02,40.0,0.0,1.0,0.0
XGBoost,holdout,0,refitted,none,20,,0.05,100.0,0.0,1.0,0.0
XGBoost,holdout,0,refitted,none,20,,0.1,200.0,0.0,1.0,0.0
XGBoost,holdout,0,refitted,none,20,,0.15,300.0,0.0,1.0,0.0
XGBoost,holdout,0,refitted,none,50,,0.02,100.0,0.0,1.0,0.0
XGBoost,holdout,0,refitted,none,50,,0.05,250.0,0.0,1.0,0.0
XGBoost,holdout,0,refitted,none,50,,0.1,500.0,0.0,1.0,0.0
XGBoost,holdout,0,refitted,none,50,,0.15,750.0,0.0,1.0,0.0
XGBoost,holdout,0,refitted,A_b01,5,0.01,0.02,10.0,0.0,1.0,0.0
XGBoost,holdout,0,refitted,A_b01,5,0.01,0.05,25.0,0.0,1.0,0.0
XGBoost,holdout,0,refitted,A_b01,5,0.01,0.1,50.0,0.0,1.0,0.0
XGBoost,holdout,0,refitted,A_b01,5,0.01,0.15,75.0,0.0,1.0,0.0
XGBoost,holdout,0,refitted,A_b01,10,0.01,0.02,20.0,0.0,1.0,0.0
XGBoost,holdout,0,refitted,A_b01,10,0.01,0.05,50.0,0.0,1.0,0.0
XGBoost,holdout,0,refitted,A_b01,10,0.01,0.1,100.0,0.0,1.0,0.0
XGBoost,holdout,0,refitted,A_b01,10,0.01,0.15,150.0,0.0,1.0,0.0
XGBoost,holdout,0,refitted,A_b01,20,0.01,0.02,40.0,0.0,1.0,0.0
XGBoost,holdout,0,refitted,A_b01,20,0.01,0.05,100.0,0.0,1.0,0.0
XGBoost,holdout,0,refitted,A_b01,20,0.01,0.1,200.0,0.0,1.0,0.0
XGBoost,holdout,0,refitted,A_b01,20,0.01,0.15,300.0,0.0,1.0,0.0
XGBoost,holdout,0,refitted,A_b01,50,0.01,0.02,100.0,0.0,1.0,0.0
XGBoost,holdout,0,refitted,A_b01,50,0.01,0.05,250.0,0.0,1.0,0.0
XGBoost,holdout,0,refitted,A_b01,50,0.01,0.1,500.0,0.0,1.0,0.0
XGBoost,holdout,0,refitted,A_b01,50,0.01,0.15,750.0,0.0,1.0,0.0
XGBoost,holdout,0,refitted,A_b05,5,0.05,0.02,10.786096256684488,0.007860962566844869,1.0,0.0080213903743315
XGBoost,holdout,0,refitted,A_b05,5,0.05,0.05,25.762032085561493,0.007620320855614924,1.0,0.0080213903743315
XGBoost,holdout,0,refitted,A_b05,5,0.05,0.1,50.72192513368984,0.00721925133689835,1.0,0.0080213903743315
XGBoost,holdout,0,refitted,A_b05,5,0.05,0.15,75.68181818181817,0.0068181818181817745,1.0,0.0080213903743315
XGBoost,holdout,0,refitted,A_b05,10,0.05,0.02,20.786096256684488,0.007860962566844869,1.0,0.0080213903743315
XGBoost,holdout,0,refitted,A_b05,10,0.05,0.05,50.76203208556149,0.007620320855614924,1.0,0.0080213903743315
XGBoost,holdout,0,refitted,A_b05,10,0.05,0.1,100.72192513368982,0.00721925133689835,1.0,0.0080213903743315
XGBoost,holdout,0,refitted,A_b05,10,0.05,0.15,150.6818181818182,0.0068181818181817745,1.0,0.0080213903743315
XGBoost,holdout,0,refitted,A_b05,20,0.05,0.02,40.78609625668449,0.007860962566844869,1.0,0.0080213903743315
XGBoost,holdout,0,refitted,A_b05,20,0.05,0.05,100.76203208556149,0.007620320855614924,1.0,0.0080213903743315
XGBoost,holdout,0,refitted,A_b05,20,0.05,0.1,200.72192513368984,0.00721925133689835,1.0,0.0080213903743315
XGBoost,holdout,0,refitted,A_b05,20,0.05,0.15,300.6818181818182,0.0068181818181817745,1.0,0.0080213903743315
XGBoost,holdout,0,refitted,A_b05,50,0.05,0.02,100.78609625668449,0.007860962566844869,1.0,0.0080213903743315
XGBoost,holdout,0,refitted,A_b05,50,0.05,0.05,250.76203208556146,0.007620320855614924,1.0,0.0080213903743315
XGBoost,holdout,0,refitted,A_b05,50,0.05,0.1,500.7219251336898,0.00721925133689835,1.0,0.0080213903743315
XGBoost,holdout,0,refitted,A_b05,50,0.05,0.15,750.6818181818181,0.0068181818181817745,1.0,0.0080213903743315
XGBoost,holdout,0,refitted,A_b10,5,0.1,0.02,12.383587001234053,0.037682023858494375,0.8846153846153846,0.0360962566844919
XGBoost,holdout,0,refitted,A_b10,5,0.1,0.05,25.54452900041134,0.040060674619498075,0.8846153846153846,0.0360962566844919
XGBoost,holdout,0,refitted,A_b10,5,0.1,0.1,47.4794323323735,0.04402509255450425,0.8846153846153846,0.0360962566844919
XGBoost,holdout,0,refitted,A_b10,5,0.1,0.15,69.41433566433565,0.04798951048951043,0.8846153846153846,0.0360962566844919
XGBoost,holdout,0,refitted,A_b10,10,0.1,0.02,21.2297408473879,0.037682023858494375,0.8846153846153846,0.0360962566844919
XGBoost,holdout,0,refitted,A_b10,10,0.1,0.05,47.65991361579596,0.040060674619498075,0.8846153846153846,0.0360962566844919
XGBoost,holdout,0,refitted,A_b10,10,0.1,0.1,91.71020156314273,0.04402509255450425,0.8846153846153846,0.0360962566844919
XGBoost,holdout,0,refitted,A_b10,10,0.1,0.15,135.7604895104895,0.04798951048951043,0.8846153846153846,0.0360962566844919
XGBoost,holdout,0,refitted,A_b10,20,0.1,0.02,38.922048539695595,0.037682023858494375,0.8846153846153846,0.0360962566844919
XGBoost,holdout,0,refitted,A_b10,20,0.1,0.05,91.89068284656518,0.040060674619498075,0.8846153846153846,0.0360962566844919
XGBoost,holdout,0,refitted,A_b10,20,0.1,0.1,180.17174002468118,0.04402509255450425,0.8846153846153846,0.0360962566844919
XGBoost,holdout,0,refitted,A_b10,20,0.1,0.15,268.4527972027972,0.04798951048951043,0.8846153846153846,0.0360962566844919
XGBoost,holdout,0,refitted,A_b10,50,0.1,0.02,91.99897161661866,0.037682023858494375,0.8846153846153846,0.0360962566844919
XGBoost,holdout,0,refitted,A_b10,50,0.1,0.05,224.5829905388729,0.040060674619498075,0.8846153846153846,0.0360962566844919
XGBoost,holdout,0,refitted,A_b10,50,0.1,0.1,445.5563554092966,0.04402509255450425,0.8846153846153846,0.0360962566844919
XGBoost,holdout,0,refitted,A_b10,50,0.1,0.15,666.5297202797202,0.04798951048951043,0.8846153846153846,0.0360962566844919
XGBoost,holdout,0,refitted,A_b20,5,0.2,0.02,17.91155902920608,0.10680789798436852,0.7692307692307693,0.1042780748663101
XGBoost,holdout,0,refitted,A_b20,5,0.2,0.05,29.137186343068688,0.11060263266145613,0.7692307692307693,0.1042780748663101
XGBoost,holdout,0,refitted,A_b20,5,0.2,0.1,47.84656519950637,0.11692719045660217,0.7692307692307693,0.1042780748663101
XGBoost,holdout,0,refitted,A_b20,5,0.2,0.15,66.55594405594407,0.1232517482517482,0.7692307692307693,0.1042780748663101
XGBoost,holdout,0,refitted,A_b20,10,0.2,0.02,25.603866721513775,0.10680789798436852,0.7692307692307693,0.1042780748663101
XGBoost,holdout,0,refitted,A_b20,10,0.2,0.05,48.367955573837925,0.11060263266145613,0.7692307692307693,0.1042780748663101
XGBoost,holdout,0,refitted,A_b20,10,0.2,0.1,86.30810366104484,0.11692719045660217,0.7692307692307693,0.1042780748663101
XGBoost,holdout,0,refitted,A_b20,10,0.2,0.15,124.24825174825176,0.1232517482517482,0.7692307692307693,0.1042780748663101
XGBoost,holdout,0,refitted,A_b20,20,0.2,0.02,40.98848210612916,0.10680789798436852,0.7692307692307693,0.1042780748663101
XGBoost,holdout,0,refitted,A_b20,20,0.2,0.05,86.82949403537638,0.11060263266145613,0.7692307692307693,0.1042780748663101
XGBoost,holdout,0,refitted,A_b20,20,0.2,0.1,163.23118058412177,0.11692719045660217,0.7692307692307693,0.1042780748663101
XGBoost,holdout,0,refitted,A_b20,20,0.2,0.15,239.63286713286715,0.1232517482517482,0.7692307692307693,0.1042780748663101
XGBoost,holdout,0,refitted,A_b20,50,0.2,0.02,87.14232825997532,0.10680789798436852,0.7692307692307693,0.1042780748663101
XGBoost,holdout,0,refitted,A_b20,50,0.2,0.05,202.21410941999176,0.11060263266145613,0.7692307692307693,0.1042780748663101
XGBoost,holdout,0,refitted,A_b20,50,0.2,0.1,394.00041135335255,0.11692719045660217,0.7692307692307693,0.1042780748663101
XGBoost,holdout,0,refitted,A_b20,50,0.2,0.15,585.7867132867133,0.1232517482517482,0.7692307692307693,0.1042780748663101
XGBoost,holdout,0,refitted,B_r05,5,,0.02,10.0,0.0,1.0,0.0
XGBoost,holdout,0,refitted,B_r05,5,,0.05,25.0,0.0,1.0,0.0
XGBoost,holdout,0,refitted,B_r05,5,,0.1,50.0,0.0,1.0,0.0
XGBoost,holdout,0,refitted,B_r05,5,,0.15,75.0,0.0,1.0,0.0
XGBoost,holdout,0,refitted,B_r10,10,,0.02,22.687782805429865,0.06072398190045248,0.8461538461538461,0.0588235294117647
XGBoost,holdout,0,refitted,B_r10,10,,0.05,47.89592760180995,0.06357466063348416,0.8461538461538461,0.0588235294117647
XGBoost,holdout,0,refitted,B_r10,10,,0.1,89.90950226244344,0.06832579185520361,0.8461538461538461,0.0588235294117647
XGBoost,holdout,0,refitted,B_r10,10,,0.15,131.92307692307693,0.07307692307692307,0.8461538461538461,0.0588235294117647
XGBoost,holdout,0,refitted,B_r20,20,,0.02,84.437885643768,0.8320711641299876,0.0769230769230769,0.8302139037433155
XGBoost,holdout,0,refitted,B_r20,20,,0.05,86.56262854792266,0.8348570547099958,0.0769230769230769,0.8302139037433155
XGBoost,holdout,0,refitted,B_r20,20,,0.1,90.10386672151378,0.8395002056766763,0.0769230769230769,0.8302139037433155
XGBoost,holdout,0,refitted,B_r20,20,,0.15,93.6451048951049,0.8441433566433567,0.0769230769230769,0.8302139037433155
XGBoost,holdout,0,refitted,B_r50,50,,0.02,96.29679144385027,0.9829679144385027,0.0,0.982620320855615
XGBoost,holdout,0,refitted,B_r50,50,,0.05,93.34893048128342,0.9834893048128343,0.0,0.982620320855615
XGBoost,holdout,0,refitted,B_r50,50,,0.1,88.43582887700535,0.9843582887700535,0.0,0.982620320855615
XGBoost,holdout,0,refitted,B_r50,50,,0.15,83.52272727272727,0.9852272727272727,0.0,0.982620320855615
XGBoost,holdout,0,refitted,C_b01_r05,5,0.01,0.02,10.0,0.0,1.0,0.0
XGBoost,holdout,0,refitted,C_b01_r05,5,0.01,0.05,25.0,0.0,1.0,0.0
XGBoost,holdout,0,refitted,C_b01_r05,5,0.01,0.1,50.0,0.0,1.0,0.0
XGBoost,holdout,0,refitted,C_b01_r05,5,0.01,0.15,75.0,0.0,1.0,0.0
XGBoost,holdout,0,refitted,C_b01_r10,10,0.01,0.02,20.0,0.0,1.0,0.0
XGBoost,holdout,0,refitted,C_b01_r10,10,0.01,0.05,50.0,0.0,1.0,0.0
XGBoost,holdout,0,refitted,C_b01_r10,10,0.01,0.1,100.0,0.0,1.0,0.0
XGBoost,holdout,0,refitted,C_b01_r10,10,0.01,0.15,150.0,0.0,1.0,0.0
XGBoost,holdout,0,refitted,C_b01_r20,20,0.01,0.02,40.0,0.0,1.0,0.0
XGBoost,holdout,0,refitted,C_b01_r20,20,0.01,0.05,100.0,0.0,1.0,0.0
XGBoost,holdout,0,refitted,C_b01_r20,20,0.01,0.1,200.0,0.0,1.0,0.0
XGBoost,holdout,0,refitted,C_b01_r20,20,0.01,0.15,300.0,0.0,1.0,0.0
XGBoost,holdout,0,refitted,C_b01_r50,50,0.01,0.02,100.0,0.0,1.0,0.0
XGBoost,holdout,0,refitted,C_b01_r50,50,0.01,0.05,250.0,0.0,1.0,0.0
XGBoost,holdout,0,refitted,C_b01_r50,50,0.01,0.1,500.0,0.0,1.0,0.0
XGBoost,holdout,0,refitted,C_b01_r50,50,0.01,0.15,750.0,0.0,1.0,0.0
XGBoost,holdout,0,refitted,C_b05_r05,5,0.05,0.02,10.0,0.0,1.0,0.0
XGBoost,holdout,0,refitted,C_b05_r05,5,0.05,0.05,25.0,0.0,1.0,0.0
XGBoost,holdout,0,refitted,C_b05_r05,5,0.05,0.1,50.0,0.0,1.0,0.0
XGBoost,holdout,0,refitted,C_b05_r05,5,0.05,0.15,75.0,0.0,1.0,0.0
XGBoost,holdout,0,refitted,C_b05_r10,10,0.05,0.02,20.0,0.0,1.0,0.0
XGBoost,holdout,0,refitted,C_b05_r10,10,0.05,0.05,50.0,0.0,1.0,0.0
XGBoost,holdout,0,refitted,C_b05_r10,10,0.05,0.1,100.0,0.0,1.0,0.0
XGBoost,holdout,0,refitted,C_b05_r10,10,0.05,0.15,150.0,0.0,1.0,0.0
XGBoost,holdout,0,refitted,C_b05_r20,20,0.05,0.02,40.0,0.0,1.0,0.0
XGBoost,holdout,0,refitted,C_b05_r20,20,0.05,0.05,100.0,0.0,1.0,0.0
XGBoost,holdout,0,refitted,C_b05_r20,20,0.05,0.1,200.0,0.0,1.0,0.0
XGBoost,holdout,0,refitted,C_b05_r20,20,0.05,0.15,300.0,0.0,1.0,0.0
XGBoost,holdout,0,refitted,C_b05_r50,50,0.05,0.02,100.0,0.0,1.0,0.0
XGBoost,holdout,0,refitted,C_b05_r50,50,0.05,0.05,250.0,0.0,1.0,0.0
XGBoost,holdout,0,refitted,C_b05_r50,50,0.05,0.1,500.0,0.0,1.0,0.0
XGBoost,holdout,0,refitted,C_b05_r50,50,0.05,0.15,750.0,0.0,1.0,0.0
XGBoost,holdout,0,refitted,C_b10_r05,5,0.1,0.02,10.0,0.0,1.0,0.0
XGBoost,holdout,0,refitted,C_b10_r05,5,0.1,0.05,25.0,0.0,1.0,0.0
XGBoost,holdout,0,refitted,C_b10_r05,5,0.1,0.1,50.0,0.0,1.0,0.0
XGBoost,holdout,0,refitted,C_b10_r05,5,0.1,0.15,75.0,0.0,1.0,0.0
XGBoost,holdout,0,refitted,C_b10_r10,10,0.1,0.02,20.0,0.0,1.0,0.0
XGBoost,holdout,0,refitted,C_b10_r10,10,0.1,0.05,50.0,0.0,1.0,0.0
XGBoost,holdout,0,refitted,C_b10_r10,10,0.1,0.1,100.0,0.0,1.0,0.0
XGBoost,holdout,0,refitted,C_b10_r10,10,0.1,0.15,150.0,0.0,1.0,0.0
XGBoost,holdout,0,refitted,C_b10_r20,20,0.1,0.02,38.791032496914845,0.03637186343068691,0.8846153846153846,0.03475935828877
XGBoost,holdout,0,refitted,C_b10_r20,20,0.1,0.05,91.7636774989716,0.038790621143562264,0.8846153846153846,0.03475935828877
XGBoost,holdout,0,refitted,C_b10_r20,20,0.1,0.1,180.0514191690662,0.04282188399835454,0.8846153846153846,0.03475935828877
XGBoost,holdout,0,refitted,C_b10_r20,20,0.1,0.15,268.3391608391608,0.04685314685314681,0.8846153846153846,0.03475935828877
XGBoost,holdout,0,refitted,C_b10_r50,50,0.1,0.02,91.86795557383792,0.03637186343068691,0.8846153846153846,0.03475935828877
XGBoost,holdout,0,refitted,C_b10_r50,50,0.1,0.05,224.45598519127935,0.038790621143562264,0.8846153846153846,0.03475935828877
XGBoost,holdout,0,refitted,C_b10_r50,50,0.1,0.1,445.4360345536816,0.04282188399835454,0.8846153846153846,0.03475935828877
XGBoost,holdout,0,refitted,C_b10_r50,50,0.1,0.15,666.4160839160838,0.04685314685314681,0.8846153846153846,0.03475935828877
XGBoost,holdout,0,refitted,C_b20_r05,5,0.2,0.02,10.0,0.0,1.0,0.0
XGBoost,holdout,0,refitted,C_b20_r05,5,0.2,0.05,25.0,0.0,1.0,0.0
XGBoost,holdout,0,refitted,C_b20_r05,5,0.2,0.1,50.0,0.0,1.0,0.0
XGBoost,holdout,0,refitted,C_b20_r05,5,0.2,0.15,75.0,0.0,1.0,0.0
XGBoost,holdout,0,refitted,C_b20_r10,10,0.2,0.02,22.687782805429865,0.06072398190045248,0.8461538461538461,0.0588235294117647
XGBoost,holdout,0,refitted,C_b20_r10,10,0.2,0.05,47.89592760180995,0.06357466063348416,0.8461538461538461,0.0588235294117647
XGBoost,holdout,0,refitted,C_b20_r10,10,0.2,0.1,89.90950226244344,0.06832579185520361,0.8461538461538461,0.0588235294117647
XGBoost,holdout,0,refitted,C_b20_r10,10,0.2,0.15,131.92307692307693,0.07307692307692307,0.8461538461538461,0.0588235294117647
XGBoost,holdout,0,refitted,C_b20_r20,20,0.2,0.02,39.61085972850679,0.06072398190045248,0.8461538461538461,0.0588235294117647
XGBoost,holdout,0,refitted,C_b20_r20,20,0.2,0.05,90.20361990950227,0.06357466063348416,0.8461538461538461,0.0588235294117647
XGBoost,holdout,0,refitted,C_b20_r20,20,0.2,0.1,174.52488687782807,0.06832579185520361,0.8461538461538461,0.0588235294117647
XGBoost,holdout,0,refitted,C_b20_r20,20,0.2,0.15,258.8461538461538,0.07307692307692307,0.8461538461538461,0.0588235294117647
XGBoost,holdout,0,refitted,C_b20_r50,50,0.2,0.02,90.38009049773756,0.06072398190045248,0.8461538461538461,0.0588235294117647
XGBoost,holdout,0,refitted,C_b20_r50,50,0.2,0.05,217.12669683257917,0.06357466063348416,0.8461538461538461,0.0588235294117647
XGBoost,holdout,0,refitted,C_b20_r50,50,0.2,0.1,428.3710407239819,0.06832579185520361,0.8461538461538461,0.0588235294117647
XGBoost,holdout,0,refitted,C_b20_r50,50,0.2,0.15,639.6153846153845,0.07307692307692307,0.8461538461538461,0.0588235294117647
XGBoost,holdout,0,refitted,TopK_b01,5,0.01,0.02,10.917112299465234,0.009171122994652333,1.0,0.0093582887700534
XGBoost,holdout,0,refitted,TopK_b01,5,0.01,0.05,25.88903743315507,0.00889037433155073,1.0,0.0093582887700534
XGBoost,holdout,0,refitted,TopK_b01,5,0.01,0.1,50.8422459893048,0.008422459893048061,1.0,0.0093582887700534
XGBoost,holdout,0,refitted,TopK_b01,5,0.01,0.15,75.79545454545455,0.00795454545454539,1.0,0.0093582887700534
XGBoost,holdout,0,refitted,TopK_b01,10,0.01,0.02,20.917112299465234,0.009171122994652333,1.0,0.0093582887700534
XGBoost,holdout,0,refitted,TopK_b01,10,0.01,0.05,50.88903743315507,0.00889037433155073,1.0,0.0093582887700534
XGBoost,holdout,0,refitted,TopK_b01,10,0.01,0.1,100.8422459893048,0.008422459893048061,1.0,0.0093582887700534
XGBoost,holdout,0,refitted,TopK_b01,10,0.01,0.15,150.79545454545453,0.00795454545454539,1.0,0.0093582887700534
XGBoost,holdout,0,refitted,TopK_b01,20,0.01,0.02,40.91711229946524,0.009171122994652333,1.0,0.0093582887700534
XGBoost,holdout,0,refitted,TopK_b01,20,0.01,0.05,100.88903743315507,0.00889037433155073,1.0,0.0093582887700534
XGBoost,holdout,0,refitted,TopK_b01,20,0.01,0.1,200.8422459893048,0.008422459893048061,1.0,0.0093582887700534
XGBoost,holdout,0,refitted,TopK_b01,20,0.01,0.15,300.7954545454545,0.00795454545454539,1.0,0.0093582887700534
XGBoost,holdout,0,refitted,TopK_b01,50,0.01,0.02,100.91711229946523,0.009171122994652333,1.0,0.0093582887700534
XGBoost,holdout,0,refitted,TopK_b01,50,0.01,0.05,250.88903743315507,0.00889037433155073,1.0,0.0093582887700534
XGBoost,holdout,0,refitted,TopK_b01,50,0.01,0.1,500.84224598930484,0.008422459893048061,1.0,0.0093582887700534
XGBoost,holdout,0,refitted,TopK_b01,50,0.01,0.15,750.7954545454545,0.00795454545454539,1.0,0.0093582887700534
XGBoost,holdout,0,refitted,TopK_b05,5,0.05,0.02,13.431715343480041,0.04816330728095426,0.8846153846153846,0.0467914438502673
XGBoost,holdout,0,refitted,TopK_b05,5,0.05,0.05,26.560571781160007,0.05022110242698471,0.8846153846153846,0.0467914438502673
XGBoost,holdout,0,refitted,TopK_b05,5,0.05,0.1,48.44199917729329,0.05365076100370211,0.8846153846153846,0.0467914438502673
XGBoost,holdout,0,refitted,TopK_b05,5,0.05,0.15,70.32342657342656,0.057080419580419525,0.8846153846153846,0.0467914438502673
XGBoost,holdout,0,refitted,TopK_b05,10,0.05,0.02,22.27786918963389,0.04816330728095426,0.8846153846153846,0.0467914438502673
XGBoost,holdout,0,refitted,TopK_b05,10,0.05,0.05,48.67595639654462,0.05022110242698471,0.8846153846153846,0.0467914438502673
XGBoost,holdout,0,refitted,TopK_b05,10,0.05,0.1,92.67276840806251,0.05365076100370211,0.8846153846153846,0.0467914438502673
XGBoost,holdout,0,refitted,TopK_b05,10,0.05,0.15,136.66958041958043,0.057080419580419525,0.8846153846153846,0.0467914438502673
XGBoost,holdout,0,refitted,TopK_b05,20,0.05,0.02,39.97017688194158,0.04816330728095426,0.8846153846153846,0.0467914438502673
XGBoost,holdout,0,refitted,TopK_b05,20,0.05,0.05,92.90672562731386,0.05022110242698471,0.8846153846153846,0.0467914438502673
XGBoost,holdout,0,refitted,TopK_b05,20,0.05,0.1,181.13430686960098,0.05365076100370211,0.8846153846153846,0.0467914438502673
XGBoost,holdout,0,refitted,TopK_b05,20,0.05,0.15,269.3618881118881,0.057080419580419525,0.8846153846153846,0.0467914438502673
XGBoost,holdout,0,refitted,TopK_b05,50,0.05,0.02,93.04709995886465,0.04816330728095426,0.8846153846153846,0.0467914438502673
XGBoost,holdout,0,refitted,TopK_b05,50,0.05,0.05,225.59903331962155,0.05022110242698471,0.8846153846153846,0.0467914438502673
XGBoost,holdout,0,refitted,TopK_b05,50,0.05,0.1,446.51892225421636,0.05365076100370211,0.8846153846153846,0.0467914438502673
XGBoost,holdout,0,refitted,TopK_b05,50,0.05,0.15,667.4388111888112,0.057080419580419525,0.8846153846153846,0.0467914438502673
XGBoost,holdout,0,refitted,TopK_b10,5,0.1,0.02,16.994446729740844,0.0976367749897161,0.7692307692307693,0.0949197860962566
XGBoost,holdout,0,refitted,TopK_b10,5,0.1,0.05,28.248148909913606,0.10171225832990531,0.7692307692307693,0.0949197860962566
XGBoost,holdout,0,refitted,TopK_b10,5,0.1,0.1,47.00431921020156,0.10850473056355403,0.7692307692307693,0.0949197860962566
XGBoost,holdout,0,refitted,TopK_b10,5,0.1,0.15,65.7604895104895,0.11529720279720274,0.7692307692307693,0.0949197860962566
XGBoost,holdout,0,refitted,TopK_b10,10,0.1,0.02,24.686754422048534,0.0976367749897161,0.7692307692307693,0.0949197860962566
XGBoost,holdout,0,refitted,TopK_b10,10,0.1,0.05,47.47891814068284,0.10171225832990531,0.7692307692307693,0.0949197860962566
XGBoost,holdout,0,refitted,TopK_b10,10,0.1,0.1,85.46585767174003,0.10850473056355403,0.7692307692307693,0.0949197860962566
XGBoost,holdout,0,refitted,TopK_b10,10,0.1,0.15,123.4527972027972,0.11529720279720274,0.7692307692307693,0.0949197860962566
XGBoost,holdout,0,refitted,TopK_b10,20,0.1,0.02,40.07136980666392,0.0976367749897161,0.7692307692307693,0.0949197860962566
XGBoost,holdout,0,refitted,TopK_b10,20,0.1,0.05,85.9404566022213,0.10171225832990531,0.7692307692307693,0.0949197860962566
XGBoost,holdout,0,refitted,TopK_b10,20,0.1,0.1,162.38893459481696,0.10850473056355403,0.7692307692307693,0.0949197860962566
XGBoost,holdout,0,refitted,TopK_b10,20,0.1,0.15,238.8374125874126,0.11529720279720274,0.7692307692307693,0.0949197860962566
XGBoost,holdout,0,refitted,TopK_b10,50,0.1,0.02,86.22521596051007,0.0976367749897161,0.7692307692307693,0.0949197860962566
XGBoost,holdout,0,refitted,TopK_b10,50,0.1,0.05,201.3250719868367,0.10171225832990531,0.7692307692307693,0.0949197860962566
XGBoost,holdout,0,refitted,TopK_b10,50,0.1,0.1,393.1581653640477,0.10850473056355403,0.7692307692307693,0.0949197860962566
XGBoost,holdout,0,refitted,TopK_b10,50,0.1,0.15,584.9912587412588,0.11529720279720274,0.7692307692307693,0.0949197860962566
XGBoost,holdout,0,refitted,TopK_b20,5,0.2,0.02,25.53578774167009,0.19689633895516243,0.6538461538461539,0.1938502673796791
XGBoost,holdout,0,refitted,TopK_b20,5,0.2,0.05,34.76192924722336,0.20146544631838742,0.6538461538461539,0.1938502673796791
XGBoost,holdout,0,refitted,TopK_b20,5,0.2,0.1,50.13883175647881,0.2090806252570958,0.6538461538461539,0.1938502673796791
XGBoost,holdout,0,refitted,TopK_b20,5,0.2,0.15,65.51573426573427,0.21669580419580414,0.6538461538461539,0.1938502673796791
XGBoost,holdout,0,refitted,TopK_b20,10,0.2,0.02,32.074249280131625,0.19689633895516243,0.6538461538461539,0.1938502673796791
XGBoost,holdout,0,refitted,TopK_b20,10,0.2,0.05,51.108083093377196,0.20146544631838742,0.6538461538461539,0.1938502673796791
XGBoost,holdout,0,refitted,TopK_b20,10,0.2,0.1,82.8311394487865,0.2090806252570958,0.6538461538461539,0.1938502673796791
XGBoost,holdout,0,refitted,TopK_b20,10,0.2,0.15,114.55419580419581,0.21669580419580414,0.6538461538461539,0.1938502673796791
XGBoost,holdout,0,refitted,TopK_b20,20,0.2,0.02,45.151172357054705,0.19689633895516243,0.6538461538461539,0.1938502673796791
XGBoost,holdout,0,refitted,TopK_b20,20,0.2,0.05,83.8003907856849,0.20146544631838742,0.6538461538461539,0.1938502673796791
XGBoost,holdout,0,refitted,TopK_b20,20,0.2,0.1,148.2157548334019,0.2090806252570958,0.6538461538461539,0.1938502673796791
XGBoost,holdout,0,refitted,TopK_b20,20,0.2,0.15,212.63111888111888,0.21669580419580414,0.6538461538461539,0.1938502673796791
XGBoost,holdout,0,refitted,TopK_b20,50,0.2,0.02,84.38194158782395,0.19689633895516243,0.6538461538461539,0.1938502673796791
XGBoost,holdout,0,refitted,TopK_b20,50,0.2,0.05,181.87731386260796,0.20146544631838742,0.6538461538461539,0.1938502673796791
XGBoost,holdout,0,refitted,TopK_b20,50,0.2,0.1,344.369600987248,0.2090806252570958,0.6538461538461539,0.1938502673796791
XGBoost,holdout,0,refitted,TopK_b20,50,0.2,0.15,506.86188811188816,0.21669580419580414,0.6538461538461539,0.1938502673796791
LR,time,0,fixed,none,5,,0.02,10.0,0.0,1.0,0.0
LR,time,0,fixed,none,5,,0.05,25.0,0.0,1.0,0.0
LR,time,0,fixed,none,5,,0.1,50.0,0.0,1.0,0.0
LR,time,0,fixed,none,5,,0.15,75.0,0.0,1.0,0.0
LR,time,0,fixed,none,10,,0.02,20.0,0.0,1.0,0.0
LR,time,0,fixed,none,10,,0.05,50.0,0.0,1.0,0.0
LR,time,0,fixed,none,10,,0.1,100.0,0.0,1.0,0.0
LR,time,0,fixed,none,10,,0.15,150.0,0.0,1.0,0.0
LR,time,0,fixed,none,20,,0.02,40.0,0.0,1.0,0.0
LR,time,0,fixed,none,20,,0.05,100.0,0.0,1.0,0.0
LR,time,0,fixed,none,20,,0.1,200.0,0.0,1.0,0.0
LR,time,0,fixed,none,20,,0.15,300.0,0.0,1.0,0.0
LR,time,0,fixed,none,50,,0.02,100.0,0.0,1.0,0.0
LR,time,0,fixed,none,50,,0.05,250.0,0.0,1.0,0.0
LR,time,0,fixed,none,50,,0.1,500.0,0.0,1.0,0.0
LR,time,0,fixed,none,50,,0.15,750.0,0.0,1.0,0.0
LR,time,0,fixed,A_b01,5,0.01,0.02,10.408333333333328,0.004083333333333268,1.0,0.0041666666666666
LR,time,0,fixed,A_b01,5,0.01,0.05,25.39583333333333,0.0039583333333332695,1.0,0.0041666666666666
LR,time,0,fixed,A_b01,5,0.01,0.1,50.37499999999999,0.00374999999999994,1.0,0.0041666666666666
LR,time,0,fixed,A_b01,5,0.01,0.15,75.35416666666666,0.0035416666666666097,1.0,0.0041666666666666
LR,time,0,fixed,A_b01,10,0.01,0.02,20.408333333333328,0.004083333333333268,1.0,0.0041666666666666
LR,time,0,fixed,A_b01,10,0.01,0.05,50.39583333333333,0.0039583333333332695,1.0,0.0041666666666666
LR,time,0,fixed,A_b01,10,0.01,0.1,100.37499999999999,0.00374999999999994,1.0,0.0041666666666666
LR,time,0,fixed,A_b01,10,0.01,0.15,150.35416666666666,0.0035416666666666097,1.0,0.0041666666666666
LR,time,0,fixed,A_b01,20,0.01,0.02,40.40833333333333,0.004083333333333268,1.0,0.0041666666666666
LR,time,0,fixed,A_b01,20,0.01,0.05,100.39583333333333,0.0039583333333332695,1.0,0.0041666666666666
LR,time,0,fixed,A_b01,20,0.01,0.1,200.375,0.00374999999999994,1.0,0.0041666666666666
LR,time,0,fixed,A_b01,20,0.01,0.15,300.35416666666663,0.0035416666666666097,1.0,0.0041666666666666
LR,time,0,fixed,A_b01,50,0.01,0.02,100.40833333333332,0.004083333333333268,1.0,0.0041666666666666
LR,time,0,fixed,A_b01,50,0.01,0.05,250.39583333333331,0.0039583333333332695,1.0,0.0041666666666666
LR,time,0,fixed,A_b01,50,0.01,0.1,500.375,0.00374999999999994,1.0,0.0041666666666666
LR,time,0,fixed,A_b01,50,0.01,0.15,750.3541666666667,0.0035416666666666097,1.0,0.0041666666666666
LR,time,0,fixed,A_b05,5,0.05,0.02,11.429166666666664,0.014291666666666635,1.0,0.0145833333333333
LR,time,0,fixed,A_b05,5,0.05,0.05,26.38541666666666,0.013854166666666634,1.0,0.0145833333333333
LR,time,0,fixed,A_b05,5,0.05,0.1,51.31249999999999,0.01312499999999997,1.0,0.0145833333333333
LR,time,0,fixed,A_b05,5,0.05,0.15,76.23958333333333,0.012395833333333306,1.0,0.0145833333333333
LR,time,0,fixed,A_b05,10,0.05,0.02,21.429166666666667,0.014291666666666635,1.0,0.0145833333333333
LR,time,0,fixed,A_b05,10,0.05,0.05,51.385416666666664,0.013854166666666634,1.0,0.0145833333333333
LR,time,0,fixed,A_b05,10,0.05,0.1,101.3125,0.01312499999999997,1.0,0.0145833333333333
LR,time,0,fixed,A_b05,10,0.05,0.15,151.23958333333334,0.012395833333333306,1.0,0.0145833333333333
LR,time,0,fixed,A_b05,20,0.05,0.02,41.42916666666667,0.014291666666666635,1.0,0.0145833333333333
LR,time,0,fixed,A_b05,20,0.05,0.05,101.38541666666667,0.013854166666666634,1.0,0.0145833333333333
LR,time,0,fixed,A_b05,20,0.05,0.1,201.3125,0.01312499999999997,1.0,0.0145833333333333
LR,time,0,fixed,A_b05,20,0.05,0.15,301.2395833333333,0.012395833333333306,1.0,0.0145833333333333
LR,time,0,fixed,A_b05,50,0.05,0.02,101.42916666666666,0.014291666666666635,1.0,0.0145833333333333
LR,time,0,fixed,A_b05,50,0.05,0.05,251.38541666666666,0.013854166666666634,1.0,0.0145833333333333
LR,time,0,fixed,A_b05,50,0.05,0.1,501.31249999999994,0.01312499999999997,1.0,0.0145833333333333
LR,time,0,fixed,A_b05,50,0.05,0.15,751.2395833333334,0.012395833333333306,1.0,0.0145833333333333
LR,time,0,fixed,A_b10,5,0.1,0.02,12.245833333333328,0.022458333333333268,1.0,0.0229166666666666
LR,time,0,fixed,A_b10,5,0.1,0.05,27.17708333333333,0.021770833333333267,1.0,0.0229166666666666
LR,time,0,fixed,A_b10,5,0.1,0.1,52.062499999999986,0.02062499999999994,1.0,0.0229166666666666
LR,time,0,fixed,A_b10,5,0.1,0.15,76.94791666666666,0.01947916666666661,1.0,0.0229166666666666
LR,time,0,fixed,A_b10,10,0.1,0.02,22.24583333333333,0.022458333333333268,1.0,0.0229166666666666
LR,time,0,fixed,A_b10,10,0.1,0.05,52.17708333333333,0.021770833333333267,1.0,0.0229166666666666
LR,time,0,fixed,A_b10,10,0.1,0.1,102.06249999999999,0.02062499999999994,1.0,0.0229166666666666
LR,time,0,fixed,A_b10,10,0.1,0.15,151.94791666666669,0.01947916666666661,1.0,0.0229166666666666
LR,time,0,fixed,A_b10,20,0.1,0.02,42.24583333333333,0.022458333333333268,1.0,0.0229166666666666
LR,time,0,fixed,A_b10,20,0.1,0.05,102.17708333333333,0.021770833333333267,1.0,0.0229166666666666
LR,time,0,fixed,A_b10,20,0.1,0.1,202.0625,0.02062499999999994,1.0,0.0229166666666666
LR,time,0,fixed,A_b10,20,0.1,0.15,301.9479166666667,0.01947916666666661,1.0,0.0229166666666666
LR,time,0,fixed,A_b10,50,0.1,0.02,102.24583333333332,0.022458333333333268,1.0,0.0229166666666666
LR,time,0,fixed,A_b10,50,0.1,0.05,252.17708333333331,0.021770833333333267,1.0,0.0229166666666666
LR,time,0,fixed,A_b10,50,0.1,0.1,502.0625,0.02062499999999994,1.0,0.0229166666666666
LR,time,0,fixed,A_b10,50,0.1,0.15,751.9479166666666,0.01947916666666661,1.0,0.0229166666666666
LR,time,0,fixed,A_b20,5,0.2,0.02,15.643055555555549,0.059763888888888825,0.9722222222222222,0.0604166666666666
LR,time,0,fixed,A_b20,5,0.2,0.05,30.045138888888882,0.058784722222222155,0.9722222222222222,0.0604166666666666
LR,time,0,fixed,A_b20,5,0.2,0.1,54.0486111111111,0.05715277777777772,0.9722222222222222,0.0604166666666666
LR,time,0,fixed,A_b20,5,0.2,0.15,78.05208333333333,0.05552083333333327,0.9722222222222222,0.0604166666666666
LR,time,0,fixed,A_b20,10,0.2,0.02,25.365277777777774,0.059763888888888825,0.9722222222222222,0.0604166666666666
LR,time,0,fixed,A_b20,10,0.2,0.05,54.350694444444436,0.058784722222222155,0.9722222222222222,0.0604166666666666
LR,time,0,fixed,A_b20,10,0.2,0.1,102.65972222222221,0.05715277777777772,0.9722222222222222,0.0604166666666666
LR,time,0,fixed,A_b20,10,0.2,0.15,150.96874999999997,0.05552083333333327,0.9722222222222222,0.0604166666666666
LR,time,0,fixed,A_b20,20,0.2,0.02,44.80972222222221,0.059763888888888825,0.9722222222222222,0.0604166666666666
LR,time,0,fixed,A_b20,20,0.2,0.05,102.96180555555554,0.058784722222222155,0.9722222222222222,0.0604166666666666
LR,time,0,fixed,A_b20,20,0.2,0.1,199.88194444444443,0.05715277777777772,0.9722222222222222,0.0604166666666666
LR,time,0,fixed,A_b20,20,0.2,0.15,296.8020833333333,0.05552083333333327,0.9722222222222222,0.0604166666666666
LR,time,0,fixed,A_b20,50,0.2,0.02,103.14305555555553,0.059763888888888825,0.9722222222222222,0.0604166666666666
LR,time,0,fixed,A_b20,50,0.2,0.05,248.79513888888886,0.058784722222222155,0.9722222222222222,0.0604166666666666
LR,time,0,fixed,A_b20,50,0.2,0.1,491.5486111111111,0.05715277777777772,0.9722222222222222,0.0604166666666666
LR,time,0,fixed,A_b20,50,0.2,0.15,734.3020833333334,0.05552083333333327,0.9722222222222222,0.0604166666666666
LR,time,0,fixed,B_r05,5,,0.02,37.355555555555554,0.35688888888888887,0.3055555555555556,0.35
LR,time,0,fixed,B_r05,5,,0.05,40.888888888888886,0.36722222222222217,0.3055555555555556,0.35
LR,time,0,fixed,B_r05,5,,0.1,46.77777777777778,0.3844444444444445,0.3055555555555556,0.35
LR,time,0,fixed,B_r05,5,,0.15,52.666666666666664,0.4016666666666666,0.3055555555555556,0.35
LR,time,0,fixed,B_r10,10,,0.02,95.08472222222221,0.964736111111111,0.0277777777777777,0.9645833333333332
LR,time,0,fixed,B_r10,10,,0.05,93.02430555555554,0.9649652777777777,0.0277777777777777,0.9645833333333332
LR,time,0,fixed,B_r10,10,,0.1,89.59027777777776,0.9653472222222221,0.0277777777777777,0.9645833333333332
LR,time,0,fixed,B_r10,10,,0.15,86.15624999999997,0.9657291666666666,0.0277777777777777,0.9645833333333332
LR,time,0,fixed,B_r20,20,,0.02,95.64027777777775,0.964736111111111,0.0277777777777777,0.9645833333333332
LR,time,0,fixed,B_r20,20,,0.05,94.41319444444443,0.9649652777777777,0.0277777777777777,0.9645833333333332
LR,time,0,fixed,B_r20,20,,0.1,92.36805555555553,0.9653472222222221,0.0277777777777777,0.9645833333333332
LR,time,0,fixed,B_r20,20,,0.15,90.32291666666663,0.9657291666666666,0.0277777777777777,0.9645833333333332
LR,time,0,fixed,B_r50,50,,0.02,97.30694444444443,0.964736111111111,0.0277777777777777,0.9645833333333332
LR,time,0,fixed,B_r50,50,,0.05,98.57986111111107,0.9649652777777777,0.0277777777777777,0.9645833333333332
LR,time,0,fixed,B_r50,50,,0.1,100.70138888888884,0.9653472222222221,0.0277777777777777,0.9645833333333332
LR,time,0,fixed,B_r50,50,,0.15,102.82291666666661,0.9657291666666666,0.0277777777777777,0.9645833333333332
LR,time,0,fixed,C_b01_r05,5,0.01,0.02,10.408333333333328,0.004083333333333268,1.0,0.0041666666666666
LR,time,0,fixed,C_b01_r05,5,0.01,0.05,25.39583333333333,0.0039583333333332695,1.0,0.0041666666666666
LR,time,0,fixed,C_b01_r05,5,0.01,0.1,50.37499999999999,0.00374999999999994,1.0,0.0041666666666666
LR,time,0,fixed,C_b01_r05,5,0.01,0.15,75.35416666666666,0.0035416666666666097,1.0,0.0041666666666666
LR,time,0,fixed,C_b01_r10,10,0.01,0.02,20.408333333333328,0.004083333333333268,1.0,0.0041666666666666
LR,time,0,fixed,C_b01_r10,10,0.01,0.05,50.39583333333333,0.0039583333333332695,1.0,0.0041666666666666
LR,time,0,fixed,C_b01_r10,10,0.01,0.1,100.37499999999999,0.00374999999999994,1.0,0.0041666666666666
LR,time,0,fixed,C_b01_r10,10,0.01,0.15,150.35416666666666,0.0035416666666666097,1.0,0.0041666666666666
LR,time,0,fixed,C_b01_r20,20,0.01,0.02,40.40833333333333,0.004083333333333268,1.0,0.0041666666666666
LR,time,0,fixed,C_b01_r20,20,0.01,0.05,100.39583333333333,0.0039583333333332695,1.0,0.0041666666666666
LR,time,0,fixed,C_b01_r20,20,0.01,0.1,200.375,0.00374999999999994,1.0,0.0041666666666666
LR,time,0,fixed,C_b01_r20,20,0.01,0.15,300.35416666666663,0.0035416666666666097,1.0,0.0041666666666666
LR,time,0,fixed,C_b01_r50,50,0.01,0.02,100.40833333333332,0.004083333333333268,1.0,0.0041666666666666
LR,time,0,fixed,C_b01_r50,50,0.01,0.05,250.39583333333331,0.0039583333333332695,1.0,0.0041666666666666
LR,time,0,fixed,C_b01_r50,50,0.01,0.1,500.375,0.00374999999999994,1.0,0.0041666666666666
LR,time,0,fixed,C_b01_r50,50,0.01,0.15,750.3541666666667,0.0035416666666666097,1.0,0.0041666666666666
LR,time,0,fixed,C_b05_r05,5,0.05,0.02,10.6125,0.006125,1.0,0.00625
LR,time,0,fixed,C_b05_r05,5,0.05,0.05,25.59375,0.0059375,1.0,0.00625
LR,time,0,fixed,C_b05_r05,5,0.05,0.1,50.5625,0.005625000000000001,1.0,0.00625
LR,time,0,fixed,C_b05_r05,5,0.05,0.15,75.53125,0.0053125,1.0,0.00625
LR,time,0,fixed,C_b05_r10,10,0.05,0.02,20.6125,0.006125,1.0,0.00625
LR,time,0,fixed,C_b05_r10,10,0.05,0.05,50.59375000000001,0.0059375,1.0,0.00625
LR,time,0,fixed,C_b05_r10,10,0.05,0.1,100.5625,0.005625000000000001,1.0,0.00625
LR,time,0,fixed,C_b05_r10,10,0.05,0.15,150.53125,0.0053125,1.0,0.00625
LR,time,0,fixed,C_b05_r20,20,0.05,0.02,40.612500000000004,0.006125,1.0,0.00625
LR,time,0,fixed,C_b05_r20,20,0.05,0.05,100.59375,0.0059375,1.0,0.00625
LR,time,0,fixed,C_b05_r20,20,0.05,0.1,200.56250000000003,0.005625000000000001,1.0,0.00625
LR,time,0,fixed,C_b05_r20,20,0.05,0.15,300.53125,0.0053125,1.0,0.00625
LR,time,0,fixed,C_b05_r50,50,0.05,0.02,100.6125,0.006125,1.0,0.00625
LR,time,0,fixed,C_b05_r50,50,0.05,0.05,250.59375,0.0059375,1.0,0.00625
LR,time,0,fixed,C_b05_r50,50,0.05,0.1,500.5625,0.005625000000000001,1.0,0.00625
LR,time,0,fixed,C_b05_r50,50,0.05,0.15,750.53125,0.0053125,1.0,0.00625
LR,time,0,fixed,C_b10_r05,5,0.1,0.02,11.429166666666664,0.014291666666666635,1.0,0.0145833333333333
LR,time,0,fixed,C_b10_r05,5,0.1,0.05,26.38541666666666,0.013854166666666634,1.0,0.0145833333333333
LR,time,0,fixed,C_b10_r05,5,0.1,0.1,51.31249999999999,0.01312499999999997,1.0,0.0145833333333333
LR,time,0,fixed,C_b10_r05,5,0.1,0.15,76.23958333333333,0.012395833333333306,1.0,0.0145833333333333
LR,time,0,fixed,C_b10_r10,10,0.1,0.02,21.429166666666667,0.014291666666666635,1.0,0.0145833333333333
LR,time,0,fixed,C_b10_r10,10,0.1,0.05,51.385416666666664,0.013854166666666634,1.0,0.0145833333333333
LR,time,0,fixed,C_b10_r10,10,0.1,0.1,101.3125,0.01312499999999997,1.0,0.0145833333333333
LR,time,0,fixed,C_b10_r10,10,0.1,0.15,151.23958333333334,0.012395833333333306,1.0,0.0145833333333333
LR,time,0,fixed,C_b10_r20,20,0.1,0.02,41.42916666666667,0.014291666666666635,1.0,0.0145833333333333
LR,time,0,fixed,C_b10_r20,20,0.1,0.05,101.38541666666667,0.013854166666666634,1.0,0.0145833333333333
LR,time,0,fixed,C_b10_r20,20,0.1,0.1,201.3125,0.01312499999999997,1.0,0.0145833333333333
LR,time,0,fixed,C_b10_r20,20,0.1,0.15,301.2395833333333,0.012395833333333306,1.0,0.0145833333333333
LR,time,0,fixed,C_b10_r50,50,0.1,0.02,101.42916666666666,0.014291666666666635,1.0,0.0145833333333333
LR,time,0,fixed,C_b10_r50,50,0.1,0.05,251.38541666666666,0.013854166666666634,1.0,0.0145833333333333
LR,time,0,fixed,C_b10_r50,50,0.1,0.1,501.31249999999994,0.01312499999999997,1.0,0.0145833333333333
LR,time,0,fixed,C_b10_r50,50,0.1,0.15,751.2395833333334,0.012395833333333306,1.0,0.0145833333333333
LR,time,0,fixed,C_b20_r05,5,0.2,0.02,11.429166666666664,0.014291666666666635,1.0,0.0145833333333333
LR,time,0,fixed,C_b20_r05,5,0.2,0.05,26.38541666666666,0.013854166666666634,1.0,0.0145833333333333
LR,time,0,fixed,C_b20_r05,5,0.2,0.1,51.31249999999999,0.01312499999999997,1.0,0.0145833333333333
LR,time,0,fixed,C_b20_r05,5,0.2,0.15,76.23958333333333,0.012395833333333306,1.0,0.0145833333333333
LR,time,0,fixed,C_b20_r10,10,0.2,0.02,25.365277777777774,0.059763888888888825,0.9722222222222222,0.0604166666666666
LR,time,0,fixed,C_b20_r10,10,0.2,0.05,54.350694444444436,0.058784722222222155,0.9722222222222222,0.0604166666666666
LR,time,0,fixed,C_b20_r10,10,0.2,0.1,102.65972222222221,0.05715277777777772,0.9722222222222222,0.0604166666666666
LR,time,0,fixed,C_b20_r10,10,0.2,0.15,150.96874999999997,0.05552083333333327,0.9722222222222222,0.0604166666666666
LR,time,0,fixed,C_b20_r20,20,0.2,0.02,44.80972222222221,0.059763888888888825,0.9722222222222222,0.0604166666666666
LR,time,0,fixed,C_b20_r20,20,0.2,0.05,102.96180555555554,0.058784722222222155,0.9722222222222222,0.0604166666666666
LR,time,0,fixed,C_b20_r20,20,0.2,0.1,199.88194444444443,0.05715277777777772,0.9722222222222222,0.0604166666666666
LR,time,0,fixed,C_b20_r20,20,0.2,0.15,296.8020833333333,0.05552083333333327,0.9722222222222222,0.0604166666666666
LR,time,0,fixed,C_b20_r50,50,0.2,0.02,103.14305555555553,0.059763888888888825,0.9722222222222222,0.0604166666666666
LR,time,0,fixed,C_b20_r50,50,0.2,0.05,248.79513888888886,0.058784722222222155,0.9722222222222222,0.0604166666666666
LR,time,0,fixed,C_b20_r50,50,0.2,0.1,491.5486111111111,0.05715277777777772,0.9722222222222222,0.0604166666666666
LR,time,0,fixed,C_b20_r50,50,0.2,0.15,734.3020833333334,0.05552083333333327,0.9722222222222222,0.0604166666666666
LR,time,0,fixed,TopK_b01,5,0.01,0.02,11.020833333333327,0.010208333333333267,1.0,0.0104166666666666
LR,time,0,fixed,TopK_b01,5,0.01,0.05,25.98958333333333,0.00989583333333327,1.0,0.0104166666666666
LR,time,0,fixed,TopK_b01,5,0.01,0.1,50.93749999999999,0.00937499999999994,1.0,0.0104166666666666
LR,time,0,fixed,TopK_b01,5,0.01,0.15,75.88541666666666,0.00885416666666661,1.0,0.0104166666666666
LR,time,0,fixed,TopK_b01,10,0.01,0.02,21.02083333333333,0.010208333333333267,1.0,0.0104166666666666
LR,time,0,fixed,TopK_b01,10,0.01,0.05,50.98958333333332,0.00989583333333327,1.0,0.0104166666666666
LR,time,0,fixed,TopK_b01,10,0.01,0.1,100.93749999999999,0.00937499999999994,1.0,0.0104166666666666
LR,time,0,fixed,TopK_b01,10,0.01,0.15,150.88541666666666,0.00885416666666661,1.0,0.0104166666666666
LR,time,0,fixed,TopK_b01,20,0.01,0.02,41.02083333333333,0.010208333333333267,1.0,0.0104166666666666
LR,time,0,fixed,TopK_b01,20,0.01,0.05,100.98958333333331,0.00989583333333327,1.0,0.0104166666666666
LR,time,0,fixed,TopK_b01,20,0.01,0.1,200.9375,0.00937499999999994,1.0,0.0104166666666666
LR,time,0,fixed,TopK_b01,20,0.01,0.15,300.8854166666667,0.00885416666666661,1.0,0.0104166666666666
LR,time,0,fixed,TopK_b01,50,0.01,0.02,101.02083333333334,0.010208333333333267,1.0,0.0104166666666666
LR,time,0,fixed,TopK_b01,50,0.01,0.05,250.98958333333331,0.00989583333333327,1.0,0.0104166666666666
LR,time,0,fixed,TopK_b01,50,0.01,0.1,500.93750000000006,0.00937499999999994,1.0,0.0104166666666666
LR,time,0,fixed,TopK_b01,50,0.01,0.15,750.8854166666666,0.00885416666666661,1.0,0.0104166666666666
LR,time,0,fixed,TopK_b05,5,0.05,0.02,15.104166666666663,0.05104166666666663,1.0,0.0520833333333333
LR,time,0,fixed,TopK_b05,5,0.05,0.05,29.947916666666664,0.04947916666666664,1.0,0.0520833333333333
LR,time,0,fixed,TopK_b05,5,0.05,0.1,54.6875,0.04687499999999997,1.0,0.0520833333333333
LR,time,0,fixed,TopK_b05,5,0.05,0.15,79.42708333333333,0.04427083333333331,1.0,0.0520833333333333
LR,time,0,fixed,TopK_b05,10,0.05,0.02,25.104166666666668,0.05104166666666663,1.0,0.0520833333333333
LR,time,0,fixed,TopK_b05,10,0.05,0.05,54.947916666666664,0.04947916666666664,1.0,0.0520833333333333
LR,time,0,fixed,TopK_b05,10,0.05,0.1,104.6875,0.04687499999999997,1.0,0.0520833333333333
LR,time,0,fixed,TopK_b05,10,0.05,0.15,154.42708333333331,0.04427083333333331,1.0,0.0520833333333333
LR,time,0,fixed,TopK_b05,20,0.05,0.02,45.104166666666664,0.05104166666666663,1.0,0.0520833333333333
LR,time,0,fixed,TopK_b05,20,0.05,0.05,104.94791666666667,0.04947916666666664,1.0,0.0520833333333333
LR,time,0,fixed,TopK_b05,20,0.05,0.1,204.6875,0.04687499999999997,1.0,0.0520833333333333
LR,time,0,fixed,TopK_b05,20,0.05,0.15,304.42708333333337,0.04427083333333331,1.0,0.0520833333333333
LR,time,0,fixed,TopK_b05,50,0.05,0.02,105.10416666666667,0.05104166666666663,1.0,0.0520833333333333
LR,time,0,fixed,TopK_b05,50,0.05,0.05,254.94791666666666,0.04947916666666664,1.0,0.0520833333333333
LR,time,0,fixed,TopK_b05,50,0.05,0.1,504.6875,0.04687499999999997,1.0,0.0520833333333333
LR,time,0,fixed,TopK_b05,50,0.05,0.15,754.4270833333333,0.04427083333333331,1.0,0.0520833333333333
LR,time,0,fixed,TopK_b10,5,0.1,0.02,17.520833333333336,0.09520833333333333,0.8333333333333334,0.09375
LR,time,0,fixed,TopK_b10,5,0.1,0.05,29.73958333333333,0.09739583333333332,0.8333333333333334,0.09375
LR,time,0,fixed,TopK_b10,5,0.1,0.1,50.10416666666667,0.10104166666666667,0.8333333333333334,0.09375
LR,time,0,fixed,TopK_b10,5,0.1,0.15,70.46875,0.10468749999999999,0.8333333333333334,0.09375
LR,time,0,fixed,TopK_b10,10,0.1,0.02,25.854166666666668,0.09520833333333333,0.8333333333333334,0.09375
LR,time,0,fixed,TopK_b10,10,0.1,0.05,50.572916666666664,0.09739583333333332,0.8333333333333334,0.09375
LR,time,0,fixed,TopK_b10,10,0.1,0.1,91.77083333333333,0.10104166666666667,0.8333333333333334,0.09375
LR,time,0,fixed,TopK_b10,10,0.1,0.15,132.96875,0.10468749999999999,0.8333333333333334,0.09375
LR,time,0,fixed,TopK_b10,20,0.1,0.02,42.520833333333336,0.09520833333333333,0.8333333333333334,0.09375
LR,time,0,fixed,TopK_b10,20,0.1,0.05,92.23958333333333,0.09739583333333332,0.8333333333333334,0.09375
LR,time,0,fixed,TopK_b10,20,0.1,0.1,175.10416666666669,0.10104166666666667,0.8333333333333334,0.09375
LR,time,0,fixed,TopK_b10,20,0.1,0.15,257.96875,0.10468749999999999,0.8333333333333334,0.09375
LR,time,0,fixed,TopK_b10,50,0.1,0.02,92.52083333333334,0.09520833333333333,0.8333333333333334,0.09375
LR,time,0,fixed,TopK_b10,50,0.1,0.05,217.23958333333334,0.09739583333333332,0.8333333333333334,0.09375
LR,time,0,fixed,TopK_b10,50,0.1,0.1,425.1041666666667,0.10104166666666667,0.8333333333333334,0.09375
LR,time,0,fixed,TopK_b10,50,0.1,0.15,632.96875,0.10468749999999999,0.8333333333333334,0.09375
LR,time,0,fixed,TopK_b20,5,0.2,0.02,23.318055555555556,0.1865138888888889,0.5555555555555556,0.18125
LR,time,0,fixed,TopK_b20,5,0.2,0.05,31.10763888888889,0.19440972222222222,0.5555555555555556,0.18125
LR,time,0,fixed,TopK_b20,5,0.2,0.1,44.09027777777778,0.20756944444444445,0.5555555555555556,0.18125
LR,time,0,fixed,TopK_b20,5,0.2,0.15,57.07291666666667,0.22072916666666664,0.5555555555555556,0.18125
LR,time,0,fixed,TopK_b20,10,0.2,0.02,28.873611111111114,0.1865138888888889,0.5555555555555556,0.18125
LR,time,0,fixed,TopK_b20,10,0.2,0.05,44.99652777777778,0.19440972222222222,0.5555555555555556,0.18125
LR,time,0,fixed,TopK_b20,10,0.2,0.1,71.86805555555556,0.20756944444444445,0.5555555555555556,0.18125
LR,time,0,fixed,TopK_b20,10,0.2,0.15,98.73958333333334,0.22072916666666664,0.5555555555555556,0.18125
LR,time,0,fixed,TopK_b20,20,0.2,0.02,39.984722222222224,0.1865138888888889,0.5555555555555556,0.18125
LR,time,0,fixed,TopK_b20,20,0.2,0.05,72.77430555555556,0.19440972222222222,0.5555555555555556,0.18125
LR,time,0,fixed,TopK_b20,20,0.2,0.1,127.42361111111111,0.20756944444444445,0.5555555555555556,0.18125
LR,time,0,fixed,TopK_b20,20,0.2,0.15,182.07291666666669,0.22072916666666664,0.5555555555555556,0.18125
LR,time,0,fixed,TopK_b20,50,0.2,0.02,73.31805555555556,0.1865138888888889,0.5555555555555556,0.18125
LR,time,0,fixed,TopK_b20,50,0.2,0.05,156.10763888888889,0.19440972222222222,0.5555555555555556,0.18125
LR,time,0,fixed,TopK_b20,50,0.2,0.1,294.09027777777777,0.20756944444444445,0.5555555555555556,0.18125
LR,time,0,fixed,TopK_b20,50,0.2,0.15,432.07291666666674,0.22072916666666664,0.5555555555555556,0.18125
LR,time,0,refitted,none,5,,0.02,10.0,0.0,1.0,0.0
LR,time,0,refitted,none,5,,0.05,25.0,0.0,1.0,0.0
LR,time,0,refitted,none,5,,0.1,50.0,0.0,1.0,0.0
LR,time,0,refitted,none,5,,0.15,75.0,0.0,1.0,0.0
LR,time,0,refitted,none,10,,0.02,20.0,0.0,1.0,0.0
LR,time,0,refitted,none,10,,0.05,50.0,0.0,1.0,0.0
LR,time,0,refitted,none,10,,0.1,100.0,0.0,1.0,0.0
LR,time,0,refitted,none,10,,0.15,150.0,0.0,1.0,0.0
LR,time,0,refitted,none,20,,0.02,40.0,0.0,1.0,0.0
LR,time,0,refitted,none,20,,0.05,100.0,0.0,1.0,0.0
LR,time,0,refitted,none,20,,0.1,200.0,0.0,1.0,0.0
LR,time,0,refitted,none,20,,0.15,300.0,0.0,1.0,0.0
LR,time,0,refitted,none,50,,0.02,100.0,0.0,1.0,0.0
LR,time,0,refitted,none,50,,0.05,250.0,0.0,1.0,0.0
LR,time,0,refitted,none,50,,0.1,500.0,0.0,1.0,0.0
LR,time,0,refitted,none,50,,0.15,750.0,0.0,1.0,0.0
LR,time,0,refitted,A_b01,5,0.01,0.02,10.204166666666664,0.002041666666666634,1.0,0.0020833333333333
LR,time,0,refitted,A_b01,5,0.01,0.05,25.197916666666664,0.0019791666666666347,1.0,0.0020833333333333
LR,time,0,refitted,A_b01,5,0.01,0.1,50.18749999999999,0.00187499999999997,1.0,0.0020833333333333
LR,time,0,refitted,A_b01,5,0.01,0.15,75.17708333333333,0.0017708333333333048,1.0,0.0020833333333333
LR,time,0,refitted,A_b01,10,0.01,0.02,20.204166666666666,0.002041666666666634,1.0,0.0020833333333333
LR,time,0,refitted,A_b01,10,0.01,0.05,50.197916666666664,0.0019791666666666347,1.0,0.0020833333333333
LR,time,0,refitted,A_b01,10,0.01,0.1,100.1875,0.00187499999999997,1.0,0.0020833333333333
LR,time,0,refitted,A_b01,10,0.01,0.15,150.17708333333331,0.0017708333333333048,1.0,0.0020833333333333
LR,time,0,refitted,A_b01,20,0.01,0.02,40.204166666666666,0.002041666666666634,1.0,0.0020833333333333
LR,time,0,refitted,A_b01,20,0.01,0.05,100.19791666666666,0.0019791666666666347,1.0,0.0020833333333333
LR,time,0,refitted,A_b01,20,0.01,0.1,200.1875,0.00187499999999997,1.0,0.0020833333333333
LR,time,0,refitted,A_b01,20,0.01,0.15,300.17708333333337,0.0017708333333333048,1.0,0.0020833333333333
LR,time,0,refitted,A_b01,50,0.01,0.02,100.20416666666667,0.002041666666666634,1.0,0.0020833333333333
LR,time,0,refitted,A_b01,50,0.01,0.05,250.19791666666666,0.0019791666666666347,1.0,0.0020833333333333
LR,time,0,refitted,A_b01,50,0.01,0.1,500.1875,0.00187499999999997,1.0,0.0020833333333333
LR,time,0,refitted,A_b01,50,0.01,0.15,750.1770833333334,0.0017708333333333048,1.0,0.0020833333333333
LR,time,0,refitted,A_b05,5,0.05,0.02,10.408333333333328,0.004083333333333268,1.0,0.0041666666666666
LR,time,0,refitted,A_b05,5,0.05,0.05,25.39583333333333,0.0039583333333332695,1.0,0.0041666666666666
LR,time,0,refitted,A_b05,5,0.05,0.1,50.37499999999999,0.00374999999999994,1.0,0.0041666666666666
LR,time,0,refitted,A_b05,5,0.05,0.15,75.35416666666666,0.0035416666666666097,1.0,0.0041666666666666
LR,time,0,refitted,A_b05,10,0.05,0.02,20.408333333333328,0.004083333333333268,1.0,0.0041666666666666
LR,time,0,refitted,A_b05,10,0.05,0.05,50.39583333333333,0.0039583333333332695,1.0,0.0041666666666666
LR,time,0,refitted,A_b05,10,0.05,0.1,100.37499999999999,0.00374999999999994,1.0,0.0041666666666666
LR,time,0,refitted,A_b05,10,0.05,0.15,150.35416666666666,0.0035416666666666097,1.0,0.0041666666666666
LR,time,0,refitted,A_b05,20,0.05,0.02,40.40833333333333,0.004083333333333268,1.0,0.0041666666666666
LR,time,0,refitted,A_b05,20,0.05,0.05,100.39583333333333,0.0039583333333332695,1.0,0.0041666666666666
LR,time,0,refitted,A_b05,20,0.05,0.1,200.375,0.00374999999999994,1.0,0.0041666666666666
LR,time,0,refitted,A_b05,20,0.05,0.15,300.35416666666663,0.0035416666666666097,1.0,0.0041666666666666
LR,time,0,refitted,A_b05,50,0.05,0.02,100.40833333333332,0.004083333333333268,1.0,0.0041666666666666
LR,time,0,refitted,A_b05,50,0.05,0.05,250.39583333333331,0.0039583333333332695,1.0,0.0041666666666666
LR,time,0,refitted,A_b05,50,0.05,0.1,500.375,0.00374999999999994,1.0,0.0041666666666666
LR,time,0,refitted,A_b05,50,0.05,0.15,750.3541666666667,0.0035416666666666097,1.0,0.0041666666666666
LR,time,0,refitted,A_b10,5,0.1,0.02,10.6125,0.006125,1.0,0.00625
LR,time,0,refitted,A_b10,5,0.1,0.05,25.59375,0.0059375,1.0,0.00625
LR,time,0,refitted,A_b10,5,0.1,0.1,50.5625,0.005625000000000001,1.0,0.00625
LR,time,0,refitted,A_b10,5,0.1,0.15,75.53125,0.0053125,1.0,0.00625
LR,time,0,refitted,A_b10,10,0.1,0.02,20.6125,0.006125,1.0,0.00625
LR,time,0,refitted,A_b10,10,0.1,0.05,50.59375000000001,0.0059375,1.0,0.00625
LR,time,0,refitted,A_b10,10,0.1,0.1,100.5625,0.005625000000000001,1.0,0.00625
LR,time,0,refitted,A_b10,10,0.1,0.15,150.53125,0.0053125,1.0,0.00625
LR,time,0,refitted,A_b10,20,0.1,0.02,40.612500000000004,0.006125,1.0,0.00625
LR,time,0,refitted,A_b10,20,0.1,0.05,100.59375,0.0059375,1.0,0.00625
LR,time,0,refitted,A_b10,20,0.1,0.1,200.56250000000003,0.005625000000000001,1.0,0.00625
LR,time,0,refitted,A_b10,20,0.1,0.15,300.53125,0.0053125,1.0,0.00625
LR,time,0,refitted,A_b10,50,0.1,0.02,100.6125,0.006125,1.0,0.00625
LR,time,0,refitted,A_b10,50,0.1,0.05,250.59375,0.0059375,1.0,0.00625
LR,time,0,refitted,A_b10,50,0.1,0.1,500.5625,0.005625000000000001,1.0,0.00625
LR,time,0,refitted,A_b10,50,0.1,0.15,750.53125,0.0053125,1.0,0.00625
LR,time,0,refitted,A_b20,5,0.2,0.02,12.172222222222222,0.025055555555555557,0.9722222222222222,0.025
LR,time,0,refitted,A_b20,5,0.2,0.05,26.680555555555557,0.02513888888888889,0.9722222222222222,0.025
LR,time,0,refitted,A_b20,5,0.2,0.1,50.861111111111114,0.02527777777777778,0.9722222222222222,0.025
LR,time,0,refitted,A_b20,5,0.2,0.15,75.04166666666666,0.02541666666666667,0.9722222222222222,0.025
LR,time,0,refitted,A_b20,10,0.2,0.02,21.894444444444446,0.025055555555555557,0.9722222222222222,0.025
LR,time,0,refitted,A_b20,10,0.2,0.05,50.98611111111111,0.02513888888888889,0.9722222222222222,0.025
LR,time,0,refitted,A_b20,10,0.2,0.1,99.47222222222221,0.02527777777777778,0.9722222222222222,0.025
LR,time,0,refitted,A_b20,10,0.2,0.15,147.95833333333331,0.02541666666666667,0.9722222222222222,0.025
LR,time,0,refitted,A_b20,20,0.2,0.02,41.33888888888889,0.025055555555555557,0.9722222222222222,0.025
LR,time,0,refitted,A_b20,20,0.2,0.05,99.59722222222223,0.02513888888888889,0.9722222222222222,0.025
LR,time,0,refitted,A_b20,20,0.2,0.1,196.69444444444443,0.02527777777777778,0.9722222222222222,0.025
LR,time,0,refitted,A_b20,20,0.2,0.15,293.7916666666667,0.02541666666666667,0.9722222222222222,0.025
LR,time,0,refitted,A_b20,50,0.2,0.02,99.67222222222222,0.025055555555555557,0.9722222222222222,0.025
LR,time,0,refitted,A_b20,50,0.2,0.05,245.43055555555554,0.02513888888888889,0.9722222222222222,0.025
LR,time,0,refitted,A_b20,50,0.2,0.1,488.3611111111111,0.02527777777777778,0.9722222222222222,0.025
LR,time,0,refitted,A_b20,50,0.2,0.15,731.2916666666667,0.02541666666666667,0.9722222222222222,0.025
LR,time,0,refitted,B_r05,5,,0.02,35.909722222222214,0.3524305555555555,0.2222222222222222,0.34375
LR,time,0,refitted,B_r05,5,,0.05,38.21180555555556,0.36545138888888884,0.2222222222222222,0.34375
LR,time,0,refitted,B_r05,5,,0.1,42.048611111111114,0.3871527777777778,0.2222222222222222,0.34375
LR,time,0,refitted,B_r05,5,,0.15,45.885416666666664,0.40885416666666663,0.2222222222222222,0.34375
LR,time,0,refitted,B_r10,10,,0.02,98.14722222222221,0.995361111111111,0.0277777777777777,0.9958333333333332
LR,time,0,refitted,B_r10,10,,0.05,95.99305555555554,0.9946527777777777,0.0277777777777777,0.9958333333333332
LR,time,0,refitted,B_r10,10,,0.1,92.40277777777776,0.9934722222222221,0.0277777777777777,0.9958333333333332
LR,time,0,refitted,B_r10,10,,0.15,88.81249999999997,0.9922916666666666,0.0277777777777777,0.9958333333333332
LR,time,0,refitted,B_r20,20,,0.02,98.70277777777775,0.995361111111111,0.0277777777777777,0.9958333333333332
LR,time,0,refitted,B_r20,20,,0.05,97.38194444444443,0.9946527777777777,0.0277777777777777,0.9958333333333332
LR,time,0,refitted,B_r20,20,,0.1,95.18055555555553,0.9934722222222221,0.0277777777777777,0.9958333333333332
LR,time,0,refitted,B_r20,20,,0.15,92.97916666666663,0.9922916666666666,0.0277777777777777,0.9958333333333332
LR,time,0,refitted,B_r50,50,,0.02,100.36944444444443,0.995361111111111,0.0277777777777777,0.9958333333333332
LR,time,0,refitted,B_r50,50,,0.05,101.54861111111109,0.9946527777777777,0.0277777777777777,0.9958333333333332
LR,time,0,refitted,B_r50,50,,0.1,103.51388888888884,0.9934722222222221,0.0277777777777777,0.9958333333333332
LR,time,0,refitted,B_r50,50,,0.15,105.47916666666659,0.9922916666666666,0.0277777777777777,0.9958333333333332
LR,time,0,refitted,C_b01_r05,5,0.01,0.02,10.204166666666664,0.002041666666666634,1.0,0.0020833333333333
LR,time,0,refitted,C_b01_r05,5,0.01,0.05,25.197916666666664,0.0019791666666666347,1.0,0.0020833333333333
LR,time,0,refitted,C_b01_r05,5,0.01,0.1,50.18749999999999,0.00187499999999997,1.0,0.0020833333333333
LR,time,0,refitted,C_b01_r05,5,0.01,0.15,75.17708333333333,0.0017708333333333048,1.0,0.0020833333333333
LR,time,0,refitted,C_b01_r10,10,0.01,0.02,20.204166666666666,0.002041666666666634,1.0,0.0020833333333333
LR,time,0,refitted,C_b01_r10,10,0.01,0.05,50.197916666666664,0.0019791666666666347,1.0,0.0020833333333333
LR,time,0,refitted,C_b01_r10,10,0.01,0.1,100.1875,0.00187499999999997,1.0,0.0020833333333333
LR,time,0,refitted,C_b01_r10,10,0.01,0.15,150.17708333333331,0.0017708333333333048,1.0,0.0020833333333333
LR,time,0,refitted,C_b01_r20,20,0.01,0.02,40.204166666666666,0.002041666666666634,1.0,0.0020833333333333
LR,time,0,refitted,C_b01_r20,20,0.01,0.05,100.19791666666666,0.0019791666666666347,1.0,0.0020833333333333
LR,time,0,refitted,C_b01_r20,20,0.01,0.1,200.1875,0.00187499999999997,1.0,0.0020833333333333
LR,time,0,refitted,C_b01_r20,20,0.01,0.15,300.17708333333337,0.0017708333333333048,1.0,0.0020833333333333
LR,time,0,refitted,C_b01_r50,50,0.01,0.02,100.20416666666667,0.002041666666666634,1.0,0.0020833333333333
LR,time,0,refitted,C_b01_r50,50,0.01,0.05,250.19791666666666,0.0019791666666666347,1.0,0.0020833333333333
LR,time,0,refitted,C_b01_r50,50,0.01,0.1,500.1875,0.00187499999999997,1.0,0.0020833333333333
LR,time,0,refitted,C_b01_r50,50,0.01,0.15,750.1770833333334,0.0017708333333333048,1.0,0.0020833333333333
LR,time,0,refitted,C_b05_r05,5,0.05,0.02,10.408333333333328,0.004083333333333268,1.0,0.0041666666666666
LR,time,0,refitted,C_b05_r05,5,0.05,0.05,25.39583333333333,0.0039583333333332695,1.0,0.0041666666666666
LR,time,0,refitted,C_b05_r05,5,0.05,0.1,50.37499999999999,0.00374999999999994,1.0,0.0041666666666666
LR,time,0,refitted,C_b05_r05,5,0.05,0.15,75.35416666666666,0.0035416666666666097,1.0,0.0041666666666666
LR,time,0,refitted,C_b05_r10,10,0.05,0.02,20.408333333333328,0.004083333333333268,1.0,0.0041666666666666
LR,time,0,refitted,C_b05_r10,10,0.05,0.05,50.39583333333333,0.0039583333333332695,1.0,0.0041666666666666
LR,time,0,refitted,C_b05_r10,10,0.05,0.1,100.37499999999999,0.00374999999999994,1.0,0.0041666666666666
LR,time,0,refitted,C_b05_r10,10,0.05,0.15,150.35416666666666,0.0035416666666666097,1.0,0.0041666666666666
LR,time,0,refitted,C_b05_r20,20,0.05,0.02,40.40833333333333,0.004083333333333268,1.0,0.0041666666666666
LR,time,0,refitted,C_b05_r20,20,0.05,0.05,100.39583333333333,0.0039583333333332695,1.0,0.0041666666666666
LR,time,0,refitted,C_b05_r20,20,0.05,0.1,200.375,0.00374999999999994,1.0,0.0041666666666666
LR,time,0,refitted,C_b05_r20,20,0.05,0.15,300.35416666666663,0.0035416666666666097,1.0,0.0041666666666666
LR,time,0,refitted,C_b05_r50,50,0.05,0.02,100.40833333333332,0.004083333333333268,1.0,0.0041666666666666
LR,time,0,refitted,C_b05_r50,50,0.05,0.05,250.39583333333331,0.0039583333333332695,1.0,0.0041666666666666
LR,time,0,refitted,C_b05_r50,50,0.05,0.1,500.375,0.00374999999999994,1.0,0.0041666666666666
LR,time,0,refitted,C_b05_r50,50,0.05,0.15,750.3541666666667,0.0035416666666666097,1.0,0.0041666666666666
LR,time,0,refitted,C_b10_r05,5,0.1,0.02,10.408333333333328,0.004083333333333268,1.0,0.0041666666666666
LR,time,0,refitted,C_b10_r05,5,0.1,0.05,25.39583333333333,0.0039583333333332695,1.0,0.0041666666666666
LR,time,0,refitted,C_b10_r05,5,0.1,0.1,50.37499999999999,0.00374999999999994,1.0,0.0041666666666666
LR,time,0,refitted,C_b10_r05,5,0.1,0.15,75.35416666666666,0.0035416666666666097,1.0,0.0041666666666666
LR,time,0,refitted,C_b10_r10,10,0.1,0.02,20.408333333333328,0.004083333333333268,1.0,0.0041666666666666
LR,time,0,refitted,C_b10_r10,10,0.1,0.05,50.39583333333333,0.0039583333333332695,1.0,0.0041666666666666
LR,time,0,refitted,C_b10_r10,10,0.1,0.1,100.37499999999999,0.00374999999999994,1.0,0.0041666666666666
LR,time,0,refitted,C_b10_r10,10,0.1,0.15,150.35416666666666,0.0035416666666666097,1.0,0.0041666666666666
LR,time,0,refitted,C_b10_r20,20,0.1,0.02,40.40833333333333,0.004083333333333268,1.0,0.0041666666666666
LR,time,0,refitted,C_b10_r20,20,0.1,0.05,100.39583333333333,0.0039583333333332695,1.0,0.0041666666666666
LR,time,0,refitted,C_b10_r20,20,0.1,0.1,200.375,0.00374999999999994,1.0,0.0041666666666666
LR,time,0,refitted,C_b10_r20,20,0.1,0.15,300.35416666666663,0.0035416666666666097,1.0,0.0041666666666666
LR,time,0,refitted,C_b10_r50,50,0.1,0.02,100.40833333333332,0.004083333333333268,1.0,0.0041666666666666
LR,time,0,refitted,C_b10_r50,50,0.1,0.05,250.39583333333331,0.0039583333333332695,1.0,0.0041666666666666
LR,time,0,refitted,C_b10_r50,50,0.1,0.1,500.375,0.00374999999999994,1.0,0.0041666666666666
LR,time,0,refitted,C_b10_r50,50,0.1,0.15,750.3541666666667,0.0035416666666666097,1.0,0.0041666666666666
LR,time,0,refitted,C_b20_r05,5,0.2,0.02,10.408333333333328,0.004083333333333268,1.0,0.0041666666666666
LR,time,0,refitted,C_b20_r05,5,0.2,0.05,25.39583333333333,0.0039583333333332695,1.0,0.0041666666666666
LR,time,0,refitted,C_b20_r05,5,0.2,0.1,50.37499999999999,0.00374999999999994,1.0,0.0041666666666666
LR,time,0,refitted,C_b20_r05,5,0.2,0.15,75.35416666666666,0.0035416666666666097,1.0,0.0041666666666666
LR,time,0,refitted,C_b20_r10,10,0.2,0.02,21.894444444444446,0.025055555555555557,0.9722222222222222,0.025
LR,time,0,refitted,C_b20_r10,10,0.2,0.05,50.98611111111111,0.02513888888888889,0.9722222222222222,0.025
LR,time,0,refitted,C_b20_r10,10,0.2,0.1,99.47222222222221,0.02527777777777778,0.9722222222222222,0.025
LR,time,0,refitted,C_b20_r10,10,0.2,0.15,147.95833333333331,0.02541666666666667,0.9722222222222222,0.025
LR,time,0,refitted,C_b20_r20,20,0.2,0.02,41.33888888888889,0.025055555555555557,0.9722222222222222,0.025
LR,time,0,refitted,C_b20_r20,20,0.2,0.05,99.59722222222223,0.02513888888888889,0.9722222222222222,0.025
LR,time,0,refitted,C_b20_r20,20,0.2,0.1,196.69444444444443,0.02527777777777778,0.9722222222222222,0.025
LR,time,0,refitted,C_b20_r20,20,0.2,0.15,293.7916666666667,0.02541666666666667,0.9722222222222222,0.025
LR,time,0,refitted,C_b20_r50,50,0.2,0.02,99.67222222222222,0.025055555555555557,0.9722222222222222,0.025
LR,time,0,refitted,C_b20_r50,50,0.2,0.05,245.43055555555554,0.02513888888888889,0.9722222222222222,0.025
LR,time,0,refitted,C_b20_r50,50,0.2,0.1,488.3611111111111,0.02527777777777778,0.9722222222222222,0.025
LR,time,0,refitted,C_b20_r50,50,0.2,0.15,731.2916666666667,0.02541666666666667,0.9722222222222222,0.025
LR,time,0,refitted,TopK_b01,5,0.01,0.02,11.020833333333327,0.010208333333333267,1.0,0.0104166666666666
LR,time,0,refitted,TopK_b01,5,0.01,0.05,25.98958333333333,0.00989583333333327,1.0,0.0104166666666666
LR,time,0,refitted,TopK_b01,5,0.01,0.1,50.93749999999999,0.00937499999999994,1.0,0.0104166666666666
LR,time,0,refitted,TopK_b01,5,0.01,0.15,75.88541666666666,0.00885416666666661,1.0,0.0104166666666666
LR,time,0,refitted,TopK_b01,10,0.01,0.02,21.02083333333333,0.010208333333333267,1.0,0.0104166666666666
LR,time,0,refitted,TopK_b01,10,0.01,0.05,50.98958333333332,0.00989583333333327,1.0,0.0104166666666666
LR,time,0,refitted,TopK_b01,10,0.01,0.1,100.93749999999999,0.00937499999999994,1.0,0.0104166666666666
LR,time,0,refitted,TopK_b01,10,0.01,0.15,150.88541666666666,0.00885416666666661,1.0,0.0104166666666666
LR,time,0,refitted,TopK_b01,20,0.01,0.02,41.02083333333333,0.010208333333333267,1.0,0.0104166666666666
LR,time,0,refitted,TopK_b01,20,0.01,0.05,100.98958333333331,0.00989583333333327,1.0,0.0104166666666666
LR,time,0,refitted,TopK_b01,20,0.01,0.1,200.9375,0.00937499999999994,1.0,0.0104166666666666
LR,time,0,refitted,TopK_b01,20,0.01,0.15,300.8854166666667,0.00885416666666661,1.0,0.0104166666666666
LR,time,0,refitted,TopK_b01,50,0.01,0.02,101.02083333333334,0.010208333333333267,1.0,0.0104166666666666
LR,time,0,refitted,TopK_b01,50,0.01,0.05,250.98958333333331,0.00989583333333327,1.0,0.0104166666666666
LR,time,0,refitted,TopK_b01,50,0.01,0.1,500.93750000000006,0.00937499999999994,1.0,0.0104166666666666
LR,time,0,refitted,TopK_b01,50,0.01,0.15,750.8854166666666,0.00885416666666661,1.0,0.0104166666666666
LR,time,0,refitted,TopK_b05,5,0.05,0.02,13.658333333333331,0.0465833333333333,0.9166666666666666,0.0458333333333333
LR,time,0,refitted,TopK_b05,5,0.05,0.05,27.27083333333333,0.047708333333333304,0.9166666666666666,0.0458333333333333
LR,time,0,refitted,TopK_b05,5,0.05,0.1,49.95833333333333,0.04958333333333331,0.9166666666666666,0.0458333333333333
LR,time,0,refitted,TopK_b05,5,0.05,0.15,72.64583333333333,0.05145833333333331,0.9166666666666666,0.0458333333333333
LR,time,0,refitted,TopK_b05,10,0.05,0.02,22.825,0.0465833333333333,0.9166666666666666,0.0458333333333333
LR,time,0,refitted,TopK_b05,10,0.05,0.05,50.18749999999999,0.047708333333333304,0.9166666666666666,0.0458333333333333
LR,time,0,refitted,TopK_b05,10,0.05,0.1,95.79166666666666,0.04958333333333331,0.9166666666666666,0.0458333333333333
LR,time,0,refitted,TopK_b05,10,0.05,0.15,141.39583333333331,0.05145833333333331,0.9166666666666666,0.0458333333333333
LR,time,0,refitted,TopK_b05,20,0.05,0.02,41.15833333333333,0.0465833333333333,0.9166666666666666,0.0458333333333333
LR,time,0,refitted,TopK_b05,20,0.05,0.05,96.02083333333333,0.047708333333333304,0.9166666666666666,0.0458333333333333
LR,time,0,refitted,TopK_b05,20,0.05,0.1,187.45833333333331,0.04958333333333331,0.9166666666666666,0.0458333333333333
LR,time,0,refitted,TopK_b05,20,0.05,0.15,278.89583333333337,0.05145833333333331,0.9166666666666666,0.0458333333333333
LR,time,0,refitted,TopK_b05,50,0.05,0.02,96.15833333333332,0.0465833333333333,0.9166666666666666,0.0458333333333333
LR,time,0,refitted,TopK_b05,50,0.05,0.05,233.52083333333331,0.047708333333333304,0.9166666666666666,0.0458333333333333
LR,time,0,refitted,TopK_b05,50,0.05,0.1,462.45833333333326,0.04958333333333331,0.9166666666666666,0.0458333333333333
LR,time,0,refitted,TopK_b05,50,0.05,0.15,691.3958333333334,0.05145833333333331,0.9166666666666666,0.0458333333333333
LR,time,0,refitted,TopK_b10,5,0.1,0.02,17.03888888888888,0.09372222222222215,0.8055555555555556,0.0916666666666666
LR,time,0,refitted,TopK_b10,5,0.1,0.05,28.847222222222218,0.0968055555555555,0.8055555555555556,0.0916666666666666
LR,time,0,refitted,TopK_b10,5,0.1,0.1,48.52777777777778,0.1019444444444444,0.8055555555555556,0.0916666666666666
LR,time,0,refitted,TopK_b10,5,0.1,0.15,68.20833333333334,0.10708333333333327,0.8055555555555556,0.0916666666666666
LR,time,0,refitted,TopK_b10,10,0.1,0.02,25.09444444444444,0.09372222222222215,0.8055555555555556,0.0916666666666666
LR,time,0,refitted,TopK_b10,10,0.1,0.05,48.98611111111111,0.0968055555555555,0.8055555555555556,0.0916666666666666
LR,time,0,refitted,TopK_b10,10,0.1,0.1,88.80555555555554,0.1019444444444444,0.8055555555555556,0.0916666666666666
LR,time,0,refitted,TopK_b10,10,0.1,0.15,128.625,0.10708333333333327,0.8055555555555556,0.0916666666666666
LR,time,0,refitted,TopK_b10,20,0.1,0.02,41.20555555555555,0.09372222222222215,0.8055555555555556,0.0916666666666666
LR,time,0,refitted,TopK_b10,20,0.1,0.05,89.26388888888889,0.0968055555555555,0.8055555555555556,0.0916666666666666
LR,time,0,refitted,TopK_b10,20,0.1,0.1,169.36111111111111,0.1019444444444444,0.8055555555555556,0.0916666666666666
LR,time,0,refitted,TopK_b10,20,0.1,0.15,249.45833333333334,0.10708333333333327,0.8055555555555556,0.0916666666666666
LR,time,0,refitted,TopK_b10,50,0.1,0.02,89.53888888888888,0.09372222222222215,0.8055555555555556,0.0916666666666666
LR,time,0,refitted,TopK_b10,50,0.1,0.05,210.0972222222222,0.0968055555555555,0.8055555555555556,0.0916666666666666
LR,time,0,refitted,TopK_b10,50,0.1,0.1,411.0277777777777,0.1019444444444444,0.8055555555555556,0.0916666666666666
LR,time,0,refitted,TopK_b10,50,0.1,0.15,611.9583333333334,0.10708333333333327,0.8055555555555556,0.0916666666666666
LR,time,0,refitted,TopK_b20,5,0.2,0.02,23.799999999999997,0.18799999999999994,0.5833333333333334,0.1833333333333333
LR,time,0,refitted,TopK_b20,5,0.2,0.05,31.999999999999996,0.19499999999999995,0.5833333333333334,0.1833333333333333
LR,time,0,refitted,TopK_b20,5,0.2,0.1,45.666666666666664,0.20666666666666664,0.5833333333333334,0.1833333333333333
LR,time,0,refitted,TopK_b20,5,0.2,0.15,59.33333333333333,0.2183333333333333,0.5833333333333334,0.1833333333333333
LR,time,0,refitted,TopK_b20,10,0.2,0.02,29.63333333333333,0.18799999999999994,0.5833333333333334,0.1833333333333333
LR,time,0,refitted,TopK_b20,10,0.2,0.05,46.58333333333333,0.19499999999999995,0.5833333333333334,0.1833333333333333
LR,time,0,refitted,TopK_b20,10,0.2,0.1,74.83333333333333,0.20666666666666664,0.5833333333333334,0.1833333333333333
LR,time,0,refitted,TopK_b20,10,0.2,0.15,103.08333333333333,0.2183333333333333,0.5833333333333334,0.1833333333333333
LR,time,0,refitted,TopK_b20,20,0.2,0.02,41.3,0.18799999999999994,0.5833333333333334,0.1833333333333333
LR,time,0,refitted,TopK_b20,20,0.2,0.05,75.75,0.19499999999999995,0.5833333333333334,0.1833333333333333
LR,time,0,refitted,TopK_b20,20,0.2,0.1,133.16666666666669,0.20666666666666664,0.5833333333333334,0.1833333333333333
LR,time,0,refitted,TopK_b20,20,0.2,0.15,190.58333333333331,0.2183333333333333,0.5833333333333334,0.1833333333333333
LR,time,0,refitted,TopK_b20,50,0.2,0.02,76.3,0.18799999999999994,0.5833333333333334,0.1833333333333333
LR,time,0,refitted,TopK_b20,50,0.2,0.05,163.25,0.19499999999999995,0.5833333333333334,0.1833333333333333
LR,time,0,refitted,TopK_b20,50,0.2,0.1,308.1666666666667,0.20666666666666664,0.5833333333333334,0.1833333333333333
LR,time,0,refitted,TopK_b20,50,0.2,0.15,453.08333333333337,0.2183333333333333,0.5833333333333334,0.1833333333333333
LR,time,1,fixed,none,5,,0.02,10.0,0.0,1.0,0.0
LR,time,1,fixed,none,5,,0.05,25.0,0.0,1.0,0.0
LR,time,1,fixed,none,5,,0.1,50.0,0.0,1.0,0.0
LR,time,1,fixed,none,5,,0.15,75.0,0.0,1.0,0.0
LR,time,1,fixed,none,10,,0.02,20.0,0.0,1.0,0.0
LR,time,1,fixed,none,10,,0.05,50.0,0.0,1.0,0.0
LR,time,1,fixed,none,10,,0.1,100.0,0.0,1.0,0.0
LR,time,1,fixed,none,10,,0.15,150.0,0.0,1.0,0.0
LR,time,1,fixed,none,20,,0.02,40.0,0.0,1.0,0.0
LR,time,1,fixed,none,20,,0.05,100.0,0.0,1.0,0.0
LR,time,1,fixed,none,20,,0.1,200.0,0.0,1.0,0.0
LR,time,1,fixed,none,20,,0.15,300.0,0.0,1.0,0.0
LR,time,1,fixed,none,50,,0.02,100.0,0.0,1.0,0.0
LR,time,1,fixed,none,50,,0.05,250.0,0.0,1.0,0.0
LR,time,1,fixed,none,50,,0.1,500.0,0.0,1.0,0.0
LR,time,1,fixed,none,50,,0.15,750.0,0.0,1.0,0.0
LR,time,1,fixed,A_b01,5,0.01,0.02,15.045544554455436,0.05045544554455437,1.0,0.0514851485148514
LR,time,1,fixed,A_b01,5,0.01,0.05,29.891089108910883,0.04891089108910883,1.0,0.0514851485148514
LR,time,1,fixed,A_b01,5,0.01,0.1,54.63366336633663,0.04633663366336626,1.0,0.0514851485148514
LR,time,1,fixed,A_b01,5,0.01,0.15,79.37623762376236,0.04376237623762369,1.0,0.0514851485148514
LR,time,1,fixed,A_b01,10,0.01,0.02,25.04554455445544,0.05045544554455437,1.0,0.0514851485148514
LR,time,1,fixed,A_b01,10,0.01,0.05,54.89108910891088,0.04891089108910883,1.0,0.0514851485148514
LR,time,1,fixed,A_b01,10,0.01,0.1,104.63366336633662,0.04633663366336626,1.0,0.0514851485148514
LR,time,1,fixed,A_b01,10,0.01,0.15,154.3762376237624,0.04376237623762369,1.0,0.0514851485148514
LR,time,1,fixed,A_b01,20,0.01,0.02,45.04554455445544,0.05045544554455437,1.0,0.0514851485148514
LR,time,1,fixed,A_b01,20,0.01,0.05,104.89108910891088,0.04891089108910883,1.0,0.0514851485148514
LR,time,1,fixed,A_b01,20,0.01,0.1,204.63366336633663,0.04633663366336626,1.0,0.0514851485148514
LR,time,1,fixed,A_b01,20,0.01,0.15,304.3762376237624,0.04376237623762369,1.0,0.0514851485148514
LR,time,1,fixed,A_b01,50,0.01,0.02,105.04554455445543,0.05045544554455437,1.0,0.0514851485148514
LR,time,1,fixed,A_b01,50,0.01,0.05,254.8910891089109,0.04891089108910883,1.0,0.0514851485148514
LR,time,1,fixed,A_b01,50,0.01,0.1,504.63366336633663,0.04633663366336626,1.0,0.0514851485148514
LR,time,1,fixed,A_b01,50,0.01,0.15,754.3762376237623,0.04376237623762369,1.0,0.0514851485148514
LR,time,1,fixed,A_b05,5,0.05,0.02,28.6,0.198,0.9,0.2
LR,time,1,fixed,A_b05,5,0.05,0.05,41.5,0.195,0.9,0.2
LR,time,1,fixed,A_b05,5,0.05,0.1,63.0,0.19000000000000003,0.9,0.2
LR,time,1,fixed,A_b05,5,0.05,0.15,84.50000000000001,0.185,0.9,0.2
LR,time,1,fixed,A_b05,10,0.05,0.02,37.6,0.198,0.9,0.2
LR,time,1,fixed,A_b05,10,0.05,0.05,64.0,0.195,0.9,0.2
LR,time,1,fixed,A_b05,10,0.05,0.1,108.0,0.19000000000000003,0.9,0.2
LR,time,1,fixed,A_b05,10,0.05,0.15,152.0,0.185,0.9,0.2
LR,time,1,fixed,A_b05,20,0.05,0.02,55.60000000000001,0.198,0.9,0.2
LR,time,1,fixed,A_b05,20,0.05,0.05,109.00000000000001,0.195,0.9,0.2
LR,time,1,fixed,A_b05,20,0.05,0.1,198.0,0.19000000000000003,0.9,0.2
LR,time,1,fixed,A_b05,20,0.05,0.15,287.0,0.185,0.9,0.2
LR,time,1,fixed,A_b05,50,0.05,0.02,109.60000000000001,0.198,0.9,0.2
LR,time,1,fixed,A_b05,50,0.05,0.05,244.0,0.195,0.9,0.2
LR,time,1,fixed,A_b05,50,0.05,0.1,468.0,0.19000000000000003,0.9,0.2
LR,time,1,fixed,A_b05,50,0.05,0.15,692.0,0.185,0.9,0.2
LR,time,1,fixed,A_b10,5,0.1,0.02,33.80990099009901,0.2620990099009901,0.8,0.2633663366336634
LR,time,1,fixed,A_b10,5,0.1,0.05,45.01980198019802,0.2601980198019802,0.8,0.2633663366336634
LR,time,1,fixed,A_b10,5,0.1,0.1,63.7029702970297,0.25702970297029704,0.8,0.2633663366336634
LR,time,1,fixed,A_b10,5,0.1,0.15,82.38613861386139,0.25386138613861386,0.8,0.2633663366336634
LR,time,1,fixed,A_b10,10,0.1,0.02,41.80990099009902,0.2620990099009901,0.8,0.2633663366336634
LR,time,1,fixed,A_b10,10,0.1,0.05,65.01980198019803,0.2601980198019802,0.8,0.2633663366336634
LR,time,1,fixed,A_b10,10,0.1,0.1,103.70297029702971,0.25702970297029704,0.8,0.2633663366336634
LR,time,1,fixed,A_b10,10,0.1,0.15,142.3861386138614,0.25386138613861386,0.8,0.2633663366336634
LR,time,1,fixed,A_b10,20,0.1,0.02,57.80990099009902,0.2620990099009901,0.8,0.2633663366336634
LR,time,1,fixed,A_b10,20,0.1,0.05,105.01980198019803,0.2601980198019802,0.8,0.2633663366336634
LR,time,1,fixed,A_b10,20,0.1,0.1,183.7029702970297,0.25702970297029704,0.8,0.2633663366336634
LR,time,1,fixed,A_b10,20,0.1,0.15,262.3861386138614,0.25386138613861386,0.8,0.2633663366336634
LR,time,1,fixed,A_b10,50,0.1,0.02,105.80990099009901,0.2620990099009901,0.8,0.2633663366336634
LR,time,1,fixed,A_b10,50,0.1,0.05,225.01980198019803,0.2601980198019802,0.8,0.2633663366336634
LR,time,1,fixed,A_b10,50,0.1,0.1,423.70297029702965,0.25702970297029704,0.8,0.2633663366336634
LR,time,1,fixed,A_b10,50,0.1,0.15,622.3861386138614,0.25386138613861386,0.8,0.2633663366336634
LR,time,1,fixed,A_b20,5,0.2,0.02,57.11287128712872,0.5671287128712872,0.2,0.5623762376237624
LR,time,1,fixed,A_b20,5,0.2,0.05,58.425742574257434,0.5742574257425743,0.2,0.5623762376237624
LR,time,1,fixed,A_b20,5,0.2,0.1,60.61386138613862,0.5861386138613862,0.2,0.5623762376237624
LR,time,1,fixed,A_b20,5,0.2,0.15,62.80198019801981,0.5980198019801981,0.2,0.5623762376237624
LR,time,1,fixed,A_b20,10,0.2,0.02,59.11287128712872,0.5671287128712872,0.2,0.5623762376237624
LR,time,1,fixed,A_b20,10,0.2,0.05,63.42574257425743,0.5742574257425743,0.2,0.5623762376237624
LR,time,1,fixed,A_b20,10,0.2,0.1,70.61386138613864,0.5861386138613862,0.2,0.5623762376237624
LR,time,1,fixed,A_b20,10,0.2,0.15,77.8019801980198,0.5980198019801981,0.2,0.5623762376237624
LR,time,1,fixed,A_b20,20,0.2,0.02,63.112871287128726,0.5671287128712872,0.2,0.5623762376237624
LR,time,1,fixed,A_b20,20,0.2,0.05,73.42574257425743,0.5742574257425743,0.2,0.5623762376237624
LR,time,1,fixed,A_b20,20,0.2,0.1,90.61386138613862,0.5861386138613862,0.2,0.5623762376237624
LR,time,1,fixed,A_b20,20,0.2,0.15,107.8019801980198,0.5980198019801981,0.2,0.5623762376237624
LR,time,1,fixed,A_b20,50,0.2,0.02,75.11287128712871,0.5671287128712872,0.2,0.5623762376237624
LR,time,1,fixed,A_b20,50,0.2,0.05,103.42574257425743,0.5742574257425743,0.2,0.5623762376237624
LR,time,1,fixed,A_b20,50,0.2,0.1,150.6138613861386,0.5861386138613862,0.2,0.5623762376237624
LR,time,1,fixed,A_b20,50,0.2,0.15,197.8019801980198,0.5980198019801981,0.2,0.5623762376237624
LR,time,1,fixed,B_r05,5,,0.02,10.0,0.0,1.0,0.0
LR,time,1,fixed,B_r05,5,,0.05,25.0,0.0,1.0,0.0
LR,time,1,fixed,B_r05,5,,0.1,50.0,0.0,1.0,0.0
LR,time,1,fixed,B_r05,5,,0.15,75.0,0.0,1.0,0.0
LR,time,1,fixed,B_r10,10,,0.02,20.0,0.0,1.0,0.0
LR,time,1,fixed,B_r10,10,,0.05,50.0,0.0,1.0,0.0
LR,time,1,fixed,B_r10,10,,0.1,100.0,0.0,1.0,0.0
LR,time,1,fixed,B_r10,10,,0.15,150.0,0.0,1.0,0.0
LR,time,1,fixed,B_r20,20,,0.02,40.0,0.0,1.0,0.0
LR,time,1,fixed,B_r20,20,,0.05,100.0,0.0,1.0,0.0
LR,time,1,fixed,B_r20,20,,0.1,200.0,0.0,1.0,0.0
LR,time,1,fixed,B_r20,20,,0.15,300.0,0.0,1.0,0.0
LR,time,1,fixed,B_r50,50,,0.02,100.0,0.0,1.0,0.0
LR,time,1,fixed,B_r50,50,,0.05,250.0,0.0,1.0,0.0
LR,time,1,fixed,B_r50,50,,0.1,500.0,0.0,1.0,0.0
LR,time,1,fixed,B_r50,50,,0.15,750.0,0.0,1.0,0.0
LR,time,1,fixed,C_b01_r05,5,0.01,0.02,10.0,0.0,1.0,0.0
LR,time,1,fixed,C_b01_r05,5,0.01,0.05,25.0,0.0,1.0,0.0
LR,time,1,fixed,C_b01_r05,5,0.01,0.1,50.0,0.0,1.0,0.0
LR,time,1,fixed,C_b01_r05,5,0.01,0.15,75.0,0.0,1.0,0.0
LR,time,1,fixed,C_b01_r10,10,0.01,0.02,20.0,0.0,1.0,0.0
LR,time,1,fixed,C_b01_r10,10,0.01,0.05,50.0,0.0,1.0,0.0
LR,time,1,fixed,C_b01_r10,10,0.01,0.1,100.0,0.0,1.0,0.0
LR,time,1,fixed,C_b01_r10,10,0.01,0.15,150.0,0.0,1.0,0.0
LR,time,1,fixed,C_b01_r20,20,0.01,0.02,40.0,0.0,1.0,0.0
LR,time,1,fixed,C_b01_r20,20,0.01,0.05,100.0,0.0,1.0,0.0
LR,time,1,fixed,C_b01_r20,20,0.01,0.1,200.0,0.0,1.0,0.0
LR,time,1,fixed,C_b01_r20,20,0.01,0.15,300.0,0.0,1.0,0.0
LR,time,1,fixed,C_b01_r50,50,0.01,0.02,100.0,0.0,1.0,0.0
LR,time,1,fixed,C_b01_r50,50,0.01,0.05,250.0,0.0,1.0,0.0
LR,time,1,fixed,C_b01_r50,50,0.01,0.1,500.0,0.0,1.0,0.0
LR,time,1,fixed,C_b01_r50,50,0.01,0.15,750.0,0.0,1.0,0.0
LR,time,1,fixed,C_b05_r05,5,0.05,0.02,10.0,0.0,1.0,0.0
LR,time,1,fixed,C_b05_r05,5,0.05,0.05,25.0,0.0,1.0,0.0
LR,time,1,fixed,C_b05_r05,5,0.05,0.1,50.0,0.0,1.0,0.0
LR,time,1,fixed,C_b05_r05,5,0.05,0.15,75.0,0.0,1.0,0.0
LR,time,1,fixed,C_b05_r10,10,0.05,0.02,20.0,0.0,1.0,0.0
LR,time,1,fixed,C_b05_r10,10,0.05,0.05,50.0,0.0,1.0,0.0
LR,time,1,fixed,C_b05_r10,10,0.05,0.1,100.0,0.0,1.0,0.0
LR,time,1,fixed,C_b05_r10,10,0.05,0.15,150.0,0.0,1.0,0.0
LR,time,1,fixed,C_b05_r20,20,0.05,0.02,40.0,0.0,1.0,0.0
LR,time,1,fixed,C_b05_r20,20,0.05,0.05,100.0,0.0,1.0,0.0
LR,time,1,fixed,C_b05_r20,20,0.05,0.1,200.0,0.0,1.0,0.0
LR,time,1,fixed,C_b05_r20,20,0.05,0.15,300.0,0.0,1.0,0.0
LR,time,1,fixed,C_b05_r50,50,0.05,0.02,100.0,0.0,1.0,0.0
LR,time,1,fixed,C_b05_r50,50,0.05,0.05,250.0,0.0,1.0,0.0
LR,time,1,fixed,C_b05_r50,50,0.05,0.1,500.0,0.0,1.0,0.0
LR,time,1,fixed,C_b05_r50,50,0.05,0.15,750.0,0.0,1.0,0.0
LR,time,1,fixed,C_b10_r05,5,0.1,0.02,10.0,0.0,1.0,0.0
LR,time,1,fixed,C_b10_r05,5,0.1,0.05,25.0,0.0,1.0,0.0
LR,time,1,fixed,C_b10_r05,5,0.1,0.1,50.0,0.0,1.0,0.0
LR,time,1,fixed,C_b10_r05,5,0.1,0.15,75.0,0.0,1.0,0.0
LR,time,1,fixed,C_b10_r10,10,0.1,0.02,20.0,0.0,1.0,0.0
LR,time,1,fixed,C_b10_r10,10,0.1,0.05,50.0,0.0,1.0,0.0
LR,time,1,fixed,C_b10_r10,10,0.1,0.1,100.0,0.0,1.0,0.0
LR,time,1,fixed,C_b10_r10,10,0.1,0.15,150.0,0.0,1.0,0.0
LR,time,1,fixed,C_b10_r20,20,0.1,0.02,40.0,0.0,1.0,0.0
LR,time,1,fixed,C_b10_r20,20,0.1,0.05,100.0,0.0,1.0,0.0
LR,time,1,fixed,C_b10_r20,20,0.1,0.1,200.0,0.0,1.0,0.0
LR,time,1,fixed,C_b10_r20,20,0.1,0.15,300.0,0.0,1.0,0.0
LR,time,1,fixed,C_b10_r50,50,0.1,0.02,100.0,0.0,1.0,0.0
LR,time,1,fixed,C_b10_r50,50,0.1,0.05,250.0,0.0,1.0,0.0
LR,time,1,fixed,C_b10_r50,50,0.1,0.1,500.0,0.0,1.0,0.0
LR,time,1,fixed,C_b10_r50,50,0.1,0.15,750.0,0.0,1.0,0.0
LR,time,1,fixed,C_b20_r05,5,0.2,0.02,10.0,0.0,1.0,0.0
LR,time,1,fixed,C_b20_r05,5,0.2,0.05,25.0,0.0,1.0,0.0
LR,time,1,fixed,C_b20_r05,5,0.2,0.1,50.0,0.0,1.0,0.0
LR,time,1,fixed,C_b20_r05,5,0.2,0.15,75.0,0.0,1.0,0.0
LR,time,1,fixed,C_b20_r10,10,0.2,0.02,20.0,0.0,1.0,0.0
LR,time,1,fixed,C_b20_r10,10,0.2,0.05,50.0,0.0,1.0,0.0
LR,time,1,fixed,C_b20_r10,10,0.2,0.1,100.0,0.0,1.0,0.0
LR,time,1,fixed,C_b20_r10,10,0.2,0.15,150.0,0.0,1.0,0.0
LR,time,1,fixed,C_b20_r20,20,0.2,0.02,40.0,0.0,1.0,0.0
LR,time,1,fixed,C_b20_r20,20,0.2,0.05,100.0,0.0,1.0,0.0
LR,time,1,fixed,C_b20_r20,20,0.2,0.1,200.0,0.0,1.0,0.0
LR,time,1,fixed,C_b20_r20,20,0.2,0.15,300.0,0.0,1.0,0.0
LR,time,1,fixed,C_b20_r50,50,0.2,0.02,100.0,0.0,1.0,0.0
LR,time,1,fixed,C_b20_r50,50,0.2,0.05,250.0,0.0,1.0,0.0
LR,time,1,fixed,C_b20_r50,50,0.2,0.1,500.0,0.0,1.0,0.0
LR,time,1,fixed,C_b20_r50,50,0.2,0.15,750.0,0.0,1.0,0.0
LR,time,1,fixed,TopK_b01,5,0.01,0.02,10.970297029702971,0.009702970297029701,1.0,0.0099009900990099
LR,time,1,fixed,TopK_b01,5,0.01,0.05,25.940594059405942,0.009405940594059404,1.0,0.0099009900990099
LR,time,1,fixed,TopK_b01,5,0.01,0.1,50.89108910891089,0.00891089108910891,1.0,0.0099009900990099
LR,time,1,fixed,TopK_b01,5,0.01,0.15,75.84158415841584,0.008415841584158415,1.0,0.0099009900990099
LR,time,1,fixed,TopK_b01,10,0.01,0.02,20.970297029702973,0.009702970297029701,1.0,0.0099009900990099
LR,time,1,fixed,TopK_b01,10,0.01,0.05,50.94059405940594,0.009405940594059404,1.0,0.0099009900990099
LR,time,1,fixed,TopK_b01,10,0.01,0.1,100.89108910891089,0.00891089108910891,1.0,0.0099009900990099
LR,time,1,fixed,TopK_b01,10,0.01,0.15,150.84158415841586,0.008415841584158415,1.0,0.0099009900990099
LR,time,1,fixed,TopK_b01,20,0.01,0.02,40.97029702970298,0.009702970297029701,1.0,0.0099009900990099
LR,time,1,fixed,TopK_b01,20,0.01,0.05,100.94059405940594,0.009405940594059404,1.0,0.0099009900990099
LR,time,1,fixed,TopK_b01,20,0.01,0.1,200.8910891089109,0.00891089108910891,1.0,0.0099009900990099
LR,time,1,fixed,TopK_b01,20,0.01,0.15,300.8415841584158,0.008415841584158415,1.0,0.0099009900990099
LR,time,1,fixed,TopK_b01,50,0.01,0.02,100.97029702970298,0.009702970297029701,1.0,0.0099009900990099
LR,time,1,fixed,TopK_b01,50,0.01,0.05,250.94059405940592,0.009405940594059404,1.0,0.0099009900990099
LR,time,1,fixed,TopK_b01,50,0.01,0.1,500.8910891089108,0.00891089108910891,1.0,0.0099009900990099
LR,time,1,fixed,TopK_b01,50,0.01,0.15,750.8415841584158,0.008415841584158415,1.0,0.0099009900990099
LR,time,1,fixed,TopK_b05,5,0.05,0.02,14.85148514851485,0.04851485148514851,1.0,0.0495049504950495
LR,time,1,fixed,TopK_b05,5,0.05,0.05,29.7029702970297,0.04702970297029702,1.0,0.0495049504950495
LR,time,1,fixed,TopK_b05,5,0.05,0.1,54.45544554455446,0.04455445544554455,1.0,0.0495049504950495
LR,time,1,fixed,TopK_b05,5,0.05,0.15,79.20792079207921,0.042079207920792075,1.0,0.0495049504950495
LR,time,1,fixed,TopK_b05,10,0.05,0.02,24.85148514851485,0.04851485148514851,1.0,0.0495049504950495
LR,time,1,fixed,TopK_b05,10,0.05,0.05,54.70297029702971,0.04702970297029702,1.0,0.0495049504950495
LR,time,1,fixed,TopK_b05,10,0.05,0.1,104.45544554455446,0.04455445544554455,1.0,0.0495049504950495
LR,time,1,fixed,TopK_b05,10,0.05,0.15,154.20792079207922,0.042079207920792075,1.0,0.0495049504950495
LR,time,1,fixed,TopK_b05,20,0.05,0.02,44.851485148514854,0.04851485148514851,1.0,0.0495049504950495
LR,time,1,fixed,TopK_b05,20,0.05,0.05,104.70297029702971,0.04702970297029702,1.0,0.0495049504950495
LR,time,1,fixed,TopK_b05,20,0.05,0.1,204.45544554455446,0.04455445544554455,1.0,0.0495049504950495
LR,time,1,fixed,TopK_b05,20,0.05,0.15,304.20792079207916,0.042079207920792075,1.0,0.0495049504950495
LR,time,1,fixed,TopK_b05,50,0.05,0.02,104.85148514851485,0.04851485148514851,1.0,0.0495049504950495
LR,time,1,fixed,TopK_b05,50,0.05,0.05,254.70297029702968,0.04702970297029702,1.0,0.0495049504950495
LR,time,1,fixed,TopK_b05,50,0.05,0.1,504.45544554455444,0.04455445544554455,1.0,0.0495049504950495
LR,time,1,fixed,TopK_b05,50,0.05,0.15,754.2079207920792,0.042079207920792075,1.0,0.0495049504950495
LR,time,1,fixed,TopK_b10,5,0.1,0.02,19.897029702970297,0.09897029702970297,1.0,0.100990099009901
LR,time,1,fixed,TopK_b10,5,0.1,0.05,34.59405940594059,0.09594059405940594,1.0,0.100990099009901
LR,time,1,fixed,TopK_b10,5,0.1,0.1,59.089108910891085,0.0908910891089109,1.0,0.100990099009901
LR,time,1,fixed,TopK_b10,5,0.1,0.15,83.58415841584159,0.08584158415841585,1.0,0.100990099009901
LR,time,1,fixed,TopK_b10,10,0.1,0.02,29.8970297029703,0.09897029702970297,1.0,0.100990099009901
LR,time,1,fixed,TopK_b10,10,0.1,0.05,59.59405940594059,0.09594059405940594,1.0,0.100990099009901
LR,time,1,fixed,TopK_b10,10,0.1,0.1,109.0891089108911,0.0908910891089109,1.0,0.100990099009901
LR,time,1,fixed,TopK_b10,10,0.1,0.15,158.58415841584159,0.08584158415841585,1.0,0.100990099009901
LR,time,1,fixed,TopK_b10,20,0.1,0.02,49.8970297029703,0.09897029702970297,1.0,0.100990099009901
LR,time,1,fixed,TopK_b10,20,0.1,0.05,109.5940594059406,0.09594059405940594,1.0,0.100990099009901
LR,time,1,fixed,TopK_b10,20,0.1,0.1,209.0891089108911,0.0908910891089109,1.0,0.100990099009901
LR,time,1,fixed,TopK_b10,20,0.1,0.15,308.58415841584156,0.08584158415841585,1.0,0.100990099009901
LR,time,1,fixed,TopK_b10,50,0.1,0.02,109.8970297029703,0.09897029702970297,1.0,0.100990099009901
LR,time,1,fixed,TopK_b10,50,0.1,0.05,259.5940594059406,0.09594059405940594,1.0,0.100990099009901
LR,time,1,fixed,TopK_b10,50,0.1,0.1,509.08910891089107,0.0908910891089109,1.0,0.100990099009901
LR,time,1,fixed,TopK_b10,50,0.1,0.15,758.5841584158416,0.08584158415841585,1.0,0.100990099009901
LR,time,1,fixed,TopK_b20,5,0.2,0.02,28.794059405940597,0.19994059405940595,0.9,0.201980198019802
LR,time,1,fixed,TopK_b20,5,0.2,0.05,41.68811881188119,0.1968811881188119,0.9,0.201980198019802
LR,time,1,fixed,TopK_b20,5,0.2,0.1,63.17821782178218,0.1917821782178218,0.9,0.201980198019802
LR,time,1,fixed,TopK_b20,5,0.2,0.15,84.66831683168317,0.18668316831683168,0.9,0.201980198019802
LR,time,1,fixed,TopK_b20,10,0.2,0.02,37.794059405940594,0.19994059405940595,0.9,0.201980198019802
LR,time,1,fixed,TopK_b20,10,0.2,0.05,64.1881188118812,0.1968811881188119,0.9,0.201980198019802
LR,time,1,fixed,TopK_b20,10,0.2,0.1,108.17821782178218,0.1917821782178218,0.9,0.201980198019802
LR,time,1,fixed,TopK_b20,10,0.2,0.15,152.16831683168317,0.18668316831683168,0.9,0.201980198019802
LR,time,1,fixed,TopK_b20,20,0.2,0.02,55.7940594059406,0.19994059405940595,0.9,0.201980198019802
LR,time,1,fixed,TopK_b20,20,0.2,0.05,109.1881188118812,0.1968811881188119,0.9,0.201980198019802
LR,time,1,fixed,TopK_b20,20,0.2,0.1,198.17821782178217,0.1917821782178218,0.9,0.201980198019802
LR,time,1,fixed,TopK_b20,20,0.2,0.15,287.1683168316832,0.18668316831683168,0.9,0.201980198019802
LR,time,1,fixed,TopK_b20,50,0.2,0.02,109.7940594059406,0.19994059405940595,0.9,0.201980198019802
LR,time,1,fixed,TopK_b20,50,0.2,0.05,244.1881188118812,0.1968811881188119,0.9,0.201980198019802
LR,time,1,fixed,TopK_b20,50,0.2,0.1,468.1782178217822,0.1917821782178218,0.9,0.201980198019802
LR,time,1,fixed,TopK_b20,50,0.2,0.15,692.1683168316831,0.18668316831683168,0.9,0.201980198019802
LR,time,1,refitted,none,5,,0.02,10.0,0.0,1.0,0.0
LR,time,1,refitted,none,5,,0.05,25.0,0.0,1.0,0.0
LR,time,1,refitted,none,5,,0.1,50.0,0.0,1.0,0.0
LR,time,1,refitted,none,5,,0.15,75.0,0.0,1.0,0.0
LR,time,1,refitted,none,10,,0.02,20.0,0.0,1.0,0.0
LR,time,1,refitted,none,10,,0.05,50.0,0.0,1.0,0.0
LR,time,1,refitted,none,10,,0.1,100.0,0.0,1.0,0.0
LR,time,1,refitted,none,10,,0.15,150.0,0.0,1.0,0.0
LR,time,1,refitted,none,20,,0.02,40.0,0.0,1.0,0.0
LR,time,1,refitted,none,20,,0.05,100.0,0.0,1.0,0.0
LR,time,1,refitted,none,20,,0.1,200.0,0.0,1.0,0.0
LR,time,1,refitted,none,20,,0.15,300.0,0.0,1.0,0.0
LR,time,1,refitted,none,50,,0.02,100.0,0.0,1.0,0.0
LR,time,1,refitted,none,50,,0.05,250.0,0.0,1.0,0.0
LR,time,1,refitted,none,50,,0.1,500.0,0.0,1.0,0.0
LR,time,1,refitted,none,50,,0.15,750.0,0.0,1.0,0.0
LR,time,1,refitted,A_b01,5,0.01,0.02,16.79207920792079,0.06792079207920791,1.0,0.0693069306930693
LR,time,1,refitted,A_b01,5,0.01,0.05,31.584158415841586,0.06584158415841583,1.0,0.0693069306930693
LR,time,1,refitted,A_b01,5,0.01,0.1,56.23762376237623,0.06237623762376237,1.0,0.0693069306930693
LR,time,1,refitted,A_b01,5,0.01,0.15,80.89108910891089,0.0589108910891089,1.0,0.0693069306930693
LR,time,1,refitted,A_b01,10,0.01,0.02,26.792079207920793,0.06792079207920791,1.0,0.0693069306930693
LR,time,1,refitted,A_b01,10,0.01,0.05,56.58415841584158,0.06584158415841583,1.0,0.0693069306930693
LR,time,1,refitted,A_b01,10,0.01,0.1,106.23762376237624,0.06237623762376237,1.0,0.0693069306930693
LR,time,1,refitted,A_b01,10,0.01,0.15,155.8910891089109,0.0589108910891089,1.0,0.0693069306930693
LR,time,1,refitted,A_b01,20,0.01,0.02,46.79207920792079,0.06792079207920791,1.0,0.0693069306930693
LR,time,1,refitted,A_b01,20,0.01,0.05,106.58415841584159,0.06584158415841583,1.0,0.0693069306930693
LR,time,1,refitted,A_b01,20,0.01,0.1,206.23762376237624,0.06237623762376237,1.0,0.0693069306930693
LR,time,1,refitted,A_b01,20,0.01,0.15,305.8910891089109,0.0589108910891089,1.0,0.0693069306930693
LR,time,1,refitted,A_b01,50,0.01,0.02,106.79207920792079,0.06792079207920791,1.0,0.0693069306930693
LR,time,1,refitted,A_b01,50,0.01,0.05,256.58415841584156,0.06584158415841583,1.0,0.0693069306930693
LR,time,1,refitted,A_b01,50,0.01,0.1,506.2376237623762,0.06237623762376237,1.0,0.0693069306930693
LR,time,1,refitted,A_b01,50,0.01,0.15,755.8910891089109,0.0589108910891089,1.0,0.0693069306930693
LR,time,1,refitted,A_b05,5,0.05,0.02,27.465346534653467,0.17465346534653464,1.0,0.1782178217821782
LR,time,1,refitted,A_b05,5,0.05,0.05,41.930693069306926,0.1693069306930693,1.0,0.1782178217821782
LR,time,1,refitted,A_b05,5,0.05,0.1,66.03960396039604,0.1603960396039604,1.0,0.1782178217821782
LR,time,1,refitted,A_b05,5,0.05,0.15,90.14851485148515,0.15148514851485148,1.0,0.1782178217821782
LR,time,1,refitted,A_b05,10,0.05,0.02,37.46534653465346,0.17465346534653464,1.0,0.1782178217821782
LR,time,1,refitted,A_b05,10,0.05,0.05,66.93069306930693,0.1693069306930693,1.0,0.1782178217821782
LR,time,1,refitted,A_b05,10,0.05,0.1,116.03960396039604,0.1603960396039604,1.0,0.1782178217821782
LR,time,1,refitted,A_b05,10,0.05,0.15,165.14851485148515,0.15148514851485148,1.0,0.1782178217821782
LR,time,1,refitted,A_b05,20,0.05,0.02,57.46534653465347,0.17465346534653464,1.0,0.1782178217821782
LR,time,1,refitted,A_b05,20,0.05,0.05,116.93069306930693,0.1693069306930693,1.0,0.1782178217821782
LR,time,1,refitted,A_b05,20,0.05,0.1,216.03960396039605,0.1603960396039604,1.0,0.1782178217821782
LR,time,1,refitted,A_b05,20,0.05,0.15,315.1485148514852,0.15148514851485148,1.0,0.1782178217821782
LR,time,1,refitted,A_b05,50,0.05,0.02,117.46534653465346,0.17465346534653464,1.0,0.1782178217821782
LR,time,1,refitted,A_b05,50,0.05,0.05,266.9306930693069,0.1693069306930693,1.0,0.1782178217821782
LR,time,1,refitted,A_b05,50,0.05,0.1,516.0396039603961,0.1603960396039604,1.0,0.1782178217821782
LR,time,1,refitted,A_b05,50,0.05,0.15,765.1485148514851,0.15148514851485148,1.0,0.1782178217821782
LR,time,1,refitted,A_b10,5,0.1,0.02,33.03366336633663,0.2543366336633663,0.8,0.2554455445544554
LR,time,1,refitted,A_b10,5,0.1,0.05,44.26732673267326,0.2526732673267326,0.8,0.2554455445544554
LR,time,1,refitted,A_b10,5,0.1,0.1,62.99009900990099,0.24990099009900985,0.8,0.2554455445544554
LR,time,1,refitted,A_b10,5,0.1,0.15,81.71287128712872,0.24712871287128707,0.8,0.2554455445544554
LR,time,1,refitted,A_b10,10,0.1,0.02,41.03366336633663,0.2543366336633663,0.8,0.2554455445544554
LR,time,1,refitted,A_b10,10,0.1,0.05,64.26732673267325,0.2526732673267326,0.8,0.2554455445544554
LR,time,1,refitted,A_b10,10,0.1,0.1,102.99009900990099,0.24990099009900985,0.8,0.2554455445544554
LR,time,1,refitted,A_b10,10,0.1,0.15,141.71287128712873,0.24712871287128707,0.8,0.2554455445544554
LR,time,1,refitted,A_b10,20,0.1,0.02,57.03366336633664,0.2543366336633663,0.8,0.2554455445544554
LR,time,1,refitted,A_b10,20,0.1,0.05,104.26732673267327,0.2526732673267326,0.8,0.2554455445544554
LR,time,1,refitted,A_b10,20,0.1,0.1,182.990099009901,0.24990099009900985,0.8,0.2554455445544554
LR,time,1,refitted,A_b10,20,0.1,0.15,261.71287128712873,0.24712871287128707,0.8,0.2554455445544554
LR,time,1,refitted,A_b10,50,0.1,0.02,105.03366336633664,0.2543366336633663,0.8,0.2554455445544554
LR,time,1,refitted,A_b10,50,0.1,0.05,224.26732673267327,0.2526732673267326,0.8,0.2554455445544554
LR,time,1,refitted,A_b10,50,0.1,0.1,422.990099009901,0.24990099009900985,0.8,0.2554455445544554
LR,time,1,refitted,A_b10,50,0.1,0.15,621.7128712871287,0.24712871287128707,0.8,0.2554455445544554
LR,time,1,refitted,A_b20,5,0.2,0.02,55.06732673267327,0.5106732673267327,0.5,0.5108910891089109
LR,time,1,refitted,A_b20,5,0.2,0.05,61.03465346534654,0.5103465346534654,0.5,0.5108910891089109
LR,time,1,refitted,A_b20,5,0.2,0.1,70.98019801980197,0.5098019801980198,0.5,0.5108910891089109
LR,time,1,refitted,A_b20,5,0.2,0.15,80.92574257425741,0.5092574257425743,0.5,0.5108910891089109
LR,time,1,refitted,A_b20,10,0.2,0.02,60.067326732673266,0.5106732673267327,0.5,0.5108910891089109
LR,time,1,refitted,A_b20,10,0.2,0.05,73.53465346534654,0.5103465346534654,0.5,0.5108910891089109
LR,time,1,refitted,A_b20,10,0.2,0.1,95.98019801980197,0.5098019801980198,0.5,0.5108910891089109
LR,time,1,refitted,A_b20,10,0.2,0.15,118.42574257425741,0.5092574257425743,0.5,0.5108910891089109
LR,time,1,refitted,A_b20,20,0.2,0.02,70.06732673267327,0.5106732673267327,0.5,0.5108910891089109
LR,time,1,refitted,A_b20,20,0.2,0.05,98.53465346534654,0.5103465346534654,0.5,0.5108910891089109
LR,time,1,refitted,A_b20,20,0.2,0.1,145.98019801980197,0.5098019801980198,0.5,0.5108910891089109
LR,time,1,refitted,A_b20,20,0.2,0.15,193.4257425742574,0.5092574257425743,0.5,0.5108910891089109
LR,time,1,refitted,A_b20,50,0.2,0.02,100.06732673267327,0.5106732673267327,0.5,0.5108910891089109
LR,time,1,refitted,A_b20,50,0.2,0.05,173.53465346534654,0.5103465346534654,0.5,0.5108910891089109
LR,time,1,refitted,A_b20,50,0.2,0.1,295.980198019802,0.5098019801980198,0.5,0.5108910891089109
LR,time,1,refitted,A_b20,50,0.2,0.15,418.4257425742574,0.5092574257425743,0.5,0.5108910891089109
LR,time,1,refitted,B_r05,5,,0.02,10.0,0.0,1.0,0.0
LR,time,1,refitted,B_r05,5,,0.05,25.0,0.0,1.0,0.0
LR,time,1,refitted,B_r05,5,,0.1,50.0,0.0,1.0,0.0
LR,time,1,refitted,B_r05,5,,0.15,75.0,0.0,1.0,0.0
LR,time,1,refitted,B_r10,10,,0.02,20.0,0.0,1.0,0.0
LR,time,1,refitted,B_r10,10,,0.05,50.0,0.0,1.0,0.0
LR,time,1,refitted,B_r10,10,,0.1,100.0,0.0,1.0,0.0
LR,time,1,refitted,B_r10,10,,0.15,150.0,0.0,1.0,0.0
LR,time,1,refitted,B_r20,20,,0.02,40.0,0.0,1.0,0.0
LR,time,1,refitted,B_r20,20,,0.05,100.0,0.0,1.0,0.0
LR,time,1,refitted,B_r20,20,,0.1,200.0,0.0,1.0,0.0
LR,time,1,refitted,B_r20,20,,0.15,300.0,0.0,1.0,0.0
LR,time,1,refitted,B_r50,50,,0.02,100.0,0.0,1.0,0.0
LR,time,1,refitted,B_r50,50,,0.05,250.0,0.0,1.0,0.0
LR,time,1,refitted,B_r50,50,,0.1,500.0,0.0,1.0,0.0
LR,time,1,refitted,B_r50,50,,0.15,750.0,0.0,1.0,0.0
LR,time,1,refitted,C_b01_r05,5,0.01,0.02,10.0,0.0,1.0,0.0
LR,time,1,refitted,C_b01_r05,5,0.01,0.05,25.0,0.0,1.0,0.0
LR,time,1,refitted,C_b01_r05,5,0.01,0.1,50.0,0.0,1.0,0.0
LR,time,1,refitted,C_b01_r05,5,0.01,0.15,75.0,0.0,1.0,0.0
LR,time,1,refitted,C_b01_r10,10,0.01,0.02,20.0,0.0,1.0,0.0
LR,time,1,refitted,C_b01_r10,10,0.01,0.05,50.0,0.0,1.0,0.0
LR,time,1,refitted,C_b01_r10,10,0.01,0.1,100.0,0.0,1.0,0.0
LR,time,1,refitted,C_b01_r10,10,0.01,0.15,150.0,0.0,1.0,0.0
LR,time,1,refitted,C_b01_r20,20,0.01,0.02,40.0,0.0,1.0,0.0
LR,time,1,refitted,C_b01_r20,20,0.01,0.05,100.0,0.0,1.0,0.0
LR,time,1,refitted,C_b01_r20,20,0.01,0.1,200.0,0.0,1.0,0.0
LR,time,1,refitted,C_b01_r20,20,0.01,0.15,300.0,0.0,1.0,0.0
LR,time,1,refitted,C_b01_r50,50,0.01,0.02,100.0,0.0,1.0,0.0
LR,time,1,refitted,C_b01_r50,50,0.01,0.05,250.0,0.0,1.0,0.0
LR,time,1,refitted,C_b01_r50,50,0.01,0.1,500.0,0.0,1.0,0.0
LR,time,1,refitted,C_b01_r50,50,0.01,0.15,750.0,0.0,1.0,0.0
LR,time,1,refitted,C_b05_r05,5,0.05,0.02,10.0,0.0,1.0,0.0
LR,time,1,refitted,C_b05_r05,5,0.05,0.05,25.0,0.0,1.0,0.0
LR,time,1,refitted,C_b05_r05,5,0.05,0.1,50.0,0.0,1.0,0.0
LR,time,1,refitted,C_b05_r05,5,0.05,0.15,75.0,0.0,1.0,0.0
LR,time,1,refitted,C_b05_r10,10,0.05,0.02,20.0,0.0,1.0,0.0
LR,time,1,refitted,C_b05_r10,10,0.05,0.05,50.0,0.0,1.0,0.0
LR,time,1,refitted,C_b05_r10,10,0.05,0.1,100.0,0.0,1.0,0.0
LR,time,1,refitted,C_b05_r10,10,0.05,0.15,150.0,0.0,1.0,0.0
LR,time,1,refitted,C_b05_r20,20,0.05,0.02,40.0,0.0,1.0,0.0
LR,time,1,refitted,C_b05_r20,20,0.05,0.05,100.0,0.0,1.0,0.0
LR,time,1,refitted,C_b05_r20,20,0.05,0.1,200.0,0.0,1.0,0.0
LR,time,1,refitted,C_b05_r20,20,0.05,0.15,300.0,0.0,1.0,0.0
LR,time,1,refitted,C_b05_r50,50,0.05,0.02,100.0,0.0,1.0,0.0
LR,time,1,refitted,C_b05_r50,50,0.05,0.05,250.0,0.0,1.0,0.0
LR,time,1,refitted,C_b05_r50,50,0.05,0.1,500.0,0.0,1.0,0.0
LR,time,1,refitted,C_b05_r50,50,0.05,0.15,750.0,0.0,1.0,0.0
LR,time,1,refitted,C_b10_r05,5,0.1,0.02,10.0,0.0,1.0,0.0
LR,time,1,refitted,C_b10_r05,5,0.1,0.05,25.0,0.0,1.0,0.0
LR,time,1,refitted,C_b10_r05,5,0.1,0.1,50.0,0.0,1.0,0.0
LR,time,1,refitted,C_b10_r05,5,0.1,0.15,75.0,0.0,1.0,0.0
LR,time,1,refitted,C_b10_r10,10,0.1,0.02,20.0,0.0,1.0,0.0
LR,time,1,refitted,C_b10_r10,10,0.1,0.05,50.0,0.0,1.0,0.0
LR,time,1,refitted,C_b10_r10,10,0.1,0.1,100.0,0.0,1.0,0.0
LR,time,1,refitted,C_b10_r10,10,0.1,0.15,150.0,0.0,1.0,0.0
LR,time,1,refitted,C_b10_r20,20,0.1,0.02,40.0,0.0,1.0,0.0
LR,time,1,refitted,C_b10_r20,20,0.1,0.05,100.0,0.0,1.0,0.0
LR,time,1,refitted,C_b10_r20,20,0.1,0.1,200.0,0.0,1.0,0.0
LR,time,1,refitted,C_b10_r20,20,0.1,0.15,300.0,0.0,1.0,0.0
LR,time,1,refitted,C_b10_r50,50,0.1,0.02,100.0,0.0,1.0,0.0
LR,time,1,refitted,C_b10_r50,50,0.1,0.05,250.0,0.0,1.0,0.0
LR,time,1,refitted,C_b10_r50,50,0.1,0.1,500.0,0.0,1.0,0.0
LR,time,1,refitted,C_b10_r50,50,0.1,0.15,750.0,0.0,1.0,0.0
LR,time,1,refitted,C_b20_r05,5,0.2,0.02,10.0,0.0,1.0,0.0
LR,time,1,refitted,C_b20_r05,5,0.2,0.05,25.0,0.0,1.0,0.0
LR,time,1,refitted,C_b20_r05,5,0.2,0.1,50.0,0.0,1.0,0.0
LR,time,1,refitted,C_b20_r05,5,0.2,0.15,75.0,0.0,1.0,0.0
LR,time,1,refitted,C_b20_r10,10,0.2,0.02,20.0,0.0,1.0,0.0
LR,time,1,refitted,C_b20_r10,10,0.2,0.05,50.0,0.0,1.0,0.0
LR,time,1,refitted,C_b20_r10,10,0.2,0.1,100.0,0.0,1.0,0.0
LR,time,1,refitted,C_b20_r10,10,0.2,0.15,150.0,0.0,1.0,0.0
LR,time,1,refitted,C_b20_r20,20,0.2,0.02,40.0,0.0,1.0,0.0
LR,time,1,refitted,C_b20_r20,20,0.2,0.05,100.0,0.0,1.0,0.0
LR,time,1,refitted,C_b20_r20,20,0.2,0.1,200.0,0.0,1.0,0.0
LR,time,1,refitted,C_b20_r20,20,0.2,0.15,300.0,0.0,1.0,0.0
LR,time,1,refitted,C_b20_r50,50,0.2,0.02,100.0,0.0,1.0,0.0
LR,time,1,refitted,C_b20_r50,50,0.2,0.05,250.0,0.0,1.0,0.0
LR,time,1,refitted,C_b20_r50,50,0.2,0.1,500.0,0.0,1.0,0.0
LR,time,1,refitted,C_b20_r50,50,0.2,0.15,750.0,0.0,1.0,0.0
LR,time,1,refitted,TopK_b01,5,0.01,0.02,10.970297029702971,0.009702970297029701,1.0,0.0099009900990099
LR,time,1,refitted,TopK_b01,5,0.01,0.05,25.940594059405942,0.009405940594059404,1.0,0.0099009900990099
LR,time,1,refitted,TopK_b01,5,0.01,0.1,50.89108910891089,0.00891089108910891,1.0,0.0099009900990099
LR,time,1,refitted,TopK_b01,5,0.01,0.15,75.84158415841584,0.008415841584158415,1.0,0.0099009900990099
LR,time,1,refitted,TopK_b01,10,0.01,0.02,20.970297029702973,0.009702970297029701,1.0,0.0099009900990099
LR,time,1,refitted,TopK_b01,10,0.01,0.05,50.94059405940594,0.009405940594059404,1.0,0.0099009900990099
LR,time,1,refitted,TopK_b01,10,0.01,0.1,100.89108910891089,0.00891089108910891,1.0,0.0099009900990099
LR,time,1,refitted,TopK_b01,10,0.01,0.15,150.84158415841586,0.008415841584158415,1.0,0.0099009900990099
LR,time,1,refitted,TopK_b01,20,0.01,0.02,40.97029702970298,0.009702970297029701,1.0,0.0099009900990099
LR,time,1,refitted,TopK_b01,20,0.01,0.05,100.94059405940594,0.009405940594059404,1.0,0.0099009900990099
LR,time,1,refitted,TopK_b01,20,0.01,0.1,200.8910891089109,0.00891089108910891,1.0,0.0099009900990099
LR,time,1,refitted,TopK_b01,20,0.01,0.15,300.8415841584158,0.008415841584158415,1.0,0.0099009900990099
LR,time,1,refitted,TopK_b01,50,0.01,0.02,100.97029702970298,0.009702970297029701,1.0,0.0099009900990099
LR,time,1,refitted,TopK_b01,50,0.01,0.05,250.94059405940592,0.009405940594059404,1.0,0.0099009900990099
LR,time,1,refitted,TopK_b01,50,0.01,0.1,500.8910891089108,0.00891089108910891,1.0,0.0099009900990099
LR,time,1,refitted,TopK_b01,50,0.01,0.15,750.8415841584158,0.008415841584158415,1.0,0.0099009900990099
LR,time,1,refitted,TopK_b05,5,0.05,0.02,14.85148514851485,0.04851485148514851,1.0,0.0495049504950495
LR,time,1,refitted,TopK_b05,5,0.05,0.05,29.7029702970297,0.04702970297029702,1.0,0.0495049504950495
LR,time,1,refitted,TopK_b05,5,0.05,0.1,54.45544554455446,0.04455445544554455,1.0,0.0495049504950495
LR,time,1,refitted,TopK_b05,5,0.05,0.15,79.20792079207921,0.042079207920792075,1.0,0.0495049504950495
LR,time,1,refitted,TopK_b05,10,0.05,0.02,24.85148514851485,0.04851485148514851,1.0,0.0495049504950495
LR,time,1,refitted,TopK_b05,10,0.05,0.05,54.70297029702971,0.04702970297029702,1.0,0.0495049504950495
LR,time,1,refitted,TopK_b05,10,0.05,0.1,104.45544554455446,0.04455445544554455,1.0,0.0495049504950495
LR,time,1,refitted,TopK_b05,10,0.05,0.15,154.20792079207922,0.042079207920792075,1.0,0.0495049504950495
LR,time,1,refitted,TopK_b05,20,0.05,0.02,44.851485148514854,0.04851485148514851,1.0,0.0495049504950495
LR,time,1,refitted,TopK_b05,20,0.05,0.05,104.70297029702971,0.04702970297029702,1.0,0.0495049504950495
LR,time,1,refitted,TopK_b05,20,0.05,0.1,204.45544554455446,0.04455445544554455,1.0,0.0495049504950495
LR,time,1,refitted,TopK_b05,20,0.05,0.15,304.20792079207916,0.042079207920792075,1.0,0.0495049504950495
LR,time,1,refitted,TopK_b05,50,0.05,0.02,104.85148514851485,0.04851485148514851,1.0,0.0495049504950495
LR,time,1,refitted,TopK_b05,50,0.05,0.05,254.70297029702968,0.04702970297029702,1.0,0.0495049504950495
LR,time,1,refitted,TopK_b05,50,0.05,0.1,504.45544554455444,0.04455445544554455,1.0,0.0495049504950495
LR,time,1,refitted,TopK_b05,50,0.05,0.15,754.2079207920792,0.042079207920792075,1.0,0.0495049504950495
LR,time,1,refitted,TopK_b10,5,0.1,0.02,19.897029702970297,0.09897029702970297,1.0,0.100990099009901
LR,time,1,refitted,TopK_b10,5,0.1,0.05,34.59405940594059,0.09594059405940594,1.0,0.100990099009901
LR,time,1,refitted,TopK_b10,5,0.1,0.1,59.089108910891085,0.0908910891089109,1.0,0.100990099009901
LR,time,1,refitted,TopK_b10,5,0.1,0.15,83.58415841584159,0.08584158415841585,1.0,0.100990099009901
LR,time,1,refitted,TopK_b10,10,0.1,0.02,29.8970297029703,0.09897029702970297,1.0,0.100990099009901
LR,time,1,refitted,TopK_b10,10,0.1,0.05,59.59405940594059,0.09594059405940594,1.0,0.100990099009901
LR,time,1,refitted,TopK_b10,10,0.1,0.1,109.0891089108911,0.0908910891089109,1.0,0.100990099009901
LR,time,1,refitted,TopK_b10,10,0.1,0.15,158.58415841584159,0.08584158415841585,1.0,0.100990099009901
LR,time,1,refitted,TopK_b10,20,0.1,0.02,49.8970297029703,0.09897029702970297,1.0,0.100990099009901
LR,time,1,refitted,TopK_b10,20,0.1,0.05,109.5940594059406,0.09594059405940594,1.0,0.100990099009901
LR,time,1,refitted,TopK_b10,20,0.1,0.1,209.0891089108911,0.0908910891089109,1.0,0.100990099009901
LR,time,1,refitted,TopK_b10,20,0.1,0.15,308.58415841584156,0.08584158415841585,1.0,0.100990099009901
LR,time,1,refitted,TopK_b10,50,0.1,0.02,109.8970297029703,0.09897029702970297,1.0,0.100990099009901
LR,time,1,refitted,TopK_b10,50,0.1,0.05,259.5940594059406,0.09594059405940594,1.0,0.100990099009901
LR,time,1,refitted,TopK_b10,50,0.1,0.1,509.08910891089107,0.0908910891089109,1.0,0.100990099009901
LR,time,1,refitted,TopK_b10,50,0.1,0.15,758.5841584158416,0.08584158415841585,1.0,0.100990099009901
LR,time,1,refitted,TopK_b20,5,0.2,0.02,29.988118811881183,0.1998811881188118,1.0,0.2039603960396039
LR,time,1,refitted,TopK_b20,5,0.2,0.05,44.37623762376237,0.19376237623762368,1.0,0.2039603960396039
LR,time,1,refitted,TopK_b20,5,0.2,0.1,68.35643564356435,0.1835643564356435,1.0,0.2039603960396039
LR,time,1,refitted,TopK_b20,5,0.2,0.15,92.33663366336633,0.1733663366336633,1.0,0.2039603960396039
LR,time,1,refitted,TopK_b20,10,0.2,0.02,39.98811881188118,0.1998811881188118,1.0,0.2039603960396039
LR,time,1,refitted,TopK_b20,10,0.2,0.05,69.37623762376236,0.19376237623762368,1.0,0.2039603960396039
LR,time,1,refitted,TopK_b20,10,0.2,0.1,118.35643564356435,0.1835643564356435,1.0,0.2039603960396039
LR,time,1,refitted,TopK_b20,10,0.2,0.15,167.33663366336634,0.1733663366336633,1.0,0.2039603960396039
LR,time,1,refitted,TopK_b20,20,0.2,0.02,59.988118811881186,0.1998811881188118,1.0,0.2039603960396039
LR,time,1,refitted,TopK_b20,20,0.2,0.05,119.37623762376236,0.19376237623762368,1.0,0.2039603960396039
LR,time,1,refitted,TopK_b20,20,0.2,0.1,218.35643564356434,0.1835643564356435,1.0,0.2039603960396039
LR,time,1,refitted,TopK_b20,20,0.2,0.15,317.33663366336634,0.1733663366336633,1.0,0.2039603960396039
LR,time,1,refitted,TopK_b20,50,0.2,0.02,119.98811881188118,0.1998811881188118,1.0,0.2039603960396039
LR,time,1,refitted,TopK_b20,50,0.2,0.05,269.3762376237624,0.19376237623762368,1.0,0.2039603960396039
LR,time,1,refitted,TopK_b20,50,0.2,0.1,518.3564356435643,0.1835643564356435,1.0,0.2039603960396039
LR,time,1,refitted,TopK_b20,50,0.2,0.15,767.3366336633662,0.1733663366336633,1.0,0.2039603960396039
LR,time,2,fixed,none,5,,0.02,10.0,0.0,1.0,0.0
LR,time,2,fixed,none,5,,0.05,25.0,0.0,1.0,0.0
LR,time,2,fixed,none,5,,0.1,50.0,0.0,1.0,0.0
LR,time,2,fixed,none,5,,0.15,75.0,0.0,1.0,0.0
LR,time,2,fixed,none,10,,0.02,20.0,0.0,1.0,0.0
LR,time,2,fixed,none,10,,0.05,50.0,0.0,1.0,0.0
LR,time,2,fixed,none,10,,0.1,100.0,0.0,1.0,0.0
LR,time,2,fixed,none,10,,0.15,150.0,0.0,1.0,0.0
LR,time,2,fixed,none,20,,0.02,40.0,0.0,1.0,0.0
LR,time,2,fixed,none,20,,0.05,100.0,0.0,1.0,0.0
LR,time,2,fixed,none,20,,0.1,200.0,0.0,1.0,0.0
LR,time,2,fixed,none,20,,0.15,300.0,0.0,1.0,0.0
LR,time,2,fixed,none,50,,0.02,100.0,0.0,1.0,0.0
LR,time,2,fixed,none,50,,0.05,250.0,0.0,1.0,0.0
LR,time,2,fixed,none,50,,0.1,500.0,0.0,1.0,0.0
LR,time,2,fixed,none,50,,0.15,750.0,0.0,1.0,0.0
LR,time,2,fixed,A_b01,5,0.01,0.02,11.19512195121951,0.01195121951219511,1.0,0.0121951219512195
LR,time,2,fixed,A_b01,5,0.01,0.05,26.158536585365855,0.011585365853658524,1.0,0.0121951219512195
LR,time,2,fixed,A_b01,5,0.01,0.1,51.09756097560976,0.01097560975609755,1.0,0.0121951219512195
LR,time,2,fixed,A_b01,5,0.01,0.15,76.03658536585365,0.010365853658536575,1.0,0.0121951219512195
LR,time,2,fixed,A_b01,10,0.01,0.02,21.195121951219512,0.01195121951219511,1.0,0.0121951219512195
LR,time,2,fixed,A_b01,10,0.01,0.05,51.15853658536585,0.011585365853658524,1.0,0.0121951219512195
LR,time,2,fixed,A_b01,10,0.01,0.1,101.09756097560975,0.01097560975609755,1.0,0.0121951219512195
LR,time,2,fixed,A_b01,10,0.01,0.15,151.03658536585365,0.010365853658536575,1.0,0.0121951219512195
LR,time,2,fixed,A_b01,20,0.01,0.02,41.19512195121951,0.01195121951219511,1.0,0.0121951219512195
LR,time,2,fixed,A_b01,20,0.01,0.05,101.15853658536584,0.011585365853658524,1.0,0.0121951219512195
LR,time,2,fixed,A_b01,20,0.01,0.1,201.09756097560972,0.01097560975609755,1.0,0.0121951219512195
LR,time,2,fixed,A_b01,20,0.01,0.15,301.0365853658536,0.010365853658536575,1.0,0.0121951219512195
LR,time,2,fixed,A_b01,50,0.01,0.02,101.19512195121952,0.01195121951219511,1.0,0.0121951219512195
LR,time,2,fixed,A_b01,50,0.01,0.05,251.15853658536588,0.011585365853658524,1.0,0.0121951219512195
LR,time,2,fixed,A_b01,50,0.01,0.1,501.0975609756097,0.01097560975609755,1.0,0.0121951219512195
LR,time,2,fixed,A_b01,50,0.01,0.15,751.0365853658537,0.010365853658536575,1.0,0.0121951219512195
LR,time,2,fixed,A_b05,5,0.05,0.02,19.052845528455283,0.12052845528455282,0.75,0.1178861788617886
LR,time,2,fixed,A_b05,5,0.05,0.05,29.949186991869915,0.12449186991869915,0.75,0.1178861788617886
LR,time,2,fixed,A_b05,5,0.05,0.1,48.109756097560975,0.13109756097560973,0.75,0.1178861788617886
LR,time,2,fixed,A_b05,5,0.05,0.15,66.27032520325203,0.1377032520325203,0.75,0.1178861788617886
LR,time,2,fixed,A_b05,10,0.05,0.02,26.552845528455283,0.12052845528455282,0.75,0.1178861788617886
LR,time,2,fixed,A_b05,10,0.05,0.05,48.699186991869915,0.12449186991869915,0.75,0.1178861788617886
LR,time,2,fixed,A_b05,10,0.05,0.1,85.60975609756098,0.13109756097560973,0.75,0.1178861788617886
LR,time,2,fixed,A_b05,10,0.05,0.15,122.52032520325203,0.1377032520325203,0.75,0.1178861788617886
LR,time,2,fixed,A_b05,20,0.05,0.02,41.552845528455286,0.12052845528455282,0.75,0.1178861788617886
LR,time,2,fixed,A_b05,20,0.05,0.05,86.19918699186991,0.12449186991869915,0.75,0.1178861788617886
LR,time,2,fixed,A_b05,20,0.05,0.1,160.60975609756096,0.13109756097560973,0.75,0.1178861788617886
LR,time,2,fixed,A_b05,20,0.05,0.15,235.020325203252,0.1377032520325203,0.75,0.1178861788617886
LR,time,2,fixed,A_b05,50,0.05,0.02,86.55284552845528,0.12052845528455282,0.75,0.1178861788617886
LR,time,2,fixed,A_b05,50,0.05,0.05,198.69918699186994,0.12449186991869915,0.75,0.1178861788617886
LR,time,2,fixed,A_b05,50,0.05,0.1,385.609756097561,0.13109756097560973,0.75,0.1178861788617886
LR,time,2,fixed,A_b05,50,0.05,0.15,572.520325203252,0.1377032520325203,0.75,0.1178861788617886
LR,time,2,fixed,A_b10,5,0.1,0.02,28.54065040650406,0.2354065040650406,0.5833333333333334,0.2317073170731707
LR,time,2,fixed,A_b10,5,0.1,0.05,36.59552845528455,0.24095528455284548,0.5833333333333334,0.2317073170731707
LR,time,2,fixed,A_b10,5,0.1,0.1,50.020325203252035,0.2502032520325203,0.5833333333333334,0.2317073170731707
LR,time,2,fixed,A_b10,5,0.1,0.15,63.445121951219505,0.2594512195121951,0.5833333333333334,0.2317073170731707
LR,time,2,fixed,A_b10,10,0.1,0.02,34.37398373983739,0.2354065040650406,0.5833333333333334,0.2317073170731707
LR,time,2,fixed,A_b10,10,0.1,0.05,51.17886178861788,0.24095528455284548,0.5833333333333334,0.2317073170731707
LR,time,2,fixed,A_b10,10,0.1,0.1,79.1869918699187,0.2502032520325203,0.5833333333333334,0.2317073170731707
LR,time,2,fixed,A_b10,10,0.1,0.15,107.19512195121949,0.2594512195121951,0.5833333333333334,0.2317073170731707
LR,time,2,fixed,A_b10,20,0.1,0.02,46.040650406504064,0.2354065040650406,0.5833333333333334,0.2317073170731707
LR,time,2,fixed,A_b10,20,0.1,0.05,80.34552845528455,0.24095528455284548,0.5833333333333334,0.2317073170731707
LR,time,2,fixed,A_b10,20,0.1,0.1,137.52032520325204,0.2502032520325203,0.5833333333333334,0.2317073170731707
LR,time,2,fixed,A_b10,20,0.1,0.15,194.6951219512195,0.2594512195121951,0.5833333333333334,0.2317073170731707
LR,time,2,fixed,A_b10,50,0.1,0.02,81.04065040650407,0.2354065040650406,0.5833333333333334,0.2317073170731707
LR,time,2,fixed,A_b10,50,0.1,0.05,167.84552845528455,0.24095528455284548,0.5833333333333334,0.2317073170731707
LR,time,2,fixed,A_b10,50,0.1,0.1,312.52032520325207,0.2502032520325203,0.5833333333333334,0.2317073170731707
LR,time,2,fixed,A_b10,50,0.1,0.15,457.19512195121956,0.2594512195121951,0.5833333333333334,0.2317073170731707
LR,time,2,fixed,A_b20,5,0.2,0.02,39.04268292682927,0.3554268292682927,0.4583333333333333,0.3516260162601626
LR,time,2,fixed,A_b20,5,0.2,0.05,44.86280487804878,0.3611280487804878,0.4583333333333333,0.3516260162601626
LR,time,2,fixed,A_b20,5,0.2,0.1,54.5630081300813,0.37063008130081304,0.4583333333333333,0.3516260162601626
LR,time,2,fixed,A_b20,5,0.2,0.15,64.26321138211381,0.3801321138211382,0.4583333333333333,0.3516260162601626
LR,time,2,fixed,A_b20,10,0.2,0.02,43.6260162601626,0.3554268292682927,0.4583333333333333,0.3516260162601626
LR,time,2,fixed,A_b20,10,0.2,0.05,56.32113821138211,0.3611280487804878,0.4583333333333333,0.3516260162601626
LR,time,2,fixed,A_b20,10,0.2,0.1,77.47967479674797,0.37063008130081304,0.4583333333333333,0.3516260162601626
LR,time,2,fixed,A_b20,10,0.2,0.15,98.63821138211381,0.3801321138211382,0.4583333333333333,0.3516260162601626
LR,time,2,fixed,A_b20,20,0.2,0.02,52.79268292682927,0.3554268292682927,0.4583333333333333,0.3516260162601626
LR,time,2,fixed,A_b20,20,0.2,0.05,79.23780487804878,0.3611280487804878,0.4583333333333333,0.3516260162601626
LR,time,2,fixed,A_b20,20,0.2,0.1,123.3130081300813,0.37063008130081304,0.4583333333333333,0.3516260162601626
LR,time,2,fixed,A_b20,20,0.2,0.15,167.3882113821138,0.3801321138211382,0.4583333333333333,0.3516260162601626
LR,time,2,fixed,A_b20,50,0.2,0.02,80.29268292682927,0.3554268292682927,0.4583333333333333,0.3516260162601626
LR,time,2,fixed,A_b20,50,0.2,0.05,147.98780487804876,0.3611280487804878,0.4583333333333333,0.3516260162601626
LR,time,2,fixed,A_b20,50,0.2,0.1,260.8130081300813,0.37063008130081304,0.4583333333333333,0.3516260162601626
LR,time,2,fixed,A_b20,50,0.2,0.15,373.6382113821138,0.3801321138211382,0.4583333333333333,0.3516260162601626
LR,time,2,fixed,B_r05,5,,0.02,10.0,0.0,1.0,0.0
LR,time,2,fixed,B_r05,5,,0.05,25.0,0.0,1.0,0.0
LR,time,2,fixed,B_r05,5,,0.1,50.0,0.0,1.0,0.0
LR,time,2,fixed,B_r05,5,,0.15,75.0,0.0,1.0,0.0
LR,time,2,fixed,B_r10,10,,0.02,20.0,0.0,1.0,0.0
LR,time,2,fixed,B_r10,10,,0.05,50.0,0.0,1.0,0.0
LR,time,2,fixed,B_r10,10,,0.1,100.0,0.0,1.0,0.0
LR,time,2,fixed,B_r10,10,,0.15,150.0,0.0,1.0,0.0
LR,time,2,fixed,B_r20,20,,0.02,40.0,0.0,1.0,0.0
LR,time,2,fixed,B_r20,20,,0.05,100.0,0.0,1.0,0.0
LR,time,2,fixed,B_r20,20,,0.1,200.0,0.0,1.0,0.0
LR,time,2,fixed,B_r20,20,,0.15,300.0,0.0,1.0,0.0
LR,time,2,fixed,B_r50,50,,0.02,85.25203252032519,0.872520325203252,0.0,0.8699186991869918
LR,time,2,fixed,B_r50,50,,0.05,82.64227642276421,0.8764227642276422,0.0,0.8699186991869918
LR,time,2,fixed,B_r50,50,,0.1,78.29268292682927,0.8829268292682927,0.0,0.8699186991869918
LR,time,2,fixed,B_r50,50,,0.15,73.9430894308943,0.8894308943089431,0.0,0.8699186991869918
LR,time,2,fixed,C_b01_r05,5,0.01,0.02,10.0,0.0,1.0,0.0
LR,time,2,fixed,C_b01_r05,5,0.01,0.05,25.0,0.0,1.0,0.0
LR,time,2,fixed,C_b01_r05,5,0.01,0.1,50.0,0.0,1.0,0.0
LR,time,2,fixed,C_b01_r05,5,0.01,0.15,75.0,0.0,1.0,0.0
LR,time,2,fixed,C_b01_r10,10,0.01,0.02,20.0,0.0,1.0,0.0
LR,time,2,fixed,C_b01_r10,10,0.01,0.05,50.0,0.0,1.0,0.0
LR,time,2,fixed,C_b01_r10,10,0.01,0.1,100.0,0.0,1.0,0.0
LR,time,2,fixed,C_b01_r10,10,0.01,0.15,150.0,0.0,1.0,0.0
LR,time,2,fixed,C_b01_r20,20,0.01,0.02,40.0,0.0,1.0,0.0
LR,time,2,fixed,C_b01_r20,20,0.01,0.05,100.0,0.0,1.0,0.0
LR,time,2,fixed,C_b01_r20,20,0.01,0.1,200.0,0.0,1.0,0.0
LR,time,2,fixed,C_b01_r20,20,0.01,0.15,300.0,0.0,1.0,0.0
LR,time,2,fixed,C_b01_r50,50,0.01,0.02,100.0,0.0,1.0,0.0
LR,time,2,fixed,C_b01_r50,50,0.01,0.05,250.0,0.0,1.0,0.0
LR,time,2,fixed,C_b01_r50,50,0.01,0.1,500.0,0.0,1.0,0.0
LR,time,2,fixed,C_b01_r50,50,0.01,0.15,750.0,0.0,1.0,0.0
LR,time,2,fixed,C_b05_r05,5,0.05,0.02,10.0,0.0,1.0,0.0
LR,time,2,fixed,C_b05_r05,5,0.05,0.05,25.0,0.0,1.0,0.0
LR,time,2,fixed,C_b05_r05,5,0.05,0.1,50.0,0.0,1.0,0.0
LR,time,2,fixed,C_b05_r05,5,0.05,0.15,75.0,0.0,1.0,0.0
LR,time,2,fixed,C_b05_r10,10,0.05,0.02,20.0,0.0,1.0,0.0
LR,time,2,fixed,C_b05_r10,10,0.05,0.05,50.0,0.0,1.0,0.0
LR,time,2,fixed,C_b05_r10,10,0.05,0.1,100.0,0.0,1.0,0.0
LR,time,2,fixed,C_b05_r10,10,0.05,0.15,150.0,0.0,1.0,0.0
LR,time,2,fixed,C_b05_r20,20,0.05,0.02,40.0,0.0,1.0,0.0
LR,time,2,fixed,C_b05_r20,20,0.05,0.05,100.0,0.0,1.0,0.0
LR,time,2,fixed,C_b05_r20,20,0.05,0.1,200.0,0.0,1.0,0.0
LR,time,2,fixed,C_b05_r20,20,0.05,0.15,300.0,0.0,1.0,0.0
LR,time,2,fixed,C_b05_r50,50,0.05,0.02,100.0,0.0,1.0,0.0
LR,time,2,fixed,C_b05_r50,50,0.05,0.05,250.0,0.0,1.0,0.0
LR,time,2,fixed,C_b05_r50,50,0.05,0.1,500.0,0.0,1.0,0.0
LR,time,2,fixed,C_b05_r50,50,0.05,0.15,750.0,0.0,1.0,0.0
LR,time,2,fixed,C_b10_r05,5,0.1,0.02,10.0,0.0,1.0,0.0
LR,time,2,fixed,C_b10_r05,5,0.1,0.05,25.0,0.0,1.0,0.0
LR,time,2,fixed,C_b10_r05,5,0.1,0.1,50.0,0.0,1.0,0.0
LR,time,2,fixed,C_b10_r05,5,0.1,0.15,75.0,0.0,1.0,0.0
LR,time,2,fixed,C_b10_r10,10,0.1,0.02,20.0,0.0,1.0,0.0
LR,time,2,fixed,C_b10_r10,10,0.1,0.05,50.0,0.0,1.0,0.0
LR,time,2,fixed,C_b10_r10,10,0.1,0.1,100.0,0.0,1.0,0.0
LR,time,2,fixed,C_b10_r10,10,0.1,0.15,150.0,0.0,1.0,0.0
LR,time,2,fixed,C_b10_r20,20,0.1,0.02,40.0,0.0,1.0,0.0
LR,time,2,fixed,C_b10_r20,20,0.1,0.05,100.0,0.0,1.0,0.0
LR,time,2,fixed,C_b10_r20,20,0.1,0.1,200.0,0.0,1.0,0.0
LR,time,2,fixed,C_b10_r20,20,0.1,0.15,300.0,0.0,1.0,0.0
LR,time,2,fixed,C_b10_r50,50,0.1,0.02,100.0,0.0,1.0,0.0
LR,time,2,fixed,C_b10_r50,50,0.1,0.05,250.0,0.0,1.0,0.0
LR,time,2,fixed,C_b10_r50,50,0.1,0.1,500.0,0.0,1.0,0.0
LR,time,2,fixed,C_b10_r50,50,0.1,0.15,750.0,0.0,1.0,0.0
LR,time,2,fixed,C_b20_r05,5,0.2,0.02,10.0,0.0,1.0,0.0
LR,time,2,fixed,C_b20_r05,5,0.2,0.05,25.0,0.0,1.0,0.0
LR,time,2,fixed,C_b20_r05,5,0.2,0.1,50.0,0.0,1.0,0.0
LR,time,2,fixed,C_b20_r05,5,0.2,0.15,75.0,0.0,1.0,0.0
LR,time,2,fixed,C_b20_r10,10,0.2,0.02,20.0,0.0,1.0,0.0
LR,time,2,fixed,C_b20_r10,10,0.2,0.05,50.0,0.0,1.0,0.0
LR,time,2,fixed,C_b20_r10,10,0.2,0.1,100.0,0.0,1.0,0.0
LR,time,2,fixed,C_b20_r10,10,0.2,0.15,150.0,0.0,1.0,0.0
LR,time,2,fixed,C_b20_r20,20,0.2,0.02,40.0,0.0,1.0,0.0
LR,time,2,fixed,C_b20_r20,20,0.2,0.05,100.0,0.0,1.0,0.0
LR,time,2,fixed,C_b20_r20,20,0.2,0.1,200.0,0.0,1.0,0.0
LR,time,2,fixed,C_b20_r20,20,0.2,0.15,300.0,0.0,1.0,0.0
LR,time,2,fixed,C_b20_r50,50,0.2,0.02,100.0,0.0,1.0,0.0
LR,time,2,fixed,C_b20_r50,50,0.2,0.05,250.0,0.0,1.0,0.0
LR,time,2,fixed,C_b20_r50,50,0.2,0.1,500.0,0.0,1.0,0.0
LR,time,2,fixed,C_b20_r50,50,0.2,0.15,750.0,0.0,1.0,0.0
LR,time,2,fixed,TopK_b01,5,0.01,0.02,10.995934959349588,0.009959349593495875,1.0,0.0101626016260162
LR,time,2,fixed,TopK_b01,5,0.01,0.05,25.965447154471537,0.009654471544715389,1.0,0.0101626016260162
LR,time,2,fixed,TopK_b01,5,0.01,0.1,50.914634146341456,0.00914634146341458,1.0,0.0101626016260162
LR,time,2,fixed,TopK_b01,5,0.01,0.15,75.86382113821138,0.00863821138211377,1.0,0.0101626016260162
LR,time,2,fixed,TopK_b01,10,0.01,0.02,20.995934959349587,0.009959349593495875,1.0,0.0101626016260162
LR,time,2,fixed,TopK_b01,10,0.01,0.05,50.96544715447154,0.009654471544715389,1.0,0.0101626016260162
LR,time,2,fixed,TopK_b01,10,0.01,0.1,100.91463414634146,0.00914634146341458,1.0,0.0101626016260162
LR,time,2,fixed,TopK_b01,10,0.01,0.15,150.86382113821136,0.00863821138211377,1.0,0.0101626016260162
LR,time,2,fixed,TopK_b01,20,0.01,0.02,40.99593495934959,0.009959349593495875,1.0,0.0101626016260162
LR,time,2,fixed,TopK_b01,20,0.01,0.05,100.96544715447153,0.009654471544715389,1.0,0.0101626016260162
LR,time,2,fixed,TopK_b01,20,0.01,0.1,200.91463414634148,0.00914634146341458,1.0,0.0101626016260162
LR,time,2,fixed,TopK_b01,20,0.01,0.15,300.8638211382114,0.00863821138211377,1.0,0.0101626016260162
LR,time,2,fixed,TopK_b01,50,0.01,0.02,100.9959349593496,0.009959349593495875,1.0,0.0101626016260162
LR,time,2,fixed,TopK_b01,50,0.01,0.05,250.96544715447155,0.009654471544715389,1.0,0.0101626016260162
LR,time,2,fixed,TopK_b01,50,0.01,0.1,500.9146341463414,0.00914634146341458,1.0,0.0101626016260162
LR,time,2,fixed,TopK_b01,50,0.01,0.15,750.8638211382114,0.00863821138211377,1.0,0.0101626016260162
LR,time,2,fixed,TopK_b05,5,0.05,0.02,14.363821138211378,0.04863821138211377,0.9583333333333334,0.048780487804878
LR,time,2,fixed,TopK_b05,5,0.05,0.05,28.592479674796746,0.04842479674796743,0.9583333333333334,0.048780487804878
LR,time,2,fixed,TopK_b05,5,0.05,0.1,52.30691056910569,0.048069105691056865,0.9583333333333334,0.048780487804878
LR,time,2,fixed,TopK_b05,5,0.05,0.15,76.02134146341463,0.047713414634146294,0.9583333333333334,0.048780487804878
LR,time,2,fixed,TopK_b05,10,0.05,0.02,23.947154471544714,0.04863821138211377,0.9583333333333334,0.048780487804878
LR,time,2,fixed,TopK_b05,10,0.05,0.05,52.550813008130085,0.04842479674796743,0.9583333333333334,0.048780487804878
LR,time,2,fixed,TopK_b05,10,0.05,0.1,100.22357723577235,0.048069105691056865,0.9583333333333334,0.048780487804878
LR,time,2,fixed,TopK_b05,10,0.05,0.15,147.89634146341464,0.047713414634146294,0.9583333333333334,0.048780487804878
LR,time,2,fixed,TopK_b05,20,0.05,0.02,43.11382113821138,0.04863821138211377,0.9583333333333334,0.048780487804878
LR,time,2,fixed,TopK_b05,20,0.05,0.05,100.46747967479675,0.04842479674796743,0.9583333333333334,0.048780487804878
LR,time,2,fixed,TopK_b05,20,0.05,0.1,196.0569105691057,0.048069105691056865,0.9583333333333334,0.048780487804878
LR,time,2,fixed,TopK_b05,20,0.05,0.15,291.6463414634146,0.047713414634146294,0.9583333333333334,0.048780487804878
LR,time,2,fixed,TopK_b05,50,0.05,0.02,100.61382113821138,0.04863821138211377,0.9583333333333334,0.048780487804878
LR,time,2,fixed,TopK_b05,50,0.05,0.05,244.21747967479678,0.04842479674796743,0.9583333333333334,0.048780487804878
LR,time,2,fixed,TopK_b05,50,0.05,0.1,483.55691056910575,0.048069105691056865,0.9583333333333334,0.048780487804878
LR,time,2,fixed,TopK_b05,50,0.05,0.15,722.8963414634146,0.047713414634146294,0.9583333333333334,0.048780487804878
LR,time,2,fixed,TopK_b10,5,0.1,0.02,17.69512195121951,0.09695121951219507,0.8333333333333334,0.0955284552845528
LR,time,2,fixed,TopK_b10,5,0.1,0.05,29.90853658536585,0.09908536585365849,0.8333333333333334,0.0955284552845528
LR,time,2,fixed,TopK_b10,5,0.1,0.1,50.26422764227642,0.10264227642276418,0.8333333333333334,0.0955284552845528
LR,time,2,fixed,TopK_b10,5,0.1,0.15,70.619918699187,0.10619918699186986,0.8333333333333334,0.0955284552845528
LR,time,2,fixed,TopK_b10,10,0.1,0.02,26.02845528455284,0.09695121951219507,0.8333333333333334,0.0955284552845528
LR,time,2,fixed,TopK_b10,10,0.1,0.05,50.74186991869918,0.09908536585365849,0.8333333333333334,0.0955284552845528
LR,time,2,fixed,TopK_b10,10,0.1,0.1,91.9308943089431,0.10264227642276418,0.8333333333333334,0.0955284552845528
LR,time,2,fixed,TopK_b10,10,0.1,0.15,133.11991869918697,0.10619918699186986,0.8333333333333334,0.0955284552845528
LR,time,2,fixed,TopK_b10,20,0.1,0.02,42.69512195121951,0.09695121951219507,0.8333333333333334,0.0955284552845528
LR,time,2,fixed,TopK_b10,20,0.1,0.05,92.40853658536585,0.09908536585365849,0.8333333333333334,0.0955284552845528
LR,time,2,fixed,TopK_b10,20,0.1,0.1,175.26422764227644,0.10264227642276418,0.8333333333333334,0.0955284552845528
LR,time,2,fixed,TopK_b10,20,0.1,0.15,258.119918699187,0.10619918699186986,0.8333333333333334,0.0955284552845528
LR,time,2,fixed,TopK_b10,50,0.1,0.02,92.69512195121952,0.09695121951219507,0.8333333333333334,0.0955284552845528
LR,time,2,fixed,TopK_b10,50,0.1,0.05,217.40853658536588,0.09908536585365849,0.8333333333333334,0.0955284552845528
LR,time,2,fixed,TopK_b10,50,0.1,0.1,425.26422764227647,0.10264227642276418,0.8333333333333334,0.0955284552845528
LR,time,2,fixed,TopK_b10,50,0.1,0.15,633.119918699187,0.10619918699186986,0.8333333333333334,0.0955284552845528
LR,time,2,fixed,TopK_b20,5,0.2,0.02,25.58943089430894,0.1958943089430894,0.6666666666666666,0.1930894308943089
LR,time,2,fixed,TopK_b20,5,0.2,0.05,35.01016260162601,0.2001016260162601,0.6666666666666666,0.1930894308943089
LR,time,2,fixed,TopK_b20,5,0.2,0.1,50.71138211382114,0.20711382113821136,0.6666666666666666,0.1930894308943089
LR,time,2,fixed,TopK_b20,5,0.2,0.15,66.41260162601625,0.2141260162601626,0.6666666666666666,0.1930894308943089
LR,time,2,fixed,TopK_b20,10,0.2,0.02,32.256097560975604,0.1958943089430894,0.6666666666666666,0.1930894308943089
LR,time,2,fixed,TopK_b20,10,0.2,0.05,51.67682926829268,0.2001016260162601,0.6666666666666666,0.1930894308943089
LR,time,2,fixed,TopK_b20,10,0.2,0.1,84.04471544715446,0.20711382113821136,0.6666666666666666,0.1930894308943089
LR,time,2,fixed,TopK_b20,10,0.2,0.15,116.41260162601625,0.2141260162601626,0.6666666666666666,0.1930894308943089
LR,time,2,fixed,TopK_b20,20,0.2,0.02,45.58943089430893,0.1958943089430894,0.6666666666666666,0.1930894308943089
LR,time,2,fixed,TopK_b20,20,0.2,0.05,85.010162601626,0.2001016260162601,0.6666666666666666,0.1930894308943089
LR,time,2,fixed,TopK_b20,20,0.2,0.1,150.71138211382114,0.20711382113821136,0.6666666666666666,0.1930894308943089
LR,time,2,fixed,TopK_b20,20,0.2,0.15,216.41260162601625,0.2141260162601626,0.6666666666666666,0.1930894308943089
LR,time,2,fixed,TopK_b20,50,0.2,0.02,85.58943089430893,0.1958943089430894,0.6666666666666666,0.1930894308943089
LR,time,2,fixed,TopK_b20,50,0.2,0.05,185.010162601626,0.2001016260162601,0.6666666666666666,0.1930894308943089
LR,time,2,fixed,TopK_b20,50,0.2,0.1,350.7113821138211,0.20711382113821136,0.6666666666666666,0.1930894308943089
LR,time,2,fixed,TopK_b20,50,0.2,0.15,516.4126016260162,0.2141260162601626,0.6666666666666666,0.1930894308943089
LR,time,2,refitted,none,5,,0.02,10.0,0.0,1.0,0.0
LR,time,2,refitted,none,5,,0.05,25.0,0.0,1.0,0.0
LR,time,2,refitted,none,5,,0.1,50.0,0.0,1.0,0.0
LR,time,2,refitted,none,5,,0.15,75.0,0.0,1.0,0.0
LR,time,2,refitted,none,10,,0.02,20.0,0.0,1.0,0.0
LR,time,2,refitted,none,10,,0.05,50.0,0.0,1.0,0.0
LR,time,2,refitted,none,10,,0.1,100.0,0.0,1.0,0.0
LR,time,2,refitted,none,10,,0.15,150.0,0.0,1.0,0.0
LR,time,2,refitted,none,20,,0.02,40.0,0.0,1.0,0.0
LR,time,2,refitted,none,20,,0.05,100.0,0.0,1.0,0.0
LR,time,2,refitted,none,20,,0.1,200.0,0.0,1.0,0.0
LR,time,2,refitted,none,20,,0.15,300.0,0.0,1.0,0.0
LR,time,2,refitted,none,50,,0.02,100.0,0.0,1.0,0.0
LR,time,2,refitted,none,50,,0.05,250.0,0.0,1.0,0.0
LR,time,2,refitted,none,50,,0.1,500.0,0.0,1.0,0.0
LR,time,2,refitted,none,50,,0.15,750.0,0.0,1.0,0.0
LR,time,2,refitted,A_b01,5,0.01,0.02,10.995934959349588,0.009959349593495875,1.0,0.0101626016260162
LR,time,2,refitted,A_b01,5,0.01,0.05,25.965447154471537,0.009654471544715389,1.0,0.0101626016260162
LR,time,2,refitted,A_b01,5,0.01,0.1,50.914634146341456,0.00914634146341458,1.0,0.0101626016260162
LR,time,2,refitted,A_b01,5,0.01,0.15,75.86382113821138,0.00863821138211377,1.0,0.0101626016260162
LR,time,2,refitted,A_b01,10,0.01,0.02,20.995934959349587,0.009959349593495875,1.0,0.0101626016260162
LR,time,2,refitted,A_b01,10,0.01,0.05,50.96544715447154,0.009654471544715389,1.0,0.0101626016260162
LR,time,2,refitted,A_b01,10,0.01,0.1,100.91463414634146,0.00914634146341458,1.0,0.0101626016260162
LR,time,2,refitted,A_b01,10,0.01,0.15,150.86382113821136,0.00863821138211377,1.0,0.0101626016260162
LR,time,2,refitted,A_b01,20,0.01,0.02,40.99593495934959,0.009959349593495875,1.0,0.0101626016260162
LR,time,2,refitted,A_b01,20,0.01,0.05,100.96544715447153,0.009654471544715389,1.0,0.0101626016260162
LR,time,2,refitted,A_b01,20,0.01,0.1,200.91463414634148,0.00914634146341458,1.0,0.0101626016260162
LR,time,2,refitted,A_b01,20,0.01,0.15,300.8638211382114,0.00863821138211377,1.0,0.0101626016260162
LR,time,2,refitted,A_b01,50,0.01,0.02,100.9959349593496,0.009959349593495875,1.0,0.0101626016260162
LR,time,2,refitted,A_b01,50,0.01,0.05,250.96544715447155,0.009654471544715389,1.0,0.0101626016260162
LR,time,2,refitted,A_b01,50,0.01,0.1,500.9146341463414,0.00914634146341458,1.0,0.0101626016260162
LR,time,2,refitted,A_b01,50,0.01,0.15,750.8638211382114,0.00863821138211377,1.0,0.0101626016260162
LR,time,2,refitted,A_b05,5,0.05,0.02,19.65040650406503,0.12650406504065032,0.75,0.1239837398373983
LR,time,2,refitted,A_b05,5,0.05,0.05,30.528455284552834,0.1302845528455284,0.75,0.1239837398373983
LR,time,2,refitted,A_b05,5,0.05,0.1,48.658536585365844,0.13658536585365846,0.75,0.1239837398373983
LR,time,2,refitted,A_b05,5,0.05,0.15,66.78861788617886,0.14288617886178856,0.75,0.1239837398373983
LR,time,2,refitted,A_b05,10,0.05,0.02,27.15040650406503,0.12650406504065032,0.75,0.1239837398373983
LR,time,2,refitted,A_b05,10,0.05,0.05,49.278455284552834,0.1302845528455284,0.75,0.1239837398373983
LR,time,2,refitted,A_b05,10,0.05,0.1,86.15853658536585,0.13658536585365846,0.75,0.1239837398373983
LR,time,2,refitted,A_b05,10,0.05,0.15,123.03861788617884,0.14288617886178856,0.75,0.1239837398373983
LR,time,2,refitted,A_b05,20,0.05,0.02,42.15040650406504,0.12650406504065032,0.75,0.1239837398373983
LR,time,2,refitted,A_b05,20,0.05,0.05,86.77845528455283,0.1302845528455284,0.75,0.1239837398373983
LR,time,2,refitted,A_b05,20,0.05,0.1,161.15853658536585,0.13658536585365846,0.75,0.1239837398373983
LR,time,2,refitted,A_b05,20,0.05,0.15,235.53861788617888,0.14288617886178856,0.75,0.1239837398373983
LR,time,2,refitted,A_b05,50,0.05,0.02,87.15040650406503,0.12650406504065032,0.75,0.1239837398373983
LR,time,2,refitted,A_b05,50,0.05,0.05,199.27845528455285,0.1302845528455284,0.75,0.1239837398373983
LR,time,2,refitted,A_b05,50,0.05,0.1,386.1585365853658,0.13658536585365846,0.75,0.1239837398373983
LR,time,2,refitted,A_b05,50,0.05,0.15,573.0386178861788,0.14288617886178856,0.75,0.1239837398373983
LR,time,2,refitted,A_b10,5,0.1,0.02,27.924796747967473,0.2342479674796747,0.5416666666666666,0.2296747967479674
LR,time,2,refitted,A_b10,5,0.1,0.05,35.36077235772357,0.24110772357723567,0.5416666666666666,0.2296747967479674
LR,time,2,refitted,A_b10,5,0.1,0.1,47.754065040650396,0.252540650406504,0.5416666666666666,0.2296747967479674
LR,time,2,refitted,A_b10,5,0.1,0.15,60.14735772357722,0.2639735772357723,0.5416666666666666,0.2296747967479674
LR,time,2,refitted,A_b10,10,0.1,0.02,33.341463414634134,0.2342479674796747,0.5416666666666666,0.2296747967479674
LR,time,2,refitted,A_b10,10,0.1,0.05,48.90243902439023,0.24110772357723567,0.5416666666666666,0.2296747967479674
LR,time,2,refitted,A_b10,10,0.1,0.1,74.83739837398373,0.252540650406504,0.5416666666666666,0.2296747967479674
LR,time,2,refitted,A_b10,10,0.1,0.15,100.77235772357722,0.2639735772357723,0.5416666666666666,0.2296747967479674
LR,time,2,refitted,A_b10,20,0.1,0.02,44.17479674796747,0.2342479674796747,0.5416666666666666,0.2296747967479674
LR,time,2,refitted,A_b10,20,0.1,0.05,75.98577235772356,0.24110772357723567,0.5416666666666666,0.2296747967479674
LR,time,2,refitted,A_b10,20,0.1,0.1,129.00406504065037,0.252540650406504,0.5416666666666666,0.2296747967479674
LR,time,2,refitted,A_b10,20,0.1,0.15,182.02235772357722,0.2639735772357723,0.5416666666666666,0.2296747967479674
LR,time,2,refitted,A_b10,50,0.1,0.02,76.67479674796746,0.2342479674796747,0.5416666666666666,0.2296747967479674
LR,time,2,refitted,A_b10,50,0.1,0.05,157.23577235772353,0.24110772357723567,0.5416666666666666,0.2296747967479674
LR,time,2,refitted,A_b10,50,0.1,0.1,291.50406504065035,0.252540650406504,0.5416666666666666,0.2296747967479674
LR,time,2,refitted,A_b10,50,0.1,0.15,425.7723577235772,0.2639735772357723,0.5416666666666666,0.2296747967479674
LR,time,2,refitted,A_b20,5,0.2,0.02,43.80487804878048,0.4080487804878048,0.4166666666666667,0.4044715447154471
LR,time,2,refitted,A_b20,5,0.2,0.05,48.84146341463414,0.4134146341463414,0.4166666666666667,0.4044715447154471
LR,time,2,refitted,A_b20,5,0.2,0.1,57.23577235772358,0.4223577235772358,0.4166666666666667,0.4044715447154471
LR,time,2,refitted,A_b20,5,0.2,0.15,65.630081300813,0.43130081300813,0.4166666666666667,0.4044715447154471
LR,time,2,refitted,A_b20,10,0.2,0.02,47.971544715447145,0.4080487804878048,0.4166666666666667,0.4044715447154471
LR,time,2,refitted,A_b20,10,0.2,0.05,59.258130081300806,0.4134146341463414,0.4166666666666667,0.4044715447154471
LR,time,2,refitted,A_b20,10,0.2,0.1,78.06910569105692,0.4223577235772358,0.4166666666666667,0.4044715447154471
LR,time,2,refitted,A_b20,10,0.2,0.15,96.880081300813,0.43130081300813,0.4166666666666667,0.4044715447154471
LR,time,2,refitted,A_b20,20,0.2,0.02,56.30487804878048,0.4080487804878048,0.4166666666666667,0.4044715447154471
LR,time,2,refitted,A_b20,20,0.2,0.05,80.09146341463413,0.4134146341463414,0.4166666666666667,0.4044715447154471
LR,time,2,refitted,A_b20,20,0.2,0.1,119.73577235772356,0.4223577235772358,0.4166666666666667,0.4044715447154471
LR,time,2,refitted,A_b20,20,0.2,0.15,159.380081300813,0.43130081300813,0.4166666666666667,0.4044715447154471
LR,time,2,refitted,A_b20,50,0.2,0.02,81.30487804878048,0.4080487804878048,0.4166666666666667,0.4044715447154471
LR,time,2,refitted,A_b20,50,0.2,0.05,142.59146341463412,0.4134146341463414,0.4166666666666667,0.4044715447154471
LR,time,2,refitted,A_b20,50,0.2,0.1,244.73577235772356,0.4223577235772358,0.4166666666666667,0.4044715447154471
LR,time,2,refitted,A_b20,50,0.2,0.15,346.880081300813,0.43130081300813,0.4166666666666667,0.4044715447154471
LR,time,2,refitted,B_r05,5,,0.02,10.0,0.0,1.0,0.0
LR,time,2,refitted,B_r05,5,,0.05,25.0,0.0,1.0,0.0
LR,time,2,refitted,B_r05,5,,0.1,50.0,0.0,1.0,0.0
LR,time,2,refitted,B_r05,5,,0.15,75.0,0.0,1.0,0.0
LR,time,2,refitted,B_r10,10,,0.02,20.0,0.0,1.0,0.0
LR,time,2,refitted,B_r10,10,,0.05,50.0,0.0,1.0,0.0
LR,time,2,refitted,B_r10,10,,0.1,100.0,0.0,1.0,0.0
LR,time,2,refitted,B_r10,10,,0.15,150.0,0.0,1.0,0.0
LR,time,2,refitted,B_r20,20,,0.02,40.0,0.0,1.0,0.0
LR,time,2,refitted,B_r20,20,,0.05,100.0,0.0,1.0,0.0
LR,time,2,refitted,B_r20,20,,0.1,200.0,0.0,1.0,0.0
LR,time,2,refitted,B_r20,20,,0.15,300.0,0.0,1.0,0.0
LR,time,2,refitted,B_r50,50,,0.02,89.83333333333333,0.9183333333333333,0.0,0.9166666666666666
LR,time,2,refitted,B_r50,50,,0.05,87.08333333333333,0.9208333333333333,0.0,0.9166666666666666
LR,time,2,refitted,B_r50,50,,0.1,82.5,0.9249999999999999,0.0,0.9166666666666666
LR,time,2,refitted,B_r50,50,,0.15,77.91666666666666,0.9291666666666666,0.0,0.9166666666666666
LR,time,2,refitted,C_b01_r05,5,0.01,0.02,10.0,0.0,1.0,0.0
LR,time,2,refitted,C_b01_r05,5,0.01,0.05,25.0,0.0,1.0,0.0
LR,time,2,refitted,C_b01_r05,5,0.01,0.1,50.0,0.0,1.0,0.0
LR,time,2,refitted,C_b01_r05,5,0.01,0.15,75.0,0.0,1.0,0.0
LR,time,2,refitted,C_b01_r10,10,0.01,0.02,20.0,0.0,1.0,0.0
LR,time,2,refitted,C_b01_r10,10,0.01,0.05,50.0,0.0,1.0,0.0
LR,time,2,refitted,C_b01_r10,10,0.01,0.1,100.0,0.0,1.0,0.0
LR,time,2,refitted,C_b01_r10,10,0.01,0.15,150.0,0.0,1.0,0.0
LR,time,2,refitted,C_b01_r20,20,0.01,0.02,40.0,0.0,1.0,0.0
LR,time,2,refitted,C_b01_r20,20,0.01,0.05,100.0,0.0,1.0,0.0
LR,time,2,refitted,C_b01_r20,20,0.01,0.1,200.0,0.0,1.0,0.0
LR,time,2,refitted,C_b01_r20,20,0.01,0.15,300.0,0.0,1.0,0.0
LR,time,2,refitted,C_b01_r50,50,0.01,0.02,100.0,0.0,1.0,0.0
LR,time,2,refitted,C_b01_r50,50,0.01,0.05,250.0,0.0,1.0,0.0
LR,time,2,refitted,C_b01_r50,50,0.01,0.1,500.0,0.0,1.0,0.0
LR,time,2,refitted,C_b01_r50,50,0.01,0.15,750.0,0.0,1.0,0.0
LR,time,2,refitted,C_b05_r05,5,0.05,0.02,10.0,0.0,1.0,0.0
LR,time,2,refitted,C_b05_r05,5,0.05,0.05,25.0,0.0,1.0,0.0
LR,time,2,refitted,C_b05_r05,5,0.05,0.1,50.0,0.0,1.0,0.0
LR,time,2,refitted,C_b05_r05,5,0.05,0.15,75.0,0.0,1.0,0.0
LR,time,2,refitted,C_b05_r10,10,0.05,0.02,20.0,0.0,1.0,0.0
LR,time,2,refitted,C_b05_r10,10,0.05,0.05,50.0,0.0,1.0,0.0
LR,time,2,refitted,C_b05_r10,10,0.05,0.1,100.0,0.0,1.0,0.0
LR,time,2,refitted,C_b05_r10,10,0.05,0.15,150.0,0.0,1.0,0.0
LR,time,2,refitted,C_b05_r20,20,0.05,0.02,40.0,0.0,1.0,0.0
LR,time,2,refitted,C_b05_r20,20,0.05,0.05,100.0,0.0,1.0,0.0
LR,time,2,refitted,C_b05_r20,20,0.05,0.1,200.0,0.0,1.0,0.0
LR,time,2,refitted,C_b05_r20,20,0.05,0.15,300.0,0.0,1.0,0.0
LR,time,2,refitted,C_b05_r50,50,0.05,0.02,100.0,0.0,1.0,0.0
LR,time,2,refitted,C_b05_r50,50,0.05,0.05,250.0,0.0,1.0,0.0
LR,time,2,refitted,C_b05_r50,50,0.05,0.1,500.0,0.0,1.0,0.0
LR,time,2,refitted,C_b05_r50,50,0.05,0.15,750.0,0.0,1.0,0.0
LR,time,2,refitted,C_b10_r05,5,0.1,0.02,10.0,0.0,1.0,0.0
LR,time,2,refitted,C_b10_r05,5,0.1,0.05,25.0,0.0,1.0,0.0
LR,time,2,refitted,C_b10_r05,5,0.1,0.1,50.0,0.0,1.0,0.0
LR,time,2,refitted,C_b10_r05,5,0.1,0.15,75.0,0.0,1.0,0.0
LR,time,2,refitted,C_b10_r10,10,0.1,0.02,20.0,0.0,1.0,0.0
LR,time,2,refitted,C_b10_r10,10,0.1,0.05,50.0,0.0,1.0,0.0
LR,time,2,refitted,C_b10_r10,10,0.1,0.1,100.0,0.0,1.0,0.0
LR,time,2,refitted,C_b10_r10,10,0.1,0.15,150.0,0.0,1.0,0.0
LR,time,2,refitted,C_b10_r20,20,0.1,0.02,40.0,0.0,1.0,0.0
LR,time,2,refitted,C_b10_r20,20,0.1,0.05,100.0,0.0,1.0,0.0
LR,time,2,refitted,C_b10_r20,20,0.1,0.1,200.0,0.0,1.0,0.0
LR,time,2,refitted,C_b10_r20,20,0.1,0.15,300.0,0.0,1.0,0.0
LR,time,2,refitted,C_b10_r50,50,0.1,0.02,100.0,0.0,1.0,0.0
LR,time,2,refitted,C_b10_r50,50,0.1,0.05,250.0,0.0,1.0,0.0
LR,time,2,refitted,C_b10_r50,50,0.1,0.1,500.0,0.0,1.0,0.0
LR,time,2,refitted,C_b10_r50,50,0.1,0.15,750.0,0.0,1.0,0.0
LR,time,2,refitted,C_b20_r05,5,0.2,0.02,10.0,0.0,1.0,0.0
LR,time,2,refitted,C_b20_r05,5,0.2,0.05,25.0,0.0,1.0,0.0
LR,time,2,refitted,C_b20_r05,5,0.2,0.1,50.0,0.0,1.0,0.0
LR,time,2,refitted,C_b20_r05,5,0.2,0.15,75.0,0.0,1.0,0.0
LR,time,2,refitted,C_b20_r10,10,0.2,0.02,20.0,0.0,1.0,0.0
LR,time,2,refitted,C_b20_r10,10,0.2,0.05,50.0,0.0,1.0,0.0
LR,time,2,refitted,C_b20_r10,10,0.2,0.1,100.0,0.0,1.0,0.0
LR,time,2,refitted,C_b20_r10,10,0.2,0.15,150.0,0.0,1.0,0.0
LR,time,2,refitted,C_b20_r20,20,0.2,0.02,40.0,0.0,1.0,0.0
LR,time,2,refitted,C_b20_r20,20,0.2,0.05,100.0,0.0,1.0,0.0
LR,time,2,refitted,C_b20_r20,20,0.2,0.1,200.0,0.0,1.0,0.0
LR,time,2,refitted,C_b20_r20,20,0.2,0.15,300.0,0.0,1.0,0.0
LR,time,2,refitted,C_b20_r50,50,0.2,0.02,100.0,0.0,1.0,0.0
LR,time,2,refitted,C_b20_r50,50,0.2,0.05,250.0,0.0,1.0,0.0
LR,time,2,refitted,C_b20_r50,50,0.2,0.1,500.0,0.0,1.0,0.0
LR,time,2,refitted,C_b20_r50,50,0.2,0.15,750.0,0.0,1.0,0.0
LR,time,2,refitted,TopK_b01,5,0.01,0.02,10.995934959349588,0.009959349593495875,1.0,0.0101626016260162
LR,time,2,refitted,TopK_b01,5,0.01,0.05,25.965447154471537,0.009654471544715389,1.0,0.0101626016260162
LR,time,2,refitted,TopK_b01,5,0.01,0.1,50.914634146341456,0.00914634146341458,1.0,0.0101626016260162
LR,time,2,refitted,TopK_b01,5,0.01,0.15,75.86382113821138,0.00863821138211377,1.0,0.0101626016260162
LR,time,2,refitted,TopK_b01,10,0.01,0.02,20.995934959349587,0.009959349593495875,1.0,0.0101626016260162
LR,time,2,refitted,TopK_b01,10,0.01,0.05,50.96544715447154,0.009654471544715389,1.0,0.0101626016260162
LR,time,2,refitted,TopK_b01,10,0.01,0.1,100.91463414634146,0.00914634146341458,1.0,0.0101626016260162
LR,time,2,refitted,TopK_b01,10,0.01,0.15,150.86382113821136,0.00863821138211377,1.0,0.0101626016260162
LR,time,2,refitted,TopK_b01,20,0.01,0.02,40.99593495934959,0.009959349593495875,1.0,0.0101626016260162
LR,time,2,refitted,TopK_b01,20,0.01,0.05,100.96544715447153,0.009654471544715389,1.0,0.0101626016260162
LR,time,2,refitted,TopK_b01,20,0.01,0.1,200.91463414634148,0.00914634146341458,1.0,0.0101626016260162
LR,time,2,refitted,TopK_b01,20,0.01,0.15,300.8638211382114,0.00863821138211377,1.0,0.0101626016260162
LR,time,2,refitted,TopK_b01,50,0.01,0.02,100.9959349593496,0.009959349593495875,1.0,0.0101626016260162
LR,time,2,refitted,TopK_b01,50,0.01,0.05,250.96544715447155,0.009654471544715389,1.0,0.0101626016260162
LR,time,2,refitted,TopK_b01,50,0.01,0.1,500.9146341463414,0.00914634146341458,1.0,0.0101626016260162
LR,time,2,refitted,TopK_b01,50,0.01,0.15,750.8638211382114,0.00863821138211377,1.0,0.0101626016260162
LR,time,2,refitted,TopK_b05,5,0.05,0.02,12.516260162601617,0.045162601626016166,0.8333333333333334,0.0426829268292682
LR,time,2,refitted,TopK_b05,5,0.05,0.05,24.888211382113813,0.04888211382113812,0.8333333333333334,0.0426829268292682
LR,time,2,refitted,TopK_b05,5,0.05,0.1,45.508130081300806,0.05508130081300804,0.8333333333333334,0.0426829268292682
LR,time,2,refitted,TopK_b05,5,0.05,0.15,66.12804878048779,0.061280487804877964,0.8333333333333334,0.0426829268292682
LR,time,2,refitted,TopK_b05,10,0.05,0.02,20.84959349593495,0.045162601626016166,0.8333333333333334,0.0426829268292682
LR,time,2,refitted,TopK_b05,10,0.05,0.05,45.72154471544715,0.04888211382113812,0.8333333333333334,0.0426829268292682
LR,time,2,refitted,TopK_b05,10,0.05,0.1,87.17479674796748,0.05508130081300804,0.8333333333333334,0.0426829268292682
LR,time,2,refitted,TopK_b05,10,0.05,0.15,128.6280487804878,0.061280487804877964,0.8333333333333334,0.0426829268292682
LR,time,2,refitted,TopK_b05,20,0.05,0.02,37.516260162601625,0.045162601626016166,0.8333333333333334,0.0426829268292682
LR,time,2,refitted,TopK_b05,20,0.05,0.05,87.38821138211381,0.04888211382113812,0.8333333333333334,0.0426829268292682
LR,time,2,refitted,TopK_b05,20,0.05,0.1,170.5081300813008,0.05508130081300804,0.8333333333333334,0.0426829268292682
LR,time,2,refitted,TopK_b05,20,0.05,0.15,253.6280487804878,0.061280487804877964,0.8333333333333334,0.0426829268292682
LR,time,2,refitted,TopK_b05,50,0.05,0.02,87.51626016260163,0.045162601626016166,0.8333333333333334,0.0426829268292682
LR,time,2,refitted,TopK_b05,50,0.05,0.05,212.38821138211384,0.04888211382113812,0.8333333333333334,0.0426829268292682
LR,time,2,refitted,TopK_b05,50,0.05,0.1,420.5081300813008,0.05508130081300804,0.8333333333333334,0.0426829268292682
LR,time,2,refitted,TopK_b05,50,0.05,0.15,628.6280487804878,0.061280487804877964,0.8333333333333334,0.0426829268292682
LR,time,2,refitted,TopK_b10,5,0.1,0.02,16.46341463414634,0.09463414634146337,0.75,0.0914634146341463
LR,time,2,refitted,TopK_b10,5,0.1,0.05,27.439024390243897,0.09939024390243897,0.75,0.0914634146341463
LR,time,2,refitted,TopK_b10,5,0.1,0.1,45.731707317073166,0.10731707317073166,0.75,0.0914634146341463
LR,time,2,refitted,TopK_b10,5,0.1,0.15,64.02439024390243,0.11524390243902435,0.75,0.0914634146341463
LR,time,2,refitted,TopK_b10,10,0.1,0.02,23.96341463414634,0.09463414634146337,0.75,0.0914634146341463
LR,time,2,refitted,TopK_b10,10,0.1,0.05,46.1890243902439,0.09939024390243897,0.75,0.0914634146341463
LR,time,2,refitted,TopK_b10,10,0.1,0.1,83.23170731707317,0.10731707317073166,0.75,0.0914634146341463
LR,time,2,refitted,TopK_b10,10,0.1,0.15,120.27439024390243,0.11524390243902435,0.75,0.0914634146341463
LR,time,2,refitted,TopK_b10,20,0.1,0.02,38.963414634146346,0.09463414634146337,0.75,0.0914634146341463
LR,time,2,refitted,TopK_b10,20,0.1,0.05,83.68902439024389,0.09939024390243897,0.75,0.0914634146341463
LR,time,2,refitted,TopK_b10,20,0.1,0.1,158.23170731707316,0.10731707317073166,0.75,0.0914634146341463
LR,time,2,refitted,TopK_b10,20,0.1,0.15,232.77439024390242,0.11524390243902435,0.75,0.0914634146341463
LR,time,2,refitted,TopK_b10,50,0.1,0.02,83.96341463414633,0.09463414634146337,0.75,0.0914634146341463
LR,time,2,refitted,TopK_b10,50,0.1,0.05,196.1890243902439,0.09939024390243897,0.75,0.0914634146341463
LR,time,2,refitted,TopK_b10,50,0.1,0.1,383.23170731707313,0.10731707317073166,0.75,0.0914634146341463
LR,time,2,refitted,TopK_b10,50,0.1,0.15,570.2743902439024,0.11524390243902435,0.75,0.0914634146341463
LR,time,2,refitted,TopK_b20,5,0.2,0.02,25.58943089430894,0.1958943089430894,0.6666666666666666,0.1930894308943089
LR,time,2,refitted,TopK_b20,5,0.2,0.05,35.01016260162601,0.2001016260162601,0.6666666666666666,0.1930894308943089
LR,time,2,refitted,TopK_b20,5,0.2,0.1,50.71138211382114,0.20711382113821136,0.6666666666666666,0.1930894308943089
LR,time,2,refitted,TopK_b20,5,0.2,0.15,66.41260162601625,0.2141260162601626,0.6666666666666666,0.1930894308943089
LR,time,2,refitted,TopK_b20,10,0.2,0.02,32.256097560975604,0.1958943089430894,0.6666666666666666,0.1930894308943089
LR,time,2,refitted,TopK_b20,10,0.2,0.05,51.67682926829268,0.2001016260162601,0.6666666666666666,0.1930894308943089
LR,time,2,refitted,TopK_b20,10,0.2,0.1,84.04471544715446,0.20711382113821136,0.6666666666666666,0.1930894308943089
LR,time,2,refitted,TopK_b20,10,0.2,0.15,116.41260162601625,0.2141260162601626,0.6666666666666666,0.1930894308943089
LR,time,2,refitted,TopK_b20,20,0.2,0.02,45.58943089430893,0.1958943089430894,0.6666666666666666,0.1930894308943089
LR,time,2,refitted,TopK_b20,20,0.2,0.05,85.010162601626,0.2001016260162601,0.6666666666666666,0.1930894308943089
LR,time,2,refitted,TopK_b20,20,0.2,0.1,150.71138211382114,0.20711382113821136,0.6666666666666666,0.1930894308943089
LR,time,2,refitted,TopK_b20,20,0.2,0.15,216.41260162601625,0.2141260162601626,0.6666666666666666,0.1930894308943089
LR,time,2,refitted,TopK_b20,50,0.2,0.02,85.58943089430893,0.1958943089430894,0.6666666666666666,0.1930894308943089
LR,time,2,refitted,TopK_b20,50,0.2,0.05,185.010162601626,0.2001016260162601,0.6666666666666666,0.1930894308943089
LR,time,2,refitted,TopK_b20,50,0.2,0.1,350.7113821138211,0.20711382113821136,0.6666666666666666,0.1930894308943089
LR,time,2,refitted,TopK_b20,50,0.2,0.15,516.4126016260162,0.2141260162601626,0.6666666666666666,0.1930894308943089
LR,time,3,fixed,none,5,,0.02,10.0,0.0,1.0,0.0
LR,time,3,fixed,none,5,,0.05,25.0,0.0,1.0,0.0
LR,time,3,fixed,none,5,,0.1,50.0,0.0,1.0,0.0
LR,time,3,fixed,none,5,,0.15,75.0,0.0,1.0,0.0
LR,time,3,fixed,none,10,,0.02,20.0,0.0,1.0,0.0
LR,time,3,fixed,none,10,,0.05,50.0,0.0,1.0,0.0
LR,time,3,fixed,none,10,,0.1,100.0,0.0,1.0,0.0
LR,time,3,fixed,none,10,,0.15,150.0,0.0,1.0,0.0
LR,time,3,fixed,none,20,,0.02,40.0,0.0,1.0,0.0
LR,time,3,fixed,none,20,,0.05,100.0,0.0,1.0,0.0
LR,time,3,fixed,none,20,,0.1,200.0,0.0,1.0,0.0
LR,time,3,fixed,none,20,,0.15,300.0,0.0,1.0,0.0
LR,time,3,fixed,none,50,,0.02,100.0,0.0,1.0,0.0
LR,time,3,fixed,none,50,,0.05,250.0,0.0,1.0,0.0
LR,time,3,fixed,none,50,,0.1,500.0,0.0,1.0,0.0
LR,time,3,fixed,none,50,,0.15,750.0,0.0,1.0,0.0
LR,time,3,fixed,A_b01,5,0.01,0.02,10.069611780455151,0.014029451137884836,0.8888888888888888,0.0120481927710843
LR,time,3,fixed,A_b01,5,0.01,0.05,23.366800535475228,0.017001338688085642,0.8888888888888888,0.0120481927710843
LR,time,3,fixed,A_b01,5,0.01,0.1,45.52878179384203,0.021954484605086987,0.8888888888888888,0.0120481927710843
LR,time,3,fixed,A_b01,5,0.01,0.15,67.69076305220882,0.026907630522088326,0.8888888888888888,0.0120481927710843
LR,time,3,fixed,A_b01,10,0.01,0.02,18.95850066934404,0.014029451137884836,0.8888888888888888,0.0120481927710843
LR,time,3,fixed,A_b01,10,0.01,0.05,45.58902275769745,0.017001338688085642,0.8888888888888888,0.0120481927710843
LR,time,3,fixed,A_b01,10,0.01,0.1,89.97322623828647,0.021954484605086987,0.8888888888888888,0.0120481927710843
LR,time,3,fixed,A_b01,10,0.01,0.15,134.3574297188755,0.026907630522088326,0.8888888888888888,0.0120481927710843
LR,time,3,fixed,A_b01,20,0.01,0.02,36.73627844712182,0.014029451137884836,0.8888888888888888,0.0120481927710843
LR,time,3,fixed,A_b01,20,0.01,0.05,90.03346720214189,0.017001338688085642,0.8888888888888888,0.0120481927710843
LR,time,3,fixed,A_b01,20,0.01,0.1,178.86211512717537,0.021954484605086987,0.8888888888888888,0.0120481927710843
LR,time,3,fixed,A_b01,20,0.01,0.15,267.6907630522088,0.026907630522088326,0.8888888888888888,0.0120481927710843
LR,time,3,fixed,A_b01,50,0.01,0.02,90.06961178045515,0.014029451137884836,0.8888888888888888,0.0120481927710843
LR,time,3,fixed,A_b01,50,0.01,0.05,223.36680053547525,0.017001338688085642,0.8888888888888888,0.0120481927710843
LR,time,3,fixed,A_b01,50,0.01,0.1,445.52878179384203,0.021954484605086987,0.8888888888888888,0.0120481927710843
LR,time,3,fixed,A_b01,50,0.01,0.15,667.6907630522088,0.026907630522088326,0.8888888888888888,0.0120481927710843
LR,time,3,fixed,A_b05,5,0.05,0.02,14.398929049531453,0.057322623828647855,0.8888888888888888,0.0562248995983935
LR,time,3,fixed,A_b05,5,0.05,0.05,27.563587684069603,0.05896921017402938,0.8888888888888888,0.0562248995983935
LR,time,3,fixed,A_b05,5,0.05,0.1,49.504685408299856,0.06171352074966527,0.8888888888888888,0.0562248995983935
LR,time,3,fixed,A_b05,5,0.05,0.15,71.44578313253011,0.06445783132530115,0.8888888888888888,0.0562248995983935
LR,time,3,fixed,A_b05,10,0.05,0.02,23.28781793842034,0.057322623828647855,0.8888888888888888,0.0562248995983935
LR,time,3,fixed,A_b05,10,0.05,0.05,49.785809906291824,0.05896921017402938,0.8888888888888888,0.0562248995983935
LR,time,3,fixed,A_b05,10,0.05,0.1,93.94912985274429,0.06171352074966527,0.8888888888888888,0.0562248995983935
LR,time,3,fixed,A_b05,10,0.05,0.15,138.11244979919678,0.06445783132530115,0.8888888888888888,0.0562248995983935
LR,time,3,fixed,A_b05,20,0.05,0.02,41.065595716198125,0.057322623828647855,0.8888888888888888,0.0562248995983935
LR,time,3,fixed,A_b05,20,0.05,0.05,94.23025435073626,0.05896921017402938,0.8888888888888888,0.0562248995983935
LR,time,3,fixed,A_b05,20,0.05,0.1,182.8380187416332,0.06171352074966527,0.8888888888888888,0.0562248995983935
LR,time,3,fixed,A_b05,20,0.05,0.15,271.4457831325301,0.06445783132530115,0.8888888888888888,0.0562248995983935
LR,time,3,fixed,A_b05,50,0.05,0.02,94.39892904953145,0.057322623828647855,0.8888888888888888,0.0562248995983935
LR,time,3,fixed,A_b05,50,0.05,0.05,227.56358768406963,0.05896921017402938,0.8888888888888888,0.0562248995983935
LR,time,3,fixed,A_b05,50,0.05,0.1,449.50468540829985,0.06171352074966527,0.8888888888888888,0.0562248995983935
LR,time,3,fixed,A_b05,50,0.05,0.15,671.4457831325301,0.06445783132530115,0.8888888888888888,0.0562248995983935
LR,time,3,fixed,A_b10,5,0.1,0.02,19.550200803212853,0.1155020080321285,0.8333333333333334,0.1144578313253012
LR,time,3,fixed,A_b10,5,0.1,0.05,31.706827309236946,0.11706827309236946,0.8333333333333334,0.1144578313253012
LR,time,3,fixed,A_b10,5,0.1,0.1,51.967871485943775,0.11967871485943775,0.8333333333333334,0.1144578313253012
LR,time,3,fixed,A_b10,5,0.1,0.15,72.2289156626506,0.12228915662650601,0.8333333333333334,0.1144578313253012
LR,time,3,fixed,A_b10,10,0.1,0.02,27.883534136546185,0.1155020080321285,0.8333333333333334,0.1144578313253012
LR,time,3,fixed,A_b10,10,0.1,0.05,52.54016064257028,0.11706827309236946,0.8333333333333334,0.1144578313253012
LR,time,3,fixed,A_b10,10,0.1,0.1,93.63453815261045,0.11967871485943775,0.8333333333333334,0.1144578313253012
LR,time,3,fixed,A_b10,10,0.1,0.15,134.7289156626506,0.12228915662650601,0.8333333333333334,0.1144578313253012
LR,time,3,fixed,A_b10,20,0.1,0.02,44.55020080321285,0.1155020080321285,0.8333333333333334,0.1144578313253012
LR,time,3,fixed,A_b10,20,0.1,0.05,94.20682730923696,0.11706827309236946,0.8333333333333334,0.1144578313253012
LR,time,3,fixed,A_b10,20,0.1,0.1,176.96787148594376,0.11967871485943775,0.8333333333333334,0.1144578313253012
LR,time,3,fixed,A_b10,20,0.1,0.15,259.7289156626506,0.12228915662650601,0.8333333333333334,0.1144578313253012
LR,time,3,fixed,A_b10,50,0.1,0.02,94.55020080321286,0.1155020080321285,0.8333333333333334,0.1144578313253012
LR,time,3,fixed,A_b10,50,0.1,0.05,219.20682730923696,0.11706827309236946,0.8333333333333334,0.1144578313253012
LR,time,3,fixed,A_b10,50,0.1,0.1,426.9678714859438,0.11967871485943775,0.8333333333333334,0.1144578313253012
LR,time,3,fixed,A_b10,50,0.1,0.15,634.7289156626506,0.12228915662650601,0.8333333333333334,0.1144578313253012
LR,time,3,fixed,A_b20,5,0.2,0.02,29.783132530120483,0.21783132530120478,0.8333333333333334,0.2188755020080321
LR,time,3,fixed,A_b20,5,0.2,0.05,41.62650602409638,0.2162650602409638,0.8333333333333334,0.2188755020080321
LR,time,3,fixed,A_b20,5,0.2,0.1,61.365461847389554,0.21365461847389555,0.8333333333333334,0.2188755020080321
LR,time,3,fixed,A_b20,5,0.2,0.15,81.10441767068272,0.21104417670682726,0.8333333333333334,0.2188755020080321
LR,time,3,fixed,A_b20,10,0.2,0.02,38.11646586345381,0.21783132530120478,0.8333333333333334,0.2188755020080321
LR,time,3,fixed,A_b20,10,0.2,0.05,62.459839357429715,0.2162650602409638,0.8333333333333334,0.2188755020080321
LR,time,3,fixed,A_b20,10,0.2,0.1,103.03212851405623,0.21365461847389555,0.8333333333333334,0.2188755020080321
LR,time,3,fixed,A_b20,10,0.2,0.15,143.60441767068272,0.21104417670682726,0.8333333333333334,0.2188755020080321
LR,time,3,fixed,A_b20,20,0.2,0.02,54.78313253012048,0.21783132530120478,0.8333333333333334,0.2188755020080321
LR,time,3,fixed,A_b20,20,0.2,0.05,104.12650602409639,0.2162650602409638,0.8333333333333334,0.2188755020080321
LR,time,3,fixed,A_b20,20,0.2,0.1,186.36546184738955,0.21365461847389555,0.8333333333333334,0.2188755020080321
LR,time,3,fixed,A_b20,20,0.2,0.15,268.6044176706827,0.21104417670682726,0.8333333333333334,0.2188755020080321
LR,time,3,fixed,A_b20,50,0.2,0.02,104.78313253012048,0.21783132530120478,0.8333333333333334,0.2188755020080321
LR,time,3,fixed,A_b20,50,0.2,0.05,229.1265060240964,0.2162650602409638,0.8333333333333334,0.2188755020080321
LR,time,3,fixed,A_b20,50,0.2,0.1,436.36546184738955,0.21365461847389555,0.8333333333333334,0.2188755020080321
LR,time,3,fixed,A_b20,50,0.2,0.15,643.6044176706828,0.21104417670682726,0.8333333333333334,0.2188755020080321
LR,time,3,fixed,B_r05,5,,0.02,10.03480589022757,0.007014725568942369,0.9444444444444444,0.0060240963855421
LR,time,3,fixed,B_r05,5,,0.05,24.18340026773761,0.008500669344042772,0.9444444444444444,0.0060240963855421
LR,time,3,fixed,B_r05,5,,0.1,47.76439089692101,0.010977242302543449,0.9444444444444444,0.0060240963855421
LR,time,3,fixed,B_r05,5,,0.15,71.3453815261044,0.013453815261044121,0.9444444444444444,0.0060240963855421
LR,time,3,fixed,B_r10,10,,0.02,22.894243641231586,0.05338688085676032,0.8888888888888888,0.0522088353413654
LR,time,3,fixed,B_r10,10,,0.05,49.40428380187416,0.055153949129852685,0.8888888888888888,0.0522088353413654
LR,time,3,fixed,B_r10,10,,0.1,93.58768406961178,0.05809906291833998,0.8888888888888888,0.0522088353413654
LR,time,3,fixed,B_r10,10,,0.15,137.77108433734938,0.06104417670682727,0.8888888888888888,0.0522088353413654
LR,time,3,fixed,B_r20,20,,0.02,55.57028112449799,0.22570281124497985,0.8333333333333334,0.2269076305220883
LR,time,3,fixed,B_r20,20,,0.05,104.8895582329317,0.2238955823293172,0.8333333333333334,0.2269076305220883
LR,time,3,fixed,B_r20,20,,0.1,187.08835341365463,0.22088353413654613,0.8333333333333334,0.2269076305220883
LR,time,3,fixed,B_r20,20,,0.15,269.2871485943775,0.21787148594377503,0.8333333333333334,0.2269076305220883
LR,time,3,fixed,B_r50,50,,0.02,96.41097724230254,0.7574431057563588,0.2222222222222222,0.7570281124497992
LR,time,3,fixed,B_r50,50,,0.05,127.47322623828647,0.758065595716198,0.2222222222222222,0.7570281124497992
LR,time,3,fixed,B_r50,50,,0.1,179.24364123159305,0.759103078982597,0.2222222222222222,0.7570281124497992
LR,time,3,fixed,B_r50,50,,0.15,231.01405622489958,0.760140562248996,0.2222222222222222,0.7570281124497992
LR,time,3,fixed,C_b01_r05,5,0.01,0.02,10.03480589022757,0.007014725568942369,0.9444444444444444,0.0060240963855421
LR,time,3,fixed,C_b01_r05,5,0.01,0.05,24.18340026773761,0.008500669344042772,0.9444444444444444,0.0060240963855421
LR,time,3,fixed,C_b01_r05,5,0.01,0.1,47.76439089692101,0.010977242302543449,0.9444444444444444,0.0060240963855421
LR,time,3,fixed,C_b01_r05,5,0.01,0.15,71.3453815261044,0.013453815261044121,0.9444444444444444,0.0060240963855421
LR,time,3,fixed,C_b01_r10,10,0.01,0.02,19.479250334672013,0.007014725568942369,0.9444444444444444,0.0060240963855421
LR,time,3,fixed,C_b01_r10,10,0.01,0.05,47.79451137884872,0.008500669344042772,0.9444444444444444,0.0060240963855421
LR,time,3,fixed,C_b01_r10,10,0.01,0.1,94.98661311914323,0.010977242302543449,0.9444444444444444,0.0060240963855421
LR,time,3,fixed,C_b01_r10,10,0.01,0.15,142.17871485943775,0.013453815261044121,0.9444444444444444,0.0060240963855421
LR,time,3,fixed,C_b01_r20,20,0.01,0.02,38.3681392235609,0.007014725568942369,0.9444444444444444,0.0060240963855421
LR,time,3,fixed,C_b01_r20,20,0.01,0.05,95.01673360107094,0.008500669344042772,0.9444444444444444,0.0060240963855421
LR,time,3,fixed,C_b01_r20,20,0.01,0.1,189.43105756358767,0.010977242302543449,0.9444444444444444,0.0060240963855421
LR,time,3,fixed,C_b01_r20,20,0.01,0.15,283.8453815261044,0.013453815261044121,0.9444444444444444,0.0060240963855421
LR,time,3,fixed,C_b01_r50,50,0.01,0.02,95.03480589022757,0.007014725568942369,0.9444444444444444,0.0060240963855421
LR,time,3,fixed,C_b01_r50,50,0.01,0.05,236.6834002677376,0.008500669344042772,0.9444444444444444,0.0060240963855421
LR,time,3,fixed,C_b01_r50,50,0.01,0.1,472.76439089692104,0.010977242302543449,0.9444444444444444,0.0060240963855421
LR,time,3,fixed,C_b01_r50,50,0.01,0.15,708.8453815261043,0.013453815261044121,0.9444444444444444,0.0060240963855421
LR,time,3,fixed,C_b05_r05,5,0.05,0.02,10.03480589022757,0.007014725568942369,0.9444444444444444,0.0060240963855421
LR,time,3,fixed,C_b05_r05,5,0.05,0.05,24.18340026773761,0.008500669344042772,0.9444444444444444,0.0060240963855421
LR,time,3,fixed,C_b05_r05,5,0.05,0.1,47.76439089692101,0.010977242302543449,0.9444444444444444,0.0060240963855421
LR,time,3,fixed,C_b05_r05,5,0.05,0.15,71.3453815261044,0.013453815261044121,0.9444444444444444,0.0060240963855421
LR,time,3,fixed,C_b05_r10,10,0.05,0.02,22.894243641231586,0.05338688085676032,0.8888888888888888,0.0522088353413654
LR,time,3,fixed,C_b05_r10,10,0.05,0.05,49.40428380187416,0.055153949129852685,0.8888888888888888,0.0522088353413654
LR,time,3,fixed,C_b05_r10,10,0.05,0.1,93.58768406961178,0.05809906291833998,0.8888888888888888,0.0522088353413654
LR,time,3,fixed,C_b05_r10,10,0.05,0.15,137.77108433734938,0.06104417670682727,0.8888888888888888,0.0522088353413654
LR,time,3,fixed,C_b05_r20,20,0.05,0.02,40.67202141900937,0.05338688085676032,0.8888888888888888,0.0522088353413654
LR,time,3,fixed,C_b05_r20,20,0.05,0.05,93.8487282463186,0.055153949129852685,0.8888888888888888,0.0522088353413654
LR,time,3,fixed,C_b05_r20,20,0.05,0.1,182.47657295850067,0.05809906291833998,0.8888888888888888,0.0522088353413654
LR,time,3,fixed,C_b05_r20,20,0.05,0.15,271.1044176706827,0.06104417670682727,0.8888888888888888,0.0522088353413654
LR,time,3,fixed,C_b05_r50,50,0.05,0.02,94.0053547523427,0.05338688085676032,0.8888888888888888,0.0522088353413654
LR,time,3,fixed,C_b05_r50,50,0.05,0.05,227.18206157965196,0.055153949129852685,0.8888888888888888,0.0522088353413654
LR,time,3,fixed,C_b05_r50,50,0.05,0.1,449.1432396251674,0.05809906291833998,0.8888888888888888,0.0522088353413654
LR,time,3,fixed,C_b05_r50,50,0.05,0.15,671.1044176706827,0.06104417670682727,0.8888888888888888,0.0522088353413654
LR,time,3,fixed,C_b10_r05,5,0.1,0.02,10.03480589022757,0.007014725568942369,0.9444444444444444,0.0060240963855421
LR,time,3,fixed,C_b10_r05,5,0.1,0.05,24.18340026773761,0.008500669344042772,0.9444444444444444,0.0060240963855421
LR,time,3,fixed,C_b10_r05,5,0.1,0.1,47.76439089692101,0.010977242302543449,0.9444444444444444,0.0060240963855421
LR,time,3,fixed,C_b10_r05,5,0.1,0.15,71.3453815261044,0.013453815261044121,0.9444444444444444,0.0060240963855421
LR,time,3,fixed,C_b10_r10,10,0.1,0.02,22.894243641231586,0.05338688085676032,0.8888888888888888,0.0522088353413654
LR,time,3,fixed,C_b10_r10,10,0.1,0.05,49.40428380187416,0.055153949129852685,0.8888888888888888,0.0522088353413654
LR,time,3,fixed,C_b10_r10,10,0.1,0.1,93.58768406961178,0.05809906291833998,0.8888888888888888,0.0522088353413654
LR,time,3,fixed,C_b10_r10,10,0.1,0.15,137.77108433734938,0.06104417670682727,0.8888888888888888,0.0522088353413654
LR,time,3,fixed,C_b10_r20,20,0.1,0.02,40.67202141900937,0.05338688085676032,0.8888888888888888,0.0522088353413654
LR,time,3,fixed,C_b10_r20,20,0.1,0.05,93.8487282463186,0.055153949129852685,0.8888888888888888,0.0522088353413654
LR,time,3,fixed,C_b10_r20,20,0.1,0.1,182.47657295850067,0.05809906291833998,0.8888888888888888,0.0522088353413654
LR,time,3,fixed,C_b10_r20,20,0.1,0.15,271.1044176706827,0.06104417670682727,0.8888888888888888,0.0522088353413654
LR,time,3,fixed,C_b10_r50,50,0.1,0.02,94.0053547523427,0.05338688085676032,0.8888888888888888,0.0522088353413654
LR,time,3,fixed,C_b10_r50,50,0.1,0.05,227.18206157965196,0.055153949129852685,0.8888888888888888,0.0522088353413654
LR,time,3,fixed,C_b10_r50,50,0.1,0.1,449.1432396251674,0.05809906291833998,0.8888888888888888,0.0522088353413654
LR,time,3,fixed,C_b10_r50,50,0.1,0.15,671.1044176706827,0.06104417670682727,0.8888888888888888,0.0522088353413654
LR,time,3,fixed,C_b20_r05,5,0.2,0.02,10.03480589022757,0.007014725568942369,0.9444444444444444,0.0060240963855421
LR,time,3,fixed,C_b20_r05,5,0.2,0.05,24.18340026773761,0.008500669344042772,0.9444444444444444,0.0060240963855421
LR,time,3,fixed,C_b20_r05,5,0.2,0.1,47.76439089692101,0.010977242302543449,0.9444444444444444,0.0060240963855421
LR,time,3,fixed,C_b20_r05,5,0.2,0.15,71.3453815261044,0.013453815261044121,0.9444444444444444,0.0060240963855421
LR,time,3,fixed,C_b20_r10,10,0.2,0.02,22.894243641231586,0.05338688085676032,0.8888888888888888,0.0522088353413654
LR,time,3,fixed,C_b20_r10,10,0.2,0.05,49.40428380187416,0.055153949129852685,0.8888888888888888,0.0522088353413654
LR,time,3,fixed,C_b20_r10,10,0.2,0.1,93.58768406961178,0.05809906291833998,0.8888888888888888,0.0522088353413654
LR,time,3,fixed,C_b20_r10,10,0.2,0.15,137.77108433734938,0.06104417670682727,0.8888888888888888,0.0522088353413654
LR,time,3,fixed,C_b20_r20,20,0.2,0.02,48.682730923694784,0.1568273092369478,0.8333333333333334,0.1566265060240964
LR,time,3,fixed,C_b20_r20,20,0.2,0.05,98.21285140562249,0.15712851405622488,0.8333333333333334,0.1566265060240964
LR,time,3,fixed,C_b20_r20,20,0.2,0.1,180.76305220883535,0.15763052208835343,0.8333333333333334,0.1566265060240964
LR,time,3,fixed,C_b20_r20,20,0.2,0.15,263.3132530120482,0.15813253012048192,0.8333333333333334,0.1566265060240964
LR,time,3,fixed,C_b20_r50,50,0.2,0.02,98.68273092369478,0.1568273092369478,0.8333333333333334,0.1566265060240964
LR,time,3,fixed,C_b20_r50,50,0.2,0.05,223.2128514056225,0.15712851405622488,0.8333333333333334,0.1566265060240964
LR,time,3,fixed,C_b20_r50,50,0.2,0.1,430.76305220883535,0.15763052208835343,0.8333333333333334,0.1566265060240964
LR,time,3,fixed,C_b20_r50,50,0.2,0.15,638.3132530120481,0.15813253012048192,0.8333333333333334,0.1566265060240964
LR,time,3,fixed,TopK_b01,5,0.01,0.02,10.231593038821952,0.008982597054886188,0.9444444444444444,0.0080321285140562
LR,time,3,fixed,TopK_b01,5,0.01,0.05,24.374163319946447,0.01040829986613117,0.9444444444444444,0.0080321285140562
LR,time,3,fixed,TopK_b01,5,0.01,0.1,47.945113788487284,0.01278447121820614,0.9444444444444444,0.0080321285140562
LR,time,3,fixed,TopK_b01,5,0.01,0.15,71.5160642570281,0.015160642570281106,0.9444444444444444,0.0080321285140562
LR,time,3,fixed,TopK_b01,10,0.01,0.02,19.676037483266395,0.008982597054886188,0.9444444444444444,0.0080321285140562
LR,time,3,fixed,TopK_b01,10,0.01,0.05,47.98527443105756,0.01040829986613117,0.9444444444444444,0.0080321285140562
LR,time,3,fixed,TopK_b01,10,0.01,0.1,95.1673360107095,0.01278447121820614,0.9444444444444444,0.0080321285140562
LR,time,3,fixed,TopK_b01,10,0.01,0.15,142.34939759036143,0.015160642570281106,0.9444444444444444,0.0080321285140562
LR,time,3,fixed,TopK_b01,20,0.01,0.02,38.564926372155284,0.008982597054886188,0.9444444444444444,0.0080321285140562
LR,time,3,fixed,TopK_b01,20,0.01,0.05,95.20749665327978,0.01040829986613117,0.9444444444444444,0.0080321285140562
LR,time,3,fixed,TopK_b01,20,0.01,0.1,189.61178045515393,0.01278447121820614,0.9444444444444444,0.0080321285140562
LR,time,3,fixed,TopK_b01,20,0.01,0.15,284.0160642570281,0.015160642570281106,0.9444444444444444,0.0080321285140562
LR,time,3,fixed,TopK_b01,50,0.01,0.02,95.23159303882196,0.008982597054886188,0.9444444444444444,0.0080321285140562
LR,time,3,fixed,TopK_b01,50,0.01,0.05,236.87416331994643,0.01040829986613117,0.9444444444444444,0.0080321285140562
LR,time,3,fixed,TopK_b01,50,0.01,0.1,472.9451137884872,0.01278447121820614,0.9444444444444444,0.0080321285140562
LR,time,3,fixed,TopK_b01,50,0.01,0.15,709.016064257028,0.015160642570281106,0.9444444444444444,0.0080321285140562
LR,time,3,fixed,TopK_b05,5,0.05,0.02,13.414993306559564,0.04748326639892896,0.8888888888888888,0.0461847389558232
LR,time,3,fixed,TopK_b05,5,0.05,0.05,26.609772423025426,0.049431057563587594,0.8888888888888888,0.0461847389558232
LR,time,3,fixed,TopK_b05,5,0.05,0.1,48.601070950468525,0.052677376171352,0.8888888888888888,0.0461847389558232
LR,time,3,fixed,TopK_b05,5,0.05,0.15,70.59236947791163,0.05592369477911639,0.8888888888888888,0.0461847389558232
LR,time,3,fixed,TopK_b05,10,0.05,0.02,22.303882195448452,0.04748326639892896,0.8888888888888888,0.0461847389558232
LR,time,3,fixed,TopK_b05,10,0.05,0.05,48.83199464524765,0.049431057563587594,0.8888888888888888,0.0461847389558232
LR,time,3,fixed,TopK_b05,10,0.05,0.1,93.04551539491297,0.052677376171352,0.8888888888888888,0.0461847389558232
LR,time,3,fixed,TopK_b05,10,0.05,0.15,137.25903614457832,0.05592369477911639,0.8888888888888888,0.0461847389558232
LR,time,3,fixed,TopK_b05,20,0.05,0.02,40.08165997322623,0.04748326639892896,0.8888888888888888,0.0461847389558232
LR,time,3,fixed,TopK_b05,20,0.05,0.05,93.27643908969209,0.049431057563587594,0.8888888888888888,0.0461847389558232
LR,time,3,fixed,TopK_b05,20,0.05,0.1,181.93440428380185,0.052677376171352,0.8888888888888888,0.0461847389558232
LR,time,3,fixed,TopK_b05,20,0.05,0.15,270.59236947791163,0.05592369477911639,0.8888888888888888,0.0461847389558232
LR,time,3,fixed,TopK_b05,50,0.05,0.02,93.41499330655955,0.04748326639892896,0.8888888888888888,0.0461847389558232
LR,time,3,fixed,TopK_b05,50,0.05,0.05,226.60977242302542,0.049431057563587594,0.8888888888888888,0.0461847389558232
LR,time,3,fixed,TopK_b05,50,0.05,0.1,448.60107095046857,0.052677376171352,0.8888888888888888,0.0461847389558232
LR,time,3,fixed,TopK_b05,50,0.05,0.15,670.5923694779116,0.05592369477911639,0.8888888888888888,0.0461847389558232
LR,time,3,fixed,TopK_b10,5,0.1,0.02,17.779116465863453,0.09779116465863454,0.8333333333333334,0.0963855421686747
LR,time,3,fixed,TopK_b10,5,0.1,0.05,29.98995983935743,0.09989959839357429,0.8333333333333334,0.0963855421686747
LR,time,3,fixed,TopK_b10,5,0.1,0.1,50.341365461847396,0.1034136546184739,0.8333333333333334,0.0963855421686747
LR,time,3,fixed,TopK_b10,5,0.1,0.15,70.69277108433735,0.10692771084337349,0.8333333333333334,0.0963855421686747
LR,time,3,fixed,TopK_b10,10,0.1,0.02,26.112449799196792,0.09779116465863454,0.8333333333333334,0.0963855421686747
LR,time,3,fixed,TopK_b10,10,0.1,0.05,50.82329317269077,0.09989959839357429,0.8333333333333334,0.0963855421686747
LR,time,3,fixed,TopK_b10,10,0.1,0.1,92.00803212851406,0.1034136546184739,0.8333333333333334,0.0963855421686747
LR,time,3,fixed,TopK_b10,10,0.1,0.15,133.19277108433735,0.10692771084337349,0.8333333333333334,0.0963855421686747
LR,time,3,fixed,TopK_b10,20,0.1,0.02,42.77911646586346,0.09779116465863454,0.8333333333333334,0.0963855421686747
LR,time,3,fixed,TopK_b10,20,0.1,0.05,92.48995983935744,0.09989959839357429,0.8333333333333334,0.0963855421686747
LR,time,3,fixed,TopK_b10,20,0.1,0.1,175.3413654618474,0.1034136546184739,0.8333333333333334,0.0963855421686747
LR,time,3,fixed,TopK_b10,20,0.1,0.15,258.1927710843373,0.10692771084337349,0.8333333333333334,0.0963855421686747
LR,time,3,fixed,TopK_b10,50,0.1,0.02,92.77911646586345,0.09779116465863454,0.8333333333333334,0.0963855421686747
LR,time,3,fixed,TopK_b10,50,0.1,0.05,217.48995983935745,0.09989959839357429,0.8333333333333334,0.0963855421686747
LR,time,3,fixed,TopK_b10,50,0.1,0.1,425.34136546184743,0.1034136546184739,0.8333333333333334,0.0963855421686747
LR,time,3,fixed,TopK_b10,50,0.1,0.15,633.1927710843374,0.10692771084337349,0.8333333333333334,0.0963855421686747
LR,time,3,fixed,TopK_b20,5,0.2,0.02,28.012048192771083,0.2001204819277108,0.8333333333333334,0.2008032128514056
LR,time,3,fixed,TopK_b20,5,0.2,0.05,39.90963855421686,0.19909638554216863,0.8333333333333334,0.2008032128514056
LR,time,3,fixed,TopK_b20,5,0.2,0.1,59.738955823293175,0.1973895582329317,0.8333333333333334,0.2008032128514056
LR,time,3,fixed,TopK_b20,5,0.2,0.15,79.56827309236947,0.19568273092369473,0.8333333333333334,0.2008032128514056
LR,time,3,fixed,TopK_b20,10,0.2,0.02,36.34538152610441,0.2001204819277108,0.8333333333333334,0.2008032128514056
LR,time,3,fixed,TopK_b20,10,0.2,0.05,60.7429718875502,0.19909638554216863,0.8333333333333334,0.2008032128514056
LR,time,3,fixed,TopK_b20,10,0.2,0.1,101.40562248995984,0.1973895582329317,0.8333333333333334,0.2008032128514056
LR,time,3,fixed,TopK_b20,10,0.2,0.15,142.06827309236948,0.19568273092369473,0.8333333333333334,0.2008032128514056
LR,time,3,fixed,TopK_b20,20,0.2,0.02,53.01204819277109,0.2001204819277108,0.8333333333333334,0.2008032128514056
LR,time,3,fixed,TopK_b20,20,0.2,0.05,102.40963855421687,0.19909638554216863,0.8333333333333334,0.2008032128514056
LR,time,3,fixed,TopK_b20,20,0.2,0.1,184.7389558232932,0.1973895582329317,0.8333333333333334,0.2008032128514056
LR,time,3,fixed,TopK_b20,20,0.2,0.15,267.06827309236945,0.19568273092369473,0.8333333333333334,0.2008032128514056
LR,time,3,fixed,TopK_b20,50,0.2,0.02,103.01204819277108,0.2001204819277108,0.8333333333333334,0.2008032128514056
LR,time,3,fixed,TopK_b20,50,0.2,0.05,227.40963855421688,0.19909638554216863,0.8333333333333334,0.2008032128514056
LR,time,3,fixed,TopK_b20,50,0.2,0.1,434.73895582329317,0.1973895582329317,0.8333333333333334,0.2008032128514056
LR,time,3,fixed,TopK_b20,50,0.2,0.15,642.0682730923695,0.19568273092369473,0.8333333333333334,0.2008032128514056
LR,time,3,refitted,none,5,,0.02,10.0,0.0,1.0,0.0
LR,time,3,refitted,none,5,,0.05,25.0,0.0,1.0,0.0
LR,time,3,refitted,none,5,,0.1,50.0,0.0,1.0,0.0
LR,time,3,refitted,none,5,,0.15,75.0,0.0,1.0,0.0
LR,time,3,refitted,none,10,,0.02,20.0,0.0,1.0,0.0
LR,time,3,refitted,none,10,,0.05,50.0,0.0,1.0,0.0
LR,time,3,refitted,none,10,,0.1,100.0,0.0,1.0,0.0
LR,time,3,refitted,none,10,,0.15,150.0,0.0,1.0,0.0
LR,time,3,refitted,none,20,,0.02,40.0,0.0,1.0,0.0
LR,time,3,refitted,none,20,,0.05,100.0,0.0,1.0,0.0
LR,time,3,refitted,none,20,,0.1,200.0,0.0,1.0,0.0
LR,time,3,refitted,none,20,,0.15,300.0,0.0,1.0,0.0
LR,time,3,refitted,none,50,,0.02,100.0,0.0,1.0,0.0
LR,time,3,refitted,none,50,,0.05,250.0,0.0,1.0,0.0
LR,time,3,refitted,none,50,,0.1,500.0,0.0,1.0,0.0
LR,time,3,refitted,none,50,,0.15,750.0,0.0,1.0,0.0
LR,time,3,refitted,A_b01,5,0.01,0.02,10.463186077643904,0.017965194109772376,0.8888888888888888,0.0160642570281124
LR,time,3,refitted,A_b01,5,0.01,0.05,23.7483266398929,0.02081659973226234,0.8888888888888888,0.0160642570281124
LR,time,3,refitted,A_b01,5,0.01,0.1,45.89022757697456,0.02556894243641228,0.8888888888888888,0.0160642570281124
LR,time,3,refitted,A_b01,5,0.01,0.15,68.03212851405621,0.03032128514056221,0.8888888888888888,0.0160642570281124
LR,time,3,refitted,A_b01,10,0.01,0.02,19.352074966532797,0.017965194109772376,0.8888888888888888,0.0160642570281124
LR,time,3,refitted,A_b01,10,0.01,0.05,45.970548862115116,0.02081659973226234,0.8888888888888888,0.0160642570281124
LR,time,3,refitted,A_b01,10,0.01,0.1,90.33467202141901,0.02556894243641228,0.8888888888888888,0.0160642570281124
LR,time,3,refitted,A_b01,10,0.01,0.15,134.69879518072287,0.03032128514056221,0.8888888888888888,0.0160642570281124
LR,time,3,refitted,A_b01,20,0.01,0.02,37.12985274431057,0.017965194109772376,0.8888888888888888,0.0160642570281124
LR,time,3,refitted,A_b01,20,0.01,0.05,90.41499330655957,0.02081659973226234,0.8888888888888888,0.0160642570281124
LR,time,3,refitted,A_b01,20,0.01,0.1,179.2235609103079,0.02556894243641228,0.8888888888888888,0.0160642570281124
LR,time,3,refitted,A_b01,20,0.01,0.15,268.0321285140562,0.03032128514056221,0.8888888888888888,0.0160642570281124
LR,time,3,refitted,A_b01,50,0.01,0.02,90.4631860776439,0.017965194109772376,0.8888888888888888,0.0160642570281124
LR,time,3,refitted,A_b01,50,0.01,0.05,223.74832663989292,0.02081659973226234,0.8888888888888888,0.0160642570281124
LR,time,3,refitted,A_b01,50,0.01,0.1,445.8902275769746,0.02556894243641228,0.8888888888888888,0.0160642570281124
LR,time,3,refitted,A_b01,50,0.01,0.15,668.0321285140562,0.03032128514056221,0.8888888888888888,0.0160642570281124
LR,time,3,refitted,A_b05,5,0.05,0.02,14.827309236947789,0.06827309236947786,0.8333333333333334,0.0662650602409638
LR,time,3,refitted,A_b05,5,0.05,0.05,27.128514056224894,0.07128514056224894,0.8333333333333334,0.0662650602409638
LR,time,3,refitted,A_b05,5,0.05,0.1,47.63052208835341,0.07630522088353409,0.8333333333333334,0.0662650602409638
LR,time,3,refitted,A_b05,5,0.05,0.15,68.13253012048193,0.08132530120481923,0.8333333333333334,0.0662650602409638
LR,time,3,refitted,A_b05,10,0.05,0.02,23.16064257028112,0.06827309236947786,0.8333333333333334,0.0662650602409638
LR,time,3,refitted,A_b05,10,0.05,0.05,47.96184738955823,0.07128514056224894,0.8333333333333334,0.0662650602409638
LR,time,3,refitted,A_b05,10,0.05,0.1,89.29718875502009,0.07630522088353409,0.8333333333333334,0.0662650602409638
LR,time,3,refitted,A_b05,10,0.05,0.15,130.63253012048193,0.08132530120481923,0.8333333333333334,0.0662650602409638
LR,time,3,refitted,A_b05,20,0.05,0.02,39.82730923694779,0.06827309236947786,0.8333333333333334,0.0662650602409638
LR,time,3,refitted,A_b05,20,0.05,0.05,89.6285140562249,0.07128514056224894,0.8333333333333334,0.0662650602409638
LR,time,3,refitted,A_b05,20,0.05,0.1,172.63052208835342,0.07630522088353409,0.8333333333333334,0.0662650602409638
LR,time,3,refitted,A_b05,20,0.05,0.15,255.6325301204819,0.08132530120481923,0.8333333333333334,0.0662650602409638
LR,time,3,refitted,A_b05,50,0.05,0.02,89.8273092369478,0.06827309236947786,0.8333333333333334,0.0662650602409638
LR,time,3,refitted,A_b05,50,0.05,0.05,214.62851405622493,0.07128514056224894,0.8333333333333334,0.0662650602409638
LR,time,3,refitted,A_b05,50,0.05,0.1,422.6305220883535,0.07630522088353409,0.8333333333333334,0.0662650602409638
LR,time,3,refitted,A_b05,50,0.05,0.15,630.632530120482,0.08132530120481923,0.8333333333333334,0.0662650602409638
LR,time,3,refitted,A_b10,5,0.1,0.02,21.911646586345373,0.13911646586345372,0.8333333333333334,0.1385542168674698
LR,time,3,refitted,A_b10,5,0.1,0.05,33.99598393574297,0.13995983935742964,0.8333333333333334,0.1385542168674698
LR,time,3,refitted,A_b10,5,0.1,0.1,54.136546184738954,0.1413654618473895,0.8333333333333334,0.1385542168674698
LR,time,3,refitted,A_b10,5,0.1,0.15,74.27710843373492,0.1427710843373493,0.8333333333333334,0.1385542168674698
LR,time,3,refitted,A_b10,10,0.1,0.02,30.244979919678705,0.13911646586345372,0.8333333333333334,0.1385542168674698
LR,time,3,refitted,A_b10,10,0.1,0.05,54.82931726907629,0.13995983935742964,0.8333333333333334,0.1385542168674698
LR,time,3,refitted,A_b10,10,0.1,0.1,95.80321285140562,0.1413654618473895,0.8333333333333334,0.1385542168674698
LR,time,3,refitted,A_b10,10,0.1,0.15,136.77710843373495,0.1427710843373493,0.8333333333333334,0.1385542168674698
LR,time,3,refitted,A_b10,20,0.1,0.02,46.91164658634538,0.13911646586345372,0.8333333333333334,0.1385542168674698
LR,time,3,refitted,A_b10,20,0.1,0.05,96.49598393574297,0.13995983935742964,0.8333333333333334,0.1385542168674698
LR,time,3,refitted,A_b10,20,0.1,0.1,179.13654618473896,0.1413654618473895,0.8333333333333334,0.1385542168674698
LR,time,3,refitted,A_b10,20,0.1,0.15,261.77710843373495,0.1427710843373493,0.8333333333333334,0.1385542168674698
LR,time,3,refitted,A_b10,50,0.1,0.02,96.91164658634538,0.13911646586345372,0.8333333333333334,0.1385542168674698
LR,time,3,refitted,A_b10,50,0.1,0.05,221.49598393574297,0.13995983935742964,0.8333333333333334,0.1385542168674698
LR,time,3,refitted,A_b10,50,0.1,0.1,429.13654618473896,0.1413654618473895,0.8333333333333334,0.1385542168674698
LR,time,3,refitted,A_b10,50,0.1,0.15,636.7771084337348,0.1427710843373493,0.8333333333333334,0.1385542168674698
LR,time,3,refitted,A_b20,5,0.2,0.02,31.427041499330656,0.2476037483266399,0.7222222222222222,0.2469879518072289
LR,time,3,refitted,A_b20,5,0.2,0.05,41.5194109772423,0.24852744310575633,0.7222222222222222,0.2469879518072289
LR,time,3,refitted,A_b20,5,0.2,0.1,58.34002677376171,0.2500669344042838,0.7222222222222222,0.2469879518072289
LR,time,3,refitted,A_b20,5,0.2,0.15,75.16064257028113,0.2516064257028112,0.7222222222222222,0.2469879518072289
LR,time,3,refitted,A_b20,10,0.2,0.02,38.64926372155288,0.2476037483266399,0.7222222222222222,0.2469879518072289
LR,time,3,refitted,A_b20,10,0.2,0.05,59.57496653279786,0.24852744310575633,0.7222222222222222,0.2469879518072289
LR,time,3,refitted,A_b20,10,0.2,0.1,94.45113788487282,0.2500669344042838,0.7222222222222222,0.2469879518072289
LR,time,3,refitted,A_b20,10,0.2,0.15,129.32730923694777,0.2516064257028112,0.7222222222222222,0.2469879518072289
LR,time,3,refitted,A_b20,20,0.2,0.02,53.09370816599732,0.2476037483266399,0.7222222222222222,0.2469879518072289
LR,time,3,refitted,A_b20,20,0.2,0.05,95.68607764390896,0.24852744310575633,0.7222222222222222,0.2469879518072289
LR,time,3,refitted,A_b20,20,0.2,0.1,166.67336010709505,0.2500669344042838,0.7222222222222222,0.2469879518072289
LR,time,3,refitted,A_b20,20,0.2,0.15,237.6606425702811,0.2516064257028112,0.7222222222222222,0.2469879518072289
LR,time,3,refitted,A_b20,50,0.2,0.02,96.42704149933066,0.2476037483266399,0.7222222222222222,0.2469879518072289
LR,time,3,refitted,A_b20,50,0.2,0.05,204.01941097724233,0.24852744310575633,0.7222222222222222,0.2469879518072289
LR,time,3,refitted,A_b20,50,0.2,0.1,383.34002677376174,0.2500669344042838,0.7222222222222222,0.2469879518072289
LR,time,3,refitted,A_b20,50,0.2,0.15,562.6606425702812,0.2516064257028112,0.7222222222222222,0.2469879518072289
LR,time,3,refitted,B_r05,5,,0.02,9.676037483266398,0.010093708165997299,0.8888888888888888,0.0080321285140562
LR,time,3,refitted,B_r05,5,,0.05,22.985274431057558,0.013186077643908948,0.8888888888888888,0.0080321285140562
LR,time,3,refitted,B_r05,5,,0.1,45.167336010709505,0.018340026773761696,0.8888888888888888,0.0080321285140562
LR,time,3,refitted,B_r05,5,,0.15,67.34939759036143,0.023493975903614444,0.8888888888888888,0.0080321285140562
LR,time,3,refitted,B_r10,10,,0.02,22.570281124497985,0.0623694779116465,0.8333333333333334,0.0602409638554216
LR,time,3,refitted,B_r10,10,,0.05,47.38955823293172,0.06556224899598385,0.8333333333333334,0.0602409638554216
LR,time,3,refitted,B_r10,10,,0.1,88.75502008032127,0.0708835341365461,0.8333333333333334,0.0602409638554216
LR,time,3,refitted,B_r10,10,,0.15,130.12048192771084,0.07620481927710836,0.8333333333333334,0.0602409638554216
LR,time,3,refitted,B_r20,20,,0.02,54.47121820615797,0.26137884872824624,0.7222222222222222,0.2610441767068273
LR,time,3,refitted,B_r20,20,,0.05,97.02141900937082,0.26188085676037476,0.7222222222222222,0.2610441767068273
LR,time,3,refitted,B_r20,20,,0.1,167.9384203480589,0.26271753681392235,0.7222222222222222,0.2610441767068273
LR,time,3,refitted,B_r20,20,,0.15,238.85542168674698,0.2635542168674698,0.7222222222222222,0.2610441767068273
LR,time,3,refitted,B_r50,50,,0.02,80.97054886211512,0.716372155287818,0.1111111111111111,0.7128514056224899
LR,time,3,refitted,B_r50,50,,0.05,95.49866131191432,0.7216532797858098,0.1111111111111111,0.7128514056224899
LR,time,3,refitted,B_r50,50,,0.1,119.71218206157965,0.7304551539491299,0.1111111111111111,0.7128514056224899
LR,time,3,refitted,B_r50,50,,0.15,143.92570281124497,0.7392570281124498,0.1111111111111111,0.7128514056224899
LR,time,3,refitted,C_b01_r05,5,0.01,0.02,9.676037483266398,0.010093708165997299,0.8888888888888888,0.0080321285140562
LR,time,3,refitted,C_b01_r05,5,0.01,0.05,22.985274431057558,0.013186077643908948,0.8888888888888888,0.0080321285140562
LR,time,3,refitted,C_b01_r05,5,0.01,0.1,45.167336010709505,0.018340026773761696,0.8888888888888888,0.0080321285140562
LR,time,3,refitted,C_b01_r05,5,0.01,0.15,67.34939759036143,0.023493975903614444,0.8888888888888888,0.0080321285140562
LR,time,3,refitted,C_b01_r10,10,0.01,0.02,18.564926372155284,0.010093708165997299,0.8888888888888888,0.0080321285140562
LR,time,3,refitted,C_b01_r10,10,0.01,0.05,45.20749665327978,0.013186077643908948,0.8888888888888888,0.0080321285140562
LR,time,3,refitted,C_b01_r10,10,0.01,0.1,89.61178045515395,0.018340026773761696,0.8888888888888888,0.0080321285140562
LR,time,3,refitted,C_b01_r10,10,0.01,0.15,134.0160642570281,0.023493975903614444,0.8888888888888888,0.0080321285140562
LR,time,3,refitted,C_b01_r20,20,0.01,0.02,36.34270414993306,0.010093708165997299,0.8888888888888888,0.0080321285140562
LR,time,3,refitted,C_b01_r20,20,0.01,0.05,89.65194109772422,0.013186077643908948,0.8888888888888888,0.0080321285140562
LR,time,3,refitted,C_b01_r20,20,0.01,0.1,178.50066934404282,0.018340026773761696,0.8888888888888888,0.0080321285140562
LR,time,3,refitted,C_b01_r20,20,0.01,0.15,267.34939759036143,0.023493975903614444,0.8888888888888888,0.0080321285140562
LR,time,3,refitted,C_b01_r50,50,0.01,0.02,89.67603748326638,0.010093708165997299,0.8888888888888888,0.0080321285140562
LR,time,3,refitted,C_b01_r50,50,0.01,0.05,222.98527443105755,0.013186077643908948,0.8888888888888888,0.0080321285140562
LR,time,3,refitted,C_b01_r50,50,0.01,0.1,445.1673360107095,0.018340026773761696,0.8888888888888888,0.0080321285140562
LR,time,3,refitted,C_b01_r50,50,0.01,0.15,667.3493975903614,0.023493975903614444,0.8888888888888888,0.0080321285140562
LR,time,3,refitted,C_b05_r05,5,0.05,0.02,9.676037483266398,0.010093708165997299,0.8888888888888888,0.0080321285140562
LR,time,3,refitted,C_b05_r05,5,0.05,0.05,22.985274431057558,0.013186077643908948,0.8888888888888888,0.0080321285140562
LR,time,3,refitted,C_b05_r05,5,0.05,0.1,45.167336010709505,0.018340026773761696,0.8888888888888888,0.0080321285140562
LR,time,3,refitted,C_b05_r05,5,0.05,0.15,67.34939759036143,0.023493975903614444,0.8888888888888888,0.0080321285140562
LR,time,3,refitted,C_b05_r10,10,0.05,0.02,22.570281124497985,0.0623694779116465,0.8333333333333334,0.0602409638554216
LR,time,3,refitted,C_b05_r10,10,0.05,0.05,47.38955823293172,0.06556224899598385,0.8333333333333334,0.0602409638554216
LR,time,3,refitted,C_b05_r10,10,0.05,0.1,88.75502008032127,0.0708835341365461,0.8333333333333334,0.0602409638554216
LR,time,3,refitted,C_b05_r10,10,0.05,0.15,130.12048192771084,0.07620481927710836,0.8333333333333334,0.0602409638554216
LR,time,3,refitted,C_b05_r20,20,0.05,0.02,39.23694779116465,0.0623694779116465,0.8333333333333334,0.0602409638554216
LR,time,3,refitted,C_b05_r20,20,0.05,0.05,89.05622489959839,0.06556224899598385,0.8333333333333334,0.0602409638554216
LR,time,3,refitted,C_b05_r20,20,0.05,0.1,172.08835341365463,0.0708835341365461,0.8333333333333334,0.0602409638554216
LR,time,3,refitted,C_b05_r20,20,0.05,0.15,255.1204819277108,0.07620481927710836,0.8333333333333334,0.0602409638554216
LR,time,3,refitted,C_b05_r50,50,0.05,0.02,89.23694779116465,0.0623694779116465,0.8333333333333334,0.0602409638554216
LR,time,3,refitted,C_b05_r50,50,0.05,0.05,214.0562248995984,0.06556224899598385,0.8333333333333334,0.0602409638554216
LR,time,3,refitted,C_b05_r50,50,0.05,0.1,422.0883534136546,0.0708835341365461,0.8333333333333334,0.0602409638554216
LR,time,3,refitted,C_b05_r50,50,0.05,0.15,630.1204819277109,0.07620481927710836,0.8333333333333334,0.0602409638554216
LR,time,3,refitted,C_b10_r05,5,0.1,0.02,9.676037483266398,0.010093708165997299,0.8888888888888888,0.0080321285140562
LR,time,3,refitted,C_b10_r05,5,0.1,0.05,22.985274431057558,0.013186077643908948,0.8888888888888888,0.0080321285140562
LR,time,3,refitted,C_b10_r05,5,0.1,0.1,45.167336010709505,0.018340026773761696,0.8888888888888888,0.0080321285140562
LR,time,3,refitted,C_b10_r05,5,0.1,0.15,67.34939759036143,0.023493975903614444,0.8888888888888888,0.0080321285140562
LR,time,3,refitted,C_b10_r10,10,0.1,0.02,22.570281124497985,0.0623694779116465,0.8333333333333334,0.0602409638554216
LR,time,3,refitted,C_b10_r10,10,0.1,0.05,47.38955823293172,0.06556224899598385,0.8333333333333334,0.0602409638554216
LR,time,3,refitted,C_b10_r10,10,0.1,0.1,88.75502008032127,0.0708835341365461,0.8333333333333334,0.0602409638554216
LR,time,3,refitted,C_b10_r10,10,0.1,0.15,130.12048192771084,0.07620481927710836,0.8333333333333334,0.0602409638554216
LR,time,3,refitted,C_b10_r20,20,0.1,0.02,39.23694779116465,0.0623694779116465,0.8333333333333334,0.0602409638554216
LR,time,3,refitted,C_b10_r20,20,0.1,0.05,89.05622489959839,0.06556224899598385,0.8333333333333334,0.0602409638554216
LR,time,3,refitted,C_b10_r20,20,0.1,0.1,172.08835341365463,0.0708835341365461,0.8333333333333334,0.0602409638554216
LR,time,3,refitted,C_b10_r20,20,0.1,0.15,255.1204819277108,0.07620481927710836,0.8333333333333334,0.0602409638554216
LR,time,3,refitted,C_b10_r50,50,0.1,0.02,89.23694779116465,0.0623694779116465,0.8333333333333334,0.0602409638554216
LR,time,3,refitted,C_b10_r50,50,0.1,0.05,214.0562248995984,0.06556224899598385,0.8333333333333334,0.0602409638554216
LR,time,3,refitted,C_b10_r50,50,0.1,0.1,422.0883534136546,0.0708835341365461,0.8333333333333334,0.0602409638554216
LR,time,3,refitted,C_b10_r50,50,0.1,0.15,630.1204819277109,0.07620481927710836,0.8333333333333334,0.0602409638554216
LR,time,3,refitted,C_b20_r05,5,0.2,0.02,9.676037483266398,0.010093708165997299,0.8888888888888888,0.0080321285140562
LR,time,3,refitted,C_b20_r05,5,0.2,0.05,22.985274431057558,0.013186077643908948,0.8888888888888888,0.0080321285140562
LR,time,3,refitted,C_b20_r05,5,0.2,0.1,45.167336010709505,0.018340026773761696,0.8888888888888888,0.0080321285140562
LR,time,3,refitted,C_b20_r05,5,0.2,0.15,67.34939759036143,0.023493975903614444,0.8888888888888888,0.0080321285140562
LR,time,3,refitted,C_b20_r10,10,0.2,0.02,22.570281124497985,0.0623694779116465,0.8333333333333334,0.0602409638554216
LR,time,3,refitted,C_b20_r10,10,0.2,0.05,47.38955823293172,0.06556224899598385,0.8333333333333334,0.0602409638554216
LR,time,3,refitted,C_b20_r10,10,0.2,0.1,88.75502008032127,0.0708835341365461,0.8333333333333334,0.0602409638554216
LR,time,3,refitted,C_b20_r10,10,0.2,0.15,130.12048192771084,0.07620481927710836,0.8333333333333334,0.0602409638554216
LR,time,3,refitted,C_b20_r20,20,0.2,0.02,50.257028112449795,0.17257028112449793,0.8333333333333334,0.1726907630522088
LR,time,3,refitted,C_b20_r20,20,0.2,0.05,99.73895582329317,0.17238955823293167,0.8333333333333334,0.1726907630522088
LR,time,3,refitted,C_b20_r20,20,0.2,0.1,182.20883534136547,0.17208835341365458,0.8333333333333334,0.1726907630522088
LR,time,3,refitted,C_b20_r20,20,0.2,0.15,264.6787148594377,0.17178714859437746,0.8333333333333334,0.1726907630522088
LR,time,3,refitted,C_b20_r50,50,0.2,0.02,100.25702811244979,0.17257028112449793,0.8333333333333334,0.1726907630522088
LR,time,3,refitted,C_b20_r50,50,0.2,0.05,224.7389558232932,0.17238955823293167,0.8333333333333334,0.1726907630522088
LR,time,3,refitted,C_b20_r50,50,0.2,0.1,432.20883534136544,0.17208835341365458,0.8333333333333334,0.1726907630522088
LR,time,3,refitted,C_b20_r50,50,0.2,0.15,639.6787148594377,0.17178714859437746,0.8333333333333334,0.1726907630522088
LR,time,3,refitted,TopK_b01,5,0.01,0.02,10.231593038821952,0.008982597054886188,0.9444444444444444,0.0080321285140562
LR,time,3,refitted,TopK_b01,5,0.01,0.05,24.374163319946447,0.01040829986613117,0.9444444444444444,0.0080321285140562
LR,time,3,refitted,TopK_b01,5,0.01,0.1,47.945113788487284,0.01278447121820614,0.9444444444444444,0.0080321285140562
LR,time,3,refitted,TopK_b01,5,0.01,0.15,71.5160642570281,0.015160642570281106,0.9444444444444444,0.0080321285140562
LR,time,3,refitted,TopK_b01,10,0.01,0.02,19.676037483266395,0.008982597054886188,0.9444444444444444,0.0080321285140562
LR,time,3,refitted,TopK_b01,10,0.01,0.05,47.98527443105756,0.01040829986613117,0.9444444444444444,0.0080321285140562
LR,time,3,refitted,TopK_b01,10,0.01,0.1,95.1673360107095,0.01278447121820614,0.9444444444444444,0.0080321285140562
LR,time,3,refitted,TopK_b01,10,0.01,0.15,142.34939759036143,0.015160642570281106,0.9444444444444444,0.0080321285140562
LR,time,3,refitted,TopK_b01,20,0.01,0.02,38.564926372155284,0.008982597054886188,0.9444444444444444,0.0080321285140562
LR,time,3,refitted,TopK_b01,20,0.01,0.05,95.20749665327978,0.01040829986613117,0.9444444444444444,0.0080321285140562
LR,time,3,refitted,TopK_b01,20,0.01,0.1,189.61178045515393,0.01278447121820614,0.9444444444444444,0.0080321285140562
LR,time,3,refitted,TopK_b01,20,0.01,0.15,284.0160642570281,0.015160642570281106,0.9444444444444444,0.0080321285140562
LR,time,3,refitted,TopK_b01,50,0.01,0.02,95.23159303882196,0.008982597054886188,0.9444444444444444,0.0080321285140562
LR,time,3,refitted,TopK_b01,50,0.01,0.05,236.87416331994643,0.01040829986613117,0.9444444444444444,0.0080321285140562
LR,time,3,refitted,TopK_b01,50,0.01,0.1,472.9451137884872,0.01278447121820614,0.9444444444444444,0.0080321285140562
LR,time,3,refitted,TopK_b01,50,0.01,0.15,709.016064257028,0.015160642570281106,0.9444444444444444,0.0080321285140562
LR,time,3,refitted,TopK_b05,5,0.05,0.02,13.414993306559564,0.04748326639892896,0.8888888888888888,0.0461847389558232
LR,time,3,refitted,TopK_b05,5,0.05,0.05,26.609772423025426,0.049431057563587594,0.8888888888888888,0.0461847389558232
LR,time,3,refitted,TopK_b05,5,0.05,0.1,48.601070950468525,0.052677376171352,0.8888888888888888,0.0461847389558232
LR,time,3,refitted,TopK_b05,5,0.05,0.15,70.59236947791163,0.05592369477911639,0.8888888888888888,0.0461847389558232
LR,time,3,refitted,TopK_b05,10,0.05,0.02,22.303882195448452,0.04748326639892896,0.8888888888888888,0.0461847389558232
LR,time,3,refitted,TopK_b05,10,0.05,0.05,48.83199464524765,0.049431057563587594,0.8888888888888888,0.0461847389558232
LR,time,3,refitted,TopK_b05,10,0.05,0.1,93.04551539491297,0.052677376171352,0.8888888888888888,0.0461847389558232
LR,time,3,refitted,TopK_b05,10,0.05,0.15,137.25903614457832,0.05592369477911639,0.8888888888888888,0.0461847389558232
LR,time,3,refitted,TopK_b05,20,0.05,0.02,40.08165997322623,0.04748326639892896,0.8888888888888888,0.0461847389558232
LR,time,3,refitted,TopK_b05,20,0.05,0.05,93.27643908969209,0.049431057563587594,0.8888888888888888,0.0461847389558232
LR,time,3,refitted,TopK_b05,20,0.05,0.1,181.93440428380185,0.052677376171352,0.8888888888888888,0.0461847389558232
LR,time,3,refitted,TopK_b05,20,0.05,0.15,270.59236947791163,0.05592369477911639,0.8888888888888888,0.0461847389558232
LR,time,3,refitted,TopK_b05,50,0.05,0.02,93.41499330655955,0.04748326639892896,0.8888888888888888,0.0461847389558232
LR,time,3,refitted,TopK_b05,50,0.05,0.05,226.60977242302542,0.049431057563587594,0.8888888888888888,0.0461847389558232
LR,time,3,refitted,TopK_b05,50,0.05,0.1,448.60107095046857,0.052677376171352,0.8888888888888888,0.0461847389558232
LR,time,3,refitted,TopK_b05,50,0.05,0.15,670.5923694779116,0.05592369477911639,0.8888888888888888,0.0461847389558232
LR,time,3,refitted,TopK_b10,5,0.1,0.02,17.779116465863453,0.09779116465863454,0.8333333333333334,0.0963855421686747
LR,time,3,refitted,TopK_b10,5,0.1,0.05,29.98995983935743,0.09989959839357429,0.8333333333333334,0.0963855421686747
LR,time,3,refitted,TopK_b10,5,0.1,0.1,50.341365461847396,0.1034136546184739,0.8333333333333334,0.0963855421686747
LR,time,3,refitted,TopK_b10,5,0.1,0.15,70.69277108433735,0.10692771084337349,0.8333333333333334,0.0963855421686747
LR,time,3,refitted,TopK_b10,10,0.1,0.02,26.112449799196792,0.09779116465863454,0.8333333333333334,0.0963855421686747
LR,time,3,refitted,TopK_b10,10,0.1,0.05,50.82329317269077,0.09989959839357429,0.8333333333333334,0.0963855421686747
LR,time,3,refitted,TopK_b10,10,0.1,0.1,92.00803212851406,0.1034136546184739,0.8333333333333334,0.0963855421686747
LR,time,3,refitted,TopK_b10,10,0.1,0.15,133.19277108433735,0.10692771084337349,0.8333333333333334,0.0963855421686747
LR,time,3,refitted,TopK_b10,20,0.1,0.02,42.77911646586346,0.09779116465863454,0.8333333333333334,0.0963855421686747
LR,time,3,refitted,TopK_b10,20,0.1,0.05,92.48995983935744,0.09989959839357429,0.8333333333333334,0.0963855421686747
LR,time,3,refitted,TopK_b10,20,0.1,0.1,175.3413654618474,0.1034136546184739,0.8333333333333334,0.0963855421686747
LR,time,3,refitted,TopK_b10,20,0.1,0.15,258.1927710843373,0.10692771084337349,0.8333333333333334,0.0963855421686747
LR,time,3,refitted,TopK_b10,50,0.1,0.02,92.77911646586345,0.09779116465863454,0.8333333333333334,0.0963855421686747
LR,time,3,refitted,TopK_b10,50,0.1,0.05,217.48995983935745,0.09989959839357429,0.8333333333333334,0.0963855421686747
LR,time,3,refitted,TopK_b10,50,0.1,0.1,425.34136546184743,0.1034136546184739,0.8333333333333334,0.0963855421686747
LR,time,3,refitted,TopK_b10,50,0.1,0.15,633.1927710843374,0.10692771084337349,0.8333333333333334,0.0963855421686747
LR,time,3,refitted,TopK_b20,5,0.2,0.02,27.259705488621144,0.19926372155287814,0.7777777777777778,0.1987951807228915
LR,time,3,refitted,TopK_b20,5,0.2,0.05,38.32998661311914,0.19996653279785803,0.7777777777777778,0.1987951807228915
LR,time,3,refitted,TopK_b20,5,0.2,0.1,56.78045515394913,0.20113788487282458,0.7777777777777778,0.1987951807228915
LR,time,3,refitted,TopK_b20,5,0.2,0.15,75.23092369477912,0.2023092369477911,0.7777777777777778,0.1987951807228915
LR,time,3,refitted,TopK_b20,10,0.2,0.02,35.03748326639893,0.19926372155287814,0.7777777777777778,0.1987951807228915
LR,time,3,refitted,TopK_b20,10,0.2,0.05,57.77443105756358,0.19996653279785803,0.7777777777777778,0.1987951807228915
LR,time,3,refitted,TopK_b20,10,0.2,0.1,95.669344042838,0.20113788487282458,0.7777777777777778,0.1987951807228915
LR,time,3,refitted,TopK_b20,10,0.2,0.15,133.56425702811245,0.2023092369477911,0.7777777777777778,0.1987951807228915
LR,time,3,refitted,TopK_b20,20,0.2,0.02,50.59303882195449,0.19926372155287814,0.7777777777777778,0.1987951807228915
LR,time,3,refitted,TopK_b20,20,0.2,0.05,96.66331994645248,0.19996653279785803,0.7777777777777778,0.1987951807228915
LR,time,3,refitted,TopK_b20,20,0.2,0.1,173.4471218206158,0.20113788487282458,0.7777777777777778,0.1987951807228915
LR,time,3,refitted,TopK_b20,20,0.2,0.15,250.2309236947791,0.2023092369477911,0.7777777777777778,0.1987951807228915
LR,time,3,refitted,TopK_b20,50,0.2,0.02,97.25970548862115,0.19926372155287814,0.7777777777777778,0.1987951807228915
LR,time,3,refitted,TopK_b20,50,0.2,0.05,213.32998661311913,0.19996653279785803,0.7777777777777778,0.1987951807228915
LR,time,3,refitted,TopK_b20,50,0.2,0.1,406.7804551539491,0.20113788487282458,0.7777777777777778,0.1987951807228915
LR,time,3,refitted,TopK_b20,50,0.2,0.15,600.2309236947791,0.2023092369477911,0.7777777777777778,0.1987951807228915
LR,holdout,0,fixed,none,5,,0.02,10.0,0.0,1.0,0.0
LR,holdout,0,fixed,none,5,,0.05,25.0,0.0,1.0,0.0
LR,holdout,0,fixed,none,5,,0.1,50.0,0.0,1.0,0.0
LR,holdout,0,fixed,none,5,,0.15,75.0,0.0,1.0,0.0
LR,holdout,0,fixed,none,10,,0.02,20.0,0.0,1.0,0.0
LR,holdout,0,fixed,none,10,,0.05,50.0,0.0,1.0,0.0
LR,holdout,0,fixed,none,10,,0.1,100.0,0.0,1.0,0.0
LR,holdout,0,fixed,none,10,,0.15,150.0,0.0,1.0,0.0
LR,holdout,0,fixed,none,20,,0.02,40.0,0.0,1.0,0.0
LR,holdout,0,fixed,none,20,,0.05,100.0,0.0,1.0,0.0
LR,holdout,0,fixed,none,20,,0.1,200.0,0.0,1.0,0.0
LR,holdout,0,fixed,none,20,,0.15,300.0,0.0,1.0,0.0
LR,holdout,0,fixed,none,50,,0.02,100.0,0.0,1.0,0.0
LR,holdout,0,fixed,none,50,,0.05,250.0,0.0,1.0,0.0
LR,holdout,0,fixed,none,50,,0.1,500.0,0.0,1.0,0.0
LR,holdout,0,fixed,none,50,,0.15,750.0,0.0,1.0,0.0
LR,holdout,0,fixed,A_b01,5,0.01,0.02,9.615384615384617,0.0007692307692307687,0.9615384615384616,0.0
LR,holdout,0,fixed,A_b01,5,0.01,0.05,24.03846153846154,0.0019230769230769219,0.9615384615384616,0.0
LR,holdout,0,fixed,A_b01,5,0.01,0.1,48.07692307692308,0.0038461538461538438,0.9615384615384616,0.0
LR,holdout,0,fixed,A_b01,5,0.01,0.15,72.11538461538461,0.005769230769230765,0.9615384615384616,0.0
LR,holdout,0,fixed,A_b01,10,0.01,0.02,19.230769230769234,0.0007692307692307687,0.9615384615384616,0.0
LR,holdout,0,fixed,A_b01,10,0.01,0.05,48.07692307692308,0.0019230769230769219,0.9615384615384616,0.0
LR,holdout,0,fixed,A_b01,10,0.01,0.1,96.15384615384616,0.0038461538461538438,0.9615384615384616,0.0
LR,holdout,0,fixed,A_b01,10,0.01,0.15,144.23076923076923,0.005769230769230765,0.9615384615384616,0.0
LR,holdout,0,fixed,A_b01,20,0.01,0.02,38.46153846153847,0.0007692307692307687,0.9615384615384616,0.0
LR,holdout,0,fixed,A_b01,20,0.01,0.05,96.15384615384616,0.0019230769230769219,0.9615384615384616,0.0
LR,holdout,0,fixed,A_b01,20,0.01,0.1,192.30769230769232,0.0038461538461538438,0.9615384615384616,0.0
LR,holdout,0,fixed,A_b01,20,0.01,0.15,288.46153846153845,0.005769230769230765,0.9615384615384616,0.0
LR,holdout,0,fixed,A_b01,50,0.01,0.02,96.15384615384616,0.0007692307692307687,0.9615384615384616,0.0
LR,holdout,0,fixed,A_b01,50,0.01,0.05,240.3846153846154,0.0019230769230769219,0.9615384615384616,0.0
LR,holdout,0,fixed,A_b01,50,0.01,0.1,480.7692307692308,0.0038461538461538438,0.9615384615384616,0.0
LR,holdout,0,fixed,A_b01,50,0.01,0.15,721.1538461538462,0.005769230769230765,0.9615384615384616,0.0
LR,holdout,0,fixed,A_b05,5,0.05,0.02,10.287330316742075,0.016719457013574586,0.8846153846153846,0.0147058823529411
LR,holdout,0,fixed,A_b05,5,0.05,0.05,23.51244343891402,0.019739819004524817,0.8846153846153846,0.0147058823529411
LR,holdout,0,fixed,A_b05,5,0.05,0.1,45.55429864253393,0.024773755656108534,0.8846153846153846,0.0147058823529411
LR,holdout,0,fixed,A_b05,5,0.05,0.15,67.59615384615384,0.029807692307692247,0.8846153846153846,0.0147058823529411
LR,holdout,0,fixed,A_b05,10,0.05,0.02,19.133484162895922,0.016719457013574586,0.8846153846153846,0.0147058823529411
LR,holdout,0,fixed,A_b05,10,0.05,0.05,45.62782805429863,0.019739819004524817,0.8846153846153846,0.0147058823529411
LR,holdout,0,fixed,A_b05,10,0.05,0.1,89.78506787330316,0.024773755656108534,0.8846153846153846,0.0147058823529411
LR,holdout,0,fixed,A_b05,10,0.05,0.15,133.94230769230768,0.029807692307692247,0.8846153846153846,0.0147058823529411
LR,holdout,0,fixed,A_b05,20,0.05,0.02,36.82579185520362,0.016719457013574586,0.8846153846153846,0.0147058823529411
LR,holdout,0,fixed,A_b05,20,0.05,0.05,89.85859728506786,0.019739819004524817,0.8846153846153846,0.0147058823529411
LR,holdout,0,fixed,A_b05,20,0.05,0.1,178.24660633484163,0.024773755656108534,0.8846153846153846,0.0147058823529411
LR,holdout,0,fixed,A_b05,20,0.05,0.15,266.63461538461536,0.029807692307692247,0.8846153846153846,0.0147058823529411
LR,holdout,0,fixed,A_b05,50,0.05,0.02,89.90271493212668,0.016719457013574586,0.8846153846153846,0.0147058823529411
LR,holdout,0,fixed,A_b05,50,0.05,0.05,222.55090497737555,0.019739819004524817,0.8846153846153846,0.0147058823529411
LR,holdout,0,fixed,A_b05,50,0.05,0.1,443.631221719457,0.024773755656108534,0.8846153846153846,0.0147058823529411
LR,holdout,0,fixed,A_b05,50,0.05,0.15,664.7115384615385,0.029807692307692247,0.8846153846153846,0.0147058823529411
LR,holdout,0,fixed,A_b10,5,0.1,0.02,12.121554915672561,0.035061703002879446,0.8846153846153846,0.0334224598930481
LR,holdout,0,fixed,A_b10,5,0.1,0.05,25.290518305224186,0.037520567667626466,0.8846153846153846,0.0334224598930481
LR,holdout,0,fixed,A_b10,5,0.1,0.1,47.23879062114356,0.041618675442204836,0.8846153846153846,0.0334224598930481
LR,holdout,0,fixed,A_b10,5,0.1,0.15,69.18706293706293,0.0457167832167832,0.8846153846153846,0.0334224598930481
LR,holdout,0,fixed,A_b10,10,0.1,0.02,20.967708761826405,0.035061703002879446,0.8846153846153846,0.0334224598930481
LR,holdout,0,fixed,A_b10,10,0.1,0.05,47.4059029206088,0.037520567667626466,0.8846153846153846,0.0334224598930481
LR,holdout,0,fixed,A_b10,10,0.1,0.1,91.46955985191279,0.041618675442204836,0.8846153846153846,0.0334224598930481
LR,holdout,0,fixed,A_b10,10,0.1,0.15,135.53321678321677,0.0457167832167832,0.8846153846153846,0.0334224598930481
LR,holdout,0,fixed,A_b10,20,0.1,0.02,38.6600164541341,0.035061703002879446,0.8846153846153846,0.0334224598930481
LR,holdout,0,fixed,A_b10,20,0.1,0.05,91.63667215137804,0.037520567667626466,0.8846153846153846,0.0334224598930481
LR,holdout,0,fixed,A_b10,20,0.1,0.1,179.93109831345123,0.041618675442204836,0.8846153846153846,0.0334224598930481
LR,holdout,0,fixed,A_b10,20,0.1,0.15,268.2255244755245,0.0457167832167832,0.8846153846153846,0.0334224598930481
LR,holdout,0,fixed,A_b10,50,0.1,0.02,91.73693953105717,0.035061703002879446,0.8846153846153846,0.0334224598930481
LR,holdout,0,fixed,A_b10,50,0.1,0.05,224.32897984368574,0.037520567667626466,0.8846153846153846,0.0334224598930481
LR,holdout,0,fixed,A_b10,50,0.1,0.1,445.3157136980667,0.041618675442204836,0.8846153846153846,0.0334224598930481
LR,holdout,0,fixed,A_b10,50,0.1,0.15,666.3024475524475,0.0457167832167832,0.8846153846153846,0.0334224598930481
LR,holdout,0,fixed,A_b20,5,0.2,0.02,16.19991772932949,0.08507610037021796,0.8076923076923077,0.0828877005347593
LR,holdout,0,fixed,A_b20,5,0.2,0.05,28.066639243109826,0.08835870012340594,0.8076923076923077,0.0828877005347593
LR,holdout,0,fixed,A_b20,5,0.2,0.1,47.84450843274372,0.0938296997120526,0.8076923076923077,0.0828877005347593
LR,holdout,0,fixed,A_b20,5,0.2,0.15,67.62237762237763,0.09930069930069925,0.8076923076923077,0.0828877005347593
LR,holdout,0,fixed,A_b20,10,0.2,0.02,24.276840806252565,0.08507610037021796,0.8076923076923077,0.0828877005347593
LR,holdout,0,fixed,A_b20,10,0.2,0.05,48.25894693541752,0.08835870012340594,0.8076923076923077,0.0828877005347593
LR,holdout,0,fixed,A_b20,10,0.2,0.1,88.22912381735911,0.0938296997120526,0.8076923076923077,0.0828877005347593
LR,holdout,0,fixed,A_b20,10,0.2,0.15,128.1993006993007,0.09930069930069925,0.8076923076923077,0.0828877005347593
LR,holdout,0,fixed,A_b20,20,0.2,0.02,40.43068696009872,0.08507610037021796,0.8076923076923077,0.0828877005347593
LR,holdout,0,fixed,A_b20,20,0.2,0.05,88.6435623200329,0.08835870012340594,0.8076923076923077,0.0828877005347593
LR,holdout,0,fixed,A_b20,20,0.2,0.1,168.99835458658987,0.0938296997120526,0.8076923076923077,0.0828877005347593
LR,holdout,0,fixed,A_b20,20,0.2,0.15,249.35314685314688,0.09930069930069925,0.8076923076923077,0.0828877005347593
LR,holdout,0,fixed,A_b20,50,0.2,0.02,88.89222542163718,0.08507610037021796,0.8076923076923077,0.0828877005347593
LR,holdout,0,fixed,A_b20,50,0.2,0.05,209.79740847387905,0.08835870012340594,0.8076923076923077,0.0828877005347593
LR,holdout,0,fixed,A_b20,50,0.2,0.1,411.30604689428213,0.0938296997120526,0.8076923076923077,0.0828877005347593
LR,holdout,0,fixed,A_b20,50,0.2,0.15,612.8146853146853,0.09930069930069925,0.8076923076923077,0.0828877005347593
LR,holdout,0,fixed,B_r05,5,,0.02,10.0,0.0,1.0,0.0
LR,holdout,0,fixed,B_r05,5,,0.05,25.0,0.0,1.0,0.0
LR,holdout,0,fixed,B_r05,5,,0.1,50.0,0.0,1.0,0.0
LR,holdout,0,fixed,B_r05,5,,0.15,75.0,0.0,1.0,0.0
LR,holdout,0,fixed,B_r10,10,,0.02,20.0,0.0,1.0,0.0
LR,holdout,0,fixed,B_r10,10,,0.05,50.0,0.0,1.0,0.0
LR,holdout,0,fixed,B_r10,10,,0.1,100.0,0.0,1.0,0.0
LR,holdout,0,fixed,B_r10,10,,0.15,150.0,0.0,1.0,0.0
LR,holdout,0,fixed,B_r20,20,,0.02,80.69806663924311,0.6977498971616619,0.3076923076923077,0.6978609625668449
LR,holdout,0,fixed,B_r20,20,,0.05,97.06602221308104,0.6975832990538873,0.3076923076923077,0.6978609625668449
LR,holdout,0,fixed,B_r20,20,,0.1,124.34594816947757,0.6973056355409296,0.3076923076923077,0.6978609625668449
LR,holdout,0,fixed,B_r20,20,,0.15,151.6258741258741,0.697027972027972,0.3076923076923077,0.6978609625668449
LR,holdout,0,fixed,B_r50,50,,0.02,90.57877416700946,0.8865569724393254,0.0384615384615384,0.8850267379679144
LR,holdout,0,fixed,B_r50,50,,0.05,93.69292472233647,0.8888523241464418,0.0384615384615384,0.8850267379679144
LR,holdout,0,fixed,B_r50,50,,0.1,98.8831756478815,0.8926779103249691,0.0384615384615384,0.8850267379679144
LR,holdout,0,fixed,B_r50,50,,0.15,104.07342657342653,0.8965034965034964,0.0384615384615384,0.8850267379679144
LR,holdout,0,fixed,C_b01_r05,5,0.01,0.02,10.0,0.0,1.0,0.0
LR,holdout,0,fixed,C_b01_r05,5,0.01,0.05,25.0,0.0,1.0,0.0
LR,holdout,0,fixed,C_b01_r05,5,0.01,0.1,50.0,0.0,1.0,0.0
LR,holdout,0,fixed,C_b01_r05,5,0.01,0.15,75.0,0.0,1.0,0.0
LR,holdout,0,fixed,C_b01_r10,10,0.01,0.02,20.0,0.0,1.0,0.0
LR,holdout,0,fixed,C_b01_r10,10,0.01,0.05,50.0,0.0,1.0,0.0
LR,holdout,0,fixed,C_b01_r10,10,0.01,0.1,100.0,0.0,1.0,0.0
LR,holdout,0,fixed,C_b01_r10,10,0.01,0.15,150.0,0.0,1.0,0.0
LR,holdout,0,fixed,C_b01_r20,20,0.01,0.02,40.0,0.0,1.0,0.0
LR,holdout,0,fixed,C_b01_r20,20,0.01,0.05,100.0,0.0,1.0,0.0
LR,holdout,0,fixed,C_b01_r20,20,0.01,0.1,200.0,0.0,1.0,0.0
LR,holdout,0,fixed,C_b01_r20,20,0.01,0.15,300.0,0.0,1.0,0.0
LR,holdout,0,fixed,C_b01_r50,50,0.01,0.02,100.0,0.0,1.0,0.0
LR,holdout,0,fixed,C_b01_r50,50,0.01,0.05,250.0,0.0,1.0,0.0
LR,holdout,0,fixed,C_b01_r50,50,0.01,0.1,500.0,0.0,1.0,0.0
LR,holdout,0,fixed,C_b01_r50,50,0.01,0.15,750.0,0.0,1.0,0.0
LR,holdout,0,fixed,C_b05_r05,5,0.05,0.02,10.0,0.0,1.0,0.0
LR,holdout,0,fixed,C_b05_r05,5,0.05,0.05,25.0,0.0,1.0,0.0
LR,holdout,0,fixed,C_b05_r05,5,0.05,0.1,50.0,0.0,1.0,0.0
LR,holdout,0,fixed,C_b05_r05,5,0.05,0.15,75.0,0.0,1.0,0.0
LR,holdout,0,fixed,C_b05_r10,10,0.05,0.02,20.0,0.0,1.0,0.0
LR,holdout,0,fixed,C_b05_r10,10,0.05,0.05,50.0,0.0,1.0,0.0
LR,holdout,0,fixed,C_b05_r10,10,0.05,0.1,100.0,0.0,1.0,0.0
LR,holdout,0,fixed,C_b05_r10,10,0.05,0.15,150.0,0.0,1.0,0.0
LR,holdout,0,fixed,C_b05_r20,20,0.05,0.02,40.0,0.0,1.0,0.0
LR,holdout,0,fixed,C_b05_r20,20,0.05,0.05,100.0,0.0,1.0,0.0
LR,holdout,0,fixed,C_b05_r20,20,0.05,0.1,200.0,0.0,1.0,0.0
LR,holdout,0,fixed,C_b05_r20,20,0.05,0.15,300.0,0.0,1.0,0.0
LR,holdout,0,fixed,C_b05_r50,50,0.05,0.02,100.0,0.0,1.0,0.0
LR,holdout,0,fixed,C_b05_r50,50,0.05,0.05,250.0,0.0,1.0,0.0
LR,holdout,0,fixed,C_b05_r50,50,0.05,0.1,500.0,0.0,1.0,0.0
LR,holdout,0,fixed,C_b05_r50,50,0.05,0.15,750.0,0.0,1.0,0.0
LR,holdout,0,fixed,C_b10_r05,5,0.1,0.02,10.0,0.0,1.0,0.0
LR,holdout,0,fixed,C_b10_r05,5,0.1,0.05,25.0,0.0,1.0,0.0
LR,holdout,0,fixed,C_b10_r05,5,0.1,0.1,50.0,0.0,1.0,0.0
LR,holdout,0,fixed,C_b10_r05,5,0.1,0.15,75.0,0.0,1.0,0.0
LR,holdout,0,fixed,C_b10_r10,10,0.1,0.02,20.0,0.0,1.0,0.0
LR,holdout,0,fixed,C_b10_r10,10,0.1,0.05,50.0,0.0,1.0,0.0
LR,holdout,0,fixed,C_b10_r10,10,0.1,0.1,100.0,0.0,1.0,0.0
LR,holdout,0,fixed,C_b10_r10,10,0.1,0.15,150.0,0.0,1.0,0.0
LR,holdout,0,fixed,C_b10_r20,20,0.1,0.02,40.0,0.0,1.0,0.0
LR,holdout,0,fixed,C_b10_r20,20,0.1,0.05,100.0,0.0,1.0,0.0
LR,holdout,0,fixed,C_b10_r20,20,0.1,0.1,200.0,0.0,1.0,0.0
LR,holdout,0,fixed,C_b10_r20,20,0.1,0.15,300.0,0.0,1.0,0.0
LR,holdout,0,fixed,C_b10_r50,50,0.1,0.02,91.21287535993417,0.029821061291649503,0.8846153846153846,0.0280748663101604
LR,holdout,0,fixed,C_b10_r50,50,0.1,0.05,223.82095845331142,0.03244035376388315,0.8846153846153846,0.0280748663101604
LR,holdout,0,fixed,C_b10_r50,50,0.1,0.1,444.8344302756068,0.036805841217605904,0.8846153846153846,0.0280748663101604
LR,holdout,0,fixed,C_b10_r50,50,0.1,0.15,665.847902097902,0.04117132867132865,0.8846153846153846,0.0280748663101604
LR,holdout,0,fixed,C_b20_r05,5,0.2,0.02,10.0,0.0,1.0,0.0
LR,holdout,0,fixed,C_b20_r05,5,0.2,0.05,25.0,0.0,1.0,0.0
LR,holdout,0,fixed,C_b20_r05,5,0.2,0.1,50.0,0.0,1.0,0.0
LR,holdout,0,fixed,C_b20_r05,5,0.2,0.15,75.0,0.0,1.0,0.0
LR,holdout,0,fixed,C_b20_r10,10,0.2,0.02,20.0,0.0,1.0,0.0
LR,holdout,0,fixed,C_b20_r10,10,0.2,0.05,50.0,0.0,1.0,0.0
LR,holdout,0,fixed,C_b20_r10,10,0.2,0.1,100.0,0.0,1.0,0.0
LR,holdout,0,fixed,C_b20_r10,10,0.2,0.15,150.0,0.0,1.0,0.0
LR,holdout,0,fixed,C_b20_r20,20,0.2,0.02,38.858494446729736,0.06935417523652812,0.8076923076923077,0.0668449197860962
LR,holdout,0,fixed,C_b20_r20,20,0.2,0.05,87.11949814890991,0.073118058412176,0.8076923076923077,0.0668449197860962
LR,holdout,0,fixed,C_b20_r20,20,0.2,0.1,167.5545043192102,0.07939119703825581,0.8076923076923077,0.0668449197860962
LR,holdout,0,fixed,C_b20_r20,20,0.2,0.15,247.9895104895105,0.08566433566433562,0.8076923076923077,0.0668449197860962
LR,holdout,0,fixed,C_b20_r50,50,0.2,0.02,87.3200329082682,0.06935417523652812,0.8076923076923077,0.0668449197860962
LR,holdout,0,fixed,C_b20_r50,50,0.2,0.05,208.27334430275607,0.073118058412176,0.8076923076923077,0.0668449197860962
LR,holdout,0,fixed,C_b20_r50,50,0.2,0.1,409.8621966269025,0.07939119703825581,0.8076923076923077,0.0668449197860962
LR,holdout,0,fixed,C_b20_r50,50,0.2,0.15,611.451048951049,0.08566433566433562,0.8076923076923077,0.0668449197860962
LR,holdout,0,fixed,TopK_b01,5,0.01,0.02,9.885849444672973,0.008089263677498943,0.9230769230769232,0.0066844919786096
LR,holdout,0,fixed,TopK_b01,5,0.01,0.05,23.711949814890993,0.010196421225832959,0.9230769230769232,0.0066844919786096
LR,holdout,0,fixed,TopK_b01,5,0.01,0.1,46.75545043192103,0.013708350473056317,0.9230769230769232,0.0066844919786096
LR,holdout,0,fixed,TopK_b01,5,0.01,0.15,69.79895104895105,0.017220279720279674,0.9230769230769232,0.0066844919786096
LR,holdout,0,fixed,TopK_b01,10,0.01,0.02,19.116618675442208,0.008089263677498943,0.9230769230769232,0.0066844919786096
LR,holdout,0,fixed,TopK_b01,10,0.01,0.05,46.78887289181407,0.010196421225832959,0.9230769230769232,0.0066844919786096
LR,holdout,0,fixed,TopK_b01,10,0.01,0.1,92.90929658576718,0.013708350473056317,0.9230769230769232,0.0066844919786096
LR,holdout,0,fixed,TopK_b01,10,0.01,0.15,139.0297202797203,0.017220279720279674,0.9230769230769232,0.0066844919786096
LR,holdout,0,fixed,TopK_b01,20,0.01,0.02,37.57815713698067,0.008089263677498943,0.9230769230769232,0.0066844919786096
LR,holdout,0,fixed,TopK_b01,20,0.01,0.05,92.94271904566024,0.010196421225832959,0.9230769230769232,0.0066844919786096
LR,holdout,0,fixed,TopK_b01,20,0.01,0.1,185.21698889345953,0.013708350473056317,0.9230769230769232,0.0066844919786096
LR,holdout,0,fixed,TopK_b01,20,0.01,0.15,277.4912587412588,0.017220279720279674,0.9230769230769232,0.0066844919786096
LR,holdout,0,fixed,TopK_b01,50,0.01,0.02,92.96277252159607,0.008089263677498943,0.9230769230769232,0.0066844919786096
LR,holdout,0,fixed,TopK_b01,50,0.01,0.05,231.4042575071987,0.010196421225832959,0.9230769230769232,0.0066844919786096
LR,holdout,0,fixed,TopK_b01,50,0.01,0.1,462.14006581653643,0.013708350473056317,0.9230769230769232,0.0066844919786096
LR,holdout,0,fixed,TopK_b01,50,0.01,0.15,692.8758741258742,0.017220279720279674,0.9230769230769232,0.0066844919786096
LR,holdout,0,fixed,TopK_b05,5,0.05,0.02,13.431715343480041,0.04816330728095426,0.8846153846153846,0.0467914438502673
LR,holdout,0,fixed,TopK_b05,5,0.05,0.05,26.560571781160007,0.05022110242698471,0.8846153846153846,0.0467914438502673
LR,holdout,0,fixed,TopK_b05,5,0.05,0.1,48.44199917729329,0.05365076100370211,0.8846153846153846,0.0467914438502673
LR,holdout,0,fixed,TopK_b05,5,0.05,0.15,70.32342657342656,0.057080419580419525,0.8846153846153846,0.0467914438502673
LR,holdout,0,fixed,TopK_b05,10,0.05,0.02,22.27786918963389,0.04816330728095426,0.8846153846153846,0.0467914438502673
LR,holdout,0,fixed,TopK_b05,10,0.05,0.05,48.67595639654462,0.05022110242698471,0.8846153846153846,0.0467914438502673
LR,holdout,0,fixed,TopK_b05,10,0.05,0.1,92.67276840806251,0.05365076100370211,0.8846153846153846,0.0467914438502673
LR,holdout,0,fixed,TopK_b05,10,0.05,0.15,136.66958041958043,0.057080419580419525,0.8846153846153846,0.0467914438502673
LR,holdout,0,fixed,TopK_b05,20,0.05,0.02,39.97017688194158,0.04816330728095426,0.8846153846153846,0.0467914438502673
LR,holdout,0,fixed,TopK_b05,20,0.05,0.05,92.90672562731386,0.05022110242698471,0.8846153846153846,0.0467914438502673
LR,holdout,0,fixed,TopK_b05,20,0.05,0.1,181.13430686960098,0.05365076100370211,0.8846153846153846,0.0467914438502673
LR,holdout,0,fixed,TopK_b05,20,0.05,0.15,269.3618881118881,0.057080419580419525,0.8846153846153846,0.0467914438502673
LR,holdout,0,fixed,TopK_b05,50,0.05,0.02,93.04709995886465,0.04816330728095426,0.8846153846153846,0.0467914438502673
LR,holdout,0,fixed,TopK_b05,50,0.05,0.05,225.59903331962155,0.05022110242698471,0.8846153846153846,0.0467914438502673
LR,holdout,0,fixed,TopK_b05,50,0.05,0.1,446.51892225421636,0.05365076100370211,0.8846153846153846,0.0467914438502673
LR,holdout,0,fixed,TopK_b05,50,0.05,0.15,667.4388111888112,0.057080419580419525,0.8846153846153846,0.0467914438502673
LR,holdout,0,fixed,TopK_b10,5,0.1,0.02,17.51007815713698,0.09817770464829288,0.8076923076923077,0.0962566844919786
LR,holdout,0,fixed,TopK_b10,5,0.1,0.05,29.336692719045658,0.10105923488276428,0.8076923076923077,0.0962566844919786
LR,holdout,0,fixed,TopK_b10,5,0.1,0.1,49.047716988893455,0.10586178527354997,0.8076923076923077,0.0962566844919786
LR,holdout,0,fixed,TopK_b10,5,0.1,0.15,68.75874125874127,0.11066433566433566,0.8076923076923077,0.0962566844919786
LR,holdout,0,fixed,TopK_b10,10,0.1,0.02,25.587001234060057,0.09817770464829288,0.8076923076923077,0.0962566844919786
LR,holdout,0,fixed,TopK_b10,10,0.1,0.05,49.52900041135335,0.10105923488276428,0.8076923076923077,0.0962566844919786
LR,holdout,0,fixed,TopK_b10,10,0.1,0.1,89.43233237350884,0.10586178527354997,0.8076923076923077,0.0962566844919786
LR,holdout,0,fixed,TopK_b10,10,0.1,0.15,129.33566433566435,0.11066433566433566,0.8076923076923077,0.0962566844919786
LR,holdout,0,fixed,TopK_b10,20,0.1,0.02,41.74084738790621,0.09817770464829288,0.8076923076923077,0.0962566844919786
LR,holdout,0,fixed,TopK_b10,20,0.1,0.05,89.91361579596874,0.10105923488276428,0.8076923076923077,0.0962566844919786
LR,holdout,0,fixed,TopK_b10,20,0.1,0.1,170.20156314273962,0.10586178527354997,0.8076923076923077,0.0962566844919786
LR,holdout,0,fixed,TopK_b10,20,0.1,0.15,250.48951048951054,0.11066433566433566,0.8076923076923077,0.0962566844919786
LR,holdout,0,fixed,TopK_b10,50,0.1,0.02,90.20238584944468,0.09817770464829288,0.8076923076923077,0.0962566844919786
LR,holdout,0,fixed,TopK_b10,50,0.1,0.05,211.06746194981488,0.10105923488276428,0.8076923076923077,0.0962566844919786
LR,holdout,0,fixed,TopK_b10,50,0.1,0.1,412.5092554504319,0.10586178527354997,0.8076923076923077,0.0962566844919786
LR,holdout,0,fixed,TopK_b10,50,0.1,0.15,613.951048951049,0.11066433566433566,0.8076923076923077,0.0962566844919786
LR,holdout,0,fixed,TopK_b20,5,0.2,0.02,27.082682023858496,0.1985191279308926,0.7692307692307693,0.1978609625668449
LR,holdout,0,fixed,TopK_b20,5,0.2,0.05,38.0275606746195,0.1995063759769642,0.7692307692307693,0.1978609625668449
LR,holdout,0,fixed,TopK_b20,5,0.2,0.1,56.2690250925545,0.2011517893870835,0.7692307692307693,0.1978609625668449
LR,holdout,0,fixed,TopK_b20,5,0.2,0.15,74.5104895104895,0.20279720279720276,0.7692307692307693,0.1978609625668449
LR,holdout,0,fixed,TopK_b20,10,0.2,0.02,34.77498971616618,0.1985191279308926,0.7692307692307693,0.1978609625668449
LR,holdout,0,fixed,TopK_b20,10,0.2,0.05,57.25832990538873,0.1995063759769642,0.7692307692307693,0.1978609625668449
LR,holdout,0,fixed,TopK_b20,10,0.2,0.1,94.73056355409297,0.2011517893870835,0.7692307692307693,0.1978609625668449
LR,holdout,0,fixed,TopK_b20,10,0.2,0.15,132.20279720279723,0.20279720279720276,0.7692307692307693,0.1978609625668449
LR,holdout,0,fixed,TopK_b20,20,0.2,0.02,50.15960510078157,0.1985191279308926,0.7692307692307693,0.1978609625668449
LR,holdout,0,fixed,TopK_b20,20,0.2,0.05,95.7198683669272,0.1995063759769642,0.7692307692307693,0.1978609625668449
LR,holdout,0,fixed,TopK_b20,20,0.2,0.1,171.6536404771699,0.2011517893870835,0.7692307692307693,0.1978609625668449
LR,holdout,0,fixed,TopK_b20,20,0.2,0.15,247.5874125874126,0.20279720279720276,0.7692307692307693,0.1978609625668449
LR,holdout,0,fixed,TopK_b20,50,0.2,0.02,96.31345125462772,0.1985191279308926,0.7692307692307693,0.1978609625668449
LR,holdout,0,fixed,TopK_b20,50,0.2,0.05,211.10448375154255,0.1995063759769642,0.7692307692307693,0.1978609625668449
LR,holdout,0,fixed,TopK_b20,50,0.2,0.1,402.4228712464007,0.2011517893870835,0.7692307692307693,0.1978609625668449
LR,holdout,0,fixed,TopK_b20,50,0.2,0.15,593.7412587412587,0.20279720279720276,0.7692307692307693,0.1978609625668449
LR,holdout,0,refitted,none,5,,0.02,10.0,0.0,1.0,0.0
LR,holdout,0,refitted,none,5,,0.05,25.0,0.0,1.0,0.0
LR,holdout,0,refitted,none,5,,0.1,50.0,0.0,1.0,0.0
LR,holdout,0,refitted,none,5,,0.15,75.0,0.0,1.0,0.0
LR,holdout,0,refitted,none,10,,0.02,20.0,0.0,1.0,0.0
LR,holdout,0,refitted,none,10,,0.05,50.0,0.0,1.0,0.0
LR,holdout,0,refitted,none,10,,0.1,100.0,0.0,1.0,0.0
LR,holdout,0,refitted,none,10,,0.15,150.0,0.0,1.0,0.0
LR,holdout,0,refitted,none,20,,0.02,40.0,0.0,1.0,0.0
LR,holdout,0,refitted,none,20,,0.05,100.0,0.0,1.0,0.0
LR,holdout,0,refitted,none,20,,0.1,200.0,0.0,1.0,0.0
LR,holdout,0,refitted,none,20,,0.15,300.0,0.0,1.0,0.0
LR,holdout,0,refitted,none,50,,0.02,100.0,0.0,1.0,0.0
LR,holdout,0,refitted,none,50,,0.05,250.0,0.0,1.0,0.0
LR,holdout,0,refitted,none,50,,0.1,500.0,0.0,1.0,0.0
LR,holdout,0,refitted,none,50,,0.15,750.0,0.0,1.0,0.0
LR,holdout,0,refitted,A_b01,5,0.01,0.02,9.615384615384617,0.0007692307692307687,0.9615384615384616,0.0
LR,holdout,0,refitted,A_b01,5,0.01,0.05,24.03846153846154,0.0019230769230769219,0.9615384615384616,0.0
LR,holdout,0,refitted,A_b01,5,0.01,0.1,48.07692307692308,0.0038461538461538438,0.9615384615384616,0.0
LR,holdout,0,refitted,A_b01,5,0.01,0.15,72.11538461538461,0.005769230769230765,0.9615384615384616,0.0
LR,holdout,0,refitted,A_b01,10,0.01,0.02,19.230769230769234,0.0007692307692307687,0.9615384615384616,0.0
LR,holdout,0,refitted,A_b01,10,0.01,0.05,48.07692307692308,0.0019230769230769219,0.9615384615384616,0.0
LR,holdout,0,refitted,A_b01,10,0.01,0.1,96.15384615384616,0.0038461538461538438,0.9615384615384616,0.0
LR,holdout,0,refitted,A_b01,10,0.01,0.15,144.23076923076923,0.005769230769230765,0.9615384615384616,0.0
LR,holdout,0,refitted,A_b01,20,0.01,0.02,38.46153846153847,0.0007692307692307687,0.9615384615384616,0.0
LR,holdout,0,refitted,A_b01,20,0.01,0.05,96.15384615384616,0.0019230769230769219,0.9615384615384616,0.0
LR,holdout,0,refitted,A_b01,20,0.01,0.1,192.30769230769232,0.0038461538461538438,0.9615384615384616,0.0
LR,holdout,0,refitted,A_b01,20,0.01,0.15,288.46153846153845,0.005769230769230765,0.9615384615384616,0.0
LR,holdout,0,refitted,A_b01,50,0.01,0.02,96.15384615384616,0.0007692307692307687,0.9615384615384616,0.0
LR,holdout,0,refitted,A_b01,50,0.01,0.05,240.3846153846154,0.0019230769230769219,0.9615384615384616,0.0
LR,holdout,0,refitted,A_b01,50,0.01,0.1,480.7692307692308,0.0038461538461538438,0.9615384615384616,0.0
LR,holdout,0,refitted,A_b01,50,0.01,0.15,721.1538461538462,0.005769230769230765,0.9615384615384616,0.0
LR,holdout,0,refitted,A_b05,5,0.05,0.02,10.13944878650761,0.006009872480460715,0.9615384615384616,0.0053475935828877
LR,holdout,0,refitted,A_b05,5,0.05,0.05,24.546482928835868,0.007003290826820236,0.9615384615384616,0.0053475935828877
LR,holdout,0,refitted,A_b05,5,0.05,0.1,48.55820649938297,0.008658988070752775,0.9615384615384616,0.0053475935828877
LR,holdout,0,refitted,A_b05,5,0.05,0.15,72.56993006993007,0.01031468531468531,0.9615384615384616,0.0053475935828877
LR,holdout,0,refitted,A_b05,10,0.05,0.02,19.754833401892228,0.006009872480460715,0.9615384615384616,0.0053475935828877
LR,holdout,0,refitted,A_b05,10,0.05,0.05,48.58494446729741,0.007003290826820236,0.9615384615384616,0.0053475935828877
LR,holdout,0,refitted,A_b05,10,0.05,0.1,96.63512957630604,0.008658988070752775,0.9615384615384616,0.0053475935828877
LR,holdout,0,refitted,A_b05,10,0.05,0.15,144.6853146853147,0.01031468531468531,0.9615384615384616,0.0053475935828877
LR,holdout,0,refitted,A_b05,20,0.05,0.02,38.98560263266146,0.006009872480460715,0.9615384615384616,0.0053475935828877
LR,holdout,0,refitted,A_b05,20,0.05,0.05,96.6618675442205,0.007003290826820236,0.9615384615384616,0.0053475935828877
LR,holdout,0,refitted,A_b05,20,0.05,0.1,192.7889757301522,0.008658988070752775,0.9615384615384616,0.0053475935828877
LR,holdout,0,refitted,A_b05,20,0.05,0.15,288.9160839160839,0.01031468531468531,0.9615384615384616,0.0053475935828877
LR,holdout,0,refitted,A_b05,50,0.05,0.02,96.67791032496915,0.006009872480460715,0.9615384615384616,0.0053475935828877
LR,holdout,0,refitted,A_b05,50,0.05,0.05,240.89263677498968,0.007003290826820236,0.9615384615384616,0.0053475935828877
LR,holdout,0,refitted,A_b05,50,0.05,0.1,481.2505141916906,0.008658988070752775,0.9615384615384616,0.0053475935828877
LR,holdout,0,refitted,A_b05,50,0.05,0.15,721.6083916083917,0.01031468531468531,0.9615384615384616,0.0053475935828877
LR,holdout,0,refitted,A_b10,5,0.1,0.02,10.67194570135746,0.015950226244343814,0.9230769230769232,0.0147058823529411
LR,holdout,0,refitted,A_b10,5,0.1,0.05,24.473981900452486,0.017816742081447883,0.9230769230769232,0.0147058823529411
LR,holdout,0,refitted,A_b10,5,0.1,0.1,47.47737556561086,0.020927601809954666,0.9230769230769232,0.0147058823529411
LR,holdout,0,refitted,A_b10,5,0.1,0.15,70.48076923076924,0.024038461538461446,0.9230769230769232,0.0147058823529411
LR,holdout,0,refitted,A_b10,10,0.1,0.02,19.902714932126695,0.015950226244343814,0.9230769230769232,0.0147058823529411
LR,holdout,0,refitted,A_b10,10,0.1,0.05,47.550904977375566,0.017816742081447883,0.9230769230769232,0.0147058823529411
LR,holdout,0,refitted,A_b10,10,0.1,0.1,93.63122171945703,0.020927601809954666,0.9230769230769232,0.0147058823529411
LR,holdout,0,refitted,A_b10,10,0.1,0.15,139.71153846153848,0.024038461538461446,0.9230769230769232,0.0147058823529411
LR,holdout,0,refitted,A_b10,20,0.1,0.02,38.36425339366516,0.015950226244343814,0.9230769230769232,0.0147058823529411
LR,holdout,0,refitted,A_b10,20,0.1,0.05,93.70475113122173,0.017816742081447883,0.9230769230769232,0.0147058823529411
LR,holdout,0,refitted,A_b10,20,0.1,0.1,185.93891402714934,0.020927601809954666,0.9230769230769232,0.0147058823529411
LR,holdout,0,refitted,A_b10,20,0.1,0.15,278.1730769230769,0.024038461538461446,0.9230769230769232,0.0147058823529411
LR,holdout,0,refitted,A_b10,50,0.1,0.02,93.74886877828055,0.015950226244343814,0.9230769230769232,0.0147058823529411
LR,holdout,0,refitted,A_b10,50,0.1,0.05,232.16628959276017,0.017816742081447883,0.9230769230769232,0.0147058823529411
LR,holdout,0,refitted,A_b10,50,0.1,0.1,462.86199095022624,0.020927601809954666,0.9230769230769232,0.0147058823529411
LR,holdout,0,refitted,A_b10,50,0.1,0.15,693.5576923076925,0.024038461538461446,0.9230769230769232,0.0147058823529411
LR,holdout,0,refitted,A_b20,5,0.2,0.02,15.003907856849025,0.0638852324146441,0.8846153846153846,0.0628342245989304
LR,holdout,0,refitted,A_b20,5,0.2,0.05,28.084635952282998,0.06546174413821465,0.8846153846153846,0.0628342245989304
LR,holdout,0,refitted,A_b20,5,0.2,0.1,49.885849444672964,0.0680892636774989,0.8846153846153846,0.0628342245989304
LR,holdout,0,refitted,A_b20,5,0.2,0.15,71.68706293706293,0.07071678321678315,0.8846153846153846,0.0628342245989304
LR,holdout,0,refitted,A_b20,10,0.2,0.02,23.850061703002872,0.0638852324146441,0.8846153846153846,0.0628342245989304
LR,holdout,0,refitted,A_b20,10,0.2,0.05,50.200020567667615,0.06546174413821465,0.8846153846153846,0.0628342245989304
LR,holdout,0,refitted,A_b20,10,0.2,0.1,94.1166186754422,0.0680892636774989,0.8846153846153846,0.0628342245989304
LR,holdout,0,refitted,A_b20,10,0.2,0.15,138.03321678321677,0.07071678321678315,0.8846153846153846,0.0628342245989304
LR,holdout,0,refitted,A_b20,20,0.2,0.02,41.542369395310565,0.0638852324146441,0.8846153846153846,0.0628342245989304
LR,holdout,0,refitted,A_b20,20,0.2,0.05,94.43078979843685,0.06546174413821465,0.8846153846153846,0.0628342245989304
LR,holdout,0,refitted,A_b20,20,0.2,0.1,182.57815713698065,0.0680892636774989,0.8846153846153846,0.0628342245989304
LR,holdout,0,refitted,A_b20,20,0.2,0.15,270.7255244755244,0.07071678321678315,0.8846153846153846,0.0628342245989304
LR,holdout,0,refitted,A_b20,50,0.2,0.02,94.61929247223364,0.0638852324146441,0.8846153846153846,0.0628342245989304
LR,holdout,0,refitted,A_b20,50,0.2,0.05,227.12309749074456,0.06546174413821465,0.8846153846153846,0.0628342245989304
LR,holdout,0,refitted,A_b20,50,0.2,0.1,447.9627725215961,0.0680892636774989,0.8846153846153846,0.0628342245989304
LR,holdout,0,refitted,A_b20,50,0.2,0.15,668.8024475524476,0.07071678321678315,0.8846153846153846,0.0628342245989304
LR,holdout,0,refitted,B_r05,5,,0.02,10.0,0.0,1.0,0.0
LR,holdout,0,refitted,B_r05,5,,0.05,25.0,0.0,1.0,0.0
LR,holdout,0,refitted,B_r05,5,,0.1,50.0,0.0,1.0,0.0
LR,holdout,0,refitted,B_r05,5,,0.15,75.0,0.0,1.0,0.0
LR,holdout,0,refitted,B_r10,10,,0.02,20.0,0.0,1.0,0.0
LR,holdout,0,refitted,B_r10,10,,0.05,50.0,0.0,1.0,0.0
LR,holdout,0,refitted,B_r10,10,,0.1,100.0,0.0,1.0,0.0
LR,holdout,0,refitted,B_r10,10,,0.15,150.0,0.0,1.0,0.0
LR,holdout,0,refitted,B_r20,20,,0.02,77.10098724804607,0.7587021801727684,0.0769230769230769,0.7553475935828877
LR,holdout,0,refitted,B_r20,20,,0.05,79.45032908268202,0.7637340600575895,0.0769230769230769,0.7553475935828877
LR,holdout,0,refitted,B_r20,20,,0.1,83.36589880707528,0.7721205265322912,0.0769230769230769,0.7553475935828877
LR,holdout,0,refitted,B_r20,20,,0.15,87.28146853146853,0.780506993006993,0.0769230769230769,0.7553475935828877
LR,holdout,0,refitted,B_r50,50,,0.02,93.1990950226244,0.912760180995475,0.0384615384615384,0.9117647058823528
LR,holdout,0,refitted,B_r50,50,,0.05,96.23303167420812,0.9142533936651582,0.0384615384615384,0.9117647058823528
LR,holdout,0,refitted,B_r50,50,,0.1,101.28959276018095,0.9167420814479637,0.0384615384615384,0.9117647058823528
LR,holdout,0,refitted,B_r50,50,,0.15,106.34615384615378,0.9192307692307691,0.0384615384615384,0.9117647058823528
LR,holdout,0,refitted,C_b01_r05,5,0.01,0.02,10.0,0.0,1.0,0.0
LR,holdout,0,refitted,C_b01_r05,5,0.01,0.05,25.0,0.0,1.0,0.0
LR,holdout,0,refitted,C_b01_r05,5,0.01,0.1,50.0,0.0,1.0,0.0
LR,holdout,0,refitted,C_b01_r05,5,0.01,0.15,75.0,0.0,1.0,0.0
LR,holdout,0,refitted,C_b01_r10,10,0.01,0.02,20.0,0.0,1.0,0.0
LR,holdout,0,refitted,C_b01_r10,10,0.01,0.05,50.0,0.0,1.0,0.0
LR,holdout,0,refitted,C_b01_r10,10,0.01,0.1,100.0,0.0,1.0,0.0
LR,holdout,0,refitted,C_b01_r10,10,0.01,0.15,150.0,0.0,1.0,0.0
LR,holdout,0,refitted,C_b01_r20,20,0.01,0.02,40.0,0.0,1.0,0.0
LR,holdout,0,refitted,C_b01_r20,20,0.01,0.05,100.0,0.0,1.0,0.0
LR,holdout,0,refitted,C_b01_r20,20,0.01,0.1,200.0,0.0,1.0,0.0
LR,holdout,0,refitted,C_b01_r20,20,0.01,0.15,300.0,0.0,1.0,0.0
LR,holdout,0,refitted,C_b01_r50,50,0.01,0.02,100.0,0.0,1.0,0.0
LR,holdout,0,refitted,C_b01_r50,50,0.01,0.05,250.0,0.0,1.0,0.0
LR,holdout,0,refitted,C_b01_r50,50,0.01,0.1,500.0,0.0,1.0,0.0
LR,holdout,0,refitted,C_b01_r50,50,0.01,0.15,750.0,0.0,1.0,0.0
LR,holdout,0,refitted,C_b05_r05,5,0.05,0.02,10.0,0.0,1.0,0.0
LR,holdout,0,refitted,C_b05_r05,5,0.05,0.05,25.0,0.0,1.0,0.0
LR,holdout,0,refitted,C_b05_r05,5,0.05,0.1,50.0,0.0,1.0,0.0
LR,holdout,0,refitted,C_b05_r05,5,0.05,0.15,75.0,0.0,1.0,0.0
LR,holdout,0,refitted,C_b05_r10,10,0.05,0.02,20.0,0.0,1.0,0.0
LR,holdout,0,refitted,C_b05_r10,10,0.05,0.05,50.0,0.0,1.0,0.0
LR,holdout,0,refitted,C_b05_r10,10,0.05,0.1,100.0,0.0,1.0,0.0
LR,holdout,0,refitted,C_b05_r10,10,0.05,0.15,150.0,0.0,1.0,0.0
LR,holdout,0,refitted,C_b05_r20,20,0.05,0.02,40.0,0.0,1.0,0.0
LR,holdout,0,refitted,C_b05_r20,20,0.05,0.05,100.0,0.0,1.0,0.0
LR,holdout,0,refitted,C_b05_r20,20,0.05,0.1,200.0,0.0,1.0,0.0
LR,holdout,0,refitted,C_b05_r20,20,0.05,0.15,300.0,0.0,1.0,0.0
LR,holdout,0,refitted,C_b05_r50,50,0.05,0.02,100.0,0.0,1.0,0.0
LR,holdout,0,refitted,C_b05_r50,50,0.05,0.05,250.0,0.0,1.0,0.0
LR,holdout,0,refitted,C_b05_r50,50,0.05,0.1,500.0,0.0,1.0,0.0
LR,holdout,0,refitted,C_b05_r50,50,0.05,0.15,750.0,0.0,1.0,0.0
LR,holdout,0,refitted,C_b10_r05,5,0.1,0.02,10.0,0.0,1.0,0.0
LR,holdout,0,refitted,C_b10_r05,5,0.1,0.05,25.0,0.0,1.0,0.0
LR,holdout,0,refitted,C_b10_r05,5,0.1,0.1,50.0,0.0,1.0,0.0
LR,holdout,0,refitted,C_b10_r05,5,0.1,0.15,75.0,0.0,1.0,0.0
LR,holdout,0,refitted,C_b10_r10,10,0.1,0.02,20.0,0.0,1.0,0.0
LR,holdout,0,refitted,C_b10_r10,10,0.1,0.05,50.0,0.0,1.0,0.0
LR,holdout,0,refitted,C_b10_r10,10,0.1,0.1,100.0,0.0,1.0,0.0
LR,holdout,0,refitted,C_b10_r10,10,0.1,0.15,150.0,0.0,1.0,0.0
LR,holdout,0,refitted,C_b10_r20,20,0.1,0.02,40.0,0.0,1.0,0.0
LR,holdout,0,refitted,C_b10_r20,20,0.1,0.05,100.0,0.0,1.0,0.0
LR,holdout,0,refitted,C_b10_r20,20,0.1,0.1,200.0,0.0,1.0,0.0
LR,holdout,0,refitted,C_b10_r20,20,0.1,0.15,300.0,0.0,1.0,0.0
LR,holdout,0,refitted,C_b10_r50,50,0.1,0.02,92.96277252159607,0.008089263677498943,0.9230769230769232,0.0066844919786096
LR,holdout,0,refitted,C_b10_r50,50,0.1,0.05,231.4042575071987,0.010196421225832959,0.9230769230769232,0.0066844919786096
LR,holdout,0,refitted,C_b10_r50,50,0.1,0.1,462.14006581653643,0.013708350473056317,0.9230769230769232,0.0066844919786096
LR,holdout,0,refitted,C_b10_r50,50,0.1,0.15,692.8758741258742,0.017220279720279674,0.9230769230769232,0.0066844919786096
LR,holdout,0,refitted,C_b20_r05,5,0.2,0.02,10.0,0.0,1.0,0.0
LR,holdout,0,refitted,C_b20_r05,5,0.2,0.05,25.0,0.0,1.0,0.0
LR,holdout,0,refitted,C_b20_r05,5,0.2,0.1,50.0,0.0,1.0,0.0
LR,holdout,0,refitted,C_b20_r05,5,0.2,0.15,75.0,0.0,1.0,0.0
LR,holdout,0,refitted,C_b20_r10,10,0.2,0.02,20.0,0.0,1.0,0.0
LR,holdout,0,refitted,C_b20_r10,10,0.2,0.05,50.0,0.0,1.0,0.0
LR,holdout,0,refitted,C_b20_r10,10,0.2,0.1,100.0,0.0,1.0,0.0
LR,holdout,0,refitted,C_b20_r10,10,0.2,0.15,150.0,0.0,1.0,0.0
LR,holdout,0,refitted,C_b20_r20,20,0.2,0.02,39.57712875359935,0.04423282599753188,0.8846153846153846,0.0427807486631016
LR,holdout,0,refitted,C_b20_r20,20,0.2,0.05,92.52570958453312,0.04641094199917729,0.8846153846153846,0.0427807486631016
LR,holdout,0,refitted,C_b20_r20,20,0.2,0.1,180.77334430275607,0.05004113533525298,0.8846153846153846,0.0427807486631016
LR,holdout,0,refitted,C_b20_r20,20,0.2,0.15,269.020979020979,0.05367132867132868,0.8846153846153846,0.0427807486631016
LR,holdout,0,refitted,C_b20_r50,50,0.2,0.02,92.6540518305224,0.04423282599753188,0.8846153846153846,0.0427807486631016
LR,holdout,0,refitted,C_b20_r50,50,0.2,0.05,225.2180172768408,0.04641094199917729,0.8846153846153846,0.0427807486631016
LR,holdout,0,refitted,C_b20_r50,50,0.2,0.1,446.15795968737143,0.05004113533525298,0.8846153846153846,0.0427807486631016
LR,holdout,0,refitted,C_b20_r50,50,0.2,0.15,667.0979020979021,0.05367132867132868,0.8846153846153846,0.0427807486631016
LR,holdout,0,refitted,TopK_b01,5,0.01,0.02,9.885849444672973,0.008089263677498943,0.9230769230769232,0.0066844919786096
LR,holdout,0,refitted,TopK_b01,5,0.01,0.05,23.711949814890993,0.010196421225832959,0.9230769230769232,0.0066844919786096
LR,holdout,0,refitted,TopK_b01,5,0.01,0.1,46.75545043192103,0.013708350473056317,0.9230769230769232,0.0066844919786096
LR,holdout,0,refitted,TopK_b01,5,0.01,0.15,69.79895104895105,0.017220279720279674,0.9230769230769232,0.0066844919786096
LR,holdout,0,refitted,TopK_b01,10,0.01,0.02,19.116618675442208,0.008089263677498943,0.9230769230769232,0.0066844919786096
LR,holdout,0,refitted,TopK_b01,10,0.01,0.05,46.78887289181407,0.010196421225832959,0.9230769230769232,0.0066844919786096
LR,holdout,0,refitted,TopK_b01,10,0.01,0.1,92.90929658576718,0.013708350473056317,0.9230769230769232,0.0066844919786096
LR,holdout,0,refitted,TopK_b01,10,0.01,0.15,139.0297202797203,0.017220279720279674,0.9230769230769232,0.0066844919786096
LR,holdout,0,refitted,TopK_b01,20,0.01,0.02,37.57815713698067,0.008089263677498943,0.9230769230769232,0.0066844919786096
LR,holdout,0,refitted,TopK_b01,20,0.01,0.05,92.94271904566024,0.010196421225832959,0.9230769230769232,0.0066844919786096
LR,holdout,0,refitted,TopK_b01,20,0.01,0.1,185.21698889345953,0.013708350473056317,0.9230769230769232,0.0066844919786096
LR,holdout,0,refitted,TopK_b01,20,0.01,0.15,277.4912587412588,0.017220279720279674,0.9230769230769232,0.0066844919786096
LR,holdout,0,refitted,TopK_b01,50,0.01,0.02,92.96277252159607,0.008089263677498943,0.9230769230769232,0.0066844919786096
LR,holdout,0,refitted,TopK_b01,50,0.01,0.05,231.4042575071987,0.010196421225832959,0.9230769230769232,0.0066844919786096
LR,holdout,0,refitted,TopK_b01,50,0.01,0.1,462.14006581653643,0.013708350473056317,0.9230769230769232,0.0066844919786096
LR,holdout,0,refitted,TopK_b01,50,0.01,0.15,692.8758741258742,0.017220279720279674,0.9230769230769232,0.0066844919786096
LR,holdout,0,refitted,TopK_b05,5,0.05,0.02,13.431715343480041,0.04816330728095426,0.8846153846153846,0.0467914438502673
LR,holdout,0,refitted,TopK_b05,5,0.05,0.05,26.560571781160007,0.05022110242698471,0.8846153846153846,0.0467914438502673
LR,holdout,0,refitted,TopK_b05,5,0.05,0.1,48.44199917729329,0.05365076100370211,0.8846153846153846,0.0467914438502673
LR,holdout,0,refitted,TopK_b05,5,0.05,0.15,70.32342657342656,0.057080419580419525,0.8846153846153846,0.0467914438502673
LR,holdout,0,refitted,TopK_b05,10,0.05,0.02,22.27786918963389,0.04816330728095426,0.8846153846153846,0.0467914438502673
LR,holdout,0,refitted,TopK_b05,10,0.05,0.05,48.67595639654462,0.05022110242698471,0.8846153846153846,0.0467914438502673
LR,holdout,0,refitted,TopK_b05,10,0.05,0.1,92.67276840806251,0.05365076100370211,0.8846153846153846,0.0467914438502673
LR,holdout,0,refitted,TopK_b05,10,0.05,0.15,136.66958041958043,0.057080419580419525,0.8846153846153846,0.0467914438502673
LR,holdout,0,refitted,TopK_b05,20,0.05,0.02,39.97017688194158,0.04816330728095426,0.8846153846153846,0.0467914438502673
LR,holdout,0,refitted,TopK_b05,20,0.05,0.05,92.90672562731386,0.05022110242698471,0.8846153846153846,0.0467914438502673
LR,holdout,0,refitted,TopK_b05,20,0.05,0.1,181.13430686960098,0.05365076100370211,0.8846153846153846,0.0467914438502673
LR,holdout,0,refitted,TopK_b05,20,0.05,0.15,269.3618881118881,0.057080419580419525,0.8846153846153846,0.0467914438502673
LR,holdout,0,refitted,TopK_b05,50,0.05,0.02,93.04709995886465,0.04816330728095426,0.8846153846153846,0.0467914438502673
LR,holdout,0,refitted,TopK_b05,50,0.05,0.05,225.59903331962155,0.05022110242698471,0.8846153846153846,0.0467914438502673
LR,holdout,0,refitted,TopK_b05,50,0.05,0.1,446.51892225421636,0.05365076100370211,0.8846153846153846,0.0467914438502673
LR,holdout,0,refitted,TopK_b05,50,0.05,0.15,667.4388111888112,0.057080419580419525,0.8846153846153846,0.0467914438502673
LR,holdout,0,refitted,TopK_b10,5,0.1,0.02,18.02570958453311,0.09871863430686956,0.8461538461538461,0.0975935828877005
LR,holdout,0,refitted,TopK_b10,5,0.1,0.05,30.425236528177702,0.10040621143562316,0.8461538461538461,0.0975935828877005
LR,holdout,0,refitted,TopK_b10,5,0.1,0.1,51.09111476758535,0.10321883998354583,0.8461538461538461,0.0975935828877005
LR,holdout,0,refitted,TopK_b10,5,0.1,0.15,71.756993006993,0.1060314685314685,0.8461538461538461,0.0975935828877005
LR,holdout,0,refitted,TopK_b10,10,0.1,0.02,26.48724804607157,0.09871863430686956,0.8461538461538461,0.0975935828877005
LR,holdout,0,refitted,TopK_b10,10,0.1,0.05,51.57908268202386,0.10040621143562316,0.8461538461538461,0.0975935828877005
LR,holdout,0,refitted,TopK_b10,10,0.1,0.1,93.39880707527766,0.10321883998354583,0.8461538461538461,0.0975935828877005
LR,holdout,0,refitted,TopK_b10,10,0.1,0.15,135.21853146853147,0.1060314685314685,0.8461538461538461,0.0975935828877005
LR,holdout,0,refitted,TopK_b10,20,0.1,0.02,43.4103249691485,0.09871863430686956,0.8461538461538461,0.0975935828877005
LR,holdout,0,refitted,TopK_b10,20,0.1,0.05,93.88677498971616,0.10040621143562316,0.8461538461538461,0.0975935828877005
LR,holdout,0,refitted,TopK_b10,20,0.1,0.1,178.01419169066227,0.10321883998354583,0.8461538461538461,0.0975935828877005
LR,holdout,0,refitted,TopK_b10,20,0.1,0.15,262.1416083916084,0.1060314685314685,0.8461538461538461,0.0975935828877005
LR,holdout,0,refitted,TopK_b10,50,0.1,0.02,94.17955573837926,0.09871863430686956,0.8461538461538461,0.0975935828877005
LR,holdout,0,refitted,TopK_b10,50,0.1,0.05,220.8098519127931,0.10040621143562316,0.8461538461538461,0.0975935828877005
LR,holdout,0,refitted,TopK_b10,50,0.1,0.1,431.8603455368161,0.10321883998354583,0.8461538461538461,0.0975935828877005
LR,holdout,0,refitted,TopK_b10,50,0.1,0.15,642.9108391608391,0.1060314685314685,0.8461538461538461,0.0975935828877005
LR,holdout,0,refitted,TopK_b20,5,0.2,0.02,28.113944878650756,0.199600987248046,0.8461538461538461,0.2005347593582887
LR,holdout,0,refitted,TopK_b20,5,0.2,0.05,40.20464829288358,0.19820032908268195,0.8461538461538461,0.2005347593582887
LR,holdout,0,refitted,TopK_b20,5,0.2,0.1,60.355820649938295,0.19586589880707522,0.8461538461538461,0.2005347593582887
LR,holdout,0,refitted,TopK_b20,5,0.2,0.15,80.506993006993,0.19353146853146846,0.8461538461538461,0.2005347593582887
LR,holdout,0,refitted,TopK_b20,10,0.2,0.02,36.575483340189216,0.199600987248046,0.8461538461538461,0.2005347593582887
LR,holdout,0,refitted,TopK_b20,10,0.2,0.05,61.358494446729736,0.19820032908268195,0.8461538461538461,0.2005347593582887
LR,holdout,0,refitted,TopK_b20,10,0.2,0.1,102.66351295763059,0.19586589880707522,0.8461538461538461,0.2005347593582887
LR,holdout,0,refitted,TopK_b20,10,0.2,0.15,143.96853146853147,0.19353146853146846,0.8461538461538461,0.2005347593582887
LR,holdout,0,refitted,TopK_b20,20,0.2,0.02,53.498560263266135,0.199600987248046,0.8461538461538461,0.2005347593582887
LR,holdout,0,refitted,TopK_b20,20,0.2,0.05,103.66618675442206,0.19820032908268195,0.8461538461538461,0.2005347593582887
LR,holdout,0,refitted,TopK_b20,20,0.2,0.1,187.2788975730152,0.19586589880707522,0.8461538461538461,0.2005347593582887
LR,holdout,0,refitted,TopK_b20,20,0.2,0.15,270.8916083916084,0.19353146853146846,0.8461538461538461,0.2005347593582887
LR,holdout,0,refitted,TopK_b20,50,0.2,0.02,104.2677910324969,0.199600987248046,0.8461538461538461,0.2005347593582887
LR,holdout,0,refitted,TopK_b20,50,0.2,0.05,230.58926367749896,0.19820032908268195,0.8461538461538461,0.2005347593582887
LR,holdout,0,refitted,TopK_b20,50,0.2,0.1,441.1250514191691,0.19586589880707522,0.8461538461538461,0.2005347593582887
LR,holdout,0,refitted,TopK_b20,50,0.2,0.15,651.660839160839,0.19353146853146846,0.8461538461538461,0.2005347593582887
CART,time,0,fixed,none,5,,0.02,10.0,0.0,1.0,0.0
CART,time,0,fixed,none,5,,0.05,25.0,0.0,1.0,0.0
CART,time,0,fixed,none,5,,0.1,50.0,0.0,1.0,0.0
CART,time,0,fixed,none,5,,0.15,75.0,0.0,1.0,0.0
CART,time,0,fixed,none,10,,0.02,20.0,0.0,1.0,0.0
CART,time,0,fixed,none,10,,0.05,50.0,0.0,1.0,0.0
CART,time,0,fixed,none,10,,0.1,100.0,0.0,1.0,0.0
CART,time,0,fixed,none,10,,0.15,150.0,0.0,1.0,0.0
CART,time,0,fixed,none,20,,0.02,40.0,0.0,1.0,0.0
CART,time,0,fixed,none,20,,0.05,100.0,0.0,1.0,0.0
CART,time,0,fixed,none,20,,0.1,200.0,0.0,1.0,0.0
CART,time,0,fixed,none,20,,0.15,300.0,0.0,1.0,0.0
CART,time,0,fixed,none,50,,0.02,100.0,0.0,1.0,0.0
CART,time,0,fixed,none,50,,0.05,250.0,0.0,1.0,0.0
CART,time,0,fixed,none,50,,0.1,500.0,0.0,1.0,0.0
CART,time,0,fixed,none,50,,0.15,750.0,0.0,1.0,0.0
CART,time,0,fixed,A_b01,5,0.01,0.02,10.204166666666664,0.002041666666666634,1.0,0.0020833333333333
CART,time,0,fixed,A_b01,5,0.01,0.05,25.197916666666664,0.0019791666666666347,1.0,0.0020833333333333
CART,time,0,fixed,A_b01,5,0.01,0.1,50.18749999999999,0.00187499999999997,1.0,0.0020833333333333
CART,time,0,fixed,A_b01,5,0.01,0.15,75.17708333333333,0.0017708333333333048,1.0,0.0020833333333333
CART,time,0,fixed,A_b01,10,0.01,0.02,20.204166666666666,0.002041666666666634,1.0,0.0020833333333333
CART,time,0,fixed,A_b01,10,0.01,0.05,50.197916666666664,0.0019791666666666347,1.0,0.0020833333333333
CART,time,0,fixed,A_b01,10,0.01,0.1,100.1875,0.00187499999999997,1.0,0.0020833333333333
CART,time,0,fixed,A_b01,10,0.01,0.15,150.17708333333331,0.0017708333333333048,1.0,0.0020833333333333
CART,time,0,fixed,A_b01,20,0.01,0.02,40.204166666666666,0.002041666666666634,1.0,0.0020833333333333
CART,time,0,fixed,A_b01,20,0.01,0.05,100.19791666666666,0.0019791666666666347,1.0,0.0020833333333333
CART,time,0,fixed,A_b01,20,0.01,0.1,200.1875,0.00187499999999997,1.0,0.0020833333333333
CART,time,0,fixed,A_b01,20,0.01,0.15,300.17708333333337,0.0017708333333333048,1.0,0.0020833333333333
CART,time,0,fixed,A_b01,50,0.01,0.02,100.20416666666667,0.002041666666666634,1.0,0.0020833333333333
CART,time,0,fixed,A_b01,50,0.01,0.05,250.19791666666666,0.0019791666666666347,1.0,0.0020833333333333
CART,time,0,fixed,A_b01,50,0.01,0.1,500.1875,0.00187499999999997,1.0,0.0020833333333333
CART,time,0,fixed,A_b01,50,0.01,0.15,750.1770833333334,0.0017708333333333048,1.0,0.0020833333333333
CART,time,0,fixed,A_b05,5,0.05,0.02,10.538888888888886,0.00872222222222219,0.9722222222222222,0.0083333333333333
CART,time,0,fixed,A_b05,5,0.05,0.05,25.09722222222222,0.009305555555555524,0.9722222222222222,0.0083333333333333
CART,time,0,fixed,A_b05,5,0.05,0.1,49.36111111111111,0.01027777777777775,0.9722222222222222,0.0083333333333333
CART,time,0,fixed,A_b05,5,0.05,0.15,73.625,0.011249999999999974,0.9722222222222222,0.0083333333333333
CART,time,0,fixed,A_b05,10,0.05,0.02,20.261111111111106,0.00872222222222219,0.9722222222222222,0.0083333333333333
CART,time,0,fixed,A_b05,10,0.05,0.05,49.40277777777777,0.009305555555555524,0.9722222222222222,0.0083333333333333
CART,time,0,fixed,A_b05,10,0.05,0.1,97.97222222222221,0.01027777777777775,0.9722222222222222,0.0083333333333333
CART,time,0,fixed,A_b05,10,0.05,0.15,146.54166666666666,0.011249999999999974,0.9722222222222222,0.0083333333333333
CART,time,0,fixed,A_b05,20,0.05,0.02,39.705555555555556,0.00872222222222219,0.9722222222222222,0.0083333333333333
CART,time,0,fixed,A_b05,20,0.05,0.05,98.01388888888889,0.009305555555555524,0.9722222222222222,0.0083333333333333
CART,time,0,fixed,A_b05,20,0.05,0.1,195.19444444444446,0.01027777777777775,0.9722222222222222,0.0083333333333333
CART,time,0,fixed,A_b05,20,0.05,0.15,292.37499999999994,0.011249999999999974,0.9722222222222222,0.0083333333333333
CART,time,0,fixed,A_b05,50,0.05,0.02,98.03888888888889,0.00872222222222219,0.9722222222222222,0.0083333333333333
CART,time,0,fixed,A_b05,50,0.05,0.05,243.8472222222222,0.009305555555555524,0.9722222222222222,0.0083333333333333
CART,time,0,fixed,A_b05,50,0.05,0.1,486.8611111111111,0.01027777777777775,0.9722222222222222,0.0083333333333333
CART,time,0,fixed,A_b05,50,0.05,0.15,729.875,0.011249999999999974,0.9722222222222222,0.0083333333333333
CART,time,0,fixed,A_b10,5,0.1,0.02,11.281944444444445,0.01948611111111111,0.9444444444444444,0.01875
CART,time,0,fixed,A_b10,5,0.1,0.05,25.39236111111111,0.020590277777777777,0.9444444444444444,0.01875
CART,time,0,fixed,A_b10,5,0.1,0.1,48.90972222222222,0.022430555555555558,0.9444444444444444,0.01875
CART,time,0,fixed,A_b10,5,0.1,0.15,72.42708333333333,0.02427083333333334,0.9444444444444444,0.01875
CART,time,0,fixed,A_b10,10,0.1,0.02,20.726388888888888,0.01948611111111111,0.9444444444444444,0.01875
CART,time,0,fixed,A_b10,10,0.1,0.05,49.00347222222222,0.020590277777777777,0.9444444444444444,0.01875
CART,time,0,fixed,A_b10,10,0.1,0.1,96.13194444444444,0.022430555555555558,0.9444444444444444,0.01875
CART,time,0,fixed,A_b10,10,0.1,0.15,143.26041666666666,0.02427083333333334,0.9444444444444444,0.01875
CART,time,0,fixed,A_b10,20,0.1,0.02,39.61527777777778,0.01948611111111111,0.9444444444444444,0.01875
CART,time,0,fixed,A_b10,20,0.1,0.05,96.22569444444444,0.020590277777777777,0.9444444444444444,0.01875
CART,time,0,fixed,A_b10,20,0.1,0.1,190.57638888888889,0.022430555555555558,0.9444444444444444,0.01875
CART,time,0,fixed,A_b10,20,0.1,0.15,284.9270833333333,0.02427083333333334,0.9444444444444444,0.01875
CART,time,0,fixed,A_b10,50,0.1,0.02,96.28194444444445,0.01948611111111111,0.9444444444444444,0.01875
CART,time,0,fixed,A_b10,50,0.1,0.05,237.8923611111111,0.020590277777777777,0.9444444444444444,0.01875
CART,time,0,fixed,A_b10,50,0.1,0.1,473.90972222222223,0.022430555555555558,0.9444444444444444,0.01875
CART,time,0,fixed,A_b10,50,0.1,0.15,709.9270833333333,0.02427083333333334,0.9444444444444444,0.01875
CART,time,0,fixed,A_b20,5,0.2,0.02,14.344444444444443,0.05011111111111111,0.9444444444444444,0.05
CART,time,0,fixed,A_b20,5,0.2,0.05,28.36111111111111,0.05027777777777778,0.9444444444444444,0.05
CART,time,0,fixed,A_b20,5,0.2,0.1,51.72222222222223,0.05055555555555556,0.9444444444444444,0.05
CART,time,0,fixed,A_b20,5,0.2,0.15,75.08333333333333,0.05083333333333334,0.9444444444444444,0.05
CART,time,0,fixed,A_b20,10,0.2,0.02,23.788888888888888,0.05011111111111111,0.9444444444444444,0.05
CART,time,0,fixed,A_b20,10,0.2,0.05,51.97222222222222,0.05027777777777778,0.9444444444444444,0.05
CART,time,0,fixed,A_b20,10,0.2,0.1,98.94444444444444,0.05055555555555556,0.9444444444444444,0.05
CART,time,0,fixed,A_b20,10,0.2,0.15,145.91666666666666,0.05083333333333334,0.9444444444444444,0.05
CART,time,0,fixed,A_b20,20,0.2,0.02,42.67777777777778,0.05011111111111111,0.9444444444444444,0.05
CART,time,0,fixed,A_b20,20,0.2,0.05,99.19444444444444,0.05027777777777778,0.9444444444444444,0.05
CART,time,0,fixed,A_b20,20,0.2,0.1,193.38888888888889,0.05055555555555556,0.9444444444444444,0.05
CART,time,0,fixed,A_b20,20,0.2,0.15,287.5833333333333,0.05083333333333334,0.9444444444444444,0.05
CART,time,0,fixed,A_b20,50,0.2,0.02,99.34444444444445,0.05011111111111111,0.9444444444444444,0.05
CART,time,0,fixed,A_b20,50,0.2,0.05,240.86111111111111,0.05027777777777778,0.9444444444444444,0.05
CART,time,0,fixed,A_b20,50,0.2,0.1,476.72222222222223,0.05055555555555556,0.9444444444444444,0.05
CART,time,0,fixed,A_b20,50,0.2,0.15,712.5833333333334,0.05083333333333334,0.9444444444444444,0.05
CART,time,0,fixed,B_r05,5,,0.02,33.08472222222222,0.3041805555555555,0.3888888888888889,0.2979166666666666
CART,time,0,fixed,B_r05,5,,0.05,38.02430555555555,0.31357638888888884,0.3888888888888889,0.2979166666666666
CART,time,0,fixed,B_r05,5,,0.1,46.256944444444436,0.32923611111111106,0.3888888888888889,0.2979166666666666
CART,time,0,fixed,B_r05,5,,0.15,54.489583333333336,0.3448958333333333,0.3888888888888889,0.2979166666666666
CART,time,0,fixed,B_r10,10,,0.02,98.0,1.0,0.0,1.0
CART,time,0,fixed,B_r10,10,,0.05,95.0,1.0,0.0,1.0
CART,time,0,fixed,B_r10,10,,0.1,90.0,1.0,0.0,1.0
CART,time,0,fixed,B_r10,10,,0.15,85.0,1.0,0.0,1.0
CART,time,0,fixed,B_r20,20,,0.02,98.0,1.0,0.0,1.0
CART,time,0,fixed,B_r20,20,,0.05,95.0,1.0,0.0,1.0
CART,time,0,fixed,B_r20,20,,0.1,90.0,1.0,0.0,1.0
CART,time,0,fixed,B_r20,20,,0.15,85.0,1.0,0.0,1.0
CART,time,0,fixed,B_r50,50,,0.02,98.0,1.0,0.0,1.0
CART,time,0,fixed,B_r50,50,,0.05,95.0,1.0,0.0,1.0
CART,time,0,fixed,B_r50,50,,0.1,90.0,1.0,0.0,1.0
CART,time,0,fixed,B_r50,50,,0.15,85.0,1.0,0.0,1.0
CART,time,0,fixed,C_b01_r05,5,0.01,0.02,10.0,0.0,1.0,0.0
CART,time,0,fixed,C_b01_r05,5,0.01,0.05,25.0,0.0,1.0,0.0
CART,time,0,fixed,C_b01_r05,5,0.01,0.1,50.0,0.0,1.0,0.0
CART,time,0,fixed,C_b01_r05,5,0.01,0.15,75.0,0.0,1.0,0.0
CART,time,0,fixed,C_b01_r10,10,0.01,0.02,20.0,0.0,1.0,0.0
CART,time,0,fixed,C_b01_r10,10,0.01,0.05,50.0,0.0,1.0,0.0
CART,time,0,fixed,C_b01_r10,10,0.01,0.1,100.0,0.0,1.0,0.0
CART,time,0,fixed,C_b01_r10,10,0.01,0.15,150.0,0.0,1.0,0.0
CART,time,0,fixed,C_b01_r20,20,0.01,0.02,40.0,0.0,1.0,0.0
CART,time,0,fixed,C_b01_r20,20,0.01,0.05,100.0,0.0,1.0,0.0
CART,time,0,fixed,C_b01_r20,20,0.01,0.1,200.0,0.0,1.0,0.0
CART,time,0,fixed,C_b01_r20,20,0.01,0.15,300.0,0.0,1.0,0.0
CART,time,0,fixed,C_b01_r50,50,0.01,0.02,100.0,0.0,1.0,0.0
CART,time,0,fixed,C_b01_r50,50,0.01,0.05,250.0,0.0,1.0,0.0
CART,time,0,fixed,C_b01_r50,50,0.01,0.1,500.0,0.0,1.0,0.0
CART,time,0,fixed,C_b01_r50,50,0.01,0.15,750.0,0.0,1.0,0.0
CART,time,0,fixed,C_b05_r05,5,0.05,0.02,10.204166666666664,0.002041666666666634,1.0,0.0020833333333333
CART,time,0,fixed,C_b05_r05,5,0.05,0.05,25.197916666666664,0.0019791666666666347,1.0,0.0020833333333333
CART,time,0,fixed,C_b05_r05,5,0.05,0.1,50.18749999999999,0.00187499999999997,1.0,0.0020833333333333
CART,time,0,fixed,C_b05_r05,5,0.05,0.15,75.17708333333333,0.0017708333333333048,1.0,0.0020833333333333
CART,time,0,fixed,C_b05_r10,10,0.05,0.02,20.204166666666666,0.002041666666666634,1.0,0.0020833333333333
CART,time,0,fixed,C_b05_r10,10,0.05,0.05,50.197916666666664,0.0019791666666666347,1.0,0.0020833333333333
CART,time,0,fixed,C_b05_r10,10,0.05,0.1,100.1875,0.00187499999999997,1.0,0.0020833333333333
CART,time,0,fixed,C_b05_r10,10,0.05,0.15,150.17708333333331,0.0017708333333333048,1.0,0.0020833333333333
CART,time,0,fixed,C_b05_r20,20,0.05,0.02,40.204166666666666,0.002041666666666634,1.0,0.0020833333333333
CART,time,0,fixed,C_b05_r20,20,0.05,0.05,100.19791666666666,0.0019791666666666347,1.0,0.0020833333333333
CART,time,0,fixed,C_b05_r20,20,0.05,0.1,200.1875,0.00187499999999997,1.0,0.0020833333333333
CART,time,0,fixed,C_b05_r20,20,0.05,0.15,300.17708333333337,0.0017708333333333048,1.0,0.0020833333333333
CART,time,0,fixed,C_b05_r50,50,0.05,0.02,100.20416666666667,0.002041666666666634,1.0,0.0020833333333333
CART,time,0,fixed,C_b05_r50,50,0.05,0.05,250.19791666666666,0.0019791666666666347,1.0,0.0020833333333333
CART,time,0,fixed,C_b05_r50,50,0.05,0.1,500.1875,0.00187499999999997,1.0,0.0020833333333333
CART,time,0,fixed,C_b05_r50,50,0.05,0.15,750.1770833333334,0.0017708333333333048,1.0,0.0020833333333333
CART,time,0,fixed,C_b10_r05,5,0.1,0.02,10.204166666666664,0.002041666666666634,1.0,0.0020833333333333
CART,time,0,fixed,C_b10_r05,5,0.1,0.05,25.197916666666664,0.0019791666666666347,1.0,0.0020833333333333
CART,time,0,fixed,C_b10_r05,5,0.1,0.1,50.18749999999999,0.00187499999999997,1.0,0.0020833333333333
CART,time,0,fixed,C_b10_r05,5,0.1,0.15,75.17708333333333,0.0017708333333333048,1.0,0.0020833333333333
CART,time,0,fixed,C_b10_r10,10,0.1,0.02,20.726388888888888,0.01948611111111111,0.9444444444444444,0.01875
CART,time,0,fixed,C_b10_r10,10,0.1,0.05,49.00347222222222,0.020590277777777777,0.9444444444444444,0.01875
CART,time,0,fixed,C_b10_r10,10,0.1,0.1,96.13194444444444,0.022430555555555558,0.9444444444444444,0.01875
CART,time,0,fixed,C_b10_r10,10,0.1,0.15,143.26041666666666,0.02427083333333334,0.9444444444444444,0.01875
CART,time,0,fixed,C_b10_r20,20,0.1,0.02,39.61527777777778,0.01948611111111111,0.9444444444444444,0.01875
CART,time,0,fixed,C_b10_r20,20,0.1,0.05,96.22569444444444,0.020590277777777777,0.9444444444444444,0.01875
CART,time,0,fixed,C_b10_r20,20,0.1,0.1,190.57638888888889,0.022430555555555558,0.9444444444444444,0.01875
CART,time,0,fixed,C_b10_r20,20,0.1,0.15,284.9270833333333,0.02427083333333334,0.9444444444444444,0.01875
CART,time,0,fixed,C_b10_r50,50,0.1,0.02,96.28194444444445,0.01948611111111111,0.9444444444444444,0.01875
CART,time,0,fixed,C_b10_r50,50,0.1,0.05,237.8923611111111,0.020590277777777777,0.9444444444444444,0.01875
CART,time,0,fixed,C_b10_r50,50,0.1,0.1,473.90972222222223,0.022430555555555558,0.9444444444444444,0.01875
CART,time,0,fixed,C_b10_r50,50,0.1,0.15,709.9270833333333,0.02427083333333334,0.9444444444444444,0.01875
CART,time,0,fixed,C_b20_r05,5,0.2,0.02,14.344444444444443,0.05011111111111111,0.9444444444444444,0.05
CART,time,0,fixed,C_b20_r05,5,0.2,0.05,28.36111111111111,0.05027777777777778,0.9444444444444444,0.05
CART,time,0,fixed,C_b20_r05,5,0.2,0.1,51.72222222222223,0.05055555555555556,0.9444444444444444,0.05
CART,time,0,fixed,C_b20_r05,5,0.2,0.15,75.08333333333333,0.05083333333333334,0.9444444444444444,0.05
CART,time,0,fixed,C_b20_r10,10,0.2,0.02,23.788888888888888,0.05011111111111111,0.9444444444444444,0.05
CART,time,0,fixed,C_b20_r10,10,0.2,0.05,51.97222222222222,0.05027777777777778,0.9444444444444444,0.05
CART,time,0,fixed,C_b20_r10,10,0.2,0.1,98.94444444444444,0.05055555555555556,0.9444444444444444,0.05
CART,time,0,fixed,C_b20_r10,10,0.2,0.15,145.91666666666666,0.05083333333333334,0.9444444444444444,0.05
CART,time,0,fixed,C_b20_r20,20,0.2,0.02,42.67777777777778,0.05011111111111111,0.9444444444444444,0.05
CART,time,0,fixed,C_b20_r20,20,0.2,0.05,99.19444444444444,0.05027777777777778,0.9444444444444444,0.05
CART,time,0,fixed,C_b20_r20,20,0.2,0.1,193.38888888888889,0.05055555555555556,0.9444444444444444,0.05
CART,time,0,fixed,C_b20_r20,20,0.2,0.15,287.5833333333333,0.05083333333333334,0.9444444444444444,0.05
CART,time,0,fixed,C_b20_r50,50,0.2,0.02,99.34444444444445,0.05011111111111111,0.9444444444444444,0.05
CART,time,0,fixed,C_b20_r50,50,0.2,0.05,240.86111111111111,0.05027777777777778,0.9444444444444444,0.05
CART,time,0,fixed,C_b20_r50,50,0.2,0.1,476.72222222222223,0.05055555555555556,0.9444444444444444,0.05
CART,time,0,fixed,C_b20_r50,50,0.2,0.15,712.5833333333334,0.05083333333333334,0.9444444444444444,0.05
CART,time,0,fixed,TopK_b01,5,0.01,0.02,10.538888888888886,0.00872222222222219,0.9722222222222222,0.0083333333333333
CART,time,0,fixed,TopK_b01,5,0.01,0.05,25.09722222222222,0.009305555555555524,0.9722222222222222,0.0083333333333333
CART,time,0,fixed,TopK_b01,5,0.01,0.1,49.36111111111111,0.01027777777777775,0.9722222222222222,0.0083333333333333
CART,time,0,fixed,TopK_b01,5,0.01,0.15,73.625,0.011249999999999974,0.9722222222222222,0.0083333333333333
CART,time,0,fixed,TopK_b01,10,0.01,0.02,20.261111111111106,0.00872222222222219,0.9722222222222222,0.0083333333333333
CART,time,0,fixed,TopK_b01,10,0.01,0.05,49.40277777777777,0.009305555555555524,0.9722222222222222,0.0083333333333333
CART,time,0,fixed,TopK_b01,10,0.01,0.1,97.97222222222221,0.01027777777777775,0.9722222222222222,0.0083333333333333
CART,time,0,fixed,TopK_b01,10,0.01,0.15,146.54166666666666,0.011249999999999974,0.9722222222222222,0.0083333333333333
CART,time,0,fixed,TopK_b01,20,0.01,0.02,39.705555555555556,0.00872222222222219,0.9722222222222222,0.0083333333333333
CART,time,0,fixed,TopK_b01,20,0.01,0.05,98.01388888888889,0.009305555555555524,0.9722222222222222,0.0083333333333333
CART,time,0,fixed,TopK_b01,20,0.01,0.1,195.19444444444446,0.01027777777777775,0.9722222222222222,0.0083333333333333
CART,time,0,fixed,TopK_b01,20,0.01,0.15,292.37499999999994,0.011249999999999974,0.9722222222222222,0.0083333333333333
CART,time,0,fixed,TopK_b01,50,0.01,0.02,98.03888888888889,0.00872222222222219,0.9722222222222222,0.0083333333333333
CART,time,0,fixed,TopK_b01,50,0.01,0.05,243.8472222222222,0.009305555555555524,0.9722222222222222,0.0083333333333333
CART,time,0,fixed,TopK_b01,50,0.01,0.1,486.8611111111111,0.01027777777777775,0.9722222222222222,0.0083333333333333
CART,time,0,fixed,TopK_b01,50,0.01,0.15,729.875,0.011249999999999974,0.9722222222222222,0.0083333333333333
CART,time,0,fixed,TopK_b05,5,0.05,0.02,14.14027777777777,0.04806944444444438,0.9444444444444444,0.0479166666666666
CART,time,0,fixed,TopK_b05,5,0.05,0.05,28.16319444444444,0.04829861111111105,0.9444444444444444,0.0479166666666666
CART,time,0,fixed,TopK_b05,5,0.05,0.1,51.534722222222214,0.0486805555555555,0.9444444444444444,0.0479166666666666
CART,time,0,fixed,TopK_b05,5,0.05,0.15,74.90624999999999,0.049062499999999946,0.9444444444444444,0.0479166666666666
CART,time,0,fixed,TopK_b05,10,0.05,0.02,23.584722222222215,0.04806944444444438,0.9444444444444444,0.0479166666666666
CART,time,0,fixed,TopK_b05,10,0.05,0.05,51.77430555555554,0.04829861111111105,0.9444444444444444,0.0479166666666666
CART,time,0,fixed,TopK_b05,10,0.05,0.1,98.75694444444444,0.0486805555555555,0.9444444444444444,0.0479166666666666
CART,time,0,fixed,TopK_b05,10,0.05,0.15,145.73958333333331,0.049062499999999946,0.9444444444444444,0.0479166666666666
CART,time,0,fixed,TopK_b05,20,0.05,0.02,42.473611111111104,0.04806944444444438,0.9444444444444444,0.0479166666666666
CART,time,0,fixed,TopK_b05,20,0.05,0.05,98.99652777777777,0.04829861111111105,0.9444444444444444,0.0479166666666666
CART,time,0,fixed,TopK_b05,20,0.05,0.1,193.20138888888886,0.0486805555555555,0.9444444444444444,0.0479166666666666
CART,time,0,fixed,TopK_b05,20,0.05,0.15,287.40624999999994,0.049062499999999946,0.9444444444444444,0.0479166666666666
CART,time,0,fixed,TopK_b05,50,0.05,0.02,99.14027777777777,0.04806944444444438,0.9444444444444444,0.0479166666666666
CART,time,0,fixed,TopK_b05,50,0.05,0.05,240.66319444444443,0.04829861111111105,0.9444444444444444,0.0479166666666666
CART,time,0,fixed,TopK_b05,50,0.05,0.1,476.53472222222223,0.0486805555555555,0.9444444444444444,0.0479166666666666
CART,time,0,fixed,TopK_b05,50,0.05,0.15,712.40625,0.049062499999999946,0.9444444444444444,0.0479166666666666
CART,time,0,fixed,TopK_b10,5,0.1,0.02,18.484722222222217,0.09818055555555548,0.8888888888888888,0.0979166666666666
CART,time,0,fixed,TopK_b10,5,0.1,0.05,31.52430555555555,0.09857638888888882,0.8888888888888888,0.0979166666666666
CART,time,0,fixed,TopK_b10,5,0.1,0.1,53.25694444444443,0.09923611111111105,0.8888888888888888,0.0979166666666666
CART,time,0,fixed,TopK_b10,5,0.1,0.15,74.98958333333331,0.09989583333333328,0.8888888888888888,0.0979166666666666
CART,time,0,fixed,TopK_b10,10,0.1,0.02,27.373611111111106,0.09818055555555548,0.8888888888888888,0.0979166666666666
CART,time,0,fixed,TopK_b10,10,0.1,0.05,53.746527777777764,0.09857638888888882,0.8888888888888888,0.0979166666666666
CART,time,0,fixed,TopK_b10,10,0.1,0.1,97.70138888888887,0.09923611111111105,0.8888888888888888,0.0979166666666666
CART,time,0,fixed,TopK_b10,10,0.1,0.15,141.65625,0.09989583333333328,0.8888888888888888,0.0979166666666666
CART,time,0,fixed,TopK_b10,20,0.1,0.02,45.15138888888888,0.09818055555555548,0.8888888888888888,0.0979166666666666
CART,time,0,fixed,TopK_b10,20,0.1,0.05,98.1909722222222,0.09857638888888882,0.8888888888888888,0.0979166666666666
CART,time,0,fixed,TopK_b10,20,0.1,0.1,186.59027777777777,0.09923611111111105,0.8888888888888888,0.0979166666666666
CART,time,0,fixed,TopK_b10,20,0.1,0.15,274.9895833333333,0.09989583333333328,0.8888888888888888,0.0979166666666666
CART,time,0,fixed,TopK_b10,50,0.1,0.02,98.4847222222222,0.09818055555555548,0.8888888888888888,0.0979166666666666
CART,time,0,fixed,TopK_b10,50,0.1,0.05,231.52430555555554,0.09857638888888882,0.8888888888888888,0.0979166666666666
CART,time,0,fixed,TopK_b10,50,0.1,0.1,453.25694444444446,0.09923611111111105,0.8888888888888888,0.0979166666666666
CART,time,0,fixed,TopK_b10,50,0.1,0.15,674.9895833333333,0.09989583333333328,0.8888888888888888,0.0979166666666666
CART,time,0,fixed,TopK_b20,5,0.2,0.02,26.20972222222222,0.19543055555555555,0.7222222222222222,0.19375
CART,time,0,fixed,TopK_b20,5,0.2,0.05,36.46180555555556,0.19795138888888889,0.7222222222222222,0.19375
CART,time,0,fixed,TopK_b20,5,0.2,0.1,53.548611111111114,0.2021527777777778,0.7222222222222222,0.19375
CART,time,0,fixed,TopK_b20,5,0.2,0.15,70.63541666666666,0.20635416666666664,0.7222222222222222,0.19375
CART,time,0,fixed,TopK_b20,10,0.2,0.02,33.43194444444445,0.19543055555555555,0.7222222222222222,0.19375
CART,time,0,fixed,TopK_b20,10,0.2,0.05,54.51736111111111,0.19795138888888889,0.7222222222222222,0.19375
CART,time,0,fixed,TopK_b20,10,0.2,0.1,89.65972222222223,0.2021527777777778,0.7222222222222222,0.19375
CART,time,0,fixed,TopK_b20,10,0.2,0.15,124.80208333333334,0.20635416666666664,0.7222222222222222,0.19375
CART,time,0,fixed,TopK_b20,20,0.2,0.02,47.87638888888889,0.19543055555555555,0.7222222222222222,0.19375
CART,time,0,fixed,TopK_b20,20,0.2,0.05,90.62847222222223,0.19795138888888889,0.7222222222222222,0.19375
CART,time,0,fixed,TopK_b20,20,0.2,0.1,161.88194444444443,0.2021527777777778,0.7222222222222222,0.19375
CART,time,0,fixed,TopK_b20,20,0.2,0.15,233.13541666666663,0.20635416666666664,0.7222222222222222,0.19375
CART,time,0,fixed,TopK_b20,50,0.2,0.02,91.20972222222223,0.19543055555555555,0.7222222222222222,0.19375
CART,time,0,fixed,TopK_b20,50,0.2,0.05,198.96180555555557,0.19795138888888889,0.7222222222222222,0.19375
CART,time,0,fixed,TopK_b20,50,0.2,0.1,378.5486111111111,0.2021527777777778,0.7222222222222222,0.19375
CART,time,0,fixed,TopK_b20,50,0.2,0.15,558.1354166666667,0.20635416666666664,0.7222222222222222,0.19375
CART,time,0,refitted,none,5,,0.02,10.0,0.0,1.0,0.0
CART,time,0,refitted,none,5,,0.05,25.0,0.0,1.0,0.0
CART,time,0,refitted,none,5,,0.1,50.0,0.0,1.0,0.0
CART,time,0,refitted,none,5,,0.15,75.0,0.0,1.0,0.0
CART,time,0,refitted,none,10,,0.02,20.0,0.0,1.0,0.0
CART,time,0,refitted,none,10,,0.05,50.0,0.0,1.0,0.0
CART,time,0,refitted,none,10,,0.1,100.0,0.0,1.0,0.0
CART,time,0,refitted,none,10,,0.15,150.0,0.0,1.0,0.0
CART,time,0,refitted,none,20,,0.02,40.0,0.0,1.0,0.0
CART,time,0,refitted,none,20,,0.05,100.0,0.0,1.0,0.0
CART,time,0,refitted,none,20,,0.1,200.0,0.0,1.0,0.0
CART,time,0,refitted,none,20,,0.15,300.0,0.0,1.0,0.0
CART,time,0,refitted,none,50,,0.02,100.0,0.0,1.0,0.0
CART,time,0,refitted,none,50,,0.05,250.0,0.0,1.0,0.0
CART,time,0,refitted,none,50,,0.1,500.0,0.0,1.0,0.0
CART,time,0,refitted,none,50,,0.15,750.0,0.0,1.0,0.0
CART,time,0,refitted,A_b01,5,0.01,0.02,10.204166666666664,0.002041666666666634,1.0,0.0020833333333333
CART,time,0,refitted,A_b01,5,0.01,0.05,25.197916666666664,0.0019791666666666347,1.0,0.0020833333333333
CART,time,0,refitted,A_b01,5,0.01,0.1,50.18749999999999,0.00187499999999997,1.0,0.0020833333333333
CART,time,0,refitted,A_b01,5,0.01,0.15,75.17708333333333,0.0017708333333333048,1.0,0.0020833333333333
CART,time,0,refitted,A_b01,10,0.01,0.02,20.204166666666666,0.002041666666666634,1.0,0.0020833333333333
CART,time,0,refitted,A_b01,10,0.01,0.05,50.197916666666664,0.0019791666666666347,1.0,0.0020833333333333
CART,time,0,refitted,A_b01,10,0.01,0.1,100.1875,0.00187499999999997,1.0,0.0020833333333333
CART,time,0,refitted,A_b01,10,0.01,0.15,150.17708333333331,0.0017708333333333048,1.0,0.0020833333333333
CART,time,0,refitted,A_b01,20,0.01,0.02,40.204166666666666,0.002041666666666634,1.0,0.0020833333333333
CART,time,0,refitted,A_b01,20,0.01,0.05,100.19791666666666,0.0019791666666666347,1.0,0.0020833333333333
CART,time,0,refitted,A_b01,20,0.01,0.1,200.1875,0.00187499999999997,1.0,0.0020833333333333
CART,time,0,refitted,A_b01,20,0.01,0.15,300.17708333333337,0.0017708333333333048,1.0,0.0020833333333333
CART,time,0,refitted,A_b01,50,0.01,0.02,100.20416666666667,0.002041666666666634,1.0,0.0020833333333333
CART,time,0,refitted,A_b01,50,0.01,0.05,250.19791666666666,0.0019791666666666347,1.0,0.0020833333333333
CART,time,0,refitted,A_b01,50,0.01,0.1,500.1875,0.00187499999999997,1.0,0.0020833333333333
CART,time,0,refitted,A_b01,50,0.01,0.15,750.1770833333334,0.0017708333333333048,1.0,0.0020833333333333
CART,time,0,refitted,A_b05,5,0.05,0.02,10.204166666666664,0.002041666666666634,1.0,0.0020833333333333
CART,time,0,refitted,A_b05,5,0.05,0.05,25.197916666666664,0.0019791666666666347,1.0,0.0020833333333333
CART,time,0,refitted,A_b05,5,0.05,0.1,50.18749999999999,0.00187499999999997,1.0,0.0020833333333333
CART,time,0,refitted,A_b05,5,0.05,0.15,75.17708333333333,0.0017708333333333048,1.0,0.0020833333333333
CART,time,0,refitted,A_b05,10,0.05,0.02,20.204166666666666,0.002041666666666634,1.0,0.0020833333333333
CART,time,0,refitted,A_b05,10,0.05,0.05,50.197916666666664,0.0019791666666666347,1.0,0.0020833333333333
CART,time,0,refitted,A_b05,10,0.05,0.1,100.1875,0.00187499999999997,1.0,0.0020833333333333
CART,time,0,refitted,A_b05,10,0.05,0.15,150.17708333333331,0.0017708333333333048,1.0,0.0020833333333333
CART,time,0,refitted,A_b05,20,0.05,0.02,40.204166666666666,0.002041666666666634,1.0,0.0020833333333333
CART,time,0,refitted,A_b05,20,0.05,0.05,100.19791666666666,0.0019791666666666347,1.0,0.0020833333333333
CART,time,0,refitted,A_b05,20,0.05,0.1,200.1875,0.00187499999999997,1.0,0.0020833333333333
CART,time,0,refitted,A_b05,20,0.05,0.15,300.17708333333337,0.0017708333333333048,1.0,0.0020833333333333
CART,time,0,refitted,A_b05,50,0.05,0.02,100.20416666666667,0.002041666666666634,1.0,0.0020833333333333
CART,time,0,refitted,A_b05,50,0.05,0.05,250.19791666666666,0.0019791666666666347,1.0,0.0020833333333333
CART,time,0,refitted,A_b05,50,0.05,0.1,500.1875,0.00187499999999997,1.0,0.0020833333333333
CART,time,0,refitted,A_b05,50,0.05,0.15,750.1770833333334,0.0017708333333333048,1.0,0.0020833333333333
CART,time,0,refitted,A_b10,5,0.1,0.02,10.408333333333328,0.004083333333333268,1.0,0.0041666666666666
CART,time,0,refitted,A_b10,5,0.1,0.05,25.39583333333333,0.0039583333333332695,1.0,0.0041666666666666
CART,time,0,refitted,A_b10,5,0.1,0.1,50.37499999999999,0.00374999999999994,1.0,0.0041666666666666
CART,time,0,refitted,A_b10,5,0.1,0.15,75.35416666666666,0.0035416666666666097,1.0,0.0041666666666666
CART,time,0,refitted,A_b10,10,0.1,0.02,20.408333333333328,0.004083333333333268,1.0,0.0041666666666666
CART,time,0,refitted,A_b10,10,0.1,0.05,50.39583333333333,0.0039583333333332695,1.0,0.0041666666666666
CART,time,0,refitted,A_b10,10,0.1,0.1,100.37499999999999,0.00374999999999994,1.0,0.0041666666666666
CART,time,0,refitted,A_b10,10,0.1,0.15,150.35416666666666,0.0035416666666666097,1.0,0.0041666666666666
CART,time,0,refitted,A_b10,20,0.1,0.02,40.40833333333333,0.004083333333333268,1.0,0.0041666666666666
CART,time,0,refitted,A_b10,20,0.1,0.05,100.39583333333333,0.0039583333333332695,1.0,0.0041666666666666
CART,time,0,refitted,A_b10,20,0.1,0.1,200.375,0.00374999999999994,1.0,0.0041666666666666
CART,time,0,refitted,A_b10,20,0.1,0.15,300.35416666666663,0.0035416666666666097,1.0,0.0041666666666666
CART,time,0,refitted,A_b10,50,0.1,0.02,100.40833333333332,0.004083333333333268,1.0,0.0041666666666666
CART,time,0,refitted,A_b10,50,0.1,0.05,250.39583333333331,0.0039583333333332695,1.0,0.0041666666666666
CART,time,0,refitted,A_b10,50,0.1,0.1,500.375,0.00374999999999994,1.0,0.0041666666666666
CART,time,0,refitted,A_b10,50,0.1,0.15,750.3541666666667,0.0035416666666666097,1.0,0.0041666666666666
CART,time,0,refitted,A_b20,5,0.2,0.02,10.816666666666663,0.008166666666666635,1.0,0.0083333333333333
CART,time,0,refitted,A_b20,5,0.2,0.05,25.791666666666664,0.007916666666666634,1.0,0.0083333333333333
CART,time,0,refitted,A_b20,5,0.2,0.1,50.74999999999999,0.00749999999999997,1.0,0.0083333333333333
CART,time,0,refitted,A_b20,5,0.2,0.15,75.70833333333333,0.007083333333333305,1.0,0.0083333333333333
CART,time,0,refitted,A_b20,10,0.2,0.02,20.816666666666663,0.008166666666666635,1.0,0.0083333333333333
CART,time,0,refitted,A_b20,10,0.2,0.05,50.79166666666667,0.007916666666666634,1.0,0.0083333333333333
CART,time,0,refitted,A_b20,10,0.2,0.1,100.75,0.00749999999999997,1.0,0.0083333333333333
CART,time,0,refitted,A_b20,10,0.2,0.15,150.70833333333334,0.007083333333333305,1.0,0.0083333333333333
CART,time,0,refitted,A_b20,20,0.2,0.02,40.81666666666667,0.008166666666666635,1.0,0.0083333333333333
CART,time,0,refitted,A_b20,20,0.2,0.05,100.79166666666666,0.007916666666666634,1.0,0.0083333333333333
CART,time,0,refitted,A_b20,20,0.2,0.1,200.74999999999997,0.00749999999999997,1.0,0.0083333333333333
CART,time,0,refitted,A_b20,20,0.2,0.15,300.7083333333333,0.007083333333333305,1.0,0.0083333333333333
CART,time,0,refitted,A_b20,50,0.2,0.02,100.81666666666666,0.008166666666666635,1.0,0.0083333333333333
CART,time,0,refitted,A_b20,50,0.2,0.05,250.79166666666666,0.007916666666666634,1.0,0.0083333333333333
CART,time,0,refitted,A_b20,50,0.2,0.1,500.75,0.00749999999999997,1.0,0.0083333333333333
CART,time,0,refitted,A_b20,50,0.2,0.15,750.7083333333333,0.007083333333333305,1.0,0.0083333333333333
CART,time,0,refitted,B_r05,5,,0.02,27.32777777777778,0.22994444444444445,0.5277777777777778,0.225
CART,time,0,refitted,B_r05,5,,0.05,34.56944444444444,0.2373611111111111,0.5277777777777778,0.225
CART,time,0,refitted,B_r05,5,,0.1,46.63888888888889,0.24972222222222223,0.5277777777777778,0.225
CART,time,0,refitted,B_r05,5,,0.15,58.70833333333334,0.26208333333333333,0.5277777777777778,0.225
CART,time,0,refitted,B_r10,10,,0.02,98.0,1.0,0.0,1.0
CART,time,0,refitted,B_r10,10,,0.05,95.0,1.0,0.0,1.0
CART,time,0,refitted,B_r10,10,,0.1,90.0,1.0,0.0,1.0
CART,time,0,refitted,B_r10,10,,0.15,85.0,1.0,0.0,1.0
CART,time,0,refitted,B_r20,20,,0.02,98.0,1.0,0.0,1.0
CART,time,0,refitted,B_r20,20,,0.05,95.0,1.0,0.0,1.0
CART,time,0,refitted,B_r20,20,,0.1,90.0,1.0,0.0,1.0
CART,time,0,refitted,B_r20,20,,0.15,85.0,1.0,0.0,1.0
CART,time,0,refitted,B_r50,50,,0.02,98.0,1.0,0.0,1.0
CART,time,0,refitted,B_r50,50,,0.05,95.0,1.0,0.0,1.0
CART,time,0,refitted,B_r50,50,,0.1,90.0,1.0,0.0,1.0
CART,time,0,refitted,B_r50,50,,0.15,85.0,1.0,0.0,1.0
CART,time,0,refitted,C_b01_r05,5,0.01,0.02,10.0,0.0,1.0,0.0
CART,time,0,refitted,C_b01_r05,5,0.01,0.05,25.0,0.0,1.0,0.0
CART,time,0,refitted,C_b01_r05,5,0.01,0.1,50.0,0.0,1.0,0.0
CART,time,0,refitted,C_b01_r05,5,0.01,0.15,75.0,0.0,1.0,0.0
CART,time,0,refitted,C_b01_r10,10,0.01,0.02,20.0,0.0,1.0,0.0
CART,time,0,refitted,C_b01_r10,10,0.01,0.05,50.0,0.0,1.0,0.0
CART,time,0,refitted,C_b01_r10,10,0.01,0.1,100.0,0.0,1.0,0.0
CART,time,0,refitted,C_b01_r10,10,0.01,0.15,150.0,0.0,1.0,0.0
CART,time,0,refitted,C_b01_r20,20,0.01,0.02,40.0,0.0,1.0,0.0
CART,time,0,refitted,C_b01_r20,20,0.01,0.05,100.0,0.0,1.0,0.0
CART,time,0,refitted,C_b01_r20,20,0.01,0.1,200.0,0.0,1.0,0.0
CART,time,0,refitted,C_b01_r20,20,0.01,0.15,300.0,0.0,1.0,0.0
CART,time,0,refitted,C_b01_r50,50,0.01,0.02,100.0,0.0,1.0,0.0
CART,time,0,refitted,C_b01_r50,50,0.01,0.05,250.0,0.0,1.0,0.0
CART,time,0,refitted,C_b01_r50,50,0.01,0.1,500.0,0.0,1.0,0.0
CART,time,0,refitted,C_b01_r50,50,0.01,0.15,750.0,0.0,1.0,0.0
CART,time,0,refitted,C_b05_r05,5,0.05,0.02,10.204166666666664,0.002041666666666634,1.0,0.0020833333333333
CART,time,0,refitted,C_b05_r05,5,0.05,0.05,25.197916666666664,0.0019791666666666347,1.0,0.0020833333333333
CART,time,0,refitted,C_b05_r05,5,0.05,0.1,50.18749999999999,0.00187499999999997,1.0,0.0020833333333333
CART,time,0,refitted,C_b05_r05,5,0.05,0.15,75.17708333333333,0.0017708333333333048,1.0,0.0020833333333333
CART,time,0,refitted,C_b05_r10,10,0.05,0.02,20.204166666666666,0.002041666666666634,1.0,0.0020833333333333
CART,time,0,refitted,C_b05_r10,10,0.05,0.05,50.197916666666664,0.0019791666666666347,1.0,0.0020833333333333
CART,time,0,refitted,C_b05_r10,10,0.05,0.1,100.1875,0.00187499999999997,1.0,0.0020833333333333
CART,time,0,refitted,C_b05_r10,10,0.05,0.15,150.17708333333331,0.0017708333333333048,1.0,0.0020833333333333
CART,time,0,refitted,C_b05_r20,20,0.05,0.02,40.204166666666666,0.002041666666666634,1.0,0.0020833333333333
CART,time,0,refitted,C_b05_r20,20,0.05,0.05,100.19791666666666,0.0019791666666666347,1.0,0.0020833333333333
CART,time,0,refitted,C_b05_r20,20,0.05,0.1,200.1875,0.00187499999999997,1.0,0.0020833333333333
CART,time,0,refitted,C_b05_r20,20,0.05,0.15,300.17708333333337,0.0017708333333333048,1.0,0.0020833333333333
CART,time,0,refitted,C_b05_r50,50,0.05,0.02,100.20416666666667,0.002041666666666634,1.0,0.0020833333333333
CART,time,0,refitted,C_b05_r50,50,0.05,0.05,250.19791666666666,0.0019791666666666347,1.0,0.0020833333333333
CART,time,0,refitted,C_b05_r50,50,0.05,0.1,500.1875,0.00187499999999997,1.0,0.0020833333333333
CART,time,0,refitted,C_b05_r50,50,0.05,0.15,750.1770833333334,0.0017708333333333048,1.0,0.0020833333333333
CART,time,0,refitted,C_b10_r05,5,0.1,0.02,10.204166666666664,0.002041666666666634,1.0,0.0020833333333333
CART,time,0,refitted,C_b10_r05,5,0.1,0.05,25.197916666666664,0.0019791666666666347,1.0,0.0020833333333333
CART,time,0,refitted,C_b10_r05,5,0.1,0.1,50.18749999999999,0.00187499999999997,1.0,0.0020833333333333
CART,time,0,refitted,C_b10_r05,5,0.1,0.15,75.17708333333333,0.0017708333333333048,1.0,0.0020833333333333
CART,time,0,refitted,C_b10_r10,10,0.1,0.02,20.204166666666666,0.002041666666666634,1.0,0.0020833333333333
CART,time,0,refitted,C_b10_r10,10,0.1,0.05,50.197916666666664,0.0019791666666666347,1.0,0.0020833333333333
CART,time,0,refitted,C_b10_r10,10,0.1,0.1,100.1875,0.00187499999999997,1.0,0.0020833333333333
CART,time,0,refitted,C_b10_r10,10,0.1,0.15,150.17708333333331,0.0017708333333333048,1.0,0.0020833333333333
CART,time,0,refitted,C_b10_r20,20,0.1,0.02,40.204166666666666,0.002041666666666634,1.0,0.0020833333333333
CART,time,0,refitted,C_b10_r20,20,0.1,0.05,100.19791666666666,0.0019791666666666347,1.0,0.0020833333333333
CART,time,0,refitted,C_b10_r20,20,0.1,0.1,200.1875,0.00187499999999997,1.0,0.0020833333333333
CART,time,0,refitted,C_b10_r20,20,0.1,0.15,300.17708333333337,0.0017708333333333048,1.0,0.0020833333333333
CART,time,0,refitted,C_b10_r50,50,0.1,0.02,100.20416666666667,0.002041666666666634,1.0,0.0020833333333333
CART,time,0,refitted,C_b10_r50,50,0.1,0.05,250.19791666666666,0.0019791666666666347,1.0,0.0020833333333333
CART,time,0,refitted,C_b10_r50,50,0.1,0.1,500.1875,0.00187499999999997,1.0,0.0020833333333333
CART,time,0,refitted,C_b10_r50,50,0.1,0.15,750.1770833333334,0.0017708333333333048,1.0,0.0020833333333333
CART,time,0,refitted,C_b20_r05,5,0.2,0.02,10.816666666666663,0.008166666666666635,1.0,0.0083333333333333
CART,time,0,refitted,C_b20_r05,5,0.2,0.05,25.791666666666664,0.007916666666666634,1.0,0.0083333333333333
CART,time,0,refitted,C_b20_r05,5,0.2,0.1,50.74999999999999,0.00749999999999997,1.0,0.0083333333333333
CART,time,0,refitted,C_b20_r05,5,0.2,0.15,75.70833333333333,0.007083333333333305,1.0,0.0083333333333333
CART,time,0,refitted,C_b20_r10,10,0.2,0.02,20.816666666666663,0.008166666666666635,1.0,0.0083333333333333
CART,time,0,refitted,C_b20_r10,10,0.2,0.05,50.79166666666667,0.007916666666666634,1.0,0.0083333333333333
CART,time,0,refitted,C_b20_r10,10,0.2,0.1,100.75,0.00749999999999997,1.0,0.0083333333333333
CART,time,0,refitted,C_b20_r10,10,0.2,0.15,150.70833333333334,0.007083333333333305,1.0,0.0083333333333333
CART,time,0,refitted,C_b20_r20,20,0.2,0.02,40.81666666666667,0.008166666666666635,1.0,0.0083333333333333
CART,time,0,refitted,C_b20_r20,20,0.2,0.05,100.79166666666666,0.007916666666666634,1.0,0.0083333333333333
CART,time,0,refitted,C_b20_r20,20,0.2,0.1,200.74999999999997,0.00749999999999997,1.0,0.0083333333333333
CART,time,0,refitted,C_b20_r20,20,0.2,0.15,300.7083333333333,0.007083333333333305,1.0,0.0083333333333333
CART,time,0,refitted,C_b20_r50,50,0.2,0.02,100.81666666666666,0.008166666666666635,1.0,0.0083333333333333
CART,time,0,refitted,C_b20_r50,50,0.2,0.05,250.79166666666666,0.007916666666666634,1.0,0.0083333333333333
CART,time,0,refitted,C_b20_r50,50,0.2,0.1,500.75,0.00749999999999997,1.0,0.0083333333333333
CART,time,0,refitted,C_b20_r50,50,0.2,0.15,750.7083333333333,0.007083333333333305,1.0,0.0083333333333333
CART,time,0,refitted,TopK_b01,5,0.01,0.02,11.020833333333327,0.010208333333333267,1.0,0.0104166666666666
CART,time,0,refitted,TopK_b01,5,0.01,0.05,25.98958333333333,0.00989583333333327,1.0,0.0104166666666666
CART,time,0,refitted,TopK_b01,5,0.01,0.1,50.93749999999999,0.00937499999999994,1.0,0.0104166666666666
CART,time,0,refitted,TopK_b01,5,0.01,0.15,75.88541666666666,0.00885416666666661,1.0,0.0104166666666666
CART,time,0,refitted,TopK_b01,10,0.01,0.02,21.02083333333333,0.010208333333333267,1.0,0.0104166666666666
CART,time,0,refitted,TopK_b01,10,0.01,0.05,50.98958333333332,0.00989583333333327,1.0,0.0104166666666666
CART,time,0,refitted,TopK_b01,10,0.01,0.1,100.93749999999999,0.00937499999999994,1.0,0.0104166666666666
CART,time,0,refitted,TopK_b01,10,0.01,0.15,150.88541666666666,0.00885416666666661,1.0,0.0104166666666666
CART,time,0,refitted,TopK_b01,20,0.01,0.02,41.02083333333333,0.010208333333333267,1.0,0.0104166666666666
CART,time,0,refitted,TopK_b01,20,0.01,0.05,100.98958333333331,0.00989583333333327,1.0,0.0104166666666666
CART,time,0,refitted,TopK_b01,20,0.01,0.1,200.9375,0.00937499999999994,1.0,0.0104166666666666
CART,time,0,refitted,TopK_b01,20,0.01,0.15,300.8854166666667,0.00885416666666661,1.0,0.0104166666666666
CART,time,0,refitted,TopK_b01,50,0.01,0.02,101.02083333333334,0.010208333333333267,1.0,0.0104166666666666
CART,time,0,refitted,TopK_b01,50,0.01,0.05,250.98958333333331,0.00989583333333327,1.0,0.0104166666666666
CART,time,0,refitted,TopK_b01,50,0.01,0.1,500.93750000000006,0.00937499999999994,1.0,0.0104166666666666
CART,time,0,refitted,TopK_b01,50,0.01,0.15,750.8854166666666,0.00885416666666661,1.0,0.0104166666666666
CART,time,0,refitted,TopK_b05,5,0.05,0.02,14.622222222222222,0.04955555555555556,0.9722222222222222,0.05
CART,time,0,refitted,TopK_b05,5,0.05,0.05,29.055555555555557,0.04888888888888889,0.9722222222222222,0.05
CART,time,0,refitted,TopK_b05,5,0.05,0.1,53.11111111111111,0.04777777777777779,0.9722222222222222,0.05
CART,time,0,refitted,TopK_b05,5,0.05,0.15,77.16666666666666,0.04666666666666667,0.9722222222222222,0.05
CART,time,0,refitted,TopK_b05,10,0.05,0.02,24.344444444444445,0.04955555555555556,0.9722222222222222,0.05
CART,time,0,refitted,TopK_b05,10,0.05,0.05,53.361111111111114,0.04888888888888889,0.9722222222222222,0.05
CART,time,0,refitted,TopK_b05,10,0.05,0.1,101.72222222222223,0.04777777777777779,0.9722222222222222,0.05
CART,time,0,refitted,TopK_b05,10,0.05,0.15,150.08333333333331,0.04666666666666667,0.9722222222222222,0.05
CART,time,0,refitted,TopK_b05,20,0.05,0.02,43.78888888888889,0.04955555555555556,0.9722222222222222,0.05
CART,time,0,refitted,TopK_b05,20,0.05,0.05,101.97222222222221,0.04888888888888889,0.9722222222222222,0.05
CART,time,0,refitted,TopK_b05,20,0.05,0.1,198.94444444444443,0.04777777777777779,0.9722222222222222,0.05
CART,time,0,refitted,TopK_b05,20,0.05,0.15,295.91666666666663,0.04666666666666667,0.9722222222222222,0.05
CART,time,0,refitted,TopK_b05,50,0.05,0.02,102.12222222222222,0.04955555555555556,0.9722222222222222,0.05
CART,time,0,refitted,TopK_b05,50,0.05,0.05,247.80555555555551,0.04888888888888889,0.9722222222222222,0.05
CART,time,0,refitted,TopK_b05,50,0.05,0.1,490.6111111111111,0.04777777777777779,0.9722222222222222,0.05
CART,time,0,refitted,TopK_b05,50,0.05,0.15,733.4166666666667,0.04666666666666667,0.9722222222222222,0.05
CART,time,0,refitted,TopK_b10,5,0.1,0.02,18.002777777777776,0.09669444444444442,0.8611111111111112,0.0958333333333333
CART,time,0,refitted,TopK_b10,5,0.1,0.05,30.631944444444443,0.09798611111111108,0.8611111111111112,0.0958333333333333
CART,time,0,refitted,TopK_b10,5,0.1,0.1,51.68055555555555,0.10013888888888885,0.8611111111111112,0.0958333333333333
CART,time,0,refitted,TopK_b10,5,0.1,0.15,72.72916666666667,0.10229166666666663,0.8611111111111112,0.0958333333333333
CART,time,0,refitted,TopK_b10,10,0.1,0.02,26.613888888888887,0.09669444444444442,0.8611111111111112,0.0958333333333333
CART,time,0,refitted,TopK_b10,10,0.1,0.05,52.15972222222223,0.09798611111111108,0.8611111111111112,0.0958333333333333
CART,time,0,refitted,TopK_b10,10,0.1,0.1,94.73611111111111,0.10013888888888885,0.8611111111111112,0.0958333333333333
CART,time,0,refitted,TopK_b10,10,0.1,0.15,137.3125,0.10229166666666663,0.8611111111111112,0.0958333333333333
CART,time,0,refitted,TopK_b10,20,0.1,0.02,43.836111111111116,0.09669444444444442,0.8611111111111112,0.0958333333333333
CART,time,0,refitted,TopK_b10,20,0.1,0.05,95.21527777777779,0.09798611111111108,0.8611111111111112,0.0958333333333333
CART,time,0,refitted,TopK_b10,20,0.1,0.1,180.84722222222223,0.10013888888888885,0.8611111111111112,0.0958333333333333
CART,time,0,refitted,TopK_b10,20,0.1,0.15,266.4791666666667,0.10229166666666663,0.8611111111111112,0.0958333333333333
CART,time,0,refitted,TopK_b10,50,0.1,0.02,95.50277777777778,0.09669444444444442,0.8611111111111112,0.0958333333333333
CART,time,0,refitted,TopK_b10,50,0.1,0.05,224.3819444444444,0.09798611111111108,0.8611111111111112,0.0958333333333333
CART,time,0,refitted,TopK_b10,50,0.1,0.1,439.1805555555555,0.10013888888888885,0.8611111111111112,0.0958333333333333
CART,time,0,refitted,TopK_b10,50,0.1,0.15,653.9791666666667,0.10229166666666663,0.8611111111111112,0.0958333333333333
CART,time,0,refitted,TopK_b20,5,0.2,0.02,24.76388888888889,0.1909722222222222,0.6388888888888888,0.1875
CART,time,0,refitted,TopK_b20,5,0.2,0.05,33.78472222222222,0.19618055555555552,0.6388888888888888,0.1875
CART,time,0,refitted,TopK_b20,5,0.2,0.1,48.81944444444444,0.20486111111111113,0.6388888888888888,0.1875
CART,time,0,refitted,TopK_b20,5,0.2,0.15,63.85416666666666,0.21354166666666666,0.6388888888888888,0.1875
CART,time,0,refitted,TopK_b20,10,0.2,0.02,31.152777777777775,0.1909722222222222,0.6388888888888888,0.1875
CART,time,0,refitted,TopK_b20,10,0.2,0.05,49.75694444444444,0.19618055555555552,0.6388888888888888,0.1875
CART,time,0,refitted,TopK_b20,10,0.2,0.1,80.76388888888889,0.20486111111111113,0.6388888888888888,0.1875
CART,time,0,refitted,TopK_b20,10,0.2,0.15,111.77083333333333,0.21354166666666666,0.6388888888888888,0.1875
CART,time,0,refitted,TopK_b20,20,0.2,0.02,43.93055555555555,0.1909722222222222,0.6388888888888888,0.1875
CART,time,0,refitted,TopK_b20,20,0.2,0.05,81.70138888888889,0.19618055555555552,0.6388888888888888,0.1875
CART,time,0,refitted,TopK_b20,20,0.2,0.1,144.65277777777777,0.20486111111111113,0.6388888888888888,0.1875
CART,time,0,refitted,TopK_b20,20,0.2,0.15,207.60416666666663,0.21354166666666666,0.6388888888888888,0.1875
CART,time,0,refitted,TopK_b20,50,0.2,0.02,82.26388888888889,0.1909722222222222,0.6388888888888888,0.1875
CART,time,0,refitted,TopK_b20,50,0.2,0.05,177.5347222222222,0.19618055555555552,0.6388888888888888,0.1875
CART,time,0,refitted,TopK_b20,50,0.2,0.1,336.31944444444446,0.20486111111111113,0.6388888888888888,0.1875
CART,time,0,refitted,TopK_b20,50,0.2,0.15,495.1041666666666,0.21354166666666666,0.6388888888888888,0.1875
CART,time,1,fixed,none,5,,0.02,10.0,0.0,1.0,0.0
CART,time,1,fixed,none,5,,0.05,25.0,0.0,1.0,0.0
CART,time,1,fixed,none,5,,0.1,50.0,0.0,1.0,0.0
CART,time,1,fixed,none,5,,0.15,75.0,0.0,1.0,0.0
CART,time,1,fixed,none,10,,0.02,20.0,0.0,1.0,0.0
CART,time,1,fixed,none,10,,0.05,50.0,0.0,1.0,0.0
CART,time,1,fixed,none,10,,0.1,100.0,0.0,1.0,0.0
CART,time,1,fixed,none,10,,0.15,150.0,0.0,1.0,0.0
CART,time,1,fixed,none,20,,0.02,40.0,0.0,1.0,0.0
CART,time,1,fixed,none,20,,0.05,100.0,0.0,1.0,0.0
CART,time,1,fixed,none,20,,0.1,200.0,0.0,1.0,0.0
CART,time,1,fixed,none,20,,0.15,300.0,0.0,1.0,0.0
CART,time,1,fixed,none,50,,0.02,100.0,0.0,1.0,0.0
CART,time,1,fixed,none,50,,0.05,250.0,0.0,1.0,0.0
CART,time,1,fixed,none,50,,0.1,500.0,0.0,1.0,0.0
CART,time,1,fixed,none,50,,0.15,750.0,0.0,1.0,0.0
CART,time,1,fixed,A_b01,5,0.01,0.02,10.970297029702971,0.009702970297029701,1.0,0.0099009900990099
CART,time,1,fixed,A_b01,5,0.01,0.05,25.940594059405942,0.009405940594059404,1.0,0.0099009900990099
CART,time,1,fixed,A_b01,5,0.01,0.1,50.89108910891089,0.00891089108910891,1.0,0.0099009900990099
CART,time,1,fixed,A_b01,5,0.01,0.15,75.84158415841584,0.008415841584158415,1.0,0.0099009900990099
CART,time,1,fixed,A_b01,10,0.01,0.02,20.970297029702973,0.009702970297029701,1.0,0.0099009900990099
CART,time,1,fixed,A_b01,10,0.01,0.05,50.94059405940594,0.009405940594059404,1.0,0.0099009900990099
CART,time,1,fixed,A_b01,10,0.01,0.1,100.89108910891089,0.00891089108910891,1.0,0.0099009900990099
CART,time,1,fixed,A_b01,10,0.01,0.15,150.84158415841586,0.008415841584158415,1.0,0.0099009900990099
CART,time,1,fixed,A_b01,20,0.01,0.02,40.97029702970298,0.009702970297029701,1.0,0.0099009900990099
CART,time,1,fixed,A_b01,20,0.01,0.05,100.94059405940594,0.009405940594059404,1.0,0.0099009900990099
CART,time,1,fixed,A_b01,20,0.01,0.1,200.8910891089109,0.00891089108910891,1.0,0.0099009900990099
CART,time,1,fixed,A_b01,20,0.01,0.15,300.8415841584158,0.008415841584158415,1.0,0.0099009900990099
CART,time,1,fixed,A_b01,50,0.01,0.02,100.97029702970298,0.009702970297029701,1.0,0.0099009900990099
CART,time,1,fixed,A_b01,50,0.01,0.05,250.94059405940592,0.009405940594059404,1.0,0.0099009900990099
CART,time,1,fixed,A_b01,50,0.01,0.1,500.8910891089108,0.00891089108910891,1.0,0.0099009900990099
CART,time,1,fixed,A_b01,50,0.01,0.15,750.8415841584158,0.008415841584158415,1.0,0.0099009900990099
CART,time,1,fixed,A_b05,5,0.05,0.02,17.762376237623762,0.07762376237623761,1.0,0.0792079207920792
CART,time,1,fixed,A_b05,5,0.05,0.05,32.52475247524752,0.07524752475247523,1.0,0.0792079207920792
CART,time,1,fixed,A_b05,5,0.05,0.1,57.12871287128712,0.07128712871287128,1.0,0.0792079207920792
CART,time,1,fixed,A_b05,5,0.05,0.15,81.73267326732673,0.06732673267326732,1.0,0.0792079207920792
CART,time,1,fixed,A_b05,10,0.05,0.02,27.762376237623766,0.07762376237623761,1.0,0.0792079207920792
CART,time,1,fixed,A_b05,10,0.05,0.05,57.52475247524752,0.07524752475247523,1.0,0.0792079207920792
CART,time,1,fixed,A_b05,10,0.05,0.1,107.12871287128714,0.07128712871287128,1.0,0.0792079207920792
CART,time,1,fixed,A_b05,10,0.05,0.15,156.73267326732673,0.06732673267326732,1.0,0.0792079207920792
CART,time,1,fixed,A_b05,20,0.05,0.02,47.76237623762376,0.07762376237623761,1.0,0.0792079207920792
CART,time,1,fixed,A_b05,20,0.05,0.05,107.52475247524754,0.07524752475247523,1.0,0.0792079207920792
CART,time,1,fixed,A_b05,20,0.05,0.1,207.12871287128712,0.07128712871287128,1.0,0.0792079207920792
CART,time,1,fixed,A_b05,20,0.05,0.15,306.73267326732673,0.06732673267326732,1.0,0.0792079207920792
CART,time,1,fixed,A_b05,50,0.05,0.02,107.76237623762377,0.07762376237623761,1.0,0.0792079207920792
CART,time,1,fixed,A_b05,50,0.05,0.05,257.5247524752475,0.07524752475247523,1.0,0.0792079207920792
CART,time,1,fixed,A_b05,50,0.05,0.1,507.1287128712871,0.07128712871287128,1.0,0.0792079207920792
CART,time,1,fixed,A_b05,50,0.05,0.15,756.7326732673267,0.06732673267326732,1.0,0.0792079207920792
CART,time,1,fixed,A_b10,5,0.1,0.02,26.241584158415844,0.1864158415841584,0.8,0.1861386138613861
CART,time,1,fixed,A_b10,5,0.1,0.05,37.68316831683168,0.1868316831683168,0.8,0.1861386138613861
CART,time,1,fixed,A_b10,5,0.1,0.1,56.75247524752476,0.1875247524752475,0.8,0.1861386138613861
CART,time,1,fixed,A_b10,5,0.1,0.15,75.82178217821782,0.1882178217821782,0.8,0.1861386138613861
CART,time,1,fixed,A_b10,10,0.1,0.02,34.24158415841584,0.1864158415841584,0.8,0.1861386138613861
CART,time,1,fixed,A_b10,10,0.1,0.05,57.683168316831676,0.1868316831683168,0.8,0.1861386138613861
CART,time,1,fixed,A_b10,10,0.1,0.1,96.75247524752476,0.1875247524752475,0.8,0.1861386138613861
CART,time,1,fixed,A_b10,10,0.1,0.15,135.82178217821783,0.1882178217821782,0.8,0.1861386138613861
CART,time,1,fixed,A_b10,20,0.1,0.02,50.24158415841584,0.1864158415841584,0.8,0.1861386138613861
CART,time,1,fixed,A_b10,20,0.1,0.05,97.68316831683168,0.1868316831683168,0.8,0.1861386138613861
CART,time,1,fixed,A_b10,20,0.1,0.1,176.75247524752476,0.1875247524752475,0.8,0.1861386138613861
CART,time,1,fixed,A_b10,20,0.1,0.15,255.82178217821786,0.1882178217821782,0.8,0.1861386138613861
CART,time,1,fixed,A_b10,50,0.1,0.02,98.24158415841583,0.1864158415841584,0.8,0.1861386138613861
CART,time,1,fixed,A_b10,50,0.1,0.05,217.6831683168317,0.1868316831683168,0.8,0.1861386138613861
CART,time,1,fixed,A_b10,50,0.1,0.1,416.7524752475248,0.1875247524752475,0.8,0.1861386138613861
CART,time,1,fixed,A_b10,50,0.1,0.15,615.8217821782177,0.1882178217821782,0.8,0.1861386138613861
CART,time,1,fixed,A_b20,5,0.2,0.02,46.88712871287129,0.4408712871287129,0.4,0.4376237623762376
CART,time,1,fixed,A_b20,5,0.2,0.05,51.57425742574257,0.4457425742574257,0.4,0.4376237623762376
CART,time,1,fixed,A_b20,5,0.2,0.1,59.38613861386139,0.4538613861386139,0.4,0.4376237623762376
CART,time,1,fixed,A_b20,5,0.2,0.15,67.19801980198021,0.46198019801980195,0.4,0.4376237623762376
CART,time,1,fixed,A_b20,10,0.2,0.02,50.88712871287129,0.4408712871287129,0.4,0.4376237623762376
CART,time,1,fixed,A_b20,10,0.2,0.05,61.57425742574257,0.4457425742574257,0.4,0.4376237623762376
CART,time,1,fixed,A_b20,10,0.2,0.1,79.38613861386139,0.4538613861386139,0.4,0.4376237623762376
CART,time,1,fixed,A_b20,10,0.2,0.15,97.19801980198021,0.46198019801980195,0.4,0.4376237623762376
CART,time,1,fixed,A_b20,20,0.2,0.02,58.887128712871295,0.4408712871287129,0.4,0.4376237623762376
CART,time,1,fixed,A_b20,20,0.2,0.05,81.57425742574259,0.4457425742574257,0.4,0.4376237623762376
CART,time,1,fixed,A_b20,20,0.2,0.1,119.3861386138614,0.4538613861386139,0.4,0.4376237623762376
CART,time,1,fixed,A_b20,20,0.2,0.15,157.19801980198022,0.46198019801980195,0.4,0.4376237623762376
CART,time,1,fixed,A_b20,50,0.2,0.02,82.88712871287129,0.4408712871287129,0.4,0.4376237623762376
CART,time,1,fixed,A_b20,50,0.2,0.05,141.57425742574256,0.4457425742574257,0.4,0.4376237623762376
CART,time,1,fixed,A_b20,50,0.2,0.1,239.38613861386136,0.4538613861386139,0.4,0.4376237623762376
CART,time,1,fixed,A_b20,50,0.2,0.15,337.1980198019802,0.46198019801980195,0.4,0.4376237623762376
CART,time,1,fixed,B_r05,5,,0.02,10.0,0.0,1.0,0.0
CART,time,1,fixed,B_r05,5,,0.05,25.0,0.0,1.0,0.0
CART,time,1,fixed,B_r05,5,,0.1,50.0,0.0,1.0,0.0
CART,time,1,fixed,B_r05,5,,0.15,75.0,0.0,1.0,0.0
CART,time,1,fixed,B_r10,10,,0.02,20.0,0.0,1.0,0.0
CART,time,1,fixed,B_r10,10,,0.05,50.0,0.0,1.0,0.0
CART,time,1,fixed,B_r10,10,,0.1,100.0,0.0,1.0,0.0
CART,time,1,fixed,B_r10,10,,0.15,150.0,0.0,1.0,0.0
CART,time,1,fixed,B_r20,20,,0.02,40.0,0.0,1.0,0.0
CART,time,1,fixed,B_r20,20,,0.05,100.0,0.0,1.0,0.0
CART,time,1,fixed,B_r20,20,,0.1,200.0,0.0,1.0,0.0
CART,time,1,fixed,B_r20,20,,0.15,300.0,0.0,1.0,0.0
CART,time,1,fixed,B_r50,50,,0.02,100.0,0.0,1.0,0.0
CART,time,1,fixed,B_r50,50,,0.05,250.0,0.0,1.0,0.0
CART,time,1,fixed,B_r50,50,,0.1,500.0,0.0,1.0,0.0
CART,time,1,fixed,B_r50,50,,0.15,750.0,0.0,1.0,0.0
CART,time,1,fixed,C_b01_r05,5,0.01,0.02,10.0,0.0,1.0,0.0
CART,time,1,fixed,C_b01_r05,5,0.01,0.05,25.0,0.0,1.0,0.0
CART,time,1,fixed,C_b01_r05,5,0.01,0.1,50.0,0.0,1.0,0.0
CART,time,1,fixed,C_b01_r05,5,0.01,0.15,75.0,0.0,1.0,0.0
CART,time,1,fixed,C_b01_r10,10,0.01,0.02,20.0,0.0,1.0,0.0
CART,time,1,fixed,C_b01_r10,10,0.01,0.05,50.0,0.0,1.0,0.0
CART,time,1,fixed,C_b01_r10,10,0.01,0.1,100.0,0.0,1.0,0.0
CART,time,1,fixed,C_b01_r10,10,0.01,0.15,150.0,0.0,1.0,0.0
CART,time,1,fixed,C_b01_r20,20,0.01,0.02,40.0,0.0,1.0,0.0
CART,time,1,fixed,C_b01_r20,20,0.01,0.05,100.0,0.0,1.0,0.0
CART,time,1,fixed,C_b01_r20,20,0.01,0.1,200.0,0.0,1.0,0.0
CART,time,1,fixed,C_b01_r20,20,0.01,0.15,300.0,0.0,1.0,0.0
CART,time,1,fixed,C_b01_r50,50,0.01,0.02,100.0,0.0,1.0,0.0
CART,time,1,fixed,C_b01_r50,50,0.01,0.05,250.0,0.0,1.0,0.0
CART,time,1,fixed,C_b01_r50,50,0.01,0.1,500.0,0.0,1.0,0.0
CART,time,1,fixed,C_b01_r50,50,0.01,0.15,750.0,0.0,1.0,0.0
CART,time,1,fixed,C_b05_r05,5,0.05,0.02,10.0,0.0,1.0,0.0
CART,time,1,fixed,C_b05_r05,5,0.05,0.05,25.0,0.0,1.0,0.0
CART,time,1,fixed,C_b05_r05,5,0.05,0.1,50.0,0.0,1.0,0.0
CART,time,1,fixed,C_b05_r05,5,0.05,0.15,75.0,0.0,1.0,0.0
CART,time,1,fixed,C_b05_r10,10,0.05,0.02,20.0,0.0,1.0,0.0
CART,time,1,fixed,C_b05_r10,10,0.05,0.05,50.0,0.0,1.0,0.0
CART,time,1,fixed,C_b05_r10,10,0.05,0.1,100.0,0.0,1.0,0.0
CART,time,1,fixed,C_b05_r10,10,0.05,0.15,150.0,0.0,1.0,0.0
CART,time,1,fixed,C_b05_r20,20,0.05,0.02,40.0,0.0,1.0,0.0
CART,time,1,fixed,C_b05_r20,20,0.05,0.05,100.0,0.0,1.0,0.0
CART,time,1,fixed,C_b05_r20,20,0.05,0.1,200.0,0.0,1.0,0.0
CART,time,1,fixed,C_b05_r20,20,0.05,0.15,300.0,0.0,1.0,0.0
CART,time,1,fixed,C_b05_r50,50,0.05,0.02,100.0,0.0,1.0,0.0
CART,time,1,fixed,C_b05_r50,50,0.05,0.05,250.0,0.0,1.0,0.0
CART,time,1,fixed,C_b05_r50,50,0.05,0.1,500.0,0.0,1.0,0.0
CART,time,1,fixed,C_b05_r50,50,0.05,0.15,750.0,0.0,1.0,0.0
CART,time,1,fixed,C_b10_r05,5,0.1,0.02,10.0,0.0,1.0,0.0
CART,time,1,fixed,C_b10_r05,5,0.1,0.05,25.0,0.0,1.0,0.0
CART,time,1,fixed,C_b10_r05,5,0.1,0.1,50.0,0.0,1.0,0.0
CART,time,1,fixed,C_b10_r05,5,0.1,0.15,75.0,0.0,1.0,0.0
CART,time,1,fixed,C_b10_r10,10,0.1,0.02,20.0,0.0,1.0,0.0
CART,time,1,fixed,C_b10_r10,10,0.1,0.05,50.0,0.0,1.0,0.0
CART,time,1,fixed,C_b10_r10,10,0.1,0.1,100.0,0.0,1.0,0.0
CART,time,1,fixed,C_b10_r10,10,0.1,0.15,150.0,0.0,1.0,0.0
CART,time,1,fixed,C_b10_r20,20,0.1,0.02,40.0,0.0,1.0,0.0
CART,time,1,fixed,C_b10_r20,20,0.1,0.05,100.0,0.0,1.0,0.0
CART,time,1,fixed,C_b10_r20,20,0.1,0.1,200.0,0.0,1.0,0.0
CART,time,1,fixed,C_b10_r20,20,0.1,0.15,300.0,0.0,1.0,0.0
CART,time,1,fixed,C_b10_r50,50,0.1,0.02,100.0,0.0,1.0,0.0
CART,time,1,fixed,C_b10_r50,50,0.1,0.05,250.0,0.0,1.0,0.0
CART,time,1,fixed,C_b10_r50,50,0.1,0.1,500.0,0.0,1.0,0.0
CART,time,1,fixed,C_b10_r50,50,0.1,0.15,750.0,0.0,1.0,0.0
CART,time,1,fixed,C_b20_r05,5,0.2,0.02,10.0,0.0,1.0,0.0
CART,time,1,fixed,C_b20_r05,5,0.2,0.05,25.0,0.0,1.0,0.0
CART,time,1,fixed,C_b20_r05,5,0.2,0.1,50.0,0.0,1.0,0.0
CART,time,1,fixed,C_b20_r05,5,0.2,0.15,75.0,0.0,1.0,0.0
CART,time,1,fixed,C_b20_r10,10,0.2,0.02,20.0,0.0,1.0,0.0
CART,time,1,fixed,C_b20_r10,10,0.2,0.05,50.0,0.0,1.0,0.0
CART,time,1,fixed,C_b20_r10,10,0.2,0.1,100.0,0.0,1.0,0.0
CART,time,1,fixed,C_b20_r10,10,0.2,0.15,150.0,0.0,1.0,0.0
CART,time,1,fixed,C_b20_r20,20,0.2,0.02,40.0,0.0,1.0,0.0
CART,time,1,fixed,C_b20_r20,20,0.2,0.05,100.0,0.0,1.0,0.0
CART,time,1,fixed,C_b20_r20,20,0.2,0.1,200.0,0.0,1.0,0.0
CART,time,1,fixed,C_b20_r20,20,0.2,0.15,300.0,0.0,1.0,0.0
CART,time,1,fixed,C_b20_r50,50,0.2,0.02,100.0,0.0,1.0,0.0
CART,time,1,fixed,C_b20_r50,50,0.2,0.05,250.0,0.0,1.0,0.0
CART,time,1,fixed,C_b20_r50,50,0.2,0.1,500.0,0.0,1.0,0.0
CART,time,1,fixed,C_b20_r50,50,0.2,0.15,750.0,0.0,1.0,0.0
CART,time,1,fixed,TopK_b01,5,0.01,0.02,10.970297029702971,0.009702970297029701,1.0,0.0099009900990099
CART,time,1,fixed,TopK_b01,5,0.01,0.05,25.940594059405942,0.009405940594059404,1.0,0.0099009900990099
CART,time,1,fixed,TopK_b01,5,0.01,0.1,50.89108910891089,0.00891089108910891,1.0,0.0099009900990099
CART,time,1,fixed,TopK_b01,5,0.01,0.15,75.84158415841584,0.008415841584158415,1.0,0.0099009900990099
CART,time,1,fixed,TopK_b01,10,0.01,0.02,20.970297029702973,0.009702970297029701,1.0,0.0099009900990099
CART,time,1,fixed,TopK_b01,10,0.01,0.05,50.94059405940594,0.009405940594059404,1.0,0.0099009900990099
CART,time,1,fixed,TopK_b01,10,0.01,0.1,100.89108910891089,0.00891089108910891,1.0,0.0099009900990099
CART,time,1,fixed,TopK_b01,10,0.01,0.15,150.84158415841586,0.008415841584158415,1.0,0.0099009900990099
CART,time,1,fixed,TopK_b01,20,0.01,0.02,40.97029702970298,0.009702970297029701,1.0,0.0099009900990099
CART,time,1,fixed,TopK_b01,20,0.01,0.05,100.94059405940594,0.009405940594059404,1.0,0.0099009900990099
CART,time,1,fixed,TopK_b01,20,0.01,0.1,200.8910891089109,0.00891089108910891,1.0,0.0099009900990099
CART,time,1,fixed,TopK_b01,20,0.01,0.15,300.8415841584158,0.008415841584158415,1.0,0.0099009900990099
CART,time,1,fixed,TopK_b01,50,0.01,0.02,100.97029702970298,0.009702970297029701,1.0,0.0099009900990099
CART,time,1,fixed,TopK_b01,50,0.01,0.05,250.94059405940592,0.009405940594059404,1.0,0.0099009900990099
CART,time,1,fixed,TopK_b01,50,0.01,0.1,500.8910891089108,0.00891089108910891,1.0,0.0099009900990099
CART,time,1,fixed,TopK_b01,50,0.01,0.15,750.8415841584158,0.008415841584158415,1.0,0.0099009900990099
CART,time,1,fixed,TopK_b05,5,0.05,0.02,14.85148514851485,0.04851485148514851,1.0,0.0495049504950495
CART,time,1,fixed,TopK_b05,5,0.05,0.05,29.7029702970297,0.04702970297029702,1.0,0.0495049504950495
CART,time,1,fixed,TopK_b05,5,0.05,0.1,54.45544554455446,0.04455445544554455,1.0,0.0495049504950495
CART,time,1,fixed,TopK_b05,5,0.05,0.15,79.20792079207921,0.042079207920792075,1.0,0.0495049504950495
CART,time,1,fixed,TopK_b05,10,0.05,0.02,24.85148514851485,0.04851485148514851,1.0,0.0495049504950495
CART,time,1,fixed,TopK_b05,10,0.05,0.05,54.70297029702971,0.04702970297029702,1.0,0.0495049504950495
CART,time,1,fixed,TopK_b05,10,0.05,0.1,104.45544554455446,0.04455445544554455,1.0,0.0495049504950495
CART,time,1,fixed,TopK_b05,10,0.05,0.15,154.20792079207922,0.042079207920792075,1.0,0.0495049504950495
CART,time,1,fixed,TopK_b05,20,0.05,0.02,44.851485148514854,0.04851485148514851,1.0,0.0495049504950495
CART,time,1,fixed,TopK_b05,20,0.05,0.05,104.70297029702971,0.04702970297029702,1.0,0.0495049504950495
CART,time,1,fixed,TopK_b05,20,0.05,0.1,204.45544554455446,0.04455445544554455,1.0,0.0495049504950495
CART,time,1,fixed,TopK_b05,20,0.05,0.15,304.20792079207916,0.042079207920792075,1.0,0.0495049504950495
CART,time,1,fixed,TopK_b05,50,0.05,0.02,104.85148514851485,0.04851485148514851,1.0,0.0495049504950495
CART,time,1,fixed,TopK_b05,50,0.05,0.05,254.70297029702968,0.04702970297029702,1.0,0.0495049504950495
CART,time,1,fixed,TopK_b05,50,0.05,0.1,504.45544554455444,0.04455445544554455,1.0,0.0495049504950495
CART,time,1,fixed,TopK_b05,50,0.05,0.15,754.2079207920792,0.042079207920792075,1.0,0.0495049504950495
CART,time,1,fixed,TopK_b10,5,0.1,0.02,19.897029702970297,0.09897029702970297,1.0,0.100990099009901
CART,time,1,fixed,TopK_b10,5,0.1,0.05,34.59405940594059,0.09594059405940594,1.0,0.100990099009901
CART,time,1,fixed,TopK_b10,5,0.1,0.1,59.089108910891085,0.0908910891089109,1.0,0.100990099009901
CART,time,1,fixed,TopK_b10,5,0.1,0.15,83.58415841584159,0.08584158415841585,1.0,0.100990099009901
CART,time,1,fixed,TopK_b10,10,0.1,0.02,29.8970297029703,0.09897029702970297,1.0,0.100990099009901
CART,time,1,fixed,TopK_b10,10,0.1,0.05,59.59405940594059,0.09594059405940594,1.0,0.100990099009901
CART,time,1,fixed,TopK_b10,10,0.1,0.1,109.0891089108911,0.0908910891089109,1.0,0.100990099009901
CART,time,1,fixed,TopK_b10,10,0.1,0.15,158.58415841584159,0.08584158415841585,1.0,0.100990099009901
CART,time,1,fixed,TopK_b10,20,0.1,0.02,49.8970297029703,0.09897029702970297,1.0,0.100990099009901
CART,time,1,fixed,TopK_b10,20,0.1,0.05,109.5940594059406,0.09594059405940594,1.0,0.100990099009901
CART,time,1,fixed,TopK_b10,20,0.1,0.1,209.0891089108911,0.0908910891089109,1.0,0.100990099009901
CART,time,1,fixed,TopK_b10,20,0.1,0.15,308.58415841584156,0.08584158415841585,1.0,0.100990099009901
CART,time,1,fixed,TopK_b10,50,0.1,0.02,109.8970297029703,0.09897029702970297,1.0,0.100990099009901
CART,time,1,fixed,TopK_b10,50,0.1,0.05,259.5940594059406,0.09594059405940594,1.0,0.100990099009901
CART,time,1,fixed,TopK_b10,50,0.1,0.1,509.08910891089107,0.0908910891089109,1.0,0.100990099009901
CART,time,1,fixed,TopK_b10,50,0.1,0.15,758.5841584158416,0.08584158415841585,1.0,0.100990099009901
CART,time,1,fixed,TopK_b20,5,0.2,0.02,27.6,0.2,0.8,0.2
CART,time,1,fixed,TopK_b20,5,0.2,0.05,39.0,0.2,0.8,0.2
CART,time,1,fixed,TopK_b20,5,0.2,0.1,58.00000000000001,0.2,0.8,0.2
CART,time,1,fixed,TopK_b20,5,0.2,0.15,77.00000000000001,0.2,0.8,0.2
CART,time,1,fixed,TopK_b20,10,0.2,0.02,35.6,0.2,0.8,0.2
CART,time,1,fixed,TopK_b20,10,0.2,0.05,59.00000000000001,0.2,0.8,0.2
CART,time,1,fixed,TopK_b20,10,0.2,0.1,98.00000000000001,0.2,0.8,0.2
CART,time,1,fixed,TopK_b20,10,0.2,0.15,137.0,0.2,0.8,0.2
CART,time,1,fixed,TopK_b20,20,0.2,0.02,51.6,0.2,0.8,0.2
CART,time,1,fixed,TopK_b20,20,0.2,0.05,99.0,0.2,0.8,0.2
CART,time,1,fixed,TopK_b20,20,0.2,0.1,178.0,0.2,0.8,0.2
CART,time,1,fixed,TopK_b20,20,0.2,0.15,257.0,0.2,0.8,0.2
CART,time,1,fixed,TopK_b20,50,0.2,0.02,99.6,0.2,0.8,0.2
CART,time,1,fixed,TopK_b20,50,0.2,0.05,219.0,0.2,0.8,0.2
CART,time,1,fixed,TopK_b20,50,0.2,0.1,418.0,0.2,0.8,0.2
CART,time,1,fixed,TopK_b20,50,0.2,0.15,617.0,0.2,0.8,0.2
CART,time,1,refitted,none,5,,0.02,10.0,0.0,1.0,0.0
CART,time,1,refitted,none,5,,0.05,25.0,0.0,1.0,0.0
CART,time,1,refitted,none,5,,0.1,50.0,0.0,1.0,0.0
CART,time,1,refitted,none,5,,0.15,75.0,0.0,1.0,0.0
CART,time,1,refitted,none,10,,0.02,20.0,0.0,1.0,0.0
CART,time,1,refitted,none,10,,0.05,50.0,0.0,1.0,0.0
CART,time,1,refitted,none,10,,0.1,100.0,0.0,1.0,0.0
CART,time,1,refitted,none,10,,0.15,150.0,0.0,1.0,0.0
CART,time,1,refitted,none,20,,0.02,40.0,0.0,1.0,0.0
CART,time,1,refitted,none,20,,0.05,100.0,0.0,1.0,0.0
CART,time,1,refitted,none,20,,0.1,200.0,0.0,1.0,0.0
CART,time,1,refitted,none,20,,0.15,300.0,0.0,1.0,0.0
CART,time,1,refitted,none,50,,0.02,100.0,0.0,1.0,0.0
CART,time,1,refitted,none,50,,0.05,250.0,0.0,1.0,0.0
CART,time,1,refitted,none,50,,0.1,500.0,0.0,1.0,0.0
CART,time,1,refitted,none,50,,0.15,750.0,0.0,1.0,0.0
CART,time,1,refitted,A_b01,5,0.01,0.02,10.970297029702971,0.009702970297029701,1.0,0.0099009900990099
CART,time,1,refitted,A_b01,5,0.01,0.05,25.940594059405942,0.009405940594059404,1.0,0.0099009900990099
CART,time,1,refitted,A_b01,5,0.01,0.1,50.89108910891089,0.00891089108910891,1.0,0.0099009900990099
CART,time,1,refitted,A_b01,5,0.01,0.15,75.84158415841584,0.008415841584158415,1.0,0.0099009900990099
CART,time,1,refitted,A_b01,10,0.01,0.02,20.970297029702973,0.009702970297029701,1.0,0.0099009900990099
CART,time,1,refitted,A_b01,10,0.01,0.05,50.94059405940594,0.009405940594059404,1.0,0.0099009900990099
CART,time,1,refitted,A_b01,10,0.01,0.1,100.89108910891089,0.00891089108910891,1.0,0.0099009900990099
CART,time,1,refitted,A_b01,10,0.01,0.15,150.84158415841586,0.008415841584158415,1.0,0.0099009900990099
CART,time,1,refitted,A_b01,20,0.01,0.02,40.97029702970298,0.009702970297029701,1.0,0.0099009900990099
CART,time,1,refitted,A_b01,20,0.01,0.05,100.94059405940594,0.009405940594059404,1.0,0.0099009900990099
CART,time,1,refitted,A_b01,20,0.01,0.1,200.8910891089109,0.00891089108910891,1.0,0.0099009900990099
CART,time,1,refitted,A_b01,20,0.01,0.15,300.8415841584158,0.008415841584158415,1.0,0.0099009900990099
CART,time,1,refitted,A_b01,50,0.01,0.02,100.97029702970298,0.009702970297029701,1.0,0.0099009900990099
CART,time,1,refitted,A_b01,50,0.01,0.05,250.94059405940592,0.009405940594059404,1.0,0.0099009900990099
CART,time,1,refitted,A_b01,50,0.01,0.1,500.8910891089108,0.00891089108910891,1.0,0.0099009900990099
CART,time,1,refitted,A_b01,50,0.01,0.15,750.8415841584158,0.008415841584158415,1.0,0.0099009900990099
CART,time,1,refitted,A_b05,5,0.05,0.02,15.627722772277226,0.05627722772277225,1.0,0.0574257425742574
CART,time,1,refitted,A_b05,5,0.05,0.05,30.455445544554454,0.05455445544554453,1.0,0.0574257425742574
CART,time,1,refitted,A_b05,5,0.05,0.1,55.168316831683164,0.05168316831683166,1.0,0.0574257425742574
CART,time,1,refitted,A_b05,5,0.05,0.15,79.88118811881188,0.048811881188118786,1.0,0.0574257425742574
CART,time,1,refitted,A_b05,10,0.05,0.02,25.627722772277227,0.05627722772277225,1.0,0.0574257425742574
CART,time,1,refitted,A_b05,10,0.05,0.05,55.45544554455445,0.05455445544554453,1.0,0.0574257425742574
CART,time,1,refitted,A_b05,10,0.05,0.1,105.16831683168317,0.05168316831683166,1.0,0.0574257425742574
CART,time,1,refitted,A_b05,10,0.05,0.15,154.88118811881188,0.048811881188118786,1.0,0.0574257425742574
CART,time,1,refitted,A_b05,20,0.05,0.02,45.62772277227723,0.05627722772277225,1.0,0.0574257425742574
CART,time,1,refitted,A_b05,20,0.05,0.05,105.45544554455446,0.05455445544554453,1.0,0.0574257425742574
CART,time,1,refitted,A_b05,20,0.05,0.1,205.16831683168317,0.05168316831683166,1.0,0.0574257425742574
CART,time,1,refitted,A_b05,20,0.05,0.15,304.88118811881185,0.048811881188118786,1.0,0.0574257425742574
CART,time,1,refitted,A_b05,50,0.05,0.02,105.62772277227724,0.05627722772277225,1.0,0.0574257425742574
CART,time,1,refitted,A_b05,50,0.05,0.05,255.45544554455444,0.05455445544554453,1.0,0.0574257425742574
CART,time,1,refitted,A_b05,50,0.05,0.1,505.1683168316831,0.05168316831683166,1.0,0.0574257425742574
CART,time,1,refitted,A_b05,50,0.05,0.15,754.8811881188119,0.048811881188118786,1.0,0.0574257425742574
CART,time,1,refitted,A_b10,5,0.1,0.02,20.25544554455445,0.1145544554455445,0.9,0.1148514851485148
CART,time,1,refitted,A_b10,5,0.1,0.05,33.41089108910891,0.11410891089108906,0.9,0.1148514851485148
CART,time,1,refitted,A_b10,5,0.1,0.1,55.33663366336633,0.11336633663366331,0.9,0.1148514851485148
CART,time,1,refitted,A_b10,5,0.1,0.15,77.26237623762377,0.11262376237623757,0.9,0.1148514851485148
CART,time,1,refitted,A_b10,10,0.1,0.02,29.255445544554455,0.1145544554455445,0.9,0.1148514851485148
CART,time,1,refitted,A_b10,10,0.1,0.05,55.91089108910891,0.11410891089108906,0.9,0.1148514851485148
CART,time,1,refitted,A_b10,10,0.1,0.1,100.33663366336634,0.11336633663366331,0.9,0.1148514851485148
CART,time,1,refitted,A_b10,10,0.1,0.15,144.76237623762376,0.11262376237623757,0.9,0.1148514851485148
CART,time,1,refitted,A_b10,20,0.1,0.02,47.255445544554455,0.1145544554455445,0.9,0.1148514851485148
CART,time,1,refitted,A_b10,20,0.1,0.05,100.91089108910892,0.11410891089108906,0.9,0.1148514851485148
CART,time,1,refitted,A_b10,20,0.1,0.1,190.33663366336634,0.11336633663366331,0.9,0.1148514851485148
CART,time,1,refitted,A_b10,20,0.1,0.15,279.7623762376238,0.11262376237623757,0.9,0.1148514851485148
CART,time,1,refitted,A_b10,50,0.1,0.02,101.25544554455446,0.1145544554455445,0.9,0.1148514851485148
CART,time,1,refitted,A_b10,50,0.1,0.05,235.91089108910893,0.11410891089108906,0.9,0.1148514851485148
CART,time,1,refitted,A_b10,50,0.1,0.1,460.33663366336634,0.11336633663366331,0.9,0.1148514851485148
CART,time,1,refitted,A_b10,50,0.1,0.15,684.7623762376237,0.11262376237623757,0.9,0.1148514851485148
CART,time,1,refitted,A_b20,5,0.2,0.02,39.15445544554455,0.3515445544554455,0.5,0.3485148514851485
CART,time,1,refitted,A_b20,5,0.2,0.05,45.6089108910891,0.3560891089108911,0.5,0.3485148514851485
CART,time,1,refitted,A_b20,5,0.2,0.1,56.36633663366337,0.36366336633663365,0.5,0.3485148514851485
CART,time,1,refitted,A_b20,5,0.2,0.15,67.12376237623762,0.37123762376237623,0.5,0.3485148514851485
CART,time,1,refitted,A_b20,10,0.2,0.02,44.15445544554455,0.3515445544554455,0.5,0.3485148514851485
CART,time,1,refitted,A_b20,10,0.2,0.05,58.1089108910891,0.3560891089108911,0.5,0.3485148514851485
CART,time,1,refitted,A_b20,10,0.2,0.1,81.36633663366337,0.36366336633663365,0.5,0.3485148514851485
CART,time,1,refitted,A_b20,10,0.2,0.15,104.62376237623762,0.37123762376237623,0.5,0.3485148514851485
CART,time,1,refitted,A_b20,20,0.2,0.02,54.154455445544556,0.3515445544554455,0.5,0.3485148514851485
CART,time,1,refitted,A_b20,20,0.2,0.05,83.10891089108911,0.3560891089108911,0.5,0.3485148514851485
CART,time,1,refitted,A_b20,20,0.2,0.1,131.36633663366337,0.36366336633663365,0.5,0.3485148514851485
CART,time,1,refitted,A_b20,20,0.2,0.15,179.62376237623764,0.37123762376237623,0.5,0.3485148514851485
CART,time,1,refitted,A_b20,50,0.2,0.02,84.15445544554456,0.3515445544554455,0.5,0.3485148514851485
CART,time,1,refitted,A_b20,50,0.2,0.05,158.1089108910891,0.3560891089108911,0.5,0.3485148514851485
CART,time,1,refitted,A_b20,50,0.2,0.1,281.36633663366337,0.36366336633663365,0.5,0.3485148514851485
CART,time,1,refitted,A_b20,50,0.2,0.15,404.62376237623766,0.37123762376237623,0.5,0.3485148514851485
CART,time,1,refitted,B_r05,5,,0.02,10.0,0.0,1.0,0.0
CART,time,1,refitted,B_r05,5,,0.05,25.0,0.0,1.0,0.0
CART,time,1,refitted,B_r05,5,,0.1,50.0,0.0,1.0,0.0
CART,time,1,refitted,B_r05,5,,0.15,75.0,0.0,1.0,0.0
CART,time,1,refitted,B_r10,10,,0.02,20.0,0.0,1.0,0.0
CART,time,1,refitted,B_r10,10,,0.05,50.0,0.0,1.0,0.0
CART,time,1,refitted,B_r10,10,,0.1,100.0,0.0,1.0,0.0
CART,time,1,refitted,B_r10,10,,0.15,150.0,0.0,1.0,0.0
CART,time,1,refitted,B_r20,20,,0.02,40.0,0.0,1.0,0.0
CART,time,1,refitted,B_r20,20,,0.05,100.0,0.0,1.0,0.0
CART,time,1,refitted,B_r20,20,,0.1,200.0,0.0,1.0,0.0
CART,time,1,refitted,B_r20,20,,0.15,300.0,0.0,1.0,0.0
CART,time,1,refitted,B_r50,50,,0.02,100.0,0.0,1.0,0.0
CART,time,1,refitted,B_r50,50,,0.05,250.0,0.0,1.0,0.0
CART,time,1,refitted,B_r50,50,,0.1,500.0,0.0,1.0,0.0
CART,time,1,refitted,B_r50,50,,0.15,750.0,0.0,1.0,0.0
CART,time,1,refitted,C_b01_r05,5,0.01,0.02,10.0,0.0,1.0,0.0
CART,time,1,refitted,C_b01_r05,5,0.01,0.05,25.0,0.0,1.0,0.0
CART,time,1,refitted,C_b01_r05,5,0.01,0.1,50.0,0.0,1.0,0.0
CART,time,1,refitted,C_b01_r05,5,0.01,0.15,75.0,0.0,1.0,0.0
CART,time,1,refitted,C_b01_r10,10,0.01,0.02,20.0,0.0,1.0,0.0
CART,time,1,refitted,C_b01_r10,10,0.01,0.05,50.0,0.0,1.0,0.0
CART,time,1,refitted,C_b01_r10,10,0.01,0.1,100.0,0.0,1.0,0.0
CART,time,1,refitted,C_b01_r10,10,0.01,0.15,150.0,0.0,1.0,0.0
CART,time,1,refitted,C_b01_r20,20,0.01,0.02,40.0,0.0,1.0,0.0
CART,time,1,refitted,C_b01_r20,20,0.01,0.05,100.0,0.0,1.0,0.0
CART,time,1,refitted,C_b01_r20,20,0.01,0.1,200.0,0.0,1.0,0.0
CART,time,1,refitted,C_b01_r20,20,0.01,0.15,300.0,0.0,1.0,0.0
CART,time,1,refitted,C_b01_r50,50,0.01,0.02,100.0,0.0,1.0,0.0
CART,time,1,refitted,C_b01_r50,50,0.01,0.05,250.0,0.0,1.0,0.0
CART,time,1,refitted,C_b01_r50,50,0.01,0.1,500.0,0.0,1.0,0.0
CART,time,1,refitted,C_b01_r50,50,0.01,0.15,750.0,0.0,1.0,0.0
CART,time,1,refitted,C_b05_r05,5,0.05,0.02,10.0,0.0,1.0,0.0
CART,time,1,refitted,C_b05_r05,5,0.05,0.05,25.0,0.0,1.0,0.0
CART,time,1,refitted,C_b05_r05,5,0.05,0.1,50.0,0.0,1.0,0.0
CART,time,1,refitted,C_b05_r05,5,0.05,0.15,75.0,0.0,1.0,0.0
CART,time,1,refitted,C_b05_r10,10,0.05,0.02,20.0,0.0,1.0,0.0
CART,time,1,refitted,C_b05_r10,10,0.05,0.05,50.0,0.0,1.0,0.0
CART,time,1,refitted,C_b05_r10,10,0.05,0.1,100.0,0.0,1.0,0.0
CART,time,1,refitted,C_b05_r10,10,0.05,0.15,150.0,0.0,1.0,0.0
CART,time,1,refitted,C_b05_r20,20,0.05,0.02,40.0,0.0,1.0,0.0
CART,time,1,refitted,C_b05_r20,20,0.05,0.05,100.0,0.0,1.0,0.0
CART,time,1,refitted,C_b05_r20,20,0.05,0.1,200.0,0.0,1.0,0.0
CART,time,1,refitted,C_b05_r20,20,0.05,0.15,300.0,0.0,1.0,0.0
CART,time,1,refitted,C_b05_r50,50,0.05,0.02,100.0,0.0,1.0,0.0
CART,time,1,refitted,C_b05_r50,50,0.05,0.05,250.0,0.0,1.0,0.0
CART,time,1,refitted,C_b05_r50,50,0.05,0.1,500.0,0.0,1.0,0.0
CART,time,1,refitted,C_b05_r50,50,0.05,0.15,750.0,0.0,1.0,0.0
CART,time,1,refitted,C_b10_r05,5,0.1,0.02,10.0,0.0,1.0,0.0
CART,time,1,refitted,C_b10_r05,5,0.1,0.05,25.0,0.0,1.0,0.0
CART,time,1,refitted,C_b10_r05,5,0.1,0.1,50.0,0.0,1.0,0.0
CART,time,1,refitted,C_b10_r05,5,0.1,0.15,75.0,0.0,1.0,0.0
CART,time,1,refitted,C_b10_r10,10,0.1,0.02,20.0,0.0,1.0,0.0
CART,time,1,refitted,C_b10_r10,10,0.1,0.05,50.0,0.0,1.0,0.0
CART,time,1,refitted,C_b10_r10,10,0.1,0.1,100.0,0.0,1.0,0.0
CART,time,1,refitted,C_b10_r10,10,0.1,0.15,150.0,0.0,1.0,0.0
CART,time,1,refitted,C_b10_r20,20,0.1,0.02,40.0,0.0,1.0,0.0
CART,time,1,refitted,C_b10_r20,20,0.1,0.05,100.0,0.0,1.0,0.0
CART,time,1,refitted,C_b10_r20,20,0.1,0.1,200.0,0.0,1.0,0.0
CART,time,1,refitted,C_b10_r20,20,0.1,0.15,300.0,0.0,1.0,0.0
CART,time,1,refitted,C_b10_r50,50,0.1,0.02,100.0,0.0,1.0,0.0
CART,time,1,refitted,C_b10_r50,50,0.1,0.05,250.0,0.0,1.0,0.0
CART,time,1,refitted,C_b10_r50,50,0.1,0.1,500.0,0.0,1.0,0.0
CART,time,1,refitted,C_b10_r50,50,0.1,0.15,750.0,0.0,1.0,0.0
CART,time,1,refitted,C_b20_r05,5,0.2,0.02,10.0,0.0,1.0,0.0
CART,time,1,refitted,C_b20_r05,5,0.2,0.05,25.0,0.0,1.0,0.0
CART,time,1,refitted,C_b20_r05,5,0.2,0.1,50.0,0.0,1.0,0.0
CART,time,1,refitted,C_b20_r05,5,0.2,0.15,75.0,0.0,1.0,0.0
CART,time,1,refitted,C_b20_r10,10,0.2,0.02,20.0,0.0,1.0,0.0
CART,time,1,refitted,C_b20_r10,10,0.2,0.05,50.0,0.0,1.0,0.0
CART,time,1,refitted,C_b20_r10,10,0.2,0.1,100.0,0.0,1.0,0.0
CART,time,1,refitted,C_b20_r10,10,0.2,0.15,150.0,0.0,1.0,0.0
CART,time,1,refitted,C_b20_r20,20,0.2,0.02,40.0,0.0,1.0,0.0
CART,time,1,refitted,C_b20_r20,20,0.2,0.05,100.0,0.0,1.0,0.0
CART,time,1,refitted,C_b20_r20,20,0.2,0.1,200.0,0.0,1.0,0.0
CART,time,1,refitted,C_b20_r20,20,0.2,0.15,300.0,0.0,1.0,0.0
CART,time,1,refitted,C_b20_r50,50,0.2,0.02,100.0,0.0,1.0,0.0
CART,time,1,refitted,C_b20_r50,50,0.2,0.05,250.0,0.0,1.0,0.0
CART,time,1,refitted,C_b20_r50,50,0.2,0.1,500.0,0.0,1.0,0.0
CART,time,1,refitted,C_b20_r50,50,0.2,0.15,750.0,0.0,1.0,0.0
CART,time,1,refitted,TopK_b01,5,0.01,0.02,10.970297029702971,0.009702970297029701,1.0,0.0099009900990099
CART,time,1,refitted,TopK_b01,5,0.01,0.05,25.940594059405942,0.009405940594059404,1.0,0.0099009900990099
CART,time,1,refitted,TopK_b01,5,0.01,0.1,50.89108910891089,0.00891089108910891,1.0,0.0099009900990099
CART,time,1,refitted,TopK_b01,5,0.01,0.15,75.84158415841584,0.008415841584158415,1.0,0.0099009900990099
CART,time,1,refitted,TopK_b01,10,0.01,0.02,20.970297029702973,0.009702970297029701,1.0,0.0099009900990099
CART,time,1,refitted,TopK_b01,10,0.01,0.05,50.94059405940594,0.009405940594059404,1.0,0.0099009900990099
CART,time,1,refitted,TopK_b01,10,0.01,0.1,100.89108910891089,0.00891089108910891,1.0,0.0099009900990099
CART,time,1,refitted,TopK_b01,10,0.01,0.15,150.84158415841586,0.008415841584158415,1.0,0.0099009900990099
CART,time,1,refitted,TopK_b01,20,0.01,0.02,40.97029702970298,0.009702970297029701,1.0,0.0099009900990099
CART,time,1,refitted,TopK_b01,20,0.01,0.05,100.94059405940594,0.009405940594059404,1.0,0.0099009900990099
CART,time,1,refitted,TopK_b01,20,0.01,0.1,200.8910891089109,0.00891089108910891,1.0,0.0099009900990099
CART,time,1,refitted,TopK_b01,20,0.01,0.15,300.8415841584158,0.008415841584158415,1.0,0.0099009900990099
CART,time,1,refitted,TopK_b01,50,0.01,0.02,100.97029702970298,0.009702970297029701,1.0,0.0099009900990099
CART,time,1,refitted,TopK_b01,50,0.01,0.05,250.94059405940592,0.009405940594059404,1.0,0.0099009900990099
CART,time,1,refitted,TopK_b01,50,0.01,0.1,500.8910891089108,0.00891089108910891,1.0,0.0099009900990099
CART,time,1,refitted,TopK_b01,50,0.01,0.15,750.8415841584158,0.008415841584158415,1.0,0.0099009900990099
CART,time,1,refitted,TopK_b05,5,0.05,0.02,14.85148514851485,0.04851485148514851,1.0,0.0495049504950495
CART,time,1,refitted,TopK_b05,5,0.05,0.05,29.7029702970297,0.04702970297029702,1.0,0.0495049504950495
CART,time,1,refitted,TopK_b05,5,0.05,0.1,54.45544554455446,0.04455445544554455,1.0,0.0495049504950495
CART,time,1,refitted,TopK_b05,5,0.05,0.15,79.20792079207921,0.042079207920792075,1.0,0.0495049504950495
CART,time,1,refitted,TopK_b05,10,0.05,0.02,24.85148514851485,0.04851485148514851,1.0,0.0495049504950495
CART,time,1,refitted,TopK_b05,10,0.05,0.05,54.70297029702971,0.04702970297029702,1.0,0.0495049504950495
CART,time,1,refitted,TopK_b05,10,0.05,0.1,104.45544554455446,0.04455445544554455,1.0,0.0495049504950495
CART,time,1,refitted,TopK_b05,10,0.05,0.15,154.20792079207922,0.042079207920792075,1.0,0.0495049504950495
CART,time,1,refitted,TopK_b05,20,0.05,0.02,44.851485148514854,0.04851485148514851,1.0,0.0495049504950495
CART,time,1,refitted,TopK_b05,20,0.05,0.05,104.70297029702971,0.04702970297029702,1.0,0.0495049504950495
CART,time,1,refitted,TopK_b05,20,0.05,0.1,204.45544554455446,0.04455445544554455,1.0,0.0495049504950495
CART,time,1,refitted,TopK_b05,20,0.05,0.15,304.20792079207916,0.042079207920792075,1.0,0.0495049504950495
CART,time,1,refitted,TopK_b05,50,0.05,0.02,104.85148514851485,0.04851485148514851,1.0,0.0495049504950495
CART,time,1,refitted,TopK_b05,50,0.05,0.05,254.70297029702968,0.04702970297029702,1.0,0.0495049504950495
CART,time,1,refitted,TopK_b05,50,0.05,0.1,504.45544554455444,0.04455445544554455,1.0,0.0495049504950495
CART,time,1,refitted,TopK_b05,50,0.05,0.15,754.2079207920792,0.042079207920792075,1.0,0.0495049504950495
CART,time,1,refitted,TopK_b10,5,0.1,0.02,19.897029702970297,0.09897029702970297,1.0,0.100990099009901
CART,time,1,refitted,TopK_b10,5,0.1,0.05,34.59405940594059,0.09594059405940594,1.0,0.100990099009901
CART,time,1,refitted,TopK_b10,5,0.1,0.1,59.089108910891085,0.0908910891089109,1.0,0.100990099009901
CART,time,1,refitted,TopK_b10,5,0.1,0.15,83.58415841584159,0.08584158415841585,1.0,0.100990099009901
CART,time,1,refitted,TopK_b10,10,0.1,0.02,29.8970297029703,0.09897029702970297,1.0,0.100990099009901
CART,time,1,refitted,TopK_b10,10,0.1,0.05,59.59405940594059,0.09594059405940594,1.0,0.100990099009901
CART,time,1,refitted,TopK_b10,10,0.1,0.1,109.0891089108911,0.0908910891089109,1.0,0.100990099009901
CART,time,1,refitted,TopK_b10,10,0.1,0.15,158.58415841584159,0.08584158415841585,1.0,0.100990099009901
CART,time,1,refitted,TopK_b10,20,0.1,0.02,49.8970297029703,0.09897029702970297,1.0,0.100990099009901
CART,time,1,refitted,TopK_b10,20,0.1,0.05,109.5940594059406,0.09594059405940594,1.0,0.100990099009901
CART,time,1,refitted,TopK_b10,20,0.1,0.1,209.0891089108911,0.0908910891089109,1.0,0.100990099009901
CART,time,1,refitted,TopK_b10,20,0.1,0.15,308.58415841584156,0.08584158415841585,1.0,0.100990099009901
CART,time,1,refitted,TopK_b10,50,0.1,0.02,109.8970297029703,0.09897029702970297,1.0,0.100990099009901
CART,time,1,refitted,TopK_b10,50,0.1,0.05,259.5940594059406,0.09594059405940594,1.0,0.100990099009901
CART,time,1,refitted,TopK_b10,50,0.1,0.1,509.08910891089107,0.0908910891089109,1.0,0.100990099009901
CART,time,1,refitted,TopK_b10,50,0.1,0.15,758.5841584158416,0.08584158415841585,1.0,0.100990099009901
CART,time,1,refitted,TopK_b20,5,0.2,0.02,27.6,0.2,0.8,0.2
CART,time,1,refitted,TopK_b20,5,0.2,0.05,39.0,0.2,0.8,0.2
CART,time,1,refitted,TopK_b20,5,0.2,0.1,58.00000000000001,0.2,0.8,0.2
CART,time,1,refitted,TopK_b20,5,0.2,0.15,77.00000000000001,0.2,0.8,0.2
CART,time,1,refitted,TopK_b20,10,0.2,0.02,35.6,0.2,0.8,0.2
CART,time,1,refitted,TopK_b20,10,0.2,0.05,59.00000000000001,0.2,0.8,0.2
CART,time,1,refitted,TopK_b20,10,0.2,0.1,98.00000000000001,0.2,0.8,0.2
CART,time,1,refitted,TopK_b20,10,0.2,0.15,137.0,0.2,0.8,0.2
CART,time,1,refitted,TopK_b20,20,0.2,0.02,51.6,0.2,0.8,0.2
CART,time,1,refitted,TopK_b20,20,0.2,0.05,99.0,0.2,0.8,0.2
CART,time,1,refitted,TopK_b20,20,0.2,0.1,178.0,0.2,0.8,0.2
CART,time,1,refitted,TopK_b20,20,0.2,0.15,257.0,0.2,0.8,0.2
CART,time,1,refitted,TopK_b20,50,0.2,0.02,99.6,0.2,0.8,0.2
CART,time,1,refitted,TopK_b20,50,0.2,0.05,219.0,0.2,0.8,0.2
CART,time,1,refitted,TopK_b20,50,0.2,0.1,418.0,0.2,0.8,0.2
CART,time,1,refitted,TopK_b20,50,0.2,0.15,617.0,0.2,0.8,0.2
CART,time,2,fixed,none,5,,0.02,10.0,0.0,1.0,0.0
CART,time,2,fixed,none,5,,0.05,25.0,0.0,1.0,0.0
CART,time,2,fixed,none,5,,0.1,50.0,0.0,1.0,0.0
CART,time,2,fixed,none,5,,0.15,75.0,0.0,1.0,0.0
CART,time,2,fixed,none,10,,0.02,20.0,0.0,1.0,0.0
CART,time,2,fixed,none,10,,0.05,50.0,0.0,1.0,0.0
CART,time,2,fixed,none,10,,0.1,100.0,0.0,1.0,0.0
CART,time,2,fixed,none,10,,0.15,150.0,0.0,1.0,0.0
CART,time,2,fixed,none,20,,0.02,40.0,0.0,1.0,0.0
CART,time,2,fixed,none,20,,0.05,100.0,0.0,1.0,0.0
CART,time,2,fixed,none,20,,0.1,200.0,0.0,1.0,0.0
CART,time,2,fixed,none,20,,0.15,300.0,0.0,1.0,0.0
CART,time,2,fixed,none,50,,0.02,100.0,0.0,1.0,0.0
CART,time,2,fixed,none,50,,0.05,250.0,0.0,1.0,0.0
CART,time,2,fixed,none,50,,0.1,500.0,0.0,1.0,0.0
CART,time,2,fixed,none,50,,0.15,750.0,0.0,1.0,0.0
CART,time,2,fixed,A_b01,5,0.01,0.02,10.778455284552845,0.012784552845528444,0.9583333333333334,0.0121951219512195
CART,time,2,fixed,A_b01,5,0.01,0.05,25.116869918699187,0.013668699186991855,0.9583333333333334,0.0121951219512195
CART,time,2,fixed,A_b01,5,0.01,0.1,49.014227642276424,0.015142276422764212,0.9583333333333334,0.0121951219512195
CART,time,2,fixed,A_b01,5,0.01,0.15,72.91158536585365,0.01661585365853657,0.9583333333333334,0.0121951219512195
CART,time,2,fixed,A_b01,10,0.01,0.02,20.361788617886177,0.012784552845528444,0.9583333333333334,0.0121951219512195
CART,time,2,fixed,A_b01,10,0.01,0.05,49.07520325203252,0.013668699186991855,0.9583333333333334,0.0121951219512195
CART,time,2,fixed,A_b01,10,0.01,0.1,96.9308943089431,0.015142276422764212,0.9583333333333334,0.0121951219512195
CART,time,2,fixed,A_b01,10,0.01,0.15,144.78658536585365,0.01661585365853657,0.9583333333333334,0.0121951219512195
CART,time,2,fixed,A_b01,20,0.01,0.02,39.52845528455285,0.012784552845528444,0.9583333333333334,0.0121951219512195
CART,time,2,fixed,A_b01,20,0.01,0.05,96.9918699186992,0.013668699186991855,0.9583333333333334,0.0121951219512195
CART,time,2,fixed,A_b01,20,0.01,0.1,192.76422764227644,0.015142276422764212,0.9583333333333334,0.0121951219512195
CART,time,2,fixed,A_b01,20,0.01,0.15,288.5365853658536,0.01661585365853657,0.9583333333333334,0.0121951219512195
CART,time,2,fixed,A_b01,50,0.01,0.02,97.02845528455285,0.012784552845528444,0.9583333333333334,0.0121951219512195
CART,time,2,fixed,A_b01,50,0.01,0.05,240.74186991869922,0.013668699186991855,0.9583333333333334,0.0121951219512195
CART,time,2,fixed,A_b01,50,0.01,0.1,480.2642276422764,0.015142276422764212,0.9583333333333334,0.0121951219512195
CART,time,2,fixed,A_b01,50,0.01,0.15,719.7865853658537,0.01661585365853657,0.9583333333333334,0.0121951219512195
CART,time,2,fixed,A_b05,5,0.05,0.02,15.52235772357723,0.07022357723577229,0.875,0.0691056910569105
CART,time,2,fixed,A_b05,5,0.05,0.05,28.440040650406495,0.07190040650406498,0.875,0.0691056910569105
CART,time,2,fixed,A_b05,5,0.05,0.1,49.96951219512194,0.07469512195121945,0.875,0.0691056910569105
CART,time,2,fixed,A_b05,5,0.05,0.15,71.4989837398374,0.07748983739837392,0.875,0.0691056910569105
CART,time,2,fixed,A_b05,10,0.05,0.02,24.27235772357723,0.07022357723577229,0.875,0.0691056910569105
CART,time,2,fixed,A_b05,10,0.05,0.05,50.315040650406495,0.07190040650406498,0.875,0.0691056910569105
CART,time,2,fixed,A_b05,10,0.05,0.1,93.71951219512195,0.07469512195121945,0.875,0.0691056910569105
CART,time,2,fixed,A_b05,10,0.05,0.15,137.1239837398374,0.07748983739837392,0.875,0.0691056910569105
CART,time,2,fixed,A_b05,20,0.05,0.02,41.77235772357723,0.07022357723577229,0.875,0.0691056910569105
CART,time,2,fixed,A_b05,20,0.05,0.05,94.0650406504065,0.07190040650406498,0.875,0.0691056910569105
CART,time,2,fixed,A_b05,20,0.05,0.1,181.21951219512192,0.07469512195121945,0.875,0.0691056910569105
CART,time,2,fixed,A_b05,20,0.05,0.15,268.3739837398374,0.07748983739837392,0.875,0.0691056910569105
CART,time,2,fixed,A_b05,50,0.05,0.02,94.27235772357723,0.07022357723577229,0.875,0.0691056910569105
CART,time,2,fixed,A_b05,50,0.05,0.05,225.31504065040647,0.07190040650406498,0.875,0.0691056910569105
CART,time,2,fixed,A_b05,50,0.05,0.1,443.719512195122,0.07469512195121945,0.875,0.0691056910569105
CART,time,2,fixed,A_b05,50,0.05,0.15,662.1239837398374,0.07748983739837392,0.875,0.0691056910569105
CART,time,2,fixed,A_b10,5,0.1,0.02,18.654471544715445,0.11654471544715446,0.75,0.1138211382113821
CART,time,2,fixed,A_b10,5,0.1,0.05,29.563008130081297,0.12063008130081299,0.75,0.1138211382113821
CART,time,2,fixed,A_b10,5,0.1,0.1,47.74390243902439,0.12743902439024388,0.75,0.1138211382113821
CART,time,2,fixed,A_b10,5,0.1,0.15,65.92479674796748,0.13424796747967477,0.75,0.1138211382113821
CART,time,2,fixed,A_b10,10,0.1,0.02,26.154471544715445,0.11654471544715446,0.75,0.1138211382113821
CART,time,2,fixed,A_b10,10,0.1,0.05,48.3130081300813,0.12063008130081299,0.75,0.1138211382113821
CART,time,2,fixed,A_b10,10,0.1,0.1,85.24390243902438,0.12743902439024388,0.75,0.1138211382113821
CART,time,2,fixed,A_b10,10,0.1,0.15,122.17479674796748,0.13424796747967477,0.75,0.1138211382113821
CART,time,2,fixed,A_b10,20,0.1,0.02,41.15447154471545,0.11654471544715446,0.75,0.1138211382113821
CART,time,2,fixed,A_b10,20,0.1,0.05,85.8130081300813,0.12063008130081299,0.75,0.1138211382113821
CART,time,2,fixed,A_b10,20,0.1,0.1,160.2439024390244,0.12743902439024388,0.75,0.1138211382113821
CART,time,2,fixed,A_b10,20,0.1,0.15,234.67479674796746,0.13424796747967477,0.75,0.1138211382113821
CART,time,2,fixed,A_b10,50,0.1,0.02,86.15447154471545,0.11654471544715446,0.75,0.1138211382113821
CART,time,2,fixed,A_b10,50,0.1,0.05,198.3130081300813,0.12063008130081299,0.75,0.1138211382113821
CART,time,2,fixed,A_b10,50,0.1,0.1,385.2439024390244,0.12743902439024388,0.75,0.1138211382113821
CART,time,2,fixed,A_b10,50,0.1,0.15,572.1747967479674,0.13424796747967477,0.75,0.1138211382113821
CART,time,2,fixed,A_b20,5,0.2,0.02,30.550813008130074,0.25050813008130074,0.625,0.2479674796747967
CART,time,2,fixed,A_b20,5,0.2,0.05,39.18191056910568,0.25431910569105687,0.625,0.2479674796747967
CART,time,2,fixed,A_b20,5,0.2,0.1,53.5670731707317,0.260670731707317,0.625,0.2479674796747967
CART,time,2,fixed,A_b20,5,0.2,0.15,67.95223577235771,0.2670223577235772,0.625,0.2479674796747967
CART,time,2,fixed,A_b20,10,0.2,0.02,36.80081300813007,0.25050813008130074,0.625,0.2479674796747967
CART,time,2,fixed,A_b20,10,0.2,0.05,54.80691056910568,0.25431910569105687,0.625,0.2479674796747967
CART,time,2,fixed,A_b20,10,0.2,0.1,84.8170731707317,0.260670731707317,0.625,0.2479674796747967
CART,time,2,fixed,A_b20,10,0.2,0.15,114.82723577235771,0.2670223577235772,0.625,0.2479674796747967
CART,time,2,fixed,A_b20,20,0.2,0.02,49.30081300813007,0.25050813008130074,0.625,0.2479674796747967
CART,time,2,fixed,A_b20,20,0.2,0.05,86.05691056910568,0.25431910569105687,0.625,0.2479674796747967
CART,time,2,fixed,A_b20,20,0.2,0.1,147.3170731707317,0.260670731707317,0.625,0.2479674796747967
CART,time,2,fixed,A_b20,20,0.2,0.15,208.57723577235774,0.2670223577235772,0.625,0.2479674796747967
CART,time,2,fixed,A_b20,50,0.2,0.02,86.80081300813008,0.25050813008130074,0.625,0.2479674796747967
CART,time,2,fixed,A_b20,50,0.2,0.05,179.8069105691057,0.25431910569105687,0.625,0.2479674796747967
CART,time,2,fixed,A_b20,50,0.2,0.1,334.8170731707317,0.260670731707317,0.625,0.2479674796747967
CART,time,2,fixed,A_b20,50,0.2,0.15,489.82723577235777,0.2670223577235772,0.625,0.2479674796747967
CART,time,2,fixed,B_r05,5,,0.02,10.0,0.0,1.0,0.0
CART,time,2,fixed,B_r05,5,,0.05,25.0,0.0,1.0,0.0
CART,time,2,fixed,B_r05,5,,0.1,50.0,0.0,1.0,0.0
CART,time,2,fixed,B_r05,5,,0.15,75.0,0.0,1.0,0.0
CART,time,2,fixed,B_r10,10,,0.02,20.0,0.0,1.0,0.0
CART,time,2,fixed,B_r10,10,,0.05,50.0,0.0,1.0,0.0
CART,time,2,fixed,B_r10,10,,0.1,100.0,0.0,1.0,0.0
CART,time,2,fixed,B_r10,10,,0.15,150.0,0.0,1.0,0.0
CART,time,2,fixed,B_r20,20,,0.02,65.21544715447153,0.46215447154471545,0.5,0.4613821138211382
CART,time,2,fixed,B_r20,20,,0.05,93.83130081300813,0.4633130081300813,0.5,0.4613821138211382
CART,time,2,fixed,B_r20,20,,0.1,141.52439024390245,0.46524390243902436,0.5,0.4613821138211382
CART,time,2,fixed,B_r20,20,,0.15,189.21747967479675,0.46717479674796747,0.5,0.4613821138211382
CART,time,2,fixed,B_r50,50,,0.02,95.21544715447155,0.46215447154471545,0.5,0.4613821138211382
CART,time,2,fixed,B_r50,50,,0.05,168.8313008130081,0.4633130081300813,0.5,0.4613821138211382
CART,time,2,fixed,B_r50,50,,0.1,291.5243902439024,0.46524390243902436,0.5,0.4613821138211382
CART,time,2,fixed,B_r50,50,,0.15,414.2174796747968,0.46717479674796747,0.5,0.4613821138211382
CART,time,2,fixed,C_b01_r05,5,0.01,0.02,10.0,0.0,1.0,0.0
CART,time,2,fixed,C_b01_r05,5,0.01,0.05,25.0,0.0,1.0,0.0
CART,time,2,fixed,C_b01_r05,5,0.01,0.1,50.0,0.0,1.0,0.0
CART,time,2,fixed,C_b01_r05,5,0.01,0.15,75.0,0.0,1.0,0.0
CART,time,2,fixed,C_b01_r10,10,0.01,0.02,20.0,0.0,1.0,0.0
CART,time,2,fixed,C_b01_r10,10,0.01,0.05,50.0,0.0,1.0,0.0
CART,time,2,fixed,C_b01_r10,10,0.01,0.1,100.0,0.0,1.0,0.0
CART,time,2,fixed,C_b01_r10,10,0.01,0.15,150.0,0.0,1.0,0.0
CART,time,2,fixed,C_b01_r20,20,0.01,0.02,40.0,0.0,1.0,0.0
CART,time,2,fixed,C_b01_r20,20,0.01,0.05,100.0,0.0,1.0,0.0
CART,time,2,fixed,C_b01_r20,20,0.01,0.1,200.0,0.0,1.0,0.0
CART,time,2,fixed,C_b01_r20,20,0.01,0.15,300.0,0.0,1.0,0.0
CART,time,2,fixed,C_b01_r50,50,0.01,0.02,100.0,0.0,1.0,0.0
CART,time,2,fixed,C_b01_r50,50,0.01,0.05,250.0,0.0,1.0,0.0
CART,time,2,fixed,C_b01_r50,50,0.01,0.1,500.0,0.0,1.0,0.0
CART,time,2,fixed,C_b01_r50,50,0.01,0.15,750.0,0.0,1.0,0.0
CART,time,2,fixed,C_b05_r05,5,0.05,0.02,10.0,0.0,1.0,0.0
CART,time,2,fixed,C_b05_r05,5,0.05,0.05,25.0,0.0,1.0,0.0
CART,time,2,fixed,C_b05_r05,5,0.05,0.1,50.0,0.0,1.0,0.0
CART,time,2,fixed,C_b05_r05,5,0.05,0.15,75.0,0.0,1.0,0.0
CART,time,2,fixed,C_b05_r10,10,0.05,0.02,20.0,0.0,1.0,0.0
CART,time,2,fixed,C_b05_r10,10,0.05,0.05,50.0,0.0,1.0,0.0
CART,time,2,fixed,C_b05_r10,10,0.05,0.1,100.0,0.0,1.0,0.0
CART,time,2,fixed,C_b05_r10,10,0.05,0.15,150.0,0.0,1.0,0.0
CART,time,2,fixed,C_b05_r20,20,0.05,0.02,40.0,0.0,1.0,0.0
CART,time,2,fixed,C_b05_r20,20,0.05,0.05,100.0,0.0,1.0,0.0
CART,time,2,fixed,C_b05_r20,20,0.05,0.1,200.0,0.0,1.0,0.0
CART,time,2,fixed,C_b05_r20,20,0.05,0.15,300.0,0.0,1.0,0.0
CART,time,2,fixed,C_b05_r50,50,0.05,0.02,100.0,0.0,1.0,0.0
CART,time,2,fixed,C_b05_r50,50,0.05,0.05,250.0,0.0,1.0,0.0
CART,time,2,fixed,C_b05_r50,50,0.05,0.1,500.0,0.0,1.0,0.0
CART,time,2,fixed,C_b05_r50,50,0.05,0.15,750.0,0.0,1.0,0.0
CART,time,2,fixed,C_b10_r05,5,0.1,0.02,10.0,0.0,1.0,0.0
CART,time,2,fixed,C_b10_r05,5,0.1,0.05,25.0,0.0,1.0,0.0
CART,time,2,fixed,C_b10_r05,5,0.1,0.1,50.0,0.0,1.0,0.0
CART,time,2,fixed,C_b10_r05,5,0.1,0.15,75.0,0.0,1.0,0.0
CART,time,2,fixed,C_b10_r10,10,0.1,0.02,20.0,0.0,1.0,0.0
CART,time,2,fixed,C_b10_r10,10,0.1,0.05,50.0,0.0,1.0,0.0
CART,time,2,fixed,C_b10_r10,10,0.1,0.1,100.0,0.0,1.0,0.0
CART,time,2,fixed,C_b10_r10,10,0.1,0.15,150.0,0.0,1.0,0.0
CART,time,2,fixed,C_b10_r20,20,0.1,0.02,40.0,0.0,1.0,0.0
CART,time,2,fixed,C_b10_r20,20,0.1,0.05,100.0,0.0,1.0,0.0
CART,time,2,fixed,C_b10_r20,20,0.1,0.1,200.0,0.0,1.0,0.0
CART,time,2,fixed,C_b10_r20,20,0.1,0.15,300.0,0.0,1.0,0.0
CART,time,2,fixed,C_b10_r50,50,0.1,0.02,93.4918699186992,0.1049186991869918,0.8333333333333334,0.1036585365853658
CART,time,2,fixed,C_b10_r50,50,0.1,0.05,218.18089430894312,0.10680894308943083,0.8333333333333334,0.1036585365853658
CART,time,2,fixed,C_b10_r50,50,0.1,0.1,425.9959349593496,0.10995934959349588,0.8333333333333334,0.1036585365853658
CART,time,2,fixed,C_b10_r50,50,0.1,0.15,633.810975609756,0.11310975609756091,0.8333333333333334,0.1036585365853658
CART,time,2,fixed,C_b20_r05,5,0.2,0.02,10.0,0.0,1.0,0.0
CART,time,2,fixed,C_b20_r05,5,0.2,0.05,25.0,0.0,1.0,0.0
CART,time,2,fixed,C_b20_r05,5,0.2,0.1,50.0,0.0,1.0,0.0
CART,time,2,fixed,C_b20_r05,5,0.2,0.15,75.0,0.0,1.0,0.0
CART,time,2,fixed,C_b20_r10,10,0.2,0.02,20.0,0.0,1.0,0.0
CART,time,2,fixed,C_b20_r10,10,0.2,0.05,50.0,0.0,1.0,0.0
CART,time,2,fixed,C_b20_r10,10,0.2,0.1,100.0,0.0,1.0,0.0
CART,time,2,fixed,C_b20_r10,10,0.2,0.15,150.0,0.0,1.0,0.0
CART,time,2,fixed,C_b20_r20,20,0.2,0.02,40.0,0.0,1.0,0.0
CART,time,2,fixed,C_b20_r20,20,0.2,0.05,100.0,0.0,1.0,0.0
CART,time,2,fixed,C_b20_r20,20,0.2,0.1,200.0,0.0,1.0,0.0
CART,time,2,fixed,C_b20_r20,20,0.2,0.15,300.0,0.0,1.0,0.0
CART,time,2,fixed,C_b20_r50,50,0.2,0.02,93.4918699186992,0.1049186991869918,0.8333333333333334,0.1036585365853658
CART,time,2,fixed,C_b20_r50,50,0.2,0.05,218.18089430894312,0.10680894308943083,0.8333333333333334,0.1036585365853658
CART,time,2,fixed,C_b20_r50,50,0.2,0.1,425.9959349593496,0.10995934959349588,0.8333333333333334,0.1036585365853658
CART,time,2,fixed,C_b20_r50,50,0.2,0.15,633.810975609756,0.11310975609756091,0.8333333333333334,0.1036585365853658
CART,time,2,fixed,TopK_b01,5,0.01,0.02,10.380081300813009,0.008800813008130074,0.9583333333333334,0.008130081300813
CART,time,2,fixed,TopK_b01,5,0.01,0.05,24.73069105691057,0.009806910569105681,0.9583333333333334,0.008130081300813
CART,time,2,fixed,TopK_b01,5,0.01,0.1,48.64837398373984,0.011483739837398364,0.9583333333333334,0.008130081300813
CART,time,2,fixed,TopK_b01,5,0.01,0.15,72.56605691056912,0.013160569105691043,0.9583333333333334,0.008130081300813
CART,time,2,fixed,TopK_b01,10,0.01,0.02,19.963414634146343,0.008800813008130074,0.9583333333333334,0.008130081300813
CART,time,2,fixed,TopK_b01,10,0.01,0.05,48.6890243902439,0.009806910569105681,0.9583333333333334,0.008130081300813
CART,time,2,fixed,TopK_b01,10,0.01,0.1,96.5650406504065,0.011483739837398364,0.9583333333333334,0.008130081300813
CART,time,2,fixed,TopK_b01,10,0.01,0.15,144.4410569105691,0.013160569105691043,0.9583333333333334,0.008130081300813
CART,time,2,fixed,TopK_b01,20,0.01,0.02,39.13008130081301,0.008800813008130074,0.9583333333333334,0.008130081300813
CART,time,2,fixed,TopK_b01,20,0.01,0.05,96.60569105691057,0.009806910569105681,0.9583333333333334,0.008130081300813
CART,time,2,fixed,TopK_b01,20,0.01,0.1,192.39837398373984,0.011483739837398364,0.9583333333333334,0.008130081300813
CART,time,2,fixed,TopK_b01,20,0.01,0.15,288.1910569105691,0.013160569105691043,0.9583333333333334,0.008130081300813
CART,time,2,fixed,TopK_b01,50,0.01,0.02,96.630081300813,0.008800813008130074,0.9583333333333334,0.008130081300813
CART,time,2,fixed,TopK_b01,50,0.01,0.05,240.3556910569106,0.009806910569105681,0.9583333333333334,0.008130081300813
CART,time,2,fixed,TopK_b01,50,0.01,0.1,479.8983739837398,0.011483739837398364,0.9583333333333334,0.008130081300813
CART,time,2,fixed,TopK_b01,50,0.01,0.15,719.441056910569,0.013160569105691043,0.9583333333333334,0.008130081300813
CART,time,2,fixed,TopK_b05,5,0.05,0.02,13.747967479674788,0.047479674796747875,0.9166666666666666,0.0467479674796747
CART,time,2,fixed,TopK_b05,5,0.05,0.05,27.35772357723576,0.048577235772357626,0.9166666666666666,0.0467479674796747
CART,time,2,fixed,TopK_b05,5,0.05,0.1,50.04065040650405,0.05040650406504057,0.9166666666666666,0.0467479674796747
CART,time,2,fixed,TopK_b05,5,0.05,0.15,72.72357723577235,0.052235772357723496,0.9166666666666666,0.0467479674796747
CART,time,2,fixed,TopK_b05,10,0.05,0.02,22.914634146341456,0.047479674796747875,0.9166666666666666,0.0467479674796747
CART,time,2,fixed,TopK_b05,10,0.05,0.05,50.274390243902424,0.048577235772357626,0.9166666666666666,0.0467479674796747
CART,time,2,fixed,TopK_b05,10,0.05,0.1,95.87398373983739,0.05040650406504057,0.9166666666666666,0.0467479674796747
CART,time,2,fixed,TopK_b05,10,0.05,0.15,141.47357723577235,0.052235772357723496,0.9166666666666666,0.0467479674796747
CART,time,2,fixed,TopK_b05,20,0.05,0.02,41.24796747967479,0.047479674796747875,0.9166666666666666,0.0467479674796747
CART,time,2,fixed,TopK_b05,20,0.05,0.05,96.10772357723576,0.048577235772357626,0.9166666666666666,0.0467479674796747
CART,time,2,fixed,TopK_b05,20,0.05,0.1,187.54065040650406,0.05040650406504057,0.9166666666666666,0.0467479674796747
CART,time,2,fixed,TopK_b05,20,0.05,0.15,278.9735772357723,0.052235772357723496,0.9166666666666666,0.0467479674796747
CART,time,2,fixed,TopK_b05,50,0.05,0.02,96.24796747967478,0.047479674796747875,0.9166666666666666,0.0467479674796747
CART,time,2,fixed,TopK_b05,50,0.05,0.05,233.60772357723576,0.048577235772357626,0.9166666666666666,0.0467479674796747
CART,time,2,fixed,TopK_b05,50,0.05,0.1,462.540650406504,0.05040650406504057,0.9166666666666666,0.0467479674796747
CART,time,2,fixed,TopK_b05,50,0.05,0.15,691.4735772357724,0.052235772357723496,0.9166666666666666,0.0467479674796747
CART,time,2,fixed,TopK_b10,5,0.1,0.02,17.69512195121951,0.09695121951219507,0.8333333333333334,0.0955284552845528
CART,time,2,fixed,TopK_b10,5,0.1,0.05,29.90853658536585,0.09908536585365849,0.8333333333333334,0.0955284552845528
CART,time,2,fixed,TopK_b10,5,0.1,0.1,50.26422764227642,0.10264227642276418,0.8333333333333334,0.0955284552845528
CART,time,2,fixed,TopK_b10,5,0.1,0.15,70.619918699187,0.10619918699186986,0.8333333333333334,0.0955284552845528
CART,time,2,fixed,TopK_b10,10,0.1,0.02,26.02845528455284,0.09695121951219507,0.8333333333333334,0.0955284552845528
CART,time,2,fixed,TopK_b10,10,0.1,0.05,50.74186991869918,0.09908536585365849,0.8333333333333334,0.0955284552845528
CART,time,2,fixed,TopK_b10,10,0.1,0.1,91.9308943089431,0.10264227642276418,0.8333333333333334,0.0955284552845528
CART,time,2,fixed,TopK_b10,10,0.1,0.15,133.11991869918697,0.10619918699186986,0.8333333333333334,0.0955284552845528
CART,time,2,fixed,TopK_b10,20,0.1,0.02,42.69512195121951,0.09695121951219507,0.8333333333333334,0.0955284552845528
CART,time,2,fixed,TopK_b10,20,0.1,0.05,92.40853658536585,0.09908536585365849,0.8333333333333334,0.0955284552845528
CART,time,2,fixed,TopK_b10,20,0.1,0.1,175.26422764227644,0.10264227642276418,0.8333333333333334,0.0955284552845528
CART,time,2,fixed,TopK_b10,20,0.1,0.15,258.119918699187,0.10619918699186986,0.8333333333333334,0.0955284552845528
CART,time,2,fixed,TopK_b10,50,0.1,0.02,92.69512195121952,0.09695121951219507,0.8333333333333334,0.0955284552845528
CART,time,2,fixed,TopK_b10,50,0.1,0.05,217.40853658536588,0.09908536585365849,0.8333333333333334,0.0955284552845528
CART,time,2,fixed,TopK_b10,50,0.1,0.1,425.26422764227647,0.10264227642276418,0.8333333333333334,0.0955284552845528
CART,time,2,fixed,TopK_b10,50,0.1,0.15,633.119918699187,0.10619918699186986,0.8333333333333334,0.0955284552845528
CART,time,2,fixed,TopK_b20,5,0.2,0.02,24.97357723577236,0.1947357723577236,0.625,0.1910569105691057
CART,time,2,fixed,TopK_b20,5,0.2,0.05,33.77540650406504,0.2002540650406504,0.625,0.1910569105691057
CART,time,2,fixed,TopK_b20,5,0.2,0.1,48.44512195121952,0.20945121951219514,0.625,0.1910569105691057
CART,time,2,fixed,TopK_b20,5,0.2,0.15,63.11483739837398,0.21864837398373985,0.625,0.1910569105691057
CART,time,2,fixed,TopK_b20,10,0.2,0.02,31.22357723577236,0.1947357723577236,0.625,0.1910569105691057
CART,time,2,fixed,TopK_b20,10,0.2,0.05,49.40040650406504,0.2002540650406504,0.625,0.1910569105691057
CART,time,2,fixed,TopK_b20,10,0.2,0.1,79.69512195121952,0.20945121951219514,0.625,0.1910569105691057
CART,time,2,fixed,TopK_b20,10,0.2,0.15,109.98983739837398,0.21864837398373985,0.625,0.1910569105691057
CART,time,2,fixed,TopK_b20,20,0.2,0.02,43.72357723577236,0.1947357723577236,0.625,0.1910569105691057
CART,time,2,fixed,TopK_b20,20,0.2,0.05,80.65040650406505,0.2002540650406504,0.625,0.1910569105691057
CART,time,2,fixed,TopK_b20,20,0.2,0.1,142.1951219512195,0.20945121951219514,0.625,0.1910569105691057
CART,time,2,fixed,TopK_b20,20,0.2,0.15,203.739837398374,0.21864837398373985,0.625,0.1910569105691057
CART,time,2,fixed,TopK_b20,50,0.2,0.02,81.22357723577235,0.1947357723577236,0.625,0.1910569105691057
CART,time,2,fixed,TopK_b20,50,0.2,0.05,174.40040650406505,0.2002540650406504,0.625,0.1910569105691057
CART,time,2,fixed,TopK_b20,50,0.2,0.1,329.6951219512195,0.20945121951219514,0.625,0.1910569105691057
CART,time,2,fixed,TopK_b20,50,0.2,0.15,484.98983739837394,0.21864837398373985,0.625,0.1910569105691057
CART,time,2,refitted,none,5,,0.02,10.0,0.0,1.0,0.0
CART,time,2,refitted,none,5,,0.05,25.0,0.0,1.0,0.0
CART,time,2,refitted,none,5,,0.1,50.0,0.0,1.0,0.0
CART,time,2,refitted,none,5,,0.15,75.0,0.0,1.0,0.0
CART,time,2,refitted,none,10,,0.02,20.0,0.0,1.0,0.0
CART,time,2,refitted,none,10,,0.05,50.0,0.0,1.0,0.0
CART,time,2,refitted,none,10,,0.1,100.0,0.0,1.0,0.0
CART,time,2,refitted,none,10,,0.15,150.0,0.0,1.0,0.0
CART,time,2,refitted,none,20,,0.02,40.0,0.0,1.0,0.0
CART,time,2,refitted,none,20,,0.05,100.0,0.0,1.0,0.0
CART,time,2,refitted,none,20,,0.1,200.0,0.0,1.0,0.0
CART,time,2,refitted,none,20,,0.15,300.0,0.0,1.0,0.0
CART,time,2,refitted,none,50,,0.02,100.0,0.0,1.0,0.0
CART,time,2,refitted,none,50,,0.05,250.0,0.0,1.0,0.0
CART,time,2,refitted,none,50,,0.1,500.0,0.0,1.0,0.0
CART,time,2,refitted,none,50,,0.15,750.0,0.0,1.0,0.0
CART,time,2,refitted,A_b01,5,0.01,0.02,10.199186991869915,0.001991869918699136,1.0,0.0020325203252032
CART,time,2,refitted,A_b01,5,0.01,0.05,25.193089430894304,0.00193089430894304,1.0,0.0020325203252032
CART,time,2,refitted,A_b01,5,0.01,0.1,50.18292682926829,0.0018292682926828803,1.0,0.0020325203252032
CART,time,2,refitted,A_b01,5,0.01,0.15,75.17276422764228,0.0017276422764227202,1.0,0.0020325203252032
CART,time,2,refitted,A_b01,10,0.01,0.02,20.199186991869915,0.001991869918699136,1.0,0.0020325203252032
CART,time,2,refitted,A_b01,10,0.01,0.05,50.1930894308943,0.00193089430894304,1.0,0.0020325203252032
CART,time,2,refitted,A_b01,10,0.01,0.1,100.18292682926828,0.0018292682926828803,1.0,0.0020325203252032
CART,time,2,refitted,A_b01,10,0.01,0.15,150.17276422764226,0.0017276422764227202,1.0,0.0020325203252032
CART,time,2,refitted,A_b01,20,0.01,0.02,40.199186991869915,0.001991869918699136,1.0,0.0020325203252032
CART,time,2,refitted,A_b01,20,0.01,0.05,100.1930894308943,0.00193089430894304,1.0,0.0020325203252032
CART,time,2,refitted,A_b01,20,0.01,0.1,200.1829268292683,0.0018292682926828803,1.0,0.0020325203252032
CART,time,2,refitted,A_b01,20,0.01,0.15,300.17276422764223,0.0017276422764227202,1.0,0.0020325203252032
CART,time,2,refitted,A_b01,50,0.01,0.02,100.19918699186991,0.001991869918699136,1.0,0.0020325203252032
CART,time,2,refitted,A_b01,50,0.01,0.05,250.1930894308943,0.00193089430894304,1.0,0.0020325203252032
CART,time,2,refitted,A_b01,50,0.01,0.1,500.1829268292683,0.0018292682926828803,1.0,0.0020325203252032
CART,time,2,refitted,A_b01,50,0.01,0.15,750.1727642276423,0.0017276422764227202,1.0,0.0020325203252032
CART,time,2,refitted,A_b05,5,0.05,0.02,12.78861788617886,0.02788617886178859,1.0,0.0284552845528455
CART,time,2,refitted,A_b05,5,0.05,0.05,27.70325203252032,0.027032520325203223,1.0,0.0284552845528455
CART,time,2,refitted,A_b05,5,0.05,0.1,52.5609756097561,0.02560975609756095,1.0,0.0284552845528455
CART,time,2,refitted,A_b05,5,0.05,0.15,77.41869918699187,0.024186991869918673,1.0,0.0284552845528455
CART,time,2,refitted,A_b05,10,0.05,0.02,22.788617886178862,0.02788617886178859,1.0,0.0284552845528455
CART,time,2,refitted,A_b05,10,0.05,0.05,52.70325203252032,0.027032520325203223,1.0,0.0284552845528455
CART,time,2,refitted,A_b05,10,0.05,0.1,102.5609756097561,0.02560975609756095,1.0,0.0284552845528455
CART,time,2,refitted,A_b05,10,0.05,0.15,152.41869918699186,0.024186991869918673,1.0,0.0284552845528455
CART,time,2,refitted,A_b05,20,0.05,0.02,42.78861788617886,0.02788617886178859,1.0,0.0284552845528455
CART,time,2,refitted,A_b05,20,0.05,0.05,102.70325203252033,0.027032520325203223,1.0,0.0284552845528455
CART,time,2,refitted,A_b05,20,0.05,0.1,202.56097560975607,0.02560975609756095,1.0,0.0284552845528455
CART,time,2,refitted,A_b05,20,0.05,0.15,302.41869918699183,0.024186991869918673,1.0,0.0284552845528455
CART,time,2,refitted,A_b05,50,0.05,0.02,102.78861788617886,0.02788617886178859,1.0,0.0284552845528455
CART,time,2,refitted,A_b05,50,0.05,0.05,252.7032520325203,0.027032520325203223,1.0,0.0284552845528455
CART,time,2,refitted,A_b05,50,0.05,0.1,502.5609756097561,0.02560975609756095,1.0,0.0284552845528455
CART,time,2,refitted,A_b05,50,0.05,0.15,752.418699186992,0.024186991869918673,1.0,0.0284552845528455
CART,time,2,refitted,A_b10,5,0.1,0.02,16.319105691056905,0.07819105691056903,0.875,0.0772357723577235
CART,time,2,refitted,A_b10,5,0.1,0.05,29.212398373983735,0.07962398373983733,0.875,0.0772357723577235
CART,time,2,refitted,A_b10,5,0.1,0.1,50.70121951219512,0.08201219512195115,0.875,0.0772357723577235
CART,time,2,refitted,A_b10,5,0.1,0.15,72.1900406504065,0.08440040650406497,0.875,0.0772357723577235
CART,time,2,refitted,A_b10,10,0.1,0.02,25.069105691056905,0.07819105691056903,0.875,0.0772357723577235
CART,time,2,refitted,A_b10,10,0.1,0.05,51.08739837398373,0.07962398373983733,0.875,0.0772357723577235
CART,time,2,refitted,A_b10,10,0.1,0.1,94.45121951219512,0.08201219512195115,0.875,0.0772357723577235
CART,time,2,refitted,A_b10,10,0.1,0.15,137.8150406504065,0.08440040650406497,0.875,0.0772357723577235
CART,time,2,refitted,A_b10,20,0.1,0.02,42.569105691056905,0.07819105691056903,0.875,0.0772357723577235
CART,time,2,refitted,A_b10,20,0.1,0.05,94.83739837398373,0.07962398373983733,0.875,0.0772357723577235
CART,time,2,refitted,A_b10,20,0.1,0.1,181.9512195121951,0.08201219512195115,0.875,0.0772357723577235
CART,time,2,refitted,A_b10,20,0.1,0.15,269.0650406504065,0.08440040650406497,0.875,0.0772357723577235
CART,time,2,refitted,A_b10,50,0.1,0.02,95.0691056910569,0.07819105691056903,0.875,0.0772357723577235
CART,time,2,refitted,A_b10,50,0.1,0.05,226.08739837398372,0.07962398373983733,0.875,0.0772357723577235
CART,time,2,refitted,A_b10,50,0.1,0.1,444.4512195121951,0.08201219512195115,0.875,0.0772357723577235
CART,time,2,refitted,A_b10,50,0.1,0.15,662.8150406504064,0.08440040650406497,0.875,0.0772357723577235
CART,time,2,refitted,A_b20,5,0.2,0.02,28.396341463414625,0.21896341463414626,0.7083333333333334,0.2174796747967479
CART,time,2,refitted,A_b20,5,0.2,0.05,38.36890243902438,0.22118902439024382,0.7083333333333334,0.2174796747967479
CART,time,2,refitted,A_b20,5,0.2,0.1,54.98983739837398,0.2248983739837398,0.7083333333333334,0.2174796747967479
CART,time,2,refitted,A_b20,5,0.2,0.15,71.61077235772358,0.2286077235772357,0.7083333333333334,0.2174796747967479
CART,time,2,refitted,A_b20,10,0.2,0.02,35.479674796747965,0.21896341463414626,0.7083333333333334,0.2174796747967479
CART,time,2,refitted,A_b20,10,0.2,0.05,56.07723577235772,0.22118902439024382,0.7083333333333334,0.2174796747967479
CART,time,2,refitted,A_b20,10,0.2,0.1,90.40650406504065,0.2248983739837398,0.7083333333333334,0.2174796747967479
CART,time,2,refitted,A_b20,10,0.2,0.15,124.73577235772358,0.2286077235772357,0.7083333333333334,0.2174796747967479
CART,time,2,refitted,A_b20,20,0.2,0.02,49.646341463414636,0.21896341463414626,0.7083333333333334,0.2174796747967479
CART,time,2,refitted,A_b20,20,0.2,0.05,91.49390243902438,0.22118902439024382,0.7083333333333334,0.2174796747967479
CART,time,2,refitted,A_b20,20,0.2,0.1,161.23983739837396,0.2248983739837398,0.7083333333333334,0.2174796747967479
CART,time,2,refitted,A_b20,20,0.2,0.15,230.98577235772356,0.2286077235772357,0.7083333333333334,0.2174796747967479
CART,time,2,refitted,A_b20,50,0.2,0.02,92.14634146341463,0.21896341463414626,0.7083333333333334,0.2174796747967479
CART,time,2,refitted,A_b20,50,0.2,0.05,197.7439024390244,0.22118902439024382,0.7083333333333334,0.2174796747967479
CART,time,2,refitted,A_b20,50,0.2,0.1,373.739837398374,0.2248983739837398,0.7083333333333334,0.2174796747967479
CART,time,2,refitted,A_b20,50,0.2,0.15,549.7357723577236,0.2286077235772357,0.7083333333333334,0.2174796747967479
CART,time,2,refitted,B_r05,5,,0.02,10.0,0.0,1.0,0.0
CART,time,2,refitted,B_r05,5,,0.05,25.0,0.0,1.0,0.0
CART,time,2,refitted,B_r05,5,,0.1,50.0,0.0,1.0,0.0
CART,time,2,refitted,B_r05,5,,0.15,75.0,0.0,1.0,0.0
CART,time,2,refitted,B_r10,10,,0.02,20.0,0.0,1.0,0.0
CART,time,2,refitted,B_r10,10,,0.05,50.0,0.0,1.0,0.0
CART,time,2,refitted,B_r10,10,,0.1,100.0,0.0,1.0,0.0
CART,time,2,refitted,B_r10,10,,0.15,150.0,0.0,1.0,0.0
CART,time,2,refitted,B_r20,20,,0.02,61.70325203252032,0.40953252032520315,0.5416666666666666,0.4085365853658536
CART,time,2,refitted,B_r20,20,,0.05,92.97764227642276,0.4110264227642275,0.5416666666666666,0.4085365853658536
CART,time,2,refitted,B_r20,20,,0.1,145.10162601626016,0.41351626016260157,0.5416666666666666,0.4085365853658536
CART,time,2,refitted,B_r20,20,,0.15,197.22560975609755,0.4160060975609755,0.5416666666666666,0.4085365853658536
CART,time,2,refitted,B_r50,50,,0.02,94.20325203252031,0.40953252032520315,0.5416666666666666,0.4085365853658536
CART,time,2,refitted,B_r50,50,,0.05,174.22764227642273,0.4110264227642275,0.5416666666666666,0.4085365853658536
CART,time,2,refitted,B_r50,50,,0.1,307.6016260162601,0.41351626016260157,0.5416666666666666,0.4085365853658536
CART,time,2,refitted,B_r50,50,,0.15,440.9756097560976,0.4160060975609755,0.5416666666666666,0.4085365853658536
CART,time,2,refitted,C_b01_r05,5,0.01,0.02,10.0,0.0,1.0,0.0
CART,time,2,refitted,C_b01_r05,5,0.01,0.05,25.0,0.0,1.0,0.0
CART,time,2,refitted,C_b01_r05,5,0.01,0.1,50.0,0.0,1.0,0.0
CART,time,2,refitted,C_b01_r05,5,0.01,0.15,75.0,0.0,1.0,0.0
CART,time,2,refitted,C_b01_r10,10,0.01,0.02,20.0,0.0,1.0,0.0
CART,time,2,refitted,C_b01_r10,10,0.01,0.05,50.0,0.0,1.0,0.0
CART,time,2,refitted,C_b01_r10,10,0.01,0.1,100.0,0.0,1.0,0.0
CART,time,2,refitted,C_b01_r10,10,0.01,0.15,150.0,0.0,1.0,0.0
CART,time,2,refitted,C_b01_r20,20,0.01,0.02,40.0,0.0,1.0,0.0
CART,time,2,refitted,C_b01_r20,20,0.01,0.05,100.0,0.0,1.0,0.0
CART,time,2,refitted,C_b01_r20,20,0.01,0.1,200.0,0.0,1.0,0.0
CART,time,2,refitted,C_b01_r20,20,0.01,0.15,300.0,0.0,1.0,0.0
CART,time,2,refitted,C_b01_r50,50,0.01,0.02,100.0,0.0,1.0,0.0
CART,time,2,refitted,C_b01_r50,50,0.01,0.05,250.0,0.0,1.0,0.0
CART,time,2,refitted,C_b01_r50,50,0.01,0.1,500.0,0.0,1.0,0.0
CART,time,2,refitted,C_b01_r50,50,0.01,0.15,750.0,0.0,1.0,0.0
CART,time,2,refitted,C_b05_r05,5,0.05,0.02,10.0,0.0,1.0,0.0
CART,time,2,refitted,C_b05_r05,5,0.05,0.05,25.0,0.0,1.0,0.0
CART,time,2,refitted,C_b05_r05,5,0.05,0.1,50.0,0.0,1.0,0.0
CART,time,2,refitted,C_b05_r05,5,0.05,0.15,75.0,0.0,1.0,0.0
CART,time,2,refitted,C_b05_r10,10,0.05,0.02,20.0,0.0,1.0,0.0
CART,time,2,refitted,C_b05_r10,10,0.05,0.05,50.0,0.0,1.0,0.0
CART,time,2,refitted,C_b05_r10,10,0.05,0.1,100.0,0.0,1.0,0.0
CART,time,2,refitted,C_b05_r10,10,0.05,0.15,150.0,0.0,1.0,0.0
CART,time,2,refitted,C_b05_r20,20,0.05,0.02,40.0,0.0,1.0,0.0
CART,time,2,refitted,C_b05_r20,20,0.05,0.05,100.0,0.0,1.0,0.0
CART,time,2,refitted,C_b05_r20,20,0.05,0.1,200.0,0.0,1.0,0.0
CART,time,2,refitted,C_b05_r20,20,0.05,0.15,300.0,0.0,1.0,0.0
CART,time,2,refitted,C_b05_r50,50,0.05,0.02,100.0,0.0,1.0,0.0
CART,time,2,refitted,C_b05_r50,50,0.05,0.05,250.0,0.0,1.0,0.0
CART,time,2,refitted,C_b05_r50,50,0.05,0.1,500.0,0.0,1.0,0.0
CART,time,2,refitted,C_b05_r50,50,0.05,0.15,750.0,0.0,1.0,0.0
CART,time,2,refitted,C_b10_r05,5,0.1,0.02,10.0,0.0,1.0,0.0
CART,time,2,refitted,C_b10_r05,5,0.1,0.05,25.0,0.0,1.0,0.0
CART,time,2,refitted,C_b10_r05,5,0.1,0.1,50.0,0.0,1.0,0.0
CART,time,2,refitted,C_b10_r05,5,0.1,0.15,75.0,0.0,1.0,0.0
CART,time,2,refitted,C_b10_r10,10,0.1,0.02,20.0,0.0,1.0,0.0
CART,time,2,refitted,C_b10_r10,10,0.1,0.05,50.0,0.0,1.0,0.0
CART,time,2,refitted,C_b10_r10,10,0.1,0.1,100.0,0.0,1.0,0.0
CART,time,2,refitted,C_b10_r10,10,0.1,0.15,150.0,0.0,1.0,0.0
CART,time,2,refitted,C_b10_r20,20,0.1,0.02,40.0,0.0,1.0,0.0
CART,time,2,refitted,C_b10_r20,20,0.1,0.05,100.0,0.0,1.0,0.0
CART,time,2,refitted,C_b10_r20,20,0.1,0.1,200.0,0.0,1.0,0.0
CART,time,2,refitted,C_b10_r20,20,0.1,0.15,300.0,0.0,1.0,0.0
CART,time,2,refitted,C_b10_r50,50,0.1,0.02,97.4430894308943,0.05943089430894308,0.9166666666666666,0.0589430894308943
CART,time,2,refitted,C_b10_r50,50,0.1,0.05,234.7662601626016,0.06016260162601624,0.9166666666666666,0.0589430894308943
CART,time,2,refitted,C_b10_r50,50,0.1,0.1,463.63821138211375,0.06138211382113821,0.9166666666666666,0.0589430894308943
CART,time,2,refitted,C_b10_r50,50,0.1,0.15,692.510162601626,0.06260162601626015,0.9166666666666666,0.0589430894308943
CART,time,2,refitted,C_b20_r05,5,0.2,0.02,10.0,0.0,1.0,0.0
CART,time,2,refitted,C_b20_r05,5,0.2,0.05,25.0,0.0,1.0,0.0
CART,time,2,refitted,C_b20_r05,5,0.2,0.1,50.0,0.0,1.0,0.0
CART,time,2,refitted,C_b20_r05,5,0.2,0.15,75.0,0.0,1.0,0.0
CART,time,2,refitted,C_b20_r10,10,0.2,0.02,20.0,0.0,1.0,0.0
CART,time,2,refitted,C_b20_r10,10,0.2,0.05,50.0,0.0,1.0,0.0
CART,time,2,refitted,C_b20_r10,10,0.2,0.1,100.0,0.0,1.0,0.0
CART,time,2,refitted,C_b20_r10,10,0.2,0.15,150.0,0.0,1.0,0.0
CART,time,2,refitted,C_b20_r20,20,0.2,0.02,40.0,0.0,1.0,0.0
CART,time,2,refitted,C_b20_r20,20,0.2,0.05,100.0,0.0,1.0,0.0
CART,time,2,refitted,C_b20_r20,20,0.2,0.1,200.0,0.0,1.0,0.0
CART,time,2,refitted,C_b20_r20,20,0.2,0.15,300.0,0.0,1.0,0.0
CART,time,2,refitted,C_b20_r50,50,0.2,0.02,97.4430894308943,0.05943089430894308,0.9166666666666666,0.0589430894308943
CART,time,2,refitted,C_b20_r50,50,0.2,0.05,234.7662601626016,0.06016260162601624,0.9166666666666666,0.0589430894308943
CART,time,2,refitted,C_b20_r50,50,0.2,0.1,463.63821138211375,0.06138211382113821,0.9166666666666666,0.0589430894308943
CART,time,2,refitted,C_b20_r50,50,0.2,0.15,692.510162601626,0.06260162601626015,0.9166666666666666,0.0589430894308943
CART,time,2,refitted,TopK_b01,5,0.01,0.02,10.995934959349588,0.009959349593495875,1.0,0.0101626016260162
CART,time,2,refitted,TopK_b01,5,0.01,0.05,25.965447154471537,0.009654471544715389,1.0,0.0101626016260162
CART,time,2,refitted,TopK_b01,5,0.01,0.1,50.914634146341456,0.00914634146341458,1.0,0.0101626016260162
CART,time,2,refitted,TopK_b01,5,0.01,0.15,75.86382113821138,0.00863821138211377,1.0,0.0101626016260162
CART,time,2,refitted,TopK_b01,10,0.01,0.02,20.995934959349587,0.009959349593495875,1.0,0.0101626016260162
CART,time,2,refitted,TopK_b01,10,0.01,0.05,50.96544715447154,0.009654471544715389,1.0,0.0101626016260162
CART,time,2,refitted,TopK_b01,10,0.01,0.1,100.91463414634146,0.00914634146341458,1.0,0.0101626016260162
CART,time,2,refitted,TopK_b01,10,0.01,0.15,150.86382113821136,0.00863821138211377,1.0,0.0101626016260162
CART,time,2,refitted,TopK_b01,20,0.01,0.02,40.99593495934959,0.009959349593495875,1.0,0.0101626016260162
CART,time,2,refitted,TopK_b01,20,0.01,0.05,100.96544715447153,0.009654471544715389,1.0,0.0101626016260162
CART,time,2,refitted,TopK_b01,20,0.01,0.1,200.91463414634148,0.00914634146341458,1.0,0.0101626016260162
CART,time,2,refitted,TopK_b01,20,0.01,0.15,300.8638211382114,0.00863821138211377,1.0,0.0101626016260162
CART,time,2,refitted,TopK_b01,50,0.01,0.02,100.9959349593496,0.009959349593495875,1.0,0.0101626016260162
CART,time,2,refitted,TopK_b01,50,0.01,0.05,250.96544715447155,0.009654471544715389,1.0,0.0101626016260162
CART,time,2,refitted,TopK_b01,50,0.01,0.1,500.9146341463414,0.00914634146341458,1.0,0.0101626016260162
CART,time,2,refitted,TopK_b01,50,0.01,0.15,750.8638211382114,0.00863821138211377,1.0,0.0101626016260162
CART,time,2,refitted,TopK_b05,5,0.05,0.02,13.747967479674788,0.047479674796747875,0.9166666666666666,0.0467479674796747
CART,time,2,refitted,TopK_b05,5,0.05,0.05,27.35772357723576,0.048577235772357626,0.9166666666666666,0.0467479674796747
CART,time,2,refitted,TopK_b05,5,0.05,0.1,50.04065040650405,0.05040650406504057,0.9166666666666666,0.0467479674796747
CART,time,2,refitted,TopK_b05,5,0.05,0.15,72.72357723577235,0.052235772357723496,0.9166666666666666,0.0467479674796747
CART,time,2,refitted,TopK_b05,10,0.05,0.02,22.914634146341456,0.047479674796747875,0.9166666666666666,0.0467479674796747
CART,time,2,refitted,TopK_b05,10,0.05,0.05,50.274390243902424,0.048577235772357626,0.9166666666666666,0.0467479674796747
CART,time,2,refitted,TopK_b05,10,0.05,0.1,95.87398373983739,0.05040650406504057,0.9166666666666666,0.0467479674796747
CART,time,2,refitted,TopK_b05,10,0.05,0.15,141.47357723577235,0.052235772357723496,0.9166666666666666,0.0467479674796747
CART,time,2,refitted,TopK_b05,20,0.05,0.02,41.24796747967479,0.047479674796747875,0.9166666666666666,0.0467479674796747
CART,time,2,refitted,TopK_b05,20,0.05,0.05,96.10772357723576,0.048577235772357626,0.9166666666666666,0.0467479674796747
CART,time,2,refitted,TopK_b05,20,0.05,0.1,187.54065040650406,0.05040650406504057,0.9166666666666666,0.0467479674796747
CART,time,2,refitted,TopK_b05,20,0.05,0.15,278.9735772357723,0.052235772357723496,0.9166666666666666,0.0467479674796747
CART,time,2,refitted,TopK_b05,50,0.05,0.02,96.24796747967478,0.047479674796747875,0.9166666666666666,0.0467479674796747
CART,time,2,refitted,TopK_b05,50,0.05,0.05,233.60772357723576,0.048577235772357626,0.9166666666666666,0.0467479674796747
CART,time,2,refitted,TopK_b05,50,0.05,0.1,462.540650406504,0.05040650406504057,0.9166666666666666,0.0467479674796747
CART,time,2,refitted,TopK_b05,50,0.05,0.15,691.4735772357724,0.052235772357723496,0.9166666666666666,0.0467479674796747
CART,time,2,refitted,TopK_b10,5,0.1,0.02,18.3109756097561,0.09810975609756098,0.875,0.0975609756097561
CART,time,2,refitted,TopK_b10,5,0.1,0.05,31.143292682926827,0.0989329268292683,0.875,0.0975609756097561
CART,time,2,refitted,TopK_b10,5,0.1,0.1,52.53048780487804,0.1003048780487805,0.875,0.0975609756097561
CART,time,2,refitted,TopK_b10,5,0.1,0.15,73.91768292682926,0.10167682926829269,0.875,0.0975609756097561
CART,time,2,refitted,TopK_b10,10,0.1,0.02,27.0609756097561,0.09810975609756098,0.875,0.0975609756097561
CART,time,2,refitted,TopK_b10,10,0.1,0.05,53.01829268292683,0.0989329268292683,0.875,0.0975609756097561
CART,time,2,refitted,TopK_b10,10,0.1,0.1,96.28048780487805,0.1003048780487805,0.875,0.0975609756097561
CART,time,2,refitted,TopK_b10,10,0.1,0.15,139.5426829268293,0.10167682926829269,0.875,0.0975609756097561
CART,time,2,refitted,TopK_b10,20,0.1,0.02,44.560975609756106,0.09810975609756098,0.875,0.0975609756097561
CART,time,2,refitted,TopK_b10,20,0.1,0.05,96.76829268292683,0.0989329268292683,0.875,0.0975609756097561
CART,time,2,refitted,TopK_b10,20,0.1,0.1,183.78048780487805,0.1003048780487805,0.875,0.0975609756097561
CART,time,2,refitted,TopK_b10,20,0.1,0.15,270.7926829268293,0.10167682926829269,0.875,0.0975609756097561
CART,time,2,refitted,TopK_b10,50,0.1,0.02,97.0609756097561,0.09810975609756098,0.875,0.0975609756097561
CART,time,2,refitted,TopK_b10,50,0.1,0.05,228.01829268292684,0.0989329268292683,0.875,0.0975609756097561
CART,time,2,refitted,TopK_b10,50,0.1,0.1,446.2804878048781,0.1003048780487805,0.875,0.0975609756097561
CART,time,2,refitted,TopK_b10,50,0.1,0.15,664.5426829268292,0.10167682926829269,0.875,0.0975609756097561
CART,time,2,refitted,TopK_b20,5,0.2,0.02,26.20528455284553,0.19705284552845528,0.7083333333333334,0.1951219512195122
CART,time,2,refitted,TopK_b20,5,0.2,0.05,36.24491869918699,0.19994918699186992,0.7083333333333334,0.1951219512195122
CART,time,2,refitted,TopK_b20,5,0.2,0.1,52.97764227642276,0.20477642276422767,0.7083333333333334,0.1951219512195122
CART,time,2,refitted,TopK_b20,5,0.2,0.15,69.71036585365854,0.20960365853658536,0.7083333333333334,0.1951219512195122
CART,time,2,refitted,TopK_b20,10,0.2,0.02,33.28861788617886,0.19705284552845528,0.7083333333333334,0.1951219512195122
CART,time,2,refitted,TopK_b20,10,0.2,0.05,53.953252032520325,0.19994918699186992,0.7083333333333334,0.1951219512195122
CART,time,2,refitted,TopK_b20,10,0.2,0.1,88.39430894308944,0.20477642276422767,0.7083333333333334,0.1951219512195122
CART,time,2,refitted,TopK_b20,10,0.2,0.15,122.83536585365853,0.20960365853658536,0.7083333333333334,0.1951219512195122
CART,time,2,refitted,TopK_b20,20,0.2,0.02,47.455284552845534,0.19705284552845528,0.7083333333333334,0.1951219512195122
CART,time,2,refitted,TopK_b20,20,0.2,0.05,89.369918699187,0.19994918699186992,0.7083333333333334,0.1951219512195122
CART,time,2,refitted,TopK_b20,20,0.2,0.1,159.22764227642276,0.20477642276422767,0.7083333333333334,0.1951219512195122
CART,time,2,refitted,TopK_b20,20,0.2,0.15,229.08536585365854,0.20960365853658536,0.7083333333333334,0.1951219512195122
CART,time,2,refitted,TopK_b20,50,0.2,0.02,89.95528455284554,0.19705284552845528,0.7083333333333334,0.1951219512195122
CART,time,2,refitted,TopK_b20,50,0.2,0.05,195.619918699187,0.19994918699186992,0.7083333333333334,0.1951219512195122
CART,time,2,refitted,TopK_b20,50,0.2,0.1,371.7276422764228,0.20477642276422767,0.7083333333333334,0.1951219512195122
CART,time,2,refitted,TopK_b20,50,0.2,0.15,547.8353658536586,0.20960365853658536,0.7083333333333334,0.1951219512195122
CART,time,3,fixed,none,5,,0.02,10.0,0.0,1.0,0.0
CART,time,3,fixed,none,5,,0.05,25.0,0.0,1.0,0.0
CART,time,3,fixed,none,5,,0.1,50.0,0.0,1.0,0.0
CART,time,3,fixed,none,5,,0.15,75.0,0.0,1.0,0.0
CART,time,3,fixed,none,10,,0.02,20.0,0.0,1.0,0.0
CART,time,3,fixed,none,10,,0.05,50.0,0.0,1.0,0.0
CART,time,3,fixed,none,10,,0.1,100.0,0.0,1.0,0.0
CART,time,3,fixed,none,10,,0.15,150.0,0.0,1.0,0.0
CART,time,3,fixed,none,20,,0.02,40.0,0.0,1.0,0.0
CART,time,3,fixed,none,20,,0.05,100.0,0.0,1.0,0.0
CART,time,3,fixed,none,20,,0.1,200.0,0.0,1.0,0.0
CART,time,3,fixed,none,20,,0.15,300.0,0.0,1.0,0.0
CART,time,3,fixed,none,50,,0.02,100.0,0.0,1.0,0.0
CART,time,3,fixed,none,50,,0.05,250.0,0.0,1.0,0.0
CART,time,3,fixed,none,50,,0.1,500.0,0.0,1.0,0.0
CART,time,3,fixed,none,50,,0.15,750.0,0.0,1.0,0.0
CART,time,3,fixed,A_b01,5,0.01,0.02,12.002677376171349,0.02669344042838016,0.9444444444444444,0.0261044176706827
CART,time,3,fixed,A_b01,5,0.01,0.05,26.091030789825965,0.027576974564926342,0.9444444444444444,0.0261044176706827
CART,time,3,fixed,A_b01,5,0.01,0.1,49.57161981258367,0.02904953145916999,0.9444444444444444,0.0261044176706827
CART,time,3,fixed,A_b01,5,0.01,0.15,73.05220883534136,0.030522088353413634,0.9444444444444444,0.0261044176706827
CART,time,3,fixed,A_b01,10,0.01,0.02,21.447121820615795,0.02669344042838016,0.9444444444444444,0.0261044176706827
CART,time,3,fixed,A_b01,10,0.01,0.05,49.70214190093708,0.027576974564926342,0.9444444444444444,0.0261044176706827
CART,time,3,fixed,A_b01,10,0.01,0.1,96.79384203480589,0.02904953145916999,0.9444444444444444,0.0261044176706827
CART,time,3,fixed,A_b01,10,0.01,0.15,143.88554216867468,0.030522088353413634,0.9444444444444444,0.0261044176706827
CART,time,3,fixed,A_b01,20,0.01,0.02,40.336010709504684,0.02669344042838016,0.9444444444444444,0.0261044176706827
CART,time,3,fixed,A_b01,20,0.01,0.05,96.92436412315931,0.027576974564926342,0.9444444444444444,0.0261044176706827
CART,time,3,fixed,A_b01,20,0.01,0.1,191.23828647925032,0.02904953145916999,0.9444444444444444,0.0261044176706827
CART,time,3,fixed,A_b01,20,0.01,0.15,285.55220883534133,0.030522088353413634,0.9444444444444444,0.0261044176706827
CART,time,3,fixed,A_b01,50,0.01,0.02,97.00267737617135,0.02669344042838016,0.9444444444444444,0.0261044176706827
CART,time,3,fixed,A_b01,50,0.01,0.05,238.59103078982596,0.027576974564926342,0.9444444444444444,0.0261044176706827
CART,time,3,fixed,A_b01,50,0.01,0.1,474.57161981258366,0.02904953145916999,0.9444444444444444,0.0261044176706827
CART,time,3,fixed,A_b01,50,0.01,0.15,710.5522088353413,0.030522088353413634,0.9444444444444444,0.0261044176706827
CART,time,3,fixed,A_b05,5,0.05,0.02,15.544846050870142,0.062115127175368094,0.9444444444444444,0.0622489959839357
CART,time,3,fixed,A_b05,5,0.05,0.05,29.524765729585,0.06191432396251669,0.9444444444444444,0.0622489959839357
CART,time,3,fixed,A_b05,5,0.05,0.1,52.824631860776435,0.061579651941097685,0.9444444444444444,0.0622489959839357
CART,time,3,fixed,A_b05,5,0.05,0.15,76.12449799196786,0.06124497991967868,0.9444444444444444,0.0622489959839357
CART,time,3,fixed,A_b05,10,0.05,0.02,24.989290495314588,0.062115127175368094,0.9444444444444444,0.0622489959839357
CART,time,3,fixed,A_b05,10,0.05,0.05,53.13587684069611,0.06191432396251669,0.9444444444444444,0.0622489959839357
CART,time,3,fixed,A_b05,10,0.05,0.1,100.04685408299865,0.061579651941097685,0.9444444444444444,0.0622489959839357
CART,time,3,fixed,A_b05,10,0.05,0.15,146.95783132530119,0.06124497991967868,0.9444444444444444,0.0622489959839357
CART,time,3,fixed,A_b05,20,0.05,0.02,43.87817938420348,0.062115127175368094,0.9444444444444444,0.0622489959839357
CART,time,3,fixed,A_b05,20,0.05,0.05,100.35809906291833,0.06191432396251669,0.9444444444444444,0.0622489959839357
CART,time,3,fixed,A_b05,20,0.05,0.1,194.4912985274431,0.061579651941097685,0.9444444444444444,0.0622489959839357
CART,time,3,fixed,A_b05,20,0.05,0.15,288.6244979919678,0.06124497991967868,0.9444444444444444,0.0622489959839357
CART,time,3,fixed,A_b05,50,0.05,0.02,100.54484605087013,0.062115127175368094,0.9444444444444444,0.0622489959839357
CART,time,3,fixed,A_b05,50,0.05,0.05,242.024765729585,0.06191432396251669,0.9444444444444444,0.0622489959839357
CART,time,3,fixed,A_b05,50,0.05,0.1,477.82463186077644,0.061579651941097685,0.9444444444444444,0.0622489959839357
CART,time,3,fixed,A_b05,50,0.05,0.15,713.6244979919678,0.06124497991967868,0.9444444444444444,0.0622489959839357
CART,time,3,fixed,A_b10,5,0.1,0.02,20.53413654618473,0.1253413654618473,0.8333333333333334,0.1244979919678714
CART,time,3,fixed,A_b10,5,0.1,0.05,32.66064257028112,0.12660642570281117,0.8333333333333334,0.1244979919678714
CART,time,3,fixed,A_b10,5,0.1,0.1,52.8714859437751,0.1287148594377509,0.8333333333333334,0.1244979919678714
CART,time,3,fixed,A_b10,5,0.1,0.15,73.08232931726907,0.13082329317269067,0.8333333333333334,0.1244979919678714
CART,time,3,fixed,A_b10,10,0.1,0.02,28.867469879518065,0.1253413654618473,0.8333333333333334,0.1244979919678714
CART,time,3,fixed,A_b10,10,0.1,0.05,53.493975903614455,0.12660642570281117,0.8333333333333334,0.1244979919678714
CART,time,3,fixed,A_b10,10,0.1,0.1,94.53815261044176,0.1287148594377509,0.8333333333333334,0.1244979919678714
CART,time,3,fixed,A_b10,10,0.1,0.15,135.58232931726906,0.13082329317269067,0.8333333333333334,0.1244979919678714
CART,time,3,fixed,A_b10,20,0.1,0.02,45.53413654618473,0.1253413654618473,0.8333333333333334,0.1244979919678714
CART,time,3,fixed,A_b10,20,0.1,0.05,95.16064257028111,0.12660642570281117,0.8333333333333334,0.1244979919678714
CART,time,3,fixed,A_b10,20,0.1,0.1,177.8714859437751,0.1287148594377509,0.8333333333333334,0.1244979919678714
CART,time,3,fixed,A_b10,20,0.1,0.15,260.58232931726906,0.13082329317269067,0.8333333333333334,0.1244979919678714
CART,time,3,fixed,A_b10,50,0.1,0.02,95.53413654618474,0.1253413654618473,0.8333333333333334,0.1244979919678714
CART,time,3,fixed,A_b10,50,0.1,0.05,220.1606425702811,0.12660642570281117,0.8333333333333334,0.1244979919678714
CART,time,3,fixed,A_b10,50,0.1,0.1,427.8714859437751,0.1287148594377509,0.8333333333333334,0.1244979919678714
CART,time,3,fixed,A_b10,50,0.1,0.15,635.5823293172691,0.13082329317269067,0.8333333333333334,0.1244979919678714
CART,time,3,fixed,A_b20,5,0.2,0.02,26.73895582329317,0.2073895582329317,0.6666666666666666,0.2048192771084337
CART,time,3,fixed,A_b20,5,0.2,0.05,36.124497991967864,0.21124497991967867,0.6666666666666666,0.2048192771084337
CART,time,3,fixed,A_b20,5,0.2,0.1,51.76706827309236,0.21767068273092366,0.6666666666666666,0.2048192771084337
CART,time,3,fixed,A_b20,5,0.2,0.15,67.40963855421687,0.22409638554216865,0.6666666666666666,0.2048192771084337
CART,time,3,fixed,A_b20,10,0.2,0.02,33.40562248995983,0.2073895582329317,0.6666666666666666,0.2048192771084337
CART,time,3,fixed,A_b20,10,0.2,0.05,52.791164658634536,0.21124497991967867,0.6666666666666666,0.2048192771084337
CART,time,3,fixed,A_b20,10,0.2,0.1,85.10040160642569,0.21767068273092366,0.6666666666666666,0.2048192771084337
CART,time,3,fixed,A_b20,10,0.2,0.15,117.40963855421687,0.22409638554216865,0.6666666666666666,0.2048192771084337
CART,time,3,fixed,A_b20,20,0.2,0.02,46.73895582329317,0.2073895582329317,0.6666666666666666,0.2048192771084337
CART,time,3,fixed,A_b20,20,0.2,0.05,86.12449799196786,0.21124497991967867,0.6666666666666666,0.2048192771084337
CART,time,3,fixed,A_b20,20,0.2,0.1,151.76706827309238,0.21767068273092366,0.6666666666666666,0.2048192771084337
CART,time,3,fixed,A_b20,20,0.2,0.15,217.40963855421685,0.22409638554216865,0.6666666666666666,0.2048192771084337
CART,time,3,fixed,A_b20,50,0.2,0.02,86.73895582329317,0.2073895582329317,0.6666666666666666,0.2048192771084337
CART,time,3,fixed,A_b20,50,0.2,0.05,186.12449799196784,0.21124497991967867,0.6666666666666666,0.2048192771084337
CART,time,3,fixed,A_b20,50,0.2,0.1,351.7670682730923,0.21767068273092366,0.6666666666666666,0.2048192771084337
CART,time,3,fixed,A_b20,50,0.2,0.15,517.4096385542168,0.22409638554216865,0.6666666666666666,0.2048192771084337
CART,time,3,fixed,B_r05,5,,0.02,10.0,0.0,1.0,0.0
CART,time,3,fixed,B_r05,5,,0.05,25.0,0.0,1.0,0.0
CART,time,3,fixed,B_r05,5,,0.1,50.0,0.0,1.0,0.0
CART,time,3,fixed,B_r05,5,,0.15,75.0,0.0,1.0,0.0
CART,time,3,fixed,B_r10,10,,0.02,27.42034805890227,0.09864792503346714,0.8888888888888888,0.0983935742971887
CART,time,3,fixed,B_r10,10,,0.05,53.79183400267736,0.09902945113788482,0.8888888888888888,0.0983935742971887
CART,time,3,fixed,B_r10,10,,0.1,97.74431057563586,0.09966532797858095,0.8888888888888888,0.0983935742971887
CART,time,3,fixed,B_r10,10,,0.15,141.69678714859438,0.10030120481927707,0.8888888888888888,0.0983935742971887
CART,time,3,fixed,B_r20,20,,0.02,43.590361445783124,0.17590361445783126,0.6666666666666666,0.1726907630522088
CART,time,3,fixed,B_r20,20,,0.05,83.0722891566265,0.180722891566265,0.6666666666666666,0.1726907630522088
CART,time,3,fixed,B_r20,20,,0.1,148.87550200803213,0.18875502008032125,0.6666666666666666,0.1726907630522088
CART,time,3,fixed,B_r20,20,,0.15,214.67871485943775,0.19678714859437746,0.6666666666666666,0.1726907630522088
CART,time,3,fixed,B_r50,50,,0.02,100.14993306559572,0.7948326639892904,0.2222222222222222,0.7951807228915663
CART,time,3,fixed,B_r50,50,,0.05,131.09772423025436,0.7943105756358768,0.2222222222222222,0.7951807228915663
CART,time,3,fixed,B_r50,50,,0.1,182.67737617135208,0.7934404283801875,0.2222222222222222,0.7951807228915663
CART,time,3,fixed,B_r50,50,,0.15,234.25702811244977,0.792570281124498,0.2222222222222222,0.7951807228915663
CART,time,3,fixed,C_b01_r05,5,0.01,0.02,10.0,0.0,1.0,0.0
CART,time,3,fixed,C_b01_r05,5,0.01,0.05,25.0,0.0,1.0,0.0
CART,time,3,fixed,C_b01_r05,5,0.01,0.1,50.0,0.0,1.0,0.0
CART,time,3,fixed,C_b01_r05,5,0.01,0.15,75.0,0.0,1.0,0.0
CART,time,3,fixed,C_b01_r10,10,0.01,0.02,20.0,0.0,1.0,0.0
CART,time,3,fixed,C_b01_r10,10,0.01,0.05,50.0,0.0,1.0,0.0
CART,time,3,fixed,C_b01_r10,10,0.01,0.1,100.0,0.0,1.0,0.0
CART,time,3,fixed,C_b01_r10,10,0.01,0.15,150.0,0.0,1.0,0.0
CART,time,3,fixed,C_b01_r20,20,0.01,0.02,40.0,0.0,1.0,0.0
CART,time,3,fixed,C_b01_r20,20,0.01,0.05,100.0,0.0,1.0,0.0
CART,time,3,fixed,C_b01_r20,20,0.01,0.1,200.0,0.0,1.0,0.0
CART,time,3,fixed,C_b01_r20,20,0.01,0.15,300.0,0.0,1.0,0.0
CART,time,3,fixed,C_b01_r50,50,0.01,0.02,100.0,0.0,1.0,0.0
CART,time,3,fixed,C_b01_r50,50,0.01,0.05,250.0,0.0,1.0,0.0
CART,time,3,fixed,C_b01_r50,50,0.01,0.1,500.0,0.0,1.0,0.0
CART,time,3,fixed,C_b01_r50,50,0.01,0.15,750.0,0.0,1.0,0.0
CART,time,3,fixed,C_b05_r05,5,0.05,0.02,10.0,0.0,1.0,0.0
CART,time,3,fixed,C_b05_r05,5,0.05,0.05,25.0,0.0,1.0,0.0
CART,time,3,fixed,C_b05_r05,5,0.05,0.1,50.0,0.0,1.0,0.0
CART,time,3,fixed,C_b05_r05,5,0.05,0.15,75.0,0.0,1.0,0.0
CART,time,3,fixed,C_b05_r10,10,0.05,0.02,24.39892904953145,0.056211512717536743,0.9444444444444444,0.0562248995983935
CART,time,3,fixed,C_b05_r10,10,0.05,0.05,52.5635876840696,0.05619143239625161,0.9444444444444444,0.0562248995983935
CART,time,3,fixed,C_b05_r10,10,0.05,0.1,99.50468540829985,0.05615796519410971,0.9444444444444444,0.0562248995983935
CART,time,3,fixed,C_b05_r10,10,0.05,0.15,146.4457831325301,0.056124497991967816,0.9444444444444444,0.0562248995983935
CART,time,3,fixed,C_b05_r20,20,0.05,0.02,43.28781793842034,0.056211512717536743,0.9444444444444444,0.0562248995983935
CART,time,3,fixed,C_b05_r20,20,0.05,0.05,99.78580990629182,0.05619143239625161,0.9444444444444444,0.0562248995983935
CART,time,3,fixed,C_b05_r20,20,0.05,0.1,193.9491298527443,0.05615796519410971,0.9444444444444444,0.0562248995983935
CART,time,3,fixed,C_b05_r20,20,0.05,0.15,288.1124497991967,0.056124497991967816,0.9444444444444444,0.0562248995983935
CART,time,3,fixed,C_b05_r50,50,0.05,0.02,99.954484605087,0.056211512717536743,0.9444444444444444,0.0562248995983935
CART,time,3,fixed,C_b05_r50,50,0.05,0.05,241.45247657295852,0.05619143239625161,0.9444444444444444,0.0562248995983935
CART,time,3,fixed,C_b05_r50,50,0.05,0.1,477.2824631860776,0.05615796519410971,0.9444444444444444,0.0562248995983935
CART,time,3,fixed,C_b05_r50,50,0.05,0.15,713.1124497991967,0.056124497991967816,0.9444444444444444,0.0562248995983935
CART,time,3,fixed,C_b10_r05,5,0.1,0.02,10.0,0.0,1.0,0.0
CART,time,3,fixed,C_b10_r05,5,0.1,0.05,25.0,0.0,1.0,0.0
CART,time,3,fixed,C_b10_r05,5,0.1,0.1,50.0,0.0,1.0,0.0
CART,time,3,fixed,C_b10_r05,5,0.1,0.15,75.0,0.0,1.0,0.0
CART,time,3,fixed,C_b10_r10,10,0.1,0.02,27.42034805890227,0.09864792503346714,0.8888888888888888,0.0983935742971887
CART,time,3,fixed,C_b10_r10,10,0.1,0.05,53.79183400267736,0.09902945113788482,0.8888888888888888,0.0983935742971887
CART,time,3,fixed,C_b10_r10,10,0.1,0.1,97.74431057563586,0.09966532797858095,0.8888888888888888,0.0983935742971887
CART,time,3,fixed,C_b10_r10,10,0.1,0.15,141.69678714859438,0.10030120481927707,0.8888888888888888,0.0983935742971887
CART,time,3,fixed,C_b10_r20,20,0.1,0.02,45.19812583668005,0.09864792503346714,0.8888888888888888,0.0983935742971887
CART,time,3,fixed,C_b10_r20,20,0.1,0.05,98.2362784471218,0.09902945113788482,0.8888888888888888,0.0983935742971887
CART,time,3,fixed,C_b10_r20,20,0.1,0.1,186.63319946452475,0.09966532797858095,0.8888888888888888,0.0983935742971887
CART,time,3,fixed,C_b10_r20,20,0.1,0.15,275.0301204819277,0.10030120481927707,0.8888888888888888,0.0983935742971887
CART,time,3,fixed,C_b10_r50,50,0.1,0.02,98.53145917001338,0.09864792503346714,0.8888888888888888,0.0983935742971887
CART,time,3,fixed,C_b10_r50,50,0.1,0.05,231.56961178045515,0.09902945113788482,0.8888888888888888,0.0983935742971887
CART,time,3,fixed,C_b10_r50,50,0.1,0.1,453.2998661311915,0.09966532797858095,0.8888888888888888,0.0983935742971887
CART,time,3,fixed,C_b10_r50,50,0.1,0.15,675.0301204819276,0.10030120481927707,0.8888888888888888,0.0983935742971887
CART,time,3,fixed,C_b20_r05,5,0.2,0.02,10.0,0.0,1.0,0.0
CART,time,3,fixed,C_b20_r05,5,0.2,0.05,25.0,0.0,1.0,0.0
CART,time,3,fixed,C_b20_r05,5,0.2,0.1,50.0,0.0,1.0,0.0
CART,time,3,fixed,C_b20_r05,5,0.2,0.15,75.0,0.0,1.0,0.0
CART,time,3,fixed,C_b20_r10,10,0.2,0.02,27.42034805890227,0.09864792503346714,0.8888888888888888,0.0983935742971887
CART,time,3,fixed,C_b20_r10,10,0.2,0.05,53.79183400267736,0.09902945113788482,0.8888888888888888,0.0983935742971887
CART,time,3,fixed,C_b20_r10,10,0.2,0.1,97.74431057563586,0.09966532797858095,0.8888888888888888,0.0983935742971887
CART,time,3,fixed,C_b20_r10,10,0.2,0.15,141.69678714859438,0.10030120481927707,0.8888888888888888,0.0983935742971887
CART,time,3,fixed,C_b20_r20,20,0.2,0.02,43.590361445783124,0.17590361445783126,0.6666666666666666,0.1726907630522088
CART,time,3,fixed,C_b20_r20,20,0.2,0.05,83.0722891566265,0.180722891566265,0.6666666666666666,0.1726907630522088
CART,time,3,fixed,C_b20_r20,20,0.2,0.1,148.87550200803213,0.18875502008032125,0.6666666666666666,0.1726907630522088
CART,time,3,fixed,C_b20_r20,20,0.2,0.15,214.67871485943775,0.19678714859437746,0.6666666666666666,0.1726907630522088
CART,time,3,fixed,C_b20_r50,50,0.2,0.02,83.59036144578312,0.17590361445783126,0.6666666666666666,0.1726907630522088
CART,time,3,fixed,C_b20_r50,50,0.2,0.05,183.07228915662648,0.180722891566265,0.6666666666666666,0.1726907630522088
CART,time,3,fixed,C_b20_r50,50,0.2,0.1,348.8755020080321,0.18875502008032125,0.6666666666666666,0.1726907630522088
CART,time,3,fixed,C_b20_r50,50,0.2,0.15,514.6787148594377,0.19678714859437746,0.6666666666666666,0.1726907630522088
CART,time,3,fixed,TopK_b01,5,0.01,0.02,10.98393574297188,0.009839357429718795,1.0,0.0100401606425702
CART,time,3,fixed,TopK_b01,5,0.01,0.05,25.953815261044166,0.00953815261044169,1.0,0.0100401606425702
CART,time,3,fixed,TopK_b01,5,0.01,0.1,50.90361445783132,0.00903614457831318,1.0,0.0100401606425702
CART,time,3,fixed,TopK_b01,5,0.01,0.15,75.85341365461846,0.00853413654618467,1.0,0.0100401606425702
CART,time,3,fixed,TopK_b01,10,0.01,0.02,20.98393574297188,0.009839357429718795,1.0,0.0100401606425702
CART,time,3,fixed,TopK_b01,10,0.01,0.05,50.95381526104417,0.00953815261044169,1.0,0.0100401606425702
CART,time,3,fixed,TopK_b01,10,0.01,0.1,100.90361445783131,0.00903614457831318,1.0,0.0100401606425702
CART,time,3,fixed,TopK_b01,10,0.01,0.15,150.85341365461846,0.00853413654618467,1.0,0.0100401606425702
CART,time,3,fixed,TopK_b01,20,0.01,0.02,40.98393574297188,0.009839357429718795,1.0,0.0100401606425702
CART,time,3,fixed,TopK_b01,20,0.01,0.05,100.95381526104417,0.00953815261044169,1.0,0.0100401606425702
CART,time,3,fixed,TopK_b01,20,0.01,0.1,200.90361445783134,0.00903614457831318,1.0,0.0100401606425702
CART,time,3,fixed,TopK_b01,20,0.01,0.15,300.85341365461846,0.00853413654618467,1.0,0.0100401606425702
CART,time,3,fixed,TopK_b01,50,0.01,0.02,100.98393574297188,0.009839357429718795,1.0,0.0100401606425702
CART,time,3,fixed,TopK_b01,50,0.01,0.05,250.95381526104416,0.00953815261044169,1.0,0.0100401606425702
CART,time,3,fixed,TopK_b01,50,0.01,0.1,500.9036144578313,0.00903614457831318,1.0,0.0100401606425702
CART,time,3,fixed,TopK_b01,50,0.01,0.15,750.8534136546185,0.00853413654618467,1.0,0.0100401606425702
CART,time,3,fixed,TopK_b05,5,0.05,0.02,14.1673360107095,0.04834002677376167,0.9444444444444444,0.0481927710843373
CART,time,3,fixed,TopK_b05,5,0.05,0.05,28.189424364123155,0.04856091030789822,0.9444444444444444,0.0481927710843373
CART,time,3,fixed,TopK_b05,5,0.05,0.1,51.55957161981258,0.04892904953145913,0.9444444444444444,0.0481927710843373
CART,time,3,fixed,TopK_b05,5,0.05,0.15,74.92971887550199,0.049297188755020045,0.9444444444444444,0.0481927710843373
CART,time,3,fixed,TopK_b05,10,0.05,0.02,23.611780455153944,0.04834002677376167,0.9444444444444444,0.0481927710843373
CART,time,3,fixed,TopK_b05,10,0.05,0.05,51.80053547523427,0.04856091030789822,0.9444444444444444,0.0481927710843373
CART,time,3,fixed,TopK_b05,10,0.05,0.1,98.7817938420348,0.04892904953145913,0.9444444444444444,0.0481927710843373
CART,time,3,fixed,TopK_b05,10,0.05,0.15,145.76305220883532,0.049297188755020045,0.9444444444444444,0.0481927710843373
CART,time,3,fixed,TopK_b05,20,0.05,0.02,42.50066934404283,0.04834002677376167,0.9444444444444444,0.0481927710843373
CART,time,3,fixed,TopK_b05,20,0.05,0.05,99.02275769745648,0.04856091030789822,0.9444444444444444,0.0481927710843373
CART,time,3,fixed,TopK_b05,20,0.05,0.1,193.22623828647926,0.04892904953145913,0.9444444444444444,0.0481927710843373
CART,time,3,fixed,TopK_b05,20,0.05,0.15,287.429718875502,0.049297188755020045,0.9444444444444444,0.0481927710843373
CART,time,3,fixed,TopK_b05,50,0.05,0.02,99.16733601070949,0.04834002677376167,0.9444444444444444,0.0481927710843373
CART,time,3,fixed,TopK_b05,50,0.05,0.05,240.68942436412314,0.04856091030789822,0.9444444444444444,0.0481927710843373
CART,time,3,fixed,TopK_b05,50,0.05,0.1,476.5595716198126,0.04892904953145913,0.9444444444444444,0.0481927710843373
CART,time,3,fixed,TopK_b05,50,0.05,0.15,712.429718875502,0.049297188755020045,0.9444444444444444,0.0481927710843373
CART,time,3,fixed,TopK_b10,5,0.1,0.02,18.53145917001338,0.09864792503346714,0.8888888888888888,0.0983935742971887
CART,time,3,fixed,TopK_b10,5,0.1,0.05,31.569611780455148,0.09902945113788482,0.8888888888888888,0.0983935742971887
CART,time,3,fixed,TopK_b10,5,0.1,0.1,53.29986613119142,0.09966532797858095,0.8888888888888888,0.0983935742971887
CART,time,3,fixed,TopK_b10,5,0.1,0.15,75.0301204819277,0.10030120481927707,0.8888888888888888,0.0983935742971887
CART,time,3,fixed,TopK_b10,10,0.1,0.02,27.42034805890227,0.09864792503346714,0.8888888888888888,0.0983935742971887
CART,time,3,fixed,TopK_b10,10,0.1,0.05,53.79183400267736,0.09902945113788482,0.8888888888888888,0.0983935742971887
CART,time,3,fixed,TopK_b10,10,0.1,0.1,97.74431057563586,0.09966532797858095,0.8888888888888888,0.0983935742971887
CART,time,3,fixed,TopK_b10,10,0.1,0.15,141.69678714859438,0.10030120481927707,0.8888888888888888,0.0983935742971887
CART,time,3,fixed,TopK_b10,20,0.1,0.02,45.19812583668005,0.09864792503346714,0.8888888888888888,0.0983935742971887
CART,time,3,fixed,TopK_b10,20,0.1,0.05,98.2362784471218,0.09902945113788482,0.8888888888888888,0.0983935742971887
CART,time,3,fixed,TopK_b10,20,0.1,0.1,186.63319946452475,0.09966532797858095,0.8888888888888888,0.0983935742971887
CART,time,3,fixed,TopK_b10,20,0.1,0.15,275.0301204819277,0.10030120481927707,0.8888888888888888,0.0983935742971887
CART,time,3,fixed,TopK_b10,50,0.1,0.02,98.53145917001338,0.09864792503346714,0.8888888888888888,0.0983935742971887
CART,time,3,fixed,TopK_b10,50,0.1,0.05,231.56961178045515,0.09902945113788482,0.8888888888888888,0.0983935742971887
CART,time,3,fixed,TopK_b10,50,0.1,0.1,453.2998661311915,0.09966532797858095,0.8888888888888888,0.0983935742971887
CART,time,3,fixed,TopK_b10,50,0.1,0.15,675.0301204819276,0.10030120481927707,0.8888888888888888,0.0983935742971887
CART,time,3,fixed,TopK_b20,5,0.2,0.02,25.755020080321277,0.19755020080321278,0.6666666666666666,0.1947791164658634
CART,time,3,fixed,TopK_b20,5,0.2,0.05,35.17068273092369,0.2017068273092369,0.6666666666666666,0.1947791164658634
CART,time,3,fixed,TopK_b20,5,0.2,0.1,50.86345381526104,0.2086345381526104,0.6666666666666666,0.1947791164658634
CART,time,3,fixed,TopK_b20,5,0.2,0.15,66.55622489959839,0.21556224899598392,0.6666666666666666,0.1947791164658634
CART,time,3,fixed,TopK_b20,10,0.2,0.02,32.421686746987945,0.19755020080321278,0.6666666666666666,0.1947791164658634
CART,time,3,fixed,TopK_b20,10,0.2,0.05,51.83734939759035,0.2017068273092369,0.6666666666666666,0.1947791164658634
CART,time,3,fixed,TopK_b20,10,0.2,0.1,84.19678714859438,0.2086345381526104,0.6666666666666666,0.1947791164658634
CART,time,3,fixed,TopK_b20,10,0.2,0.15,116.55622489959838,0.21556224899598392,0.6666666666666666,0.1947791164658634
CART,time,3,fixed,TopK_b20,20,0.2,0.02,45.75502008032128,0.19755020080321278,0.6666666666666666,0.1947791164658634
CART,time,3,fixed,TopK_b20,20,0.2,0.05,85.17068273092369,0.2017068273092369,0.6666666666666666,0.1947791164658634
CART,time,3,fixed,TopK_b20,20,0.2,0.1,150.86345381526104,0.2086345381526104,0.6666666666666666,0.1947791164658634
CART,time,3,fixed,TopK_b20,20,0.2,0.15,216.5562248995984,0.21556224899598392,0.6666666666666666,0.1947791164658634
CART,time,3,fixed,TopK_b20,50,0.2,0.02,85.75502008032127,0.19755020080321278,0.6666666666666666,0.1947791164658634
CART,time,3,fixed,TopK_b20,50,0.2,0.05,185.1706827309237,0.2017068273092369,0.6666666666666666,0.1947791164658634
CART,time,3,fixed,TopK_b20,50,0.2,0.1,350.86345381526104,0.2086345381526104,0.6666666666666666,0.1947791164658634
CART,time,3,fixed,TopK_b20,50,0.2,0.15,516.5562248995984,0.21556224899598392,0.6666666666666666,0.1947791164658634
CART,time,3,refitted,none,5,,0.02,10.0,0.0,1.0,0.0
CART,time,3,refitted,none,5,,0.05,25.0,0.0,1.0,0.0
CART,time,3,refitted,none,5,,0.1,50.0,0.0,1.0,0.0
CART,time,3,refitted,none,5,,0.15,75.0,0.0,1.0,0.0
CART,time,3,refitted,none,10,,0.02,20.0,0.0,1.0,0.0
CART,time,3,refitted,none,10,,0.05,50.0,0.0,1.0,0.0
CART,time,3,refitted,none,10,,0.1,100.0,0.0,1.0,0.0
CART,time,3,refitted,none,10,,0.15,150.0,0.0,1.0,0.0
CART,time,3,refitted,none,20,,0.02,40.0,0.0,1.0,0.0
CART,time,3,refitted,none,20,,0.05,100.0,0.0,1.0,0.0
CART,time,3,refitted,none,20,,0.1,200.0,0.0,1.0,0.0
CART,time,3,refitted,none,20,,0.15,300.0,0.0,1.0,0.0
CART,time,3,refitted,none,50,,0.02,100.0,0.0,1.0,0.0
CART,time,3,refitted,none,50,,0.05,250.0,0.0,1.0,0.0
CART,time,3,refitted,none,50,,0.1,500.0,0.0,1.0,0.0
CART,time,3,refitted,none,50,,0.15,750.0,0.0,1.0,0.0
CART,time,3,refitted,A_b01,5,0.01,0.02,12.431057563587682,0.03764390896921016,0.8888888888888888,0.036144578313253
CART,time,3,refitted,A_b01,5,0.01,0.05,25.655957161981256,0.0398929049531459,0.8888888888888888,0.036144578313253
CART,time,3,refitted,A_b01,5,0.01,0.1,47.697456492637215,0.043641231593038815,0.8888888888888888,0.036144578313253
CART,time,3,refitted,A_b01,5,0.01,0.15,69.73895582329317,0.04738955823293172,0.8888888888888888,0.036144578313253
CART,time,3,refitted,A_b01,10,0.01,0.02,21.319946452476575,0.03764390896921016,0.8888888888888888,0.036144578313253
CART,time,3,refitted,A_b01,10,0.01,0.05,47.87817938420348,0.0398929049531459,0.8888888888888888,0.036144578313253
CART,time,3,refitted,A_b01,10,0.01,0.1,92.14190093708166,0.043641231593038815,0.8888888888888888,0.036144578313253
CART,time,3,refitted,A_b01,10,0.01,0.15,136.40562248995982,0.04738955823293172,0.8888888888888888,0.036144578313253
CART,time,3,refitted,A_b01,20,0.01,0.02,39.09772423025435,0.03764390896921016,0.8888888888888888,0.036144578313253
CART,time,3,refitted,A_b01,20,0.01,0.05,92.32262382864792,0.0398929049531459,0.8888888888888888,0.036144578313253
CART,time,3,refitted,A_b01,20,0.01,0.1,181.03078982597054,0.043641231593038815,0.8888888888888888,0.036144578313253
CART,time,3,refitted,A_b01,20,0.01,0.15,269.73895582329317,0.04738955823293172,0.8888888888888888,0.036144578313253
CART,time,3,refitted,A_b01,50,0.01,0.02,92.43105756358769,0.03764390896921016,0.8888888888888888,0.036144578313253
CART,time,3,refitted,A_b01,50,0.01,0.05,225.65595716198126,0.0398929049531459,0.8888888888888888,0.036144578313253
CART,time,3,refitted,A_b01,50,0.01,0.1,447.69745649263723,0.043641231593038815,0.8888888888888888,0.036144578313253
CART,time,3,refitted,A_b01,50,0.01,0.15,669.7389558232932,0.04738955823293172,0.8888888888888888,0.036144578313253
CART,time,3,refitted,A_b05,5,0.05,0.02,14.433734939759033,0.06433734939759031,0.8333333333333334,0.0622489959839357
CART,time,3,refitted,A_b05,5,0.05,0.05,26.746987951807228,0.06746987951807223,0.8333333333333334,0.0622489959839357
CART,time,3,refitted,A_b05,5,0.05,0.1,47.26907630522088,0.07269076305220878,0.8333333333333334,0.0622489959839357
CART,time,3,refitted,A_b05,5,0.05,0.15,67.79116465863453,0.07791164658634533,0.8333333333333334,0.0622489959839357
CART,time,3,refitted,A_b05,10,0.05,0.02,22.767068273092367,0.06433734939759031,0.8333333333333334,0.0622489959839357
CART,time,3,refitted,A_b05,10,0.05,0.05,47.580321285140556,0.06746987951807223,0.8333333333333334,0.0622489959839357
CART,time,3,refitted,A_b05,10,0.05,0.1,88.93574297188755,0.07269076305220878,0.8333333333333334,0.0622489959839357
CART,time,3,refitted,A_b05,10,0.05,0.15,130.29116465863453,0.07791164658634533,0.8333333333333334,0.0622489959839357
CART,time,3,refitted,A_b05,20,0.05,0.02,39.433734939759034,0.06433734939759031,0.8333333333333334,0.0622489959839357
CART,time,3,refitted,A_b05,20,0.05,0.05,89.24698795180723,0.06746987951807223,0.8333333333333334,0.0622489959839357
CART,time,3,refitted,A_b05,20,0.05,0.1,172.2690763052209,0.07269076305220878,0.8333333333333334,0.0622489959839357
CART,time,3,refitted,A_b05,20,0.05,0.15,255.29116465863453,0.07791164658634533,0.8333333333333334,0.0622489959839357
CART,time,3,refitted,A_b05,50,0.05,0.02,89.43373493975903,0.06433734939759031,0.8333333333333334,0.0622489959839357
CART,time,3,refitted,A_b05,50,0.05,0.05,214.24698795180723,0.06746987951807223,0.8333333333333334,0.0622489959839357
CART,time,3,refitted,A_b05,50,0.05,0.1,422.2690763052209,0.07269076305220878,0.8333333333333334,0.0622489959839357
CART,time,3,refitted,A_b05,50,0.05,0.15,630.2911646586346,0.07791164658634533,0.8333333333333334,0.0622489959839357
CART,time,3,refitted,A_b10,5,0.1,0.02,16.63319946452476,0.0929986613119143,0.7777777777777778,0.0903614457831325
CART,time,3,refitted,A_b10,5,0.1,0.05,28.028781793842032,0.09695448460508699,0.7777777777777778,0.0903614457831325
CART,time,3,refitted,A_b10,5,0.1,0.1,47.02141900937081,0.10354752342704147,0.7777777777777778,0.0903614457831325
CART,time,3,refitted,A_b10,5,0.1,0.15,66.0140562248996,0.11014056224899596,0.7777777777777778,0.0903614457831325
CART,time,3,refitted,A_b10,10,0.1,0.02,24.41097724230254,0.0929986613119143,0.7777777777777778,0.0903614457831325
CART,time,3,refitted,A_b10,10,0.1,0.05,47.47322623828648,0.09695448460508699,0.7777777777777778,0.0903614457831325
CART,time,3,refitted,A_b10,10,0.1,0.1,85.9103078982597,0.10354752342704147,0.7777777777777778,0.0903614457831325
CART,time,3,refitted,A_b10,10,0.1,0.15,124.34738955823295,0.11014056224899596,0.7777777777777778,0.0903614457831325
CART,time,3,refitted,A_b10,20,0.1,0.02,39.96653279785809,0.0929986613119143,0.7777777777777778,0.0903614457831325
CART,time,3,refitted,A_b10,20,0.1,0.05,86.36211512717537,0.09695448460508699,0.7777777777777778,0.0903614457831325
CART,time,3,refitted,A_b10,20,0.1,0.1,163.68808567603747,0.10354752342704147,0.7777777777777778,0.0903614457831325
CART,time,3,refitted,A_b10,20,0.1,0.15,241.0140562248996,0.11014056224899596,0.7777777777777778,0.0903614457831325
CART,time,3,refitted,A_b10,50,0.1,0.02,86.63319946452476,0.0929986613119143,0.7777777777777778,0.0903614457831325
CART,time,3,refitted,A_b10,50,0.1,0.05,203.02878179384206,0.09695448460508699,0.7777777777777778,0.0903614457831325
CART,time,3,refitted,A_b10,50,0.1,0.1,397.02141900937085,0.10354752342704147,0.7777777777777778,0.0903614457831325
CART,time,3,refitted,A_b10,50,0.1,0.15,591.0140562248996,0.11014056224899596,0.7777777777777778,0.0903614457831325
CART,time,3,refitted,A_b20,5,0.2,0.02,23.625167336010712,0.18291834002677376,0.6111111111111112,0.178714859437751
CART,time,3,refitted,A_b20,5,0.2,0.05,32.25568942436412,0.1892235609103079,0.6111111111111112,0.178714859437751
CART,time,3,refitted,A_b20,5,0.2,0.1,46.63989290495315,0.1997322623828648,0.6111111111111112,0.178714859437751
CART,time,3,refitted,A_b20,5,0.2,0.15,61.02409638554217,0.21024096385542168,0.6111111111111112,0.178714859437751
CART,time,3,refitted,A_b20,10,0.2,0.02,29.736278447121823,0.18291834002677376,0.6111111111111112,0.178714859437751
CART,time,3,refitted,A_b20,10,0.2,0.05,47.5334672021419,0.1892235609103079,0.6111111111111112,0.178714859437751
CART,time,3,refitted,A_b20,10,0.2,0.1,77.19544846050871,0.1997322623828648,0.6111111111111112,0.178714859437751
CART,time,3,refitted,A_b20,10,0.2,0.15,106.85742971887551,0.21024096385542168,0.6111111111111112,0.178714859437751
CART,time,3,refitted,A_b20,20,0.2,0.02,41.95850066934405,0.18291834002677376,0.6111111111111112,0.178714859437751
CART,time,3,refitted,A_b20,20,0.2,0.05,78.08902275769746,0.1892235609103079,0.6111111111111112,0.178714859437751
CART,time,3,refitted,A_b20,20,0.2,0.1,138.3065595716198,0.1997322623828648,0.6111111111111112,0.178714859437751
CART,time,3,refitted,A_b20,20,0.2,0.15,198.52409638554218,0.21024096385542168,0.6111111111111112,0.178714859437751
CART,time,3,refitted,A_b20,50,0.2,0.02,78.62516733601072,0.18291834002677376,0.6111111111111112,0.178714859437751
CART,time,3,refitted,A_b20,50,0.2,0.05,169.75568942436414,0.1892235609103079,0.6111111111111112,0.178714859437751
CART,time,3,refitted,A_b20,50,0.2,0.1,321.6398929049532,0.1997322623828648,0.6111111111111112,0.178714859437751
CART,time,3,refitted,A_b20,50,0.2,0.15,473.52409638554224,0.21024096385542168,0.6111111111111112,0.178714859437751
CART,time,3,refitted,B_r05,5,,0.02,10.0,0.0,1.0,0.0
CART,time,3,refitted,B_r05,5,,0.05,25.0,0.0,1.0,0.0
CART,time,3,refitted,B_r05,5,,0.1,50.0,0.0,1.0,0.0
CART,time,3,refitted,B_r05,5,,0.15,75.0,0.0,1.0,0.0
CART,time,3,refitted,B_r10,10,,0.02,24.14457831325301,0.07811244979919674,0.8333333333333334,0.0763052208835341
CART,time,3,refitted,B_r10,10,,0.05,48.91566265060241,0.08082329317269073,0.8333333333333334,0.0763052208835341
CART,time,3,refitted,B_r10,10,,0.1,90.20080321285141,0.08534136546184735,0.8333333333333334,0.0763052208835341
CART,time,3,refitted,B_r10,10,,0.15,131.4859437751004,0.08985943775100398,0.8333333333333334,0.0763052208835341
CART,time,3,refitted,B_r20,20,,0.02,40.638554216867476,0.14638554216867472,0.6666666666666666,0.142570281124498
CART,time,3,refitted,B_r20,20,,0.05,80.21084337349397,0.15210843373493974,0.6666666666666666,0.142570281124498
CART,time,3,refitted,B_r20,20,,0.1,146.16465863453814,0.16164658634538154,0.6666666666666666,0.142570281124498
CART,time,3,refitted,B_r20,20,,0.15,212.11847389558233,0.17118473895582328,0.6666666666666666,0.142570281124498
CART,time,3,refitted,B_r50,50,,0.02,91.99062918340026,0.8265729585006694,0.1111111111111111,0.8253012048192772
CART,time,3,refitted,B_r50,50,,0.05,106.1813922356091,0.8284805890227577,0.1111111111111111,0.8253012048192772
CART,time,3,refitted,B_r50,50,,0.1,129.83266398929052,0.8316599732262384,0.1111111111111111,0.8253012048192772
CART,time,3,refitted,B_r50,50,,0.15,153.48393574297188,0.8348393574297188,0.1111111111111111,0.8253012048192772
CART,time,3,refitted,C_b01_r05,5,0.01,0.02,10.0,0.0,1.0,0.0
CART,time,3,refitted,C_b01_r05,5,0.01,0.05,25.0,0.0,1.0,0.0
CART,time,3,refitted,C_b01_r05,5,0.01,0.1,50.0,0.0,1.0,0.0
CART,time,3,refitted,C_b01_r05,5,0.01,0.15,75.0,0.0,1.0,0.0
CART,time,3,refitted,C_b01_r10,10,0.01,0.02,20.0,0.0,1.0,0.0
CART,time,3,refitted,C_b01_r10,10,0.01,0.05,50.0,0.0,1.0,0.0
CART,time,3,refitted,C_b01_r10,10,0.01,0.1,100.0,0.0,1.0,0.0
CART,time,3,refitted,C_b01_r10,10,0.01,0.15,150.0,0.0,1.0,0.0
CART,time,3,refitted,C_b01_r20,20,0.01,0.02,40.0,0.0,1.0,0.0
CART,time,3,refitted,C_b01_r20,20,0.01,0.05,100.0,0.0,1.0,0.0
CART,time,3,refitted,C_b01_r20,20,0.01,0.1,200.0,0.0,1.0,0.0
CART,time,3,refitted,C_b01_r20,20,0.01,0.15,300.0,0.0,1.0,0.0
CART,time,3,refitted,C_b01_r50,50,0.01,0.02,100.0,0.0,1.0,0.0
CART,time,3,refitted,C_b01_r50,50,0.01,0.05,250.0,0.0,1.0,0.0
CART,time,3,refitted,C_b01_r50,50,0.01,0.1,500.0,0.0,1.0,0.0
CART,time,3,refitted,C_b01_r50,50,0.01,0.15,750.0,0.0,1.0,0.0
CART,time,3,refitted,C_b05_r05,5,0.05,0.02,10.0,0.0,1.0,0.0
CART,time,3,refitted,C_b05_r05,5,0.05,0.05,25.0,0.0,1.0,0.0
CART,time,3,refitted,C_b05_r05,5,0.05,0.1,50.0,0.0,1.0,0.0
CART,time,3,refitted,C_b05_r05,5,0.05,0.15,75.0,0.0,1.0,0.0
CART,time,3,refitted,C_b05_r10,10,0.05,0.02,22.570281124497985,0.0623694779116465,0.8333333333333334,0.0602409638554216
CART,time,3,refitted,C_b05_r10,10,0.05,0.05,47.38955823293172,0.06556224899598385,0.8333333333333334,0.0602409638554216
CART,time,3,refitted,C_b05_r10,10,0.05,0.1,88.75502008032127,0.0708835341365461,0.8333333333333334,0.0602409638554216
CART,time,3,refitted,C_b05_r10,10,0.05,0.15,130.12048192771084,0.07620481927710836,0.8333333333333334,0.0602409638554216
CART,time,3,refitted,C_b05_r20,20,0.05,0.02,39.23694779116465,0.0623694779116465,0.8333333333333334,0.0602409638554216
CART,time,3,refitted,C_b05_r20,20,0.05,0.05,89.05622489959839,0.06556224899598385,0.8333333333333334,0.0602409638554216
CART,time,3,refitted,C_b05_r20,20,0.05,0.1,172.08835341365463,0.0708835341365461,0.8333333333333334,0.0602409638554216
CART,time,3,refitted,C_b05_r20,20,0.05,0.15,255.1204819277108,0.07620481927710836,0.8333333333333334,0.0602409638554216
CART,time,3,refitted,C_b05_r50,50,0.05,0.02,89.23694779116465,0.0623694779116465,0.8333333333333334,0.0602409638554216
CART,time,3,refitted,C_b05_r50,50,0.05,0.05,214.0562248995984,0.06556224899598385,0.8333333333333334,0.0602409638554216
CART,time,3,refitted,C_b05_r50,50,0.05,0.1,422.0883534136546,0.0708835341365461,0.8333333333333334,0.0602409638554216
CART,time,3,refitted,C_b05_r50,50,0.05,0.15,630.1204819277109,0.07620481927710836,0.8333333333333334,0.0602409638554216
CART,time,3,refitted,C_b10_r05,5,0.1,0.02,10.0,0.0,1.0,0.0
CART,time,3,refitted,C_b10_r05,5,0.1,0.05,25.0,0.0,1.0,0.0
CART,time,3,refitted,C_b10_r05,5,0.1,0.1,50.0,0.0,1.0,0.0
CART,time,3,refitted,C_b10_r05,5,0.1,0.15,75.0,0.0,1.0,0.0
CART,time,3,refitted,C_b10_r10,10,0.1,0.02,24.14457831325301,0.07811244979919674,0.8333333333333334,0.0763052208835341
CART,time,3,refitted,C_b10_r10,10,0.1,0.05,48.91566265060241,0.08082329317269073,0.8333333333333334,0.0763052208835341
CART,time,3,refitted,C_b10_r10,10,0.1,0.1,90.20080321285141,0.08534136546184735,0.8333333333333334,0.0763052208835341
CART,time,3,refitted,C_b10_r10,10,0.1,0.15,131.4859437751004,0.08985943775100398,0.8333333333333334,0.0763052208835341
CART,time,3,refitted,C_b10_r20,20,0.1,0.02,40.81124497991968,0.07811244979919674,0.8333333333333334,0.0763052208835341
CART,time,3,refitted,C_b10_r20,20,0.1,0.05,90.58232931726907,0.08082329317269073,0.8333333333333334,0.0763052208835341
CART,time,3,refitted,C_b10_r20,20,0.1,0.1,173.53413654618475,0.08534136546184735,0.8333333333333334,0.0763052208835341
CART,time,3,refitted,C_b10_r20,20,0.1,0.15,256.4859437751004,0.08985943775100398,0.8333333333333334,0.0763052208835341
CART,time,3,refitted,C_b10_r50,50,0.1,0.02,90.81124497991968,0.07811244979919674,0.8333333333333334,0.0763052208835341
CART,time,3,refitted,C_b10_r50,50,0.1,0.05,215.58232931726909,0.08082329317269073,0.8333333333333334,0.0763052208835341
CART,time,3,refitted,C_b10_r50,50,0.1,0.1,423.53413654618475,0.08534136546184735,0.8333333333333334,0.0763052208835341
CART,time,3,refitted,C_b10_r50,50,0.1,0.15,631.4859437751004,0.08985943775100398,0.8333333333333334,0.0763052208835341
CART,time,3,refitted,C_b20_r05,5,0.2,0.02,10.0,0.0,1.0,0.0
CART,time,3,refitted,C_b20_r05,5,0.2,0.05,25.0,0.0,1.0,0.0
CART,time,3,refitted,C_b20_r05,5,0.2,0.1,50.0,0.0,1.0,0.0
CART,time,3,refitted,C_b20_r05,5,0.2,0.15,75.0,0.0,1.0,0.0
CART,time,3,refitted,C_b20_r10,10,0.2,0.02,24.14457831325301,0.07811244979919674,0.8333333333333334,0.0763052208835341
CART,time,3,refitted,C_b20_r10,10,0.2,0.05,48.91566265060241,0.08082329317269073,0.8333333333333334,0.0763052208835341
CART,time,3,refitted,C_b20_r10,10,0.2,0.1,90.20080321285141,0.08534136546184735,0.8333333333333334,0.0763052208835341
CART,time,3,refitted,C_b20_r10,10,0.2,0.15,131.4859437751004,0.08985943775100398,0.8333333333333334,0.0763052208835341
CART,time,3,refitted,C_b20_r20,20,0.2,0.02,40.638554216867476,0.14638554216867472,0.6666666666666666,0.142570281124498
CART,time,3,refitted,C_b20_r20,20,0.2,0.05,80.21084337349397,0.15210843373493974,0.6666666666666666,0.142570281124498
CART,time,3,refitted,C_b20_r20,20,0.2,0.1,146.16465863453814,0.16164658634538154,0.6666666666666666,0.142570281124498
CART,time,3,refitted,C_b20_r20,20,0.2,0.15,212.11847389558233,0.17118473895582328,0.6666666666666666,0.142570281124498
CART,time,3,refitted,C_b20_r50,50,0.2,0.02,80.63855421686746,0.14638554216867472,0.6666666666666666,0.142570281124498
CART,time,3,refitted,C_b20_r50,50,0.2,0.05,180.21084337349396,0.15210843373493974,0.6666666666666666,0.142570281124498
CART,time,3,refitted,C_b20_r50,50,0.2,0.1,346.1646586345381,0.16164658634538154,0.6666666666666666,0.142570281124498
CART,time,3,refitted,C_b20_r50,50,0.2,0.15,512.1184738955823,0.17118473895582328,0.6666666666666666,0.142570281124498
CART,time,3,refitted,TopK_b01,5,0.01,0.02,10.231593038821952,0.008982597054886188,0.9444444444444444,0.0080321285140562
CART,time,3,refitted,TopK_b01,5,0.01,0.05,24.374163319946447,0.01040829986613117,0.9444444444444444,0.0080321285140562
CART,time,3,refitted,TopK_b01,5,0.01,0.1,47.945113788487284,0.01278447121820614,0.9444444444444444,0.0080321285140562
CART,time,3,refitted,TopK_b01,5,0.01,0.15,71.5160642570281,0.015160642570281106,0.9444444444444444,0.0080321285140562
CART,time,3,refitted,TopK_b01,10,0.01,0.02,19.676037483266395,0.008982597054886188,0.9444444444444444,0.0080321285140562
CART,time,3,refitted,TopK_b01,10,0.01,0.05,47.98527443105756,0.01040829986613117,0.9444444444444444,0.0080321285140562
CART,time,3,refitted,TopK_b01,10,0.01,0.1,95.1673360107095,0.01278447121820614,0.9444444444444444,0.0080321285140562
CART,time,3,refitted,TopK_b01,10,0.01,0.15,142.34939759036143,0.015160642570281106,0.9444444444444444,0.0080321285140562
CART,time,3,refitted,TopK_b01,20,0.01,0.02,38.564926372155284,0.008982597054886188,0.9444444444444444,0.0080321285140562
CART,time,3,refitted,TopK_b01,20,0.01,0.05,95.20749665327978,0.01040829986613117,0.9444444444444444,0.0080321285140562
CART,time,3,refitted,TopK_b01,20,0.01,0.1,189.61178045515393,0.01278447121820614,0.9444444444444444,0.0080321285140562
CART,time,3,refitted,TopK_b01,20,0.01,0.15,284.0160642570281,0.015160642570281106,0.9444444444444444,0.0080321285140562
CART,time,3,refitted,TopK_b01,50,0.01,0.02,95.23159303882196,0.008982597054886188,0.9444444444444444,0.0080321285140562
CART,time,3,refitted,TopK_b01,50,0.01,0.05,236.87416331994643,0.01040829986613117,0.9444444444444444,0.0080321285140562
CART,time,3,refitted,TopK_b01,50,0.01,0.1,472.9451137884872,0.01278447121820614,0.9444444444444444,0.0080321285140562
CART,time,3,refitted,TopK_b01,50,0.01,0.15,709.016064257028,0.015160642570281106,0.9444444444444444,0.0080321285140562
CART,time,3,refitted,TopK_b05,5,0.05,0.02,12.662650602409636,0.046626506024096355,0.8333333333333334,0.0441767068273092
CART,time,3,refitted,TopK_b05,5,0.05,0.05,25.03012048192771,0.05030120481927707,0.8333333333333334,0.0441767068273092
CART,time,3,refitted,TopK_b05,5,0.05,0.1,45.64257028112449,0.05642570281124495,0.8333333333333334,0.0441767068273092
CART,time,3,refitted,TopK_b05,5,0.05,0.15,66.25502008032129,0.06255020080321282,0.8333333333333334,0.0441767068273092
CART,time,3,refitted,TopK_b05,10,0.05,0.02,20.99598393574297,0.046626506024096355,0.8333333333333334,0.0441767068273092
CART,time,3,refitted,TopK_b05,10,0.05,0.05,45.86345381526104,0.05030120481927707,0.8333333333333334,0.0441767068273092
CART,time,3,refitted,TopK_b05,10,0.05,0.1,87.30923694779116,0.05642570281124495,0.8333333333333334,0.0441767068273092
CART,time,3,refitted,TopK_b05,10,0.05,0.15,128.7550200803213,0.06255020080321282,0.8333333333333334,0.0441767068273092
CART,time,3,refitted,TopK_b05,20,0.05,0.02,37.66265060240964,0.046626506024096355,0.8333333333333334,0.0441767068273092
CART,time,3,refitted,TopK_b05,20,0.05,0.05,87.53012048192771,0.05030120481927707,0.8333333333333334,0.0441767068273092
CART,time,3,refitted,TopK_b05,20,0.05,0.1,170.6425702811245,0.05642570281124495,0.8333333333333334,0.0441767068273092
CART,time,3,refitted,TopK_b05,20,0.05,0.15,253.75502008032126,0.06255020080321282,0.8333333333333334,0.0441767068273092
CART,time,3,refitted,TopK_b05,50,0.05,0.02,87.66265060240964,0.046626506024096355,0.8333333333333334,0.0441767068273092
CART,time,3,refitted,TopK_b05,50,0.05,0.05,212.53012048192775,0.05030120481927707,0.8333333333333334,0.0441767068273092
CART,time,3,refitted,TopK_b05,50,0.05,0.1,420.6425702811245,0.05642570281124495,0.8333333333333334,0.0441767068273092
CART,time,3,refitted,TopK_b05,50,0.05,0.15,628.7550200803213,0.06255020080321282,0.8333333333333334,0.0441767068273092
CART,time,3,refitted,TopK_b10,5,0.1,0.02,17.026773761713514,0.09693440428380183,0.7777777777777778,0.0943775100401606
CART,time,3,refitted,TopK_b10,5,0.1,0.05,28.410307898259703,0.10076974564926368,0.7777777777777778,0.0943775100401606
CART,time,3,refitted,TopK_b10,5,0.1,0.1,47.38286479250334,0.10716198125836676,0.7777777777777778,0.0943775100401606
CART,time,3,refitted,TopK_b10,5,0.1,0.15,66.35542168674698,0.11355421686746983,0.7777777777777778,0.0943775100401606
CART,time,3,refitted,TopK_b10,10,0.1,0.02,24.804551539491293,0.09693440428380183,0.7777777777777778,0.0943775100401606
CART,time,3,refitted,TopK_b10,10,0.1,0.05,47.854752342704145,0.10076974564926368,0.7777777777777778,0.0943775100401606
CART,time,3,refitted,TopK_b10,10,0.1,0.1,86.27175368139224,0.10716198125836676,0.7777777777777778,0.0943775100401606
CART,time,3,refitted,TopK_b10,10,0.1,0.15,124.68875502008032,0.11355421686746983,0.7777777777777778,0.0943775100401606
CART,time,3,refitted,TopK_b10,20,0.1,0.02,40.36010709504685,0.09693440428380183,0.7777777777777778,0.0943775100401606
CART,time,3,refitted,TopK_b10,20,0.1,0.05,86.74364123159305,0.10076974564926368,0.7777777777777778,0.0943775100401606
CART,time,3,refitted,TopK_b10,20,0.1,0.1,164.04953145917,0.10716198125836676,0.7777777777777778,0.0943775100401606
CART,time,3,refitted,TopK_b10,20,0.1,0.15,241.355421686747,0.11355421686746983,0.7777777777777778,0.0943775100401606
CART,time,3,refitted,TopK_b10,50,0.1,0.02,87.02677376171351,0.09693440428380183,0.7777777777777778,0.0943775100401606
CART,time,3,refitted,TopK_b10,50,0.1,0.05,203.4103078982597,0.10076974564926368,0.7777777777777778,0.0943775100401606
CART,time,3,refitted,TopK_b10,50,0.1,0.1,397.3828647925033,0.10716198125836676,0.7777777777777778,0.0943775100401606
CART,time,3,refitted,TopK_b10,50,0.1,0.15,591.3554216867469,0.11355421686746983,0.7777777777777778,0.0943775100401606
CART,time,3,refitted,TopK_b20,5,0.2,0.02,25.002677376171356,0.1966934404283802,0.6111111111111112,0.1927710843373494
CART,time,3,refitted,TopK_b20,5,0.2,0.05,33.59103078982597,0.20257697456492635,0.6111111111111112,0.1927710843373494
CART,time,3,refitted,TopK_b20,5,0.2,0.1,47.904953145917005,0.21238286479250337,0.6111111111111112,0.1927710843373494
CART,time,3,refitted,TopK_b20,5,0.2,0.15,62.21887550200804,0.22218875502008031,0.6111111111111112,0.1927710843373494
CART,time,3,refitted,TopK_b20,10,0.2,0.02,31.113788487282466,0.1966934404283802,0.6111111111111112,0.1927710843373494
CART,time,3,refitted,TopK_b20,10,0.2,0.05,48.86880856760375,0.20257697456492635,0.6111111111111112,0.1927710843373494
CART,time,3,refitted,TopK_b20,10,0.2,0.1,78.46050870147256,0.21238286479250337,0.6111111111111112,0.1927710843373494
CART,time,3,refitted,TopK_b20,10,0.2,0.15,108.05220883534136,0.22218875502008031,0.6111111111111112,0.1927710843373494
CART,time,3,refitted,TopK_b20,20,0.2,0.02,43.33601070950469,0.1966934404283802,0.6111111111111112,0.1927710843373494
CART,time,3,refitted,TopK_b20,20,0.2,0.05,79.42436412315931,0.20257697456492635,0.6111111111111112,0.1927710843373494
CART,time,3,refitted,TopK_b20,20,0.2,0.1,139.5716198125837,0.21238286479250337,0.6111111111111112,0.1927710843373494
CART,time,3,refitted,TopK_b20,20,0.2,0.15,199.71887550200805,0.22218875502008031,0.6111111111111112,0.1927710843373494
CART,time,3,refitted,TopK_b20,50,0.2,0.02,80.00267737617136,0.1966934404283802,0.6111111111111112,0.1927710843373494
CART,time,3,refitted,TopK_b20,50,0.2,0.05,171.091030789826,0.20257697456492635,0.6111111111111112,0.1927710843373494
CART,time,3,refitted,TopK_b20,50,0.2,0.1,322.90495314591703,0.21238286479250337,0.6111111111111112,0.1927710843373494
CART,time,3,refitted,TopK_b20,50,0.2,0.15,474.7188755020081,0.22218875502008031,0.6111111111111112,0.1927710843373494
CART,holdout,0,fixed,none,5,,0.02,10.0,0.0,1.0,0.0
CART,holdout,0,fixed,none,5,,0.05,25.0,0.0,1.0,0.0
CART,holdout,0,fixed,none,5,,0.1,50.0,0.0,1.0,0.0
CART,holdout,0,fixed,none,5,,0.15,75.0,0.0,1.0,0.0
CART,holdout,0,fixed,none,10,,0.02,20.0,0.0,1.0,0.0
CART,holdout,0,fixed,none,10,,0.05,50.0,0.0,1.0,0.0
CART,holdout,0,fixed,none,10,,0.1,100.0,0.0,1.0,0.0
CART,holdout,0,fixed,none,10,,0.15,150.0,0.0,1.0,0.0
CART,holdout,0,fixed,none,20,,0.02,40.0,0.0,1.0,0.0
CART,holdout,0,fixed,none,20,,0.05,100.0,0.0,1.0,0.0
CART,holdout,0,fixed,none,20,,0.1,200.0,0.0,1.0,0.0
CART,holdout,0,fixed,none,20,,0.15,300.0,0.0,1.0,0.0
CART,holdout,0,fixed,none,50,,0.02,100.0,0.0,1.0,0.0
CART,holdout,0,fixed,none,50,,0.05,250.0,0.0,1.0,0.0
CART,holdout,0,fixed,none,50,,0.1,500.0,0.0,1.0,0.0
CART,holdout,0,fixed,none,50,,0.15,750.0,0.0,1.0,0.0
CART,holdout,0,fixed,A_b01,5,0.01,0.02,10.0,0.0,1.0,0.0
CART,holdout,0,fixed,A_b01,5,0.01,0.05,25.0,0.0,1.0,0.0
CART,holdout,0,fixed,A_b01,5,0.01,0.1,50.0,0.0,1.0,0.0
CART,holdout,0,fixed,A_b01,5,0.01,0.15,75.0,0.0,1.0,0.0
CART,holdout,0,fixed,A_b01,10,0.01,0.02,20.0,0.0,1.0,0.0
CART,holdout,0,fixed,A_b01,10,0.01,0.05,50.0,0.0,1.0,0.0
CART,holdout,0,fixed,A_b01,10,0.01,0.1,100.0,0.0,1.0,0.0
CART,holdout,0,fixed,A_b01,10,0.01,0.15,150.0,0.0,1.0,0.0
CART,holdout,0,fixed,A_b01,20,0.01,0.02,40.0,0.0,1.0,0.0
CART,holdout,0,fixed,A_b01,20,0.01,0.05,100.0,0.0,1.0,0.0
CART,holdout,0,fixed,A_b01,20,0.01,0.1,200.0,0.0,1.0,0.0
CART,holdout,0,fixed,A_b01,20,0.01,0.15,300.0,0.0,1.0,0.0
CART,holdout,0,fixed,A_b01,50,0.01,0.02,100.0,0.0,1.0,0.0
CART,holdout,0,fixed,A_b01,50,0.01,0.05,250.0,0.0,1.0,0.0
CART,holdout,0,fixed,A_b01,50,0.01,0.1,500.0,0.0,1.0,0.0
CART,holdout,0,fixed,A_b01,50,0.01,0.15,750.0,0.0,1.0,0.0
CART,holdout,0,fixed,A_b05,5,0.05,0.02,10.540929658576715,0.014640065816536351,0.9230769230769232,0.0133689839572192
CART,holdout,0,fixed,A_b05,5,0.05,0.05,24.346976552858905,0.01654668860551208,0.9230769230769232,0.0133689839572192
CART,holdout,0,fixed,A_b05,5,0.05,0.1,47.357054709995886,0.019724393253804956,0.9230769230769232,0.0133689839572192
CART,holdout,0,fixed,A_b05,5,0.05,0.15,70.36713286713288,0.022902097902097834,0.9230769230769232,0.0133689839572192
CART,holdout,0,fixed,A_b05,10,0.05,0.02,19.771698889345945,0.014640065816536351,0.9230769230769232,0.0133689839572192
CART,holdout,0,fixed,A_b05,10,0.05,0.05,47.423899629781985,0.01654668860551208,0.9230769230769232,0.0133689839572192
CART,holdout,0,fixed,A_b05,10,0.05,0.1,93.51090086384205,0.019724393253804956,0.9230769230769232,0.0133689839572192
CART,holdout,0,fixed,A_b05,10,0.05,0.15,139.5979020979021,0.022902097902097834,0.9230769230769232,0.0133689839572192
CART,holdout,0,fixed,A_b05,20,0.05,0.02,38.233237350884416,0.014640065816536351,0.9230769230769232,0.0133689839572192
CART,holdout,0,fixed,A_b05,20,0.05,0.05,93.57774578362815,0.01654668860551208,0.9230769230769232,0.0133689839572192
CART,holdout,0,fixed,A_b05,20,0.05,0.1,185.81859317153436,0.019724393253804956,0.9230769230769232,0.0133689839572192
CART,holdout,0,fixed,A_b05,20,0.05,0.15,278.0594405594406,0.022902097902097834,0.9230769230769232,0.0133689839572192
CART,holdout,0,fixed,A_b05,50,0.05,0.02,93.61785273549981,0.014640065816536351,0.9230769230769232,0.0133689839572192
CART,holdout,0,fixed,A_b05,50,0.05,0.05,232.0392842451666,0.01654668860551208,0.9230769230769232,0.0133689839572192
CART,holdout,0,fixed,A_b05,50,0.05,0.1,462.74167009461127,0.019724393253804956,0.9230769230769232,0.0133689839572192
CART,holdout,0,fixed,A_b05,50,0.05,0.15,693.4440559440561,0.022902097902097834,0.9230769230769232,0.0133689839572192
CART,holdout,0,fixed,A_b10,5,0.1,0.02,11.458041958041958,0.02381118881118878,0.9230769230769232,0.0227272727272727
CART,holdout,0,fixed,A_b10,5,0.1,0.05,25.23601398601399,0.025437062937062903,0.9230769230769232,0.0227272727272727
CART,holdout,0,fixed,A_b10,5,0.1,0.1,48.19930069930071,0.028146853146853106,0.9230769230769232,0.0227272727272727
CART,holdout,0,fixed,A_b10,5,0.1,0.15,71.16258741258741,0.030856643356643308,0.9230769230769232,0.0227272727272727
CART,holdout,0,fixed,A_b10,10,0.1,0.02,20.68881118881119,0.02381118881118878,0.9230769230769232,0.0227272727272727
CART,holdout,0,fixed,A_b10,10,0.1,0.05,48.31293706293707,0.025437062937062903,0.9230769230769232,0.0227272727272727
CART,holdout,0,fixed,A_b10,10,0.1,0.1,94.35314685314687,0.028146853146853106,0.9230769230769232,0.0227272727272727
CART,holdout,0,fixed,A_b10,10,0.1,0.15,140.39335664335667,0.030856643356643308,0.9230769230769232,0.0227272727272727
CART,holdout,0,fixed,A_b10,20,0.1,0.02,39.15034965034965,0.02381118881118878,0.9230769230769232,0.0227272727272727
CART,holdout,0,fixed,A_b10,20,0.1,0.05,94.46678321678323,0.025437062937062903,0.9230769230769232,0.0227272727272727
CART,holdout,0,fixed,A_b10,20,0.1,0.1,186.6608391608392,0.028146853146853106,0.9230769230769232,0.0227272727272727
CART,holdout,0,fixed,A_b10,20,0.1,0.15,278.85489510489515,0.030856643356643308,0.9230769230769232,0.0227272727272727
CART,holdout,0,fixed,A_b10,50,0.1,0.02,94.53496503496504,0.02381118881118878,0.9230769230769232,0.0227272727272727
CART,holdout,0,fixed,A_b10,50,0.1,0.05,232.92832167832168,0.025437062937062903,0.9230769230769232,0.0227272727272727
CART,holdout,0,fixed,A_b10,50,0.1,0.1,463.58391608391617,0.028146853146853106,0.9230769230769232,0.0227272727272727
CART,holdout,0,fixed,A_b10,50,0.1,0.15,694.2395104895106,0.030856643356643308,0.9230769230769232,0.0227272727272727
CART,holdout,0,fixed,A_b20,5,0.2,0.02,17.657959687371445,0.10888728918140675,0.7307692307692307,0.105614973262032
CART,holdout,0,fixed,A_b20,5,0.2,0.05,28.30265322912381,0.11379576306046886,0.7307692307692307,0.105614973262032
CART,holdout,0,fixed,A_b20,5,0.2,0.1,46.043809132044416,0.12197655285890573,0.7307692307692307,0.105614973262032
CART,holdout,0,fixed,A_b20,5,0.2,0.15,63.784965034965026,0.13015734265734258,0.7307692307692307,0.105614973262032
CART,holdout,0,fixed,A_b20,10,0.2,0.02,24.96565199506375,0.10888728918140675,0.7307692307692307,0.105614973262032
CART,holdout,0,fixed,A_b20,10,0.2,0.05,46.57188399835457,0.11379576306046886,0.7307692307692307,0.105614973262032
CART,holdout,0,fixed,A_b20,10,0.2,0.1,82.58227067050595,0.12197655285890573,0.7307692307692307,0.105614973262032
CART,holdout,0,fixed,A_b20,10,0.2,0.15,118.59265734265732,0.13015734265734258,0.7307692307692307,0.105614973262032
CART,holdout,0,fixed,A_b20,20,0.2,0.02,39.581036610448365,0.10888728918140675,0.7307692307692307,0.105614973262032
CART,holdout,0,fixed,A_b20,20,0.2,0.05,83.11034553681611,0.11379576306046886,0.7307692307692307,0.105614973262032
CART,holdout,0,fixed,A_b20,20,0.2,0.1,155.65919374742901,0.12197655285890573,0.7307692307692307,0.105614973262032
CART,holdout,0,fixed,A_b20,20,0.2,0.15,228.20804195804195,0.13015734265734258,0.7307692307692307,0.105614973262032
CART,holdout,0,fixed,A_b20,50,0.2,0.02,83.4271904566022,0.10888728918140675,0.7307692307692307,0.105614973262032
CART,holdout,0,fixed,A_b20,50,0.2,0.05,192.72573015220073,0.11379576306046886,0.7307692307692307,0.105614973262032
CART,holdout,0,fixed,A_b20,50,0.2,0.1,374.8899629781983,0.12197655285890573,0.7307692307692307,0.105614973262032
CART,holdout,0,fixed,A_b20,50,0.2,0.15,557.0541958041958,0.13015734265734258,0.7307692307692307,0.105614973262032
CART,holdout,0,fixed,B_r05,5,,0.02,10.0,0.0,1.0,0.0
CART,holdout,0,fixed,B_r05,5,,0.05,25.0,0.0,1.0,0.0
CART,holdout,0,fixed,B_r05,5,,0.1,50.0,0.0,1.0,0.0
CART,holdout,0,fixed,B_r05,5,,0.15,75.0,0.0,1.0,0.0
CART,holdout,0,fixed,B_r10,10,,0.02,19.62381735911147,0.004699712052653155,0.9615384615384616,0.0040106951871657
CART,holdout,0,fixed,B_r10,10,,0.05,48.457939119703816,0.005733237350884338,0.9615384615384616,0.0040106951871657
CART,holdout,0,fixed,B_r10,10,,0.1,96.51480872069106,0.007455779514602974,0.9615384615384616,0.0040106951871657
CART,holdout,0,fixed,B_r10,10,,0.15,144.57167832167832,0.00917832167832161,0.9615384615384616,0.0040106951871657
CART,holdout,0,fixed,B_r20,20,,0.02,50.32825997531879,0.28097490744549564,0.5769230769230769,0.2780748663101604
CART,holdout,0,fixed,B_r20,20,,0.05,84.10941999177292,0.2853249691484985,0.5769230769230769,0.2780748663101604
CART,holdout,0,fixed,B_r20,20,,0.1,140.4113533525298,0.2925750719868367,0.5769230769230769,0.2780748663101604
CART,holdout,0,fixed,B_r20,20,,0.15,196.7132867132867,0.2998251748251748,0.5769230769230769,0.2780748663101604
CART,holdout,0,fixed,B_r50,50,,0.02,96.82085561497325,0.9882085561497326,0.0,0.9879679144385026
CART,holdout,0,fixed,B_r50,50,,0.05,93.85695187165774,0.9885695187165775,0.0,0.9879679144385026
CART,holdout,0,fixed,B_r50,50,,0.1,88.91711229946524,0.9891711229946524,0.0,0.9879679144385026
CART,holdout,0,fixed,B_r50,50,,0.15,83.97727272727272,0.9897727272727272,0.0,0.9879679144385026
CART,holdout,0,fixed,C_b01_r05,5,0.01,0.02,10.0,0.0,1.0,0.0
CART,holdout,0,fixed,C_b01_r05,5,0.01,0.05,25.0,0.0,1.0,0.0
CART,holdout,0,fixed,C_b01_r05,5,0.01,0.1,50.0,0.0,1.0,0.0
CART,holdout,0,fixed,C_b01_r05,5,0.01,0.15,75.0,0.0,1.0,0.0
CART,holdout,0,fixed,C_b01_r10,10,0.01,0.02,20.0,0.0,1.0,0.0
CART,holdout,0,fixed,C_b01_r10,10,0.01,0.05,50.0,0.0,1.0,0.0
CART,holdout,0,fixed,C_b01_r10,10,0.01,0.1,100.0,0.0,1.0,0.0
CART,holdout,0,fixed,C_b01_r10,10,0.01,0.15,150.0,0.0,1.0,0.0
CART,holdout,0,fixed,C_b01_r20,20,0.01,0.02,40.0,0.0,1.0,0.0
CART,holdout,0,fixed,C_b01_r20,20,0.01,0.05,100.0,0.0,1.0,0.0
CART,holdout,0,fixed,C_b01_r20,20,0.01,0.1,200.0,0.0,1.0,0.0
CART,holdout,0,fixed,C_b01_r20,20,0.01,0.15,300.0,0.0,1.0,0.0
CART,holdout,0,fixed,C_b01_r50,50,0.01,0.02,100.0,0.0,1.0,0.0
CART,holdout,0,fixed,C_b01_r50,50,0.01,0.05,250.0,0.0,1.0,0.0
CART,holdout,0,fixed,C_b01_r50,50,0.01,0.1,500.0,0.0,1.0,0.0
CART,holdout,0,fixed,C_b01_r50,50,0.01,0.15,750.0,0.0,1.0,0.0
CART,holdout,0,fixed,C_b05_r05,5,0.05,0.02,10.0,0.0,1.0,0.0
CART,holdout,0,fixed,C_b05_r05,5,0.05,0.05,25.0,0.0,1.0,0.0
CART,holdout,0,fixed,C_b05_r05,5,0.05,0.1,50.0,0.0,1.0,0.0
CART,holdout,0,fixed,C_b05_r05,5,0.05,0.15,75.0,0.0,1.0,0.0
CART,holdout,0,fixed,C_b05_r10,10,0.05,0.02,19.62381735911147,0.004699712052653155,0.9615384615384616,0.0040106951871657
CART,holdout,0,fixed,C_b05_r10,10,0.05,0.05,48.457939119703816,0.005733237350884338,0.9615384615384616,0.0040106951871657
CART,holdout,0,fixed,C_b05_r10,10,0.05,0.1,96.51480872069106,0.007455779514602974,0.9615384615384616,0.0040106951871657
CART,holdout,0,fixed,C_b05_r10,10,0.05,0.15,144.57167832167832,0.00917832167832161,0.9615384615384616,0.0040106951871657
CART,holdout,0,fixed,C_b05_r20,20,0.05,0.02,38.854586589880704,0.004699712052653155,0.9615384615384616,0.0040106951871657
CART,holdout,0,fixed,C_b05_r20,20,0.05,0.05,96.5348621966269,0.005733237350884338,0.9615384615384616,0.0040106951871657
CART,holdout,0,fixed,C_b05_r20,20,0.05,0.1,192.66865487453722,0.007455779514602974,0.9615384615384616,0.0040106951871657
CART,holdout,0,fixed,C_b05_r20,20,0.05,0.15,288.8024475524476,0.00917832167832161,0.9615384615384616,0.0040106951871657
CART,holdout,0,fixed,C_b05_r50,50,0.05,0.02,96.5468942821884,0.004699712052653155,0.9615384615384616,0.0040106951871657
CART,holdout,0,fixed,C_b05_r50,50,0.05,0.05,240.76563142739613,0.005733237350884338,0.9615384615384616,0.0040106951871657
CART,holdout,0,fixed,C_b05_r50,50,0.05,0.1,481.1301933360757,0.007455779514602974,0.9615384615384616,0.0040106951871657
CART,holdout,0,fixed,C_b05_r50,50,0.05,0.15,721.4947552447552,0.00917832167832161,0.9615384615384616,0.0040106951871657
CART,holdout,0,fixed,C_b10_r05,5,0.1,0.02,10.0,0.0,1.0,0.0
CART,holdout,0,fixed,C_b10_r05,5,0.1,0.05,25.0,0.0,1.0,0.0
CART,holdout,0,fixed,C_b10_r05,5,0.1,0.1,50.0,0.0,1.0,0.0
CART,holdout,0,fixed,C_b10_r05,5,0.1,0.15,75.0,0.0,1.0,0.0
CART,holdout,0,fixed,C_b10_r10,10,0.1,0.02,19.62381735911147,0.004699712052653155,0.9615384615384616,0.0040106951871657
CART,holdout,0,fixed,C_b10_r10,10,0.1,0.05,48.457939119703816,0.005733237350884338,0.9615384615384616,0.0040106951871657
CART,holdout,0,fixed,C_b10_r10,10,0.1,0.1,96.51480872069106,0.007455779514602974,0.9615384615384616,0.0040106951871657
CART,holdout,0,fixed,C_b10_r10,10,0.1,0.15,144.57167832167832,0.00917832167832161,0.9615384615384616,0.0040106951871657
CART,holdout,0,fixed,C_b10_r20,20,0.1,0.02,38.88831756478815,0.021190867955573758,0.9230769230769232,0.0200534759358288
CART,holdout,0,fixed,C_b10_r20,20,0.1,0.05,94.21277252159605,0.0228969559851912,0.9230769230769232,0.0200534759358288
CART,holdout,0,fixed,C_b10_r20,20,0.1,0.1,186.42019744960925,0.025740436034553598,0.9230769230769232,0.0200534759358288
CART,holdout,0,fixed,C_b10_r20,20,0.1,0.15,278.6276223776224,0.028583916083915993,0.9230769230769232,0.0200534759358288
CART,holdout,0,fixed,C_b10_r50,50,0.1,0.02,94.27293294940354,0.021190867955573758,0.9230769230769232,0.0200534759358288
CART,holdout,0,fixed,C_b10_r50,50,0.1,0.05,232.67431098313455,0.0228969559851912,0.9230769230769232,0.0200534759358288
CART,holdout,0,fixed,C_b10_r50,50,0.1,0.1,463.34327437268615,0.025740436034553598,0.9230769230769232,0.0200534759358288
CART,holdout,0,fixed,C_b10_r50,50,0.1,0.15,694.0122377622379,0.028583916083915993,0.9230769230769232,0.0200534759358288
CART,holdout,0,fixed,C_b20_r05,5,0.2,0.02,10.0,0.0,1.0,0.0
CART,holdout,0,fixed,C_b20_r05,5,0.2,0.05,25.0,0.0,1.0,0.0
CART,holdout,0,fixed,C_b20_r05,5,0.2,0.1,50.0,0.0,1.0,0.0
CART,holdout,0,fixed,C_b20_r05,5,0.2,0.15,75.0,0.0,1.0,0.0
CART,holdout,0,fixed,C_b20_r10,10,0.2,0.02,19.62381735911147,0.004699712052653155,0.9615384615384616,0.0040106951871657
CART,holdout,0,fixed,C_b20_r10,10,0.2,0.05,48.457939119703816,0.005733237350884338,0.9615384615384616,0.0040106951871657
CART,holdout,0,fixed,C_b20_r10,10,0.2,0.1,96.51480872069106,0.007455779514602974,0.9615384615384616,0.0040106951871657
CART,holdout,0,fixed,C_b20_r10,10,0.2,0.15,144.57167832167832,0.00917832167832161,0.9615384615384616,0.0040106951871657
CART,holdout,0,fixed,C_b20_r20,20,0.2,0.02,39.18798848210613,0.10495680789798437,0.7307692307692307,0.1016042780748663
CART,holdout,0,fixed,C_b20_r20,20,0.2,0.05,82.72932949403537,0.10998560263266145,0.7307692307692307,0.1016042780748663
CART,holdout,0,fixed,C_b20_r20,20,0.2,0.1,155.2982311805841,0.11836692719045659,0.7307692307692307,0.1016042780748663
CART,holdout,0,fixed,C_b20_r20,20,0.2,0.15,227.86713286713285,0.12674825174825174,0.7307692307692307,0.1016042780748663
CART,holdout,0,fixed,C_b20_r50,50,0.2,0.02,83.03414232825997,0.10495680789798437,0.7307692307692307,0.1016042780748663
CART,holdout,0,fixed,C_b20_r50,50,0.2,0.05,192.34471410941998,0.10998560263266145,0.7307692307692307,0.1016042780748663
CART,holdout,0,fixed,C_b20_r50,50,0.2,0.1,374.5290004113533,0.11836692719045659,0.7307692307692307,0.1016042780748663
CART,holdout,0,fixed,C_b20_r50,50,0.2,0.15,556.7132867132867,0.12674825174825174,0.7307692307692307,0.1016042780748663
CART,holdout,0,fixed,TopK_b01,5,0.01,0.02,9.885849444672973,0.008089263677498943,0.9230769230769232,0.0066844919786096
CART,holdout,0,fixed,TopK_b01,5,0.01,0.05,23.711949814890993,0.010196421225832959,0.9230769230769232,0.0066844919786096
CART,holdout,0,fixed,TopK_b01,5,0.01,0.1,46.75545043192103,0.013708350473056317,0.9230769230769232,0.0066844919786096
CART,holdout,0,fixed,TopK_b01,5,0.01,0.15,69.79895104895105,0.017220279720279674,0.9230769230769232,0.0066844919786096
CART,holdout,0,fixed,TopK_b01,10,0.01,0.02,19.116618675442208,0.008089263677498943,0.9230769230769232,0.0066844919786096
CART,holdout,0,fixed,TopK_b01,10,0.01,0.05,46.78887289181407,0.010196421225832959,0.9230769230769232,0.0066844919786096
CART,holdout,0,fixed,TopK_b01,10,0.01,0.1,92.90929658576718,0.013708350473056317,0.9230769230769232,0.0066844919786096
CART,holdout,0,fixed,TopK_b01,10,0.01,0.15,139.0297202797203,0.017220279720279674,0.9230769230769232,0.0066844919786096
CART,holdout,0,fixed,TopK_b01,20,0.01,0.02,37.57815713698067,0.008089263677498943,0.9230769230769232,0.0066844919786096
CART,holdout,0,fixed,TopK_b01,20,0.01,0.05,92.94271904566024,0.010196421225832959,0.9230769230769232,0.0066844919786096
CART,holdout,0,fixed,TopK_b01,20,0.01,0.1,185.21698889345953,0.013708350473056317,0.9230769230769232,0.0066844919786096
CART,holdout,0,fixed,TopK_b01,20,0.01,0.15,277.4912587412588,0.017220279720279674,0.9230769230769232,0.0066844919786096
CART,holdout,0,fixed,TopK_b01,50,0.01,0.02,92.96277252159607,0.008089263677498943,0.9230769230769232,0.0066844919786096
CART,holdout,0,fixed,TopK_b01,50,0.01,0.05,231.4042575071987,0.010196421225832959,0.9230769230769232,0.0066844919786096
CART,holdout,0,fixed,TopK_b01,50,0.01,0.1,462.14006581653643,0.013708350473056317,0.9230769230769232,0.0066844919786096
CART,holdout,0,fixed,TopK_b01,50,0.01,0.15,692.8758741258742,0.017220279720279674,0.9230769230769232,0.0066844919786096
CART,holdout,0,fixed,TopK_b05,5,0.05,0.02,13.431715343480041,0.04816330728095426,0.8846153846153846,0.0467914438502673
CART,holdout,0,fixed,TopK_b05,5,0.05,0.05,26.560571781160007,0.05022110242698471,0.8846153846153846,0.0467914438502673
CART,holdout,0,fixed,TopK_b05,5,0.05,0.1,48.44199917729329,0.05365076100370211,0.8846153846153846,0.0467914438502673
CART,holdout,0,fixed,TopK_b05,5,0.05,0.15,70.32342657342656,0.057080419580419525,0.8846153846153846,0.0467914438502673
CART,holdout,0,fixed,TopK_b05,10,0.05,0.02,22.27786918963389,0.04816330728095426,0.8846153846153846,0.0467914438502673
CART,holdout,0,fixed,TopK_b05,10,0.05,0.05,48.67595639654462,0.05022110242698471,0.8846153846153846,0.0467914438502673
CART,holdout,0,fixed,TopK_b05,10,0.05,0.1,92.67276840806251,0.05365076100370211,0.8846153846153846,0.0467914438502673
CART,holdout,0,fixed,TopK_b05,10,0.05,0.15,136.66958041958043,0.057080419580419525,0.8846153846153846,0.0467914438502673
CART,holdout,0,fixed,TopK_b05,20,0.05,0.02,39.97017688194158,0.04816330728095426,0.8846153846153846,0.0467914438502673
CART,holdout,0,fixed,TopK_b05,20,0.05,0.05,92.90672562731386,0.05022110242698471,0.8846153846153846,0.0467914438502673
CART,holdout,0,fixed,TopK_b05,20,0.05,0.1,181.13430686960098,0.05365076100370211,0.8846153846153846,0.0467914438502673
CART,holdout,0,fixed,TopK_b05,20,0.05,0.15,269.3618881118881,0.057080419580419525,0.8846153846153846,0.0467914438502673
CART,holdout,0,fixed,TopK_b05,50,0.05,0.02,93.04709995886465,0.04816330728095426,0.8846153846153846,0.0467914438502673
CART,holdout,0,fixed,TopK_b05,50,0.05,0.05,225.59903331962155,0.05022110242698471,0.8846153846153846,0.0467914438502673
CART,holdout,0,fixed,TopK_b05,50,0.05,0.1,446.51892225421636,0.05365076100370211,0.8846153846153846,0.0467914438502673
CART,holdout,0,fixed,TopK_b05,50,0.05,0.15,667.4388111888112,0.057080419580419525,0.8846153846153846,0.0467914438502673
CART,holdout,0,fixed,TopK_b10,5,0.1,0.02,16.478815302344707,0.0970958453311394,0.7307692307692307,0.0935828877005347
CART,holdout,0,fixed,TopK_b10,5,0.1,0.05,27.159605100781565,0.10236528177704643,0.7307692307692307,0.0935828877005347
CART,holdout,0,fixed,TopK_b10,5,0.1,0.1,44.96092143150966,0.11114767585355816,0.7307692307692307,0.0935828877005347
CART,holdout,0,fixed,TopK_b10,5,0.1,0.15,62.762237762237746,0.11993006993006988,0.7307692307692307,0.0935828877005347
CART,holdout,0,fixed,TopK_b10,10,0.1,0.02,23.786507610037017,0.0970958453311394,0.7307692307692307,0.0935828877005347
CART,holdout,0,fixed,TopK_b10,10,0.1,0.05,45.42883587001233,0.10236528177704643,0.7307692307692307,0.0935828877005347
CART,holdout,0,fixed,TopK_b10,10,0.1,0.1,81.4993829699712,0.11114767585355816,0.7307692307692307,0.0935828877005347
CART,holdout,0,fixed,TopK_b10,10,0.1,0.15,117.56993006993007,0.11993006993006988,0.7307692307692307,0.0935828877005347
CART,holdout,0,fixed,TopK_b10,20,0.1,0.02,38.40189222542163,0.0970958453311394,0.7307692307692307,0.0935828877005347
CART,holdout,0,fixed,TopK_b10,20,0.1,0.05,81.96729740847387,0.10236528177704643,0.7307692307692307,0.0935828877005347
CART,holdout,0,fixed,TopK_b10,20,0.1,0.1,154.57630604689427,0.11114767585355816,0.7307692307692307,0.0935828877005347
CART,holdout,0,fixed,TopK_b10,20,0.1,0.15,227.18531468531467,0.11993006993006988,0.7307692307692307,0.0935828877005347
CART,holdout,0,fixed,TopK_b10,50,0.1,0.02,82.24804607157547,0.0970958453311394,0.7307692307692307,0.0935828877005347
CART,holdout,0,fixed,TopK_b10,50,0.1,0.05,191.5826820238585,0.10236528177704643,0.7307692307692307,0.0935828877005347
CART,holdout,0,fixed,TopK_b10,50,0.1,0.1,373.8070752776635,0.11114767585355816,0.7307692307692307,0.0935828877005347
CART,holdout,0,fixed,TopK_b10,50,0.1,0.15,556.0314685314685,0.11993006993006988,0.7307692307692307,0.0935828877005347
CART,holdout,0,fixed,TopK_b20,5,0.2,0.02,26.05141916906622,0.19743726861373911,0.6923076923076923,0.195187165775401
CART,holdout,0,fixed,TopK_b20,5,0.2,0.05,35.850473056355405,0.20081242287124632,0.6923076923076923,0.195187165775401
CART,holdout,0,fixed,TopK_b20,5,0.2,0.1,52.18222953517071,0.20643767996709167,0.6923076923076923,0.195187165775401
CART,holdout,0,fixed,TopK_b20,5,0.2,0.15,68.513986013986,0.212062937062937,0.6923076923076923,0.195187165775401
CART,holdout,0,fixed,TopK_b20,10,0.2,0.02,32.97449609214315,0.19743726861373911,0.6923076923076923,0.195187165775401
CART,holdout,0,fixed,TopK_b20,10,0.2,0.05,53.158165364047704,0.20081242287124632,0.6923076923076923,0.195187165775401
CART,holdout,0,fixed,TopK_b20,10,0.2,0.1,86.79761415055532,0.20643767996709167,0.6923076923076923,0.195187165775401
CART,holdout,0,fixed,TopK_b20,10,0.2,0.15,120.4370629370629,0.212062937062937,0.6923076923076923,0.195187165775401
CART,holdout,0,fixed,TopK_b20,20,0.2,0.02,46.82064993829699,0.19743726861373911,0.6923076923076923,0.195187165775401
CART,holdout,0,fixed,TopK_b20,20,0.2,0.05,87.77354997943232,0.20081242287124632,0.6923076923076923,0.195187165775401
CART,holdout,0,fixed,TopK_b20,20,0.2,0.1,156.02838338132455,0.20643767996709167,0.6923076923076923,0.195187165775401
CART,holdout,0,fixed,TopK_b20,20,0.2,0.15,224.28321678321677,0.212062937062937,0.6923076923076923,0.195187165775401
CART,holdout,0,fixed,TopK_b20,50,0.2,0.02,88.35911147675853,0.19743726861373911,0.6923076923076923,0.195187165775401
CART,holdout,0,fixed,TopK_b20,50,0.2,0.05,191.61970382558619,0.20081242287124632,0.6923076923076923,0.195187165775401
CART,holdout,0,fixed,TopK_b20,50,0.2,0.1,363.7206910736323,0.20643767996709167,0.6923076923076923,0.195187165775401
CART,holdout,0,fixed,TopK_b20,50,0.2,0.15,535.8216783216784,0.212062937062937,0.6923076923076923,0.195187165775401
CART,holdout,0,refitted,none,5,,0.02,10.0,0.0,1.0,0.0
CART,holdout,0,refitted,none,5,,0.05,25.0,0.0,1.0,0.0
CART,holdout,0,refitted,none,5,,0.1,50.0,0.0,1.0,0.0
CART,holdout,0,refitted,none,5,,0.15,75.0,0.0,1.0,0.0
CART,holdout,0,refitted,none,10,,0.02,20.0,0.0,1.0,0.0
CART,holdout,0,refitted,none,10,,0.05,50.0,0.0,1.0,0.0
CART,holdout,0,refitted,none,10,,0.1,100.0,0.0,1.0,0.0
CART,holdout,0,refitted,none,10,,0.15,150.0,0.0,1.0,0.0
CART,holdout,0,refitted,none,20,,0.02,40.0,0.0,1.0,0.0
CART,holdout,0,refitted,none,20,,0.05,100.0,0.0,1.0,0.0
CART,holdout,0,refitted,none,20,,0.1,200.0,0.0,1.0,0.0
CART,holdout,0,refitted,none,20,,0.15,300.0,0.0,1.0,0.0
CART,holdout,0,refitted,none,50,,0.02,100.0,0.0,1.0,0.0
CART,holdout,0,refitted,none,50,,0.05,250.0,0.0,1.0,0.0
CART,holdout,0,refitted,none,50,,0.1,500.0,0.0,1.0,0.0
CART,holdout,0,refitted,none,50,,0.15,750.0,0.0,1.0,0.0
CART,holdout,0,refitted,A_b01,5,0.01,0.02,10.0,0.0,1.0,0.0
CART,holdout,0,refitted,A_b01,5,0.01,0.05,25.0,0.0,1.0,0.0
CART,holdout,0,refitted,A_b01,5,0.01,0.1,50.0,0.0,1.0,0.0
CART,holdout,0,refitted,A_b01,5,0.01,0.15,75.0,0.0,1.0,0.0
CART,holdout,0,refitted,A_b01,10,0.01,0.02,20.0,0.0,1.0,0.0
CART,holdout,0,refitted,A_b01,10,0.01,0.05,50.0,0.0,1.0,0.0
CART,holdout,0,refitted,A_b01,10,0.01,0.1,100.0,0.0,1.0,0.0
CART,holdout,0,refitted,A_b01,10,0.01,0.15,150.0,0.0,1.0,0.0
CART,holdout,0,refitted,A_b01,20,0.01,0.02,40.0,0.0,1.0,0.0
CART,holdout,0,refitted,A_b01,20,0.01,0.05,100.0,0.0,1.0,0.0
CART,holdout,0,refitted,A_b01,20,0.01,0.1,200.0,0.0,1.0,0.0
CART,holdout,0,refitted,A_b01,20,0.01,0.15,300.0,0.0,1.0,0.0
CART,holdout,0,refitted,A_b01,50,0.01,0.02,100.0,0.0,1.0,0.0
CART,holdout,0,refitted,A_b01,50,0.01,0.05,250.0,0.0,1.0,0.0
CART,holdout,0,refitted,A_b01,50,0.01,0.1,500.0,0.0,1.0,0.0
CART,holdout,0,refitted,A_b01,50,0.01,0.15,750.0,0.0,1.0,0.0
CART,holdout,0,refitted,A_b05,5,0.05,0.02,10.008432743726853,0.004699712052653155,0.9615384615384616,0.0040106951871657
CART,holdout,0,refitted,A_b05,5,0.05,0.05,24.41947758124228,0.005733237350884338,0.9615384615384616,0.0040106951871657
CART,holdout,0,refitted,A_b05,5,0.05,0.1,48.43788564376799,0.007455779514602974,0.9615384615384616,0.0040106951871657
CART,holdout,0,refitted,A_b05,5,0.05,0.15,72.45629370629369,0.00917832167832161,0.9615384615384616,0.0040106951871657
CART,holdout,0,refitted,A_b05,10,0.05,0.02,19.62381735911147,0.004699712052653155,0.9615384615384616,0.0040106951871657
CART,holdout,0,refitted,A_b05,10,0.05,0.05,48.457939119703816,0.005733237350884338,0.9615384615384616,0.0040106951871657
CART,holdout,0,refitted,A_b05,10,0.05,0.1,96.51480872069106,0.007455779514602974,0.9615384615384616,0.0040106951871657
CART,holdout,0,refitted,A_b05,10,0.05,0.15,144.57167832167832,0.00917832167832161,0.9615384615384616,0.0040106951871657
CART,holdout,0,refitted,A_b05,20,0.05,0.02,38.854586589880704,0.004699712052653155,0.9615384615384616,0.0040106951871657
CART,holdout,0,refitted,A_b05,20,0.05,0.05,96.5348621966269,0.005733237350884338,0.9615384615384616,0.0040106951871657
CART,holdout,0,refitted,A_b05,20,0.05,0.1,192.66865487453722,0.007455779514602974,0.9615384615384616,0.0040106951871657
CART,holdout,0,refitted,A_b05,20,0.05,0.15,288.8024475524476,0.00917832167832161,0.9615384615384616,0.0040106951871657
CART,holdout,0,refitted,A_b05,50,0.05,0.02,96.5468942821884,0.004699712052653155,0.9615384615384616,0.0040106951871657
CART,holdout,0,refitted,A_b05,50,0.05,0.05,240.76563142739613,0.005733237350884338,0.9615384615384616,0.0040106951871657
CART,holdout,0,refitted,A_b05,50,0.05,0.1,481.1301933360757,0.007455779514602974,0.9615384615384616,0.0040106951871657
CART,holdout,0,refitted,A_b05,50,0.05,0.15,721.4947552447552,0.00917832167832161,0.9615384615384616,0.0040106951871657
CART,holdout,0,refitted,A_b10,5,0.1,0.02,10.53249691484985,0.009940353763883102,0.9615384615384616,0.0093582887700534
CART,holdout,0,refitted,A_b10,5,0.1,0.05,24.927498971616615,0.010813451254627652,0.9615384615384616,0.0093582887700534
CART,holdout,0,refitted,A_b10,5,0.1,0.1,48.91916906622789,0.012268613739201906,0.9615384615384616,0.0093582887700534
CART,holdout,0,refitted,A_b10,5,0.1,0.15,72.91083916083916,0.013723776223776154,0.9615384615384616,0.0093582887700534
CART,holdout,0,refitted,A_b10,10,0.1,0.02,20.147881530234464,0.009940353763883102,0.9615384615384616,0.0093582887700534
CART,holdout,0,refitted,A_b10,10,0.1,0.05,48.96596051007815,0.010813451254627652,0.9615384615384616,0.0093582887700534
CART,holdout,0,refitted,A_b10,10,0.1,0.1,96.99609214315096,0.012268613739201906,0.9615384615384616,0.0093582887700534
CART,holdout,0,refitted,A_b10,10,0.1,0.15,145.02622377622376,0.013723776223776154,0.9615384615384616,0.0093582887700534
CART,holdout,0,refitted,A_b10,20,0.1,0.02,39.3786507610037,0.009940353763883102,0.9615384615384616,0.0093582887700534
CART,holdout,0,refitted,A_b10,20,0.1,0.05,97.04288358700123,0.010813451254627652,0.9615384615384616,0.0093582887700534
CART,holdout,0,refitted,A_b10,20,0.1,0.1,193.1499382969971,0.012268613739201906,0.9615384615384616,0.0093582887700534
CART,holdout,0,refitted,A_b10,20,0.1,0.15,289.256993006993,0.013723776223776154,0.9615384615384616,0.0093582887700534
CART,holdout,0,refitted,A_b10,50,0.1,0.02,97.07095845331139,0.009940353763883102,0.9615384615384616,0.0093582887700534
CART,holdout,0,refitted,A_b10,50,0.1,0.05,241.27365281777045,0.010813451254627652,0.9615384615384616,0.0093582887700534
CART,holdout,0,refitted,A_b10,50,0.1,0.1,481.6114767585356,0.012268613739201906,0.9615384615384616,0.0093582887700534
CART,holdout,0,refitted,A_b10,50,0.1,0.15,721.9493006993007,0.013723776223776154,0.9615384615384616,0.0093582887700534
CART,holdout,0,refitted,A_b20,5,0.2,0.02,15.413821472645001,0.0772151378033731,0.8076923076923077,0.0748663101604278
CART,holdout,0,refitted,A_b20,5,0.2,0.05,27.304607157548332,0.08073837926779101,0.8076923076923077,0.0748663101604278
CART,holdout,0,refitted,A_b20,5,0.2,0.1,47.122583299053886,0.08661044837515426,0.8076923076923077,0.0748663101604278
CART,holdout,0,refitted,A_b20,5,0.2,0.15,66.94055944055944,0.09248251748251747,0.8076923076923077,0.0748663101604278
CART,holdout,0,refitted,A_b20,10,0.2,0.02,23.49074454956808,0.0772151378033731,0.8076923076923077,0.0748663101604278
CART,holdout,0,refitted,A_b20,10,0.2,0.05,47.496914849856026,0.08073837926779101,0.8076923076923077,0.0748663101604278
CART,holdout,0,refitted,A_b20,10,0.2,0.1,87.50719868366927,0.08661044837515426,0.8076923076923077,0.0748663101604278
CART,holdout,0,refitted,A_b20,10,0.2,0.15,127.51748251748253,0.09248251748251747,0.8076923076923077,0.0748663101604278
CART,holdout,0,refitted,A_b20,20,0.2,0.02,39.64459070341423,0.0772151378033731,0.8076923076923077,0.0748663101604278
CART,holdout,0,refitted,A_b20,20,0.2,0.05,87.8815302344714,0.08073837926779101,0.8076923076923077,0.0748663101604278
CART,holdout,0,refitted,A_b20,20,0.2,0.1,168.27642945290003,0.08661044837515426,0.8076923076923077,0.0748663101604278
CART,holdout,0,refitted,A_b20,20,0.2,0.15,248.6713286713287,0.09248251748251747,0.8076923076923077,0.0748663101604278
CART,holdout,0,refitted,A_b20,50,0.2,0.02,88.10612916495269,0.0772151378033731,0.8076923076923077,0.0748663101604278
CART,holdout,0,refitted,A_b20,50,0.2,0.05,209.03537638831756,0.08073837926779101,0.8076923076923077,0.0748663101604278
CART,holdout,0,refitted,A_b20,50,0.2,0.1,410.5841217605923,0.08661044837515426,0.8076923076923077,0.0748663101604278
CART,holdout,0,refitted,A_b20,50,0.2,0.15,612.1328671328671,0.09248251748251747,0.8076923076923077,0.0748663101604278
CART,holdout,0,refitted,B_r05,5,,0.02,10.0,0.0,1.0,0.0
CART,holdout,0,refitted,B_r05,5,,0.05,25.0,0.0,1.0,0.0
CART,holdout,0,refitted,B_r05,5,,0.1,50.0,0.0,1.0,0.0
CART,holdout,0,refitted,B_r05,5,,0.15,75.0,0.0,1.0,0.0
CART,holdout,0,refitted,B_r10,10,,0.02,20.131016042780747,0.0013101604278074619,1.0,0.0013368983957219
CART,holdout,0,refitted,B_r10,10,,0.05,50.12700534759358,0.0012700534759358048,1.0,0.0013368983957219
CART,holdout,0,refitted,B_r10,10,,0.1,100.12032085561498,0.00120320855614971,1.0,0.0013368983957219
CART,holdout,0,refitted,B_r10,10,,0.15,150.11363636363637,0.0011363636363636148,1.0,0.0013368983957219
CART,holdout,0,refitted,B_r20,20,,0.02,51.541135335252974,0.3092575071986836,0.5384615384615384,0.3061497326203208
CART,holdout,0,refitted,B_r20,20,,0.05,82.93037844508432,0.31391916906622785,0.5384615384615384,0.3061497326203208
CART,holdout,0,refitted,B_r20,20,,0.1,135.24578362813656,0.3216886055121349,0.5384615384615384,0.3061497326203208
CART,holdout,0,refitted,B_r20,20,,0.15,187.56118881118883,0.32945804195804196,0.5384615384615384,0.3061497326203208
CART,holdout,0,refitted,B_r50,50,,0.02,97.86898395721923,0.9986898395721924,0.0,0.998663101604278
CART,holdout,0,refitted,B_r50,50,,0.05,94.8729946524064,0.9987299465240641,0.0,0.998663101604278
CART,holdout,0,refitted,B_r50,50,,0.1,89.87967914438502,0.9987967914438501,0.0,0.998663101604278
CART,holdout,0,refitted,B_r50,50,,0.15,84.88636363636363,0.9988636363636363,0.0,0.998663101604278
CART,holdout,0,refitted,C_b01_r05,5,0.01,0.02,10.0,0.0,1.0,0.0
CART,holdout,0,refitted,C_b01_r05,5,0.01,0.05,25.0,0.0,1.0,0.0
CART,holdout,0,refitted,C_b01_r05,5,0.01,0.1,50.0,0.0,1.0,0.0
CART,holdout,0,refitted,C_b01_r05,5,0.01,0.15,75.0,0.0,1.0,0.0
CART,holdout,0,refitted,C_b01_r10,10,0.01,0.02,20.0,0.0,1.0,0.0
CART,holdout,0,refitted,C_b01_r10,10,0.01,0.05,50.0,0.0,1.0,0.0
CART,holdout,0,refitted,C_b01_r10,10,0.01,0.1,100.0,0.0,1.0,0.0
CART,holdout,0,refitted,C_b01_r10,10,0.01,0.15,150.0,0.0,1.0,0.0
CART,holdout,0,refitted,C_b01_r20,20,0.01,0.02,40.0,0.0,1.0,0.0
CART,holdout,0,refitted,C_b01_r20,20,0.01,0.05,100.0,0.0,1.0,0.0
CART,holdout,0,refitted,C_b01_r20,20,0.01,0.1,200.0,0.0,1.0,0.0
CART,holdout,0,refitted,C_b01_r20,20,0.01,0.15,300.0,0.0,1.0,0.0
CART,holdout,0,refitted,C_b01_r50,50,0.01,0.02,100.0,0.0,1.0,0.0
CART,holdout,0,refitted,C_b01_r50,50,0.01,0.05,250.0,0.0,1.0,0.0
CART,holdout,0,refitted,C_b01_r50,50,0.01,0.1,500.0,0.0,1.0,0.0
CART,holdout,0,refitted,C_b01_r50,50,0.01,0.15,750.0,0.0,1.0,0.0
CART,holdout,0,refitted,C_b05_r05,5,0.05,0.02,10.0,0.0,1.0,0.0
CART,holdout,0,refitted,C_b05_r05,5,0.05,0.05,25.0,0.0,1.0,0.0
CART,holdout,0,refitted,C_b05_r05,5,0.05,0.1,50.0,0.0,1.0,0.0
CART,holdout,0,refitted,C_b05_r05,5,0.05,0.15,75.0,0.0,1.0,0.0
CART,holdout,0,refitted,C_b05_r10,10,0.05,0.02,20.131016042780747,0.0013101604278074619,1.0,0.0013368983957219
CART,holdout,0,refitted,C_b05_r10,10,0.05,0.05,50.12700534759358,0.0012700534759358048,1.0,0.0013368983957219
CART,holdout,0,refitted,C_b05_r10,10,0.05,0.1,100.12032085561498,0.00120320855614971,1.0,0.0013368983957219
CART,holdout,0,refitted,C_b05_r10,10,0.05,0.15,150.11363636363637,0.0011363636363636148,1.0,0.0013368983957219
CART,holdout,0,refitted,C_b05_r20,20,0.05,0.02,40.13101604278075,0.0013101604278074619,1.0,0.0013368983957219
CART,holdout,0,refitted,C_b05_r20,20,0.05,0.05,100.12700534759358,0.0012700534759358048,1.0,0.0013368983957219
CART,holdout,0,refitted,C_b05_r20,20,0.05,0.1,200.12032085561495,0.00120320855614971,1.0,0.0013368983957219
CART,holdout,0,refitted,C_b05_r20,20,0.05,0.15,300.1136363636364,0.0011363636363636148,1.0,0.0013368983957219
CART,holdout,0,refitted,C_b05_r50,50,0.05,0.02,100.13101604278074,0.0013101604278074619,1.0,0.0013368983957219
CART,holdout,0,refitted,C_b05_r50,50,0.05,0.05,250.1270053475936,0.0012700534759358048,1.0,0.0013368983957219
CART,holdout,0,refitted,C_b05_r50,50,0.05,0.1,500.120320855615,0.00120320855614971,1.0,0.0013368983957219
CART,holdout,0,refitted,C_b05_r50,50,0.05,0.15,750.1136363636364,0.0011363636363636148,1.0,0.0013368983957219
CART,holdout,0,refitted,C_b10_r05,5,0.1,0.02,10.0,0.0,1.0,0.0
CART,holdout,0,refitted,C_b10_r05,5,0.1,0.05,25.0,0.0,1.0,0.0
CART,holdout,0,refitted,C_b10_r05,5,0.1,0.1,50.0,0.0,1.0,0.0
CART,holdout,0,refitted,C_b10_r05,5,0.1,0.15,75.0,0.0,1.0,0.0
CART,holdout,0,refitted,C_b10_r10,10,0.1,0.02,20.131016042780747,0.0013101604278074619,1.0,0.0013368983957219
CART,holdout,0,refitted,C_b10_r10,10,0.1,0.05,50.12700534759358,0.0012700534759358048,1.0,0.0013368983957219
CART,holdout,0,refitted,C_b10_r10,10,0.1,0.1,100.12032085561498,0.00120320855614971,1.0,0.0013368983957219
CART,holdout,0,refitted,C_b10_r10,10,0.1,0.15,150.11363636363637,0.0011363636363636148,1.0,0.0013368983957219
CART,holdout,0,refitted,C_b10_r20,20,0.1,0.02,38.98560263266146,0.006009872480460715,0.9615384615384616,0.0053475935828877
CART,holdout,0,refitted,C_b10_r20,20,0.1,0.05,96.6618675442205,0.007003290826820236,0.9615384615384616,0.0053475935828877
CART,holdout,0,refitted,C_b10_r20,20,0.1,0.1,192.7889757301522,0.008658988070752775,0.9615384615384616,0.0053475935828877
CART,holdout,0,refitted,C_b10_r20,20,0.1,0.15,288.9160839160839,0.01031468531468531,0.9615384615384616,0.0053475935828877
CART,holdout,0,refitted,C_b10_r50,50,0.1,0.02,96.67791032496915,0.006009872480460715,0.9615384615384616,0.0053475935828877
CART,holdout,0,refitted,C_b10_r50,50,0.1,0.05,240.89263677498968,0.007003290826820236,0.9615384615384616,0.0053475935828877
CART,holdout,0,refitted,C_b10_r50,50,0.1,0.1,481.2505141916906,0.008658988070752775,0.9615384615384616,0.0053475935828877
CART,holdout,0,refitted,C_b10_r50,50,0.1,0.15,721.6083916083917,0.01031468531468531,0.9615384615384616,0.0053475935828877
CART,holdout,0,refitted,C_b20_r05,5,0.2,0.02,10.0,0.0,1.0,0.0
CART,holdout,0,refitted,C_b20_r05,5,0.2,0.05,25.0,0.0,1.0,0.0
CART,holdout,0,refitted,C_b20_r05,5,0.2,0.1,50.0,0.0,1.0,0.0
CART,holdout,0,refitted,C_b20_r05,5,0.2,0.15,75.0,0.0,1.0,0.0
CART,holdout,0,refitted,C_b20_r10,10,0.2,0.02,20.131016042780747,0.0013101604278074619,1.0,0.0013368983957219
CART,holdout,0,refitted,C_b20_r10,10,0.2,0.05,50.12700534759358,0.0012700534759358048,1.0,0.0013368983957219
CART,holdout,0,refitted,C_b20_r10,10,0.2,0.1,100.12032085561498,0.00120320855614971,1.0,0.0013368983957219
CART,holdout,0,refitted,C_b20_r10,10,0.2,0.15,150.11363636363637,0.0011363636363636148,1.0,0.0013368983957219
CART,holdout,0,refitted,C_b20_r20,20,0.2,0.02,38.98951048951048,0.07066433566433558,0.8076923076923077,0.0681818181818181
CART,holdout,0,refitted,C_b20_r20,20,0.2,0.05,87.2465034965035,0.07438811188811181,0.8076923076923077,0.0681818181818181
CART,holdout,0,refitted,C_b20_r20,20,0.2,0.1,167.67482517482517,0.08059440559440552,0.8076923076923077,0.0681818181818181
CART,holdout,0,refitted,C_b20_r20,20,0.2,0.15,248.10314685314688,0.08680069930069922,0.8076923076923077,0.0681818181818181
CART,holdout,0,refitted,C_b20_r50,50,0.2,0.02,87.45104895104895,0.07066433566433558,0.8076923076923077,0.0681818181818181
CART,holdout,0,refitted,C_b20_r50,50,0.2,0.05,208.40034965034963,0.07438811188811181,0.8076923076923077,0.0681818181818181
CART,holdout,0,refitted,C_b20_r50,50,0.2,0.1,409.9825174825175,0.08059440559440552,0.8076923076923077,0.0681818181818181
CART,holdout,0,refitted,C_b20_r50,50,0.2,0.15,611.5646853146852,0.08680069930069922,0.8076923076923077,0.0681818181818181
CART,holdout,0,refitted,TopK_b01,5,0.01,0.02,10.401480872069103,0.008630193336075637,0.9615384615384616,0.0080213903743315
CART,holdout,0,refitted,TopK_b01,5,0.01,0.05,24.80049362402303,0.009543397778691846,0.9615384615384616,0.0080213903743315
CART,holdout,0,refitted,TopK_b01,5,0.01,0.1,48.79884821061291,0.011065405183052194,0.9615384615384616,0.0080213903743315
CART,holdout,0,refitted,TopK_b01,5,0.01,0.15,72.79720279720279,0.01258741258741254,0.9615384615384616,0.0080213903743315
CART,holdout,0,refitted,TopK_b01,10,0.01,0.02,20.01686548745372,0.008630193336075637,0.9615384615384616,0.0080213903743315
CART,holdout,0,refitted,TopK_b01,10,0.01,0.05,48.838955162484574,0.009543397778691846,0.9615384615384616,0.0080213903743315
CART,holdout,0,refitted,TopK_b01,10,0.01,0.1,96.875771287536,0.011065405183052194,0.9615384615384616,0.0080213903743315
CART,holdout,0,refitted,TopK_b01,10,0.01,0.15,144.9125874125874,0.01258741258741254,0.9615384615384616,0.0080213903743315
CART,holdout,0,refitted,TopK_b01,20,0.01,0.02,39.247634718222955,0.008630193336075637,0.9615384615384616,0.0080213903743315
CART,holdout,0,refitted,TopK_b01,20,0.01,0.05,96.91587823940765,0.009543397778691846,0.9615384615384616,0.0080213903743315
CART,holdout,0,refitted,TopK_b01,20,0.01,0.1,193.02961744138213,0.011065405183052194,0.9615384615384616,0.0080213903743315
CART,holdout,0,refitted,TopK_b01,20,0.01,0.15,289.14335664335664,0.01258741258741254,0.9615384615384616,0.0080213903743315
CART,holdout,0,refitted,TopK_b01,50,0.01,0.02,96.93994241053065,0.008630193336075637,0.9615384615384616,0.0080213903743315
CART,holdout,0,refitted,TopK_b01,50,0.01,0.05,241.14664747017684,0.009543397778691846,0.9615384615384616,0.0080213903743315
CART,holdout,0,refitted,TopK_b01,50,0.01,0.1,481.4911559029206,0.011065405183052194,0.9615384615384616,0.0080213903743315
CART,holdout,0,refitted,TopK_b01,50,0.01,0.15,721.8356643356643,0.01258741258741254,0.9615384615384616,0.0080213903743315
CART,holdout,0,refitted,TopK_b05,5,0.05,0.02,12.916083916083911,0.04762237762237757,0.8461538461538461,0.0454545454545454
CART,holdout,0,refitted,TopK_b05,5,0.05,0.05,25.472027972027966,0.05087412587412582,0.8461538461538461,0.0454545454545454
CART,holdout,0,refitted,TopK_b05,5,0.05,0.1,46.39860139860139,0.056293706293706246,0.8461538461538461,0.0454545454545454
CART,holdout,0,refitted,TopK_b05,5,0.05,0.15,67.32517482517481,0.061713286713286665,0.8461538461538461,0.0454545454545454
CART,holdout,0,refitted,TopK_b05,10,0.05,0.02,21.377622377622373,0.04762237762237757,0.8461538461538461,0.0454545454545454
CART,holdout,0,refitted,TopK_b05,10,0.05,0.05,46.62587412587412,0.05087412587412582,0.8461538461538461,0.0454545454545454
CART,holdout,0,refitted,TopK_b05,10,0.05,0.1,88.7062937062937,0.056293706293706246,0.8461538461538461,0.0454545454545454
CART,holdout,0,refitted,TopK_b05,10,0.05,0.15,130.78671328671328,0.061713286713286665,0.8461538461538461,0.0454545454545454
CART,holdout,0,refitted,TopK_b05,20,0.05,0.02,38.3006993006993,0.04762237762237757,0.8461538461538461,0.0454545454545454
CART,holdout,0,refitted,TopK_b05,20,0.05,0.05,88.93356643356643,0.05087412587412582,0.8461538461538461,0.0454545454545454
CART,holdout,0,refitted,TopK_b05,20,0.05,0.1,173.32167832167832,0.056293706293706246,0.8461538461538461,0.0454545454545454
CART,holdout,0,refitted,TopK_b05,20,0.05,0.15,257.7097902097902,0.061713286713286665,0.8461538461538461,0.0454545454545454
CART,holdout,0,refitted,TopK_b05,50,0.05,0.02,89.06993006993005,0.04762237762237757,0.8461538461538461,0.0454545454545454
CART,holdout,0,refitted,TopK_b05,50,0.05,0.05,215.85664335664333,0.05087412587412582,0.8461538461538461,0.0454545454545454
CART,holdout,0,refitted,TopK_b05,50,0.05,0.1,427.16783216783216,0.056293706293706246,0.8461538461538461,0.0454545454545454
CART,holdout,0,refitted,TopK_b05,50,0.05,0.15,638.479020979021,0.061713286713286665,0.8461538461538461,0.0454545454545454
CART,holdout,0,refitted,TopK_b10,5,0.1,0.02,16.478815302344707,0.0970958453311394,0.7307692307692307,0.0935828877005347
CART,holdout,0,refitted,TopK_b10,5,0.1,0.05,27.159605100781565,0.10236528177704643,0.7307692307692307,0.0935828877005347
CART,holdout,0,refitted,TopK_b10,5,0.1,0.1,44.96092143150966,0.11114767585355816,0.7307692307692307,0.0935828877005347
CART,holdout,0,refitted,TopK_b10,5,0.1,0.15,62.762237762237746,0.11993006993006988,0.7307692307692307,0.0935828877005347
CART,holdout,0,refitted,TopK_b10,10,0.1,0.02,23.786507610037017,0.0970958453311394,0.7307692307692307,0.0935828877005347
CART,holdout,0,refitted,TopK_b10,10,0.1,0.05,45.42883587001233,0.10236528177704643,0.7307692307692307,0.0935828877005347
CART,holdout,0,refitted,TopK_b10,10,0.1,0.1,81.4993829699712,0.11114767585355816,0.7307692307692307,0.0935828877005347
CART,holdout,0,refitted,TopK_b10,10,0.1,0.15,117.56993006993007,0.11993006993006988,0.7307692307692307,0.0935828877005347
CART,holdout,0,refitted,TopK_b10,20,0.1,0.02,38.40189222542163,0.0970958453311394,0.7307692307692307,0.0935828877005347
CART,holdout,0,refitted,TopK_b10,20,0.1,0.05,81.96729740847387,0.10236528177704643,0.7307692307692307,0.0935828877005347
CART,holdout,0,refitted,TopK_b10,20,0.1,0.1,154.57630604689427,0.11114767585355816,0.7307692307692307,0.0935828877005347
CART,holdout,0,refitted,TopK_b10,20,0.1,0.15,227.18531468531467,0.11993006993006988,0.7307692307692307,0.0935828877005347
CART,holdout,0,refitted,TopK_b10,50,0.1,0.02,82.24804607157547,0.0970958453311394,0.7307692307692307,0.0935828877005347
CART,holdout,0,refitted,TopK_b10,50,0.1,0.05,191.5826820238585,0.10236528177704643,0.7307692307692307,0.0935828877005347
CART,holdout,0,refitted,TopK_b10,50,0.1,0.1,373.8070752776635,0.11114767585355816,0.7307692307692307,0.0935828877005347
CART,holdout,0,refitted,TopK_b10,50,0.1,0.15,556.0314685314685,0.11993006993006988,0.7307692307692307,0.0935828877005347
CART,holdout,0,refitted,TopK_b20,5,0.2,0.02,25.53578774167009,0.19689633895516243,0.6538461538461539,0.1938502673796791
CART,holdout,0,refitted,TopK_b20,5,0.2,0.05,34.76192924722336,0.20146544631838742,0.6538461538461539,0.1938502673796791
CART,holdout,0,refitted,TopK_b20,5,0.2,0.1,50.13883175647881,0.2090806252570958,0.6538461538461539,0.1938502673796791
CART,holdout,0,refitted,TopK_b20,5,0.2,0.15,65.51573426573427,0.21669580419580414,0.6538461538461539,0.1938502673796791
CART,holdout,0,refitted,TopK_b20,10,0.2,0.02,32.074249280131625,0.19689633895516243,0.6538461538461539,0.1938502673796791
CART,holdout,0,refitted,TopK_b20,10,0.2,0.05,51.108083093377196,0.20146544631838742,0.6538461538461539,0.1938502673796791
CART,holdout,0,refitted,TopK_b20,10,0.2,0.1,82.8311394487865,0.2090806252570958,0.6538461538461539,0.1938502673796791
CART,holdout,0,refitted,TopK_b20,10,0.2,0.15,114.55419580419581,0.21669580419580414,0.6538461538461539,0.1938502673796791
CART,holdout,0,refitted,TopK_b20,20,0.2,0.02,45.151172357054705,0.19689633895516243,0.6538461538461539,0.1938502673796791
CART,holdout,0,refitted,TopK_b20,20,0.2,0.05,83.8003907856849,0.20146544631838742,0.6538461538461539,0.1938502673796791
CART,holdout,0,refitted,TopK_b20,20,0.2,0.1,148.2157548334019,0.2090806252570958,0.6538461538461539,0.1938502673796791
CART,holdout,0,refitted,TopK_b20,20,0.2,0.15,212.63111888111888,0.21669580419580414,0.6538461538461539,0.1938502673796791
CART,holdout,0,refitted,TopK_b20,50,0.2,0.02,84.38194158782395,0.19689633895516243,0.6538461538461539,0.1938502673796791
CART,holdout,0,refitted,TopK_b20,50,0.2,0.05,181.87731386260796,0.20146544631838742,0.6538461538461539,0.1938502673796791
CART,holdout,0,refitted,TopK_b20,50,0.2,0.1,344.369600987248,0.2090806252570958,0.6538461538461539,0.1938502673796791
CART,holdout,0,refitted,TopK_b20,50,0.2,0.15,506.86188811188816,0.21669580419580414,0.6538461538461539,0.1938502673796791
XGBoost,time,-1,fixed,none,5,,0.02,10.0,0.0,1.0,0.0
XGBoost,time,-1,fixed,none,5,,0.05,25.0,0.0,1.0,0.0
XGBoost,time,-1,fixed,none,5,,0.1,50.0,0.0,1.0,0.0
XGBoost,time,-1,fixed,none,5,,0.15,75.0,0.0,1.0,0.0
XGBoost,time,-1,fixed,none,10,,0.02,20.0,0.0,1.0,0.0
XGBoost,time,-1,fixed,none,10,,0.05,50.0,0.0,1.0,0.0
XGBoost,time,-1,fixed,none,10,,0.1,100.0,0.0,1.0,0.0
XGBoost,time,-1,fixed,none,10,,0.15,150.0,0.0,1.0,0.0
XGBoost,time,-1,fixed,none,20,,0.02,40.0,0.0,1.0,0.0
XGBoost,time,-1,fixed,none,20,,0.05,100.0,0.0,1.0,0.0
XGBoost,time,-1,fixed,none,20,,0.1,200.0,0.0,1.0,0.0
XGBoost,time,-1,fixed,none,20,,0.15,300.0,0.0,1.0,0.0
XGBoost,time,-1,fixed,none,50,,0.02,100.0,0.0,1.0,0.0
XGBoost,time,-1,fixed,none,50,,0.05,250.0,0.0,1.0,0.0
XGBoost,time,-1,fixed,none,50,,0.1,500.0,0.0,1.0,0.0
XGBoost,time,-1,fixed,none,50,,0.15,750.0,0.0,1.0,0.0
XGBoost,time,-1,fixed,A_b01,5,0.01,0.02,12.92759493670886,0.029275949367088605,1.0,0.029873417721518986
XGBoost,time,-1,fixed,A_b01,5,0.01,0.05,27.837974683544303,0.028379746835443035,1.0,0.029873417721518986
XGBoost,time,-1,fixed,A_b01,5,0.01,0.1,52.68860759493671,0.026886075949367087,1.0,0.029873417721518986
XGBoost,time,-1,fixed,A_b01,5,0.01,0.15,77.53924050632911,0.025392405063291136,1.0,0.029873417721518986
XGBoost,time,-1,fixed,A_b01,10,0.01,0.02,22.92759493670886,0.029275949367088605,1.0,0.029873417721518986
XGBoost,time,-1,fixed,A_b01,10,0.01,0.05,52.83797468354431,0.028379746835443035,1.0,0.029873417721518986
XGBoost,time,-1,fixed,A_b01,10,0.01,0.1,102.6886075949367,0.026886075949367087,1.0,0.029873417721518986
XGBoost,time,-1,fixed,A_b01,10,0.01,0.15,152.53924050632912,0.025392405063291136,1.0,0.029873417721518986
XGBoost,time,-1,fixed,A_b01,20,0.01,0.02,42.927594936708864,0.029275949367088605,1.0,0.029873417721518986
XGBoost,time,-1,fixed,A_b01,20,0.01,0.05,102.8379746835443,0.028379746835443035,1.0,0.029873417721518986
XGBoost,time,-1,fixed,A_b01,20,0.01,0.1,202.68860759493668,0.026886075949367087,1.0,0.029873417721518986
XGBoost,time,-1,fixed,A_b01,20,0.01,0.15,302.5392405063291,0.025392405063291136,1.0,0.029873417721518986
XGBoost,time,-1,fixed,A_b01,50,0.01,0.02,102.92759493670887,0.029275949367088605,1.0,0.029873417721518986
XGBoost,time,-1,fixed,A_b01,50,0.01,0.05,252.8379746835443,0.028379746835443035,1.0,0.029873417721518986
XGBoost,time,-1,fixed,A_b01,50,0.01,0.1,502.6886075949367,0.026886075949367087,1.0,0.029873417721518986
XGBoost,time,-1,fixed,A_b01,50,0.01,0.15,752.5392405063292,0.025392405063291136,1.0,0.029873417721518986
XGBoost,time,-1,fixed,A_b05,5,0.05,0.02,16.76765247410817,0.07994925201380898,0.8977272727272727,0.07949367088607595
XGBoost,time,-1,fixed,A_b05,5,0.05,0.05,29.99508055235903,0.08063262370540851,0.8977272727272727,0.07949367088607595
XGBoost,time,-1,fixed,A_b05,5,0.05,0.1,52.04079401611047,0.0817715765247411,0.8977272727272727,0.07949367088607595
XGBoost,time,-1,fixed,A_b05,5,0.05,0.15,74.08650747986192,0.08291052934407364,0.8977272727272727,0.07949367088607595
XGBoost,time,-1,fixed,A_b05,10,0.05,0.02,25.744925201380898,0.07994925201380898,0.8977272727272727,0.07949367088607595
XGBoost,time,-1,fixed,A_b05,10,0.05,0.05,52.438262370540855,0.08063262370540851,0.8977272727272727,0.07949367088607595
XGBoost,time,-1,fixed,A_b05,10,0.05,0.1,96.92715765247411,0.0817715765247411,0.8977272727272727,0.07949367088607595
XGBoost,time,-1,fixed,A_b05,10,0.05,0.15,141.4160529344074,0.08291052934407364,0.8977272727272727,0.07949367088607595
XGBoost,time,-1,fixed,A_b05,20,0.05,0.02,43.699470655926355,0.07994925201380898,0.8977272727272727,0.07949367088607595
XGBoost,time,-1,fixed,A_b05,20,0.05,0.05,97.32462600690448,0.08063262370540851,0.8977272727272727,0.07949367088607595
XGBoost,time,-1,fixed,A_b05,20,0.05,0.1,186.6998849252014,0.0817715765247411,0.8977272727272727,0.07949367088607595
XGBoost,time,-1,fixed,A_b05,20,0.05,0.15,276.07514384349827,0.08291052934407364,0.8977272727272727,0.07949367088607595
XGBoost,time,-1,fixed,A_b05,50,0.05,0.02,97.56310701956271,0.07994925201380898,0.8977272727272727,0.07949367088607595
XGBoost,time,-1,fixed,A_b05,50,0.05,0.05,231.9837169159954,0.08063262370540851,0.8977272727272727,0.07949367088607595
XGBoost,time,-1,fixed,A_b05,50,0.05,0.1,456.01806674338314,0.0817715765247411,0.8977272727272727,0.07949367088607595
XGBoost,time,-1,fixed,A_b05,50,0.05,0.15,680.0524165707709,0.08291052934407364,0.8977272727272727,0.07949367088607595
XGBoost,time,-1,fixed,A_b10,5,0.1,0.02,20.02023014959724,0.11929321058688147,0.8409090909090909,0.11848101265822784
XGBoost,time,-1,fixed,A_b10,5,0.1,0.05,32.27842347525892,0.12051150747986189,0.8409090909090909,0.11848101265822784
XGBoost,time,-1,fixed,A_b10,5,0.1,0.1,52.70874568469506,0.12254200230149598,0.8409090909090909,0.11848101265822784
XGBoost,time,-1,fixed,A_b10,5,0.1,0.15,73.13906789413119,0.12457249712313001,0.8409090909090909,0.11848101265822784
XGBoost,time,-1,fixed,A_b10,10,0.1,0.02,28.42932105868815,0.11929321058688147,0.8409090909090909,0.11848101265822784
XGBoost,time,-1,fixed,A_b10,10,0.1,0.05,53.30115074798619,0.12051150747986189,0.8409090909090909,0.11848101265822784
XGBoost,time,-1,fixed,A_b10,10,0.1,0.1,94.75420023014959,0.12254200230149598,0.8409090909090909,0.11848101265822784
XGBoost,time,-1,fixed,A_b10,10,0.1,0.15,136.20724971231303,0.12457249712313001,0.8409090909090909,0.11848101265822784
XGBoost,time,-1,fixed,A_b10,20,0.1,0.02,45.24750287686997,0.11929321058688147,0.8409090909090909,0.11848101265822784
XGBoost,time,-1,fixed,A_b10,20,0.1,0.05,95.34660529344073,0.12051150747986189,0.8409090909090909,0.11848101265822784
XGBoost,time,-1,fixed,A_b10,20,0.1,0.1,178.84510932105871,0.12254200230149598,0.8409090909090909,0.11848101265822784
XGBoost,time,-1,fixed,A_b10,20,0.1,0.15,262.3436133486766,0.12457249712313001,0.8409090909090909,0.11848101265822784
XGBoost,time,-1,fixed,A_b10,50,0.1,0.02,95.70204833141543,0.11929321058688147,0.8409090909090909,0.11848101265822784
XGBoost,time,-1,fixed,A_b10,50,0.1,0.05,221.4829689298044,0.12051150747986189,0.8409090909090909,0.11848101265822784
XGBoost,time,-1,fixed,A_b10,50,0.1,0.1,431.117836593786,0.12254200230149598,0.8409090909090909,0.11848101265822784
XGBoost,time,-1,fixed,A_b10,50,0.1,0.15,640.7527042577675,0.12457249712313001,0.8409090909090909,0.11848101265822784
XGBoost,time,-1,fixed,A_b20,5,0.2,0.02,33.55706559263522,0.26966156501726124,0.7159090909090909,0.26936708860759495
XGBoost,time,-1,fixed,A_b20,5,0.2,0.05,43.487600690448794,0.2701032796317607,0.7159090909090909,0.26936708860759495
XGBoost,time,-1,fixed,A_b20,5,0.2,0.1,60.038492520138085,0.27083947065592634,0.7159090909090909,0.26936708860759495
XGBoost,time,-1,fixed,A_b20,5,0.2,0.15,76.5893843498274,0.27157566168009206,0.7159090909090909,0.26936708860759495
XGBoost,time,-1,fixed,A_b20,10,0.2,0.02,40.716156501726125,0.26966156501726124,0.7159090909090909,0.26936708860759495
XGBoost,time,-1,fixed,A_b20,10,0.2,0.05,61.38532796317606,0.2701032796317607,0.7159090909090909,0.26936708860759495
XGBoost,time,-1,fixed,A_b20,10,0.2,0.1,95.83394706559264,0.27083947065592634,0.7159090909090909,0.26936708860759495
XGBoost,time,-1,fixed,A_b20,10,0.2,0.15,130.28256616800923,0.27157566168009206,0.7159090909090909,0.26936708860759495
XGBoost,time,-1,fixed,A_b20,20,0.2,0.02,55.03433831990794,0.26966156501726124,0.7159090909090909,0.26936708860759495
XGBoost,time,-1,fixed,A_b20,20,0.2,0.05,97.18078250863061,0.2701032796317607,0.7159090909090909,0.26936708860759495
XGBoost,time,-1,fixed,A_b20,20,0.2,0.1,167.42485615650173,0.27083947065592634,0.7159090909090909,0.26936708860759495
XGBoost,time,-1,fixed,A_b20,20,0.2,0.15,237.66892980437285,0.27157566168009206,0.7159090909090909,0.26936708860759495
XGBoost,time,-1,fixed,A_b20,50,0.2,0.02,97.9888837744534,0.26966156501726124,0.7159090909090909,0.26936708860759495
XGBoost,time,-1,fixed,A_b20,50,0.2,0.05,204.56714614499427,0.2701032796317607,0.7159090909090909,0.26936708860759495
XGBoost,time,-1,fixed,A_b20,50,0.2,0.1,382.197583429229,0.27083947065592634,0.7159090909090909,0.26936708860759495
XGBoost,time,-1,fixed,A_b20,50,0.2,0.15,559.8280207134637,0.27157566168009206,0.7159090909090909,0.26936708860759495
XGBoost,time,-1,fixed,B_r05,5,,0.02,12.599551208285387,0.03826823935558113,0.8977272727272727,0.0369620253164557
XGBoost,time,-1,fixed,B_r05,5,,0.05,25.954574223245107,0.04022756041426928,0.8977272727272727,0.0369620253164557
XGBoost,time,-1,fixed,B_r05,5,,0.1,48.212945914844646,0.04349309551208286,0.8977272727272727,0.0369620253164557
XGBoost,time,-1,fixed,B_r05,5,,0.15,70.47131760644419,0.046758630609896434,0.8977272727272727,0.0369620253164557
XGBoost,time,-1,fixed,B_r10,10,,0.02,30.85153049482164,0.19601530494821637,0.6022727272727273,0.1918987341772152
XGBoost,time,-1,fixed,B_r10,10,,0.05,48.34401611047181,0.20219016110471807,0.6022727272727273,0.1918987341772152
XGBoost,time,-1,fixed,B_r10,10,,0.1,77.4981588032221,0.21248158803222095,0.6022727272727273,0.1918987341772152
XGBoost,time,-1,fixed,B_r10,10,,0.15,106.65230149597238,0.22277301495972382,0.6022727272727273,0.1918987341772152
XGBoost,time,-1,fixed,B_r20,20,,0.02,52.38609896432681,0.3434064441887226,0.4772727272727273,0.33974683544303796
XGBoost,time,-1,fixed,B_r20,20,,0.05,80.00322209436133,0.3488958573072497,0.4772727272727273,0.33974683544303796
XGBoost,time,-1,fixed,B_r20,20,,0.1,126.03176064441888,0.35804487917146144,0.4772727272727273,0.33974683544303796
XGBoost,time,-1,fixed,B_r20,20,,0.15,172.0602991944764,0.3671939010356732,0.4772727272727273,0.33974683544303796
XGBoost,time,-1,fixed,B_r50,50,,0.02,78.13348676639815,0.5231530494821633,0.2727272727272727,0.5189873417721519
XGBoost,time,-1,fixed,B_r50,50,,0.05,117.48561565017259,0.5294016110471806,0.2727272727272727,0.5189873417721519
XGBoost,time,-1,fixed,B_r50,50,,0.1,183.07249712313003,0.5398158803222094,0.2727272727272727,0.5189873417721519
XGBoost,time,-1,fixed,B_r50,50,,0.15,248.65937859608746,0.5502301495972381,0.2727272727272727,0.5189873417721519
XGBoost,time,-1,fixed,C_b01_r05,5,0.01,0.02,10.0,0.0,1.0,0.0
XGBoost,time,-1,fixed,C_b01_r05,5,0.01,0.05,25.0,0.0,1.0,0.0
XGBoost,time,-1,fixed,C_b01_r05,5,0.01,0.1,50.0,0.0,1.0,0.0
XGBoost,time,-1,fixed,C_b01_r05,5,0.01,0.15,75.0,0.0,1.0,0.0
XGBoost,time,-1,fixed,C_b01_r10,10,0.01,0.02,20.0,0.0,1.0,0.0
XGBoost,time,-1,fixed,C_b01_r10,10,0.01,0.05,50.0,0.0,1.0,0.0
XGBoost,time,-1,fixed,C_b01_r10,10,0.01,0.1,100.0,0.0,1.0,0.0
XGBoost,time,-1,fixed,C_b01_r10,10,0.01,0.15,150.0,0.0,1.0,0.0
XGBoost,time,-1,fixed,C_b01_r20,20,0.01,0.02,40.0,0.0,1.0,0.0
XGBoost,time,-1,fixed,C_b01_r20,20,0.01,0.05,100.0,0.0,1.0,0.0
XGBoost,time,-1,fixed,C_b01_r20,20,0.01,0.1,200.0,0.0,1.0,0.0
XGBoost,time,-1,fixed,C_b01_r20,20,0.01,0.15,300.0,0.0,1.0,0.0
XGBoost,time,-1,fixed,C_b01_r50,50,0.01,0.02,100.0,0.0,1.0,0.0
XGBoost,time,-1,fixed,C_b01_r50,50,0.01,0.05,250.0,0.0,1.0,0.0
XGBoost,time,-1,fixed,C_b01_r50,50,0.01,0.1,500.0,0.0,1.0,0.0
XGBoost,time,-1,fixed,C_b01_r50,50,0.01,0.15,750.0,0.0,1.0,0.0
XGBoost,time,-1,fixed,C_b05_r05,5,0.05,0.02,11.077249712313005,0.012136133486766398,0.9886363636363636,0.012151898734177215
XGBoost,time,-1,fixed,C_b05_r05,5,0.05,0.05,25.870339470655928,0.012112485615650172,0.9886363636363636,0.012151898734177215
XGBoost,time,-1,fixed,C_b05_r05,5,0.05,0.1,50.525489067894135,0.012073072497123128,0.9886363636363636,0.012151898734177215
XGBoost,time,-1,fixed,C_b05_r05,5,0.05,0.15,75.18063866513234,0.012033659378596085,0.9886363636363636,0.012151898734177215
XGBoost,time,-1,fixed,C_b05_r10,10,0.05,0.02,20.963613348676642,0.012136133486766398,0.9886363636363636,0.012151898734177215
XGBoost,time,-1,fixed,C_b05_r10,10,0.05,0.05,50.586248561565014,0.012112485615650172,0.9886363636363636,0.012151898734177215
XGBoost,time,-1,fixed,C_b05_r10,10,0.05,0.1,99.95730724971231,0.012073072497123128,0.9886363636363636,0.012151898734177215
XGBoost,time,-1,fixed,C_b05_r10,10,0.05,0.15,149.32836593785962,0.012033659378596085,0.9886363636363636,0.012151898734177215
XGBoost,time,-1,fixed,C_b05_r20,20,0.05,0.02,40.73634062140392,0.012136133486766398,0.9886363636363636,0.012151898734177215
XGBoost,time,-1,fixed,C_b05_r20,20,0.05,0.05,100.0180667433832,0.012112485615650172,0.9886363636363636,0.012151898734177215
XGBoost,time,-1,fixed,C_b05_r20,20,0.05,0.1,198.82094361334867,0.012073072497123128,0.9886363636363636,0.012151898734177215
XGBoost,time,-1,fixed,C_b05_r20,20,0.05,0.15,297.62382048331415,0.012033659378596085,0.9886363636363636,0.012151898734177215
XGBoost,time,-1,fixed,C_b05_r50,50,0.05,0.02,100.05452243958572,0.012136133486766398,0.9886363636363636,0.012151898734177215
XGBoost,time,-1,fixed,C_b05_r50,50,0.05,0.05,248.31352128883773,0.012112485615650172,0.9886363636363636,0.012151898734177215
XGBoost,time,-1,fixed,C_b05_r50,50,0.05,0.1,495.4118527042578,0.012073072497123128,0.9886363636363636,0.012151898734177215
XGBoost,time,-1,fixed,C_b05_r50,50,0.05,0.15,742.5101841196778,0.012033659378596085,0.9886363636363636,0.012151898734177215
XGBoost,time,-1,fixed,C_b10_r05,5,0.1,0.02,11.077249712313005,0.012136133486766398,0.9886363636363636,0.012151898734177215
XGBoost,time,-1,fixed,C_b10_r05,5,0.1,0.05,25.870339470655928,0.012112485615650172,0.9886363636363636,0.012151898734177215
XGBoost,time,-1,fixed,C_b10_r05,5,0.1,0.1,50.525489067894135,0.012073072497123128,0.9886363636363636,0.012151898734177215
XGBoost,time,-1,fixed,C_b10_r05,5,0.1,0.15,75.18063866513234,0.012033659378596085,0.9886363636363636,0.012151898734177215
XGBoost,time,-1,fixed,C_b10_r10,10,0.1,0.02,21.11247410817031,0.013624741081703105,0.9886363636363636,0.013670886075949367
XGBoost,time,-1,fixed,C_b10_r10,10,0.1,0.05,50.730552359033375,0.013555523590333716,0.9886363636363636,0.013670886075949367
XGBoost,time,-1,fixed,C_b10_r10,10,0.1,0.1,100.09401611047181,0.013440161104718065,0.9886363636363636,0.013670886075949367
XGBoost,time,-1,fixed,C_b10_r10,10,0.1,0.15,149.45747986191026,0.013324798619102414,0.9886363636363636,0.013670886075949367
XGBoost,time,-1,fixed,C_b10_r20,20,0.1,0.02,41.1590333716916,0.030681242807825082,0.9545454545454546,0.030379746835443037
XGBoost,time,-1,fixed,C_b10_r20,20,0.1,0.05,98.34062140391254,0.031133486766398155,0.9545454545454546,0.030379746835443037
XGBoost,time,-1,fixed,C_b10_r20,20,0.1,0.1,193.64326812428078,0.03188722669735328,0.9545454545454546,0.030379746835443037
XGBoost,time,-1,fixed,C_b10_r20,20,0.1,0.15,288.945914844649,0.03264096662830839,0.9545454545454546,0.030379746835443037
XGBoost,time,-1,fixed,C_b10_r50,50,0.1,0.02,98.43176064441887,0.030681242807825082,0.9545454545454546,0.030379746835443037
XGBoost,time,-1,fixed,C_b10_r50,50,0.1,0.05,241.52243958573075,0.031133486766398155,0.9545454545454546,0.030379746835443037
XGBoost,time,-1,fixed,C_b10_r50,50,0.1,0.1,480.0069044879172,0.03188722669735328,0.9545454545454546,0.030379746835443037
XGBoost,time,-1,fixed,C_b10_r50,50,0.1,0.15,718.4913693901036,0.03264096662830839,0.9545454545454546,0.030379746835443037
XGBoost,time,-1,fixed,C_b20_r05,5,0.2,0.02,11.360575373993095,0.016333026467203682,0.9772727272727273,0.01620253164556962
XGBoost,time,-1,fixed,C_b20_r05,5,0.2,0.05,25.9710586881473,0.016528768699654774,0.9772727272727273,0.01620253164556962
XGBoost,time,-1,fixed,C_b20_r05,5,0.2,0.1,50.32186421173763,0.01685500575373993,0.9772727272727273,0.01620253164556962
XGBoost,time,-1,fixed,C_b20_r05,5,0.2,0.15,74.67266973532796,0.017181242807825084,0.9772727272727273,0.01620253164556962
XGBoost,time,-1,fixed,C_b20_r10,10,0.2,0.02,21.13330264672037,0.016333026467203682,0.9772727272727273,0.01620253164556962
XGBoost,time,-1,fixed,C_b20_r10,10,0.2,0.05,50.402876869965475,0.016528768699654774,0.9772727272727273,0.01620253164556962
XGBoost,time,-1,fixed,C_b20_r10,10,0.2,0.1,99.185500575374,0.01685500575373993,0.9772727272727273,0.01620253164556962
XGBoost,time,-1,fixed,C_b20_r10,10,0.2,0.15,147.9681242807825,0.017181242807825084,0.9772727272727273,0.01620253164556962
XGBoost,time,-1,fixed,C_b20_r20,20,0.2,0.02,40.952589182968936,0.03338952819332566,0.9431818181818182,0.03291139240506329
XGBoost,time,-1,fixed,C_b20_r20,20,0.2,0.05,97.44476409666284,0.034106731875719214,0.9431818181818182,0.03291139240506329
XGBoost,time,-1,fixed,C_b20_r20,20,0.2,0.1,191.59838895281936,0.03530207134637514,0.9431818181818182,0.03291139240506329
XGBoost,time,-1,fixed,C_b20_r20,20,0.2,0.15,285.75201380897585,0.03649741081703106,0.9431818181818182,0.03291139240506329
XGBoost,time,-1,fixed,C_b20_r50,50,0.2,0.02,98.3423245109321,0.0529686996547756,0.9318181818181818,0.052658227848101265
XGBoost,time,-1,fixed,C_b20_r50,50,0.2,0.05,237.95707710011507,0.053434407364787107,0.9318181818181818,0.052658227848101265
XGBoost,time,-1,fixed,C_b20_r50,50,0.2,0.1,470.64833141542,0.05421058688147297,0.9318181818181818,0.052658227848101265
XGBoost,time,-1,fixed,C_b20_r50,50,0.2,0.15,703.3395857307249,0.054986766398158804,0.9318181818181818,0.052658227848101265
XGBoost,time,-1,fixed,TopK_b01,5,0.01,0.02,10.99240506329114,0.009924050632911392,1.0,0.010126582278481013
XGBoost,time,-1,fixed,TopK_b01,5,0.01,0.05,25.962025316455694,0.009620253164556962,1.0,0.010126582278481013
XGBoost,time,-1,fixed,TopK_b01,5,0.01,0.1,50.911392405063296,0.009113924050632912,1.0,0.010126582278481013
XGBoost,time,-1,fixed,TopK_b01,5,0.01,0.15,75.86075949367088,0.008607594936708861,1.0,0.010126582278481013
XGBoost,time,-1,fixed,TopK_b01,10,0.01,0.02,20.992405063291137,0.009924050632911392,1.0,0.010126582278481013
XGBoost,time,-1,fixed,TopK_b01,10,0.01,0.05,50.962025316455694,0.009620253164556962,1.0,0.010126582278481013
XGBoost,time,-1,fixed,TopK_b01,10,0.01,0.1,100.91139240506328,0.009113924050632912,1.0,0.010126582278481013
XGBoost,time,-1,fixed,TopK_b01,10,0.01,0.15,150.86075949367088,0.008607594936708861,1.0,0.010126582278481013
XGBoost,time,-1,fixed,TopK_b01,20,0.01,0.02,40.992405063291145,0.009924050632911392,1.0,0.010126582278481013
XGBoost,time,-1,fixed,TopK_b01,20,0.01,0.05,100.96202531645571,0.009620253164556962,1.0,0.010126582278481013
XGBoost,time,-1,fixed,TopK_b01,20,0.01,0.1,200.9113924050633,0.009113924050632912,1.0,0.010126582278481013
XGBoost,time,-1,fixed,TopK_b01,20,0.01,0.15,300.86075949367086,0.008607594936708861,1.0,0.010126582278481013
XGBoost,time,-1,fixed,TopK_b01,50,0.01,0.02,100.99240506329114,0.009924050632911392,1.0,0.010126582278481013
XGBoost,time,-1,fixed,TopK_b01,50,0.01,0.05,250.96202531645568,0.009620253164556962,1.0,0.010126582278481013
XGBoost,time,-1,fixed,TopK_b01,50,0.01,0.1,500.9113924050633,0.009113924050632912,1.0,0.010126582278481013
XGBoost,time,-1,fixed,TopK_b01,50,0.01,0.15,750.8607594936709,0.008607594936708861,1.0,0.010126582278481013
XGBoost,time,-1,fixed,TopK_b05,5,0.05,0.02,13.819228998849251,0.047737744533947066,0.9204545454545454,0.04708860759493671
XGBoost,time,-1,fixed,TopK_b05,5,0.05,0.05,27.48478135788262,0.048711449942462605,0.9204545454545454,0.04708860759493671
XGBoost,time,-1,fixed,TopK_b05,5,0.05,0.1,50.26070195627157,0.050334292289988494,0.9204545454545454,0.04708860759493671
XGBoost,time,-1,fixed,TopK_b05,5,0.05,0.15,73.03662255466052,0.05195713463751439,0.9204545454545454,0.04708860759493671
XGBoost,time,-1,fixed,TopK_b05,10,0.05,0.02,23.023774453394704,0.047737744533947066,0.9204545454545454,0.04708860759493671
XGBoost,time,-1,fixed,TopK_b05,10,0.05,0.05,50.496144994246265,0.048711449942462605,0.9204545454545454,0.04708860759493671
XGBoost,time,-1,fixed,TopK_b05,10,0.05,0.1,96.28342922899884,0.050334292289988494,0.9204545454545454,0.04708860759493671
XGBoost,time,-1,fixed,TopK_b05,10,0.05,0.15,142.07071346375145,0.05195713463751439,0.9204545454545454,0.04708860759493671
XGBoost,time,-1,fixed,TopK_b05,20,0.05,0.02,41.432865362485614,0.047737744533947066,0.9204545454545454,0.04708860759493671
XGBoost,time,-1,fixed,TopK_b05,20,0.05,0.05,96.51887226697353,0.048711449942462605,0.9204545454545454,0.04708860759493671
XGBoost,time,-1,fixed,TopK_b05,20,0.05,0.1,188.32888377445337,0.050334292289988494,0.9204545454545454,0.04708860759493671
XGBoost,time,-1,fixed,TopK_b05,20,0.05,0.15,280.13889528193323,0.05195713463751439,0.9204545454545454,0.04708860759493671
XGBoost,time,-1,fixed,TopK_b05,50,0.05,0.02,96.66013808975833,0.047737744533947066,0.9204545454545454,0.04708860759493671
XGBoost,time,-1,fixed,TopK_b05,50,0.05,0.05,234.5870540851553,0.048711449942462605,0.9204545454545454,0.04708860759493671
XGBoost,time,-1,fixed,TopK_b05,50,0.05,0.1,464.4652474108169,0.050334292289988494,0.9204545454545454,0.04708860759493671
XGBoost,time,-1,fixed,TopK_b05,50,0.05,0.15,694.3434407364787,0.05195713463751439,0.9204545454545454,0.04708860759493671
XGBoost,time,-1,fixed,TopK_b10,5,0.1,0.02,17.836939010356733,0.09746029919447641,0.8409090909090909,0.09620253164556962
XGBoost,time,-1,fixed,TopK_b10,5,0.1,0.05,30.161967779056386,0.09934695051783658,0.8409090909090909,0.09620253164556962
XGBoost,time,-1,fixed,TopK_b10,5,0.1,0.1,50.703682393555816,0.10249136939010356,0.8409090909090909,0.09620253164556962
XGBoost,time,-1,fixed,TopK_b10,5,0.1,0.15,71.24539700805525,0.10563578826237052,0.8409090909090909,0.09620253164556962
XGBoost,time,-1,fixed,TopK_b10,10,0.1,0.02,26.246029919447643,0.09746029919447641,0.8409090909090909,0.09620253164556962
XGBoost,time,-1,fixed,TopK_b10,10,0.1,0.05,51.184695051783656,0.09934695051783658,0.8409090909090909,0.09620253164556962
XGBoost,time,-1,fixed,TopK_b10,10,0.1,0.1,92.74913693901036,0.10249136939010356,0.8409090909090909,0.09620253164556962
XGBoost,time,-1,fixed,TopK_b10,10,0.1,0.15,134.31357882623706,0.10563578826237052,0.8409090909090909,0.09620253164556962
XGBoost,time,-1,fixed,TopK_b10,20,0.1,0.02,43.06421173762946,0.09746029919447641,0.8409090909090909,0.09620253164556962
XGBoost,time,-1,fixed,TopK_b10,20,0.1,0.05,93.23014959723821,0.09934695051783658,0.8409090909090909,0.09620253164556962
XGBoost,time,-1,fixed,TopK_b10,20,0.1,0.1,176.84004602991945,0.10249136939010356,0.8409090909090909,0.09620253164556962
XGBoost,time,-1,fixed,TopK_b10,20,0.1,0.15,260.4499424626007,0.10563578826237052,0.8409090909090909,0.09620253164556962
XGBoost,time,-1,fixed,TopK_b10,50,0.1,0.02,93.51875719217492,0.09746029919447641,0.8409090909090909,0.09620253164556962
XGBoost,time,-1,fixed,TopK_b10,50,0.1,0.05,219.3665132336019,0.09934695051783658,0.8409090909090909,0.09620253164556962
XGBoost,time,-1,fixed,TopK_b10,50,0.1,0.1,429.11277330264676,0.10249136939010356,0.8409090909090909,0.09620253164556962
XGBoost,time,-1,fixed,TopK_b10,50,0.1,0.15,638.8590333716916,0.10563578826237052,0.8409090909090909,0.09620253164556962
XGBoost,time,-1,fixed,TopK_b20,5,0.2,0.02,25.332968929804373,0.195602416570771,0.6477272727272727,0.19240506329113924
XGBoost,time,-1,fixed,TopK_b20,5,0.2,0.05,34.471662830840046,0.20039844649021862,0.6477272727272727,0.19240506329113924
XGBoost,time,-1,fixed,TopK_b20,5,0.2,0.1,49.702819332566165,0.20839182968929804,0.6477272727272727,0.19240506329113924
XGBoost,time,-1,fixed,TopK_b20,5,0.2,0.15,64.93397583429228,0.21638521288837742,0.6477272727272727,0.19240506329113924
XGBoost,time,-1,fixed,TopK_b20,10,0.2,0.02,31.8102416570771,0.195602416570771,0.6477272727272727,0.19240506329113924
XGBoost,time,-1,fixed,TopK_b20,10,0.2,0.05,50.66484464902186,0.20039844649021862,0.6477272727272727,0.19240506329113924
XGBoost,time,-1,fixed,TopK_b20,10,0.2,0.1,82.08918296892979,0.20839182968929804,0.6477272727272727,0.19240506329113924
XGBoost,time,-1,fixed,TopK_b20,10,0.2,0.15,113.51352128883774,0.21638521288837742,0.6477272727272727,0.19240506329113924
XGBoost,time,-1,fixed,TopK_b20,20,0.2,0.02,44.76478711162255,0.195602416570771,0.6477272727272727,0.19240506329113924
XGBoost,time,-1,fixed,TopK_b20,20,0.2,0.05,83.0512082853855,0.20039844649021862,0.6477272727272727,0.19240506329113924
XGBoost,time,-1,fixed,TopK_b20,20,0.2,0.1,146.86191024165706,0.20839182968929804,0.6477272727272727,0.19240506329113924
XGBoost,time,-1,fixed,TopK_b20,20,0.2,0.15,210.67261219792863,0.21638521288837742,0.6477272727272727,0.19240506329113924
XGBoost,time,-1,fixed,TopK_b20,50,0.2,0.02,83.62842347525891,0.195602416570771,0.6477272727272727,0.19240506329113924
XGBoost,time,-1,fixed,TopK_b20,50,0.2,0.05,180.2102991944764,0.20039844649021862,0.6477272727272727,0.19240506329113924
XGBoost,time,-1,fixed,TopK_b20,50,0.2,0.1,341.18009205983884,0.20839182968929804,0.6477272727272727,0.19240506329113924
XGBoost,time,-1,fixed,TopK_b20,50,0.2,0.15,502.1498849252013,0.21638521288837742,0.6477272727272727,0.19240506329113924
XGBoost,time,-1,refitted,none,5,,0.02,10.0,0.0,1.0,0.0
XGBoost,time,-1,refitted,none,5,,0.05,25.0,0.0,1.0,0.0
XGBoost,time,-1,refitted,none,5,,0.1,50.0,0.0,1.0,0.0
XGBoost,time,-1,refitted,none,5,,0.15,75.0,0.0,1.0,0.0
XGBoost,time,-1,refitted,none,10,,0.02,20.0,0.0,1.0,0.0
XGBoost,time,-1,refitted,none,10,,0.05,50.0,0.0,1.0,0.0
XGBoost,time,-1,refitted,none,10,,0.1,100.0,0.0,1.0,0.0
XGBoost,time,-1,refitted,none,10,,0.15,150.0,0.0,1.0,0.0
XGBoost,time,-1,refitted,none,20,,0.02,40.0,0.0,1.0,0.0
XGBoost,time,-1,refitted,none,20,,0.05,100.0,0.0,1.0,0.0
XGBoost,time,-1,refitted,none,20,,0.1,200.0,0.0,1.0,0.0
XGBoost,time,-1,refitted,none,20,,0.15,300.0,0.0,1.0,0.0
XGBoost,time,-1,refitted,none,50,,0.02,100.0,0.0,1.0,0.0
XGBoost,time,-1,refitted,none,50,,0.05,250.0,0.0,1.0,0.0
XGBoost,time,-1,refitted,none,50,,0.1,500.0,0.0,1.0,0.0
XGBoost,time,-1,refitted,none,50,,0.15,750.0,0.0,1.0,0.0
XGBoost,time,-1,refitted,A_b01,5,0.01,0.02,12.183291139240508,0.021832911392405063,1.0,0.022278481012658228
XGBoost,time,-1,refitted,A_b01,5,0.01,0.05,27.11645569620253,0.021164556962025315,1.0,0.022278481012658228
XGBoost,time,-1,refitted,A_b01,5,0.01,0.1,52.005063291139244,0.020050632911392405,1.0,0.022278481012658228
XGBoost,time,-1,refitted,A_b01,5,0.01,0.15,76.89367088607595,0.018936708860759495,1.0,0.022278481012658228
XGBoost,time,-1,refitted,A_b01,10,0.01,0.02,22.183291139240506,0.021832911392405063,1.0,0.022278481012658228
XGBoost,time,-1,refitted,A_b01,10,0.01,0.05,52.116455696202536,0.021164556962025315,1.0,0.022278481012658228
XGBoost,time,-1,refitted,A_b01,10,0.01,0.1,102.00506329113924,0.020050632911392405,1.0,0.022278481012658228
XGBoost,time,-1,refitted,A_b01,10,0.01,0.15,151.89367088607594,0.018936708860759495,1.0,0.022278481012658228
XGBoost,time,-1,refitted,A_b01,20,0.01,0.02,42.18329113924051,0.021832911392405063,1.0,0.022278481012658228
XGBoost,time,-1,refitted,A_b01,20,0.01,0.05,102.11645569620254,0.021164556962025315,1.0,0.022278481012658228
XGBoost,time,-1,refitted,A_b01,20,0.01,0.1,202.00506329113927,0.020050632911392405,1.0,0.022278481012658228
XGBoost,time,-1,refitted,A_b01,20,0.01,0.15,301.89367088607594,0.018936708860759495,1.0,0.022278481012658228
XGBoost,time,-1,refitted,A_b01,50,0.01,0.02,102.1832911392405,0.021832911392405063,1.0,0.022278481012658228
XGBoost,time,-1,refitted,A_b01,50,0.01,0.05,252.1164556962025,0.021164556962025315,1.0,0.022278481012658228
XGBoost,time,-1,refitted,A_b01,50,0.01,0.1,502.0050632911392,0.020050632911392405,1.0,0.022278481012658228
XGBoost,time,-1,refitted,A_b01,50,0.01,0.15,751.8936708860759,0.018936708860759495,1.0,0.022278481012658228
XGBoost,time,-1,refitted,A_b05,5,0.05,0.02,15.65517836593786,0.06609723820483314,0.9204545454545454,0.06582278481012659
XGBoost,time,-1,refitted,A_b05,5,0.05,0.05,29.264528193325663,0.06650891829689298,0.9204545454545454,0.06582278481012659
XGBoost,time,-1,refitted,A_b05,5,0.05,0.1,51.94677790563866,0.06719505178365939,0.9204545454545454,0.06582278481012659
XGBoost,time,-1,refitted,A_b05,5,0.05,0.15,74.62902761795166,0.06788118527042578,0.9204545454545454,0.06582278481012659
XGBoost,time,-1,refitted,A_b05,10,0.05,0.02,24.859723820483314,0.06609723820483314,0.9204545454545454,0.06582278481012659
XGBoost,time,-1,refitted,A_b05,10,0.05,0.05,52.27589182968929,0.06650891829689298,0.9204545454545454,0.06582278481012659
XGBoost,time,-1,refitted,A_b05,10,0.05,0.1,97.96950517836594,0.06719505178365939,0.9204545454545454,0.06582278481012659
XGBoost,time,-1,refitted,A_b05,10,0.05,0.15,143.66311852704257,0.06788118527042578,0.9204545454545454,0.06582278481012659
XGBoost,time,-1,refitted,A_b05,20,0.05,0.02,43.268814729574224,0.06609723820483314,0.9204545454545454,0.06582278481012659
XGBoost,time,-1,refitted,A_b05,20,0.05,0.05,98.29861910241657,0.06650891829689298,0.9204545454545454,0.06582278481012659
XGBoost,time,-1,refitted,A_b05,20,0.05,0.1,190.01495972382048,0.06719505178365939,0.9204545454545454,0.06582278481012659
XGBoost,time,-1,refitted,A_b05,20,0.05,0.15,281.7313003452244,0.06788118527042578,0.9204545454545454,0.06582278481012659
XGBoost,time,-1,refitted,A_b05,50,0.05,0.02,98.49608745684695,0.06609723820483314,0.9204545454545454,0.06582278481012659
XGBoost,time,-1,refitted,A_b05,50,0.05,0.05,236.36680092059837,0.06650891829689298,0.9204545454545454,0.06582278481012659
XGBoost,time,-1,refitted,A_b05,50,0.05,0.1,466.15132336018405,0.06719505178365939,0.9204545454545454,0.06582278481012659
XGBoost,time,-1,refitted,A_b05,50,0.05,0.15,695.9358457997698,0.06788118527042578,0.9204545454545454,0.06582278481012659
XGBoost,time,-1,refitted,A_b10,5,0.1,0.02,17.61762945914845,0.09253993095512084,0.8636363636363636,0.09164556962025316
XGBoost,time,-1,refitted,A_b10,5,0.1,0.05,30.297238204833143,0.09388147295742233,0.8636363636363636,0.09164556962025316
XGBoost,time,-1,refitted,A_b10,5,0.1,0.1,51.42991944764097,0.0961173762945915,0.8636363636363636,0.09164556962025316
XGBoost,time,-1,refitted,A_b10,5,0.1,0.15,72.56260069044879,0.09835327963176063,0.8636363636363636,0.09164556962025316
XGBoost,time,-1,refitted,A_b10,10,0.1,0.02,26.253993095512087,0.09253993095512084,0.8636363636363636,0.09164556962025316
XGBoost,time,-1,refitted,A_b10,10,0.1,0.05,51.888147295742236,0.09388147295742233,0.8636363636363636,0.09164556962025316
XGBoost,time,-1,refitted,A_b10,10,0.1,0.1,94.61173762945914,0.0961173762945915,0.8636363636363636,0.09164556962025316
XGBoost,time,-1,refitted,A_b10,10,0.1,0.15,137.33532796317607,0.09835327963176063,0.8636363636363636,0.09164556962025316
XGBoost,time,-1,refitted,A_b10,20,0.1,0.02,43.52672036823936,0.09253993095512084,0.8636363636363636,0.09164556962025316
XGBoost,time,-1,refitted,A_b10,20,0.1,0.05,95.06996547756042,0.09388147295742233,0.8636363636363636,0.09164556962025316
XGBoost,time,-1,refitted,A_b10,20,0.1,0.1,180.9753739930955,0.0961173762945915,0.8636363636363636,0.09164556962025316
XGBoost,time,-1,refitted,A_b10,20,0.1,0.15,266.8807825086306,0.09835327963176063,0.8636363636363636,0.09164556962025316
XGBoost,time,-1,refitted,A_b10,50,0.1,0.02,95.34490218642118,0.09253993095512084,0.8636363636363636,0.09164556962025316
XGBoost,time,-1,refitted,A_b10,50,0.1,0.05,224.61542002301496,0.09388147295742233,0.8636363636363636,0.09164556962025316
XGBoost,time,-1,refitted,A_b10,50,0.1,0.1,440.0662830840046,0.0961173762945915,0.8636363636363636,0.09164556962025316
XGBoost,time,-1,refitted,A_b10,50,0.1,0.15,655.5171461449943,0.09835327963176063,0.8636363636363636,0.09164556962025316
XGBoost,time,-1,refitted,A_b20,5,0.2,0.02,32.982451093210585,0.2666426927502877,0.6931818181818182,0.26582278481012656
XGBoost,time,-1,refitted,A_b20,5,0.2,0.05,42.58271001150747,0.2678725546605293,0.6931818181818182,0.26582278481012656
XGBoost,time,-1,refitted,A_b20,5,0.2,0.1,58.5831415420023,0.26992232451093207,0.6931818181818182,0.26582278481012656
XGBoost,time,-1,refitted,A_b20,5,0.2,0.15,74.58357307249712,0.27197209436133485,0.6931818181818182,0.26582278481012656
XGBoost,time,-1,refitted,A_b20,10,0.2,0.02,39.91426927502877,0.2666426927502877,0.6931818181818182,0.26582278481012656
XGBoost,time,-1,refitted,A_b20,10,0.2,0.05,59.91225546605293,0.2678725546605293,0.6931818181818182,0.26582278481012656
XGBoost,time,-1,refitted,A_b20,10,0.2,0.1,93.24223245109322,0.26992232451093207,0.6931818181818182,0.26582278481012656
XGBoost,time,-1,refitted,A_b20,10,0.2,0.15,126.5722094361335,0.27197209436133485,0.6931818181818182,0.26582278481012656
XGBoost,time,-1,refitted,A_b20,20,0.2,0.02,53.77790563866513,0.2666426927502877,0.6931818181818182,0.26582278481012656
XGBoost,time,-1,refitted,A_b20,20,0.2,0.05,94.57134637514383,0.2678725546605293,0.6931818181818182,0.26582278481012656
XGBoost,time,-1,refitted,A_b20,20,0.2,0.1,162.56041426927504,0.26992232451093207,0.6931818181818182,0.26582278481012656
XGBoost,time,-1,refitted,A_b20,20,0.2,0.15,230.5494821634062,0.27197209436133485,0.6931818181818182,0.26582278481012656
XGBoost,time,-1,refitted,A_b20,50,0.2,0.02,95.36881472957423,0.2666426927502877,0.6931818181818182,0.26582278481012656
XGBoost,time,-1,refitted,A_b20,50,0.2,0.05,198.54861910241658,0.2678725546605293,0.6931818181818182,0.26582278481012656
XGBoost,time,-1,refitted,A_b20,50,0.2,0.1,370.51495972382054,0.26992232451093207,0.6931818181818182,0.26582278481012656
XGBoost,time,-1,refitted,A_b20,50,0.2,0.15,542.4813003452244,0.27197209436133485,0.6931818181818182,0.26582278481012656
XGBoost,time,-1,refitted,B_r05,5,,0.02,11.948055235903338,0.027662370540851553,0.9318181818181818,0.026835443037974683
XGBoost,time,-1,refitted,B_r05,5,,0.05,25.844821634062136,0.028902761795166862,0.9318181818181818,0.026835443037974683
XGBoost,time,-1,refitted,B_r05,5,,0.1,49.00609896432681,0.030970080552359038,0.9318181818181818,0.026835443037974683
XGBoost,time,-1,refitted,B_r05,5,,0.15,72.16737629459148,0.03303739930955121,0.9318181818181818,0.026835443037974683
XGBoost,time,-1,refitted,B_r10,10,,0.02,36.30179516685846,0.25551795166858454,0.5795454545454546,0.2521518987341772
XGBoost,time,-1,refitted,B_r10,10,,0.05,52.93170310701956,0.2605670310701956,0.5795454545454546,0.2521518987341772
XGBoost,time,-1,refitted,B_r10,10,,0.1,80.6482163406214,0.268982163406214,0.5795454545454546,0.2521518987341772
XGBoost,time,-1,refitted,B_r10,10,,0.15,108.36472957422325,0.27739729574223243,0.5795454545454546,0.2521518987341772
XGBoost,time,-1,refitted,B_r20,20,,0.02,59.04501726121979,0.4338592635212888,0.42045454545454547,0.43088607594936706
XGBoost,time,-1,refitted,B_r20,20,,0.05,82.97963176064442,0.43831904487917145,0.42045454545454547,0.43088607594936706
XGBoost,time,-1,refitted,B_r20,20,,0.1,122.87065592635213,0.44575201380897583,0.42045454545454547,0.43088607594936706
XGBoost,time,-1,refitted,B_r20,20,,0.15,162.76168009205983,0.45318498273878016,0.42045454545454547,0.43088607594936706
XGBoost,time,-1,refitted,B_r50,50,,0.02,80.83749136939011,0.6081476409666283,0.2159090909090909,0.6045569620253165
XGBoost,time,-1,refitted,B_r50,50,,0.05,111.41018411967778,0.613533659378596,0.2159090909090909,0.6045569620253165
XGBoost,time,-1,refitted,B_r50,50,,0.1,162.36467203682395,0.6225103567318757,0.2159090909090909,0.6045569620253165
XGBoost,time,-1,refitted,B_r50,50,,0.15,213.31915995397011,0.6314870540851554,0.2159090909090909,0.6045569620253165
XGBoost,time,-1,refitted,C_b01_r05,5,0.01,0.02,10.0,0.0,1.0,0.0
XGBoost,time,-1,refitted,C_b01_r05,5,0.01,0.05,25.0,0.0,1.0,0.0
XGBoost,time,-1,refitted,C_b01_r05,5,0.01,0.1,50.0,0.0,1.0,0.0
XGBoost,time,-1,refitted,C_b01_r05,5,0.01,0.15,75.0,0.0,1.0,0.0
XGBoost,time,-1,refitted,C_b01_r10,10,0.01,0.02,20.0,0.0,1.0,0.0
XGBoost,time,-1,refitted,C_b01_r10,10,0.01,0.05,50.0,0.0,1.0,0.0
XGBoost,time,-1,refitted,C_b01_r10,10,0.01,0.1,100.0,0.0,1.0,0.0
XGBoost,time,-1,refitted,C_b01_r10,10,0.01,0.15,150.0,0.0,1.0,0.0
XGBoost,time,-1,refitted,C_b01_r20,20,0.01,0.02,40.0,0.0,1.0,0.0
XGBoost,time,-1,refitted,C_b01_r20,20,0.01,0.05,100.0,0.0,1.0,0.0
XGBoost,time,-1,refitted,C_b01_r20,20,0.01,0.1,200.0,0.0,1.0,0.0
XGBoost,time,-1,refitted,C_b01_r20,20,0.01,0.15,300.0,0.0,1.0,0.0
XGBoost,time,-1,refitted,C_b01_r50,50,0.01,0.02,100.0,0.0,1.0,0.0
XGBoost,time,-1,refitted,C_b01_r50,50,0.01,0.05,250.0,0.0,1.0,0.0
XGBoost,time,-1,refitted,C_b01_r50,50,0.01,0.1,500.0,0.0,1.0,0.0
XGBoost,time,-1,refitted,C_b01_r50,50,0.01,0.15,750.0,0.0,1.0,0.0
XGBoost,time,-1,refitted,C_b05_r05,5,0.05,0.02,10.978009205983891,0.011143728423475259,0.9886363636363636,0.011139240506329114
XGBoost,time,-1,refitted,C_b05_r05,5,0.05,0.05,25.774136939010354,0.011150460299194476,0.9886363636363636,0.011139240506329114
XGBoost,time,-1,refitted,C_b05_r05,5,0.05,0.1,50.434349827387805,0.011161680092059837,0.9886363636363636,0.011139240506329114
XGBoost,time,-1,refitted,C_b05_r05,5,0.05,0.15,75.09456271576525,0.0111728998849252,0.9886363636363636,0.011139240506329114
XGBoost,time,-1,refitted,C_b05_r10,10,0.05,0.02,20.864372842347528,0.011143728423475259,0.9886363636363636,0.011139240506329114
XGBoost,time,-1,refitted,C_b05_r10,10,0.05,0.05,50.49004602991944,0.011150460299194476,0.9886363636363636,0.011139240506329114
XGBoost,time,-1,refitted,C_b05_r10,10,0.05,0.1,99.86616800920598,0.011161680092059837,0.9886363636363636,0.011139240506329114
XGBoost,time,-1,refitted,C_b05_r10,10,0.05,0.15,149.24228998849253,0.0111728998849252,0.9886363636363636,0.011139240506329114
XGBoost,time,-1,refitted,C_b05_r20,20,0.05,0.02,40.6371001150748,0.011143728423475259,0.9886363636363636,0.011139240506329114
XGBoost,time,-1,refitted,C_b05_r20,20,0.05,0.05,99.92186421173763,0.011150460299194476,0.9886363636363636,0.011139240506329114
XGBoost,time,-1,refitted,C_b05_r20,20,0.05,0.1,198.72980437284235,0.011161680092059837,0.9886363636363636,0.011139240506329114
XGBoost,time,-1,refitted,C_b05_r20,20,0.05,0.15,297.53774453394703,0.0111728998849252,0.9886363636363636,0.011139240506329114
XGBoost,time,-1,refitted,C_b05_r50,50,0.05,0.02,99.95528193325663,0.011143728423475259,0.9886363636363636,0.011139240506329114
XGBoost,time,-1,refitted,C_b05_r50,50,0.05,0.05,248.2173187571922,0.011150460299194476,0.9886363636363636,0.011139240506329114
XGBoost,time,-1,refitted,C_b05_r50,50,0.05,0.1,495.3207134637514,0.011161680092059837,0.9886363636363636,0.011139240506329114
XGBoost,time,-1,refitted,C_b05_r50,50,0.05,0.15,742.4241081703108,0.0111728998849252,0.9886363636363636,0.011139240506329114
XGBoost,time,-1,refitted,C_b10_r05,5,0.1,0.02,10.978009205983891,0.011143728423475259,0.9886363636363636,0.011139240506329114
XGBoost,time,-1,refitted,C_b10_r05,5,0.1,0.05,25.774136939010354,0.011150460299194476,0.9886363636363636,0.011139240506329114
XGBoost,time,-1,refitted,C_b10_r05,5,0.1,0.1,50.434349827387805,0.011161680092059837,0.9886363636363636,0.011139240506329114
XGBoost,time,-1,refitted,C_b10_r05,5,0.1,0.15,75.09456271576525,0.0111728998849252,0.9886363636363636,0.011139240506329114
XGBoost,time,-1,refitted,C_b10_r10,10,0.1,0.02,20.913993095512083,0.011639930955120828,0.9886363636363636,0.011645569620253165
XGBoost,time,-1,refitted,C_b10_r10,10,0.1,0.05,50.53814729574223,0.011631472957422324,0.9886363636363636,0.011645569620253165
XGBoost,time,-1,refitted,C_b10_r10,10,0.1,0.1,99.91173762945915,0.011617376294591484,0.9886363636363636,0.011645569620253165
XGBoost,time,-1,refitted,C_b10_r10,10,0.1,0.15,149.28532796317606,0.011603279631760643,0.9886363636363636,0.011645569620253165
XGBoost,time,-1,refitted,C_b10_r20,20,0.1,0.02,40.61321058688148,0.02522301495972382,0.9545454545454546,0.02481012658227848
XGBoost,time,-1,refitted,C_b10_r20,20,0.1,0.05,97.81150747986192,0.025842347525891825,0.9545454545454546,0.02481012658227848
XGBoost,time,-1,refitted,C_b10_r20,20,0.1,0.1,193.14200230149598,0.026874568469505172,0.9545454545454546,0.02481012658227848
XGBoost,time,-1,refitted,C_b10_r20,20,0.1,0.15,288.47249712313004,0.02790678941311852,0.9545454545454546,0.02481012658227848
XGBoost,time,-1,refitted,C_b10_r50,50,0.1,0.02,97.88593785960875,0.02522301495972382,0.9545454545454546,0.02481012658227848
XGBoost,time,-1,refitted,C_b10_r50,50,0.1,0.05,240.99332566168013,0.025842347525891825,0.9545454545454546,0.02481012658227848
XGBoost,time,-1,refitted,C_b10_r50,50,0.1,0.1,479.5056386651324,0.026874568469505172,0.9545454545454546,0.02481012658227848
XGBoost,time,-1,refitted,C_b10_r50,50,0.1,0.15,718.0179516685846,0.02790678941311852,0.9545454545454546,0.02481012658227848
XGBoost,time,-1,refitted,C_b20_r05,5,0.2,0.02,11.077249712313005,0.012136133486766398,0.9886363636363636,0.012151898734177215
XGBoost,time,-1,refitted,C_b20_r05,5,0.2,0.05,25.870339470655928,0.012112485615650172,0.9886363636363636,0.012151898734177215
XGBoost,time,-1,refitted,C_b20_r05,5,0.2,0.1,50.525489067894135,0.012073072497123128,0.9886363636363636,0.012151898734177215
XGBoost,time,-1,refitted,C_b20_r05,5,0.2,0.15,75.18063866513234,0.012033659378596085,0.9886363636363636,0.012151898734177215
XGBoost,time,-1,refitted,C_b20_r10,10,0.2,0.02,20.963613348676642,0.012136133486766398,0.9886363636363636,0.012151898734177215
XGBoost,time,-1,refitted,C_b20_r10,10,0.2,0.05,50.586248561565014,0.012112485615650172,0.9886363636363636,0.012151898734177215
XGBoost,time,-1,refitted,C_b20_r10,10,0.2,0.1,99.95730724971231,0.012073072497123128,0.9886363636363636,0.012151898734177215
XGBoost,time,-1,refitted,C_b20_r10,10,0.2,0.15,149.32836593785962,0.012033659378596085,0.9886363636363636,0.012151898734177215
XGBoost,time,-1,refitted,C_b20_r20,20,0.2,0.02,40.662830840046034,0.02571921749136939,0.9545454545454546,0.02531645569620253
XGBoost,time,-1,refitted,C_b20_r20,20,0.2,0.05,97.8596087456847,0.026323360184119675,0.9545454545454546,0.02531645569620253
XGBoost,time,-1,refitted,C_b20_r20,20,0.2,0.1,193.18757192174914,0.027330264672036822,0.9545454545454546,0.02531645569620253
XGBoost,time,-1,refitted,C_b20_r20,20,0.2,0.15,288.5155350978136,0.028337169159953962,0.9545454545454546,0.02531645569620253
XGBoost,time,-1,refitted,C_b20_r50,50,0.2,0.02,97.49878020713463,0.04453325661680092,0.9318181818181818,0.044050632911392405
XGBoost,time,-1,refitted,C_b20_r50,50,0.2,0.05,237.13935558112775,0.045257192174913696,0.9318181818181818,0.044050632911392405
XGBoost,time,-1,refitted,C_b20_r50,50,0.2,0.1,469.87364787111625,0.046463751438434994,0.9318181818181818,0.044050632911392405
XGBoost,time,-1,refitted,C_b20_r50,50,0.2,0.15,702.6079401611047,0.04767031070195628,0.9318181818181818,0.044050632911392405
XGBoost,time,-1,refitted,TopK_b01,5,0.01,0.02,10.99240506329114,0.009924050632911392,1.0,0.010126582278481013
XGBoost,time,-1,refitted,TopK_b01,5,0.01,0.05,25.962025316455694,0.009620253164556962,1.0,0.010126582278481013
XGBoost,time,-1,refitted,TopK_b01,5,0.01,0.1,50.911392405063296,0.009113924050632912,1.0,0.010126582278481013
XGBoost,time,-1,refitted,TopK_b01,5,0.01,0.15,75.86075949367088,0.008607594936708861,1.0,0.010126582278481013
XGBoost,time,-1,refitted,TopK_b01,10,0.01,0.02,20.992405063291137,0.009924050632911392,1.0,0.010126582278481013
XGBoost,time,-1,refitted,TopK_b01,10,0.01,0.05,50.962025316455694,0.009620253164556962,1.0,0.010126582278481013
XGBoost,time,-1,refitted,TopK_b01,10,0.01,0.1,100.91139240506328,0.009113924050632912,1.0,0.010126582278481013
XGBoost,time,-1,refitted,TopK_b01,10,0.01,0.15,150.86075949367088,0.008607594936708861,1.0,0.010126582278481013
XGBoost,time,-1,refitted,TopK_b01,20,0.01,0.02,40.992405063291145,0.009924050632911392,1.0,0.010126582278481013
XGBoost,time,-1,refitted,TopK_b01,20,0.01,0.05,100.96202531645571,0.009620253164556962,1.0,0.010126582278481013
XGBoost,time,-1,refitted,TopK_b01,20,0.01,0.1,200.9113924050633,0.009113924050632912,1.0,0.010126582278481013
XGBoost,time,-1,refitted,TopK_b01,20,0.01,0.15,300.86075949367086,0.008607594936708861,1.0,0.010126582278481013
XGBoost,time,-1,refitted,TopK_b01,50,0.01,0.02,100.99240506329114,0.009924050632911392,1.0,0.010126582278481013
XGBoost,time,-1,refitted,TopK_b01,50,0.01,0.05,250.96202531645568,0.009620253164556962,1.0,0.010126582278481013
XGBoost,time,-1,refitted,TopK_b01,50,0.01,0.1,500.9113924050633,0.009113924050632912,1.0,0.010126582278481013
XGBoost,time,-1,refitted,TopK_b01,50,0.01,0.15,750.8607594936709,0.008607594936708861,1.0,0.010126582278481013
XGBoost,time,-1,refitted,TopK_b05,5,0.05,0.02,13.719988492520137,0.04674533947065593,0.9204545454545454,0.04607594936708861
XGBoost,time,-1,refitted,TopK_b05,5,0.05,0.05,27.388578826237055,0.047749424626006905,0.9204545454545454,0.04607594936708861
XGBoost,time,-1,refitted,TopK_b05,5,0.05,0.1,50.169562715765245,0.0494228998849252,0.9204545454545454,0.04607594936708861
XGBoost,time,-1,refitted,TopK_b05,5,0.05,0.15,72.95054660529344,0.051096375143843506,0.9204545454545454,0.04607594936708861
XGBoost,time,-1,refitted,TopK_b05,10,0.05,0.02,22.92453394706559,0.04674533947065593,0.9204545454545454,0.04607594936708861
XGBoost,time,-1,refitted,TopK_b05,10,0.05,0.05,50.39994246260069,0.047749424626006905,0.9204545454545454,0.04607594936708861
XGBoost,time,-1,refitted,TopK_b05,10,0.05,0.1,96.19228998849252,0.0494228998849252,0.9204545454545454,0.04607594936708861
XGBoost,time,-1,refitted,TopK_b05,10,0.05,0.15,141.98463751438436,0.051096375143843506,0.9204545454545454,0.04607594936708861
XGBoost,time,-1,refitted,TopK_b05,20,0.05,0.02,41.3336248561565,0.04674533947065593,0.9204545454545454,0.04607594936708861
XGBoost,time,-1,refitted,TopK_b05,20,0.05,0.05,96.42266973532796,0.047749424626006905,0.9204545454545454,0.04607594936708861
XGBoost,time,-1,refitted,TopK_b05,20,0.05,0.1,188.23774453394705,0.0494228998849252,0.9204545454545454,0.04607594936708861
XGBoost,time,-1,refitted,TopK_b05,20,0.05,0.15,280.0528193325662,0.051096375143843506,0.9204545454545454,0.04607594936708861
XGBoost,time,-1,refitted,TopK_b05,50,0.05,0.02,96.56089758342922,0.04674533947065593,0.9204545454545454,0.04607594936708861
XGBoost,time,-1,refitted,TopK_b05,50,0.05,0.05,234.49085155350974,0.047749424626006905,0.9204545454545454,0.04607594936708861
XGBoost,time,-1,refitted,TopK_b05,50,0.05,0.1,464.3741081703106,0.0494228998849252,0.9204545454545454,0.04607594936708861
XGBoost,time,-1,refitted,TopK_b05,50,0.05,0.15,694.2573647871117,0.051096375143843506,0.9204545454545454,0.04607594936708861
XGBoost,time,-1,refitted,TopK_b10,5,0.1,0.02,17.836939010356733,0.09746029919447641,0.8409090909090909,0.09620253164556962
XGBoost,time,-1,refitted,TopK_b10,5,0.1,0.05,30.161967779056386,0.09934695051783658,0.8409090909090909,0.09620253164556962
XGBoost,time,-1,refitted,TopK_b10,5,0.1,0.1,50.703682393555816,0.10249136939010356,0.8409090909090909,0.09620253164556962
XGBoost,time,-1,refitted,TopK_b10,5,0.1,0.15,71.24539700805525,0.10563578826237052,0.8409090909090909,0.09620253164556962
XGBoost,time,-1,refitted,TopK_b10,10,0.1,0.02,26.246029919447643,0.09746029919447641,0.8409090909090909,0.09620253164556962
XGBoost,time,-1,refitted,TopK_b10,10,0.1,0.05,51.184695051783656,0.09934695051783658,0.8409090909090909,0.09620253164556962
XGBoost,time,-1,refitted,TopK_b10,10,0.1,0.1,92.74913693901036,0.10249136939010356,0.8409090909090909,0.09620253164556962
XGBoost,time,-1,refitted,TopK_b10,10,0.1,0.15,134.31357882623706,0.10563578826237052,0.8409090909090909,0.09620253164556962
XGBoost,time,-1,refitted,TopK_b10,20,0.1,0.02,43.06421173762946,0.09746029919447641,0.8409090909090909,0.09620253164556962
XGBoost,time,-1,refitted,TopK_b10,20,0.1,0.05,93.23014959723821,0.09934695051783658,0.8409090909090909,0.09620253164556962
XGBoost,time,-1,refitted,TopK_b10,20,0.1,0.1,176.84004602991945,0.10249136939010356,0.8409090909090909,0.09620253164556962
XGBoost,time,-1,refitted,TopK_b10,20,0.1,0.15,260.4499424626007,0.10563578826237052,0.8409090909090909,0.09620253164556962
XGBoost,time,-1,refitted,TopK_b10,50,0.1,0.02,93.51875719217492,0.09746029919447641,0.8409090909090909,0.09620253164556962
XGBoost,time,-1,refitted,TopK_b10,50,0.1,0.05,219.3665132336019,0.09934695051783658,0.8409090909090909,0.09620253164556962
XGBoost,time,-1,refitted,TopK_b10,50,0.1,0.1,429.11277330264676,0.10249136939010356,0.8409090909090909,0.09620253164556962
XGBoost,time,-1,refitted,TopK_b10,50,0.1,0.15,638.8590333716916,0.10563578826237052,0.8409090909090909,0.09620253164556962
XGBoost,time,-1,refitted,TopK_b20,5,0.2,0.02,25.006455696202533,0.19506455696202532,0.625,0.19139240506329114
XGBoost,time,-1,refitted,TopK_b20,5,0.2,0.05,33.80727848101266,0.20057278481012658,0.625,0.19139240506329114
XGBoost,time,-1,refitted,TopK_b20,5,0.2,0.1,48.4753164556962,0.20975316455696202,0.625,0.19139240506329114
XGBoost,time,-1,refitted,TopK_b20,5,0.2,0.15,63.14335443037975,0.21893354430379747,0.625,0.19139240506329114
XGBoost,time,-1,refitted,TopK_b20,10,0.2,0.02,31.256455696202533,0.19506455696202532,0.625,0.19139240506329114
XGBoost,time,-1,refitted,TopK_b20,10,0.2,0.05,49.43227848101266,0.20057278481012658,0.625,0.19139240506329114
XGBoost,time,-1,refitted,TopK_b20,10,0.2,0.1,79.7253164556962,0.20975316455696202,0.625,0.19139240506329114
XGBoost,time,-1,refitted,TopK_b20,10,0.2,0.15,110.01835443037974,0.21893354430379747,0.625,0.19139240506329114
XGBoost,time,-1,refitted,TopK_b20,20,0.2,0.02,43.756455696202536,0.19506455696202532,0.625,0.19139240506329114
XGBoost,time,-1,refitted,TopK_b20,20,0.2,0.05,80.68227848101266,0.20057278481012658,0.625,0.19139240506329114
XGBoost,time,-1,refitted,TopK_b20,20,0.2,0.1,142.2253164556962,0.20975316455696202,0.625,0.19139240506329114
XGBoost,time,-1,refitted,TopK_b20,20,0.2,0.15,203.76835443037976,0.21893354430379747,0.625,0.19139240506329114
XGBoost,time,-1,refitted,TopK_b20,50,0.2,0.02,81.25645569620254,0.19506455696202532,0.625,0.19139240506329114
XGBoost,time,-1,refitted,TopK_b20,50,0.2,0.05,174.43227848101264,0.20057278481012658,0.625,0.19139240506329114
XGBoost,time,-1,refitted,TopK_b20,50,0.2,0.1,329.7253164556962,0.20975316455696202,0.625,0.19139240506329114
XGBoost,time,-1,refitted,TopK_b20,50,0.2,0.15,485.0183544303797,0.21893354430379747,0.625,0.19139240506329114
LR,time,-1,fixed,none,5,,0.02,10.0,0.0,1.0,0.0
LR,time,-1,fixed,none,5,,0.05,25.0,0.0,1.0,0.0
LR,time,-1,fixed,none,5,,0.1,50.0,0.0,1.0,0.0
LR,time,-1,fixed,none,5,,0.15,75.0,0.0,1.0,0.0
LR,time,-1,fixed,none,10,,0.02,20.0,0.0,1.0,0.0
LR,time,-1,fixed,none,10,,0.05,50.0,0.0,1.0,0.0
LR,time,-1,fixed,none,10,,0.1,100.0,0.0,1.0,0.0
LR,time,-1,fixed,none,10,,0.15,150.0,0.0,1.0,0.0
LR,time,-1,fixed,none,20,,0.02,40.0,0.0,1.0,0.0
LR,time,-1,fixed,none,20,,0.05,100.0,0.0,1.0,0.0
LR,time,-1,fixed,none,20,,0.1,200.0,0.0,1.0,0.0
LR,time,-1,fixed,none,20,,0.15,300.0,0.0,1.0,0.0
LR,time,-1,fixed,none,50,,0.02,100.0,0.0,1.0,0.0
LR,time,-1,fixed,none,50,,0.05,250.0,0.0,1.0,0.0
LR,time,-1,fixed,none,50,,0.1,500.0,0.0,1.0,0.0
LR,time,-1,fixed,none,50,,0.15,750.0,0.0,1.0,0.0
LR,time,-1,fixed,A_b01,5,0.01,0.02,11.757537399309552,0.020302646720368238,0.9772727272727273,0.020253164556962026
LR,time,-1,fixed,A_b01,5,0.01,0.05,26.355868814729575,0.02037686996547756,0.9772727272727273,0.020253164556962026
LR,time,-1,fixed,A_b01,5,0.01,0.1,50.68642117376295,0.020500575373993093,0.9772727272727273,0.020253164556962026
LR,time,-1,fixed,A_b01,5,0.01,0.15,75.01697353279631,0.02062428078250863,0.9772727272727273,0.020253164556962026
LR,time,-1,fixed,A_b01,10,0.01,0.02,21.530264672036825,0.020302646720368238,0.9772727272727273,0.020253164556962026
LR,time,-1,fixed,A_b01,10,0.01,0.05,50.787686996547755,0.02037686996547756,0.9772727272727273,0.020253164556962026
LR,time,-1,fixed,A_b01,10,0.01,0.1,99.55005753739931,0.020500575373993093,0.9772727272727273,0.020253164556962026
LR,time,-1,fixed,A_b01,10,0.01,0.15,148.31242807825083,0.02062428078250863,0.9772727272727273,0.020253164556962026
LR,time,-1,fixed,A_b01,20,0.01,0.02,41.07571921749137,0.020302646720368238,0.9772727272727273,0.020253164556962026
LR,time,-1,fixed,A_b01,20,0.01,0.05,99.65132336018412,0.02037686996547756,0.9772727272727273,0.020253164556962026
LR,time,-1,fixed,A_b01,20,0.01,0.1,197.27733026467206,0.020500575373993093,0.9772727272727273,0.020253164556962026
LR,time,-1,fixed,A_b01,20,0.01,0.15,294.90333716915995,0.02062428078250863,0.9772727272727273,0.020253164556962026
LR,time,-1,fixed,A_b01,50,0.01,0.02,99.71208285385501,0.020302646720368238,0.9772727272727273,0.020253164556962026
LR,time,-1,fixed,A_b01,50,0.01,0.05,246.24223245109326,0.02037686996547756,0.9772727272727273,0.020253164556962026
LR,time,-1,fixed,A_b01,50,0.01,0.1,490.4591484464903,0.020500575373993093,0.9772727272727273,0.020253164556962026
LR,time,-1,fixed,A_b01,50,0.01,0.15,734.6760644418873,0.02062428078250863,0.9772727272727273,0.020253164556962026
LR,time,-1,fixed,A_b05,5,0.05,0.02,18.603601841196777,0.09830874568469505,0.8977272727272727,0.09822784810126582
LR,time,-1,fixed,A_b05,5,0.05,0.05,31.774827387802073,0.0984300920598389,0.8977272727272727,0.09822784810126582
LR,time,-1,fixed,A_b05,5,0.05,0.1,53.72686996547756,0.09863233601841198,0.8977272727272727,0.09822784810126582
LR,time,-1,fixed,A_b05,5,0.05,0.15,75.67891254315306,0.09883457997698503,0.8977272727272727,0.09822784810126582
LR,time,-1,fixed,A_b05,10,0.05,0.02,27.580874568469504,0.09830874568469505,0.8977272727272727,0.09822784810126582
LR,time,-1,fixed,A_b05,10,0.05,0.05,54.21800920598388,0.0984300920598389,0.8977272727272727,0.09822784810126582
LR,time,-1,fixed,A_b05,10,0.05,0.1,98.6132336018412,0.09863233601841198,0.8977272727272727,0.09822784810126582
LR,time,-1,fixed,A_b05,10,0.05,0.15,143.0084579976985,0.09883457997698503,0.8977272727272727,0.09822784810126582
LR,time,-1,fixed,A_b05,20,0.05,0.02,45.535420023014964,0.09830874568469505,0.8977272727272727,0.09822784810126582
LR,time,-1,fixed,A_b05,20,0.05,0.05,99.10437284234752,0.0984300920598389,0.8977272727272727,0.09822784810126582
LR,time,-1,fixed,A_b05,20,0.05,0.1,188.38596087456847,0.09863233601841198,0.8977272727272727,0.09822784810126582
LR,time,-1,fixed,A_b05,20,0.05,0.15,277.6675489067894,0.09883457997698503,0.8977272727272727,0.09822784810126582
LR,time,-1,fixed,A_b05,50,0.05,0.02,99.39905638665132,0.09830874568469505,0.8977272727272727,0.09822784810126582
LR,time,-1,fixed,A_b05,50,0.05,0.05,233.76346375143845,0.0984300920598389,0.8977272727272727,0.09822784810126582
LR,time,-1,fixed,A_b05,50,0.05,0.1,457.7041426927503,0.09863233601841198,0.8977272727272727,0.09822784810126582
LR,time,-1,fixed,A_b05,50,0.05,0.15,681.6448216340622,0.09883457997698503,0.8977272727272727,0.09822784810126582
LR,time,-1,fixed,A_b10,5,0.1,0.02,23.925834292289988,0.15971288837744532,0.8295454545454546,0.15949367088607594
LR,time,-1,fixed,A_b10,5,0.1,0.05,35.89053509781358,0.1600417146144994,0.8295454545454546,0.15949367088607594
LR,time,-1,fixed,A_b10,5,0.1,0.1,55.83170310701957,0.16058975834292288,0.8295454545454546,0.15949367088607594
LR,time,-1,fixed,A_b10,5,0.1,0.15,75.77287111622555,0.16113780207134637,0.8295454545454546,0.15949367088607594
LR,time,-1,fixed,A_b10,10,0.1,0.02,32.22128883774453,0.15971288837744532,0.8295454545454546,0.15949367088607594
LR,time,-1,fixed,A_b10,10,0.1,0.05,56.62917146144994,0.1600417146144994,0.8295454545454546,0.15949367088607594
LR,time,-1,fixed,A_b10,10,0.1,0.1,97.3089758342923,0.16058975834292288,0.8295454545454546,0.15949367088607594
LR,time,-1,fixed,A_b10,10,0.1,0.15,137.98878020713462,0.16113780207134637,0.8295454545454546,0.15949367088607594
LR,time,-1,fixed,A_b10,20,0.1,0.02,48.812197928653625,0.15971288837744532,0.8295454545454546,0.15949367088607594
LR,time,-1,fixed,A_b10,20,0.1,0.05,98.10644418872268,0.1600417146144994,0.8295454545454546,0.15949367088607594
LR,time,-1,fixed,A_b10,20,0.1,0.1,180.26352128883775,0.16058975834292288,0.8295454545454546,0.15949367088607594
LR,time,-1,fixed,A_b10,20,0.1,0.15,262.42059838895284,0.16113780207134637,0.8295454545454546,0.15949367088607594
LR,time,-1,fixed,A_b10,50,0.1,0.02,98.5849252013809,0.15971288837744532,0.8295454545454546,0.15949367088607594
LR,time,-1,fixed,A_b10,50,0.1,0.05,222.53826237054088,0.1600417146144994,0.8295454545454546,0.15949367088607594
LR,time,-1,fixed,A_b10,50,0.1,0.1,429.1271576524742,0.16058975834292288,0.8295454545454546,0.15949367088607594
LR,time,-1,fixed,A_b10,50,0.1,0.15,635.7160529344073,0.16113780207134637,0.8295454545454546,0.15949367088607594
LR,time,-1,fixed,A_b20,5,0.2,0.02,36.6831415420023,0.3009223245109321,0.7159090909090909,0.3012658227848101
LR,time,-1,fixed,A_b20,5,0.2,0.05,46.51798043728424,0.30040707710011505,0.7159090909090909,0.3012658227848101
LR,time,-1,fixed,A_b20,5,0.2,0.1,62.90937859608745,0.29954833141542,0.7159090909090909,0.3012658227848101
LR,time,-1,fixed,A_b20,5,0.2,0.15,79.30077675489069,0.29868958573072496,0.7159090909090909,0.3012658227848101
LR,time,-1,fixed,A_b20,10,0.2,0.02,43.84223245109321,0.3009223245109321,0.7159090909090909,0.3012658227848101
LR,time,-1,fixed,A_b20,10,0.2,0.05,64.4157077100115,0.30040707710011505,0.7159090909090909,0.3012658227848101
LR,time,-1,fixed,A_b20,10,0.2,0.1,98.704833141542,0.29954833141542,0.7159090909090909,0.3012658227848101
LR,time,-1,fixed,A_b20,10,0.2,0.15,132.9939585730725,0.29868958573072496,0.7159090909090909,0.3012658227848101
LR,time,-1,fixed,A_b20,20,0.2,0.02,58.16041426927503,0.3009223245109321,0.7159090909090909,0.3012658227848101
LR,time,-1,fixed,A_b20,20,0.2,0.05,100.21116225546605,0.30040707710011505,0.7159090909090909,0.3012658227848101
LR,time,-1,fixed,A_b20,20,0.2,0.1,170.2957422324511,0.29954833141542,0.7159090909090909,0.3012658227848101
LR,time,-1,fixed,A_b20,20,0.2,0.15,240.38032220943614,0.29868958573072496,0.7159090909090909,0.3012658227848101
LR,time,-1,fixed,A_b20,50,0.2,0.02,101.11495972382048,0.3009223245109321,0.7159090909090909,0.3012658227848101
LR,time,-1,fixed,A_b20,50,0.2,0.05,207.59752589182966,0.30040707710011505,0.7159090909090909,0.3012658227848101
LR,time,-1,fixed,A_b20,50,0.2,0.1,385.06846950517837,0.29954833141542,0.7159090909090909,0.3012658227848101
LR,time,-1,fixed,A_b20,50,0.2,0.15,562.539413118527,0.29868958573072496,0.7159090909090909,0.3012658227848101
LR,time,-1,fixed,B_r05,5,,0.02,15.530517836593788,0.0907597238204833,0.7045454545454546,0.08658227848101266
LR,time,-1,fixed,B_r05,5,,0.05,25.838952819332565,0.09702589182968929,0.7045454545454546,0.08658227848101266
LR,time,-1,fixed,B_r05,5,,0.1,43.01967779056387,0.10746950517836594,0.7045454545454546,0.08658227848101266
LR,time,-1,fixed,B_r05,5,,0.15,60.20040276179517,0.11791311852704257,0.7045454545454546,0.08658227848101266
LR,time,-1,fixed,B_r10,10,,0.02,35.855212888377444,0.25105212888377443,0.5795454545454546,0.24759493670886076
LR,time,-1,fixed,B_r10,10,,0.05,52.4987917146145,0.25623791714614497,0.5795454545454546,0.24759493670886076
LR,time,-1,fixed,B_r10,10,,0.1,80.23808975834292,0.26488089758342925,0.5795454545454546,0.24759493670886076
LR,time,-1,fixed,B_r10,10,,0.15,107.97738780207136,0.2735238780207135,0.5795454545454546,0.24759493670886076
LR,time,-1,fixed,B_r20,20,,0.02,51.30853855005755,0.29444902186421174,0.5681818181818182,0.2916455696202532
LR,time,-1,fixed,B_r20,20,,0.05,84.52451093210587,0.2986542002301496,0.5681818181818182,0.2916455696202532
LR,time,-1,fixed,B_r20,20,,0.1,139.88446490218644,0.3056628308400461,0.5681818181818182,0.2916455696202532
LR,time,-1,fixed,B_r20,20,,0.15,195.24441887226698,0.31267146144994246,0.5681818181818182,0.2916455696202532
LR,time,-1,fixed,B_r50,50,,0.02,79.96393555811277,0.6457757192174913,0.17045454545454544,0.6420253164556962
LR,time,-1,fixed,B_r50,50,,0.05,103.60604142692749,0.6514013233601841,0.17045454545454544,0.6420253164556962
LR,time,-1,fixed,B_r50,50,,0.1,143.0095512082854,0.6607773302646721,0.17045454545454544,0.6420253164556962
LR,time,-1,fixed,B_r50,50,,0.15,182.41306098964324,0.6701533371691598,0.17045454545454544,0.6420253164556962
LR,time,-1,fixed,C_b01_r05,5,0.01,0.02,10.134464902186423,0.002708285385500575,0.9886363636363636,0.002531645569620253
LR,time,-1,fixed,C_b01_r05,5,0.01,0.05,24.956415420023013,0.0029732451093210585,0.9886363636363636,0.002531645569620253
LR,time,-1,fixed,C_b01_r05,5,0.01,0.1,49.659666283084,0.0034148446490218634,0.9886363636363636,0.002531645569620253
LR,time,-1,fixed,C_b01_r05,5,0.01,0.15,74.362917146145,0.0038564441887226682,0.9886363636363636,0.002531645569620253
LR,time,-1,fixed,C_b01_r10,10,0.01,0.02,20.02082853855006,0.002708285385500575,0.9886363636363636,0.002531645569620253
LR,time,-1,fixed,C_b01_r10,10,0.01,0.05,49.67232451093211,0.0029732451093210585,0.9886363636363636,0.002531645569620253
LR,time,-1,fixed,C_b01_r10,10,0.01,0.1,99.0914844649022,0.0034148446490218634,0.9886363636363636,0.002531645569620253
LR,time,-1,fixed,C_b01_r10,10,0.01,0.15,148.51064441887226,0.0038564441887226682,0.9886363636363636,0.002531645569620253
LR,time,-1,fixed,C_b01_r20,20,0.01,0.02,39.793555811277336,0.002708285385500575,0.9886363636363636,0.002531645569620253
LR,time,-1,fixed,C_b01_r20,20,0.01,0.05,99.10414269275029,0.0029732451093210585,0.9886363636363636,0.002531645569620253
LR,time,-1,fixed,C_b01_r20,20,0.01,0.1,197.95512082853855,0.0034148446490218634,0.9886363636363636,0.002531645569620253
LR,time,-1,fixed,C_b01_r20,20,0.01,0.15,296.8060989643268,0.0038564441887226682,0.9886363636363636,0.002531645569620253
LR,time,-1,fixed,C_b01_r50,50,0.01,0.02,99.11173762945916,0.002708285385500575,0.9886363636363636,0.002531645569620253
LR,time,-1,fixed,C_b01_r50,50,0.01,0.05,247.39959723820485,0.0029732451093210585,0.9886363636363636,0.002531645569620253
LR,time,-1,fixed,C_b01_r50,50,0.01,0.1,494.5460299194477,0.0034148446490218634,0.9886363636363636,0.002531645569620253
LR,time,-1,fixed,C_b01_r50,50,0.01,0.15,741.6924626006905,0.0038564441887226682,0.9886363636363636,0.002531645569620253
LR,time,-1,fixed,C_b05_r05,5,0.05,0.02,10.18408515535098,0.003204487917146145,0.9886363636363636,0.0030379746835443038
LR,time,-1,fixed,C_b05_r05,5,0.05,0.05,25.0045166858458,0.003454257767548906,0.9886363636363636,0.0030379746835443038
LR,time,-1,fixed,C_b05_r05,5,0.05,0.1,49.70523590333717,0.0038705408515535087,0.9886363636363636,0.0030379746835443038
LR,time,-1,fixed,C_b05_r05,5,0.05,0.15,74.40595512082854,0.0042868239355581105,0.9886363636363636,0.0030379746835443038
LR,time,-1,fixed,C_b05_r10,10,0.05,0.02,20.984441887226698,0.014844418872266972,0.9772727272727273,0.014683544303797468
LR,time,-1,fixed,C_b05_r10,10,0.05,0.05,50.25857307249713,0.01508573072497123,0.9772727272727273,0.014683544303797468
LR,time,-1,fixed,C_b05_r10,10,0.05,0.1,99.04879171461451,0.015487917146144992,0.9772727272727273,0.014683544303797468
LR,time,-1,fixed,C_b05_r10,10,0.05,0.15,147.83901035673185,0.015890103567318754,0.9772727272727273,0.014683544303797468
LR,time,-1,fixed,C_b05_r20,20,0.05,0.02,40.52989643268125,0.014844418872266972,0.9772727272727273,0.014683544303797468
LR,time,-1,fixed,C_b05_r20,20,0.05,0.05,99.12220943613349,0.01508573072497123,0.9772727272727273,0.014683544303797468
LR,time,-1,fixed,C_b05_r20,20,0.05,0.1,196.77606444188723,0.015487917146144992,0.9772727272727273,0.014683544303797468
LR,time,-1,fixed,C_b05_r20,20,0.05,0.15,294.42991944764094,0.015890103567318754,0.9772727272727273,0.014683544303797468
LR,time,-1,fixed,C_b05_r50,50,0.05,0.02,99.16626006904488,0.014844418872266972,0.9772727272727273,0.014683544303797468
LR,time,-1,fixed,C_b05_r50,50,0.05,0.05,245.7131185270426,0.01508573072497123,0.9772727272727273,0.014683544303797468
LR,time,-1,fixed,C_b05_r50,50,0.05,0.1,489.9578826237055,0.015487917146144992,0.9772727272727273,0.014683544303797468
LR,time,-1,fixed,C_b05_r50,50,0.05,0.15,734.2026467203683,0.015890103567318754,0.9772727272727273,0.014683544303797468
LR,time,-1,fixed,C_b10_r05,5,0.1,0.02,10.382566168009207,0.005189298043728423,0.9886363636363636,0.005063291139240506
LR,time,-1,fixed,C_b10_r05,5,0.1,0.05,25.19692174913694,0.005378308400460299,0.9886363636363636,0.005063291139240506
LR,time,-1,fixed,C_b10_r05,5,0.1,0.1,49.88751438434983,0.005693325661680092,0.9886363636363636,0.005063291139240506
LR,time,-1,fixed,C_b10_r05,5,0.1,0.15,74.57810701956271,0.006008342922899883,0.9886363636363636,0.005063291139240506
LR,time,-1,fixed,C_b10_r10,10,0.1,0.02,21.182922899884925,0.01682922899884925,0.9772727272727273,0.016708860759493672
LR,time,-1,fixed,C_b10_r10,10,0.1,0.05,50.45097813578826,0.017009781357882624,0.9772727272727273,0.016708860759493672
LR,time,-1,fixed,C_b10_r10,10,0.1,0.1,99.23107019562715,0.017310701956271577,0.9772727272727273,0.016708860759493672
LR,time,-1,fixed,C_b10_r10,10,0.1,0.15,148.01116225546605,0.017611622554660526,0.9772727272727273,0.016708860759493672
LR,time,-1,fixed,C_b10_r20,20,0.1,0.02,40.72837744533947,0.01682922899884925,0.9772727272727273,0.016708860759493672
LR,time,-1,fixed,C_b10_r20,20,0.1,0.05,99.31461449942462,0.017009781357882624,0.9772727272727273,0.016708860759493672
LR,time,-1,fixed,C_b10_r20,20,0.1,0.1,196.95834292289987,0.017310701956271577,0.9772727272727273,0.016708860759493672
LR,time,-1,fixed,C_b10_r20,20,0.1,0.15,294.60207134637517,0.017611622554660526,0.9772727272727273,0.016708860759493672
LR,time,-1,fixed,C_b10_r50,50,0.1,0.02,99.36474108170312,0.01682922899884925,0.9772727272727273,0.016708860759493672
LR,time,-1,fixed,C_b10_r50,50,0.1,0.05,245.90552359033376,0.017009781357882624,0.9772727272727273,0.016708860759493672
LR,time,-1,fixed,C_b10_r50,50,0.1,0.1,490.14016110471806,0.017310701956271577,0.9772727272727273,0.016708860759493672
LR,time,-1,fixed,C_b10_r50,50,0.1,0.15,734.3747986191024,0.017611622554660526,0.9772727272727273,0.016708860759493672
LR,time,-1,fixed,C_b20_r05,5,0.2,0.02,10.382566168009207,0.005189298043728423,0.9886363636363636,0.005063291139240506
LR,time,-1,fixed,C_b20_r05,5,0.2,0.05,25.19692174913694,0.005378308400460299,0.9886363636363636,0.005063291139240506
LR,time,-1,fixed,C_b20_r05,5,0.2,0.1,49.88751438434983,0.005693325661680092,0.9886363636363636,0.005063291139240506
LR,time,-1,fixed,C_b20_r05,5,0.2,0.15,74.57810701956271,0.006008342922899883,0.9886363636363636,0.005063291139240506
LR,time,-1,fixed,C_b20_r10,10,0.2,0.02,22.047295742232453,0.027972957422324512,0.9659090909090909,0.027848101265822784
LR,time,-1,fixed,C_b20_r10,10,0.2,0.05,50.94102416570772,0.028160241657077097,0.9659090909090909,0.027848101265822784
LR,time,-1,fixed,C_b20_r10,10,0.2,0.1,99.09723820483315,0.028472382048331413,0.9659090909090909,0.027848101265822784
LR,time,-1,fixed,C_b20_r10,10,0.2,0.15,147.25345224395858,0.028784522439585725,0.9659090909090909,0.027848101265822784
LR,time,-1,fixed,C_b20_r20,20,0.2,0.02,43.49118527042578,0.05400276179516685,0.9545454545454546,0.054177215189873416
LR,time,-1,fixed,C_b20_r20,20,0.2,0.05,100.60138089758344,0.05374108170310702,0.9545454545454546,0.054177215189873416
LR,time,-1,fixed,C_b20_r20,20,0.2,0.1,195.78504027617953,0.05330494821634062,0.9545454545454546,0.054177215189873416
LR,time,-1,fixed,C_b20_r20,20,0.2,0.15,290.9686996547756,0.052868814729574214,0.9545454545454546,0.054177215189873416
LR,time,-1,fixed,C_b20_r50,50,0.2,0.02,100.76391254315304,0.05400276179516685,0.9545454545454546,0.054177215189873416
LR,time,-1,fixed,C_b20_r50,50,0.2,0.05,243.7831990794016,0.05374108170310702,0.9545454545454546,0.054177215189873416
LR,time,-1,fixed,C_b20_r50,50,0.2,0.1,482.1486766398159,0.05330494821634062,0.9545454545454546,0.054177215189873416
LR,time,-1,fixed,C_b20_r50,50,0.2,0.15,720.5141542002302,0.052868814729574214,0.9545454545454546,0.054177215189873416
LR,time,-1,fixed,TopK_b01,5,0.01,0.02,10.829148446490219,0.00965512082853855,0.9886363636363636,0.009620253164556962
LR,time,-1,fixed,TopK_b01,5,0.01,0.05,25.629833141542,0.009707422324510932,0.9886363636363636,0.009620253164556962
LR,time,-1,fixed,TopK_b01,5,0.01,0.1,50.29764096662831,0.0097945914844649,0.9886363636363636,0.009620253164556962
LR,time,-1,fixed,TopK_b01,5,0.01,0.15,74.96544879171462,0.00988176064441887,0.9886363636363636,0.009620253164556962
LR,time,-1,fixed,TopK_b01,10,0.01,0.02,20.715512082853856,0.00965512082853855,0.9886363636363636,0.009620253164556962
LR,time,-1,fixed,TopK_b01,10,0.01,0.05,50.345742232451094,0.009707422324510932,0.9886363636363636,0.009620253164556962
LR,time,-1,fixed,TopK_b01,10,0.01,0.1,99.72945914844648,0.0097945914844649,0.9886363636363636,0.009620253164556962
LR,time,-1,fixed,TopK_b01,10,0.01,0.15,149.1131760644419,0.00988176064441887,0.9886363636363636,0.009620253164556962
LR,time,-1,fixed,TopK_b01,20,0.01,0.02,40.488239355581136,0.00965512082853855,0.9886363636363636,0.009620253164556962
LR,time,-1,fixed,TopK_b01,20,0.01,0.05,99.77756041426927,0.009707422324510932,0.9886363636363636,0.009620253164556962
LR,time,-1,fixed,TopK_b01,20,0.01,0.1,198.59309551208287,0.0097945914844649,0.9886363636363636,0.009620253164556962
LR,time,-1,fixed,TopK_b01,20,0.01,0.15,297.4086306098964,0.00988176064441887,0.9886363636363636,0.009620253164556962
LR,time,-1,fixed,TopK_b01,50,0.01,0.02,99.80642117376294,0.00965512082853855,0.9886363636363636,0.009620253164556962
LR,time,-1,fixed,TopK_b01,50,0.01,0.05,248.07301495972385,0.009707422324510932,0.9886363636363636,0.009620253164556962
LR,time,-1,fixed,TopK_b01,50,0.01,0.1,495.18400460299193,0.0097945914844649,0.9886363636363636,0.009620253164556962
LR,time,-1,fixed,TopK_b01,50,0.01,0.15,742.2949942462601,0.00988176064441887,0.9886363636363636,0.009620253164556962
LR,time,-1,fixed,TopK_b05,5,0.05,0.02,14.472255466052935,0.048813463751438434,0.9659090909090909,0.04911392405063291
LR,time,-1,fixed,TopK_b05,5,0.05,0.05,28.8135500575374,0.04836277330264672,0.9659090909090909,0.04911392405063291
LR,time,-1,fixed,TopK_b05,5,0.05,0.1,52.71570771001151,0.047611622554660525,0.9659090909090909,0.04911392405063291
LR,time,-1,fixed,TopK_b05,5,0.05,0.15,76.61786536248562,0.04686047180667433,0.9659090909090909,0.04911392405063291
LR,time,-1,fixed,TopK_b05,10,0.05,0.02,24.13134637514385,0.048813463751438434,0.9659090909090909,0.04911392405063291
LR,time,-1,fixed,TopK_b05,10,0.05,0.05,52.96127733026468,0.04836277330264672,0.9659090909090909,0.04911392405063291
LR,time,-1,fixed,TopK_b05,10,0.05,0.1,101.01116225546605,0.047611622554660525,0.9659090909090909,0.04911392405063291
LR,time,-1,fixed,TopK_b05,10,0.05,0.15,149.06104718066743,0.04686047180667433,0.9659090909090909,0.04911392405063291
LR,time,-1,fixed,TopK_b05,20,0.05,0.02,43.44952819332566,0.048813463751438434,0.9659090909090909,0.04911392405063291
LR,time,-1,fixed,TopK_b05,20,0.05,0.05,101.25673187571923,0.04836277330264672,0.9659090909090909,0.04911392405063291
LR,time,-1,fixed,TopK_b05,20,0.05,0.1,197.60207134637514,0.047611622554660525,0.9659090909090909,0.04911392405063291
LR,time,-1,fixed,TopK_b05,20,0.05,0.15,293.9474108170311,0.04686047180667433,0.9659090909090909,0.04911392405063291
LR,time,-1,fixed,TopK_b05,50,0.05,0.02,101.40407364787112,0.048813463751438434,0.9659090909090909,0.04911392405063291
LR,time,-1,fixed,TopK_b05,50,0.05,0.05,246.14309551208288,0.04836277330264672,0.9659090909090909,0.04911392405063291
LR,time,-1,fixed,TopK_b05,50,0.05,0.1,487.3747986191025,0.047611622554660525,0.9659090909090909,0.04911392405063291
LR,time,-1,fixed,TopK_b05,50,0.05,0.15,728.606501726122,0.04686047180667433,0.9659090909090909,0.04911392405063291
LR,time,-1,fixed,TopK_b10,5,0.1,0.02,18.00019562715765,0.09772922899884925,0.8522727272727273,0.09670886075949367
LR,time,-1,fixed,TopK_b10,5,0.1,0.05,30.49415995397008,0.09925978135788262,0.8522727272727273,0.09670886075949367
LR,time,-1,fixed,TopK_b10,5,0.1,0.1,51.3174338319908,0.10181070195627158,0.8522727272727273,0.09670886075949367
LR,time,-1,fixed,TopK_b10,5,0.1,0.15,72.14070771001151,0.10436162255466053,0.8522727272727273,0.09670886075949367
LR,time,-1,fixed,TopK_b10,10,0.1,0.02,26.522922899884925,0.09772922899884925,0.8522727272727273,0.09670886075949367
LR,time,-1,fixed,TopK_b10,10,0.1,0.05,51.80097813578827,0.09925978135788262,0.8522727272727273,0.09670886075949367
LR,time,-1,fixed,TopK_b10,10,0.1,0.1,93.93107019562717,0.10181070195627158,0.8522727272727273,0.09670886075949367
LR,time,-1,fixed,TopK_b10,10,0.1,0.15,136.06116225546606,0.10436162255466053,0.8522727272727273,0.09670886075949367
LR,time,-1,fixed,TopK_b10,20,0.1,0.02,43.56837744533947,0.09772922899884925,0.8522727272727273,0.09670886075949367
LR,time,-1,fixed,TopK_b10,20,0.1,0.05,94.41461449942463,0.09925978135788262,0.8522727272727273,0.09670886075949367
LR,time,-1,fixed,TopK_b10,20,0.1,0.1,179.1583429228999,0.10181070195627158,0.8522727272727273,0.09670886075949367
LR,time,-1,fixed,TopK_b10,20,0.1,0.15,263.9020713463751,0.10436162255466053,0.8522727272727273,0.09670886075949367
LR,time,-1,fixed,TopK_b10,50,0.1,0.02,94.7047410817031,0.09772922899884925,0.8522727272727273,0.09670886075949367
LR,time,-1,fixed,TopK_b10,50,0.1,0.05,222.25552359033372,0.09925978135788262,0.8522727272727273,0.09670886075949367
LR,time,-1,fixed,TopK_b10,50,0.1,0.1,434.8401611047181,0.10181070195627158,0.8522727272727273,0.09670886075949367
LR,time,-1,fixed,TopK_b10,50,0.1,0.15,647.4247986191025,0.10436162255466053,0.8522727272727273,0.09670886075949367
LR,time,-1,fixed,TopK_b20,5,0.2,0.02,25.872359033371694,0.19690540851553512,0.6818181818181818,0.19443037974683544
LR,time,-1,fixed,TopK_b20,5,0.2,0.05,35.516340621403906,0.20061795166858457,0.6818181818181818,0.19443037974683544
LR,time,-1,fixed,TopK_b20,5,0.2,0.1,51.58964326812428,0.20680552359033372,0.6818181818181818,0.19443037974683544
LR,time,-1,fixed,TopK_b20,5,0.2,0.15,67.66294591484466,0.21299309551208284,0.6818181818181818,0.19443037974683544
LR,time,-1,fixed,TopK_b20,10,0.2,0.02,32.69054085155351,0.19690540851553512,0.6818181818181818,0.19443037974683544
LR,time,-1,fixed,TopK_b20,10,0.2,0.05,52.56179516685846,0.20061795166858457,0.6818181818181818,0.19443037974683544
LR,time,-1,fixed,TopK_b20,10,0.2,0.1,85.68055235903337,0.20680552359033372,0.6818181818181818,0.19443037974683544
LR,time,-1,fixed,TopK_b20,10,0.2,0.15,118.79930955120828,0.21299309551208284,0.6818181818181818,0.19443037974683544
LR,time,-1,fixed,TopK_b20,20,0.2,0.02,46.32690448791714,0.19690540851553512,0.6818181818181818,0.19443037974683544
LR,time,-1,fixed,TopK_b20,20,0.2,0.05,86.65270425776754,0.20061795166858457,0.6818181818181818,0.19443037974683544
LR,time,-1,fixed,TopK_b20,20,0.2,0.1,153.86237054085154,0.20680552359033372,0.6818181818181818,0.19443037974683544
LR,time,-1,fixed,TopK_b20,20,0.2,0.15,221.07203682393558,0.21299309551208284,0.6818181818181818,0.19443037974683544
LR,time,-1,fixed,TopK_b20,50,0.2,0.02,87.23599539700805,0.19690540851553512,0.6818181818181818,0.19443037974683544
LR,time,-1,fixed,TopK_b20,50,0.2,0.05,188.92543153049482,0.20061795166858457,0.6818181818181818,0.19443037974683544
LR,time,-1,fixed,TopK_b20,50,0.2,0.1,358.40782508630605,0.20680552359033372,0.6818181818181818,0.19443037974683544
LR,time,-1,fixed,TopK_b20,50,0.2,0.15,527.8902186421174,0.21299309551208284,0.6818181818181818,0.19443037974683544
LR,time,-1,refitted,none,5,,0.02,10.0,0.0,1.0,0.0
LR,time,-1,refitted,none,5,,0.05,25.0,0.0,1.0,0.0
LR,time,-1,refitted,none,5,,0.1,50.0,0.0,1.0,0.0
LR,time,-1,refitted,none,5,,0.15,75.0,0.0,1.0,0.0
LR,time,-1,refitted,none,10,,0.02,20.0,0.0,1.0,0.0
LR,time,-1,refitted,none,10,,0.05,50.0,0.0,1.0,0.0
LR,time,-1,refitted,none,10,,0.1,100.0,0.0,1.0,0.0
LR,time,-1,refitted,none,10,,0.15,150.0,0.0,1.0,0.0
LR,time,-1,refitted,none,20,,0.02,40.0,0.0,1.0,0.0
LR,time,-1,refitted,none,20,,0.05,100.0,0.0,1.0,0.0
LR,time,-1,refitted,none,20,,0.1,200.0,0.0,1.0,0.0
LR,time,-1,refitted,none,20,,0.15,300.0,0.0,1.0,0.0
LR,time,-1,refitted,none,50,,0.02,100.0,0.0,1.0,0.0
LR,time,-1,refitted,none,50,,0.05,250.0,0.0,1.0,0.0
LR,time,-1,refitted,none,50,,0.1,500.0,0.0,1.0,0.0
LR,time,-1,refitted,none,50,,0.15,750.0,0.0,1.0,0.0
LR,time,-1,refitted,A_b01,5,0.01,0.02,12.204119677790565,0.024768469505178366,0.9772727272727273,0.02481012658227848
LR,time,-1,refitted,A_b01,5,0.01,0.05,26.78878020713464,0.02470598388952819,0.9772727272727273,0.02481012658227848
LR,time,-1,refitted,A_b01,5,0.01,0.1,51.09654775604143,0.024601841196777902,0.9772727272727273,0.02481012658227848
LR,time,-1,refitted,A_b01,5,0.01,0.15,75.40431530494821,0.024497698504027613,0.9772727272727273,0.02481012658227848
LR,time,-1,refitted,A_b01,10,0.01,0.02,21.976846950517835,0.024768469505178366,0.9772727272727273,0.02481012658227848
LR,time,-1,refitted,A_b01,10,0.01,0.05,51.22059838895282,0.02470598388952819,0.9772727272727273,0.02481012658227848
LR,time,-1,refitted,A_b01,10,0.01,0.1,99.96018411967779,0.024601841196777902,0.9772727272727273,0.02481012658227848
LR,time,-1,refitted,A_b01,10,0.01,0.15,148.69976985040276,0.024497698504027613,0.9772727272727273,0.02481012658227848
LR,time,-1,refitted,A_b01,20,0.01,0.02,41.522301495972386,0.024768469505178366,0.9772727272727273,0.02481012658227848
LR,time,-1,refitted,A_b01,20,0.01,0.05,100.08423475258918,0.02470598388952819,0.9772727272727273,0.02481012658227848
LR,time,-1,refitted,A_b01,20,0.01,0.1,197.68745684695054,0.024601841196777902,0.9772727272727273,0.02481012658227848
LR,time,-1,refitted,A_b01,20,0.01,0.15,295.29067894131185,0.024497698504027613,0.9772727272727273,0.02481012658227848
LR,time,-1,refitted,A_b01,50,0.01,0.02,100.15866513233603,0.024768469505178366,0.9772727272727273,0.02481012658227848
LR,time,-1,refitted,A_b01,50,0.01,0.05,246.6751438434983,0.02470598388952819,0.9772727272727273,0.02481012658227848
LR,time,-1,refitted,A_b01,50,0.01,0.1,490.86927502876875,0.024601841196777902,0.9772727272727273,0.02481012658227848
LR,time,-1,refitted,A_b01,50,0.01,0.15,735.0634062140392,0.024497698504027613,0.9772727272727273,0.02481012658227848
LR,time,-1,refitted,A_b05,5,0.05,0.02,18.206639815880322,0.09433912543153049,0.8977272727272727,0.09417721518987342
LR,time,-1,refitted,A_b05,5,0.05,0.05,31.390017261219793,0.09458199079401611,0.8977272727272727,0.09417721518987342
LR,time,-1,refitted,A_b05,5,0.05,0.1,53.36231300345224,0.09498676639815881,0.8977272727272727,0.09417721518987342
LR,time,-1,refitted,A_b05,5,0.05,0.15,75.33460874568469,0.09539154200230149,0.8977272727272727,0.09417721518987342
LR,time,-1,refitted,A_b05,10,0.05,0.02,27.18391254315305,0.09433912543153049,0.8977272727272727,0.09417721518987342
LR,time,-1,refitted,A_b05,10,0.05,0.05,53.83319907940161,0.09458199079401611,0.8977272727272727,0.09417721518987342
LR,time,-1,refitted,A_b05,10,0.05,0.1,98.24867663981588,0.09498676639815881,0.8977272727272727,0.09417721518987342
LR,time,-1,refitted,A_b05,10,0.05,0.15,142.66415420023014,0.09539154200230149,0.8977272727272727,0.09417721518987342
LR,time,-1,refitted,A_b05,20,0.05,0.02,45.1384579976985,0.09433912543153049,0.8977272727272727,0.09417721518987342
LR,time,-1,refitted,A_b05,20,0.05,0.05,98.71956271576524,0.09458199079401611,0.8977272727272727,0.09417721518987342
LR,time,-1,refitted,A_b05,20,0.05,0.1,188.02140391254315,0.09498676639815881,0.8977272727272727,0.09417721518987342
LR,time,-1,refitted,A_b05,20,0.05,0.15,277.3232451093211,0.09539154200230149,0.8977272727272727,0.09417721518987342
LR,time,-1,refitted,A_b05,50,0.05,0.02,99.00209436133487,0.09433912543153049,0.8977272727272727,0.09417721518987342
LR,time,-1,refitted,A_b05,50,0.05,0.05,233.37865362485616,0.09458199079401611,0.8977272727272727,0.09417721518987342
LR,time,-1,refitted,A_b05,50,0.05,0.1,457.339585730725,0.09498676639815881,0.8977272727272727,0.09417721518987342
LR,time,-1,refitted,A_b05,50,0.05,0.15,681.3005178365937,0.09539154200230149,0.8977272727272727,0.09417721518987342
LR,time,-1,refitted,A_b10,5,0.1,0.02,23.762577675489073,0.1594439585730725,0.8181818181818182,0.1589873417721519
LR,time,-1,refitted,A_b10,5,0.1,0.05,35.55834292289989,0.1601288837744534,0.8181818181818182,0.1589873417721519
LR,time,-1,refitted,A_b10,5,0.1,0.1,55.21795166858459,0.1612704257767549,0.8181818181818182,0.1589873417721519
LR,time,-1,refitted,A_b10,5,0.1,0.15,74.87756041426927,0.16241196777905637,0.8181818181818182,0.1589873417721519
LR,time,-1,refitted,A_b10,10,0.1,0.02,31.94439585730725,0.1594439585730725,0.8181818181818182,0.1589873417721519
LR,time,-1,refitted,A_b10,10,0.1,0.05,56.012888377445336,0.1601288837744534,0.8181818181818182,0.1589873417721519
LR,time,-1,refitted,A_b10,10,0.1,0.1,96.1270425776755,0.1612704257767549,0.8181818181818182,0.1589873417721519
LR,time,-1,refitted,A_b10,10,0.1,0.15,136.24119677790566,0.16241196777905637,0.8181818181818182,0.1589873417721519
LR,time,-1,refitted,A_b10,20,0.1,0.02,48.308032220943616,0.1594439585730725,0.8181818181818182,0.1589873417721519
LR,time,-1,refitted,A_b10,20,0.1,0.05,96.92197928653626,0.1601288837744534,0.8181818181818182,0.1589873417721519
LR,time,-1,refitted,A_b10,20,0.1,0.1,177.9452243958573,0.1612704257767549,0.8181818181818182,0.1589873417721519
LR,time,-1,refitted,A_b10,20,0.1,0.15,258.9684695051784,0.16241196777905637,0.8181818181818182,0.1589873417721519
LR,time,-1,refitted,A_b10,50,0.1,0.02,97.39894131185271,0.1594439585730725,0.8181818181818182,0.1589873417721519
LR,time,-1,refitted,A_b10,50,0.1,0.05,219.64925201380896,0.1601288837744534,0.8181818181818182,0.1589873417721519
LR,time,-1,refitted,A_b10,50,0.1,0.1,423.3997698504028,0.1612704257767549,0.8181818181818182,0.1589873417721519
LR,time,-1,refitted,A_b10,50,0.1,0.15,627.1502876869965,0.16241196777905637,0.8181818181818182,0.1589873417721519
LR,time,-1,refitted,A_b20,5,0.2,0.02,36.53428078250863,0.2994337169159954,0.7159090909090909,0.299746835443038
LR,time,-1,refitted,A_b20,5,0.2,0.05,46.37367663981588,0.29896403912543157,0.7159090909090909,0.299746835443038
LR,time,-1,refitted,A_b20,5,0.2,0.1,62.772669735327966,0.2981812428078251,0.7159090909090909,0.299746835443038
LR,time,-1,refitted,A_b20,5,0.2,0.15,79.17166283084005,0.2973984464902186,0.7159090909090909,0.299746835443038
LR,time,-1,refitted,A_b20,10,0.2,0.02,43.693371691599545,0.2994337169159954,0.7159090909090909,0.299746835443038
LR,time,-1,refitted,A_b20,10,0.2,0.05,64.27140391254315,0.29896403912543157,0.7159090909090909,0.299746835443038
LR,time,-1,refitted,A_b20,10,0.2,0.1,98.56812428078253,0.2981812428078251,0.7159090909090909,0.299746835443038
LR,time,-1,refitted,A_b20,10,0.2,0.15,132.86484464902188,0.2973984464902186,0.7159090909090909,0.299746835443038
LR,time,-1,refitted,A_b20,20,0.2,0.02,58.01155350978136,0.2994337169159954,0.7159090909090909,0.299746835443038
LR,time,-1,refitted,A_b20,20,0.2,0.05,100.0668584579977,0.29896403912543157,0.7159090909090909,0.299746835443038
LR,time,-1,refitted,A_b20,20,0.2,0.1,170.1590333716916,0.2981812428078251,0.7159090909090909,0.299746835443038
LR,time,-1,refitted,A_b20,20,0.2,0.15,240.2512082853855,0.2973984464902186,0.7159090909090909,0.299746835443038
LR,time,-1,refitted,A_b20,50,0.2,0.02,100.96609896432682,0.2994337169159954,0.7159090909090909,0.299746835443038
LR,time,-1,refitted,A_b20,50,0.2,0.05,207.4532220943613,0.29896403912543157,0.7159090909090909,0.299746835443038
LR,time,-1,refitted,A_b20,50,0.2,0.1,384.9317606444189,0.2981812428078251,0.7159090909090909,0.299746835443038
LR,time,-1,refitted,A_b20,50,0.2,0.15,562.4102991944765,0.2973984464902186,0.7159090909090909,0.299746835443038
LR,time,-1,refitted,B_r05,5,,0.02,14.976731875719217,0.09067640966628308,0.6590909090909091,0.08556962025316456
LR,time,-1,refitted,B_r05,5,,0.05,24.60638665132336,0.09833659378596087,0.6590909090909091,0.08556962025316456
LR,time,-1,refitted,B_r05,5,,0.1,40.65581127733026,0.1111035673187572,0.6590909090909091,0.08556962025316456
LR,time,-1,refitted,B_r05,5,,0.15,56.70523590333716,0.12387054085155352,0.6590909090909091,0.08556962025316456
LR,time,-1,refitted,B_r10,10,,0.02,36.5707249712313,0.26070724971231296,0.5681818181818182,0.25721518987341774
LR,time,-1,refitted,B_r10,10,,0.05,52.8445339470656,0.2659453394706559,0.5681818181818182,0.25721518987341774
LR,time,-1,refitted,B_r10,10,,0.1,79.96754890678942,0.2746754890678942,0.5681818181818182,0.25721518987341774
LR,time,-1,refitted,B_r10,10,,0.15,107.09056386651324,0.28340563866513235,0.5681818181818182,0.25721518987341774
LR,time,-1,refitted,B_r20,20,,0.02,51.987295742232455,0.31078204833141543,0.5454545454545454,0.3078481012658228
LR,time,-1,refitted,B_r20,20,,0.05,83.79102416570771,0.31518296892980435,0.5454545454545454,0.3078481012658228
LR,time,-1,refitted,B_r20,20,,0.1,136.79723820483315,0.32251783659378597,0.5454545454545454,0.3078481012658228
LR,time,-1,refitted,B_r20,20,,0.15,189.80345224395856,0.3298527042577675,0.5454545454545454,0.3078481012658228
LR,time,-1,refitted,B_r50,50,,0.02,78.48513233601841,0.6541695051783659,0.14772727272727273,0.650126582278481
LR,time,-1,refitted,B_r50,50,,0.05,98.69384349827388,0.6602338895281933,0.14772727272727273,0.650126582278481
LR,time,-1,refitted,B_r50,50,,0.1,132.37502876869965,0.6703411967779056,0.14772727272727273,0.650126582278481
LR,time,-1,refitted,B_r50,50,,0.15,166.05621403912542,0.6804485040276179,0.14772727272727273,0.650126582278481
LR,time,-1,refitted,C_b01_r05,5,0.01,0.02,10.020828538550058,0.002935558112773302,0.9772727272727273,0.002531645569620253
LR,time,-1,refitted,C_b01_r05,5,0.01,0.05,24.672324510932107,0.003541426927502876,0.9772727272727273,0.002531645569620253
LR,time,-1,refitted,C_b01_r05,5,0.01,0.1,49.09148446490219,0.004551208285385499,0.9772727272727273,0.002531645569620253
LR,time,-1,refitted,C_b01_r05,5,0.01,0.15,73.51064441887226,0.005560989643268122,0.9772727272727273,0.002531645569620253
LR,time,-1,refitted,C_b01_r10,10,0.01,0.02,19.79355581127733,0.002935558112773302,0.9772727272727273,0.002531645569620253
LR,time,-1,refitted,C_b01_r10,10,0.01,0.05,49.104142692750294,0.003541426927502876,0.9772727272727273,0.002531645569620253
LR,time,-1,refitted,C_b01_r10,10,0.01,0.1,97.95512082853855,0.004551208285385499,0.9772727272727273,0.002531645569620253
LR,time,-1,refitted,C_b01_r10,10,0.01,0.15,146.80609896432682,0.005560989643268122,0.9772727272727273,0.002531645569620253
LR,time,-1,refitted,C_b01_r20,20,0.01,0.02,39.339010356731876,0.002935558112773302,0.9772727272727273,0.002531645569620253
LR,time,-1,refitted,C_b01_r20,20,0.01,0.05,97.96777905638665,0.003541426927502876,0.9772727272727273,0.002531645569620253
LR,time,-1,refitted,C_b01_r20,20,0.01,0.1,195.68239355581127,0.004551208285385499,0.9772727272727273,0.002531645569620253
LR,time,-1,refitted,C_b01_r20,20,0.01,0.15,293.3970080552359,0.005560989643268122,0.9772727272727273,0.002531645569620253
LR,time,-1,refitted,C_b01_r50,50,0.01,0.02,97.97537399309552,0.002935558112773302,0.9772727272727273,0.002531645569620253
LR,time,-1,refitted,C_b01_r50,50,0.01,0.05,244.55868814729578,0.003541426927502876,0.9772727272727273,0.002531645569620253
LR,time,-1,refitted,C_b01_r50,50,0.01,0.1,488.86421173762955,0.004551208285385499,0.9772727272727273,0.002531645569620253
LR,time,-1,refitted,C_b01_r50,50,0.01,0.15,733.1697353279633,0.005560989643268122,0.9772727272727273,0.002531645569620253
LR,time,-1,refitted,C_b05_r05,5,0.05,0.02,10.070448791714615,0.003431760644418872,0.9772727272727273,0.0030379746835443038
LR,time,-1,refitted,C_b05_r05,5,0.05,0.05,24.720425776754894,0.0040224395857307235,0.9772727272727273,0.0030379746835443038
LR,time,-1,refitted,C_b05_r05,5,0.05,0.1,49.13705408515535,0.005006904487917144,0.9772727272727273,0.0030379746835443038
LR,time,-1,refitted,C_b05_r05,5,0.05,0.15,73.5536823935558,0.005991369390103564,0.9772727272727273,0.0030379746835443038
LR,time,-1,refitted,C_b05_r10,10,0.05,0.02,20.906029919447644,0.01656029919447641,0.9659090909090909,0.01620253164556962
LR,time,-1,refitted,C_b05_r10,10,0.05,0.05,49.83469505178366,0.017096950517836593,0.9659090909090909,0.01620253164556962
LR,time,-1,refitted,C_b05_r10,10,0.05,0.1,98.04913693901037,0.017991369390103564,0.9659090909090909,0.01620253164556962
LR,time,-1,refitted,C_b05_r10,10,0.05,0.15,146.26357882623705,0.018885788262370536,0.9659090909090909,0.01620253164556962
LR,time,-1,refitted,C_b05_r20,20,0.05,0.02,40.22421173762946,0.01656029919447641,0.9659090909090909,0.01620253164556962
LR,time,-1,refitted,C_b05_r20,20,0.05,0.05,98.1301495972382,0.017096950517836593,0.9659090909090909,0.01620253164556962
LR,time,-1,refitted,C_b05_r20,20,0.05,0.1,194.64004602991943,0.017991369390103564,0.9659090909090909,0.01620253164556962
LR,time,-1,refitted,C_b05_r20,20,0.05,0.15,291.14994246260073,0.018885788262370536,0.9659090909090909,0.01620253164556962
LR,time,-1,refitted,C_b05_r50,50,0.05,0.02,98.17875719217491,0.01656029919447641,0.9659090909090909,0.01620253164556962
LR,time,-1,refitted,C_b05_r50,50,0.05,0.05,243.01651323360187,0.017096950517836593,0.9659090909090909,0.01620253164556962
LR,time,-1,refitted,C_b05_r50,50,0.05,0.1,484.4127733026467,0.017991369390103564,0.9659090909090909,0.01620253164556962
LR,time,-1,refitted,C_b05_r50,50,0.05,0.15,725.8090333716916,0.018885788262370536,0.9659090909090909,0.01620253164556962
LR,time,-1,refitted,C_b10_r05,5,0.1,0.02,10.070448791714615,0.003431760644418872,0.9772727272727273,0.0030379746835443038
LR,time,-1,refitted,C_b10_r05,5,0.1,0.05,24.720425776754894,0.0040224395857307235,0.9772727272727273,0.0030379746835443038
LR,time,-1,refitted,C_b10_r05,5,0.1,0.1,49.13705408515535,0.005006904487917144,0.9772727272727273,0.0030379746835443038
LR,time,-1,refitted,C_b10_r05,5,0.1,0.15,73.5536823935558,0.005991369390103564,0.9772727272727273,0.0030379746835443038
LR,time,-1,refitted,C_b10_r10,10,0.1,0.02,20.906029919447644,0.01656029919447641,0.9659090909090909,0.01620253164556962
LR,time,-1,refitted,C_b10_r10,10,0.1,0.05,49.83469505178366,0.017096950517836593,0.9659090909090909,0.01620253164556962
LR,time,-1,refitted,C_b10_r10,10,0.1,0.1,98.04913693901037,0.017991369390103564,0.9659090909090909,0.01620253164556962
LR,time,-1,refitted,C_b10_r10,10,0.1,0.15,146.26357882623705,0.018885788262370536,0.9659090909090909,0.01620253164556962
LR,time,-1,refitted,C_b10_r20,20,0.1,0.02,40.22421173762946,0.01656029919447641,0.9659090909090909,0.01620253164556962
LR,time,-1,refitted,C_b10_r20,20,0.1,0.05,98.1301495972382,0.017096950517836593,0.9659090909090909,0.01620253164556962
LR,time,-1,refitted,C_b10_r20,20,0.1,0.1,194.64004602991943,0.017991369390103564,0.9659090909090909,0.01620253164556962
LR,time,-1,refitted,C_b10_r20,20,0.1,0.15,291.14994246260073,0.018885788262370536,0.9659090909090909,0.01620253164556962
LR,time,-1,refitted,C_b10_r50,50,0.1,0.02,98.17875719217491,0.01656029919447641,0.9659090909090909,0.01620253164556962
LR,time,-1,refitted,C_b10_r50,50,0.1,0.05,243.01651323360187,0.017096950517836593,0.9659090909090909,0.01620253164556962
LR,time,-1,refitted,C_b10_r50,50,0.1,0.1,484.4127733026467,0.017991369390103564,0.9659090909090909,0.01620253164556962
LR,time,-1,refitted,C_b10_r50,50,0.1,0.15,725.8090333716916,0.018885788262370536,0.9659090909090909,0.01620253164556962
LR,time,-1,refitted,C_b20_r05,5,0.2,0.02,10.070448791714615,0.003431760644418872,0.9772727272727273,0.0030379746835443038
LR,time,-1,refitted,C_b20_r05,5,0.2,0.05,24.720425776754894,0.0040224395857307235,0.9772727272727273,0.0030379746835443038
LR,time,-1,refitted,C_b20_r05,5,0.2,0.1,49.13705408515535,0.005006904487917144,0.9772727272727273,0.0030379746835443038
LR,time,-1,refitted,C_b20_r05,5,0.2,0.15,73.5536823935558,0.005991369390103564,0.9772727272727273,0.0030379746835443038
LR,time,-1,refitted,C_b20_r10,10,0.2,0.02,21.174959723820486,0.021749597238204833,0.9545454545454546,0.021265822784810127
LR,time,-1,refitted,C_b20_r10,10,0.2,0.05,49.74752589182969,0.022475258918296888,0.9545454545454546,0.021265822784810127
LR,time,-1,refitted,C_b20_r10,10,0.2,0.1,97.36846950517837,0.02368469505178366,0.9545454545454546,0.021265822784810127
LR,time,-1,refitted,C_b20_r10,10,0.2,0.15,144.98941311852704,0.024894131185270417,0.9545454545454546,0.021265822784810127
LR,time,-1,refitted,C_b20_r20,20,0.2,0.02,43.044602991944764,0.04953693901035673,0.9545454545454546,0.04962025316455696
LR,time,-1,refitted,C_b20_r20,20,0.2,0.05,100.16846950517836,0.04941196777905638,0.9545454545454546,0.04962025316455696
LR,time,-1,refitted,C_b20_r20,20,0.2,0.1,195.37491369390105,0.049203682393555805,0.9545454545454546,0.04962025316455696
LR,time,-1,refitted,C_b20_r20,20,0.2,0.15,290.58135788262376,0.048995397008055226,0.9545454545454546,0.04962025316455696
LR,time,-1,refitted,C_b20_r50,50,0.2,0.02,100.31733026467205,0.04953693901035673,0.9545454545454546,0.04962025316455696
LR,time,-1,refitted,C_b20_r50,50,0.2,0.05,243.35028768699658,0.04941196777905638,0.9545454545454546,0.04962025316455696
LR,time,-1,refitted,C_b20_r50,50,0.2,0.1,481.73855005753745,0.049203682393555805,0.9545454545454546,0.04962025316455696
LR,time,-1,refitted,C_b20_r50,50,0.2,0.15,720.1268124280783,0.048995397008055226,0.9545454545454546,0.04962025316455696
LR,time,-1,refitted,TopK_b01,5,0.01,0.02,10.829148446490219,0.00965512082853855,0.9886363636363636,0.009620253164556962
LR,time,-1,refitted,TopK_b01,5,0.01,0.05,25.629833141542,0.009707422324510932,0.9886363636363636,0.009620253164556962
LR,time,-1,refitted,TopK_b01,5,0.01,0.1,50.29764096662831,0.0097945914844649,0.9886363636363636,0.009620253164556962
LR,time,-1,refitted,TopK_b01,5,0.01,0.15,74.96544879171462,0.00988176064441887,0.9886363636363636,0.009620253164556962
LR,time,-1,refitted,TopK_b01,10,0.01,0.02,20.715512082853856,0.00965512082853855,0.9886363636363636,0.009620253164556962
LR,time,-1,refitted,TopK_b01,10,0.01,0.05,50.345742232451094,0.009707422324510932,0.9886363636363636,0.009620253164556962
LR,time,-1,refitted,TopK_b01,10,0.01,0.1,99.72945914844648,0.0097945914844649,0.9886363636363636,0.009620253164556962
LR,time,-1,refitted,TopK_b01,10,0.01,0.15,149.1131760644419,0.00988176064441887,0.9886363636363636,0.009620253164556962
LR,time,-1,refitted,TopK_b01,20,0.01,0.02,40.488239355581136,0.00965512082853855,0.9886363636363636,0.009620253164556962
LR,time,-1,refitted,TopK_b01,20,0.01,0.05,99.77756041426927,0.009707422324510932,0.9886363636363636,0.009620253164556962
LR,time,-1,refitted,TopK_b01,20,0.01,0.1,198.59309551208287,0.0097945914844649,0.9886363636363636,0.009620253164556962
LR,time,-1,refitted,TopK_b01,20,0.01,0.15,297.4086306098964,0.00988176064441887,0.9886363636363636,0.009620253164556962
LR,time,-1,refitted,TopK_b01,50,0.01,0.02,99.80642117376294,0.00965512082853855,0.9886363636363636,0.009620253164556962
LR,time,-1,refitted,TopK_b01,50,0.01,0.05,248.07301495972385,0.009707422324510932,0.9886363636363636,0.009620253164556962
LR,time,-1,refitted,TopK_b01,50,0.01,0.1,495.18400460299193,0.0097945914844649,0.9886363636363636,0.009620253164556962
LR,time,-1,refitted,TopK_b01,50,0.01,0.15,742.2949942462601,0.00988176064441887,0.9886363636363636,0.009620253164556962
LR,time,-1,refitted,TopK_b05,5,0.05,0.02,13.492715765247413,0.04719988492520138,0.8977272727272727,0.04607594936708861
LR,time,-1,refitted,TopK_b05,5,0.05,0.05,26.820397008055235,0.04888578826237054,0.8977272727272727,0.04607594936708861
LR,time,-1,refitted,TopK_b05,5,0.05,0.1,49.03319907940161,0.051695627157652475,0.8977272727272727,0.04607594936708861
LR,time,-1,refitted,TopK_b05,5,0.05,0.15,71.246001150748,0.05450546605293441,0.8977272727272727,0.04607594936708861
LR,time,-1,refitted,TopK_b05,10,0.05,0.02,22.46998849252014,0.04719988492520138,0.8977272727272727,0.04607594936708861
LR,time,-1,refitted,TopK_b05,10,0.05,0.05,49.26357882623705,0.04888578826237054,0.8977272727272727,0.04607594936708861
LR,time,-1,refitted,TopK_b05,10,0.05,0.1,93.91956271576525,0.051695627157652475,0.8977272727272727,0.04607594936708861
LR,time,-1,refitted,TopK_b05,10,0.05,0.15,138.57554660529345,0.05450546605293441,0.8977272727272727,0.04607594936708861
LR,time,-1,refitted,TopK_b05,20,0.05,0.02,40.42453394706559,0.04719988492520138,0.8977272727272727,0.04607594936708861
LR,time,-1,refitted,TopK_b05,20,0.05,0.05,94.14994246260069,0.04888578826237054,0.8977272727272727,0.04607594936708861
LR,time,-1,refitted,TopK_b05,20,0.05,0.1,183.69228998849252,0.051695627157652475,0.8977272727272727,0.04607594936708861
LR,time,-1,refitted,TopK_b05,20,0.05,0.15,273.23463751438436,0.05450546605293441,0.8977272727272727,0.04607594936708861
LR,time,-1,refitted,TopK_b05,50,0.05,0.02,94.28817031070196,0.04719988492520138,0.8977272727272727,0.04607594936708861
LR,time,-1,refitted,TopK_b05,50,0.05,0.05,228.80903337169158,0.04888578826237054,0.8977272727272727,0.04607594936708861
LR,time,-1,refitted,TopK_b05,50,0.05,0.1,453.0104718066743,0.051695627157652475,0.8977272727272727,0.04607594936708861
LR,time,-1,refitted,TopK_b05,50,0.05,0.15,677.211910241657,0.05450546605293441,0.8977272727272727,0.04607594936708861
LR,time,-1,refitted,TopK_b10,5,0.1,0.02,17.51042577675489,0.09692243958573071,0.8181818181818182,0.09518987341772152
LR,time,-1,refitted,TopK_b10,5,0.1,0.05,29.497583429229003,0.09952128883774453,0.8181818181818182,0.09518987341772152
LR,time,-1,refitted,TopK_b10,5,0.1,0.1,49.476179516685846,0.10385270425776755,0.8181818181818182,0.09518987341772152
LR,time,-1,refitted,TopK_b10,5,0.1,0.15,69.4547756041427,0.10818411967779056,0.8181818181818182,0.09518987341772152
LR,time,-1,refitted,TopK_b10,10,0.1,0.02,25.692243958573073,0.09692243958573071,0.8181818181818182,0.09518987341772152
LR,time,-1,refitted,TopK_b10,10,0.1,0.05,49.952128883774456,0.09952128883774453,0.8181818181818182,0.09518987341772152
LR,time,-1,refitted,TopK_b10,10,0.1,0.1,90.38527042577677,0.10385270425776755,0.8181818181818182,0.09518987341772152
LR,time,-1,refitted,TopK_b10,10,0.1,0.15,130.81841196777907,0.10818411967779056,0.8181818181818182,0.09518987341772152
LR,time,-1,refitted,TopK_b10,20,0.1,0.02,42.05588032220944,0.09692243958573071,0.8181818181818182,0.09518987341772152
LR,time,-1,refitted,TopK_b10,20,0.1,0.05,90.86121979286537,0.09952128883774453,0.8181818181818182,0.09518987341772152
LR,time,-1,refitted,TopK_b10,20,0.1,0.1,172.2034522439586,0.10385270425776755,0.8181818181818182,0.09518987341772152
LR,time,-1,refitted,TopK_b10,20,0.1,0.15,253.54568469505176,0.10818411967779056,0.8181818181818182,0.09518987341772152
LR,time,-1,refitted,TopK_b10,50,0.1,0.02,91.14678941311854,0.09692243958573071,0.8181818181818182,0.09518987341772152
LR,time,-1,refitted,TopK_b10,50,0.1,0.05,213.58849252013806,0.09952128883774453,0.8181818181818182,0.09518987341772152
LR,time,-1,refitted,TopK_b10,50,0.1,0.1,417.657997698504,0.10385270425776755,0.8181818181818182,0.09518987341772152
LR,time,-1,refitted,TopK_b10,50,0.1,0.15,621.7275028768701,0.10818411967779056,0.8181818181818182,0.09518987341772152
LR,time,-1,refitted,TopK_b20,5,0.2,0.02,26.035615650172613,0.19717433831990794,0.6931818181818182,0.1949367088607595
LR,time,-1,refitted,TopK_b20,5,0.2,0.05,35.84853279631761,0.20053078250863063,0.6931818181818182,0.1949367088607595
LR,time,-1,refitted,TopK_b20,5,0.2,0.1,52.20339470655927,0.20612485615650172,0.6931818181818182,0.1949367088607595
LR,time,-1,refitted,TopK_b20,5,0.2,0.15,68.55825661680093,0.21171892980437285,0.6931818181818182,0.1949367088607595
LR,time,-1,refitted,TopK_b20,10,0.2,0.02,32.967433831990796,0.19717433831990794,0.6931818181818182,0.1949367088607595
LR,time,-1,refitted,TopK_b20,10,0.2,0.05,53.17807825086307,0.20053078250863063,0.6931818181818182,0.1949367088607595
LR,time,-1,refitted,TopK_b20,10,0.2,0.1,86.86248561565017,0.20612485615650172,0.6931818181818182,0.1949367088607595
LR,time,-1,refitted,TopK_b20,10,0.2,0.15,120.54689298043728,0.21171892980437285,0.6931818181818182,0.1949367088607595
LR,time,-1,refitted,TopK_b20,20,0.2,0.02,46.831070195627156,0.19717433831990794,0.6931818181818182,0.1949367088607595
LR,time,-1,refitted,TopK_b20,20,0.2,0.05,87.83716915995397,0.20053078250863063,0.6931818181818182,0.1949367088607595
LR,time,-1,refitted,TopK_b20,20,0.2,0.1,156.180667433832,0.20612485615650172,0.6931818181818182,0.1949367088607595
LR,time,-1,refitted,TopK_b20,20,0.2,0.15,224.52416570771004,0.21171892980437285,0.6931818181818182,0.1949367088607595
LR,time,-1,refitted,TopK_b20,50,0.2,0.02,88.42197928653626,0.19717433831990794,0.6931818181818182,0.1949367088607595
LR,time,-1,refitted,TopK_b20,50,0.2,0.05,191.8144418872267,0.20053078250863063,0.6931818181818182,0.1949367088607595
LR,time,-1,refitted,TopK_b20,50,0.2,0.1,364.13521288837745,0.20612485615650172,0.6931818181818182,0.1949367088607595
LR,time,-1,refitted,TopK_b20,50,0.2,0.15,536.4559838895282,0.21171892980437285,0.6931818181818182,0.1949367088607595
CART,time,-1,fixed,none,5,,0.02,10.0,0.0,1.0,0.0
CART,time,-1,fixed,none,5,,0.05,25.0,0.0,1.0,0.0
CART,time,-1,fixed,none,5,,0.1,50.0,0.0,1.0,0.0
CART,time,-1,fixed,none,5,,0.15,75.0,0.0,1.0,0.0
CART,time,-1,fixed,none,10,,0.02,20.0,0.0,1.0,0.0
CART,time,-1,fixed,none,10,,0.05,50.0,0.0,1.0,0.0
CART,time,-1,fixed,none,10,,0.1,100.0,0.0,1.0,0.0
CART,time,-1,fixed,none,10,,0.15,150.0,0.0,1.0,0.0
CART,time,-1,fixed,none,20,,0.02,40.0,0.0,1.0,0.0
CART,time,-1,fixed,none,20,,0.05,100.0,0.0,1.0,0.0
CART,time,-1,fixed,none,20,,0.1,200.0,0.0,1.0,0.0
CART,time,-1,fixed,none,20,,0.15,300.0,0.0,1.0,0.0
CART,time,-1,fixed,none,50,,0.02,100.0,0.0,1.0,0.0
CART,time,-1,fixed,none,50,,0.05,250.0,0.0,1.0,0.0
CART,time,-1,fixed,none,50,,0.1,500.0,0.0,1.0,0.0
CART,time,-1,fixed,none,50,,0.15,750.0,0.0,1.0,0.0
CART,time,-1,fixed,A_b01,5,0.01,0.02,11.013233601841197,0.012859608745684694,0.9772727272727273,0.012658227848101266
CART,time,-1,fixed,A_b01,5,0.01,0.05,25.634349827387805,0.013161680092059837,0.9772727272727273,0.012658227848101266
CART,time,-1,fixed,A_b01,5,0.01,0.1,50.002876869965476,0.013665132336018411,0.9772727272727273,0.012658227848101266
CART,time,-1,fixed,A_b01,5,0.01,0.15,74.37140391254314,0.014168584579976981,0.9772727272727273,0.012658227848101266
CART,time,-1,fixed,A_b01,10,0.01,0.02,20.78596087456847,0.012859608745684694,0.9772727272727273,0.012658227848101266
CART,time,-1,fixed,A_b01,10,0.01,0.05,50.06616800920598,0.013161680092059837,0.9772727272727273,0.012658227848101266
CART,time,-1,fixed,A_b01,10,0.01,0.1,98.86651323360184,0.013665132336018411,0.9772727272727273,0.012658227848101266
CART,time,-1,fixed,A_b01,10,0.01,0.15,147.6668584579977,0.014168584579976981,0.9772727272727273,0.012658227848101266
CART,time,-1,fixed,A_b01,20,0.01,0.02,40.33141542002301,0.012859608745684694,0.9772727272727273,0.012658227848101266
CART,time,-1,fixed,A_b01,20,0.01,0.05,98.92980437284234,0.013161680092059837,0.9772727272727273,0.012658227848101266
CART,time,-1,fixed,A_b01,20,0.01,0.1,196.59378596087458,0.013665132336018411,0.9772727272727273,0.012658227848101266
CART,time,-1,fixed,A_b01,20,0.01,0.15,294.25776754890677,0.014168584579976981,0.9772727272727273,0.012658227848101266
CART,time,-1,fixed,A_b01,50,0.01,0.02,98.96777905638665,0.012859608745684694,0.9772727272727273,0.012658227848101266
CART,time,-1,fixed,A_b01,50,0.01,0.05,245.52071346375146,0.013161680092059837,0.9772727272727273,0.012658227848101266
CART,time,-1,fixed,A_b01,50,0.01,0.1,489.77560414269277,0.013665132336018411,0.9772727272727273,0.012658227848101266
CART,time,-1,fixed,A_b01,50,0.01,0.15,734.0304948216341,0.014168584579976981,0.9772727272727273,0.012658227848101266
CART,time,-1,fixed,A_b05,5,0.05,0.02,14.840425776754893,0.055222439585730726,0.9431818181818182,0.05518987341772152
CART,time,-1,fixed,A_b05,5,0.05,0.05,28.822583429229,0.05527128883774453,0.9431818181818182,0.05518987341772152
CART,time,-1,fixed,A_b05,5,0.05,0.1,52.126179516685845,0.055352704257767546,0.9431818181818182,0.05518987341772152
CART,time,-1,fixed,A_b05,5,0.05,0.15,75.42977560414269,0.05543411967779056,0.9431818181818182,0.05518987341772152
CART,time,-1,fixed,A_b05,10,0.05,0.02,24.272243958573075,0.055222439585730726,0.9431818181818182,0.05518987341772152
CART,time,-1,fixed,A_b05,10,0.05,0.05,52.40212888377446,0.05527128883774453,0.9431818181818182,0.05518987341772152
CART,time,-1,fixed,A_b05,10,0.05,0.1,99.28527042577676,0.055352704257767546,0.9431818181818182,0.05518987341772152
CART,time,-1,fixed,A_b05,10,0.05,0.15,146.16841196777906,0.05543411967779056,0.9431818181818182,0.05518987341772152
CART,time,-1,fixed,A_b05,20,0.05,0.02,43.13588032220944,0.055222439585730726,0.9431818181818182,0.05518987341772152
CART,time,-1,fixed,A_b05,20,0.05,0.05,99.56121979286536,0.05527128883774453,0.9431818181818182,0.05518987341772152
CART,time,-1,fixed,A_b05,20,0.05,0.1,193.60345224395857,0.055352704257767546,0.9431818181818182,0.05518987341772152
CART,time,-1,fixed,A_b05,20,0.05,0.15,287.6456846950518,0.05543411967779056,0.9431818181818182,0.05518987341772152
CART,time,-1,fixed,A_b05,50,0.05,0.02,99.72678941311854,0.055222439585730726,0.9431818181818182,0.05518987341772152
CART,time,-1,fixed,A_b05,50,0.05,0.05,241.0384925201381,0.05527128883774453,0.9431818181818182,0.05518987341772152
CART,time,-1,fixed,A_b05,50,0.05,0.1,476.55799769850404,0.055352704257767546,0.9431818181818182,0.05518987341772152
CART,time,-1,fixed,A_b05,50,0.05,0.15,712.0775028768701,0.05543411967779056,0.9431818181818182,0.05518987341772152
CART,time,-1,fixed,A_b10,5,0.1,0.02,19.48880322209436,0.11261530494821634,0.8522727272727273,0.11189873417721519
CART,time,-1,fixed,A_b10,5,0.1,0.05,31.937197928653628,0.11369016110471805,0.8522727272727273,0.11189873417721519
CART,time,-1,fixed,A_b10,5,0.1,0.1,52.684522439585734,0.11548158803222094,0.8522727272727273,0.11189873417721519
CART,time,-1,fixed,A_b10,5,0.1,0.15,73.43184695051784,0.11727301495972381,0.8522727272727273,0.11189873417721519
CART,time,-1,fixed,A_b10,10,0.1,0.02,28.011530494821635,0.11261530494821634,0.8522727272727273,0.11189873417721519
CART,time,-1,fixed,A_b10,10,0.1,0.05,53.244016110471804,0.11369016110471805,0.8522727272727273,0.11189873417721519
CART,time,-1,fixed,A_b10,10,0.1,0.1,95.2981588032221,0.11548158803222094,0.8522727272727273,0.11189873417721519
CART,time,-1,fixed,A_b10,10,0.1,0.15,137.35230149597237,0.11727301495972381,0.8522727272727273,0.11189873417721519
CART,time,-1,fixed,A_b10,20,0.1,0.02,45.05698504027618,0.11261530494821634,0.8522727272727273,0.11189873417721519
CART,time,-1,fixed,A_b10,20,0.1,0.05,95.85765247410816,0.11369016110471805,0.8522727272727273,0.11189873417721519
CART,time,-1,fixed,A_b10,20,0.1,0.1,180.52543153049484,0.11548158803222094,0.8522727272727273,0.11189873417721519
CART,time,-1,fixed,A_b10,20,0.1,0.15,265.19321058688143,0.11727301495972381,0.8522727272727273,0.11189873417721519
CART,time,-1,fixed,A_b10,50,0.1,0.02,96.19334867663983,0.11261530494821634,0.8522727272727273,0.11189873417721519
CART,time,-1,fixed,A_b10,50,0.1,0.05,223.6985615650173,0.11369016110471805,0.8522727272727273,0.11189873417721519
CART,time,-1,fixed,A_b10,50,0.1,0.1,436.20724971231306,0.11548158803222094,0.8522727272727273,0.11189873417721519
CART,time,-1,fixed,A_b10,50,0.1,0.15,648.7159378596087,0.11727301495972381,0.8522727272727273,0.11189873417721519
CART,time,-1,fixed,A_b20,5,0.2,0.02,30.65826237054085,0.23794626006904487,0.7386363636363636,0.23746835443037975
CART,time,-1,fixed,A_b20,5,0.2,0.05,41.02540276179516,0.23866311852704256,0.7386363636363636,0.23746835443037975
CART,time,-1,fixed,A_b20,5,0.2,0.1,58.30397008055236,0.23985788262370544,0.7386363636363636,0.23746835443037975
CART,time,-1,fixed,A_b20,5,0.2,0.15,75.58253739930954,0.24105264672036825,0.7386363636363636,0.23746835443037975
CART,time,-1,fixed,A_b20,10,0.2,0.02,38.044626006904494,0.23794626006904487,0.7386363636363636,0.23746835443037975
CART,time,-1,fixed,A_b20,10,0.2,0.05,59.49131185270426,0.23866311852704256,0.7386363636363636,0.23746835443037975
CART,time,-1,fixed,A_b20,10,0.2,0.1,95.23578826237055,0.23985788262370544,0.7386363636363636,0.23746835443037975
CART,time,-1,fixed,A_b20,10,0.2,0.15,130.98026467203684,0.24105264672036825,0.7386363636363636,0.23746835443037975
CART,time,-1,fixed,A_b20,20,0.2,0.02,52.81735327963176,0.23794626006904487,0.7386363636363636,0.23746835443037975
CART,time,-1,fixed,A_b20,20,0.2,0.05,96.42313003452244,0.23866311852704256,0.7386363636363636,0.23746835443037975
CART,time,-1,fixed,A_b20,20,0.2,0.1,169.0994246260069,0.23985788262370544,0.7386363636363636,0.23746835443037975
CART,time,-1,fixed,A_b20,20,0.2,0.15,241.77571921749137,0.24105264672036825,0.7386363636363636,0.23746835443037975
CART,time,-1,fixed,A_b20,50,0.2,0.02,97.13553509781359,0.23794626006904487,0.7386363636363636,0.23746835443037975
CART,time,-1,fixed,A_b20,50,0.2,0.05,207.218584579977,0.23866311852704256,0.7386363636363636,0.23746835443037975
CART,time,-1,fixed,A_b20,50,0.2,0.1,390.690333716916,0.23985788262370544,0.7386363636363636,0.23746835443037975
CART,time,-1,fixed,A_b20,50,0.2,0.15,574.1620828538549,0.24105264672036825,0.7386363636363636,0.23746835443037975
CART,time,-1,fixed,B_r05,5,,0.02,14.595696202531647,0.07595696202531646,0.75,0.07240506329113924
CART,time,-1,fixed,B_r05,5,,0.05,25.628481012658227,0.08128481012658227,0.75,0.07240506329113924
CART,time,-1,fixed,B_r05,5,,0.1,44.016455696202534,0.09016455696202533,0.75,0.07240506329113924
CART,time,-1,fixed,B_r05,5,,0.15,62.404430379746834,0.09904430379746836,0.75,0.07240506329113924
CART,time,-1,fixed,B_r10,10,,0.02,37.612750287687,0.27112750287686993,0.5681818181818182,0.26784810126582276
CART,time,-1,fixed,B_r10,10,,0.05,53.854660529344066,0.2760466052934407,0.5681818181818182,0.26784810126582276
CART,time,-1,fixed,B_r10,10,,0.1,80.92451093210587,0.2842451093210587,0.5681818181818182,0.26784810126582276
CART,time,-1,fixed,B_r10,10,,0.15,107.99436133486766,0.29244361334867663,0.5681818181818182,0.26784810126582276
CART,time,-1,fixed,B_r20,20,,0.02,54.80340621403912,0.40576133486766397,0.38636363636363635,0.40151898734177216
CART,time,-1,fixed,B_r20,20,,0.05,76.78066743383198,0.41212485615650174,0.38636363636363635,0.40151898734177216
CART,time,-1,fixed,B_r20,20,,0.1,113.40943613348678,0.4227307249712313,0.38636363636363635,0.40151898734177216
CART,time,-1,fixed,B_r20,20,,0.15,150.03820483314155,0.43333659378596084,0.38636363636363635,0.40151898734177216
CART,time,-1,fixed,B_r50,50,,0.02,84.27659378596087,0.5614023014959723,0.29545454545454547,0.5584810126582278
CART,time,-1,fixed,B_r50,50,,0.05,126.91933256616801,0.5657842347525892,0.29545454545454547,0.5584810126582278
CART,time,-1,fixed,B_r50,50,,0.1,197.99056386651324,0.5730874568469505,0.29545454545454547,0.5584810126582278
CART,time,-1,fixed,B_r50,50,,0.15,269.0617951668584,0.5803906789413118,0.29545454545454547,0.5584810126582278
CART,time,-1,fixed,C_b01_r05,5,0.01,0.02,10.0,0.0,1.0,0.0
CART,time,-1,fixed,C_b01_r05,5,0.01,0.05,25.0,0.0,1.0,0.0
CART,time,-1,fixed,C_b01_r05,5,0.01,0.1,50.0,0.0,1.0,0.0
CART,time,-1,fixed,C_b01_r05,5,0.01,0.15,75.0,0.0,1.0,0.0
CART,time,-1,fixed,C_b01_r10,10,0.01,0.02,20.0,0.0,1.0,0.0
CART,time,-1,fixed,C_b01_r10,10,0.01,0.05,50.0,0.0,1.0,0.0
CART,time,-1,fixed,C_b01_r10,10,0.01,0.1,100.0,0.0,1.0,0.0
CART,time,-1,fixed,C_b01_r10,10,0.01,0.15,150.0,0.0,1.0,0.0
CART,time,-1,fixed,C_b01_r20,20,0.01,0.02,40.0,0.0,1.0,0.0
CART,time,-1,fixed,C_b01_r20,20,0.01,0.05,100.0,0.0,1.0,0.0
CART,time,-1,fixed,C_b01_r20,20,0.01,0.1,200.0,0.0,1.0,0.0
CART,time,-1,fixed,C_b01_r20,20,0.01,0.15,300.0,0.0,1.0,0.0
CART,time,-1,fixed,C_b01_r50,50,0.01,0.02,100.0,0.0,1.0,0.0
CART,time,-1,fixed,C_b01_r50,50,0.01,0.05,250.0,0.0,1.0,0.0
CART,time,-1,fixed,C_b01_r50,50,0.01,0.1,500.0,0.0,1.0,0.0
CART,time,-1,fixed,C_b01_r50,50,0.01,0.15,750.0,0.0,1.0,0.0
CART,time,-1,fixed,C_b05_r05,5,0.05,0.02,10.049620253164559,0.0004962025316455696,1.0,0.0005063291139240507
CART,time,-1,fixed,C_b05_r05,5,0.05,0.05,25.048101265822787,0.0004810126582278481,1.0,0.0005063291139240507
CART,time,-1,fixed,C_b05_r05,5,0.05,0.1,50.04556962025316,0.0004556962025316456,1.0,0.0005063291139240507
CART,time,-1,fixed,C_b05_r05,5,0.05,0.15,75.04303797468354,0.00043037974683544304,1.0,0.0005063291139240507
CART,time,-1,fixed,C_b05_r10,10,0.05,0.02,21.211714614499428,0.014617146144994245,0.9886363636363636,0.014683544303797468
CART,time,-1,fixed,C_b05_r10,10,0.05,0.05,50.82675489067894,0.014517548906789413,0.9886363636363636,0.014683544303797468
CART,time,-1,fixed,C_b05_r10,10,0.05,0.1,100.18515535097814,0.014351553509781356,0.9886363636363636,0.014683544303797468
CART,time,-1,fixed,C_b05_r10,10,0.05,0.15,149.54355581127732,0.0141855581127733,0.9886363636363636,0.014683544303797468
CART,time,-1,fixed,C_b05_r20,20,0.05,0.02,40.9844418872267,0.014617146144994245,0.9886363636363636,0.014683544303797468
CART,time,-1,fixed,C_b05_r20,20,0.05,0.05,100.25857307249713,0.014517548906789413,0.9886363636363636,0.014683544303797468
CART,time,-1,fixed,C_b05_r20,20,0.05,0.1,199.04879171461448,0.014351553509781356,0.9886363636363636,0.014683544303797468
CART,time,-1,fixed,C_b05_r20,20,0.05,0.15,297.8390103567319,0.0141855581127733,0.9886363636363636,0.014683544303797468
CART,time,-1,fixed,C_b05_r50,50,0.05,0.02,100.30262370540852,0.014617146144994245,0.9886363636363636,0.014683544303797468
CART,time,-1,fixed,C_b05_r50,50,0.05,0.05,248.5540276179517,0.014517548906789413,0.9886363636363636,0.014683544303797468
CART,time,-1,fixed,C_b05_r50,50,0.05,0.1,495.63970080552366,0.014351553509781356,0.9886363636363636,0.014683544303797468
CART,time,-1,fixed,C_b05_r50,50,0.05,0.15,742.7253739930956,0.0141855581127733,0.9886363636363636,0.014683544303797468
CART,time,-1,fixed,C_b10_r05,5,0.1,0.02,10.049620253164559,0.0004962025316455696,1.0,0.0005063291139240507
CART,time,-1,fixed,C_b10_r05,5,0.1,0.05,25.048101265822787,0.0004810126582278481,1.0,0.0005063291139240507
CART,time,-1,fixed,C_b10_r05,5,0.1,0.1,50.04556962025316,0.0004556962025316456,1.0,0.0005063291139240507
CART,time,-1,fixed,C_b10_r05,5,0.1,0.15,75.04303797468354,0.00043037974683544304,1.0,0.0005063291139240507
CART,time,-1,fixed,C_b10_r10,10,0.1,0.02,21.968883774453396,0.029688837744533944,0.9545454545454546,0.029367088607594936
CART,time,-1,fixed,C_b10_r10,10,0.1,0.05,50.51714614499425,0.03017146144994246,0.9545454545454546,0.029367088607594936
CART,time,-1,fixed,C_b10_r10,10,0.1,0.1,98.097583429229,0.030975834292289985,0.9545454545454546,0.029367088607594936
CART,time,-1,fixed,C_b10_r10,10,0.1,0.15,145.67802071346375,0.03178020713463751,0.9545454545454546,0.029367088607594936
CART,time,-1,fixed,C_b10_r20,20,0.1,0.02,41.05979286536249,0.029688837744533944,0.9545454545454546,0.029367088607594936
CART,time,-1,fixed,C_b10_r20,20,0.1,0.05,98.24441887226698,0.03017146144994246,0.9545454545454546,0.029367088607594936
CART,time,-1,fixed,C_b10_r20,20,0.1,0.1,193.55212888377446,0.030975834292289985,0.9545454545454546,0.029367088607594936
CART,time,-1,fixed,C_b10_r20,20,0.1,0.15,288.85983889528194,0.03178020713463751,0.9545454545454546,0.029367088607594936
CART,time,-1,fixed,C_b10_r50,50,0.1,0.02,96.31769850402762,0.055904257767548905,0.9090909090909091,0.05518987341772152
CART,time,-1,fixed,C_b10_r50,50,0.1,0.05,232.5157652474108,0.05697583429228999,0.9090909090909091,0.05518987341772152
CART,time,-1,fixed,C_b10_r50,50,0.1,0.1,459.5125431530494,0.05876179516685846,0.9090909090909091,0.05518987341772152
CART,time,-1,fixed,C_b10_r50,50,0.1,0.15,686.5093210586882,0.06054775604142693,0.9090909090909091,0.05518987341772152
CART,time,-1,fixed,C_b20_r05,5,0.2,0.02,10.96361334867664,0.012363406214039125,0.9772727272727273,0.012151898734177215
CART,time,-1,fixed,C_b20_r05,5,0.2,0.05,25.586248561565018,0.012680667433831989,0.9772727272727273,0.012151898734177215
CART,time,-1,fixed,C_b20_r05,5,0.2,0.1,49.957307249712315,0.013209436133486765,0.9772727272727273,0.012151898734177215
CART,time,-1,fixed,C_b20_r05,5,0.2,0.15,74.32836593785962,0.013738204833141539,0.9772727272727273,0.012151898734177215
CART,time,-1,fixed,C_b20_r10,10,0.2,0.02,22.71318757192175,0.03713187571921749,0.9545454545454546,0.0369620253164557
CART,time,-1,fixed,C_b20_r10,10,0.2,0.05,51.238665132336024,0.037386651323360186,0.9545454545454546,0.0369620253164557
CART,time,-1,fixed,C_b20_r10,10,0.2,0.1,98.78112773302648,0.03781127733026467,0.9545454545454546,0.0369620253164557
CART,time,-1,fixed,C_b20_r10,10,0.2,0.15,146.3235903337169,0.038235903337169155,0.9545454545454546,0.0369620253164557
CART,time,-1,fixed,C_b20_r20,20,0.2,0.02,41.82186421173763,0.056400460299194474,0.9090909090909091,0.05569620253164557
CART,time,-1,fixed,C_b20_r20,20,0.2,0.05,96.20023014959723,0.05745684695051784,0.9090909090909091,0.05569620253164557
CART,time,-1,fixed,C_b20_r20,20,0.2,0.1,186.83084004602992,0.059217491369390106,0.9090909090909091,0.05569620253164557
CART,time,-1,fixed,C_b20_r20,20,0.2,0.15,277.4614499424626,0.060978135788262375,0.9090909090909091,0.05569620253164557
CART,time,-1,fixed,C_b20_r50,50,0.2,0.02,94.35249712313004,0.08261588032220944,0.8636363636363636,0.08151898734177215
CART,time,-1,fixed,C_b20_r50,50,0.2,0.05,223.65339470655928,0.08426121979286537,0.8636363636363636,0.08151898734177215
CART,time,-1,fixed,C_b20_r50,50,0.2,0.1,439.15489067894134,0.08700345224395858,0.8636363636363636,0.08151898734177215
CART,time,-1,fixed,C_b20_r50,50,0.2,0.15,654.6563866513234,0.08974568469505177,0.8636363636363636,0.08151898734177215
CART,time,-1,fixed,TopK_b01,5,0.01,0.02,10.665891829689299,0.009386191024165708,0.9772727272727273,0.009113924050632912
CART,time,-1,fixed,TopK_b01,5,0.01,0.05,25.29764096662831,0.0097945914844649,0.9772727272727273,0.009113924050632912
CART,time,-1,fixed,TopK_b01,5,0.01,0.1,49.683889528193326,0.010475258918296891,0.9772727272727273,0.009113924050632912
CART,time,-1,fixed,TopK_b01,5,0.01,0.15,74.07013808975834,0.011155926352128882,0.9772727272727273,0.009113924050632912
CART,time,-1,fixed,TopK_b01,10,0.01,0.02,20.43861910241657,0.009386191024165708,0.9772727272727273,0.009113924050632912
CART,time,-1,fixed,TopK_b01,10,0.01,0.05,49.729459148446495,0.0097945914844649,0.9772727272727273,0.009113924050632912
CART,time,-1,fixed,TopK_b01,10,0.01,0.1,98.5475258918297,0.010475258918296891,0.9772727272727273,0.009113924050632912
CART,time,-1,fixed,TopK_b01,10,0.01,0.15,147.36559263521286,0.011155926352128882,0.9772727272727273,0.009113924050632912
CART,time,-1,fixed,TopK_b01,20,0.01,0.02,39.984073647871114,0.009386191024165708,0.9772727272727273,0.009113924050632912
CART,time,-1,fixed,TopK_b01,20,0.01,0.05,98.59309551208285,0.0097945914844649,0.9772727272727273,0.009113924050632912
CART,time,-1,fixed,TopK_b01,20,0.01,0.1,196.27479861910243,0.010475258918296891,0.9772727272727273,0.009113924050632912
CART,time,-1,fixed,TopK_b01,20,0.01,0.15,293.9565017261219,0.011155926352128882,0.9772727272727273,0.009113924050632912
CART,time,-1,fixed,TopK_b01,50,0.01,0.02,98.62043728423475,0.009386191024165708,0.9772727272727273,0.009113924050632912
CART,time,-1,fixed,TopK_b01,50,0.01,0.05,245.18400460299196,0.0097945914844649,0.9772727272727273,0.009113924050632912
CART,time,-1,fixed,TopK_b01,50,0.01,0.1,489.4566168009207,0.010475258918296891,0.9772727272727273,0.009113924050632912
CART,time,-1,fixed,TopK_b01,50,0.01,0.15,733.7292289988493,0.011155926352128882,0.9772727272727273,0.009113924050632912
CART,time,-1,fixed,TopK_b05,5,0.05,0.02,14.145742232451095,0.048275604142692746,0.9431818181818182,0.04810126582278481
CART,time,-1,fixed,TopK_b05,5,0.05,0.05,28.14916570771001,0.048537111622554654,0.9431818181818182,0.04810126582278481
CART,time,-1,fixed,TopK_b05,5,0.05,0.1,51.48820483314155,0.048972957422324506,0.9431818181818182,0.04810126582278481
CART,time,-1,fixed,TopK_b05,5,0.05,0.15,74.82724395857308,0.04940880322209435,0.9431818181818182,0.04810126582278481
CART,time,-1,fixed,TopK_b05,10,0.05,0.02,23.57756041426928,0.048275604142692746,0.9431818181818182,0.04810126582278481
CART,time,-1,fixed,TopK_b05,10,0.05,0.05,51.72871116225547,0.048537111622554654,0.9431818181818182,0.04810126582278481
CART,time,-1,fixed,TopK_b05,10,0.05,0.1,98.64729574223246,0.048972957422324506,0.9431818181818182,0.04810126582278481
CART,time,-1,fixed,TopK_b05,10,0.05,0.15,145.56588032220944,0.04940880322209435,0.9431818181818182,0.04810126582278481
CART,time,-1,fixed,TopK_b05,20,0.05,0.02,42.441196777905645,0.048275604142692746,0.9431818181818182,0.04810126582278481
CART,time,-1,fixed,TopK_b05,20,0.05,0.05,98.88780207134637,0.048537111622554654,0.9431818181818182,0.04810126582278481
CART,time,-1,fixed,TopK_b05,20,0.05,0.1,192.96547756041429,0.048972957422324506,0.9431818181818182,0.04810126582278481
CART,time,-1,fixed,TopK_b05,20,0.05,0.15,287.04315304948216,0.04940880322209435,0.9431818181818182,0.04810126582278481
CART,time,-1,fixed,TopK_b05,50,0.05,0.02,99.03210586881474,0.048275604142692746,0.9431818181818182,0.04810126582278481
CART,time,-1,fixed,TopK_b05,50,0.05,0.05,240.3650747986191,0.048537111622554654,0.9431818181818182,0.04810126582278481
CART,time,-1,fixed,TopK_b05,50,0.05,0.1,475.9200230149597,0.048972957422324506,0.9431818181818182,0.04810126582278481
CART,time,-1,fixed,TopK_b05,50,0.05,0.15,711.4749712313004,0.04940880322209435,0.9431818181818182,0.04810126582278481
CART,time,-1,fixed,TopK_b10,5,0.1,0.02,18.489965477560418,0.09853601841196778,0.8863636363636364,0.09822784810126582
CART,time,-1,fixed,TopK_b10,5,0.1,0.05,31.490736478711163,0.09899827387802071,0.8863636363636364,0.09822784810126582
CART,time,-1,fixed,TopK_b10,5,0.1,0.1,53.15868814729574,0.09976869965477561,0.8863636363636364,0.09822784810126582
CART,time,-1,fixed,TopK_b10,5,0.1,0.15,74.82663981588033,0.10053912543153048,0.8863636363636364,0.09822784810126582
CART,time,-1,fixed,TopK_b10,10,0.1,0.02,27.353601841196777,0.09853601841196778,0.8863636363636364,0.09822784810126582
CART,time,-1,fixed,TopK_b10,10,0.1,0.05,53.64982738780208,0.09899827387802071,0.8863636363636364,0.09822784810126582
CART,time,-1,fixed,TopK_b10,10,0.1,0.1,97.47686996547756,0.09976869965477561,0.8863636363636364,0.09822784810126582
CART,time,-1,fixed,TopK_b10,10,0.1,0.15,141.30391254315305,0.10053912543153048,0.8863636363636364,0.09822784810126582
CART,time,-1,fixed,TopK_b10,20,0.1,0.02,45.08087456846951,0.09853601841196778,0.8863636363636364,0.09822784810126582
CART,time,-1,fixed,TopK_b10,20,0.1,0.05,97.96800920598389,0.09899827387802071,0.8863636363636364,0.09822784810126582
CART,time,-1,fixed,TopK_b10,20,0.1,0.1,186.1132336018412,0.09976869965477561,0.8863636363636364,0.09822784810126582
CART,time,-1,fixed,TopK_b10,20,0.1,0.15,274.2584579976985,0.10053912543153048,0.8863636363636364,0.09822784810126582
CART,time,-1,fixed,TopK_b10,50,0.1,0.02,98.26269275028768,0.09853601841196778,0.8863636363636364,0.09822784810126582
CART,time,-1,fixed,TopK_b10,50,0.1,0.05,230.92255466052936,0.09899827387802071,0.8863636363636364,0.09822784810126582
CART,time,-1,fixed,TopK_b10,50,0.1,0.1,452.0223245109321,0.09976869965477561,0.8863636363636364,0.09822784810126582
CART,time,-1,fixed,TopK_b10,50,0.1,0.15,673.1220943613349,0.10053912543153048,0.8863636363636364,0.09822784810126582
CART,time,-1,fixed,TopK_b20,5,0.2,0.02,26.035615650172613,0.19717433831990794,0.6931818181818182,0.1949367088607595
CART,time,-1,fixed,TopK_b20,5,0.2,0.05,35.84853279631761,0.20053078250863063,0.6931818181818182,0.1949367088607595
CART,time,-1,fixed,TopK_b20,5,0.2,0.1,52.20339470655927,0.20612485615650172,0.6931818181818182,0.1949367088607595
CART,time,-1,fixed,TopK_b20,5,0.2,0.15,68.55825661680093,0.21171892980437285,0.6931818181818182,0.1949367088607595
CART,time,-1,fixed,TopK_b20,10,0.2,0.02,32.967433831990796,0.19717433831990794,0.6931818181818182,0.1949367088607595
CART,time,-1,fixed,TopK_b20,10,0.2,0.05,53.17807825086307,0.20053078250863063,0.6931818181818182,0.1949367088607595
CART,time,-1,fixed,TopK_b20,10,0.2,0.1,86.86248561565017,0.20612485615650172,0.6931818181818182,0.1949367088607595
CART,time,-1,fixed,TopK_b20,10,0.2,0.15,120.54689298043728,0.21171892980437285,0.6931818181818182,0.1949367088607595
CART,time,-1,fixed,TopK_b20,20,0.2,0.02,46.831070195627156,0.19717433831990794,0.6931818181818182,0.1949367088607595
CART,time,-1,fixed,TopK_b20,20,0.2,0.05,87.83716915995397,0.20053078250863063,0.6931818181818182,0.1949367088607595
CART,time,-1,fixed,TopK_b20,20,0.2,0.1,156.180667433832,0.20612485615650172,0.6931818181818182,0.1949367088607595
CART,time,-1,fixed,TopK_b20,20,0.2,0.15,224.52416570771004,0.21171892980437285,0.6931818181818182,0.1949367088607595
CART,time,-1,fixed,TopK_b20,50,0.2,0.02,88.42197928653626,0.19717433831990794,0.6931818181818182,0.1949367088607595
CART,time,-1,fixed,TopK_b20,50,0.2,0.05,191.8144418872267,0.20053078250863063,0.6931818181818182,0.1949367088607595
CART,time,-1,fixed,TopK_b20,50,0.2,0.1,364.13521288837745,0.20612485615650172,0.6931818181818182,0.1949367088607595
CART,time,-1,fixed,TopK_b20,50,0.2,0.15,536.4559838895282,0.21171892980437285,0.6931818181818182,0.1949367088607595
CART,time,-1,refitted,none,5,,0.02,10.0,0.0,1.0,0.0
CART,time,-1,refitted,none,5,,0.05,25.0,0.0,1.0,0.0
CART,time,-1,refitted,none,5,,0.1,50.0,0.0,1.0,0.0
CART,time,-1,refitted,none,5,,0.15,75.0,0.0,1.0,0.0
CART,time,-1,refitted,none,10,,0.02,20.0,0.0,1.0,0.0
CART,time,-1,refitted,none,10,,0.05,50.0,0.0,1.0,0.0
CART,time,-1,refitted,none,10,,0.1,100.0,0.0,1.0,0.0
CART,time,-1,refitted,none,10,,0.15,150.0,0.0,1.0,0.0
CART,time,-1,refitted,none,20,,0.02,40.0,0.0,1.0,0.0
CART,time,-1,refitted,none,20,,0.05,100.0,0.0,1.0,0.0
CART,time,-1,refitted,none,20,,0.1,200.0,0.0,1.0,0.0
CART,time,-1,refitted,none,20,,0.15,300.0,0.0,1.0,0.0
CART,time,-1,refitted,none,50,,0.02,100.0,0.0,1.0,0.0
CART,time,-1,refitted,none,50,,0.05,250.0,0.0,1.0,0.0
CART,time,-1,refitted,none,50,,0.1,500.0,0.0,1.0,0.0
CART,time,-1,refitted,none,50,,0.15,750.0,0.0,1.0,0.0
CART,time,-1,refitted,A_b01,5,0.01,0.02,11.013233601841197,0.012859608745684694,0.9772727272727273,0.012658227848101266
CART,time,-1,refitted,A_b01,5,0.01,0.05,25.634349827387805,0.013161680092059837,0.9772727272727273,0.012658227848101266
CART,time,-1,refitted,A_b01,5,0.01,0.1,50.002876869965476,0.013665132336018411,0.9772727272727273,0.012658227848101266
CART,time,-1,refitted,A_b01,5,0.01,0.15,74.37140391254314,0.014168584579976981,0.9772727272727273,0.012658227848101266
CART,time,-1,refitted,A_b01,10,0.01,0.02,20.78596087456847,0.012859608745684694,0.9772727272727273,0.012658227848101266
CART,time,-1,refitted,A_b01,10,0.01,0.05,50.06616800920598,0.013161680092059837,0.9772727272727273,0.012658227848101266
CART,time,-1,refitted,A_b01,10,0.01,0.1,98.86651323360184,0.013665132336018411,0.9772727272727273,0.012658227848101266
CART,time,-1,refitted,A_b01,10,0.01,0.15,147.6668584579977,0.014168584579976981,0.9772727272727273,0.012658227848101266
CART,time,-1,refitted,A_b01,20,0.01,0.02,40.33141542002301,0.012859608745684694,0.9772727272727273,0.012658227848101266
CART,time,-1,refitted,A_b01,20,0.01,0.05,98.92980437284234,0.013161680092059837,0.9772727272727273,0.012658227848101266
CART,time,-1,refitted,A_b01,20,0.01,0.1,196.59378596087458,0.013665132336018411,0.9772727272727273,0.012658227848101266
CART,time,-1,refitted,A_b01,20,0.01,0.15,294.25776754890677,0.014168584579976981,0.9772727272727273,0.012658227848101266
CART,time,-1,refitted,A_b01,50,0.01,0.02,98.96777905638665,0.012859608745684694,0.9772727272727273,0.012658227848101266
CART,time,-1,refitted,A_b01,50,0.01,0.05,245.52071346375146,0.013161680092059837,0.9772727272727273,0.012658227848101266
CART,time,-1,refitted,A_b01,50,0.01,0.1,489.77560414269277,0.013665132336018411,0.9772727272727273,0.012658227848101266
CART,time,-1,refitted,A_b01,50,0.01,0.15,734.0304948216341,0.014168584579976981,0.9772727272727273,0.012658227848101266
CART,time,-1,refitted,A_b05,5,0.05,0.02,13.380609896432683,0.0378970080552359,0.9659090909090909,0.0379746835443038
CART,time,-1,refitted,A_b05,5,0.05,0.05,27.755322209436134,0.03778049482163406,0.9659090909090909,0.0379746835443038
CART,time,-1,refitted,A_b05,5,0.05,0.1,51.71317606444189,0.03758630609896432,0.9659090909090909,0.0379746835443038
CART,time,-1,refitted,A_b05,5,0.05,0.15,75.67102991944765,0.03739211737629459,0.9659090909090909,0.0379746835443038
CART,time,-1,refitted,A_b05,10,0.05,0.02,23.039700805523594,0.0378970080552359,0.9659090909090909,0.0379746835443038
CART,time,-1,refitted,A_b05,10,0.05,0.05,51.90304948216341,0.03778049482163406,0.9659090909090909,0.0379746835443038
CART,time,-1,refitted,A_b05,10,0.05,0.1,100.00863060989644,0.03758630609896432,0.9659090909090909,0.0379746835443038
CART,time,-1,refitted,A_b05,10,0.05,0.15,148.11421173762946,0.03739211737629459,0.9659090909090909,0.0379746835443038
CART,time,-1,refitted,A_b05,20,0.05,0.02,42.357882623705414,0.0378970080552359,0.9659090909090909,0.0379746835443038
CART,time,-1,refitted,A_b05,20,0.05,0.05,100.19850402761796,0.03778049482163406,0.9659090909090909,0.0379746835443038
CART,time,-1,refitted,A_b05,20,0.05,0.1,196.59953970080554,0.03758630609896432,0.9659090909090909,0.0379746835443038
CART,time,-1,refitted,A_b05,20,0.05,0.15,293.0005753739931,0.03739211737629459,0.9659090909090909,0.0379746835443038
CART,time,-1,refitted,A_b05,50,0.05,0.02,100.31242807825087,0.0378970080552359,0.9659090909090909,0.0379746835443038
CART,time,-1,refitted,A_b05,50,0.05,0.05,245.08486766398164,0.03778049482163406,0.9659090909090909,0.0379746835443038
CART,time,-1,refitted,A_b05,50,0.05,0.1,486.3722669735329,0.03758630609896432,0.9659090909090909,0.0379746835443038
CART,time,-1,refitted,A_b05,50,0.05,0.15,727.659666283084,0.03739211737629459,0.9659090909090909,0.0379746835443038
CART,time,-1,refitted,A_b10,5,0.1,0.02,16.186605293440735,0.07277514384349827,0.9090909090909091,0.07240506329113924
CART,time,-1,refitted,A_b10,5,0.1,0.05,29.60575373993095,0.07333026467203682,0.9090909090909091,0.07240506329113924
CART,time,-1,refitted,A_b10,5,0.1,0.1,51.97100115074799,0.07425546605293441,0.9090909090909091,0.07240506329113924
CART,time,-1,refitted,A_b10,5,0.1,0.15,74.33624856156501,0.075180667433832,0.9090909090909091,0.07240506329113924
CART,time,-1,refitted,A_b10,10,0.1,0.02,25.277514384349832,0.07277514384349827,0.9090909090909091,0.07240506329113924
CART,time,-1,refitted,A_b10,10,0.1,0.05,52.33302646720368,0.07333026467203682,0.9090909090909091,0.07240506329113924
CART,time,-1,refitted,A_b10,10,0.1,0.1,97.42554660529343,0.07425546605293441,0.9090909090909091,0.07240506329113924
CART,time,-1,refitted,A_b10,10,0.1,0.15,142.5180667433832,0.075180667433832,0.9090909090909091,0.07240506329113924
CART,time,-1,refitted,A_b10,20,0.1,0.02,43.45933256616801,0.07277514384349827,0.9090909090909091,0.07240506329113924
CART,time,-1,refitted,A_b10,20,0.1,0.05,97.78757192174913,0.07333026467203682,0.9090909090909091,0.07240506329113924
CART,time,-1,refitted,A_b10,20,0.1,0.1,188.33463751438435,0.07425546605293441,0.9090909090909091,0.07240506329113924
CART,time,-1,refitted,A_b10,20,0.1,0.15,278.8817031070196,0.075180667433832,0.9090909090909091,0.07240506329113924
CART,time,-1,refitted,A_b10,50,0.1,0.02,98.00478711162255,0.07277514384349827,0.9090909090909091,0.07240506329113924
CART,time,-1,refitted,A_b10,50,0.1,0.05,234.15120828538548,0.07333026467203682,0.9090909090909091,0.07240506329113924
CART,time,-1,refitted,A_b10,50,0.1,0.1,461.061910241657,0.07425546605293441,0.9090909090909091,0.07240506329113924
CART,time,-1,refitted,A_b10,50,0.1,0.15,687.9726121979287,0.075180667433832,0.9090909090909091,0.07240506329113924
CART,time,-1,refitted,A_b20,5,0.2,0.02,26.49812428078251,0.190890333716916,0.7840909090909091,0.19037974683544304
CART,time,-1,refitted,A_b20,5,0.2,0.05,37.68834867663982,0.19165621403912542,0.7840909090909091,0.19037974683544304
CART,time,-1,refitted,A_b20,5,0.2,0.1,56.33872266973533,0.19293268124280785,0.7840909090909091,0.19037974683544304
CART,time,-1,refitted,A_b20,5,0.2,0.15,74.98909666283083,0.1942091484464902,0.7840909090909091,0.19037974683544304
CART,time,-1,refitted,A_b20,10,0.2,0.02,34.3390333716916,0.190890333716916,0.7840909090909091,0.19037974683544304
CART,time,-1,refitted,A_b20,10,0.2,0.05,57.290621403912546,0.19165621403912542,0.7840909090909091,0.19037974683544304
CART,time,-1,refitted,A_b20,10,0.2,0.1,95.54326812428077,0.19293268124280785,0.7840909090909091,0.19037974683544304
CART,time,-1,refitted,A_b20,10,0.2,0.15,133.79591484464902,0.1942091484464902,0.7840909090909091,0.19037974683544304
CART,time,-1,refitted,A_b20,20,0.2,0.02,50.02085155350978,0.190890333716916,0.7840909090909091,0.19037974683544304
CART,time,-1,refitted,A_b20,20,0.2,0.05,96.49516685845799,0.19165621403912542,0.7840909090909091,0.19037974683544304
CART,time,-1,refitted,A_b20,20,0.2,0.1,173.9523590333717,0.19293268124280785,0.7840909090909091,0.19037974683544304
CART,time,-1,refitted,A_b20,20,0.2,0.15,251.40955120828536,0.1942091484464902,0.7840909090909091,0.19037974683544304
CART,time,-1,refitted,A_b20,50,0.2,0.02,97.06630609896432,0.190890333716916,0.7840909090909091,0.19037974683544304
CART,time,-1,refitted,A_b20,50,0.2,0.05,214.10880322209437,0.19165621403912542,0.7840909090909091,0.19037974683544304
CART,time,-1,refitted,A_b20,50,0.2,0.1,409.1796317606444,0.19293268124280785,0.7840909090909091,0.19037974683544304
CART,time,-1,refitted,A_b20,50,0.2,0.15,604.2504602991945,0.1942091484464902,0.7840909090909091,0.19037974683544304
CART,time,-1,refitted,B_r05,5,,0.02,13.42716915995397,0.05745350978135788,0.8068181818181818,0.05468354430379747
CART,time,-1,refitted,B_r05,5,,0.05,25.365391254315306,0.0616084579976985,0.8068181818181818,0.05468354430379747
CART,time,-1,refitted,B_r05,5,,0.1,45.26242807825086,0.06853337169159954,0.8068181818181818,0.05468354430379747
CART,time,-1,refitted,B_r05,5,,0.15,65.15946490218641,0.07545828538550058,0.8068181818181818,0.05468354430379747
CART,time,-1,refitted,B_r10,10,,0.02,36.83965477560414,0.2658965477560414,0.5568181818181818,0.2622784810126582
CART,time,-1,refitted,B_r10,10,,0.05,52.75736478711161,0.27132364787111624,0.5568181818181818,0.2622784810126582
CART,time,-1,refitted,B_r10,10,,0.1,79.28688147295742,0.2803688147295742,0.5568181818181818,0.2622784810126582
CART,time,-1,refitted,B_r10,10,,0.15,105.81639815880321,0.2894139815880322,0.5568181818181818,0.2622784810126582
CART,time,-1,refitted,B_r20,20,,0.02,53.22352128883774,0.38518975834292285,0.3977272727272727,0.3807594936708861
CART,time,-1,refitted,B_r20,20,,0.05,75.94487917146144,0.39183515535097807,0.3977272727272727,0.3807594936708861
CART,time,-1,refitted,B_r20,20,,0.1,113.81380897583429,0.40291081703107023,0.3977272727272727,0.3807594936708861
CART,time,-1,refitted,B_r20,20,,0.15,151.68273878020713,0.41398647871116223,0.3977272727272727,0.3807594936708861
CART,time,-1,refitted,B_r50,50,,0.02,82.59440736478712,0.5561713463751438,0.2840909090909091,0.5529113924050633
CART,time,-1,refitted,B_r50,50,,0.05,123.54930955120828,0.5610612773302646,0.2840909090909091,0.5529113924050633
CART,time,-1,refitted,B_r50,50,,0.1,191.80747986191028,0.569211162255466,0.2840909090909091,0.5529113924050633
CART,time,-1,refitted,B_r50,50,,0.15,260.0656501726122,0.5773610471806674,0.2840909090909091,0.5529113924050633
CART,time,-1,refitted,C_b01_r05,5,0.01,0.02,10.0,0.0,1.0,0.0
CART,time,-1,refitted,C_b01_r05,5,0.01,0.05,25.0,0.0,1.0,0.0
CART,time,-1,refitted,C_b01_r05,5,0.01,0.1,50.0,0.0,1.0,0.0
CART,time,-1,refitted,C_b01_r05,5,0.01,0.15,75.0,0.0,1.0,0.0
CART,time,-1,refitted,C_b01_r10,10,0.01,0.02,20.0,0.0,1.0,0.0
CART,time,-1,refitted,C_b01_r10,10,0.01,0.05,50.0,0.0,1.0,0.0
CART,time,-1,refitted,C_b01_r10,10,0.01,0.1,100.0,0.0,1.0,0.0
CART,time,-1,refitted,C_b01_r10,10,0.01,0.15,150.0,0.0,1.0,0.0
CART,time,-1,refitted,C_b01_r20,20,0.01,0.02,40.0,0.0,1.0,0.0
CART,time,-1,refitted,C_b01_r20,20,0.01,0.05,100.0,0.0,1.0,0.0
CART,time,-1,refitted,C_b01_r20,20,0.01,0.1,200.0,0.0,1.0,0.0
CART,time,-1,refitted,C_b01_r20,20,0.01,0.15,300.0,0.0,1.0,0.0
CART,time,-1,refitted,C_b01_r50,50,0.01,0.02,100.0,0.0,1.0,0.0
CART,time,-1,refitted,C_b01_r50,50,0.01,0.05,250.0,0.0,1.0,0.0
CART,time,-1,refitted,C_b01_r50,50,0.01,0.1,500.0,0.0,1.0,0.0
CART,time,-1,refitted,C_b01_r50,50,0.01,0.15,750.0,0.0,1.0,0.0
CART,time,-1,refitted,C_b05_r05,5,0.05,0.02,10.049620253164559,0.0004962025316455696,1.0,0.0005063291139240507
CART,time,-1,refitted,C_b05_r05,5,0.05,0.05,25.048101265822787,0.0004810126582278481,1.0,0.0005063291139240507
CART,time,-1,refitted,C_b05_r05,5,0.05,0.1,50.04556962025316,0.0004556962025316456,1.0,0.0005063291139240507
CART,time,-1,refitted,C_b05_r05,5,0.05,0.15,75.04303797468354,0.00043037974683544304,1.0,0.0005063291139240507
CART,time,-1,refitted,C_b05_r10,10,0.05,0.02,20.85640966628309,0.016064096662830842,0.9659090909090909,0.01569620253164557
CART,time,-1,refitted,C_b05_r10,10,0.05,0.05,49.786593785960875,0.016615937859608743,0.9659090909090909,0.01569620253164557
CART,time,-1,refitted,C_b05_r10,10,0.05,0.1,98.00356731875719,0.01753567318757192,0.9659090909090909,0.01569620253164557
CART,time,-1,refitted,C_b05_r10,10,0.05,0.15,146.22054085155352,0.018455408515535093,0.9659090909090909,0.01569620253164557
CART,time,-1,refitted,C_b05_r20,20,0.05,0.02,40.174591484464905,0.016064096662830842,0.9659090909090909,0.01569620253164557
CART,time,-1,refitted,C_b05_r20,20,0.05,0.05,98.08204833141542,0.016615937859608743,0.9659090909090909,0.01569620253164557
CART,time,-1,refitted,C_b05_r20,20,0.05,0.1,194.5944764096663,0.01753567318757192,0.9659090909090909,0.01569620253164557
CART,time,-1,refitted,C_b05_r20,20,0.05,0.15,291.1069044879172,0.018455408515535093,0.9659090909090909,0.01569620253164557
CART,time,-1,refitted,C_b05_r50,50,0.05,0.02,98.12913693901037,0.016064096662830842,0.9659090909090909,0.01569620253164557
CART,time,-1,refitted,C_b05_r50,50,0.05,0.05,242.96841196777908,0.016615937859608743,0.9659090909090909,0.01569620253164557
CART,time,-1,refitted,C_b05_r50,50,0.05,0.1,484.36720368239355,0.01753567318757192,0.9659090909090909,0.01569620253164557
CART,time,-1,refitted,C_b05_r50,50,0.05,0.15,725.765995397008,0.018455408515535093,0.9659090909090909,0.01569620253164557
CART,time,-1,refitted,C_b10_r05,5,0.1,0.02,10.049620253164559,0.0004962025316455696,1.0,0.0005063291139240507
CART,time,-1,refitted,C_b10_r05,5,0.1,0.05,25.048101265822787,0.0004810126582278481,1.0,0.0005063291139240507
CART,time,-1,refitted,C_b10_r05,5,0.1,0.1,50.04556962025316,0.0004556962025316456,1.0,0.0005063291139240507
CART,time,-1,refitted,C_b10_r05,5,0.1,0.15,75.04303797468354,0.00043037974683544304,1.0,0.0005063291139240507
CART,time,-1,refitted,C_b10_r10,10,0.1,0.02,21.253371691599543,0.020033716915995398,0.9659090909090909,0.019746835443037975
CART,time,-1,refitted,C_b10_r10,10,0.1,0.05,50.171403912543155,0.020464039125431526,0.9659090909090909,0.019746835443037975
CART,time,-1,refitted,C_b10_r10,10,0.1,0.1,98.36812428078251,0.021181242807825084,0.9659090909090909,0.019746835443037975
CART,time,-1,refitted,C_b10_r10,10,0.1,0.15,146.56484464902186,0.02189844649021864,0.9659090909090909,0.019746835443037975
CART,time,-1,refitted,C_b10_r20,20,0.1,0.02,40.57155350978136,0.020033716915995398,0.9659090909090909,0.019746835443037975
CART,time,-1,refitted,C_b10_r20,20,0.1,0.05,98.4668584579977,0.020464039125431526,0.9659090909090909,0.019746835443037975
CART,time,-1,refitted,C_b10_r20,20,0.1,0.1,194.9590333716916,0.021181242807825084,0.9659090909090909,0.019746835443037975
CART,time,-1,refitted,C_b10_r20,20,0.1,0.15,291.4512082853855,0.02189844649021864,0.9659090909090909,0.019746835443037975
CART,time,-1,refitted,C_b10_r50,50,0.1,0.02,97.6923590333717,0.03487813578826237,0.9431818181818182,0.034430379746835445
CART,time,-1,refitted,C_b10_r50,50,0.1,0.05,239.06634062140392,0.03554976985040276,0.9431818181818182,0.034430379746835445
CART,time,-1,refitted,C_b10_r50,50,0.1,0.1,474.68964326812426,0.036669159953970076,0.9431818181818182,0.034430379746835445
CART,time,-1,refitted,C_b10_r50,50,0.1,0.15,710.3129459148446,0.037788550057537396,0.9431818181818182,0.034430379746835445
CART,time,-1,refitted,C_b20_r05,5,0.2,0.02,10.198481012658227,0.0019848101265822786,1.0,0.0020253164556962027
CART,time,-1,refitted,C_b20_r05,5,0.2,0.05,25.19240506329114,0.0019240506329113924,1.0,0.0020253164556962027
CART,time,-1,refitted,C_b20_r05,5,0.2,0.1,50.18227848101265,0.0018227848101265824,1.0,0.0020253164556962027
CART,time,-1,refitted,C_b20_r05,5,0.2,0.15,75.17215189873417,0.0017215189873417721,1.0,0.0020253164556962027
CART,time,-1,refitted,C_b20_r10,10,0.2,0.02,21.402232451093212,0.021522324510932108,0.9659090909090909,0.021265822784810127
CART,time,-1,refitted,C_b20_r10,10,0.2,0.05,50.3157077100115,0.02190707710011507,0.9659090909090909,0.021265822784810127
CART,time,-1,refitted,C_b20_r10,10,0.2,0.1,98.50483314154201,0.022548331415420023,0.9659090909090909,0.021265822784810127
CART,time,-1,refitted,C_b20_r10,10,0.2,0.15,146.6939585730725,0.023189585730724965,0.9659090909090909,0.021265822784810127
CART,time,-1,refitted,C_b20_r20,20,0.2,0.02,40.99424626006905,0.03857882623705409,0.9318181818181818,0.0379746835443038
CART,time,-1,refitted,C_b20_r20,20,0.2,0.05,96.78941311852704,0.039485040276179516,0.9318181818181818,0.0379746835443038
CART,time,-1,refitted,C_b20_r20,20,0.2,0.1,189.7813578826237,0.04099539700805524,0.9318181818181818,0.0379746835443038
CART,time,-1,refitted,C_b20_r20,20,0.2,0.15,282.77330264672037,0.04250575373993096,0.9318181818181818,0.0379746835443038
CART,time,-1,refitted,C_b20_r50,50,0.2,0.02,96.06959723820484,0.05342324510932105,0.9090909090909091,0.052658227848101265
CART,time,-1,refitted,C_b20_r50,50,0.2,0.05,232.27525891829686,0.05457077100115074,0.9090909090909091,0.052658227848101265
CART,time,-1,refitted,C_b20_r50,50,0.2,0.1,459.28469505178356,0.056483314154200236,0.9090909090909091,0.052658227848101265
CART,time,-1,refitted,C_b20_r50,50,0.2,0.15,686.2941311852704,0.058395857307249714,0.9090909090909091,0.052658227848101265
CART,time,-1,refitted,TopK_b01,5,0.01,0.02,10.829148446490219,0.00965512082853855,0.9886363636363636,0.009620253164556962
CART,time,-1,refitted,TopK_b01,5,0.01,0.05,25.629833141542,0.009707422324510932,0.9886363636363636,0.009620253164556962
CART,time,-1,refitted,TopK_b01,5,0.01,0.1,50.29764096662831,0.0097945914844649,0.9886363636363636,0.009620253164556962
CART,time,-1,refitted,TopK_b01,5,0.01,0.15,74.96544879171462,0.00988176064441887,0.9886363636363636,0.009620253164556962
CART,time,-1,refitted,TopK_b01,10,0.01,0.02,20.715512082853856,0.00965512082853855,0.9886363636363636,0.009620253164556962
CART,time,-1,refitted,TopK_b01,10,0.01,0.05,50.345742232451094,0.009707422324510932,0.9886363636363636,0.009620253164556962
CART,time,-1,refitted,TopK_b01,10,0.01,0.1,99.72945914844648,0.0097945914844649,0.9886363636363636,0.009620253164556962
CART,time,-1,refitted,TopK_b01,10,0.01,0.15,149.1131760644419,0.00988176064441887,0.9886363636363636,0.009620253164556962
CART,time,-1,refitted,TopK_b01,20,0.01,0.02,40.488239355581136,0.00965512082853855,0.9886363636363636,0.009620253164556962
CART,time,-1,refitted,TopK_b01,20,0.01,0.05,99.77756041426927,0.009707422324510932,0.9886363636363636,0.009620253164556962
CART,time,-1,refitted,TopK_b01,20,0.01,0.1,198.59309551208287,0.0097945914844649,0.9886363636363636,0.009620253164556962
CART,time,-1,refitted,TopK_b01,20,0.01,0.15,297.4086306098964,0.00988176064441887,0.9886363636363636,0.009620253164556962
CART,time,-1,refitted,TopK_b01,50,0.01,0.02,99.80642117376294,0.00965512082853855,0.9886363636363636,0.009620253164556962
CART,time,-1,refitted,TopK_b01,50,0.01,0.05,248.07301495972385,0.009707422324510932,0.9886363636363636,0.009620253164556962
CART,time,-1,refitted,TopK_b01,50,0.01,0.1,495.18400460299193,0.0097945914844649,0.9886363636363636,0.009620253164556962
CART,time,-1,refitted,TopK_b01,50,0.01,0.15,742.2949942462601,0.00988176064441887,0.9886363636363636,0.009620253164556962
CART,time,-1,refitted,TopK_b05,5,0.05,0.02,13.982485615650173,0.048006674338319906,0.9318181818181818,0.04759493670886076
CART,time,-1,refitted,TopK_b05,5,0.05,0.05,27.816973532796318,0.048624280782508626,0.9318181818181818,0.04759493670886076
CART,time,-1,refitted,TopK_b05,5,0.05,0.1,50.874453394706556,0.049653624856156514,0.9318181818181818,0.04759493670886076
CART,time,-1,refitted,TopK_b05,5,0.05,0.15,73.9319332566168,0.05068296892980438,0.9318181818181818,0.04759493670886076
CART,time,-1,refitted,TopK_b05,10,0.05,0.02,23.30066743383199,0.048006674338319906,0.9318181818181818,0.04759493670886076
CART,time,-1,refitted,TopK_b05,10,0.05,0.05,51.11242807825086,0.048624280782508626,0.9318181818181818,0.04759493670886076
CART,time,-1,refitted,TopK_b05,10,0.05,0.1,97.46536248561564,0.049653624856156514,0.9318181818181818,0.04759493670886076
CART,time,-1,refitted,TopK_b05,10,0.05,0.15,143.8182968929804,0.05068296892980438,0.9318181818181818,0.04759493670886076
CART,time,-1,refitted,TopK_b05,20,0.05,0.02,41.93703107019563,0.048006674338319906,0.9318181818181818,0.04759493670886076
CART,time,-1,refitted,TopK_b05,20,0.05,0.05,97.70333716915995,0.048624280782508626,0.9318181818181818,0.04759493670886076
CART,time,-1,refitted,TopK_b05,20,0.05,0.1,190.64718066743382,0.049653624856156514,0.9318181818181818,0.04759493670886076
CART,time,-1,refitted,TopK_b05,20,0.05,0.15,283.5910241657077,0.05068296892980438,0.9318181818181818,0.04759493670886076
CART,time,-1,refitted,TopK_b05,50,0.05,0.02,97.84612197928652,0.048006674338319906,0.9318181818181818,0.04759493670886076
CART,time,-1,refitted,TopK_b05,50,0.05,0.05,237.47606444188722,0.048624280782508626,0.9318181818181818,0.04759493670886076
CART,time,-1,refitted,TopK_b05,50,0.05,0.1,470.1926352128884,0.049653624856156514,0.9318181818181818,0.04759493670886076
CART,time,-1,refitted,TopK_b05,50,0.05,0.15,702.9092059838895,0.05068296892980438,0.9318181818181818,0.04759493670886076
CART,time,-1,refitted,TopK_b10,5,0.1,0.02,18.163452243958574,0.0979981588032221,0.8636363636363636,0.09721518987341772
CART,time,-1,refitted,TopK_b10,5,0.1,0.05,30.826352128883773,0.09917261219792865,0.8636363636363636,0.09721518987341772
CART,time,-1,refitted,TopK_b10,5,0.1,0.1,51.93118527042577,0.10113003452243959,0.8636363636363636,0.09721518987341772
CART,time,-1,refitted,TopK_b10,5,0.1,0.15,73.03601841196777,0.1030874568469505,0.8636363636363636,0.09721518987341772
CART,time,-1,refitted,TopK_b10,10,0.1,0.02,26.799815880322207,0.0979981588032221,0.8636363636363636,0.09721518987341772
CART,time,-1,refitted,TopK_b10,10,0.1,0.05,52.41726121979286,0.09917261219792865,0.8636363636363636,0.09721518987341772
CART,time,-1,refitted,TopK_b10,10,0.1,0.1,95.11300345224396,0.10113003452243959,0.8636363636363636,0.09721518987341772
CART,time,-1,refitted,TopK_b10,10,0.1,0.15,137.80874568469505,0.1030874568469505,0.8636363636363636,0.09721518987341772
CART,time,-1,refitted,TopK_b10,20,0.1,0.02,44.07254315304948,0.0979981588032221,0.8636363636363636,0.09721518987341772
CART,time,-1,refitted,TopK_b10,20,0.1,0.05,95.59907940161105,0.09917261219792865,0.8636363636363636,0.09721518987341772
CART,time,-1,refitted,TopK_b10,20,0.1,0.1,181.4766398158803,0.10113003452243959,0.8636363636363636,0.09721518987341772
CART,time,-1,refitted,TopK_b10,20,0.1,0.15,267.35420023014956,0.1030874568469505,0.8636363636363636,0.09721518987341772
CART,time,-1,refitted,TopK_b10,50,0.1,0.02,95.8907249712313,0.0979981588032221,0.8636363636363636,0.09721518987341772
CART,time,-1,refitted,TopK_b10,50,0.1,0.05,225.14453394706558,0.09917261219792865,0.8636363636363636,0.09721518987341772
CART,time,-1,refitted,TopK_b10,50,0.1,0.1,440.5675489067894,0.10113003452243959,0.8636363636363636,0.09721518987341772
CART,time,-1,refitted,TopK_b10,50,0.1,0.15,655.9905638665133,0.1030874568469505,0.8636363636363636,0.09721518987341772
CART,time,-1,refitted,TopK_b20,5,0.2,0.02,25.709102416570772,0.19663647871116227,0.6704545454545454,0.1939240506329114
CART,time,-1,refitted,TopK_b20,5,0.2,0.05,35.18414844649021,0.20070512082853856,0.6704545454545454,0.1939240506329114
CART,time,-1,refitted,TopK_b20,5,0.2,0.1,50.9758918296893,0.20748619102416574,0.6704545454545454,0.1939240506329114
CART,time,-1,refitted,TopK_b20,5,0.2,0.15,66.76763521288838,0.21426726121979286,0.6704545454545454,0.1939240506329114
CART,time,-1,refitted,TopK_b20,10,0.2,0.02,32.413647871116225,0.19663647871116227,0.6704545454545454,0.1939240506329114
CART,time,-1,refitted,TopK_b20,10,0.2,0.05,51.94551208285385,0.20070512082853856,0.6704545454545454,0.1939240506329114
CART,time,-1,refitted,TopK_b20,10,0.2,0.1,84.49861910241657,0.20748619102416574,0.6704545454545454,0.1939240506329114
CART,time,-1,refitted,TopK_b20,10,0.2,0.15,117.05172612197927,0.21426726121979286,0.6704545454545454,0.1939240506329114
CART,time,-1,refitted,TopK_b20,20,0.2,0.02,45.82273878020714,0.19663647871116227,0.6704545454545454,0.1939240506329114
CART,time,-1,refitted,TopK_b20,20,0.2,0.05,85.46823935558112,0.20070512082853856,0.6704545454545454,0.1939240506329114
CART,time,-1,refitted,TopK_b20,20,0.2,0.1,151.5440736478711,0.20748619102416574,0.6704545454545454,0.1939240506329114
CART,time,-1,refitted,TopK_b20,20,0.2,0.15,217.6199079401611,0.21426726121979286,0.6704545454545454,0.1939240506329114
CART,time,-1,refitted,TopK_b20,50,0.2,0.02,86.05001150747987,0.19663647871116227,0.6704545454545454,0.1939240506329114
CART,time,-1,refitted,TopK_b20,50,0.2,0.05,186.03642117376293,0.20070512082853856,0.6704545454545454,0.1939240506329114
CART,time,-1,refitted,TopK_b20,50,0.2,0.1,352.68043728423476,0.20748619102416574,0.6704545454545454,0.1939240506329114
CART,time,-1,refitted,TopK_b20,50,0.2,0.15,519.3244533947066,0.21426726121979286,0.6704545454545454,0.1939240506329114
