model,scheme,fold,workflow_fixed,rule,mechanism,budget_fixed,cost,threshold_fixed,n_fixed,positives_fixed,tp_fixed,fp_fixed,fn_fixed,tn_fixed,alerts_fixed,recall_fixed,precision_fixed,alert_rate_fixed,loss_fixed,loss100_fixed,loss_delta_no_alarm100_fixed,slots_fixed,excess_fixed,fnr_fixed,fpr_fixed,workflow_refitted,budget_refitted,threshold_refitted,n_refitted,positives_refitted,tp_refitted,fp_refitted,fn_refitted,tn_refitted,alerts_refitted,recall_refitted,precision_refitted,alert_rate_refitted,loss_refitted,loss100_refitted,loss_delta_no_alarm100_refitted,slots_refitted,excess_refitted,fnr_refitted,fpr_refitted,threshold_kind,loss100_delta,alerts_delta,tp_delta,fp_delta,fn_delta,excess_delta
XGBoost,time,0,fixed,A_b01,A,0.01,5,0.4266574680805206,516,36,0,8,36,472,8,0.0,0.0,0.0155038759689922,188,36.43410852713178,1.550387596899225,5.0,3.0,1.0,0.0166666666666666,refitted,0.01,0.4266574680805206,516,36,0,4,36,476,4,0.0,0.0,0.0077519379844961,184,35.65891472868217,0.7751937984496124,5.0,0.0,1.0,0.0083333333333333,finite,-0.7751937984496067,-4,0,-4,0,-3.0
XGBoost,time,0,fixed,A_b01,A,0.01,10,0.4266574680805206,516,36,0,8,36,472,8,0.0,0.0,0.0155038759689922,368,71.31782945736434,1.550387596899225,5.0,3.0,1.0,0.0166666666666666,refitted,0.01,0.4266574680805206,516,36,0,4,36,476,4,0.0,0.0,0.0077519379844961,364,70.54263565891473,0.7751937984496124,5.0,0.0,1.0,0.0083333333333333,finite,-0.7751937984496067,-4,0,-4,0,-3.0
XGBoost,time,0,fixed,A_b01,A,0.01,20,0.4266574680805206,516,36,0,8,36,472,8,0.0,0.0,0.0155038759689922,728,141.08527131782947,1.550387596899225,5.0,3.0,1.0,0.0166666666666666,refitted,0.01,0.4266574680805206,516,36,0,4,36,476,4,0.0,0.0,0.0077519379844961,724,140.31007751937983,0.7751937984496124,5.0,0.0,1.0,0.0083333333333333,finite,-0.7751937984496351,-4,0,-4,0,-3.0
XGBoost,time,0,fixed,A_b01,A,0.01,50,0.4266574680805206,516,36,0,8,36,472,8,0.0,0.0,0.0155038759689922,1808,350.38759689922483,1.550387596899225,5.0,3.0,1.0,0.0166666666666666,refitted,0.01,0.4266574680805206,516,36,0,4,36,476,4,0.0,0.0,0.0077519379844961,1804,349.6124031007752,0.7751937984496124,5.0,0.0,1.0,0.0083333333333333,finite,-0.7751937984496067,-4,0,-4,0,-3.0
XGBoost,time,0,fixed,A_b05,A,0.05,5,0.4136250019073486,516,36,0,10,36,470,10,0.0,0.0,0.0193798449612403,190,36.82170542635659,1.937984496124031,25.0,0.0,1.0,0.0208333333333333,refitted,0.05,0.4136250019073486,516,36,0,5,36,475,5,0.0,0.0,0.0096899224806201,185,35.85271317829457,0.9689922480620154,25.0,0.0,1.0,0.0104166666666666,finite,-0.9689922480620154,-5,0,-5,0,0.0
XGBoost,time,0,fixed,A_b05,A,0.05,10,0.4136250019073486,516,36,0,10,36,470,10,0.0,0.0,0.0193798449612403,370,71.70542635658914,1.937984496124031,25.0,0.0,1.0,0.0208333333333333,refitted,0.05,0.4136250019073486,516,36,0,5,36,475,5,0.0,0.0,0.0096899224806201,365,70.73643410852713,0.9689922480620154,25.0,0.0,1.0,0.0104166666666666,finite,-0.9689922480620083,-5,0,-5,0,0.0
XGBoost,time,0,fixed,A_b05,A,0.05,20,0.4136250019073486,516,36,0,10,36,470,10,0.0,0.0,0.0193798449612403,730,141.47286821705427,1.937984496124031,25.0,0.0,1.0,0.0208333333333333,refitted,0.05,0.4136250019073486,516,36,0,5,36,475,5,0.0,0.0,0.0096899224806201,725,140.50387596899225,0.9689922480620154,25.0,0.0,1.0,0.0104166666666666,finite,-0.9689922480620226,-5,0,-5,0,0.0
XGBoost,time,0,fixed,A_b05,A,0.05,50,0.4136250019073486,516,36,0,10,36,470,10,0.0,0.0,0.0193798449612403,1810,350.7751937984496,1.937984496124031,25.0,0.0,1.0,0.0208333333333333,refitted,0.05,0.4136250019073486,516,36,0,5,36,475,5,0.0,0.0,0.0096899224806201,1805,349.8062015503876,0.9689922480620154,25.0,0.0,1.0,0.0104166666666666,finite,-0.9689922480620226,-5,0,-5,0,0.0
XGBoost,time,0,fixed,A_b10,A,0.1,5,0.4115284383296966,516,36,0,11,36,469,11,0.0,0.0,0.0213178294573643,191,37.01550387596899,2.131782945736434,51.0,0.0,1.0,0.0229166666666666,refitted,0.1,0.4115284383296966,516,36,0,5,36,475,5,0.0,0.0,0.0096899224806201,185,35.85271317829457,0.9689922480620154,51.0,0.0,1.0,0.0104166666666666,finite,-1.1627906976744171,-6,0,-6,0,0.0
XGBoost,time,0,fixed,A_b10,A,0.1,10,0.4115284383296966,516,36,0,11,36,469,11,0.0,0.0,0.0213178294573643,371,71.89922480620154,2.131782945736434,51.0,0.0,1.0,0.0229166666666666,refitted,0.1,0.4115284383296966,516,36,0,5,36,475,5,0.0,0.0,0.0096899224806201,365,70.73643410852713,0.9689922480620154,51.0,0.0,1.0,0.0104166666666666,finite,-1.16279069767441,-6,0,-6,0,0.0
XGBoost,time,0,fixed,A_b10,A,0.1,20,0.4115284383296966,516,36,0,11,36,469,11,0.0,0.0,0.0213178294573643,731,141.66666666666666,2.131782945736434,51.0,0.0,1.0,0.0229166666666666,refitted,0.1,0.4115284383296966,516,36,0,5,36,475,5,0.0,0.0,0.0096899224806201,725,140.50387596899225,0.9689922480620154,51.0,0.0,1.0,0.0104166666666666,finite,-1.16279069767441,-6,0,-6,0,0.0
XGBoost,time,0,fixed,A_b10,A,0.1,50,0.4115284383296966,516,36,0,11,36,469,11,0.0,0.0,0.0213178294573643,1811,350.968992248062,2.131782945736434,51.0,0.0,1.0,0.0229166666666666,refitted,0.1,0.4115284383296966,516,36,0,5,36,475,5,0.0,0.0,0.0096899224806201,1805,349.8062015503876,0.9689922480620154,51.0,0.0,1.0,0.0104166666666666,finite,-1.1627906976744384,-6,0,-6,0,0.0
XGBoost,time,0,fixed,A_b20,A,0.2,5,0.3858535885810852,516,36,2,19,34,461,21,0.0555555555555555,0.0952380952380952,0.0406976744186046,189,36.627906976744185,1.744186046511628,103.0,0.0,0.9444444444444444,0.0395833333333333,refitted,0.2,0.3858535885810852,516,36,0,7,36,473,7,0.0,0.0,0.0135658914728682,187,36.24031007751938,1.3565891472868217,103.0,0.0,1.0,0.0145833333333333,finite,-0.38759689922480334,-14,-2,-12,2,0.0
XGBoost,time,0,fixed,A_b20,A,0.2,10,0.3858535885810852,516,36,2,19,34,461,21,0.0555555555555555,0.0952380952380952,0.0406976744186046,359,69.57364341085271,-0.1937984496124031,103.0,0.0,0.9444444444444444,0.0395833333333333,refitted,0.2,0.3858535885810852,516,36,0,7,36,473,7,0.0,0.0,0.0135658914728682,367,71.12403100775194,1.3565891472868217,103.0,0.0,1.0,0.0145833333333333,finite,1.5503875968992276,-14,-2,-12,2,0.0
XGBoost,time,0,fixed,A_b20,A,0.2,20,0.3858535885810852,516,36,2,19,34,461,21,0.0555555555555555,0.0952380952380952,0.0406976744186046,699,135.46511627906978,-4.069767441860465,103.0,0.0,0.9444444444444444,0.0395833333333333,refitted,0.2,0.3858535885810852,516,36,0,7,36,473,7,0.0,0.0,0.0135658914728682,727,140.89147286821705,1.3565891472868217,103.0,0.0,1.0,0.0145833333333333,finite,5.426356589147275,-14,-2,-12,2,0.0
XGBoost,time,0,fixed,A_b20,A,0.2,50,0.3858535885810852,516,36,2,19,34,461,21,0.0555555555555555,0.0952380952380952,0.0406976744186046,1719,333.13953488372096,-15.69767441860465,103.0,0.0,0.9444444444444444,0.0395833333333333,refitted,0.2,0.3858535885810852,516,36,0,7,36,473,7,0.0,0.0,0.0135658914728682,1807,350.1937984496124,1.3565891472868217,103.0,0.0,1.0,0.0145833333333333,finite,17.05426356589146,-14,-2,-12,2,0.0
XGBoost,time,0,fixed,B_r05,B,,5,0.2989656925201416,516,36,8,57,28,423,65,0.2222222222222222,0.123076923076923,0.125968992248062,197,38.17829457364341,3.294573643410853,,,0.7777777777777778,0.11875,refitted,,0.2989656925201416,516,36,5,35,31,445,40,0.1388888888888889,0.125,0.0775193798449612,190,36.82170542635659,1.937984496124031,,,0.8611111111111112,0.0729166666666666,finite,-1.356589147286826,-25,-3,-22,3,
XGBoost,time,0,fixed,B_r10,B,,10,0.0277282074093818,516,36,34,363,2,117,397,0.9444444444444444,0.0856423173803526,0.7693798449612403,383,74.2248062015504,4.457364341085271,,,0.0555555555555555,0.75625,refitted,,0.0277282074093818,516,36,36,480,0,0,516,1.0,0.0697674418604651,1.0,480,93.02325581395348,23.25581395348837,,,0.0,1.0,finite,18.79844961240309,119,2,117,-2,
XGBoost,time,0,fixed,B_r20,B,,20,0.0277282074093818,516,36,34,363,2,117,397,0.9444444444444444,0.0856423173803526,0.7693798449612403,403,78.10077519379846,-61.43410852713178,,,0.0555555555555555,0.75625,refitted,,0.0277282074093818,516,36,36,480,0,0,516,1.0,0.0697674418604651,1.0,480,93.02325581395348,-46.51162790697674,,,0.0,1.0,finite,14.922480620155028,119,2,117,-2,
XGBoost,time,0,fixed,B_r50,B,,50,0.0277282074093818,516,36,34,363,2,117,397,0.9444444444444444,0.0856423173803526,0.7693798449612403,463,89.72868217054264,-259.1085271317829,,,0.0555555555555555,0.75625,refitted,,0.0277282074093818,516,36,36,480,0,0,516,1.0,0.0697674418604651,1.0,480,93.02325581395348,-255.8139534883721,,,0.0,1.0,finite,3.2945736434108426,119,2,117,-2,
XGBoost,time,0,fixed,C_b01_r05,C,0.01,5,inf,516,36,0,0,36,480,0,0.0,0.0,0.0,180,34.88372093023256,0.0,5.0,0.0,1.0,0.0,refitted,0.01,inf,516,36,0,0,36,480,0,0.0,0.0,0.0,180,34.88372093023256,0.0,5.0,0.0,1.0,0.0,no_alarm,0.0,0,0,0,0,0.0
XGBoost,time,0,fixed,C_b01_r10,C,0.01,10,inf,516,36,0,0,36,480,0,0.0,0.0,0.0,360,69.76744186046511,0.0,5.0,0.0,1.0,0.0,refitted,0.01,inf,516,36,0,0,36,480,0,0.0,0.0,0.0,360,69.76744186046511,0.0,5.0,0.0,1.0,0.0,no_alarm,0.0,0,0,0,0,0.0
XGBoost,time,0,fixed,C_b01_r20,C,0.01,20,inf,516,36,0,0,36,480,0,0.0,0.0,0.0,720,139.53488372093022,0.0,5.0,0.0,1.0,0.0,refitted,0.01,inf,516,36,0,0,36,480,0,0.0,0.0,0.0,720,139.53488372093022,0.0,5.0,0.0,1.0,0.0,no_alarm,0.0,0,0,0,0,0.0
XGBoost,time,0,fixed,C_b01_r50,C,0.01,50,inf,516,36,0,0,36,480,0,0.0,0.0,0.0,1800,348.8372093023256,0.0,5.0,0.0,1.0,0.0,refitted,0.01,inf,516,36,0,0,36,480,0,0.0,0.0,0.0,1800,348.8372093023256,0.0,5.0,0.0,1.0,0.0,no_alarm,0.0,0,0,0,0,0.0
XGBoost,time,0,fixed,C_b05_r05,C,0.05,5,0.425698459148407,516,36,0,8,36,472,8,0.0,0.0,0.0155038759689922,188,36.43410852713178,1.550387596899225,25.0,0.0,1.0,0.0166666666666666,refitted,0.05,0.425698459148407,516,36,0,4,36,476,4,0.0,0.0,0.0077519379844961,184,35.65891472868217,0.7751937984496124,25.0,0.0,1.0,0.0083333333333333,finite,-0.7751937984496067,-4,0,-4,0,0.0
XGBoost,time,0,fixed,C_b05_r10,C,0.05,10,0.425698459148407,516,36,0,8,36,472,8,0.0,0.0,0.0155038759689922,368,71.31782945736434,1.550387596899225,25.0,0.0,1.0,0.0166666666666666,refitted,0.05,0.425698459148407,516,36,0,4,36,476,4,0.0,0.0,0.0077519379844961,364,70.54263565891473,0.7751937984496124,25.0,0.0,1.0,0.0083333333333333,finite,-0.7751937984496067,-4,0,-4,0,0.0
XGBoost,time,0,fixed,C_b05_r20,C,0.05,20,0.425698459148407,516,36,0,8,36,472,8,0.0,0.0,0.0155038759689922,728,141.08527131782947,1.550387596899225,25.0,0.0,1.0,0.0166666666666666,refitted,0.05,0.425698459148407,516,36,0,4,36,476,4,0.0,0.0,0.0077519379844961,724,140.31007751937983,0.7751937984496124,25.0,0.0,1.0,0.0083333333333333,finite,-0.7751937984496351,-4,0,-4,0,0.0
XGBoost,time,0,fixed,C_b05_r50,C,0.05,50,0.425698459148407,516,36,0,8,36,472,8,0.0,0.0,0.0155038759689922,1808,350.38759689922483,1.550387596899225,25.0,0.0,1.0,0.0166666666666666,refitted,0.05,0.425698459148407,516,36,0,4,36,476,4,0.0,0.0,0.0077519379844961,1804,349.6124031007752,0.7751937984496124,25.0,0.0,1.0,0.0083333333333333,finite,-0.7751937984496067,-4,0,-4,0,0.0
XGBoost,time,0,fixed,C_b10_r05,C,0.1,5,0.425698459148407,516,36,0,8,36,472,8,0.0,0.0,0.0155038759689922,188,36.43410852713178,1.550387596899225,51.0,0.0,1.0,0.0166666666666666,refitted,0.1,0.425698459148407,516,36,0,4,36,476,4,0.0,0.0,0.0077519379844961,184,35.65891472868217,0.7751937984496124,51.0,0.0,1.0,0.0083333333333333,finite,-0.7751937984496067,-4,0,-4,0,0.0
XGBoost,time,0,fixed,C_b10_r10,C,0.1,10,0.4115284383296966,516,36,0,11,36,469,11,0.0,0.0,0.0213178294573643,371,71.89922480620154,2.131782945736434,51.0,0.0,1.0,0.0229166666666666,refitted,0.1,0.4115284383296966,516,36,0,5,36,475,5,0.0,0.0,0.0096899224806201,365,70.73643410852713,0.9689922480620154,51.0,0.0,1.0,0.0104166666666666,finite,-1.16279069767441,-6,0,-6,0,0.0
XGBoost,time,0,fixed,C_b10_r20,C,0.1,20,0.4115284383296966,516,36,0,11,36,469,11,0.0,0.0,0.0213178294573643,731,141.66666666666666,2.131782945736434,51.0,0.0,1.0,0.0229166666666666,refitted,0.1,0.4115284383296966,516,36,0,5,36,475,5,0.0,0.0,0.0096899224806201,725,140.50387596899225,0.9689922480620154,51.0,0.0,1.0,0.0104166666666666,finite,-1.16279069767441,-6,0,-6,0,0.0
XGBoost,time,0,fixed,C_b10_r50,C,0.1,50,0.4115284383296966,516,36,0,11,36,469,11,0.0,0.0,0.0213178294573643,1811,350.968992248062,2.131782945736434,51.0,0.0,1.0,0.0229166666666666,refitted,0.1,0.4115284383296966,516,36,0,5,36,475,5,0.0,0.0,0.0096899224806201,1805,349.8062015503876,0.9689922480620154,51.0,0.0,1.0,0.0104166666666666,finite,-1.1627906976744384,-6,0,-6,0,0.0
XGBoost,time,0,fixed,C_b20_r05,C,0.2,5,0.3949406743049621,516,36,1,16,35,464,17,0.0277777777777777,0.0588235294117647,0.0329457364341085,191,37.01550387596899,2.131782945736434,103.0,0.0,0.9722222222222222,0.0333333333333333,refitted,0.2,0.3949406743049621,516,36,0,6,36,474,6,0.0,0.0,0.0116279069767441,186,36.04651162790697,1.162790697674419,103.0,0.0,1.0,0.0125,finite,-0.9689922480620154,-11,-1,-10,1,0.0
XGBoost,time,0,fixed,C_b20_r10,C,0.2,10,0.3949406743049621,516,36,1,16,35,464,17,0.0277777777777777,0.0588235294117647,0.0329457364341085,366,70.93023255813954,1.162790697674419,103.0,0.0,0.9722222222222222,0.0333333333333333,refitted,0.2,0.3949406743049621,516,36,0,6,36,474,6,0.0,0.0,0.0116279069767441,366,70.93023255813954,1.162790697674419,103.0,0.0,1.0,0.0125,finite,0.0,-11,-1,-10,1,0.0
XGBoost,time,0,fixed,C_b20_r20,C,0.2,20,0.3949406743049621,516,36,1,16,35,464,17,0.0277777777777777,0.0588235294117647,0.0329457364341085,716,138.75968992248062,-0.7751937984496124,103.0,0.0,0.9722222222222222,0.0333333333333333,refitted,0.2,0.3949406743049621,516,36,0,6,36,474,6,0.0,0.0,0.0116279069767441,726,140.69767441860466,1.162790697674419,103.0,0.0,1.0,0.0125,finite,1.937984496124045,-11,-1,-10,1,0.0
XGBoost,time,0,fixed,C_b20_r50,C,0.2,50,0.3949406743049621,516,36,1,16,35,464,17,0.0277777777777777,0.0588235294117647,0.0329457364341085,1766,342.2480620155039,-6.589147286821706,103.0,0.0,0.9722222222222222,0.0333333333333333,refitted,0.2,0.3949406743049621,516,36,0,6,36,474,6,0.0,0.0,0.0116279069767441,1806,350.0,1.162790697674419,103.0,0.0,1.0,0.0125,finite,7.751937984496124,-11,-1,-10,1,0.0
XGBoost,time,1,fixed,A_b01,A,0.01,5,0.1362728625535965,515,10,0,37,10,468,37,0.0,0.0,0.0718446601941747,87,16.893203883495147,7.184466019417476,5.0,32.0,1.0,0.0732673267326732,refitted,0.01,0.1362728625535965,515,10,0,31,10,474,31,0.0,0.0,0.0601941747572815,81,15.728155339805824,6.019417475728155,5.0,26.0,1.0,0.0613861386138613,finite,-1.1650485436893234,-6,0,-6,0,-6.0
XGBoost,time,1,fixed,A_b01,A,0.01,10,0.1362728625535965,515,10,0,37,10,468,37,0.0,0.0,0.0718446601941747,137,26.601941747572816,7.184466019417476,5.0,32.0,1.0,0.0732673267326732,refitted,0.01,0.1362728625535965,515,10,0,31,10,474,31,0.0,0.0,0.0601941747572815,131,25.436893203883496,6.019417475728155,5.0,26.0,1.0,0.0613861386138613,finite,-1.1650485436893199,-6,0,-6,0,-6.0
XGBoost,time,1,fixed,A_b01,A,0.01,20,0.1362728625535965,515,10,0,37,10,468,37,0.0,0.0,0.0718446601941747,237,46.01941747572816,7.184466019417476,5.0,32.0,1.0,0.0732673267326732,refitted,0.01,0.1362728625535965,515,10,0,31,10,474,31,0.0,0.0,0.0601941747572815,231,44.85436893203884,6.019417475728155,5.0,26.0,1.0,0.0613861386138613,finite,-1.1650485436893234,-6,0,-6,0,-6.0
XGBoost,time,1,fixed,A_b01,A,0.01,50,0.1362728625535965,515,10,0,37,10,468,37,0.0,0.0,0.0718446601941747,537,104.27184466019418,7.184466019417476,5.0,32.0,1.0,0.0732673267326732,refitted,0.01,0.1362728625535965,515,10,0,31,10,474,31,0.0,0.0,0.0601941747572815,531,103.10679611650484,6.019417475728155,5.0,26.0,1.0,0.0613861386138613,finite,-1.1650485436893376,-6,0,-6,0,-6.0
XGBoost,time,1,fixed,A_b05,A,0.05,5,0.0958014577627182,515,10,0,67,10,438,67,0.0,0.0,0.1300970873786407,117,22.718446601941743,13.009708737864075,25.0,42.0,1.0,0.1326732673267326,refitted,0.05,0.0958014577627182,515,10,0,52,10,453,52,0.0,0.0,0.1009708737864077,102,19.805825242718445,10.097087378640778,25.0,27.0,1.0,0.1029702970297029,finite,-2.912621359223298,-15,0,-15,0,-15.0
XGBoost,time,1,fixed,A_b05,A,0.05,10,0.0958014577627182,515,10,0,67,10,438,67,0.0,0.0,0.1300970873786407,167,32.42718446601942,13.009708737864075,25.0,42.0,1.0,0.1326732673267326,refitted,0.05,0.0958014577627182,515,10,0,52,10,453,52,0.0,0.0,0.1009708737864077,152,29.51456310679612,10.097087378640778,25.0,27.0,1.0,0.1029702970297029,finite,-2.912621359223298,-15,0,-15,0,-15.0
XGBoost,time,1,fixed,A_b05,A,0.05,20,0.0958014577627182,515,10,0,67,10,438,67,0.0,0.0,0.1300970873786407,267,51.84466019417476,13.009708737864075,25.0,42.0,1.0,0.1326732673267326,refitted,0.05,0.0958014577627182,515,10,0,52,10,453,52,0.0,0.0,0.1009708737864077,252,48.932038834951456,10.097087378640778,25.0,27.0,1.0,0.1029702970297029,finite,-2.9126213592233015,-15,0,-15,0,-15.0
XGBoost,time,1,fixed,A_b05,A,0.05,50,0.0958014577627182,515,10,0,67,10,438,67,0.0,0.0,0.1300970873786407,567,110.09708737864078,13.009708737864075,25.0,42.0,1.0,0.1326732673267326,refitted,0.05,0.0958014577627182,515,10,0,52,10,453,52,0.0,0.0,0.1009708737864077,552,107.18446601941748,10.097087378640778,25.0,27.0,1.0,0.1029702970297029,finite,-2.9126213592232943,-15,0,-15,0,-15.0
XGBoost,time,1,fixed,A_b10,A,0.1,5,0.069511279463768,515,10,3,110,7,395,113,0.3,0.0265486725663716,0.2194174757281553,145,28.155339805825243,18.446601941747574,51.0,62.0,0.7,0.2178217821782178,refitted,0.1,0.069511279463768,515,10,1,71,9,434,72,0.1,0.0138888888888888,0.1398058252427184,116,22.524271844660195,12.815533980582524,51.0,21.0,0.9,0.1405940594059406,finite,-5.631067961165048,-41,-2,-39,2,-41.0
XGBoost,time,1,fixed,A_b10,A,0.1,10,0.069511279463768,515,10,3,110,7,395,113,0.3,0.0265486725663716,0.2194174757281553,180,34.95145631067961,15.533980582524272,51.0,62.0,0.7,0.2178217821782178,refitted,0.1,0.069511279463768,515,10,1,71,9,434,72,0.1,0.0138888888888888,0.1398058252427184,161,31.262135922330096,11.844660194174756,51.0,21.0,0.9,0.1405940594059406,finite,-3.6893203883495147,-41,-2,-39,2,-41.0
XGBoost,time,1,fixed,A_b10,A,0.1,20,0.069511279463768,515,10,3,110,7,395,113,0.3,0.0265486725663716,0.2194174757281553,250,48.54368932038835,9.70873786407767,51.0,62.0,0.7,0.2178217821782178,refitted,0.1,0.069511279463768,515,10,1,71,9,434,72,0.1,0.0138888888888888,0.1398058252427184,251,48.737864077669904,9.902912621359222,51.0,21.0,0.9,0.1405940594059406,finite,0.19417475728155154,-41,-2,-39,2,-41.0
XGBoost,time,1,fixed,A_b10,A,0.1,50,0.069511279463768,515,10,3,110,7,395,113,0.3,0.0265486725663716,0.2194174757281553,460,89.32038834951456,-7.766990291262136,51.0,62.0,0.7,0.2178217821782178,refitted,0.1,0.069511279463768,515,10,1,71,9,434,72,0.1,0.0138888888888888,0.1398058252427184,521,101.16504854368932,4.077669902912621,51.0,21.0,0.9,0.1405940594059406,finite,11.844660194174764,-41,-2,-39,2,-41.0
XGBoost,time,1,fixed,A_b20,A,0.2,5,0.0447379685938358,515,10,6,248,4,257,254,0.6,0.0236220472440944,0.4932038834951456,268,52.03883495145631,42.33009708737864,103.0,151.0,0.4,0.4910891089108911,refitted,0.2,0.0447379685938358,515,10,6,151,4,354,157,0.6,0.0382165605095541,0.3048543689320388,171,33.20388349514563,23.49514563106796,103.0,54.0,0.4,0.299009900990099,finite,-18.834951456310677,-97,0,-97,0,-97.0
XGBoost,time,1,fixed,A_b20,A,0.2,10,0.0447379685938358,515,10,6,248,4,257,254,0.6,0.0236220472440944,0.4932038834951456,288,55.922330097087375,36.50485436893204,103.0,151.0,0.4,0.4910891089108911,refitted,0.2,0.0447379685938358,515,10,6,151,4,354,157,0.6,0.0382165605095541,0.3048543689320388,191,37.0873786407767,17.66990291262136,103.0,54.0,0.4,0.299009900990099,finite,-18.834951456310677,-97,0,-97,0,-97.0
XGBoost,time,1,fixed,A_b20,A,0.2,20,0.0447379685938358,515,10,6,248,4,257,254,0.6,0.0236220472440944,0.4932038834951456,328,63.68932038834952,24.854368932038835,103.0,151.0,0.4,0.4910891089108911,refitted,0.2,0.0447379685938358,515,10,6,151,4,354,157,0.6,0.0382165605095541,0.3048543689320388,231,44.85436893203884,6.019417475728155,103.0,54.0,0.4,0.299009900990099,finite,-18.834951456310684,-97,0,-97,0,-97.0
XGBoost,time,1,fixed,A_b20,A,0.2,50,0.0447379685938358,515,10,6,248,4,257,254,0.6,0.0236220472440944,0.4932038834951456,448,86.99029126213593,-10.097087378640778,103.0,151.0,0.4,0.4910891089108911,refitted,0.2,0.0447379685938358,515,10,6,151,4,354,157,0.6,0.0382165605095541,0.3048543689320388,351,68.15533980582525,-28.932038834951456,103.0,54.0,0.4,0.299009900990099,finite,-18.834951456310677,-97,0,-97,0,-97.0
XGBoost,time,1,fixed,B_r05,B,,5,inf,515,10,0,0,10,505,0,0.0,0.0,0.0,50,9.70873786407767,0.0,,,1.0,0.0,refitted,,inf,515,10,0,0,10,505,0,0.0,0.0,0.0,50,9.70873786407767,0.0,,,1.0,0.0,no_alarm,0.0,0,0,0,0,
XGBoost,time,1,fixed,B_r10,B,,10,inf,515,10,0,0,10,505,0,0.0,0.0,0.0,100,19.41747572815534,0.0,,,1.0,0.0,refitted,,inf,515,10,0,0,10,505,0,0.0,0.0,0.0,100,19.41747572815534,0.0,,,1.0,0.0,no_alarm,0.0,0,0,0,0,
XGBoost,time,1,fixed,B_r20,B,,20,inf,515,10,0,0,10,505,0,0.0,0.0,0.0,200,38.83495145631068,0.0,,,1.0,0.0,refitted,,inf,515,10,0,0,10,505,0,0.0,0.0,0.0,200,38.83495145631068,0.0,,,1.0,0.0,no_alarm,0.0,0,0,0,0,
XGBoost,time,1,fixed,B_r50,B,,50,inf,515,10,0,0,10,505,0,0.0,0.0,0.0,500,97.0873786407767,0.0,,,1.0,0.0,refitted,,inf,515,10,0,0,10,505,0,0.0,0.0,0.0,500,97.0873786407767,0.0,,,1.0,0.0,no_alarm,0.0,0,0,0,0,
XGBoost,time,1,fixed,C_b01_r05,C,0.01,5,inf,515,10,0,0,10,505,0,0.0,0.0,0.0,50,9.70873786407767,0.0,5.0,0.0,1.0,0.0,refitted,0.01,inf,515,10,0,0,10,505,0,0.0,0.0,0.0,50,9.70873786407767,0.0,5.0,0.0,1.0,0.0,no_alarm,0.0,0,0,0,0,0.0
XGBoost,time,1,fixed,C_b01_r10,C,0.01,10,inf,515,10,0,0,10,505,0,0.0,0.0,0.0,100,19.41747572815534,0.0,5.0,0.0,1.0,0.0,refitted,0.01,inf,515,10,0,0,10,505,0,0.0,0.0,0.0,100,19.41747572815534,0.0,5.0,0.0,1.0,0.0,no_alarm,0.0,0,0,0,0,0.0
XGBoost,time,1,fixed,C_b01_r20,C,0.01,20,inf,515,10,0,0,10,505,0,0.0,0.0,0.0,200,38.83495145631068,0.0,5.0,0.0,1.0,0.0,refitted,0.01,inf,515,10,0,0,10,505,0,0.0,0.0,0.0,200,38.83495145631068,0.0,5.0,0.0,1.0,0.0,no_alarm,0.0,0,0,0,0,0.0
XGBoost,time,1,fixed,C_b01_r50,C,0.01,50,inf,515,10,0,0,10,505,0,0.0,0.0,0.0,500,97.0873786407767,0.0,5.0,0.0,1.0,0.0,refitted,0.01,inf,515,10,0,0,10,505,0,0.0,0.0,0.0,500,97.0873786407767,0.0,5.0,0.0,1.0,0.0,no_alarm,0.0,0,0,0,0,0.0
XGBoost,time,1,fixed,C_b05_r05,C,0.05,5,inf,515,10,0,0,10,505,0,0.0,0.0,0.0,50,9.70873786407767,0.0,25.0,0.0,1.0,0.0,refitted,0.05,inf,515,10,0,0,10,505,0,0.0,0.0,0.0,50,9.70873786407767,0.0,25.0,0.0,1.0,0.0,no_alarm,0.0,0,0,0,0,0.0
XGBoost,time,1,fixed,C_b05_r10,C,0.05,10,inf,515,10,0,0,10,505,0,0.0,0.0,0.0,100,19.41747572815534,0.0,25.0,0.0,1.0,0.0,refitted,0.05,inf,515,10,0,0,10,505,0,0.0,0.0,0.0,100,19.41747572815534,0.0,25.0,0.0,1.0,0.0,no_alarm,0.0,0,0,0,0,0.0
XGBoost,time,1,fixed,C_b05_r20,C,0.05,20,inf,515,10,0,0,10,505,0,0.0,0.0,0.0,200,38.83495145631068,0.0,25.0,0.0,1.0,0.0,refitted,0.05,inf,515,10,0,0,10,505,0,0.0,0.0,0.0,200,38.83495145631068,0.0,25.0,0.0,1.0,0.0,no_alarm,0.0,0,0,0,0,0.0
XGBoost,time,1,fixed,C_b05_r50,C,0.05,50,inf,515,10,0,0,10,505,0,0.0,0.0,0.0,500,97.0873786407767,0.0,25.0,0.0,1.0,0.0,refitted,0.05,inf,515,10,0,0,10,505,0,0.0,0.0,0.0,500,97.0873786407767,0.0,25.0,0.0,1.0,0.0,no_alarm,0.0,0,0,0,0,0.0
XGBoost,time,1,fixed,C_b10_r05,C,0.1,5,inf,515,10,0,0,10,505,0,0.0,0.0,0.0,50,9.70873786407767,0.0,51.0,0.0,1.0,0.0,refitted,0.1,inf,515,10,0,0,10,505,0,0.0,0.0,0.0,50,9.70873786407767,0.0,51.0,0.0,1.0,0.0,no_alarm,0.0,0,0,0,0,0.0
XGBoost,time,1,fixed,C_b10_r10,C,0.1,10,inf,515,10,0,0,10,505,0,0.0,0.0,0.0,100,19.41747572815534,0.0,51.0,0.0,1.0,0.0,refitted,0.1,inf,515,10,0,0,10,505,0,0.0,0.0,0.0,100,19.41747572815534,0.0,51.0,0.0,1.0,0.0,no_alarm,0.0,0,0,0,0,0.0
XGBoost,time,1,fixed,C_b10_r20,C,0.1,20,inf,515,10,0,0,10,505,0,0.0,0.0,0.0,200,38.83495145631068,0.0,51.0,0.0,1.0,0.0,refitted,0.1,inf,515,10,0,0,10,505,0,0.0,0.0,0.0,200,38.83495145631068,0.0,51.0,0.0,1.0,0.0,no_alarm,0.0,0,0,0,0,0.0
XGBoost,time,1,fixed,C_b10_r50,C,0.1,50,inf,515,10,0,0,10,505,0,0.0,0.0,0.0,500,97.0873786407767,0.0,51.0,0.0,1.0,0.0,refitted,0.1,inf,515,10,0,0,10,505,0,0.0,0.0,0.0,500,97.0873786407767,0.0,51.0,0.0,1.0,0.0,no_alarm,0.0,0,0,0,0,0.0
XGBoost,time,1,fixed,C_b20_r05,C,0.2,5,inf,515,10,0,0,10,505,0,0.0,0.0,0.0,50,9.70873786407767,0.0,103.0,0.0,1.0,0.0,refitted,0.2,inf,515,10,0,0,10,505,0,0.0,0.0,0.0,50,9.70873786407767,0.0,103.0,0.0,1.0,0.0,no_alarm,0.0,0,0,0,0,0.0
XGBoost,time,1,fixed,C_b20_r10,C,0.2,10,inf,515,10,0,0,10,505,0,0.0,0.0,0.0,100,19.41747572815534,0.0,103.0,0.0,1.0,0.0,refitted,0.2,inf,515,10,0,0,10,505,0,0.0,0.0,0.0,100,19.41747572815534,0.0,103.0,0.0,1.0,0.0,no_alarm,0.0,0,0,0,0,0.0
XGBoost,time,1,fixed,C_b20_r20,C,0.2,20,inf,515,10,0,0,10,505,0,0.0,0.0,0.0,200,38.83495145631068,0.0,103.0,0.0,1.0,0.0,refitted,0.2,inf,515,10,0,0,10,505,0,0.0,0.0,0.0,200,38.83495145631068,0.0,103.0,0.0,1.0,0.0,no_alarm,0.0,0,0,0,0,0.0
XGBoost,time,1,fixed,C_b20_r50,C,0.2,50,inf,515,10,0,0,10,505,0,0.0,0.0,0.0,500,97.0873786407767,0.0,103.0,0.0,1.0,0.0,refitted,0.2,inf,515,10,0,0,10,505,0,0.0,0.0,0.0,500,97.0873786407767,0.0,103.0,0.0,1.0,0.0,no_alarm,0.0,0,0,0,0,0.0
XGBoost,time,2,fixed,A_b01,A,0.01,5,0.2580332458019256,516,24,0,8,24,484,8,0.0,0.0,0.0155038759689922,128,24.8062015503876,1.550387596899225,5.0,3.0,1.0,0.016260162601626,refitted,0.01,0.2580332458019256,516,24,0,3,24,489,3,0.0,0.0,0.005813953488372,123,23.837209302325583,0.5813953488372093,5.0,0.0,1.0,0.0060975609756097,finite,-0.9689922480620154,-5,0,-5,0,-3.0
XGBoost,time,2,fixed,A_b01,A,0.01,10,0.2580332458019256,516,24,0,8,24,484,8,0.0,0.0,0.0155038759689922,248,48.06201550387597,1.550387596899225,5.0,3.0,1.0,0.016260162601626,refitted,0.01,0.2580332458019256,516,24,0,3,24,489,3,0.0,0.0,0.005813953488372,243,47.093023255813954,0.5813953488372093,5.0,0.0,1.0,0.0060975609756097,finite,-0.9689922480620154,-5,0,-5,0,-3.0
XGBoost,time,2,fixed,A_b01,A,0.01,20,0.2580332458019256,516,24,0,8,24,484,8,0.0,0.0,0.0155038759689922,488,94.57364341085272,1.550387596899225,5.0,3.0,1.0,0.016260162601626,refitted,0.01,0.2580332458019256,516,24,0,3,24,489,3,0.0,0.0,0.005813953488372,483,93.6046511627907,0.5813953488372093,5.0,0.0,1.0,0.0060975609756097,finite,-0.9689922480620226,-5,0,-5,0,-3.0
XGBoost,time,2,fixed,A_b01,A,0.01,50,0.2580332458019256,516,24,0,8,24,484,8,0.0,0.0,0.0155038759689922,1208,234.10852713178292,1.550387596899225,5.0,3.0,1.0,0.016260162601626,refitted,0.01,0.2580332458019256,516,24,0,3,24,489,3,0.0,0.0,0.005813953488372,1203,233.13953488372093,0.5813953488372093,5.0,0.0,1.0,0.0060975609756097,finite,-0.9689922480619941,-5,0,-5,0,-3.0
XGBoost,time,2,fixed,A_b05,A,0.05,5,0.1305900663137436,516,24,6,49,18,443,55,0.25,0.109090909090909,0.1065891472868217,139,26.93798449612403,3.682170542635659,25.0,30.0,0.75,0.0995934959349593,refitted,0.05,0.1305900663137436,516,24,4,43,20,449,47,0.1666666666666666,0.0851063829787234,0.0910852713178294,143,27.713178294573645,4.457364341085271,25.0,22.0,0.8333333333333334,0.0873983739837398,finite,0.7751937984496138,-8,-2,-6,2,-8.0
XGBoost,time,2,fixed,A_b05,A,0.05,10,0.1305900663137436,516,24,6,49,18,443,55,0.25,0.109090909090909,0.1065891472868217,229,44.37984496124031,-2.131782945736434,25.0,30.0,0.75,0.0995934959349593,refitted,0.05,0.1305900663137436,516,24,4,43,20,449,47,0.1666666666666666,0.0851063829787234,0.0910852713178294,243,47.093023255813954,0.5813953488372093,25.0,22.0,0.8333333333333334,0.0873983739837398,finite,2.7131782945736447,-8,-2,-6,2,-8.0
XGBoost,time,2,fixed,A_b05,A,0.05,20,0.1305900663137436,516,24,6,49,18,443,55,0.25,0.109090909090909,0.1065891472868217,409,79.26356589147287,-13.75968992248062,25.0,30.0,0.75,0.0995934959349593,refitted,0.05,0.1305900663137436,516,24,4,43,20,449,47,0.1666666666666666,0.0851063829787234,0.0910852713178294,443,85.85271317829458,-7.170542635658915,25.0,22.0,0.8333333333333334,0.0873983739837398,finite,6.589147286821714,-8,-2,-6,2,-8.0
XGBoost,time,2,fixed,A_b05,A,0.05,50,0.1305900663137436,516,24,6,49,18,443,55,0.25,0.109090909090909,0.1065891472868217,949,183.91472868217053,-48.64341085271318,25.0,30.0,0.75,0.0995934959349593,refitted,0.05,0.1305900663137436,516,24,4,43,20,449,47,0.1666666666666666,0.0851063829787234,0.0910852713178294,1043,202.13178294573643,-30.42635658914729,25.0,22.0,0.8333333333333334,0.0873983739837398,finite,18.2170542635659,-8,-2,-6,2,-8.0
XGBoost,time,2,fixed,A_b10,A,0.1,5,0.0943457707762718,516,24,7,64,17,428,71,0.2916666666666667,0.0985915492957746,0.1375968992248062,149,28.875968992248065,5.62015503875969,51.0,20.0,0.7083333333333334,0.1300813008130081,refitted,0.1,0.0943457707762718,516,24,7,61,17,431,68,0.2916666666666667,0.1029411764705882,0.1317829457364341,146,28.294573643410853,5.038759689922481,51.0,17.0,0.7083333333333334,0.1239837398373983,finite,-0.5813953488372121,-3,0,-3,0,-3.0
XGBoost,time,2,fixed,A_b10,A,0.1,10,0.0943457707762718,516,24,7,64,17,428,71,0.2916666666666667,0.0985915492957746,0.1375968992248062,234,45.34883720930232,-1.162790697674419,51.0,20.0,0.7083333333333334,0.1300813008130081,refitted,0.1,0.0943457707762718,516,24,7,61,17,431,68,0.2916666666666667,0.1029411764705882,0.1317829457364341,231,44.76744186046512,-1.744186046511628,51.0,17.0,0.7083333333333334,0.1239837398373983,finite,-0.5813953488371979,-3,0,-3,0,-3.0
XGBoost,time,2,fixed,A_b10,A,0.1,20,0.0943457707762718,516,24,7,64,17,428,71,0.2916666666666667,0.0985915492957746,0.1375968992248062,404,78.29457364341086,-14.728682170542635,51.0,20.0,0.7083333333333334,0.1300813008130081,refitted,0.1,0.0943457707762718,516,24,7,61,17,431,68,0.2916666666666667,0.1029411764705882,0.1317829457364341,401,77.71317829457364,-15.310077519379846,51.0,17.0,0.7083333333333334,0.1239837398373983,finite,-0.5813953488372192,-3,0,-3,0,-3.0
XGBoost,time,2,fixed,A_b10,A,0.1,50,0.0943457707762718,516,24,7,64,17,428,71,0.2916666666666667,0.0985915492957746,0.1375968992248062,914,177.13178294573643,-55.42635658914729,51.0,20.0,0.7083333333333334,0.1300813008130081,refitted,0.1,0.0943457707762718,516,24,7,61,17,431,68,0.2916666666666667,0.1029411764705882,0.1317829457364341,911,176.5503875968992,-56.007751937984494,51.0,17.0,0.7083333333333334,0.1239837398373983,finite,-0.5813953488372192,-3,0,-3,0,-3.0
XGBoost,time,2,fixed,A_b20,A,0.2,5,0.0354070663452148,516,24,10,160,14,332,170,0.4166666666666667,0.0588235294117647,0.3294573643410852,230,44.57364341085271,21.31782945736434,103.0,67.0,0.5833333333333334,0.3252032520325203,refitted,0.2,0.0354070663452148,516,24,13,239,11,253,252,0.5416666666666666,0.0515873015873015,0.4883720930232558,294,56.97674418604651,33.72093023255814,103.0,149.0,0.4583333333333333,0.4857723577235772,finite,12.4031007751938,82,3,79,-3,82.0
XGBoost,time,2,fixed,A_b20,A,0.2,10,0.0354070663452148,516,24,10,160,14,332,170,0.4166666666666667,0.0588235294117647,0.3294573643410852,300,58.13953488372093,11.627906976744184,103.0,67.0,0.5833333333333334,0.3252032520325203,refitted,0.2,0.0354070663452148,516,24,13,239,11,253,252,0.5416666666666666,0.0515873015873015,0.4883720930232558,349,67.63565891472868,21.124031007751935,103.0,149.0,0.4583333333333333,0.4857723577235772,finite,9.496124031007753,82,3,79,-3,82.0
XGBoost,time,2,fixed,A_b20,A,0.2,20,0.0354070663452148,516,24,10,160,14,332,170,0.4166666666666667,0.0588235294117647,0.3294573643410852,440,85.27131782945736,-7.751937984496124,103.0,67.0,0.5833333333333334,0.3252032520325203,refitted,0.2,0.0354070663452148,516,24,13,239,11,253,252,0.5416666666666666,0.0515873015873015,0.4883720930232558,459,88.95348837209302,-4.069767441860465,103.0,149.0,0.4583333333333333,0.4857723577235772,finite,3.68217054263566,82,3,79,-3,82.0
XGBoost,time,2,fixed,A_b20,A,0.2,50,0.0354070663452148,516,24,10,160,14,332,170,0.4166666666666667,0.0588235294117647,0.3294573643410852,860,166.66666666666666,-65.89147286821705,103.0,67.0,0.5833333333333334,0.3252032520325203,refitted,0.2,0.0354070663452148,516,24,13,239,11,253,252,0.5416666666666666,0.0515873015873015,0.4883720930232558,789,152.90697674418604,-79.65116279069767,103.0,149.0,0.4583333333333333,0.4857723577235772,finite,-13.759689922480618,82,3,79,-3,82.0
XGBoost,time,2,fixed,B_r05,B,,5,inf,516,24,0,0,24,492,0,0.0,0.0,0.0,120,23.25581395348837,0.0,,,1.0,0.0,refitted,,inf,516,24,0,0,24,492,0,0.0,0.0,0.0,120,23.25581395348837,0.0,,,1.0,0.0,no_alarm,0.0,0,0,0,0,
XGBoost,time,2,fixed,B_r10,B,,10,inf,516,24,0,0,24,492,0,0.0,0.0,0.0,240,46.51162790697674,0.0,,,1.0,0.0,refitted,,inf,516,24,0,0,24,492,0,0.0,0.0,0.0,240,46.51162790697674,0.0,,,1.0,0.0,no_alarm,0.0,0,0,0,0,
XGBoost,time,2,fixed,B_r20,B,,20,inf,516,24,0,0,24,492,0,0.0,0.0,0.0,480,93.02325581395348,0.0,,,1.0,0.0,refitted,,inf,516,24,0,0,24,492,0,0.0,0.0,0.0,480,93.02325581395348,0.0,,,1.0,0.0,no_alarm,0.0,0,0,0,0,
XGBoost,time,2,fixed,B_r50,B,,50,0.0274993423372507,516,24,14,234,10,258,248,0.5833333333333334,0.0564516129032258,0.4806201550387597,734,142.24806201550388,-90.31007751937985,,,0.4166666666666667,0.4756097560975609,refitted,,0.0274993423372507,516,24,17,293,7,199,310,0.7083333333333334,0.0548387096774193,0.6007751937984496,643,124.6124031007752,-107.94573643410853,,,0.2916666666666667,0.5955284552845529,finite,-17.63565891472868,62,3,59,-3,
XGBoost,time,2,fixed,C_b01_r05,C,0.01,5,inf,516,24,0,0,24,492,0,0.0,0.0,0.0,120,23.25581395348837,0.0,5.0,0.0,1.0,0.0,refitted,0.01,inf,516,24,0,0,24,492,0,0.0,0.0,0.0,120,23.25581395348837,0.0,5.0,0.0,1.0,0.0,no_alarm,0.0,0,0,0,0,0.0
XGBoost,time,2,fixed,C_b01_r10,C,0.01,10,inf,516,24,0,0,24,492,0,0.0,0.0,0.0,240,46.51162790697674,0.0,5.0,0.0,1.0,0.0,refitted,0.01,inf,516,24,0,0,24,492,0,0.0,0.0,0.0,240,46.51162790697674,0.0,5.0,0.0,1.0,0.0,no_alarm,0.0,0,0,0,0,0.0
XGBoost,time,2,fixed,C_b01_r20,C,0.01,20,inf,516,24,0,0,24,492,0,0.0,0.0,0.0,480,93.02325581395348,0.0,5.0,0.0,1.0,0.0,refitted,0.01,inf,516,24,0,0,24,492,0,0.0,0.0,0.0,480,93.02325581395348,0.0,5.0,0.0,1.0,0.0,no_alarm,0.0,0,0,0,0,0.0
XGBoost,time,2,fixed,C_b01_r50,C,0.01,50,inf,516,24,0,0,24,492,0,0.0,0.0,0.0,1200,232.5581395348837,0.0,5.0,0.0,1.0,0.0,refitted,0.01,inf,516,24,0,0,24,492,0,0.0,0.0,0.0,1200,232.5581395348837,0.0,5.0,0.0,1.0,0.0,no_alarm,0.0,0,0,0,0,0.0
XGBoost,time,2,fixed,C_b05_r05,C,0.05,5,inf,516,24,0,0,24,492,0,0.0,0.0,0.0,120,23.25581395348837,0.0,25.0,0.0,1.0,0.0,refitted,0.05,inf,516,24,0,0,24,492,0,0.0,0.0,0.0,120,23.25581395348837,0.0,25.0,0.0,1.0,0.0,no_alarm,0.0,0,0,0,0,0.0
XGBoost,time,2,fixed,C_b05_r10,C,0.05,10,inf,516,24,0,0,24,492,0,0.0,0.0,0.0,240,46.51162790697674,0.0,25.0,0.0,1.0,0.0,refitted,0.05,inf,516,24,0,0,24,492,0,0.0,0.0,0.0,240,46.51162790697674,0.0,25.0,0.0,1.0,0.0,no_alarm,0.0,0,0,0,0,0.0
XGBoost,time,2,fixed,C_b05_r20,C,0.05,20,inf,516,24,0,0,24,492,0,0.0,0.0,0.0,480,93.02325581395348,0.0,25.0,0.0,1.0,0.0,refitted,0.05,inf,516,24,0,0,24,492,0,0.0,0.0,0.0,480,93.02325581395348,0.0,25.0,0.0,1.0,0.0,no_alarm,0.0,0,0,0,0,0.0
XGBoost,time,2,fixed,C_b05_r50,C,0.05,50,inf,516,24,0,0,24,492,0,0.0,0.0,0.0,1200,232.5581395348837,0.0,25.0,0.0,1.0,0.0,refitted,0.05,inf,516,24,0,0,24,492,0,0.0,0.0,0.0,1200,232.5581395348837,0.0,25.0,0.0,1.0,0.0,no_alarm,0.0,0,0,0,0,0.0
XGBoost,time,2,fixed,C_b10_r05,C,0.1,5,inf,516,24,0,0,24,492,0,0.0,0.0,0.0,120,23.25581395348837,0.0,51.0,0.0,1.0,0.0,refitted,0.1,inf,516,24,0,0,24,492,0,0.0,0.0,0.0,120,23.25581395348837,0.0,51.0,0.0,1.0,0.0,no_alarm,0.0,0,0,0,0,0.0
XGBoost,time,2,fixed,C_b10_r10,C,0.1,10,inf,516,24,0,0,24,492,0,0.0,0.0,0.0,240,46.51162790697674,0.0,51.0,0.0,1.0,0.0,refitted,0.1,inf,516,24,0,0,24,492,0,0.0,0.0,0.0,240,46.51162790697674,0.0,51.0,0.0,1.0,0.0,no_alarm,0.0,0,0,0,0,0.0
XGBoost,time,2,fixed,C_b10_r20,C,0.1,20,inf,516,24,0,0,24,492,0,0.0,0.0,0.0,480,93.02325581395348,0.0,51.0,0.0,1.0,0.0,refitted,0.1,inf,516,24,0,0,24,492,0,0.0,0.0,0.0,480,93.02325581395348,0.0,51.0,0.0,1.0,0.0,no_alarm,0.0,0,0,0,0,0.0
XGBoost,time,2,fixed,C_b10_r50,C,0.1,50,inf,516,24,0,0,24,492,0,0.0,0.0,0.0,1200,232.5581395348837,0.0,51.0,0.0,1.0,0.0,refitted,0.1,inf,516,24,0,0,24,492,0,0.0,0.0,0.0,1200,232.5581395348837,0.0,51.0,0.0,1.0,0.0,no_alarm,0.0,0,0,0,0,0.0
XGBoost,time,2,fixed,C_b20_r05,C,0.2,5,inf,516,24,0,0,24,492,0,0.0,0.0,0.0,120,23.25581395348837,0.0,103.0,0.0,1.0,0.0,refitted,0.2,inf,516,24,0,0,24,492,0,0.0,0.0,0.0,120,23.25581395348837,0.0,103.0,0.0,1.0,0.0,no_alarm,0.0,0,0,0,0,0.0
XGBoost,time,2,fixed,C_b20_r10,C,0.2,10,inf,516,24,0,0,24,492,0,0.0,0.0,0.0,240,46.51162790697674,0.0,103.0,0.0,1.0,0.0,refitted,0.2,inf,516,24,0,0,24,492,0,0.0,0.0,0.0,240,46.51162790697674,0.0,103.0,0.0,1.0,0.0,no_alarm,0.0,0,0,0,0,0.0
XGBoost,time,2,fixed,C_b20_r20,C,0.2,20,inf,516,24,0,0,24,492,0,0.0,0.0,0.0,480,93.02325581395348,0.0,103.0,0.0,1.0,0.0,refitted,0.2,inf,516,24,0,0,24,492,0,0.0,0.0,0.0,480,93.02325581395348,0.0,103.0,0.0,1.0,0.0,no_alarm,0.0,0,0,0,0,0.0
XGBoost,time,2,fixed,C_b20_r50,C,0.2,50,inf,516,24,0,0,24,492,0,0.0,0.0,0.0,1200,232.5581395348837,0.0,103.0,0.0,1.0,0.0,refitted,0.2,inf,516,24,0,0,24,492,0,0.0,0.0,0.0,1200,232.5581395348837,0.0,103.0,0.0,1.0,0.0,no_alarm,0.0,0,0,0,0,0.0
XGBoost,time,3,fixed,A_b01,A,0.01,5,0.1847144663333892,516,18,0,6,18,492,6,0.0,0.0,0.0116279069767441,96,18.6046511627907,1.162790697674419,5.0,1.0,1.0,0.0120481927710843,refitted,0.01,0.1847144663333892,516,18,0,6,18,492,6,0.0,0.0,0.0116279069767441,96,18.6046511627907,1.162790697674419,5.0,1.0,1.0,0.0120481927710843,finite,0.0,0,0,0,0,0.0
XGBoost,time,3,fixed,A_b01,A,0.01,10,0.1847144663333892,516,18,0,6,18,492,6,0.0,0.0,0.0116279069767441,186,36.04651162790697,1.162790697674419,5.0,1.0,1.0,0.0120481927710843,refitted,0.01,0.1847144663333892,516,18,0,6,18,492,6,0.0,0.0,0.0116279069767441,186,36.04651162790697,1.162790697674419,5.0,1.0,1.0,0.0120481927710843,finite,0.0,0,0,0,0,0.0
XGBoost,time,3,fixed,A_b01,A,0.01,20,0.1847144663333892,516,18,0,6,18,492,6,0.0,0.0,0.0116279069767441,366,70.93023255813954,1.162790697674419,5.0,1.0,1.0,0.0120481927710843,refitted,0.01,0.1847144663333892,516,18,0,6,18,492,6,0.0,0.0,0.0116279069767441,366,70.93023255813954,1.162790697674419,5.0,1.0,1.0,0.0120481927710843,finite,0.0,0,0,0,0,0.0
XGBoost,time,3,fixed,A_b01,A,0.01,50,0.1847144663333892,516,18,0,6,18,492,6,0.0,0.0,0.0116279069767441,906,175.58139534883722,1.162790697674419,5.0,1.0,1.0,0.0120481927710843,refitted,0.01,0.1847144663333892,516,18,0,6,18,492,6,0.0,0.0,0.0116279069767441,906,175.58139534883722,1.162790697674419,5.0,1.0,1.0,0.0120481927710843,finite,0.0,0,0,0,0,0.0
XGBoost,time,3,fixed,A_b05,A,0.05,5,0.115551546216011,516,18,3,31,15,467,34,0.1666666666666666,0.088235294117647,0.065891472868217,106,20.54263565891473,3.10077519379845,25.0,9.0,0.8333333333333334,0.0622489959839357,refitted,0.05,0.115551546216011,516,18,3,30,15,468,33,0.1666666666666666,0.0909090909090909,0.063953488372093,105,20.348837209302324,2.9069767441860463,25.0,8.0,0.8333333333333334,0.0602409638554216,finite,-0.19379844961240522,-1,0,-1,0,-1.0
XGBoost,time,3,fixed,A_b05,A,0.05,10,0.115551546216011,516,18,3,31,15,467,34,0.1666666666666666,0.088235294117647,0.065891472868217,181,35.07751937984496,0.1937984496124031,25.0,9.0,0.8333333333333334,0.0622489959839357,refitted,0.05,0.115551546216011,516,18,3,30,15,468,33,0.1666666666666666,0.0909090909090909,0.063953488372093,180,34.88372093023256,0.0,25.0,8.0,0.8333333333333334,0.0602409638554216,finite,-0.19379844961239456,-1,0,-1,0,-1.0
XGBoost,time,3,fixed,A_b05,A,0.05,20,0.115551546216011,516,18,3,31,15,467,34,0.1666666666666666,0.088235294117647,0.065891472868217,331,64.14728682170542,-5.62015503875969,25.0,9.0,0.8333333333333334,0.0622489959839357,refitted,0.05,0.115551546216011,516,18,3,30,15,468,33,0.1666666666666666,0.0909090909090909,0.063953488372093,330,63.95348837209303,-5.813953488372093,25.0,8.0,0.8333333333333334,0.0602409638554216,finite,-0.19379844961239456,-1,0,-1,0,-1.0
XGBoost,time,3,fixed,A_b05,A,0.05,50,0.115551546216011,516,18,3,31,15,467,34,0.1666666666666666,0.088235294117647,0.065891472868217,781,151.35658914728683,-23.06201550387597,25.0,9.0,0.8333333333333334,0.0622489959839357,refitted,0.05,0.115551546216011,516,18,3,30,15,468,33,0.1666666666666666,0.0909090909090909,0.063953488372093,780,151.1627906976744,-23.25581395348837,25.0,8.0,0.8333333333333334,0.0602409638554216,finite,-0.19379844961241588,-1,0,-1,0,-1.0
XGBoost,time,3,fixed,A_b10,A,0.1,5,0.0930024236440658,516,18,4,49,14,449,53,0.2222222222222222,0.0754716981132075,0.1027131782945736,119,23.06201550387597,5.62015503875969,51.0,2.0,0.7777777777777778,0.0983935742971887,refitted,0.1,0.0930024236440658,516,18,4,44,14,454,48,0.2222222222222222,0.0833333333333333,0.0930232558139534,114,22.093023255813957,4.651162790697675,51.0,0.0,0.7777777777777778,0.0883534136546184,finite,-0.9689922480620119,-5,0,-5,0,-2.0
XGBoost,time,3,fixed,A_b10,A,0.1,10,0.0930024236440658,516,18,4,49,14,449,53,0.2222222222222222,0.0754716981132075,0.1027131782945736,189,36.627906976744185,1.744186046511628,51.0,2.0,0.7777777777777778,0.0983935742971887,refitted,0.1,0.0930024236440658,516,18,4,44,14,454,48,0.2222222222222222,0.0833333333333333,0.0930232558139534,184,35.65891472868217,0.7751937984496124,51.0,0.0,0.7777777777777778,0.0883534136546184,finite,-0.9689922480620154,-5,0,-5,0,-2.0
XGBoost,time,3,fixed,A_b10,A,0.1,20,0.0930024236440658,516,18,4,49,14,449,53,0.2222222222222222,0.0754716981132075,0.1027131782945736,329,63.75968992248062,-6.007751937984496,51.0,2.0,0.7777777777777778,0.0983935742971887,refitted,0.1,0.0930024236440658,516,18,4,44,14,454,48,0.2222222222222222,0.0833333333333333,0.0930232558139534,324,62.7906976744186,-6.976744186046512,51.0,0.0,0.7777777777777778,0.0883534136546184,finite,-0.9689922480620154,-5,0,-5,0,-2.0
XGBoost,time,3,fixed,A_b10,A,0.1,50,0.0930024236440658,516,18,4,49,14,449,53,0.2222222222222222,0.0754716981132075,0.1027131782945736,749,145.15503875968992,-29.26356589147287,51.0,2.0,0.7777777777777778,0.0983935742971887,refitted,0.1,0.0930024236440658,516,18,4,44,14,454,48,0.2222222222222222,0.0833333333333333,0.0930232558139534,744,144.1860465116279,-30.232558139534884,51.0,0.0,0.7777777777777778,0.0883534136546184,finite,-0.9689922480620226,-5,0,-5,0,-2.0
XGBoost,time,3,fixed,A_b20,A,0.2,5,0.0620892755687236,516,18,7,105,11,393,112,0.3888888888888889,0.0625,0.2170542635658914,160,31.00775193798449,13.565891472868216,103.0,9.0,0.6111111111111112,0.2108433734939759,refitted,0.2,0.0620892755687236,516,18,8,128,10,370,136,0.4444444444444444,0.0588235294117647,0.2635658914728682,178,34.49612403100775,17.05426356589147,103.0,33.0,0.5555555555555556,0.2570281124497992,finite,3.488372093023262,24,1,23,-1,24.0
XGBoost,time,3,fixed,A_b20,A,0.2,10,0.0620892755687236,516,18,7,105,11,393,112,0.3888888888888889,0.0625,0.2170542635658914,215,41.66666666666666,6.782945736434108,103.0,9.0,0.6111111111111112,0.2108433734939759,refitted,0.2,0.0620892755687236,516,18,8,128,10,370,136,0.4444444444444444,0.0588235294117647,0.2635658914728682,228,44.18604651162791,9.30232558139535,103.0,33.0,0.5555555555555556,0.2570281124497992,finite,2.51937984496125,24,1,23,-1,24.0
XGBoost,time,3,fixed,A_b20,A,0.2,20,0.0620892755687236,516,18,7,105,11,393,112,0.3888888888888889,0.0625,0.2170542635658914,325,62.98449612403101,-6.782945736434108,103.0,9.0,0.6111111111111112,0.2108433734939759,refitted,0.2,0.0620892755687236,516,18,8,128,10,370,136,0.4444444444444444,0.0588235294117647,0.2635658914728682,328,63.565891472868216,-6.2015503875969,103.0,33.0,0.5555555555555556,0.2570281124497992,finite,0.581395348837205,24,1,23,-1,24.0
XGBoost,time,3,fixed,A_b20,A,0.2,50,0.0620892755687236,516,18,7,105,11,393,112,0.3888888888888889,0.0625,0.2170542635658914,655,126.93798449612405,-47.48062015503876,103.0,9.0,0.6111111111111112,0.2108433734939759,refitted,0.2,0.0620892755687236,516,18,8,128,10,370,136,0.4444444444444444,0.0588235294117647,0.2635658914728682,628,121.70542635658914,-52.713178294573645,103.0,33.0,0.5555555555555556,0.2570281124497992,finite,-5.232558139534902,24,1,23,-1,24.0
XGBoost,time,3,fixed,B_r05,B,,5,0.1392924785614013,516,18,1,16,17,482,17,0.0555555555555555,0.0588235294117647,0.0329457364341085,101,19.573643410852718,2.131782945736434,,,0.9444444444444444,0.0321285140562249,refitted,,0.1392924785614013,516,18,1,18,17,480,19,0.0555555555555555,0.0526315789473684,0.0368217054263565,103,19.96124031007752,2.5193798449612403,,,0.9444444444444444,0.036144578313253,finite,0.38759689922480334,2,0,2,0,
XGBoost,time,3,fixed,B_r10,B,,10,0.1392924785614013,516,18,1,16,17,482,17,0.0555555555555555,0.0588235294117647,0.0329457364341085,186,36.04651162790697,1.162790697674419,,,0.9444444444444444,0.0321285140562249,refitted,,0.1392924785614013,516,18,1,18,17,480,19,0.0555555555555555,0.0526315789473684,0.0368217054263565,188,36.43410852713178,1.550387596899225,,,0.9444444444444444,0.036144578313253,finite,0.38759689922480334,2,0,2,0,
XGBoost,time,3,fixed,B_r20,B,,20,0.0212721042335033,516,18,12,308,6,190,320,0.6666666666666666,0.0375,0.6201550387596899,428,82.94573643410853,13.178294573643411,,,0.3333333333333333,0.6184738955823293,refitted,,0.0212721042335033,516,18,15,371,3,127,386,0.8333333333333334,0.038860103626943,0.748062015503876,431,83.52713178294573,13.75968992248062,,,0.1666666666666666,0.7449799196787149,finite,0.581395348837205,66,3,63,-3,
XGBoost,time,3,fixed,B_r50,B,,50,0.0154421813786029,516,18,16,428,2,70,444,0.8888888888888888,0.036036036036036,0.8604651162790697,528,102.32558139534883,-72.09302325581395,,,0.1111111111111111,0.8594377510040161,refitted,,0.0154421813786029,516,18,16,421,2,77,437,0.8888888888888888,0.0366132723112128,0.8468992248062015,521,100.96899224806202,-73.44961240310077,,,0.1111111111111111,0.8453815261044176,finite,-1.3565891472868117,-7,0,-7,0,
XGBoost,time,3,fixed,C_b01_r05,C,0.01,5,inf,516,18,0,0,18,498,0,0.0,0.0,0.0,90,17.441860465116278,0.0,5.0,0.0,1.0,0.0,refitted,0.01,inf,516,18,0,0,18,498,0,0.0,0.0,0.0,90,17.441860465116278,0.0,5.0,0.0,1.0,0.0,no_alarm,0.0,0,0,0,0,0.0
XGBoost,time,3,fixed,C_b01_r10,C,0.01,10,inf,516,18,0,0,18,498,0,0.0,0.0,0.0,180,34.88372093023256,0.0,5.0,0.0,1.0,0.0,refitted,0.01,inf,516,18,0,0,18,498,0,0.0,0.0,0.0,180,34.88372093023256,0.0,5.0,0.0,1.0,0.0,no_alarm,0.0,0,0,0,0,0.0
XGBoost,time,3,fixed,C_b01_r20,C,0.01,20,inf,516,18,0,0,18,498,0,0.0,0.0,0.0,360,69.76744186046511,0.0,5.0,0.0,1.0,0.0,refitted,0.01,inf,516,18,0,0,18,498,0,0.0,0.0,0.0,360,69.76744186046511,0.0,5.0,0.0,1.0,0.0,no_alarm,0.0,0,0,0,0,0.0
XGBoost,time,3,fixed,C_b01_r50,C,0.01,50,inf,516,18,0,0,18,498,0,0.0,0.0,0.0,900,174.41860465116278,0.0,5.0,0.0,1.0,0.0,refitted,0.01,inf,516,18,0,0,18,498,0,0.0,0.0,0.0,900,174.41860465116278,0.0,5.0,0.0,1.0,0.0,no_alarm,0.0,0,0,0,0,0.0
XGBoost,time,3,fixed,C_b05_r05,C,0.05,5,0.1392924785614013,516,18,1,16,17,482,17,0.0555555555555555,0.0588235294117647,0.0329457364341085,101,19.573643410852718,2.131782945736434,25.0,0.0,0.9444444444444444,0.0321285140562249,refitted,0.05,0.1392924785614013,516,18,1,18,17,480,19,0.0555555555555555,0.0526315789473684,0.0368217054263565,103,19.96124031007752,2.5193798449612403,25.0,0.0,0.9444444444444444,0.036144578313253,finite,0.38759689922480334,2,0,2,0,0.0
XGBoost,time,3,fixed,C_b05_r10,C,0.05,10,0.1392924785614013,516,18,1,16,17,482,17,0.0555555555555555,0.0588235294117647,0.0329457364341085,186,36.04651162790697,1.162790697674419,25.0,0.0,0.9444444444444444,0.0321285140562249,refitted,0.05,0.1392924785614013,516,18,1,18,17,480,19,0.0555555555555555,0.0526315789473684,0.0368217054263565,188,36.43410852713178,1.550387596899225,25.0,0.0,0.9444444444444444,0.036144578313253,finite,0.38759689922480334,2,0,2,0,0.0
XGBoost,time,3,fixed,C_b05_r20,C,0.05,20,0.1392924785614013,516,18,1,16,17,482,17,0.0555555555555555,0.0588235294117647,0.0329457364341085,356,68.9922480620155,-0.7751937984496124,25.0,0.0,0.9444444444444444,0.0321285140562249,refitted,0.05,0.1392924785614013,516,18,1,18,17,480,19,0.0555555555555555,0.0526315789473684,0.0368217054263565,358,69.37984496124031,-0.3875968992248062,25.0,0.0,0.9444444444444444,0.036144578313253,finite,0.38759689922480334,2,0,2,0,0.0
XGBoost,time,3,fixed,C_b05_r50,C,0.05,50,0.1392924785614013,516,18,1,16,17,482,17,0.0555555555555555,0.0588235294117647,0.0329457364341085,866,167.8294573643411,-6.589147286821706,25.0,0.0,0.9444444444444444,0.0321285140562249,refitted,0.05,0.1392924785614013,516,18,1,18,17,480,19,0.0555555555555555,0.0526315789473684,0.0368217054263565,868,168.2170542635659,-6.2015503875969,25.0,0.0,0.9444444444444444,0.036144578313253,finite,0.38759689922480334,2,0,2,0,0.0
XGBoost,time,3,fixed,C_b10_r05,C,0.1,5,0.1392924785614013,516,18,1,16,17,482,17,0.0555555555555555,0.0588235294117647,0.0329457364341085,101,19.573643410852718,2.131782945736434,51.0,0.0,0.9444444444444444,0.0321285140562249,refitted,0.1,0.1392924785614013,516,18,1,18,17,480,19,0.0555555555555555,0.0526315789473684,0.0368217054263565,103,19.96124031007752,2.5193798449612403,51.0,0.0,0.9444444444444444,0.036144578313253,finite,0.38759689922480334,2,0,2,0,0.0
XGBoost,time,3,fixed,C_b10_r10,C,0.1,10,0.1392924785614013,516,18,1,16,17,482,17,0.0555555555555555,0.0588235294117647,0.0329457364341085,186,36.04651162790697,1.162790697674419,51.0,0.0,0.9444444444444444,0.0321285140562249,refitted,0.1,0.1392924785614013,516,18,1,18,17,480,19,0.0555555555555555,0.0526315789473684,0.0368217054263565,188,36.43410852713178,1.550387596899225,51.0,0.0,0.9444444444444444,0.036144578313253,finite,0.38759689922480334,2,0,2,0,0.0
XGBoost,time,3,fixed,C_b10_r20,C,0.1,20,0.0930024236440658,516,18,4,49,14,449,53,0.2222222222222222,0.0754716981132075,0.1027131782945736,329,63.75968992248062,-6.007751937984496,51.0,2.0,0.7777777777777778,0.0983935742971887,refitted,0.1,0.0930024236440658,516,18,4,44,14,454,48,0.2222222222222222,0.0833333333333333,0.0930232558139534,324,62.7906976744186,-6.976744186046512,51.0,0.0,0.7777777777777778,0.0883534136546184,finite,-0.9689922480620154,-5,0,-5,0,-2.0
XGBoost,time,3,fixed,C_b10_r50,C,0.1,50,0.0930024236440658,516,18,4,49,14,449,53,0.2222222222222222,0.0754716981132075,0.1027131782945736,749,145.15503875968992,-29.26356589147287,51.0,2.0,0.7777777777777778,0.0983935742971887,refitted,0.1,0.0930024236440658,516,18,4,44,14,454,48,0.2222222222222222,0.0833333333333333,0.0930232558139534,744,144.1860465116279,-30.232558139534884,51.0,0.0,0.7777777777777778,0.0883534136546184,finite,-0.9689922480620226,-5,0,-5,0,-2.0
XGBoost,time,3,fixed,C_b20_r05,C,0.2,5,0.1392924785614013,516,18,1,16,17,482,17,0.0555555555555555,0.0588235294117647,0.0329457364341085,101,19.573643410852718,2.131782945736434,103.0,0.0,0.9444444444444444,0.0321285140562249,refitted,0.2,0.1392924785614013,516,18,1,18,17,480,19,0.0555555555555555,0.0526315789473684,0.0368217054263565,103,19.96124031007752,2.5193798449612403,103.0,0.0,0.9444444444444444,0.036144578313253,finite,0.38759689922480334,2,0,2,0,0.0
XGBoost,time,3,fixed,C_b20_r10,C,0.2,10,0.1392924785614013,516,18,1,16,17,482,17,0.0555555555555555,0.0588235294117647,0.0329457364341085,186,36.04651162790697,1.162790697674419,103.0,0.0,0.9444444444444444,0.0321285140562249,refitted,0.2,0.1392924785614013,516,18,1,18,17,480,19,0.0555555555555555,0.0526315789473684,0.0368217054263565,188,36.43410852713178,1.550387596899225,103.0,0.0,0.9444444444444444,0.036144578313253,finite,0.38759689922480334,2,0,2,0,0.0
XGBoost,time,3,fixed,C_b20_r20,C,0.2,20,0.0930024236440658,516,18,4,49,14,449,53,0.2222222222222222,0.0754716981132075,0.1027131782945736,329,63.75968992248062,-6.007751937984496,103.0,0.0,0.7777777777777778,0.0983935742971887,refitted,0.2,0.0930024236440658,516,18,4,44,14,454,48,0.2222222222222222,0.0833333333333333,0.0930232558139534,324,62.7906976744186,-6.976744186046512,103.0,0.0,0.7777777777777778,0.0883534136546184,finite,-0.9689922480620154,-5,0,-5,0,0.0
XGBoost,time,3,fixed,C_b20_r50,C,0.2,50,0.0699763149023056,516,18,5,88,13,410,93,0.2777777777777778,0.053763440860215,0.1802325581395348,738,143.02325581395348,-31.3953488372093,103.0,0.0,0.7222222222222222,0.1767068273092369,refitted,0.2,0.0699763149023056,516,18,6,81,12,417,87,0.3333333333333333,0.0689655172413793,0.1686046511627907,681,131.97674418604652,-42.44186046511628,103.0,0.0,0.6666666666666666,0.1626506024096385,finite,-11.046511627906966,-6,1,-7,-1,0.0
XGBoost,holdout,0,fixed,A_b01,A,0.01,5,0.3822552859783172,774,26,1,0,25,748,1,0.0384615384615384,1.0,0.0012919896640826,125,16.149870801033593,-0.6459948320413437,7.0,0.0,0.9615384615384616,0.0,refitted,0.01,0.3822552859783172,774,26,0,0,26,748,0,0.0,0.0,0.0,130,16.795865633074936,0.0,7.0,0.0,1.0,0.0,finite,0.6459948320413424,-1,-1,0,1,0.0
XGBoost,holdout,0,fixed,A_b01,A,0.01,10,0.3822552859783172,774,26,1,0,25,748,1,0.0384615384615384,1.0,0.0012919896640826,250,32.299741602067186,-1.2919896640826871,7.0,0.0,0.9615384615384616,0.0,refitted,0.01,0.3822552859783172,774,26,0,0,26,748,0,0.0,0.0,0.0,260,33.59173126614987,0.0,7.0,0.0,1.0,0.0,finite,1.291989664082685,-1,-1,0,1,0.0
XGBoost,holdout,0,fixed,A_b01,A,0.01,20,0.3822552859783172,774,26,1,0,25,748,1,0.0384615384615384,1.0,0.0012919896640826,500,64.59948320413437,-2.5839793281653747,7.0,0.0,0.9615384615384616,0.0,refitted,0.01,0.3822552859783172,774,26,0,0,26,748,0,0.0,0.0,0.0,520,67.18346253229974,0.0,7.0,0.0,1.0,0.0,finite,2.58397932816537,-1,-1,0,1,0.0
XGBoost,holdout,0,fixed,A_b01,A,0.01,50,0.3822552859783172,774,26,1,0,25,748,1,0.0384615384615384,1.0,0.0012919896640826,1250,161.49870801033592,-6.459948320413437,7.0,0.0,0.9615384615384616,0.0,refitted,0.01,0.3822552859783172,774,26,0,0,26,748,0,0.0,0.0,0.0,1300,167.95865633074936,0.0,7.0,0.0,1.0,0.0,finite,6.459948320413446,-1,-1,0,1,0.0
XGBoost,holdout,0,fixed,A_b05,A,0.05,5,0.2313634604215622,774,26,2,12,24,736,14,0.0769230769230769,0.1428571428571428,0.0180878552971576,132,17.05426356589147,0.2583979328165374,38.0,0.0,0.9230769230769232,0.0160427807486631,refitted,0.05,0.2313634604215622,774,26,0,6,26,742,6,0.0,0.0,0.0077519379844961,136,17.57105943152455,0.7751937984496124,38.0,0.0,1.0,0.0080213903743315,finite,0.5167958656330782,-8,-2,-6,2,0.0
XGBoost,holdout,0,fixed,A_b05,A,0.05,10,0.2313634604215622,774,26,2,12,24,736,14,0.0769230769230769,0.1428571428571428,0.0180878552971576,252,32.55813953488372,-1.0335917312661498,38.0,0.0,0.9230769230769232,0.0160427807486631,refitted,0.05,0.2313634604215622,774,26,0,6,26,742,6,0.0,0.0,0.0077519379844961,266,34.366925064599485,0.7751937984496124,38.0,0.0,1.0,0.0080213903743315,finite,1.8087855297157631,-8,-2,-6,2,0.0
XGBoost,holdout,0,fixed,A_b05,A,0.05,20,0.2313634604215622,774,26,2,12,24,736,14,0.0769230769230769,0.1428571428571428,0.0180878552971576,492,63.565891472868216,-3.617571059431525,38.0,0.0,0.9230769230769232,0.0160427807486631,refitted,0.05,0.2313634604215622,774,26,0,6,26,742,6,0.0,0.0,0.0077519379844961,526,67.95865633074935,0.7751937984496124,38.0,0.0,1.0,0.0080213903743315,finite,4.392764857881133,-8,-2,-6,2,0.0
XGBoost,holdout,0,fixed,A_b05,A,0.05,50,0.2313634604215622,774,26,2,12,24,736,14,0.0769230769230769,0.1428571428571428,0.0180878552971576,1212,156.5891472868217,-11.369509043927648,38.0,0.0,0.9230769230769232,0.0160427807486631,refitted,0.05,0.2313634604215622,774,26,0,6,26,742,6,0.0,0.0,0.0077519379844961,1306,168.73385012919897,0.7751937984496124,38.0,0.0,1.0,0.0080213903743315,finite,12.144702842377257,-8,-2,-6,2,0.0
XGBoost,holdout,0,fixed,A_b10,A,0.1,5,0.1650644838809967,774,26,2,33,24,715,35,0.0769230769230769,0.0571428571428571,0.045219638242894,153,19.76744186046512,2.9715762273901807,77.0,0.0,0.9230769230769232,0.0441176470588235,refitted,0.1,0.1650644838809967,774,26,3,27,23,721,30,0.1153846153846153,0.1,0.0387596899224806,142,18.34625322997416,1.550387596899225,77.0,0.0,0.8846153846153846,0.0360962566844919,finite,-1.4211886304909598,-5,1,-6,-1,0.0
XGBoost,holdout,0,fixed,A_b10,A,0.1,10,0.1650644838809967,774,26,2,33,24,715,35,0.0769230769230769,0.0571428571428571,0.045219638242894,273,35.27131782945737,1.6795865633074936,77.0,0.0,0.9230769230769232,0.0441176470588235,refitted,0.1,0.1650644838809967,774,26,3,27,23,721,30,0.1153846153846153,0.1,0.0387596899224806,257,33.20413436692507,-0.3875968992248062,77.0,0.0,0.8846153846153846,0.0360962566844919,finite,-2.0671834625322987,-5,1,-6,-1,0.0
XGBoost,holdout,0,fixed,A_b10,A,0.1,20,0.1650644838809967,774,26,2,33,24,715,35,0.0769230769230769,0.0571428571428571,0.045219638242894,513,66.27906976744185,-0.9043927648578812,77.0,0.0,0.9230769230769232,0.0441176470588235,refitted,0.1,0.1650644838809967,774,26,3,27,23,721,30,0.1153846153846153,0.1,0.0387596899224806,487,62.91989664082687,-4.263565891472868,77.0,0.0,0.8846153846153846,0.0360962566844919,finite,-3.3591731266149836,-5,1,-6,-1,0.0
XGBoost,holdout,0,fixed,A_b10,A,0.1,50,0.1650644838809967,774,26,2,33,24,715,35,0.0769230769230769,0.0571428571428571,0.045219638242894,1233,159.30232558139534,-8.656330749354005,77.0,0.0,0.9230769230769232,0.0441176470588235,refitted,0.1,0.1650644838809967,774,26,3,27,23,721,30,0.1153846153846153,0.1,0.0387596899224806,1177,152.0671834625323,-15.891472868217054,77.0,0.0,0.8846153846153846,0.0360962566844919,finite,-7.235142118863024,-5,1,-6,-1,0.0
XGBoost,holdout,0,fixed,A_b20,A,0.2,5,0.0934135690331459,774,26,7,78,19,670,85,0.2692307692307692,0.0823529411764705,0.1098191214470284,173,22.35142118863049,5.555555555555555,154.0,0.0,0.7307692307692307,0.1042780748663101,refitted,0.2,0.0934135690331459,774,26,6,78,20,670,84,0.2307692307692307,0.0714285714285714,0.1085271317829457,178,22.997416020671835,6.2015503875969,154.0,0.0,0.7692307692307693,0.1042780748663101,finite,0.645994832041346,-1,-1,0,1,0.0
XGBoost,holdout,0,fixed,A_b20,A,0.2,10,0.0934135690331459,774,26,7,78,19,670,85,0.2692307692307692,0.0823529411764705,0.1098191214470284,268,34.62532299741602,1.0335917312661498,154.0,0.0,0.7307692307692307,0.1042780748663101,refitted,0.2,0.0934135690331459,774,26,6,78,20,670,84,0.2307692307692307,0.0714285714285714,0.1085271317829457,278,35.917312661498705,2.3255813953488373,154.0,0.0,0.7692307692307693,0.1042780748663101,finite,1.291989664082685,-1,-1,0,1,0.0
XGBoost,holdout,0,fixed,A_b20,A,0.2,20,0.0934135690331459,774,26,7,78,19,670,85,0.2692307692307692,0.0823529411764705,0.1098191214470284,458,59.17312661498708,-8.010335917312661,154.0,0.0,0.7307692307692307,0.1042780748663101,refitted,0.2,0.0934135690331459,774,26,6,78,20,670,84,0.2307692307692307,0.0714285714285714,0.1085271317829457,478,61.75710594315245,-5.426356589147287,154.0,0.0,0.7692307692307693,0.1042780748663101,finite,2.58397932816537,-1,-1,0,1,0.0
XGBoost,holdout,0,fixed,A_b20,A,0.2,50,0.0934135690331459,774,26,7,78,19,670,85,0.2692307692307692,0.0823529411764705,0.1098191214470284,1028,132.81653746770027,-35.1421188630491,154.0,0.0,0.7307692307692307,0.1042780748663101,refitted,0.2,0.0934135690331459,774,26,6,78,20,670,84,0.2307692307692307,0.0714285714285714,0.1085271317829457,1078,139.2764857881137,-28.68217054263566,154.0,0.0,0.7692307692307693,0.1042780748663101,finite,6.459948320413417,-1,-1,0,1,0.0
XGBoost,holdout,0,fixed,B_r05,B,,5,inf,774,26,0,0,26,748,0,0.0,0.0,0.0,130,16.795865633074936,0.0,,,1.0,0.0,refitted,,inf,774,26,0,0,26,748,0,0.0,0.0,0.0,130,16.795865633074936,0.0,,,1.0,0.0,no_alarm,0.0,0,0,0,0,
XGBoost,holdout,0,fixed,B_r10,B,,10,0.1280456930398941,774,26,6,57,20,691,63,0.2307692307692307,0.0952380952380952,0.0813953488372093,257,33.20413436692507,-0.3875968992248062,,,0.7692307692307693,0.0762032085561497,refitted,,0.1280456930398941,774,26,4,44,22,704,48,0.1538461538461538,0.0833333333333333,0.0620155038759689,264,34.10852713178294,0.5167958656330749,,,0.8461538461538461,0.0588235294117647,finite,0.9043927648578745,-15,-2,-13,2,
XGBoost,holdout,0,fixed,B_r20,B,,20,0.0154908513650298,774,26,21,551,5,197,572,0.8076923076923077,0.0367132867132867,0.7390180878552972,651,84.10852713178295,16.925064599483203,,,0.1923076923076923,0.7366310160427807,refitted,,0.0154908513650298,774,26,24,621,2,127,645,0.9230769230769232,0.0372093023255813,0.8333333333333334,661,85.40051679586563,18.21705426356589,,,0.0769230769230769,0.8302139037433155,finite,1.2919896640826778,73,3,70,-3,
XGBoost,holdout,0,fixed,B_r50,B,,50,0.0096515342593193,774,26,26,733,0,15,759,1.0,0.0342555994729907,0.9806201550387597,733,94.70284237726098,-73.25581395348837,,,0.0,0.9799465240641712,refitted,,0.0096515342593193,774,26,26,735,0,13,761,1.0,0.0341655716162943,0.9832041343669252,735,94.96124031007751,-72.99741602067184,,,0.0,0.982620320855615,finite,0.25839793281653556,2,0,2,0,
XGBoost,holdout,0,fixed,C_b01_r05,C,0.01,5,inf,774,26,0,0,26,748,0,0.0,0.0,0.0,130,16.795865633074936,0.0,7.0,0.0,1.0,0.0,refitted,0.01,inf,774,26,0,0,26,748,0,0.0,0.0,0.0,130,16.795865633074936,0.0,7.0,0.0,1.0,0.0,no_alarm,0.0,0,0,0,0,0.0
XGBoost,holdout,0,fixed,C_b01_r10,C,0.01,10,inf,774,26,0,0,26,748,0,0.0,0.0,0.0,260,33.59173126614987,0.0,7.0,0.0,1.0,0.0,refitted,0.01,inf,774,26,0,0,26,748,0,0.0,0.0,0.0,260,33.59173126614987,0.0,7.0,0.0,1.0,0.0,no_alarm,0.0,0,0,0,0,0.0
XGBoost,holdout,0,fixed,C_b01_r20,C,0.01,20,inf,774,26,0,0,26,748,0,0.0,0.0,0.0,520,67.18346253229974,0.0,7.0,0.0,1.0,0.0,refitted,0.01,inf,774,26,0,0,26,748,0,0.0,0.0,0.0,520,67.18346253229974,0.0,7.0,0.0,1.0,0.0,no_alarm,0.0,0,0,0,0,0.0
XGBoost,holdout,0,fixed,C_b01_r50,C,0.01,50,inf,774,26,0,0,26,748,0,0.0,0.0,0.0,1300,167.95865633074936,0.0,7.0,0.0,1.0,0.0,refitted,0.01,inf,774,26,0,0,26,748,0,0.0,0.0,0.0,1300,167.95865633074936,0.0,7.0,0.0,1.0,0.0,no_alarm,0.0,0,0,0,0,0.0
XGBoost,holdout,0,fixed,C_b05_r05,C,0.05,5,inf,774,26,0,0,26,748,0,0.0,0.0,0.0,130,16.795865633074936,0.0,38.0,0.0,1.0,0.0,refitted,0.05,inf,774,26,0,0,26,748,0,0.0,0.0,0.0,130,16.795865633074936,0.0,38.0,0.0,1.0,0.0,no_alarm,0.0,0,0,0,0,0.0
XGBoost,holdout,0,fixed,C_b05_r10,C,0.05,10,inf,774,26,0,0,26,748,0,0.0,0.0,0.0,260,33.59173126614987,0.0,38.0,0.0,1.0,0.0,refitted,0.05,inf,774,26,0,0,26,748,0,0.0,0.0,0.0,260,33.59173126614987,0.0,38.0,0.0,1.0,0.0,no_alarm,0.0,0,0,0,0,0.0
XGBoost,holdout,0,fixed,C_b05_r20,C,0.05,20,inf,774,26,0,0,26,748,0,0.0,0.0,0.0,520,67.18346253229974,0.0,38.0,0.0,1.0,0.0,refitted,0.05,inf,774,26,0,0,26,748,0,0.0,0.0,0.0,520,67.18346253229974,0.0,38.0,0.0,1.0,0.0,no_alarm,0.0,0,0,0,0,0.0
XGBoost,holdout,0,fixed,C_b05_r50,C,0.05,50,inf,774,26,0,0,26,748,0,0.0,0.0,0.0,1300,167.95865633074936,0.0,38.0,0.0,1.0,0.0,refitted,0.05,inf,774,26,0,0,26,748,0,0.0,0.0,0.0,1300,167.95865633074936,0.0,38.0,0.0,1.0,0.0,no_alarm,0.0,0,0,0,0,0.0
XGBoost,holdout,0,fixed,C_b10_r05,C,0.1,5,inf,774,26,0,0,26,748,0,0.0,0.0,0.0,130,16.795865633074936,0.0,77.0,0.0,1.0,0.0,refitted,0.1,inf,774,26,0,0,26,748,0,0.0,0.0,0.0,130,16.795865633074936,0.0,77.0,0.0,1.0,0.0,no_alarm,0.0,0,0,0,0,0.0
XGBoost,holdout,0,fixed,C_b10_r10,C,0.1,10,inf,774,26,0,0,26,748,0,0.0,0.0,0.0,260,33.59173126614987,0.0,77.0,0.0,1.0,0.0,refitted,0.1,inf,774,26,0,0,26,748,0,0.0,0.0,0.0,260,33.59173126614987,0.0,77.0,0.0,1.0,0.0,no_alarm,0.0,0,0,0,0,0.0
XGBoost,holdout,0,fixed,C_b10_r20,C,0.1,20,0.1681224256753921,774,26,2,29,24,719,31,0.0769230769230769,0.064516129032258,0.0400516795865633,509,65.76227390180878,-1.421188630490956,77.0,0.0,0.9230769230769232,0.0387700534759358,refitted,0.1,0.1681224256753921,774,26,3,26,23,722,29,0.1153846153846153,0.1034482758620689,0.0374677002583979,486,62.7906976744186,-4.392764857881137,77.0,0.0,0.8846153846153846,0.03475935828877,finite,-2.9715762273901802,-2,1,-3,-1,0.0
XGBoost,holdout,0,fixed,C_b10_r50,C,0.1,50,0.1681224256753921,774,26,2,29,24,719,31,0.0769230769230769,0.064516129032258,0.0400516795865633,1229,158.78552971576227,-9.17312661498708,77.0,0.0,0.9230769230769232,0.0387700534759358,refitted,0.1,0.1681224256753921,774,26,3,26,23,722,29,0.1153846153846153,0.1034482758620689,0.0374677002583979,1176,151.93798449612405,-16.020671834625322,77.0,0.0,0.8846153846153846,0.03475935828877,finite,-6.847545219638221,-2,1,-3,-1,0.0
XGBoost,holdout,0,fixed,C_b20_r05,C,0.2,5,inf,774,26,0,0,26,748,0,0.0,0.0,0.0,130,16.795865633074936,0.0,154.0,0.0,1.0,0.0,refitted,0.2,inf,774,26,0,0,26,748,0,0.0,0.0,0.0,130,16.795865633074936,0.0,154.0,0.0,1.0,0.0,no_alarm,0.0,0,0,0,0,0.0
XGBoost,holdout,0,fixed,C_b20_r10,C,0.2,10,0.1280456930398941,774,26,6,57,20,691,63,0.2307692307692307,0.0952380952380952,0.0813953488372093,257,33.20413436692507,-0.3875968992248062,154.0,0.0,0.7692307692307693,0.0762032085561497,refitted,0.2,0.1280456930398941,774,26,4,44,22,704,48,0.1538461538461538,0.0833333333333333,0.0620155038759689,264,34.10852713178294,0.5167958656330749,154.0,0.0,0.8461538461538461,0.0588235294117647,finite,0.9043927648578745,-15,-2,-13,2,0.0
XGBoost,holdout,0,fixed,C_b20_r20,C,0.2,20,0.1280456930398941,774,26,6,57,20,691,63,0.2307692307692307,0.0952380952380952,0.0813953488372093,457,59.04392764857881,-8.13953488372093,154.0,0.0,0.7692307692307693,0.0762032085561497,refitted,0.2,0.1280456930398941,774,26,4,44,22,704,48,0.1538461538461538,0.0833333333333333,0.0620155038759689,484,62.53229974160207,-4.651162790697675,154.0,0.0,0.8461538461538461,0.0588235294117647,finite,3.4883720930232585,-15,-2,-13,2,0.0
XGBoost,holdout,0,fixed,C_b20_r50,C,0.2,50,0.1280456930398941,774,26,6,57,20,691,63,0.2307692307692307,0.0952380952380952,0.0813953488372093,1057,136.5633074935401,-31.3953488372093,154.0,0.0,0.7692307692307693,0.0762032085561497,refitted,0.2,0.1280456930398941,774,26,4,44,22,704,48,0.1538461538461538,0.0833333333333333,0.0620155038759689,1144,147.80361757105942,-20.155038759689923,154.0,0.0,0.8461538461538461,0.0588235294117647,finite,11.240310077519325,-15,-2,-13,2,0.0
LR,time,0,fixed,A_b01,A,0.01,5,0.9893605885397324,516,36,0,2,36,478,2,0.0,0.0,0.003875968992248,182,35.27131782945737,0.3875968992248062,5.0,0.0,1.0,0.0041666666666666,refitted,0.01,0.9893605885397324,516,36,0,1,36,479,1,0.0,0.0,0.001937984496124,181,35.07751937984496,0.1937984496124031,5.0,0.0,1.0,0.0020833333333333,finite,-0.19379844961240877,-1,0,-1,0,0.0
LR,time,0,fixed,A_b01,A,0.01,10,0.9893605885397324,516,36,0,2,36,478,2,0.0,0.0,0.003875968992248,362,70.15503875968992,0.3875968992248062,5.0,0.0,1.0,0.0041666666666666,refitted,0.01,0.9893605885397324,516,36,0,1,36,479,1,0.0,0.0,0.001937984496124,361,69.96124031007751,0.1937984496124031,5.0,0.0,1.0,0.0020833333333333,finite,-0.19379844961240167,-1,0,-1,0,0.0
LR,time,0,fixed,A_b01,A,0.01,20,0.9893605885397324,516,36,0,2,36,478,2,0.0,0.0,0.003875968992248,722,139.92248062015503,0.3875968992248062,5.0,0.0,1.0,0.0041666666666666,refitted,0.01,0.9893605885397324,516,36,0,1,36,479,1,0.0,0.0,0.001937984496124,721,139.72868217054264,0.1937984496124031,5.0,0.0,1.0,0.0020833333333333,finite,-0.19379844961238746,-1,0,-1,0,0.0
LR,time,0,fixed,A_b01,A,0.01,50,0.9893605885397324,516,36,0,2,36,478,2,0.0,0.0,0.003875968992248,1802,349.2248062015504,0.3875968992248062,5.0,0.0,1.0,0.0041666666666666,refitted,0.01,0.9893605885397324,516,36,0,1,36,479,1,0.0,0.0,0.001937984496124,1801,349.031007751938,0.1937984496124031,5.0,0.0,1.0,0.0020833333333333,finite,-0.19379844961241588,-1,0,-1,0,0.0
LR,time,0,fixed,A_b05,A,0.05,5,0.9473238529710096,516,36,0,7,36,473,7,0.0,0.0,0.0135658914728682,187,36.24031007751938,1.3565891472868217,25.0,0.0,1.0,0.0145833333333333,refitted,0.05,0.9473238529710096,516,36,0,2,36,478,2,0.0,0.0,0.003875968992248,182,35.27131782945737,0.3875968992248062,25.0,0.0,1.0,0.0041666666666666,finite,-0.9689922480620154,-5,0,-5,0,0.0
LR,time,0,fixed,A_b05,A,0.05,10,0.9473238529710096,516,36,0,7,36,473,7,0.0,0.0,0.0135658914728682,367,71.12403100775194,1.3565891472868217,25.0,0.0,1.0,0.0145833333333333,refitted,0.05,0.9473238529710096,516,36,0,2,36,478,2,0.0,0.0,0.003875968992248,362,70.15503875968992,0.3875968992248062,25.0,0.0,1.0,0.0041666666666666,finite,-0.9689922480620226,-5,0,-5,0,0.0
LR,time,0,fixed,A_b05,A,0.05,20,0.9473238529710096,516,36,0,7,36,473,7,0.0,0.0,0.0135658914728682,727,140.89147286821705,1.3565891472868217,25.0,0.0,1.0,0.0145833333333333,refitted,0.05,0.9473238529710096,516,36,0,2,36,478,2,0.0,0.0,0.003875968992248,722,139.92248062015503,0.3875968992248062,25.0,0.0,1.0,0.0041666666666666,finite,-0.9689922480620226,-5,0,-5,0,0.0
LR,time,0,fixed,A_b05,A,0.05,50,0.9473238529710096,516,36,0,7,36,473,7,0.0,0.0,0.0135658914728682,1807,350.1937984496124,1.3565891472868217,25.0,0.0,1.0,0.0145833333333333,refitted,0.05,0.9473238529710096,516,36,0,2,36,478,2,0.0,0.0,0.003875968992248,1802,349.2248062015504,0.3875968992248062,25.0,0.0,1.0,0.0041666666666666,finite,-0.9689922480620226,-5,0,-5,0,0.0
LR,time,0,fixed,A_b10,A,0.1,5,0.92564325562416,516,36,0,11,36,469,11,0.0,0.0,0.0213178294573643,191,37.01550387596899,2.131782945736434,51.0,0.0,1.0,0.0229166666666666,refitted,0.1,0.92564325562416,516,36,0,3,36,477,3,0.0,0.0,0.005813953488372,183,35.46511627906977,0.5813953488372093,51.0,0.0,1.0,0.00625,finite,-1.5503875968992205,-8,0,-8,0,0.0
LR,time,0,fixed,A_b10,A,0.1,10,0.92564325562416,516,36,0,11,36,469,11,0.0,0.0,0.0213178294573643,371,71.89922480620154,2.131782945736434,51.0,0.0,1.0,0.0229166666666666,refitted,0.1,0.92564325562416,516,36,0,3,36,477,3,0.0,0.0,0.005813953488372,363,70.34883720930233,0.5813953488372093,51.0,0.0,1.0,0.00625,finite,-1.5503875968992133,-8,0,-8,0,0.0
LR,time,0,fixed,A_b10,A,0.1,20,0.92564325562416,516,36,0,11,36,469,11,0.0,0.0,0.0213178294573643,731,141.66666666666666,2.131782945736434,51.0,0.0,1.0,0.0229166666666666,refitted,0.1,0.92564325562416,516,36,0,3,36,477,3,0.0,0.0,0.005813953488372,723,140.11627906976744,0.5813953488372093,51.0,0.0,1.0,0.00625,finite,-1.5503875968992133,-8,0,-8,0,0.0
LR,time,0,fixed,A_b10,A,0.1,50,0.92564325562416,516,36,0,11,36,469,11,0.0,0.0,0.0213178294573643,1811,350.968992248062,2.131782945736434,51.0,0.0,1.0,0.0229166666666666,refitted,0.1,0.92564325562416,516,36,0,3,36,477,3,0.0,0.0,0.005813953488372,1803,349.4186046511628,0.5813953488372093,51.0,0.0,1.0,0.00625,finite,-1.5503875968992133,-8,0,-8,0,0.0
LR,time,0,fixed,A_b20,A,0.2,5,0.8462006741090106,516,36,1,29,35,451,30,0.0277777777777777,0.0333333333333333,0.0581395348837209,204,39.53488372093023,4.651162790697675,103.0,0.0,0.9722222222222222,0.0604166666666666,refitted,0.2,0.8462006741090106,516,36,1,12,35,468,13,0.0277777777777777,0.0769230769230769,0.0251937984496124,187,36.24031007751938,1.3565891472868217,103.0,0.0,0.9722222222222222,0.025,finite,-3.2945736434108497,-17,0,-17,0,0.0
LR,time,0,fixed,A_b20,A,0.2,10,0.8462006741090106,516,36,1,29,35,451,30,0.0277777777777777,0.0333333333333333,0.0581395348837209,379,73.44961240310077,3.682170542635659,103.0,0.0,0.9722222222222222,0.0604166666666666,refitted,0.2,0.8462006741090106,516,36,1,12,35,468,13,0.0277777777777777,0.0769230769230769,0.0251937984496124,362,70.15503875968992,0.3875968992248062,103.0,0.0,0.9722222222222222,0.025,finite,-3.294573643410857,-17,0,-17,0,0.0
LR,time,0,fixed,A_b20,A,0.2,20,0.8462006741090106,516,36,1,29,35,451,30,0.0277777777777777,0.0333333333333333,0.0581395348837209,729,141.27906976744185,1.744186046511628,103.0,0.0,0.9722222222222222,0.0604166666666666,refitted,0.2,0.8462006741090106,516,36,1,12,35,468,13,0.0277777777777777,0.0769230769230769,0.0251937984496124,712,137.984496124031,-1.550387596899225,103.0,0.0,0.9722222222222222,0.025,finite,-3.2945736434108426,-17,0,-17,0,0.0
LR,time,0,fixed,A_b20,A,0.2,50,0.8462006741090106,516,36,1,29,35,451,30,0.0277777777777777,0.0333333333333333,0.0581395348837209,1779,344.7674418604651,-4.069767441860465,103.0,0.0,0.9722222222222222,0.0604166666666666,refitted,0.2,0.8462006741090106,516,36,1,12,35,468,13,0.0277777777777777,0.0769230769230769,0.0251937984496124,1762,341.47286821705427,-7.364341085271318,103.0,0.0,0.9722222222222222,0.025,finite,-3.2945736434108426,-17,0,-17,0,0.0
LR,time,0,fixed,B_r05,B,,5,0.3797037975843209,516,36,25,168,11,312,193,0.6944444444444444,0.1295336787564766,0.374031007751938,223,43.21705426356589,8.333333333333334,,,0.3055555555555556,0.35,refitted,,0.3797037975843209,516,36,28,165,8,315,193,0.7777777777777778,0.1450777202072538,0.374031007751938,205,39.72868217054263,4.844961240310077,,,0.2222222222222222,0.34375,finite,-3.4883720930232585,0,3,-3,-3,
LR,time,0,fixed,B_r10,B,,10,0.0388556611082684,516,36,35,463,1,17,498,0.9722222222222222,0.0702811244979919,0.9651162790697676,473,91.66666666666669,21.899224806201552,,,0.0277777777777777,0.9645833333333332,refitted,,0.0388556611082684,516,36,35,478,1,2,513,0.9722222222222222,0.0682261208576998,0.994186046511628,488,94.57364341085272,24.8062015503876,,,0.0277777777777777,0.9958333333333332,finite,2.9069767441860392,15,0,15,0,
LR,time,0,fixed,B_r20,B,,20,0.0388556611082684,516,36,35,463,1,17,498,0.9722222222222222,0.0702811244979919,0.9651162790697676,483,93.6046511627907,-45.93023255813954,,,0.0277777777777777,0.9645833333333332,refitted,,0.0388556611082684,516,36,35,478,1,2,513,0.9722222222222222,0.0682261208576998,0.994186046511628,498,96.51162790697674,-43.02325581395349,,,0.0277777777777777,0.9958333333333332,finite,2.9069767441860392,15,0,15,0,
LR,time,0,fixed,B_r50,B,,50,0.0388556611082684,516,36,35,463,1,17,498,0.9722222222222222,0.0702811244979919,0.9651162790697676,513,99.4186046511628,-249.4186046511628,,,0.0277777777777777,0.9645833333333332,refitted,,0.0388556611082684,516,36,35,478,1,2,513,0.9722222222222222,0.0682261208576998,0.994186046511628,528,102.32558139534883,-246.51162790697677,,,0.0277777777777777,0.9958333333333332,finite,2.9069767441860392,15,0,15,0,
LR,time,0,fixed,C_b01_r05,C,0.01,5,0.9893605885397324,516,36,0,2,36,478,2,0.0,0.0,0.003875968992248,182,35.27131782945737,0.3875968992248062,5.0,0.0,1.0,0.0041666666666666,refitted,0.01,0.9893605885397324,516,36,0,1,36,479,1,0.0,0.0,0.001937984496124,181,35.07751937984496,0.1937984496124031,5.0,0.0,1.0,0.0020833333333333,finite,-0.19379844961240877,-1,0,-1,0,0.0
LR,time,0,fixed,C_b01_r10,C,0.01,10,0.9893605885397324,516,36,0,2,36,478,2,0.0,0.0,0.003875968992248,362,70.15503875968992,0.3875968992248062,5.0,0.0,1.0,0.0041666666666666,refitted,0.01,0.9893605885397324,516,36,0,1,36,479,1,0.0,0.0,0.001937984496124,361,69.96124031007751,0.1937984496124031,5.0,0.0,1.0,0.0020833333333333,finite,-0.19379844961240167,-1,0,-1,0,0.0
LR,time,0,fixed,C_b01_r20,C,0.01,20,0.9893605885397324,516,36,0,2,36,478,2,0.0,0.0,0.003875968992248,722,139.92248062015503,0.3875968992248062,5.0,0.0,1.0,0.0041666666666666,refitted,0.01,0.9893605885397324,516,36,0,1,36,479,1,0.0,0.0,0.001937984496124,721,139.72868217054264,0.1937984496124031,5.0,0.0,1.0,0.0020833333333333,finite,-0.19379844961238746,-1,0,-1,0,0.0
LR,time,0,fixed,C_b01_r50,C,0.01,50,0.9893605885397324,516,36,0,2,36,478,2,0.0,0.0,0.003875968992248,1802,349.2248062015504,0.3875968992248062,5.0,0.0,1.0,0.0041666666666666,refitted,0.01,0.9893605885397324,516,36,0,1,36,479,1,0.0,0.0,0.001937984496124,1801,349.031007751938,0.1937984496124031,5.0,0.0,1.0,0.0020833333333333,finite,-0.19379844961241588,-1,0,-1,0,0.0
LR,time,0,fixed,C_b05_r05,C,0.05,5,0.9616056316446646,516,36,0,3,36,477,3,0.0,0.0,0.005813953488372,183,35.46511627906977,0.5813953488372093,25.0,0.0,1.0,0.00625,refitted,0.05,0.9616056316446646,516,36,0,2,36,478,2,0.0,0.0,0.003875968992248,182,35.27131782945737,0.3875968992248062,25.0,0.0,1.0,0.0041666666666666,finite,-0.19379844961240167,-1,0,-1,0,0.0
LR,time,0,fixed,C_b05_r10,C,0.05,10,0.9616056316446646,516,36,0,3,36,477,3,0.0,0.0,0.005813953488372,363,70.34883720930233,0.5813953488372093,25.0,0.0,1.0,0.00625,refitted,0.05,0.9616056316446646,516,36,0,2,36,478,2,0.0,0.0,0.003875968992248,362,70.15503875968992,0.3875968992248062,25.0,0.0,1.0,0.0041666666666666,finite,-0.19379844961241588,-1,0,-1,0,0.0
LR,time,0,fixed,C_b05_r20,C,0.05,20,0.9616056316446646,516,36,0,3,36,477,3,0.0,0.0,0.005813953488372,723,140.11627906976744,0.5813953488372093,25.0,0.0,1.0,0.00625,refitted,0.05,0.9616056316446646,516,36,0,2,36,478,2,0.0,0.0,0.003875968992248,722,139.92248062015503,0.3875968992248062,25.0,0.0,1.0,0.0041666666666666,finite,-0.19379844961241588,-1,0,-1,0,0.0
LR,time,0,fixed,C_b05_r50,C,0.05,50,0.9616056316446646,516,36,0,3,36,477,3,0.0,0.0,0.005813953488372,1803,349.4186046511628,0.5813953488372093,25.0,0.0,1.0,0.00625,refitted,0.05,0.9616056316446646,516,36,0,2,36,478,2,0.0,0.0,0.003875968992248,1802,349.2248062015504,0.3875968992248062,25.0,0.0,1.0,0.0041666666666666,finite,-0.19379844961241588,-1,0,-1,0,0.0
LR,time,0,fixed,C_b10_r05,C,0.1,5,0.9432097916760026,516,36,0,7,36,473,7,0.0,0.0,0.0135658914728682,187,36.24031007751938,1.3565891472868217,51.0,0.0,1.0,0.0145833333333333,refitted,0.1,0.9432097916760026,516,36,0,2,36,478,2,0.0,0.0,0.003875968992248,182,35.27131782945737,0.3875968992248062,51.0,0.0,1.0,0.0041666666666666,finite,-0.9689922480620154,-5,0,-5,0,0.0
LR,time,0,fixed,C_b10_r10,C,0.1,10,0.9432097916760026,516,36,0,7,36,473,7,0.0,0.0,0.0135658914728682,367,71.12403100775194,1.3565891472868217,51.0,0.0,1.0,0.0145833333333333,refitted,0.1,0.9432097916760026,516,36,0,2,36,478,2,0.0,0.0,0.003875968992248,362,70.15503875968992,0.3875968992248062,51.0,0.0,1.0,0.0041666666666666,finite,-0.9689922480620226,-5,0,-5,0,0.0
LR,time,0,fixed,C_b10_r20,C,0.1,20,0.9432097916760026,516,36,0,7,36,473,7,0.0,0.0,0.0135658914728682,727,140.89147286821705,1.3565891472868217,51.0,0.0,1.0,0.0145833333333333,refitted,0.1,0.9432097916760026,516,36,0,2,36,478,2,0.0,0.0,0.003875968992248,722,139.92248062015503,0.3875968992248062,51.0,0.0,1.0,0.0041666666666666,finite,-0.9689922480620226,-5,0,-5,0,0.0
LR,time,0,fixed,C_b10_r50,C,0.1,50,0.9432097916760026,516,36,0,7,36,473,7,0.0,0.0,0.0135658914728682,1807,350.1937984496124,1.3565891472868217,51.0,0.0,1.0,0.0145833333333333,refitted,0.1,0.9432097916760026,516,36,0,2,36,478,2,0.0,0.0,0.003875968992248,1802,349.2248062015504,0.3875968992248062,51.0,0.0,1.0,0.0041666666666666,finite,-0.9689922480620226,-5,0,-5,0,0.0
LR,time,0,fixed,C_b20_r05,C,0.2,5,0.9432097916760026,516,36,0,7,36,473,7,0.0,0.0,0.0135658914728682,187,36.24031007751938,1.3565891472868217,103.0,0.0,1.0,0.0145833333333333,refitted,0.2,0.9432097916760026,516,36,0,2,36,478,2,0.0,0.0,0.003875968992248,182,35.27131782945737,0.3875968992248062,103.0,0.0,1.0,0.0041666666666666,finite,-0.9689922480620154,-5,0,-5,0,0.0
LR,time,0,fixed,C_b20_r10,C,0.2,10,0.8464248162111904,516,36,1,29,35,451,30,0.0277777777777777,0.0333333333333333,0.0581395348837209,379,73.44961240310077,3.682170542635659,103.0,0.0,0.9722222222222222,0.0604166666666666,refitted,0.2,0.8464248162111904,516,36,1,12,35,468,13,0.0277777777777777,0.0769230769230769,0.0251937984496124,362,70.15503875968992,0.3875968992248062,103.0,0.0,0.9722222222222222,0.025,finite,-3.294573643410857,-17,0,-17,0,0.0
LR,time,0,fixed,C_b20_r20,C,0.2,20,0.8464248162111904,516,36,1,29,35,451,30,0.0277777777777777,0.0333333333333333,0.0581395348837209,729,141.27906976744185,1.744186046511628,103.0,0.0,0.9722222222222222,0.0604166666666666,refitted,0.2,0.8464248162111904,516,36,1,12,35,468,13,0.0277777777777777,0.0769230769230769,0.0251937984496124,712,137.984496124031,-1.550387596899225,103.0,0.0,0.9722222222222222,0.025,finite,-3.2945736434108426,-17,0,-17,0,0.0
LR,time,0,fixed,C_b20_r50,C,0.2,50,0.8464248162111904,516,36,1,29,35,451,30,0.0277777777777777,0.0333333333333333,0.0581395348837209,1779,344.7674418604651,-4.069767441860465,103.0,0.0,0.9722222222222222,0.0604166666666666,refitted,0.2,0.8464248162111904,516,36,1,12,35,468,13,0.0277777777777777,0.0769230769230769,0.0251937984496124,1762,341.47286821705427,-7.364341085271318,103.0,0.0,0.9722222222222222,0.025,finite,-3.2945736434108426,-17,0,-17,0,0.0
LR,time,1,fixed,A_b01,A,0.01,5,0.5183449899947501,515,10,0,26,10,479,26,0.0,0.0,0.0504854368932038,76,14.75728155339806,5.048543689320389,5.0,21.0,1.0,0.0514851485148514,refitted,0.01,0.5183449899947501,515,10,0,35,10,470,35,0.0,0.0,0.0679611650485436,85,16.50485436893204,6.796116504854369,5.0,30.0,1.0,0.0693069306930693,finite,1.7475728155339798,9,0,9,0,9.0
LR,time,1,fixed,A_b01,A,0.01,10,0.5183449899947501,515,10,0,26,10,479,26,0.0,0.0,0.0504854368932038,126,24.466019417475728,5.048543689320389,5.0,21.0,1.0,0.0514851485148514,refitted,0.01,0.5183449899947501,515,10,0,35,10,470,35,0.0,0.0,0.0679611650485436,135,26.21359223300971,6.796116504854369,5.0,30.0,1.0,0.0693069306930693,finite,1.7475728155339816,9,0,9,0,9.0
LR,time,1,fixed,A_b01,A,0.01,20,0.5183449899947501,515,10,0,26,10,479,26,0.0,0.0,0.0504854368932038,226,43.883495145631066,5.048543689320389,5.0,21.0,1.0,0.0514851485148514,refitted,0.01,0.5183449899947501,515,10,0,35,10,470,35,0.0,0.0,0.0679611650485436,235,45.63106796116505,6.796116504854369,5.0,30.0,1.0,0.0693069306930693,finite,1.7475728155339851,9,0,9,0,9.0
LR,time,1,fixed,A_b01,A,0.01,50,0.5183449899947501,515,10,0,26,10,479,26,0.0,0.0,0.0504854368932038,526,102.13592233009707,5.048543689320389,5.0,21.0,1.0,0.0514851485148514,refitted,0.01,0.5183449899947501,515,10,0,35,10,470,35,0.0,0.0,0.0679611650485436,535,103.88349514563107,6.796116504854369,5.0,30.0,1.0,0.0693069306930693,finite,1.7475728155339993,9,0,9,0,9.0
LR,time,1,fixed,A_b05,A,0.05,5,0.3972897000518887,515,10,1,101,9,404,102,0.1,0.0098039215686274,0.1980582524271844,146,28.3495145631068,18.640776699029125,25.0,77.0,0.9,0.2,refitted,0.05,0.3972897000518887,515,10,0,90,10,415,90,0.0,0.0,0.174757281553398,140,27.184466019417474,17.475728155339805,25.0,65.0,1.0,0.1782178217821782,finite,-1.165048543689327,-12,-1,-11,1,-12.0
LR,time,1,fixed,A_b05,A,0.05,10,0.3972897000518887,515,10,1,101,9,404,102,0.1,0.0098039215686274,0.1980582524271844,191,37.0873786407767,17.66990291262136,25.0,77.0,0.9,0.2,refitted,0.05,0.3972897000518887,515,10,0,90,10,415,90,0.0,0.0,0.174757281553398,190,36.89320388349515,17.475728155339805,25.0,65.0,1.0,0.1782178217821782,finite,-0.19417475728155154,-12,-1,-11,1,-12.0
LR,time,1,fixed,A_b05,A,0.05,20,0.3972897000518887,515,10,1,101,9,404,102,0.1,0.0098039215686274,0.1980582524271844,281,54.56310679611651,15.728155339805824,25.0,77.0,0.9,0.2,refitted,0.05,0.3972897000518887,515,10,0,90,10,415,90,0.0,0.0,0.174757281553398,290,56.310679611650485,17.475728155339805,25.0,65.0,1.0,0.1782178217821782,finite,1.747572815533978,-12,-1,-11,1,-12.0
LR,time,1,fixed,A_b05,A,0.05,50,0.3972897000518887,515,10,1,101,9,404,102,0.1,0.0098039215686274,0.1980582524271844,551,106.99029126213593,9.902912621359222,25.0,77.0,0.9,0.2,refitted,0.05,0.3972897000518887,515,10,0,90,10,415,90,0.0,0.0,0.174757281553398,590,114.5631067961165,17.475728155339805,25.0,65.0,1.0,0.1782178217821782,finite,7.572815533980574,-12,-1,-11,1,-12.0
LR,time,1,fixed,A_b10,A,0.1,5,0.3420356333516078,515,10,2,133,8,372,135,0.2,0.0148148148148148,0.2621359223300971,173,33.592233009708735,23.883495145631063,51.0,84.0,0.8,0.2633663366336634,refitted,0.1,0.3420356333516078,515,10,2,129,8,376,131,0.2,0.015267175572519,0.2543689320388349,169,32.81553398058252,23.106796116504853,51.0,80.0,0.8,0.2554455445544554,finite,-0.7766990291262132,-4,0,-4,0,-4.0
LR,time,1,fixed,A_b10,A,0.1,10,0.3420356333516078,515,10,2,133,8,372,135,0.2,0.0148148148148148,0.2621359223300971,213,41.35922330097088,21.941747572815533,51.0,84.0,0.8,0.2633663366336634,refitted,0.1,0.3420356333516078,515,10,2,129,8,376,131,0.2,0.015267175572519,0.2543689320388349,209,40.58252427184466,21.16504854368932,51.0,80.0,0.8,0.2554455445544554,finite,-0.7766990291262204,-4,0,-4,0,-4.0
LR,time,1,fixed,A_b10,A,0.1,20,0.3420356333516078,515,10,2,133,8,372,135,0.2,0.0148148148148148,0.2621359223300971,293,56.89320388349515,18.058252427184467,51.0,84.0,0.8,0.2633663366336634,refitted,0.1,0.3420356333516078,515,10,2,129,8,376,131,0.2,0.015267175572519,0.2543689320388349,289,56.11650485436893,17.281553398058254,51.0,80.0,0.8,0.2554455445544554,finite,-0.7766990291262204,-4,0,-4,0,-4.0
LR,time,1,fixed,A_b10,A,0.1,50,0.3420356333516078,515,10,2,133,8,372,135,0.2,0.0148148148148148,0.2621359223300971,533,103.49514563106796,6.407766990291262,51.0,84.0,0.8,0.2633663366336634,refitted,0.1,0.3420356333516078,515,10,2,129,8,376,131,0.2,0.015267175572519,0.2543689320388349,529,102.71844660194176,5.631067961165049,51.0,80.0,0.8,0.2554455445544554,finite,-0.7766990291261919,-4,0,-4,0,-4.0
LR,time,1,fixed,A_b20,A,0.2,5,0.2434879357645244,515,10,8,284,2,221,292,0.8,0.0273972602739726,0.566990291262136,294,57.0873786407767,47.37864077669903,103.0,189.0,0.2,0.5623762376237624,refitted,0.2,0.2434879357645244,515,10,5,258,5,247,263,0.5,0.0190114068441064,0.5106796116504855,283,54.95145631067961,45.24271844660194,103.0,160.0,0.5,0.5108910891089109,finite,-2.135922330097088,-29,-3,-26,3,-29.0
LR,time,1,fixed,A_b20,A,0.2,10,0.2434879357645244,515,10,8,284,2,221,292,0.8,0.0273972602739726,0.566990291262136,304,59.02912621359224,39.61165048543689,103.0,189.0,0.2,0.5623762376237624,refitted,0.2,0.2434879357645244,515,10,5,258,5,247,263,0.5,0.0190114068441064,0.5106796116504855,308,59.80582524271845,40.38834951456311,103.0,160.0,0.5,0.5108910891089109,finite,0.7766990291262061,-29,-3,-26,3,-29.0
LR,time,1,fixed,A_b20,A,0.2,20,0.2434879357645244,515,10,8,284,2,221,292,0.8,0.0273972602739726,0.566990291262136,324,62.9126213592233,24.07766990291262,103.0,189.0,0.2,0.5623762376237624,refitted,0.2,0.2434879357645244,515,10,5,258,5,247,263,0.5,0.0190114068441064,0.5106796116504855,358,69.51456310679612,30.67961165048544,103.0,160.0,0.5,0.5108910891089109,finite,6.601941747572816,-29,-3,-26,3,-29.0
LR,time,1,fixed,A_b20,A,0.2,50,0.2434879357645244,515,10,8,284,2,221,292,0.8,0.0273972602739726,0.566990291262136,384,74.5631067961165,-22.524271844660195,103.0,189.0,0.2,0.5623762376237624,refitted,0.2,0.2434879357645244,515,10,5,258,5,247,263,0.5,0.0190114068441064,0.5106796116504855,508,98.64077669902912,1.5533980582524272,103.0,160.0,0.5,0.5108910891089109,finite,24.077669902912618,-29,-3,-26,3,-29.0
LR,time,1,fixed,B_r05,B,,5,inf,515,10,0,0,10,505,0,0.0,0.0,0.0,50,9.70873786407767,0.0,,,1.0,0.0,refitted,,inf,515,10,0,0,10,505,0,0.0,0.0,0.0,50,9.70873786407767,0.0,,,1.0,0.0,no_alarm,0.0,0,0,0,0,
LR,time,1,fixed,B_r10,B,,10,inf,515,10,0,0,10,505,0,0.0,0.0,0.0,100,19.41747572815534,0.0,,,1.0,0.0,refitted,,inf,515,10,0,0,10,505,0,0.0,0.0,0.0,100,19.41747572815534,0.0,,,1.0,0.0,no_alarm,0.0,0,0,0,0,
LR,time,1,fixed,B_r20,B,,20,inf,515,10,0,0,10,505,0,0.0,0.0,0.0,200,38.83495145631068,0.0,,,1.0,0.0,refitted,,inf,515,10,0,0,10,505,0,0.0,0.0,0.0,200,38.83495145631068,0.0,,,1.0,0.0,no_alarm,0.0,0,0,0,0,
LR,time,1,fixed,B_r50,B,,50,inf,515,10,0,0,10,505,0,0.0,0.0,0.0,500,97.0873786407767,0.0,,,1.0,0.0,refitted,,inf,515,10,0,0,10,505,0,0.0,0.0,0.0,500,97.0873786407767,0.0,,,1.0,0.0,no_alarm,0.0,0,0,0,0,
LR,time,1,fixed,C_b01_r05,C,0.01,5,inf,515,10,0,0,10,505,0,0.0,0.0,0.0,50,9.70873786407767,0.0,5.0,0.0,1.0,0.0,refitted,0.01,inf,515,10,0,0,10,505,0,0.0,0.0,0.0,50,9.70873786407767,0.0,5.0,0.0,1.0,0.0,no_alarm,0.0,0,0,0,0,0.0
LR,time,1,fixed,C_b01_r10,C,0.01,10,inf,515,10,0,0,10,505,0,0.0,0.0,0.0,100,19.41747572815534,0.0,5.0,0.0,1.0,0.0,refitted,0.01,inf,515,10,0,0,10,505,0,0.0,0.0,0.0,100,19.41747572815534,0.0,5.0,0.0,1.0,0.0,no_alarm,0.0,0,0,0,0,0.0
LR,time,1,fixed,C_b01_r20,C,0.01,20,inf,515,10,0,0,10,505,0,0.0,0.0,0.0,200,38.83495145631068,0.0,5.0,0.0,1.0,0.0,refitted,0.01,inf,515,10,0,0,10,505,0,0.0,0.0,0.0,200,38.83495145631068,0.0,5.0,0.0,1.0,0.0,no_alarm,0.0,0,0,0,0,0.0
LR,time,1,fixed,C_b01_r50,C,0.01,50,inf,515,10,0,0,10,505,0,0.0,0.0,0.0,500,97.0873786407767,0.0,5.0,0.0,1.0,0.0,refitted,0.01,inf,515,10,0,0,10,505,0,0.0,0.0,0.0,500,97.0873786407767,0.0,5.0,0.0,1.0,0.0,no_alarm,0.0,0,0,0,0,0.0
LR,time,1,fixed,C_b05_r05,C,0.05,5,inf,515,10,0,0,10,505,0,0.0,0.0,0.0,50,9.70873786407767,0.0,25.0,0.0,1.0,0.0,refitted,0.05,inf,515,10,0,0,10,505,0,0.0,0.0,0.0,50,9.70873786407767,0.0,25.0,0.0,1.0,0.0,no_alarm,0.0,0,0,0,0,0.0
LR,time,1,fixed,C_b05_r10,C,0.05,10,inf,515,10,0,0,10,505,0,0.0,0.0,0.0,100,19.41747572815534,0.0,25.0,0.0,1.0,0.0,refitted,0.05,inf,515,10,0,0,10,505,0,0.0,0.0,0.0,100,19.41747572815534,0.0,25.0,0.0,1.0,0.0,no_alarm,0.0,0,0,0,0,0.0
LR,time,1,fixed,C_b05_r20,C,0.05,20,inf,515,10,0,0,10,505,0,0.0,0.0,0.0,200,38.83495145631068,0.0,25.0,0.0,1.0,0.0,refitted,0.05,inf,515,10,0,0,10,505,0,0.0,0.0,0.0,200,38.83495145631068,0.0,25.0,0.0,1.0,0.0,no_alarm,0.0,0,0,0,0,0.0
LR,time,1,fixed,C_b05_r50,C,0.05,50,inf,515,10,0,0,10,505,0,0.0,0.0,0.0,500,97.0873786407767,0.0,25.0,0.0,1.0,0.0,refitted,0.05,inf,515,10,0,0,10,505,0,0.0,0.0,0.0,500,97.0873786407767,0.0,25.0,0.0,1.0,0.0,no_alarm,0.0,0,0,0,0,0.0
LR,time,1,fixed,C_b10_r05,C,0.1,5,inf,515,10,0,0,10,505,0,0.0,0.0,0.0,50,9.70873786407767,0.0,51.0,0.0,1.0,0.0,refitted,0.1,inf,515,10,0,0,10,505,0,0.0,0.0,0.0,50,9.70873786407767,0.0,51.0,0.0,1.0,0.0,no_alarm,0.0,0,0,0,0,0.0
LR,time,1,fixed,C_b10_r10,C,0.1,10,inf,515,10,0,0,10,505,0,0.0,0.0,0.0,100,19.41747572815534,0.0,51.0,0.0,1.0,0.0,refitted,0.1,inf,515,10,0,0,10,505,0,0.0,0.0,0.0,100,19.41747572815534,0.0,51.0,0.0,1.0,0.0,no_alarm,0.0,0,0,0,0,0.0
LR,time,1,fixed,C_b10_r20,C,0.1,20,inf,515,10,0,0,10,505,0,0.0,0.0,0.0,200,38.83495145631068,0.0,51.0,0.0,1.0,0.0,refitted,0.1,inf,515,10,0,0,10,505,0,0.0,0.0,0.0,200,38.83495145631068,0.0,51.0,0.0,1.0,0.0,no_alarm,0.0,0,0,0,0,0.0
LR,time,1,fixed,C_b10_r50,C,0.1,50,inf,515,10,0,0,10,505,0,0.0,0.0,0.0,500,97.0873786407767,0.0,51.0,0.0,1.0,0.0,refitted,0.1,inf,515,10,0,0,10,505,0,0.0,0.0,0.0,500,97.0873786407767,0.0,51.0,0.0,1.0,0.0,no_alarm,0.0,0,0,0,0,0.0
LR,time,1,fixed,C_b20_r05,C,0.2,5,inf,515,10,0,0,10,505,0,0.0,0.0,0.0,50,9.70873786407767,0.0,103.0,0.0,1.0,0.0,refitted,0.2,inf,515,10,0,0,10,505,0,0.0,0.0,0.0,50,9.70873786407767,0.0,103.0,0.0,1.0,0.0,no_alarm,0.0,0,0,0,0,0.0
LR,time,1,fixed,C_b20_r10,C,0.2,10,inf,515,10,0,0,10,505,0,0.0,0.0,0.0,100,19.41747572815534,0.0,103.0,0.0,1.0,0.0,refitted,0.2,inf,515,10,0,0,10,505,0,0.0,0.0,0.0,100,19.41747572815534,0.0,103.0,0.0,1.0,0.0,no_alarm,0.0,0,0,0,0,0.0
LR,time,1,fixed,C_b20_r20,C,0.2,20,inf,515,10,0,0,10,505,0,0.0,0.0,0.0,200,38.83495145631068,0.0,103.0,0.0,1.0,0.0,refitted,0.2,inf,515,10,0,0,10,505,0,0.0,0.0,0.0,200,38.83495145631068,0.0,103.0,0.0,1.0,0.0,no_alarm,0.0,0,0,0,0,0.0
LR,time,1,fixed,C_b20_r50,C,0.2,50,inf,515,10,0,0,10,505,0,0.0,0.0,0.0,500,97.0873786407767,0.0,103.0,0.0,1.0,0.0,refitted,0.2,inf,515,10,0,0,10,505,0,0.0,0.0,0.0,500,97.0873786407767,0.0,103.0,0.0,1.0,0.0,no_alarm,0.0,0,0,0,0,0.0
LR,time,2,fixed,A_b01,A,0.01,5,0.7463504108162324,516,24,0,6,24,486,6,0.0,0.0,0.0116279069767441,126,24.41860465116279,1.162790697674419,5.0,1.0,1.0,0.0121951219512195,refitted,0.01,0.7463504108162324,516,24,0,5,24,487,5,0.0,0.0,0.0096899224806201,125,24.224806201550383,0.9689922480620154,5.0,0.0,1.0,0.0101626016260162,finite,-0.19379844961240877,-1,0,-1,0,-1.0
LR,time,2,fixed,A_b01,A,0.01,10,0.7463504108162324,516,24,0,6,24,486,6,0.0,0.0,0.0116279069767441,246,47.674418604651166,1.162790697674419,5.0,1.0,1.0,0.0121951219512195,refitted,0.01,0.7463504108162324,516,24,0,5,24,487,5,0.0,0.0,0.0096899224806201,245,47.48062015503876,0.9689922480620154,5.0,0.0,1.0,0.0101626016260162,finite,-0.19379844961240877,-1,0,-1,0,-1.0
LR,time,2,fixed,A_b01,A,0.01,20,0.7463504108162324,516,24,0,6,24,486,6,0.0,0.0,0.0116279069767441,486,94.18604651162792,1.162790697674419,5.0,1.0,1.0,0.0121951219512195,refitted,0.01,0.7463504108162324,516,24,0,5,24,487,5,0.0,0.0,0.0096899224806201,485,93.9922480620155,0.9689922480620154,5.0,0.0,1.0,0.0101626016260162,finite,-0.19379844961241588,-1,0,-1,0,-1.0
LR,time,2,fixed,A_b01,A,0.01,50,0.7463504108162324,516,24,0,6,24,486,6,0.0,0.0,0.0116279069767441,1206,233.72093023255812,1.162790697674419,5.0,1.0,1.0,0.0121951219512195,refitted,0.01,0.7463504108162324,516,24,0,5,24,487,5,0.0,0.0,0.0096899224806201,1205,233.52713178294573,0.9689922480620154,5.0,0.0,1.0,0.0101626016260162,finite,-0.19379844961238746,-1,0,-1,0,-1.0
LR,time,2,fixed,A_b05,A,0.05,5,0.5599890110743366,516,24,6,58,18,434,64,0.25,0.09375,0.1240310077519379,148,28.68217054263566,5.426356589147287,25.0,39.0,0.75,0.1178861788617886,refitted,0.05,0.5599890110743366,516,24,6,61,18,431,67,0.25,0.0895522388059701,0.1298449612403101,151,29.26356589147287,6.007751937984496,25.0,42.0,0.75,0.1239837398373983,finite,0.5813953488372086,3,0,3,0,3.0
LR,time,2,fixed,A_b05,A,0.05,10,0.5599890110743366,516,24,6,58,18,434,64,0.25,0.09375,0.1240310077519379,238,46.12403100775194,-0.3875968992248062,25.0,39.0,0.75,0.1178861788617886,refitted,0.05,0.5599890110743366,516,24,6,61,18,431,67,0.25,0.0895522388059701,0.1298449612403101,241,46.70542635658915,0.1937984496124031,25.0,42.0,0.75,0.1239837398373983,finite,0.5813953488372121,3,0,3,0,3.0
LR,time,2,fixed,A_b05,A,0.05,20,0.5599890110743366,516,24,6,58,18,434,64,0.25,0.09375,0.1240310077519379,418,81.0077519379845,-12.015503875968992,25.0,39.0,0.75,0.1178861788617886,refitted,0.05,0.5599890110743366,516,24,6,61,18,431,67,0.25,0.0895522388059701,0.1298449612403101,421,81.5891472868217,-11.434108527131784,25.0,42.0,0.75,0.1239837398373983,finite,0.581395348837205,3,0,3,0,3.0
LR,time,2,fixed,A_b05,A,0.05,50,0.5599890110743366,516,24,6,58,18,434,64,0.25,0.09375,0.1240310077519379,958,185.65891472868216,-46.89922480620155,25.0,39.0,0.75,0.1178861788617886,refitted,0.05,0.5599890110743366,516,24,6,61,18,431,67,0.25,0.0895522388059701,0.1298449612403101,961,186.24031007751935,-46.31782945736434,25.0,42.0,0.75,0.1239837398373983,finite,0.5813953488371908,3,0,3,0,3.0
LR,time,2,fixed,A_b10,A,0.1,5,0.4787115586848765,516,24,10,114,14,378,124,0.4166666666666667,0.0806451612903225,0.2403100775193798,184,35.65891472868217,12.4031007751938,51.0,73.0,0.5833333333333334,0.2317073170731707,refitted,0.1,0.4787115586848765,516,24,11,113,13,379,124,0.4583333333333333,0.0887096774193548,0.2403100775193798,178,34.49612403100775,11.24031007751938,51.0,73.0,0.5416666666666666,0.2296747967479674,finite,-1.1627906976744171,0,1,-1,-1,0.0
LR,time,2,fixed,A_b10,A,0.1,10,0.4787115586848765,516,24,10,114,14,378,124,0.4166666666666667,0.0806451612903225,0.2403100775193798,254,49.22480620155039,2.713178294573644,51.0,73.0,0.5833333333333334,0.2317073170731707,refitted,0.1,0.4787115586848765,516,24,11,113,13,379,124,0.4583333333333333,0.0887096774193548,0.2403100775193798,243,47.093023255813954,0.5813953488372093,51.0,73.0,0.5416666666666666,0.2296747967479674,finite,-2.1317829457364397,0,1,-1,-1,0.0
LR,time,2,fixed,A_b10,A,0.1,20,0.4787115586848765,516,24,10,114,14,378,124,0.4166666666666667,0.0806451612903225,0.2403100775193798,394,76.35658914728683,-16.666666666666668,51.0,73.0,0.5833333333333334,0.2317073170731707,refitted,0.1,0.4787115586848765,516,24,11,113,13,379,124,0.4583333333333333,0.0887096774193548,0.2403100775193798,373,72.28682170542636,-20.73643410852713,51.0,73.0,0.5416666666666666,0.2296747967479674,finite,-4.0697674418604635,0,1,-1,-1,0.0
LR,time,2,fixed,A_b10,A,0.1,50,0.4787115586848765,516,24,10,114,14,378,124,0.4166666666666667,0.0806451612903225,0.2403100775193798,814,157.75193798449612,-74.8062015503876,51.0,73.0,0.5833333333333334,0.2317073170731707,refitted,0.1,0.4787115586848765,516,24,11,113,13,379,124,0.4583333333333333,0.0887096774193548,0.2403100775193798,763,147.86821705426357,-84.68992248062015,51.0,73.0,0.5416666666666666,0.2296747967479674,finite,-9.883720930232556,0,1,-1,-1,0.0
LR,time,2,fixed,A_b20,A,0.2,5,0.3873375604907102,516,24,13,173,11,319,186,0.5416666666666666,0.0698924731182795,0.3604651162790697,228,44.18604651162791,20.930232558139537,103.0,83.0,0.4583333333333333,0.3516260162601626,refitted,0.2,0.3873375604907102,516,24,14,199,10,293,213,0.5833333333333334,0.0657276995305164,0.4127906976744186,249,48.25581395348837,25.0,103.0,110.0,0.4166666666666667,0.4044715447154471,finite,4.0697674418604635,27,1,26,-1,27.0
LR,time,2,fixed,A_b20,A,0.2,10,0.3873375604907102,516,24,13,173,11,319,186,0.5416666666666666,0.0698924731182795,0.3604651162790697,283,54.84496124031008,8.333333333333334,103.0,83.0,0.4583333333333333,0.3516260162601626,refitted,0.2,0.3873375604907102,516,24,14,199,10,293,213,0.5833333333333334,0.0657276995305164,0.4127906976744186,299,57.945736434108525,11.434108527131784,103.0,110.0,0.4166666666666667,0.4044715447154471,finite,3.100775193798448,27,1,26,-1,27.0
LR,time,2,fixed,A_b20,A,0.2,20,0.3873375604907102,516,24,13,173,11,319,186,0.5416666666666666,0.0698924731182795,0.3604651162790697,393,76.16279069767442,-16.86046511627907,103.0,83.0,0.4583333333333333,0.3516260162601626,refitted,0.2,0.3873375604907102,516,24,14,199,10,293,213,0.5833333333333334,0.0657276995305164,0.4127906976744186,399,77.32558139534883,-15.69767441860465,103.0,110.0,0.4166666666666667,0.4044715447154471,finite,1.16279069767441,27,1,26,-1,27.0
LR,time,2,fixed,A_b20,A,0.2,50,0.3873375604907102,516,24,13,173,11,319,186,0.5416666666666666,0.0698924731182795,0.3604651162790697,723,140.11627906976744,-92.44186046511628,103.0,83.0,0.4583333333333333,0.3516260162601626,refitted,0.2,0.3873375604907102,516,24,14,199,10,293,213,0.5833333333333334,0.0657276995305164,0.4127906976744186,699,135.46511627906978,-97.09302325581396,103.0,110.0,0.4166666666666667,0.4044715447154471,finite,-4.6511627906976685,27,1,26,-1,27.0
LR,time,2,fixed,B_r05,B,,5,inf,516,24,0,0,24,492,0,0.0,0.0,0.0,120,23.25581395348837,0.0,,,1.0,0.0,refitted,,inf,516,24,0,0,24,492,0,0.0,0.0,0.0,120,23.25581395348837,0.0,,,1.0,0.0,no_alarm,0.0,0,0,0,0,
LR,time,2,fixed,B_r10,B,,10,inf,516,24,0,0,24,492,0,0.0,0.0,0.0,240,46.51162790697674,0.0,,,1.0,0.0,refitted,,inf,516,24,0,0,24,492,0,0.0,0.0,0.0,240,46.51162790697674,0.0,,,1.0,0.0,no_alarm,0.0,0,0,0,0,
LR,time,2,fixed,B_r20,B,,20,inf,516,24,0,0,24,492,0,0.0,0.0,0.0,480,93.02325581395348,0.0,,,1.0,0.0,refitted,,inf,516,24,0,0,24,492,0,0.0,0.0,0.0,480,93.02325581395348,0.0,,,1.0,0.0,no_alarm,0.0,0,0,0,0,
LR,time,2,fixed,B_r50,B,,50,0.151684032963474,516,24,24,428,0,64,452,1.0,0.0530973451327433,0.875968992248062,428,82.94573643410853,-149.6124031007752,,,0.0,0.8699186991869918,refitted,,0.151684032963474,516,24,24,451,0,41,475,1.0,0.0505263157894736,0.9205426356589148,451,87.40310077519379,-145.15503875968992,,,0.0,0.9166666666666666,finite,4.457364341085267,23,0,23,0,
LR,time,2,fixed,C_b01_r05,C,0.01,5,inf,516,24,0,0,24,492,0,0.0,0.0,0.0,120,23.25581395348837,0.0,5.0,0.0,1.0,0.0,refitted,0.01,inf,516,24,0,0,24,492,0,0.0,0.0,0.0,120,23.25581395348837,0.0,5.0,0.0,1.0,0.0,no_alarm,0.0,0,0,0,0,0.0
LR,time,2,fixed,C_b01_r10,C,0.01,10,inf,516,24,0,0,24,492,0,0.0,0.0,0.0,240,46.51162790697674,0.0,5.0,0.0,1.0,0.0,refitted,0.01,inf,516,24,0,0,24,492,0,0.0,0.0,0.0,240,46.51162790697674,0.0,5.0,0.0,1.0,0.0,no_alarm,0.0,0,0,0,0,0.0
LR,time,2,fixed,C_b01_r20,C,0.01,20,inf,516,24,0,0,24,492,0,0.0,0.0,0.0,480,93.02325581395348,0.0,5.0,0.0,1.0,0.0,refitted,0.01,inf,516,24,0,0,24,492,0,0.0,0.0,0.0,480,93.02325581395348,0.0,5.0,0.0,1.0,0.0,no_alarm,0.0,0,0,0,0,0.0
LR,time,2,fixed,C_b01_r50,C,0.01,50,inf,516,24,0,0,24,492,0,0.0,0.0,0.0,1200,232.5581395348837,0.0,5.0,0.0,1.0,0.0,refitted,0.01,inf,516,24,0,0,24,492,0,0.0,0.0,0.0,1200,232.5581395348837,0.0,5.0,0.0,1.0,0.0,no_alarm,0.0,0,0,0,0,0.0
LR,time,2,fixed,C_b05_r05,C,0.05,5,inf,516,24,0,0,24,492,0,0.0,0.0,0.0,120,23.25581395348837,0.0,25.0,0.0,1.0,0.0,refitted,0.05,inf,516,24,0,0,24,492,0,0.0,0.0,0.0,120,23.25581395348837,0.0,25.0,0.0,1.0,0.0,no_alarm,0.0,0,0,0,0,0.0
LR,time,2,fixed,C_b05_r10,C,0.05,10,inf,516,24,0,0,24,492,0,0.0,0.0,0.0,240,46.51162790697674,0.0,25.0,0.0,1.0,0.0,refitted,0.05,inf,516,24,0,0,24,492,0,0.0,0.0,0.0,240,46.51162790697674,0.0,25.0,0.0,1.0,0.0,no_alarm,0.0,0,0,0,0,0.0
LR,time,2,fixed,C_b05_r20,C,0.05,20,inf,516,24,0,0,24,492,0,0.0,0.0,0.0,480,93.02325581395348,0.0,25.0,0.0,1.0,0.0,refitted,0.05,inf,516,24,0,0,24,492,0,0.0,0.0,0.0,480,93.02325581395348,0.0,25.0,0.0,1.0,0.0,no_alarm,0.0,0,0,0,0,0.0
LR,time,2,fixed,C_b05_r50,C,0.05,50,inf,516,24,0,0,24,492,0,0.0,0.0,0.0,1200,232.5581395348837,0.0,25.0,0.0,1.0,0.0,refitted,0.05,inf,516,24,0,0,24,492,0,0.0,0.0,0.0,1200,232.5581395348837,0.0,25.0,0.0,1.0,0.0,no_alarm,0.0,0,0,0,0,0.0
LR,time,2,fixed,C_b10_r05,C,0.1,5,inf,516,24,0,0,24,492,0,0.0,0.0,0.0,120,23.25581395348837,0.0,51.0,0.0,1.0,0.0,refitted,0.1,inf,516,24,0,0,24,492,0,0.0,0.0,0.0,120,23.25581395348837,0.0,51.0,0.0,1.0,0.0,no_alarm,0.0,0,0,0,0,0.0
LR,time,2,fixed,C_b10_r10,C,0.1,10,inf,516,24,0,0,24,492,0,0.0,0.0,0.0,240,46.51162790697674,0.0,51.0,0.0,1.0,0.0,refitted,0.1,inf,516,24,0,0,24,492,0,0.0,0.0,0.0,240,46.51162790697674,0.0,51.0,0.0,1.0,0.0,no_alarm,0.0,0,0,0,0,0.0
LR,time,2,fixed,C_b10_r20,C,0.1,20,inf,516,24,0,0,24,492,0,0.0,0.0,0.0,480,93.02325581395348,0.0,51.0,0.0,1.0,0.0,refitted,0.1,inf,516,24,0,0,24,492,0,0.0,0.0,0.0,480,93.02325581395348,0.0,51.0,0.0,1.0,0.0,no_alarm,0.0,0,0,0,0,0.0
LR,time,2,fixed,C_b10_r50,C,0.1,50,inf,516,24,0,0,24,492,0,0.0,0.0,0.0,1200,232.5581395348837,0.0,51.0,0.0,1.0,0.0,refitted,0.1,inf,516,24,0,0,24,492,0,0.0,0.0,0.0,1200,232.5581395348837,0.0,51.0,0.0,1.0,0.0,no_alarm,0.0,0,0,0,0,0.0
LR,time,2,fixed,C_b20_r05,C,0.2,5,inf,516,24,0,0,24,492,0,0.0,0.0,0.0,120,23.25581395348837,0.0,103.0,0.0,1.0,0.0,refitted,0.2,inf,516,24,0,0,24,492,0,0.0,0.0,0.0,120,23.25581395348837,0.0,103.0,0.0,1.0,0.0,no_alarm,0.0,0,0,0,0,0.0
LR,time,2,fixed,C_b20_r10,C,0.2,10,inf,516,24,0,0,24,492,0,0.0,0.0,0.0,240,46.51162790697674,0.0,103.0,0.0,1.0,0.0,refitted,0.2,inf,516,24,0,0,24,492,0,0.0,0.0,0.0,240,46.51162790697674,0.0,103.0,0.0,1.0,0.0,no_alarm,0.0,0,0,0,0,0.0
LR,time,2,fixed,C_b20_r20,C,0.2,20,inf,516,24,0,0,24,492,0,0.0,0.0,0.0,480,93.02325581395348,0.0,103.0,0.0,1.0,0.0,refitted,0.2,inf,516,24,0,0,24,492,0,0.0,0.0,0.0,480,93.02325581395348,0.0,103.0,0.0,1.0,0.0,no_alarm,0.0,0,0,0,0,0.0
LR,time,2,fixed,C_b20_r50,C,0.2,50,inf,516,24,0,0,24,492,0,0.0,0.0,0.0,1200,232.5581395348837,0.0,103.0,0.0,1.0,0.0,refitted,0.2,inf,516,24,0,0,24,492,0,0.0,0.0,0.0,1200,232.5581395348837,0.0,103.0,0.0,1.0,0.0,no_alarm,0.0,0,0,0,0,0.0
LR,time,3,fixed,A_b01,A,0.01,5,0.6558917926681779,516,18,2,6,16,492,8,0.1111111111111111,0.25,0.0155038759689922,86,16.666666666666668,-0.7751937984496124,5.0,3.0,0.8888888888888888,0.0120481927710843,refitted,0.01,0.6558917926681779,516,18,2,8,16,490,10,0.1111111111111111,0.2,0.0193798449612403,88,17.05426356589147,-0.3875968992248062,5.0,5.0,0.8888888888888888,0.0160642570281124,finite,0.38759689922480334,2,0,2,0,2.0
LR,time,3,fixed,A_b01,A,0.01,10,0.6558917926681779,516,18,2,6,16,492,8,0.1111111111111111,0.25,0.0155038759689922,166,32.17054263565891,-2.713178294573644,5.0,3.0,0.8888888888888888,0.0120481927710843,refitted,0.01,0.6558917926681779,516,18,2,8,16,490,10,0.1111111111111111,0.2,0.0193798449612403,168,32.55813953488372,-2.3255813953488373,5.0,5.0,0.8888888888888888,0.0160642570281124,finite,0.38759689922481044,2,0,2,0,2.0
LR,time,3,fixed,A_b01,A,0.01,20,0.6558917926681779,516,18,2,6,16,492,8,0.1111111111111111,0.25,0.0155038759689922,326,63.17829457364341,-6.589147286821706,5.0,3.0,0.8888888888888888,0.0120481927710843,refitted,0.01,0.6558917926681779,516,18,2,8,16,490,10,0.1111111111111111,0.2,0.0193798449612403,328,63.565891472868216,-6.2015503875969,5.0,5.0,0.8888888888888888,0.0160642570281124,finite,0.38759689922480334,2,0,2,0,2.0
LR,time,3,fixed,A_b01,A,0.01,50,0.6558917926681779,516,18,2,6,16,492,8,0.1111111111111111,0.25,0.0155038759689922,806,156.2015503875969,-18.21705426356589,5.0,3.0,0.8888888888888888,0.0120481927710843,refitted,0.01,0.6558917926681779,516,18,2,8,16,490,10,0.1111111111111111,0.2,0.0193798449612403,808,156.5891472868217,-17.829457364341085,5.0,5.0,0.8888888888888888,0.0160642570281124,finite,0.38759689922480334,2,0,2,0,2.0
LR,time,3,fixed,A_b05,A,0.05,5,0.5753350209792557,516,18,2,28,16,470,30,0.1111111111111111,0.0666666666666666,0.0581395348837209,108,20.930232558139537,3.488372093023256,25.0,5.0,0.8888888888888888,0.0562248995983935,refitted,0.05,0.5753350209792557,516,18,3,33,15,465,36,0.1666666666666666,0.0833333333333333,0.0697674418604651,108,20.930232558139537,3.488372093023256,25.0,11.0,0.8333333333333334,0.0662650602409638,finite,0.0,6,1,5,-1,6.0
LR,time,3,fixed,A_b05,A,0.05,10,0.5753350209792557,516,18,2,28,16,470,30,0.1111111111111111,0.0666666666666666,0.0581395348837209,188,36.43410852713178,1.550387596899225,25.0,5.0,0.8888888888888888,0.0562248995983935,refitted,0.05,0.5753350209792557,516,18,3,33,15,465,36,0.1666666666666666,0.0833333333333333,0.0697674418604651,183,35.46511627906977,0.5813953488372093,25.0,11.0,0.8333333333333334,0.0662650602409638,finite,-0.9689922480620083,6,1,5,-1,6.0
LR,time,3,fixed,A_b05,A,0.05,20,0.5753350209792557,516,18,2,28,16,470,30,0.1111111111111111,0.0666666666666666,0.0581395348837209,348,67.44186046511628,-2.3255813953488373,25.0,5.0,0.8888888888888888,0.0562248995983935,refitted,0.05,0.5753350209792557,516,18,3,33,15,465,36,0.1666666666666666,0.0833333333333333,0.0697674418604651,333,64.53488372093024,-5.232558139534884,25.0,11.0,0.8333333333333334,0.0662650602409638,finite,-2.9069767441860392,6,1,5,-1,6.0
LR,time,3,fixed,A_b05,A,0.05,50,0.5753350209792557,516,18,2,28,16,470,30,0.1111111111111111,0.0666666666666666,0.0581395348837209,828,160.46511627906978,-13.953488372093023,25.0,5.0,0.8888888888888888,0.0562248995983935,refitted,0.05,0.5753350209792557,516,18,3,33,15,465,36,0.1666666666666666,0.0833333333333333,0.0697674418604651,783,151.74418604651163,-22.67441860465116,25.0,11.0,0.8333333333333334,0.0662650602409638,finite,-8.720930232558146,6,1,5,-1,6.0
LR,time,3,fixed,A_b10,A,0.1,5,0.5215334577724159,516,18,3,57,15,441,60,0.1666666666666666,0.05,0.1162790697674418,132,25.58139534883721,8.13953488372093,51.0,9.0,0.8333333333333334,0.1144578313253012,refitted,0.1,0.5215334577724159,516,18,3,69,15,429,72,0.1666666666666666,0.0416666666666666,0.1395348837209302,144,27.906976744186046,10.465116279069768,51.0,21.0,0.8333333333333334,0.1385542168674698,finite,2.325581395348838,12,0,12,0,12.0
LR,time,3,fixed,A_b10,A,0.1,10,0.5215334577724159,516,18,3,57,15,441,60,0.1666666666666666,0.05,0.1162790697674418,207,40.11627906976744,5.232558139534884,51.0,9.0,0.8333333333333334,0.1144578313253012,refitted,0.1,0.5215334577724159,516,18,3,69,15,429,72,0.1666666666666666,0.0416666666666666,0.1395348837209302,219,42.44186046511628,7.558139534883721,51.0,21.0,0.8333333333333334,0.1385542168674698,finite,2.3255813953488413,12,0,12,0,12.0
LR,time,3,fixed,A_b10,A,0.1,20,0.5215334577724159,516,18,3,57,15,441,60,0.1666666666666666,0.05,0.1162790697674418,357,69.18604651162791,-0.5813953488372093,51.0,9.0,0.8333333333333334,0.1144578313253012,refitted,0.1,0.5215334577724159,516,18,3,69,15,429,72,0.1666666666666666,0.0416666666666666,0.1395348837209302,369,71.51162790697674,1.744186046511628,51.0,21.0,0.8333333333333334,0.1385542168674698,finite,2.3255813953488342,12,0,12,0,12.0
LR,time,3,fixed,A_b10,A,0.1,50,0.5215334577724159,516,18,3,57,15,441,60,0.1666666666666666,0.05,0.1162790697674418,807,156.3953488372093,-18.023255813953487,51.0,9.0,0.8333333333333334,0.1144578313253012,refitted,0.1,0.5215334577724159,516,18,3,69,15,429,72,0.1666666666666666,0.0416666666666666,0.1395348837209302,819,158.72093023255815,-15.69767441860465,51.0,21.0,0.8333333333333334,0.1385542168674698,finite,2.3255813953488484,12,0,12,0,12.0
LR,time,3,fixed,A_b20,A,0.2,5,0.4497297694026001,516,18,3,109,15,389,112,0.1666666666666666,0.0267857142857142,0.2170542635658914,184,35.65891472868217,18.21705426356589,103.0,9.0,0.8333333333333334,0.2188755020080321,refitted,0.2,0.4497297694026001,516,18,5,123,13,375,128,0.2777777777777778,0.0390625,0.2480620155038759,188,36.43410852713178,18.992248062015506,103.0,25.0,0.7222222222222222,0.2469879518072289,finite,0.7751937984496067,16,2,14,-2,16.0
LR,time,3,fixed,A_b20,A,0.2,10,0.4497297694026001,516,18,3,109,15,389,112,0.1666666666666666,0.0267857142857142,0.2170542635658914,259,50.1937984496124,15.310077519379846,103.0,9.0,0.8333333333333334,0.2188755020080321,refitted,0.2,0.4497297694026001,516,18,5,123,13,375,128,0.2777777777777778,0.0390625,0.2480620155038759,253,49.03100775193799,14.147286821705428,103.0,25.0,0.7222222222222222,0.2469879518072289,finite,-1.16279069767441,16,2,14,-2,16.0
LR,time,3,fixed,A_b20,A,0.2,20,0.4497297694026001,516,18,3,109,15,389,112,0.1666666666666666,0.0267857142857142,0.2170542635658914,409,79.26356589147287,9.496124031007753,103.0,9.0,0.8333333333333334,0.2188755020080321,refitted,0.2,0.4497297694026001,516,18,5,123,13,375,128,0.2777777777777778,0.0390625,0.2480620155038759,383,74.2248062015504,4.457364341085271,103.0,25.0,0.7222222222222222,0.2469879518072289,finite,-5.038759689922472,16,2,14,-2,16.0
LR,time,3,fixed,A_b20,A,0.2,50,0.4497297694026001,516,18,3,109,15,389,112,0.1666666666666666,0.0267857142857142,0.2170542635658914,859,166.47286821705427,-7.945736434108527,103.0,9.0,0.8333333333333334,0.2188755020080321,refitted,0.2,0.4497297694026001,516,18,5,123,13,375,128,0.2777777777777778,0.0390625,0.2480620155038759,773,149.80620155038758,-24.612403100775197,103.0,25.0,0.7222222222222222,0.2469879518072289,finite,-16.666666666666686,16,2,14,-2,16.0
LR,time,3,fixed,B_r05,B,,5,0.6876011531646407,516,18,1,3,17,495,4,0.0555555555555555,0.25,0.0077519379844961,88,17.05426356589147,-0.3875968992248062,,,0.9444444444444444,0.0060240963855421,refitted,,0.6876011531646407,516,18,2,4,16,494,6,0.1111111111111111,0.3333333333333333,0.0116279069767441,84,16.27906976744186,-1.162790697674419,,,0.8888888888888888,0.0080321285140562,finite,-0.7751937984496102,2,1,1,-1,
LR,time,3,fixed,B_r10,B,,10,0.5863057993778873,516,18,2,26,16,472,28,0.1111111111111111,0.0714285714285714,0.0542635658914728,186,36.04651162790697,1.162790697674419,,,0.8888888888888888,0.0522088353413654,refitted,,0.5863057993778873,516,18,3,30,15,468,33,0.1666666666666666,0.0909090909090909,0.063953488372093,180,34.88372093023256,0.0,,,0.8333333333333334,0.0602409638554216,finite,-1.16279069767441,5,1,4,-1,
LR,time,3,fixed,B_r20,B,,20,0.4443820623123951,516,18,3,113,15,385,116,0.1666666666666666,0.0258620689655172,0.2248062015503876,413,80.03875968992249,10.271317829457365,,,0.8333333333333334,0.2269076305220883,refitted,,0.4443820623123951,516,18,5,130,13,368,135,0.2777777777777778,0.037037037037037,0.2616279069767442,390,75.5813953488372,5.813953488372093,,,0.7222222222222222,0.2610441767068273,finite,-4.457364341085281,19,2,17,-2,
LR,time,3,fixed,B_r50,B,,50,0.2515153757580399,516,18,14,377,4,121,391,0.7777777777777778,0.0358056265984654,0.7577519379844961,577,111.8217054263566,-62.5968992248062,,,0.2222222222222222,0.7570281124497992,refitted,,0.2515153757580399,516,18,16,355,2,143,371,0.8888888888888888,0.0431266846361186,0.7189922480620154,455,88.17829457364341,-86.24031007751938,,,0.1111111111111111,0.7128514056224899,finite,-23.64341085271319,-20,2,-22,-2,
LR,time,3,fixed,C_b01_r05,C,0.01,5,0.6876011531646407,516,18,1,3,17,495,4,0.0555555555555555,0.25,0.0077519379844961,88,17.05426356589147,-0.3875968992248062,5.0,0.0,0.9444444444444444,0.0060240963855421,refitted,0.01,0.6876011531646407,516,18,2,4,16,494,6,0.1111111111111111,0.3333333333333333,0.0116279069767441,84,16.27906976744186,-1.162790697674419,5.0,1.0,0.8888888888888888,0.0080321285140562,finite,-0.7751937984496102,2,1,1,-1,1.0
LR,time,3,fixed,C_b01_r10,C,0.01,10,0.6876011531646407,516,18,1,3,17,495,4,0.0555555555555555,0.25,0.0077519379844961,173,33.52713178294574,-1.3565891472868217,5.0,0.0,0.9444444444444444,0.0060240963855421,refitted,0.01,0.6876011531646407,516,18,2,4,16,494,6,0.1111111111111111,0.3333333333333333,0.0116279069767441,164,31.782945736434108,-3.10077519379845,5.0,1.0,0.8888888888888888,0.0080321285140562,finite,-1.7441860465116292,2,1,1,-1,1.0
LR,time,3,fixed,C_b01_r20,C,0.01,20,0.6876011531646407,516,18,1,3,17,495,4,0.0555555555555555,0.25,0.0077519379844961,343,66.47286821705427,-3.294573643410853,5.0,0.0,0.9444444444444444,0.0060240963855421,refitted,0.01,0.6876011531646407,516,18,2,4,16,494,6,0.1111111111111111,0.3333333333333333,0.0116279069767441,324,62.7906976744186,-6.976744186046512,5.0,1.0,0.8888888888888888,0.0080321285140562,finite,-3.6821705426356672,2,1,1,-1,1.0
LR,time,3,fixed,C_b01_r50,C,0.01,50,0.6876011531646407,516,18,1,3,17,495,4,0.0555555555555555,0.25,0.0077519379844961,853,165.31007751937983,-9.108527131782946,5.0,0.0,0.9444444444444444,0.0060240963855421,refitted,0.01,0.6876011531646407,516,18,2,4,16,494,6,0.1111111111111111,0.3333333333333333,0.0116279069767441,804,155.8139534883721,-18.6046511627907,5.0,1.0,0.8888888888888888,0.0080321285140562,finite,-9.496124031007724,2,1,1,-1,1.0
LR,time,3,fixed,C_b05_r05,C,0.05,5,0.6876011531646407,516,18,1,3,17,495,4,0.0555555555555555,0.25,0.0077519379844961,88,17.05426356589147,-0.3875968992248062,25.0,0.0,0.9444444444444444,0.0060240963855421,refitted,0.05,0.6876011531646407,516,18,2,4,16,494,6,0.1111111111111111,0.3333333333333333,0.0116279069767441,84,16.27906976744186,-1.162790697674419,25.0,0.0,0.8888888888888888,0.0080321285140562,finite,-0.7751937984496102,2,1,1,-1,0.0
LR,time,3,fixed,C_b05_r10,C,0.05,10,0.5863057993778873,516,18,2,26,16,472,28,0.1111111111111111,0.0714285714285714,0.0542635658914728,186,36.04651162790697,1.162790697674419,25.0,3.0,0.8888888888888888,0.0522088353413654,refitted,0.05,0.5863057993778873,516,18,3,30,15,468,33,0.1666666666666666,0.0909090909090909,0.063953488372093,180,34.88372093023256,0.0,25.0,8.0,0.8333333333333334,0.0602409638554216,finite,-1.16279069767441,5,1,4,-1,5.0
LR,time,3,fixed,C_b05_r20,C,0.05,20,0.5863057993778873,516,18,2,26,16,472,28,0.1111111111111111,0.0714285714285714,0.0542635658914728,346,67.05426356589147,-2.713178294573644,25.0,3.0,0.8888888888888888,0.0522088353413654,refitted,0.05,0.5863057993778873,516,18,3,30,15,468,33,0.1666666666666666,0.0909090909090909,0.063953488372093,330,63.95348837209303,-5.813953488372093,25.0,8.0,0.8333333333333334,0.0602409638554216,finite,-3.100775193798448,5,1,4,-1,5.0
LR,time,3,fixed,C_b05_r50,C,0.05,50,0.5863057993778873,516,18,2,26,16,472,28,0.1111111111111111,0.0714285714285714,0.0542635658914728,826,160.07751937984497,-14.34108527131783,25.0,3.0,0.8888888888888888,0.0522088353413654,refitted,0.05,0.5863057993778873,516,18,3,30,15,468,33,0.1666666666666666,0.0909090909090909,0.063953488372093,780,151.1627906976744,-23.25581395348837,25.0,8.0,0.8333333333333334,0.0602409638554216,finite,-8.914728682170562,5,1,4,-1,5.0
LR,time,3,fixed,C_b10_r05,C,0.1,5,0.6876011531646407,516,18,1,3,17,495,4,0.0555555555555555,0.25,0.0077519379844961,88,17.05426356589147,-0.3875968992248062,51.0,0.0,0.9444444444444444,0.0060240963855421,refitted,0.1,0.6876011531646407,516,18,2,4,16,494,6,0.1111111111111111,0.3333333333333333,0.0116279069767441,84,16.27906976744186,-1.162790697674419,51.0,0.0,0.8888888888888888,0.0080321285140562,finite,-0.7751937984496102,2,1,1,-1,0.0
LR,time,3,fixed,C_b10_r10,C,0.1,10,0.5863057993778873,516,18,2,26,16,472,28,0.1111111111111111,0.0714285714285714,0.0542635658914728,186,36.04651162790697,1.162790697674419,51.0,0.0,0.8888888888888888,0.0522088353413654,refitted,0.1,0.5863057993778873,516,18,3,30,15,468,33,0.1666666666666666,0.0909090909090909,0.063953488372093,180,34.88372093023256,0.0,51.0,0.0,0.8333333333333334,0.0602409638554216,finite,-1.16279069767441,5,1,4,-1,0.0
LR,time,3,fixed,C_b10_r20,C,0.1,20,0.5863057993778873,516,18,2,26,16,472,28,0.1111111111111111,0.0714285714285714,0.0542635658914728,346,67.05426356589147,-2.713178294573644,51.0,0.0,0.8888888888888888,0.0522088353413654,refitted,0.1,0.5863057993778873,516,18,3,30,15,468,33,0.1666666666666666,0.0909090909090909,0.063953488372093,330,63.95348837209303,-5.813953488372093,51.0,0.0,0.8333333333333334,0.0602409638554216,finite,-3.100775193798448,5,1,4,-1,0.0
LR,time,3,fixed,C_b10_r50,C,0.1,50,0.5863057993778873,516,18,2,26,16,472,28,0.1111111111111111,0.0714285714285714,0.0542635658914728,826,160.07751937984497,-14.34108527131783,51.0,0.0,0.8888888888888888,0.0522088353413654,refitted,0.1,0.5863057993778873,516,18,3,30,15,468,33,0.1666666666666666,0.0909090909090909,0.063953488372093,780,151.1627906976744,-23.25581395348837,51.0,0.0,0.8333333333333334,0.0602409638554216,finite,-8.914728682170562,5,1,4,-1,0.0
LR,time,3,fixed,C_b20_r05,C,0.2,5,0.6876011531646407,516,18,1,3,17,495,4,0.0555555555555555,0.25,0.0077519379844961,88,17.05426356589147,-0.3875968992248062,103.0,0.0,0.9444444444444444,0.0060240963855421,refitted,0.2,0.6876011531646407,516,18,2,4,16,494,6,0.1111111111111111,0.3333333333333333,0.0116279069767441,84,16.27906976744186,-1.162790697674419,103.0,0.0,0.8888888888888888,0.0080321285140562,finite,-0.7751937984496102,2,1,1,-1,0.0
LR,time,3,fixed,C_b20_r10,C,0.2,10,0.5863057993778873,516,18,2,26,16,472,28,0.1111111111111111,0.0714285714285714,0.0542635658914728,186,36.04651162790697,1.162790697674419,103.0,0.0,0.8888888888888888,0.0522088353413654,refitted,0.2,0.5863057993778873,516,18,3,30,15,468,33,0.1666666666666666,0.0909090909090909,0.063953488372093,180,34.88372093023256,0.0,103.0,0.0,0.8333333333333334,0.0602409638554216,finite,-1.16279069767441,5,1,4,-1,0.0
LR,time,3,fixed,C_b20_r20,C,0.2,20,0.4915349631956028,516,18,3,78,15,420,81,0.1666666666666666,0.037037037037037,0.1569767441860465,378,73.25581395348837,3.488372093023256,103.0,0.0,0.8333333333333334,0.1566265060240964,refitted,0.2,0.4915349631956028,516,18,3,86,15,412,89,0.1666666666666666,0.0337078651685393,0.1724806201550387,386,74.8062015503876,5.038759689922481,103.0,0.0,0.8333333333333334,0.1726907630522088,finite,1.5503875968992276,8,0,8,0,0.0
LR,time,3,fixed,C_b20_r50,C,0.2,50,0.4915349631956028,516,18,3,78,15,420,81,0.1666666666666666,0.037037037037037,0.1569767441860465,828,160.46511627906978,-13.953488372093023,103.0,0.0,0.8333333333333334,0.1566265060240964,refitted,0.2,0.4915349631956028,516,18,3,86,15,412,89,0.1666666666666666,0.0337078651685393,0.1724806201550387,836,162.015503875969,-12.4031007751938,103.0,0.0,0.8333333333333334,0.1726907630522088,finite,1.5503875968992133,8,0,8,0,0.0
LR,holdout,0,fixed,A_b01,A,0.01,5,0.812747402290846,774,26,1,0,25,748,1,0.0384615384615384,1.0,0.0012919896640826,125,16.149870801033593,-0.6459948320413437,7.0,0.0,0.9615384615384616,0.0,refitted,0.01,0.812747402290846,774,26,1,0,25,748,1,0.0384615384615384,1.0,0.0012919896640826,125,16.149870801033593,-0.6459948320413437,7.0,0.0,0.9615384615384616,0.0,finite,0.0,0,0,0,0,0.0
LR,holdout,0,fixed,A_b01,A,0.01,10,0.812747402290846,774,26,1,0,25,748,1,0.0384615384615384,1.0,0.0012919896640826,250,32.299741602067186,-1.2919896640826871,7.0,0.0,0.9615384615384616,0.0,refitted,0.01,0.812747402290846,774,26,1,0,25,748,1,0.0384615384615384,1.0,0.0012919896640826,250,32.299741602067186,-1.2919896640826871,7.0,0.0,0.9615384615384616,0.0,finite,0.0,0,0,0,0,0.0
LR,holdout,0,fixed,A_b01,A,0.01,20,0.812747402290846,774,26,1,0,25,748,1,0.0384615384615384,1.0,0.0012919896640826,500,64.59948320413437,-2.5839793281653747,7.0,0.0,0.9615384615384616,0.0,refitted,0.01,0.812747402290846,774,26,1,0,25,748,1,0.0384615384615384,1.0,0.0012919896640826,500,64.59948320413437,-2.5839793281653747,7.0,0.0,0.9615384615384616,0.0,finite,0.0,0,0,0,0,0.0
LR,holdout,0,fixed,A_b01,A,0.01,50,0.812747402290846,774,26,1,0,25,748,1,0.0384615384615384,1.0,0.0012919896640826,1250,161.49870801033592,-6.459948320413437,7.0,0.0,0.9615384615384616,0.0,refitted,0.01,0.812747402290846,774,26,1,0,25,748,1,0.0384615384615384,1.0,0.0012919896640826,1250,161.49870801033592,-6.459948320413437,7.0,0.0,0.9615384615384616,0.0,finite,0.0,0,0,0,0,0.0
LR,holdout,0,fixed,A_b05,A,0.05,5,0.6961583831259185,774,26,3,11,23,737,14,0.1153846153846153,0.2142857142857142,0.0180878552971576,126,16.27906976744186,-0.5167958656330749,38.0,0.0,0.8846153846153846,0.0147058823529411,refitted,0.05,0.6961583831259185,774,26,1,4,25,744,5,0.0384615384615384,0.2,0.0064599483204134,129,16.666666666666668,-0.1291989664082687,38.0,0.0,0.9615384615384616,0.0053475935828877,finite,0.3875968992248069,-9,-2,-7,2,0.0
LR,holdout,0,fixed,A_b05,A,0.05,10,0.6961583831259185,774,26,3,11,23,737,14,0.1153846153846153,0.2142857142857142,0.0180878552971576,241,31.13695090439277,-2.454780361757106,38.0,0.0,0.8846153846153846,0.0147058823529411,refitted,0.05,0.6961583831259185,774,26,1,4,25,744,5,0.0384615384615384,0.2,0.0064599483204134,254,32.81653746770026,-0.7751937984496124,38.0,0.0,0.9615384615384616,0.0053475935828877,finite,1.6795865633074882,-9,-2,-7,2,0.0
LR,holdout,0,fixed,A_b05,A,0.05,20,0.6961583831259185,774,26,3,11,23,737,14,0.1153846153846153,0.2142857142857142,0.0180878552971576,471,60.85271317829457,-6.330749354005168,38.0,0.0,0.8846153846153846,0.0147058823529411,refitted,0.05,0.6961583831259185,774,26,1,4,25,744,5,0.0384615384615384,0.2,0.0064599483204134,504,65.11627906976744,-2.0671834625323,38.0,0.0,0.9615384615384616,0.0053475935828877,finite,4.263565891472872,-9,-2,-7,2,0.0
LR,holdout,0,fixed,A_b05,A,0.05,50,0.6961583831259185,774,26,3,11,23,737,14,0.1153846153846153,0.2142857142857142,0.0180878552971576,1161,150.0,-17.958656330749353,38.0,0.0,0.8846153846153846,0.0147058823529411,refitted,0.05,0.6961583831259185,774,26,1,4,25,744,5,0.0384615384615384,0.2,0.0064599483204134,1254,162.015503875969,-5.943152454780361,38.0,0.0,0.9615384615384616,0.0053475935828877,finite,12.015503875968989,-9,-2,-7,2,0.0
LR,holdout,0,fixed,A_b10,A,0.1,5,0.6521631990837431,774,26,3,25,23,723,28,0.1153846153846153,0.1071428571428571,0.0361757105943152,140,18.087855297157624,1.2919896640826871,77.0,0.0,0.8846153846153846,0.0334224598930481,refitted,0.1,0.6521631990837431,774,26,2,11,24,737,13,0.0769230769230769,0.1538461538461538,0.0167958656330749,131,16.925064599483203,0.1291989664082687,77.0,0.0,0.9230769230769232,0.0147058823529411,finite,-1.1627906976744207,-15,-1,-14,1,0.0
LR,holdout,0,fixed,A_b10,A,0.1,10,0.6521631990837431,774,26,3,25,23,723,28,0.1153846153846153,0.1071428571428571,0.0361757105943152,255,32.945736434108525,-0.6459948320413437,77.0,0.0,0.8846153846153846,0.0334224598930481,refitted,0.1,0.6521631990837431,774,26,2,11,24,737,13,0.0769230769230769,0.1538461538461538,0.0167958656330749,251,32.428940568475454,-1.162790697674419,77.0,0.0,0.9230769230769232,0.0147058823529411,finite,-0.5167958656330711,-15,-1,-14,1,0.0
LR,holdout,0,fixed,A_b10,A,0.1,20,0.6521631990837431,774,26,3,25,23,723,28,0.1153846153846153,0.1071428571428571,0.0361757105943152,485,62.661498708010335,-4.521963824289406,77.0,0.0,0.8846153846153846,0.0334224598930481,refitted,0.1,0.6521631990837431,774,26,2,11,24,737,13,0.0769230769230769,0.1538461538461538,0.0167958656330749,491,63.43669250645995,-3.746770025839793,77.0,0.0,0.9230769230769232,0.0147058823529411,finite,0.7751937984496138,-15,-1,-14,1,0.0
LR,holdout,0,fixed,A_b10,A,0.1,50,0.6521631990837431,774,26,3,25,23,723,28,0.1153846153846153,0.1071428571428571,0.0361757105943152,1175,151.80878552971575,-16.149870801033593,77.0,0.0,0.8846153846153846,0.0334224598930481,refitted,0.1,0.6521631990837431,774,26,2,11,24,737,13,0.0769230769230769,0.1538461538461538,0.0167958656330749,1211,156.45994832041345,-11.498708010335918,77.0,0.0,0.9230769230769232,0.0147058823529411,finite,4.651162790697697,-15,-1,-14,1,0.0
LR,holdout,0,fixed,A_b20,A,0.2,5,0.5674783488702786,774,26,5,62,21,686,67,0.1923076923076923,0.0746268656716417,0.08656330749354,167,21.57622739018088,4.780361757105943,154.0,0.0,0.8076923076923077,0.0828877005347593,refitted,0.2,0.5674783488702786,774,26,3,47,23,701,50,0.1153846153846153,0.06,0.0645994832041343,162,20.930232558139537,4.134366925064599,154.0,0.0,0.8846153846153846,0.0628342245989304,finite,-0.6459948320413424,-17,-2,-15,2,0.0
LR,holdout,0,fixed,A_b20,A,0.2,10,0.5674783488702786,774,26,5,62,21,686,67,0.1923076923076923,0.0746268656716417,0.08656330749354,272,35.1421188630491,1.550387596899225,154.0,0.0,0.8076923076923077,0.0828877005347593,refitted,0.2,0.5674783488702786,774,26,3,47,23,701,50,0.1153846153846153,0.06,0.0645994832041343,277,35.78811369509044,2.1963824289405687,154.0,0.0,0.8846153846153846,0.0628342245989304,finite,0.6459948320413389,-17,-2,-15,2,0.0
LR,holdout,0,fixed,A_b20,A,0.2,20,0.5674783488702786,774,26,5,62,21,686,67,0.1923076923076923,0.0746268656716417,0.08656330749354,482,62.27390180878553,-4.909560723514212,154.0,0.0,0.8076923076923077,0.0828877005347593,refitted,0.2,0.5674783488702786,774,26,3,47,23,701,50,0.1153846153846153,0.06,0.0645994832041343,507,65.50387596899225,-1.6795865633074936,154.0,0.0,0.8846153846153846,0.0628342245989304,finite,3.229974160206716,-17,-2,-15,2,0.0
LR,holdout,0,fixed,A_b20,A,0.2,50,0.5674783488702786,774,26,5,62,21,686,67,0.1923076923076923,0.0746268656716417,0.08656330749354,1112,143.66925064599482,-24.289405684754524,154.0,0.0,0.8076923076923077,0.0828877005347593,refitted,0.2,0.5674783488702786,774,26,3,47,23,701,50,0.1153846153846153,0.06,0.0645994832041343,1197,154.65116279069767,-13.30749354005168,154.0,0.0,0.8846153846153846,0.0628342245989304,finite,10.981912144702846,-17,-2,-15,2,0.0
LR,holdout,0,fixed,B_r05,B,,5,inf,774,26,0,0,26,748,0,0.0,0.0,0.0,130,16.795865633074936,0.0,,,1.0,0.0,refitted,,inf,774,26,0,0,26,748,0,0.0,0.0,0.0,130,16.795865633074936,0.0,,,1.0,0.0,no_alarm,0.0,0,0,0,0,
LR,holdout,0,fixed,B_r10,B,,10,inf,774,26,0,0,26,748,0,0.0,0.0,0.0,260,33.59173126614987,0.0,,,1.0,0.0,refitted,,inf,774,26,0,0,26,748,0,0.0,0.0,0.0,260,33.59173126614987,0.0,,,1.0,0.0,no_alarm,0.0,0,0,0,0,
LR,holdout,0,fixed,B_r20,B,,20,0.2415644398635453,774,26,18,522,8,226,540,0.6923076923076923,0.0333333333333333,0.6976744186046512,682,88.11369509043928,20.930232558139537,,,0.3076923076923077,0.6978609625668449,refitted,,0.2415644398635453,774,26,24,565,2,183,589,0.9230769230769232,0.0407470288624787,0.7609819121447028,605,78.16537467700259,10.981912144702845,,,0.0769230769230769,0.7553475935828877,finite,-9.94832041343669,49,6,43,-6,
LR,holdout,0,fixed,B_r50,B,,50,0.1596653076146879,774,26,25,662,1,86,687,0.9615384615384616,0.0363901018922852,0.8875968992248062,712,91.98966408268734,-75.96899224806202,,,0.0384615384615384,0.8850267379679144,refitted,,0.1596653076146879,774,26,25,682,1,66,707,0.9615384615384616,0.0353606789250353,0.91343669250646,732,94.57364341085272,-73.38501291989664,,,0.0384615384615384,0.9117647058823528,finite,2.583979328165384,20,0,20,0,
LR,holdout,0,fixed,C_b01_r05,C,0.01,5,inf,774,26,0,0,26,748,0,0.0,0.0,0.0,130,16.795865633074936,0.0,7.0,0.0,1.0,0.0,refitted,0.01,inf,774,26,0,0,26,748,0,0.0,0.0,0.0,130,16.795865633074936,0.0,7.0,0.0,1.0,0.0,no_alarm,0.0,0,0,0,0,0.0
LR,holdout,0,fixed,C_b01_r10,C,0.01,10,inf,774,26,0,0,26,748,0,0.0,0.0,0.0,260,33.59173126614987,0.0,7.0,0.0,1.0,0.0,refitted,0.01,inf,774,26,0,0,26,748,0,0.0,0.0,0.0,260,33.59173126614987,0.0,7.0,0.0,1.0,0.0,no_alarm,0.0,0,0,0,0,0.0
LR,holdout,0,fixed,C_b01_r20,C,0.01,20,inf,774,26,0,0,26,748,0,0.0,0.0,0.0,520,67.18346253229974,0.0,7.0,0.0,1.0,0.0,refitted,0.01,inf,774,26,0,0,26,748,0,0.0,0.0,0.0,520,67.18346253229974,0.0,7.0,0.0,1.0,0.0,no_alarm,0.0,0,0,0,0,0.0
LR,holdout,0,fixed,C_b01_r50,C,0.01,50,inf,774,26,0,0,26,748,0,0.0,0.0,0.0,1300,167.95865633074936,0.0,7.0,0.0,1.0,0.0,refitted,0.01,inf,774,26,0,0,26,748,0,0.0,0.0,0.0,1300,167.95865633074936,0.0,7.0,0.0,1.0,0.0,no_alarm,0.0,0,0,0,0,0.0
LR,holdout,0,fixed,C_b05_r05,C,0.05,5,inf,774,26,0,0,26,748,0,0.0,0.0,0.0,130,16.795865633074936,0.0,38.0,0.0,1.0,0.0,refitted,0.05,inf,774,26,0,0,26,748,0,0.0,0.0,0.0,130,16.795865633074936,0.0,38.0,0.0,1.0,0.0,no_alarm,0.0,0,0,0,0,0.0
LR,holdout,0,fixed,C_b05_r10,C,0.05,10,inf,774,26,0,0,26,748,0,0.0,0.0,0.0,260,33.59173126614987,0.0,38.0,0.0,1.0,0.0,refitted,0.05,inf,774,26,0,0,26,748,0,0.0,0.0,0.0,260,33.59173126614987,0.0,38.0,0.0,1.0,0.0,no_alarm,0.0,0,0,0,0,0.0
LR,holdout,0,fixed,C_b05_r20,C,0.05,20,inf,774,26,0,0,26,748,0,0.0,0.0,0.0,520,67.18346253229974,0.0,38.0,0.0,1.0,0.0,refitted,0.05,inf,774,26,0,0,26,748,0,0.0,0.0,0.0,520,67.18346253229974,0.0,38.0,0.0,1.0,0.0,no_alarm,0.0,0,0,0,0,0.0
LR,holdout,0,fixed,C_b05_r50,C,0.05,50,inf,774,26,0,0,26,748,0,0.0,0.0,0.0,1300,167.95865633074936,0.0,38.0,0.0,1.0,0.0,refitted,0.05,inf,774,26,0,0,26,748,0,0.0,0.0,0.0,1300,167.95865633074936,0.0,38.0,0.0,1.0,0.0,no_alarm,0.0,0,0,0,0,0.0
LR,holdout,0,fixed,C_b10_r05,C,0.1,5,inf,774,26,0,0,26,748,0,0.0,0.0,0.0,130,16.795865633074936,0.0,77.0,0.0,1.0,0.0,refitted,0.1,inf,774,26,0,0,26,748,0,0.0,0.0,0.0,130,16.795865633074936,0.0,77.0,0.0,1.0,0.0,no_alarm,0.0,0,0,0,0,0.0
LR,holdout,0,fixed,C_b10_r10,C,0.1,10,inf,774,26,0,0,26,748,0,0.0,0.0,0.0,260,33.59173126614987,0.0,77.0,0.0,1.0,0.0,refitted,0.1,inf,774,26,0,0,26,748,0,0.0,0.0,0.0,260,33.59173126614987,0.0,77.0,0.0,1.0,0.0,no_alarm,0.0,0,0,0,0,0.0
LR,holdout,0,fixed,C_b10_r20,C,0.1,20,inf,774,26,0,0,26,748,0,0.0,0.0,0.0,520,67.18346253229974,0.0,77.0,0.0,1.0,0.0,refitted,0.1,inf,774,26,0,0,26,748,0,0.0,0.0,0.0,520,67.18346253229974,0.0,77.0,0.0,1.0,0.0,no_alarm,0.0,0,0,0,0,0.0
LR,holdout,0,fixed,C_b10_r50,C,0.1,50,0.6709945360897981,774,26,3,21,23,727,24,0.1153846153846153,0.125,0.0310077519379844,1171,151.29198966408268,-16.666666666666668,77.0,0.0,0.8846153846153846,0.0280748663101604,refitted,0.1,0.6709945360897981,774,26,2,5,24,743,7,0.0769230769230769,0.2857142857142857,0.0090439276485788,1205,155.6847545219638,-12.27390180878553,77.0,0.0,0.9230769230769232,0.0066844919786096,finite,4.392764857881133,-17,-1,-16,1,0.0
LR,holdout,0,fixed,C_b20_r05,C,0.2,5,inf,774,26,0,0,26,748,0,0.0,0.0,0.0,130,16.795865633074936,0.0,154.0,0.0,1.0,0.0,refitted,0.2,inf,774,26,0,0,26,748,0,0.0,0.0,0.0,130,16.795865633074936,0.0,154.0,0.0,1.0,0.0,no_alarm,0.0,0,0,0,0,0.0
LR,holdout,0,fixed,C_b20_r10,C,0.2,10,inf,774,26,0,0,26,748,0,0.0,0.0,0.0,260,33.59173126614987,0.0,154.0,0.0,1.0,0.0,refitted,0.2,inf,774,26,0,0,26,748,0,0.0,0.0,0.0,260,33.59173126614987,0.0,154.0,0.0,1.0,0.0,no_alarm,0.0,0,0,0,0,0.0
LR,holdout,0,fixed,C_b20_r20,C,0.2,20,0.5898690659995661,774,26,5,50,21,698,55,0.1923076923076923,0.0909090909090909,0.0710594315245478,470,60.723514211886304,-6.459948320413437,154.0,0.0,0.8076923076923077,0.0668449197860962,refitted,0.2,0.5898690659995661,774,26,3,32,23,716,35,0.1153846153846153,0.0857142857142857,0.045219638242894,492,63.565891472868216,-3.617571059431525,154.0,0.0,0.8846153846153846,0.0427807486631016,finite,2.8423772609819125,-20,-2,-18,2,0.0
LR,holdout,0,fixed,C_b20_r50,C,0.2,50,0.5898690659995661,774,26,5,50,21,698,55,0.1923076923076923,0.0909090909090909,0.0710594315245478,1100,142.1188630490956,-25.839793281653748,154.0,0.0,0.8076923076923077,0.0668449197860962,refitted,0.2,0.5898690659995661,774,26,3,32,23,716,35,0.1153846153846153,0.0857142857142857,0.045219638242894,1182,152.71317829457365,-15.24547803617571,154.0,0.0,0.8846153846153846,0.0427807486631016,finite,10.594315245478043,-20,-2,-18,2,0.0
CART,time,0,fixed,A_b01,A,0.01,5,0.5502739896200263,516,36,0,1,36,479,1,0.0,0.0,0.001937984496124,181,35.07751937984496,0.1937984496124031,5.0,0.0,1.0,0.0020833333333333,refitted,0.01,0.5502739896200263,516,36,0,1,36,479,1,0.0,0.0,0.001937984496124,181,35.07751937984496,0.1937984496124031,5.0,0.0,1.0,0.0020833333333333,finite,0.0,0,0,0,0,0.0
CART,time,0,fixed,A_b01,A,0.01,10,0.5502739896200263,516,36,0,1,36,479,1,0.0,0.0,0.001937984496124,361,69.96124031007751,0.1937984496124031,5.0,0.0,1.0,0.0020833333333333,refitted,0.01,0.5502739896200263,516,36,0,1,36,479,1,0.0,0.0,0.001937984496124,361,69.96124031007751,0.1937984496124031,5.0,0.0,1.0,0.0020833333333333,finite,0.0,0,0,0,0,0.0
CART,time,0,fixed,A_b01,A,0.01,20,0.5502739896200263,516,36,0,1,36,479,1,0.0,0.0,0.001937984496124,721,139.72868217054264,0.1937984496124031,5.0,0.0,1.0,0.0020833333333333,refitted,0.01,0.5502739896200263,516,36,0,1,36,479,1,0.0,0.0,0.001937984496124,721,139.72868217054264,0.1937984496124031,5.0,0.0,1.0,0.0020833333333333,finite,0.0,0,0,0,0,0.0
CART,time,0,fixed,A_b01,A,0.01,50,0.5502739896200263,516,36,0,1,36,479,1,0.0,0.0,0.001937984496124,1801,349.031007751938,0.1937984496124031,5.0,0.0,1.0,0.0020833333333333,refitted,0.01,0.5502739896200263,516,36,0,1,36,479,1,0.0,0.0,0.001937984496124,1801,349.031007751938,0.1937984496124031,5.0,0.0,1.0,0.0020833333333333,finite,0.0,0,0,0,0,0.0
CART,time,0,fixed,A_b05,A,0.05,5,0.5251522839377167,516,36,1,4,35,476,5,0.0277777777777777,0.2,0.0096899224806201,179,34.689922480620154,-0.1937984496124031,25.0,0.0,0.9722222222222222,0.0083333333333333,refitted,0.05,0.5251522839377167,516,36,0,1,36,479,1,0.0,0.0,0.001937984496124,181,35.07751937984496,0.1937984496124031,25.0,0.0,1.0,0.0020833333333333,finite,0.38759689922480334,-4,-1,-3,1,0.0
CART,time,0,fixed,A_b05,A,0.05,10,0.5251522839377167,516,36,1,4,35,476,5,0.0277777777777777,0.2,0.0096899224806201,354,68.6046511627907,-1.162790697674419,25.0,0.0,0.9722222222222222,0.0083333333333333,refitted,0.05,0.5251522839377167,516,36,0,1,36,479,1,0.0,0.0,0.001937984496124,361,69.96124031007751,0.1937984496124031,25.0,0.0,1.0,0.0020833333333333,finite,1.3565891472868117,-4,-1,-3,1,0.0
CART,time,0,fixed,A_b05,A,0.05,20,0.5251522839377167,516,36,1,4,35,476,5,0.0277777777777777,0.2,0.0096899224806201,704,136.43410852713177,-3.10077519379845,25.0,0.0,0.9722222222222222,0.0083333333333333,refitted,0.05,0.5251522839377167,516,36,0,1,36,479,1,0.0,0.0,0.001937984496124,721,139.72868217054264,0.1937984496124031,25.0,0.0,1.0,0.0020833333333333,finite,3.294573643410871,-4,-1,-3,1,0.0
CART,time,0,fixed,A_b05,A,0.05,50,0.5251522839377167,516,36,1,4,35,476,5,0.0277777777777777,0.2,0.0096899224806201,1754,339.92248062015506,-8.914728682170542,25.0,0.0,0.9722222222222222,0.0083333333333333,refitted,0.05,0.5251522839377167,516,36,0,1,36,479,1,0.0,0.0,0.001937984496124,1801,349.031007751938,0.1937984496124031,25.0,0.0,1.0,0.0020833333333333,finite,9.108527131782921,-4,-1,-3,1,0.0
CART,time,0,fixed,A_b10,A,0.1,5,0.4885314450373538,516,36,2,9,34,471,11,0.0555555555555555,0.1818181818181818,0.0213178294573643,179,34.689922480620154,-0.1937984496124031,51.0,0.0,0.9444444444444444,0.01875,refitted,0.1,0.4885314450373538,516,36,0,2,36,478,2,0.0,0.0,0.003875968992248,182,35.27131782945737,0.3875968992248062,51.0,0.0,1.0,0.0041666666666666,finite,0.5813953488372121,-9,-2,-7,2,0.0
CART,time,0,fixed,A_b10,A,0.1,10,0.4885314450373538,516,36,2,9,34,471,11,0.0555555555555555,0.1818181818181818,0.0213178294573643,349,67.63565891472868,-2.131782945736434,51.0,0.0,0.9444444444444444,0.01875,refitted,0.1,0.4885314450373538,516,36,0,2,36,478,2,0.0,0.0,0.003875968992248,362,70.15503875968992,0.3875968992248062,51.0,0.0,1.0,0.0041666666666666,finite,2.519379844961236,-9,-2,-7,2,0.0
CART,time,0,fixed,A_b10,A,0.1,20,0.4885314450373538,516,36,2,9,34,471,11,0.0555555555555555,0.1818181818181818,0.0213178294573643,689,133.52713178294573,-6.007751937984496,51.0,0.0,0.9444444444444444,0.01875,refitted,0.1,0.4885314450373538,516,36,0,2,36,478,2,0.0,0.0,0.003875968992248,722,139.92248062015503,0.3875968992248062,51.0,0.0,1.0,0.0041666666666666,finite,6.395348837209298,-9,-2,-7,2,0.0
CART,time,0,fixed,A_b10,A,0.1,50,0.4885314450373538,516,36,2,9,34,471,11,0.0555555555555555,0.1818181818181818,0.0213178294573643,1709,331.2015503875969,-17.635658914728683,51.0,0.0,0.9444444444444444,0.01875,refitted,0.1,0.4885314450373538,516,36,0,2,36,478,2,0.0,0.0,0.003875968992248,1802,349.2248062015504,0.3875968992248062,51.0,0.0,1.0,0.0041666666666666,finite,18.023255813953483,-9,-2,-7,2,0.0
CART,time,0,fixed,A_b20,A,0.2,5,0.456027957981943,516,36,2,24,34,456,26,0.0555555555555555,0.0769230769230769,0.0503875968992248,194,37.5968992248062,2.713178294573644,103.0,0.0,0.9444444444444444,0.05,refitted,0.2,0.456027957981943,516,36,0,4,36,476,4,0.0,0.0,0.0077519379844961,184,35.65891472868217,0.7751937984496124,103.0,0.0,1.0,0.0083333333333333,finite,-1.937984496124031,-22,-2,-20,2,0.0
CART,time,0,fixed,A_b20,A,0.2,10,0.456027957981943,516,36,2,24,34,456,26,0.0555555555555555,0.0769230769230769,0.0503875968992248,364,70.54263565891473,0.7751937984496124,103.0,0.0,0.9444444444444444,0.05,refitted,0.2,0.456027957981943,516,36,0,4,36,476,4,0.0,0.0,0.0077519379844961,364,70.54263565891473,0.7751937984496124,103.0,0.0,1.0,0.0083333333333333,finite,0.0,-22,-2,-20,2,0.0
CART,time,0,fixed,A_b20,A,0.2,20,0.456027957981943,516,36,2,24,34,456,26,0.0555555555555555,0.0769230769230769,0.0503875968992248,704,136.43410852713177,-3.10077519379845,103.0,0.0,0.9444444444444444,0.05,refitted,0.2,0.456027957981943,516,36,0,4,36,476,4,0.0,0.0,0.0077519379844961,724,140.31007751937983,0.7751937984496124,103.0,0.0,1.0,0.0083333333333333,finite,3.875968992248062,-22,-2,-20,2,0.0
CART,time,0,fixed,A_b20,A,0.2,50,0.456027957981943,516,36,2,24,34,456,26,0.0555555555555555,0.0769230769230769,0.0503875968992248,1724,334.1085271317829,-14.728682170542635,103.0,0.0,0.9444444444444444,0.05,refitted,0.2,0.456027957981943,516,36,0,4,36,476,4,0.0,0.0,0.0077519379844961,1804,349.6124031007752,0.7751937984496124,103.0,0.0,1.0,0.0083333333333333,finite,15.503875968992304,-22,-2,-20,2,0.0
CART,time,0,fixed,B_r05,B,,5,0.1739332718700245,516,36,22,143,14,337,165,0.6111111111111112,0.1333333333333333,0.3197674418604651,213,41.27906976744186,6.395348837209302,,,0.3888888888888889,0.2979166666666666,refitted,,0.1739332718700245,516,36,17,108,19,372,125,0.4722222222222222,0.136,0.2422480620155038,203,39.34108527131783,4.457364341085271,,,0.5277777777777778,0.225,finite,-1.937984496124031,-40,-5,-35,5,
CART,time,0,fixed,B_r10,B,,10,-inf,516,36,36,480,0,0,516,1.0,0.0697674418604651,1.0,480,93.02325581395348,23.25581395348837,,,0.0,1.0,refitted,,-inf,516,36,36,480,0,0,516,1.0,0.0697674418604651,1.0,480,93.02325581395348,23.25581395348837,,,0.0,1.0,all_alarm,0.0,0,0,0,0,
CART,time,0,fixed,B_r20,B,,20,-inf,516,36,36,480,0,0,516,1.0,0.0697674418604651,1.0,480,93.02325581395348,-46.51162790697674,,,0.0,1.0,refitted,,-inf,516,36,36,480,0,0,516,1.0,0.0697674418604651,1.0,480,93.02325581395348,-46.51162790697674,,,0.0,1.0,all_alarm,0.0,0,0,0,0,
CART,time,0,fixed,B_r50,B,,50,-inf,516,36,36,480,0,0,516,1.0,0.0697674418604651,1.0,480,93.02325581395348,-255.8139534883721,,,0.0,1.0,refitted,,-inf,516,36,36,480,0,0,516,1.0,0.0697674418604651,1.0,480,93.02325581395348,-255.8139534883721,,,0.0,1.0,all_alarm,0.0,0,0,0,0,
CART,time,0,fixed,C_b01_r05,C,0.01,5,inf,516,36,0,0,36,480,0,0.0,0.0,0.0,180,34.88372093023256,0.0,5.0,0.0,1.0,0.0,refitted,0.01,inf,516,36,0,0,36,480,0,0.0,0.0,0.0,180,34.88372093023256,0.0,5.0,0.0,1.0,0.0,no_alarm,0.0,0,0,0,0,0.0
CART,time,0,fixed,C_b01_r10,C,0.01,10,inf,516,36,0,0,36,480,0,0.0,0.0,0.0,360,69.76744186046511,0.0,5.0,0.0,1.0,0.0,refitted,0.01,inf,516,36,0,0,36,480,0,0.0,0.0,0.0,360,69.76744186046511,0.0,5.0,0.0,1.0,0.0,no_alarm,0.0,0,0,0,0,0.0
CART,time,0,fixed,C_b01_r20,C,0.01,20,inf,516,36,0,0,36,480,0,0.0,0.0,0.0,720,139.53488372093022,0.0,5.0,0.0,1.0,0.0,refitted,0.01,inf,516,36,0,0,36,480,0,0.0,0.0,0.0,720,139.53488372093022,0.0,5.0,0.0,1.0,0.0,no_alarm,0.0,0,0,0,0,0.0
CART,time,0,fixed,C_b01_r50,C,0.01,50,inf,516,36,0,0,36,480,0,0.0,0.0,0.0,1800,348.8372093023256,0.0,5.0,0.0,1.0,0.0,refitted,0.01,inf,516,36,0,0,36,480,0,0.0,0.0,0.0,1800,348.8372093023256,0.0,5.0,0.0,1.0,0.0,no_alarm,0.0,0,0,0,0,0.0
CART,time,0,fixed,C_b05_r05,C,0.05,5,0.5407843915847981,516,36,0,1,36,479,1,0.0,0.0,0.001937984496124,181,35.07751937984496,0.1937984496124031,25.0,0.0,1.0,0.0020833333333333,refitted,0.05,0.5407843915847981,516,36,0,1,36,479,1,0.0,0.0,0.001937984496124,181,35.07751937984496,0.1937984496124031,25.0,0.0,1.0,0.0020833333333333,finite,0.0,0,0,0,0,0.0
CART,time,0,fixed,C_b05_r10,C,0.05,10,0.5407843915847981,516,36,0,1,36,479,1,0.0,0.0,0.001937984496124,361,69.96124031007751,0.1937984496124031,25.0,0.0,1.0,0.0020833333333333,refitted,0.05,0.5407843915847981,516,36,0,1,36,479,1,0.0,0.0,0.001937984496124,361,69.96124031007751,0.1937984496124031,25.0,0.0,1.0,0.0020833333333333,finite,0.0,0,0,0,0,0.0
CART,time,0,fixed,C_b05_r20,C,0.05,20,0.5407843915847981,516,36,0,1,36,479,1,0.0,0.0,0.001937984496124,721,139.72868217054264,0.1937984496124031,25.0,0.0,1.0,0.0020833333333333,refitted,0.05,0.5407843915847981,516,36,0,1,36,479,1,0.0,0.0,0.001937984496124,721,139.72868217054264,0.1937984496124031,25.0,0.0,1.0,0.0020833333333333,finite,0.0,0,0,0,0,0.0
CART,time,0,fixed,C_b05_r50,C,0.05,50,0.5407843915847981,516,36,0,1,36,479,1,0.0,0.0,0.001937984496124,1801,349.031007751938,0.1937984496124031,25.0,0.0,1.0,0.0020833333333333,refitted,0.05,0.5407843915847981,516,36,0,1,36,479,1,0.0,0.0,0.001937984496124,1801,349.031007751938,0.1937984496124031,25.0,0.0,1.0,0.0020833333333333,finite,0.0,0,0,0,0,0.0
CART,time,0,fixed,C_b10_r05,C,0.1,5,0.5407843915847981,516,36,0,1,36,479,1,0.0,0.0,0.001937984496124,181,35.07751937984496,0.1937984496124031,51.0,0.0,1.0,0.0020833333333333,refitted,0.1,0.5407843915847981,516,36,0,1,36,479,1,0.0,0.0,0.001937984496124,181,35.07751937984496,0.1937984496124031,51.0,0.0,1.0,0.0020833333333333,finite,0.0,0,0,0,0,0.0
CART,time,0,fixed,C_b10_r10,C,0.1,10,0.5000887019166498,516,36,2,9,34,471,11,0.0555555555555555,0.1818181818181818,0.0213178294573643,349,67.63565891472868,-2.131782945736434,51.0,0.0,0.9444444444444444,0.01875,refitted,0.1,0.5000887019166498,516,36,0,1,36,479,1,0.0,0.0,0.001937984496124,361,69.96124031007751,0.1937984496124031,51.0,0.0,1.0,0.0020833333333333,finite,2.3255813953488342,-10,-2,-8,2,0.0
CART,time,0,fixed,C_b10_r20,C,0.1,20,0.5000887019166498,516,36,2,9,34,471,11,0.0555555555555555,0.1818181818181818,0.0213178294573643,689,133.52713178294573,-6.007751937984496,51.0,0.0,0.9444444444444444,0.01875,refitted,0.1,0.5000887019166498,516,36,0,1,36,479,1,0.0,0.0,0.001937984496124,721,139.72868217054264,0.1937984496124031,51.0,0.0,1.0,0.0020833333333333,finite,6.20155038759691,-10,-2,-8,2,0.0
CART,time,0,fixed,C_b10_r50,C,0.1,50,0.5000887019166498,516,36,2,9,34,471,11,0.0555555555555555,0.1818181818181818,0.0213178294573643,1709,331.2015503875969,-17.635658914728683,51.0,0.0,0.9444444444444444,0.01875,refitted,0.1,0.5000887019166498,516,36,0,1,36,479,1,0.0,0.0,0.001937984496124,1801,349.031007751938,0.1937984496124031,51.0,0.0,1.0,0.0020833333333333,finite,17.829457364341067,-10,-2,-8,2,0.0
CART,time,0,fixed,C_b20_r05,C,0.2,5,0.456027957981943,516,36,2,24,34,456,26,0.0555555555555555,0.0769230769230769,0.0503875968992248,194,37.5968992248062,2.713178294573644,103.0,0.0,0.9444444444444444,0.05,refitted,0.2,0.456027957981943,516,36,0,4,36,476,4,0.0,0.0,0.0077519379844961,184,35.65891472868217,0.7751937984496124,103.0,0.0,1.0,0.0083333333333333,finite,-1.937984496124031,-22,-2,-20,2,0.0
CART,time,0,fixed,C_b20_r10,C,0.2,10,0.456027957981943,516,36,2,24,34,456,26,0.0555555555555555,0.0769230769230769,0.0503875968992248,364,70.54263565891473,0.7751937984496124,103.0,0.0,0.9444444444444444,0.05,refitted,0.2,0.456027957981943,516,36,0,4,36,476,4,0.0,0.0,0.0077519379844961,364,70.54263565891473,0.7751937984496124,103.0,0.0,1.0,0.0083333333333333,finite,0.0,-22,-2,-20,2,0.0
CART,time,0,fixed,C_b20_r20,C,0.2,20,0.456027957981943,516,36,2,24,34,456,26,0.0555555555555555,0.0769230769230769,0.0503875968992248,704,136.43410852713177,-3.10077519379845,103.0,0.0,0.9444444444444444,0.05,refitted,0.2,0.456027957981943,516,36,0,4,36,476,4,0.0,0.0,0.0077519379844961,724,140.31007751937983,0.7751937984496124,103.0,0.0,1.0,0.0083333333333333,finite,3.875968992248062,-22,-2,-20,2,0.0
CART,time,0,fixed,C_b20_r50,C,0.2,50,0.456027957981943,516,36,2,24,34,456,26,0.0555555555555555,0.0769230769230769,0.0503875968992248,1724,334.1085271317829,-14.728682170542635,103.0,0.0,0.9444444444444444,0.05,refitted,0.2,0.456027957981943,516,36,0,4,36,476,4,0.0,0.0,0.0077519379844961,1804,349.6124031007752,0.7751937984496124,103.0,0.0,1.0,0.0083333333333333,finite,15.503875968992304,-22,-2,-20,2,0.0
CART,time,1,fixed,A_b01,A,0.01,5,0.2392152041467678,515,10,0,5,10,500,5,0.0,0.0,0.0097087378640776,55,10.679611650485436,0.970873786407767,5.0,0.0,1.0,0.0099009900990099,refitted,0.01,0.2392152041467678,515,10,0,5,10,500,5,0.0,0.0,0.0097087378640776,55,10.679611650485436,0.970873786407767,5.0,0.0,1.0,0.0099009900990099,finite,0.0,0,0,0,0,0.0
CART,time,1,fixed,A_b01,A,0.01,10,0.2392152041467678,515,10,0,5,10,500,5,0.0,0.0,0.0097087378640776,105,20.388349514563107,0.970873786407767,5.0,0.0,1.0,0.0099009900990099,refitted,0.01,0.2392152041467678,515,10,0,5,10,500,5,0.0,0.0,0.0097087378640776,105,20.388349514563107,0.970873786407767,5.0,0.0,1.0,0.0099009900990099,finite,0.0,0,0,0,0,0.0
CART,time,1,fixed,A_b01,A,0.01,20,0.2392152041467678,515,10,0,5,10,500,5,0.0,0.0,0.0097087378640776,205,39.80582524271845,0.970873786407767,5.0,0.0,1.0,0.0099009900990099,refitted,0.01,0.2392152041467678,515,10,0,5,10,500,5,0.0,0.0,0.0097087378640776,205,39.80582524271845,0.970873786407767,5.0,0.0,1.0,0.0099009900990099,finite,0.0,0,0,0,0,0.0
CART,time,1,fixed,A_b01,A,0.01,50,0.2392152041467678,515,10,0,5,10,500,5,0.0,0.0,0.0097087378640776,505,98.05825242718448,0.970873786407767,5.0,0.0,1.0,0.0099009900990099,refitted,0.01,0.2392152041467678,515,10,0,5,10,500,5,0.0,0.0,0.0097087378640776,505,98.05825242718448,0.970873786407767,5.0,0.0,1.0,0.0099009900990099,finite,0.0,0,0,0,0,0.0
CART,time,1,fixed,A_b05,A,0.05,5,0.150274229844754,515,10,0,40,10,465,40,0.0,0.0,0.0776699029126213,90,17.475728155339805,7.766990291262136,25.0,15.0,1.0,0.0792079207920792,refitted,0.05,0.150274229844754,515,10,0,29,10,476,29,0.0,0.0,0.0563106796116504,79,15.33980582524272,5.631067961165049,25.0,4.0,1.0,0.0574257425742574,finite,-2.1359223300970847,-11,0,-11,0,-11.0
CART,time,1,fixed,A_b05,A,0.05,10,0.150274229844754,515,10,0,40,10,465,40,0.0,0.0,0.0776699029126213,140,27.184466019417474,7.766990291262136,25.0,15.0,1.0,0.0792079207920792,refitted,0.05,0.150274229844754,515,10,0,29,10,476,29,0.0,0.0,0.0563106796116504,129,25.04854368932039,5.631067961165049,25.0,4.0,1.0,0.0574257425742574,finite,-2.1359223300970847,-11,0,-11,0,-11.0
CART,time,1,fixed,A_b05,A,0.05,20,0.150274229844754,515,10,0,40,10,465,40,0.0,0.0,0.0776699029126213,240,46.601941747572816,7.766990291262136,25.0,15.0,1.0,0.0792079207920792,refitted,0.05,0.150274229844754,515,10,0,29,10,476,29,0.0,0.0,0.0563106796116504,229,44.46601941747573,5.631067961165049,25.0,4.0,1.0,0.0574257425742574,finite,-2.135922330097088,-11,0,-11,0,-11.0
CART,time,1,fixed,A_b05,A,0.05,50,0.150274229844754,515,10,0,40,10,465,40,0.0,0.0,0.0776699029126213,540,104.85436893203884,7.766990291262136,25.0,15.0,1.0,0.0792079207920792,refitted,0.05,0.150274229844754,515,10,0,29,10,476,29,0.0,0.0,0.0563106796116504,529,102.71844660194176,5.631067961165049,25.0,4.0,1.0,0.0574257425742574,finite,-2.135922330097074,-11,0,-11,0,-11.0
CART,time,1,fixed,A_b10,A,0.1,5,0.1072731658047998,515,10,2,94,8,411,96,0.2,0.0208333333333333,0.1864077669902912,134,26.019417475728154,16.310679611650485,51.0,45.0,0.8,0.1861386138613861,refitted,0.1,0.1072731658047998,515,10,1,58,9,447,59,0.1,0.0169491525423728,0.1145631067961165,103,20.0,10.29126213592233,51.0,8.0,0.9,0.1148514851485148,finite,-6.019417475728154,-37,-1,-36,1,-37.0
CART,time,1,fixed,A_b10,A,0.1,10,0.1072731658047998,515,10,2,94,8,411,96,0.2,0.0208333333333333,0.1864077669902912,174,33.786407766990294,14.368932038834952,51.0,45.0,0.8,0.1861386138613861,refitted,0.1,0.1072731658047998,515,10,1,58,9,447,59,0.1,0.0169491525423728,0.1145631067961165,148,28.737864077669904,9.320388349514564,51.0,8.0,0.9,0.1148514851485148,finite,-5.04854368932039,-37,-1,-36,1,-37.0
CART,time,1,fixed,A_b10,A,0.1,20,0.1072731658047998,515,10,2,94,8,411,96,0.2,0.0208333333333333,0.1864077669902912,254,49.320388349514566,10.485436893203884,51.0,45.0,0.8,0.1861386138613861,refitted,0.1,0.1072731658047998,515,10,1,58,9,447,59,0.1,0.0169491525423728,0.1145631067961165,238,46.213592233009706,7.378640776699029,51.0,8.0,0.9,0.1148514851485148,finite,-3.10679611650486,-37,-1,-36,1,-37.0
CART,time,1,fixed,A_b10,A,0.1,50,0.1072731658047998,515,10,2,94,8,411,96,0.2,0.0208333333333333,0.1864077669902912,494,95.92233009708738,-1.1650485436893203,51.0,45.0,0.8,0.1861386138613861,refitted,0.1,0.1072731658047998,515,10,1,58,9,447,59,0.1,0.0169491525423728,0.1145631067961165,508,98.64077669902912,1.5533980582524272,51.0,8.0,0.9,0.1148514851485148,finite,2.7184466019417357,-37,-1,-36,1,-37.0
CART,time,1,fixed,A_b20,A,0.2,5,0.0645449054866464,515,10,6,221,4,284,227,0.6,0.026431718061674,0.4407766990291262,241,46.79611650485437,37.0873786407767,103.0,124.0,0.4,0.4376237623762376,refitted,0.2,0.0645449054866464,515,10,5,176,5,329,181,0.5,0.0276243093922651,0.3514563106796116,201,39.02912621359224,29.320388349514563,103.0,78.0,0.5,0.3485148514851485,finite,-7.766990291262125,-46,-1,-45,1,-46.0
CART,time,1,fixed,A_b20,A,0.2,10,0.0645449054866464,515,10,6,221,4,284,227,0.6,0.026431718061674,0.4407766990291262,261,50.67961165048544,31.262135922330096,103.0,124.0,0.4,0.4376237623762376,refitted,0.2,0.0645449054866464,515,10,5,176,5,329,181,0.5,0.0276243093922651,0.3514563106796116,226,43.883495145631066,24.466019417475728,103.0,78.0,0.5,0.3485148514851485,finite,-6.796116504854375,-46,-1,-45,1,-46.0
CART,time,1,fixed,A_b20,A,0.2,20,0.0645449054866464,515,10,6,221,4,284,227,0.6,0.026431718061674,0.4407766990291262,301,58.44660194174757,19.611650485436893,103.0,124.0,0.4,0.4376237623762376,refitted,0.2,0.0645449054866464,515,10,5,176,5,329,181,0.5,0.0276243093922651,0.3514563106796116,276,53.592233009708735,14.75728155339806,103.0,78.0,0.5,0.3485148514851485,finite,-4.854368932038838,-46,-1,-45,1,-46.0
CART,time,1,fixed,A_b20,A,0.2,50,0.0645449054866464,515,10,6,221,4,284,227,0.6,0.026431718061674,0.4407766990291262,421,81.74757281553399,-15.33980582524272,103.0,124.0,0.4,0.4376237623762376,refitted,0.2,0.0645449054866464,515,10,5,176,5,329,181,0.5,0.0276243093922651,0.3514563106796116,426,82.71844660194175,-14.368932038834952,103.0,78.0,0.5,0.3485148514851485,finite,0.9708737864077648,-46,-1,-45,1,-46.0
CART,time,1,fixed,B_r05,B,,5,inf,515,10,0,0,10,505,0,0.0,0.0,0.0,50,9.70873786407767,0.0,,,1.0,0.0,refitted,,inf,515,10,0,0,10,505,0,0.0,0.0,0.0,50,9.70873786407767,0.0,,,1.0,0.0,no_alarm,0.0,0,0,0,0,
CART,time,1,fixed,B_r10,B,,10,inf,515,10,0,0,10,505,0,0.0,0.0,0.0,100,19.41747572815534,0.0,,,1.0,0.0,refitted,,inf,515,10,0,0,10,505,0,0.0,0.0,0.0,100,19.41747572815534,0.0,,,1.0,0.0,no_alarm,0.0,0,0,0,0,
CART,time,1,fixed,B_r20,B,,20,inf,515,10,0,0,10,505,0,0.0,0.0,0.0,200,38.83495145631068,0.0,,,1.0,0.0,refitted,,inf,515,10,0,0,10,505,0,0.0,0.0,0.0,200,38.83495145631068,0.0,,,1.0,0.0,no_alarm,0.0,0,0,0,0,
CART,time,1,fixed,B_r50,B,,50,inf,515,10,0,0,10,505,0,0.0,0.0,0.0,500,97.0873786407767,0.0,,,1.0,0.0,refitted,,inf,515,10,0,0,10,505,0,0.0,0.0,0.0,500,97.0873786407767,0.0,,,1.0,0.0,no_alarm,0.0,0,0,0,0,
CART,time,1,fixed,C_b01_r05,C,0.01,5,inf,515,10,0,0,10,505,0,0.0,0.0,0.0,50,9.70873786407767,0.0,5.0,0.0,1.0,0.0,refitted,0.01,inf,515,10,0,0,10,505,0,0.0,0.0,0.0,50,9.70873786407767,0.0,5.0,0.0,1.0,0.0,no_alarm,0.0,0,0,0,0,0.0
CART,time,1,fixed,C_b01_r10,C,0.01,10,inf,515,10,0,0,10,505,0,0.0,0.0,0.0,100,19.41747572815534,0.0,5.0,0.0,1.0,0.0,refitted,0.01,inf,515,10,0,0,10,505,0,0.0,0.0,0.0,100,19.41747572815534,0.0,5.0,0.0,1.0,0.0,no_alarm,0.0,0,0,0,0,0.0
CART,time,1,fixed,C_b01_r20,C,0.01,20,inf,515,10,0,0,10,505,0,0.0,0.0,0.0,200,38.83495145631068,0.0,5.0,0.0,1.0,0.0,refitted,0.01,inf,515,10,0,0,10,505,0,0.0,0.0,0.0,200,38.83495145631068,0.0,5.0,0.0,1.0,0.0,no_alarm,0.0,0,0,0,0,0.0
CART,time,1,fixed,C_b01_r50,C,0.01,50,inf,515,10,0,0,10,505,0,0.0,0.0,0.0,500,97.0873786407767,0.0,5.0,0.0,1.0,0.0,refitted,0.01,inf,515,10,0,0,10,505,0,0.0,0.0,0.0,500,97.0873786407767,0.0,5.0,0.0,1.0,0.0,no_alarm,0.0,0,0,0,0,0.0
CART,time,1,fixed,C_b05_r05,C,0.05,5,inf,515,10,0,0,10,505,0,0.0,0.0,0.0,50,9.70873786407767,0.0,25.0,0.0,1.0,0.0,refitted,0.05,inf,515,10,0,0,10,505,0,0.0,0.0,0.0,50,9.70873786407767,0.0,25.0,0.0,1.0,0.0,no_alarm,0.0,0,0,0,0,0.0
CART,time,1,fixed,C_b05_r10,C,0.05,10,inf,515,10,0,0,10,505,0,0.0,0.0,0.0,100,19.41747572815534,0.0,25.0,0.0,1.0,0.0,refitted,0.05,inf,515,10,0,0,10,505,0,0.0,0.0,0.0,100,19.41747572815534,0.0,25.0,0.0,1.0,0.0,no_alarm,0.0,0,0,0,0,0.0
CART,time,1,fixed,C_b05_r20,C,0.05,20,inf,515,10,0,0,10,505,0,0.0,0.0,0.0,200,38.83495145631068,0.0,25.0,0.0,1.0,0.0,refitted,0.05,inf,515,10,0,0,10,505,0,0.0,0.0,0.0,200,38.83495145631068,0.0,25.0,0.0,1.0,0.0,no_alarm,0.0,0,0,0,0,0.0
CART,time,1,fixed,C_b05_r50,C,0.05,50,inf,515,10,0,0,10,505,0,0.0,0.0,0.0,500,97.0873786407767,0.0,25.0,0.0,1.0,0.0,refitted,0.05,inf,515,10,0,0,10,505,0,0.0,0.0,0.0,500,97.0873786407767,0.0,25.0,0.0,1.0,0.0,no_alarm,0.0,0,0,0,0,0.0
CART,time,1,fixed,C_b10_r05,C,0.1,5,inf,515,10,0,0,10,505,0,0.0,0.0,0.0,50,9.70873786407767,0.0,51.0,0.0,1.0,0.0,refitted,0.1,inf,515,10,0,0,10,505,0,0.0,0.0,0.0,50,9.70873786407767,0.0,51.0,0.0,1.0,0.0,no_alarm,0.0,0,0,0,0,0.0
CART,time,1,fixed,C_b10_r10,C,0.1,10,inf,515,10,0,0,10,505,0,0.0,0.0,0.0,100,19.41747572815534,0.0,51.0,0.0,1.0,0.0,refitted,0.1,inf,515,10,0,0,10,505,0,0.0,0.0,0.0,100,19.41747572815534,0.0,51.0,0.0,1.0,0.0,no_alarm,0.0,0,0,0,0,0.0
CART,time,1,fixed,C_b10_r20,C,0.1,20,inf,515,10,0,0,10,505,0,0.0,0.0,0.0,200,38.83495145631068,0.0,51.0,0.0,1.0,0.0,refitted,0.1,inf,515,10,0,0,10,505,0,0.0,0.0,0.0,200,38.83495145631068,0.0,51.0,0.0,1.0,0.0,no_alarm,0.0,0,0,0,0,0.0
CART,time,1,fixed,C_b10_r50,C,0.1,50,inf,515,10,0,0,10,505,0,0.0,0.0,0.0,500,97.0873786407767,0.0,51.0,0.0,1.0,0.0,refitted,0.1,inf,515,10,0,0,10,505,0,0.0,0.0,0.0,500,97.0873786407767,0.0,51.0,0.0,1.0,0.0,no_alarm,0.0,0,0,0,0,0.0
CART,time,1,fixed,C_b20_r05,C,0.2,5,inf,515,10,0,0,10,505,0,0.0,0.0,0.0,50,9.70873786407767,0.0,103.0,0.0,1.0,0.0,refitted,0.2,inf,515,10,0,0,10,505,0,0.0,0.0,0.0,50,9.70873786407767,0.0,103.0,0.0,1.0,0.0,no_alarm,0.0,0,0,0,0,0.0
CART,time,1,fixed,C_b20_r10,C,0.2,10,inf,515,10,0,0,10,505,0,0.0,0.0,0.0,100,19.41747572815534,0.0,103.0,0.0,1.0,0.0,refitted,0.2,inf,515,10,0,0,10,505,0,0.0,0.0,0.0,100,19.41747572815534,0.0,103.0,0.0,1.0,0.0,no_alarm,0.0,0,0,0,0,0.0
CART,time,1,fixed,C_b20_r20,C,0.2,20,inf,515,10,0,0,10,505,0,0.0,0.0,0.0,200,38.83495145631068,0.0,103.0,0.0,1.0,0.0,refitted,0.2,inf,515,10,0,0,10,505,0,0.0,0.0,0.0,200,38.83495145631068,0.0,103.0,0.0,1.0,0.0,no_alarm,0.0,0,0,0,0,0.0
CART,time,1,fixed,C_b20_r50,C,0.2,50,inf,515,10,0,0,10,505,0,0.0,0.0,0.0,500,97.0873786407767,0.0,103.0,0.0,1.0,0.0,refitted,0.2,inf,515,10,0,0,10,505,0,0.0,0.0,0.0,500,97.0873786407767,0.0,103.0,0.0,1.0,0.0,no_alarm,0.0,0,0,0,0,0.0
CART,time,2,fixed,A_b01,A,0.01,5,0.2622481365305015,516,24,1,6,23,486,7,0.0416666666666666,0.1428571428571428,0.0135658914728682,121,23.449612403100776,0.1937984496124031,5.0,2.0,0.9583333333333334,0.0121951219512195,refitted,0.01,0.2622481365305015,516,24,0,1,24,491,1,0.0,0.0,0.001937984496124,121,23.449612403100776,0.1937984496124031,5.0,0.0,1.0,0.0020325203252032,finite,0.0,-6,-1,-5,1,-2.0
CART,time,2,fixed,A_b01,A,0.01,10,0.2622481365305015,516,24,1,6,23,486,7,0.0416666666666666,0.1428571428571428,0.0135658914728682,236,45.736434108527135,-0.7751937984496124,5.0,2.0,0.9583333333333334,0.0121951219512195,refitted,0.01,0.2622481365305015,516,24,0,1,24,491,1,0.0,0.0,0.001937984496124,241,46.70542635658915,0.1937984496124031,5.0,0.0,1.0,0.0020325203252032,finite,0.9689922480620154,-6,-1,-5,1,-2.0
CART,time,2,fixed,A_b01,A,0.01,20,0.2622481365305015,516,24,1,6,23,486,7,0.0416666666666666,0.1428571428571428,0.0135658914728682,466,90.31007751937985,-2.713178294573644,5.0,2.0,0.9583333333333334,0.0121951219512195,refitted,0.01,0.2622481365305015,516,24,0,1,24,491,1,0.0,0.0,0.001937984496124,481,93.21705426356588,0.1937984496124031,5.0,0.0,1.0,0.0020325203252032,finite,2.9069767441860392,-6,-1,-5,1,-2.0
CART,time,2,fixed,A_b01,A,0.01,50,0.2622481365305015,516,24,1,6,23,486,7,0.0416666666666666,0.1428571428571428,0.0135658914728682,1156,224.031007751938,-8.527131782945736,5.0,2.0,0.9583333333333334,0.0121951219512195,refitted,0.01,0.2622481365305015,516,24,0,1,24,491,1,0.0,0.0,0.001937984496124,1201,232.75193798449607,0.1937984496124031,5.0,0.0,1.0,0.0020325203252032,finite,8.72093023255806,-6,-1,-5,1,-2.0
CART,time,2,fixed,A_b05,A,0.05,5,0.1707648085412514,516,24,3,34,21,458,37,0.125,0.081081081081081,0.0717054263565891,139,26.93798449612403,3.682170542635659,25.0,12.0,0.875,0.0691056910569105,refitted,0.05,0.1707648085412514,516,24,0,14,24,478,14,0.0,0.0,0.0271317829457364,134,25.968992248062012,2.713178294573644,25.0,0.0,1.0,0.0284552845528455,finite,-0.968992248062019,-23,-3,-20,3,-12.0
CART,time,2,fixed,A_b05,A,0.05,10,0.1707648085412514,516,24,3,34,21,458,37,0.125,0.081081081081081,0.0717054263565891,244,47.28682170542636,0.7751937984496124,25.0,12.0,0.875,0.0691056910569105,refitted,0.05,0.1707648085412514,516,24,0,14,24,478,14,0.0,0.0,0.0271317829457364,254,49.22480620155039,2.713178294573644,25.0,0.0,1.0,0.0284552845528455,finite,1.937984496124031,-23,-3,-20,3,-12.0
CART,time,2,fixed,A_b05,A,0.05,20,0.1707648085412514,516,24,3,34,21,458,37,0.125,0.081081081081081,0.0717054263565891,454,87.98449612403101,-5.038759689922481,25.0,12.0,0.875,0.0691056910569105,refitted,0.05,0.1707648085412514,516,24,0,14,24,478,14,0.0,0.0,0.0271317829457364,494,95.73643410852712,2.713178294573644,25.0,0.0,1.0,0.0284552845528455,finite,7.751937984496109,-23,-3,-20,3,-12.0
CART,time,2,fixed,A_b05,A,0.05,50,0.1707648085412514,516,24,3,34,21,458,37,0.125,0.081081081081081,0.0717054263565891,1084,210.07751937984497,-22.48062015503876,25.0,12.0,0.875,0.0691056910569105,refitted,0.05,0.1707648085412514,516,24,0,14,24,478,14,0.0,0.0,0.0271317829457364,1214,235.27131782945736,2.713178294573644,25.0,0.0,1.0,0.0284552845528455,finite,25.193798449612387,-23,-3,-20,3,-12.0
CART,time,2,fixed,A_b10,A,0.1,5,0.1279105808407977,516,24,6,56,18,436,62,0.25,0.0967741935483871,0.1201550387596899,146,28.294573643410853,5.038759689922481,51.0,11.0,0.75,0.1138211382113821,refitted,0.1,0.1279105808407977,516,24,3,38,21,454,41,0.125,0.073170731707317,0.0794573643410852,143,27.713178294573645,4.457364341085271,51.0,0.0,0.875,0.0772357723577235,finite,-0.5813953488372086,-21,-3,-18,3,-11.0
CART,time,2,fixed,A_b10,A,0.1,10,0.1279105808407977,516,24,6,56,18,436,62,0.25,0.0967741935483871,0.1201550387596899,236,45.736434108527135,-0.7751937984496124,51.0,11.0,0.75,0.1138211382113821,refitted,0.1,0.1279105808407977,516,24,3,38,21,454,41,0.125,0.073170731707317,0.0794573643410852,248,48.06201550387597,1.550387596899225,51.0,0.0,0.875,0.0772357723577235,finite,2.3255813953488342,-21,-3,-18,3,-11.0
CART,time,2,fixed,A_b10,A,0.1,20,0.1279105808407977,516,24,6,56,18,436,62,0.25,0.0967741935483871,0.1201550387596899,416,80.62015503875969,-12.4031007751938,51.0,11.0,0.75,0.1138211382113821,refitted,0.1,0.1279105808407977,516,24,3,38,21,454,41,0.125,0.073170731707317,0.0794573643410852,458,88.75968992248062,-4.263565891472868,51.0,0.0,0.875,0.0772357723577235,finite,8.139534883720927,-21,-3,-18,3,-11.0
CART,time,2,fixed,A_b10,A,0.1,50,0.1279105808407977,516,24,6,56,18,436,62,0.25,0.0967741935483871,0.1201550387596899,956,185.27131782945736,-47.28682170542636,51.0,11.0,0.75,0.1138211382113821,refitted,0.1,0.1279105808407977,516,24,3,38,21,454,41,0.125,0.073170731707317,0.0794573643410852,1088,210.85271317829455,-21.705426356589147,51.0,0.0,0.875,0.0772357723577235,finite,25.58139534883719,-21,-3,-18,3,-11.0
CART,time,2,fixed,A_b20,A,0.2,5,0.0715275641409647,516,24,9,122,15,370,131,0.375,0.0687022900763358,0.253875968992248,197,38.17829457364341,14.92248062015504,103.0,28.0,0.625,0.2479674796747967,refitted,0.2,0.0715275641409647,516,24,7,107,17,385,114,0.2916666666666667,0.0614035087719298,0.2209302325581395,192,37.2093023255814,13.953488372093023,103.0,11.0,0.7083333333333334,0.2174796747967479,finite,-0.9689922480620154,-17,-2,-15,2,-17.0
CART,time,2,fixed,A_b20,A,0.2,10,0.0715275641409647,516,24,9,122,15,370,131,0.375,0.0687022900763358,0.253875968992248,272,52.713178294573645,6.2015503875969,103.0,28.0,0.625,0.2479674796747967,refitted,0.2,0.0715275641409647,516,24,7,107,17,385,114,0.2916666666666667,0.0614035087719298,0.2209302325581395,277,53.68217054263566,7.170542635658915,103.0,11.0,0.7083333333333334,0.2174796747967479,finite,0.9689922480620154,-17,-2,-15,2,-17.0
CART,time,2,fixed,A_b20,A,0.2,20,0.0715275641409647,516,24,9,122,15,370,131,0.375,0.0687022900763358,0.253875968992248,422,81.78294573643412,-11.24031007751938,103.0,28.0,0.625,0.2479674796747967,refitted,0.2,0.0715275641409647,516,24,7,107,17,385,114,0.2916666666666667,0.0614035087719298,0.2209302325581395,447,86.62790697674419,-6.395348837209302,103.0,11.0,0.7083333333333334,0.2174796747967479,finite,4.84496124031007,-17,-2,-15,2,-17.0
CART,time,2,fixed,A_b20,A,0.2,50,0.0715275641409647,516,24,9,122,15,370,131,0.375,0.0687022900763358,0.253875968992248,872,168.9922480620155,-63.565891472868216,103.0,28.0,0.625,0.2479674796747967,refitted,0.2,0.0715275641409647,516,24,7,107,17,385,114,0.2916666666666667,0.0614035087719298,0.2209302325581395,957,185.46511627906975,-47.093023255813954,103.0,11.0,0.7083333333333334,0.2174796747967479,finite,16.47286821705424,-17,-2,-15,2,-17.0
CART,time,2,fixed,B_r05,B,,5,inf,516,24,0,0,24,492,0,0.0,0.0,0.0,120,23.25581395348837,0.0,,,1.0,0.0,refitted,,inf,516,24,0,0,24,492,0,0.0,0.0,0.0,120,23.25581395348837,0.0,,,1.0,0.0,no_alarm,0.0,0,0,0,0,
CART,time,2,fixed,B_r10,B,,10,inf,516,24,0,0,24,492,0,0.0,0.0,0.0,240,46.51162790697674,0.0,,,1.0,0.0,refitted,,inf,516,24,0,0,24,492,0,0.0,0.0,0.0,240,46.51162790697674,0.0,,,1.0,0.0,no_alarm,0.0,0,0,0,0,
CART,time,2,fixed,B_r20,B,,20,0.0374259223254732,516,24,12,227,12,265,239,0.5,0.0502092050209205,0.4631782945736434,467,90.50387596899223,-2.5193798449612403,,,0.5,0.4613821138211382,refitted,,0.0374259223254732,516,24,11,201,13,291,212,0.4583333333333333,0.0518867924528301,0.4108527131782946,461,89.34108527131782,-3.682170542635659,,,0.5416666666666666,0.4085365853658536,finite,-1.16279069767441,-27,-1,-26,1,
CART,time,2,fixed,B_r50,B,,50,0.0374259223254732,516,24,12,227,12,265,239,0.5,0.0502092050209205,0.4631782945736434,827,160.27131782945736,-72.28682170542636,,,0.5,0.4613821138211382,refitted,,0.0374259223254732,516,24,11,201,13,291,212,0.4583333333333333,0.0518867924528301,0.4108527131782946,851,164.92248062015503,-67.63565891472868,,,0.5416666666666666,0.4085365853658536,finite,4.6511627906976685,-27,-1,-26,1,
CART,time,2,fixed,C_b01_r05,C,0.01,5,inf,516,24,0,0,24,492,0,0.0,0.0,0.0,120,23.25581395348837,0.0,5.0,0.0,1.0,0.0,refitted,0.01,inf,516,24,0,0,24,492,0,0.0,0.0,0.0,120,23.25581395348837,0.0,5.0,0.0,1.0,0.0,no_alarm,0.0,0,0,0,0,0.0
CART,time,2,fixed,C_b01_r10,C,0.01,10,inf,516,24,0,0,24,492,0,0.0,0.0,0.0,240,46.51162790697674,0.0,5.0,0.0,1.0,0.0,refitted,0.01,inf,516,24,0,0,24,492,0,0.0,0.0,0.0,240,46.51162790697674,0.0,5.0,0.0,1.0,0.0,no_alarm,0.0,0,0,0,0,0.0
CART,time,2,fixed,C_b01_r20,C,0.01,20,inf,516,24,0,0,24,492,0,0.0,0.0,0.0,480,93.02325581395348,0.0,5.0,0.0,1.0,0.0,refitted,0.01,inf,516,24,0,0,24,492,0,0.0,0.0,0.0,480,93.02325581395348,0.0,5.0,0.0,1.0,0.0,no_alarm,0.0,0,0,0,0,0.0
CART,time,2,fixed,C_b01_r50,C,0.01,50,inf,516,24,0,0,24,492,0,0.0,0.0,0.0,1200,232.5581395348837,0.0,5.0,0.0,1.0,0.0,refitted,0.01,inf,516,24,0,0,24,492,0,0.0,0.0,0.0,1200,232.5581395348837,0.0,5.0,0.0,1.0,0.0,no_alarm,0.0,0,0,0,0,0.0
CART,time,2,fixed,C_b05_r05,C,0.05,5,inf,516,24,0,0,24,492,0,0.0,0.0,0.0,120,23.25581395348837,0.0,25.0,0.0,1.0,0.0,refitted,0.05,inf,516,24,0,0,24,492,0,0.0,0.0,0.0,120,23.25581395348837,0.0,25.0,0.0,1.0,0.0,no_alarm,0.0,0,0,0,0,0.0
CART,time,2,fixed,C_b05_r10,C,0.05,10,inf,516,24,0,0,24,492,0,0.0,0.0,0.0,240,46.51162790697674,0.0,25.0,0.0,1.0,0.0,refitted,0.05,inf,516,24,0,0,24,492,0,0.0,0.0,0.0,240,46.51162790697674,0.0,25.0,0.0,1.0,0.0,no_alarm,0.0,0,0,0,0,0.0
CART,time,2,fixed,C_b05_r20,C,0.05,20,inf,516,24,0,0,24,492,0,0.0,0.0,0.0,480,93.02325581395348,0.0,25.0,0.0,1.0,0.0,refitted,0.05,inf,516,24,0,0,24,492,0,0.0,0.0,0.0,480,93.02325581395348,0.0,25.0,0.0,1.0,0.0,no_alarm,0.0,0,0,0,0,0.0
CART,time,2,fixed,C_b05_r50,C,0.05,50,inf,516,24,0,0,24,492,0,0.0,0.0,0.0,1200,232.5581395348837,0.0,25.0,0.0,1.0,0.0,refitted,0.05,inf,516,24,0,0,24,492,0,0.0,0.0,0.0,1200,232.5581395348837,0.0,25.0,0.0,1.0,0.0,no_alarm,0.0,0,0,0,0,0.0
CART,time,2,fixed,C_b10_r05,C,0.1,5,inf,516,24,0,0,24,492,0,0.0,0.0,0.0,120,23.25581395348837,0.0,51.0,0.0,1.0,0.0,refitted,0.1,inf,516,24,0,0,24,492,0,0.0,0.0,0.0,120,23.25581395348837,0.0,51.0,0.0,1.0,0.0,no_alarm,0.0,0,0,0,0,0.0
CART,time,2,fixed,C_b10_r10,C,0.1,10,inf,516,24,0,0,24,492,0,0.0,0.0,0.0,240,46.51162790697674,0.0,51.0,0.0,1.0,0.0,refitted,0.1,inf,516,24,0,0,24,492,0,0.0,0.0,0.0,240,46.51162790697674,0.0,51.0,0.0,1.0,0.0,no_alarm,0.0,0,0,0,0,0.0
CART,time,2,fixed,C_b10_r20,C,0.1,20,inf,516,24,0,0,24,492,0,0.0,0.0,0.0,480,93.02325581395348,0.0,51.0,0.0,1.0,0.0,refitted,0.1,inf,516,24,0,0,24,492,0,0.0,0.0,0.0,480,93.02325581395348,0.0,51.0,0.0,1.0,0.0,no_alarm,0.0,0,0,0,0,0.0
CART,time,2,fixed,C_b10_r50,C,0.1,50,0.1355271674979766,516,24,4,51,20,441,55,0.1666666666666666,0.0727272727272727,0.1065891472868217,1051,203.68217054263565,-28.875968992248065,51.0,4.0,0.8333333333333334,0.1036585365853658,refitted,0.1,0.1355271674979766,516,24,2,29,22,463,31,0.0833333333333333,0.064516129032258,0.0600775193798449,1129,218.7984496124031,-13.75968992248062,51.0,0.0,0.9166666666666666,0.0589430894308943,finite,15.116279069767444,-24,-2,-22,2,-4.0
CART,time,2,fixed,C_b20_r05,C,0.2,5,inf,516,24,0,0,24,492,0,0.0,0.0,0.0,120,23.25581395348837,0.0,103.0,0.0,1.0,0.0,refitted,0.2,inf,516,24,0,0,24,492,0,0.0,0.0,0.0,120,23.25581395348837,0.0,103.0,0.0,1.0,0.0,no_alarm,0.0,0,0,0,0,0.0
CART,time,2,fixed,C_b20_r10,C,0.2,10,inf,516,24,0,0,24,492,0,0.0,0.0,0.0,240,46.51162790697674,0.0,103.0,0.0,1.0,0.0,refitted,0.2,inf,516,24,0,0,24,492,0,0.0,0.0,0.0,240,46.51162790697674,0.0,103.0,0.0,1.0,0.0,no_alarm,0.0,0,0,0,0,0.0
CART,time,2,fixed,C_b20_r20,C,0.2,20,inf,516,24,0,0,24,492,0,0.0,0.0,0.0,480,93.02325581395348,0.0,103.0,0.0,1.0,0.0,refitted,0.2,inf,516,24,0,0,24,492,0,0.0,0.0,0.0,480,93.02325581395348,0.0,103.0,0.0,1.0,0.0,no_alarm,0.0,0,0,0,0,0.0
CART,time,2,fixed,C_b20_r50,C,0.2,50,0.1355271674979766,516,24,4,51,20,441,55,0.1666666666666666,0.0727272727272727,0.1065891472868217,1051,203.68217054263565,-28.875968992248065,103.0,0.0,0.8333333333333334,0.1036585365853658,refitted,0.2,0.1355271674979766,516,24,2,29,22,463,31,0.0833333333333333,0.064516129032258,0.0600775193798449,1129,218.7984496124031,-13.75968992248062,103.0,0.0,0.9166666666666666,0.0589430894308943,finite,15.116279069767444,-24,-2,-22,2,0.0
CART,time,3,fixed,A_b01,A,0.01,5,0.1428088439236585,516,18,1,13,17,485,14,0.0555555555555555,0.0714285714285714,0.0271317829457364,98,18.992248062015506,1.550387596899225,5.0,9.0,0.9444444444444444,0.0261044176706827,refitted,0.01,0.1428088439236585,516,18,2,18,16,480,20,0.1111111111111111,0.1,0.0387596899224806,98,18.992248062015506,1.550387596899225,5.0,15.0,0.8888888888888888,0.036144578313253,finite,0.0,6,1,5,-1,6.0
CART,time,3,fixed,A_b01,A,0.01,10,0.1428088439236585,516,18,1,13,17,485,14,0.0555555555555555,0.0714285714285714,0.0271317829457364,183,35.46511627906977,0.5813953488372093,5.0,9.0,0.9444444444444444,0.0261044176706827,refitted,0.01,0.1428088439236585,516,18,2,18,16,480,20,0.1111111111111111,0.1,0.0387596899224806,178,34.49612403100775,-0.3875968992248062,5.0,15.0,0.8888888888888888,0.036144578313253,finite,-0.9689922480620154,6,1,5,-1,6.0
CART,time,3,fixed,A_b01,A,0.01,20,0.1428088439236585,516,18,1,13,17,485,14,0.0555555555555555,0.0714285714285714,0.0271317829457364,353,68.4108527131783,-1.3565891472868217,5.0,9.0,0.9444444444444444,0.0261044176706827,refitted,0.01,0.1428088439236585,516,18,2,18,16,480,20,0.1111111111111111,0.1,0.0387596899224806,338,65.50387596899225,-4.263565891472868,5.0,15.0,0.8888888888888888,0.036144578313253,finite,-2.9069767441860535,6,1,5,-1,6.0
CART,time,3,fixed,A_b01,A,0.01,50,0.1428088439236585,516,18,1,13,17,485,14,0.0555555555555555,0.0714285714285714,0.0271317829457364,863,167.24806201550388,-7.170542635658915,5.0,9.0,0.9444444444444444,0.0261044176706827,refitted,0.01,0.1428088439236585,516,18,2,18,16,480,20,0.1111111111111111,0.1,0.0387596899224806,818,158.52713178294573,-15.891472868217054,5.0,15.0,0.8888888888888888,0.036144578313253,finite,-8.720930232558146,6,1,5,-1,6.0
CART,time,3,fixed,A_b05,A,0.05,5,0.1187371530223521,516,18,1,31,17,467,32,0.0555555555555555,0.03125,0.0620155038759689,116,22.48062015503876,5.038759689922481,25.0,7.0,0.9444444444444444,0.0622489959839357,refitted,0.05,0.1187371530223521,516,18,3,31,15,467,34,0.1666666666666666,0.088235294117647,0.065891472868217,106,20.54263565891473,3.10077519379845,25.0,9.0,0.8333333333333334,0.0622489959839357,finite,-1.937984496124031,2,2,0,-2,2.0
CART,time,3,fixed,A_b05,A,0.05,10,0.1187371530223521,516,18,1,31,17,467,32,0.0555555555555555,0.03125,0.0620155038759689,201,38.95348837209303,4.069767441860465,25.0,7.0,0.9444444444444444,0.0622489959839357,refitted,0.05,0.1187371530223521,516,18,3,31,15,467,34,0.1666666666666666,0.088235294117647,0.065891472868217,181,35.07751937984496,0.1937984496124031,25.0,9.0,0.8333333333333334,0.0622489959839357,finite,-3.875968992248069,2,2,0,-2,2.0
CART,time,3,fixed,A_b05,A,0.05,20,0.1187371530223521,516,18,1,31,17,467,32,0.0555555555555555,0.03125,0.0620155038759689,371,71.89922480620154,2.131782945736434,25.0,7.0,0.9444444444444444,0.0622489959839357,refitted,0.05,0.1187371530223521,516,18,3,31,15,467,34,0.1666666666666666,0.088235294117647,0.065891472868217,331,64.14728682170542,-5.62015503875969,25.0,9.0,0.8333333333333334,0.0622489959839357,finite,-7.751937984496124,2,2,0,-2,2.0
CART,time,3,fixed,A_b05,A,0.05,50,0.1187371530223521,516,18,1,31,17,467,32,0.0555555555555555,0.03125,0.0620155038759689,881,170.7364341085271,-3.682170542635659,25.0,7.0,0.9444444444444444,0.0622489959839357,refitted,0.05,0.1187371530223521,516,18,3,31,15,467,34,0.1666666666666666,0.088235294117647,0.065891472868217,781,151.35658914728683,-23.06201550387597,25.0,9.0,0.8333333333333334,0.0622489959839357,finite,-19.37984496124028,2,2,0,-2,2.0
CART,time,3,fixed,A_b10,A,0.1,5,0.092887428250163,516,18,3,62,15,436,65,0.1666666666666666,0.0461538461538461,0.125968992248062,137,26.550387596899224,9.108527131782946,51.0,14.0,0.8333333333333334,0.1244979919678714,refitted,0.1,0.092887428250163,516,18,4,45,14,453,49,0.2222222222222222,0.0816326530612244,0.0949612403100775,115,22.286821705426355,4.844961240310077,51.0,0.0,0.7777777777777778,0.0903614457831325,finite,-4.263565891472869,-16,1,-17,-1,-14.0
CART,time,3,fixed,A_b10,A,0.1,10,0.092887428250163,516,18,3,62,15,436,65,0.1666666666666666,0.0461538461538461,0.125968992248062,212,41.08527131782946,6.2015503875969,51.0,14.0,0.8333333333333334,0.1244979919678714,refitted,0.1,0.092887428250163,516,18,4,45,14,453,49,0.2222222222222222,0.0816326530612244,0.0949612403100775,185,35.85271317829457,0.9689922480620154,51.0,0.0,0.7777777777777778,0.0903614457831325,finite,-5.232558139534888,-16,1,-17,-1,-14.0
CART,time,3,fixed,A_b10,A,0.1,20,0.092887428250163,516,18,3,62,15,436,65,0.1666666666666666,0.0461538461538461,0.125968992248062,362,70.15503875968992,0.3875968992248062,51.0,14.0,0.8333333333333334,0.1244979919678714,refitted,0.1,0.092887428250163,516,18,4,45,14,453,49,0.2222222222222222,0.0816326530612244,0.0949612403100775,325,62.98449612403101,-6.782945736434108,51.0,0.0,0.7777777777777778,0.0903614457831325,finite,-7.170542635658904,-16,1,-17,-1,-14.0
CART,time,3,fixed,A_b10,A,0.1,50,0.092887428250163,516,18,3,62,15,436,65,0.1666666666666666,0.0461538461538461,0.125968992248062,812,157.36434108527132,-17.05426356589147,51.0,14.0,0.8333333333333334,0.1244979919678714,refitted,0.1,0.092887428250163,516,18,4,45,14,453,49,0.2222222222222222,0.0816326530612244,0.0949612403100775,745,144.3798449612403,-30.03875968992248,51.0,0.0,0.7777777777777778,0.0903614457831325,finite,-12.984496124031011,-16,1,-17,-1,-14.0
CART,time,3,fixed,A_b20,A,0.2,5,0.064233995466531,516,18,6,102,12,396,108,0.3333333333333333,0.0555555555555555,0.2093023255813953,162,31.3953488372093,13.953488372093023,103.0,5.0,0.6666666666666666,0.2048192771084337,refitted,0.2,0.064233995466531,516,18,7,89,11,409,96,0.3888888888888889,0.0729166666666666,0.1860465116279069,144,27.906976744186046,10.465116279069768,103.0,0.0,0.6111111111111112,0.178714859437751,finite,-3.488372093023255,-12,1,-13,-1,-5.0
CART,time,3,fixed,A_b20,A,0.2,10,0.064233995466531,516,18,6,102,12,396,108,0.3333333333333333,0.0555555555555555,0.2093023255813953,222,43.02325581395349,8.13953488372093,103.0,5.0,0.6666666666666666,0.2048192771084337,refitted,0.2,0.064233995466531,516,18,7,89,11,409,96,0.3888888888888889,0.0729166666666666,0.1860465116279069,199,38.565891472868216,3.682170542635659,103.0,0.0,0.6111111111111112,0.178714859437751,finite,-4.457364341085274,-12,1,-13,-1,-5.0
CART,time,3,fixed,A_b20,A,0.2,20,0.064233995466531,516,18,6,102,12,396,108,0.3333333333333333,0.0555555555555555,0.2093023255813953,342,66.27906976744185,-3.488372093023256,103.0,5.0,0.6666666666666666,0.2048192771084337,refitted,0.2,0.064233995466531,516,18,7,89,11,409,96,0.3888888888888889,0.0729166666666666,0.1860465116279069,309,59.88372093023256,-9.883720930232558,103.0,0.0,0.6111111111111112,0.178714859437751,finite,-6.395348837209291,-12,1,-13,-1,-5.0
CART,time,3,fixed,A_b20,A,0.2,50,0.064233995466531,516,18,6,102,12,396,108,0.3333333333333333,0.0555555555555555,0.2093023255813953,702,136.04651162790697,-38.372093023255815,103.0,5.0,0.6666666666666666,0.2048192771084337,refitted,0.2,0.064233995466531,516,18,7,89,11,409,96,0.3888888888888889,0.0729166666666666,0.1860465116279069,639,123.83720930232558,-50.58139534883721,103.0,0.0,0.6111111111111112,0.178714859437751,finite,-12.20930232558139,-12,1,-13,-1,-5.0
CART,time,3,fixed,B_r05,B,,5,inf,516,18,0,0,18,498,0,0.0,0.0,0.0,90,17.441860465116278,0.0,,,1.0,0.0,refitted,,inf,516,18,0,0,18,498,0,0.0,0.0,0.0,90,17.441860465116278,0.0,,,1.0,0.0,no_alarm,0.0,0,0,0,0,
CART,time,3,fixed,B_r10,B,,10,0.1025599175693957,516,18,2,49,16,449,51,0.1111111111111111,0.0392156862745098,0.0988372093023255,209,40.50387596899225,5.62015503875969,,,0.8888888888888888,0.0983935742971887,refitted,,0.1025599175693957,516,18,3,38,15,460,41,0.1666666666666666,0.073170731707317,0.0794573643410852,188,36.43410852713178,1.550387596899225,,,0.8333333333333334,0.0763052208835341,finite,-4.069767441860471,-10,1,-11,-1,
CART,time,3,fixed,B_r20,B,,20,0.073144816578683,516,18,6,86,12,412,92,0.3333333333333333,0.0652173913043478,0.1782945736434108,326,63.17829457364341,-6.589147286821706,,,0.6666666666666666,0.1726907630522088,refitted,,0.073144816578683,516,18,6,71,12,427,77,0.3333333333333333,0.0779220779220779,0.1492248062015503,311,60.27131782945737,-9.496124031007753,,,0.6666666666666666,0.142570281124498,finite,-2.9069767441860463,-15,0,-15,0,
CART,time,3,fixed,B_r50,B,,50,0.0103402000698404,516,18,14,396,4,102,410,0.7777777777777778,0.0341463414634146,0.7945736434108527,596,115.50387596899223,-58.91472868217054,,,0.2222222222222222,0.7951807228915663,refitted,,0.0103402000698404,516,18,16,411,2,87,427,0.8888888888888888,0.0374707259953161,0.8275193798449613,511,99.03100775193798,-75.3875968992248,,,0.1111111111111111,0.8253012048192772,finite,-16.472868217054256,17,2,15,-2,
CART,time,3,fixed,C_b01_r05,C,0.01,5,inf,516,18,0,0,18,498,0,0.0,0.0,0.0,90,17.441860465116278,0.0,5.0,0.0,1.0,0.0,refitted,0.01,inf,516,18,0,0,18,498,0,0.0,0.0,0.0,90,17.441860465116278,0.0,5.0,0.0,1.0,0.0,no_alarm,0.0,0,0,0,0,0.0
CART,time,3,fixed,C_b01_r10,C,0.01,10,inf,516,18,0,0,18,498,0,0.0,0.0,0.0,180,34.88372093023256,0.0,5.0,0.0,1.0,0.0,refitted,0.01,inf,516,18,0,0,18,498,0,0.0,0.0,0.0,180,34.88372093023256,0.0,5.0,0.0,1.0,0.0,no_alarm,0.0,0,0,0,0,0.0
CART,time,3,fixed,C_b01_r20,C,0.01,20,inf,516,18,0,0,18,498,0,0.0,0.0,0.0,360,69.76744186046511,0.0,5.0,0.0,1.0,0.0,refitted,0.01,inf,516,18,0,0,18,498,0,0.0,0.0,0.0,360,69.76744186046511,0.0,5.0,0.0,1.0,0.0,no_alarm,0.0,0,0,0,0,0.0
CART,time,3,fixed,C_b01_r50,C,0.01,50,inf,516,18,0,0,18,498,0,0.0,0.0,0.0,900,174.41860465116278,0.0,5.0,0.0,1.0,0.0,refitted,0.01,inf,516,18,0,0,18,498,0,0.0,0.0,0.0,900,174.41860465116278,0.0,5.0,0.0,1.0,0.0,no_alarm,0.0,0,0,0,0,0.0
CART,time,3,fixed,C_b05_r05,C,0.05,5,inf,516,18,0,0,18,498,0,0.0,0.0,0.0,90,17.441860465116278,0.0,25.0,0.0,1.0,0.0,refitted,0.05,inf,516,18,0,0,18,498,0,0.0,0.0,0.0,90,17.441860465116278,0.0,25.0,0.0,1.0,0.0,no_alarm,0.0,0,0,0,0,0.0
CART,time,3,fixed,C_b05_r10,C,0.05,10,0.1211893816892521,516,18,1,28,17,470,29,0.0555555555555555,0.0344827586206896,0.0562015503875969,198,38.372093023255815,3.488372093023256,25.0,4.0,0.9444444444444444,0.0562248995983935,refitted,0.05,0.1211893816892521,516,18,3,30,15,468,33,0.1666666666666666,0.0909090909090909,0.063953488372093,180,34.88372093023256,0.0,25.0,8.0,0.8333333333333334,0.0602409638554216,finite,-3.4883720930232514,4,2,2,-2,4.0
CART,time,3,fixed,C_b05_r20,C,0.05,20,0.1211893816892521,516,18,1,28,17,470,29,0.0555555555555555,0.0344827586206896,0.0562015503875969,368,71.31782945736434,1.550387596899225,25.0,4.0,0.9444444444444444,0.0562248995983935,refitted,0.05,0.1211893816892521,516,18,3,30,15,468,33,0.1666666666666666,0.0909090909090909,0.063953488372093,330,63.95348837209303,-5.813953488372093,25.0,8.0,0.8333333333333334,0.0602409638554216,finite,-7.364341085271313,4,2,2,-2,4.0
CART,time,3,fixed,C_b05_r50,C,0.05,50,0.1211893816892521,516,18,1,28,17,470,29,0.0555555555555555,0.0344827586206896,0.0562015503875969,878,170.15503875968992,-4.263565891472868,25.0,4.0,0.9444444444444444,0.0562248995983935,refitted,0.05,0.1211893816892521,516,18,3,30,15,468,33,0.1666666666666666,0.0909090909090909,0.063953488372093,780,151.1627906976744,-23.25581395348837,25.0,8.0,0.8333333333333334,0.0602409638554216,finite,-18.992248062015506,4,2,2,-2,4.0
CART,time,3,fixed,C_b10_r05,C,0.1,5,inf,516,18,0,0,18,498,0,0.0,0.0,0.0,90,17.441860465116278,0.0,51.0,0.0,1.0,0.0,refitted,0.1,inf,516,18,0,0,18,498,0,0.0,0.0,0.0,90,17.441860465116278,0.0,51.0,0.0,1.0,0.0,no_alarm,0.0,0,0,0,0,0.0
CART,time,3,fixed,C_b10_r10,C,0.1,10,0.1025599175693957,516,18,2,49,16,449,51,0.1111111111111111,0.0392156862745098,0.0988372093023255,209,40.50387596899225,5.62015503875969,51.0,0.0,0.8888888888888888,0.0983935742971887,refitted,0.1,0.1025599175693957,516,18,3,38,15,460,41,0.1666666666666666,0.073170731707317,0.0794573643410852,188,36.43410852713178,1.550387596899225,51.0,0.0,0.8333333333333334,0.0763052208835341,finite,-4.069767441860471,-10,1,-11,-1,0.0
CART,time,3,fixed,C_b10_r20,C,0.1,20,0.1025599175693957,516,18,2,49,16,449,51,0.1111111111111111,0.0392156862745098,0.0988372093023255,369,71.51162790697674,1.744186046511628,51.0,0.0,0.8888888888888888,0.0983935742971887,refitted,0.1,0.1025599175693957,516,18,3,38,15,460,41,0.1666666666666666,0.073170731707317,0.0794573643410852,338,65.50387596899225,-4.263565891472868,51.0,0.0,0.8333333333333334,0.0763052208835341,finite,-6.007751937984494,-10,1,-11,-1,0.0
CART,time,3,fixed,C_b10_r50,C,0.1,50,0.1025599175693957,516,18,2,49,16,449,51,0.1111111111111111,0.0392156862745098,0.0988372093023255,849,164.53488372093022,-9.883720930232558,51.0,0.0,0.8888888888888888,0.0983935742971887,refitted,0.1,0.1025599175693957,516,18,3,38,15,460,41,0.1666666666666666,0.073170731707317,0.0794573643410852,788,152.71317829457365,-21.705426356589147,51.0,0.0,0.8333333333333334,0.0763052208835341,finite,-11.821705426356573,-10,1,-11,-1,0.0
CART,time,3,fixed,C_b20_r05,C,0.2,5,inf,516,18,0,0,18,498,0,0.0,0.0,0.0,90,17.441860465116278,0.0,103.0,0.0,1.0,0.0,refitted,0.2,inf,516,18,0,0,18,498,0,0.0,0.0,0.0,90,17.441860465116278,0.0,103.0,0.0,1.0,0.0,no_alarm,0.0,0,0,0,0,0.0
CART,time,3,fixed,C_b20_r10,C,0.2,10,0.1025599175693957,516,18,2,49,16,449,51,0.1111111111111111,0.0392156862745098,0.0988372093023255,209,40.50387596899225,5.62015503875969,103.0,0.0,0.8888888888888888,0.0983935742971887,refitted,0.2,0.1025599175693957,516,18,3,38,15,460,41,0.1666666666666666,0.073170731707317,0.0794573643410852,188,36.43410852713178,1.550387596899225,103.0,0.0,0.8333333333333334,0.0763052208835341,finite,-4.069767441860471,-10,1,-11,-1,0.0
CART,time,3,fixed,C_b20_r20,C,0.2,20,0.073144816578683,516,18,6,86,12,412,92,0.3333333333333333,0.0652173913043478,0.1782945736434108,326,63.17829457364341,-6.589147286821706,103.0,0.0,0.6666666666666666,0.1726907630522088,refitted,0.2,0.073144816578683,516,18,6,71,12,427,77,0.3333333333333333,0.0779220779220779,0.1492248062015503,311,60.27131782945737,-9.496124031007753,103.0,0.0,0.6666666666666666,0.142570281124498,finite,-2.9069767441860463,-15,0,-15,0,0.0
CART,time,3,fixed,C_b20_r50,C,0.2,50,0.073144816578683,516,18,6,86,12,412,92,0.3333333333333333,0.0652173913043478,0.1782945736434108,686,132.94573643410854,-41.47286821705426,103.0,0.0,0.6666666666666666,0.1726907630522088,refitted,0.2,0.073144816578683,516,18,6,71,12,427,77,0.3333333333333333,0.0779220779220779,0.1492248062015503,671,130.03875968992247,-44.37984496124031,103.0,0.0,0.6666666666666666,0.142570281124498,finite,-2.9069767441860677,-15,0,-15,0,0.0
CART,holdout,0,fixed,A_b01,A,0.01,5,0.3160298197881431,774,26,0,0,26,748,0,0.0,0.0,0.0,130,16.795865633074936,0.0,7.0,0.0,1.0,0.0,refitted,0.01,0.3160298197881431,774,26,0,0,26,748,0,0.0,0.0,0.0,130,16.795865633074936,0.0,7.0,0.0,1.0,0.0,finite,0.0,0,0,0,0,0.0
CART,holdout,0,fixed,A_b01,A,0.01,10,0.3160298197881431,774,26,0,0,26,748,0,0.0,0.0,0.0,260,33.59173126614987,0.0,7.0,0.0,1.0,0.0,refitted,0.01,0.3160298197881431,774,26,0,0,26,748,0,0.0,0.0,0.0,260,33.59173126614987,0.0,7.0,0.0,1.0,0.0,finite,0.0,0,0,0,0,0.0
CART,holdout,0,fixed,A_b01,A,0.01,20,0.3160298197881431,774,26,0,0,26,748,0,0.0,0.0,0.0,520,67.18346253229974,0.0,7.0,0.0,1.0,0.0,refitted,0.01,0.3160298197881431,774,26,0,0,26,748,0,0.0,0.0,0.0,520,67.18346253229974,0.0,7.0,0.0,1.0,0.0,finite,0.0,0,0,0,0,0.0
CART,holdout,0,fixed,A_b01,A,0.01,50,0.3160298197881431,774,26,0,0,26,748,0,0.0,0.0,0.0,1300,167.95865633074936,0.0,7.0,0.0,1.0,0.0,refitted,0.01,0.3160298197881431,774,26,0,0,26,748,0,0.0,0.0,0.0,1300,167.95865633074936,0.0,7.0,0.0,1.0,0.0,finite,0.0,0,0,0,0,0.0
CART,holdout,0,fixed,A_b05,A,0.05,5,0.2001690824921686,774,26,2,10,24,738,12,0.0769230769230769,0.1666666666666666,0.0155038759689922,130,16.795865633074936,0.0,38.0,0.0,0.9230769230769232,0.0133689839572192,refitted,0.05,0.2001690824921686,774,26,1,3,25,745,4,0.0384615384615384,0.25,0.0051679586563307,128,16.537467700258397,-0.2583979328165374,38.0,0.0,0.9615384615384616,0.0040106951871657,finite,-0.2583979328165391,-8,-1,-7,1,0.0
CART,holdout,0,fixed,A_b05,A,0.05,10,0.2001690824921686,774,26,2,10,24,738,12,0.0769230769230769,0.1666666666666666,0.0155038759689922,250,32.299741602067186,-1.2919896640826871,38.0,0.0,0.9230769230769232,0.0133689839572192,refitted,0.05,0.2001690824921686,774,26,1,3,25,745,4,0.0384615384615384,0.25,0.0051679586563307,253,32.68733850129199,-0.9043927648578812,38.0,0.0,0.9615384615384616,0.0040106951871657,finite,0.38759689922480334,-8,-1,-7,1,0.0
CART,holdout,0,fixed,A_b05,A,0.05,20,0.2001690824921686,774,26,2,10,24,738,12,0.0769230769230769,0.1666666666666666,0.0155038759689922,490,63.30749354005168,-3.875968992248062,38.0,0.0,0.9230769230769232,0.0133689839572192,refitted,0.05,0.2001690824921686,774,26,1,3,25,745,4,0.0384615384615384,0.25,0.0051679586563307,503,64.98708010335918,-2.1963824289405687,38.0,0.0,0.9615384615384616,0.0040106951871657,finite,1.6795865633074953,-8,-1,-7,1,0.0
CART,holdout,0,fixed,A_b05,A,0.05,50,0.2001690824921686,774,26,2,10,24,738,12,0.0769230769230769,0.1666666666666666,0.0155038759689922,1210,156.33074935400518,-11.627906976744184,38.0,0.0,0.9230769230769232,0.0133689839572192,refitted,0.05,0.2001690824921686,774,26,1,3,25,745,4,0.0384615384615384,0.25,0.0051679586563307,1253,161.88630490956072,-6.072351421188631,38.0,0.0,0.9615384615384616,0.0040106951871657,finite,5.555555555555543,-8,-1,-7,1,0.0
CART,holdout,0,fixed,A_b10,A,0.1,5,0.1757603339018622,774,26,2,17,24,731,19,0.0769230769230769,0.1052631578947368,0.024547803617571,137,17.700258397932817,0.9043927648578812,77.0,0.0,0.9230769230769232,0.0227272727272727,refitted,0.1,0.1757603339018622,774,26,1,7,25,741,8,0.0384615384615384,0.125,0.0103359173126615,132,17.05426356589147,0.2583979328165374,77.0,0.0,0.9615384615384616,0.0093582887700534,finite,-0.645994832041346,-11,-1,-10,1,0.0
CART,holdout,0,fixed,A_b10,A,0.1,10,0.1757603339018622,774,26,2,17,24,731,19,0.0769230769230769,0.1052631578947368,0.024547803617571,257,33.20413436692507,-0.3875968992248062,77.0,0.0,0.9230769230769232,0.0227272727272727,refitted,0.1,0.1757603339018622,774,26,1,7,25,741,8,0.0384615384615384,0.125,0.0103359173126615,257,33.20413436692507,-0.3875968992248062,77.0,0.0,0.9615384615384616,0.0093582887700534,finite,0.0,-11,-1,-10,1,0.0
CART,holdout,0,fixed,A_b10,A,0.1,20,0.1757603339018622,774,26,2,17,24,731,19,0.0769230769230769,0.1052631578947368,0.024547803617571,497,64.21188630490956,-2.9715762273901807,77.0,0.0,0.9230769230769232,0.0227272727272727,refitted,0.1,0.1757603339018622,774,26,1,7,25,741,8,0.0384615384615384,0.125,0.0103359173126615,507,65.50387596899225,-1.6795865633074936,77.0,0.0,0.9615384615384616,0.0093582887700534,finite,1.291989664082692,-11,-1,-10,1,0.0
CART,holdout,0,fixed,A_b10,A,0.1,50,0.1757603339018622,774,26,2,17,24,731,19,0.0769230769230769,0.1052631578947368,0.024547803617571,1217,157.23514211886305,-10.723514211886306,77.0,0.0,0.9230769230769232,0.0227272727272727,refitted,0.1,0.1757603339018622,774,26,1,7,25,741,8,0.0384615384615384,0.125,0.0103359173126615,1257,162.4031007751938,-5.555555555555555,77.0,0.0,0.9615384615384616,0.0093582887700534,finite,5.16795865633074,-11,-1,-10,1,0.0
CART,holdout,0,fixed,A_b20,A,0.2,5,0.1062076954112462,774,26,7,79,19,669,86,0.2692307692307692,0.0813953488372093,0.1111111111111111,174,22.48062015503876,5.684754521963824,154.0,0.0,0.7307692307692307,0.105614973262032,refitted,0.2,0.1062076954112462,774,26,5,56,21,692,61,0.1923076923076923,0.081967213114754,0.0788113695090439,161,20.801033591731265,4.0051679586563305,154.0,0.0,0.8076923076923077,0.0748663101604278,finite,-1.6795865633074953,-25,-2,-23,2,0.0
CART,holdout,0,fixed,A_b20,A,0.2,10,0.1062076954112462,774,26,7,79,19,669,86,0.2692307692307692,0.0813953488372093,0.1111111111111111,269,34.75452196382429,1.162790697674419,154.0,0.0,0.7307692307692307,0.105614973262032,refitted,0.2,0.1062076954112462,774,26,5,56,21,692,61,0.1923076923076923,0.081967213114754,0.0788113695090439,266,34.366925064599485,0.7751937984496124,154.0,0.0,0.8076923076923077,0.0748663101604278,finite,-0.38759689922480334,-25,-2,-23,2,0.0
CART,holdout,0,fixed,A_b20,A,0.2,20,0.1062076954112462,774,26,7,79,19,669,86,0.2692307692307692,0.0813953488372093,0.1111111111111111,459,59.30232558139535,-7.881136950904393,154.0,0.0,0.7307692307692307,0.105614973262032,refitted,0.2,0.1062076954112462,774,26,5,56,21,692,61,0.1923076923076923,0.081967213114754,0.0788113695090439,476,61.49870801033592,-5.684754521963824,154.0,0.0,0.8076923076923077,0.0748663101604278,finite,2.1963824289405665,-25,-2,-23,2,0.0
CART,holdout,0,fixed,A_b20,A,0.2,50,0.1062076954112462,774,26,7,79,19,669,86,0.2692307692307692,0.0813953488372093,0.1111111111111111,1029,132.94573643410854,-35.012919896640824,154.0,0.0,0.7307692307692307,0.105614973262032,refitted,0.2,0.1062076954112462,774,26,5,56,21,692,61,0.1923076923076923,0.081967213114754,0.0788113695090439,1106,142.89405684754522,-25.06459948320413,154.0,0.0,0.8076923076923077,0.0748663101604278,finite,9.948320413436676,-25,-2,-23,2,0.0
CART,holdout,0,fixed,B_r05,B,,5,inf,774,26,0,0,26,748,0,0.0,0.0,0.0,130,16.795865633074936,0.0,,,1.0,0.0,refitted,,inf,774,26,0,0,26,748,0,0.0,0.0,0.0,130,16.795865633074936,0.0,,,1.0,0.0,no_alarm,0.0,0,0,0,0,
CART,holdout,0,fixed,B_r10,B,,10,0.2566242016292342,774,26,1,3,25,745,4,0.0384615384615384,0.25,0.0051679586563307,253,32.68733850129199,-0.9043927648578812,,,0.9615384615384616,0.0040106951871657,refitted,,0.2566242016292342,774,26,0,1,26,747,1,0.0,0.0,0.0012919896640826,261,33.72093023255814,0.1291989664082687,,,1.0,0.0013368983957219,finite,1.0335917312661493,-3,-1,-2,1,
CART,holdout,0,fixed,B_r20,B,,20,0.0510046218300218,774,26,11,208,15,540,219,0.4230769230769231,0.0502283105022831,0.2829457364341085,508,65.63307493540051,-1.550387596899225,,,0.5769230769230769,0.2780748663101604,refitted,,0.0510046218300218,774,26,12,229,14,519,241,0.4615384615384615,0.0497925311203319,0.3113695090439276,509,65.76227390180878,-1.421188630490956,,,0.5384615384615384,0.3061497326203208,finite,0.12919896640826778,22,1,21,-1,
CART,holdout,0,fixed,B_r50,B,,50,0.0019909031011866,774,26,26,739,0,9,765,1.0,0.0339869281045751,0.9883720930232558,739,95.4780361757106,-72.48062015503876,,,0.0,0.9879679144385026,refitted,,0.0019909031011866,774,26,26,747,0,1,773,1.0,0.0336351875808538,0.9987080103359172,747,96.51162790697674,-71.44702842377261,,,0.0,0.998663101604278,finite,1.0335917312661422,8,0,8,0,
CART,holdout,0,fixed,C_b01_r05,C,0.01,5,inf,774,26,0,0,26,748,0,0.0,0.0,0.0,130,16.795865633074936,0.0,7.0,0.0,1.0,0.0,refitted,0.01,inf,774,26,0,0,26,748,0,0.0,0.0,0.0,130,16.795865633074936,0.0,7.0,0.0,1.0,0.0,no_alarm,0.0,0,0,0,0,0.0
CART,holdout,0,fixed,C_b01_r10,C,0.01,10,inf,774,26,0,0,26,748,0,0.0,0.0,0.0,260,33.59173126614987,0.0,7.0,0.0,1.0,0.0,refitted,0.01,inf,774,26,0,0,26,748,0,0.0,0.0,0.0,260,33.59173126614987,0.0,7.0,0.0,1.0,0.0,no_alarm,0.0,0,0,0,0,0.0
CART,holdout,0,fixed,C_b01_r20,C,0.01,20,inf,774,26,0,0,26,748,0,0.0,0.0,0.0,520,67.18346253229974,0.0,7.0,0.0,1.0,0.0,refitted,0.01,inf,774,26,0,0,26,748,0,0.0,0.0,0.0,520,67.18346253229974,0.0,7.0,0.0,1.0,0.0,no_alarm,0.0,0,0,0,0,0.0
CART,holdout,0,fixed,C_b01_r50,C,0.01,50,inf,774,26,0,0,26,748,0,0.0,0.0,0.0,1300,167.95865633074936,0.0,7.0,0.0,1.0,0.0,refitted,0.01,inf,774,26,0,0,26,748,0,0.0,0.0,0.0,1300,167.95865633074936,0.0,7.0,0.0,1.0,0.0,no_alarm,0.0,0,0,0,0,0.0
CART,holdout,0,fixed,C_b05_r05,C,0.05,5,inf,774,26,0,0,26,748,0,0.0,0.0,0.0,130,16.795865633074936,0.0,38.0,0.0,1.0,0.0,refitted,0.05,inf,774,26,0,0,26,748,0,0.0,0.0,0.0,130,16.795865633074936,0.0,38.0,0.0,1.0,0.0,no_alarm,0.0,0,0,0,0,0.0
CART,holdout,0,fixed,C_b05_r10,C,0.05,10,0.2566242016292342,774,26,1,3,25,745,4,0.0384615384615384,0.25,0.0051679586563307,253,32.68733850129199,-0.9043927648578812,38.0,0.0,0.9615384615384616,0.0040106951871657,refitted,0.05,0.2566242016292342,774,26,0,1,26,747,1,0.0,0.0,0.0012919896640826,261,33.72093023255814,0.1291989664082687,38.0,0.0,1.0,0.0013368983957219,finite,1.0335917312661493,-3,-1,-2,1,0.0
CART,holdout,0,fixed,C_b05_r20,C,0.05,20,0.2566242016292342,774,26,1,3,25,745,4,0.0384615384615384,0.25,0.0051679586563307,503,64.98708010335918,-2.1963824289405687,38.0,0.0,0.9615384615384616,0.0040106951871657,refitted,0.05,0.2566242016292342,774,26,0,1,26,747,1,0.0,0.0,0.0012919896640826,521,67.31266149870801,0.1291989664082687,38.0,0.0,1.0,0.0013368983957219,finite,2.3255813953488342,-3,-1,-2,1,0.0
CART,holdout,0,fixed,C_b05_r50,C,0.05,50,0.2566242016292342,774,26,1,3,25,745,4,0.0384615384615384,0.25,0.0051679586563307,1253,161.88630490956072,-6.072351421188631,38.0,0.0,0.9615384615384616,0.0040106951871657,refitted,0.05,0.2566242016292342,774,26,0,1,26,747,1,0.0,0.0,0.0012919896640826,1301,168.08785529715763,0.1291989664082687,38.0,0.0,1.0,0.0013368983957219,finite,6.20155038759691,-3,-1,-2,1,0.0
CART,holdout,0,fixed,C_b10_r05,C,0.1,5,inf,774,26,0,0,26,748,0,0.0,0.0,0.0,130,16.795865633074936,0.0,77.0,0.0,1.0,0.0,refitted,0.1,inf,774,26,0,0,26,748,0,0.0,0.0,0.0,130,16.795865633074936,0.0,77.0,0.0,1.0,0.0,no_alarm,0.0,0,0,0,0,0.0
CART,holdout,0,fixed,C_b10_r10,C,0.1,10,0.2566242016292342,774,26,1,3,25,745,4,0.0384615384615384,0.25,0.0051679586563307,253,32.68733850129199,-0.9043927648578812,77.0,0.0,0.9615384615384616,0.0040106951871657,refitted,0.1,0.2566242016292342,774,26,0,1,26,747,1,0.0,0.0,0.0012919896640826,261,33.72093023255814,0.1291989664082687,77.0,0.0,1.0,0.0013368983957219,finite,1.0335917312661493,-3,-1,-2,1,0.0
CART,holdout,0,fixed,C_b10_r20,C,0.1,20,0.1840957821271718,774,26,2,15,24,733,17,0.0769230769230769,0.1176470588235294,0.0219638242894056,495,63.95348837209303,-3.2299741602067185,77.0,0.0,0.9230769230769232,0.0200534759358288,refitted,0.1,0.1840957821271718,774,26,1,4,25,744,5,0.0384615384615384,0.2,0.0064599483204134,504,65.11627906976744,-2.0671834625323,77.0,0.0,0.9615384615384616,0.0053475935828877,finite,1.1627906976744171,-12,-1,-11,1,0.0
CART,holdout,0,fixed,C_b10_r50,C,0.1,50,0.1840957821271718,774,26,2,15,24,733,17,0.0769230769230769,0.1176470588235294,0.0219638242894056,1215,156.97674418604652,-10.981912144702845,77.0,0.0,0.9230769230769232,0.0200534759358288,refitted,0.1,0.1840957821271718,774,26,1,4,25,744,5,0.0384615384615384,0.2,0.0064599483204134,1254,162.015503875969,-5.943152454780361,77.0,0.0,0.9615384615384616,0.0053475935828877,finite,5.038759689922472,-12,-1,-11,1,0.0
CART,holdout,0,fixed,C_b20_r05,C,0.2,5,inf,774,26,0,0,26,748,0,0.0,0.0,0.0,130,16.795865633074936,0.0,154.0,0.0,1.0,0.0,refitted,0.2,inf,774,26,0,0,26,748,0,0.0,0.0,0.0,130,16.795865633074936,0.0,154.0,0.0,1.0,0.0,no_alarm,0.0,0,0,0,0,0.0
CART,holdout,0,fixed,C_b20_r10,C,0.2,10,0.2566242016292342,774,26,1,3,25,745,4,0.0384615384615384,0.25,0.0051679586563307,253,32.68733850129199,-0.9043927648578812,154.0,0.0,0.9615384615384616,0.0040106951871657,refitted,0.2,0.2566242016292342,774,26,0,1,26,747,1,0.0,0.0,0.0012919896640826,261,33.72093023255814,0.1291989664082687,154.0,0.0,1.0,0.0013368983957219,finite,1.0335917312661493,-3,-1,-2,1,0.0
CART,holdout,0,fixed,C_b20_r20,C,0.2,20,0.1086877858840445,774,26,7,76,19,672,83,0.2692307692307692,0.0843373493975903,0.107235142118863,456,58.91472868217054,-8.268733850129198,154.0,0.0,0.7307692307692307,0.1016042780748663,refitted,0.2,0.1086877858840445,774,26,5,51,21,697,56,0.1923076923076923,0.0892857142857142,0.0723514211886304,471,60.85271317829457,-6.330749354005168,154.0,0.0,0.8076923076923077,0.0681818181818181,finite,1.937984496124031,-27,-2,-25,2,0.0
CART,holdout,0,fixed,C_b20_r50,C,0.2,50,0.1086877858840445,774,26,7,76,19,672,83,0.2692307692307692,0.0843373493975903,0.107235142118863,1026,132.5581395348837,-35.400516795865634,154.0,0.0,0.7307692307692307,0.1016042780748663,refitted,0.2,0.1086877858840445,774,26,5,51,21,697,56,0.1923076923076923,0.0892857142857142,0.0723514211886304,1101,142.24806201550388,-25.71059431524548,154.0,0.0,0.8076923076923077,0.0681818181818181,finite,9.689922480620169,-27,-2,-25,2,0.0
