model,scheme,fold,candidate,row,y,score
XGBoost,time,0,0,329,0.0,0.023332523182034492
XGBoost,time,0,0,330,0.0,0.035478997975587845
XGBoost,time,0,0,331,0.0,0.035478997975587845
XGBoost,time,0,0,332,1.0,0.16354107856750488
XGBoost,time,0,0,333,0.0,0.17983467876911163
XGBoost,time,0,0,334,1.0,0.08465240150690079
XGBoost,time,0,0,335,0.0,0.06374882906675339
XGBoost,time,0,0,336,0.0,0.19516219198703766
XGBoost,time,0,0,337,1.0,0.0700840875506401
XGBoost,time,0,0,338,1.0,0.1673167198896408
XGBoost,time,0,0,339,1.0,0.36504632234573364
XGBoost,time,0,0,340,0.0,0.15818753838539124
XGBoost,time,0,0,341,1.0,0.23138515651226044
XGBoost,time,0,0,342,0.0,0.36504632234573364
XGBoost,time,0,0,343,0.0,0.2059032917022705
XGBoost,time,0,0,344,0.0,0.1673167198896408
XGBoost,time,0,0,345,0.0,0.2541188597679138
XGBoost,time,0,0,346,1.0,0.023332523182034492
XGBoost,time,0,0,347,0.0,0.17016206681728363
XGBoost,time,0,0,348,1.0,0.36612698435783386
XGBoost,time,0,0,349,1.0,0.380714476108551
XGBoost,time,0,0,350,0.0,0.380714476108551
XGBoost,time,0,0,351,1.0,0.18737629055976868
XGBoost,time,0,0,352,0.0,0.05844460800290108
XGBoost,time,0,0,353,0.0,0.06744471192359924
XGBoost,time,0,0,354,1.0,0.36612698435783386
XGBoost,time,0,0,355,0.0,0.380714476108551
XGBoost,time,0,0,356,0.0,0.023332523182034492
XGBoost,time,0,0,357,0.0,0.023332523182034492
XGBoost,time,0,0,358,0.0,0.035478997975587845
XGBoost,time,0,0,359,0.0,0.10834913700819016
XGBoost,time,0,0,360,0.0,0.380714476108551
XGBoost,time,0,0,361,1.0,0.18118028342723846
XGBoost,time,0,0,362,0.0,0.05844460800290108
XGBoost,time,0,0,363,0.0,0.06744471192359924
XGBoost,time,0,0,364,0.0,0.023332523182034492
XGBoost,time,0,0,365,0.0,0.023332523182034492
XGBoost,time,0,0,366,0.0,0.02723272331058979
XGBoost,time,0,0,367,0.0,0.023332523182034492
XGBoost,time,0,0,368,0.0,0.023332523182034492
XGBoost,time,0,0,369,0.0,0.023332523182034492
XGBoost,time,0,0,370,0.0,0.023332523182034492
XGBoost,time,0,0,371,0.0,0.023332523182034492
XGBoost,time,0,0,372,0.0,0.023332523182034492
XGBoost,time,0,0,373,0.0,0.035478997975587845
XGBoost,time,0,0,374,1.0,0.1673167198896408
XGBoost,time,0,0,375,0.0,0.15818753838539124
XGBoost,time,0,0,376,1.0,0.12998265027999878
XGBoost,time,0,0,377,0.0,0.1673167198896408
XGBoost,time,0,0,378,1.0,0.1673167198896408
XGBoost,time,0,0,379,0.0,0.1673167198896408
XGBoost,time,0,0,380,0.0,0.10019921511411667
XGBoost,time,0,0,381,1.0,0.15880903601646423
XGBoost,time,0,0,382,0.0,0.1673167198896408
XGBoost,time,0,0,383,1.0,0.1673167198896408
XGBoost,time,0,0,384,0.0,0.1673167198896408
XGBoost,time,0,0,385,0.0,0.1673167198896408
XGBoost,time,0,0,386,0.0,0.1673167198896408
XGBoost,time,0,0,387,1.0,0.1673167198896408
XGBoost,time,0,0,388,0.0,0.1673167198896408
XGBoost,time,0,0,389,1.0,0.10019921511411667
XGBoost,time,0,0,390,0.0,0.380714476108551
XGBoost,time,0,0,391,0.0,0.07812872529029846
XGBoost,time,0,0,392,0.0,0.035478997975587845
XGBoost,time,0,0,393,0.0,0.023332523182034492
XGBoost,time,0,0,394,0.0,0.035478997975587845
XGBoost,time,0,0,395,1.0,0.1673167198896408
XGBoost,time,0,0,396,0.0,0.1673167198896408
XGBoost,time,0,0,397,0.0,0.12998265027999878
XGBoost,time,0,0,398,1.0,0.10019921511411667
XGBoost,time,0,0,399,0.0,0.1673167198896408
XGBoost,time,0,0,400,0.0,0.1673167198896408
XGBoost,time,0,0,401,1.0,0.1673167198896408
XGBoost,time,0,0,402,1.0,0.1673167198896408
XGBoost,time,0,0,403,0.0,0.06224312260746956
XGBoost,time,0,0,404,1.0,0.1673167198896408
XGBoost,time,0,0,405,0.0,0.15818753838539124
XGBoost,time,0,0,406,0.0,0.02723272331058979
XGBoost,time,0,0,407,0.0,0.1673167198896408
XGBoost,time,0,0,408,1.0,0.06224312260746956
XGBoost,time,0,0,409,0.0,0.1673167198896408
XGBoost,time,0,0,410,0.0,0.1673167198896408
XGBoost,time,0,0,411,1.0,0.1673167198896408
XGBoost,time,0,1,329,0.0,0.020869243890047073
XGBoost,time,0,1,330,0.0,0.0317750982940197
XGBoost,time,0,1,331,0.0,0.0317750982940197
XGBoost,time,0,1,332,1.0,0.1966087371110916
XGBoost,time,0,1,333,0.0,0.13900677859783173
XGBoost,time,0,1,334,1.0,0.08240597695112228
XGBoost,time,0,1,335,0.0,0.07054371386766434
XGBoost,time,0,1,336,0.0,0.24832232296466827
XGBoost,time,0,1,337,1.0,0.08620227873325348
XGBoost,time,0,1,338,1.0,0.23909993469715118
XGBoost,time,0,1,339,1.0,0.4348002076148987
XGBoost,time,0,1,340,0.0,0.2027524709701538
XGBoost,time,0,1,341,1.0,0.25499939918518066
XGBoost,time,0,1,342,0.0,0.4348002076148987
XGBoost,time,0,1,343,0.0,0.21734243631362915
XGBoost,time,0,1,344,0.0,0.23909993469715118
XGBoost,time,0,1,345,0.0,0.3050066828727722
XGBoost,time,0,1,346,1.0,0.020869243890047073
XGBoost,time,0,1,347,0.0,0.1860458254814148
XGBoost,time,0,1,348,1.0,0.3308117389678955
XGBoost,time,0,1,349,1.0,0.3884015381336212
XGBoost,time,0,1,350,0.0,0.5113406777381897
XGBoost,time,0,1,351,1.0,0.21375009417533875
XGBoost,time,0,1,352,0.0,0.06471320241689682
XGBoost,time,0,1,353,0.0,0.08301007747650146
XGBoost,time,0,1,354,1.0,0.4134656488895416
XGBoost,time,0,1,355,0.0,0.5113406777381897
XGBoost,time,0,1,356,0.0,0.020869243890047073
XGBoost,time,0,1,357,0.0,0.020869243890047073
XGBoost,time,0,1,358,0.0,0.0317750982940197
XGBoost,time,0,1,359,0.0,0.10554638504981995
XGBoost,time,0,1,360,0.0,0.5113406777381897
XGBoost,time,0,1,361,1.0,0.23162797093391418
XGBoost,time,0,1,362,0.0,0.05158607289195061
XGBoost,time,0,1,363,0.0,0.08301007747650146
XGBoost,time,0,1,364,0.0,0.020869243890047073
XGBoost,time,0,1,365,0.0,0.020869243890047073
XGBoost,time,0,1,366,0.0,0.02436796762049198
XGBoost,time,0,1,367,0.0,0.020869243890047073
XGBoost,time,0,1,368,0.0,0.020869243890047073
XGBoost,time,0,1,369,0.0,0.020869243890047073
XGBoost,time,0,1,370,0.0,0.020869243890047073
XGBoost,time,0,1,371,0.0,0.020869243890047073
XGBoost,time,0,1,372,0.0,0.020869243890047073
XGBoost,time,0,1,373,0.0,0.0317750982940197
XGBoost,time,0,1,374,1.0,0.23909993469715118
XGBoost,time,0,1,375,0.0,0.22712241113185883
XGBoost,time,0,1,376,1.0,0.1575428694486618
XGBoost,time,0,1,377,0.0,0.1980903446674347
XGBoost,time,0,1,378,1.0,0.23909993469715118
XGBoost,time,0,1,379,0.0,0.23909993469715118
XGBoost,time,0,1,380,0.0,0.12233233451843262
XGBoost,time,0,1,381,1.0,0.19653388857841492
XGBoost,time,0,1,382,0.0,0.23909993469715118
XGBoost,time,0,1,383,1.0,0.23909993469715118
XGBoost,time,0,1,384,0.0,0.23909993469715118
XGBoost,time,0,1,385,0.0,0.23909993469715118
XGBoost,time,0,1,386,0.0,0.23909993469715118
XGBoost,time,0,1,387,1.0,0.1980903446674347
XGBoost,time,0,1,388,0.0,0.1980903446674347
XGBoost,time,0,1,389,1.0,0.09875113517045975
XGBoost,time,0,1,390,0.0,0.43044769763946533
XGBoost,time,0,1,391,0.0,0.09590625017881393
XGBoost,time,0,1,392,0.0,0.0317750982940197
XGBoost,time,0,1,393,0.0,0.020869243890047073
XGBoost,time,0,1,394,0.0,0.0317750982940197
XGBoost,time,0,1,395,1.0,0.23909993469715118
XGBoost,time,0,1,396,0.0,0.1980903446674347
XGBoost,time,0,1,397,0.0,0.1575428694486618
XGBoost,time,0,1,398,1.0,0.11238265037536621
XGBoost,time,0,1,399,0.0,0.23909993469715118
XGBoost,time,0,1,400,0.0,0.23909993469715118
XGBoost,time,0,1,401,1.0,0.23909993469715118
XGBoost,time,0,1,402,1.0,0.1980903446674347
XGBoost,time,0,1,403,0.0,0.06888934224843979
XGBoost,time,0,1,404,1.0,0.23909993469715118
XGBoost,time,0,1,405,0.0,0.18766050040721893
XGBoost,time,0,1,406,0.0,0.02218465693295002
XGBoost,time,0,1,407,0.0,0.23909993469715118
XGBoost,time,0,1,408,1.0,0.06297450512647629
XGBoost,time,0,1,409,0.0,0.23909993469715118
XGBoost,time,0,1,410,0.0,0.23909993469715118
XGBoost,time,0,1,411,1.0,0.1980903446674347
XGBoost,time,0,2,329,0.0,0.023332523182034492
XGBoost,time,0,2,330,0.0,0.035478997975587845
XGBoost,time,0,2,331,0.0,0.035478997975587845
XGBoost,time,0,2,332,1.0,0.16354107856750488
XGBoost,time,0,2,333,0.0,0.17983467876911163
XGBoost,time,0,2,334,1.0,0.08465240150690079
XGBoost,time,0,2,335,0.0,0.06374882906675339
XGBoost,time,0,2,336,0.0,0.19516219198703766
XGBoost,time,0,2,337,1.0,0.0700840875506401
XGBoost,time,0,2,338,1.0,0.1673167198896408
XGBoost,time,0,2,339,1.0,0.36504632234573364
XGBoost,time,0,2,340,0.0,0.15818753838539124
XGBoost,time,0,2,341,1.0,0.23138515651226044
XGBoost,time,0,2,342,0.0,0.36504632234573364
XGBoost,time,0,2,343,0.0,0.2059032917022705
XGBoost,time,0,2,344,0.0,0.1673167198896408
XGBoost,time,0,2,345,0.0,0.2541188597679138
XGBoost,time,0,2,346,1.0,0.023332523182034492
XGBoost,time,0,2,347,0.0,0.17016206681728363
XGBoost,time,0,2,348,1.0,0.36612698435783386
XGBoost,time,0,2,349,1.0,0.380714476108551
XGBoost,time,0,2,350,0.0,0.380714476108551
XGBoost,time,0,2,351,1.0,0.18737629055976868
XGBoost,time,0,2,352,0.0,0.05844460800290108
XGBoost,time,0,2,353,0.0,0.06744471192359924
XGBoost,time,0,2,354,1.0,0.36612698435783386
XGBoost,time,0,2,355,0.0,0.380714476108551
XGBoost,time,0,2,356,0.0,0.023332523182034492
XGBoost,time,0,2,357,0.0,0.023332523182034492
XGBoost,time,0,2,358,0.0,0.035478997975587845
XGBoost,time,0,2,359,0.0,0.10834913700819016
XGBoost,time,0,2,360,0.0,0.380714476108551
XGBoost,time,0,2,361,1.0,0.18118028342723846
XGBoost,time,0,2,362,0.0,0.05844460800290108
XGBoost,time,0,2,363,0.0,0.06744471192359924
XGBoost,time,0,2,364,0.0,0.023332523182034492
XGBoost,time,0,2,365,0.0,0.023332523182034492
XGBoost,time,0,2,366,0.0,0.02723272331058979
XGBoost,time,0,2,367,0.0,0.023332523182034492
XGBoost,time,0,2,368,0.0,0.023332523182034492
XGBoost,time,0,2,369,0.0,0.023332523182034492
XGBoost,time,0,2,370,0.0,0.023332523182034492
XGBoost,time,0,2,371,0.0,0.023332523182034492
XGBoost,time,0,2,372,0.0,0.023332523182034492
XGBoost,time,0,2,373,0.0,0.035478997975587845
XGBoost,time,0,2,374,1.0,0.1673167198896408
XGBoost,time,0,2,375,0.0,0.15818753838539124
XGBoost,time,0,2,376,1.0,0.12998265027999878
XGBoost,time,0,2,377,0.0,0.1673167198896408
XGBoost,time,0,2,378,1.0,0.1673167198896408
XGBoost,time,0,2,379,0.0,0.1673167198896408
XGBoost,time,0,2,380,0.0,0.10019921511411667
XGBoost,time,0,2,381,1.0,0.15880903601646423
XGBoost,time,0,2,382,0.0,0.1673167198896408
XGBoost,time,0,2,383,1.0,0.1673167198896408
XGBoost,time,0,2,384,0.0,0.1673167198896408
XGBoost,time,0,2,385,0.0,0.1673167198896408
XGBoost,time,0,2,386,0.0,0.1673167198896408
XGBoost,time,0,2,387,1.0,0.1673167198896408
XGBoost,time,0,2,388,0.0,0.1673167198896408
XGBoost,time,0,2,389,1.0,0.10019921511411667
XGBoost,time,0,2,390,0.0,0.380714476108551
XGBoost,time,0,2,391,0.0,0.07812872529029846
XGBoost,time,0,2,392,0.0,0.035478997975587845
XGBoost,time,0,2,393,0.0,0.023332523182034492
XGBoost,time,0,2,394,0.0,0.035478997975587845
XGBoost,time,0,2,395,1.0,0.1673167198896408
XGBoost,time,0,2,396,0.0,0.1673167198896408
XGBoost,time,0,2,397,0.0,0.12998265027999878
XGBoost,time,0,2,398,1.0,0.10019921511411667
XGBoost,time,0,2,399,0.0,0.1673167198896408
XGBoost,time,0,2,400,0.0,0.1673167198896408
XGBoost,time,0,2,401,1.0,0.1673167198896408
XGBoost,time,0,2,402,1.0,0.1673167198896408
XGBoost,time,0,2,403,0.0,0.06224312260746956
XGBoost,time,0,2,404,1.0,0.1673167198896408
XGBoost,time,0,2,405,0.0,0.15818753838539124
XGBoost,time,0,2,406,0.0,0.02723272331058979
XGBoost,time,0,2,407,0.0,0.1673167198896408
XGBoost,time,0,2,408,1.0,0.06224312260746956
XGBoost,time,0,2,409,0.0,0.1673167198896408
XGBoost,time,0,2,410,0.0,0.1673167198896408
XGBoost,time,0,2,411,1.0,0.1673167198896408
XGBoost,time,0,3,329,0.0,0.020869243890047073
XGBoost,time,0,3,330,0.0,0.0317750982940197
XGBoost,time,0,3,331,0.0,0.0317750982940197
XGBoost,time,0,3,332,1.0,0.1966087371110916
XGBoost,time,0,3,333,0.0,0.13900677859783173
XGBoost,time,0,3,334,1.0,0.08240597695112228
XGBoost,time,0,3,335,0.0,0.07054371386766434
XGBoost,time,0,3,336,0.0,0.24832232296466827
XGBoost,time,0,3,337,1.0,0.08620227873325348
XGBoost,time,0,3,338,1.0,0.23909993469715118
XGBoost,time,0,3,339,1.0,0.4348002076148987
XGBoost,time,0,3,340,0.0,0.2027524709701538
XGBoost,time,0,3,341,1.0,0.25499939918518066
XGBoost,time,0,3,342,0.0,0.4348002076148987
XGBoost,time,0,3,343,0.0,0.21734243631362915
XGBoost,time,0,3,344,0.0,0.23909993469715118
XGBoost,time,0,3,345,0.0,0.3050066828727722
XGBoost,time,0,3,346,1.0,0.020869243890047073
XGBoost,time,0,3,347,0.0,0.1860458254814148
XGBoost,time,0,3,348,1.0,0.3308117389678955
XGBoost,time,0,3,349,1.0,0.3884015381336212
XGBoost,time,0,3,350,0.0,0.5113406777381897
XGBoost,time,0,3,351,1.0,0.21375009417533875
XGBoost,time,0,3,352,0.0,0.06471320241689682
XGBoost,time,0,3,353,0.0,0.08301007747650146
XGBoost,time,0,3,354,1.0,0.4134656488895416
XGBoost,time,0,3,355,0.0,0.5113406777381897
XGBoost,time,0,3,356,0.0,0.020869243890047073
XGBoost,time,0,3,357,0.0,0.020869243890047073
XGBoost,time,0,3,358,0.0,0.0317750982940197
XGBoost,time,0,3,359,0.0,0.10554638504981995
XGBoost,time,0,3,360,0.0,0.5113406777381897
XGBoost,time,0,3,361,1.0,0.23162797093391418
XGBoost,time,0,3,362,0.0,0.05158607289195061
XGBoost,time,0,3,363,0.0,0.08301007747650146
XGBoost,time,0,3,364,0.0,0.020869243890047073
XGBoost,time,0,3,365,0.0,0.020869243890047073
XGBoost,time,0,3,366,0.0,0.02436796762049198
XGBoost,time,0,3,367,0.0,0.020869243890047073
XGBoost,time,0,3,368,0.0,0.020869243890047073
XGBoost,time,0,3,369,0.0,0.020869243890047073
XGBoost,time,0,3,370,0.0,0.020869243890047073
XGBoost,time,0,3,371,0.0,0.020869243890047073
XGBoost,time,0,3,372,0.0,0.020869243890047073
XGBoost,time,0,3,373,0.0,0.0317750982940197
XGBoost,time,0,3,374,1.0,0.23909993469715118
XGBoost,time,0,3,375,0.0,0.22712241113185883
XGBoost,time,0,3,376,1.0,0.1575428694486618
XGBoost,time,0,3,377,0.0,0.1980903446674347
XGBoost,time,0,3,378,1.0,0.23909993469715118
XGBoost,time,0,3,379,0.0,0.23909993469715118
XGBoost,time,0,3,380,0.0,0.12233233451843262
XGBoost,time,0,3,381,1.0,0.19653388857841492
XGBoost,time,0,3,382,0.0,0.23909993469715118
XGBoost,time,0,3,383,1.0,0.23909993469715118
XGBoost,time,0,3,384,0.0,0.23909993469715118
XGBoost,time,0,3,385,0.0,0.23909993469715118
XGBoost,time,0,3,386,0.0,0.23909993469715118
XGBoost,time,0,3,387,1.0,0.1980903446674347
XGBoost,time,0,3,388,0.0,0.1980903446674347
XGBoost,time,0,3,389,1.0,0.09875113517045975
XGBoost,time,0,3,390,0.0,0.43044769763946533
XGBoost,time,0,3,391,0.0,0.09590625017881393
XGBoost,time,0,3,392,0.0,0.0317750982940197
XGBoost,time,0,3,393,0.0,0.020869243890047073
XGBoost,time,0,3,394,0.0,0.0317750982940197
XGBoost,time,0,3,395,1.0,0.23909993469715118
XGBoost,time,0,3,396,0.0,0.1980903446674347
XGBoost,time,0,3,397,0.0,0.1575428694486618
XGBoost,time,0,3,398,1.0,0.11238265037536621
XGBoost,time,0,3,399,0.0,0.23909993469715118
XGBoost,time,0,3,400,0.0,0.23909993469715118
XGBoost,time,0,3,401,1.0,0.23909993469715118
XGBoost,time,0,3,402,1.0,0.1980903446674347
XGBoost,time,0,3,403,0.0,0.06888934224843979
XGBoost,time,0,3,404,1.0,0.23909993469715118
XGBoost,time,0,3,405,0.0,0.18766050040721893
XGBoost,time,0,3,406,0.0,0.02218465693295002
XGBoost,time,0,3,407,0.0,0.23909993469715118
XGBoost,time,0,3,408,1.0,0.06297450512647629
XGBoost,time,0,3,409,0.0,0.23909993469715118
XGBoost,time,0,3,410,0.0,0.23909993469715118
XGBoost,time,0,3,411,1.0,0.1980903446674347
XGBoost,time,1,0,659,0.0,0.09589599817991257
XGBoost,time,1,0,660,0.0,0.24720747768878937
XGBoost,time,1,0,661,0.0,0.18757255375385284
XGBoost,time,1,0,662,0.0,0.12078982591629028
XGBoost,time,1,0,663,0.0,0.12112806737422943
XGBoost,time,1,0,664,0.0,0.1427030712366104
XGBoost,time,1,0,665,0.0,0.07558747380971909
XGBoost,time,1,0,666,0.0,0.06133514270186424
XGBoost,time,1,0,667,0.0,0.07558747380971909
XGBoost,time,1,0,668,0.0,0.2506798505783081
XGBoost,time,1,0,669,0.0,0.053293049335479736
XGBoost,time,1,0,670,0.0,0.11314493417739868
XGBoost,time,1,0,671,0.0,0.09690209478139877
XGBoost,time,1,0,672,0.0,0.4158110022544861
XGBoost,time,1,0,673,0.0,0.2170289009809494
XGBoost,time,1,0,674,0.0,0.0664328932762146
XGBoost,time,1,0,675,0.0,0.04022302106022835
XGBoost,time,1,0,676,0.0,0.07050987333059311
XGBoost,time,1,0,677,0.0,0.03746676817536354
XGBoost,time,1,0,678,0.0,0.2936859130859375
XGBoost,time,1,0,679,0.0,0.14371426403522491
XGBoost,time,1,0,680,0.0,0.275460809469223
XGBoost,time,1,0,681,0.0,0.23531030118465424
XGBoost,time,1,0,682,0.0,0.05061662197113037
XGBoost,time,1,0,683,0.0,0.393045574426651
XGBoost,time,1,0,684,0.0,0.4172916114330292
XGBoost,time,1,0,685,0.0,0.2581177055835724
XGBoost,time,1,0,686,0.0,0.3064076006412506
XGBoost,time,1,0,687,0.0,0.3255714476108551
XGBoost,time,1,0,688,0.0,0.08693917840719223
XGBoost,time,1,0,689,1.0,0.2170289009809494
XGBoost,time,1,0,690,1.0,0.2646563649177551
XGBoost,time,1,0,691,0.0,0.16028881072998047
XGBoost,time,1,0,692,1.0,0.22834601998329163
XGBoost,time,1,0,693,1.0,0.32797983288764954
XGBoost,time,1,0,694,1.0,0.3218744397163391
XGBoost,time,1,0,695,0.0,0.33275577425956726
XGBoost,time,1,0,696,0.0,0.4228283762931824
XGBoost,time,1,0,697,0.0,0.1349460929632187
XGBoost,time,1,0,698,1.0,0.23247632384300232
XGBoost,time,1,0,699,0.0,0.32969343662261963
XGBoost,time,1,0,700,0.0,0.32980582118034363
XGBoost,time,1,0,701,0.0,0.2693084180355072
XGBoost,time,1,0,702,0.0,0.3063393831253052
XGBoost,time,1,0,703,0.0,0.15678857266902924
XGBoost,time,1,0,704,0.0,0.08574645221233368
XGBoost,time,1,0,705,0.0,0.1834833323955536
XGBoost,time,1,0,706,0.0,0.06331728398799896
XGBoost,time,1,0,707,1.0,0.15644505620002747
XGBoost,time,1,0,708,0.0,0.0882032960653305
XGBoost,time,1,0,709,0.0,0.08727230131626129
XGBoost,time,1,0,710,1.0,0.10015306621789932
XGBoost,time,1,0,711,0.0,0.16960687935352325
XGBoost,time,1,0,712,0.0,0.10884197801351547
XGBoost,time,1,0,713,1.0,0.23470202088356018
XGBoost,time,1,0,714,0.0,0.1565399169921875
XGBoost,time,1,0,715,1.0,0.22951847314834595
XGBoost,time,1,0,716,0.0,0.36250972747802734
XGBoost,time,1,0,717,1.0,0.2009001076221466
XGBoost,time,1,0,718,0.0,0.36250972747802734
XGBoost,time,1,0,719,1.0,0.1888265609741211
XGBoost,time,1,0,720,0.0,0.15254032611846924
XGBoost,time,1,0,721,0.0,0.42741450667381287
XGBoost,time,1,0,722,0.0,0.3189748525619507
XGBoost,time,1,0,723,0.0,0.04323563352227211
XGBoost,time,1,0,724,0.0,0.04022302106022835
XGBoost,time,1,0,725,0.0,0.07558747380971909
XGBoost,time,1,0,726,0.0,0.15644505620002747
XGBoost,time,1,0,727,0.0,0.04022302106022835
XGBoost,time,1,0,728,0.0,0.07558747380971909
XGBoost,time,1,0,729,0.0,0.04022302106022835
XGBoost,time,1,0,730,1.0,0.1616964489221573
XGBoost,time,1,0,731,0.0,0.09792269766330719
XGBoost,time,1,0,732,0.0,0.39240169525146484
XGBoost,time,1,0,733,0.0,0.1407374143600464
XGBoost,time,1,0,734,0.0,0.2879604697227478
XGBoost,time,1,0,735,0.0,0.2879604697227478
XGBoost,time,1,0,736,0.0,0.09517311304807663
XGBoost,time,1,0,737,0.0,0.1312400996685028
XGBoost,time,1,0,738,0.0,0.08335628360509872
XGBoost,time,1,0,739,0.0,0.18707232177257538
XGBoost,time,1,0,740,0.0,0.12469470500946045
XGBoost,time,1,0,741,0.0,0.2543008029460907
XGBoost,time,1,0,742,0.0,0.26171866059303284
XGBoost,time,1,0,743,0.0,0.1931164413690567
XGBoost,time,1,0,744,0.0,0.29095128178596497
XGBoost,time,1,0,745,0.0,0.05053015053272247
XGBoost,time,1,0,746,0.0,0.1986657679080963
XGBoost,time,1,0,747,0.0,0.22754019498825073
XGBoost,time,1,0,748,0.0,0.17751045525074005
XGBoost,time,1,0,749,0.0,0.04022302106022835
XGBoost,time,1,0,750,0.0,0.07369820773601532
XGBoost,time,1,0,751,0.0,0.07558747380971909
XGBoost,time,1,0,752,0.0,0.17242489755153656
XGBoost,time,1,0,753,0.0,0.13709598779678345
XGBoost,time,1,0,754,0.0,0.1718507558107376
XGBoost,time,1,0,755,0.0,0.26319655776023865
XGBoost,time,1,0,756,0.0,0.2591555714607239
XGBoost,time,1,0,757,0.0,0.1566586047410965
XGBoost,time,1,0,758,0.0,0.11859869211912155
XGBoost,time,1,0,759,0.0,0.1662651151418686
XGBoost,time,1,0,760,0.0,0.15154124796390533
XGBoost,time,1,0,761,0.0,0.12237709015607834
XGBoost,time,1,0,762,0.0,0.04624670371413231
XGBoost,time,1,0,763,0.0,0.2373317927122116
XGBoost,time,1,0,764,0.0,0.2591555714607239
XGBoost,time,1,0,765,0.0,0.1547326147556305
XGBoost,time,1,0,766,0.0,0.10874403268098831
XGBoost,time,1,0,767,0.0,0.28614068031311035
XGBoost,time,1,0,768,0.0,0.16689443588256836
XGBoost,time,1,0,769,0.0,0.047102268785238266
XGBoost,time,1,0,770,0.0,0.045655202120542526
XGBoost,time,1,0,771,0.0,0.04022302106022835
XGBoost,time,1,0,772,0.0,0.07558747380971909
XGBoost,time,1,0,773,0.0,0.09682096540927887
XGBoost,time,1,0,774,0.0,0.16301864385604858
XGBoost,time,1,0,775,0.0,0.16263148188591003
XGBoost,time,1,0,776,0.0,0.2373317927122116
XGBoost,time,1,0,777,0.0,0.10216039419174194
XGBoost,time,1,0,778,0.0,0.12727783620357513
XGBoost,time,1,0,779,0.0,0.05311008542776108
XGBoost,time,1,0,780,0.0,0.1662651151418686
XGBoost,time,1,0,781,0.0,0.06462574005126953
XGBoost,time,1,0,782,0.0,0.21059684455394745
XGBoost,time,1,0,783,0.0,0.15993741154670715
XGBoost,time,1,0,784,0.0,0.21668387949466705
XGBoost,time,1,0,785,0.0,0.1986657679080963
XGBoost,time,1,0,786,0.0,0.1325172483921051
XGBoost,time,1,0,787,0.0,0.09185609221458435
XGBoost,time,1,0,788,0.0,0.2788008749485016
XGBoost,time,1,0,789,0.0,0.20811615884304047
XGBoost,time,1,0,790,0.0,0.18771500885486603
XGBoost,time,1,0,791,0.0,0.043677207082509995
XGBoost,time,1,0,792,0.0,0.05058061331510544
XGBoost,time,1,0,793,0.0,0.1616964489221573
XGBoost,time,1,0,794,0.0,0.09682096540927887
XGBoost,time,1,0,795,0.0,0.13170303404331207
XGBoost,time,1,0,796,0.0,0.27402010560035706
XGBoost,time,1,0,797,0.0,0.25197887420654297
XGBoost,time,1,0,798,0.0,0.17751045525074005
XGBoost,time,1,0,799,1.0,0.20518170297145844
XGBoost,time,1,0,800,0.0,0.23654639720916748
XGBoost,time,1,0,801,0.0,0.24066630005836487
XGBoost,time,1,0,802,0.0,0.2668035328388214
XGBoost,time,1,0,803,0.0,0.30604028701782227
XGBoost,time,1,0,804,0.0,0.04803349822759628
XGBoost,time,1,0,805,0.0,0.04803349822759628
XGBoost,time,1,0,806,0.0,0.04022302106022835
XGBoost,time,1,0,807,0.0,0.04022302106022835
XGBoost,time,1,0,808,0.0,0.04022302106022835
XGBoost,time,1,0,809,0.0,0.04022302106022835
XGBoost,time,1,0,810,0.0,0.04022302106022835
XGBoost,time,1,0,811,0.0,0.04022302106022835
XGBoost,time,1,0,812,0.0,0.04022302106022835
XGBoost,time,1,0,813,0.0,0.04022302106022835
XGBoost,time,1,0,814,0.0,0.07558747380971909
XGBoost,time,1,0,815,0.0,0.15644505620002747
XGBoost,time,1,0,816,0.0,0.09682096540927887
XGBoost,time,1,0,817,0.0,0.04022302106022835
XGBoost,time,1,0,818,0.0,0.1924894154071808
XGBoost,time,1,0,819,0.0,0.13530953228473663
XGBoost,time,1,0,820,0.0,0.04060664400458336
XGBoost,time,1,0,821,0.0,0.1511230617761612
XGBoost,time,1,0,822,0.0,0.15811723470687866
XGBoost,time,1,0,823,0.0,0.19771930575370789
XGBoost,time,1,1,659,0.0,0.08059365302324295
XGBoost,time,1,1,660,0.0,0.24250639975070953
XGBoost,time,1,1,661,0.0,0.17379425466060638
XGBoost,time,1,1,662,0.0,0.09547682106494904
XGBoost,time,1,1,663,0.0,0.09782259166240692
XGBoost,time,1,1,664,0.0,0.14191898703575134
XGBoost,time,1,1,665,0.0,0.07651688158512115
XGBoost,time,1,1,666,0.0,0.0366954505443573
XGBoost,time,1,1,667,0.0,0.07651688158512115
XGBoost,time,1,1,668,0.0,0.2697940468788147
XGBoost,time,1,1,669,0.0,0.052028838545084
XGBoost,time,1,1,670,0.0,0.12595760822296143
XGBoost,time,1,1,671,0.0,0.08840660005807877
XGBoost,time,1,1,672,0.0,0.4965183436870575
XGBoost,time,1,1,673,0.0,0.17212827503681183
XGBoost,time,1,1,674,0.0,0.03967835009098053
XGBoost,time,1,1,675,0.0,0.03974766656756401
XGBoost,time,1,1,676,0.0,0.052174292504787445
XGBoost,time,1,1,677,0.0,0.026187393814325333
XGBoost,time,1,1,678,0.0,0.32514527440071106
XGBoost,time,1,1,679,0.0,0.13440999388694763
XGBoost,time,1,1,680,0.0,0.26563405990600586
XGBoost,time,1,1,681,0.0,0.26793259382247925
XGBoost,time,1,1,682,0.0,0.034563008695840836
XGBoost,time,1,1,683,0.0,0.43181267380714417
XGBoost,time,1,1,684,0.0,0.4083864986896515
XGBoost,time,1,1,685,0.0,0.24869737029075623
XGBoost,time,1,1,686,0.0,0.29201358556747437
XGBoost,time,1,1,687,0.0,0.31068041920661926
XGBoost,time,1,1,688,0.0,0.06641203910112381
XGBoost,time,1,1,689,1.0,0.1893768161535263
XGBoost,time,1,1,690,1.0,0.25042155385017395
XGBoost,time,1,1,691,0.0,0.13183845579624176
XGBoost,time,1,1,692,1.0,0.29826611280441284
XGBoost,time,1,1,693,1.0,0.31407153606414795
XGBoost,time,1,1,694,1.0,0.37487897276878357
XGBoost,time,1,1,695,0.0,0.36693722009658813
XGBoost,time,1,1,696,0.0,0.41560104489326477
XGBoost,time,1,1,697,0.0,0.1290746033191681
XGBoost,time,1,1,698,1.0,0.20444107055664062
XGBoost,time,1,1,699,0.0,0.34871336817741394
XGBoost,time,1,1,700,0.0,0.3639921545982361
XGBoost,time,1,1,701,0.0,0.2652607560157776
XGBoost,time,1,1,702,0.0,0.3101176619529724
XGBoost,time,1,1,703,0.0,0.11583083122968674
XGBoost,time,1,1,704,0.0,0.07787296921014786
XGBoost,time,1,1,705,0.0,0.19106963276863098
XGBoost,time,1,1,706,0.0,0.044813934713602066
XGBoost,time,1,1,707,1.0,0.15905331075191498
XGBoost,time,1,1,708,0.0,0.09312837570905685
XGBoost,time,1,1,709,0.0,0.09772463142871857
XGBoost,time,1,1,710,1.0,0.1038726195693016
XGBoost,time,1,1,711,0.0,0.17671361565589905
XGBoost,time,1,1,712,0.0,0.14778739213943481
XGBoost,time,1,1,713,1.0,0.26871487498283386
XGBoost,time,1,1,714,0.0,0.1524733155965805
XGBoost,time,1,1,715,1.0,0.25261586904525757
XGBoost,time,1,1,716,0.0,0.3515101373195648
XGBoost,time,1,1,717,1.0,0.23982734978199005
XGBoost,time,1,1,718,0.0,0.3672993779182434
XGBoost,time,1,1,719,1.0,0.1988811045885086
XGBoost,time,1,1,720,0.0,0.13849182426929474
XGBoost,time,1,1,721,0.0,0.44838806986808777
XGBoost,time,1,1,722,0.0,0.32012736797332764
XGBoost,time,1,1,723,0.0,0.033148325979709625
XGBoost,time,1,1,724,0.0,0.03974766656756401
XGBoost,time,1,1,725,0.0,0.07651688158512115
XGBoost,time,1,1,726,0.0,0.15905331075191498
XGBoost,time,1,1,727,0.0,0.03974766656756401
XGBoost,time,1,1,728,0.0,0.07651688158512115
XGBoost,time,1,1,729,0.0,0.03974766656756401
XGBoost,time,1,1,730,1.0,0.1341257244348526
XGBoost,time,1,1,731,0.0,0.11526869237422943
XGBoost,time,1,1,732,0.0,0.4913800358772278
XGBoost,time,1,1,733,0.0,0.1708323359489441
XGBoost,time,1,1,734,0.0,0.269751638174057
XGBoost,time,1,1,735,0.0,0.25915953516960144
XGBoost,time,1,1,736,0.0,0.0815577507019043
XGBoost,time,1,1,737,0.0,0.15172381699085236
XGBoost,time,1,1,738,0.0,0.0662832260131836
XGBoost,time,1,1,739,0.0,0.16580484807491302
XGBoost,time,1,1,740,0.0,0.11253605037927628
XGBoost,time,1,1,741,0.0,0.17422492802143097
XGBoost,time,1,1,742,0.0,0.2863907217979431
XGBoost,time,1,1,743,0.0,0.17130662500858307
XGBoost,time,1,1,744,0.0,0.3283911943435669
XGBoost,time,1,1,745,0.0,0.0532553493976593
XGBoost,time,1,1,746,0.0,0.20649942755699158
XGBoost,time,1,1,747,0.0,0.1983671933412552
XGBoost,time,1,1,748,0.0,0.16356191039085388
XGBoost,time,1,1,749,0.0,0.031566642224788666
XGBoost,time,1,1,750,0.0,0.05520959571003914
XGBoost,time,1,1,751,0.0,0.07651688158512115
XGBoost,time,1,1,752,0.0,0.1299818456172943
XGBoost,time,1,1,753,0.0,0.10097978264093399
XGBoost,time,1,1,754,0.0,0.1433456838130951
XGBoost,time,1,1,755,0.0,0.2754800617694855
XGBoost,time,1,1,756,0.0,0.3086189329624176
XGBoost,time,1,1,757,0.0,0.11107944697141647
XGBoost,time,1,1,758,0.0,0.1531015932559967
XGBoost,time,1,1,759,0.0,0.15572838485240936
XGBoost,time,1,1,760,0.0,0.10909627377986908
XGBoost,time,1,1,761,0.0,0.11058497428894043
XGBoost,time,1,1,762,0.0,0.0514310821890831
XGBoost,time,1,1,763,0.0,0.2961558699607849
XGBoost,time,1,1,764,0.0,0.29712167382240295
XGBoost,time,1,1,765,0.0,0.12147808820009232
XGBoost,time,1,1,766,0.0,0.10505574196577072
XGBoost,time,1,1,767,0.0,0.3121125102043152
XGBoost,time,1,1,768,0.0,0.11335362493991852
XGBoost,time,1,1,769,0.0,0.032903313636779785
XGBoost,time,1,1,770,0.0,0.0446673259139061
XGBoost,time,1,1,771,0.0,0.031566642224788666
XGBoost,time,1,1,772,0.0,0.06125060096383095
XGBoost,time,1,1,773,0.0,0.10414032638072968
XGBoost,time,1,1,774,0.0,0.14967793226242065
XGBoost,time,1,1,775,0.0,0.13716380298137665
XGBoost,time,1,1,776,0.0,0.24887795746326447
XGBoost,time,1,1,777,0.0,0.10427886992692947
XGBoost,time,1,1,778,0.0,0.08550484478473663
XGBoost,time,1,1,779,0.0,0.040942903608083725
XGBoost,time,1,1,780,0.0,0.14870186150074005
XGBoost,time,1,1,781,0.0,0.07074403762817383
XGBoost,time,1,1,782,0.0,0.19732247292995453
XGBoost,time,1,1,783,0.0,0.11986550688743591
XGBoost,time,1,1,784,0.0,0.2535029947757721
XGBoost,time,1,1,785,0.0,0.23313677310943604
XGBoost,time,1,1,786,0.0,0.1023678332567215
XGBoost,time,1,1,787,0.0,0.08032608032226562
XGBoost,time,1,1,788,0.0,0.33352985978126526
XGBoost,time,1,1,789,0.0,0.1615748107433319
XGBoost,time,1,1,790,0.0,0.20352652668952942
XGBoost,time,1,1,791,0.0,0.03277064487338066
XGBoost,time,1,1,792,0.0,0.047696664929389954
XGBoost,time,1,1,793,0.0,0.1643752008676529
XGBoost,time,1,1,794,0.0,0.10414032638072968
XGBoost,time,1,1,795,0.0,0.09000933915376663
XGBoost,time,1,1,796,0.0,0.3126644194126129
XGBoost,time,1,1,797,0.0,0.23165276646614075
XGBoost,time,1,1,798,0.0,0.16356191039085388
XGBoost,time,1,1,799,1.0,0.1895599216222763
XGBoost,time,1,1,800,0.0,0.26467207074165344
XGBoost,time,1,1,801,0.0,0.2925403118133545
XGBoost,time,1,1,802,0.0,0.39118751883506775
XGBoost,time,1,1,803,0.0,0.3707658350467682
XGBoost,time,1,1,804,0.0,0.058154456317424774
XGBoost,time,1,1,805,0.0,0.058154456317424774
XGBoost,time,1,1,806,0.0,0.03974766656756401
XGBoost,time,1,1,807,0.0,0.03974766656756401
XGBoost,time,1,1,808,0.0,0.03974766656756401
XGBoost,time,1,1,809,0.0,0.03974766656756401
XGBoost,time,1,1,810,0.0,0.03974766656756401
XGBoost,time,1,1,811,0.0,0.03974766656756401
XGBoost,time,1,1,812,0.0,0.030184302479028702
XGBoost,time,1,1,813,0.0,0.03974766656756401
XGBoost,time,1,1,814,0.0,0.07651688158512115
XGBoost,time,1,1,815,0.0,0.1433587372303009
XGBoost,time,1,1,816,0.0,0.10414032638072968
XGBoost,time,1,1,817,0.0,0.03974766656756401
XGBoost,time,1,1,818,0.0,0.20644356310367584
XGBoost,time,1,1,819,0.0,0.1896960735321045
XGBoost,time,1,1,820,0.0,0.029453648254275322
XGBoost,time,1,1,821,0.0,0.12654326856136322
XGBoost,time,1,1,822,0.0,0.15393568575382233
XGBoost,time,1,1,823,0.0,0.18975625932216644
XGBoost,time,1,2,659,0.0,0.1110912635922432
XGBoost,time,1,2,660,0.0,0.23006005585193634
XGBoost,time,1,2,661,0.0,0.16572223603725433
XGBoost,time,1,2,662,0.0,0.11612755805253983
XGBoost,time,1,2,663,0.0,0.11950983852148056
XGBoost,time,1,2,664,0.0,0.13131798803806305
XGBoost,time,1,2,665,0.0,0.0728251039981842
XGBoost,time,1,2,666,0.0,0.04928550869226456
XGBoost,time,1,2,667,0.0,0.07441158592700958
XGBoost,time,1,2,668,0.0,0.24230237305164337
XGBoost,time,1,2,669,0.0,0.0511675588786602
XGBoost,time,1,2,670,0.0,0.11473651975393295
XGBoost,time,1,2,671,0.0,0.09261532872915268
XGBoost,time,1,2,672,0.0,0.4435396194458008
XGBoost,time,1,2,673,0.0,0.1693057268857956
XGBoost,time,1,2,674,0.0,0.06388300657272339
XGBoost,time,1,2,675,0.0,0.04519214108586311
XGBoost,time,1,2,676,0.0,0.06300797313451767
XGBoost,time,1,2,677,0.0,0.0326995849609375
XGBoost,time,1,2,678,0.0,0.30381208658218384
XGBoost,time,1,2,679,0.0,0.15335272252559662
XGBoost,time,1,2,680,0.0,0.2799052298069
XGBoost,time,1,2,681,0.0,0.23226121068000793
XGBoost,time,1,2,682,0.0,0.04633233696222305
XGBoost,time,1,2,683,0.0,0.45594093203544617
XGBoost,time,1,2,684,0.0,0.4514627754688263
XGBoost,time,1,2,685,0.0,0.24678659439086914
XGBoost,time,1,2,686,0.0,0.3399510681629181
XGBoost,time,1,2,687,0.0,0.3719852566719055
XGBoost,time,1,2,688,0.0,0.08800281584262848
XGBoost,time,1,2,689,1.0,0.17308923602104187
XGBoost,time,1,2,690,1.0,0.28039848804473877
XGBoost,time,1,2,691,0.0,0.1513165533542633
XGBoost,time,1,2,692,1.0,0.23050813376903534
XGBoost,time,1,2,693,1.0,0.33153873682022095
XGBoost,time,1,2,694,1.0,0.3619130551815033
XGBoost,time,1,2,695,0.0,0.35036322474479675
XGBoost,time,1,2,696,0.0,0.44078701734542847
XGBoost,time,1,2,697,0.0,0.12149514257907867
XGBoost,time,1,2,698,1.0,0.21430659294128418
XGBoost,time,1,2,699,0.0,0.33153873682022095
XGBoost,time,1,2,700,0.0,0.34452104568481445
XGBoost,time,1,2,701,0.0,0.22255423665046692
XGBoost,time,1,2,702,0.0,0.3237498700618744
XGBoost,time,1,2,703,0.0,0.1314551681280136
XGBoost,time,1,2,704,0.0,0.07642935961484909
XGBoost,time,1,2,705,0.0,0.19117723405361176
XGBoost,time,1,2,706,0.0,0.060029204934835434
XGBoost,time,1,2,707,1.0,0.1517791450023651
XGBoost,time,1,2,708,0.0,0.08232643455266953
XGBoost,time,1,2,709,0.0,0.0741119384765625
XGBoost,time,1,2,710,1.0,0.07917120307683945
XGBoost,time,1,2,711,0.0,0.16887246072292328
XGBoost,time,1,2,712,0.0,0.09379007667303085
XGBoost,time,1,2,713,1.0,0.2092137634754181
XGBoost,time,1,2,714,0.0,0.1627749502658844
XGBoost,time,1,2,715,1.0,0.22545047104358673
XGBoost,time,1,2,716,0.0,0.3507354259490967
XGBoost,time,1,2,717,1.0,0.20938237011432648
XGBoost,time,1,2,718,0.0,0.37277090549468994
XGBoost,time,1,2,719,1.0,0.19112235307693481
XGBoost,time,1,2,720,0.0,0.13904070854187012
XGBoost,time,1,2,721,0.0,0.46223992109298706
XGBoost,time,1,2,722,0.0,0.3400515615940094
XGBoost,time,1,2,723,0.0,0.04833633080124855
XGBoost,time,1,2,724,0.0,0.04519214108586311
XGBoost,time,1,2,725,0.0,0.0728251039981842
XGBoost,time,1,2,726,0.0,0.1517791450023651
XGBoost,time,1,2,727,0.0,0.04519214108586311
XGBoost,time,1,2,728,0.0,0.0728251039981842
XGBoost,time,1,2,729,0.0,0.04519214108586311
XGBoost,time,1,2,730,1.0,0.15104345977306366
XGBoost,time,1,2,731,0.0,0.08826901018619537
XGBoost,time,1,2,732,0.0,0.4468578100204468
XGBoost,time,1,2,733,0.0,0.1115499958395958
XGBoost,time,1,2,734,0.0,0.3089105486869812
XGBoost,time,1,2,735,0.0,0.31316494941711426
XGBoost,time,1,2,736,0.0,0.08629973232746124
XGBoost,time,1,2,737,0.0,0.11738523095846176
XGBoost,time,1,2,738,0.0,0.06986675411462784
XGBoost,time,1,2,739,0.0,0.20807580649852753
XGBoost,time,1,2,740,0.0,0.11653219163417816
XGBoost,time,1,2,741,0.0,0.19773441553115845
XGBoost,time,1,2,742,0.0,0.24729295074939728
XGBoost,time,1,2,743,0.0,0.2131003439426422
XGBoost,time,1,2,744,0.0,0.2645362913608551
XGBoost,time,1,2,745,0.0,0.06190972402691841
XGBoost,time,1,2,746,0.0,0.21975228190422058
XGBoost,time,1,2,747,0.0,0.2452293038368225
XGBoost,time,1,2,748,0.0,0.17235633730888367
XGBoost,time,1,2,749,0.0,0.04284437373280525
XGBoost,time,1,2,750,0.0,0.0685252845287323
XGBoost,time,1,2,751,0.0,0.0728251039981842
XGBoost,time,1,2,752,0.0,0.15846839547157288
XGBoost,time,1,2,753,0.0,0.12708233296871185
XGBoost,time,1,2,754,0.0,0.1643913984298706
XGBoost,time,1,2,755,0.0,0.2690279483795166
XGBoost,time,1,2,756,0.0,0.28415781259536743
XGBoost,time,1,2,757,0.0,0.14386151731014252
XGBoost,time,1,2,758,0.0,0.1473253071308136
XGBoost,time,1,2,759,0.0,0.1649019718170166
XGBoost,time,1,2,760,0.0,0.14624075591564178
XGBoost,time,1,2,761,0.0,0.13235239684581757
XGBoost,time,1,2,762,0.0,0.048605479300022125
XGBoost,time,1,2,763,0.0,0.2895379960536957
XGBoost,time,1,2,764,0.0,0.26447615027427673
XGBoost,time,1,2,765,0.0,0.12939953804016113
XGBoost,time,1,2,766,0.0,0.12686480581760406
XGBoost,time,1,2,767,0.0,0.2667043209075928
XGBoost,time,1,2,768,0.0,0.16174735128879547
XGBoost,time,1,2,769,0.0,0.03875015303492546
XGBoost,time,1,2,770,0.0,0.05040507763624191
XGBoost,time,1,2,771,0.0,0.04284437373280525
XGBoost,time,1,2,772,0.0,0.07065817713737488
XGBoost,time,1,2,773,0.0,0.10958795249462128
XGBoost,time,1,2,774,0.0,0.1436784714460373
XGBoost,time,1,2,775,0.0,0.16428504884243011
XGBoost,time,1,2,776,0.0,0.27921029925346375
XGBoost,time,1,2,777,0.0,0.12066534161567688
XGBoost,time,1,2,778,0.0,0.1190648153424263
XGBoost,time,1,2,779,0.0,0.04630902782082558
XGBoost,time,1,2,780,0.0,0.13800397515296936
XGBoost,time,1,2,781,0.0,0.06161072105169296
XGBoost,time,1,2,782,0.0,0.24749092757701874
XGBoost,time,1,2,783,0.0,0.15005502104759216
XGBoost,time,1,2,784,0.0,0.24846883118152618
XGBoost,time,1,2,785,0.0,0.22092264890670776
XGBoost,time,1,2,786,0.0,0.12376696616411209
XGBoost,time,1,2,787,0.0,0.0991864949464798
XGBoost,time,1,2,788,0.0,0.3252753019332886
XGBoost,time,1,2,789,0.0,0.17626133561134338
XGBoost,time,1,2,790,0.0,0.2122071087360382
XGBoost,time,1,2,791,0.0,0.042626041918992996
XGBoost,time,1,2,792,0.0,0.04869796335697174
XGBoost,time,1,2,793,0.0,0.15833944082260132
XGBoost,time,1,2,794,0.0,0.10925566405057907
XGBoost,time,1,2,795,0.0,0.10784213244915009
XGBoost,time,1,2,796,0.0,0.23163536190986633
XGBoost,time,1,2,797,0.0,0.2625562250614166
XGBoost,time,1,2,798,0.0,0.17520685493946075
XGBoost,time,1,2,799,1.0,0.20202086865901947
XGBoost,time,1,2,800,0.0,0.2524840533733368
XGBoost,time,1,2,801,0.0,0.24660536646842957
XGBoost,time,1,2,802,0.0,0.3132953643798828
XGBoost,time,1,2,803,0.0,0.2720038592815399
XGBoost,time,1,2,804,0.0,0.05402468889951706
XGBoost,time,1,2,805,0.0,0.05402468889951706
XGBoost,time,1,2,806,0.0,0.04519214108586311
XGBoost,time,1,2,807,0.0,0.04519214108586311
XGBoost,time,1,2,808,0.0,0.04519214108586311
XGBoost,time,1,2,809,0.0,0.04519214108586311
XGBoost,time,1,2,810,0.0,0.04519214108586311
XGBoost,time,1,2,811,0.0,0.04519214108586311
XGBoost,time,1,2,812,0.0,0.04284437373280525
XGBoost,time,1,2,813,0.0,0.04519214108586311
XGBoost,time,1,2,814,0.0,0.0728251039981842
XGBoost,time,1,2,815,0.0,0.1480657309293747
XGBoost,time,1,2,816,0.0,0.10958795249462128
XGBoost,time,1,2,817,0.0,0.04519214108586311
XGBoost,time,1,2,818,0.0,0.2112862765789032
XGBoost,time,1,2,819,0.0,0.11940741539001465
XGBoost,time,1,2,820,0.0,0.039850879460573196
XGBoost,time,1,2,821,0.0,0.15024545788764954
XGBoost,time,1,2,822,0.0,0.1674889475107193
XGBoost,time,1,2,823,0.0,0.2210167646408081
XGBoost,time,1,3,659,0.0,0.09706343710422516
XGBoost,time,1,3,660,0.0,0.21910615265369415
XGBoost,time,1,3,661,0.0,0.14032749831676483
XGBoost,time,1,3,662,0.0,0.10828475654125214
XGBoost,time,1,3,663,0.0,0.10201796144247055
XGBoost,time,1,3,664,0.0,0.14180581271648407
XGBoost,time,1,3,665,0.0,0.07239077985286713
XGBoost,time,1,3,666,0.0,0.029683753848075867
XGBoost,time,1,3,667,0.0,0.07129697501659393
XGBoost,time,1,3,668,0.0,0.2761281728744507
XGBoost,time,1,3,669,0.0,0.03986436501145363
XGBoost,time,1,3,670,0.0,0.1396804004907608
XGBoost,time,1,3,671,0.0,0.06900784373283386
XGBoost,time,1,3,672,0.0,0.46977153420448303
XGBoost,time,1,3,673,0.0,0.12214934080839157
XGBoost,time,1,3,674,0.0,0.04736526682972908
XGBoost,time,1,3,675,0.0,0.04568493366241455
XGBoost,time,1,3,676,0.0,0.04156015068292618
XGBoost,time,1,3,677,0.0,0.026780452579259872
XGBoost,time,1,3,678,0.0,0.3076985478401184
XGBoost,time,1,3,679,0.0,0.13055169582366943
XGBoost,time,1,3,680,0.0,0.2651232182979584
XGBoost,time,1,3,681,0.0,0.22157104313373566
XGBoost,time,1,3,682,0.0,0.032196804881095886
XGBoost,time,1,3,683,0.0,0.49084120988845825
XGBoost,time,1,3,684,0.0,0.49224355816841125
XGBoost,time,1,3,685,0.0,0.23340371251106262
XGBoost,time,1,3,686,0.0,0.28438952565193176
XGBoost,time,1,3,687,0.0,0.3172612190246582
XGBoost,time,1,3,688,0.0,0.05891930311918259
XGBoost,time,1,3,689,1.0,0.14636030793190002
XGBoost,time,1,3,690,1.0,0.2502601444721222
XGBoost,time,1,3,691,0.0,0.08170533180236816
XGBoost,time,1,3,692,1.0,0.2514714300632477
XGBoost,time,1,3,693,1.0,0.34060582518577576
XGBoost,time,1,3,694,1.0,0.45172813534736633
XGBoost,time,1,3,695,0.0,0.4622301459312439
XGBoost,time,1,3,696,0.0,0.4438740909099579
XGBoost,time,1,3,697,0.0,0.09710690379142761
XGBoost,time,1,3,698,1.0,0.19226394593715668
XGBoost,time,1,3,699,0.0,0.34510767459869385
XGBoost,time,1,3,700,0.0,0.37993040680885315
XGBoost,time,1,3,701,0.0,0.1978657841682434
XGBoost,time,1,3,702,0.0,0.34781014919281006
XGBoost,time,1,3,703,0.0,0.1116744801402092
XGBoost,time,1,3,704,0.0,0.0611392967402935
XGBoost,time,1,3,705,0.0,0.18632863461971283
XGBoost,time,1,3,706,0.0,0.051823507994413376
XGBoost,time,1,3,707,1.0,0.15835104882717133
XGBoost,time,1,3,708,0.0,0.09359224885702133
XGBoost,time,1,3,709,0.0,0.06511178612709045
XGBoost,time,1,3,710,1.0,0.061162885278463364
XGBoost,time,1,3,711,0.0,0.16067811846733093
XGBoost,time,1,3,712,0.0,0.11808140575885773
XGBoost,time,1,3,713,1.0,0.23675818741321564
XGBoost,time,1,3,714,0.0,0.15093635022640228
XGBoost,time,1,3,715,1.0,0.23918330669403076
XGBoost,time,1,3,716,0.0,0.3844679594039917
XGBoost,time,1,3,717,1.0,0.21819649636745453
XGBoost,time,1,3,718,0.0,0.37512072920799255
XGBoost,time,1,3,719,1.0,0.21185189485549927
XGBoost,time,1,3,720,0.0,0.1566108614206314
XGBoost,time,1,3,721,0.0,0.4230697453022003
XGBoost,time,1,3,722,0.0,0.28213441371917725
XGBoost,time,1,3,723,0.0,0.03488977253437042
XGBoost,time,1,3,724,0.0,0.04797548055648804
XGBoost,time,1,3,725,0.0,0.07359599322080612
XGBoost,time,1,3,726,0.0,0.15835104882717133
XGBoost,time,1,3,727,0.0,0.04568493366241455
XGBoost,time,1,3,728,0.0,0.07359599322080612
XGBoost,time,1,3,729,0.0,0.04568493366241455
XGBoost,time,1,3,730,1.0,0.1290675550699234
XGBoost,time,1,3,731,0.0,0.11492789536714554
XGBoost,time,1,3,732,0.0,0.5263100266456604
XGBoost,time,1,3,733,0.0,0.15341494977474213
XGBoost,time,1,3,734,0.0,0.2518331706523895
XGBoost,time,1,3,735,0.0,0.2580932378768921
XGBoost,time,1,3,736,0.0,0.07529032975435257
XGBoost,time,1,3,737,0.0,0.11899646371603012
XGBoost,time,1,3,738,0.0,0.05017184093594551
XGBoost,time,1,3,739,0.0,0.18721316754817963
XGBoost,time,1,3,740,0.0,0.09651335328817368
XGBoost,time,1,3,741,0.0,0.12629039585590363
XGBoost,time,1,3,742,0.0,0.25914615392684937
XGBoost,time,1,3,743,0.0,0.18310153484344482
XGBoost,time,1,3,744,0.0,0.2574332058429718
XGBoost,time,1,3,745,0.0,0.06731685250997543
XGBoost,time,1,3,746,0.0,0.2212204784154892
XGBoost,time,1,3,747,0.0,0.19057722389698029
XGBoost,time,1,3,748,0.0,0.15179520845413208
XGBoost,time,1,3,749,0.0,0.035223864018917084
XGBoost,time,1,3,750,0.0,0.049401067197322845
XGBoost,time,1,3,751,0.0,0.07239077985286713
XGBoost,time,1,3,752,0.0,0.11243750900030136
XGBoost,time,1,3,753,0.0,0.105097696185112
XGBoost,time,1,3,754,0.0,0.13346347212791443
XGBoost,time,1,3,755,0.0,0.28105828166007996
XGBoost,time,1,3,756,0.0,0.33236032724380493
XGBoost,time,1,3,757,0.0,0.12267693877220154
XGBoost,time,1,3,758,0.0,0.177996426820755
XGBoost,time,1,3,759,0.0,0.15667729079723358
XGBoost,time,1,3,760,0.0,0.12077566236257553
XGBoost,time,1,3,761,0.0,0.13137666881084442
XGBoost,time,1,3,762,0.0,0.05389154702425003
XGBoost,time,1,3,763,0.0,0.3468145728111267
XGBoost,time,1,3,764,0.0,0.29814743995666504
XGBoost,time,1,3,765,0.0,0.09462404996156693
XGBoost,time,1,3,766,0.0,0.119162917137146
XGBoost,time,1,3,767,0.0,0.28424084186553955
XGBoost,time,1,3,768,0.0,0.09950222820043564
XGBoost,time,1,3,769,0.0,0.034474924206733704
XGBoost,time,1,3,770,0.0,0.05625450611114502
XGBoost,time,1,3,771,0.0,0.03593384847044945
XGBoost,time,1,3,772,0.0,0.05531109869480133
XGBoost,time,1,3,773,0.0,0.12700945138931274
XGBoost,time,1,3,774,0.0,0.14571405947208405
XGBoost,time,1,3,775,0.0,0.1585179716348648
XGBoost,time,1,3,776,0.0,0.2892630100250244
XGBoost,time,1,3,777,0.0,0.12348977476358414
XGBoost,time,1,3,778,0.0,0.09660913795232773
XGBoost,time,1,3,779,0.0,0.03332177549600601
XGBoost,time,1,3,780,0.0,0.12036167830228806
XGBoost,time,1,3,781,0.0,0.09158168733119965
XGBoost,time,1,3,782,0.0,0.213333398103714
XGBoost,time,1,3,783,0.0,0.10875004529953003
XGBoost,time,1,3,784,0.0,0.3304648995399475
XGBoost,time,1,3,785,0.0,0.2575738728046417
XGBoost,time,1,3,786,0.0,0.10605018585920334
XGBoost,time,1,3,787,0.0,0.08539503067731857
XGBoost,time,1,3,788,0.0,0.3878125846385956
XGBoost,time,1,3,789,0.0,0.1585688292980194
XGBoost,time,1,3,790,0.0,0.27078506350517273
XGBoost,time,1,3,791,0.0,0.040803659707307816
XGBoost,time,1,3,792,0.0,0.05440014228224754
XGBoost,time,1,3,793,0.0,0.1573673039674759
XGBoost,time,1,3,794,0.0,0.11643160134553909
XGBoost,time,1,3,795,0.0,0.08190115541219711
XGBoost,time,1,3,796,0.0,0.24857580661773682
XGBoost,time,1,3,797,0.0,0.2550412714481354
XGBoost,time,1,3,798,0.0,0.15436910092830658
XGBoost,time,1,3,799,1.0,0.17946913838386536
XGBoost,time,1,3,800,0.0,0.29448026418685913
XGBoost,time,1,3,801,0.0,0.2572365701198578
XGBoost,time,1,3,802,0.0,0.40602514147758484
XGBoost,time,1,3,803,0.0,0.28280818462371826
XGBoost,time,1,3,804,0.0,0.06312920153141022
XGBoost,time,1,3,805,0.0,0.06312920153141022
XGBoost,time,1,3,806,0.0,0.04568493366241455
XGBoost,time,1,3,807,0.0,0.04568493366241455
XGBoost,time,1,3,808,0.0,0.04568493366241455
XGBoost,time,1,3,809,0.0,0.04568493366241455
XGBoost,time,1,3,810,0.0,0.04568493366241455
XGBoost,time,1,3,811,0.0,0.04568493366241455
XGBoost,time,1,3,812,0.0,0.033696334809064865
XGBoost,time,1,3,813,0.0,0.04568493366241455
XGBoost,time,1,3,814,0.0,0.0697718933224678
XGBoost,time,1,3,815,0.0,0.14163216948509216
XGBoost,time,1,3,816,0.0,0.11275321245193481
XGBoost,time,1,3,817,0.0,0.04568493366241455
XGBoost,time,1,3,818,0.0,0.23346082866191864
XGBoost,time,1,3,819,0.0,0.14273576438426971
XGBoost,time,1,3,820,0.0,0.02813037298619747
XGBoost,time,1,3,821,0.0,0.1288425624370575
XGBoost,time,1,3,822,0.0,0.15717056393623352
XGBoost,time,1,3,823,0.0,0.2213735729455948
XGBoost,time,2,0,988,0.0,0.027349311858415604
XGBoost,time,2,0,989,0.0,0.027464570477604866
XGBoost,time,2,0,990,0.0,0.027464570477604866
XGBoost,time,2,0,991,0.0,0.027464570477604866
XGBoost,time,2,0,992,0.0,0.027349311858415604
XGBoost,time,2,0,993,0.0,0.027349311858415604
XGBoost,time,2,0,994,0.0,0.027349311858415604
XGBoost,time,2,0,995,0.0,0.02684793807566166
XGBoost,time,2,0,996,0.0,0.027349311858415604
XGBoost,time,2,0,997,0.0,0.027464570477604866
XGBoost,time,2,0,998,0.0,0.031105518341064453
XGBoost,time,2,0,999,0.0,0.027349311858415604
XGBoost,time,2,0,1000,0.0,0.02684793807566166
XGBoost,time,2,0,1001,0.0,0.02684793807566166
XGBoost,time,2,0,1002,0.0,0.027464570477604866
XGBoost,time,2,0,1003,0.0,0.027464570477604866
XGBoost,time,2,0,1004,0.0,0.027464570477604866
XGBoost,time,2,0,1005,0.0,0.02684793807566166
XGBoost,time,2,0,1006,0.0,0.02684793807566166
XGBoost,time,2,0,1007,0.0,0.02684793807566166
XGBoost,time,2,0,1008,0.0,0.027464570477604866
XGBoost,time,2,0,1009,0.0,0.02684793807566166
XGBoost,time,2,0,1010,0.0,0.02684793807566166
XGBoost,time,2,0,1011,0.0,0.027464570477604866
XGBoost,time,2,0,1012,0.0,0.031105518341064453
XGBoost,time,2,0,1013,0.0,0.02684793807566166
XGBoost,time,2,0,1014,0.0,0.027349311858415604
XGBoost,time,2,0,1015,0.0,0.027349311858415604
XGBoost,time,2,0,1016,0.0,0.027349311858415604
XGBoost,time,2,0,1017,0.0,0.02684793807566166
XGBoost,time,2,0,1018,0.0,0.02684793807566166
XGBoost,time,2,0,1019,0.0,0.02684793807566166
XGBoost,time,2,0,1020,0.0,0.027349311858415604
XGBoost,time,2,0,1021,0.0,0.027464570477604866
XGBoost,time,2,0,1022,0.0,0.02684793807566166
XGBoost,time,2,0,1023,0.0,0.027349311858415604
XGBoost,time,2,0,1024,0.0,0.02684793807566166
XGBoost,time,2,0,1025,0.0,0.027464570477604866
XGBoost,time,2,0,1026,0.0,0.031105518341064453
XGBoost,time,2,0,1027,0.0,0.027349311858415604
XGBoost,time,2,0,1028,0.0,0.027349311858415604
XGBoost,time,2,0,1029,0.0,0.02684793807566166
XGBoost,time,2,0,1030,0.0,0.02684793807566166
XGBoost,time,2,0,1031,0.0,0.02684793807566166
XGBoost,time,2,0,1032,0.0,0.027349311858415604
XGBoost,time,2,0,1033,0.0,0.031816739588975906
XGBoost,time,2,0,1034,0.0,0.02684793807566166
XGBoost,time,2,0,1035,0.0,0.02684793807566166
XGBoost,time,2,0,1036,0.0,0.02684793807566166
XGBoost,time,2,0,1037,0.0,0.027464570477604866
XGBoost,time,2,0,1038,0.0,0.02684793807566166
XGBoost,time,2,0,1039,0.0,0.02684793807566166
XGBoost,time,2,0,1040,0.0,0.027464570477604866
XGBoost,time,2,0,1041,0.0,0.02684793807566166
XGBoost,time,2,0,1042,0.0,0.031105518341064453
XGBoost,time,2,0,1043,0.0,0.027464570477604866
XGBoost,time,2,0,1044,0.0,0.02684793807566166
XGBoost,time,2,0,1045,0.0,0.02684793807566166
XGBoost,time,2,0,1046,0.0,0.027464570477604866
XGBoost,time,2,0,1047,0.0,0.02684793807566166
XGBoost,time,2,0,1048,0.0,0.02684793807566166
XGBoost,time,2,0,1049,0.0,0.02684793807566166
XGBoost,time,2,0,1050,0.0,0.02684793807566166
XGBoost,time,2,0,1051,0.0,0.02684793807566166
XGBoost,time,2,0,1052,0.0,0.02684793807566166
XGBoost,time,2,0,1053,0.0,0.02684793807566166
XGBoost,time,2,0,1054,0.0,0.02684793807566166
XGBoost,time,2,0,1055,0.0,0.027349311858415604
XGBoost,time,2,0,1056,0.0,0.027464570477604866
XGBoost,time,2,0,1057,0.0,0.027349311858415604
XGBoost,time,2,0,1058,0.0,0.02684793807566166
XGBoost,time,2,0,1059,0.0,0.027349311858415604
XGBoost,time,2,0,1060,0.0,0.027349311858415604
XGBoost,time,2,0,1061,0.0,0.02684793807566166
XGBoost,time,2,0,1062,0.0,0.02684793807566166
XGBoost,time,2,0,1063,0.0,0.02684793807566166
XGBoost,time,2,0,1064,0.0,0.02684793807566166
XGBoost,time,2,0,1065,0.0,0.031105518341064453
XGBoost,time,2,0,1066,0.0,0.02684793807566166
XGBoost,time,2,0,1067,0.0,0.02684793807566166
XGBoost,time,2,0,1068,0.0,0.027349311858415604
XGBoost,time,2,0,1069,0.0,0.02684793807566166
XGBoost,time,2,0,1070,0.0,0.027464570477604866
XGBoost,time,2,0,1071,0.0,0.02684793807566166
XGBoost,time,2,0,1072,0.0,0.027349311858415604
XGBoost,time,2,0,1073,0.0,0.027464570477604866
XGBoost,time,2,0,1074,0.0,0.027464570477604866
XGBoost,time,2,0,1075,0.0,0.02684793807566166
XGBoost,time,2,0,1076,0.0,0.02684793807566166
XGBoost,time,2,0,1077,0.0,0.027349311858415604
XGBoost,time,2,0,1078,0.0,0.02684793807566166
XGBoost,time,2,0,1079,0.0,0.031816739588975906
XGBoost,time,2,0,1080,0.0,0.031105518341064453
XGBoost,time,2,0,1081,0.0,0.031105518341064453
XGBoost,time,2,0,1082,0.0,0.031816739588975906
XGBoost,time,2,0,1083,0.0,0.031105518341064453
XGBoost,time,2,0,1084,0.0,0.031105518341064453
XGBoost,time,2,0,1085,0.0,0.031105518341064453
XGBoost,time,2,0,1086,0.0,0.031105518341064453
XGBoost,time,2,0,1087,0.0,0.031105518341064453
XGBoost,time,2,0,1088,0.0,0.031105518341064453
XGBoost,time,2,0,1089,0.0,0.031105518341064453
XGBoost,time,2,0,1090,0.0,0.031105518341064453
XGBoost,time,2,0,1091,0.0,0.02684793807566166
XGBoost,time,2,0,1092,0.0,0.02684793807566166
XGBoost,time,2,0,1093,0.0,0.027464570477604866
XGBoost,time,2,0,1094,0.0,0.027464570477604866
XGBoost,time,2,0,1095,0.0,0.05435219407081604
XGBoost,time,2,0,1096,0.0,0.027464570477604866
XGBoost,time,2,0,1097,0.0,0.027464570477604866
XGBoost,time,2,0,1098,0.0,0.027464570477604866
XGBoost,time,2,0,1099,0.0,0.03204425796866417
XGBoost,time,2,0,1100,0.0,0.03204425796866417
XGBoost,time,2,0,1101,0.0,0.03132811188697815
XGBoost,time,2,0,1102,0.0,0.02684793807566166
XGBoost,time,2,0,1103,0.0,0.03145959600806236
XGBoost,time,2,0,1104,1.0,0.07815738767385483
XGBoost,time,2,0,1105,0.0,0.15856894850730896
XGBoost,time,2,0,1106,0.0,0.02965911664068699
XGBoost,time,2,0,1107,0.0,0.028897438198328018
XGBoost,time,2,0,1108,0.0,0.03561076894402504
XGBoost,time,2,0,1109,0.0,0.06425144523382187
XGBoost,time,2,0,1110,0.0,0.03132811188697815
XGBoost,time,2,0,1111,0.0,0.09087836742401123
XGBoost,time,2,0,1112,0.0,0.04631616175174713
XGBoost,time,2,0,1113,0.0,0.04539043456315994
XGBoost,time,2,0,1114,0.0,0.04539043456315994
XGBoost,time,2,0,1115,0.0,0.051493264734745026
XGBoost,time,2,0,1116,0.0,0.05253659933805466
XGBoost,time,2,0,1117,0.0,0.03395313769578934
XGBoost,time,2,0,1118,0.0,0.05253659933805466
XGBoost,time,2,0,1119,0.0,0.03395313769578934
XGBoost,time,2,0,1120,0.0,0.031105518341064453
XGBoost,time,2,0,1121,0.0,0.05689116567373276
XGBoost,time,2,0,1122,0.0,0.031105518341064453
XGBoost,time,2,0,1123,0.0,0.027464570477604866
XGBoost,time,2,0,1124,0.0,0.027464570477604866
XGBoost,time,2,0,1125,0.0,0.02123195305466652
XGBoost,time,2,0,1126,0.0,0.030692316591739655
XGBoost,time,2,0,1127,0.0,0.03132811188697815
XGBoost,time,2,0,1128,0.0,0.03132811188697815
XGBoost,time,2,0,1129,0.0,0.03132811188697815
XGBoost,time,2,0,1130,0.0,0.027977129444479942
XGBoost,time,2,0,1131,0.0,0.027464570477604866
XGBoost,time,2,0,1132,0.0,0.027464570477604866
XGBoost,time,2,0,1133,0.0,0.03132811188697815
XGBoost,time,2,0,1134,0.0,0.029644669964909554
XGBoost,time,2,0,1135,0.0,0.029644669964909554
XGBoost,time,2,0,1136,0.0,0.030323537066578865
XGBoost,time,2,0,1137,0.0,0.02684793807566166
XGBoost,time,2,0,1138,0.0,0.027464570477604866
XGBoost,time,2,0,1139,0.0,0.029644669964909554
XGBoost,time,2,0,1140,0.0,0.16351266205310822
XGBoost,time,2,0,1141,0.0,0.030323537066578865
XGBoost,time,2,0,1142,0.0,0.054404690861701965
XGBoost,time,2,0,1143,0.0,0.030323537066578865
XGBoost,time,2,0,1144,0.0,0.029497181996703148
XGBoost,time,2,0,1145,0.0,0.02790929190814495
XGBoost,time,2,0,1146,0.0,0.027977129444479942
XGBoost,time,2,0,1147,0.0,0.030692316591739655
XGBoost,time,2,0,1148,0.0,0.03132811188697815
XGBoost,time,2,0,1149,0.0,0.029644669964909554
XGBoost,time,2,0,1150,0.0,0.03132811188697815
XGBoost,time,2,0,1151,0.0,0.03204425796866417
XGBoost,time,2,0,1152,0.0,0.03132811188697815
XGBoost,time,2,0,1153,0.0,0.14622806012630463
XGBoost,time,2,0,1154,0.0,0.028897438198328018
XGBoost,time,2,0,1155,0.0,0.030692316591739655
XGBoost,time,2,0,1156,0.0,0.06425144523382187
XGBoost,time,2,0,1157,0.0,0.13598565757274628
XGBoost,time,2,0,1158,0.0,0.07455113530158997
XGBoost,time,2,0,1159,0.0,0.03132811188697815
XGBoost,time,2,0,1160,0.0,0.031105518341064453
XGBoost,time,2,0,1161,0.0,0.031105518341064453
XGBoost,time,2,0,1162,0.0,0.031105518341064453
XGBoost,time,2,0,1163,0.0,0.027977129444479942
XGBoost,time,2,0,1164,0.0,0.027349311858415604
XGBoost,time,2,0,1165,0.0,0.027349311858415604
XGBoost,time,2,0,1166,0.0,0.1147104874253273
XGBoost,time,2,0,1167,0.0,0.031105518341064453
XGBoost,time,2,0,1168,0.0,0.027977129444479942
XGBoost,time,2,0,1169,0.0,0.027349311858415604
XGBoost,time,2,0,1170,0.0,0.027977129444479942
XGBoost,time,2,0,1171,0.0,0.02684793807566166
XGBoost,time,2,0,1172,0.0,0.027349311858415604
XGBoost,time,2,0,1173,0.0,0.027349311858415604
XGBoost,time,2,0,1174,0.0,0.027349311858415604
XGBoost,time,2,0,1175,0.0,0.027977129444479942
XGBoost,time,2,0,1176,0.0,0.027349311858415604
XGBoost,time,2,0,1177,0.0,0.027977129444479942
XGBoost,time,2,0,1178,0.0,0.031105518341064453
XGBoost,time,2,0,1179,0.0,0.027349311858415604
XGBoost,time,2,0,1180,0.0,0.027349311858415604
XGBoost,time,2,0,1181,0.0,0.027349311858415604
XGBoost,time,2,0,1182,0.0,0.03132811188697815
XGBoost,time,2,0,1183,0.0,0.06425144523382187
XGBoost,time,2,0,1184,0.0,0.04478735849261284
XGBoost,time,2,0,1185,0.0,0.029497181996703148
XGBoost,time,2,0,1186,1.0,0.027349311858415604
XGBoost,time,2,0,1187,0.0,0.23293928802013397
XGBoost,time,2,0,1188,0.0,0.02790929190814495
XGBoost,time,2,0,1189,0.0,0.02684793807566166
XGBoost,time,2,0,1190,0.0,0.029497181996703148
XGBoost,time,2,0,1191,0.0,0.029497181996703148
XGBoost,time,2,0,1192,0.0,0.04364874213933945
XGBoost,time,2,0,1193,0.0,0.04364874213933945
XGBoost,time,2,0,1194,0.0,0.17980235815048218
XGBoost,time,2,0,1195,0.0,0.10222312808036804
XGBoost,time,2,0,1196,0.0,0.04631616175174713
XGBoost,time,2,0,1197,0.0,0.04631616175174713
XGBoost,time,2,0,1198,0.0,0.0427868627011776
XGBoost,time,2,0,1199,0.0,0.051493264734745026
XGBoost,time,2,0,1200,1.0,0.04277394711971283
XGBoost,time,2,0,1201,0.0,0.17813710868358612
XGBoost,time,2,0,1202,0.0,0.0461922287940979
XGBoost,time,2,0,1203,0.0,0.07198439538478851
XGBoost,time,2,0,1204,0.0,0.04364874213933945
XGBoost,time,2,0,1205,0.0,0.04631616175174713
XGBoost,time,2,0,1206,0.0,0.09026549011468887
XGBoost,time,2,0,1207,0.0,0.09805794060230255
XGBoost,time,2,0,1208,0.0,0.04631616175174713
XGBoost,time,2,0,1209,0.0,0.0461922287940979
XGBoost,time,2,0,1210,0.0,0.0461922287940979
XGBoost,time,2,0,1211,0.0,0.10568137466907501
XGBoost,time,2,0,1212,0.0,0.04631616175174713
XGBoost,time,2,0,1213,0.0,0.0427868627011776
XGBoost,time,2,0,1214,0.0,0.0461922287940979
XGBoost,time,2,0,1215,0.0,0.0461922287940979
XGBoost,time,2,0,1216,0.0,0.04364874213933945
XGBoost,time,2,0,1217,0.0,0.04364874213933945
XGBoost,time,2,0,1218,0.0,0.0427868627011776
XGBoost,time,2,0,1219,0.0,0.0427868627011776
XGBoost,time,2,0,1220,0.0,0.04631616175174713
XGBoost,time,2,0,1221,0.0,0.04631616175174713
XGBoost,time,2,0,1222,0.0,0.04364874213933945
XGBoost,time,2,0,1223,0.0,0.05253659933805466
XGBoost,time,2,0,1224,0.0,0.07198439538478851
XGBoost,time,2,0,1225,0.0,0.04631616175174713
XGBoost,time,2,0,1226,0.0,0.04631616175174713
XGBoost,time,2,0,1227,0.0,0.25350281596183777
XGBoost,time,2,0,1228,0.0,0.05253659933805466
XGBoost,time,2,0,1229,0.0,0.0427868627011776
XGBoost,time,2,0,1230,0.0,0.0461922287940979
XGBoost,time,2,0,1231,0.0,0.0893937423825264
XGBoost,time,2,0,1232,0.0,0.02965911664068699
XGBoost,time,2,0,1233,0.0,0.029497181996703148
XGBoost,time,2,0,1234,0.0,0.029644669964909554
XGBoost,time,2,0,1235,0.0,0.03561076894402504
XGBoost,time,2,1,988,0.0,0.018528316169977188
XGBoost,time,2,1,989,0.0,0.020481109619140625
XGBoost,time,2,1,990,0.0,0.01895824447274208
XGBoost,time,2,1,991,0.0,0.020481109619140625
XGBoost,time,2,1,992,0.0,0.018929921090602875
XGBoost,time,2,1,993,0.0,0.018247373402118683
XGBoost,time,2,1,994,0.0,0.018247373402118683
XGBoost,time,2,1,995,0.0,0.01669556461274624
XGBoost,time,2,1,996,0.0,0.0198663342744112
XGBoost,time,2,1,997,0.0,0.020481109619140625
XGBoost,time,2,1,998,0.0,0.027700595557689667
XGBoost,time,2,1,999,0.0,0.01898074522614479
XGBoost,time,2,1,1000,0.0,0.015213726088404655
XGBoost,time,2,1,1001,0.0,0.015213726088404655
XGBoost,time,2,1,1002,0.0,0.020481109619140625
XGBoost,time,2,1,1003,0.0,0.020481109619140625
XGBoost,time,2,1,1004,0.0,0.020481109619140625
XGBoost,time,2,1,1005,0.0,0.0181793961673975
XGBoost,time,2,1,1006,0.0,0.017104018479585648
XGBoost,time,2,1,1007,0.0,0.017104018479585648
XGBoost,time,2,1,1008,0.0,0.020481109619140625
XGBoost,time,2,1,1009,0.0,0.017104018479585648
XGBoost,time,2,1,1010,0.0,0.01669556461274624
XGBoost,time,2,1,1011,0.0,0.020481109619140625
XGBoost,time,2,1,1012,0.0,0.02837052009999752
XGBoost,time,2,1,1013,0.0,0.0181793961673975
XGBoost,time,2,1,1014,0.0,0.018528316169977188
XGBoost,time,2,1,1015,0.0,0.018247373402118683
XGBoost,time,2,1,1016,0.0,0.018693072721362114
XGBoost,time,2,1,1017,0.0,0.017104018479585648
XGBoost,time,2,1,1018,0.0,0.015213726088404655
XGBoost,time,2,1,1019,0.0,0.017104018479585648
XGBoost,time,2,1,1020,0.0,0.018693072721362114
XGBoost,time,2,1,1021,0.0,0.020481109619140625
XGBoost,time,2,1,1022,0.0,0.015213726088404655
XGBoost,time,2,1,1023,0.0,0.018247373402118683
XGBoost,time,2,1,1024,0.0,0.0181793961673975
XGBoost,time,2,1,1025,0.0,0.020481109619140625
XGBoost,time,2,1,1026,0.0,0.02663303166627884
XGBoost,time,2,1,1027,0.0,0.016886580735445023
XGBoost,time,2,1,1028,0.0,0.018247373402118683
XGBoost,time,2,1,1029,0.0,0.01669556461274624
XGBoost,time,2,1,1030,0.0,0.015213726088404655
XGBoost,time,2,1,1031,0.0,0.017104018479585648
XGBoost,time,2,1,1032,0.0,0.01859894022345543
XGBoost,time,2,1,1033,0.0,0.030568968504667282
XGBoost,time,2,1,1034,0.0,0.01669556461274624
XGBoost,time,2,1,1035,0.0,0.01669556461274624
XGBoost,time,2,1,1036,0.0,0.0181793961673975
XGBoost,time,2,1,1037,0.0,0.020481109619140625
XGBoost,time,2,1,1038,0.0,0.01669556461274624
XGBoost,time,2,1,1039,0.0,0.0181793961673975
XGBoost,time,2,1,1040,0.0,0.01895824447274208
XGBoost,time,2,1,1041,0.0,0.0181793961673975
XGBoost,time,2,1,1042,0.0,0.02837052009999752
XGBoost,time,2,1,1043,0.0,0.01895824447274208
XGBoost,time,2,1,1044,0.0,0.017321087419986725
XGBoost,time,2,1,1045,0.0,0.01669556461274624
XGBoost,time,2,1,1046,0.0,0.020481109619140625
XGBoost,time,2,1,1047,0.0,0.017104018479585648
XGBoost,time,2,1,1048,0.0,0.017104018479585648
XGBoost,time,2,1,1049,0.0,0.017104018479585648
XGBoost,time,2,1,1050,0.0,0.015213726088404655
XGBoost,time,2,1,1051,0.0,0.01669556461274624
XGBoost,time,2,1,1052,0.0,0.017104018479585648
XGBoost,time,2,1,1053,0.0,0.01669556461274624
XGBoost,time,2,1,1054,0.0,0.015213726088404655
XGBoost,time,2,1,1055,0.0,0.018693072721362114
XGBoost,time,2,1,1056,0.0,0.020481109619140625
XGBoost,time,2,1,1057,0.0,0.018247373402118683
XGBoost,time,2,1,1058,0.0,0.01669556461274624
XGBoost,time,2,1,1059,0.0,0.018247373402118683
XGBoost,time,2,1,1060,0.0,0.018247373402118683
XGBoost,time,2,1,1061,0.0,0.0181793961673975
XGBoost,time,2,1,1062,0.0,0.01669556461274624
XGBoost,time,2,1,1063,0.0,0.01669556461274624
XGBoost,time,2,1,1064,0.0,0.0181793961673975
XGBoost,time,2,1,1065,0.0,0.02837052009999752
XGBoost,time,2,1,1066,0.0,0.017017751932144165
XGBoost,time,2,1,1067,0.0,0.0181793961673975
XGBoost,time,2,1,1068,0.0,0.018693072721362114
XGBoost,time,2,1,1069,0.0,0.01669556461274624
XGBoost,time,2,1,1070,0.0,0.01895824447274208
XGBoost,time,2,1,1071,0.0,0.0181793961673975
XGBoost,time,2,1,1072,0.0,0.018247373402118683
XGBoost,time,2,1,1073,0.0,0.020481109619140625
XGBoost,time,2,1,1074,0.0,0.020481109619140625
XGBoost,time,2,1,1075,0.0,0.01669556461274624
XGBoost,time,2,1,1076,0.0,0.017104018479585648
XGBoost,time,2,1,1077,0.0,0.01898074522614479
XGBoost,time,2,1,1078,0.0,0.015213726088404655
XGBoost,time,2,1,1079,0.0,0.033426471054553986
XGBoost,time,2,1,1080,0.0,0.035910554230213165
XGBoost,time,2,1,1081,0.0,0.026289157569408417
XGBoost,time,2,1,1082,0.0,0.0314420647919178
XGBoost,time,2,1,1083,0.0,0.03268279507756233
XGBoost,time,2,1,1084,0.0,0.03268279507756233
XGBoost,time,2,1,1085,0.0,0.035376258194446564
XGBoost,time,2,1,1086,0.0,0.035376258194446564
XGBoost,time,2,1,1087,0.0,0.035376258194446564
XGBoost,time,2,1,1088,0.0,0.035376258194446564
XGBoost,time,2,1,1089,0.0,0.028842784464359283
XGBoost,time,2,1,1090,0.0,0.03170373663306236
XGBoost,time,2,1,1091,0.0,0.016492057591676712
XGBoost,time,2,1,1092,0.0,0.02509610541164875
XGBoost,time,2,1,1093,0.0,0.029631806537508965
XGBoost,time,2,1,1094,0.0,0.029631806537508965
XGBoost,time,2,1,1095,0.0,0.03999811410903931
XGBoost,time,2,1,1096,0.0,0.021041274070739746
XGBoost,time,2,1,1097,0.0,0.027363305911421776
XGBoost,time,2,1,1098,0.0,0.027363305911421776
XGBoost,time,2,1,1099,0.0,0.03573208674788475
XGBoost,time,2,1,1100,0.0,0.03573208674788475
XGBoost,time,2,1,1101,0.0,0.025237703695893288
XGBoost,time,2,1,1102,0.0,0.020362721756100655
XGBoost,time,2,1,1103,0.0,0.03274292126297951
XGBoost,time,2,1,1104,1.0,0.07171564549207687
XGBoost,time,2,1,1105,0.0,0.17897208034992218
XGBoost,time,2,1,1106,0.0,0.03239770606160164
XGBoost,time,2,1,1107,0.0,0.024832287803292274
XGBoost,time,2,1,1108,0.0,0.04179461672902107
XGBoost,time,2,1,1109,0.0,0.06890690326690674
XGBoost,time,2,1,1110,0.0,0.028090322390198708
XGBoost,time,2,1,1111,0.0,0.07274185866117477
XGBoost,time,2,1,1112,0.0,0.046688612550497055
XGBoost,time,2,1,1113,0.0,0.04272432252764702
XGBoost,time,2,1,1114,0.0,0.03600152209401131
XGBoost,time,2,1,1115,0.0,0.06310448795557022
XGBoost,time,2,1,1116,0.0,0.07041628658771515
XGBoost,time,2,1,1117,0.0,0.026121055707335472
XGBoost,time,2,1,1118,0.0,0.07041628658771515
XGBoost,time,2,1,1119,0.0,0.02651994675397873
XGBoost,time,2,1,1120,0.0,0.04261421412229538
XGBoost,time,2,1,1121,0.0,0.05763385817408562
XGBoost,time,2,1,1122,0.0,0.037801459431648254
XGBoost,time,2,1,1123,0.0,0.025341957807540894
XGBoost,time,2,1,1124,0.0,0.027363305911421776
XGBoost,time,2,1,1125,0.0,0.013474758714437485
XGBoost,time,2,1,1126,0.0,0.02566268853843212
XGBoost,time,2,1,1127,0.0,0.02833765186369419
XGBoost,time,2,1,1128,0.0,0.03041720949113369
XGBoost,time,2,1,1129,0.0,0.03307953476905823
XGBoost,time,2,1,1130,0.0,0.02996833622455597
XGBoost,time,2,1,1131,0.0,0.029631806537508965
XGBoost,time,2,1,1132,0.0,0.029631806537508965
XGBoost,time,2,1,1133,0.0,0.029682312160730362
XGBoost,time,2,1,1134,0.0,0.026329658925533295
XGBoost,time,2,1,1135,0.0,0.024196986109018326
XGBoost,time,2,1,1136,0.0,0.032819487154483795
XGBoost,time,2,1,1137,0.0,0.0246600192040205
XGBoost,time,2,1,1138,0.0,0.029631806537508965
XGBoost,time,2,1,1139,0.0,0.024196986109018326
XGBoost,time,2,1,1140,0.0,0.21829429268836975
XGBoost,time,2,1,1141,0.0,0.03541559353470802
XGBoost,time,2,1,1142,0.0,0.05165957286953926
XGBoost,time,2,1,1143,0.0,0.03541559353470802
XGBoost,time,2,1,1144,0.0,0.037995580583810806
XGBoost,time,2,1,1145,0.0,0.028368806466460228
XGBoost,time,2,1,1146,0.0,0.032331813126802444
XGBoost,time,2,1,1147,0.0,0.027794228866696358
XGBoost,time,2,1,1148,0.0,0.03041720949113369
XGBoost,time,2,1,1149,0.0,0.02478433959186077
XGBoost,time,2,1,1150,0.0,0.03307953476905823
XGBoost,time,2,1,1151,0.0,0.0363830104470253
XGBoost,time,2,1,1152,0.0,0.031150732189416885
XGBoost,time,2,1,1153,0.0,0.16534747183322906
XGBoost,time,2,1,1154,0.0,0.02689676359295845
XGBoost,time,2,1,1155,0.0,0.027794228866696358
XGBoost,time,2,1,1156,0.0,0.07435620576143265
XGBoost,time,2,1,1157,0.0,0.19566740095615387
XGBoost,time,2,1,1158,0.0,0.09902337193489075
XGBoost,time,2,1,1159,0.0,0.035373132675886154
XGBoost,time,2,1,1160,0.0,0.04089892655611038
XGBoost,time,2,1,1161,0.0,0.0399453230202198
XGBoost,time,2,1,1162,0.0,0.03109089471399784
XGBoost,time,2,1,1163,0.0,0.0323464497923851
XGBoost,time,2,1,1164,0.0,0.027824927121400833
XGBoost,time,2,1,1165,0.0,0.031020916998386383
XGBoost,time,2,1,1166,0.0,0.12953941524028778
XGBoost,time,2,1,1167,0.0,0.04376835748553276
XGBoost,time,2,1,1168,0.0,0.030424142256379128
XGBoost,time,2,1,1169,0.0,0.024102579802274704
XGBoost,time,2,1,1170,0.0,0.0323464497923851
XGBoost,time,2,1,1171,0.0,0.016492057591676712
XGBoost,time,2,1,1172,0.0,0.02906300500035286
XGBoost,time,2,1,1173,0.0,0.02683042734861374
XGBoost,time,2,1,1174,0.0,0.027824927121400833
XGBoost,time,2,1,1175,0.0,0.0323464497923851
XGBoost,time,2,1,1176,0.0,0.027406958863139153
XGBoost,time,2,1,1177,0.0,0.030424142256379128
XGBoost,time,2,1,1178,0.0,0.041039954870939255
XGBoost,time,2,1,1179,0.0,0.027824927121400833
XGBoost,time,2,1,1180,0.0,0.024102579802274704
XGBoost,time,2,1,1181,0.0,0.031020916998386383
XGBoost,time,2,1,1182,0.0,0.03279486671090126
XGBoost,time,2,1,1183,0.0,0.08161817491054535
XGBoost,time,2,1,1184,0.0,0.03843475133180618
XGBoost,time,2,1,1185,0.0,0.02866673283278942
XGBoost,time,2,1,1186,1.0,0.02875041961669922
XGBoost,time,2,1,1187,0.0,0.27400824427604675
XGBoost,time,2,1,1188,0.0,0.02769891731441021
XGBoost,time,2,1,1189,0.0,0.02206401899456978
XGBoost,time,2,1,1190,0.0,0.029359320178627968
XGBoost,time,2,1,1191,0.0,0.039007239043712616
XGBoost,time,2,1,1192,0.0,0.06435490399599075
XGBoost,time,2,1,1193,0.0,0.04976867139339447
XGBoost,time,2,1,1194,0.0,0.2050948590040207
XGBoost,time,2,1,1195,0.0,0.08974587172269821
XGBoost,time,2,1,1196,0.0,0.04322698339819908
XGBoost,time,2,1,1197,0.0,0.05047609284520149
XGBoost,time,2,1,1198,0.0,0.037873927503824234
XGBoost,time,2,1,1199,0.0,0.06812849640846252
XGBoost,time,2,1,1200,1.0,0.04136527702212334
XGBoost,time,2,1,1201,0.0,0.2107274979352951
XGBoost,time,2,1,1202,0.0,0.05832471698522568
XGBoost,time,2,1,1203,0.0,0.08932705223560333
XGBoost,time,2,1,1204,0.0,0.059591371566057205
XGBoost,time,2,1,1205,0.0,0.04559161514043808
XGBoost,time,2,1,1206,0.0,0.11770310252904892
XGBoost,time,2,1,1207,0.0,0.10539800673723221
XGBoost,time,2,1,1208,0.0,0.0523933470249176
XGBoost,time,2,1,1209,0.0,0.04902132600545883
XGBoost,time,2,1,1210,0.0,0.04665699973702431
XGBoost,time,2,1,1211,0.0,0.10184074938297272
XGBoost,time,2,1,1212,0.0,0.0401853546500206
XGBoost,time,2,1,1213,0.0,0.035526689141988754
XGBoost,time,2,1,1214,0.0,0.04902132600545883
XGBoost,time,2,1,1215,0.0,0.04665699973702431
XGBoost,time,2,1,1216,0.0,0.059591371566057205
XGBoost,time,2,1,1217,0.0,0.056747667491436005
XGBoost,time,2,1,1218,0.0,0.037741851061582565
XGBoost,time,2,1,1219,0.0,0.042853232473134995
XGBoost,time,2,1,1220,0.0,0.042678140103816986
XGBoost,time,2,1,1221,0.0,0.048402849584817886
XGBoost,time,2,1,1222,0.0,0.047246817499399185
XGBoost,time,2,1,1223,0.0,0.06882384419441223
XGBoost,time,2,1,1224,0.0,0.09397708624601364
XGBoost,time,2,1,1225,0.0,0.044919103384017944
XGBoost,time,2,1,1226,0.0,0.042678140103816986
XGBoost,time,2,1,1227,0.0,0.26991650462150574
XGBoost,time,2,1,1228,0.0,0.06731553375720978
XGBoost,time,2,1,1229,0.0,0.0397343747317791
XGBoost,time,2,1,1230,0.0,0.056482791900634766
XGBoost,time,2,1,1231,0.0,0.10464472323656082
XGBoost,time,2,1,1232,0.0,0.03251808136701584
XGBoost,time,2,1,1233,0.0,0.03510994464159012
XGBoost,time,2,1,1234,0.0,0.024755770340561867
XGBoost,time,2,1,1235,0.0,0.043442074209451675
XGBoost,time,2,2,988,0.0,0.027715645730495453
XGBoost,time,2,2,989,0.0,0.02651047706604004
XGBoost,time,2,2,990,0.0,0.02651047706604004
XGBoost,time,2,2,991,0.0,0.02651047706604004
XGBoost,time,2,2,992,0.0,0.026296403259038925
XGBoost,time,2,2,993,0.0,0.026154689490795135
XGBoost,time,2,2,994,0.0,0.026154689490795135
XGBoost,time,2,2,995,0.0,0.026154689490795135
XGBoost,time,2,2,996,0.0,0.026296403259038925
XGBoost,time,2,2,997,0.0,0.02651047706604004
XGBoost,time,2,2,998,0.0,0.0355992317199707
XGBoost,time,2,2,999,0.0,0.026154689490795135
XGBoost,time,2,2,1000,0.0,0.026296403259038925
XGBoost,time,2,2,1001,0.0,0.026296403259038925
XGBoost,time,2,2,1002,0.0,0.02651047706604004
XGBoost,time,2,2,1003,0.0,0.02651047706604004
XGBoost,time,2,2,1004,0.0,0.02651047706604004
XGBoost,time,2,2,1005,0.0,0.026296403259038925
XGBoost,time,2,2,1006,0.0,0.026154689490795135
XGBoost,time,2,2,1007,0.0,0.026154689490795135
XGBoost,time,2,2,1008,0.0,0.02651047706604004
XGBoost,time,2,2,1009,0.0,0.026154689490795135
XGBoost,time,2,2,1010,0.0,0.026154689490795135
XGBoost,time,2,2,1011,0.0,0.02651047706604004
XGBoost,time,2,2,1012,0.0,0.0355992317199707
XGBoost,time,2,2,1013,0.0,0.026296403259038925
XGBoost,time,2,2,1014,0.0,0.027715645730495453
XGBoost,time,2,2,1015,0.0,0.026154689490795135
XGBoost,time,2,2,1016,0.0,0.026154689490795135
XGBoost,time,2,2,1017,0.0,0.026154689490795135
XGBoost,time,2,2,1018,0.0,0.026296403259038925
XGBoost,time,2,2,1019,0.0,0.026154689490795135
XGBoost,time,2,2,1020,0.0,0.026154689490795135
XGBoost,time,2,2,1021,0.0,0.02651047706604004
XGBoost,time,2,2,1022,0.0,0.026296403259038925
XGBoost,time,2,2,1023,0.0,0.026154689490795135
XGBoost,time,2,2,1024,0.0,0.026296403259038925
XGBoost,time,2,2,1025,0.0,0.02651047706604004
XGBoost,time,2,2,1026,0.0,0.0355992317199707
XGBoost,time,2,2,1027,0.0,0.026296403259038925
XGBoost,time,2,2,1028,0.0,0.026154689490795135
XGBoost,time,2,2,1029,0.0,0.026154689490795135
XGBoost,time,2,2,1030,0.0,0.026296403259038925
XGBoost,time,2,2,1031,0.0,0.026154689490795135
XGBoost,time,2,2,1032,0.0,0.026296403259038925
XGBoost,time,2,2,1033,0.0,0.03607873618602753
XGBoost,time,2,2,1034,0.0,0.026154689490795135
XGBoost,time,2,2,1035,0.0,0.026154689490795135
XGBoost,time,2,2,1036,0.0,0.026296403259038925
XGBoost,time,2,2,1037,0.0,0.02651047706604004
XGBoost,time,2,2,1038,0.0,0.026154689490795135
XGBoost,time,2,2,1039,0.0,0.026296403259038925
XGBoost,time,2,2,1040,0.0,0.02651047706604004
XGBoost,time,2,2,1041,0.0,0.026296403259038925
XGBoost,time,2,2,1042,0.0,0.0355992317199707
XGBoost,time,2,2,1043,0.0,0.02651047706604004
XGBoost,time,2,2,1044,0.0,0.026296403259038925
XGBoost,time,2,2,1045,0.0,0.026154689490795135
XGBoost,time,2,2,1046,0.0,0.02651047706604004
XGBoost,time,2,2,1047,0.0,0.026154689490795135
XGBoost,time,2,2,1048,0.0,0.026154689490795135
XGBoost,time,2,2,1049,0.0,0.026154689490795135
XGBoost,time,2,2,1050,0.0,0.026296403259038925
XGBoost,time,2,2,1051,0.0,0.026154689490795135
XGBoost,time,2,2,1052,0.0,0.026154689490795135
XGBoost,time,2,2,1053,0.0,0.026154689490795135
XGBoost,time,2,2,1054,0.0,0.026296403259038925
XGBoost,time,2,2,1055,0.0,0.026154689490795135
XGBoost,time,2,2,1056,0.0,0.02651047706604004
XGBoost,time,2,2,1057,0.0,0.026154689490795135
XGBoost,time,2,2,1058,0.0,0.026154689490795135
XGBoost,time,2,2,1059,0.0,0.026154689490795135
XGBoost,time,2,2,1060,0.0,0.026154689490795135
XGBoost,time,2,2,1061,0.0,0.026296403259038925
XGBoost,time,2,2,1062,0.0,0.026154689490795135
XGBoost,time,2,2,1063,0.0,0.026154689490795135
XGBoost,time,2,2,1064,0.0,0.026296403259038925
XGBoost,time,2,2,1065,0.0,0.0355992317199707
XGBoost,time,2,2,1066,0.0,0.026296403259038925
XGBoost,time,2,2,1067,0.0,0.026296403259038925
XGBoost,time,2,2,1068,0.0,0.026154689490795135
XGBoost,time,2,2,1069,0.0,0.026154689490795135
XGBoost,time,2,2,1070,0.0,0.02651047706604004
XGBoost,time,2,2,1071,0.0,0.026296403259038925
XGBoost,time,2,2,1072,0.0,0.026154689490795135
XGBoost,time,2,2,1073,0.0,0.02651047706604004
XGBoost,time,2,2,1074,0.0,0.02651047706604004
XGBoost,time,2,2,1075,0.0,0.026154689490795135
XGBoost,time,2,2,1076,0.0,0.026154689490795135
XGBoost,time,2,2,1077,0.0,0.026154689490795135
XGBoost,time,2,2,1078,0.0,0.026296403259038925
XGBoost,time,2,2,1079,0.0,0.03607873618602753
XGBoost,time,2,2,1080,0.0,0.03579023852944374
XGBoost,time,2,2,1081,0.0,0.03579023852944374
XGBoost,time,2,2,1082,0.0,0.03607873618602753
XGBoost,time,2,2,1083,0.0,0.0355992317199707
XGBoost,time,2,2,1084,0.0,0.0355992317199707
XGBoost,time,2,2,1085,0.0,0.039077989757061005
XGBoost,time,2,2,1086,0.0,0.038138363510370255
XGBoost,time,2,2,1087,0.0,0.039077989757061005
XGBoost,time,2,2,1088,0.0,0.039077989757061005
XGBoost,time,2,2,1089,0.0,0.03696789592504501
XGBoost,time,2,2,1090,0.0,0.03716595843434334
XGBoost,time,2,2,1091,0.0,0.029374174773693085
XGBoost,time,2,2,1092,0.0,0.03187781944870949
XGBoost,time,2,2,1093,0.0,0.03213582932949066
XGBoost,time,2,2,1094,0.0,0.03213582932949066
XGBoost,time,2,2,1095,0.0,0.05249665677547455
XGBoost,time,2,2,1096,0.0,0.02838185429573059
XGBoost,time,2,2,1097,0.0,0.030803600326180458
XGBoost,time,2,2,1098,0.0,0.030803600326180458
XGBoost,time,2,2,1099,0.0,0.03512711822986603
XGBoost,time,2,2,1100,0.0,0.03512711822986603
XGBoost,time,2,2,1101,0.0,0.03365134447813034
XGBoost,time,2,2,1102,0.0,0.030555948615074158
XGBoost,time,2,2,1103,0.0,0.03512711822986603
XGBoost,time,2,2,1104,1.0,0.06914801895618439
XGBoost,time,2,2,1105,0.0,0.20330286026000977
XGBoost,time,2,2,1106,0.0,0.032669372856616974
XGBoost,time,2,2,1107,0.0,0.02815774269402027
XGBoost,time,2,2,1108,0.0,0.04509703442454338
XGBoost,time,2,2,1109,0.0,0.051279377192258835
XGBoost,time,2,2,1110,0.0,0.03518686071038246
XGBoost,time,2,2,1111,0.0,0.08430317044258118
XGBoost,time,2,2,1112,0.0,0.04739176109433174
XGBoost,time,2,2,1113,0.0,0.0401911698281765
XGBoost,time,2,2,1114,0.0,0.0401911698281765
XGBoost,time,2,2,1115,0.0,0.0544210784137249
XGBoost,time,2,2,1116,0.0,0.06400109082460403
XGBoost,time,2,2,1117,0.0,0.042273856699466705
XGBoost,time,2,2,1118,0.0,0.06400109082460403
XGBoost,time,2,2,1119,0.0,0.04301324114203453
XGBoost,time,2,2,1120,0.0,0.041522037237882614
XGBoost,time,2,2,1121,0.0,0.06604751199483871
XGBoost,time,2,2,1122,0.0,0.041301753371953964
XGBoost,time,2,2,1123,0.0,0.030803600326180458
XGBoost,time,2,2,1124,0.0,0.030803600326180458
XGBoost,time,2,2,1125,0.0,0.02802158147096634
XGBoost,time,2,2,1126,0.0,0.02602371945977211
XGBoost,time,2,2,1127,0.0,0.03147072717547417
XGBoost,time,2,2,1128,0.0,0.034652478992938995
XGBoost,time,2,2,1129,0.0,0.03581533208489418
XGBoost,time,2,2,1130,0.0,0.03213582932949066
XGBoost,time,2,2,1131,0.0,0.03213582932949066
XGBoost,time,2,2,1132,0.0,0.03213582932949066
XGBoost,time,2,2,1133,0.0,0.02651423029601574
XGBoost,time,2,2,1134,0.0,0.03300749137997627
XGBoost,time,2,2,1135,0.0,0.03283083066344261
XGBoost,time,2,2,1136,0.0,0.03376909717917442
XGBoost,time,2,2,1137,0.0,0.03187781944870949
XGBoost,time,2,2,1138,0.0,0.03213582932949066
XGBoost,time,2,2,1139,0.0,0.03283083066344261
XGBoost,time,2,2,1140,0.0,0.21368888020515442
XGBoost,time,2,2,1141,0.0,0.03376909717917442
XGBoost,time,2,2,1142,0.0,0.051538046449422836
XGBoost,time,2,2,1143,0.0,0.03376909717917442
XGBoost,time,2,2,1144,0.0,0.04246063530445099
XGBoost,time,2,2,1145,0.0,0.03472528234124184
XGBoost,time,2,2,1146,0.0,0.03404127061367035
XGBoost,time,2,2,1147,0.0,0.027155011892318726
XGBoost,time,2,2,1148,0.0,0.034652478992938995
XGBoost,time,2,2,1149,0.0,0.02651423029601574
XGBoost,time,2,2,1150,0.0,0.03581533208489418
XGBoost,time,2,2,1151,0.0,0.03471693396568298
XGBoost,time,2,2,1152,0.0,0.02977178618311882
XGBoost,time,2,2,1153,0.0,0.14449606835842133
XGBoost,time,2,2,1154,0.0,0.02937901020050049
XGBoost,time,2,2,1155,0.0,0.031010806560516357
XGBoost,time,2,2,1156,0.0,0.053448326885700226
XGBoost,time,2,2,1157,0.0,0.16091333329677582
XGBoost,time,2,2,1158,0.0,0.08676522225141525
XGBoost,time,2,2,1159,0.0,0.03634645789861679
XGBoost,time,2,2,1160,0.0,0.04306784272193909
XGBoost,time,2,2,1161,0.0,0.04306784272193909
XGBoost,time,2,2,1162,0.0,0.03623196855187416
XGBoost,time,2,2,1163,0.0,0.03213582932949066
XGBoost,time,2,2,1164,0.0,0.03187781944870949
XGBoost,time,2,2,1165,0.0,0.03376849368214607
XGBoost,time,2,2,1166,0.0,0.09868708997964859
XGBoost,time,2,2,1167,0.0,0.037233710289001465
XGBoost,time,2,2,1168,0.0,0.03213582932949066
XGBoost,time,2,2,1169,0.0,0.03187781944870949
XGBoost,time,2,2,1170,0.0,0.03213582932949066
XGBoost,time,2,2,1171,0.0,0.029374174773693085
XGBoost,time,2,2,1172,0.0,0.03187781944870949
XGBoost,time,2,2,1173,0.0,0.03170700743794441
XGBoost,time,2,2,1174,0.0,0.03187781944870949
XGBoost,time,2,2,1175,0.0,0.03213582932949066
XGBoost,time,2,2,1176,0.0,0.03187781944870949
XGBoost,time,2,2,1177,0.0,0.03213582932949066
XGBoost,time,2,2,1178,0.0,0.037233710289001465
XGBoost,time,2,2,1179,0.0,0.03187781944870949
XGBoost,time,2,2,1180,0.0,0.03187781944870949
XGBoost,time,2,2,1181,0.0,0.03529604524374008
XGBoost,time,2,2,1182,0.0,0.03634645789861679
XGBoost,time,2,2,1183,0.0,0.05633492395281792
XGBoost,time,2,2,1184,0.0,0.045863278210163116
XGBoost,time,2,2,1185,0.0,0.036648064851760864
XGBoost,time,2,2,1186,1.0,0.03187781944870949
XGBoost,time,2,2,1187,0.0,0.2151506394147873
XGBoost,time,2,2,1188,0.0,0.03472528234124184
XGBoost,time,2,2,1189,0.0,0.03187781944870949
XGBoost,time,2,2,1190,0.0,0.03324556723237038
XGBoost,time,2,2,1191,0.0,0.04340345785021782
XGBoost,time,2,2,1192,0.0,0.06164341792464256
XGBoost,time,2,2,1193,0.0,0.05220405012369156
XGBoost,time,2,2,1194,0.0,0.1723862886428833
XGBoost,time,2,2,1195,0.0,0.09963344782590866
XGBoost,time,2,2,1196,0.0,0.049404844641685486
XGBoost,time,2,2,1197,0.0,0.05122937262058258
XGBoost,time,2,2,1198,0.0,0.03861328586935997
XGBoost,time,2,2,1199,0.0,0.056714970618486404
XGBoost,time,2,2,1200,1.0,0.04343515634536743
XGBoost,time,2,2,1201,0.0,0.1906866580247879
XGBoost,time,2,2,1202,0.0,0.060730334371328354
XGBoost,time,2,2,1203,0.0,0.07012742012739182
XGBoost,time,2,2,1204,0.0,0.059162698686122894
XGBoost,time,2,2,1205,0.0,0.03889445960521698
XGBoost,time,2,2,1206,0.0,0.07608875632286072
XGBoost,time,2,2,1207,0.0,0.08368639647960663
XGBoost,time,2,2,1208,0.0,0.04739176109433174
XGBoost,time,2,2,1209,0.0,0.052613548934459686
XGBoost,time,2,2,1210,0.0,0.05255402624607086
XGBoost,time,2,2,1211,0.0,0.10570807754993439
XGBoost,time,2,2,1212,0.0,0.03756645321846008
XGBoost,time,2,2,1213,0.0,0.037022799253463745
XGBoost,time,2,2,1214,0.0,0.052613548934459686
XGBoost,time,2,2,1215,0.0,0.05255402624607086
XGBoost,time,2,2,1216,0.0,0.059162698686122894
XGBoost,time,2,2,1217,0.0,0.05789826437830925
XGBoost,time,2,2,1218,0.0,0.037022799253463745
XGBoost,time,2,2,1219,0.0,0.037022799253463745
XGBoost,time,2,2,1220,0.0,0.03756645321846008
XGBoost,time,2,2,1221,0.0,0.03889445960521698
XGBoost,time,2,2,1222,0.0,0.05118595063686371
XGBoost,time,2,2,1223,0.0,0.06400109082460403
XGBoost,time,2,2,1224,0.0,0.07012742012739182
XGBoost,time,2,2,1225,0.0,0.03889445960521698
XGBoost,time,2,2,1226,0.0,0.03756645321846008
XGBoost,time,2,2,1227,0.0,0.25230830907821655
XGBoost,time,2,2,1228,0.0,0.05269046500325203
XGBoost,time,2,2,1229,0.0,0.037022799253463745
XGBoost,time,2,2,1230,0.0,0.052747759968042374
XGBoost,time,2,2,1231,0.0,0.0881810188293457
XGBoost,time,2,2,1232,0.0,0.03631402179598808
XGBoost,time,2,2,1233,0.0,0.04071838781237602
XGBoost,time,2,2,1234,0.0,0.03100769966840744
XGBoost,time,2,2,1235,0.0,0.040679581463336945
XGBoost,time,2,3,988,0.0,0.01740928739309311
XGBoost,time,2,3,989,0.0,0.020402071997523308
XGBoost,time,2,3,990,0.0,0.019091719761490822
XGBoost,time,2,3,991,0.0,0.020402071997523308
XGBoost,time,2,3,992,0.0,0.019614718854427338
XGBoost,time,2,3,993,0.0,0.015383640304207802
XGBoost,time,2,3,994,0.0,0.015383640304207802
XGBoost,time,2,3,995,0.0,0.015016257762908936
XGBoost,time,2,3,996,0.0,0.018976785242557526
XGBoost,time,2,3,997,0.0,0.01964636892080307
XGBoost,time,2,3,998,0.0,0.03178596496582031
XGBoost,time,2,3,999,0.0,0.020094474777579308
XGBoost,time,2,3,1000,0.0,0.014428392052650452
XGBoost,time,2,3,1001,0.0,0.014428392052650452
XGBoost,time,2,3,1002,0.0,0.020402071997523308
XGBoost,time,2,3,1003,0.0,0.020402071997523308
XGBoost,time,2,3,1004,0.0,0.020402071997523308
XGBoost,time,2,3,1005,0.0,0.01852521114051342
XGBoost,time,2,3,1006,0.0,0.01871955581009388
XGBoost,time,2,3,1007,0.0,0.01871955581009388
XGBoost,time,2,3,1008,0.0,0.020402071997523308
XGBoost,time,2,3,1009,0.0,0.01871955581009388
XGBoost,time,2,3,1010,0.0,0.015016257762908936
XGBoost,time,2,3,1011,0.0,0.020402071997523308
XGBoost,time,2,3,1012,0.0,0.03806929290294647
XGBoost,time,2,3,1013,0.0,0.017616821452975273
XGBoost,time,2,3,1014,0.0,0.01740928739309311
XGBoost,time,2,3,1015,0.0,0.015383640304207802
XGBoost,time,2,3,1016,0.0,0.019175775349140167
XGBoost,time,2,3,1017,0.0,0.01871955581009388
XGBoost,time,2,3,1018,0.0,0.014428392052650452
XGBoost,time,2,3,1019,0.0,0.01871955581009388
XGBoost,time,2,3,1020,0.0,0.019175775349140167
XGBoost,time,2,3,1021,0.0,0.020402071997523308
XGBoost,time,2,3,1022,0.0,0.014428392052650452
XGBoost,time,2,3,1023,0.0,0.015383640304207802
XGBoost,time,2,3,1024,0.0,0.017616821452975273
XGBoost,time,2,3,1025,0.0,0.020402071997523308
XGBoost,time,2,3,1026,0.0,0.03806929290294647
XGBoost,time,2,3,1027,0.0,0.015751592814922333
XGBoost,time,2,3,1028,0.0,0.015383640304207802
XGBoost,time,2,3,1029,0.0,0.015016257762908936
XGBoost,time,2,3,1030,0.0,0.014428392052650452
XGBoost,time,2,3,1031,0.0,0.01871955581009388
XGBoost,time,2,3,1032,0.0,0.01566348783671856
XGBoost,time,2,3,1033,0.0,0.04463890939950943
XGBoost,time,2,3,1034,0.0,0.015016257762908936
XGBoost,time,2,3,1035,0.0,0.015016257762908936
XGBoost,time,2,3,1036,0.0,0.01852521114051342
XGBoost,time,2,3,1037,0.0,0.020402071997523308
XGBoost,time,2,3,1038,0.0,0.015016257762908936
XGBoost,time,2,3,1039,0.0,0.01852521114051342
XGBoost,time,2,3,1040,0.0,0.018282247707247734
XGBoost,time,2,3,1041,0.0,0.01852521114051342
XGBoost,time,2,3,1042,0.0,0.03806929290294647
XGBoost,time,2,3,1043,0.0,0.019091719761490822
XGBoost,time,2,3,1044,0.0,0.01800210028886795
XGBoost,time,2,3,1045,0.0,0.015016257762908936
XGBoost,time,2,3,1046,0.0,0.01964636892080307
XGBoost,time,2,3,1047,0.0,0.01871955581009388
XGBoost,time,2,3,1048,0.0,0.01871955581009388
XGBoost,time,2,3,1049,0.0,0.01871955581009388
XGBoost,time,2,3,1050,0.0,0.014428392052650452
XGBoost,time,2,3,1051,0.0,0.015016257762908936
XGBoost,time,2,3,1052,0.0,0.01871955581009388
XGBoost,time,2,3,1053,0.0,0.015016257762908936
XGBoost,time,2,3,1054,0.0,0.014428392052650452
XGBoost,time,2,3,1055,0.0,0.019175775349140167
XGBoost,time,2,3,1056,0.0,0.020402071997523308
XGBoost,time,2,3,1057,0.0,0.015383640304207802
XGBoost,time,2,3,1058,0.0,0.015016257762908936
XGBoost,time,2,3,1059,0.0,0.015383640304207802
XGBoost,time,2,3,1060,0.0,0.015383640304207802
XGBoost,time,2,3,1061,0.0,0.01852521114051342
XGBoost,time,2,3,1062,0.0,0.015016257762908936
XGBoost,time,2,3,1063,0.0,0.015016257762908936
XGBoost,time,2,3,1064,0.0,0.017616821452975273
XGBoost,time,2,3,1065,0.0,0.03806929290294647
XGBoost,time,2,3,1066,0.0,0.01528952457010746
XGBoost,time,2,3,1067,0.0,0.01852521114051342
XGBoost,time,2,3,1068,0.0,0.019175775349140167
XGBoost,time,2,3,1069,0.0,0.015016257762908936
XGBoost,time,2,3,1070,0.0,0.018740251660346985
XGBoost,time,2,3,1071,0.0,0.01852521114051342
XGBoost,time,2,3,1072,0.0,0.015383640304207802
XGBoost,time,2,3,1073,0.0,0.020402071997523308
XGBoost,time,2,3,1074,0.0,0.020402071997523308
XGBoost,time,2,3,1075,0.0,0.015016257762908936
XGBoost,time,2,3,1076,0.0,0.01871955581009388
XGBoost,time,2,3,1077,0.0,0.020094474777579308
XGBoost,time,2,3,1078,0.0,0.014428392052650452
XGBoost,time,2,3,1079,0.0,0.04424739629030228
XGBoost,time,2,3,1080,0.0,0.045559998601675034
XGBoost,time,2,3,1081,0.0,0.04397297278046608
XGBoost,time,2,3,1082,0.0,0.04463890939950943
XGBoost,time,2,3,1083,0.0,0.03806929290294647
XGBoost,time,2,3,1084,0.0,0.03806929290294647
XGBoost,time,2,3,1085,0.0,0.04333771765232086
XGBoost,time,2,3,1086,0.0,0.04230017960071564
XGBoost,time,2,3,1087,0.0,0.04333771765232086
XGBoost,time,2,3,1088,0.0,0.04333771765232086
XGBoost,time,2,3,1089,0.0,0.041007429361343384
XGBoost,time,2,3,1090,0.0,0.04904678463935852
XGBoost,time,2,3,1091,0.0,0.01675904542207718
XGBoost,time,2,3,1092,0.0,0.030174054205417633
XGBoost,time,2,3,1093,0.0,0.03414032608270645
XGBoost,time,2,3,1094,0.0,0.03289283812046051
XGBoost,time,2,3,1095,0.0,0.04245898872613907
XGBoost,time,2,3,1096,0.0,0.021851934492588043
XGBoost,time,2,3,1097,0.0,0.031538091599941254
XGBoost,time,2,3,1098,0.0,0.032121721655130386
XGBoost,time,2,3,1099,0.0,0.04198490083217621
XGBoost,time,2,3,1100,0.0,0.04198490083217621
XGBoost,time,2,3,1101,0.0,0.028014084324240685
XGBoost,time,2,3,1102,0.0,0.022378286346793175
XGBoost,time,2,3,1103,0.0,0.040060725063085556
XGBoost,time,2,3,1104,1.0,0.07004391402006149
XGBoost,time,2,3,1105,0.0,0.22278591990470886
XGBoost,time,2,3,1106,0.0,0.03553839772939682
XGBoost,time,2,3,1107,0.0,0.025592150166630745
XGBoost,time,2,3,1108,0.0,0.05888962745666504
XGBoost,time,2,3,1109,0.0,0.05322328954935074
XGBoost,time,2,3,1110,0.0,0.03266767039895058
XGBoost,time,2,3,1111,0.0,0.07134105265140533
XGBoost,time,2,3,1112,0.0,0.04565969109535217
XGBoost,time,2,3,1113,0.0,0.040846072137355804
XGBoost,time,2,3,1114,0.0,0.03885546699166298
XGBoost,time,2,3,1115,0.0,0.07082479447126389
XGBoost,time,2,3,1116,0.0,0.10357441753149033
XGBoost,time,2,3,1117,0.0,0.03375532105565071
XGBoost,time,2,3,1118,0.0,0.10357441753149033
XGBoost,time,2,3,1119,0.0,0.03661549463868141
XGBoost,time,2,3,1120,0.0,0.06945431977510452
XGBoost,time,2,3,1121,0.0,0.08719505369663239
XGBoost,time,2,3,1122,0.0,0.05827490985393524
XGBoost,time,2,3,1123,0.0,0.028996052220463753
XGBoost,time,2,3,1124,0.0,0.03038269653916359
XGBoost,time,2,3,1125,0.0,0.020611360669136047
XGBoost,time,2,3,1126,0.0,0.02627774327993393
XGBoost,time,2,3,1127,0.0,0.03403957188129425
XGBoost,time,2,3,1128,0.0,0.03338301554322243
XGBoost,time,2,3,1129,0.0,0.04208099842071533
XGBoost,time,2,3,1130,0.0,0.03416597098112106
XGBoost,time,2,3,1131,0.0,0.03289283812046051
XGBoost,time,2,3,1132,0.0,0.03414032608270645
XGBoost,time,2,3,1133,0.0,0.029156066477298737
XGBoost,time,2,3,1134,0.0,0.032976459711790085
XGBoost,time,2,3,1135,0.0,0.026804964989423752
XGBoost,time,2,3,1136,0.0,0.03999163210391998
XGBoost,time,2,3,1137,0.0,0.024531563743948936
XGBoost,time,2,3,1138,0.0,0.03289283812046051
XGBoost,time,2,3,1139,0.0,0.026804964989423752
XGBoost,time,2,3,1140,0.0,0.3167676329612732
XGBoost,time,2,3,1141,0.0,0.043454498052597046
XGBoost,time,2,3,1142,0.0,0.043914325535297394
XGBoost,time,2,3,1143,0.0,0.04188142716884613
XGBoost,time,2,3,1144,0.0,0.056728608906269073
XGBoost,time,2,3,1145,0.0,0.042042478919029236
XGBoost,time,2,3,1146,0.0,0.04294309392571449
XGBoost,time,2,3,1147,0.0,0.027310959994792938
XGBoost,time,2,3,1148,0.0,0.03279268741607666
XGBoost,time,2,3,1149,0.0,0.026347730308771133
XGBoost,time,2,3,1150,0.0,0.04208099842071533
XGBoost,time,2,3,1151,0.0,0.04372750222682953
XGBoost,time,2,3,1152,0.0,0.03427254781126976
XGBoost,time,2,3,1153,0.0,0.1471758782863617
XGBoost,time,2,3,1154,0.0,0.027717823162674904
XGBoost,time,2,3,1155,0.0,0.03118819370865822
XGBoost,time,2,3,1156,0.0,0.05750853940844536
XGBoost,time,2,3,1157,0.0,0.25388193130493164
XGBoost,time,2,3,1158,0.0,0.134649395942688
XGBoost,time,2,3,1159,0.0,0.049563176929950714
XGBoost,time,2,3,1160,0.0,0.06293985247612
XGBoost,time,2,3,1161,0.0,0.05277685821056366
XGBoost,time,2,3,1162,0.0,0.03935162350535393
XGBoost,time,2,3,1163,0.0,0.037749771028757095
XGBoost,time,2,3,1164,0.0,0.034953564405441284
XGBoost,time,2,3,1165,0.0,0.04095640778541565
XGBoost,time,2,3,1166,0.0,0.0975065678358078
XGBoost,time,2,3,1167,0.0,0.05527471378445625
XGBoost,time,2,3,1168,0.0,0.036361049860715866
XGBoost,time,2,3,1169,0.0,0.024831099435687065
XGBoost,time,2,3,1170,0.0,0.03579074144363403
XGBoost,time,2,3,1171,0.0,0.01675904542207718
XGBoost,time,2,3,1172,0.0,0.031350165605545044
XGBoost,time,2,3,1173,0.0,0.027060480788350105
XGBoost,time,2,3,1174,0.0,0.034953564405441284
XGBoost,time,2,3,1175,0.0,0.03579074144363403
XGBoost,time,2,3,1176,0.0,0.032840561121702194
XGBoost,time,2,3,1177,0.0,0.036361049860715866
XGBoost,time,2,3,1178,0.0,0.04592050984501839
XGBoost,time,2,3,1179,0.0,0.03350090980529785
XGBoost,time,2,3,1180,0.0,0.024831099435687065
XGBoost,time,2,3,1181,0.0,0.042794693261384964
XGBoost,time,2,3,1182,0.0,0.03997858986258507
XGBoost,time,2,3,1183,0.0,0.07861150056123734
XGBoost,time,2,3,1184,0.0,0.034207046031951904
XGBoost,time,2,3,1185,0.0,0.03464462608098984
XGBoost,time,2,3,1186,1.0,0.030378904193639755
XGBoost,time,2,3,1187,0.0,0.27548983693122864
XGBoost,time,2,3,1188,0.0,0.03593394532799721
XGBoost,time,2,3,1189,0.0,0.024243656545877457
XGBoost,time,2,3,1190,0.0,0.036858800798654556
XGBoost,time,2,3,1191,0.0,0.05906691774725914
XGBoost,time,2,3,1192,0.0,0.08571203798055649
XGBoost,time,2,3,1193,0.0,0.0648161992430687
XGBoost,time,2,3,1194,0.0,0.19808189570903778
XGBoost,time,2,3,1195,0.0,0.09155374020338058
XGBoost,time,2,3,1196,0.0,0.04470221325755119
XGBoost,time,2,3,1197,0.0,0.05209463834762573
XGBoost,time,2,3,1198,0.0,0.02982817217707634
XGBoost,time,2,3,1199,0.0,0.07140181213617325
XGBoost,time,2,3,1200,1.0,0.04158259928226471
XGBoost,time,2,3,1201,0.0,0.21201220154762268
XGBoost,time,2,3,1202,0.0,0.07505887746810913
XGBoost,time,2,3,1203,0.0,0.0823013111948967
XGBoost,time,2,3,1204,0.0,0.07950248569250107
XGBoost,time,2,3,1205,0.0,0.04640040919184685
XGBoost,time,2,3,1206,0.0,0.10400060564279556
XGBoost,time,2,3,1207,0.0,0.10142620652914047
XGBoost,time,2,3,1208,0.0,0.05684451013803482
XGBoost,time,2,3,1209,0.0,0.06011511757969856
XGBoost,time,2,3,1210,0.0,0.049382664263248444
XGBoost,time,2,3,1211,0.0,0.11365225166082382
XGBoost,time,2,3,1212,0.0,0.03317946940660477
XGBoost,time,2,3,1213,0.0,0.029327869415283203
XGBoost,time,2,3,1214,0.0,0.06011511757969856
XGBoost,time,2,3,1215,0.0,0.049382664263248444
XGBoost,time,2,3,1216,0.0,0.07950248569250107
XGBoost,time,2,3,1217,0.0,0.0642303004860878
XGBoost,time,2,3,1218,0.0,0.03283076360821724
XGBoost,time,2,3,1219,0.0,0.03905950486660004
XGBoost,time,2,3,1220,0.0,0.03712479770183563
XGBoost,time,2,3,1221,0.0,0.05060844495892525
XGBoost,time,2,3,1222,0.0,0.062486130744218826
XGBoost,time,2,3,1223,0.0,0.08746251463890076
XGBoost,time,2,3,1224,0.0,0.08776308596134186
XGBoost,time,2,3,1225,0.0,0.043626703321933746
XGBoost,time,2,3,1226,0.0,0.03793483227491379
XGBoost,time,2,3,1227,0.0,0.26602423191070557
XGBoost,time,2,3,1228,0.0,0.09277324378490448
XGBoost,time,2,3,1229,0.0,0.03729208558797836
XGBoost,time,2,3,1230,0.0,0.058579325675964355
XGBoost,time,2,3,1231,0.0,0.09121476113796234
XGBoost,time,2,3,1232,0.0,0.050397228449583054
XGBoost,time,2,3,1233,0.0,0.0524982325732708
XGBoost,time,2,3,1234,0.0,0.027636954560875893
XGBoost,time,2,3,1235,0.0,0.062407542020082474
XGBoost,time,3,0,1319,0.0,0.01811908185482025
XGBoost,time,3,0,1320,0.0,0.017785420641303062
XGBoost,time,3,0,1321,0.0,0.01641964353621006
XGBoost,time,3,0,1322,0.0,0.01641964353621006
XGBoost,time,3,0,1323,0.0,0.01811908185482025
XGBoost,time,3,0,1324,0.0,0.01811908185482025
XGBoost,time,3,0,1325,0.0,0.01811908185482025
XGBoost,time,3,0,1326,0.0,0.047178540378808975
XGBoost,time,3,0,1327,0.0,0.030690161511301994
XGBoost,time,3,0,1328,0.0,0.019935384392738342
XGBoost,time,3,0,1329,0.0,0.01811908185482025
XGBoost,time,3,0,1330,0.0,0.05151339992880821
XGBoost,time,3,0,1331,0.0,0.01641964353621006
XGBoost,time,3,0,1332,0.0,0.017449554055929184
XGBoost,time,3,0,1333,0.0,0.020945711061358452
XGBoost,time,3,0,1334,0.0,0.01770336553454399
XGBoost,time,3,0,1335,0.0,0.02141554094851017
XGBoost,time,3,0,1336,0.0,0.017785420641303062
XGBoost,time,3,0,1337,0.0,0.047178540378808975
XGBoost,time,3,0,1338,0.0,0.017026185989379883
XGBoost,time,3,0,1339,0.0,0.08955870568752289
XGBoost,time,3,0,1340,0.0,0.01811908185482025
XGBoost,time,3,0,1341,0.0,0.01641964353621006
XGBoost,time,3,0,1342,0.0,0.01781105250120163
XGBoost,time,3,0,1343,0.0,0.01811908185482025
XGBoost,time,3,0,1344,0.0,0.030132120475172997
XGBoost,time,3,0,1345,0.0,0.1441173404455185
XGBoost,time,3,0,1346,0.0,0.01811908185482025
XGBoost,time,3,0,1347,0.0,0.1460672914981842
XGBoost,time,3,0,1348,0.0,0.019502805545926094
XGBoost,time,3,0,1349,0.0,0.017449554055929184
XGBoost,time,3,0,1350,0.0,0.017785420641303062
XGBoost,time,3,0,1351,0.0,0.020945711061358452
XGBoost,time,3,0,1352,0.0,0.02037885971367359
XGBoost,time,3,0,1353,0.0,0.01811908185482025
XGBoost,time,3,0,1354,0.0,0.01832745037972927
XGBoost,time,3,0,1355,0.0,0.017785420641303062
XGBoost,time,3,0,1356,0.0,0.01811908185482025
XGBoost,time,3,0,1357,0.0,0.019502805545926094
XGBoost,time,3,0,1358,0.0,0.01811908185482025
XGBoost,time,3,0,1359,0.0,0.017449554055929184
XGBoost,time,3,0,1360,0.0,0.0175127312541008
XGBoost,time,3,0,1361,0.0,0.0175127312541008
XGBoost,time,3,0,1362,0.0,0.01641964353621006
XGBoost,time,3,0,1363,0.0,0.1416434645652771
XGBoost,time,3,0,1364,0.0,0.01952381245791912
XGBoost,time,3,0,1365,0.0,0.030690161511301994
XGBoost,time,3,0,1366,1.0,0.019198760390281677
XGBoost,time,3,0,1367,0.0,0.08477718383073807
XGBoost,time,3,0,1368,0.0,0.026452073827385902
XGBoost,time,3,0,1369,0.0,0.026452073827385902
XGBoost,time,3,0,1370,0.0,0.024137822911143303
XGBoost,time,3,0,1371,0.0,0.07711026817560196
XGBoost,time,3,0,1372,0.0,0.026042573153972626
XGBoost,time,3,0,1373,0.0,0.026452073827385902
XGBoost,time,3,0,1374,0.0,0.026452073827385902
XGBoost,time,3,0,1375,0.0,0.024137822911143303
XGBoost,time,3,0,1376,0.0,0.02458767034113407
XGBoost,time,3,0,1377,0.0,0.02458767034113407
XGBoost,time,3,0,1378,0.0,0.025767093524336815
XGBoost,time,3,0,1379,1.0,0.025296228006482124
XGBoost,time,3,0,1380,0.0,0.09680991619825363
XGBoost,time,3,0,1381,0.0,0.024137822911143303
XGBoost,time,3,0,1382,0.0,0.02458767034113407
XGBoost,time,3,0,1383,0.0,0.024137822911143303
XGBoost,time,3,0,1384,0.0,0.026452073827385902
XGBoost,time,3,0,1385,0.0,0.02377009578049183
XGBoost,time,3,0,1386,0.0,0.024489955976605415
XGBoost,time,3,0,1387,0.0,0.16683229804039001
XGBoost,time,3,0,1388,0.0,0.025767093524336815
XGBoost,time,3,0,1389,0.0,0.02229529432952404
XGBoost,time,3,0,1390,0.0,0.025296228006482124
XGBoost,time,3,0,1391,0.0,0.026480359956622124
XGBoost,time,3,0,1392,0.0,0.022462571039795876
XGBoost,time,3,0,1393,0.0,0.01770336553454399
XGBoost,time,3,0,1394,0.0,0.019502805545926094
XGBoost,time,3,0,1395,0.0,0.01781105250120163
XGBoost,time,3,0,1396,0.0,0.019131243228912354
XGBoost,time,3,0,1397,0.0,0.01781105250120163
XGBoost,time,3,0,1398,0.0,0.019868025556206703
XGBoost,time,3,0,1399,0.0,0.09134675562381744
XGBoost,time,3,0,1400,0.0,0.029994841665029526
XGBoost,time,3,0,1401,0.0,0.020945711061358452
XGBoost,time,3,0,1402,0.0,0.01641964353621006
XGBoost,time,3,0,1403,0.0,0.01781105250120163
XGBoost,time,3,0,1404,0.0,0.017785420641303062
XGBoost,time,3,0,1405,0.0,0.018644800409674644
XGBoost,time,3,0,1406,0.0,0.020855633541941643
XGBoost,time,3,0,1407,0.0,0.08955870568752289
XGBoost,time,3,0,1408,0.0,0.030132120475172997
XGBoost,time,3,0,1409,0.0,0.02967585064470768
XGBoost,time,3,0,1410,0.0,0.02967585064470768
XGBoost,time,3,0,1411,0.0,0.018815070390701294
XGBoost,time,3,0,1412,0.0,0.01920429989695549
XGBoost,time,3,0,1413,0.0,0.016764946281909943
XGBoost,time,3,0,1414,0.0,0.016764946281909943
XGBoost,time,3,0,1415,0.0,0.03158402815461159
XGBoost,time,3,0,1416,0.0,0.016764946281909943
XGBoost,time,3,0,1417,0.0,0.03511872515082359
XGBoost,time,3,0,1418,0.0,0.016167549416422844
XGBoost,time,3,0,1419,0.0,0.016167549416422844
XGBoost,time,3,0,1420,0.0,0.01835918053984642
XGBoost,time,3,0,1421,0.0,0.03353271260857582
XGBoost,time,3,0,1422,0.0,0.017027702182531357
XGBoost,time,3,0,1423,0.0,0.016696747392416
XGBoost,time,3,0,1424,0.0,0.016167549416422844
XGBoost,time,3,0,1425,0.0,0.016167549416422844
XGBoost,time,3,0,1426,0.0,0.016167549416422844
XGBoost,time,3,0,1427,0.0,0.016167549416422844
XGBoost,time,3,0,1428,0.0,0.015541897155344486
XGBoost,time,3,0,1429,0.0,0.016696747392416
XGBoost,time,3,0,1430,0.0,0.10137283056974411
XGBoost,time,3,0,1431,0.0,0.016696747392416
XGBoost,time,3,0,1432,0.0,0.015541897155344486
XGBoost,time,3,0,1433,0.0,0.016696747392416
XGBoost,time,3,0,1434,0.0,0.016696747392416
XGBoost,time,3,0,1435,0.0,0.016956942155957222
XGBoost,time,3,0,1436,0.0,0.016956942155957222
XGBoost,time,3,0,1437,0.0,0.017582986503839493
XGBoost,time,3,0,1438,0.0,0.017638538032770157
XGBoost,time,3,0,1439,0.0,0.017638538032770157
XGBoost,time,3,0,1440,0.0,0.03158402815461159
XGBoost,time,3,0,1441,0.0,0.0694015696644783
XGBoost,time,3,0,1442,0.0,0.017705995589494705
XGBoost,time,3,0,1443,0.0,0.018456364050507545
XGBoost,time,3,0,1444,0.0,0.018815070390701294
XGBoost,time,3,0,1445,0.0,0.016764946281909943
XGBoost,time,3,0,1446,0.0,0.018815070390701294
XGBoost,time,3,0,1447,0.0,0.0175127312541008
XGBoost,time,3,0,1448,0.0,0.017026185989379883
XGBoost,time,3,0,1449,0.0,0.01781105250120163
XGBoost,time,3,0,1450,0.0,0.0175127312541008
XGBoost,time,3,0,1451,0.0,0.0175127312541008
XGBoost,time,3,0,1452,0.0,0.018815070390701294
XGBoost,time,3,0,1453,0.0,0.017582986503839493
XGBoost,time,3,0,1454,0.0,0.01746215671300888
XGBoost,time,3,0,1455,0.0,0.021203314885497093
XGBoost,time,3,0,1456,0.0,0.017638538032770157
XGBoost,time,3,0,1457,0.0,0.04208776727318764
XGBoost,time,3,0,1458,0.0,0.016956942155957222
XGBoost,time,3,0,1459,0.0,0.017582986503839493
XGBoost,time,3,0,1460,0.0,0.08765026926994324
XGBoost,time,3,0,1461,0.0,0.030690161511301994
XGBoost,time,3,0,1462,0.0,0.01781105250120163
XGBoost,time,3,0,1463,0.0,0.01832745037972927
XGBoost,time,3,0,1464,0.0,0.019131243228912354
XGBoost,time,3,0,1465,0.0,0.11620017886161804
XGBoost,time,3,0,1466,0.0,0.01811908185482025
XGBoost,time,3,0,1467,0.0,0.019868025556206703
XGBoost,time,3,0,1468,0.0,0.019868025556206703
XGBoost,time,3,0,1469,0.0,0.06726548075675964
XGBoost,time,3,0,1470,0.0,0.019502805545926094
XGBoost,time,3,0,1471,0.0,0.03323376178741455
XGBoost,time,3,0,1472,0.0,0.018644800409674644
XGBoost,time,3,0,1473,0.0,0.018644800409674644
XGBoost,time,3,0,1474,0.0,0.01835918053984642
XGBoost,time,3,0,1475,0.0,0.01835918053984642
XGBoost,time,3,0,1476,0.0,0.018009010702371597
XGBoost,time,3,0,1477,0.0,0.017705995589494705
XGBoost,time,3,0,1478,0.0,0.04674164578318596
XGBoost,time,3,0,1479,0.0,0.08955870568752289
XGBoost,time,3,0,1480,1.0,0.01781105250120163
XGBoost,time,3,0,1481,0.0,0.07787298411130905
XGBoost,time,3,0,1482,0.0,0.019131243228912354
XGBoost,time,3,0,1483,0.0,0.018743466585874557
XGBoost,time,3,0,1484,0.0,0.019131243228912354
XGBoost,time,3,0,1485,0.0,0.018376652151346207
XGBoost,time,3,0,1486,0.0,0.01811908185482025
XGBoost,time,3,0,1487,0.0,0.01781105250120163
XGBoost,time,3,0,1488,1.0,0.024137822911143303
XGBoost,time,3,0,1489,0.0,0.0881580114364624
XGBoost,time,3,0,1490,0.0,0.02458767034113407
XGBoost,time,3,0,1491,0.0,0.025001628324389458
XGBoost,time,3,0,1492,0.0,0.02458767034113407
XGBoost,time,3,0,1493,1.0,0.026042573153972626
XGBoost,time,3,0,1494,0.0,0.09292594343423843
XGBoost,time,3,0,1495,0.0,0.024137822911143303
XGBoost,time,3,0,1496,0.0,0.02458767034113407
XGBoost,time,3,0,1497,0.0,0.024137822911143303
XGBoost,time,3,0,1498,0.0,0.02458767034113407
XGBoost,time,3,0,1499,0.0,0.22322070598602295
XGBoost,time,3,0,1500,0.0,0.041457176208496094
XGBoost,time,3,0,1501,0.0,0.024137822911143303
XGBoost,time,3,0,1502,0.0,0.026452073827385902
XGBoost,time,3,0,1503,0.0,0.07711026817560196
XGBoost,time,3,0,1504,0.0,0.024137822911143303
XGBoost,time,3,0,1505,0.0,0.10313515365123749
XGBoost,time,3,0,1506,0.0,0.024172380566596985
XGBoost,time,3,0,1507,0.0,0.02368488907814026
XGBoost,time,3,0,1508,0.0,0.024172380566596985
XGBoost,time,3,0,1509,0.0,0.22322070598602295
XGBoost,time,3,0,1510,0.0,0.028957104310393333
XGBoost,time,3,0,1511,0.0,0.026042573153972626
XGBoost,time,3,0,1512,0.0,0.02458767034113407
XGBoost,time,3,0,1513,0.0,0.04394414275884628
XGBoost,time,3,0,1514,0.0,0.025001628324389458
XGBoost,time,3,0,1515,1.0,0.02609020285308361
XGBoost,time,3,0,1516,0.0,0.0978575274348259
XGBoost,time,3,0,1517,0.0,0.02458767034113407
XGBoost,time,3,0,1518,0.0,0.02458767034113407
XGBoost,time,3,0,1519,0.0,0.07711026817560196
XGBoost,time,3,0,1520,0.0,0.053872719407081604
XGBoost,time,3,0,1521,0.0,0.049726005643606186
XGBoost,time,3,0,1522,0.0,0.04461982846260071
XGBoost,time,3,0,1523,0.0,0.11422381550073624
XGBoost,time,3,0,1524,0.0,0.033064719289541245
XGBoost,time,3,0,1525,0.0,0.04712098091840744
XGBoost,time,3,0,1526,0.0,0.11157404631376266
XGBoost,time,3,0,1527,0.0,0.12467131018638611
XGBoost,time,3,0,1528,0.0,0.2607251703739166
XGBoost,time,3,0,1529,0.0,0.025646589696407318
XGBoost,time,3,0,1530,0.0,0.026042573153972626
XGBoost,time,3,0,1531,0.0,0.13982926309108734
XGBoost,time,3,0,1532,0.0,0.026042573153972626
XGBoost,time,3,0,1533,0.0,0.04461982846260071
XGBoost,time,3,0,1534,0.0,0.27259737253189087
XGBoost,time,3,0,1535,0.0,0.06163189560174942
XGBoost,time,3,0,1536,0.0,0.027532389387488365
XGBoost,time,3,0,1537,0.0,0.049726005643606186
XGBoost,time,3,0,1538,0.0,0.22322070598602295
XGBoost,time,3,0,1539,0.0,0.29550740122795105
XGBoost,time,3,0,1540,0.0,0.10085814446210861
XGBoost,time,3,0,1541,0.0,0.060345280915498734
XGBoost,time,3,0,1542,1.0,0.04962332919239998
XGBoost,time,3,0,1543,0.0,0.18251270055770874
XGBoost,time,3,0,1544,0.0,0.12467131018638611
XGBoost,time,3,0,1545,0.0,0.12467131018638611
XGBoost,time,3,0,1546,1.0,0.08736152201890945
XGBoost,time,3,0,1547,0.0,0.16923107206821442
XGBoost,time,3,0,1548,0.0,0.10943775624036789
XGBoost,time,3,0,1549,0.0,0.06843426078557968
XGBoost,time,3,0,1550,0.0,0.11501064896583557
XGBoost,time,3,0,1551,0.0,0.07974869012832642
XGBoost,time,3,0,1552,0.0,0.028586162254214287
XGBoost,time,3,0,1553,0.0,0.22701194882392883
XGBoost,time,3,0,1554,0.0,0.029428986832499504
XGBoost,time,3,0,1555,0.0,0.06163189560174942
XGBoost,time,3,0,1556,0.0,0.029428986832499504
XGBoost,time,3,0,1557,0.0,0.05889065936207771
XGBoost,time,3,0,1558,0.0,0.059649016708135605
XGBoost,time,3,0,1559,0.0,0.029819974675774574
XGBoost,time,3,0,1560,0.0,0.024172380566596985
XGBoost,time,3,0,1561,0.0,0.02324429154396057
XGBoost,time,3,0,1562,1.0,0.024622855708003044
XGBoost,time,3,0,1563,0.0,0.22263552248477936
XGBoost,time,3,0,1564,0.0,0.028026485815644264
XGBoost,time,3,0,1565,0.0,0.1173672303557396
XGBoost,time,3,0,1566,0.0,0.12784437835216522
XGBoost,time,3,0,1567,0.0,0.029428986832499504
XGBoost,time,3,0,1568,0.0,0.025646589696407318
XGBoost,time,3,0,1569,0.0,0.024489955976605415
XGBoost,time,3,0,1570,0.0,0.024172380566596985
XGBoost,time,3,0,1571,0.0,0.024622855708003044
XGBoost,time,3,0,1572,0.0,0.027764488011598587
XGBoost,time,3,0,1573,0.0,0.2883644700050354
XGBoost,time,3,0,1574,0.0,0.08736152201890945
XGBoost,time,3,0,1575,0.0,0.12467131018638611
XGBoost,time,3,0,1576,0.0,0.017841367051005363
XGBoost,time,3,0,1577,0.0,0.0175127312541008
XGBoost,time,3,0,1578,0.0,0.01890482008457184
XGBoost,time,3,0,1579,0.0,0.0175127312541008
XGBoost,time,3,0,1580,0.0,0.01835918053984642
XGBoost,time,3,0,1581,0.0,0.0175127312541008
XGBoost,time,3,0,1582,0.0,0.0175127312541008
XGBoost,time,3,0,1583,0.0,0.0175127312541008
XGBoost,time,3,0,1584,0.0,0.1030583456158638
XGBoost,time,3,0,1585,0.0,0.0175127312541008
XGBoost,time,3,0,1586,0.0,0.01920429989695549
XGBoost,time,3,0,1587,0.0,0.018815070390701294
XGBoost,time,3,0,1588,0.0,0.018815070390701294
XGBoost,time,3,0,1589,0.0,0.0175127312541008
XGBoost,time,3,0,1590,0.0,0.02967585064470768
XGBoost,time,3,0,1591,0.0,0.018815070390701294
XGBoost,time,3,0,1592,0.0,0.015541897155344486
XGBoost,time,3,0,1593,0.0,0.018009010702371597
XGBoost,time,3,0,1594,0.0,0.018009010702371597
XGBoost,time,3,0,1595,0.0,0.016764946281909943
XGBoost,time,3,0,1596,0.0,0.018009010702371597
XGBoost,time,3,0,1597,0.0,0.017705995589494705
XGBoost,time,3,0,1598,0.0,0.016764946281909943
XGBoost,time,3,0,1599,0.0,0.016764946281909943
XGBoost,time,3,0,1600,0.0,0.016167549416422844
XGBoost,time,3,0,1601,0.0,0.016764946281909943
XGBoost,time,3,0,1602,0.0,0.03273211047053337
XGBoost,time,3,0,1603,0.0,0.018145183101296425
XGBoost,time,3,0,1604,0.0,0.018145183101296425
XGBoost,time,3,0,1605,1.0,0.04891486093401909
XGBoost,time,3,0,1606,0.0,0.1971386820077896
XGBoost,time,3,0,1607,0.0,0.1860504299402237
XGBoost,time,3,0,1608,0.0,0.08736152201890945
XGBoost,time,3,0,1609,0.0,0.28392496705055237
XGBoost,time,3,0,1610,0.0,0.031106341630220413
XGBoost,time,3,0,1611,0.0,0.11770902574062347
XGBoost,time,3,0,1612,0.0,0.30258405208587646
XGBoost,time,3,0,1613,0.0,0.29550740122795105
XGBoost,time,3,0,1614,0.0,0.026042573153972626
XGBoost,time,3,0,1615,0.0,0.07404140383005142
XGBoost,time,3,0,1616,0.0,0.26111331582069397
XGBoost,time,3,0,1617,0.0,0.27259737253189087
XGBoost,time,3,0,1618,0.0,0.04461982846260071
XGBoost,time,3,0,1619,0.0,0.024622855708003044
XGBoost,time,3,0,1620,0.0,0.024172380566596985
XGBoost,time,3,0,1621,0.0,0.027351634576916695
XGBoost,time,3,0,1622,0.0,0.27943363785743713
XGBoost,time,3,0,1623,0.0,0.09575831145048141
XGBoost,time,3,0,1624,0.0,0.055195730179548264
XGBoost,time,3,0,1625,0.0,0.07650008797645569
XGBoost,time,3,0,1626,0.0,0.02324429154396057
XGBoost,time,3,0,1627,0.0,0.026899825781583786
XGBoost,time,3,0,1628,1.0,0.2046598196029663
XGBoost,time,3,0,1629,0.0,0.09292594343423843
XGBoost,time,3,0,1630,0.0,0.027764488011598587
XGBoost,time,3,0,1631,0.0,0.02725815586745739
XGBoost,time,3,0,1632,0.0,0.02377009578049183
XGBoost,time,3,0,1633,0.0,0.02377009578049183
XGBoost,time,3,0,1634,0.0,0.02377009578049183
XGBoost,time,3,0,1635,0.0,0.02377009578049183
XGBoost,time,3,0,1636,0.0,0.02377009578049183
XGBoost,time,3,0,1637,0.0,0.11157404631376266
XGBoost,time,3,0,1638,0.0,0.02377009578049183
XGBoost,time,3,0,1639,0.0,0.02324429154396057
XGBoost,time,3,0,1640,0.0,0.02462107501924038
XGBoost,time,3,0,1641,0.0,0.02517786994576454
XGBoost,time,3,0,1642,0.0,0.02377009578049183
XGBoost,time,3,0,1643,0.0,0.027351634576916695
XGBoost,time,3,0,1644,0.0,0.1896217316389084
XGBoost,time,3,0,1645,0.0,0.024622855708003044
XGBoost,time,3,0,1646,0.0,0.028781708329916
XGBoost,time,3,0,1647,0.0,0.038624897599220276
XGBoost,time,3,0,1648,0.0,0.14624972641468048
XGBoost,time,3,1,1319,0.0,0.019691986963152885
XGBoost,time,3,1,1320,0.0,0.014905656687915325
XGBoost,time,3,1,1321,0.0,0.01032998040318489
XGBoost,time,3,1,1322,0.0,0.011068322695791721
XGBoost,time,3,1,1323,0.0,0.019691986963152885
XGBoost,time,3,1,1324,0.0,0.019691986963152885
XGBoost,time,3,1,1325,0.0,0.019691986963152885
XGBoost,time,3,1,1326,0.0,0.031096559017896652
XGBoost,time,3,1,1327,0.0,0.03178410232067108
XGBoost,time,3,1,1328,0.0,0.021662507206201553
XGBoost,time,3,1,1329,0.0,0.019691986963152885
XGBoost,time,3,1,1330,0.0,0.05360881984233856
XGBoost,time,3,1,1331,0.0,0.0150308134034276
XGBoost,time,3,1,1332,0.0,0.011989517137408257
XGBoost,time,3,1,1333,0.0,0.022806497290730476
XGBoost,time,3,1,1334,0.0,0.018107442185282707
XGBoost,time,3,1,1335,0.0,0.023267854005098343
XGBoost,time,3,1,1336,0.0,0.01960797980427742
XGBoost,time,3,1,1337,0.0,0.030250797048211098
XGBoost,time,3,1,1338,0.0,0.010862702503800392
XGBoost,time,3,1,1339,0.0,0.09305321425199509
XGBoost,time,3,1,1340,0.0,0.019097279757261276
XGBoost,time,3,1,1341,0.0,0.01032998040318489
XGBoost,time,3,1,1342,0.0,0.017762860283255577
XGBoost,time,3,1,1343,0.0,0.019691986963152885
XGBoost,time,3,1,1344,0.0,0.024483196437358856
XGBoost,time,3,1,1345,0.0,0.16650478541851044
XGBoost,time,3,1,1346,0.0,0.019691986963152885
XGBoost,time,3,1,1347,0.0,0.15388435125350952
XGBoost,time,3,1,1348,0.0,0.030451245605945587
XGBoost,time,3,1,1349,0.0,0.013630051165819168
XGBoost,time,3,1,1350,0.0,0.01960797980427742
XGBoost,time,3,1,1351,0.0,0.023498432710766792
XGBoost,time,3,1,1352,0.0,0.022143537178635597
XGBoost,time,3,1,1353,0.0,0.019097279757261276
XGBoost,time,3,1,1354,0.0,0.019015278667211533
XGBoost,time,3,1,1355,0.0,0.021372588351368904
XGBoost,time,3,1,1356,0.0,0.019097279757261276
XGBoost,time,3,1,1357,0.0,0.022516481578350067
XGBoost,time,3,1,1358,0.0,0.019691986963152885
XGBoost,time,3,1,1359,0.0,0.015975026413798332
XGBoost,time,3,1,1360,0.0,0.018724530935287476
XGBoost,time,3,1,1361,0.0,0.018724530935287476
XGBoost,time,3,1,1362,0.0,0.0150308134034276
XGBoost,time,3,1,1363,0.0,0.1468423306941986
XGBoost,time,3,1,1364,0.0,0.021216049790382385
XGBoost,time,3,1,1365,0.0,0.02498457580804825
XGBoost,time,3,1,1366,1.0,0.020863424986600876
XGBoost,time,3,1,1367,0.0,0.1305696815252304
XGBoost,time,3,1,1368,0.0,0.030204905197024345
XGBoost,time,3,1,1369,0.0,0.03429368883371353
XGBoost,time,3,1,1370,0.0,0.024097925052046776
XGBoost,time,3,1,1371,0.0,0.07636100798845291
XGBoost,time,3,1,1372,0.0,0.026441046968102455
XGBoost,time,3,1,1373,0.0,0.03327292203903198
XGBoost,time,3,1,1374,0.0,0.04161833971738815
XGBoost,time,3,1,1375,0.0,0.03021402098238468
XGBoost,time,3,1,1376,0.0,0.025328485295176506
XGBoost,time,3,1,1377,0.0,0.03175868093967438
XGBoost,time,3,1,1378,0.0,0.025028860196471214
XGBoost,time,3,1,1379,1.0,0.031204691156744957
XGBoost,time,3,1,1380,0.0,0.09253254532814026
XGBoost,time,3,1,1381,0.0,0.02212337963283062
XGBoost,time,3,1,1382,0.0,0.024964455515146255
XGBoost,time,3,1,1383,0.0,0.024097925052046776
XGBoost,time,3,1,1384,0.0,0.03453627973794937
XGBoost,time,3,1,1385,0.0,0.029332825914025307
XGBoost,time,3,1,1386,0.0,0.03021593578159809
XGBoost,time,3,1,1387,0.0,0.15812791883945465
XGBoost,time,3,1,1388,0.0,0.030827391892671585
XGBoost,time,3,1,1389,0.0,0.015090441331267357
XGBoost,time,3,1,1390,0.0,0.03622175380587578
XGBoost,time,3,1,1391,0.0,0.03418403118848801
XGBoost,time,3,1,1392,0.0,0.02440318837761879
XGBoost,time,3,1,1393,0.0,0.018107442185282707
XGBoost,time,3,1,1394,0.0,0.03138825669884682
XGBoost,time,3,1,1395,0.0,0.01830463483929634
XGBoost,time,3,1,1396,0.0,0.019343072548508644
XGBoost,time,3,1,1397,0.0,0.013490905985236168
XGBoost,time,3,1,1398,0.0,0.022375231608748436
XGBoost,time,3,1,1399,0.0,0.0922512486577034
XGBoost,time,3,1,1400,0.0,0.0292555782943964
XGBoost,time,3,1,1401,0.0,0.02508658729493618
XGBoost,time,3,1,1402,0.0,0.011068322695791721
XGBoost,time,3,1,1403,0.0,0.01408169511705637
XGBoost,time,3,1,1404,0.0,0.01507512666285038
XGBoost,time,3,1,1405,0.0,0.026462696492671967
XGBoost,time,3,1,1406,0.0,0.022660639137029648
XGBoost,time,3,1,1407,0.0,0.09044726192951202
XGBoost,time,3,1,1408,0.0,0.03551623597741127
XGBoost,time,3,1,1409,0.0,0.02376338467001915
XGBoost,time,3,1,1410,0.0,0.0241103358566761
XGBoost,time,3,1,1411,0.0,0.01985258050262928
XGBoost,time,3,1,1412,0.0,0.019727131351828575
XGBoost,time,3,1,1413,0.0,0.010548592545092106
XGBoost,time,3,1,1414,0.0,0.011658592149615288
XGBoost,time,3,1,1415,0.0,0.019102392718195915
XGBoost,time,3,1,1416,0.0,0.014687124639749527
XGBoost,time,3,1,1417,0.0,0.029163019731640816
XGBoost,time,3,1,1418,0.0,0.008920261636376381
XGBoost,time,3,1,1419,0.0,0.008324005641043186
XGBoost,time,3,1,1420,0.0,0.014644541777670383
XGBoost,time,3,1,1421,0.0,0.028913699090480804
XGBoost,time,3,1,1422,0.0,0.013424383476376534
XGBoost,time,3,1,1423,0.0,0.01266835443675518
XGBoost,time,3,1,1424,0.0,0.008324005641043186
XGBoost,time,3,1,1425,0.0,0.008797929622232914
XGBoost,time,3,1,1426,0.0,0.012123167514801025
XGBoost,time,3,1,1427,0.0,0.009030523709952831
XGBoost,time,3,1,1428,0.0,0.010630175471305847
XGBoost,time,3,1,1429,0.0,0.01266835443675518
XGBoost,time,3,1,1430,0.0,0.056350987404584885
XGBoost,time,3,1,1431,0.0,0.01266835443675518
XGBoost,time,3,1,1432,0.0,0.010475875809788704
XGBoost,time,3,1,1433,0.0,0.013489503413438797
XGBoost,time,3,1,1434,0.0,0.010374083183705807
XGBoost,time,3,1,1435,0.0,0.013700414448976517
XGBoost,time,3,1,1436,0.0,0.013700414448976517
XGBoost,time,3,1,1437,0.0,0.01541427243500948
XGBoost,time,3,1,1438,0.0,0.01694175787270069
XGBoost,time,3,1,1439,0.0,0.01623711921274662
XGBoost,time,3,1,1440,0.0,0.021121829748153687
XGBoost,time,3,1,1441,0.0,0.07888566702604294
XGBoost,time,3,1,1442,0.0,0.022062033414840698
XGBoost,time,3,1,1443,0.0,0.014692157506942749
XGBoost,time,3,1,1444,0.0,0.018274694681167603
XGBoost,time,3,1,1445,0.0,0.015637056902050972
XGBoost,time,3,1,1446,0.0,0.017455385997891426
XGBoost,time,3,1,1447,0.0,0.018724530935287476
XGBoost,time,3,1,1448,0.0,0.01071402058005333
XGBoost,time,3,1,1449,0.0,0.012530232779681683
XGBoost,time,3,1,1450,0.0,0.018724530935287476
XGBoost,time,3,1,1451,0.0,0.01899934560060501
XGBoost,time,3,1,1452,0.0,0.01892731338739395
XGBoost,time,3,1,1453,0.0,0.014772209338843822
XGBoost,time,3,1,1454,0.0,0.011297657154500484
XGBoost,time,3,1,1455,0.0,0.023037703707814217
XGBoost,time,3,1,1456,0.0,0.01694175787270069
XGBoost,time,3,1,1457,0.0,0.04394260421395302
XGBoost,time,3,1,1458,0.0,0.013700414448976517
XGBoost,time,3,1,1459,0.0,0.01541427243500948
XGBoost,time,3,1,1460,0.0,0.08623241633176804
XGBoost,time,3,1,1461,0.0,0.030368532985448837
XGBoost,time,3,1,1462,0.0,0.017007090151309967
XGBoost,time,3,1,1463,0.0,0.014261352829635143
XGBoost,time,3,1,1464,0.0,0.014645194634795189
XGBoost,time,3,1,1465,0.0,0.11805097758769989
XGBoost,time,3,1,1466,0.0,0.018771937116980553
XGBoost,time,3,1,1467,0.0,0.02102470211684704
XGBoost,time,3,1,1468,0.0,0.02102470211684704
XGBoost,time,3,1,1469,0.0,0.06899116188287735
XGBoost,time,3,1,1470,0.0,0.021815085783600807
XGBoost,time,3,1,1471,0.0,0.03191334009170532
XGBoost,time,3,1,1472,0.0,0.024871734902262688
XGBoost,time,3,1,1473,0.0,0.01848256029188633
XGBoost,time,3,1,1474,0.0,0.01789480447769165
XGBoost,time,3,1,1475,0.0,0.01402354333549738
XGBoost,time,3,1,1476,0.0,0.013462814502418041
XGBoost,time,3,1,1477,0.0,0.016731958836317062
XGBoost,time,3,1,1478,0.0,0.04796786978840828
XGBoost,time,3,1,1479,0.0,0.088993601500988
XGBoost,time,3,1,1480,1.0,0.011970152147114277
XGBoost,time,3,1,1481,0.0,0.07585931569337845
XGBoost,time,3,1,1482,0.0,0.015473400242626667
XGBoost,time,3,1,1483,0.0,0.013017039746046066
XGBoost,time,3,1,1484,0.0,0.018456101417541504
XGBoost,time,3,1,1485,0.0,0.015067433938384056
XGBoost,time,3,1,1486,0.0,0.017940962687134743
XGBoost,time,3,1,1487,0.0,0.012434262782335281
XGBoost,time,3,1,1488,1.0,0.02884390577673912
XGBoost,time,3,1,1489,0.0,0.11885858327150345
XGBoost,time,3,1,1490,0.0,0.029859082773327827
XGBoost,time,3,1,1491,0.0,0.030359026044607162
XGBoost,time,3,1,1492,0.0,0.029859082773327827
XGBoost,time,3,1,1493,1.0,0.03161579743027687
XGBoost,time,3,1,1494,0.0,0.10444802045822144
XGBoost,time,3,1,1495,0.0,0.029732976108789444
XGBoost,time,3,1,1496,0.0,0.029859082773327827
XGBoost,time,3,1,1497,0.0,0.02231946773827076
XGBoost,time,3,1,1498,0.0,0.029859082773327827
XGBoost,time,3,1,1499,0.0,0.2516067922115326
XGBoost,time,3,1,1500,0.0,0.04788937419652939
XGBoost,time,3,1,1501,0.0,0.02160368300974369
XGBoost,time,3,1,1502,0.0,0.03128567710518837
XGBoost,time,3,1,1503,0.0,0.09307611733675003
XGBoost,time,3,1,1504,0.0,0.02799713797867298
XGBoost,time,3,1,1505,0.0,0.15834009647369385
XGBoost,time,3,1,1506,0.0,0.017623787745833397
XGBoost,time,3,1,1507,0.0,0.014952238649129868
XGBoost,time,3,1,1508,0.0,0.018256157636642456
XGBoost,time,3,1,1509,0.0,0.25429800152778625
XGBoost,time,3,1,1510,0.0,0.0351315513253212
XGBoost,time,3,1,1511,0.0,0.03161579743027687
XGBoost,time,3,1,1512,0.0,0.03175868093967438
XGBoost,time,3,1,1513,0.0,0.05232347920536995
XGBoost,time,3,1,1514,0.0,0.031326331198215485
XGBoost,time,3,1,1515,1.0,0.03268105536699295
XGBoost,time,3,1,1516,0.0,0.11629921197891235
XGBoost,time,3,1,1517,0.0,0.032218512147665024
XGBoost,time,3,1,1518,0.0,0.032218512147665024
XGBoost,time,3,1,1519,0.0,0.09858880192041397
XGBoost,time,3,1,1520,0.0,0.06591815501451492
XGBoost,time,3,1,1521,0.0,0.06090396270155907
XGBoost,time,3,1,1522,0.0,0.058064114302396774
XGBoost,time,3,1,1523,0.0,0.14766721427440643
XGBoost,time,3,1,1524,0.0,0.04260009527206421
XGBoost,time,3,1,1525,0.0,0.06127054989337921
XGBoost,time,3,1,1526,0.0,0.14291924238204956
XGBoost,time,3,1,1527,0.0,0.16663120687007904
XGBoost,time,3,1,1528,0.0,0.3092186450958252
XGBoost,time,3,1,1529,0.0,0.03311595320701599
XGBoost,time,3,1,1530,0.0,0.025265038013458252
XGBoost,time,3,1,1531,0.0,0.1329507827758789
XGBoost,time,3,1,1532,0.0,0.026441046968102455
XGBoost,time,3,1,1533,0.0,0.058064114302396774
XGBoost,time,3,1,1534,0.0,0.34608590602874756
XGBoost,time,3,1,1535,0.0,0.08332695811986923
XGBoost,time,3,1,1536,0.0,0.026711594313383102
XGBoost,time,3,1,1537,0.0,0.06090396270155907
XGBoost,time,3,1,1538,0.0,0.2637779414653778
XGBoost,time,3,1,1539,0.0,0.3607094883918762
XGBoost,time,3,1,1540,0.0,0.12553520500659943
XGBoost,time,3,1,1541,0.0,0.05948648601770401
XGBoost,time,3,1,1542,1.0,0.0644734725356102
XGBoost,time,3,1,1543,0.0,0.24153190851211548
XGBoost,time,3,1,1544,0.0,0.17616137862205505
XGBoost,time,3,1,1545,0.0,0.17616137862205505
XGBoost,time,3,1,1546,1.0,0.1169845461845398
XGBoost,time,3,1,1547,0.0,0.20270967483520508
XGBoost,time,3,1,1548,0.0,0.14027754962444305
XGBoost,time,3,1,1549,0.0,0.08482425659894943
XGBoost,time,3,1,1550,0.0,0.15681491792201996
XGBoost,time,3,1,1551,0.0,0.10709323734045029
XGBoost,time,3,1,1552,0.0,0.036879245191812515
XGBoost,time,3,1,1553,0.0,0.27088725566864014
XGBoost,time,3,1,1554,0.0,0.03619377315044403
XGBoost,time,3,1,1555,0.0,0.08332695811986923
XGBoost,time,3,1,1556,0.0,0.037588126957416534
XGBoost,time,3,1,1557,0.0,0.06495912373065948
XGBoost,time,3,1,1558,0.0,0.09084708243608475
XGBoost,time,3,1,1559,0.0,0.041368868201971054
XGBoost,time,3,1,1560,0.0,0.020130706951022148
XGBoost,time,3,1,1561,0.0,0.021578989923000336
XGBoost,time,3,1,1562,1.0,0.020507443696260452
XGBoost,time,3,1,1563,0.0,0.2764028012752533
XGBoost,time,3,1,1564,0.0,0.03668443486094475
XGBoost,time,3,1,1565,0.0,0.14240901172161102
XGBoost,time,3,1,1566,0.0,0.1385391801595688
XGBoost,time,3,1,1567,0.0,0.04538872465491295
XGBoost,time,3,1,1568,0.0,0.03311595320701599
XGBoost,time,3,1,1569,0.0,0.03021593578159809
XGBoost,time,3,1,1570,0.0,0.02355715073645115
XGBoost,time,3,1,1571,0.0,0.020216936245560646
XGBoost,time,3,1,1572,0.0,0.0326601080596447
XGBoost,time,3,1,1573,0.0,0.3539038896560669
XGBoost,time,3,1,1574,0.0,0.09372255951166153
XGBoost,time,3,1,1575,0.0,0.17616137862205505
XGBoost,time,3,1,1576,0.0,0.018804853782057762
XGBoost,time,3,1,1577,0.0,0.019307896494865417
XGBoost,time,3,1,1578,0.0,0.020839644595980644
XGBoost,time,3,1,1579,0.0,0.019307896494865417
XGBoost,time,3,1,1580,0.0,0.019048182293772697
XGBoost,time,3,1,1581,0.0,0.019307896494865417
XGBoost,time,3,1,1582,0.0,0.014454997144639492
XGBoost,time,3,1,1583,0.0,0.014676461927592754
XGBoost,time,3,1,1584,0.0,0.09920734167098999
XGBoost,time,3,1,1585,0.0,0.014222879894077778
XGBoost,time,3,1,1586,0.0,0.019727131351828575
XGBoost,time,3,1,1587,0.0,0.025788769125938416
XGBoost,time,3,1,1588,0.0,0.019168686121702194
XGBoost,time,3,1,1589,0.0,0.01899934560060501
XGBoost,time,3,1,1590,0.0,0.02376338467001915
XGBoost,time,3,1,1591,0.0,0.025788769125938416
XGBoost,time,3,1,1592,0.0,0.0076415701769292355
XGBoost,time,3,1,1593,0.0,0.01321286428719759
XGBoost,time,3,1,1594,0.0,0.01624870114028454
XGBoost,time,3,1,1595,0.0,0.010042233392596245
XGBoost,time,3,1,1596,0.0,0.012504116632044315
XGBoost,time,3,1,1597,0.0,0.017257854342460632
XGBoost,time,3,1,1598,0.0,0.01364244893193245
XGBoost,time,3,1,1599,0.0,0.010612938553094864
XGBoost,time,3,1,1600,0.0,0.008920261636376381
XGBoost,time,3,1,1601,0.0,0.010042233392596245
XGBoost,time,3,1,1602,0.0,0.021870477125048637
XGBoost,time,3,1,1603,0.0,0.012188459746539593
XGBoost,time,3,1,1604,0.0,0.011465596966445446
XGBoost,time,3,1,1605,1.0,0.030313774943351746
XGBoost,time,3,1,1606,0.0,0.19890958070755005
XGBoost,time,3,1,1607,0.0,0.20515994727611542
XGBoost,time,3,1,1608,0.0,0.08476122468709946
XGBoost,time,3,1,1609,0.0,0.3212050497531891
XGBoost,time,3,1,1610,0.0,0.033923402428627014
XGBoost,time,3,1,1611,0.0,0.14338989555835724
XGBoost,time,3,1,1612,0.0,0.3884449303150177
XGBoost,time,3,1,1613,0.0,0.3461686968803406
XGBoost,time,3,1,1614,0.0,0.03161579743027687
XGBoost,time,3,1,1615,0.0,0.0934738740324974
XGBoost,time,3,1,1616,0.0,0.2852376401424408
XGBoost,time,3,1,1617,0.0,0.34954753518104553
XGBoost,time,3,1,1618,0.0,0.054679952561855316
XGBoost,time,3,1,1619,0.0,0.017337726429104805
XGBoost,time,3,1,1620,0.0,0.023091565817594528
XGBoost,time,3,1,1621,0.0,0.02594052068889141
XGBoost,time,3,1,1622,0.0,0.3591589331626892
XGBoost,time,3,1,1623,0.0,0.09505549818277359
XGBoost,time,3,1,1624,0.0,0.06081200763583183
XGBoost,time,3,1,1625,0.0,0.05392688512802124
XGBoost,time,3,1,1626,0.0,0.021578989923000336
XGBoost,time,3,1,1627,0.0,0.01909724809229374
XGBoost,time,3,1,1628,1.0,0.27102071046829224
XGBoost,time,3,1,1629,0.0,0.0847475677728653
XGBoost,time,3,1,1630,0.0,0.032800350338220596
XGBoost,time,3,1,1631,0.0,0.0369945727288723
XGBoost,time,3,1,1632,0.0,0.031146664172410965
XGBoost,time,3,1,1633,0.0,0.031146664172410965
XGBoost,time,3,1,1634,0.0,0.029330790042877197
XGBoost,time,3,1,1635,0.0,0.024090895429253578
XGBoost,time,3,1,1636,0.0,0.02886679582297802
XGBoost,time,3,1,1637,0.0,0.14295867085456848
XGBoost,time,3,1,1638,0.0,0.022685358300805092
XGBoost,time,3,1,1639,0.0,0.021578989923000336
XGBoost,time,3,1,1640,0.0,0.030852558091282845
XGBoost,time,3,1,1641,0.0,0.032976556569337845
XGBoost,time,3,1,1642,0.0,0.031146664172410965
XGBoost,time,3,1,1643,0.0,0.020610090345144272
XGBoost,time,3,1,1644,0.0,0.19173234701156616
XGBoost,time,3,1,1645,0.0,0.018114935606718063
XGBoost,time,3,1,1646,0.0,0.02538418397307396
XGBoost,time,3,1,1647,0.0,0.044085096567869186
XGBoost,time,3,1,1648,0.0,0.16918981075286865
XGBoost,time,3,2,1319,0.0,0.021031036972999573
XGBoost,time,3,2,1320,0.0,0.020642049610614777
XGBoost,time,3,2,1321,0.0,0.012416011653840542
XGBoost,time,3,2,1322,0.0,0.012610714882612228
XGBoost,time,3,2,1323,0.0,0.021031036972999573
XGBoost,time,3,2,1324,0.0,0.021031036972999573
XGBoost,time,3,2,1325,0.0,0.021031036972999573
XGBoost,time,3,2,1326,0.0,0.029373060911893845
XGBoost,time,3,2,1327,0.0,0.02683226391673088
XGBoost,time,3,2,1328,0.0,0.022319966927170753
XGBoost,time,3,2,1329,0.0,0.021031036972999573
XGBoost,time,3,2,1330,0.0,0.04769613593816757
XGBoost,time,3,2,1331,0.0,0.013059373013675213
XGBoost,time,3,2,1332,0.0,0.01566464826464653
XGBoost,time,3,2,1333,0.0,0.023201625794172287
XGBoost,time,3,2,1334,0.0,0.020737195387482643
XGBoost,time,3,2,1335,0.0,0.02174111269414425
XGBoost,time,3,2,1336,0.0,0.020642049610614777
XGBoost,time,3,2,1337,0.0,0.029373060911893845
XGBoost,time,3,2,1338,0.0,0.013786796480417252
XGBoost,time,3,2,1339,0.0,0.09551456570625305
XGBoost,time,3,2,1340,0.0,0.021031036972999573
XGBoost,time,3,2,1341,0.0,0.012416011653840542
XGBoost,time,3,2,1342,0.0,0.01703103817999363
XGBoost,time,3,2,1343,0.0,0.021031036972999573
XGBoost,time,3,2,1344,0.0,0.023140735924243927
XGBoost,time,3,2,1345,0.0,0.17898684740066528
XGBoost,time,3,2,1346,0.0,0.021031036972999573
XGBoost,time,3,2,1347,0.0,0.1446903795003891
XGBoost,time,3,2,1348,0.0,0.024702753871679306
XGBoost,time,3,2,1349,0.0,0.014698025770485401
XGBoost,time,3,2,1350,0.0,0.020642049610614777
XGBoost,time,3,2,1351,0.0,0.023954911157488823
XGBoost,time,3,2,1352,0.0,0.022319966927170753
XGBoost,time,3,2,1353,0.0,0.021031036972999573
XGBoost,time,3,2,1354,0.0,0.020992664620280266
XGBoost,time,3,2,1355,0.0,0.02415260300040245
XGBoost,time,3,2,1356,0.0,0.021031036972999573
XGBoost,time,3,2,1357,0.0,0.024702753871679306
XGBoost,time,3,2,1358,0.0,0.021031036972999573
XGBoost,time,3,2,1359,0.0,0.014276692643761635
XGBoost,time,3,2,1360,0.0,0.019865918904542923
XGBoost,time,3,2,1361,0.0,0.019865918904542923
XGBoost,time,3,2,1362,0.0,0.013059373013675213
XGBoost,time,3,2,1363,0.0,0.12226700037717819
XGBoost,time,3,2,1364,0.0,0.02174111269414425
XGBoost,time,3,2,1365,0.0,0.02683226391673088
XGBoost,time,3,2,1366,1.0,0.02174111269414425
XGBoost,time,3,2,1367,0.0,0.12027662992477417
XGBoost,time,3,2,1368,0.0,0.024775948375463486
XGBoost,time,3,2,1369,0.0,0.0276989433914423
XGBoost,time,3,2,1370,0.0,0.02555006742477417
XGBoost,time,3,2,1371,0.0,0.09383885562419891
XGBoost,time,3,2,1372,0.0,0.026029085740447044
XGBoost,time,3,2,1373,0.0,0.0276989433914423
XGBoost,time,3,2,1374,0.0,0.0276989433914423
XGBoost,time,3,2,1375,0.0,0.02708391845226288
XGBoost,time,3,2,1376,0.0,0.026029085740447044
XGBoost,time,3,2,1377,0.0,0.026029085740447044
XGBoost,time,3,2,1378,0.0,0.026468729600310326
XGBoost,time,3,2,1379,1.0,0.025981836020946503
XGBoost,time,3,2,1380,0.0,0.10786358267068863
XGBoost,time,3,2,1381,0.0,0.024224206805229187
XGBoost,time,3,2,1382,0.0,0.026029085740447044
XGBoost,time,3,2,1383,0.0,0.02708391845226288
XGBoost,time,3,2,1384,0.0,0.026246992871165276
XGBoost,time,3,2,1385,0.0,0.025010058656334877
XGBoost,time,3,2,1386,0.0,0.025010058656334877
XGBoost,time,3,2,1387,0.0,0.15121644735336304
XGBoost,time,3,2,1388,0.0,0.026468729600310326
XGBoost,time,3,2,1389,0.0,0.013283277861773968
XGBoost,time,3,2,1390,0.0,0.02754087559878826
XGBoost,time,3,2,1391,0.0,0.026029085740447044
XGBoost,time,3,2,1392,0.0,0.02399761974811554
XGBoost,time,3,2,1393,0.0,0.020737195387482643
XGBoost,time,3,2,1394,0.0,0.024702753871679306
XGBoost,time,3,2,1395,0.0,0.016802063211798668
XGBoost,time,3,2,1396,0.0,0.018177935853600502
XGBoost,time,3,2,1397,0.0,0.01654370129108429
XGBoost,time,3,2,1398,0.0,0.021511653438210487
XGBoost,time,3,2,1399,0.0,0.10084003210067749
XGBoost,time,3,2,1400,0.0,0.0232471264898777
XGBoost,time,3,2,1401,0.0,0.024493113160133362
XGBoost,time,3,2,1402,0.0,0.012610714882612228
XGBoost,time,3,2,1403,0.0,0.016165927052497864
XGBoost,time,3,2,1404,0.0,0.024561353027820587
XGBoost,time,3,2,1405,0.0,0.023400479927659035
XGBoost,time,3,2,1406,0.0,0.022850045934319496
XGBoost,time,3,2,1407,0.0,0.09107743948698044
XGBoost,time,3,2,1408,0.0,0.027807697653770447
XGBoost,time,3,2,1409,0.0,0.02227279171347618
XGBoost,time,3,2,1410,0.0,0.02227279171347618
XGBoost,time,3,2,1411,0.0,0.021839682012796402
XGBoost,time,3,2,1412,0.0,0.021423565223813057
XGBoost,time,3,2,1413,0.0,0.013060257770121098
XGBoost,time,3,2,1414,0.0,0.013447117991745472
XGBoost,time,3,2,1415,0.0,0.022062130272388458
XGBoost,time,3,2,1416,0.0,0.013736537657678127
XGBoost,time,3,2,1417,0.0,0.029962951317429543
XGBoost,time,3,2,1418,0.0,0.012132816947996616
XGBoost,time,3,2,1419,0.0,0.011945403181016445
XGBoost,time,3,2,1420,0.0,0.02252301760017872
XGBoost,time,3,2,1421,0.0,0.024662578478455544
XGBoost,time,3,2,1422,0.0,0.01485775038599968
XGBoost,time,3,2,1423,0.0,0.01485775038599968
XGBoost,time,3,2,1424,0.0,0.011945403181016445
XGBoost,time,3,2,1425,0.0,0.011945403181016445
XGBoost,time,3,2,1426,0.0,0.012564687989652157
XGBoost,time,3,2,1427,0.0,0.012132816947996616
XGBoost,time,3,2,1428,0.0,0.01231775525957346
XGBoost,time,3,2,1429,0.0,0.01485775038599968
XGBoost,time,3,2,1430,0.0,0.07843660563230515
XGBoost,time,3,2,1431,0.0,0.01485775038599968
XGBoost,time,3,2,1432,0.0,0.012682019732892513
XGBoost,time,3,2,1433,0.0,0.01485775038599968
XGBoost,time,3,2,1434,0.0,0.013587025925517082
XGBoost,time,3,2,1435,0.0,0.015441304072737694
XGBoost,time,3,2,1436,0.0,0.015441304072737694
XGBoost,time,3,2,1437,0.0,0.016876831650733948
XGBoost,time,3,2,1438,0.0,0.0157498549669981
XGBoost,time,3,2,1439,0.0,0.0157498549669981
XGBoost,time,3,2,1440,0.0,0.022062130272388458
XGBoost,time,3,2,1441,0.0,0.07388641685247421
XGBoost,time,3,2,1442,0.0,0.01756897196173668
XGBoost,time,3,2,1443,0.0,0.016829095780849457
XGBoost,time,3,2,1444,0.0,0.020203622058033943
XGBoost,time,3,2,1445,0.0,0.013736537657678127
XGBoost,time,3,2,1446,0.0,0.020203622058033943
XGBoost,time,3,2,1447,0.0,0.019865918904542923
XGBoost,time,3,2,1448,0.0,0.013574185781180859
XGBoost,time,3,2,1449,0.0,0.014562022872269154
XGBoost,time,3,2,1450,0.0,0.019865918904542923
XGBoost,time,3,2,1451,0.0,0.019865918904542923
XGBoost,time,3,2,1452,0.0,0.020203622058033943
XGBoost,time,3,2,1453,0.0,0.016876831650733948
XGBoost,time,3,2,1454,0.0,0.01351617556065321
XGBoost,time,3,2,1455,0.0,0.02321559749543667
XGBoost,time,3,2,1456,0.0,0.0157498549669981
XGBoost,time,3,2,1457,0.0,0.04885093495249748
XGBoost,time,3,2,1458,0.0,0.015441304072737694
XGBoost,time,3,2,1459,0.0,0.016876831650733948
XGBoost,time,3,2,1460,0.0,0.07003623992204666
XGBoost,time,3,2,1461,0.0,0.0232471264898777
XGBoost,time,3,2,1462,0.0,0.014838318340480328
XGBoost,time,3,2,1463,0.0,0.022259172052145004
XGBoost,time,3,2,1464,0.0,0.016628049314022064
XGBoost,time,3,2,1465,0.0,0.11248254776000977
XGBoost,time,3,2,1466,0.0,0.021031036972999573
XGBoost,time,3,2,1467,0.0,0.021511653438210487
XGBoost,time,3,2,1468,0.0,0.021511653438210487
XGBoost,time,3,2,1469,0.0,0.0775117576122284
XGBoost,time,3,2,1470,0.0,0.024702753871679306
XGBoost,time,3,2,1471,0.0,0.026503881439566612
XGBoost,time,3,2,1472,0.0,0.023400479927659035
XGBoost,time,3,2,1473,0.0,0.022691141813993454
XGBoost,time,3,2,1474,0.0,0.020203622058033943
XGBoost,time,3,2,1475,0.0,0.020203622058033943
XGBoost,time,3,2,1476,0.0,0.017210017889738083
XGBoost,time,3,2,1477,0.0,0.018490420654416084
XGBoost,time,3,2,1478,0.0,0.05787714570760727
XGBoost,time,3,2,1479,0.0,0.09375673532485962
XGBoost,time,3,2,1480,1.0,0.015513170510530472
XGBoost,time,3,2,1481,0.0,0.07224344462156296
XGBoost,time,3,2,1482,0.0,0.016628049314022064
XGBoost,time,3,2,1483,0.0,0.015744592994451523
XGBoost,time,3,2,1484,0.0,0.0180731900036335
XGBoost,time,3,2,1485,0.0,0.016876831650733948
XGBoost,time,3,2,1486,0.0,0.021031036972999573
XGBoost,time,3,2,1487,0.0,0.014562022872269154
XGBoost,time,3,2,1488,1.0,0.02555006742477417
XGBoost,time,3,2,1489,0.0,0.08871902525424957
XGBoost,time,3,2,1490,0.0,0.026029085740447044
XGBoost,time,3,2,1491,0.0,0.026029085740447044
XGBoost,time,3,2,1492,0.0,0.026029085740447044
XGBoost,time,3,2,1493,1.0,0.026029085740447044
XGBoost,time,3,2,1494,0.0,0.13835860788822174
XGBoost,time,3,2,1495,0.0,0.02555006742477417
XGBoost,time,3,2,1496,0.0,0.026029085740447044
XGBoost,time,3,2,1497,0.0,0.02555006742477417
XGBoost,time,3,2,1498,0.0,0.026029085740447044
XGBoost,time,3,2,1499,0.0,0.21584132313728333
XGBoost,time,3,2,1500,0.0,0.03636140748858452
XGBoost,time,3,2,1501,0.0,0.02708391845226288
XGBoost,time,3,2,1502,0.0,0.026131197810173035
XGBoost,time,3,2,1503,0.0,0.09383885562419891
XGBoost,time,3,2,1504,0.0,0.02708391845226288
XGBoost,time,3,2,1505,0.0,0.1348862648010254
XGBoost,time,3,2,1506,0.0,0.01625446416437626
XGBoost,time,3,2,1507,0.0,0.01452114712446928
XGBoost,time,3,2,1508,0.0,0.01683053933084011
XGBoost,time,3,2,1509,0.0,0.21584132313728333
XGBoost,time,3,2,1510,0.0,0.027350619435310364
XGBoost,time,3,2,1511,0.0,0.026029085740447044
XGBoost,time,3,2,1512,0.0,0.026029085740447044
XGBoost,time,3,2,1513,0.0,0.03709029033780098
XGBoost,time,3,2,1514,0.0,0.026029085740447044
XGBoost,time,3,2,1515,1.0,0.0267189908772707
XGBoost,time,3,2,1516,0.0,0.13383762538433075
XGBoost,time,3,2,1517,0.0,0.026029085740447044
XGBoost,time,3,2,1518,0.0,0.026029085740447044
XGBoost,time,3,2,1519,0.0,0.09268603473901749
XGBoost,time,3,2,1520,0.0,0.038886964321136475
XGBoost,time,3,2,1521,0.0,0.037401195615530014
XGBoost,time,3,2,1522,0.0,0.046851035207509995
XGBoost,time,3,2,1523,0.0,0.16937227547168732
XGBoost,time,3,2,1524,0.0,0.02871757559478283
XGBoost,time,3,2,1525,0.0,0.046851035207509995
XGBoost,time,3,2,1526,0.0,0.1570202112197876
XGBoost,time,3,2,1527,0.0,0.10776423662900925
XGBoost,time,3,2,1528,0.0,0.2607969045639038
XGBoost,time,3,2,1529,0.0,0.02505558356642723
XGBoost,time,3,2,1530,0.0,0.026029085740447044
XGBoost,time,3,2,1531,0.0,0.1261739283800125
XGBoost,time,3,2,1532,0.0,0.026029085740447044
XGBoost,time,3,2,1533,0.0,0.046851035207509995
XGBoost,time,3,2,1534,0.0,0.3256896734237671
XGBoost,time,3,2,1535,0.0,0.0552898608148098
XGBoost,time,3,2,1536,0.0,0.026029085740447044
XGBoost,time,3,2,1537,0.0,0.037401195615530014
XGBoost,time,3,2,1538,0.0,0.21584132313728333
XGBoost,time,3,2,1539,0.0,0.31331756711006165
XGBoost,time,3,2,1540,0.0,0.08277890831232071
XGBoost,time,3,2,1541,0.0,0.046169061213731766
XGBoost,time,3,2,1542,1.0,0.046851035207509995
XGBoost,time,3,2,1543,0.0,0.17690367996692657
XGBoost,time,3,2,1544,0.0,0.10776423662900925
XGBoost,time,3,2,1545,0.0,0.10776423662900925
XGBoost,time,3,2,1546,1.0,0.06772992759943008
XGBoost,time,3,2,1547,0.0,0.17002436518669128
XGBoost,time,3,2,1548,0.0,0.15410101413726807
XGBoost,time,3,2,1549,0.0,0.05149095878005028
XGBoost,time,3,2,1550,0.0,0.15627773106098175
XGBoost,time,3,2,1551,0.0,0.0631929561495781
XGBoost,time,3,2,1552,0.0,0.02505558356642723
XGBoost,time,3,2,1553,0.0,0.23155032098293304
XGBoost,time,3,2,1554,0.0,0.025240829214453697
XGBoost,time,3,2,1555,0.0,0.0552898608148098
XGBoost,time,3,2,1556,0.0,0.02821708470582962
XGBoost,time,3,2,1557,0.0,0.04122228920459747
XGBoost,time,3,2,1558,0.0,0.0413920134305954
XGBoost,time,3,2,1559,0.0,0.02120482362806797
XGBoost,time,3,2,1560,0.0,0.016308382153511047
XGBoost,time,3,2,1561,0.0,0.017480460926890373
XGBoost,time,3,2,1562,1.0,0.01661708950996399
XGBoost,time,3,2,1563,0.0,0.24911577999591827
XGBoost,time,3,2,1564,0.0,0.02871757559478283
XGBoost,time,3,2,1565,0.0,0.14776389300823212
XGBoost,time,3,2,1566,0.0,0.12911657989025116
XGBoost,time,3,2,1567,0.0,0.02821708470582962
XGBoost,time,3,2,1568,0.0,0.02505558356642723
XGBoost,time,3,2,1569,0.0,0.025010058656334877
XGBoost,time,3,2,1570,0.0,0.01782902143895626
XGBoost,time,3,2,1571,0.0,0.015153063461184502
XGBoost,time,3,2,1572,0.0,0.01720406673848629
XGBoost,time,3,2,1573,0.0,0.2721686363220215
XGBoost,time,3,2,1574,0.0,0.06772992759943008
XGBoost,time,3,2,1575,0.0,0.10776423662900925
XGBoost,time,3,2,1576,0.0,0.020240582525730133
XGBoost,time,3,2,1577,0.0,0.019865918904542923
XGBoost,time,3,2,1578,0.0,0.020924536511301994
XGBoost,time,3,2,1579,0.0,0.019865918904542923
XGBoost,time,3,2,1580,0.0,0.020203622058033943
XGBoost,time,3,2,1581,0.0,0.019865918904542923
XGBoost,time,3,2,1582,0.0,0.019865918904542923
XGBoost,time,3,2,1583,0.0,0.019865918904542923
XGBoost,time,3,2,1584,0.0,0.07447701692581177
XGBoost,time,3,2,1585,0.0,0.019865918904542923
XGBoost,time,3,2,1586,0.0,0.021423565223813057
XGBoost,time,3,2,1587,0.0,0.02252301760017872
XGBoost,time,3,2,1588,0.0,0.021839682012796402
XGBoost,time,3,2,1589,0.0,0.019865918904542923
XGBoost,time,3,2,1590,0.0,0.02227279171347618
XGBoost,time,3,2,1591,0.0,0.02252301760017872
XGBoost,time,3,2,1592,0.0,0.011710495688021183
XGBoost,time,3,2,1593,0.0,0.01514976192265749
XGBoost,time,3,2,1594,0.0,0.016564179211854935
XGBoost,time,3,2,1595,0.0,0.013264928013086319
XGBoost,time,3,2,1596,0.0,0.01514976192265749
XGBoost,time,3,2,1597,0.0,0.018490420654416084
XGBoost,time,3,2,1598,0.0,0.013736537657678127
XGBoost,time,3,2,1599,0.0,0.013264928013086319
XGBoost,time,3,2,1600,0.0,0.012132816947996616
XGBoost,time,3,2,1601,0.0,0.013264928013086319
XGBoost,time,3,2,1602,0.0,0.02464727684855461
XGBoost,time,3,2,1603,0.0,0.01483816560357809
XGBoost,time,3,2,1604,0.0,0.014300452545285225
XGBoost,time,3,2,1605,1.0,0.02850821614265442
XGBoost,time,3,2,1606,0.0,0.20903606712818146
XGBoost,time,3,2,1607,0.0,0.17239806056022644
XGBoost,time,3,2,1608,0.0,0.06772992759943008
XGBoost,time,3,2,1609,0.0,0.2858259975910187
XGBoost,time,3,2,1610,0.0,0.025240829214453697
XGBoost,time,3,2,1611,0.0,0.09508801251649857
XGBoost,time,3,2,1612,0.0,0.34995874762535095
XGBoost,time,3,2,1613,0.0,0.26931339502334595
XGBoost,time,3,2,1614,0.0,0.026029085740447044
XGBoost,time,3,2,1615,0.0,0.05354645475745201
XGBoost,time,3,2,1616,0.0,0.2398495376110077
XGBoost,time,3,2,1617,0.0,0.3189701735973358
XGBoost,time,3,2,1618,0.0,0.046851035207509995
XGBoost,time,3,2,1619,0.0,0.014882568269968033
XGBoost,time,3,2,1620,0.0,0.01782902143895626
XGBoost,time,3,2,1621,0.0,0.017341934144496918
XGBoost,time,3,2,1622,0.0,0.321419358253479
XGBoost,time,3,2,1623,0.0,0.0899425745010376
XGBoost,time,3,2,1624,0.0,0.05554645135998726
XGBoost,time,3,2,1625,0.0,0.05182905122637749
XGBoost,time,3,2,1626,0.0,0.017480460926890373
XGBoost,time,3,2,1627,0.0,0.014882568269968033
XGBoost,time,3,2,1628,1.0,0.25030675530433655
XGBoost,time,3,2,1629,0.0,0.10878299921751022
XGBoost,time,3,2,1630,0.0,0.01642591319978237
XGBoost,time,3,2,1631,0.0,0.018458010628819466
XGBoost,time,3,2,1632,0.0,0.024594029411673546
XGBoost,time,3,2,1633,0.0,0.024594029411673546
XGBoost,time,3,2,1634,0.0,0.026072021573781967
XGBoost,time,3,2,1635,0.0,0.024594029411673546
XGBoost,time,3,2,1636,0.0,0.026072021573781967
XGBoost,time,3,2,1637,0.0,0.16816771030426025
XGBoost,time,3,2,1638,0.0,0.026072021573781967
XGBoost,time,3,2,1639,0.0,0.017480460926890373
XGBoost,time,3,2,1640,0.0,0.025720369070768356
XGBoost,time,3,2,1641,0.0,0.024594029411673546
XGBoost,time,3,2,1642,0.0,0.024594029411673546
XGBoost,time,3,2,1643,0.0,0.014963431283831596
XGBoost,time,3,2,1644,0.0,0.18090008199214935
XGBoost,time,3,2,1645,0.0,0.014882568269968033
XGBoost,time,3,2,1646,0.0,0.01904773712158203
XGBoost,time,3,2,1647,0.0,0.04621347039937973
XGBoost,time,3,2,1648,0.0,0.15108424425125122
XGBoost,time,3,3,1319,0.0,0.02071487344801426
XGBoost,time,3,3,1320,0.0,0.018734201788902283
XGBoost,time,3,3,1321,0.0,0.007426280993968248
XGBoost,time,3,3,1322,0.0,0.00923303421586752
XGBoost,time,3,3,1323,0.0,0.02071487344801426
XGBoost,time,3,3,1324,0.0,0.02071487344801426
XGBoost,time,3,3,1325,0.0,0.02071487344801426
XGBoost,time,3,3,1326,0.0,0.018420739099383354
XGBoost,time,3,3,1327,0.0,0.024674488231539726
XGBoost,time,3,3,1328,0.0,0.021984867751598358
XGBoost,time,3,3,1329,0.0,0.02071487344801426
XGBoost,time,3,3,1330,0.0,0.05575588718056679
XGBoost,time,3,3,1331,0.0,0.013582859188318253
XGBoost,time,3,3,1332,0.0,0.013280722312629223
XGBoost,time,3,3,1333,0.0,0.036166105419397354
XGBoost,time,3,3,1334,0.0,0.019472328945994377
XGBoost,time,3,3,1335,0.0,0.0235719233751297
XGBoost,time,3,3,1336,0.0,0.02033280022442341
XGBoost,time,3,3,1337,0.0,0.018420739099383354
XGBoost,time,3,3,1338,0.0,0.009072605520486832
XGBoost,time,3,3,1339,0.0,0.09190408140420914
XGBoost,time,3,3,1340,0.0,0.02071487344801426
XGBoost,time,3,3,1341,0.0,0.007740616798400879
XGBoost,time,3,3,1342,0.0,0.020942114293575287
XGBoost,time,3,3,1343,0.0,0.02071487344801426
XGBoost,time,3,3,1344,0.0,0.022846005856990814
XGBoost,time,3,3,1345,0.0,0.18032078444957733
XGBoost,time,3,3,1346,0.0,0.02071487344801426
XGBoost,time,3,3,1347,0.0,0.15402944386005402
XGBoost,time,3,3,1348,0.0,0.04310927167534828
XGBoost,time,3,3,1349,0.0,0.015234814956784248
XGBoost,time,3,3,1350,0.0,0.02033280022442341
XGBoost,time,3,3,1351,0.0,0.03800681233406067
XGBoost,time,3,3,1352,0.0,0.021984867751598358
XGBoost,time,3,3,1353,0.0,0.02071487344801426
XGBoost,time,3,3,1354,0.0,0.02067827433347702
XGBoost,time,3,3,1355,0.0,0.03814537078142166
XGBoost,time,3,3,1356,0.0,0.02071487344801426
XGBoost,time,3,3,1357,0.0,0.03201642259955406
XGBoost,time,3,3,1358,0.0,0.02071487344801426
XGBoost,time,3,3,1359,0.0,0.015398061834275723
XGBoost,time,3,3,1360,0.0,0.0195680633187294
XGBoost,time,3,3,1361,0.0,0.0195680633187294
XGBoost,time,3,3,1362,0.0,0.013582859188318253
XGBoost,time,3,3,1363,0.0,0.11777687817811966
XGBoost,time,3,3,1364,0.0,0.021414505317807198
XGBoost,time,3,3,1365,0.0,0.022742463275790215
XGBoost,time,3,3,1366,1.0,0.021414505317807198
XGBoost,time,3,3,1367,0.0,0.17897114157676697
XGBoost,time,3,3,1368,0.0,0.03244477137923241
XGBoost,time,3,3,1369,0.0,0.030978702008724213
XGBoost,time,3,3,1370,0.0,0.023728670552372932
XGBoost,time,3,3,1371,0.0,0.08384092897176743
XGBoost,time,3,3,1372,0.0,0.025675442069768906
XGBoost,time,3,3,1373,0.0,0.030978702008724213
XGBoost,time,3,3,1374,0.0,0.053382087498903275
XGBoost,time,3,3,1375,0.0,0.0400623083114624
XGBoost,time,3,3,1376,0.0,0.02950458973646164
XGBoost,time,3,3,1377,0.0,0.027849528938531876
XGBoost,time,3,3,1378,0.0,0.029425818473100662
XGBoost,time,3,3,1379,1.0,0.028048662468791008
XGBoost,time,3,3,1380,0.0,0.10319980978965759
XGBoost,time,3,3,1381,0.0,0.027553150430321693
XGBoost,time,3,3,1382,0.0,0.025675442069768906
XGBoost,time,3,3,1383,0.0,0.02689678780734539
XGBoost,time,3,3,1384,0.0,0.044840991497039795
XGBoost,time,3,3,1385,0.0,0.026762742549180984
XGBoost,time,3,3,1386,0.0,0.026762742549180984
XGBoost,time,3,3,1387,0.0,0.12234974652528763
XGBoost,time,3,3,1388,0.0,0.03393328934907913
XGBoost,time,3,3,1389,0.0,0.009764456190168858
XGBoost,time,3,3,1390,0.0,0.0512889139354229
XGBoost,time,3,3,1391,0.0,0.027849528938531876
XGBoost,time,3,3,1392,0.0,0.023637935519218445
XGBoost,time,3,3,1393,0.0,0.020425356924533844
XGBoost,time,3,3,1394,0.0,0.04483592510223389
XGBoost,time,3,3,1395,0.0,0.02066166140139103
XGBoost,time,3,3,1396,0.0,0.023998793214559555
XGBoost,time,3,3,1397,0.0,0.01435262430459261
XGBoost,time,3,3,1398,0.0,0.025528574362397194
XGBoost,time,3,3,1399,0.0,0.09506560862064362
XGBoost,time,3,3,1400,0.0,0.021371321752667427
XGBoost,time,3,3,1401,0.0,0.03956691175699234
XGBoost,time,3,3,1402,0.0,0.00923303421586752
XGBoost,time,3,3,1403,0.0,0.01659717783331871
XGBoost,time,3,3,1404,0.0,0.024597380310297012
XGBoost,time,3,3,1405,0.0,0.041030894964933395
XGBoost,time,3,3,1406,0.0,0.022507164627313614
XGBoost,time,3,3,1407,0.0,0.08761841058731079
XGBoost,time,3,3,1408,0.0,0.04148995876312256
XGBoost,time,3,3,1409,0.0,0.019115908071398735
XGBoost,time,3,3,1410,0.0,0.021500300616025925
XGBoost,time,3,3,1411,0.0,0.03455674275755882
XGBoost,time,3,3,1412,0.0,0.02176576852798462
XGBoost,time,3,3,1413,0.0,0.008331884630024433
XGBoost,time,3,3,1414,0.0,0.010499335825443268
XGBoost,time,3,3,1415,0.0,0.013020195998251438
XGBoost,time,3,3,1416,0.0,0.013412181288003922
XGBoost,time,3,3,1417,0.0,0.031224964186549187
XGBoost,time,3,3,1418,0.0,0.006725699175149202
XGBoost,time,3,3,1419,0.0,0.005740451160818338
XGBoost,time,3,3,1420,0.0,0.022056931629776955
XGBoost,time,3,3,1421,0.0,0.02227129600942135
XGBoost,time,3,3,1422,0.0,0.013791530393064022
XGBoost,time,3,3,1423,0.0,0.013535574078559875
XGBoost,time,3,3,1424,0.0,0.005740451160818338
XGBoost,time,3,3,1425,0.0,0.006020125467330217
XGBoost,time,3,3,1426,0.0,0.009906090795993805
XGBoost,time,3,3,1427,0.0,0.006725699175149202
XGBoost,time,3,3,1428,0.0,0.00788302905857563
XGBoost,time,3,3,1429,0.0,0.013027171604335308
XGBoost,time,3,3,1430,0.0,0.03936689719557762
XGBoost,time,3,3,1431,0.0,0.013027171604335308
XGBoost,time,3,3,1432,0.0,0.010546999983489513
XGBoost,time,3,3,1433,0.0,0.01536754984408617
XGBoost,time,3,3,1434,0.0,0.010523160919547081
XGBoost,time,3,3,1435,0.0,0.015970800071954727
XGBoost,time,3,3,1436,0.0,0.015970800071954727
XGBoost,time,3,3,1437,0.0,0.018630413338541985
XGBoost,time,3,3,1438,0.0,0.019563648849725723
XGBoost,time,3,3,1439,0.0,0.01764523983001709
XGBoost,time,3,3,1440,0.0,0.01655571535229683
XGBoost,time,3,3,1441,0.0,0.08288437873125076
XGBoost,time,3,3,1442,0.0,0.024812480434775352
XGBoost,time,3,3,1443,0.0,0.020092638209462166
XGBoost,time,3,3,1444,0.0,0.022967390716075897
XGBoost,time,3,3,1445,0.0,0.015227713622152805
XGBoost,time,3,3,1446,0.0,0.01895761676132679
XGBoost,time,3,3,1447,0.0,0.0195680633187294
XGBoost,time,3,3,1448,0.0,0.008122837170958519
XGBoost,time,3,3,1449,0.0,0.010173358954489231
XGBoost,time,3,3,1450,0.0,0.0195680633187294
XGBoost,time,3,3,1451,0.0,0.022007588297128677
XGBoost,time,3,3,1452,0.0,0.02367371693253517
XGBoost,time,3,3,1453,0.0,0.0161728598177433
XGBoost,time,3,3,1454,0.0,0.008576346561312675
XGBoost,time,3,3,1455,0.0,0.022867359220981598
XGBoost,time,3,3,1456,0.0,0.02032189443707466
XGBoost,time,3,3,1457,0.0,0.05435583367943764
XGBoost,time,3,3,1458,0.0,0.015970800071954727
XGBoost,time,3,3,1459,0.0,0.018215151503682137
XGBoost,time,3,3,1460,0.0,0.06772821396589279
XGBoost,time,3,3,1461,0.0,0.02266296185553074
XGBoost,time,3,3,1462,0.0,0.014068256132304668
XGBoost,time,3,3,1463,0.0,0.019975217059254646
XGBoost,time,3,3,1464,0.0,0.015039421617984772
XGBoost,time,3,3,1465,0.0,0.1105373278260231
XGBoost,time,3,3,1466,0.0,0.02100393921136856
XGBoost,time,3,3,1467,0.0,0.02231701835989952
XGBoost,time,3,3,1468,0.0,0.02231701835989952
XGBoost,time,3,3,1469,0.0,0.07010827213525772
XGBoost,time,3,3,1470,0.0,0.028897615149617195
XGBoost,time,3,3,1471,0.0,0.029737859964370728
XGBoost,time,3,3,1472,0.0,0.0362522229552269
XGBoost,time,3,3,1473,0.0,0.03126122057437897
XGBoost,time,3,3,1474,0.0,0.017301367595791817
XGBoost,time,3,3,1475,0.0,0.015937218442559242
XGBoost,time,3,3,1476,0.0,0.017861507833003998
XGBoost,time,3,3,1477,0.0,0.01884627155959606
XGBoost,time,3,3,1478,0.0,0.052242837846279144
XGBoost,time,3,3,1479,0.0,0.08118006587028503
XGBoost,time,3,3,1480,1.0,0.00950690545141697
XGBoost,time,3,3,1481,0.0,0.06915607303380966
XGBoost,time,3,3,1482,0.0,0.01672671176493168
XGBoost,time,3,3,1483,0.0,0.013916957192122936
XGBoost,time,3,3,1484,0.0,0.02097911760210991
XGBoost,time,3,3,1485,0.0,0.015289739705622196
XGBoost,time,3,3,1486,0.0,0.01825726591050625
XGBoost,time,3,3,1487,0.0,0.009966528974473476
XGBoost,time,3,3,1488,1.0,0.02411532960832119
XGBoost,time,3,3,1489,0.0,0.13759855926036835
XGBoost,time,3,3,1490,0.0,0.02456669881939888
XGBoost,time,3,3,1491,0.0,0.02456669881939888
XGBoost,time,3,3,1492,0.0,0.02456669881939888
XGBoost,time,3,3,1493,1.0,0.02456669881939888
XGBoost,time,3,3,1494,0.0,0.1211489588022232
XGBoost,time,3,3,1495,0.0,0.02411532960832119
XGBoost,time,3,3,1496,0.0,0.02456669881939888
XGBoost,time,3,3,1497,0.0,0.01859975978732109
XGBoost,time,3,3,1498,0.0,0.02456669881939888
XGBoost,time,3,3,1499,0.0,0.1956784576177597
XGBoost,time,3,3,1500,0.0,0.03207395225763321
XGBoost,time,3,3,1501,0.0,0.027073390781879425
XGBoost,time,3,3,1502,0.0,0.024665221571922302
XGBoost,time,3,3,1503,0.0,0.09378889203071594
XGBoost,time,3,3,1504,0.0,0.03503480926156044
XGBoost,time,3,3,1505,0.0,0.22217249870300293
XGBoost,time,3,3,1506,0.0,0.011593831703066826
XGBoost,time,3,3,1507,0.0,0.009261627681553364
XGBoost,time,3,3,1508,0.0,0.009945203550159931
XGBoost,time,3,3,1509,0.0,0.2170839011669159
XGBoost,time,3,3,1510,0.0,0.02581595443189144
XGBoost,time,3,3,1511,0.0,0.02456669881939888
XGBoost,time,3,3,1512,0.0,0.027849528938531876
XGBoost,time,3,3,1513,0.0,0.037050750106573105
XGBoost,time,3,3,1514,0.0,0.027849528938531876
XGBoost,time,3,3,1515,1.0,0.02858627401292324
XGBoost,time,3,3,1516,0.0,0.1382206380367279
XGBoost,time,3,3,1517,0.0,0.031288545578718185
XGBoost,time,3,3,1518,0.0,0.02952088974416256
XGBoost,time,3,3,1519,0.0,0.09921418875455856
XGBoost,time,3,3,1520,0.0,0.03884558379650116
XGBoost,time,3,3,1521,0.0,0.03736133128404617
XGBoost,time,3,3,1522,0.0,0.047147300094366074
XGBoost,time,3,3,1523,0.0,0.18579362332820892
XGBoost,time,3,3,1524,0.0,0.03378267213702202
XGBoost,time,3,3,1525,0.0,0.05735065042972565
XGBoost,time,3,3,1526,0.0,0.17482803761959076
XGBoost,time,3,3,1527,0.0,0.12702476978302002
XGBoost,time,3,3,1528,0.0,0.2776610851287842
XGBoost,time,3,3,1529,0.0,0.0268098171800375
XGBoost,time,3,3,1530,0.0,0.021498700603842735
XGBoost,time,3,3,1531,0.0,0.12171280384063721
XGBoost,time,3,3,1532,0.0,0.025675442069768906
XGBoost,time,3,3,1533,0.0,0.048128023743629456
XGBoost,time,3,3,1534,0.0,0.37637877464294434
XGBoost,time,3,3,1535,0.0,0.06311221420764923
XGBoost,time,3,3,1536,0.0,0.021498700603842735
XGBoost,time,3,3,1537,0.0,0.03736133128404617
XGBoost,time,3,3,1538,0.0,0.2338789701461792
XGBoost,time,3,3,1539,0.0,0.3209540843963623
XGBoost,time,3,3,1540,0.0,0.08403534442186356
XGBoost,time,3,3,1541,0.0,0.04598348215222359
XGBoost,time,3,3,1542,1.0,0.05735065042972565
XGBoost,time,3,3,1543,0.0,0.195499986410141
XGBoost,time,3,3,1544,0.0,0.1391860842704773
XGBoost,time,3,3,1545,0.0,0.1391860842704773
XGBoost,time,3,3,1546,1.0,0.07716851681470871
XGBoost,time,3,3,1547,0.0,0.15914776921272278
XGBoost,time,3,3,1548,0.0,0.15782125294208527
XGBoost,time,3,3,1549,0.0,0.055504217743873596
XGBoost,time,3,3,1550,0.0,0.18549521267414093
XGBoost,time,3,3,1551,0.0,0.07204815000295639
XGBoost,time,3,3,1552,0.0,0.029494404792785645
XGBoost,time,3,3,1553,0.0,0.23748686909675598
XGBoost,time,3,3,1554,0.0,0.035676099359989166
XGBoost,time,3,3,1555,0.0,0.06311221420764923
XGBoost,time,3,3,1556,0.0,0.03155437856912613
XGBoost,time,3,3,1557,0.0,0.056022755801677704
XGBoost,time,3,3,1558,0.0,0.07254522293806076
XGBoost,time,3,3,1559,0.0,0.030999204143881798
XGBoost,time,3,3,1560,0.0,0.016498610377311707
XGBoost,time,3,3,1561,0.0,0.02086874283850193
XGBoost,time,3,3,1562,1.0,0.016810856759548187
XGBoost,time,3,3,1563,0.0,0.2687089741230011
XGBoost,time,3,3,1564,0.0,0.03255798667669296
XGBoost,time,3,3,1565,0.0,0.22966930270195007
XGBoost,time,3,3,1566,0.0,0.1545618772506714
XGBoost,time,3,3,1567,0.0,0.05076233670115471
XGBoost,time,3,3,1568,0.0,0.0268098171800375
XGBoost,time,3,3,1569,0.0,0.026762742549180984
XGBoost,time,3,3,1570,0.0,0.02087269350886345
XGBoost,time,3,3,1571,0.0,0.01309592928737402
XGBoost,time,3,3,1572,0.0,0.020385906100273132
XGBoost,time,3,3,1573,0.0,0.333650678396225
XGBoost,time,3,3,1574,0.0,0.07142719626426697
XGBoost,time,3,3,1575,0.0,0.1391860842704773
XGBoost,time,3,3,1576,0.0,0.019936058670282364
XGBoost,time,3,3,1577,0.0,0.0195680633187294
XGBoost,time,3,3,1578,0.0,0.020611142739653587
XGBoost,time,3,3,1579,0.0,0.0195680633187294
XGBoost,time,3,3,1580,0.0,0.020079774782061577
XGBoost,time,3,3,1581,0.0,0.0195680633187294
XGBoost,time,3,3,1582,0.0,0.014867845922708511
XGBoost,time,3,3,1583,0.0,0.018028492107987404
XGBoost,time,3,3,1584,0.0,0.08730194717645645
XGBoost,time,3,3,1585,0.0,0.017113512381911278
XGBoost,time,3,3,1586,0.0,0.02176576852798462
XGBoost,time,3,3,1587,0.0,0.03346472978591919
XGBoost,time,3,3,1588,0.0,0.033925775438547134
XGBoost,time,3,3,1589,0.0,0.022007588297128677
XGBoost,time,3,3,1590,0.0,0.01885247603058815
XGBoost,time,3,3,1591,0.0,0.037370465695858
XGBoost,time,3,3,1592,0.0,0.006327222101390362
XGBoost,time,3,3,1593,0.0,0.014691928401589394
XGBoost,time,3,3,1594,0.0,0.01926303841173649
XGBoost,time,3,3,1595,0.0,0.007858037017285824
XGBoost,time,3,3,1596,0.0,0.012911166064441204
XGBoost,time,3,3,1597,0.0,0.0158302653580904
XGBoost,time,3,3,1598,0.0,0.011363765224814415
XGBoost,time,3,3,1599,0.0,0.008746793493628502
XGBoost,time,3,3,1600,0.0,0.006725699175149202
XGBoost,time,3,3,1601,0.0,0.007681004703044891
XGBoost,time,3,3,1602,0.0,0.015774274244904518
XGBoost,time,3,3,1603,0.0,0.009125215001404285
XGBoost,time,3,3,1604,0.0,0.008792683482170105
XGBoost,time,3,3,1605,1.0,0.016030531376600266
XGBoost,time,3,3,1606,0.0,0.21935570240020752
XGBoost,time,3,3,1607,0.0,0.20972555875778198
XGBoost,time,3,3,1608,0.0,0.0514044314622879
XGBoost,time,3,3,1609,0.0,0.2702311873435974
XGBoost,time,3,3,1610,0.0,0.030178453773260117
XGBoost,time,3,3,1611,0.0,0.09570948034524918
XGBoost,time,3,3,1612,0.0,0.3984527289867401
XGBoost,time,3,3,1613,0.0,0.2720073163509369
XGBoost,time,3,3,1614,0.0,0.02456669881939888
XGBoost,time,3,3,1615,0.0,0.05984323471784592
XGBoost,time,3,3,1616,0.0,0.258442223072052
XGBoost,time,3,3,1617,0.0,0.3808404505252838
XGBoost,time,3,3,1618,0.0,0.04551681503653526
XGBoost,time,3,3,1619,0.0,0.010460129007697105
XGBoost,time,3,3,1620,0.0,0.021184954792261124
XGBoost,time,3,3,1621,0.0,0.017536122351884842
XGBoost,time,3,3,1622,0.0,0.40469786524772644
XGBoost,time,3,3,1623,0.0,0.08955163508653641
XGBoost,time,3,3,1624,0.0,0.06584115326404572
XGBoost,time,3,3,1625,0.0,0.0440758541226387
XGBoost,time,3,3,1626,0.0,0.019719986245036125
XGBoost,time,3,3,1627,0.0,0.010244742967188358
XGBoost,time,3,3,1628,1.0,0.2971489727497101
XGBoost,time,3,3,1629,0.0,0.0809531882405281
XGBoost,time,3,3,1630,0.0,0.020081905648112297
XGBoost,time,3,3,1631,0.0,0.02618992328643799
XGBoost,time,3,3,1632,0.0,0.026318347081542015
XGBoost,time,3,3,1633,0.0,0.026318347081542015
XGBoost,time,3,3,1634,0.0,0.03819631412625313
XGBoost,time,3,3,1635,0.0,0.027885019779205322
XGBoost,time,3,3,1636,0.0,0.043808817863464355
XGBoost,time,3,3,1637,0.0,0.18545523285865784
XGBoost,time,3,3,1638,0.0,0.022520553320646286
XGBoost,time,3,3,1639,0.0,0.019719986245036125
XGBoost,time,3,3,1640,0.0,0.027519837021827698
XGBoost,time,3,3,1641,0.0,0.026318347081542015
XGBoost,time,3,3,1642,0.0,0.026318347081542015
XGBoost,time,3,3,1643,0.0,0.010889566503465176
XGBoost,time,3,3,1644,0.0,0.17345458269119263
XGBoost,time,3,3,1645,0.0,0.011400338262319565
XGBoost,time,3,3,1646,0.0,0.01530576404184103
XGBoost,time,3,3,1647,0.0,0.05586657300591469
XGBoost,time,3,3,1648,0.0,0.15761148929595947
XGBoost,holdout,0,0,1154,0.0,0.022670777514576912
XGBoost,holdout,0,0,1155,0.0,0.022470077499747276
XGBoost,holdout,0,0,1156,0.0,0.051117971539497375
XGBoost,holdout,0,0,1157,0.0,0.12907466292381287
XGBoost,holdout,0,0,1158,0.0,0.05826215073466301
XGBoost,holdout,0,0,1159,0.0,0.02133920043706894
XGBoost,holdout,0,0,1160,0.0,0.02150738425552845
XGBoost,holdout,0,0,1161,0.0,0.02150738425552845
XGBoost,holdout,0,0,1162,0.0,0.02150738425552845
XGBoost,holdout,0,0,1163,0.0,0.020480182021856308
XGBoost,holdout,0,0,1164,0.0,0.019041553139686584
XGBoost,holdout,0,0,1165,0.0,0.019041553139686584
XGBoost,holdout,0,0,1166,0.0,0.11034046113491058
XGBoost,holdout,0,0,1167,0.0,0.02150738425552845
XGBoost,holdout,0,0,1168,0.0,0.020480182021856308
XGBoost,holdout,0,0,1169,0.0,0.019041553139686584
XGBoost,holdout,0,0,1170,0.0,0.020480182021856308
XGBoost,holdout,0,0,1171,0.0,0.019041553139686584
XGBoost,holdout,0,0,1172,0.0,0.019041553139686584
XGBoost,holdout,0,0,1173,0.0,0.019041553139686584
XGBoost,holdout,0,0,1174,0.0,0.019041553139686584
XGBoost,holdout,0,0,1175,0.0,0.020480182021856308
XGBoost,holdout,0,0,1176,0.0,0.019041553139686584
XGBoost,holdout,0,0,1177,0.0,0.019954850897192955
XGBoost,holdout,0,0,1178,0.0,0.02150738425552845
XGBoost,holdout,0,0,1179,0.0,0.019041553139686584
XGBoost,holdout,0,0,1180,0.0,0.019041553139686584
XGBoost,holdout,0,0,1181,0.0,0.019041553139686584
XGBoost,holdout,0,0,1182,0.0,0.022470077499747276
XGBoost,holdout,0,0,1183,0.0,0.051117971539497375
XGBoost,holdout,0,0,1184,0.0,0.04356537014245987
XGBoost,holdout,0,0,1185,0.0,0.02222011797130108
XGBoost,holdout,0,0,1186,1.0,0.019041553139686584
XGBoost,holdout,0,0,1187,0.0,0.21460728347301483
XGBoost,holdout,0,0,1188,0.0,0.020904842764139175
XGBoost,holdout,0,0,1189,0.0,0.018663601949810982
XGBoost,holdout,0,0,1190,0.0,0.02222011797130108
XGBoost,holdout,0,0,1191,0.0,0.02222011797130108
XGBoost,holdout,0,0,1192,0.0,0.029186498373746872
XGBoost,holdout,0,0,1193,0.0,0.02747044712305069
XGBoost,holdout,0,0,1194,0.0,0.17576302587985992
XGBoost,holdout,0,0,1195,0.0,0.09250544011592865
XGBoost,holdout,0,0,1196,0.0,0.027118613943457603
XGBoost,holdout,0,0,1197,0.0,0.028037333860993385
XGBoost,holdout,0,0,1198,0.0,0.025036931037902832
XGBoost,holdout,0,0,1199,0.0,0.033955592662096024
XGBoost,holdout,0,0,1200,1.0,0.031062763184309006
XGBoost,holdout,0,0,1201,0.0,0.17000646889209747
XGBoost,holdout,0,0,1202,0.0,0.03547751158475876
XGBoost,holdout,0,0,1203,0.0,0.05060753971338272
XGBoost,holdout,0,0,1204,0.0,0.029186498373746872
XGBoost,holdout,0,0,1205,0.0,0.029512474313378334
XGBoost,holdout,0,0,1206,0.0,0.06275826692581177
XGBoost,holdout,0,0,1207,0.0,0.06590840220451355
XGBoost,holdout,0,0,1208,0.0,0.029512474313378334
XGBoost,holdout,0,0,1209,0.0,0.033521443605422974
XGBoost,holdout,0,0,1210,0.0,0.033521443605422974
XGBoost,holdout,0,0,1211,0.0,0.09459950774908066
XGBoost,holdout,0,0,1212,0.0,0.029512474313378334
XGBoost,holdout,0,0,1213,0.0,0.025036931037902832
XGBoost,holdout,0,0,1214,0.0,0.033521443605422974
XGBoost,holdout,0,0,1215,0.0,0.033521443605422974
XGBoost,holdout,0,0,1216,0.0,0.029186498373746872
XGBoost,holdout,0,0,1217,0.0,0.029186498373746872
XGBoost,holdout,0,0,1218,0.0,0.025036931037902832
XGBoost,holdout,0,0,1219,0.0,0.025692535564303398
XGBoost,holdout,0,0,1220,0.0,0.028037333860993385
XGBoost,holdout,0,0,1221,0.0,0.028037333860993385
XGBoost,holdout,0,0,1222,0.0,0.02747044712305069
XGBoost,holdout,0,0,1223,0.0,0.033288247883319855
XGBoost,holdout,0,0,1224,0.0,0.05060753971338272
XGBoost,holdout,0,0,1225,0.0,0.029512474313378334
XGBoost,holdout,0,0,1226,0.0,0.029512474313378334
XGBoost,holdout,0,0,1227,0.0,0.25636836886405945
XGBoost,holdout,0,0,1228,0.0,0.03163053095340729
XGBoost,holdout,0,0,1229,0.0,0.025036931037902832
XGBoost,holdout,0,0,1230,0.0,0.04461526498198509
XGBoost,holdout,0,0,1231,0.0,0.06856882572174072
XGBoost,holdout,0,0,1232,0.0,0.025547591969370842
XGBoost,holdout,0,0,1233,0.0,0.02222011797130108
XGBoost,holdout,0,0,1234,0.0,0.0211403276771307
XGBoost,holdout,0,0,1235,0.0,0.024095263332128525
XGBoost,holdout,0,0,1236,0.0,0.04351287707686424
XGBoost,holdout,0,0,1237,0.0,0.019041553139686584
XGBoost,holdout,0,0,1238,0.0,0.020904842764139175
XGBoost,holdout,0,0,1239,0.0,0.020904842764139175
XGBoost,holdout,0,0,1240,0.0,0.02150738425552845
XGBoost,holdout,0,0,1241,0.0,0.02150738425552845
XGBoost,holdout,0,0,1242,0.0,0.02150738425552845
XGBoost,holdout,0,0,1243,0.0,0.02150738425552845
XGBoost,holdout,0,0,1244,0.0,0.02312791906297207
XGBoost,holdout,0,0,1245,0.0,0.019041553139686584
XGBoost,holdout,0,0,1246,0.0,0.019041553139686584
XGBoost,holdout,0,0,1247,0.0,0.019954850897192955
XGBoost,holdout,0,0,1248,0.0,0.019041553139686584
XGBoost,holdout,0,0,1249,0.0,0.019041553139686584
XGBoost,holdout,0,0,1250,0.0,0.019041553139686584
XGBoost,holdout,0,0,1251,0.0,0.019041553139686584
XGBoost,holdout,0,0,1252,0.0,0.020480182021856308
XGBoost,holdout,0,0,1253,0.0,0.020074259489774704
XGBoost,holdout,0,0,1254,0.0,0.020074259489774704
XGBoost,holdout,0,0,1255,0.0,0.018663601949810982
XGBoost,holdout,0,0,1256,0.0,0.020480182021856308
XGBoost,holdout,0,0,1257,0.0,0.018663601949810982
XGBoost,holdout,0,0,1258,0.0,0.020074259489774704
XGBoost,holdout,0,0,1259,0.0,0.019041553139686584
XGBoost,holdout,0,0,1260,0.0,0.019041553139686584
XGBoost,holdout,0,0,1261,0.0,0.02150738425552845
XGBoost,holdout,0,0,1262,0.0,0.019041553139686584
XGBoost,holdout,0,0,1263,0.0,0.04789608344435692
XGBoost,holdout,0,0,1264,0.0,0.04267032817006111
XGBoost,holdout,0,0,1265,0.0,0.02150738425552845
XGBoost,holdout,0,0,1266,0.0,0.018663601949810982
XGBoost,holdout,0,0,1267,0.0,0.019041553139686584
XGBoost,holdout,0,0,1268,0.0,0.051400475203990936
XGBoost,holdout,0,0,1269,0.0,0.02150738425552845
XGBoost,holdout,0,0,1270,0.0,0.04789608344435692
XGBoost,holdout,0,0,1271,0.0,0.019559131935238838
XGBoost,holdout,0,0,1272,0.0,0.020074259489774704
XGBoost,holdout,0,0,1273,0.0,0.1083504930138588
XGBoost,holdout,0,0,1274,0.0,0.020074259489774704
XGBoost,holdout,0,0,1275,0.0,0.020074259489774704
XGBoost,holdout,0,0,1276,0.0,0.04267032817006111
XGBoost,holdout,0,0,1277,0.0,0.039760902523994446
XGBoost,holdout,0,0,1278,0.0,0.018663601949810982
XGBoost,holdout,0,0,1279,0.0,0.05243644490838051
XGBoost,holdout,0,0,1280,0.0,0.02222011797130108
XGBoost,holdout,0,0,1281,0.0,0.01572638936340809
XGBoost,holdout,0,0,1282,0.0,0.019041553139686584
XGBoost,holdout,0,0,1283,0.0,0.020074259489774704
XGBoost,holdout,0,0,1284,0.0,0.02150738425552845
XGBoost,holdout,0,0,1285,0.0,0.019041553139686584
XGBoost,holdout,0,0,1286,0.0,0.019041553139686584
XGBoost,holdout,0,0,1287,0.0,0.019041553139686584
XGBoost,holdout,0,0,1288,0.0,0.019954850897192955
XGBoost,holdout,0,0,1289,0.0,0.020074259489774704
XGBoost,holdout,0,0,1290,0.0,0.02222011797130108
XGBoost,holdout,0,0,1291,0.0,0.02222011797130108
XGBoost,holdout,0,0,1292,0.0,0.09263095259666443
XGBoost,holdout,0,0,1293,0.0,0.02222011797130108
XGBoost,holdout,0,0,1294,0.0,0.01572638936340809
XGBoost,holdout,0,0,1295,0.0,0.02222011797130108
XGBoost,holdout,0,0,1296,0.0,0.02222011797130108
XGBoost,holdout,0,0,1297,0.0,0.0557868629693985
XGBoost,holdout,0,0,1298,0.0,0.02222011797130108
XGBoost,holdout,0,0,1299,0.0,0.11305367201566696
XGBoost,holdout,0,0,1300,0.0,0.019041553139686584
XGBoost,holdout,0,0,1301,0.0,0.02222011797130108
XGBoost,holdout,0,0,1302,0.0,0.02110154926776886
XGBoost,holdout,0,0,1303,0.0,0.020635303109884262
XGBoost,holdout,0,0,1304,0.0,0.02222011797130108
XGBoost,holdout,0,0,1305,0.0,0.019041553139686584
XGBoost,holdout,0,0,1306,0.0,0.02110154926776886
XGBoost,holdout,0,0,1307,0.0,0.02222011797130108
XGBoost,holdout,0,0,1308,0.0,0.02110154926776886
XGBoost,holdout,0,0,1309,0.0,0.023871328681707382
XGBoost,holdout,0,0,1310,0.0,0.019041553139686584
XGBoost,holdout,0,0,1311,0.0,0.019041553139686584
XGBoost,holdout,0,0,1312,0.0,0.020480182021856308
XGBoost,holdout,0,0,1313,0.0,0.020480182021856308
XGBoost,holdout,0,0,1314,0.0,0.019041553139686584
XGBoost,holdout,0,0,1315,0.0,0.023871328681707382
XGBoost,holdout,0,0,1316,0.0,0.02110154926776886
XGBoost,holdout,0,0,1317,0.0,0.05037098005414009
XGBoost,holdout,0,0,1318,0.0,0.09189548343420029
XGBoost,holdout,0,0,1319,0.0,0.02222011797130108
XGBoost,holdout,0,0,1320,0.0,0.02222011797130108
XGBoost,holdout,0,0,1321,0.0,0.019041553139686584
XGBoost,holdout,0,0,1322,0.0,0.019041553139686584
XGBoost,holdout,0,0,1323,0.0,0.02222011797130108
XGBoost,holdout,0,0,1324,0.0,0.02222011797130108
XGBoost,holdout,0,0,1325,0.0,0.02222011797130108
XGBoost,holdout,0,0,1326,0.0,0.04883655533194542
XGBoost,holdout,0,0,1327,0.0,0.038732245564460754
XGBoost,holdout,0,0,1328,0.0,0.025547591969370842
XGBoost,holdout,0,0,1329,0.0,0.02222011797130108
XGBoost,holdout,0,0,1330,0.0,0.05494464561343193
XGBoost,holdout,0,0,1331,0.0,0.019041553139686584
XGBoost,holdout,0,0,1332,0.0,0.0211403276771307
XGBoost,holdout,0,0,1333,0.0,0.025010371580719948
XGBoost,holdout,0,0,1334,0.0,0.017770683392882347
XGBoost,holdout,0,0,1335,0.0,0.028568493202328682
XGBoost,holdout,0,0,1336,0.0,0.02222011797130108
XGBoost,holdout,0,0,1337,0.0,0.04883655533194542
XGBoost,holdout,0,0,1338,0.0,0.019041553139686584
XGBoost,holdout,0,0,1339,0.0,0.0924958810210228
XGBoost,holdout,0,0,1340,0.0,0.02222011797130108
XGBoost,holdout,0,0,1341,0.0,0.019041553139686584
XGBoost,holdout,0,0,1342,0.0,0.0211403276771307
XGBoost,holdout,0,0,1343,0.0,0.02222011797130108
XGBoost,holdout,0,0,1344,0.0,0.038732245564460754
XGBoost,holdout,0,0,1345,0.0,0.1461721509695053
XGBoost,holdout,0,0,1346,0.0,0.02222011797130108
XGBoost,holdout,0,0,1347,0.0,0.14637309312820435
XGBoost,holdout,0,0,1348,0.0,0.02536841109395027
XGBoost,holdout,0,0,1349,0.0,0.0211403276771307
XGBoost,holdout,0,0,1350,0.0,0.02222011797130108
XGBoost,holdout,0,0,1351,0.0,0.025244712829589844
XGBoost,holdout,0,0,1352,0.0,0.025547591969370842
XGBoost,holdout,0,0,1353,0.0,0.02222011797130108
XGBoost,holdout,0,0,1354,0.0,0.020904842764139175
XGBoost,holdout,0,0,1355,0.0,0.02222011797130108
XGBoost,holdout,0,0,1356,0.0,0.02222011797130108
XGBoost,holdout,0,0,1357,0.0,0.02536841109395027
XGBoost,holdout,0,0,1358,0.0,0.02222011797130108
XGBoost,holdout,0,0,1359,0.0,0.0211403276771307
XGBoost,holdout,0,0,1360,0.0,0.02110154926776886
XGBoost,holdout,0,0,1361,0.0,0.02110154926776886
XGBoost,holdout,0,0,1362,0.0,0.019041553139686584
XGBoost,holdout,0,0,1363,0.0,0.1541065126657486
XGBoost,holdout,0,0,1364,0.0,0.025547591969370842
XGBoost,holdout,0,0,1365,0.0,0.038732245564460754
XGBoost,holdout,0,0,1366,1.0,0.025547591969370842
XGBoost,holdout,0,0,1367,0.0,0.08975263684988022
XGBoost,holdout,0,0,1368,0.0,0.033288247883319855
XGBoost,holdout,0,0,1369,0.0,0.033288247883319855
XGBoost,holdout,0,0,1370,0.0,0.029186498373746872
XGBoost,holdout,0,0,1371,0.0,0.08357696980237961
XGBoost,holdout,0,0,1372,0.0,0.033521443605422974
XGBoost,holdout,0,0,1373,0.0,0.033288247883319855
XGBoost,holdout,0,0,1374,0.0,0.033288247883319855
XGBoost,holdout,0,0,1375,0.0,0.029186498373746872
XGBoost,holdout,0,0,1376,0.0,0.029186498373746872
XGBoost,holdout,0,0,1377,0.0,0.029186498373746872
XGBoost,holdout,0,0,1378,0.0,0.02825677953660488
XGBoost,holdout,0,0,1379,1.0,0.02825677953660488
XGBoost,holdout,0,0,1380,0.0,0.0995040237903595
XGBoost,holdout,0,0,1381,0.0,0.029186498373746872
XGBoost,holdout,0,0,1382,0.0,0.029186498373746872
XGBoost,holdout,0,0,1383,0.0,0.029186498373746872
XGBoost,holdout,0,0,1384,0.0,0.033288247883319855
XGBoost,holdout,0,0,1385,0.0,0.02747044712305069
XGBoost,holdout,0,0,1386,0.0,0.02747044712305069
XGBoost,holdout,0,0,1387,0.0,0.2030695527791977
XGBoost,holdout,0,0,1388,0.0,0.02825677953660488
XGBoost,holdout,0,0,1389,0.0,0.025036931037902832
XGBoost,holdout,0,0,1390,0.0,0.02825677953660488
XGBoost,holdout,0,0,1391,0.0,0.033521443605422974
XGBoost,holdout,0,0,1392,0.0,0.026063941419124603
XGBoost,holdout,0,0,1393,0.0,0.020405327901244164
XGBoost,holdout,0,0,1394,0.0,0.02536841109395027
XGBoost,holdout,0,0,1395,0.0,0.022470077499747276
XGBoost,holdout,0,0,1396,0.0,0.023543870076537132
XGBoost,holdout,0,0,1397,0.0,0.022470077499747276
XGBoost,holdout,0,0,1398,0.0,0.02536841109395027
XGBoost,holdout,0,0,1399,0.0,0.0924958810210228
XGBoost,holdout,0,0,1400,0.0,0.03561798110604286
XGBoost,holdout,0,0,1401,0.0,0.026576941832900047
XGBoost,holdout,0,0,1402,0.0,0.019041553139686584
XGBoost,holdout,0,0,1403,0.0,0.0211403276771307
XGBoost,holdout,0,0,1404,0.0,0.020904842764139175
XGBoost,holdout,0,0,1405,0.0,0.02150738425552845
XGBoost,holdout,0,0,1406,0.0,0.025547591969370842
XGBoost,holdout,0,0,1407,0.0,0.0924958810210228
XGBoost,holdout,0,0,1408,0.0,0.038732245564460754
XGBoost,holdout,0,0,1409,0.0,0.038732245564460754
XGBoost,holdout,0,0,1410,0.0,0.03681374713778496
XGBoost,holdout,0,0,1411,0.0,0.023871328681707382
XGBoost,holdout,0,0,1412,0.0,0.023871328681707382
XGBoost,holdout,0,0,1413,0.0,0.019041553139686584
XGBoost,holdout,0,0,1414,0.0,0.019041553139686584
XGBoost,holdout,0,0,1415,0.0,0.04351287707686424
XGBoost,holdout,0,0,1416,0.0,0.019041553139686584
XGBoost,holdout,0,0,1417,0.0,0.04554539918899536
XGBoost,holdout,0,0,1418,0.0,0.019041553139686584
XGBoost,holdout,0,0,1419,0.0,0.019041553139686584
XGBoost,holdout,0,0,1420,0.0,0.02150738425552845
XGBoost,holdout,0,0,1421,0.0,0.04817643016576767
XGBoost,holdout,0,0,1422,0.0,0.020480182021856308
XGBoost,holdout,0,0,1423,0.0,0.020074259489774704
XGBoost,holdout,0,0,1424,0.0,0.019041553139686584
XGBoost,holdout,0,0,1425,0.0,0.019041553139686584
XGBoost,holdout,0,0,1426,0.0,0.019041553139686584
XGBoost,holdout,0,0,1427,0.0,0.019041553139686584
XGBoost,holdout,0,0,1428,0.0,0.018663601949810982
XGBoost,holdout,0,0,1429,0.0,0.020074259489774704
XGBoost,holdout,0,0,1430,0.0,0.1083504930138588
XGBoost,holdout,0,0,1431,0.0,0.020074259489774704
XGBoost,holdout,0,0,1432,0.0,0.018663601949810982
XGBoost,holdout,0,0,1433,0.0,0.020074259489774704
XGBoost,holdout,0,0,1434,0.0,0.019559131935238838
XGBoost,holdout,0,0,1435,0.0,0.020074259489774704
XGBoost,holdout,0,0,1436,0.0,0.020074259489774704
XGBoost,holdout,0,0,1437,0.0,0.020074259489774704
XGBoost,holdout,0,0,1438,0.0,0.020480182021856308
XGBoost,holdout,0,0,1439,0.0,0.020480182021856308
XGBoost,holdout,0,0,1440,0.0,0.04351287707686424
XGBoost,holdout,0,0,1441,0.0,0.07930159568786621
XGBoost,holdout,0,0,1442,0.0,0.02150738425552845
XGBoost,holdout,0,1,1154,0.0,0.02480212226510048
XGBoost,holdout,0,1,1155,0.0,0.017532819882035255
XGBoost,holdout,0,1,1156,0.0,0.052609849721193314
XGBoost,holdout,0,1,1157,0.0,0.17883135378360748
XGBoost,holdout,0,1,1158,0.0,0.07959787547588348
XGBoost,holdout,0,1,1159,0.0,0.022539813071489334
XGBoost,holdout,0,1,1160,0.0,0.02694658935070038
XGBoost,holdout,0,1,1161,0.0,0.025237534195184708
XGBoost,holdout,0,1,1162,0.0,0.02025630883872509
XGBoost,holdout,0,1,1163,0.0,0.021811388432979584
XGBoost,holdout,0,1,1164,0.0,0.018209856003522873
XGBoost,holdout,0,1,1165,0.0,0.020251501351594925
XGBoost,holdout,0,1,1166,0.0,0.10603086650371552
XGBoost,holdout,0,1,1167,0.0,0.03041893243789673
XGBoost,holdout,0,1,1168,0.0,0.020523253828287125
XGBoost,holdout,0,1,1169,0.0,0.014019290916621685
XGBoost,holdout,0,1,1170,0.0,0.021811388432979584
XGBoost,holdout,0,1,1171,0.0,0.010355428792536259
XGBoost,holdout,0,1,1172,0.0,0.017234070226550102
XGBoost,holdout,0,1,1173,0.0,0.015245793387293816
XGBoost,holdout,0,1,1174,0.0,0.018209856003522873
XGBoost,holdout,0,1,1175,0.0,0.021811388432979584
XGBoost,holdout,0,1,1176,0.0,0.016119442880153656
XGBoost,holdout,0,1,1177,0.0,0.018470989540219307
XGBoost,holdout,0,1,1178,0.0,0.025926660746335983
XGBoost,holdout,0,1,1179,0.0,0.018209856003522873
XGBoost,holdout,0,1,1180,0.0,0.014019290916621685
XGBoost,holdout,0,1,1181,0.0,0.020251501351594925
XGBoost,holdout,0,1,1182,0.0,0.01944558508694172
XGBoost,holdout,0,1,1183,0.0,0.06451515853404999
XGBoost,holdout,0,1,1184,0.0,0.028986740857362747
XGBoost,holdout,0,1,1185,0.0,0.020024560391902924
XGBoost,holdout,0,1,1186,1.0,0.01658247411251068
XGBoost,holdout,0,1,1187,0.0,0.24827851355075836
XGBoost,holdout,0,1,1188,0.0,0.01973901502788067
XGBoost,holdout,0,1,1189,0.0,0.012433038093149662
XGBoost,holdout,0,1,1190,0.0,0.021388346329331398
XGBoost,holdout,0,1,1191,0.0,0.027128929272294044
XGBoost,holdout,0,1,1192,0.0,0.04122066870331764
XGBoost,holdout,0,1,1193,0.0,0.032139189541339874
XGBoost,holdout,0,1,1194,0.0,0.17916133999824524
XGBoost,holdout,0,1,1195,0.0,0.08128150552511215
XGBoost,holdout,0,1,1196,0.0,0.02209177426993847
XGBoost,holdout,0,1,1197,0.0,0.025376081466674805
XGBoost,holdout,0,1,1198,0.0,0.017895735800266266
XGBoost,holdout,0,1,1199,0.0,0.044191889464855194
XGBoost,holdout,0,1,1200,1.0,0.036684855818748474
XGBoost,holdout,0,1,1201,0.0,0.21561750769615173
XGBoost,holdout,0,1,1202,0.0,0.03771254047751427
XGBoost,holdout,0,1,1203,0.0,0.061998505145311356
XGBoost,holdout,0,1,1204,0.0,0.03843275085091591
XGBoost,holdout,0,1,1205,0.0,0.027168098837137222
XGBoost,holdout,0,1,1206,0.0,0.08627427369356155
XGBoost,holdout,0,1,1207,0.0,0.07405383139848709
XGBoost,holdout,0,1,1208,0.0,0.02870401367545128
XGBoost,holdout,0,1,1209,0.0,0.04301946237683296
XGBoost,holdout,0,1,1210,0.0,0.03339642658829689
XGBoost,holdout,0,1,1211,0.0,0.08445460349321365
XGBoost,holdout,0,1,1212,0.0,0.022263094782829285
XGBoost,holdout,0,1,1213,0.0,0.01881684549152851
XGBoost,holdout,0,1,1214,0.0,0.04301946237683296
XGBoost,holdout,0,1,1215,0.0,0.03339642658829689
XGBoost,holdout,0,1,1216,0.0,0.03843275085091591
XGBoost,holdout,0,1,1217,0.0,0.029803762212395668
XGBoost,holdout,0,1,1218,0.0,0.020343316718935966
XGBoost,holdout,0,1,1219,0.0,0.024591952562332153
XGBoost,holdout,0,1,1220,0.0,0.02285313978791237
XGBoost,holdout,0,1,1221,0.0,0.027884431183338165
XGBoost,holdout,0,1,1222,0.0,0.03619333356618881
XGBoost,holdout,0,1,1223,0.0,0.04031519964337349
XGBoost,holdout,0,1,1224,0.0,0.06710804998874664
XGBoost,holdout,0,1,1225,0.0,0.024074561893939972
XGBoost,holdout,0,1,1226,0.0,0.024062274023890495
XGBoost,holdout,0,1,1227,0.0,0.24798709154129028
XGBoost,holdout,0,1,1228,0.0,0.03994399681687355
XGBoost,holdout,0,1,1229,0.0,0.01997276581823826
XGBoost,holdout,0,1,1230,0.0,0.05536612868309021
XGBoost,holdout,0,1,1231,0.0,0.0828939750790596
XGBoost,holdout,0,1,1232,0.0,0.029966194182634354
XGBoost,holdout,0,1,1233,0.0,0.02086668275296688
XGBoost,holdout,0,1,1234,0.0,0.015737103298306465
XGBoost,holdout,0,1,1235,0.0,0.027869615703821182
XGBoost,holdout,0,1,1236,0.0,0.0358145497739315
XGBoost,holdout,0,1,1237,0.0,0.015002651140093803
XGBoost,holdout,0,1,1238,0.0,0.01837613433599472
XGBoost,holdout,0,1,1239,0.0,0.023777611553668976
XGBoost,holdout,0,1,1240,0.0,0.024639472365379333
XGBoost,holdout,0,1,1241,0.0,0.030664822086691856
XGBoost,holdout,0,1,1242,0.0,0.024912822991609573
XGBoost,holdout,0,1,1243,0.0,0.030664822086691856
XGBoost,holdout,0,1,1244,0.0,0.029685985296964645
XGBoost,holdout,0,1,1245,0.0,0.018328629434108734
XGBoost,holdout,0,1,1246,0.0,0.016950728371739388
XGBoost,holdout,0,1,1247,0.0,0.01648019626736641
XGBoost,holdout,0,1,1248,0.0,0.015653587877750397
XGBoost,holdout,0,1,1249,0.0,0.009812457486987114
XGBoost,holdout,0,1,1250,0.0,0.013046073727309704
XGBoost,holdout,0,1,1251,0.0,0.010531699284911156
XGBoost,holdout,0,1,1252,0.0,0.0159663874655962
XGBoost,holdout,0,1,1253,0.0,0.014778039418160915
XGBoost,holdout,0,1,1254,0.0,0.014484141021966934
XGBoost,holdout,0,1,1255,0.0,0.010683435946702957
XGBoost,holdout,0,1,1256,0.0,0.0159663874655962
XGBoost,holdout,0,1,1257,0.0,0.009077909402549267
XGBoost,holdout,0,1,1258,0.0,0.014484141021966934
XGBoost,holdout,0,1,1259,0.0,0.009812457486987114
XGBoost,holdout,0,1,1260,0.0,0.011094183661043644
XGBoost,holdout,0,1,1261,0.0,0.024398107081651688
XGBoost,holdout,0,1,1262,0.0,0.01131471898406744
XGBoost,holdout,0,1,1263,0.0,0.030165303498506546
XGBoost,holdout,0,1,1264,0.0,0.03089030273258686
XGBoost,holdout,0,1,1265,0.0,0.024398107081651688
XGBoost,holdout,0,1,1266,0.0,0.009743839502334595
XGBoost,holdout,0,1,1267,0.0,0.015397673472762108
XGBoost,holdout,0,1,1268,0.0,0.04061225429177284
XGBoost,holdout,0,1,1269,0.0,0.025098809972405434
XGBoost,holdout,0,1,1270,0.0,0.03821868821978569
XGBoost,holdout,0,1,1271,0.0,0.014950974844396114
XGBoost,holdout,0,1,1272,0.0,0.014484141021966934
XGBoost,holdout,0,1,1273,0.0,0.06558074057102203
XGBoost,holdout,0,1,1274,0.0,0.014484141021966934
XGBoost,holdout,0,1,1275,0.0,0.014484141021966934
XGBoost,holdout,0,1,1276,0.0,0.03732175752520561
XGBoost,holdout,0,1,1277,0.0,0.02526240237057209
XGBoost,holdout,0,1,1278,0.0,0.0115686459466815
XGBoost,holdout,0,1,1279,0.0,0.04088739678263664
XGBoost,holdout,0,1,1280,0.0,0.022638946771621704
XGBoost,holdout,0,1,1281,0.0,0.009064442478120327
XGBoost,holdout,0,1,1282,0.0,0.015155085362493992
XGBoost,holdout,0,1,1283,0.0,0.01843060553073883
XGBoost,holdout,0,1,1284,0.0,0.025098809972405434
XGBoost,holdout,0,1,1285,0.0,0.015155085362493992
XGBoost,holdout,0,1,1286,0.0,0.015161127783358097
XGBoost,holdout,0,1,1287,0.0,0.010531699284911156
XGBoost,holdout,0,1,1288,0.0,0.01861649565398693
XGBoost,holdout,0,1,1289,0.0,0.014484141021966934
XGBoost,holdout,0,1,1290,0.0,0.025268971920013428
XGBoost,holdout,0,1,1291,0.0,0.025268971920013428
XGBoost,holdout,0,1,1292,0.0,0.05939185246825218
XGBoost,holdout,0,1,1293,0.0,0.019535493105649948
XGBoost,holdout,0,1,1294,0.0,0.007976632565259933
XGBoost,holdout,0,1,1295,0.0,0.02086668275296688
XGBoost,holdout,0,1,1296,0.0,0.024120140820741653
XGBoost,holdout,0,1,1297,0.0,0.0623394213616848
XGBoost,holdout,0,1,1298,0.0,0.02551872655749321
XGBoost,holdout,0,1,1299,0.0,0.10608402639627457
XGBoost,holdout,0,1,1300,0.0,0.015002651140093803
XGBoost,holdout,0,1,1301,0.0,0.025268971920013428
XGBoost,holdout,0,1,1302,0.0,0.01854950748383999
XGBoost,holdout,0,1,1303,0.0,0.013892040587961674
XGBoost,holdout,0,1,1304,0.0,0.02739655040204525
XGBoost,holdout,0,1,1305,0.0,0.014019290916621685
XGBoost,holdout,0,1,1306,0.0,0.025769762694835663
XGBoost,holdout,0,1,1307,0.0,0.027128929272294044
XGBoost,holdout,0,1,1308,0.0,0.0212821327149868
XGBoost,holdout,0,1,1309,0.0,0.028071515262126923
XGBoost,holdout,0,1,1310,0.0,0.015483638271689415
XGBoost,holdout,0,1,1311,0.0,0.016119442880153656
XGBoost,holdout,0,1,1312,0.0,0.021811388432979584
XGBoost,holdout,0,1,1313,0.0,0.01895800046622753
XGBoost,holdout,0,1,1314,0.0,0.018209856003522873
XGBoost,holdout,0,1,1315,0.0,0.028835738077759743
XGBoost,holdout,0,1,1316,0.0,0.019924979656934738
XGBoost,holdout,0,1,1317,0.0,0.05671854317188263
XGBoost,holdout,0,1,1318,0.0,0.1135689988732338
XGBoost,holdout,0,1,1319,0.0,0.025897782295942307
XGBoost,holdout,0,1,1320,0.0,0.02241005375981331
XGBoost,holdout,0,1,1321,0.0,0.015245793387293816
XGBoost,holdout,0,1,1322,0.0,0.015183094888925552
XGBoost,holdout,0,1,1323,0.0,0.025897782295942307
XGBoost,holdout,0,1,1324,0.0,0.025897782295942307
XGBoost,holdout,0,1,1325,0.0,0.025897782295942307
XGBoost,holdout,0,1,1326,0.0,0.04268834739923477
XGBoost,holdout,0,1,1327,0.0,0.04408125579357147
XGBoost,holdout,0,1,1328,0.0,0.028292175382375717
XGBoost,holdout,0,1,1329,0.0,0.025897782295942307
XGBoost,holdout,0,1,1330,0.0,0.07387088239192963
XGBoost,holdout,0,1,1331,0.0,0.018731797114014626
XGBoost,holdout,0,1,1332,0.0,0.0182820875197649
XGBoost,holdout,0,1,1333,0.0,0.035164725035429
XGBoost,holdout,0,1,1334,0.0,0.01703619584441185
XGBoost,holdout,0,1,1335,0.0,0.032626211643218994
XGBoost,holdout,0,1,1336,0.0,0.027128929272294044
XGBoost,holdout,0,1,1337,0.0,0.03950083255767822
XGBoost,holdout,0,1,1338,0.0,0.013435388915240765
XGBoost,holdout,0,1,1339,0.0,0.1044628843665123
XGBoost,holdout,0,1,1340,0.0,0.025897782295942307
XGBoost,holdout,0,1,1341,0.0,0.015483638271689415
XGBoost,holdout,0,1,1342,0.0,0.022538522258400917
XGBoost,holdout,0,1,1343,0.0,0.025897782295942307
XGBoost,holdout,0,1,1344,0.0,0.03962314873933792
XGBoost,holdout,0,1,1345,0.0,0.1748506873846054
XGBoost,holdout,0,1,1346,0.0,0.025897782295942307
XGBoost,holdout,0,1,1347,0.0,0.15368399024009705
XGBoost,holdout,0,1,1348,0.0,0.03883349522948265
XGBoost,holdout,0,1,1349,0.0,0.020657619461417198
XGBoost,holdout,0,1,1350,0.0,0.027128929272294044
XGBoost,holdout,0,1,1351,0.0,0.0354907400906086
XGBoost,holdout,0,1,1352,0.0,0.028292175382375717
XGBoost,holdout,0,1,1353,0.0,0.025897782295942307
XGBoost,holdout,0,1,1354,0.0,0.02553066797554493
XGBoost,holdout,0,1,1355,0.0,0.02739655040204525
XGBoost,holdout,0,1,1356,0.0,0.025897782295942307
XGBoost,holdout,0,1,1357,0.0,0.031599193811416626
XGBoost,holdout,0,1,1358,0.0,0.025897782295942307
XGBoost,holdout,0,1,1359,0.0,0.02085087262094021
XGBoost,holdout,0,1,1360,0.0,0.025769762694835663
XGBoost,holdout,0,1,1361,0.0,0.025769762694835663
XGBoost,holdout,0,1,1362,0.0,0.018731797114014626
XGBoost,holdout,0,1,1363,0.0,0.16970260441303253
XGBoost,holdout,0,1,1364,0.0,0.029189134016633034
XGBoost,holdout,0,1,1365,0.0,0.03652435168623924
XGBoost,holdout,0,1,1366,1.0,0.029189134016633034
XGBoost,holdout,0,1,1367,0.0,0.14462946355342865
XGBoost,holdout,0,1,1368,0.0,0.04183393344283104
XGBoost,holdout,0,1,1369,0.0,0.04525051638484001
XGBoost,holdout,0,1,1370,0.0,0.03198655694723129
XGBoost,holdout,0,1,1371,0.0,0.09709678590297699
XGBoost,holdout,0,1,1372,0.0,0.03670896217226982
XGBoost,holdout,0,1,1373,0.0,0.04525051638484001
XGBoost,holdout,0,1,1374,0.0,0.05362632870674133
XGBoost,holdout,0,1,1375,0.0,0.038004957139492035
XGBoost,holdout,0,1,1376,0.0,0.03259813413023949
XGBoost,holdout,0,1,1377,0.0,0.039375901222229004
XGBoost,holdout,0,1,1378,0.0,0.03297053650021553
XGBoost,holdout,0,1,1379,1.0,0.039822544902563095
XGBoost,holdout,0,1,1380,0.0,0.10764921456575394
XGBoost,holdout,0,1,1381,0.0,0.029540464282035828
XGBoost,holdout,0,1,1382,0.0,0.03259813413023949
XGBoost,holdout,0,1,1383,0.0,0.03198655694723129
XGBoost,holdout,0,1,1384,0.0,0.04780705273151398
XGBoost,holdout,0,1,1385,0.0,0.03882536292076111
XGBoost,holdout,0,1,1386,0.0,0.03882536292076111
XGBoost,holdout,0,1,1387,0.0,0.22435542941093445
XGBoost,holdout,0,1,1388,0.0,0.04094764217734337
XGBoost,holdout,0,1,1389,0.0,0.020211735740303993
XGBoost,holdout,0,1,1390,0.0,0.0455513596534729
XGBoost,holdout,0,1,1391,0.0,0.04430230334401131
XGBoost,holdout,0,1,1392,0.0,0.028862349689006805
XGBoost,holdout,0,1,1393,0.0,0.02212880738079548
XGBoost,holdout,0,1,1394,0.0,0.03883349522948265
XGBoost,holdout,0,1,1395,0.0,0.02395406737923622
XGBoost,holdout,0,1,1396,0.0,0.025610417127609253
XGBoost,holdout,0,1,1397,0.0,0.019435608759522438
XGBoost,holdout,0,1,1398,0.0,0.030395494773983955
XGBoost,holdout,0,1,1399,0.0,0.1044628843665123
XGBoost,holdout,0,1,1400,0.0,0.03776860609650612
XGBoost,holdout,0,1,1401,0.0,0.03734296187758446
XGBoost,holdout,0,1,1402,0.0,0.015183094888925552
XGBoost,holdout,0,1,1403,0.0,0.018291465938091278
XGBoost,holdout,0,1,1404,0.0,0.02092689648270607
XGBoost,holdout,0,1,1405,0.0,0.03290854021906853
XGBoost,holdout,0,1,1406,0.0,0.028292175382375717
XGBoost,holdout,0,1,1407,0.0,0.1044628843665123
XGBoost,holdout,0,1,1408,0.0,0.0482507161796093
XGBoost,holdout,0,1,1409,0.0,0.03962314873933792
XGBoost,holdout,0,1,1410,0.0,0.03766225278377533
XGBoost,holdout,0,1,1411,0.0,0.03206661716103554
XGBoost,holdout,0,1,1412,0.0,0.028071515262126923
XGBoost,holdout,0,1,1413,0.0,0.015483638271689415
XGBoost,holdout,0,1,1414,0.0,0.01641971245408058
XGBoost,holdout,0,1,1415,0.0,0.029200993478298187
XGBoost,holdout,0,1,1416,0.0,0.01885390467941761
XGBoost,holdout,0,1,1417,0.0,0.05060814693570137
XGBoost,holdout,0,1,1418,0.0,0.009812457486987114
XGBoost,holdout,0,1,1419,0.0,0.009853200055658817
XGBoost,holdout,0,1,1420,0.0,0.019994372501969337
XGBoost,holdout,0,1,1421,0.0,0.05415600910782814
XGBoost,holdout,0,1,1422,0.0,0.015677887946367264
XGBoost,holdout,0,1,1423,0.0,0.014484141021966934
XGBoost,holdout,0,1,1424,0.0,0.009853200055658817
XGBoost,holdout,0,1,1425,0.0,0.0111401891335845
XGBoost,holdout,0,1,1426,0.0,0.01212134025990963
XGBoost,holdout,0,1,1427,0.0,0.009812457486987114
XGBoost,holdout,0,1,1428,0.0,0.01121591031551361
XGBoost,holdout,0,1,1429,0.0,0.014484141021966934
XGBoost,holdout,0,1,1430,0.0,0.06583762168884277
XGBoost,holdout,0,1,1431,0.0,0.014484141021966934
XGBoost,holdout,0,1,1432,0.0,0.014919877052307129
XGBoost,holdout,0,1,1433,0.0,0.015562931075692177
XGBoost,holdout,0,1,1434,0.0,0.01261774729937315
XGBoost,holdout,0,1,1435,0.0,0.015562931075692177
XGBoost,holdout,0,1,1436,0.0,0.015562931075692177
XGBoost,holdout,0,1,1437,0.0,0.0197974294424057
XGBoost,holdout,0,1,1438,0.0,0.021811388432979584
XGBoost,holdout,0,1,1439,0.0,0.021811388432979584
XGBoost,holdout,0,1,1440,0.0,0.035142309963703156
XGBoost,holdout,0,1,1441,0.0,0.10576611012220383
XGBoost,holdout,0,1,1442,0.0,0.03041893243789673
XGBoost,holdout,0,2,1154,0.0,0.024778500199317932
XGBoost,holdout,0,2,1155,0.0,0.021475594490766525
XGBoost,holdout,0,2,1156,0.0,0.046167466789484024
XGBoost,holdout,0,2,1157,0.0,0.1501987874507904
XGBoost,holdout,0,2,1158,0.0,0.059630345553159714
XGBoost,holdout,0,2,1159,0.0,0.020055804401636124
XGBoost,holdout,0,2,1160,0.0,0.025179274380207062
XGBoost,holdout,0,2,1161,0.0,0.025179274380207062
XGBoost,holdout,0,2,1162,0.0,0.02361353300511837
XGBoost,holdout,0,2,1163,0.0,0.0199689120054245
XGBoost,holdout,0,2,1164,0.0,0.016968654468655586
XGBoost,holdout,0,2,1165,0.0,0.019160548225045204
XGBoost,holdout,0,2,1166,0.0,0.09642235934734344
XGBoost,holdout,0,2,1167,0.0,0.02487170323729515
XGBoost,holdout,0,2,1168,0.0,0.0199689120054245
XGBoost,holdout,0,2,1169,0.0,0.016968654468655586
XGBoost,holdout,0,2,1170,0.0,0.0199689120054245
XGBoost,holdout,0,2,1171,0.0,0.016116689890623093
XGBoost,holdout,0,2,1172,0.0,0.016968654468655586
XGBoost,holdout,0,2,1173,0.0,0.01639770157635212
XGBoost,holdout,0,2,1174,0.0,0.018834451213479042
XGBoost,holdout,0,2,1175,0.0,0.0199689120054245
XGBoost,holdout,0,2,1176,0.0,0.016968654468655586
XGBoost,holdout,0,2,1177,0.0,0.0199689120054245
XGBoost,holdout,0,2,1178,0.0,0.02487170323729515
XGBoost,holdout,0,2,1179,0.0,0.016968654468655586
XGBoost,holdout,0,2,1180,0.0,0.016968654468655586
XGBoost,holdout,0,2,1181,0.0,0.02062312141060829
XGBoost,holdout,0,2,1182,0.0,0.02000063844025135
XGBoost,holdout,0,2,1183,0.0,0.04706956818699837
XGBoost,holdout,0,2,1184,0.0,0.033204060047864914
XGBoost,holdout,0,2,1185,0.0,0.024684403091669083
XGBoost,holdout,0,2,1186,1.0,0.016968654468655586
XGBoost,holdout,0,2,1187,0.0,0.22450602054595947
XGBoost,holdout,0,2,1188,0.0,0.02231348678469658
XGBoost,holdout,0,2,1189,0.0,0.016968654468655586
XGBoost,holdout,0,2,1190,0.0,0.023215746507048607
XGBoost,holdout,0,2,1191,0.0,0.026548195630311966
XGBoost,holdout,0,2,1192,0.0,0.03488008677959442
XGBoost,holdout,0,2,1193,0.0,0.02935643121600151
XGBoost,holdout,0,2,1194,0.0,0.16966979205608368
XGBoost,holdout,0,2,1195,0.0,0.07938855141401291
XGBoost,holdout,0,2,1196,0.0,0.02301212027668953
XGBoost,holdout,0,2,1197,0.0,0.02481246367096901
XGBoost,holdout,0,2,1198,0.0,0.018380088731646538
XGBoost,holdout,0,2,1199,0.0,0.03773200511932373
XGBoost,holdout,0,2,1200,1.0,0.03455590829253197
XGBoost,holdout,0,2,1201,0.0,0.18511755764484406
XGBoost,holdout,0,2,1202,0.0,0.034918781369924545
XGBoost,holdout,0,2,1203,0.0,0.05515836551785469
XGBoost,holdout,0,2,1204,0.0,0.03488008677959442
XGBoost,holdout,0,2,1205,0.0,0.024027569219470024
XGBoost,holdout,0,2,1206,0.0,0.05330481752753258
XGBoost,holdout,0,2,1207,0.0,0.054997507482767105
XGBoost,holdout,0,2,1208,0.0,0.02545533888041973
XGBoost,holdout,0,2,1209,0.0,0.03530217334628105
XGBoost,holdout,0,2,1210,0.0,0.03284455090761185
XGBoost,holdout,0,2,1211,0.0,0.09265616536140442
XGBoost,holdout,0,2,1212,0.0,0.021658696234226227
XGBoost,holdout,0,2,1213,0.0,0.018380088731646538
XGBoost,holdout,0,2,1214,0.0,0.034345757216215134
XGBoost,holdout,0,2,1215,0.0,0.03284455090761185
XGBoost,holdout,0,2,1216,0.0,0.03488008677959442
XGBoost,holdout,0,2,1217,0.0,0.03245085850358009
XGBoost,holdout,0,2,1218,0.0,0.018684647977352142
XGBoost,holdout,0,2,1219,0.0,0.020397845655679703
XGBoost,holdout,0,2,1220,0.0,0.019572563469409943
XGBoost,holdout,0,2,1221,0.0,0.022076966241002083
XGBoost,holdout,0,2,1222,0.0,0.03156156837940216
XGBoost,holdout,0,2,1223,0.0,0.03889576718211174
XGBoost,holdout,0,2,1224,0.0,0.05379561334848404
XGBoost,holdout,0,2,1225,0.0,0.024027569219470024
XGBoost,holdout,0,2,1226,0.0,0.022419873625040054
XGBoost,holdout,0,2,1227,0.0,0.266448438167572
XGBoost,holdout,0,2,1228,0.0,0.03232357278466225
XGBoost,holdout,0,2,1229,0.0,0.020397845655679703
XGBoost,holdout,0,2,1230,0.0,0.04673358425498009
XGBoost,holdout,0,2,1231,0.0,0.06214157119393349
XGBoost,holdout,0,2,1232,0.0,0.025848448276519775
XGBoost,holdout,0,2,1233,0.0,0.024684403091669083
XGBoost,holdout,0,2,1234,0.0,0.018071256577968597
XGBoost,holdout,0,2,1235,0.0,0.026473987847566605
XGBoost,holdout,0,2,1236,0.0,0.035004355013370514
XGBoost,holdout,0,2,1237,0.0,0.018141772598028183
XGBoost,holdout,0,2,1238,0.0,0.02231348678469658
XGBoost,holdout,0,2,1239,0.0,0.024002669379115105
XGBoost,holdout,0,2,1240,0.0,0.02442949265241623
XGBoost,holdout,0,2,1241,0.0,0.026047896593809128
XGBoost,holdout,0,2,1242,0.0,0.026047896593809128
XGBoost,holdout,0,2,1243,0.0,0.026047896593809128
XGBoost,holdout,0,2,1244,0.0,0.027604620903730392
XGBoost,holdout,0,2,1245,0.0,0.016968654468655586
XGBoost,holdout,0,2,1246,0.0,0.016968654468655586
XGBoost,holdout,0,2,1247,0.0,0.0199689120054245
XGBoost,holdout,0,2,1248,0.0,0.018834451213479042
XGBoost,holdout,0,2,1249,0.0,0.016116689890623093
XGBoost,holdout,0,2,1250,0.0,0.016968654468655586
XGBoost,holdout,0,2,1251,0.0,0.015573950484395027
XGBoost,holdout,0,2,1252,0.0,0.01896921545267105
XGBoost,holdout,0,2,1253,0.0,0.01896921545267105
XGBoost,holdout,0,2,1254,0.0,0.01896921545267105
XGBoost,holdout,0,2,1255,0.0,0.017890505492687225
XGBoost,holdout,0,2,1256,0.0,0.01896921545267105
XGBoost,holdout,0,2,1257,0.0,0.016116689890623093
XGBoost,holdout,0,2,1258,0.0,0.01896921545267105
XGBoost,holdout,0,2,1259,0.0,0.016116689890623093
XGBoost,holdout,0,2,1260,0.0,0.016116689890623093
XGBoost,holdout,0,2,1261,0.0,0.024739643558859825
XGBoost,holdout,0,2,1262,0.0,0.01893382892012596
XGBoost,holdout,0,2,1263,0.0,0.036355160176754
XGBoost,holdout,0,2,1264,0.0,0.03327750042080879
XGBoost,holdout,0,2,1265,0.0,0.024739643558859825
XGBoost,holdout,0,2,1266,0.0,0.015573950484395027
XGBoost,holdout,0,2,1267,0.0,0.017311658710241318
XGBoost,holdout,0,2,1268,0.0,0.044641949236392975
XGBoost,holdout,0,2,1269,0.0,0.025179274380207062
XGBoost,holdout,0,2,1270,0.0,0.04233885928988457
XGBoost,holdout,0,2,1271,0.0,0.0199689120054245
XGBoost,holdout,0,2,1272,0.0,0.01896921545267105
XGBoost,holdout,0,2,1273,0.0,0.10839568078517914
XGBoost,holdout,0,2,1274,0.0,0.01896921545267105
XGBoost,holdout,0,2,1275,0.0,0.01896921545267105
XGBoost,holdout,0,2,1276,0.0,0.04076000675559044
XGBoost,holdout,0,2,1277,0.0,0.0336025170981884
XGBoost,holdout,0,2,1278,0.0,0.016968654468655586
XGBoost,holdout,0,2,1279,0.0,0.04283827543258667
XGBoost,holdout,0,2,1280,0.0,0.024287909269332886
XGBoost,holdout,0,2,1281,0.0,0.014371294528245926
XGBoost,holdout,0,2,1282,0.0,0.016968654468655586
XGBoost,holdout,0,2,1283,0.0,0.0199689120054245
XGBoost,holdout,0,2,1284,0.0,0.025179274380207062
XGBoost,holdout,0,2,1285,0.0,0.016968654468655586
XGBoost,holdout,0,2,1286,0.0,0.01639770157635212
XGBoost,holdout,0,2,1287,0.0,0.015573950484395027
XGBoost,holdout,0,2,1288,0.0,0.018834451213479042
XGBoost,holdout,0,2,1289,0.0,0.01896921545267105
XGBoost,holdout,0,2,1290,0.0,0.026548195630311966
XGBoost,holdout,0,2,1291,0.0,0.026548195630311966
XGBoost,holdout,0,2,1292,0.0,0.08367656916379929
XGBoost,holdout,0,2,1293,0.0,0.024684403091669083
XGBoost,holdout,0,2,1294,0.0,0.014371294528245926
XGBoost,holdout,0,2,1295,0.0,0.024684403091669083
XGBoost,holdout,0,2,1296,0.0,0.02497148886322975
XGBoost,holdout,0,2,1297,0.0,0.06594111025333405
XGBoost,holdout,0,2,1298,0.0,0.025536401197314262
XGBoost,holdout,0,2,1299,0.0,0.12616416811943054
XGBoost,holdout,0,2,1300,0.0,0.016968654468655586
XGBoost,holdout,0,2,1301,0.0,0.026548195630311966
XGBoost,holdout,0,2,1302,0.0,0.02231348678469658
XGBoost,holdout,0,2,1303,0.0,0.021222665905952454
XGBoost,holdout,0,2,1304,0.0,0.025536401197314262
XGBoost,holdout,0,2,1305,0.0,0.016968654468655586
XGBoost,holdout,0,2,1306,0.0,0.02522219903767109
XGBoost,holdout,0,2,1307,0.0,0.026548195630311966
XGBoost,holdout,0,2,1308,0.0,0.023449255153536797
XGBoost,holdout,0,2,1309,0.0,0.02680082805454731
XGBoost,holdout,0,2,1310,0.0,0.01639770157635212
XGBoost,holdout,0,2,1311,0.0,0.016968654468655586
XGBoost,holdout,0,2,1312,0.0,0.0199689120054245
XGBoost,holdout,0,2,1313,0.0,0.0199689120054245
XGBoost,holdout,0,2,1314,0.0,0.018141772598028183
XGBoost,holdout,0,2,1315,0.0,0.026473987847566605
XGBoost,holdout,0,2,1316,0.0,0.02231348678469658
XGBoost,holdout,0,2,1317,0.0,0.05732794106006622
XGBoost,holdout,0,2,1318,0.0,0.11849457025527954
XGBoost,holdout,0,2,1319,0.0,0.026548195630311966
XGBoost,holdout,0,2,1320,0.0,0.024684403091669083
XGBoost,holdout,0,2,1321,0.0,0.01639770157635212
XGBoost,holdout,0,2,1322,0.0,0.016968654468655586
XGBoost,holdout,0,2,1323,0.0,0.026548195630311966
XGBoost,holdout,0,2,1324,0.0,0.026548195630311966
XGBoost,holdout,0,2,1325,0.0,0.026548195630311966
XGBoost,holdout,0,2,1326,0.0,0.036152809858322144
XGBoost,holdout,0,2,1327,0.0,0.041174400597810745
XGBoost,holdout,0,2,1328,0.0,0.02569274976849556
XGBoost,holdout,0,2,1329,0.0,0.026548195630311966
XGBoost,holdout,0,2,1330,0.0,0.06654071807861328
XGBoost,holdout,0,2,1331,0.0,0.016968654468655586
XGBoost,holdout,0,2,1332,0.0,0.020402604714035988
XGBoost,holdout,0,2,1333,0.0,0.029377663508057594
XGBoost,holdout,0,2,1334,0.0,0.02170509658753872
XGBoost,holdout,0,2,1335,0.0,0.028580477461218834
XGBoost,holdout,0,2,1336,0.0,0.026548195630311966
XGBoost,holdout,0,2,1337,0.0,0.036152809858322144
XGBoost,holdout,0,2,1338,0.0,0.016968654468655586
XGBoost,holdout,0,2,1339,0.0,0.10778012126684189
XGBoost,holdout,0,2,1340,0.0,0.026548195630311966
XGBoost,holdout,0,2,1341,0.0,0.01639770157635212
XGBoost,holdout,0,2,1342,0.0,0.02089468576014042
XGBoost,holdout,0,2,1343,0.0,0.026548195630311966
XGBoost,holdout,0,2,1344,0.0,0.03260050341486931
XGBoost,holdout,0,2,1345,0.0,0.2191564440727234
XGBoost,holdout,0,2,1346,0.0,0.026548195630311966
XGBoost,holdout,0,2,1347,0.0,0.15331679582595825
XGBoost,holdout,0,2,1348,0.0,0.03065156377851963
XGBoost,holdout,0,2,1349,0.0,0.018071256577968597
XGBoost,holdout,0,2,1350,0.0,0.026548195630311966
XGBoost,holdout,0,2,1351,0.0,0.027723796665668488
XGBoost,holdout,0,2,1352,0.0,0.02569274976849556
XGBoost,holdout,0,2,1353,0.0,0.026548195630311966
XGBoost,holdout,0,2,1354,0.0,0.024002669379115105
XGBoost,holdout,0,2,1355,0.0,0.025536401197314262
XGBoost,holdout,0,2,1356,0.0,0.026548195630311966
XGBoost,holdout,0,2,1357,0.0,0.03065156377851963
XGBoost,holdout,0,2,1358,0.0,0.026548195630311966
XGBoost,holdout,0,2,1359,0.0,0.018071256577968597
XGBoost,holdout,0,2,1360,0.0,0.024002669379115105
XGBoost,holdout,0,2,1361,0.0,0.02459770068526268
XGBoost,holdout,0,2,1362,0.0,0.016968654468655586
XGBoost,holdout,0,2,1363,0.0,0.12862640619277954
XGBoost,holdout,0,2,1364,0.0,0.026414798572659492
XGBoost,holdout,0,2,1365,0.0,0.03825417160987854
XGBoost,holdout,0,2,1366,1.0,0.026872267946600914
XGBoost,holdout,0,2,1367,0.0,0.11901914328336716
XGBoost,holdout,0,2,1368,0.0,0.03316270932555199
XGBoost,holdout,0,2,1369,0.0,0.03889576718211174
XGBoost,holdout,0,2,1370,0.0,0.03245085850358009
XGBoost,holdout,0,2,1371,0.0,0.09349681437015533
XGBoost,holdout,0,2,1372,0.0,0.03284455090761185
XGBoost,holdout,0,2,1373,0.0,0.03889576718211174
XGBoost,holdout,0,2,1374,0.0,0.03889576718211174
XGBoost,holdout,0,2,1375,0.0,0.03245085850358009
XGBoost,holdout,0,2,1376,0.0,0.03245085850358009
XGBoost,holdout,0,2,1377,0.0,0.03488008677959442
XGBoost,holdout,0,2,1378,0.0,0.031053785234689713
XGBoost,holdout,0,2,1379,1.0,0.03252289816737175
XGBoost,holdout,0,2,1380,0.0,0.10887720435857773
XGBoost,holdout,0,2,1381,0.0,0.027640433982014656
XGBoost,holdout,0,2,1382,0.0,0.03245085850358009
XGBoost,holdout,0,2,1383,0.0,0.03245085850358009
XGBoost,holdout,0,2,1384,0.0,0.03316270932555199
XGBoost,holdout,0,2,1385,0.0,0.03156156837940216
XGBoost,holdout,0,2,1386,0.0,0.03156156837940216
XGBoost,holdout,0,2,1387,0.0,0.2081577181816101
XGBoost,holdout,0,2,1388,0.0,0.03309614583849907
XGBoost,holdout,0,2,1389,0.0,0.018380088731646538
XGBoost,holdout,0,2,1390,0.0,0.03309614583849907
XGBoost,holdout,0,2,1391,0.0,0.03530217334628105
XGBoost,holdout,0,2,1392,0.0,0.026210956275463104
XGBoost,holdout,0,2,1393,0.0,0.024002669379115105
XGBoost,holdout,0,2,1394,0.0,0.03065156377851963
XGBoost,holdout,0,2,1395,0.0,0.021111097186803818
XGBoost,holdout,0,2,1396,0.0,0.023524140939116478
XGBoost,holdout,0,2,1397,0.0,0.023118413984775543
XGBoost,holdout,0,2,1398,0.0,0.02963409759104252
XGBoost,holdout,0,2,1399,0.0,0.10496797412633896
XGBoost,holdout,0,2,1400,0.0,0.03258960694074631
XGBoost,holdout,0,2,1401,0.0,0.032474253326654434
XGBoost,holdout,0,2,1402,0.0,0.016968654468655586
XGBoost,holdout,0,2,1403,0.0,0.020055804401636124
XGBoost,holdout,0,2,1404,0.0,0.023085584864020348
XGBoost,holdout,0,2,1405,0.0,0.026047896593809128
XGBoost,holdout,0,2,1406,0.0,0.026210956275463104
XGBoost,holdout,0,2,1407,0.0,0.10778012126684189
XGBoost,holdout,0,2,1408,0.0,0.03371628373861313
XGBoost,holdout,0,2,1409,0.0,0.03260050341486931
XGBoost,holdout,0,2,1410,0.0,0.03177512437105179
XGBoost,holdout,0,2,1411,0.0,0.027723796665668488
XGBoost,holdout,0,2,1412,0.0,0.02680082805454731
XGBoost,holdout,0,2,1413,0.0,0.016669971868395805
XGBoost,holdout,0,2,1414,0.0,0.017250245437026024
XGBoost,holdout,0,2,1415,0.0,0.03286222368478775
XGBoost,holdout,0,2,1416,0.0,0.016968654468655586
XGBoost,holdout,0,2,1417,0.0,0.043157029896974564
XGBoost,holdout,0,2,1418,0.0,0.016116689890623093
XGBoost,holdout,0,2,1419,0.0,0.015573950484395027
XGBoost,holdout,0,2,1420,0.0,0.02442949265241623
XGBoost,holdout,0,2,1421,0.0,0.04367077350616455
XGBoost,holdout,0,2,1422,0.0,0.01896921545267105
XGBoost,holdout,0,2,1423,0.0,0.01896921545267105
XGBoost,holdout,0,2,1424,0.0,0.015573950484395027
XGBoost,holdout,0,2,1425,0.0,0.015573950484395027
XGBoost,holdout,0,2,1426,0.0,0.016116689890623093
XGBoost,holdout,0,2,1427,0.0,0.016116689890623093
XGBoost,holdout,0,2,1428,0.0,0.016116689890623093
XGBoost,holdout,0,2,1429,0.0,0.01896921545267105
XGBoost,holdout,0,2,1430,0.0,0.09291399270296097
XGBoost,holdout,0,2,1431,0.0,0.01896921545267105
XGBoost,holdout,0,2,1432,0.0,0.016968654468655586
XGBoost,holdout,0,2,1433,0.0,0.01896921545267105
XGBoost,holdout,0,2,1434,0.0,0.01896921545267105
XGBoost,holdout,0,2,1435,0.0,0.01896921545267105
XGBoost,holdout,0,2,1436,0.0,0.01896921545267105
XGBoost,holdout,0,2,1437,0.0,0.0199689120054245
XGBoost,holdout,0,2,1438,0.0,0.0199689120054245
XGBoost,holdout,0,2,1439,0.0,0.0199689120054245
XGBoost,holdout,0,2,1440,0.0,0.03286222368478775
XGBoost,holdout,0,2,1441,0.0,0.10698555409908295
XGBoost,holdout,0,2,1442,0.0,0.02487170323729515
XGBoost,holdout,0,3,1154,0.0,0.02443423867225647
XGBoost,holdout,0,3,1155,0.0,0.01689016819000244
XGBoost,holdout,0,3,1156,0.0,0.04169373959302902
XGBoost,holdout,0,3,1157,0.0,0.20481839776039124
XGBoost,holdout,0,3,1158,0.0,0.09085367619991302
XGBoost,holdout,0,3,1159,0.0,0.022835230454802513
XGBoost,holdout,0,3,1160,0.0,0.0297805517911911
XGBoost,holdout,0,3,1161,0.0,0.02612348273396492
XGBoost,holdout,0,3,1162,0.0,0.02357061766088009
XGBoost,holdout,0,3,1163,0.0,0.02331933006644249
XGBoost,holdout,0,3,1164,0.0,0.017636077478528023
XGBoost,holdout,0,3,1165,0.0,0.018075479194521904
XGBoost,holdout,0,3,1166,0.0,0.0839068591594696
XGBoost,holdout,0,3,1167,0.0,0.034528087824583054
XGBoost,holdout,0,3,1168,0.0,0.021668268367648125
XGBoost,holdout,0,3,1169,0.0,0.010456561110913754
XGBoost,holdout,0,3,1170,0.0,0.021635793149471283
XGBoost,holdout,0,3,1171,0.0,0.007645320612937212
XGBoost,holdout,0,3,1172,0.0,0.013681219890713692
XGBoost,holdout,0,3,1173,0.0,0.012094714678823948
XGBoost,holdout,0,3,1174,0.0,0.019573790952563286
XGBoost,holdout,0,3,1175,0.0,0.021635793149471283
XGBoost,holdout,0,3,1176,0.0,0.014549143612384796
XGBoost,holdout,0,3,1177,0.0,0.01938261277973652
XGBoost,holdout,0,3,1178,0.0,0.029003838077187538
XGBoost,holdout,0,3,1179,0.0,0.017636077478528023
XGBoost,holdout,0,3,1180,0.0,0.010456561110913754
XGBoost,holdout,0,3,1181,0.0,0.02226973883807659
XGBoost,holdout,0,3,1182,0.0,0.01770889014005661
XGBoost,holdout,0,3,1183,0.0,0.060585346072912216
XGBoost,holdout,0,3,1184,0.0,0.022498270496726036
XGBoost,holdout,0,3,1185,0.0,0.022982381284236908
XGBoost,holdout,0,3,1186,1.0,0.01196444034576416
XGBoost,holdout,0,3,1187,0.0,0.28595465421676636
XGBoost,holdout,0,3,1188,0.0,0.02298637479543686
XGBoost,holdout,0,3,1189,0.0,0.009715314954519272
XGBoost,holdout,0,3,1190,0.0,0.024654338136315346
XGBoost,holdout,0,3,1191,0.0,0.03136947378516197
XGBoost,holdout,0,3,1192,0.0,0.04318821057677269
XGBoost,holdout,0,3,1193,0.0,0.033388901501894
XGBoost,holdout,0,3,1194,0.0,0.1728477030992508
XGBoost,holdout,0,3,1195,0.0,0.06524232029914856
XGBoost,holdout,0,3,1196,0.0,0.017669299617409706
XGBoost,holdout,0,3,1197,0.0,0.020239409059286118
XGBoost,holdout,0,3,1198,0.0,0.010946054011583328
XGBoost,holdout,0,3,1199,0.0,0.04032277315855026
XGBoost,holdout,0,3,1200,1.0,0.033475328236818314
XGBoost,holdout,0,3,1201,0.0,0.21875165402889252
XGBoost,holdout,0,3,1202,0.0,0.036399003118276596
XGBoost,holdout,0,3,1203,0.0,0.058206506073474884
XGBoost,holdout,0,3,1204,0.0,0.04042499512434006
XGBoost,holdout,0,3,1205,0.0,0.024564219638705254
XGBoost,holdout,0,3,1206,0.0,0.06075169891119003
XGBoost,holdout,0,3,1207,0.0,0.06566282361745834
XGBoost,holdout,0,3,1208,0.0,0.025273991748690605
XGBoost,holdout,0,3,1209,0.0,0.04010215774178505
XGBoost,holdout,0,3,1210,0.0,0.03005223535001278
XGBoost,holdout,0,3,1211,0.0,0.07837062329053879
XGBoost,holdout,0,3,1212,0.0,0.0150667829439044
XGBoost,holdout,0,3,1213,0.0,0.012372510507702827
XGBoost,holdout,0,3,1214,0.0,0.03902096301317215
XGBoost,holdout,0,3,1215,0.0,0.03005223535001278
XGBoost,holdout,0,3,1216,0.0,0.04042499512434006
XGBoost,holdout,0,3,1217,0.0,0.030296718701720238
XGBoost,holdout,0,3,1218,0.0,0.013360835611820221
XGBoost,holdout,0,3,1219,0.0,0.020320935174822807
XGBoost,holdout,0,3,1220,0.0,0.01445174403488636
XGBoost,holdout,0,3,1221,0.0,0.023433411493897438
XGBoost,holdout,0,3,1222,0.0,0.03659893572330475
XGBoost,holdout,0,3,1223,0.0,0.04005901888012886
XGBoost,holdout,0,3,1224,0.0,0.059435416013002396
XGBoost,holdout,0,3,1225,0.0,0.01956995204091072
XGBoost,holdout,0,3,1226,0.0,0.01720481738448143
XGBoost,holdout,0,3,1227,0.0,0.2427479773759842
XGBoost,holdout,0,3,1228,0.0,0.04762817174196243
XGBoost,holdout,0,3,1229,0.0,0.016083575785160065
XGBoost,holdout,0,3,1230,0.0,0.046727072447538376
XGBoost,holdout,0,3,1231,0.0,0.057410698384046555
XGBoost,holdout,0,3,1232,0.0,0.03662848100066185
XGBoost,holdout,0,3,1233,0.0,0.02500939555466175
XGBoost,holdout,0,3,1234,0.0,0.012383288703858852
XGBoost,holdout,0,3,1235,0.0,0.032415252178907394
XGBoost,holdout,0,3,1236,0.0,0.023267123848199844
XGBoost,holdout,0,3,1237,0.0,0.014297711662948132
XGBoost,holdout,0,3,1238,0.0,0.021486662328243256
XGBoost,holdout,0,3,1239,0.0,0.026533395051956177
XGBoost,holdout,0,3,1240,0.0,0.03170674294233322
XGBoost,holdout,0,3,1241,0.0,0.04024962708353996
XGBoost,holdout,0,3,1242,0.0,0.031711749732494354
XGBoost,holdout,0,3,1243,0.0,0.04024962708353996
XGBoost,holdout,0,3,1244,0.0,0.04068182036280632
XGBoost,holdout,0,3,1245,0.0,0.017214486375451088
XGBoost,holdout,0,3,1246,0.0,0.01621060259640217
XGBoost,holdout,0,3,1247,0.0,0.015743907541036606
XGBoost,holdout,0,3,1248,0.0,0.015367917716503143
XGBoost,holdout,0,3,1249,0.0,0.007300137542188168
XGBoost,holdout,0,3,1250,0.0,0.009605714119970798
XGBoost,holdout,0,3,1251,0.0,0.008621133863925934
XGBoost,holdout,0,3,1252,0.0,0.01691812463104725
XGBoost,holdout,0,3,1253,0.0,0.01627863012254238
XGBoost,holdout,0,3,1254,0.0,0.014516535215079784
XGBoost,holdout,0,3,1255,0.0,0.01025599054992199
XGBoost,holdout,0,3,1256,0.0,0.01715504378080368
XGBoost,holdout,0,3,1257,0.0,0.0070215994492173195
XGBoost,holdout,0,3,1258,0.0,0.014516535215079784
XGBoost,holdout,0,3,1259,0.0,0.007300137542188168
XGBoost,holdout,0,3,1260,0.0,0.008862861432135105
XGBoost,holdout,0,3,1261,0.0,0.026500750333070755
XGBoost,holdout,0,3,1262,0.0,0.011247423477470875
XGBoost,holdout,0,3,1263,0.0,0.02287592552602291
XGBoost,holdout,0,3,1264,0.0,0.023495066910982132
XGBoost,holdout,0,3,1265,0.0,0.026500750333070755
XGBoost,holdout,0,3,1266,0.0,0.008292613551020622
XGBoost,holdout,0,3,1267,0.0,0.014155088923871517
XGBoost,holdout,0,3,1268,0.0,0.03738229721784592
XGBoost,holdout,0,3,1269,0.0,0.027850201353430748
XGBoost,holdout,0,3,1270,0.0,0.0320894792675972
XGBoost,holdout,0,3,1271,0.0,0.013812937773764133
XGBoost,holdout,0,3,1272,0.0,0.014516535215079784
XGBoost,holdout,0,3,1273,0.0,0.057793453335762024
XGBoost,holdout,0,3,1274,0.0,0.014516535215079784
XGBoost,holdout,0,3,1275,0.0,0.014516535215079784
XGBoost,holdout,0,3,1276,0.0,0.03374531492590904
XGBoost,holdout,0,3,1277,0.0,0.023800808936357498
XGBoost,holdout,0,3,1278,0.0,0.008924237452447414
XGBoost,holdout,0,3,1279,0.0,0.027115473523736
XGBoost,holdout,0,3,1280,0.0,0.023385733366012573
XGBoost,holdout,0,3,1281,0.0,0.010107786394655704
XGBoost,holdout,0,3,1282,0.0,0.011284695006906986
XGBoost,holdout,0,3,1283,0.0,0.017076952382922173
XGBoost,holdout,0,3,1284,0.0,0.027850201353430748
XGBoost,holdout,0,3,1285,0.0,0.010750805959105492
XGBoost,holdout,0,3,1286,0.0,0.012906438671052456
XGBoost,holdout,0,3,1287,0.0,0.008621133863925934
XGBoost,holdout,0,3,1288,0.0,0.017994578927755356
XGBoost,holdout,0,3,1289,0.0,0.014516535215079784
XGBoost,holdout,0,3,1290,0.0,0.029339242726564407
XGBoost,holdout,0,3,1291,0.0,0.029339242726564407
XGBoost,holdout,0,3,1292,0.0,0.05320193991065025
XGBoost,holdout,0,3,1293,0.0,0.021924983710050583
XGBoost,holdout,0,3,1294,0.0,0.007731100078672171
XGBoost,holdout,0,3,1295,0.0,0.02500939555466175
XGBoost,holdout,0,3,1296,0.0,0.027048125863075256
XGBoost,holdout,0,3,1297,0.0,0.06616367399692535
XGBoost,holdout,0,3,1298,0.0,0.03321502357721329
XGBoost,holdout,0,3,1299,0.0,0.11528784036636353
XGBoost,holdout,0,3,1300,0.0,0.013369782827794552
XGBoost,holdout,0,3,1301,0.0,0.029339242726564407
XGBoost,holdout,0,3,1302,0.0,0.019813721999526024
XGBoost,holdout,0,3,1303,0.0,0.015381488017737865
XGBoost,holdout,0,3,1304,0.0,0.038676608353853226
XGBoost,holdout,0,3,1305,0.0,0.011439123190939426
XGBoost,holdout,0,3,1306,0.0,0.029810046777129173
XGBoost,holdout,0,3,1307,0.0,0.03136947378516197
XGBoost,holdout,0,3,1308,0.0,0.025412535294890404
XGBoost,holdout,0,3,1309,0.0,0.03108818084001541
XGBoost,holdout,0,3,1310,0.0,0.012094714678823948
XGBoost,holdout,0,3,1311,0.0,0.014549143612384796
XGBoost,holdout,0,3,1312,0.0,0.023643741384148598
XGBoost,holdout,0,3,1313,0.0,0.018515463918447495
XGBoost,holdout,0,3,1314,0.0,0.018854472786188126
XGBoost,holdout,0,3,1315,0.0,0.0318436361849308
XGBoost,holdout,0,3,1316,0.0,0.021199198439717293
XGBoost,holdout,0,3,1317,0.0,0.060761019587516785
XGBoost,holdout,0,3,1318,0.0,0.14528681337833405
XGBoost,holdout,0,3,1319,0.0,0.03074297495186329
XGBoost,holdout,0,3,1320,0.0,0.026748262345790863
XGBoost,holdout,0,3,1321,0.0,0.012094714678823948
XGBoost,holdout,0,3,1322,0.0,0.01225422602146864
XGBoost,holdout,0,3,1323,0.0,0.03074297495186329
XGBoost,holdout,0,3,1324,0.0,0.03074297495186329
XGBoost,holdout,0,3,1325,0.0,0.03074297495186329
XGBoost,holdout,0,3,1326,0.0,0.029172958806157112
XGBoost,holdout,0,3,1327,0.0,0.04346510022878647
XGBoost,holdout,0,3,1328,0.0,0.027316998690366745
XGBoost,holdout,0,3,1329,0.0,0.03074297495186329
XGBoost,holdout,0,3,1330,0.0,0.08729102462530136
XGBoost,holdout,0,3,1331,0.0,0.01662101037800312
XGBoost,holdout,0,3,1332,0.0,0.016791528090834618
XGBoost,holdout,0,3,1333,0.0,0.0464186817407608
XGBoost,holdout,0,3,1334,0.0,0.02383873052895069
XGBoost,holdout,0,3,1335,0.0,0.033085454255342484
XGBoost,holdout,0,3,1336,0.0,0.03136947378516197
XGBoost,holdout,0,3,1337,0.0,0.02726355567574501
XGBoost,holdout,0,3,1338,0.0,0.01009962148964405
XGBoost,holdout,0,3,1339,0.0,0.11333837360143661
XGBoost,holdout,0,3,1340,0.0,0.03074297495186329
XGBoost,holdout,0,3,1341,0.0,0.012094714678823948
XGBoost,holdout,0,3,1342,0.0,0.0232850369066
XGBoost,holdout,0,3,1343,0.0,0.03074297495186329
XGBoost,holdout,0,3,1344,0.0,0.03310147300362587
XGBoost,holdout,0,3,1345,0.0,0.24748928844928741
XGBoost,holdout,0,3,1346,0.0,0.03074297495186329
XGBoost,holdout,0,3,1347,0.0,0.17402994632720947
XGBoost,holdout,0,3,1348,0.0,0.049170613288879395
XGBoost,holdout,0,3,1349,0.0,0.019385086372494698
XGBoost,holdout,0,3,1350,0.0,0.03136947378516197
XGBoost,holdout,0,3,1351,0.0,0.043848805129528046
XGBoost,holdout,0,3,1352,0.0,0.026157347485423088
XGBoost,holdout,0,3,1353,0.0,0.03074297495186329
XGBoost,holdout,0,3,1354,0.0,0.028375141322612762
XGBoost,holdout,0,3,1355,0.0,0.038676608353853226
XGBoost,holdout,0,3,1356,0.0,0.03074297495186329
XGBoost,holdout,0,3,1357,0.0,0.041751764714717865
XGBoost,holdout,0,3,1358,0.0,0.03074297495186329
XGBoost,holdout,0,3,1359,0.0,0.018271222710609436
XGBoost,holdout,0,3,1360,0.0,0.028375141322612762
XGBoost,holdout,0,3,1361,0.0,0.029075341299176216
XGBoost,holdout,0,3,1362,0.0,0.01662101037800312
XGBoost,holdout,0,3,1363,0.0,0.13509683310985565
XGBoost,holdout,0,3,1364,0.0,0.030589161440730095
XGBoost,holdout,0,3,1365,0.0,0.037062376737594604
XGBoost,holdout,0,3,1366,1.0,0.031116610392928123
XGBoost,holdout,0,3,1367,0.0,0.1838410347700119
XGBoost,holdout,0,3,1368,0.0,0.04574238881468773
XGBoost,holdout,0,3,1369,0.0,0.04724870249629021
XGBoost,holdout,0,3,1370,0.0,0.03239099681377411
XGBoost,holdout,0,3,1371,0.0,0.10096336156129837
XGBoost,holdout,0,3,1372,0.0,0.03659653291106224
XGBoost,holdout,0,3,1373,0.0,0.04724870249629021
XGBoost,holdout,0,3,1374,0.0,0.06877753138542175
XGBoost,holdout,0,3,1375,0.0,0.04721088707447052
XGBoost,holdout,0,3,1376,0.0,0.03615954890847206
XGBoost,holdout,0,3,1377,0.0,0.04233598709106445
XGBoost,holdout,0,3,1378,0.0,0.03422828018665314
XGBoost,holdout,0,3,1379,1.0,0.039063792675733566
XGBoost,holdout,0,3,1380,0.0,0.1307898908853531
XGBoost,holdout,0,3,1381,0.0,0.033955421298742294
XGBoost,holdout,0,3,1382,0.0,0.03615954890847206
XGBoost,holdout,0,3,1383,0.0,0.035087861120700836
XGBoost,holdout,0,3,1384,0.0,0.055635396391153336
XGBoost,holdout,0,3,1385,0.0,0.039111290127038956
XGBoost,holdout,0,3,1386,0.0,0.039111290127038956
XGBoost,holdout,0,3,1387,0.0,0.19987091422080994
XGBoost,holdout,0,3,1388,0.0,0.041026003658771515
XGBoost,holdout,0,3,1389,0.0,0.013465100899338722
XGBoost,holdout,0,3,1390,0.0,0.05393235385417938
XGBoost,holdout,0,3,1391,0.0,0.042844295501708984
XGBoost,holdout,0,3,1392,0.0,0.02668466977775097
XGBoost,holdout,0,3,1393,0.0,0.0278067234903574
XGBoost,holdout,0,3,1394,0.0,0.052014198154211044
XGBoost,holdout,0,3,1395,0.0,0.023525608703494072
XGBoost,holdout,0,3,1396,0.0,0.02812952548265457
XGBoost,holdout,0,3,1397,0.0,0.01903601922094822
XGBoost,holdout,0,3,1398,0.0,0.03540892153978348
XGBoost,holdout,0,3,1399,0.0,0.11381696164608002
XGBoost,holdout,0,3,1400,0.0,0.03441984951496124
XGBoost,holdout,0,3,1401,0.0,0.05233259126543999
XGBoost,holdout,0,3,1402,0.0,0.01225422602146864
XGBoost,holdout,0,3,1403,0.0,0.017757853493094444
XGBoost,holdout,0,3,1404,0.0,0.028003394603729248
XGBoost,holdout,0,3,1405,0.0,0.04300139844417572
XGBoost,holdout,0,3,1406,0.0,0.02668466977775097
XGBoost,holdout,0,3,1407,0.0,0.11333837360143661
XGBoost,holdout,0,3,1408,0.0,0.04772409051656723
XGBoost,holdout,0,3,1409,0.0,0.03310147300362587
XGBoost,holdout,0,3,1410,0.0,0.03226383030414581
XGBoost,holdout,0,3,1411,0.0,0.043848805129528046
XGBoost,holdout,0,3,1412,0.0,0.03108818084001541
XGBoost,holdout,0,3,1413,0.0,0.012296430766582489
XGBoost,holdout,0,3,1414,0.0,0.013233227655291557
XGBoost,holdout,0,3,1415,0.0,0.020030464977025986
XGBoost,holdout,0,3,1416,0.0,0.016492437571287155
XGBoost,holdout,0,3,1417,0.0,0.04895865544676781
XGBoost,holdout,0,3,1418,0.0,0.007300137542188168
XGBoost,holdout,0,3,1419,0.0,0.007542257197201252
XGBoost,holdout,0,3,1420,0.0,0.02641482464969158
XGBoost,holdout,0,3,1421,0.0,0.04597852751612663
XGBoost,holdout,0,3,1422,0.0,0.015095545910298824
XGBoost,holdout,0,3,1423,0.0,0.014516535215079784
XGBoost,holdout,0,3,1424,0.0,0.007542257197201252
XGBoost,holdout,0,3,1425,0.0,0.00889334362000227
XGBoost,holdout,0,3,1426,0.0,0.010084901005029678
XGBoost,holdout,0,3,1427,0.0,0.007300137542188168
XGBoost,holdout,0,3,1428,0.0,0.008883320726454258
XGBoost,holdout,0,3,1429,0.0,0.013459762558341026
XGBoost,holdout,0,3,1430,0.0,0.052401330322027206
XGBoost,holdout,0,3,1431,0.0,0.013459762558341026
XGBoost,holdout,0,3,1432,0.0,0.013997919857501984
XGBoost,holdout,0,3,1433,0.0,0.015795432031154633
XGBoost,holdout,0,3,1434,0.0,0.011841799132525921
XGBoost,holdout,0,3,1435,0.0,0.015795432031154633
XGBoost,holdout,0,3,1436,0.0,0.015795432031154633
XGBoost,holdout,0,3,1437,0.0,0.020027581602334976
XGBoost,holdout,0,3,1438,0.0,0.021635793149471283
XGBoost,holdout,0,3,1439,0.0,0.021635793149471283
XGBoost,holdout,0,3,1440,0.0,0.026874380186200142
XGBoost,holdout,0,3,1441,0.0,0.1397411823272705
XGBoost,holdout,0,3,1442,0.0,0.034528087824583054
