comparison,replicate,delta
XGBoost minus LR,0,0.008179413554103176
XGBoost minus LR,1,0.02550344161259631
XGBoost minus LR,2,0.009925978665550297
XGBoost minus LR,3,0.006284997296516021
XGBoost minus LR,4,-0.028329858330788354
XGBoost minus LR,5,0.012430692870450039
XGBoost minus LR,6,0.03287402847328774
XGBoost minus LR,7,0.05841944456054653
XGBoost minus LR,8,-0.004785232796697514
XGBoost minus LR,9,0.008739573896674721
XGBoost minus LR,10,0.013691215127749512
XGBoost minus LR,11,-0.005735807507549734
XGBoost minus LR,12,0.007834944767267926
XGBoost minus LR,13,0.0031648487609464426
XGBoost minus LR,14,0.001173626764555749
XGBoost minus LR,15,0.011936361193019107
XGBoost minus LR,16,-0.0071846200523564
XGBoost minus LR,17,-0.012176606154688824
XGBoost minus LR,18,-0.007138579904968412
XGBoost minus LR,19,0.010602670141928491
XGBoost minus LR,20,0.021863338171565272
XGBoost minus LR,21,-0.014577559556062394
XGBoost minus LR,22,0.024967124200334048
XGBoost minus LR,23,0.02120591311189296
XGBoost minus LR,24,0.002312118471256494
XGBoost minus LR,25,0.023318144648159372
XGBoost minus LR,26,-0.0071417285122938184
XGBoost minus LR,27,-0.005326657921244163
XGBoost minus LR,28,-0.0010527146503131052
XGBoost minus LR,29,0.02073016410652187
XGBoost minus LR,30,0.0017856435484529531
XGBoost minus LR,31,-0.0002391109056723295
XGBoost minus LR,32,-0.004621998688132192
XGBoost minus LR,33,0.0014843733153475647
XGBoost minus LR,34,0.02501631885941316
XGBoost minus LR,35,0.0014840345135115202
XGBoost minus LR,36,0.009106975415987997
XGBoost minus LR,37,0.004227492289121296
XGBoost minus LR,38,-0.011126269355885676
XGBoost minus LR,39,-0.026036818603165854
XGBoost minus LR,40,0.030890174527257216
XGBoost minus LR,41,-0.014402721746372443
XGBoost minus LR,42,0.0220159750302188
XGBoost minus LR,43,-0.019251691049396058
XGBoost minus LR,44,-0.020605927505378763
XGBoost minus LR,45,-0.01510961592761055
XGBoost minus LR,46,-0.007525308193011962
XGBoost minus LR,47,-0.0029101183340005943
XGBoost minus LR,48,0.0022236698418652973
XGBoost minus LR,49,0.0031580898696819265
XGBoost minus LR,50,-0.008671028794991889
XGBoost minus LR,51,0.026241555012858103
XGBoost minus LR,52,-0.013057404066309217
XGBoost minus LR,53,0.0051428076183386295
XGBoost minus LR,54,0.010018322650861985
XGBoost minus LR,55,-0.014395798639625854
XGBoost minus LR,56,0.007385296202520153
XGBoost minus LR,57,0.03668513979681731
XGBoost minus LR,58,0.0010746847190778036
XGBoost minus LR,59,0.02031384373714193
XGBoost minus LR,60,-0.0019528996128593823
XGBoost minus LR,61,-0.017796563187119363
XGBoost minus LR,62,0.0011054613300035543
XGBoost minus LR,63,-0.005647369532945895
XGBoost minus LR,64,-0.0098514905004157
XGBoost minus LR,65,0.008620680292362237
XGBoost minus LR,66,-0.0026158976950093893
XGBoost minus LR,67,0.006204887047198571
XGBoost minus LR,68,-0.002074981734100534
XGBoost minus LR,69,-0.006039363724404237
XGBoost minus LR,70,0.012589216518733501
XGBoost minus LR,71,-0.012176445701774466
XGBoost minus LR,72,0.004871501101172571
XGBoost minus LR,73,-0.011259801574501127
XGBoost minus LR,74,-0.007856263706760527
XGBoost minus LR,75,-0.015208010864681348
XGBoost minus LR,76,0.009746415161560593
XGBoost minus LR,77,0.009801975554855638
XGBoost minus LR,78,0.005480490918171849
XGBoost minus LR,79,-0.0068326311025313224
XGBoost minus LR,80,-0.019640093604331166
XGBoost minus LR,81,0.028389172392099746
XGBoost minus LR,82,-0.029116066173704214
XGBoost minus LR,83,0.013847679813899574
XGBoost minus LR,84,0.00457513699934857
XGBoost minus LR,85,0.01580737781096267
XGBoost minus LR,86,-0.001221327553931964
XGBoost minus LR,87,-0.012912170812932625
XGBoost minus LR,88,-0.01561425269501604
XGBoost minus LR,89,0.009321495352255155
XGBoost minus LR,90,0.0036510903321902433
XGBoost minus LR,91,0.025266508200939432
XGBoost minus LR,92,0.00381255643499305
XGBoost minus LR,93,0.0005513139870619854
XGBoost minus LR,94,-0.01675445546641728
XGBoost minus LR,95,-0.011504131467176701
XGBoost minus LR,96,-0.0027914664855712146
XGBoost minus LR,97,-0.01589180430204809
XGBoost minus LR,98,5.4532815896055076e-05
XGBoost minus LR,99,-0.011923039479258393
XGBoost minus LR,100,-0.0023256208846580972
XGBoost minus LR,101,-0.0007445313289355243
XGBoost minus LR,102,-0.01491926594701884
XGBoost minus LR,103,-0.0032510876378895326
XGBoost minus LR,104,-0.006887145964213234
XGBoost minus LR,105,-0.013132053297607749
XGBoost minus LR,106,0.005703634772864771
XGBoost minus LR,107,-0.004114767000472114
XGBoost minus LR,108,-0.01850128544185714
XGBoost minus LR,109,0.008396498980203101
XGBoost minus LR,110,-0.025580184371866654
XGBoost minus LR,111,0.01042374471676373
XGBoost minus LR,112,0.0026737898157312423
XGBoost minus LR,113,0.00882949613542057
XGBoost minus LR,114,0.021378648977660702
XGBoost minus LR,115,0.0179722384426515
XGBoost minus LR,116,-0.0069433763828535
XGBoost minus LR,117,-0.02732268896065569
XGBoost minus LR,118,-0.004913139999879856
XGBoost minus LR,119,0.0005251035951158861
XGBoost minus LR,120,-0.0029949904362918667
XGBoost minus LR,121,0.012540955936498288
XGBoost minus LR,122,-0.017844052442865563
XGBoost minus LR,123,0.0009062147517778507
XGBoost minus LR,124,0.040709021057493466
XGBoost minus LR,125,-0.00621976940466093
XGBoost minus LR,126,0.001369847666121471
XGBoost minus LR,127,-0.02491887345179987
XGBoost minus LR,128,0.029208953785996528
XGBoost minus LR,129,0.0026985013626628085
XGBoost minus LR,130,0.010389025448571204
XGBoost minus LR,131,0.010480165168987365
XGBoost minus LR,132,0.028684167164532023
XGBoost minus LR,133,0.02632164553316607
XGBoost minus LR,134,-0.006342188547681642
XGBoost minus LR,135,-0.009811796174932413
XGBoost minus LR,136,-0.0004217540707779077
XGBoost minus LR,137,-0.020517595626474372
XGBoost minus LR,138,0.014046184259496358
XGBoost minus LR,139,0.006459337615094013
XGBoost minus LR,140,0.007815046269636756
XGBoost minus LR,141,-0.020619650436256312
XGBoost minus LR,142,-0.014709975138964188
XGBoost minus LR,143,-0.039567786386665554
XGBoost minus LR,144,0.014852058971783128
XGBoost minus LR,145,-0.01852767800046934
XGBoost minus LR,146,0.009360003321983959
XGBoost minus LR,147,0.0037819343900288988
XGBoost minus LR,148,-0.019965317510025157
XGBoost minus LR,149,0.007226990599272724
XGBoost minus LR,150,0.008918917518044439
XGBoost minus LR,151,0.020305540496542374
XGBoost minus LR,152,-0.006803412217689556
XGBoost minus LR,153,-0.012353835155331325
XGBoost minus LR,154,0.020941708416805052
XGBoost minus LR,155,-0.006069269421325546
XGBoost minus LR,156,0.02392388371772508
XGBoost minus LR,157,-0.009948951504798124
XGBoost minus LR,158,0.003998796475349398
XGBoost minus LR,159,-0.013416803622369092
XGBoost minus LR,160,0.0064118619511249475
XGBoost minus LR,161,0.0008310268312272662
XGBoost minus LR,162,0.009149885277205727
XGBoost minus LR,163,-0.005800098564891193
XGBoost minus LR,164,-0.008824184125108825
XGBoost minus LR,165,-0.004874778183658862
XGBoost minus LR,166,0.006958747552287994
XGBoost minus LR,167,-0.005281000696666122
XGBoost minus LR,168,0.014377522118006789
XGBoost minus LR,169,-0.0023114729800578493
XGBoost minus LR,170,-0.02185801412306118
XGBoost minus LR,171,-0.013664424651767176
XGBoost minus LR,172,-0.018145973520529532
XGBoost minus LR,173,-0.029427555775465908
XGBoost minus LR,174,-0.006941132528214794
XGBoost minus LR,175,0.007019166986831291
XGBoost minus LR,176,-0.0015700757214336808
XGBoost minus LR,177,0.023292447674092442
XGBoost minus LR,178,0.0028456243544180554
XGBoost minus LR,179,-0.0027186819169841697
XGBoost minus LR,180,0.01771307520341109
XGBoost minus LR,181,-0.013446586280916495
XGBoost minus LR,182,-0.007379439986101133
XGBoost minus LR,183,0.04356651266274554
XGBoost minus LR,184,0.016153584214739808
XGBoost minus LR,185,0.002320381199993893
XGBoost minus LR,186,0.0014796345711223097
XGBoost minus LR,187,-0.002278476466495115
XGBoost minus LR,188,-0.015061973605425993
XGBoost minus LR,189,-0.004592987422339198
XGBoost minus LR,190,-0.014003321030486904
XGBoost minus LR,191,-0.005414988209416605
XGBoost minus LR,192,0.009648974290753592
XGBoost minus LR,193,-0.0007136051231210194
XGBoost minus LR,194,0.030074598381166773
XGBoost minus LR,195,0.0161848290469399
XGBoost minus LR,196,-0.005363195258204098
XGBoost minus LR,197,-0.0040350781617982945
XGBoost minus LR,198,0.004072527405312346
XGBoost minus LR,199,-0.0005480359372069254
XGBoost minus LR,200,0.010736125247509942
XGBoost minus LR,201,-0.02717594950813304
XGBoost minus LR,202,0.01037414145753085
XGBoost minus LR,203,-0.012416624303759269
XGBoost minus LR,204,0.0006021441176375791
XGBoost minus LR,205,-0.002742696635978051
XGBoost minus LR,206,0.01014721218560119
XGBoost minus LR,207,0.002426593192966897
XGBoost minus LR,208,0.007438086679072073
XGBoost minus LR,209,-0.017731348151134266
XGBoost minus LR,210,-0.007295957165004099
XGBoost minus LR,211,0.011164016469005666
XGBoost minus LR,212,0.01600776597363021
XGBoost minus LR,213,-0.0034230630203617995
XGBoost minus LR,214,0.010907524279668818
XGBoost minus LR,215,0.0044013777916405705
XGBoost minus LR,216,-0.020102914121550484
XGBoost minus LR,217,0.04440603334285945
XGBoost minus LR,218,-0.009765020205343033
XGBoost minus LR,219,-0.02290683325341379
XGBoost minus LR,220,-0.0428699243031051
XGBoost minus LR,221,-0.010770007577400417
XGBoost minus LR,222,0.026173801233181485
XGBoost minus LR,223,0.005896001134894274
XGBoost minus LR,224,-0.02298632957932452
XGBoost minus LR,225,-0.007369015911835822
XGBoost minus LR,226,-0.01151977119308742
XGBoost minus LR,227,-0.001982664294341685
XGBoost minus LR,228,-0.006957006133688853
XGBoost minus LR,229,0.025290487262801337
XGBoost minus LR,230,0.0012761025944431348
XGBoost minus LR,231,-0.006875029994642817
XGBoost minus LR,232,0.026721723045136245
XGBoost minus LR,233,0.0048503437846086905
XGBoost minus LR,234,-0.010052115299073544
XGBoost minus LR,235,0.01635500865899163
XGBoost minus LR,236,-0.000994853519827421
XGBoost minus LR,237,0.0027536811352942003
XGBoost minus LR,238,-0.009063204034694836
XGBoost minus LR,239,0.00334259715763717
XGBoost minus LR,240,0.018035889188164934
XGBoost minus LR,241,0.015301864862662246
XGBoost minus LR,242,0.019215620058184016
XGBoost minus LR,243,0.012333634438666141
XGBoost minus LR,244,0.0020017964924243653
XGBoost minus LR,245,7.25276176852252e-06
XGBoost minus LR,246,-0.0022671659349743772
XGBoost minus LR,247,0.003984117588566122
XGBoost minus LR,248,0.02023151169355969
XGBoost minus LR,249,-0.006941603653710535
XGBoost minus LR,250,0.004634543709207836
XGBoost minus LR,251,0.023560743850351007
XGBoost minus LR,252,-0.0017809778858745434
XGBoost minus LR,253,0.012756958585764255
XGBoost minus LR,254,-0.0012542929747980935
XGBoost minus LR,255,-0.0204874817373841
XGBoost minus LR,256,-0.019318297730046965
XGBoost minus LR,257,0.004722861821450132
XGBoost minus LR,258,-0.01520936205381275
XGBoost minus LR,259,0.004998094258672217
XGBoost minus LR,260,-0.020545326534386593
XGBoost minus LR,261,0.0018935618254599246
XGBoost minus LR,262,-0.0004715895211796356
XGBoost minus LR,263,-0.0159041502021261
XGBoost minus LR,264,-0.010109818699307271
XGBoost minus LR,265,0.010326560744537111
XGBoost minus LR,266,-0.011675551716857815
XGBoost minus LR,267,-0.002694115652751905
XGBoost minus LR,268,-0.026358821367379895
XGBoost minus LR,269,-0.0013567499185307974
XGBoost minus LR,270,0.004942145813778609
XGBoost minus LR,271,0.018585012113782454
XGBoost minus LR,272,-0.008276113399836138
XGBoost minus LR,273,-0.0046731000914904675
XGBoost minus LR,274,0.009668193028611077
XGBoost minus LR,275,-0.004409271828583992
XGBoost minus LR,276,-0.0009042770236929593
XGBoost minus LR,277,-0.012168096410026669
XGBoost minus LR,278,-0.009276747752096082
XGBoost minus LR,279,0.008966085643422717
XGBoost minus LR,280,-0.020326410153887045
XGBoost minus LR,281,-0.010202409081207495
XGBoost minus LR,282,0.005783478748210613
XGBoost minus LR,283,-0.0016778190908498247
XGBoost minus LR,284,-0.008749441479096176
XGBoost minus LR,285,0.021757316417331363
XGBoost minus LR,286,-0.006902356730912135
XGBoost minus LR,287,0.0020413376464841343
XGBoost minus LR,288,-0.0028840822405001715
XGBoost minus LR,289,0.01709772123323347
XGBoost minus LR,290,0.009677712876934044
XGBoost minus LR,291,0.008404628993253935
XGBoost minus LR,292,0.008544579056888518
XGBoost minus LR,293,0.01624898083971449
XGBoost minus LR,294,0.004589006296742484
XGBoost minus LR,295,0.018273399244899236
XGBoost minus LR,296,-0.019670955349109384
XGBoost minus LR,297,-0.005010927541860846
XGBoost minus LR,298,0.004935238794227831
XGBoost minus LR,299,-0.0038582959541434564
XGBoost minus LR,300,-0.006219322829842666
XGBoost minus LR,301,0.022658910924303277
XGBoost minus LR,302,0.007119350126342794
XGBoost minus LR,303,0.006800605511634791
XGBoost minus LR,304,0.013167759779565191
XGBoost minus LR,305,-0.007261599556257076
XGBoost minus LR,306,0.0038164257732566514
XGBoost minus LR,307,-0.012582049115484842
XGBoost minus LR,308,0.0034356172956500897
XGBoost minus LR,309,0.01793667182861032
XGBoost minus LR,310,-0.02150391934476993
XGBoost minus LR,311,-0.0033747550026311524
XGBoost minus LR,312,-0.0198627558447044
XGBoost minus LR,313,0.006555047355818702
XGBoost minus LR,314,0.010480737572024834
XGBoost minus LR,315,0.015287568154478265
XGBoost minus LR,316,0.007136722374128615
XGBoost minus LR,317,0.0035119657408922006
XGBoost minus LR,318,-0.010463490411975584
XGBoost minus LR,319,-0.007775433858142347
XGBoost minus LR,320,0.011706819386220133
XGBoost minus LR,321,0.0018791469781619524
XGBoost minus LR,322,0.0025879709339865636
XGBoost minus LR,323,-0.004941524956794646
XGBoost minus LR,324,0.006039107064121821
XGBoost minus LR,325,0.0002922495412826104
XGBoost minus LR,326,-0.018159271247707554
XGBoost minus LR,327,-0.014842162980867046
XGBoost minus LR,328,0.01180533947807827
XGBoost minus LR,329,-0.008502518506318696
XGBoost minus LR,330,0.008533354262447557
XGBoost minus LR,331,0.029732470319983995
XGBoost minus LR,332,0.009774598401870796
XGBoost minus LR,333,-0.004764534254792466
XGBoost minus LR,334,0.015380658678784145
XGBoost minus LR,335,-0.003628701196625339
XGBoost minus LR,336,0.00428250269500674
XGBoost minus LR,337,-0.00036990381766167924
XGBoost minus LR,338,-0.026038705331184145
XGBoost minus LR,339,0.008681835405454343
XGBoost minus LR,340,0.0008937633170147674
XGBoost minus LR,341,-0.0012932657459239078
XGBoost minus LR,342,-0.006338948569028696
XGBoost minus LR,343,-0.002118488228715229
XGBoost minus LR,344,0.0023351443948170375
XGBoost minus LR,345,0.0015313624453995311
XGBoost minus LR,346,-0.008824397702807907
XGBoost minus LR,347,-0.01584721178677198
XGBoost minus LR,348,-0.021572381493792314
XGBoost minus LR,349,-0.008532873040420733
XGBoost minus LR,350,-0.028716018226827997
XGBoost minus LR,351,-0.018963189438884254
XGBoost minus LR,352,-0.04271611200138305
XGBoost minus LR,353,-0.00030715946786678827
XGBoost minus LR,354,-0.008806494769092593
XGBoost minus LR,355,0.018668125817599773
XGBoost minus LR,356,0.006708646000894158
XGBoost minus LR,357,0.003657311961123788
XGBoost minus LR,358,-0.010726909696881212
XGBoost minus LR,359,0.0027612583338033625
XGBoost minus LR,360,-0.004251302862168765
XGBoost minus LR,361,0.007359433098088897
XGBoost minus LR,362,0.004930255438280601
XGBoost minus LR,363,0.008329536169208493
XGBoost minus LR,364,-0.0035281519835559244
XGBoost minus LR,365,0.004841648063152404
XGBoost minus LR,366,5.18291456073211e-05
XGBoost minus LR,367,0.012197014708307752
XGBoost minus LR,368,0.0006373662375022959
XGBoost minus LR,369,0.0030170837810463563
XGBoost minus LR,370,0.018749567097427325
XGBoost minus LR,371,0.01112495554233267
XGBoost minus LR,372,-0.0032823372955025076
XGBoost minus LR,373,0.00752849686705126
XGBoost minus LR,374,0.007779259076811193
XGBoost minus LR,375,-0.004226508223714995
XGBoost minus LR,376,-0.011005805769074131
XGBoost minus LR,377,-0.024509260617046058
XGBoost minus LR,378,0.0074853130116169925
XGBoost minus LR,379,0.0019260859626557963
XGBoost minus LR,380,-0.002216470556004102
XGBoost minus LR,381,-0.023005985615537863
XGBoost minus LR,382,0.0368828394070963
XGBoost minus LR,383,0.014691368803479127
XGBoost minus LR,384,0.023460080864576627
XGBoost minus LR,385,-0.022770043516045377
XGBoost minus LR,386,0.005879845048148535
XGBoost minus LR,387,0.015880920257267728
XGBoost minus LR,388,-0.012703503654269463
XGBoost minus LR,389,-0.028622678839618144
XGBoost minus LR,390,0.01613306504744269
XGBoost minus LR,391,0.015517157443181911
XGBoost minus LR,392,-0.024978551726381776
XGBoost minus LR,393,0.003691808905332092
XGBoost minus LR,394,-0.0014299177442773509
XGBoost minus LR,395,0.0014070262207499518
XGBoost minus LR,396,0.0025198613421883592
XGBoost minus LR,397,-0.009087157589705519
XGBoost minus LR,398,-0.006866896883424428
XGBoost minus LR,399,0.030328744959544407
XGBoost minus LR,400,-0.02379284162516382
XGBoost minus LR,401,0.005100327121127415
XGBoost minus LR,402,0.027761949877894793
XGBoost minus LR,403,-0.012483339128003174
XGBoost minus LR,404,-0.022704235798133313
XGBoost minus LR,405,0.0024345653108810428
XGBoost minus LR,406,0.002041990522167955
XGBoost minus LR,407,-0.0009541434415186109
XGBoost minus LR,408,-0.02027323623653969
XGBoost minus LR,409,0.016307529277949123
XGBoost minus LR,410,-0.009131054173164482
XGBoost minus LR,411,-0.020384635385364877
XGBoost minus LR,412,-0.006698025360895837
XGBoost minus LR,413,-0.014549966362214423
XGBoost minus LR,414,-0.016436655868049183
XGBoost minus LR,415,0.008843109646465577
XGBoost minus LR,416,-0.015600963978582932
XGBoost minus LR,417,-0.013176232516428188
XGBoost minus LR,418,0.01684920789727473
XGBoost minus LR,419,-0.028363172960994026
XGBoost minus LR,420,-0.014606016699257512
XGBoost minus LR,421,-0.02291665314158646
XGBoost minus LR,422,-0.01357861195584608
XGBoost minus LR,423,-0.009479853252880921
XGBoost minus LR,424,-0.0006720227564493697
XGBoost minus LR,425,0.011623423365252433
XGBoost minus LR,426,-0.007351085319036305
XGBoost minus LR,427,0.0007691121643303017
XGBoost minus LR,428,0.00399119576818853
XGBoost minus LR,429,0.012162390713054833
XGBoost minus LR,430,0.016811379370464063
XGBoost minus LR,431,0.0016510636826150143
XGBoost minus LR,432,0.009638494209667683
XGBoost minus LR,433,-0.01114828497317781
XGBoost minus LR,434,0.0008679749744571474
XGBoost minus LR,435,0.004360549274404907
XGBoost minus LR,436,0.004863389296702131
XGBoost minus LR,437,0.0059703906936048184
XGBoost minus LR,438,0.0030382055593520946
XGBoost minus LR,439,-0.007832521835270681
XGBoost minus LR,440,0.0018026625389205228
XGBoost minus LR,441,-0.017303339260674802
XGBoost minus LR,442,-0.0015246891765803294
XGBoost minus LR,443,-0.0029604996529984245
XGBoost minus LR,444,-0.01512657541915352
XGBoost minus LR,445,0.006641028921523601
XGBoost minus LR,446,0.0040294217876347405
XGBoost minus LR,447,0.01268756051581671
XGBoost minus LR,448,-0.022905783166798713
XGBoost minus LR,449,-0.008184294091492683
XGBoost minus LR,450,-0.007358594517355821
XGBoost minus LR,451,0.020055410457177444
XGBoost minus LR,452,0.014954626017266978
XGBoost minus LR,453,0.0029877625445804273
XGBoost minus LR,454,-0.002874305461639512
XGBoost minus LR,455,-0.00553858022548144
XGBoost minus LR,456,0.004032522295060029
XGBoost minus LR,457,0.015272905325276198
XGBoost minus LR,458,0.0008031805678472975
XGBoost minus LR,459,-0.03540124805888653
XGBoost minus LR,460,-0.01363911337767617
XGBoost minus LR,461,0.0017879168354281855
XGBoost minus LR,462,0.006327480958167514
XGBoost minus LR,463,-0.02655954777067948
XGBoost minus LR,464,-0.0074660007987366606
XGBoost minus LR,465,0.0018884466904902641
XGBoost minus LR,466,0.009734068324600081
XGBoost minus LR,467,-0.007790154110493427
XGBoost minus LR,468,-0.018178404861408856
XGBoost minus LR,469,-0.017322064474253523
XGBoost minus LR,470,-0.005050456791152874
XGBoost minus LR,471,0.026241290234671408
XGBoost minus LR,472,0.0036078806269217722
XGBoost minus LR,473,0.0287658055998561
XGBoost minus LR,474,-0.013577664267094738
XGBoost minus LR,475,-0.03301932038414601
XGBoost minus LR,476,0.023580097084231547
XGBoost minus LR,477,0.0010769278422698703
XGBoost minus LR,478,0.009463702573205238
XGBoost minus LR,479,0.021264198197341405
XGBoost minus LR,480,-0.005606951598216697
XGBoost minus LR,481,0.0008422989151635613
XGBoost minus LR,482,-0.03371794832047445
XGBoost minus LR,483,-0.01784287375411757
XGBoost minus LR,484,-0.024067332330661453
XGBoost minus LR,485,0.001974174168551321
XGBoost minus LR,486,0.004773664920191961
XGBoost minus LR,487,0.008296764669843956
XGBoost minus LR,488,0.013929147431812477
XGBoost minus LR,489,-0.0004266908051264451
XGBoost minus LR,490,0.01216081489237425
XGBoost minus LR,491,-0.01586747711642908
XGBoost minus LR,492,0.014600019147335386
XGBoost minus LR,493,0.0018578028845588346
XGBoost minus LR,494,0.007180845651335879
XGBoost minus LR,495,-0.005928628848861771
XGBoost minus LR,496,0.007731822615808848
XGBoost minus LR,497,-2.404041937401069e-05
XGBoost minus LR,498,-0.011137893637729629
XGBoost minus LR,499,-0.00722938915004058
XGBoost minus LR,500,-0.019087801620638008
XGBoost minus LR,501,-0.000571033096442658
XGBoost minus LR,502,-0.0004963801509771104
XGBoost minus LR,503,-0.008120913176333712
XGBoost minus LR,504,4.63358796371216e-05
XGBoost minus LR,505,0.010860363902036957
XGBoost minus LR,506,-0.016913107817133934
XGBoost minus LR,507,-0.010651594679527004
XGBoost minus LR,508,-0.014339560486418781
XGBoost minus LR,509,-0.01188042030915562
XGBoost minus LR,510,-0.01850300177959896
XGBoost minus LR,511,-0.009090539218402693
XGBoost minus LR,512,0.011555764572746707
XGBoost minus LR,513,0.0004967259369441368
XGBoost minus LR,514,-0.03357450887638813
XGBoost minus LR,515,0.011052183213644137
XGBoost minus LR,516,0.005678602024482282
XGBoost minus LR,517,0.01993112304060561
XGBoost minus LR,518,0.011580719363012318
XGBoost minus LR,519,0.00011697090783868713
XGBoost minus LR,520,-0.011298383133166737
XGBoost minus LR,521,-0.00685381756188122
XGBoost minus LR,522,-0.007568938078263587
XGBoost minus LR,523,0.010230231641551513
XGBoost minus LR,524,-0.01727796211631799
XGBoost minus LR,525,0.004612285505334823
XGBoost minus LR,526,0.0023419790595929496
XGBoost minus LR,527,-0.005975989339785201
XGBoost minus LR,528,-0.017846419198421684
XGBoost minus LR,529,0.0004411562900072663
XGBoost minus LR,530,0.005213689384186065
XGBoost minus LR,531,0.016679521608012338
XGBoost minus LR,532,-0.0014317316071187774
XGBoost minus LR,533,0.003139933503848946
XGBoost minus LR,534,0.007674249201210813
XGBoost minus LR,535,-0.004700408807194675
XGBoost minus LR,536,0.023838855379397034
XGBoost minus LR,537,-0.010296100619548554
XGBoost minus LR,538,0.0007184708705844922
XGBoost minus LR,539,0.006811708972367839
XGBoost minus LR,540,-0.00012106458362713679
XGBoost minus LR,541,0.003808045056148346
XGBoost minus LR,542,0.007893070849494699
XGBoost minus LR,543,0.007946407416051807
XGBoost minus LR,544,0.008334078107454429
XGBoost minus LR,545,0.0015702083336096434
XGBoost minus LR,546,0.023483703476877116
XGBoost minus LR,547,0.004924278549235356
XGBoost minus LR,548,-0.003604583059791347
XGBoost minus LR,549,-0.03590966479554131
XGBoost minus LR,550,-0.015400974325937095
XGBoost minus LR,551,-0.015122068771084171
XGBoost minus LR,552,0.0007247561391630214
XGBoost minus LR,553,0.003981942072359815
XGBoost minus LR,554,-0.003454894157783578
XGBoost minus LR,555,-0.013750074919307062
XGBoost minus LR,556,0.01274875330773606
XGBoost minus LR,557,0.011428888744124087
XGBoost minus LR,558,0.004904397125287091
XGBoost minus LR,559,-0.003982170142483185
XGBoost minus LR,560,0.04652840566841265
XGBoost minus LR,561,0.043187236368531265
XGBoost minus LR,562,-0.0005013565222866806
XGBoost minus LR,563,-0.0076101067321804605
XGBoost minus LR,564,-0.006785956673357824
XGBoost minus LR,565,0.006817522852075306
XGBoost minus LR,566,-0.016363642363500075
XGBoost minus LR,567,-0.0073917745322197165
XGBoost minus LR,568,0.009920542195391194
XGBoost minus LR,569,-0.0005020977233805568
XGBoost minus LR,570,-0.014532028699688476
XGBoost minus LR,571,0.021221218947380577
XGBoost minus LR,572,-0.018055955005913865
XGBoost minus LR,573,0.010556090697728782
XGBoost minus LR,574,-0.00338354756860422
XGBoost minus LR,575,-0.024739603147456886
XGBoost minus LR,576,-0.001901687450196865
XGBoost minus LR,577,0.02926401462563498
XGBoost minus LR,578,-0.002260178161741136
XGBoost minus LR,579,-0.012258995918981122
XGBoost minus LR,580,0.017822924574862162
XGBoost minus LR,581,0.0030198497784981737
XGBoost minus LR,582,0.006038569709866257
XGBoost minus LR,583,-0.0005758353534750515
XGBoost minus LR,584,0.005334360615481704
XGBoost minus LR,585,-0.002957481901719544
XGBoost minus LR,586,-0.006341740234933932
XGBoost minus LR,587,0.005532522903159337
XGBoost minus LR,588,0.02046562104364759
XGBoost minus LR,589,-0.009563461210837725
XGBoost minus LR,590,-0.003387586281473759
XGBoost minus LR,591,-0.02403493348018909
XGBoost minus LR,592,-0.008404952507123975
XGBoost minus LR,593,0.009045204158000072
XGBoost minus LR,594,0.0015007186188021882
XGBoost minus LR,595,-0.00015808022605573457
XGBoost minus LR,596,0.03005583818674884
XGBoost minus LR,597,-0.01458694543093287
XGBoost minus LR,598,0.025200228530558158
XGBoost minus LR,599,-0.002426332444174714
XGBoost minus LR,600,0.010331548580139419
XGBoost minus LR,601,0.031044315360078623
XGBoost minus LR,602,-0.003123704063507371
XGBoost minus LR,603,-0.004644084818873968
XGBoost minus LR,604,0.0025088335506106285
XGBoost minus LR,605,0.027708314621705754
XGBoost minus LR,606,-0.022633683630028684
XGBoost minus LR,607,-0.004439361386226179
XGBoost minus LR,608,-0.006207450459272498
XGBoost minus LR,609,-0.0064872495453280644
XGBoost minus LR,610,0.018805113278576507
XGBoost minus LR,611,0.0002947051486510005
XGBoost minus LR,612,0.007054155014898832
XGBoost minus LR,613,0.03265382632801028
XGBoost minus LR,614,-0.008987033524618798
XGBoost minus LR,615,-0.02133320375550596
XGBoost minus LR,616,-0.03246679687772597
XGBoost minus LR,617,-0.00040734665045234764
XGBoost minus LR,618,0.004768939395938601
XGBoost minus LR,619,0.02220768095445247
XGBoost minus LR,620,0.013591576998211868
XGBoost minus LR,621,-0.012287850576742573
XGBoost minus LR,622,-0.0005589955602176566
XGBoost minus LR,623,-0.024747939024109572
XGBoost minus LR,624,-0.00857186108919128
XGBoost minus LR,625,-0.036864555441341026
XGBoost minus LR,626,-0.000872549139264156
XGBoost minus LR,627,-0.001212008785215643
XGBoost minus LR,628,0.002361267340331888
XGBoost minus LR,629,-0.010075558768959256
XGBoost minus LR,630,0.030918876748087243
XGBoost minus LR,631,0.022095093157654982
XGBoost minus LR,632,0.012193098175164466
XGBoost minus LR,633,0.00698037531800659
XGBoost minus LR,634,0.014599093541494551
XGBoost minus LR,635,-0.015961841939192964
XGBoost minus LR,636,-0.02908168139180979
XGBoost minus LR,637,-0.02294112909089073
XGBoost minus LR,638,-0.001682964504410689
XGBoost minus LR,639,0.00499960313230105
XGBoost minus LR,640,0.008151434878349767
XGBoost minus LR,641,-0.012498894156250329
XGBoost minus LR,642,-0.019612155462134906
XGBoost minus LR,643,-0.015434540232075772
XGBoost minus LR,644,0.021661219542264992
XGBoost minus LR,645,-0.01829147499662309
XGBoost minus LR,646,0.01458157700916135
XGBoost minus LR,647,-0.018279413224415064
XGBoost minus LR,648,-0.003639559797252487
XGBoost minus LR,649,-0.013582815891823918
XGBoost minus LR,650,-0.004293299189451469
XGBoost minus LR,651,0.013867502433600937
XGBoost minus LR,652,-0.006716870453619947
XGBoost minus LR,653,0.02948005287329425
XGBoost minus LR,654,-0.011068378819348232
XGBoost minus LR,655,0.0021093046255991482
XGBoost minus LR,656,-0.008325984059772557
XGBoost minus LR,657,0.009476275557113376
XGBoost minus LR,658,0.021422874296782662
XGBoost minus LR,659,-0.00044201562806997496
XGBoost minus LR,660,0.01159027873800847
XGBoost minus LR,661,-0.01549540028257644
XGBoost minus LR,662,0.011723833466724329
XGBoost minus LR,663,-0.006421297920854538
XGBoost minus LR,664,0.013866574430092149
XGBoost minus LR,665,-0.014125797378017127
XGBoost minus LR,666,0.01001213795360828
XGBoost minus LR,667,0.0137847537461529
XGBoost minus LR,668,-0.005509700884510513
XGBoost minus LR,669,-0.006059034336478558
XGBoost minus LR,670,0.004095452973985253
XGBoost minus LR,671,0.027376024382842964
XGBoost minus LR,672,-0.011096430852544609
XGBoost minus LR,673,0.012198315611314431
XGBoost minus LR,674,0.00560049162300344
XGBoost minus LR,675,0.007689687634156783
XGBoost minus LR,676,0.0025300220782864882
XGBoost minus LR,677,-0.030038467129167468
XGBoost minus LR,678,-0.006238293177513218
XGBoost minus LR,679,0.010839891603160928
XGBoost minus LR,680,-0.007755474230631554
XGBoost minus LR,681,0.0244228329133266
XGBoost minus LR,682,0.006327912650766751
XGBoost minus LR,683,-0.017804899216607453
XGBoost minus LR,684,0.00040299845510113896
XGBoost minus LR,685,0.0093609713383411
XGBoost minus LR,686,-0.0019896007697025597
XGBoost minus LR,687,0.0013964822017208667
XGBoost minus LR,688,-0.008830205352460416
XGBoost minus LR,689,-0.007674311877918963
XGBoost minus LR,690,0.010186688953323433
XGBoost minus LR,691,-0.0024840631819622455
XGBoost minus LR,692,-0.028189666427209548
XGBoost minus LR,693,-0.013135468202563741
XGBoost minus LR,694,-0.010918098377387685
XGBoost minus LR,695,0.0074620442493094075
XGBoost minus LR,696,-0.002586154245766553
XGBoost minus LR,697,0.010636556366142816
XGBoost minus LR,698,0.010139058230695566
XGBoost minus LR,699,-0.041008343321912555
XGBoost minus LR,700,0.012091725979330364
XGBoost minus LR,701,0.0015281080619175824
XGBoost minus LR,702,0.01997524724092639
XGBoost minus LR,703,-0.012776188964198784
XGBoost minus LR,704,-0.006096201925240727
XGBoost minus LR,705,0.007841797917518434
XGBoost minus LR,706,0.013059298768692315
XGBoost minus LR,707,0.01894804122038407
XGBoost minus LR,708,0.009507344037599258
XGBoost minus LR,709,0.0061750957751079555
XGBoost minus LR,710,-0.023690033169146918
XGBoost minus LR,711,0.006100760551627768
XGBoost minus LR,712,-0.012371235334593986
XGBoost minus LR,713,-0.0010183241004711602
XGBoost minus LR,714,-0.003372972054156431
XGBoost minus LR,715,0.003356676787507437
XGBoost minus LR,716,-0.010986027148709103
XGBoost minus LR,717,0.016086142804137837
XGBoost minus LR,718,0.010786580380069008
XGBoost minus LR,719,-0.042905128890902394
XGBoost minus LR,720,0.026064187491910168
XGBoost minus LR,721,-0.027861935457976855
XGBoost minus LR,722,0.014662341711222049
XGBoost minus LR,723,0.014028706498400795
XGBoost minus LR,724,0.004131333906686255
XGBoost minus LR,725,0.030559283359712974
XGBoost minus LR,726,-0.0010525293037770972
XGBoost minus LR,727,0.009537549690739222
XGBoost minus LR,728,-0.012176959162798123
XGBoost minus LR,729,0.003646907558615964
XGBoost minus LR,730,0.009618016192843137
XGBoost minus LR,731,-0.004139205183111505
XGBoost minus LR,732,0.01171118172738643
XGBoost minus LR,733,0.033097033803749745
XGBoost minus LR,734,0.013326616738914429
XGBoost minus LR,735,-0.012315824113174237
XGBoost minus LR,736,0.007442015255689688
XGBoost minus LR,737,0.015556655063422256
XGBoost minus LR,738,0.02560296168935168
XGBoost minus LR,739,0.006205307360656637
XGBoost minus LR,740,-0.016830795503417817
XGBoost minus LR,741,-0.0012132280595776729
XGBoost minus LR,742,-5.831207478634859e-05
XGBoost minus LR,743,-0.020435302170898034
XGBoost minus LR,744,-0.005752627735514437
XGBoost minus LR,745,-0.009559048956943247
XGBoost minus LR,746,-0.0021275666083711148
XGBoost minus LR,747,0.01800154113231854
XGBoost minus LR,748,-0.008064121056671092
XGBoost minus LR,749,-0.0005645027041257106
XGBoost minus LR,750,0.018770662059512055
XGBoost minus LR,751,-0.01589324069405998
XGBoost minus LR,752,-0.005610534331805805
XGBoost minus LR,753,-0.019898435519738245
XGBoost minus LR,754,0.006082607488081537
XGBoost minus LR,755,0.00427605226948935
XGBoost minus LR,756,-0.007253205702659325
XGBoost minus LR,757,0.005300582493854997
XGBoost minus LR,758,-0.01975363375561949
XGBoost minus LR,759,0.01510734522546632
XGBoost minus LR,760,-0.012888812424799528
XGBoost minus LR,761,-0.00950415106531842
XGBoost minus LR,762,0.004071332352381926
XGBoost minus LR,763,0.009521933661069085
XGBoost minus LR,764,0.010288348260842684
XGBoost minus LR,765,0.02513597828218271
XGBoost minus LR,766,-0.012702973192380382
XGBoost minus LR,767,0.003959617412584646
XGBoost minus LR,768,-0.0043169225073575734
XGBoost minus LR,769,-0.0020216427690238487
XGBoost minus LR,770,-0.021045446124161468
XGBoost minus LR,771,0.02270127024589068
XGBoost minus LR,772,-0.010364030042807768
XGBoost minus LR,773,0.014782559844251558
XGBoost minus LR,774,0.015610007173861434
XGBoost minus LR,775,0.0037930672239983587
XGBoost minus LR,776,0.011458055662075736
XGBoost minus LR,777,-0.0021654228562099087
XGBoost minus LR,778,0.020073599686699556
XGBoost minus LR,779,0.0015429670928729794
XGBoost minus LR,780,0.009329337223010506
XGBoost minus LR,781,0.00864360621189754
XGBoost minus LR,782,-0.005297321670438712
XGBoost minus LR,783,0.01615800133753123
XGBoost minus LR,784,0.006188914714539279
XGBoost minus LR,785,0.02083484316979596
XGBoost minus LR,786,-0.002954755200929887
XGBoost minus LR,787,0.011503065731548162
XGBoost minus LR,788,0.004980079831586173
XGBoost minus LR,789,-0.004881111896560653
XGBoost minus LR,790,-0.012578282615815083
XGBoost minus LR,791,-0.008109452219287064
XGBoost minus LR,792,0.015577101667875612
XGBoost minus LR,793,-0.03157650756113781
XGBoost minus LR,794,-0.02388604332384857
XGBoost minus LR,795,-0.004376473478331339
XGBoost minus LR,796,-0.007011175879566955
XGBoost minus LR,797,-0.012289210992624311
XGBoost minus LR,798,0.008748407749886819
XGBoost minus LR,799,-0.002261524259911926
XGBoost minus LR,800,0.01706725961901112
XGBoost minus LR,801,0.0038170191403548853
XGBoost minus LR,802,0.009875034521200698
XGBoost minus LR,803,0.01747182576574842
XGBoost minus LR,804,-0.013599231412164792
XGBoost minus LR,805,-0.0020194292279305803
XGBoost minus LR,806,0.001913680473329571
XGBoost minus LR,807,-0.012400558072827889
XGBoost minus LR,808,-0.01209824613827068
XGBoost minus LR,809,0.014326763272104859
XGBoost minus LR,810,0.006426886138952037
XGBoost minus LR,811,-0.011113782280143238
XGBoost minus LR,812,-0.005365372226182913
XGBoost minus LR,813,0.012000009295535519
XGBoost minus LR,814,0.020146239955705747
XGBoost minus LR,815,-0.0042612138754091755
XGBoost minus LR,816,0.008682776939922643
XGBoost minus LR,817,-0.007821824940563035
XGBoost minus LR,818,0.01043361948782455
XGBoost minus LR,819,6.154978535263811e-05
XGBoost minus LR,820,0.004140365848569458
XGBoost minus LR,821,0.03007976198680934
XGBoost minus LR,822,0.015459694028768609
XGBoost minus LR,823,-0.0033487197898419557
XGBoost minus LR,824,-0.014582706611665289
XGBoost minus LR,825,0.017458202236959097
XGBoost minus LR,826,0.005986275568794289
XGBoost minus LR,827,0.012994579624610106
XGBoost minus LR,828,0.002106611018398971
XGBoost minus LR,829,-0.023044667887237885
XGBoost minus LR,830,-0.0038604942003858805
XGBoost minus LR,831,-0.0005590214309748598
XGBoost minus LR,832,-0.01010681308009842
XGBoost minus LR,833,0.008199520749960706
XGBoost minus LR,834,-0.011229798234841562
XGBoost minus LR,835,-0.003749786234013175
XGBoost minus LR,836,0.008226755803428881
XGBoost minus LR,837,0.0010100281326681643
XGBoost minus LR,838,-0.011928616076208293
XGBoost minus LR,839,-0.01870977646977743
XGBoost minus LR,840,-0.0008816448314147018
XGBoost minus LR,841,0.006057726962733975
XGBoost minus LR,842,0.010591119236178892
XGBoost minus LR,843,0.004818961402273114
XGBoost minus LR,844,-0.0032478167985390965
XGBoost minus LR,845,0.0074172753134714164
XGBoost minus LR,846,0.00653489171345456
XGBoost minus LR,847,0.0038693687253580147
XGBoost minus LR,848,-0.010109899962523941
XGBoost minus LR,849,-0.009860112015524815
XGBoost minus LR,850,0.016551744606008584
XGBoost minus LR,851,0.004558301805936693
XGBoost minus LR,852,0.012320966459836297
XGBoost minus LR,853,-0.016765448337744238
XGBoost minus LR,854,-0.003024631287007057
XGBoost minus LR,855,0.03395083940235083
XGBoost minus LR,856,-0.016457886400162658
XGBoost minus LR,857,-0.005581334910306837
XGBoost minus LR,858,-0.013182235757943306
XGBoost minus LR,859,-0.014262785519690596
XGBoost minus LR,860,0.0024430011053023504
XGBoost minus LR,861,-5.452517840104365e-05
XGBoost minus LR,862,0.0015132057285821288
XGBoost minus LR,863,-0.0265233748511816
XGBoost minus LR,864,-0.0019229735498890455
XGBoost minus LR,865,-0.0018845819936148256
XGBoost minus LR,866,0.0018066349785939295
XGBoost minus LR,867,-0.0014737677791508697
XGBoost minus LR,868,-0.011284270625511864
XGBoost minus LR,869,-0.01094728771512539
XGBoost minus LR,870,-0.014077754246968492
XGBoost minus LR,871,-0.0013482659486540177
XGBoost minus LR,872,-0.0056776895853441894
XGBoost minus LR,873,-0.012603496645055862
XGBoost minus LR,874,-0.002270081546930869
XGBoost minus LR,875,-0.0031587011507149543
XGBoost minus LR,876,-0.013637080764997811
XGBoost minus LR,877,-0.0005289831545639695
XGBoost minus LR,878,-0.01436856759446789
XGBoost minus LR,879,0.01805831644332566
XGBoost minus LR,880,0.012354458881858696
XGBoost minus LR,881,0.002295784921008459
XGBoost minus LR,882,-0.015165194787895617
XGBoost minus LR,883,-0.0018421881695557807
XGBoost minus LR,884,-0.008857593798916596
XGBoost minus LR,885,-0.0019318208673692466
XGBoost minus LR,886,-0.010353802220817748
XGBoost minus LR,887,-0.0050421405528044
XGBoost minus LR,888,0.005896198634565447
XGBoost minus LR,889,-0.009004159152463748
XGBoost minus LR,890,-0.044262361582274506
XGBoost minus LR,891,0.026245661876420898
XGBoost minus LR,892,0.009506059443189024
XGBoost minus LR,893,-0.006810025714132362
XGBoost minus LR,894,0.01115227543096134
XGBoost minus LR,895,0.006673201392209546
XGBoost minus LR,896,0.010995256023025118
XGBoost minus LR,897,0.007419663719867069
XGBoost minus LR,898,-0.0070467919631217735
XGBoost minus LR,899,-0.023204384043902737
XGBoost minus LR,900,-0.006485570929160897
XGBoost minus LR,901,0.01564441155889268
XGBoost minus LR,902,-0.016330060958057113
XGBoost minus LR,903,-0.012107043345821994
XGBoost minus LR,904,-0.00486849339343752
XGBoost minus LR,905,0.0027190354739518863
XGBoost minus LR,906,-0.017001929594322673
XGBoost minus LR,907,0.010013032679024342
XGBoost minus LR,908,-0.013630279586581542
XGBoost minus LR,909,0.0021419705715173543
XGBoost minus LR,910,0.0020529527526764596
XGBoost minus LR,911,0.0025425295487892657
XGBoost minus LR,912,-0.00418730117650605
XGBoost minus LR,913,-0.0014228795667226984
XGBoost minus LR,914,-0.0011740734316357943
XGBoost minus LR,915,-0.01715484959590005
XGBoost minus LR,916,-0.003782324211869248
XGBoost minus LR,917,-0.010209354023192563
XGBoost minus LR,918,-0.01757673892622405
XGBoost minus LR,919,0.01173221859914196
XGBoost minus LR,920,-0.004626858577873871
XGBoost minus LR,921,0.019456135384476658
XGBoost minus LR,922,-0.014438811750242052
XGBoost minus LR,923,0.010042457312847627
XGBoost minus LR,924,0.022157312322957978
XGBoost minus LR,925,0.0202980376384716
XGBoost minus LR,926,-0.03053664342693581
XGBoost minus LR,927,-0.019703375905412282
XGBoost minus LR,928,-0.0017870910916206045
XGBoost minus LR,929,0.018073510241457924
XGBoost minus LR,930,-0.022223845180772972
XGBoost minus LR,931,0.00499931026287917
XGBoost minus LR,932,0.006087684159003334
XGBoost minus LR,933,0.006533142607637016
XGBoost minus LR,934,-0.020799074431779557
XGBoost minus LR,935,0.013593000885321449
XGBoost minus LR,936,-0.004520317741490365
XGBoost minus LR,937,-0.018987578152058898
XGBoost minus LR,938,0.014935452294451285
XGBoost minus LR,939,-0.002393348342219624
XGBoost minus LR,940,-0.0022098699284872625
XGBoost minus LR,941,0.024381299928809747
XGBoost minus LR,942,0.01655694180250243
XGBoost minus LR,943,-0.006796910091339814
XGBoost minus LR,944,0.0033810913524364855
XGBoost minus LR,945,-0.02156882467672623
XGBoost minus LR,946,0.009559304319724696
XGBoost minus LR,947,-0.013595265668384829
XGBoost minus LR,948,0.005444924236927079
XGBoost minus LR,949,0.021617582580390024
XGBoost minus LR,950,0.006170352099500898
XGBoost minus LR,951,-0.014269240282560103
XGBoost minus LR,952,0.0009869131498654177
XGBoost minus LR,953,-0.005364449610492844
XGBoost minus LR,954,0.0033571362245524983
XGBoost minus LR,955,0.02582361086776093
XGBoost minus LR,956,0.029104192075530083
XGBoost minus LR,957,-0.033105250751316165
XGBoost minus LR,958,0.0113837656174062
XGBoost minus LR,959,0.016467341753142073
XGBoost minus LR,960,0.002157944084715563
XGBoost minus LR,961,-0.009131730943879687
XGBoost minus LR,962,-0.01938869279500833
XGBoost minus LR,963,-0.015583219972643711
XGBoost minus LR,964,-0.011354427404862796
XGBoost minus LR,965,-0.035126894543282994
XGBoost minus LR,966,0.0037399207375736487
XGBoost minus LR,967,-0.015540591304995785
XGBoost minus LR,968,-0.008024792508358289
XGBoost minus LR,969,-0.0058433842020803595
XGBoost minus LR,970,0.004314230517431336
XGBoost minus LR,971,0.00891433791242928
XGBoost minus LR,972,0.012339853238616472
XGBoost minus LR,973,-0.004007273508487952
XGBoost minus LR,974,0.007726611374157588
XGBoost minus LR,975,-0.0162121053049412
XGBoost minus LR,976,0.0021119759649674136
XGBoost minus LR,977,-0.003222984064851192
XGBoost minus LR,978,-0.005963662252561716
XGBoost minus LR,979,0.008926213025584273
XGBoost minus LR,980,0.016563938018765947
XGBoost minus LR,981,0.0077247075891377776
XGBoost minus LR,982,-0.006122065884283212
XGBoost minus LR,983,-0.01579737944929896
XGBoost minus LR,984,-0.03262128357118399
XGBoost minus LR,985,-0.0177423065048483
XGBoost minus LR,986,-0.003320798420307511
XGBoost minus LR,987,-0.014287121195851113
XGBoost minus LR,988,-0.006838645579083119
XGBoost minus LR,989,0.005186894588682309
XGBoost minus LR,990,0.022374133127217588
XGBoost minus LR,991,-0.02615377988764453
XGBoost minus LR,992,0.01963597600360731
XGBoost minus LR,993,-0.0031455155051486605
XGBoost minus LR,994,0.03763920899686608
XGBoost minus LR,995,0.012803856510119643
XGBoost minus LR,996,0.027255834481947724
XGBoost minus LR,997,-0.00363516302911171
XGBoost minus LR,998,0.02059682782984268
XGBoost minus LR,999,-0.013581286084480296
XGBoost minus LR,1000,0.012984910804397842
XGBoost minus LR,1001,-0.004015240408190526
XGBoost minus LR,1002,-0.016719700023647616
XGBoost minus LR,1003,-0.017816812829777595
XGBoost minus LR,1004,-0.006722097727421925
XGBoost minus LR,1005,0.006839656878283917
XGBoost minus LR,1006,-0.01573284468363398
XGBoost minus LR,1007,0.02793273560380366
XGBoost minus LR,1008,-0.02333012242216778
XGBoost minus LR,1009,0.0007505566134647645
XGBoost minus LR,1010,0.017294063963063294
XGBoost minus LR,1011,-0.007638438260767863
XGBoost minus LR,1012,-0.028457313790492246
XGBoost minus LR,1013,0.009140847849354053
XGBoost minus LR,1014,0.014338547914976754
XGBoost minus LR,1015,-0.0077533875940482
XGBoost minus LR,1016,-0.018272585050002593
XGBoost minus LR,1017,0.01541165683716604
XGBoost minus LR,1018,-0.003700416397396794
XGBoost minus LR,1019,-0.016606903060660427
XGBoost minus LR,1020,0.02391981531049285
XGBoost minus LR,1021,-0.019797184899526074
XGBoost minus LR,1022,0.013060368707529552
XGBoost minus LR,1023,-0.015925822308065406
XGBoost minus LR,1024,-0.019465083499545267
XGBoost minus LR,1025,-0.021691289734540306
XGBoost minus LR,1026,-0.016078299170958404
XGBoost minus LR,1027,0.022341964050061613
XGBoost minus LR,1028,0.0011725180836488214
XGBoost minus LR,1029,-0.009365447428304294
XGBoost minus LR,1030,-0.006903392743841774
XGBoost minus LR,1031,0.018532986439007693
XGBoost minus LR,1032,0.003980767666763946
XGBoost minus LR,1033,0.023125810657347423
XGBoost minus LR,1034,0.023919955223110717
XGBoost minus LR,1035,-0.03705232634760049
XGBoost minus LR,1036,-0.007113087813583899
XGBoost minus LR,1037,0.021776607227406625
XGBoost minus LR,1038,-0.02896069091842353
XGBoost minus LR,1039,-0.017637593772201324
XGBoost minus LR,1040,-0.01384027021163324
XGBoost minus LR,1041,-0.01554181541960295
XGBoost minus LR,1042,0.00781754841835798
XGBoost minus LR,1043,-0.015610124542593348
XGBoost minus LR,1044,0.008821191936211406
XGBoost minus LR,1045,-0.02750566864234856
XGBoost minus LR,1046,0.001980858634260771
XGBoost minus LR,1047,-0.004744980324025719
XGBoost minus LR,1048,-0.011176249512114253
XGBoost minus LR,1049,0.013838232824498933
XGBoost minus LR,1050,-0.009454673183171058
XGBoost minus LR,1051,-0.03318213284231358
XGBoost minus LR,1052,0.004316983368201188
XGBoost minus LR,1053,0.02029098224951985
XGBoost minus LR,1054,-0.0029590431459601274
XGBoost minus LR,1055,-0.01660799651139494
XGBoost minus LR,1056,-0.0101275304807628
XGBoost minus LR,1057,0.007041344726029464
XGBoost minus LR,1058,0.0016661075576486772
XGBoost minus LR,1059,-0.0005167659029648164
XGBoost minus LR,1060,0.01927797666012128
XGBoost minus LR,1061,-0.009536178708563409
XGBoost minus LR,1062,-0.0059059220612174
XGBoost minus LR,1063,-0.006950429979152212
XGBoost minus LR,1064,-0.015517810732890096
XGBoost minus LR,1065,-0.008824438815977331
XGBoost minus LR,1066,-0.0030450544622512704
XGBoost minus LR,1067,-0.014713917723637338
XGBoost minus LR,1068,0.008505641397944422
XGBoost minus LR,1069,0.0013663996852560922
XGBoost minus LR,1070,0.006841438824230314
XGBoost minus LR,1071,0.002595865813903725
XGBoost minus LR,1072,0.016664703112390836
XGBoost minus LR,1073,0.003965262670925451
XGBoost minus LR,1074,-0.013241355725956153
XGBoost minus LR,1075,-0.002653016264296454
XGBoost minus LR,1076,0.006056873458954996
XGBoost minus LR,1077,0.018849941993796526
XGBoost minus LR,1078,0.029336815003452754
XGBoost minus LR,1079,0.007938929906628908
XGBoost minus LR,1080,0.0023485497468436617
XGBoost minus LR,1081,-0.00783929467447024
XGBoost minus LR,1082,-0.017544032805152
XGBoost minus LR,1083,0.012531349534138939
XGBoost minus LR,1084,-0.009877077527025824
XGBoost minus LR,1085,0.002877482916967544
XGBoost minus LR,1086,0.0016928895035329822
XGBoost minus LR,1087,-0.008734013328026057
XGBoost minus LR,1088,-0.024068694040034373
XGBoost minus LR,1089,0.00547542821218891
XGBoost minus LR,1090,0.007736831359070356
XGBoost minus LR,1091,0.01374582566077525
XGBoost minus LR,1092,-0.002935641205144099
XGBoost minus LR,1093,-0.01184903210517775
XGBoost minus LR,1094,0.011416906722188341
XGBoost minus LR,1095,0.011172157645438899
XGBoost minus LR,1096,-0.012596378143999401
XGBoost minus LR,1097,0.0023605291908105897
XGBoost minus LR,1098,-0.022451875428186108
XGBoost minus LR,1099,-0.008424388209663208
XGBoost minus LR,1100,0.002872598256422665
XGBoost minus LR,1101,0.012743824716355157
XGBoost minus LR,1102,-0.007990064775776767
XGBoost minus LR,1103,-0.010448136626751467
XGBoost minus LR,1104,0.00420211877128461
XGBoost minus LR,1105,-0.017486051827747845
XGBoost minus LR,1106,0.022256617242065888
XGBoost minus LR,1107,-0.02387302749714411
XGBoost minus LR,1108,-0.00013693379621283752
XGBoost minus LR,1109,0.012208555290387682
XGBoost minus LR,1110,-0.015119385713898884
XGBoost minus LR,1111,0.01719449343153294
XGBoost minus LR,1112,-0.0015414814000739435
XGBoost minus LR,1113,-0.01586891526358787
XGBoost minus LR,1114,0.011335247397047707
XGBoost minus LR,1115,-0.004678622977378505
XGBoost minus LR,1116,3.7629490710400226e-05
XGBoost minus LR,1117,0.02042080206723492
XGBoost minus LR,1118,-0.008522581619326577
XGBoost minus LR,1119,-0.006048230327358739
XGBoost minus LR,1120,-0.0037629196656536745
XGBoost minus LR,1121,0.01442017927092526
XGBoost minus LR,1122,0.02613161467112879
XGBoost minus LR,1123,-0.011526296911987574
XGBoost minus LR,1124,-0.007933736233429828
XGBoost minus LR,1125,-0.00028067877374848144
XGBoost minus LR,1126,-0.004256064953355634
XGBoost minus LR,1127,-0.0009813447067568704
XGBoost minus LR,1128,0.005359730518050609
XGBoost minus LR,1129,0.00599941620851846
XGBoost minus LR,1130,0.018647656912607127
XGBoost minus LR,1131,0.01735450984889203
XGBoost minus LR,1132,-0.02238612830377784
XGBoost minus LR,1133,0.02677874462858945
XGBoost minus LR,1134,0.011836837176937079
XGBoost minus LR,1135,0.004310795996308445
XGBoost minus LR,1136,-0.0020830399535680943
XGBoost minus LR,1137,0.03141703984708677
XGBoost minus LR,1138,-0.016920641262836628
XGBoost minus LR,1139,-0.0052893801191401385
XGBoost minus LR,1140,-0.003175683600605314
XGBoost minus LR,1141,0.01256260552309292
XGBoost minus LR,1142,-0.023889442565338356
XGBoost minus LR,1143,-0.004133556993826462
XGBoost minus LR,1144,-0.0053160959647589184
XGBoost minus LR,1145,-0.014759450979032002
XGBoost minus LR,1146,0.025659069334366624
XGBoost minus LR,1147,0.017036957010468298
XGBoost minus LR,1148,-0.017937512271677503
XGBoost minus LR,1149,-0.00022246874753125562
XGBoost minus LR,1150,-0.0036120615133487938
XGBoost minus LR,1151,-0.03468985199303498
XGBoost minus LR,1152,-0.0029241643741551165
XGBoost minus LR,1153,0.009073653112628116
XGBoost minus LR,1154,-0.003817658764548995
XGBoost minus LR,1155,-0.024801621344355422
XGBoost minus LR,1156,0.0008533866652430944
XGBoost minus LR,1157,0.03998821329517413
XGBoost minus LR,1158,-0.0074311014178782
XGBoost minus LR,1159,-0.017506099645350326
XGBoost minus LR,1160,0.0003425934987062451
XGBoost minus LR,1161,-0.016337487927886196
XGBoost minus LR,1162,-0.01451206507996379
XGBoost minus LR,1163,0.0008528774772185443
XGBoost minus LR,1164,0.009858543748034881
XGBoost minus LR,1165,0.007089919061146574
XGBoost minus LR,1166,0.014981898470184038
XGBoost minus LR,1167,-0.02226687376329882
XGBoost minus LR,1168,-0.01194345685391017
XGBoost minus LR,1169,-0.0035660556346012173
XGBoost minus LR,1170,-0.0004999085851628005
XGBoost minus LR,1171,0.015559170971418443
XGBoost minus LR,1172,0.007707530601716514
XGBoost minus LR,1173,0.00818234880697917
XGBoost minus LR,1174,-0.013058602712605047
XGBoost minus LR,1175,0.005898432518621863
XGBoost minus LR,1176,0.020614973489820235
XGBoost minus LR,1177,-0.02981739235353993
XGBoost minus LR,1178,-0.004535876919019938
XGBoost minus LR,1179,0.015270442693081726
XGBoost minus LR,1180,-0.007891928826051164
XGBoost minus LR,1181,-0.0318567777042984
XGBoost minus LR,1182,-0.0008916954494954665
XGBoost minus LR,1183,-0.005038885566825774
XGBoost minus LR,1184,0.042638167663224064
XGBoost minus LR,1185,-0.016741690043248297
XGBoost minus LR,1186,0.006350858442214849
XGBoost minus LR,1187,-0.015989122733807662
XGBoost minus LR,1188,-0.010624879965337466
XGBoost minus LR,1189,0.003703363799223619
XGBoost minus LR,1190,-0.010340422043690303
XGBoost minus LR,1191,0.0024854463447849806
XGBoost minus LR,1192,-0.020306458958005966
XGBoost minus LR,1193,-0.01051845864655402
XGBoost minus LR,1194,0.01016743059544975
XGBoost minus LR,1195,0.0031798143082283903
XGBoost minus LR,1196,-0.004341247708361029
XGBoost minus LR,1197,-0.0024080212532024414
XGBoost minus LR,1198,0.008230723482136729
XGBoost minus LR,1199,0.0005697019046927293
XGBoost minus LR,1200,0.012266206703972257
XGBoost minus LR,1201,-0.04379803369164845
XGBoost minus LR,1202,0.006970914323349162
XGBoost minus LR,1203,0.006736679339499063
XGBoost minus LR,1204,0.01034856000606299
XGBoost minus LR,1205,-0.017112102475062563
XGBoost minus LR,1206,0.012145720228461082
XGBoost minus LR,1207,-0.019668387980180044
XGBoost minus LR,1208,-0.01493475187751514
XGBoost minus LR,1209,0.012767092048849266
XGBoost minus LR,1210,0.013048498007241727
XGBoost minus LR,1211,-0.0016551602459947412
XGBoost minus LR,1212,0.00816630012931309
XGBoost minus LR,1213,-0.008745573978076016
XGBoost minus LR,1214,0.01219413757618465
XGBoost minus LR,1215,-0.003146705712373493
XGBoost minus LR,1216,0.007144825623112139
XGBoost minus LR,1217,0.015311832944531131
XGBoost minus LR,1218,0.022778187610181022
XGBoost minus LR,1219,-0.003027388733137945
XGBoost minus LR,1220,0.009689443162456193
XGBoost minus LR,1221,-0.010355415991818162
XGBoost minus LR,1222,-0.004563210615577476
XGBoost minus LR,1223,-0.0015103300261514602
XGBoost minus LR,1224,0.016925771848485066
XGBoost minus LR,1225,-0.004683345123047689
XGBoost minus LR,1226,-0.0195077458531506
XGBoost minus LR,1227,-0.0009682590288350307
XGBoost minus LR,1228,0.015605786021175683
XGBoost minus LR,1229,0.017026042792956497
XGBoost minus LR,1230,0.00842688933517878
XGBoost minus LR,1231,0.010767378926954937
XGBoost minus LR,1232,-0.007816714052613069
XGBoost minus LR,1233,0.017383066068345956
XGBoost minus LR,1234,-0.005042611561467625
XGBoost minus LR,1235,0.011138134411506975
XGBoost minus LR,1236,-0.007081573083128255
XGBoost minus LR,1237,0.019169157405769452
XGBoost minus LR,1238,0.0026047449715581733
XGBoost minus LR,1239,-0.010384973730087316
XGBoost minus LR,1240,0.007326029206979223
XGBoost minus LR,1241,-0.025808032394280894
XGBoost minus LR,1242,0.01060119315935898
XGBoost minus LR,1243,0.0013565526001780709
XGBoost minus LR,1244,-0.018664951275298325
XGBoost minus LR,1245,-0.015121518375794514
XGBoost minus LR,1246,0.011138569978903126
XGBoost minus LR,1247,-0.0013877055092057777
XGBoost minus LR,1248,-0.021073558528334632
XGBoost minus LR,1249,0.02244298058260004
XGBoost minus LR,1250,0.009392254750549
XGBoost minus LR,1251,-0.03537096222448066
XGBoost minus LR,1252,-0.022605435445409036
XGBoost minus LR,1253,0.03132980849639887
XGBoost minus LR,1254,-0.002345403652432687
XGBoost minus LR,1255,-0.0004101805798555347
XGBoost minus LR,1256,-0.0072403505628491835
XGBoost minus LR,1257,-0.002708246756398726
XGBoost minus LR,1258,0.0026891718623085065
XGBoost minus LR,1259,0.012177534954249294
XGBoost minus LR,1260,0.0005563260851647461
XGBoost minus LR,1261,-0.018644537030756997
XGBoost minus LR,1262,-0.020291479465924717
XGBoost minus LR,1263,-0.005364298403199713
XGBoost minus LR,1264,0.009792701599341064
XGBoost minus LR,1265,0.025850588055987278
XGBoost minus LR,1266,-0.01154270865238545
XGBoost minus LR,1267,-0.00039703333881355163
XGBoost minus LR,1268,-0.009159919275450679
XGBoost minus LR,1269,0.0016181737090956577
XGBoost minus LR,1270,-0.010005031252658017
XGBoost minus LR,1271,-0.04615093944718335
XGBoost minus LR,1272,-0.011291611485211392
XGBoost minus LR,1273,0.012659903571811862
XGBoost minus LR,1274,-0.02364098303734788
XGBoost minus LR,1275,0.004799051781957775
XGBoost minus LR,1276,0.020493131578649376
XGBoost minus LR,1277,-0.0034150053625945365
XGBoost minus LR,1278,-0.009002731154572188
XGBoost minus LR,1279,0.03866988995908606
XGBoost minus LR,1280,0.003763093203470916
XGBoost minus LR,1281,-0.0057764553757573694
XGBoost minus LR,1282,0.010658047966161807
XGBoost minus LR,1283,-0.020553212121609765
XGBoost minus LR,1284,0.002506143176441572
XGBoost minus LR,1285,-0.006700854769018216
XGBoost minus LR,1286,0.008402563841327329
XGBoost minus LR,1287,-0.021007154743398107
XGBoost minus LR,1288,-0.001995213645584193
XGBoost minus LR,1289,0.001202384390560668
XGBoost minus LR,1290,-0.014924702867103658
XGBoost minus LR,1291,0.0071998311461143605
XGBoost minus LR,1292,0.0009483744934390692
XGBoost minus LR,1293,0.03272747988728136
XGBoost minus LR,1294,-0.00902154999845689
XGBoost minus LR,1295,-0.0034677750689250594
XGBoost minus LR,1296,0.014764765256344611
XGBoost minus LR,1297,0.010150430702194332
XGBoost minus LR,1298,-0.008489800553191568
XGBoost minus LR,1299,0.017333357180745246
XGBoost minus LR,1300,-0.005026643520727736
XGBoost minus LR,1301,-0.005652841916585619
XGBoost minus LR,1302,0.015205866817733796
XGBoost minus LR,1303,0.012325463882501594
XGBoost minus LR,1304,0.0053770190667931095
XGBoost minus LR,1305,-0.01205120301751364
XGBoost minus LR,1306,-0.028293802134139123
XGBoost minus LR,1307,0.0043548731871406315
XGBoost minus LR,1308,0.011401058896196956
XGBoost minus LR,1309,-0.020314808944406307
XGBoost minus LR,1310,-0.008024041230018597
XGBoost minus LR,1311,-0.014676945291908196
XGBoost minus LR,1312,0.00808035139021869
XGBoost minus LR,1313,-0.006587400329100046
XGBoost minus LR,1314,-0.017147864441717092
XGBoost minus LR,1315,-0.014576091672677843
XGBoost minus LR,1316,-6.248695741202515e-05
XGBoost minus LR,1317,0.028994913815962087
XGBoost minus LR,1318,-0.01589573420688728
XGBoost minus LR,1319,0.03447197052422904
XGBoost minus LR,1320,-0.000993883679373045
XGBoost minus LR,1321,0.004164615388173698
XGBoost minus LR,1322,-0.006206309449983544
XGBoost minus LR,1323,-0.00991496553123182
XGBoost minus LR,1324,0.0035484305346447226
XGBoost minus LR,1325,-0.006261168257087293
XGBoost minus LR,1326,-0.0019331488691914367
XGBoost minus LR,1327,0.002592508673373517
XGBoost minus LR,1328,0.0036011062364509003
XGBoost minus LR,1329,0.021361186444386504
XGBoost minus LR,1330,0.006842661273268616
XGBoost minus LR,1331,0.010570969276668271
XGBoost minus LR,1332,-0.029821739240602857
XGBoost minus LR,1333,-0.01026694368795572
XGBoost minus LR,1334,-0.018908019513731583
XGBoost minus LR,1335,-0.011394278853924203
XGBoost minus LR,1336,0.01493278769142413
XGBoost minus LR,1337,-0.005777357630393082
XGBoost minus LR,1338,-0.0027885533548330232
XGBoost minus LR,1339,-0.02041552851181505
XGBoost minus LR,1340,-0.02021494267305328
XGBoost minus LR,1341,0.04661941738904389
XGBoost minus LR,1342,-0.0007181525309467862
XGBoost minus LR,1343,-0.011290963332498405
XGBoost minus LR,1344,0.005465185516545651
XGBoost minus LR,1345,0.004007620694682093
XGBoost minus LR,1346,-0.007922570941928123
XGBoost minus LR,1347,0.015661761944434485
XGBoost minus LR,1348,0.031042589833523315
XGBoost minus LR,1349,-0.003261247714624424
XGBoost minus LR,1350,0.021492358042097107
XGBoost minus LR,1351,-0.014407216807887466
XGBoost minus LR,1352,0.012363976065316376
XGBoost minus LR,1353,0.004107802841717703
XGBoost minus LR,1354,0.006264210005171064
XGBoost minus LR,1355,0.024984713446333018
XGBoost minus LR,1356,0.012522462278095864
XGBoost minus LR,1357,0.009500025673104776
XGBoost minus LR,1358,-0.006433758553475902
XGBoost minus LR,1359,3.2563917724284797e-05
XGBoost minus LR,1360,-0.026627681706228062
XGBoost minus LR,1361,0.027049889753197248
XGBoost minus LR,1362,-0.007395113247469769
XGBoost minus LR,1363,0.015142254460678323
XGBoost minus LR,1364,-0.005049815837752297
XGBoost minus LR,1365,0.03188475176907775
XGBoost minus LR,1366,-0.0036136706329741447
XGBoost minus LR,1367,0.003079503077493495
XGBoost minus LR,1368,-0.001626834312194382
XGBoost minus LR,1369,0.003452620908327833
XGBoost minus LR,1370,0.011142652486155147
XGBoost minus LR,1371,0.012774727947331734
XGBoost minus LR,1372,0.009512800482640013
XGBoost minus LR,1373,0.007469125655063649
XGBoost minus LR,1374,0.0197357824022074
XGBoost minus LR,1375,0.023602212007828402
XGBoost minus LR,1376,0.020902703238337136
XGBoost minus LR,1377,-0.009820697987457425
XGBoost minus LR,1378,-0.011627192320750962
XGBoost minus LR,1379,0.002798126882133267
XGBoost minus LR,1380,-0.0028974968493891
XGBoost minus LR,1381,0.014861647090334995
XGBoost minus LR,1382,-0.006036109134011758
XGBoost minus LR,1383,0.008168537635802484
XGBoost minus LR,1384,0.004156852678113027
XGBoost minus LR,1385,-0.015014792654260645
XGBoost minus LR,1386,0.0081198934128483
XGBoost minus LR,1387,0.01816043286740643
XGBoost minus LR,1388,0.010135503943839066
XGBoost minus LR,1389,-0.005643120406288976
XGBoost minus LR,1390,-0.010156178305326058
XGBoost minus LR,1391,-0.028487264942250956
XGBoost minus LR,1392,0.005164788943793297
XGBoost minus LR,1393,0.004250024609705194
XGBoost minus LR,1394,0.010958107623046484
XGBoost minus LR,1395,-0.0050884296181314265
XGBoost minus LR,1396,-0.0075495750075751655
XGBoost minus LR,1397,0.02105524297908215
XGBoost minus LR,1398,0.00805917800324353
XGBoost minus LR,1399,0.0009200469151491031
XGBoost minus LR,1400,-0.00608346064667456
XGBoost minus LR,1401,-0.006891898392433135
XGBoost minus LR,1402,0.004399404297711948
XGBoost minus LR,1403,-0.004345045031719619
XGBoost minus LR,1404,0.0029394170125840724
XGBoost minus LR,1405,0.0023436616900639473
XGBoost minus LR,1406,-0.011405884227700822
XGBoost minus LR,1407,0.0037580646926583805
XGBoost minus LR,1408,-0.01727443992851803
XGBoost minus LR,1409,-0.005894114668420408
XGBoost minus LR,1410,-0.005782486533108949
XGBoost minus LR,1411,-0.03012793740032499
XGBoost minus LR,1412,-0.01576225433464109
XGBoost minus LR,1413,0.011306918640965752
XGBoost minus LR,1414,0.02630163391755941
XGBoost minus LR,1415,-0.016555153511632253
XGBoost minus LR,1416,0.009155694846412002
XGBoost minus LR,1417,0.03690299386893847
XGBoost minus LR,1418,-0.008918458865024154
XGBoost minus LR,1419,-0.025837926833063705
XGBoost minus LR,1420,-0.006112720755995227
XGBoost minus LR,1421,-0.010173978915476271
XGBoost minus LR,1422,-0.004376737805382835
XGBoost minus LR,1423,0.01861504547694867
XGBoost minus LR,1424,0.013384707350184571
XGBoost minus LR,1425,-0.007032164953124191
XGBoost minus LR,1426,-0.016012261577287433
XGBoost minus LR,1427,-0.017171395428274283
XGBoost minus LR,1428,0.015692621167443285
XGBoost minus LR,1429,-0.00209002946892993
XGBoost minus LR,1430,0.005489955221010617
XGBoost minus LR,1431,0.010536686232049536
XGBoost minus LR,1432,-0.026496797040109904
XGBoost minus LR,1433,0.0056347853610026755
XGBoost minus LR,1434,0.009527284176830728
XGBoost minus LR,1435,0.0037509153530786155
XGBoost minus LR,1436,-0.006130949842698893
XGBoost minus LR,1437,-0.033397056306751216
XGBoost minus LR,1438,-0.002411896173010228
XGBoost minus LR,1439,0.01837819066326425
XGBoost minus LR,1440,0.027865624040125686
XGBoost minus LR,1441,0.00046256077340980917
XGBoost minus LR,1442,0.008061036456331327
XGBoost minus LR,1443,0.008045825944670085
XGBoost minus LR,1444,-6.390018289505195e-05
XGBoost minus LR,1445,0.0040682021811195845
XGBoost minus LR,1446,0.005623623705656028
XGBoost minus LR,1447,0.011657129733766675
XGBoost minus LR,1448,-0.030206857074862578
XGBoost minus LR,1449,-0.03947421751727004
XGBoost minus LR,1450,0.008245316743011488
XGBoost minus LR,1451,-0.0033812754274816226
XGBoost minus LR,1452,0.0162856469377633
XGBoost minus LR,1453,-0.015599081197893397
XGBoost minus LR,1454,0.011524793635187144
XGBoost minus LR,1455,0.002075295394536672
XGBoost minus LR,1456,0.017403995730371255
XGBoost minus LR,1457,0.012443551984843551
XGBoost minus LR,1458,-0.01766966943703889
XGBoost minus LR,1459,-0.017944107757051866
XGBoost minus LR,1460,-0.008657076991269566
XGBoost minus LR,1461,0.0224052382032294
XGBoost minus LR,1462,0.01982105604291315
XGBoost minus LR,1463,0.0061368590111870736
XGBoost minus LR,1464,-0.0014145282105065965
XGBoost minus LR,1465,0.01634190873310945
XGBoost minus LR,1466,-0.011111581523045228
XGBoost minus LR,1467,-0.037033331720260645
XGBoost minus LR,1468,0.0030615470086049756
XGBoost minus LR,1469,0.0016621480835247865
XGBoost minus LR,1470,-0.0016960537127637398
XGBoost minus LR,1471,0.039311599723568735
XGBoost minus LR,1472,-0.012943376924560018
XGBoost minus LR,1473,0.002706708749020209
XGBoost minus LR,1474,0.008293079533974096
XGBoost minus LR,1475,-0.006303014999596443
XGBoost minus LR,1476,0.010929717946392942
XGBoost minus LR,1477,0.01333523841842263
XGBoost minus LR,1478,-0.027725384976484045
XGBoost minus LR,1479,-0.005385560284694418
XGBoost minus LR,1480,-0.01601114829654318
XGBoost minus LR,1481,0.024865454805253845
XGBoost minus LR,1482,-0.0033251434715936973
XGBoost minus LR,1483,0.019023326889202788
XGBoost minus LR,1484,0.01026145584313512
XGBoost minus LR,1485,-0.006003364339959821
XGBoost minus LR,1486,-0.005054551998628767
XGBoost minus LR,1487,0.01823821538223984
XGBoost minus LR,1488,-0.013920060442080204
XGBoost minus LR,1489,0.020567904300916595
XGBoost minus LR,1490,0.018614153836366748
XGBoost minus LR,1491,-0.007404317829160137
XGBoost minus LR,1492,0.021912178189471332
XGBoost minus LR,1493,0.019761227312279417
XGBoost minus LR,1494,0.016444407866735677
XGBoost minus LR,1495,0.02952974853723614
XGBoost minus LR,1496,-0.002077924437357326
XGBoost minus LR,1497,-0.010302607806490852
XGBoost minus LR,1498,0.02006747026333576
XGBoost minus LR,1499,0.005960954123933049
XGBoost minus LR,1500,0.01948997520455792
XGBoost minus LR,1501,-0.0033826987958938265
XGBoost minus LR,1502,0.011709984959690112
XGBoost minus LR,1503,-0.0027038505593490747
XGBoost minus LR,1504,-0.037235841326874325
XGBoost minus LR,1505,-0.007663464791843003
XGBoost minus LR,1506,-0.011388390178185728
XGBoost minus LR,1507,0.004402405786513255
XGBoost minus LR,1508,0.006397436138310661
XGBoost minus LR,1509,-0.00025122298583481195
XGBoost minus LR,1510,0.0024831753656002
XGBoost minus LR,1511,-0.006451489885471506
XGBoost minus LR,1512,0.006340185826880146
XGBoost minus LR,1513,-0.0036071006730623925
XGBoost minus LR,1514,-0.007945381332895594
XGBoost minus LR,1515,-0.00703487116626364
XGBoost minus LR,1516,0.013476523967315995
XGBoost minus LR,1517,-0.010869980599349557
XGBoost minus LR,1518,0.001201986514641401
XGBoost minus LR,1519,-0.008704978889751885
XGBoost minus LR,1520,0.0014066144586626084
XGBoost minus LR,1521,0.0025931044253968832
XGBoost minus LR,1522,-0.030390396595416966
XGBoost minus LR,1523,-0.005488047364174832
XGBoost minus LR,1524,-0.02255591402861147
XGBoost minus LR,1525,-0.031028033831197344
XGBoost minus LR,1526,0.01104305186243637
XGBoost minus LR,1527,-0.010802736384903443
XGBoost minus LR,1528,0.018159156377049235
XGBoost minus LR,1529,0.020522202341285087
XGBoost minus LR,1530,0.0090566402035092
XGBoost minus LR,1531,0.010586913912385698
XGBoost minus LR,1532,0.00965178788141563
XGBoost minus LR,1533,-0.004259756358688915
XGBoost minus LR,1534,0.006623253562049486
XGBoost minus LR,1535,0.0022177251971929046
XGBoost minus LR,1536,0.010307850629186543
XGBoost minus LR,1537,-0.0005077860132474965
XGBoost minus LR,1538,0.014744598959495453
XGBoost minus LR,1539,0.0019761409916734807
XGBoost minus LR,1540,-0.018676581232412545
XGBoost minus LR,1541,0.005114157761465038
XGBoost minus LR,1542,-0.012377349062777404
XGBoost minus LR,1543,0.016244355658073376
XGBoost minus LR,1544,-0.0247500104199712
XGBoost minus LR,1545,0.018114409628051845
XGBoost minus LR,1546,0.006361277566011944
XGBoost minus LR,1547,-0.023920779748890925
XGBoost minus LR,1548,-0.012710491224280238
XGBoost minus LR,1549,-0.02518597953653942
XGBoost minus LR,1550,-0.009952513914723515
XGBoost minus LR,1551,0.012273458834170886
XGBoost minus LR,1552,-0.003957551585690916
XGBoost minus LR,1553,-0.00948441917095838
XGBoost minus LR,1554,0.02209985191207685
XGBoost minus LR,1555,-0.01601268230936849
XGBoost minus LR,1556,0.009872379639354917
XGBoost minus LR,1557,-0.0047634971708213555
XGBoost minus LR,1558,0.0061202632748499075
XGBoost minus LR,1559,-0.02600562443364053
XGBoost minus LR,1560,0.005216900239650185
XGBoost minus LR,1561,0.005261375638422161
XGBoost minus LR,1562,0.041867207064413936
XGBoost minus LR,1563,-0.0062311476586877634
XGBoost minus LR,1564,-0.00930713226849246
XGBoost minus LR,1565,-0.018109823581628298
XGBoost minus LR,1566,0.008111831421713483
XGBoost minus LR,1567,-0.01997532414687695
XGBoost minus LR,1568,-0.010165179376543126
XGBoost minus LR,1569,0.024737902417584348
XGBoost minus LR,1570,0.005001243366287475
XGBoost minus LR,1571,-0.034473655786732296
XGBoost minus LR,1572,-0.001649763925570577
XGBoost minus LR,1573,0.0019937178066176398
XGBoost minus LR,1574,0.01095398607097206
XGBoost minus LR,1575,-0.013755777739280398
XGBoost minus LR,1576,-0.003574114140820872
XGBoost minus LR,1577,-0.00661869951148171
XGBoost minus LR,1578,-0.0111864612818936
XGBoost minus LR,1579,-0.006437586720217908
XGBoost minus LR,1580,0.03872192344207526
XGBoost minus LR,1581,0.011136758028428645
XGBoost minus LR,1582,-0.0046589256009355595
XGBoost minus LR,1583,0.00935556319985488
XGBoost minus LR,1584,0.009085139145259019
XGBoost minus LR,1585,0.020035621835781003
XGBoost minus LR,1586,-0.026452622293285863
XGBoost minus LR,1587,-0.002677374533383528
XGBoost minus LR,1588,0.0014735158089315414
XGBoost minus LR,1589,0.015525124053049733
XGBoost minus LR,1590,0.010817016443718866
XGBoost minus LR,1591,0.021892039443620462
XGBoost minus LR,1592,-0.0017775086715298427
XGBoost minus LR,1593,0.006719679539751278
XGBoost minus LR,1594,-0.0019518526243936934
XGBoost minus LR,1595,-0.00012831152129443024
XGBoost minus LR,1596,0.01855053762209123
XGBoost minus LR,1597,-0.010743309064208256
XGBoost minus LR,1598,-0.008488388113985085
XGBoost minus LR,1599,-0.019614615660693835
XGBoost minus LR,1600,-0.012459096382226087
XGBoost minus LR,1601,-0.027982612854648453
XGBoost minus LR,1602,-0.01957669411575043
XGBoost minus LR,1603,0.00412641366493767
XGBoost minus LR,1604,-0.013086527784811577
XGBoost minus LR,1605,-0.008304790865135414
XGBoost minus LR,1606,0.0019178944760444017
XGBoost minus LR,1607,0.022050759123772565
XGBoost minus LR,1608,-0.021367263608995907
XGBoost minus LR,1609,-0.04087224404183217
XGBoost minus LR,1610,0.005717782616595862
XGBoost minus LR,1611,-0.005819790378259089
XGBoost minus LR,1612,-0.010543913876607983
XGBoost minus LR,1613,0.0038660381677679823
XGBoost minus LR,1614,-0.0005548611599377612
XGBoost minus LR,1615,-3.695791285900085e-05
XGBoost minus LR,1616,-0.005395262154229502
XGBoost minus LR,1617,0.0031504352939421554
XGBoost minus LR,1618,0.008222822667514465
XGBoost minus LR,1619,-0.0037436507175570427
XGBoost minus LR,1620,0.01290518454405562
XGBoost minus LR,1621,0.00329069312727915
XGBoost minus LR,1622,0.008275028344264412
XGBoost minus LR,1623,-0.01173193003014994
XGBoost minus LR,1624,0.011163028361695596
XGBoost minus LR,1625,-0.019402014827557004
XGBoost minus LR,1626,-0.023452537759729844
XGBoost minus LR,1627,-0.007922251353388435
XGBoost minus LR,1628,-0.001489335295369501
XGBoost minus LR,1629,0.012021101195232448
XGBoost minus LR,1630,0.009747705751823377
XGBoost minus LR,1631,0.021288315245851994
XGBoost minus LR,1632,-0.0058012891856250096
XGBoost minus LR,1633,0.02893217532019554
XGBoost minus LR,1634,0.014834086569943047
XGBoost minus LR,1635,-0.00896634560865682
XGBoost minus LR,1636,0.03422450586382067
XGBoost minus LR,1637,0.020614538325896242
XGBoost minus LR,1638,-0.0026707709840189525
XGBoost minus LR,1639,0.012865201554246003
XGBoost minus LR,1640,0.006430064677243663
XGBoost minus LR,1641,0.009987844560204837
XGBoost minus LR,1642,-0.0035668752225903183
XGBoost minus LR,1643,-0.002049095406464224
XGBoost minus LR,1644,-0.010998730560465991
XGBoost minus LR,1645,0.005588934463367126
XGBoost minus LR,1646,0.027252031223824344
XGBoost minus LR,1647,0.013056095769831327
XGBoost minus LR,1648,-0.006286646448416297
XGBoost minus LR,1649,-0.003326329955629051
XGBoost minus LR,1650,-0.00561171270315898
XGBoost minus LR,1651,-0.007490653687311846
XGBoost minus LR,1652,0.012095964095159784
XGBoost minus LR,1653,-0.012328572931795623
XGBoost minus LR,1654,0.00251001110802071
XGBoost minus LR,1655,-0.03800199922247663
XGBoost minus LR,1656,0.0027264088444510226
XGBoost minus LR,1657,-0.016014554657234198
XGBoost minus LR,1658,-0.011382961239686712
XGBoost minus LR,1659,0.025487641371906886
XGBoost minus LR,1660,-0.014297251848338341
XGBoost minus LR,1661,0.007052069133010819
XGBoost minus LR,1662,0.0013923699818165353
XGBoost minus LR,1663,-0.012693800098846353
XGBoost minus LR,1664,-0.015441829091798254
XGBoost minus LR,1665,0.03689278720808614
XGBoost minus LR,1666,0.010523883874621887
XGBoost minus LR,1667,-0.0168647487815341
XGBoost minus LR,1668,0.005439798970916426
XGBoost minus LR,1669,-0.030305466872793285
XGBoost minus LR,1670,-0.010845559190467868
XGBoost minus LR,1671,0.01804083384668141
XGBoost minus LR,1672,-0.006078312286920753
XGBoost minus LR,1673,0.01040893080006168
XGBoost minus LR,1674,-0.00633576156802601
XGBoost minus LR,1675,-0.0023769544536471343
XGBoost minus LR,1676,0.022148110874709664
XGBoost minus LR,1677,0.004649316998505598
XGBoost minus LR,1678,0.010513873430010465
XGBoost minus LR,1679,0.0016337111199848792
XGBoost minus LR,1680,0.020314492318684152
XGBoost minus LR,1681,0.002205448838052501
XGBoost minus LR,1682,-0.015466781128292681
XGBoost minus LR,1683,-0.0041124110905284145
XGBoost minus LR,1684,-0.003953929345997781
XGBoost minus LR,1685,-0.01323770524194856
XGBoost minus LR,1686,0.0133231401976453
XGBoost minus LR,1687,-0.02731866327794097
XGBoost minus LR,1688,0.0049732544273674295
XGBoost minus LR,1689,0.006907671909641172
XGBoost minus LR,1690,-0.0055820885826635275
XGBoost minus LR,1691,-0.006541924622597596
XGBoost minus LR,1692,-0.015949764002299943
XGBoost minus LR,1693,0.006556003172524055
XGBoost minus LR,1694,-0.005733617646952252
XGBoost minus LR,1695,-0.009568060886201185
XGBoost minus LR,1696,0.006887855177438285
XGBoost minus LR,1697,-0.003341617666610744
XGBoost minus LR,1698,-0.007938343394533198
XGBoost minus LR,1699,-0.022810489129577928
XGBoost minus LR,1700,-0.0008849332876460225
XGBoost minus LR,1701,0.017827567530680558
XGBoost minus LR,1702,-0.007244052200213721
XGBoost minus LR,1703,0.005979827371075566
XGBoost minus LR,1704,-0.0017325997984923291
XGBoost minus LR,1705,0.01622033767964634
XGBoost minus LR,1706,-0.0044901744072086
XGBoost minus LR,1707,0.0038676783709276213
XGBoost minus LR,1708,-0.023916234673037523
XGBoost minus LR,1709,-0.0010683179613613508
XGBoost minus LR,1710,0.007851729142136096
XGBoost minus LR,1711,0.009062449257254954
XGBoost minus LR,1712,-0.00829654333809035
XGBoost minus LR,1713,-0.0015919301059066776
XGBoost minus LR,1714,-0.010983111625490358
XGBoost minus LR,1715,0.019200132308749604
XGBoost minus LR,1716,0.006500010155124539
XGBoost minus LR,1717,-0.007560348635325009
XGBoost minus LR,1718,0.0066055596273353195
XGBoost minus LR,1719,-0.010085453832861246
XGBoost minus LR,1720,-0.010185423228386309
XGBoost minus LR,1721,0.007484279413903491
XGBoost minus LR,1722,-0.0006317196700438704
XGBoost minus LR,1723,-0.004800326677784711
XGBoost minus LR,1724,0.02549364552883067
XGBoost minus LR,1725,0.02268400132820325
XGBoost minus LR,1726,-0.007771705495324077
XGBoost minus LR,1727,0.024623865280571533
XGBoost minus LR,1728,-0.007110136834178535
XGBoost minus LR,1729,-0.008906890907241685
XGBoost minus LR,1730,-0.01039542264171038
XGBoost minus LR,1731,0.005986024057056755
XGBoost minus LR,1732,-0.01723507433590757
XGBoost minus LR,1733,-0.02113707717198368
XGBoost minus LR,1734,-0.0003746613373548299
XGBoost minus LR,1735,-0.016053739722728083
XGBoost minus LR,1736,0.003730281998282417
XGBoost minus LR,1737,0.01670733106656276
XGBoost minus LR,1738,-0.011436880543063174
XGBoost minus LR,1739,-0.015788997726119122
XGBoost minus LR,1740,-0.01760397451115661
XGBoost minus LR,1741,-0.00569289508913897
XGBoost minus LR,1742,0.006482461167665612
XGBoost minus LR,1743,-0.00554235415578444
XGBoost minus LR,1744,0.019308457316281835
XGBoost minus LR,1745,0.0022378863826587464
XGBoost minus LR,1746,0.016982360249361603
XGBoost minus LR,1747,0.011011436890725493
XGBoost minus LR,1748,-3.546372761706329e-05
XGBoost minus LR,1749,-0.004645689121755281
XGBoost minus LR,1750,0.00294934626704689
XGBoost minus LR,1751,-0.009343889482938059
XGBoost minus LR,1752,0.011724402394312702
XGBoost minus LR,1753,0.03685217350374376
XGBoost minus LR,1754,0.013244230227873896
XGBoost minus LR,1755,0.02119577506487913
XGBoost minus LR,1756,-0.00508463001920037
XGBoost minus LR,1757,0.005830813337370483
XGBoost minus LR,1758,-0.018472975232655064
XGBoost minus LR,1759,-0.0004912468443165618
XGBoost minus LR,1760,0.0008768119862583718
XGBoost minus LR,1761,-0.00564084311936261
XGBoost minus LR,1762,0.007555654777570975
XGBoost minus LR,1763,0.0005461638117986861
XGBoost minus LR,1764,-0.004245111935452461
XGBoost minus LR,1765,-0.031791648063813
XGBoost minus LR,1766,-0.015959909440057
XGBoost minus LR,1767,-0.003806799397933755
XGBoost minus LR,1768,-0.002189540907662907
XGBoost minus LR,1769,-0.005794276787447608
XGBoost minus LR,1770,-0.006339114632215287
XGBoost minus LR,1771,-0.0017627517305669749
XGBoost minus LR,1772,0.036497378467955296
XGBoost minus LR,1773,-0.0031336592722652906
XGBoost minus LR,1774,-0.02669441739464766
XGBoost minus LR,1775,-0.0035975411230442234
XGBoost minus LR,1776,-0.004449114123597928
XGBoost minus LR,1777,-0.0035763275664400657
XGBoost minus LR,1778,0.009924817686523674
XGBoost minus LR,1779,-0.024971555795197622
XGBoost minus LR,1780,0.01684590711205501
XGBoost minus LR,1781,-0.015199324084139126
XGBoost minus LR,1782,0.013307333892337084
XGBoost minus LR,1783,-0.013114186219786939
XGBoost minus LR,1784,-0.008032294533136294
XGBoost minus LR,1785,-0.03463322929978557
XGBoost minus LR,1786,0.004269323599320876
XGBoost minus LR,1787,-0.004724396327758937
XGBoost minus LR,1788,-0.00498223508195017
XGBoost minus LR,1789,-0.004911248488229963
XGBoost minus LR,1790,-0.0005261978476652357
XGBoost minus LR,1791,0.005406980601230016
XGBoost minus LR,1792,-0.008206425481297241
XGBoost minus LR,1793,0.029016306581745754
XGBoost minus LR,1794,-0.020110954425391986
XGBoost minus LR,1795,0.006860704253960834
XGBoost minus LR,1796,-0.006252691431765614
XGBoost minus LR,1797,-0.003863958817598226
XGBoost minus LR,1798,-0.010516946903917704
XGBoost minus LR,1799,0.00804919838453301
XGBoost minus LR,1800,-0.024376612098236147
XGBoost minus LR,1801,0.0009491269621901832
XGBoost minus LR,1802,0.021809234135096972
XGBoost minus LR,1803,-0.008895632530225732
XGBoost minus LR,1804,0.0034530882682733133
XGBoost minus LR,1805,-0.016998030594816
XGBoost minus LR,1806,0.013819999926111479
XGBoost minus LR,1807,-0.00437740241104749
XGBoost minus LR,1808,-0.024453760612480002
XGBoost minus LR,1809,-0.0019907386469101562
XGBoost minus LR,1810,0.0070318444185713536
XGBoost minus LR,1811,0.023255486332754954
XGBoost minus LR,1812,-0.017073727286742862
XGBoost minus LR,1813,0.0007114001819821109
XGBoost minus LR,1814,-0.018346415023706444
XGBoost minus LR,1815,0.009522608429607587
XGBoost minus LR,1816,-0.022141848085253768
XGBoost minus LR,1817,0.011953722256606389
XGBoost minus LR,1818,0.012844515357326211
XGBoost minus LR,1819,-0.004463207184401449
XGBoost minus LR,1820,-0.011246363217497488
XGBoost minus LR,1821,-0.004458948699422059
XGBoost minus LR,1822,-0.0006015281470142103
XGBoost minus LR,1823,-0.01250708385408894
XGBoost minus LR,1824,0.010375438161792441
XGBoost minus LR,1825,-0.0006579564450203829
XGBoost minus LR,1826,0.005344930167126574
XGBoost minus LR,1827,-0.005514013314111346
XGBoost minus LR,1828,-0.009781348001286758
XGBoost minus LR,1829,0.006800716594510203
XGBoost minus LR,1830,-0.0010176571117308797
XGBoost minus LR,1831,0.004514581771609086
XGBoost minus LR,1832,0.005721097775560263
XGBoost minus LR,1833,-0.012317676990090884
XGBoost minus LR,1834,0.0044857089934532135
XGBoost minus LR,1835,-0.009828997439227244
XGBoost minus LR,1836,0.002776102949302389
XGBoost minus LR,1837,0.01471882097080894
XGBoost minus LR,1838,0.010965791380208229
XGBoost minus LR,1839,0.013109268289158454
XGBoost minus LR,1840,-0.0029089845003559683
XGBoost minus LR,1841,0.00484877408963004
XGBoost minus LR,1842,-0.017361167989111595
XGBoost minus LR,1843,0.002805496833768781
XGBoost minus LR,1844,-0.0068855578626612485
XGBoost minus LR,1845,-0.0012555190012386239
XGBoost minus LR,1846,0.011113464027920156
XGBoost minus LR,1847,0.0164626826209036
XGBoost minus LR,1848,0.007384628147389785
XGBoost minus LR,1849,-0.0010869317678669638
XGBoost minus LR,1850,-0.004383780618110886
XGBoost minus LR,1851,-0.01559951898199316
XGBoost minus LR,1852,0.008854313322450208
XGBoost minus LR,1853,0.01967107248023972
XGBoost minus LR,1854,0.014515144385757489
XGBoost minus LR,1855,-0.004630908567229711
XGBoost minus LR,1856,-0.005250187857450156
XGBoost minus LR,1857,0.015804093272750327
XGBoost minus LR,1858,-0.018757151282493875
XGBoost minus LR,1859,-0.008532428126575065
XGBoost minus LR,1860,0.012400669139021755
XGBoost minus LR,1861,-0.003655015065185091
XGBoost minus LR,1862,0.018363259871429588
XGBoost minus LR,1863,-0.02013627074028536
XGBoost minus LR,1864,0.0029968913680447073
XGBoost minus LR,1865,0.044360862401051665
XGBoost minus LR,1866,-0.04420526396747311
XGBoost minus LR,1867,0.01832928926048967
XGBoost minus LR,1868,-0.005660305835918866
XGBoost minus LR,1869,0.02054214361988793
XGBoost minus LR,1870,-0.0031912367742960163
XGBoost minus LR,1871,0.004244811322487371
XGBoost minus LR,1872,0.0184586104298336
XGBoost minus LR,1873,-0.024939268430404074
XGBoost minus LR,1874,-0.02184420265215737
XGBoost minus LR,1875,0.008510040236824785
XGBoost minus LR,1876,0.011448368550305899
XGBoost minus LR,1877,-0.0136976032727475
XGBoost minus LR,1878,0.006741338521645074
XGBoost minus LR,1879,0.0023994623104116736
XGBoost minus LR,1880,0.011453421124227689
XGBoost minus LR,1881,-0.013714343248093688
XGBoost minus LR,1882,-0.0034256913695946134
XGBoost minus LR,1883,-0.011632154659922941
XGBoost minus LR,1884,-0.015684439609718256
XGBoost minus LR,1885,-0.0008540253606466874
XGBoost minus LR,1886,-0.023556065522932018
XGBoost minus LR,1887,-0.00166221490355066
XGBoost minus LR,1888,0.011254623584273718
XGBoost minus LR,1889,0.02206468869619041
XGBoost minus LR,1890,0.00990833952187227
XGBoost minus LR,1891,0.009499803345960706
XGBoost minus LR,1892,0.014152094305150756
XGBoost minus LR,1893,-0.0035947958692194026
XGBoost minus LR,1894,0.01819024079521553
XGBoost minus LR,1895,-0.005769093812670448
XGBoost minus LR,1896,-0.005197014556276858
XGBoost minus LR,1897,0.001175295458690967
XGBoost minus LR,1898,0.029622283872630023
XGBoost minus LR,1899,0.01612925750841962
XGBoost minus LR,1900,0.02087265350307059
XGBoost minus LR,1901,0.030561541448244203
XGBoost minus LR,1902,0.01617128203582964
XGBoost minus LR,1903,-0.018159390394835218
XGBoost minus LR,1904,0.0006941756448317071
XGBoost minus LR,1905,0.0030090525839348153
XGBoost minus LR,1906,-0.016780843896576747
XGBoost minus LR,1907,-0.004254547229787534
XGBoost minus LR,1908,-0.009131143466749952
XGBoost minus LR,1909,-0.01292522501647489
XGBoost minus LR,1910,0.0032889018450957264
XGBoost minus LR,1911,-0.006651750222990735
XGBoost minus LR,1912,0.010942559401573848
XGBoost minus LR,1913,-0.0038549540102299634
XGBoost minus LR,1914,-0.0066203748274966945
XGBoost minus LR,1915,-0.011684933776899636
XGBoost minus LR,1916,-0.0036705969015318196
XGBoost minus LR,1917,-0.023725062328317698
XGBoost minus LR,1918,0.014378514956971108
XGBoost minus LR,1919,9.133039714497027e-05
XGBoost minus LR,1920,0.0033763166222961216
XGBoost minus LR,1921,0.0174734472624197
XGBoost minus LR,1922,0.008361828268147256
XGBoost minus LR,1923,0.012439679934032583
XGBoost minus LR,1924,-0.017860078778229233
XGBoost minus LR,1925,-0.0025052699228431674
XGBoost minus LR,1926,-0.026939641656429203
XGBoost minus LR,1927,0.01347682071317595
XGBoost minus LR,1928,0.00300145811559846
XGBoost minus LR,1929,0.009149455712653395
XGBoost minus LR,1930,0.002525303081051991
XGBoost minus LR,1931,0.020632100542922027
XGBoost minus LR,1932,-0.007410472687925093
XGBoost minus LR,1933,-0.024985001156731856
XGBoost minus LR,1934,-0.02002161888615507
XGBoost minus LR,1935,-0.012450385566573102
XGBoost minus LR,1936,-0.0073478721670409974
XGBoost minus LR,1937,0.0020085639090954704
XGBoost minus LR,1938,0.014237036681736093
XGBoost minus LR,1939,-0.0065954173982741005
XGBoost minus LR,1940,-0.02654619399295355
XGBoost minus LR,1941,0.024597976776727884
XGBoost minus LR,1942,-0.008298241442370138
XGBoost minus LR,1943,-0.006369716110155563
XGBoost minus LR,1944,-0.01685258585500135
XGBoost minus LR,1945,0.02133679954968898
XGBoost minus LR,1946,-0.007524811075008478
XGBoost minus LR,1947,0.005535209770292482
XGBoost minus LR,1948,-0.030696701786952843
XGBoost minus LR,1949,0.0033670411283274054
XGBoost minus LR,1950,0.007312832578041925
XGBoost minus LR,1951,-0.005923931397959686
XGBoost minus LR,1952,-0.002937304834210369
XGBoost minus LR,1953,0.011113323888439108
XGBoost minus LR,1954,0.00863158938971613
XGBoost minus LR,1955,-0.0006010898630548073
XGBoost minus LR,1956,0.0025175162641527665
XGBoost minus LR,1957,0.011307465063615768
XGBoost minus LR,1958,-0.013734801923713874
XGBoost minus LR,1959,-0.0019079865235095972
XGBoost minus LR,1960,0.028986841661930274
XGBoost minus LR,1961,0.0437007569298041
XGBoost minus LR,1962,-0.006980394429279335
XGBoost minus LR,1963,-0.03758232901285399
XGBoost minus LR,1964,0.0011571062931257092
XGBoost minus LR,1965,0.025766621781525847
XGBoost minus LR,1966,-0.01057969315596416
XGBoost minus LR,1967,-0.0069714490988556505
XGBoost minus LR,1968,-0.0030234727194828753
XGBoost minus LR,1969,0.01067303185910165
XGBoost minus LR,1970,0.004282637890690361
XGBoost minus LR,1971,0.019208910642955532
XGBoost minus LR,1972,-0.00011904488122939372
XGBoost minus LR,1973,0.011811408780216803
XGBoost minus LR,1974,0.02063943180634767
XGBoost minus LR,1975,0.02049209852418815
XGBoost minus LR,1976,0.018680016199315058
XGBoost minus LR,1977,-0.025837119734253372
XGBoost minus LR,1978,0.013748440169851633
XGBoost minus LR,1979,-0.0401642117508432
XGBoost minus LR,1980,0.022652272521386907
XGBoost minus LR,1981,0.02581803398817692
XGBoost minus LR,1982,-0.009452828160824642
XGBoost minus LR,1983,-0.01726746146726449
XGBoost minus LR,1984,0.01575875237245772
XGBoost minus LR,1985,-0.006701041462048085
XGBoost minus LR,1986,-0.021610466317371554
XGBoost minus LR,1987,-0.02070878096542872
XGBoost minus LR,1988,-0.013150338166920794
XGBoost minus LR,1989,0.020285066907649585
XGBoost minus LR,1990,0.032082929780150204
XGBoost minus LR,1991,-0.002142563629642491
XGBoost minus LR,1992,-0.007237399037457265
XGBoost minus LR,1993,-0.03473848097933337
XGBoost minus LR,1994,-0.005390671956295931
XGBoost minus LR,1995,-0.009294974585205534
XGBoost minus LR,1996,0.012480433311128275
XGBoost minus LR,1997,-0.012914363065240422
XGBoost minus LR,1998,-0.01499235417082953
XGBoost minus LR,1999,0.017297988453609525
XGBoost minus CART,0,0.0037032828960737174
XGBoost minus CART,1,0.019116853110243526
XGBoost minus CART,2,0.013640368369006506
XGBoost minus CART,3,0.00841192742768701
XGBoost minus CART,4,0.0011019101345011856
XGBoost minus CART,5,0.01725452335967602
XGBoost minus CART,6,0.025605869992220115
XGBoost minus CART,7,0.040817032263569225
XGBoost minus CART,8,0.008730892211434318
XGBoost minus CART,9,0.015749568061950492
XGBoost minus CART,10,0.01834150589011957
XGBoost minus CART,11,-0.0022307550045911756
XGBoost minus CART,12,0.009067266330812923
XGBoost minus CART,13,0.007494049468294975
XGBoost minus CART,14,0.012003873065299236
XGBoost minus CART,15,0.02435227903856968
XGBoost minus CART,16,0.00814290980071071
XGBoost minus CART,17,0.0024538264775873647
XGBoost minus CART,18,-0.0037057463503142735
XGBoost minus CART,19,0.025108932458443867
XGBoost minus CART,20,0.013150868067086444
XGBoost minus CART,21,-0.0046206859859618254
XGBoost minus CART,22,0.030056248558830545
XGBoost minus CART,23,0.02792799160114824
XGBoost minus CART,24,0.007351051344816423
XGBoost minus CART,25,0.027874722518613365
XGBoost minus CART,26,0.007933815672177866
XGBoost minus CART,27,0.0012658501190946914
XGBoost minus CART,28,0.009584323734806263
XGBoost minus CART,29,0.022903335997816937
XGBoost minus CART,30,0.004909039910332244
XGBoost minus CART,31,0.014790083660323763
XGBoost minus CART,32,0.011253944960062087
XGBoost minus CART,33,0.005994403057516862
XGBoost minus CART,34,0.027150827525435975
XGBoost minus CART,35,0.011970599404888857
XGBoost minus CART,36,0.00751013089657776
XGBoost minus CART,37,0.004404568624856192
XGBoost minus CART,38,0.007561288122927626
XGBoost minus CART,39,0.01574331829788514
XGBoost minus CART,40,0.018415948406011434
XGBoost minus CART,41,0.010779632230130454
XGBoost minus CART,42,0.019168129533342
XGBoost minus CART,43,0.012440877412438198
XGBoost minus CART,44,0.00769988319226185
XGBoost minus CART,45,0.002968559982314864
XGBoost minus CART,46,0.0006896061511746238
XGBoost minus CART,47,0.008696732567319593
XGBoost minus CART,48,-0.002619027588484521
XGBoost minus CART,49,0.007510635782846803
XGBoost minus CART,50,0.006129824503562115
XGBoost minus CART,51,0.03304124516758053
XGBoost minus CART,52,0.003697153313986949
XGBoost minus CART,53,0.0017197643680281066
XGBoost minus CART,54,0.009158106972322402
XGBoost minus CART,55,0.005346433484358273
XGBoost minus CART,56,0.00611039333236027
XGBoost minus CART,57,0.03523618188854322
XGBoost minus CART,58,0.007627970525511049
XGBoost minus CART,59,0.019984580302598906
XGBoost minus CART,60,0.014451041180503471
XGBoost minus CART,61,0.007010396660313459
XGBoost minus CART,62,0.00607462471355355
XGBoost minus CART,63,0.010604164011694145
XGBoost minus CART,64,0.010140164131427085
XGBoost minus CART,65,0.013917306006522884
XGBoost minus CART,66,0.006690789413793474
XGBoost minus CART,67,0.012466273474390777
XGBoost minus CART,68,0.0062245394404224635
XGBoost minus CART,69,0.01634379504270888
XGBoost minus CART,70,0.0055857067246943976
XGBoost minus CART,71,0.006517005219548899
XGBoost minus CART,72,0.00955511455682724
XGBoost minus CART,73,-6.82535234420717e-05
XGBoost minus CART,74,0.007531395113893322
XGBoost minus CART,75,0.0045392580224836165
XGBoost minus CART,76,0.012328499339499449
XGBoost minus CART,77,0.016753837863137847
XGBoost minus CART,78,0.02093093955675604
XGBoost minus CART,79,0.014245253039004563
XGBoost minus CART,80,0.005903663075371518
XGBoost minus CART,81,0.018403112138020233
XGBoost minus CART,82,0.01154167479771337
XGBoost minus CART,83,0.022075436636993365
XGBoost minus CART,84,0.00870733480670545
XGBoost minus CART,85,0.01641687943926419
XGBoost minus CART,86,0.00941256954380848
XGBoost minus CART,87,-0.00025094747522627636
XGBoost minus CART,88,0.0027879463820505157
XGBoost minus CART,89,0.009617448949847035
XGBoost minus CART,90,0.012319880854963813
XGBoost minus CART,91,0.025197307365650484
XGBoost minus CART,92,0.00916730289489738
XGBoost minus CART,93,0.015029338153022445
XGBoost minus CART,94,0.0025642025483623987
XGBoost minus CART,95,0.007346737319812904
XGBoost minus CART,96,0.007309142281486283
XGBoost minus CART,97,0.006508495225499095
XGBoost minus CART,98,0.00557019993938504
XGBoost minus CART,99,0.0014199645197214422
XGBoost minus CART,100,0.007280636091961182
XGBoost minus CART,101,0.0045293460642059635
XGBoost minus CART,102,0.0011561678472040982
XGBoost minus CART,103,0.007942738087917678
XGBoost minus CART,104,0.008697321495012941
XGBoost minus CART,105,0.0005640209096544474
XGBoost minus CART,106,0.005367782568442538
XGBoost minus CART,107,0.008697942725856098
XGBoost minus CART,108,0.0034872233035634775
XGBoost minus CART,109,0.011451189581307114
XGBoost minus CART,110,-0.0003387653980471278
XGBoost minus CART,111,0.01488128238428979
XGBoost minus CART,112,0.006357867741072859
XGBoost minus CART,113,0.009562248541660323
XGBoost minus CART,114,0.024651523316165963
XGBoost minus CART,115,0.01277697260933379
XGBoost minus CART,116,0.004331086216307456
XGBoost minus CART,117,0.009694590656661603
XGBoost minus CART,118,0.00673686740960916
XGBoost minus CART,119,0.007862527831659138
XGBoost minus CART,120,0.013859009076628181
XGBoost minus CART,121,0.010991779405602822
XGBoost minus CART,122,0.012967767441117606
XGBoost minus CART,123,0.008374479477546881
XGBoost minus CART,124,0.03771126879966319
XGBoost minus CART,125,0.006512991736763313
XGBoost minus CART,126,0.01584566366855686
XGBoost minus CART,127,0.001887654501935912
XGBoost minus CART,128,0.018647724980842315
XGBoost minus CART,129,0.02412492300839436
XGBoost minus CART,130,0.012420431221272732
XGBoost minus CART,131,0.01921106148448576
XGBoost minus CART,132,0.0277816345026856
XGBoost minus CART,133,0.02944814904005151
XGBoost minus CART,134,0.0012247279198198402
XGBoost minus CART,135,-0.0004279764068184297
XGBoost minus CART,136,0.008357863832189963
XGBoost minus CART,137,0.009527460553690775
XGBoost minus CART,138,0.021628120880482826
XGBoost minus CART,139,0.005877784275722622
XGBoost minus CART,140,0.005826401104741488
XGBoost minus CART,141,0.004770097859552937
XGBoost minus CART,142,-0.0009879453303276026
XGBoost minus CART,143,0.008306464578695466
XGBoost minus CART,144,0.01904745290468421
XGBoost minus CART,145,0.0027539141846713716
XGBoost minus CART,146,0.012894952531028903
XGBoost minus CART,147,0.01036380897455036
XGBoost minus CART,148,-0.00260000165198751
XGBoost minus CART,149,0.00027510003848831704
XGBoost minus CART,150,0.014886375239123936
XGBoost minus CART,151,0.021070726314828758
XGBoost minus CART,152,-0.0014620302769083882
XGBoost minus CART,153,0.004195283422362681
XGBoost minus CART,154,0.015051509355282558
XGBoost minus CART,155,0.0036732726373468055
XGBoost minus CART,156,0.018763236366129185
XGBoost minus CART,157,0.0028398148768757417
XGBoost minus CART,158,0.01649850393055112
XGBoost minus CART,159,0.005538913820222299
XGBoost minus CART,160,0.00951134655716901
XGBoost minus CART,161,0.016383182801716856
XGBoost minus CART,162,0.017507502741411204
XGBoost minus CART,163,0.0005665038716217013
XGBoost minus CART,164,0.007308797574619955
XGBoost minus CART,165,-0.0011237856588990208
XGBoost minus CART,166,0.004913301806705114
XGBoost minus CART,167,0.004887626827189739
XGBoost minus CART,168,0.011068631976534016
XGBoost minus CART,169,0.0037014732138941284
XGBoost minus CART,170,-0.0006274163456154447
XGBoost minus CART,171,0.010134262456718862
XGBoost minus CART,172,0.00931678599126877
XGBoost minus CART,173,0.008194609460522848
XGBoost minus CART,174,0.020496962354764642
XGBoost minus CART,175,0.00913744869858292
XGBoost minus CART,176,0.004488277716752573
XGBoost minus CART,177,0.01418405328501278
XGBoost minus CART,178,0.004287666531146095
XGBoost minus CART,179,0.01180498819597596
XGBoost minus CART,180,0.018718184152782272
XGBoost minus CART,181,0.0035078982299087402
XGBoost minus CART,182,0.0006424339407266888
XGBoost minus CART,183,0.03358007842255484
XGBoost minus CART,184,0.015796958534796124
XGBoost minus CART,185,0.016771127888597942
XGBoost minus CART,186,0.0182067742031556
XGBoost minus CART,187,0.002243110061018419
XGBoost minus CART,188,0.006401995451644743
XGBoost minus CART,189,0.013125795374524754
XGBoost minus CART,190,0.0009631159583062959
XGBoost minus CART,191,0.00832248547932389
XGBoost minus CART,192,0.019120675508650514
XGBoost minus CART,193,0.001038409087191522
XGBoost minus CART,194,0.02596741465471468
XGBoost minus CART,195,0.007106023440778375
XGBoost minus CART,196,0.004299361446402736
XGBoost minus CART,197,0.0053754594051580035
XGBoost minus CART,198,0.003688526939561898
XGBoost minus CART,199,0.008476418841052269
XGBoost minus CART,200,0.003189233339854672
XGBoost minus CART,201,0.0021599802219030295
XGBoost minus CART,202,0.02389712840939401
XGBoost minus CART,203,0.025212312043806778
XGBoost minus CART,204,0.006582254723987546
XGBoost minus CART,205,-0.0020104082568766293
XGBoost minus CART,206,0.017011428759352368
XGBoost minus CART,207,0.0067359701429205165
XGBoost minus CART,208,0.007541367243212291
XGBoost minus CART,209,0.004900500966891055
XGBoost minus CART,210,0.01774489109532558
XGBoost minus CART,211,0.010323213040274323
XGBoost minus CART,212,0.011204012496089003
XGBoost minus CART,213,0.011910055321661422
XGBoost minus CART,214,0.017142123437781986
XGBoost minus CART,215,0.003868295763438223
XGBoost minus CART,216,0.0031294869661620053
XGBoost minus CART,217,0.03071822360243648
XGBoost minus CART,218,0.004620804176847987
XGBoost minus CART,219,0.010577268508883617
XGBoost minus CART,220,-0.0006395509549392692
XGBoost minus CART,221,0.009792990585138855
XGBoost minus CART,222,0.014954926933275409
XGBoost minus CART,223,0.0028737006005533916
XGBoost minus CART,224,0.0033317721611336587
XGBoost minus CART,225,0.013479298671821086
XGBoost minus CART,226,0.008609358795384506
XGBoost minus CART,227,0.01250413898081526
XGBoost minus CART,228,0.005116540620505011
XGBoost minus CART,229,0.024766962392998373
XGBoost minus CART,230,0.0021565340982892256
XGBoost minus CART,231,-9.019358599821753e-05
XGBoost minus CART,232,0.029172913862714853
XGBoost minus CART,233,0.011941050909895265
XGBoost minus CART,234,0.012097566848581293
XGBoost minus CART,235,0.013801683950049229
XGBoost minus CART,236,0.01348530390002027
XGBoost minus CART,237,0.007294282981058317
XGBoost minus CART,238,0.014919615683928716
XGBoost minus CART,239,0.004778951855150149
XGBoost minus CART,240,0.006932495603457101
XGBoost minus CART,241,0.012099049474545376
XGBoost minus CART,242,0.016501565567667756
XGBoost minus CART,243,0.0033231914762574116
XGBoost minus CART,244,0.0057252087563254145
XGBoost minus CART,245,0.008113420349227518
XGBoost minus CART,246,-0.0003746071481857821
XGBoost minus CART,247,0.0015024472301103653
XGBoost minus CART,248,0.017068473017635186
XGBoost minus CART,249,0.005245182846171065
XGBoost minus CART,250,-0.0024528510414519727
XGBoost minus CART,251,0.02586880093764661
XGBoost minus CART,252,0.009173220080108707
XGBoost minus CART,253,0.01374669606493556
XGBoost minus CART,254,0.006959129969028921
XGBoost minus CART,255,0.012882331590566093
XGBoost minus CART,256,0.004958281164442871
XGBoost minus CART,257,0.009511347261692907
XGBoost minus CART,258,0.012434370390309049
XGBoost minus CART,259,0.020254777822078324
XGBoost minus CART,260,0.0055000854190207366
XGBoost minus CART,261,0.01569218079581814
XGBoost minus CART,262,0.012590062229058452
XGBoost minus CART,263,0.0034375116513230275
XGBoost minus CART,264,0.0006697725849910269
XGBoost minus CART,265,0.010795294257377838
XGBoost minus CART,266,0.0014218100370868847
XGBoost minus CART,267,0.006496919819731155
XGBoost minus CART,268,0.0004819372676167222
XGBoost minus CART,269,0.00859631903334146
XGBoost minus CART,270,0.009802487271693652
XGBoost minus CART,271,0.01671479509449901
XGBoost minus CART,272,0.00991085352608144
XGBoost minus CART,273,0.012420350124828339
XGBoost minus CART,274,0.012761325854580674
XGBoost minus CART,275,5.344168961389506e-05
XGBoost minus CART,276,0.010543224785590458
XGBoost minus CART,277,0.0005891790247218656
XGBoost minus CART,278,0.013818610430789358
XGBoost minus CART,279,0.007388396362235997
XGBoost minus CART,280,0.01105683504878252
XGBoost minus CART,281,0.003625685259402503
XGBoost minus CART,282,0.016928397481934726
XGBoost minus CART,283,0.009178200473539663
XGBoost minus CART,284,0.0010667314186365018
XGBoost minus CART,285,0.011210391266366096
XGBoost minus CART,286,0.007922936113412854
XGBoost minus CART,287,0.010515128744586322
XGBoost minus CART,288,0.0026340603229582232
XGBoost minus CART,289,0.02367284930283932
XGBoost minus CART,290,0.009386806018106333
XGBoost minus CART,291,0.01657229593243474
XGBoost minus CART,292,0.023469857561751448
XGBoost minus CART,293,0.020603343435138588
XGBoost minus CART,294,0.003887008015878657
XGBoost minus CART,295,0.020082231554174212
XGBoost minus CART,296,0.004302975131404388
XGBoost minus CART,297,0.004822951213371493
XGBoost minus CART,298,0.01681820269714754
XGBoost minus CART,299,-0.00015896728068934968
XGBoost minus CART,300,0.005196968577834596
XGBoost minus CART,301,0.019981723232381413
XGBoost minus CART,302,0.013898074092498977
XGBoost minus CART,303,0.001980778650324533
XGBoost minus CART,304,0.012393124352087767
XGBoost minus CART,305,0.005991354369751248
XGBoost minus CART,306,-0.0007502609216048367
XGBoost minus CART,307,0.004040243643690114
XGBoost minus CART,308,0.01317128683240841
XGBoost minus CART,309,0.01330868838940423
XGBoost minus CART,310,-0.0006171256898415273
XGBoost minus CART,311,0.007759185270398719
XGBoost minus CART,312,0.007927656634174302
XGBoost minus CART,313,0.01293616710739616
XGBoost minus CART,314,0.004919541654837198
XGBoost minus CART,315,0.012798678666655544
XGBoost minus CART,316,0.007437390062911789
XGBoost minus CART,317,0.010014994933823573
XGBoost minus CART,318,0.015017439784430736
XGBoost minus CART,319,0.0066131703605055575
XGBoost minus CART,320,0.014304363884291682
XGBoost minus CART,321,0.0025193103749112794
XGBoost minus CART,322,0.006773744780906435
XGBoost minus CART,323,-0.0003285530459087929
XGBoost minus CART,324,0.012106365991739698
XGBoost minus CART,325,0.006429221935264198
XGBoost minus CART,326,0.0013681731406898212
XGBoost minus CART,327,0.00883018522545688
XGBoost minus CART,328,0.022885762249031646
XGBoost minus CART,329,0.007680134630243196
XGBoost minus CART,330,-0.0011615869424292796
XGBoost minus CART,331,0.026152984006024893
XGBoost minus CART,332,0.01039184343365293
XGBoost minus CART,333,0.01527667257997549
XGBoost minus CART,334,0.009997604932221793
XGBoost minus CART,335,0.005892080146950585
XGBoost minus CART,336,0.0054985682516695555
XGBoost minus CART,337,0.0024291005500265
XGBoost minus CART,338,0.004663978866186011
XGBoost minus CART,339,0.01201682580289161
XGBoost minus CART,340,0.0030820935466408794
XGBoost minus CART,341,0.013354722784994194
XGBoost minus CART,342,0.003363362581887047
XGBoost minus CART,343,-0.0012318738952130787
XGBoost minus CART,344,0.000457592833950457
XGBoost minus CART,345,0.008019005179101452
XGBoost minus CART,346,0.015695510572941773
XGBoost minus CART,347,0.01440398085060314
XGBoost minus CART,348,0.004278300331856472
XGBoost minus CART,349,0.006935077876425125
XGBoost minus CART,350,-0.0024075740330014583
XGBoost minus CART,351,0.009038595107870376
XGBoost minus CART,352,-0.002588606552727732
XGBoost minus CART,353,0.013124472171415436
XGBoost minus CART,354,0.00729950972632995
XGBoost minus CART,355,0.027957618474936483
XGBoost minus CART,356,0.011765157547271143
XGBoost minus CART,357,0.0055506725505901355
XGBoost minus CART,358,0.002974246207203976
XGBoost minus CART,359,0.010096588988784003
XGBoost minus CART,360,-0.003355785521541421
XGBoost minus CART,361,0.021100813413255093
XGBoost minus CART,362,0.009486046993947186
XGBoost minus CART,363,0.013583734431688393
XGBoost minus CART,364,0.00534311986846725
XGBoost minus CART,365,0.011597862374922649
XGBoost minus CART,366,0.00817227926392465
XGBoost minus CART,367,0.02149514944960801
XGBoost minus CART,368,0.009953086614436751
XGBoost minus CART,369,0.012363104172512698
XGBoost minus CART,370,0.024460543412436836
XGBoost minus CART,371,0.019488118923185554
XGBoost minus CART,372,0.006337281509098791
XGBoost minus CART,373,0.0013225521593557138
XGBoost minus CART,374,0.011335488893809531
XGBoost minus CART,375,0.0029475653430304366
XGBoost minus CART,376,0.003435850122835815
XGBoost minus CART,377,0.012240999770317826
XGBoost minus CART,378,0.006126726956848738
XGBoost minus CART,379,0.008551336436483856
XGBoost minus CART,380,0.00932223746731968
XGBoost minus CART,381,0.01691615472439742
XGBoost minus CART,382,0.021829755149744834
XGBoost minus CART,383,0.013795449253477796
XGBoost minus CART,384,0.012232959805766747
XGBoost minus CART,385,0.007923081246786812
XGBoost minus CART,386,0.016547598215410644
XGBoost minus CART,387,0.01379539430556595
XGBoost minus CART,388,0.010283578156323553
XGBoost minus CART,389,0.002351370498682427
XGBoost minus CART,390,0.008414948757915347
XGBoost minus CART,391,0.03294350668442972
XGBoost minus CART,392,0.008319329177375434
XGBoost minus CART,393,0.016582201263940097
XGBoost minus CART,394,0.0017622182142764814
XGBoost minus CART,395,0.00522850977272496
XGBoost minus CART,396,-0.000996773425561287
XGBoost minus CART,397,0.0002975074791808918
XGBoost minus CART,398,0.016432487257948145
XGBoost minus CART,399,0.020355147600496185
XGBoost minus CART,400,0.01150646788928418
XGBoost minus CART,401,-0.0009333075832306664
XGBoost minus CART,402,0.0325023039848536
XGBoost minus CART,403,0.009882669571595212
XGBoost minus CART,404,0.0045464117391410125
XGBoost minus CART,405,0.004905248792529376
XGBoost minus CART,406,0.009120780463816383
XGBoost minus CART,407,0.0040612013543084025
XGBoost minus CART,408,3.773813317600738e-05
XGBoost minus CART,409,0.014920905580237148
XGBoost minus CART,410,0.0008873180702515526
XGBoost minus CART,411,0.005981272101647436
XGBoost minus CART,412,0.01193614146133773
XGBoost minus CART,413,0.0013729555397090781
XGBoost minus CART,414,0.0026210132917364737
XGBoost minus CART,415,0.00435783674937959
XGBoost minus CART,416,0.002676675712239382
XGBoost minus CART,417,0.0009695351638428079
XGBoost minus CART,418,0.01935798075886412
XGBoost minus CART,419,0.004581703675928056
XGBoost minus CART,420,0.011085938076647497
XGBoost minus CART,421,0.005235066365093605
XGBoost minus CART,422,-0.007257530029088993
XGBoost minus CART,423,0.0095238763720812
XGBoost minus CART,424,0.006904515847449583
XGBoost minus CART,425,0.01363025340344455
XGBoost minus CART,426,0.014895039714621028
XGBoost minus CART,427,0.011549393614650225
XGBoost minus CART,428,0.00825154886104916
XGBoost minus CART,429,0.012597025583058918
XGBoost minus CART,430,0.021435418174507545
XGBoost minus CART,431,0.010321748372457973
XGBoost minus CART,432,0.01161073630856646
XGBoost minus CART,433,0.00868675588830381
XGBoost minus CART,434,0.005028644284419459
XGBoost minus CART,435,0.014675193977216741
XGBoost minus CART,436,0.010528903333618722
XGBoost minus CART,437,0.0009291538488713225
XGBoost minus CART,438,-0.0019648693830252306
XGBoost minus CART,439,0.022063953145280382
XGBoost minus CART,440,0.006847388879849467
XGBoost minus CART,441,0.0036937873676233107
XGBoost minus CART,442,0.008188987544537757
XGBoost minus CART,443,0.006001436390578124
XGBoost minus CART,444,-0.0016533470997160404
XGBoost minus CART,445,0.01862597198513874
XGBoost minus CART,446,0.006858840985183287
XGBoost minus CART,447,0.010836685028858678
XGBoost minus CART,448,0.01347331271067917
XGBoost minus CART,449,-0.0014640305593894565
XGBoost minus CART,450,-0.0016578543087057696
XGBoost minus CART,451,0.014657395368909448
XGBoost minus CART,452,0.010178055028634544
XGBoost minus CART,453,0.003210919043542676
XGBoost minus CART,454,0.006817683167617605
XGBoost minus CART,455,0.0011784871030412342
XGBoost minus CART,456,0.0016521213373117405
XGBoost minus CART,457,0.013383441267468876
XGBoost minus CART,458,0.01048792828936386
XGBoost minus CART,459,0.004717318971388357
XGBoost minus CART,460,0.004549892461828464
XGBoost minus CART,461,0.015722532853001056
XGBoost minus CART,462,0.021992745460815727
XGBoost minus CART,463,0.0019857103662705433
XGBoost minus CART,464,0.0034930016910197925
XGBoost minus CART,465,0.01805765125878657
XGBoost minus CART,466,0.019184304841597333
XGBoost minus CART,467,0.005629202047831586
XGBoost minus CART,468,0.005972965546222939
XGBoost minus CART,469,0.0009425595901049744
XGBoost minus CART,470,0.00039252328316495555
XGBoost minus CART,471,0.016965544625261536
XGBoost minus CART,472,0.007064253896326478
XGBoost minus CART,473,0.02795973219605985
XGBoost minus CART,474,-0.0011759758006173807
XGBoost minus CART,475,0.014533451581298484
XGBoost minus CART,476,0.023288438216499563
XGBoost minus CART,477,0.0034468918140882765
XGBoost minus CART,478,0.00570953740237537
XGBoost minus CART,479,0.01804475920488885
XGBoost minus CART,480,0.014738625711940886
XGBoost minus CART,481,0.004990299876455995
XGBoost minus CART,482,0.005592816393430469
XGBoost minus CART,483,0.003298074749444088
XGBoost minus CART,484,0.027136059145274186
XGBoost minus CART,485,0.008726555365367539
XGBoost minus CART,486,0.013034135503861732
XGBoost minus CART,487,0.02029204572342512
XGBoost minus CART,488,0.012069067348832355
XGBoost minus CART,489,0.003932481338812882
XGBoost minus CART,490,0.011488101913387797
XGBoost minus CART,491,0.0028955438328434058
XGBoost minus CART,492,0.012683217748915024
XGBoost minus CART,493,0.010850854081419503
XGBoost minus CART,494,0.004980743813664312
XGBoost minus CART,495,0.002496802028954845
XGBoost minus CART,496,0.01971277979011743
XGBoost minus CART,497,0.008276859559556246
XGBoost minus CART,498,0.006481050739531952
XGBoost minus CART,499,0.005184159771283045
XGBoost minus CART,500,0.000284846413367415
XGBoost minus CART,501,0.0038230175269903383
XGBoost minus CART,502,0.01591685147355852
XGBoost minus CART,503,0.0008246336020692191
XGBoost minus CART,504,0.005171996281261727
XGBoost minus CART,505,0.012072709090399925
XGBoost minus CART,506,0.0014069323391727798
XGBoost minus CART,507,-0.003627220386708284
XGBoost minus CART,508,0.009141094502014141
XGBoost minus CART,509,0.004125737420853676
XGBoost minus CART,510,0.007262705326307364
XGBoost minus CART,511,0.004483182482153139
XGBoost minus CART,512,0.0063317508273646045
XGBoost minus CART,513,0.004492052648524439
XGBoost minus CART,514,0.00013038653587420235
XGBoost minus CART,515,0.014902180065336473
XGBoost minus CART,516,0.021790644878143542
XGBoost minus CART,517,0.021334810100241908
XGBoost minus CART,518,0.0161801006510542
XGBoost minus CART,519,0.016705703368519675
XGBoost minus CART,520,0.009780709544462751
XGBoost minus CART,521,-0.0003168819972824838
XGBoost minus CART,522,0.0043236446001007345
XGBoost minus CART,523,0.010954821565892267
XGBoost minus CART,524,0.0046512157420011
XGBoost minus CART,525,0.005475285475284523
XGBoost minus CART,526,0.009108967956203126
XGBoost minus CART,527,0.0011376957356815376
XGBoost minus CART,528,0.002990023602710064
XGBoost minus CART,529,0.0049604735193836125
XGBoost minus CART,530,0.014647120059634963
XGBoost minus CART,531,0.016411201970487205
XGBoost minus CART,532,0.007000184954349703
XGBoost minus CART,533,0.0052448121096097255
XGBoost minus CART,534,0.00022319196942663377
XGBoost minus CART,535,0.0006192818919050075
XGBoost minus CART,536,0.02270992476798689
XGBoost minus CART,537,-0.0014556956329317833
XGBoost minus CART,538,0.003089466113311512
XGBoost minus CART,539,0.008747029515522392
XGBoost minus CART,540,0.003654598001510183
XGBoost minus CART,541,0.015451415709290012
XGBoost minus CART,542,0.0061636601318945244
XGBoost minus CART,543,0.016953164477054555
XGBoost minus CART,544,0.014289139042940699
XGBoost minus CART,545,0.007599138920652435
XGBoost minus CART,546,0.016962205671683342
XGBoost minus CART,547,0.008373299262598777
XGBoost minus CART,548,-0.0020614079796278453
XGBoost minus CART,549,0.0008769383704726602
XGBoost minus CART,550,-0.001506272338082315
XGBoost minus CART,551,0.000456857730108548
XGBoost minus CART,552,0.0038192996341745306
XGBoost minus CART,553,0.011968885137755944
XGBoost minus CART,554,0.011801619753743733
XGBoost minus CART,555,0.0027450260920969943
XGBoost minus CART,556,0.01761668980161976
XGBoost minus CART,557,0.01429948300356227
XGBoost minus CART,558,0.001649702962504468
XGBoost minus CART,559,0.00972291594182155
XGBoost minus CART,560,0.03050720592000726
XGBoost minus CART,561,0.025928527687589048
XGBoost minus CART,562,0.00908137724350809
XGBoost minus CART,563,0.010984513360938516
XGBoost minus CART,564,0.0010807275654963477
XGBoost minus CART,565,0.008642781380286041
XGBoost minus CART,566,-0.0006072408429709242
XGBoost minus CART,567,0.0050405569909492964
XGBoost minus CART,568,0.004665566389805434
XGBoost minus CART,569,0.00974489322983843
XGBoost minus CART,570,0.006873013019590368
XGBoost minus CART,571,0.014943602421995592
XGBoost minus CART,572,0.015455341764893882
XGBoost minus CART,573,0.02408517912574684
XGBoost minus CART,574,0.0008155098699928268
XGBoost minus CART,575,0.003584174449415764
XGBoost minus CART,576,0.005231443612412512
XGBoost minus CART,577,0.015400198305236312
XGBoost minus CART,578,0.009352569249159039
XGBoost minus CART,579,0.0006317680291148264
XGBoost minus CART,580,0.017363530247763215
XGBoost minus CART,581,0.013260250907026636
XGBoost minus CART,582,0.018375474949862428
XGBoost minus CART,583,0.0039565403639453545
XGBoost minus CART,584,0.008527421334000349
XGBoost minus CART,585,0.005487314735831611
XGBoost minus CART,586,0.007640579922904414
XGBoost minus CART,587,0.006496242312918524
XGBoost minus CART,588,0.017044214362241725
XGBoost minus CART,589,0.0036543741688098777
XGBoost minus CART,590,0.015168761123695182
XGBoost minus CART,591,-0.0019637744910492166
XGBoost minus CART,592,-0.0021557884618196993
XGBoost minus CART,593,0.01504798920338258
XGBoost minus CART,594,0.0016586486943977463
XGBoost minus CART,595,0.0031158879159728647
XGBoost minus CART,596,0.021189636526126543
XGBoost minus CART,597,-0.0019472849143496382
XGBoost minus CART,598,0.011144893365631361
XGBoost minus CART,599,0.00840628557662558
XGBoost minus CART,600,0.006258770031708202
XGBoost minus CART,601,0.01722687980136442
XGBoost minus CART,602,0.014088526947778887
XGBoost minus CART,603,0.00521562355020936
XGBoost minus CART,604,0.0050519551227092285
XGBoost minus CART,605,0.026679392570203908
XGBoost minus CART,606,0.003921421817793647
XGBoost minus CART,607,0.0006612164320114675
XGBoost minus CART,608,0.0104424806479642
XGBoost minus CART,609,-0.000578222466913067
XGBoost minus CART,610,0.025827030979982984
XGBoost minus CART,611,0.0029440297551979883
XGBoost minus CART,612,0.0033501722404468137
XGBoost minus CART,613,0.021929624622741478
XGBoost minus CART,614,0.0029404821624496175
XGBoost minus CART,615,0.0003132441337642816
XGBoost minus CART,616,0.00547428446837947
XGBoost minus CART,617,0.013115311337191696
XGBoost minus CART,618,0.009919704802108173
XGBoost minus CART,619,0.02068328667787786
XGBoost minus CART,620,0.013344847128566636
XGBoost minus CART,621,0.006464444270108352
XGBoost minus CART,622,0.0058853540838882945
XGBoost minus CART,623,0.016646267963617845
XGBoost minus CART,624,0.006263255033484849
XGBoost minus CART,625,0.0025200080890303844
XGBoost minus CART,626,-0.0027856494788522507
XGBoost minus CART,627,0.010699942304380608
XGBoost minus CART,628,0.00993115675560903
XGBoost minus CART,629,-0.0012423157963812465
XGBoost minus CART,630,0.02012165072312623
XGBoost minus CART,631,0.024595180742753714
XGBoost minus CART,632,0.016291834532776564
XGBoost minus CART,633,0.01147753350019226
XGBoost minus CART,634,0.004044722427914552
XGBoost minus CART,635,0.0032003498022277893
XGBoost minus CART,636,0.011548826701830134
XGBoost minus CART,637,-0.0022701642379934356
XGBoost minus CART,638,0.0027387364978438272
XGBoost minus CART,639,0.012101125909027954
XGBoost minus CART,640,0.00704928410721227
XGBoost minus CART,641,-0.00310209489890155
XGBoost minus CART,642,0.005452848319033227
XGBoost minus CART,643,0.003909994530488882
XGBoost minus CART,644,0.024353100039505235
XGBoost minus CART,645,0.004167099375373164
XGBoost minus CART,646,0.017532220150514102
XGBoost minus CART,647,0.001457608027389555
XGBoost minus CART,648,0.014365932642011636
XGBoost minus CART,649,0.0059088522678786976
XGBoost minus CART,650,0.005877126152923226
XGBoost minus CART,651,0.008860524194686442
XGBoost minus CART,652,0.007233310919074684
XGBoost minus CART,653,0.02968260780330423
XGBoost minus CART,654,0.00045771319861867554
XGBoost minus CART,655,0.01011923582338227
XGBoost minus CART,656,1.876155160664139e-05
XGBoost minus CART,657,0.014628248541817601
XGBoost minus CART,658,0.017793242662358447
XGBoost minus CART,659,0.01656170545107824
XGBoost minus CART,660,0.021280967328595066
XGBoost minus CART,661,0.014793836399746116
XGBoost minus CART,662,0.011331573230043038
XGBoost minus CART,663,0.001403198827072523
XGBoost minus CART,664,0.017882795276996655
XGBoost minus CART,665,0.01748119712092605
XGBoost minus CART,666,0.01976470949492276
XGBoost minus CART,667,0.010314920528516708
XGBoost minus CART,668,0.0019539666986673893
XGBoost minus CART,669,0.0069252555424986345
XGBoost minus CART,670,0.017581238918875836
XGBoost minus CART,671,0.027497920619620628
XGBoost minus CART,672,0.007214577848977333
XGBoost minus CART,673,0.021517686573874942
XGBoost minus CART,674,0.005556576426824583
XGBoost minus CART,675,0.012192244112916722
XGBoost minus CART,676,0.00020399920242104158
XGBoost minus CART,677,0.007495306524078371
XGBoost minus CART,678,0.0019516083620187696
XGBoost minus CART,679,0.007978970242190797
XGBoost minus CART,680,0.010893763245340693
XGBoost minus CART,681,0.02160162302702351
XGBoost minus CART,682,0.0052106846136402984
XGBoost minus CART,683,0.01673020837715851
XGBoost minus CART,684,0.01409042849749842
XGBoost minus CART,685,0.02162345473625417
XGBoost minus CART,686,0.002165337969686029
XGBoost minus CART,687,0.006890688635288814
XGBoost minus CART,688,0.014324633947670765
XGBoost minus CART,689,0.005605168371604907
XGBoost minus CART,690,0.01903716597653142
XGBoost minus CART,691,0.007001722824369047
XGBoost minus CART,692,0.0009276375937239956
XGBoost minus CART,693,0.0009899215411668522
XGBoost minus CART,694,0.004677654014831542
XGBoost minus CART,695,0.00622615593514185
XGBoost minus CART,696,0.006385490749013359
XGBoost minus CART,697,0.0034173905549906847
XGBoost minus CART,698,0.009056479074671164
XGBoost minus CART,699,0.01314986366093246
XGBoost minus CART,700,0.010900897089143283
XGBoost minus CART,701,0.011713744229720921
XGBoost minus CART,702,0.014461271947820958
XGBoost minus CART,703,-0.00020588183472067256
XGBoost minus CART,704,0.0005236911342812178
XGBoost minus CART,705,0.02515074596894082
XGBoost minus CART,706,0.018932952485533394
XGBoost minus CART,707,0.020940470938088235
XGBoost minus CART,708,0.006236043239245703
XGBoost minus CART,709,0.012320008988710454
XGBoost minus CART,710,0.0025670337816686706
XGBoost minus CART,711,0.014833625398355268
XGBoost minus CART,712,0.0014895592573443556
XGBoost minus CART,713,0.0033550804779254734
XGBoost minus CART,714,0.006343262374337064
XGBoost minus CART,715,0.005564945150869083
XGBoost minus CART,716,0.0055743603661345745
XGBoost minus CART,717,0.01504509144047847
XGBoost minus CART,718,0.0051785989215085565
XGBoost minus CART,719,0.011113864119873695
XGBoost minus CART,720,0.02898315812736213
XGBoost minus CART,721,0.008677780169191393
XGBoost minus CART,722,0.02127445745302249
XGBoost minus CART,723,0.0040179988944121225
XGBoost minus CART,724,0.013811922947848915
XGBoost minus CART,725,0.014007843262592856
XGBoost minus CART,726,0.01025761242995514
XGBoost minus CART,727,0.012795859692105005
XGBoost minus CART,728,0.0015035166196106925
XGBoost minus CART,729,0.005088849447700924
XGBoost minus CART,730,0.018147537781806097
XGBoost minus CART,731,0.01741025433326915
XGBoost minus CART,732,0.012996755922714348
XGBoost minus CART,733,0.020007941773998006
XGBoost minus CART,734,0.007736651681730072
XGBoost minus CART,735,-0.00229602265932885
XGBoost minus CART,736,0.004891829790902358
XGBoost minus CART,737,0.020319694738236832
XGBoost minus CART,738,0.01611237476146797
XGBoost minus CART,739,0.007002770808663211
XGBoost minus CART,740,0.019291826841357315
XGBoost minus CART,741,0.0065181472195384865
XGBoost minus CART,742,0.0068782332474816715
XGBoost minus CART,743,0.002537999059303672
XGBoost minus CART,744,0.004528510636343408
XGBoost minus CART,745,0.002522425485762647
XGBoost minus CART,746,0.00733351566219996
XGBoost minus CART,747,0.018946116156350543
XGBoost minus CART,748,0.008094241145250286
XGBoost minus CART,749,0.008488609426597862
XGBoost minus CART,750,0.016896883099982316
XGBoost minus CART,751,-0.0021774862635014908
XGBoost minus CART,752,0.008211039683908114
XGBoost minus CART,753,0.0038301313517445923
XGBoost minus CART,754,0.00965879170280734
XGBoost minus CART,755,0.0064765194780580515
XGBoost minus CART,756,0.0003178794725392786
XGBoost minus CART,757,0.014008732659119658
XGBoost minus CART,758,0.0025144301007519604
XGBoost minus CART,759,0.016505665125816138
XGBoost minus CART,760,0.006180959432606298
XGBoost minus CART,761,0.005232067684917491
XGBoost minus CART,762,0.01052144793286465
XGBoost minus CART,763,0.01038368356195607
XGBoost minus CART,764,0.008245541436454118
XGBoost minus CART,765,0.023205959796953682
XGBoost minus CART,766,0.005678624814673669
XGBoost minus CART,767,0.00985733585392086
XGBoost minus CART,768,0.0016983247724232098
XGBoost minus CART,769,0.008034782050731715
XGBoost minus CART,770,0.01711798928220208
XGBoost minus CART,771,0.02340137472184485
XGBoost minus CART,772,-0.00233619786696683
XGBoost minus CART,773,0.012022971146026865
XGBoost minus CART,774,0.01767664084094331
XGBoost minus CART,775,0.001572932779728732
XGBoost minus CART,776,0.00917319101823677
XGBoost minus CART,777,0.010829971489635243
XGBoost minus CART,778,0.01761514839055199
XGBoost minus CART,779,0.006030774062827898
XGBoost minus CART,780,0.010640367505449583
XGBoost minus CART,781,0.012096435308964523
XGBoost minus CART,782,-0.000637921983735662
XGBoost minus CART,783,0.02555583848208237
XGBoost minus CART,784,0.018067866115083486
XGBoost minus CART,785,0.022158093330204645
XGBoost minus CART,786,0.009251371703096756
XGBoost minus CART,787,0.017613213253495588
XGBoost minus CART,788,0.011795281115783068
XGBoost minus CART,789,0.004776676283877734
XGBoost minus CART,790,0.001096087304951275
XGBoost minus CART,791,0.009834733440342178
XGBoost minus CART,792,0.013899753488278072
XGBoost minus CART,793,0.004066774585084865
XGBoost minus CART,794,0.006540281693173125
XGBoost minus CART,795,-0.0014495551290526487
XGBoost minus CART,796,0.008728288834228201
XGBoost minus CART,797,0.01087915151738382
XGBoost minus CART,798,0.005057190759822944
XGBoost minus CART,799,0.011331000022242854
XGBoost minus CART,800,0.014624167792028048
XGBoost minus CART,801,0.004670163200317032
XGBoost minus CART,802,0.014877312048321295
XGBoost minus CART,803,0.012460185096473411
XGBoost minus CART,804,0.00773803868937023
XGBoost minus CART,805,0.006409960303937229
XGBoost minus CART,806,0.01350501769965233
XGBoost minus CART,807,0.0027987125559627707
XGBoost minus CART,808,0.006371955546991784
XGBoost minus CART,809,0.023126228866185983
XGBoost minus CART,810,0.016666831493869758
XGBoost minus CART,811,0.0020090898121271072
XGBoost minus CART,812,0.000152101438959662
XGBoost minus CART,813,0.015397779421260624
XGBoost minus CART,814,0.020666225420305717
XGBoost minus CART,815,0.00501356836007931
XGBoost minus CART,816,0.016843320745084836
XGBoost minus CART,817,0.006062237787002503
XGBoost minus CART,818,0.008337654406414513
XGBoost minus CART,819,0.017426816323181993
XGBoost minus CART,820,0.009181133575189612
XGBoost minus CART,821,0.03236627400111136
XGBoost minus CART,822,0.0084184893835208
XGBoost minus CART,823,3.583289510211696e-05
XGBoost minus CART,824,0.010420142236850366
XGBoost minus CART,825,0.017204712601572206
XGBoost minus CART,826,0.01514209132937444
XGBoost minus CART,827,0.014270697151693976
XGBoost minus CART,828,0.005122945220551907
XGBoost minus CART,829,0.006721610239377673
XGBoost minus CART,830,0.0009291206490501802
XGBoost minus CART,831,0.0017826937013083466
XGBoost minus CART,832,-0.0007592315850867004
XGBoost minus CART,833,0.02230897051282879
XGBoost minus CART,834,0.0032773575998025356
XGBoost minus CART,835,0.01581861784286824
XGBoost minus CART,836,0.0029980870979237767
XGBoost minus CART,837,0.006955399063214157
XGBoost minus CART,838,0.008699065169728293
XGBoost minus CART,839,0.0011797817450088025
XGBoost minus CART,840,0.004124638536481567
XGBoost minus CART,841,0.023494279978781576
XGBoost minus CART,842,0.012843503562491296
XGBoost minus CART,843,0.013466553676263017
XGBoost minus CART,844,0.0016493937592192143
XGBoost minus CART,845,0.01399233680879941
XGBoost minus CART,846,0.013081917444635147
XGBoost minus CART,847,0.0033354350175833075
XGBoost minus CART,848,0.015073897835274505
XGBoost minus CART,849,0.003838205102255965
XGBoost minus CART,850,0.03221324441391815
XGBoost minus CART,851,0.017379981485195026
XGBoost minus CART,852,0.02411198705813805
XGBoost minus CART,853,-0.0008762835463473478
XGBoost minus CART,854,0.0047401265040604434
XGBoost minus CART,855,0.03513010395765956
XGBoost minus CART,856,0.0195135822552958
XGBoost minus CART,857,-0.0019348158839828933
XGBoost minus CART,858,0.001900929872372184
XGBoost minus CART,859,-0.004126877159009737
XGBoost minus CART,860,0.011601821479756483
XGBoost minus CART,861,0.005524289911735397
XGBoost minus CART,862,0.004491086894018281
XGBoost minus CART,863,0.0025350494521295813
XGBoost minus CART,864,0.004700352937235051
XGBoost minus CART,865,0.013231397921232818
XGBoost minus CART,866,0.0055163914505157174
XGBoost minus CART,867,0.008680983305075399
XGBoost minus CART,868,0.005861402970080629
XGBoost minus CART,869,0.001448790692153673
XGBoost minus CART,870,0.004979673631490315
XGBoost minus CART,871,-0.001172213191507579
XGBoost minus CART,872,0.003772608909565059
XGBoost minus CART,873,0.009898505362788829
XGBoost minus CART,874,0.014490559204213257
XGBoost minus CART,875,0.0006376272468483421
XGBoost minus CART,876,0.0021537832280265415
XGBoost minus CART,877,0.01144634605926019
XGBoost minus CART,878,0.0020535246686071568
XGBoost minus CART,879,0.0169180220499979
XGBoost minus CART,880,0.020629291503450595
XGBoost minus CART,881,0.008540756875890412
XGBoost minus CART,882,0.0006460710099511838
XGBoost minus CART,883,0.01150133325838433
XGBoost minus CART,884,0.0030785415174886532
XGBoost minus CART,885,0.009564736478574198
XGBoost minus CART,886,0.006029086248331678
XGBoost minus CART,887,-0.0006074739465192353
XGBoost minus CART,888,0.0036773068848723195
XGBoost minus CART,889,0.0106670883089387
XGBoost minus CART,890,0.007025795543230018
XGBoost minus CART,891,0.025799157210188814
XGBoost minus CART,892,0.010661627734407389
XGBoost minus CART,893,0.0075343219717061705
XGBoost minus CART,894,0.010710137949853621
XGBoost minus CART,895,0.010062158438453775
XGBoost minus CART,896,0.02090091136269269
XGBoost minus CART,897,0.002954038750979167
XGBoost minus CART,898,0.002994384231582617
XGBoost minus CART,899,0.005015053811224704
XGBoost minus CART,900,0.009042566540747851
XGBoost minus CART,901,0.02641690131137632
XGBoost minus CART,902,0.011263292330447205
XGBoost minus CART,903,0.00900866110725046
XGBoost minus CART,904,0.0011216252062187515
XGBoost minus CART,905,0.014514031768868757
XGBoost minus CART,906,0.005297507430457052
XGBoost minus CART,907,0.025316482983832794
XGBoost minus CART,908,0.002417510350664287
XGBoost minus CART,909,0.0072647947064137935
XGBoost minus CART,910,-0.000392359124625416
XGBoost minus CART,911,0.009257633020154074
XGBoost minus CART,912,0.013790170167864949
XGBoost minus CART,913,0.008094563284434461
XGBoost minus CART,914,0.0022142657195195203
XGBoost minus CART,915,0.008332162919568786
XGBoost minus CART,916,0.0008331360123775555
XGBoost minus CART,917,-0.0009235445088438751
XGBoost minus CART,918,0.0029663552020145756
XGBoost minus CART,919,0.010366786448376242
XGBoost minus CART,920,-0.004023281259132622
XGBoost minus CART,921,0.006008620797055969
XGBoost minus CART,922,-0.0014244292021006535
XGBoost minus CART,923,0.01834261953105068
XGBoost minus CART,924,0.030849522697485268
XGBoost minus CART,925,0.020310776260736393
XGBoost minus CART,926,0.013011045992150083
XGBoost minus CART,927,0.014471278004580479
XGBoost minus CART,928,0.010794878154427104
XGBoost minus CART,929,0.015342300470282677
XGBoost minus CART,930,-0.001502784317560693
XGBoost minus CART,931,0.007799570234703526
XGBoost minus CART,932,0.010009158427411402
XGBoost minus CART,933,0.014623874230294473
XGBoost minus CART,934,-0.00611507436843009
XGBoost minus CART,935,0.016855290683961285
XGBoost minus CART,936,0.006288495724269004
XGBoost minus CART,937,0.008379154317152956
XGBoost minus CART,938,0.01287446175039364
XGBoost minus CART,939,0.0013429206698891832
XGBoost minus CART,940,0.004223583796906891
XGBoost minus CART,941,0.025017146135519933
XGBoost minus CART,942,0.0049103243076907
XGBoost minus CART,943,0.000904957952850241
XGBoost minus CART,944,0.007418785081608967
XGBoost minus CART,945,0.006402941021670827
XGBoost minus CART,946,0.009166270528684087
XGBoost minus CART,947,-0.004542106476495389
XGBoost minus CART,948,0.007425045611295353
XGBoost minus CART,949,0.019902231922965405
XGBoost minus CART,950,0.02245524269760986
XGBoost minus CART,951,0.013424286570776725
XGBoost minus CART,952,0.015931610663656323
XGBoost minus CART,953,0.006136770748922826
XGBoost minus CART,954,0.016421982182817624
XGBoost minus CART,955,0.022464057050923802
XGBoost minus CART,956,0.01879549475955823
XGBoost minus CART,957,0.005459307147616874
XGBoost minus CART,958,0.01099578948727832
XGBoost minus CART,959,0.014427738502872378
XGBoost minus CART,960,0.011380553743714897
XGBoost minus CART,961,0.02128994213848817
XGBoost minus CART,962,0.00167344057157056
XGBoost minus CART,963,0.0006129694002767194
XGBoost minus CART,964,0.007004316258872045
XGBoost minus CART,965,0.002219655505002624
XGBoost minus CART,966,0.009775598409628328
XGBoost minus CART,967,0.01051913352193054
XGBoost minus CART,968,0.0010959567971051687
XGBoost minus CART,969,0.014375950933586318
XGBoost minus CART,970,0.015594917072586797
XGBoost minus CART,971,0.012085776568529855
XGBoost minus CART,972,0.00899237953438764
XGBoost minus CART,973,0.008855038493613604
XGBoost minus CART,974,0.012388933008856268
XGBoost minus CART,975,0.0029237247675382855
XGBoost minus CART,976,0.006147142866450961
XGBoost minus CART,977,0.016819668710073343
XGBoost minus CART,978,-0.0010314920292947144
XGBoost minus CART,979,0.01073616558606827
XGBoost minus CART,980,0.02045991833297131
XGBoost minus CART,981,0.0033037344803103497
XGBoost minus CART,982,0.01676383476077461
XGBoost minus CART,983,0.008839364918989442
XGBoost minus CART,984,-0.0002875556856271194
XGBoost minus CART,985,0.0007379170496885357
XGBoost minus CART,986,0.010926415012482801
XGBoost minus CART,987,0.011201822168941764
XGBoost minus CART,988,0.007220894573162259
XGBoost minus CART,989,0.010328396921394534
XGBoost minus CART,990,0.015469586804495061
XGBoost minus CART,991,0.004921005765773166
XGBoost minus CART,992,0.014344994734668534
XGBoost minus CART,993,0.007593796582277962
XGBoost minus CART,994,0.0347498538665853
XGBoost minus CART,995,0.01541928663797193
XGBoost minus CART,996,0.012460246540412612
XGBoost minus CART,997,0.0056395557823852305
XGBoost minus CART,998,0.021380849344773828
XGBoost minus CART,999,0.011062734464102691
XGBoost minus CART,1000,0.024859991847522495
XGBoost minus CART,1001,0.003571668915353765
XGBoost minus CART,1002,0.0022939055239210165
XGBoost minus CART,1003,0.0033948282845698563
XGBoost minus CART,1004,0.002392981154590669
XGBoost minus CART,1005,0.011590659126643171
XGBoost minus CART,1006,0.0037153065744246344
XGBoost minus CART,1007,0.02766545192250383
XGBoost minus CART,1008,0.012488245752212898
XGBoost minus CART,1009,0.01612456052913963
XGBoost minus CART,1010,0.02010075987563946
XGBoost minus CART,1011,0.002617737547039145
XGBoost minus CART,1012,1.7920348604240355e-05
XGBoost minus CART,1013,0.01905031469415687
XGBoost minus CART,1014,0.004390571389564599
XGBoost minus CART,1015,0.008878733685939416
XGBoost minus CART,1016,0.009416960168576502
XGBoost minus CART,1017,0.015129121760661113
XGBoost minus CART,1018,0.018958573062812234
XGBoost minus CART,1019,0.011128674853612963
XGBoost minus CART,1020,0.014435669744935695
XGBoost minus CART,1021,0.005427218542889134
XGBoost minus CART,1022,0.022437858696232854
XGBoost minus CART,1023,-0.001917414256104026
XGBoost minus CART,1024,0.0036879131090466755
XGBoost minus CART,1025,0.005605793124063667
XGBoost minus CART,1026,0.007241957841932281
XGBoost minus CART,1027,0.014187647668298595
XGBoost minus CART,1028,0.008988548014604289
XGBoost minus CART,1029,0.003931116478865557
XGBoost minus CART,1030,-0.0035905467989470335
XGBoost minus CART,1031,0.038996494244841404
XGBoost minus CART,1032,0.015441159699731657
XGBoost minus CART,1033,0.024063061234607996
XGBoost minus CART,1034,0.01311237733728464
XGBoost minus CART,1035,0.004759528770344815
XGBoost minus CART,1036,0.00870155885865069
XGBoost minus CART,1037,0.00839898223212919
XGBoost minus CART,1038,0.001106407668603343
XGBoost minus CART,1039,0.002370709614425995
XGBoost minus CART,1040,-0.0006861318487011991
XGBoost minus CART,1041,0.0014500150651649696
XGBoost minus CART,1042,0.006795323145030799
XGBoost minus CART,1043,0.002772584162659991
XGBoost minus CART,1044,0.006983297015038525
XGBoost minus CART,1045,0.0026956494701686623
XGBoost minus CART,1046,0.01728313410896226
XGBoost minus CART,1047,0.012454964117945208
XGBoost minus CART,1048,-0.002241727349047651
XGBoost minus CART,1049,0.014976232150603841
XGBoost minus CART,1050,0.01203597726658008
XGBoost minus CART,1051,0.00021509426270942267
XGBoost minus CART,1052,0.021630242338099098
XGBoost minus CART,1053,0.016856693007741688
XGBoost minus CART,1054,0.008071285956756172
XGBoost minus CART,1055,0.01576632784978474
XGBoost minus CART,1056,0.014300807104084406
XGBoost minus CART,1057,0.0111078750428997
XGBoost minus CART,1058,0.006478732801909803
XGBoost minus CART,1059,0.020118554823268978
XGBoost minus CART,1060,0.02264502464596975
XGBoost minus CART,1061,0.011702541763344426
XGBoost minus CART,1062,0.008853893106852903
XGBoost minus CART,1063,0.005639384958386451
XGBoost minus CART,1064,0.002134335412983017
XGBoost minus CART,1065,0.007579847473200049
XGBoost minus CART,1066,0.0017119043766554223
XGBoost minus CART,1067,0.006985622526697446
XGBoost minus CART,1068,0.014879012115020587
XGBoost minus CART,1069,0.018242964902207476
XGBoost minus CART,1070,0.010567607367290649
XGBoost minus CART,1071,0.005638944325031897
XGBoost minus CART,1072,0.02432883129243163
XGBoost minus CART,1073,0.003902405357874672
XGBoost minus CART,1074,0.005370334678277827
XGBoost minus CART,1075,0.013806474134478358
XGBoost minus CART,1076,0.0007862153104779626
XGBoost minus CART,1077,0.015349986229272944
XGBoost minus CART,1078,0.02974930059625852
XGBoost minus CART,1079,0.012401601283833927
XGBoost minus CART,1080,0.021407010915879633
XGBoost minus CART,1081,0.006802346370300444
XGBoost minus CART,1082,0.0034875396910851314
XGBoost minus CART,1083,0.016131460446208945
XGBoost minus CART,1084,0.019047177930832826
XGBoost minus CART,1085,0.015144914652623631
XGBoost minus CART,1086,0.01586458538031442
XGBoost minus CART,1087,0.00530971179176646
XGBoost minus CART,1088,-0.0022553496539836557
XGBoost minus CART,1089,0.01646316838529241
XGBoost minus CART,1090,0.018264033215318415
XGBoost minus CART,1091,0.010215971732809914
XGBoost minus CART,1092,0.010855924039188641
XGBoost minus CART,1093,-0.0009426066607222255
XGBoost minus CART,1094,0.014082583573084645
XGBoost minus CART,1095,0.024092890108636952
XGBoost minus CART,1096,0.010935737516511765
XGBoost minus CART,1097,0.013857713308130015
XGBoost minus CART,1098,0.013543923812922104
XGBoost minus CART,1099,0.002223120364698586
XGBoost minus CART,1100,0.009288723801772106
XGBoost minus CART,1101,0.015220844801389383
XGBoost minus CART,1102,0.01142178282608411
XGBoost minus CART,1103,0.003501519185472167
XGBoost minus CART,1104,0.0067894588314028476
XGBoost minus CART,1105,0.00015989729129850527
XGBoost minus CART,1106,0.025895145717991522
XGBoost minus CART,1107,0.005659512284379095
XGBoost minus CART,1108,0.013769736610115407
XGBoost minus CART,1109,0.013068320446314938
XGBoost minus CART,1110,-0.0015722078199465056
XGBoost minus CART,1111,0.03142063159751787
XGBoost minus CART,1112,0.010006219606172512
XGBoost minus CART,1113,-0.0035149238613143424
XGBoost minus CART,1114,0.008216255203086012
XGBoost minus CART,1115,0.015813614335199663
XGBoost minus CART,1116,0.0117900761595372
XGBoost minus CART,1117,0.017372338944319582
XGBoost minus CART,1118,0.015808806570568795
XGBoost minus CART,1119,-0.000549518568354529
XGBoost minus CART,1120,0.016099676967642848
XGBoost minus CART,1121,0.01618474289008759
XGBoost minus CART,1122,0.02293615388901822
XGBoost minus CART,1123,-0.0025066415069404796
XGBoost minus CART,1124,0.007828432680635405
XGBoost minus CART,1125,0.003770755816105642
XGBoost minus CART,1126,0.010740202011265562
XGBoost minus CART,1127,0.006080817446872416
XGBoost minus CART,1128,0.012117275672256636
XGBoost minus CART,1129,0.003576837981826536
XGBoost minus CART,1130,0.017704186551363632
XGBoost minus CART,1131,0.017876163443333662
XGBoost minus CART,1132,0.013180291569122732
XGBoost minus CART,1133,0.022185945590276576
XGBoost minus CART,1134,0.010426699193060468
XGBoost minus CART,1135,0.00789776164089702
XGBoost minus CART,1136,0.0042428868969513756
XGBoost minus CART,1137,0.03519135071709405
XGBoost minus CART,1138,0.0062340145078973175
XGBoost minus CART,1139,0.010446601908413164
XGBoost minus CART,1140,0.01112764450119641
XGBoost minus CART,1141,0.013065180417262096
XGBoost minus CART,1142,0.007168176564771672
XGBoost minus CART,1143,-0.000469523683672729
XGBoost minus CART,1144,0.002125799827883898
XGBoost minus CART,1145,0.00646748545768952
XGBoost minus CART,1146,0.019976873951247365
XGBoost minus CART,1147,0.0187139459088536
XGBoost minus CART,1148,0.005381615933529427
XGBoost minus CART,1149,-0.0014866839748965827
XGBoost minus CART,1150,0.00024290683719523087
XGBoost minus CART,1151,0.0012525355097720015
XGBoost minus CART,1152,0.0027761856635855203
XGBoost minus CART,1153,0.015221677251827992
XGBoost minus CART,1154,0.018148242646369578
XGBoost minus CART,1155,-0.0013947884010200237
XGBoost minus CART,1156,0.0063995566716419094
XGBoost minus CART,1157,0.026701446711370203
XGBoost minus CART,1158,0.003766610634744802
XGBoost minus CART,1159,0.0063375525818122475
XGBoost minus CART,1160,0.013733809884778972
XGBoost minus CART,1161,0.0011504682456043858
XGBoost minus CART,1162,0.0076223147060695134
XGBoost minus CART,1163,0.0017077103390184117
XGBoost minus CART,1164,0.0045335521047389915
XGBoost minus CART,1165,0.007138511674679535
XGBoost minus CART,1166,0.02457038996923991
XGBoost minus CART,1167,0.0021710041580430273
XGBoost minus CART,1168,0.00022580429032825755
XGBoost minus CART,1169,0.002951076831640864
XGBoost minus CART,1170,0.003906455793737634
XGBoost minus CART,1171,0.01461366676953274
XGBoost minus CART,1172,0.010262878683497956
XGBoost minus CART,1173,0.008184605090016103
XGBoost minus CART,1174,-0.00024915491658496214
XGBoost minus CART,1175,-0.0003583553471387252
XGBoost minus CART,1176,0.02195960212309664
XGBoost minus CART,1177,0.010823944272689082
XGBoost minus CART,1178,0.010960147852520433
XGBoost minus CART,1179,0.014123293199597417
XGBoost minus CART,1180,0.005777036549878184
XGBoost minus CART,1181,0.00069281499098061
XGBoost minus CART,1182,0.010834278274299253
XGBoost minus CART,1183,0.009808418198018365
XGBoost minus CART,1184,0.02697006324384467
XGBoost minus CART,1185,0.005598748464830078
XGBoost minus CART,1186,0.00983977196782325
XGBoost minus CART,1187,0.0018578700776855084
XGBoost minus CART,1188,0.004072451388657812
XGBoost minus CART,1189,0.010541119619450826
XGBoost minus CART,1190,0.004729712897742794
XGBoost minus CART,1191,0.008358563330628857
XGBoost minus CART,1192,0.008029078656764777
XGBoost minus CART,1193,0.003921725737385411
XGBoost minus CART,1194,0.01833431220669135
XGBoost minus CART,1195,0.01374761758794768
XGBoost minus CART,1196,0.010150833117152133
XGBoost minus CART,1197,0.0036658792342691426
XGBoost minus CART,1198,0.019352856478720384
XGBoost minus CART,1199,0.003984133634956005
XGBoost minus CART,1200,0.01030992028543598
XGBoost minus CART,1201,0.008992973547948105
XGBoost minus CART,1202,0.018862347517364805
XGBoost minus CART,1203,0.010468369763428714
XGBoost minus CART,1204,0.00882552457199981
XGBoost minus CART,1205,0.0030088952463394186
XGBoost minus CART,1206,0.00913279857584709
XGBoost minus CART,1207,-0.0023739759880015143
XGBoost minus CART,1208,0.008948270597560551
XGBoost minus CART,1209,0.019093132572404387
XGBoost minus CART,1210,0.025985814780731614
XGBoost minus CART,1211,0.0016310631954011418
XGBoost minus CART,1212,0.022332166121359298
XGBoost minus CART,1213,0.010117891513671193
XGBoost minus CART,1214,0.01308963006202532
XGBoost minus CART,1215,0.005201695216696389
XGBoost minus CART,1216,0.027348749595361654
XGBoost minus CART,1217,0.020102486326204233
XGBoost minus CART,1218,0.01774626714691932
XGBoost minus CART,1219,0.0051174492100095476
XGBoost minus CART,1220,0.01595317163350926
XGBoost minus CART,1221,0.02187481910596334
XGBoost minus CART,1222,0.011729421140441204
XGBoost minus CART,1223,0.0012984514776150785
XGBoost minus CART,1224,0.01192780291693997
XGBoost minus CART,1225,0.007290853983603324
XGBoost minus CART,1226,0.008622801325280649
XGBoost minus CART,1227,0.012709593160769986
XGBoost minus CART,1228,0.013604847088861727
XGBoost minus CART,1229,0.02188723661060067
XGBoost minus CART,1230,0.0015552423523123027
XGBoost minus CART,1231,0.01501249508188865
XGBoost minus CART,1232,-0.0008241498655669338
XGBoost minus CART,1233,0.013900222999078005
XGBoost minus CART,1234,0.0024314052408989095
XGBoost minus CART,1235,0.020208548803729603
XGBoost minus CART,1236,-0.0032853885637556535
XGBoost minus CART,1237,0.02044657005529714
XGBoost minus CART,1238,0.006028119861733822
XGBoost minus CART,1239,0.0036542429277783284
XGBoost minus CART,1240,0.0099593287592835
XGBoost minus CART,1241,0.0034179491397763884
XGBoost minus CART,1242,0.0018504657986362916
XGBoost minus CART,1243,0.013198849435854337
XGBoost minus CART,1244,0.008118242001334222
XGBoost minus CART,1245,0.0005438987727294925
XGBoost minus CART,1246,0.005807467791861615
XGBoost minus CART,1247,0.013503663098470148
XGBoost minus CART,1248,0.0040735373867174796
XGBoost minus CART,1249,0.02239359403972649
XGBoost minus CART,1250,0.01891303265521302
XGBoost minus CART,1251,0.0010893972248535583
XGBoost minus CART,1252,-0.00016882160439497806
XGBoost minus CART,1253,0.020554385853000887
XGBoost minus CART,1254,0.019085577704912454
XGBoost minus CART,1255,0.01956792048207387
XGBoost minus CART,1256,0.003500308569609832
XGBoost minus CART,1257,0.0024535534645967194
XGBoost minus CART,1258,0.015418433962840788
XGBoost minus CART,1259,0.0137989631205407
XGBoost minus CART,1260,0.008473018134406984
XGBoost minus CART,1261,0.0038546490967907437
XGBoost minus CART,1262,0.01269053983007068
XGBoost minus CART,1263,0.006407248441890168
XGBoost minus CART,1264,0.0063529274895987725
XGBoost minus CART,1265,0.013535111043761358
XGBoost minus CART,1266,-0.0016765766266964993
XGBoost minus CART,1267,0.017152039274460212
XGBoost minus CART,1268,-0.0014931638522444751
XGBoost minus CART,1269,0.0008266071398843333
XGBoost minus CART,1270,0.005635223998238056
XGBoost minus CART,1271,0.0027170516598471195
XGBoost minus CART,1272,0.016658063325207584
XGBoost minus CART,1273,0.013240953445927683
XGBoost minus CART,1274,0.011963610516438086
XGBoost minus CART,1275,0.003250906348460078
XGBoost minus CART,1276,0.01290026152277382
XGBoost minus CART,1277,0.010276679337405281
XGBoost minus CART,1278,-0.0042265706323728475
XGBoost minus CART,1279,0.020393066901506357
XGBoost minus CART,1280,0.01608417773761464
XGBoost minus CART,1281,0.003893546754095603
XGBoost minus CART,1282,0.015924880038995587
XGBoost minus CART,1283,0.004489023167119827
XGBoost minus CART,1284,0.020794895486228163
XGBoost minus CART,1285,0.00289839675721007
XGBoost minus CART,1286,0.014903051411739102
XGBoost minus CART,1287,0.0037335394763397256
XGBoost minus CART,1288,0.0020203597278123306
XGBoost minus CART,1289,0.013514751246038181
XGBoost minus CART,1290,-0.0035497442921454472
XGBoost minus CART,1291,0.009286676290205353
XGBoost minus CART,1292,0.019892019392256197
XGBoost minus CART,1293,0.026452876276858633
XGBoost minus CART,1294,-0.0004578759668247834
XGBoost minus CART,1295,0.000608526325420071
XGBoost minus CART,1296,0.01414193097508007
XGBoost minus CART,1297,0.008628148603871288
XGBoost minus CART,1298,0.0077764758372596415
XGBoost minus CART,1299,0.011888708688166327
XGBoost minus CART,1300,0.0065754864155613685
XGBoost minus CART,1301,0.007550198917630188
XGBoost minus CART,1302,0.021369743702244842
XGBoost minus CART,1303,0.011294178342525704
XGBoost minus CART,1304,0.010224182495659706
XGBoost minus CART,1305,-0.0001883640460296765
XGBoost minus CART,1306,0.005736954120530352
XGBoost minus CART,1307,0.006837798400124925
XGBoost minus CART,1308,0.006341050456259115
XGBoost minus CART,1309,-0.002705821419288032
XGBoost minus CART,1310,0.011286075084816105
XGBoost minus CART,1311,0.00021289098436557546
XGBoost minus CART,1312,0.009945819269575246
XGBoost minus CART,1313,0.013536782851160417
XGBoost minus CART,1314,-0.003039895067912732
XGBoost minus CART,1315,0.010053522514674076
XGBoost minus CART,1316,0.00862339225792462
XGBoost minus CART,1317,0.020800151046195606
XGBoost minus CART,1318,0.0068899944035472754
XGBoost minus CART,1319,0.019901801343110828
XGBoost minus CART,1320,0.007837309656823
XGBoost minus CART,1321,0.01660460443206492
XGBoost minus CART,1322,0.009290591542893134
XGBoost minus CART,1323,0.010493865786384796
XGBoost minus CART,1324,0.014626588710566518
XGBoost minus CART,1325,-0.000684901641367891
XGBoost minus CART,1326,0.014522694149335644
XGBoost minus CART,1327,0.0023909373279437235
XGBoost minus CART,1328,0.008866017137700383
XGBoost minus CART,1329,0.01568470832625525
XGBoost minus CART,1330,0.006004484456287373
XGBoost minus CART,1331,0.01969026376666612
XGBoost minus CART,1332,0.002931957993085696
XGBoost minus CART,1333,0.003528282041811548
XGBoost minus CART,1334,0.011142785672165659
XGBoost minus CART,1335,0.009631067865500276
XGBoost minus CART,1336,0.019011986391115385
XGBoost minus CART,1337,0.004500550878824755
XGBoost minus CART,1338,0.005502349390832745
XGBoost minus CART,1339,0.00534777134265807
XGBoost minus CART,1340,0.007895689136244902
XGBoost minus CART,1341,0.029263853506606957
XGBoost minus CART,1342,0.012097427055983268
XGBoost minus CART,1343,0.013525429144629453
XGBoost minus CART,1344,0.007216246490945405
XGBoost minus CART,1345,0.013385448137533729
XGBoost minus CART,1346,0.004474787884554576
XGBoost minus CART,1347,0.014733149139552537
XGBoost minus CART,1348,0.021163876203471252
XGBoost minus CART,1349,-0.0013698977032511328
XGBoost minus CART,1350,0.016496206551299936
XGBoost minus CART,1351,0.012233283476938209
XGBoost minus CART,1352,0.013187342313226769
XGBoost minus CART,1353,0.011809654501438366
XGBoost minus CART,1354,0.005614757339585413
XGBoost minus CART,1355,0.023028112785671767
XGBoost minus CART,1356,0.0033021690561322453
XGBoost minus CART,1357,0.011576285559734362
XGBoost minus CART,1358,0.004067826226221247
XGBoost minus CART,1359,0.007560087795901518
XGBoost minus CART,1360,0.004511840253616423
XGBoost minus CART,1361,0.01985451997000684
XGBoost minus CART,1362,0.002341173757146535
XGBoost minus CART,1363,0.018102164102119525
XGBoost minus CART,1364,0.004413416989682728
XGBoost minus CART,1365,0.026031385209363503
XGBoost minus CART,1366,0.003668249745018254
XGBoost minus CART,1367,0.006748686582926683
XGBoost minus CART,1368,0.013115733688770698
XGBoost minus CART,1369,0.01812380025255833
XGBoost minus CART,1370,0.020004314580885307
XGBoost minus CART,1371,0.014608935474891782
XGBoost minus CART,1372,0.011219683552900234
XGBoost minus CART,1373,0.013090437219476087
XGBoost minus CART,1374,0.01492499735334965
XGBoost minus CART,1375,0.01873520996358327
XGBoost minus CART,1376,0.011998003152409759
XGBoost minus CART,1377,0.0021617310455437216
XGBoost minus CART,1378,0.00545702178622183
XGBoost minus CART,1379,0.006997668937030951
XGBoost minus CART,1380,0.005372227092549281
XGBoost minus CART,1381,0.01148202076011473
XGBoost minus CART,1382,0.013957301430646496
XGBoost minus CART,1383,0.01577060636761525
XGBoost minus CART,1384,0.014254601258167632
XGBoost minus CART,1385,0.0061436052891103154
XGBoost minus CART,1386,0.015071353078064648
XGBoost minus CART,1387,0.01301191862057674
XGBoost minus CART,1388,0.014756599127812894
XGBoost minus CART,1389,0.004255563212896246
XGBoost minus CART,1390,0.0024686107520649203
XGBoost minus CART,1391,0.005768991949295144
XGBoost minus CART,1392,0.004476836316482075
XGBoost minus CART,1393,0.0027696984080101406
XGBoost minus CART,1394,0.01239437443726174
XGBoost minus CART,1395,0.017845562749319713
XGBoost minus CART,1396,0.008058245973853816
XGBoost minus CART,1397,0.026724264195635034
XGBoost minus CART,1398,0.016464536807987498
XGBoost minus CART,1399,-0.00032773100478696027
XGBoost minus CART,1400,0.001781984710401488
XGBoost minus CART,1401,0.012694765176922806
XGBoost minus CART,1402,0.01132448452971073
XGBoost minus CART,1403,0.0027171900878755623
XGBoost minus CART,1404,0.007433867692118068
XGBoost minus CART,1405,0.005066766452080734
XGBoost minus CART,1406,-0.0012552279655359266
XGBoost minus CART,1407,0.018197764626107588
XGBoost minus CART,1408,0.0031893346061457467
XGBoost minus CART,1409,-0.0013974871511679768
XGBoost minus CART,1410,0.004634653431409799
XGBoost minus CART,1411,0.005502527100232649
XGBoost minus CART,1412,0.0012791439873646032
XGBoost minus CART,1413,0.017545337184724674
XGBoost minus CART,1414,0.010138748083333121
XGBoost minus CART,1415,0.004202726755568514
XGBoost minus CART,1416,0.008653889227284106
XGBoost minus CART,1417,0.019035965043168512
XGBoost minus CART,1418,0.003652285440521763
XGBoost minus CART,1419,-0.0022292722421826464
XGBoost minus CART,1420,0.004232080201823911
XGBoost minus CART,1421,0.0032999420071818802
XGBoost minus CART,1422,0.005331840357016865
XGBoost minus CART,1423,0.008238336452250389
XGBoost minus CART,1424,0.017021952492144596
XGBoost minus CART,1425,0.002316740093488201
XGBoost minus CART,1426,0.0034370221407088383
XGBoost minus CART,1427,0.016671280854600887
XGBoost minus CART,1428,0.017351028460352053
XGBoost minus CART,1429,0.012243190852357894
XGBoost minus CART,1430,0.010453217621829436
XGBoost minus CART,1431,0.02138307293113921
XGBoost minus CART,1432,0.004235262775571305
XGBoost minus CART,1433,0.011958201567470933
XGBoost minus CART,1434,0.012581793084745593
XGBoost minus CART,1435,0.009625937970653003
XGBoost minus CART,1436,-0.0026800337110547343
XGBoost minus CART,1437,0.002781761365520871
XGBoost minus CART,1438,0.014709439907498734
XGBoost minus CART,1439,0.02680221028336964
XGBoost minus CART,1440,0.028660673616704047
XGBoost minus CART,1441,0.013078016899185335
XGBoost minus CART,1442,0.012848607087755912
XGBoost minus CART,1443,0.013620150901064304
XGBoost minus CART,1444,0.020059307762487988
XGBoost minus CART,1445,0.009682308904347903
XGBoost minus CART,1446,0.004571761967419291
XGBoost minus CART,1447,0.02672902562111809
XGBoost minus CART,1448,0.002133761856274022
XGBoost minus CART,1449,0.004373393344834359
XGBoost minus CART,1450,0.009089367365496023
XGBoost minus CART,1451,0.01500307504777254
XGBoost minus CART,1452,0.024079665820961743
XGBoost minus CART,1453,0.0001904604761813894
XGBoost minus CART,1454,0.019206235428701868
XGBoost minus CART,1455,0.008708528287628123
XGBoost minus CART,1456,0.021071333313493333
XGBoost minus CART,1457,0.015872291494793425
XGBoost minus CART,1458,0.01048005022948674
XGBoost minus CART,1459,0.01975566337159479
XGBoost minus CART,1460,0.0013180147221945743
XGBoost minus CART,1461,0.020157763287490596
XGBoost minus CART,1462,0.02345839748409516
XGBoost minus CART,1463,0.006719706192659811
XGBoost minus CART,1464,0.007190582858063635
XGBoost minus CART,1465,0.012860869914359946
XGBoost minus CART,1466,0.00021063737926499404
XGBoost minus CART,1467,0.005852306660870249
XGBoost minus CART,1468,0.0024559136027871437
XGBoost minus CART,1469,0.012139939080460974
XGBoost minus CART,1470,0.0006091970392090862
XGBoost minus CART,1471,0.02890016833981862
XGBoost minus CART,1472,0.005404178861225961
XGBoost minus CART,1473,0.011766246364446065
XGBoost minus CART,1474,0.012364651773978302
XGBoost minus CART,1475,0.006485851557358785
XGBoost minus CART,1476,0.018706244016865825
XGBoost minus CART,1477,0.012301175013781793
XGBoost minus CART,1478,0.006464135742499273
XGBoost minus CART,1479,0.00761048081034732
XGBoost minus CART,1480,0.0051671423092826685
XGBoost minus CART,1481,0.01812531342479423
XGBoost minus CART,1482,-0.001622782952843918
XGBoost minus CART,1483,0.011191858193453266
XGBoost minus CART,1484,0.010959862253734451
XGBoost minus CART,1485,0.004448182532935274
XGBoost minus CART,1486,0.00300189310702903
XGBoost minus CART,1487,0.018281827463028158
XGBoost minus CART,1488,0.009255846810633503
XGBoost minus CART,1489,0.022072583382678007
XGBoost minus CART,1490,0.02224890091693324
XGBoost minus CART,1491,0.012997122973822071
XGBoost minus CART,1492,0.02892573844501517
XGBoost minus CART,1493,0.01276427496066379
XGBoost minus CART,1494,0.015416568223396349
XGBoost minus CART,1495,0.023347948627906373
XGBoost minus CART,1496,0.009413524117503652
XGBoost minus CART,1497,0.0010019896913289403
XGBoost minus CART,1498,0.015056963181976829
XGBoost minus CART,1499,0.010546158122100954
XGBoost minus CART,1500,0.020235153333006656
XGBoost minus CART,1501,0.006119721400125143
XGBoost minus CART,1502,0.006862085358354281
XGBoost minus CART,1503,0.0046902808231301385
XGBoost minus CART,1504,-0.0018751063344108754
XGBoost minus CART,1505,0.014299586872105113
XGBoost minus CART,1506,-0.0005183342654632578
XGBoost minus CART,1507,0.011475307953124805
XGBoost minus CART,1508,0.0006794118746719924
XGBoost minus CART,1509,0.003652426113665813
XGBoost minus CART,1510,0.00217436307608173
XGBoost minus CART,1511,0.009958372899486242
XGBoost minus CART,1512,0.00996810338597233
XGBoost minus CART,1513,0.008463833494932578
XGBoost minus CART,1514,0.006439791743719336
XGBoost minus CART,1515,0.0060290008703017955
XGBoost minus CART,1516,0.013684238647171235
XGBoost minus CART,1517,0.0030308279052048692
XGBoost minus CART,1518,0.005085163796347381
XGBoost minus CART,1519,0.0019663185669655803
XGBoost minus CART,1520,0.004288866751398092
XGBoost minus CART,1521,0.00565427049028093
XGBoost minus CART,1522,0.0007055437026031036
XGBoost minus CART,1523,0.005088261946916445
XGBoost minus CART,1524,0.00685383975484577
XGBoost minus CART,1525,0.002451115477581589
XGBoost minus CART,1526,0.009279532742251281
XGBoost minus CART,1527,-9.623524245588183e-05
XGBoost minus CART,1528,0.012968861785333435
XGBoost minus CART,1529,0.01432181160806903
XGBoost minus CART,1530,0.017824025273164137
XGBoost minus CART,1531,0.023761957000923442
XGBoost minus CART,1532,0.008832375542558848
XGBoost minus CART,1533,0.005755967768706044
XGBoost minus CART,1534,0.003607346203297321
XGBoost minus CART,1535,0.00887111588792705
XGBoost minus CART,1536,0.020289417573628815
XGBoost minus CART,1537,0.022843480824282586
XGBoost minus CART,1538,0.02728977942039093
XGBoost minus CART,1539,0.012843964618992773
XGBoost minus CART,1540,0.005069921329127161
XGBoost minus CART,1541,0.01812625056718002
XGBoost minus CART,1542,0.005630445125021796
XGBoost minus CART,1543,0.01364562851200142
XGBoost minus CART,1544,0.009131899420246753
XGBoost minus CART,1545,0.015941751048806962
XGBoost minus CART,1546,0.012694579230933895
XGBoost minus CART,1547,0.0030388925677480583
XGBoost minus CART,1548,0.007823781440317396
XGBoost minus CART,1549,0.010708252021237347
XGBoost minus CART,1550,0.008142645265153
XGBoost minus CART,1551,0.010392516447089425
XGBoost minus CART,1552,0.006217393406463628
XGBoost minus CART,1553,0.011893608605132625
XGBoost minus CART,1554,0.025246785750728154
XGBoost minus CART,1555,0.0015048103067294982
XGBoost minus CART,1556,0.013571338171851272
XGBoost minus CART,1557,0.0016545239043329121
XGBoost minus CART,1558,0.0032693572393327347
XGBoost minus CART,1559,0.010169789676243456
XGBoost minus CART,1560,0.007425218518247942
XGBoost minus CART,1561,0.022074746607607096
XGBoost minus CART,1562,0.028010909989592797
XGBoost minus CART,1563,0.023079499675533965
XGBoost minus CART,1564,-0.000747721018043393
XGBoost minus CART,1565,0.004040935714722714
XGBoost minus CART,1566,0.01658754101037016
XGBoost minus CART,1567,0.000285365497195704
XGBoost minus CART,1568,0.006991730142421326
XGBoost minus CART,1569,0.022385336244629836
XGBoost minus CART,1570,0.012052906435337948
XGBoost minus CART,1571,0.004707411422961334
XGBoost minus CART,1572,0.006355332137509606
XGBoost minus CART,1573,0.004855757649015344
XGBoost minus CART,1574,0.016531046632721536
XGBoost minus CART,1575,0.008082651123936954
XGBoost minus CART,1576,0.0065527362649140525
XGBoost minus CART,1577,0.009126223409658185
XGBoost minus CART,1578,0.0025908448002406326
XGBoost minus CART,1579,0.016125527458557276
XGBoost minus CART,1580,0.024474609320348978
XGBoost minus CART,1581,0.02115854402238987
XGBoost minus CART,1582,0.0021050537674491415
XGBoost minus CART,1583,0.005842281032403876
XGBoost minus CART,1584,0.011678990445053272
XGBoost minus CART,1585,0.02096937317069296
XGBoost minus CART,1586,-6.528281851984896e-05
XGBoost minus CART,1587,0.008473538654032012
XGBoost minus CART,1588,0.010378305723174053
XGBoost minus CART,1589,0.02092450558943397
XGBoost minus CART,1590,0.011743105247290234
XGBoost minus CART,1591,0.020406931949203636
XGBoost minus CART,1592,0.004938733884803648
XGBoost minus CART,1593,0.012312300617196292
XGBoost minus CART,1594,0.014657213893103635
XGBoost minus CART,1595,0.006608603459924256
XGBoost minus CART,1596,0.015582776831574788
XGBoost minus CART,1597,-0.0018110611166814589
XGBoost minus CART,1598,0.003327041657920242
XGBoost minus CART,1599,-0.0016614443369159515
XGBoost minus CART,1600,0.0016858082104406202
XGBoost minus CART,1601,0.010428936888316823
XGBoost minus CART,1602,0.004095233252904104
XGBoost minus CART,1603,0.009172015915206916
XGBoost minus CART,1604,0.01148917211536056
XGBoost minus CART,1605,0.006593948496666398
XGBoost minus CART,1606,0.002001872468587698
XGBoost minus CART,1607,0.015477566160367454
XGBoost minus CART,1608,0.01184278752757112
XGBoost minus CART,1609,0.002425170901371544
XGBoost minus CART,1610,0.015121251161764965
XGBoost minus CART,1611,0.003712747124036901
XGBoost minus CART,1612,0.00555408236947369
XGBoost minus CART,1613,0.004690968883116493
XGBoost minus CART,1614,0.005020118360748588
XGBoost minus CART,1615,0.004287721602730221
XGBoost minus CART,1616,0.01260301406284381
XGBoost minus CART,1617,0.008439084019755697
XGBoost minus CART,1618,0.0031856982796553135
XGBoost minus CART,1619,0.006489441734911866
XGBoost minus CART,1620,0.026413190532976014
XGBoost minus CART,1621,-0.0021976059142660986
XGBoost minus CART,1622,0.01015056546819422
XGBoost minus CART,1623,0.011537989279747418
XGBoost minus CART,1624,0.013708550439150022
XGBoost minus CART,1625,0.004859955784124292
XGBoost minus CART,1626,0.01010805863111025
XGBoost minus CART,1627,0.0010364648308869573
XGBoost minus CART,1628,0.014648253350961107
XGBoost minus CART,1629,0.018574826669282105
XGBoost minus CART,1630,0.015713426684119278
XGBoost minus CART,1631,0.021427073383984946
XGBoost minus CART,1632,0.0027426209662037085
XGBoost minus CART,1633,0.011864659920120008
XGBoost minus CART,1634,0.006368543470498672
XGBoost minus CART,1635,0.001481942978402935
XGBoost minus CART,1636,0.026045549687529423
XGBoost minus CART,1637,0.020370726273019987
XGBoost minus CART,1638,0.007829554614815437
XGBoost minus CART,1639,0.0028450467864866713
XGBoost minus CART,1640,0.012905134866251097
XGBoost minus CART,1641,0.012737652909015504
XGBoost minus CART,1642,0.006343176773874998
XGBoost minus CART,1643,0.015117235428392328
XGBoost minus CART,1644,0.0004403561095665115
XGBoost minus CART,1645,0.01986274688848101
XGBoost minus CART,1646,0.026293174995430782
XGBoost minus CART,1647,0.012656958018091136
XGBoost minus CART,1648,0.0023619812527284345
XGBoost minus CART,1649,-0.0012208563997482824
XGBoost minus CART,1650,0.0011207643632981101
XGBoost minus CART,1651,0.015910975402407546
XGBoost minus CART,1652,0.011153384949647363
XGBoost minus CART,1653,0.0053607690866139535
XGBoost minus CART,1654,0.010699614125654983
XGBoost minus CART,1655,-0.005493745861762767
XGBoost minus CART,1656,0.01576613816741128
XGBoost minus CART,1657,0.006405745503756499
XGBoost minus CART,1658,0.00735258289857188
XGBoost minus CART,1659,0.025023230327626073
XGBoost minus CART,1660,-0.002002872472986944
XGBoost minus CART,1661,0.0040960003714339555
XGBoost minus CART,1662,-0.0010216064528603894
XGBoost minus CART,1663,0.00646744162102178
XGBoost minus CART,1664,0.01076139500839901
XGBoost minus CART,1665,0.030928004760299
XGBoost minus CART,1666,0.0169823004346584
XGBoost minus CART,1667,0.0038669734042305684
XGBoost minus CART,1668,0.0010724247721595331
XGBoost minus CART,1669,-0.004960407397689437
XGBoost minus CART,1670,0.010272431000482335
XGBoost minus CART,1671,0.015152392756998645
XGBoost minus CART,1672,0.010480765036219239
XGBoost minus CART,1673,0.014773248841074837
XGBoost minus CART,1674,0.013489704754669873
XGBoost minus CART,1675,0.004692250959383706
XGBoost minus CART,1676,0.016360745212409683
XGBoost minus CART,1677,0.007447510921653841
XGBoost minus CART,1678,0.0038615443176882314
XGBoost minus CART,1679,0.005363550787566743
XGBoost minus CART,1680,0.017145391752776573
XGBoost minus CART,1681,0.005010259537511802
XGBoost minus CART,1682,0.0031307017373280316
XGBoost minus CART,1683,0.006488643394411173
XGBoost minus CART,1684,0.017306409447533186
XGBoost minus CART,1685,0.004212694193279215
XGBoost minus CART,1686,0.012983106452933393
XGBoost minus CART,1687,0.0048886339497714315
XGBoost minus CART,1688,0.006367106019000909
XGBoost minus CART,1689,0.004246503686342329
XGBoost minus CART,1690,0.009524807512480457
XGBoost minus CART,1691,0.0005293527094752254
XGBoost minus CART,1692,0.010373153862661882
XGBoost minus CART,1693,0.009612104214618944
XGBoost minus CART,1694,0.014652289940111848
XGBoost minus CART,1695,0.004726238623321166
XGBoost minus CART,1696,0.012171859685953357
XGBoost minus CART,1697,0.01675697175345478
XGBoost minus CART,1698,0.0021914024004563576
XGBoost minus CART,1699,0.001355274077111862
XGBoost minus CART,1700,0.005684588924110265
XGBoost minus CART,1701,0.025939973698827806
XGBoost minus CART,1702,0.016006423010695284
XGBoost minus CART,1703,0.009317374014882557
XGBoost minus CART,1704,0.0009631697732795375
XGBoost minus CART,1705,0.014818686464099659
XGBoost minus CART,1706,0.012231211289480404
XGBoost minus CART,1707,0.012500036100649689
XGBoost minus CART,1708,0.004235481118802328
XGBoost minus CART,1709,0.002550881981709427
XGBoost minus CART,1710,0.001430953413652021
XGBoost minus CART,1711,0.010886233755877252
XGBoost minus CART,1712,0.004754889961911299
XGBoost minus CART,1713,0.019790099773114384
XGBoost minus CART,1714,-0.0013687578044950452
XGBoost minus CART,1715,0.01476547022587793
XGBoost minus CART,1716,0.01858052482845858
XGBoost minus CART,1717,0.010158185336414355
XGBoost minus CART,1718,0.011654289112487962
XGBoost minus CART,1719,0.008118243858443674
XGBoost minus CART,1720,0.004477999213068129
XGBoost minus CART,1721,0.014154259011828749
XGBoost minus CART,1722,0.015659954365575532
XGBoost minus CART,1723,0.0019361239519865986
XGBoost minus CART,1724,0.026823514067176354
XGBoost minus CART,1725,0.024267527071182904
XGBoost minus CART,1726,0.001700762701576708
XGBoost minus CART,1727,0.027580035060123256
XGBoost minus CART,1728,0.002194323695584366
XGBoost minus CART,1729,0.008478239134218454
XGBoost minus CART,1730,0.0033435150847533346
XGBoost minus CART,1731,0.011435580490270603
XGBoost minus CART,1732,0.015012112753522697
XGBoost minus CART,1733,0.0062737107242528956
XGBoost minus CART,1734,0.004418605090494229
XGBoost minus CART,1735,0.002362087192415735
XGBoost minus CART,1736,0.005110949779643409
XGBoost minus CART,1737,0.010143840207956237
XGBoost minus CART,1738,0.013558591512288276
XGBoost minus CART,1739,0.0036572085903733634
XGBoost minus CART,1740,0.004533338951712637
XGBoost minus CART,1741,0.003986825165895595
XGBoost minus CART,1742,0.020313123997929672
XGBoost minus CART,1743,0.007783611714506672
XGBoost minus CART,1744,0.021212419381083508
XGBoost minus CART,1745,-0.0010329437811012893
XGBoost minus CART,1746,0.019004170601911397
XGBoost minus CART,1747,0.020555359225029532
XGBoost minus CART,1748,0.0016833552644243827
XGBoost minus CART,1749,0.01623414071864613
XGBoost minus CART,1750,0.013291605365248399
XGBoost minus CART,1751,-0.004833967377996115
XGBoost minus CART,1752,0.012472978990247838
XGBoost minus CART,1753,0.03805680291588913
XGBoost minus CART,1754,0.011149383384805894
XGBoost minus CART,1755,0.016449335859630834
XGBoost minus CART,1756,0.007055226917636645
XGBoost minus CART,1757,0.011093873009365346
XGBoost minus CART,1758,0.007351747693005367
XGBoost minus CART,1759,0.013728443436822335
XGBoost minus CART,1760,0.004347603283570506
XGBoost minus CART,1761,-0.000578914383975504
XGBoost minus CART,1762,0.015104014844286834
XGBoost minus CART,1763,0.0027176488304119784
XGBoost minus CART,1764,0.010826073790078591
XGBoost minus CART,1765,-0.0014164957552752766
XGBoost minus CART,1766,0.008429516625747285
XGBoost minus CART,1767,0.0024143467551951125
XGBoost minus CART,1768,0.0024372464674481606
XGBoost minus CART,1769,0.002874534259716885
XGBoost minus CART,1770,0.012077502876068485
XGBoost minus CART,1771,0.010704294105417428
XGBoost minus CART,1772,0.02165721476245444
XGBoost minus CART,1773,-0.0016739235225538829
XGBoost minus CART,1774,0.011490402606930149
XGBoost minus CART,1775,0.008114426999423607
XGBoost minus CART,1776,0.006167901034465004
XGBoost minus CART,1777,0.009709841707327568
XGBoost minus CART,1778,0.017929027602930525
XGBoost minus CART,1779,-0.002313356674800253
XGBoost minus CART,1780,0.021964166168258886
XGBoost minus CART,1781,0.0037008115196734137
XGBoost minus CART,1782,0.01841398951421956
XGBoost minus CART,1783,0.008312110513248261
XGBoost minus CART,1784,0.00842082626568956
XGBoost minus CART,1785,0.004051977588347244
XGBoost minus CART,1786,0.003844931575867072
XGBoost minus CART,1787,0.0011646971744305457
XGBoost minus CART,1788,0.008084427510918368
XGBoost minus CART,1789,0.0065581843270566265
XGBoost minus CART,1790,0.00887885365316933
XGBoost minus CART,1791,0.005365006861653393
XGBoost minus CART,1792,0.012409569759251449
XGBoost minus CART,1793,0.02871791416822078
XGBoost minus CART,1794,0.0017627085513945706
XGBoost minus CART,1795,0.011646461550893702
XGBoost minus CART,1796,0.003441855710285803
XGBoost minus CART,1797,0.008786967598957682
XGBoost minus CART,1798,0.006809853092818521
XGBoost minus CART,1799,0.006928480589029784
XGBoost minus CART,1800,0.007317756276526685
XGBoost minus CART,1801,0.007977847636259139
XGBoost minus CART,1802,0.015168574949187552
XGBoost minus CART,1803,-0.00026706569669812663
XGBoost minus CART,1804,0.0014713840044510845
XGBoost minus CART,1805,0.0037315154230717906
XGBoost minus CART,1806,0.008456966242651798
XGBoost minus CART,1807,0.003544462050845812
XGBoost minus CART,1808,0.007723076822505198
XGBoost minus CART,1809,-0.002645450790537948
XGBoost minus CART,1810,0.02783563060320994
XGBoost minus CART,1811,0.01090595553840823
XGBoost minus CART,1812,0.0039885447980857885
XGBoost minus CART,1813,0.0030687623539048248
XGBoost minus CART,1814,0.004002838935195138
XGBoost minus CART,1815,0.014819430094393099
XGBoost minus CART,1816,0.007384583127656524
XGBoost minus CART,1817,0.017513484841905555
XGBoost minus CART,1818,0.014584713517832096
XGBoost minus CART,1819,0.013051342022757137
XGBoost minus CART,1820,0.0033170665378164307
XGBoost minus CART,1821,0.004758577228758047
XGBoost minus CART,1822,0.0036753174494154883
XGBoost minus CART,1823,0.0026250784602167634
XGBoost minus CART,1824,0.012526696633496454
XGBoost minus CART,1825,0.013112782002600382
XGBoost minus CART,1826,0.013088381877228522
XGBoost minus CART,1827,0.015165245785686274
XGBoost minus CART,1828,0.009365792341599913
XGBoost minus CART,1829,0.00984441769967255
XGBoost minus CART,1830,0.01112802514687189
XGBoost minus CART,1831,0.012539735401328717
XGBoost minus CART,1832,0.01740099127737152
XGBoost minus CART,1833,0.016607956923427633
XGBoost minus CART,1834,0.014836054653206074
XGBoost minus CART,1835,0.005280851962664354
XGBoost minus CART,1836,0.022640169696290804
XGBoost minus CART,1837,0.013304539843657162
XGBoost minus CART,1838,0.0017530658128549759
XGBoost minus CART,1839,0.007471385622187771
XGBoost minus CART,1840,0.009977063054806293
XGBoost minus CART,1841,0.0022629324084437463
XGBoost minus CART,1842,0.008663005715347595
XGBoost minus CART,1843,0.005224448858182587
XGBoost minus CART,1844,0.001166239595612989
XGBoost minus CART,1845,0.0033331057410655243
XGBoost minus CART,1846,0.011654042983220425
XGBoost minus CART,1847,0.00724580837366591
XGBoost minus CART,1848,-0.0005294896387957743
XGBoost minus CART,1849,0.0069639123154891375
XGBoost minus CART,1850,0.005614382277684168
XGBoost minus CART,1851,0.004050958340237457
XGBoost minus CART,1852,0.023430474354348363
XGBoost minus CART,1853,0.01855786980070788
XGBoost minus CART,1854,0.012554349227626244
XGBoost minus CART,1855,0.00549328133119209
XGBoost minus CART,1856,0.012074436800453989
XGBoost minus CART,1857,0.011752168180767741
XGBoost minus CART,1858,0.002624088869020186
XGBoost minus CART,1859,0.0027902642097729774
XGBoost minus CART,1860,0.015472341078036883
XGBoost minus CART,1861,0.007469272829664045
XGBoost minus CART,1862,0.009479167851878786
XGBoost minus CART,1863,-0.0003707888364688633
XGBoost minus CART,1864,0.005490328005376091
XGBoost minus CART,1865,0.020584746331961834
XGBoost minus CART,1866,0.0022744729655489876
XGBoost minus CART,1867,0.006439040067959617
XGBoost minus CART,1868,0.008314206871073967
XGBoost minus CART,1869,0.02816252639158301
XGBoost minus CART,1870,0.0004914598201676001
XGBoost minus CART,1871,0.01331690077153
XGBoost minus CART,1872,0.025500559800515507
XGBoost minus CART,1873,0.005696785733057111
XGBoost minus CART,1874,0.0017476276757502698
XGBoost minus CART,1875,0.007343791515316167
XGBoost minus CART,1876,0.02171718005512313
XGBoost minus CART,1877,0.00016314770808009
XGBoost minus CART,1878,0.010815254519577003
XGBoost minus CART,1879,0.006111547678074425
XGBoost minus CART,1880,0.007150664583474353
XGBoost minus CART,1881,0.0027081537603783623
XGBoost minus CART,1882,0.0011820384833767794
XGBoost minus CART,1883,0.002435004647657363
XGBoost minus CART,1884,0.004396058587149407
XGBoost minus CART,1885,0.01648294957476837
XGBoost minus CART,1886,0.0036656662729477874
XGBoost minus CART,1887,0.0111160478717071
XGBoost minus CART,1888,0.007176748660174828
XGBoost minus CART,1889,0.014536737953726439
XGBoost minus CART,1890,0.009489048409122944
XGBoost minus CART,1891,0.012158619428620343
XGBoost minus CART,1892,0.013485873087210262
XGBoost minus CART,1893,0.014503341418800011
XGBoost minus CART,1894,0.011408310751732265
XGBoost minus CART,1895,0.0019958432955633557
XGBoost minus CART,1896,0.010355614822083498
XGBoost minus CART,1897,0.012101567616647532
XGBoost minus CART,1898,0.015404560398882994
XGBoost minus CART,1899,0.007155461532210056
XGBoost minus CART,1900,0.018253023718806147
XGBoost minus CART,1901,0.02045018808595221
XGBoost minus CART,1902,0.010635761693585016
XGBoost minus CART,1903,0.005949226470733926
XGBoost minus CART,1904,0.0010565524441270013
XGBoost minus CART,1905,0.0025950740332894295
XGBoost minus CART,1906,0.0023877368470830995
XGBoost minus CART,1907,0.006733919047405369
XGBoost minus CART,1908,0.008994535281820731
XGBoost minus CART,1909,0.01580536357513275
XGBoost minus CART,1910,0.004629962300272364
XGBoost minus CART,1911,0.00631674883089145
XGBoost minus CART,1912,0.019186239361685495
XGBoost minus CART,1913,0.0029739827422281956
XGBoost minus CART,1914,0.008722782193064743
XGBoost minus CART,1915,0.0013856660736859538
XGBoost minus CART,1916,0.002149425546670712
XGBoost minus CART,1917,0.006044738014371914
XGBoost minus CART,1918,0.005349669355469405
XGBoost minus CART,1919,0.011316724036929335
XGBoost minus CART,1920,0.00937926454186877
XGBoost minus CART,1921,0.02119055806031249
XGBoost minus CART,1922,0.015626742734783816
XGBoost minus CART,1923,0.01746733733080212
XGBoost minus CART,1924,0.0027696897140573537
XGBoost minus CART,1925,0.01025193359329507
XGBoost minus CART,1926,0.005922727143341577
XGBoost minus CART,1927,0.017604082052127573
XGBoost minus CART,1928,0.013050483316114386
XGBoost minus CART,1929,0.011017694415077467
XGBoost minus CART,1930,0.0015567579914683993
XGBoost minus CART,1931,0.01732668693714659
XGBoost minus CART,1932,0.0021649465926858874
XGBoost minus CART,1933,0.008130525302654248
XGBoost minus CART,1934,0.016288853056042094
XGBoost minus CART,1935,0.004269167172387567
XGBoost minus CART,1936,0.01220271098101934
XGBoost minus CART,1937,0.007695614797708472
XGBoost minus CART,1938,0.022739006180877964
XGBoost minus CART,1939,0.005099541089696291
XGBoost minus CART,1940,0.006939110727310613
XGBoost minus CART,1941,0.022457494787944995
XGBoost minus CART,1942,0.006360140487283797
XGBoost minus CART,1943,0.007105090081128737
XGBoost minus CART,1944,0.003110950147896835
XGBoost minus CART,1945,0.02096697275768429
XGBoost minus CART,1946,-0.003167804212507258
XGBoost minus CART,1947,0.01788601281464265
XGBoost minus CART,1948,0.006177553545550801
XGBoost minus CART,1949,0.00875311852660772
XGBoost minus CART,1950,0.008689302640615987
XGBoost minus CART,1951,0.00796380715880618
XGBoost minus CART,1952,0.010069502426852367
XGBoost minus CART,1953,0.015602606920015541
XGBoost minus CART,1954,0.0073587915265268256
XGBoost minus CART,1955,0.00562556396726388
XGBoost minus CART,1956,0.015128562768273457
XGBoost minus CART,1957,0.01026062414802982
XGBoost minus CART,1958,0.007792674788128534
XGBoost minus CART,1959,0.0007753657585835849
XGBoost minus CART,1960,0.024059065169705823
XGBoost minus CART,1961,0.0322317375466335
XGBoost minus CART,1962,0.018129736013133974
XGBoost minus CART,1963,0.0010364838911878782
XGBoost minus CART,1964,0.013038729333579052
XGBoost minus CART,1965,0.01375498960211985
XGBoost minus CART,1966,0.01593553669038872
XGBoost minus CART,1967,0.005880255770468509
XGBoost minus CART,1968,0.017319573837116853
XGBoost minus CART,1969,0.00317753021523344
XGBoost minus CART,1970,0.023305831684800014
XGBoost minus CART,1971,0.02471209126160273
XGBoost minus CART,1972,0.012684951637583194
XGBoost minus CART,1973,0.01988166269121612
XGBoost minus CART,1974,0.023194880581991262
XGBoost minus CART,1975,0.01559287230521579
XGBoost minus CART,1976,0.01687983483114748
XGBoost minus CART,1977,-0.001753439283265476
XGBoost minus CART,1978,0.013817787777137824
XGBoost minus CART,1979,0.0014298065399699494
XGBoost minus CART,1980,0.016381797881000026
XGBoost minus CART,1981,0.018552093802459244
XGBoost minus CART,1982,0.009643297204528653
XGBoost minus CART,1983,0.006253313433254554
XGBoost minus CART,1984,0.021710887769655796
XGBoost minus CART,1985,0.0024555354338653412
XGBoost minus CART,1986,0.006754310347978618
XGBoost minus CART,1987,0.00949307785254458
XGBoost minus CART,1988,0.0027707368928990006
XGBoost minus CART,1989,0.01589634678835973
XGBoost minus CART,1990,0.026692699375749807
XGBoost minus CART,1991,0.006159956801056951
XGBoost minus CART,1992,0.0015733342606993883
XGBoost minus CART,1993,0.009972495394898417
XGBoost minus CART,1994,0.015149819528174097
XGBoost minus CART,1995,0.011194423122211888
XGBoost minus CART,1996,0.003581153883836466
XGBoost minus CART,1997,0.012734995963850332
XGBoost minus CART,1998,0.01012030348485625
XGBoost minus CART,1999,0.00937551511027579
