shap__seismic,shap__seismoacoustic,shap__shift,shap__genergy,shap__gpuls,shap__gdenergy,shap__gdpuls,shap__ghazard,shap__nbumps2,shap__nbumps3,shap__nbumps4,shap__nbumps5,shap__nbumps6,shap__nbumps7,shap__nbumps89,shap__energy,shap__maxenergy,row,fold,validation,y,score,margin,bias,train_end
-0.11794359236955643,-0.12804584205150604,0.0,0.5455189347267151,-0.6252810955047607,-0.3661309778690338,0.16187085211277008,0.0,-0.6281522512435913,0.0,0.0,0.0,0.0,0.0,0.0,-0.10937464982271194,0.02092602476477623,515,0,time,1.0,0.05079313740134239,-2.927865505218506,-1.6812525987625122,514
0.0830218493938446,-0.12354463338851929,0.0,0.5552958250045776,-0.5209159255027771,-0.11926144361495972,-0.19931964576244354,0.0,0.5211959481239319,0.0,0.0,0.0,0.0,0.0,0.0,0.44465285539627075,-0.16764652729034424,516,0,time,0.0,0.23009508848190308,-1.2077744007110596,-1.6812525987625122,514
0.10391546040773392,-0.12804584205150604,0.0,0.5630484223365784,-0.6205846071243286,-0.5172743201255798,0.0028753362130373716,0.0,-0.7415258288383484,0.0,0.0,0.0,0.0,0.0,0.0,-0.01333160325884819,0.05797341465950012,517,0,time,0.0,0.048605047166347504,-2.9742019176483154,-1.6812525987625122,514
0.12799496948719025,-0.12804584205150604,0.0,0.5722776055335999,-0.673987627029419,0.07171933352947235,0.1728036105632782,0.0,0.46434763073921204,0.0,0.0,0.0,0.0,0.0,0.0,-0.3230755925178528,-0.011873941868543625,518,0,time,0.0,0.1963772177696228,-1.4090925455093384,-1.6812525987625122,514
-0.052032675594091415,0.2081216275691986,0.0,0.3924121856689453,-0.6012945175170898,0.1187908798456192,0.05520147830247879,0.0,0.3877490162849426,0.0,0.0,0.0,0.0,0.0,0.0,-0.9601345658302307,-0.012226186692714691,519,0,time,0.0,0.10483074188232422,-2.1446657180786133,-1.6812525987625122,514
-0.1132185310125351,0.23805424571037292,0.0,0.37841811776161194,-0.5283501744270325,0.2282412052154541,0.032334234565496445,0.0,-0.6299110651016235,0.0,0.0,0.0,0.0,0.0,0.0,-0.08799812197685242,0.06422307342290878,520,0,time,0.0,0.10914937406778336,-2.099459409713745,-1.6812525987625122,514
-0.13822239637374878,0.23805424571037292,0.0,0.35204192996025085,-0.6221311092376709,-0.055247798562049866,0.05520147830247879,0.0,0.4444635212421417,0.0,0.0,0.0,0.0,0.0,0.0,-0.40863725543022156,-0.005624279845505953,521,0,time,0.0,0.1392713487148285,-1.8213551044464111,-1.6812525987625122,514
-0.05675773695111275,-0.11208939552307129,0.0,0.5670031905174255,-0.6057949662208557,0.026917550712823868,0.07862960547208786,0.0,0.404042512178421,0.0,0.0,0.0,0.0,0.0,0.0,-0.8841298222541809,-0.01847584918141365,522,0,time,0.0,0.09263242036104202,-2.2819085121154785,-1.6812525987625122,514
-0.13822239637374878,-0.12804584205150604,0.0,0.5472580194473267,-0.7282294631004333,-0.45707452297210693,0.04480382055044174,0.0,0.4297522008419037,0.0,0.0,0.0,0.0,0.0,0.0,-0.3201766610145569,-0.011873941868543625,523,0,time,0.0,0.07994744181632996,-2.443061351776123,-1.6812525987625122,514
-0.1132185310125351,-0.12804584205150604,0.0,0.30036160349845886,-0.6141448616981506,0.2282412052154541,0.032334234565496445,0.0,-0.6299110651016235,0.0,0.0,0.0,0.0,0.0,0.0,-0.09630782902240753,0.05797341465950012,524,0,time,0.0,0.06636160612106323,-2.643970489501953,-1.6812525987625122,514
-0.13822239637374878,-0.12804584205150604,0.0,0.519142746925354,-0.7232173681259155,-0.45707452297210693,0.04480382055044174,0.0,0.4631810188293457,0.0,0.0,0.0,0.0,0.0,0.0,-0.31631967425346375,-0.011873941868543625,525,0,time,0.0,0.08099688589572906,-2.4288787841796875,-1.6812525987625122,514
-0.04563531652092934,-0.11208939552307129,0.0,0.565264105796814,-0.5565422773361206,-0.017814692109823227,0.14149419963359833,0.0,-0.6303610801696777,0.0,0.0,0.0,0.0,0.0,0.0,-0.8432055115699768,0.018143437802791595,526,0,time,0.0,0.04062102362513542,-3.1620004177093506,-1.6812525987625122,514
-0.11459342390298843,-0.12804584205150604,0.0,0.5530090928077698,-0.6032893657684326,-0.08408880233764648,0.07451356947422028,0.0,-0.6491037607192993,0.0,0.0,0.0,0.0,0.0,0.0,-0.15494047105312347,0.019841566681861877,527,0,time,0.0,0.05908084288239479,-2.7679505348205566,-1.6812525987625122,514
-0.041131578385829926,-0.11208939552307129,0.0,0.49344679713249207,-0.5363817811012268,0.18020674586296082,-0.17952506244182587,0.0,-0.5663840770721436,0.0,0.0,0.0,0.0,0.0,0.0,-0.8845711946487427,0.018143437802791595,528,0,time,0.0,0.03524536266922951,-3.309539794921875,-1.6812525987625122,514
-0.15841084718704224,0.23805424571037292,0.0,-0.007939976640045643,-0.5823884606361389,0.32246074080467224,0.10402005910873413,0.0,0.6032863259315491,0.0,0.0,0.0,0.0,0.0,0.0,0.4819066822528839,0.20914103090763092,529,0,time,0.0,0.38435035943984985,-0.4711235463619232,-1.6812525987625122,514
-0.1536857932806015,0.23805424571037292,0.0,0.3801571726799011,-0.6264491677284241,0.1825680136680603,0.04685628414154053,0.0,0.47135740518569946,0.0,0.0,0.0,0.0,0.0,0.0,-0.14053571224212646,0.11427269130945206,530,0,time,1.0,0.2370975762605667,-1.1686583757400513,-1.6812525987625122,514
0.07864652574062347,0.22944357991218567,0.0,0.027773471549153328,-0.4784911274909973,0.22903324663639069,-0.23735558986663818,0.0,0.5592724680900574,0.0,0.0,0.0,0.0,0.0,0.0,0.49362483620643616,-0.1745087206363678,531,0,time,0.0,0.2781183421611786,-0.9538145661354065,-1.6812525987625122,514
0.03617540001869202,0.2081216275691986,0.0,0.395781010389328,-0.5044968724250793,0.15935684740543365,0.04130319133400917,0.0,-0.578258752822876,0.0,0.0,0.0,0.0,0.0,0.0,-0.9871776103973389,0.024393100291490555,532,0,time,1.0,0.052847232669591904,-2.8860549926757812,-1.6812525987625122,514
0.07843151688575745,0.22944357991218567,0.0,0.3807048499584198,-0.4905370771884918,0.003422076813876629,0.047480035573244095,0.0,0.511673629283905,0.0,0.0,0.0,0.0,0.0,0.0,0.47599512338638306,-0.1745087206363678,533,0,time,0.0,0.3499752879142761,-0.619147777557373,-1.6812525987625122,514
0.10208722203969955,-0.12804584205150604,0.0,-0.07509376108646393,-0.6845043897628784,0.21216915547847748,-0.17442521452903748,0.0,-0.6134044528007507,0.0,0.0,0.0,0.0,0.0,0.0,-0.07107885926961899,0.019841566681861877,534,0,time,0.0,0.043367572128772736,-3.093707323074341,-1.6812525987625122,514
0.03639041259884834,-0.11208939552307129,0.0,0.49855467677116394,-0.5338722467422485,0.18126682937145233,-0.1855049729347229,0.0,-0.5786362886428833,0.0,0.0,0.0,0.0,0.0,0.0,-0.9525386691093445,0.018143437802791595,535,0,time,0.0,0.03524536266922951,-3.309539794921875,-1.6812525987625122,514
-0.1536857932806015,-0.12804584205150604,0.0,0.30210065841674805,-0.7122438549995422,0.008529319427907467,0.04685628414154053,0.0,0.47135740518569946,0.0,0.0,0.0,0.0,0.0,0.0,-0.1488453894853592,0.1080230250954628,536,0,time,0.0,0.1315632313489914,-1.8872071504592896,-1.6812525987625122,514
-0.040910255163908005,-0.11208939552307129,0.0,0.31261658668518066,-0.5773635506629944,0.1644640862941742,0.0406794399023056,0.0,-0.566006600856781,0.0,0.0,0.0,0.0,0.0,0.0,-0.8816308975219727,0.018143437802791595,537,0,time,0.0,0.03477877005934715,-3.323350191116333,-1.6812525987625122,514
-0.052032675594091415,-0.11208939552307129,0.0,0.31435564160346985,-0.6716516017913818,0.1187908798456192,0.05520147830247879,0.0,0.3877490162849426,0.0,0.0,0.0,0.0,0.0,0.0,-0.922555148601532,-0.01847584918141365,538,0,time,0.0,0.07030844688415527,-2.581960916519165,-1.6812525987625122,514
-0.052032675594091415,-0.11208939552307129,0.0,0.31435564160346985,-0.6716516017913818,0.1187908798456192,0.05520147830247879,0.0,0.3877490162849426,0.0,0.0,0.0,0.0,0.0,0.0,-0.922555148601532,-0.01847584918141365,539,0,time,0.0,0.07030844688415527,-2.581960916519165,-1.6812525987625122,514
-0.040910255163908005,-0.11208939552307129,0.0,0.31261658668518066,-0.5773635506629944,0.1644640862941742,0.0406794399023056,0.0,-0.566006600856781,0.0,0.0,0.0,0.0,0.0,0.0,-0.8816308975219727,0.018143437802791595,540,0,time,0.0,0.03477877005934715,-3.323350191116333,-1.6812525987625122,514
-0.15841084718704224,-0.12804584205150604,0.0,0.5547481775283813,-0.7084091305732727,-0.21276459097862244,0.07638182491064072,0.0,0.4929739534854889,0.0,0.0,0.0,0.0,0.0,0.0,-0.18104079365730286,0.1080230250954628,541,0,time,0.0,0.13731208443641663,-1.837796688079834,-1.6812525987625122,514
-0.1536857932806015,-0.12804584205150604,0.0,0.30210065841674805,-0.7122438549995422,0.1825680136680603,0.04685628414154053,0.0,0.47135740518569946,0.0,0.0,0.0,0.0,0.0,0.0,-0.1488453894853592,0.1080230250954628,542,0,time,0.0,0.15275320410728455,-1.7131685018539429,-1.6812525987625122,514
-0.15390710532665253,-0.12804584205150604,0.0,-0.08599647134542465,-0.7124375104904175,0.22797316312789917,-0.23137567937374115,0.0,0.48703306913375854,0.0,0.0,0.0,0.0,0.0,0.0,-0.16000977158546448,-0.006870337296277285,543,0,time,0.0,0.07981305569410324,-2.444889783859253,-1.6812525987625122,514
-0.11794359236955643,-0.12804584205150604,0.0,0.5530090928077698,-0.6061547994613647,-0.20127350091934204,0.19395142793655396,0.0,-0.6711384057998657,0.0,0.0,0.0,0.0,0.0,0.0,-0.10937464982271194,0.05797341465950012,544,0,time,0.0,0.062371205538511276,-2.7102503776550293,-1.6812525987625122,514
-0.1132185310125351,-0.12804584205150604,0.0,0.30036160349845886,-0.6141448616981506,0.05420254170894623,0.032334234565496445,0.0,-0.6299110651016235,0.0,0.0,0.0,0.0,0.0,0.0,-0.09630782902240753,0.05797341465950012,545,0,time,0.0,0.05635872110724449,-2.8180091381073,-1.6812525987625122,514
-0.15841084718704224,-0.12804584205150604,0.0,-0.08599647134542465,-0.7124375104904175,0.22970671951770782,-0.16606318950653076,0.0,0.5321222543716431,0.0,0.0,0.0,0.0,0.0,0.0,-0.02089657448232174,-0.006870337296277285,546,0,time,0.0,0.09991709142923355,-2.198146104812622,-1.6812525987625122,514
-0.13822239637374878,-0.12804584205150604,0.0,0.30210065841674805,-0.7129378914833069,-0.055247798562049866,0.05520147830247879,0.0,0.4110347032546997,0.0,0.0,0.0,0.0,0.0,0.0,-0.420803964138031,-0.011873941868543625,547,0,time,0.0,0.08470689505338669,-2.38004732131958,-1.6812525987625122,514
-0.10889937728643417,0.23805424571037292,0.0,0.6235753893852234,-0.524268627166748,-0.4146580398082733,-0.0574415922164917,0.0,-0.575388491153717,0.0,0.0,0.0,0.0,0.0,0.0,-0.1374679058790207,0.026091229170560837,548,0,time,0.0,0.06839205324649811,-2.6116554737091064,-1.6812525987625122,514
-0.04563531652092934,0.2081216275691986,0.0,0.6433205604553223,-0.4848955571651459,-0.09751395881175995,-0.17261460423469543,0.0,-0.5843467116355896,0.0,0.0,0.0,0.0,0.0,0.0,-0.8485300540924072,0.024393100291490555,549,0,time,0.0,0.04569673165678978,-3.038954734802246,-1.6812525987625122,514
-0.15390710532665253,0.23805424571037292,0.0,0.6328046321868896,-0.5558176040649414,-0.12041161954402924,-0.23137567937374115,0.0,0.43761423230171204,0.0,0.0,0.0,0.0,0.0,0.0,-0.1635681837797165,-0.0006206738762557507,550,0,time,0.0,0.1681940257549286,-1.5984809398651123,-1.6812525987625122,514
-0.13822239637374878,0.23805424571037292,0.0,0.5971992015838623,-0.636269211769104,-0.4491461515426636,0.09792395681142807,0.0,0.4631810188293457,0.0,0.0,0.0,0.0,0.0,0.0,-0.3702119290828705,-0.005624279845505953,551,0,time,1.0,0.13188786804676056,-1.8843687772750854,-1.6812525987625122,514
0.05456077307462692,0.09934207797050476,0.0,0.10873061418533325,0.11783115565776825,0.12248501926660538,-0.2786864936351776,0.0,0.6083614230155945,0.0,0.0,0.0,0.0,0.0,0.0,0.40438151359558105,-0.18196898698806763,552,0,time,1.0,0.34836912155151367,-0.6262156367301941,-1.6812525987625122,514
-0.04762211814522743,0.22944357991218567,0.0,0.02492225356400013,-0.23035332560539246,0.1606605052947998,-0.17746488749980927,0.0,-0.7155656218528748,0.0,0.0,0.0,0.0,0.0,0.0,0.5157400369644165,-0.1597537100315094,553,0,time,0.0,0.11093295365571976,-2.0812466144561768,-1.6812525987625122,514
-0.1384117156267166,0.21132783591747284,0.0,0.049178920686244965,-0.612652063369751,-0.6313493847846985,0.016773631796240807,0.0,0.5604682564735413,0.0,0.0,0.0,0.0,0.0,0.0,0.6643391847610474,0.1550375372171402,554,0,time,1.0,0.196780264377594,-1.4065406322479248,-1.6812525987625122,514
-0.046444475650787354,0.12165713310241699,0.0,-0.12315472215414047,-0.4843454658985138,0.258443146944046,0.07451356947422028,0.0,-0.693935215473175,0.0,0.0,0.0,0.0,0.0,0.0,0.5071444511413574,-0.15829716622829437,555,0,time,0.0,0.09746874868869781,-2.2256715297698975,-1.6812525987625122,514
0.11358434706926346,0.2199385017156601,0.0,0.037254564464092255,-0.7131971716880798,-0.05236324295401573,0.13494941592216492,0.0,0.5229055881500244,0.0,0.0,0.0,0.0,0.0,0.0,-0.26391565799713135,-0.005624279845505953,556,0,time,0.0,0.1560758352279663,-1.6877206563949585,-1.6812525987625122,514
0.1328359693288803,0.23805424571037292,0.0,0.04709593206644058,-0.5698481202125549,0.18586952984333038,0.047480035573244095,0.0,0.5262195467948914,0.0,0.0,0.0,0.0,0.0,0.0,0.7845050096511841,0.20914103090763092,557,0,time,0.0,0.480035662651062,-0.07989975810050964,-1.6812525987625122,514
-0.1229483112692833,0.2199385017156601,0.0,0.04191971570253372,-0.7481961250305176,-0.5732287168502808,0.04480382055044174,0.0,0.48548662662506104,0.0,0.0,0.0,0.0,0.0,0.0,-0.31947946548461914,-0.005624279845505953,558,0,time,0.0,0.06546207517385483,-2.658581256866455,-1.6812525987625122,514
-0.1098683625459671,0.23805424571037292,0.0,0.005585022270679474,-0.6139055490493774,0.410688579082489,0.032334234565496445,0.0,-0.5793893933296204,0.0,0.0,0.0,0.0,0.0,0.0,-0.13055266439914703,0.026091229170560837,559,0,time,0.0,0.08300396800041199,-2.402214765548706,-1.6812525987625122,514
-0.040910255163908005,-0.11208939552307129,0.0,0.31261658668518066,-0.5773635506629944,0.1644640862941742,0.0406794399023056,0.0,-0.566006600856781,0.0,0.0,0.0,0.0,0.0,0.0,-0.8816308975219727,0.018143437802791595,560,0,time,0.0,0.03477877005934715,-3.323350191116333,-1.6812525987625122,514
-0.040910255163908005,-0.11208939552307129,0.0,0.31261658668518066,-0.5773635506629944,0.1644640862941742,0.0406794399023056,0.0,-0.566006600856781,0.0,0.0,0.0,0.0,0.0,0.0,-0.8816308975219727,0.018143437802791595,561,0,time,0.0,0.03477877005934715,-3.323350191116333,-1.6812525987625122,514
-0.1098683625459671,-0.12804584205150604,0.0,0.30036160349845886,-0.6141448616981506,0.2282412052154541,0.032334234565496445,0.0,-0.5686920881271362,0.0,0.0,0.0,0.0,0.0,0.0,-0.122745081782341,0.019841566681861877,562,0,time,0.0,0.06636160612106323,-2.643970489501953,-1.6812525987625122,514
-0.13822239637374878,-0.12804584205150604,0.0,-0.06584472954273224,-0.7810594439506531,0.3012382984161377,0.05520147830247879,0.0,0.46676912903785706,0.0,0.0,0.0,0.0,0.0,0.0,-0.4330642521381378,-0.011873941868543625,563,0,time,1.0,0.0819491297006607,-2.416154146194458,-1.6812525987625122,514
0.06861121952533722,-0.11336685717105865,0.0,0.0032918360084295273,-0.63265061378479,-0.1168794184923172,0.13482916355133057,0.0,0.5197367072105408,0.0,0.0,0.0,0.0,0.0,0.0,0.47707951068878174,-0.16764652729034424,564,0,time,0.0,0.18119873106479645,-1.5082470178604126,-1.6812525987625122,514
0.1328359693288803,-0.12804584205150604,0.0,-0.05320298671722412,-0.7889472842216492,0.35990819334983826,0.047480035573244095,0.0,0.5307124257087708,0.0,0.0,0.0,0.0,0.0,0.0,0.05050555616617203,0.1080230250954628,565,0,time,0.0,0.19435083866119385,-1.4219834804534912,-1.6812525987625122,514
0.1328359693288803,-0.12354463338851929,0.0,0.3230060040950775,-0.612038254737854,0.17746077477931976,0.047480035573244095,0.0,0.5441034436225891,0.0,0.0,0.0,0.0,0.0,0.0,0.5923073291778564,0.22306862473487854,566,0,time,0.0,0.4069535434246063,-0.37657368183135986,-1.6812525987625122,514
-0.14294745028018951,-0.12804584205150604,0.0,-0.10087400674819946,-0.8148645162582397,-0.23387029767036438,0.10730792582035065,0.0,0.49152272939682007,0.0,0.0,0.0,0.0,0.0,0.0,-0.3324369490146637,-0.011873941868543625,567,0,time,1.0,0.05481920763850212,-2.8473355770111084,-1.6812525987625122,514
0.07843151688575745,-0.12354463338851929,0.0,0.3026483654975891,-0.5716257691383362,0.17746077477931976,0.047480035573244095,0.0,0.511673629283905,0.0,0.0,0.0,0.0,0.0,0.0,0.46768540143966675,-0.16764652729034424,568,0,time,0.0,0.2771404981613159,-0.958690345287323,-1.6812525987625122,514
0.12340464442968369,-0.12804584205150604,0.0,0.2915148437023163,-0.6990739703178406,-0.060355041176080704,0.05582522973418236,0.0,0.4607122838497162,0.0,0.0,0.0,0.0,0.0,0.0,-0.3576439917087555,-0.011873941868543625,569,0,time,0.0,0.1184920147061348,-2.006788492202759,-1.6812525987625122,514
0.048733651638031006,-0.11208939552307129,0.0,-0.06863359361886978,-0.6909409761428833,0.30044546723365784,0.15614722669124603,0.0,0.47506651282310486,0.0,0.0,0.0,0.0,0.0,0.0,-1.0761587619781494,-0.01847584918141365,570,0,time,0.0,0.06493927538394928,-2.667158842086792,-1.6812525987625122,514
-0.04563531652092934,-0.11208939552307129,0.0,-0.09524574130773544,-0.685038149356842,-0.12960225343704224,0.10254377871751785,0.0,-0.6524508595466614,0.0,0.0,0.0,0.0,0.0,0.0,-0.797120988368988,0.018143437802791595,571,0,time,0.0,0.016663195565342903,-4.077749252319336,-1.6812525987625122,514
-0.15841084718704224,-0.12354463338851929,0.0,-0.08268997818231583,-0.645348846912384,-0.09147872775793076,0.20654843747615814,0.0,0.5752782821655273,0.0,0.0,0.0,0.0,0.0,0.0,0.6705102324485779,0.16189973056316376,572,0,time,0.0,0.23712821304798126,-1.1684889793395996,-1.6812525987625122,514
-0.1536857932806015,-0.12804584205150604,0.0,-0.11325182020664215,-0.8284856677055359,-0.602687656879425,0.1359584480524063,0.0,0.4765540063381195,0.0,0.0,0.0,0.0,0.0,0.0,-0.17802947759628296,0.1080230250954628,573,0,time,0.0,0.04903684929013252,-2.9649033546447754,-1.6812525987625122,514
-0.1132185310125351,-0.12804584205150604,0.0,0.30036160349845886,-0.6141448616981506,0.05420254170894623,0.032334234565496445,0.0,-0.6299110651016235,0.0,0.0,0.0,0.0,0.0,0.0,-0.09630782902240753,0.05797341465950012,574,0,time,0.0,0.05635872110724449,-2.8180091381073,-1.6812525987625122,514
-0.040910255163908005,-0.11208939552307129,0.0,0.5577739477157593,-0.5915016531944275,-0.4351932406425476,0.08340191096067429,0.0,-0.5901062488555908,0.0,0.0,0.0,0.0,0.0,0.0,-0.8432055115699768,0.018143437802791595,575,0,time,0.0,0.025707215070724487,-3.6349401473999023,-1.6812525987625122,514
-0.05675773695111275,-0.11208939552307129,0.0,-0.09610913693904877,-0.7566314935684204,-0.4006824195384979,0.05471702665090561,0.0,0.4503675401210785,0.0,0.0,0.0,0.0,0.0,0.0,-0.8963901400566101,-0.01847584918141365,576,0,time,0.0,0.028936021029949188,-3.513305187225342,-1.6812525987625122,514
-0.052032675594091415,-0.11208939552307129,0.0,0.31435564160346985,-0.6716516017913818,-0.18026725947856903,0.04767455905675888,0.0,0.39652013778686523,0.0,0.0,0.0,0.0,0.0,0.0,-0.8219279646873474,-0.01847584918141365,577,0,time,0.0,0.05846145376563072,-2.7791476249694824,-1.6812525987625122,514
-0.11794359236955643,-0.12804584205150604,0.0,0.5530090928077698,-0.598624587059021,-0.09341835230588913,0.07451356947422028,0.0,-0.7056580185890198,0.0,0.0,0.0,0.0,0.0,0.0,-0.1285032331943512,0.05797341465950012,578,0,time,0.0,0.05908084288239479,-2.7679505348205566,-1.6812525987625122,514
-0.1536857932806015,-0.12804584205150604,0.0,0.30210065841674805,-0.7122438549995422,0.1825680136680603,0.04685628414154053,0.0,0.43055880069732666,0.0,0.0,0.0,0.0,0.0,0.0,-0.1488453894853592,-0.006870337296277285,579,0,time,0.0,0.13367360830307007,-1.8688606023788452,-1.6812525987625122,514
-0.052032675594091415,-0.11208939552307129,0.0,0.5595130324363708,-0.6869432330131531,-0.45707452297210693,0.04480382055044174,0.0,0.4064665138721466,0.0,0.0,0.0,0.0,0.0,0.0,-0.8219279646873474,-0.01847584918141365,580,0,time,0.0,0.05630532652139664,-2.8190135955810547,-1.6812525987625122,514
-0.039941273629665375,-0.11208939552307129,0.0,0.5577739477157593,-0.5762838125228882,-0.36634591221809387,-0.06852135062217712,0.0,-0.5727030038833618,0.0,0.0,0.0,0.0,0.0,0.0,-0.8109506368637085,0.018143437802791595,581,0,time,0.0,0.025279149413108826,-3.6521711349487305,-1.6812525987625122,514
-0.052032675594091415,-0.11208939552307129,0.0,0.31435564160346985,-0.6716516017913818,-0.055247798562049866,0.05520147830247879,0.0,0.3877490162849426,0.0,0.0,0.0,0.0,0.0,0.0,-0.922555148601532,-0.01847584918141365,582,0,time,0.0,0.059748709201812744,-2.7559995651245117,-1.6812525987625122,514
-0.11794359236955643,-0.12804584205150604,0.0,0.5530090928077698,-0.598624587059021,-0.09341835230588913,0.07451356947422028,0.0,-0.7056580185890198,0.0,0.0,0.0,0.0,0.0,0.0,-0.1285032331943512,0.05797341465950012,583,0,time,0.0,0.05908084288239479,-2.7679505348205566,-1.6812525987625122,514
-0.13822239637374878,-0.12804584205150604,0.0,0.30210065841674805,-0.7129378914833069,0.1187908798456192,0.05520147830247879,0.0,0.4110347032546997,0.0,0.0,0.0,0.0,0.0,0.0,-0.420803964138031,-0.011873941868543625,584,0,time,0.0,0.09921220690011978,-2.2060086727142334,-1.6812525987625122,514
-0.13822239637374878,-0.12804584205150604,0.0,0.30210065841674805,-0.7129378914833069,0.1187908798456192,0.05520147830247879,0.0,0.4110347032546997,0.0,0.0,0.0,0.0,0.0,0.0,-0.420803964138031,-0.011873941868543625,585,0,time,0.0,0.09921220690011978,-2.2060086727142334,-1.6812525987625122,514
-0.11459342390298843,-0.12804584205150604,0.0,0.5530090928077698,-0.6032893657684326,-0.08408880233764648,0.07451356947422028,0.0,-0.6491037607192993,0.0,0.0,0.0,0.0,0.0,0.0,-0.15494047105312347,0.019841566681861877,586,0,time,0.0,0.05908084288239479,-2.7679505348205566,-1.6812525987625122,514
-0.1536857932806015,-0.12804584205150604,0.0,0.2739854156970978,-0.7072317600250244,0.008529319427907467,0.04685628414154053,0.0,0.4639876186847687,0.0,0.0,0.0,0.0,0.0,0.0,-0.14498840272426605,-0.006870337296277285,587,0,time,1.0,0.11622070521116257,-2.0287163257598877,-1.6812525987625122,514
0.04972601681947708,-0.12354463338851929,0.0,-0.053255412727594376,-0.5387513041496277,0.21216915547847748,-0.17442521452903748,0.0,-0.6762881875038147,0.0,0.0,0.0,0.0,0.0,0.0,0.4648014307022095,-0.1514349728822708,588,0,time,0.0,0.064630426466465,-2.6722564697265625,-1.6812525987625122,514
0.13742630183696747,-0.12354463338851929,0.0,0.5568503737449646,-0.565220296382904,-0.005254541989415884,0.10691921412944794,0.0,0.5768046379089355,0.0,0.0,0.0,0.0,0.0,0.0,0.7224477529525757,0.22306862473487854,589,0,time,0.0,0.487064003944397,-0.05175555869936943,-1.6812525987625122,514
0.1328359693288803,-0.12804584205150604,0.0,0.2915148437023163,-0.6983799338340759,0.17746077477931976,0.047480035573244095,0.0,0.5297494530677795,0.0,0.0,0.0,0.0,0.0,0.0,-0.060790665447711945,0.1080230250954628,590,0,time,0.0,0.21731114387512207,-1.2814052104949951,-1.6812525987625122,514
-0.05675773695111275,-0.11208939552307129,0.0,0.5670031905174255,-0.6247230172157288,0.0433788038790226,0.07862960547208786,0.0,0.4065094590187073,0.0,0.0,0.0,0.0,0.0,0.0,-0.8841298222541809,-0.01847584918141365,591,0,time,1.0,0.09263242036104202,-2.2819085121154785,-1.6812525987625122,514
0.07864652574062347,-0.12354463338851929,0.0,0.4528593420982361,-0.4610459804534912,0.24756771326065063,-0.23735558986663818,0.0,0.536966860294342,0.0,0.0,0.0,0.0,0.0,0.0,0.46376273036003113,-0.16764652729034424,592,0,time,0.0,0.2908947169780731,-0.8910426497459412,-1.6812525987625122,514
0.1328359693288803,-0.12354463338851929,0.0,0.2735837399959564,-0.5710636973381042,-0.2456488311290741,0.02026812545955181,0.0,0.5614701509475708,0.0,0.0,0.0,0.0,0.0,0.0,0.7174292802810669,0.22306862473487854,593,0,time,0.0,0.3333984315395355,-0.6928542256355286,-1.6812525987625122,514
0.12361965328454971,-0.12804584205150604,0.0,0.5004602074623108,-0.601520299911499,0.19813087582588196,-0.24843531847000122,0.0,0.4280233085155487,0.0,0.0,0.0,0.0,0.0,0.0,-0.3644412159919739,-0.011873941868543625,594,0,time,1.0,0.14364556968212128,-1.7853354215621948,-1.6812525987625122,514
0.07864652574062347,-0.12354463338851929,0.0,-0.05028301477432251,-0.5595797300338745,0.22903324663639069,-0.23735558986663818,0.0,0.5592724680900574,0.0,0.0,0.0,0.0,0.0,0.0,0.48531511425971985,-0.16764652729034424,595,0,time,0.0,0.1873389333486557,-1.4673947095870972,-1.6812525987625122,514
0.10391546040773392,-0.12354463338851929,0.0,0.31789103150367737,-0.5990417003631592,0.22313396632671356,0.03295798972249031,0.0,-0.6743355393409729,0.0,0.0,0.0,0.0,0.0,0.0,-0.02422683872282505,0.0781506821513176,596,0,time,0.0,0.08735612034797668,-2.3463525772094727,-1.6812525987625122,514
0.048733651638031006,-0.11208939552307129,0.0,0.5721110701560974,-0.6390437483787537,0.07171933352947235,0.1728036105632782,0.0,0.4316512942314148,0.0,0.0,0.0,0.0,0.0,0.0,-0.9902777671813965,-0.01847584918141365,597,0,time,0.0,0.10488183796405792,-2.1441214084625244,-1.6812525987625122,514
-0.11343985050916672,-0.12354463338851929,0.0,0.5375818610191345,-0.4519934356212616,-0.15688923001289368,-0.16844530403614044,0.0,-0.6754820346832275,0.0,0.0,0.0,0.0,0.0,0.0,0.6274582743644714,0.17301897704601288,598,0,time,0.0,0.11578253656625748,-2.032989263534546,-1.6812525987625122,514
-0.11794359236955643,-0.12354463338851929,0.0,0.5530090928077698,-0.5887352228164673,-0.056797292083501816,0.19479456543922424,0.0,-0.6989303231239319,0.0,0.0,0.0,0.0,0.0,0.0,-0.10937464982271194,0.0781506821513176,599,0,time,0.0,0.07238452136516571,-2.5506248474121094,-1.6812525987625122,514
-0.04563531652092934,-0.11208939552307129,0.0,0.565264105796814,-0.5665080547332764,-0.015043295919895172,0.10254377871751785,0.0,-0.6464183330535889,0.0,0.0,0.0,0.0,0.0,0.0,-0.7810036540031433,0.018143437802791595,600,0,time,0.0,0.04062102362513542,-3.1620004177093506,-1.6812525987625122,514
-0.15390710532665253,-0.12354463338851929,0.0,0.5581241250038147,-0.5502585768699646,-0.12041161954402924,-0.23137567937374115,0.0,0.5261955857276917,0.0,0.0,0.0,0.0,0.0,0.0,0.4850769340991974,0.22306862473487854,601,0,time,0.0,0.2557293474674225,-1.0682851076126099,-1.6812525987625122,514
-0.040910255163908005,-0.11208939552307129,0.0,0.31261658668518066,-0.5609921813011169,0.059862516820430756,-0.050316229462623596,0.0,-0.5374143719673157,0.0,0.0,0.0,0.0,0.0,0.0,-0.9111766219139099,0.018143437802791595,602,0,time,0.0,0.029211971908807755,-3.5035295486450195,-1.6812525987625122,514
-0.040910255163908005,-0.11208939552307129,0.0,0.31261658668518066,-0.5773635506629944,0.1644640862941742,0.0406794399023056,0.0,-0.566006600856781,0.0,0.0,0.0,0.0,0.0,0.0,-0.8816308975219727,0.018143437802791595,603,0,time,0.0,0.03477877005934715,-3.323350191116333,-1.6812525987625122,514
-0.11459342390298843,-0.12804584205150604,0.0,0.5530090928077698,-0.6110042333602905,-0.16088971495628357,0.08753089606761932,0.0,-0.6099194288253784,0.0,0.0,0.0,0.0,0.0,0.0,-0.22394339740276337,0.019841566681861877,604,0,time,0.0,0.05369383841753006,-2.8692679405212402,-1.6812525987625122,514
-0.04563531652092934,-0.11208939552307129,0.0,0.565264105796814,-0.555252730846405,-0.09751395881175995,-0.14035965502262115,0.0,-0.5843467116355896,0.0,0.0,0.0,0.0,0.0,0.0,-0.8432055115699768,0.018143437802791595,605,0,time,1.0,0.029995599761605263,-3.476249933242798,-1.6812525987625122,514
0.04972601681947708,-0.12354463338851929,0.0,-0.053255412727594376,-0.5387513041496277,0.21216915547847748,-0.17442521452903748,0.0,-0.6762881875038147,0.0,0.0,0.0,0.0,0.0,0.0,0.4648014307022095,-0.1514349728822708,606,0,time,0.0,0.064630426466465,-2.6722564697265625,-1.6812525987625122,514
0.03639041259884834,0.2081216275691986,0.0,0.002796141430735588,-0.5867101550102234,0.1627323478460312,-0.1855049729347229,0.0,-0.5893335938453674,0.0,0.0,0.0,0.0,0.0,0.0,-1.0062353610992432,0.024393100291490555,607,0,time,0.0,0.02622153051197529,-3.614603042602539,-1.6812525987625122,514
0.1328359693288803,0.23805424571037292,0.0,0.3976866602897644,-0.6175973415374756,0.17746077477931976,0.047480035573244095,0.0,0.4963206648826599,0.0,0.0,0.0,0.0,0.0,0.0,-0.05633794516324997,0.11427269130945206,608,0,time,0.0,0.32058656215667725,-0.75107741355896,-1.6812525987625122,514
-0.15841084718704224,0.23805424571037292,0.0,0.5867583155632019,-0.4297406077384949,-0.1186780333518982,-0.22446522116661072,0.0,0.5435622930526733,0.0,0.0,0.0,0.0,0.0,0.0,0.6507039666175842,0.20914103090763092,609,0,time,0.0,0.405083566904068,-0.38432762026786804,-1.6812525987625122,514
-0.11794359236955643,0.23805424571037292,0.0,0.6310655474662781,-0.508674144744873,-0.11267316341400146,0.15747499465942383,0.0,-0.7118280529975891,0.0,0.0,0.0,0.0,0.0,0.0,-0.05797429382801056,0.06422307342290878,610,0,time,1.0,0.10914267599582672,-2.0995283126831055,-1.6812525987625122,514
0.07843151688575745,-0.12354463338851929,0.0,0.3026483654975891,-0.5716257691383362,0.17746077477931976,0.047480035573244095,0.0,0.511673629283905,0.0,0.0,0.0,0.0,0.0,0.0,0.46768540143966675,-0.16764652729034424,611,0,time,1.0,0.2771404981613159,-0.958690345287323,-1.6812525987625122,514
0.07843151688575745,-0.12354463338851929,0.0,0.5171865224838257,-0.5819052457809448,-0.5277285575866699,0.017397386953234673,0.0,0.5514456629753113,0.0,0.0,0.0,0.0,0.0,0.0,0.43047139048576355,-0.16764652729034424,612,0,time,0.0,0.1843506097793579,-1.487145185470581,-1.6812525987625122,514
0.03523404896259308,-0.11208939552307129,0.0,0.5628818869590759,-0.5737742781639099,-0.3676324784755707,-0.06980792433023453,0.0,-0.5849552154541016,0.0,0.0,0.0,0.0,0.0,0.0,-0.8789181113243103,0.018143437802791595,613,0,time,0.0,0.025279149413108826,-3.6521711349487305,-1.6812525987625122,514
0.10391546040773392,-0.12804584205150604,0.0,0.31789103150367737,-0.6052930355072021,0.22313396632671356,0.03295798972249031,0.0,-0.6743355393409729,0.0,0.0,0.0,0.0,0.0,0.0,-0.02422683872282505,0.05797341465950012,614,0,time,0.0,0.08492153137922287,-2.37728214263916,-1.6812525987625122,514
-0.052032675594091415,-0.11208939552307129,0.0,0.2862403988838196,-0.666639506816864,0.1187908798456192,0.05520147830247879,0.0,0.42117783427238464,0.0,0.0,0.0,0.0,0.0,0.0,-0.9186981320381165,-0.01847584918141365,615,0,time,1.0,0.07124116271734238,-2.5677783489227295,-1.6812525987625122,514
0.07843151688575745,-0.12354463338851929,0.0,0.27202922105789185,-0.5666136741638184,0.17746077477931976,0.047480035573244095,0.0,0.5362269282341003,0.0,0.0,0.0,0.0,0.0,0.0,0.4626668691635132,-0.16764652729034424,616,0,time,0.0,0.2759256660938263,-0.9647626280784607,-1.6812525987625122,514
0.1328359693288803,-0.12804584205150604,0.0,0.31963008642196655,-0.7033920288085938,0.17746077477931976,0.047480035573244095,0.0,0.4963206648826599,0.0,0.0,0.0,0.0,0.0,0.0,-0.06464765965938568,0.1080230250954628,617,0,time,0.0,0.21490851044654846,-1.2955878973007202,-1.6812525987625122,514
0.13305097818374634,-0.12804584205150604,0.0,0.4723450243473053,-0.5928122401237488,0.24756771326065063,-0.23735558986663818,0.0,0.48969075083732605,0.0,0.0,0.0,0.0,0.0,0.0,-0.05969472974538803,-0.006870337296277285,618,0,time,0.0,0.2036919891834259,-1.3633770942687988,-1.6812525987625122,514
-0.15390710532665253,-0.12804584205150604,0.0,-0.08599647134542465,-0.7124375104904175,0.22797316312789917,-0.23137567937374115,0.0,0.5729209184646606,0.0,0.0,0.0,0.0,0.0,0.0,-0.028739282861351967,0.1080230250954628,619,0,time,0.0,0.10785525292158127,-2.1128382682800293,-1.6812525987625122,514
-0.10218583792448044,-0.12354463338851929,0.0,0.5393209457397461,-0.5740720629692078,-0.009462686255574226,0.10402005910873413,0.0,0.5518413186073303,0.0,0.0,0.0,0.0,0.0,0.0,0.5820249319076538,0.22306862473487854,620,0,time,0.0,0.37983646988868713,-0.49024245142936707,-1.6812525987625122,514
-0.1384437084197998,-0.12804584205150604,0.0,-0.09088414907455444,-0.7335671782493591,0.1785363256931305,-0.2424554079771042,0.0,0.40107718110084534,0.0,0.0,0.0,0.0,0.0,0.0,-0.4398614764213562,-0.011873941868543625,621,0,time,0.0,0.052811399102211,-2.8867712020874023,-1.6812525987625122,514
-0.15841084718704224,-0.12804584205150604,0.0,-0.10238578170537949,-0.6814778447151184,-0.1315033733844757,0.11607006192207336,0.0,0.5247363448143005,0.0,0.0,0.0,0.0,0.0,0.0,0.47892531752586365,0.20289136469364166,622,0,time,0.0,0.17358167469501495,-1.5604528188705444,-1.6812525987625122,514
-0.13822239637374878,0.23805424571037292,0.0,0.5971992015838623,-0.6374226808547974,-0.45707452297210693,0.04480382055044174,0.0,0.4631810188293457,0.0,0.0,0.0,0.0,0.0,0.0,-0.30800995230674744,-0.005624279845505953,623,0,time,0.0,0.13188786804676056,-1.8843687772750854,-1.6812525987625122,514
-0.040910255163908005,0.2081216275691986,0.0,0.39067313075065613,-0.5070063471794128,0.1644640862941742,0.0406794399023056,0.0,-0.566006600856781,0.0,0.0,0.0,0.0,0.0,0.0,-0.9192103147506714,0.024393100291490555,624,0,time,0.0,0.052847232669591904,-2.8860549926757812,-1.6812525987625122,514
-0.1132185310125351,0.23805424571037292,0.0,0.37841811776161194,-0.5283501744270325,0.2282412052154541,0.032334234565496445,0.0,-0.6299110651016235,0.0,0.0,0.0,0.0,0.0,0.0,-0.08799812197685242,0.06422307342290878,625,0,time,0.0,0.10914937406778336,-2.099459409713745,-1.6812525987625122,514
-0.1536857932806015,0.23805424571037292,0.0,0.3801571726799011,-0.6264491677284241,0.1825680136680603,0.04685628414154053,0.0,0.43055880069732666,0.0,0.0,0.0,0.0,0.0,0.0,-0.14053571224212646,-0.0006206738762557507,626,0,time,1.0,0.21009543538093567,-1.324350357055664,-1.6812525987625122,514
0.07864652574062347,0.22944357991218567,0.0,0.025389691814780235,-0.49592480063438416,0.22903324663639069,-0.23735558986663818,0.0,0.5017161965370178,0.0,0.0,0.0,0.0,0.0,0.0,0.4986433684825897,-0.1745087206363678,627,0,time,0.0,0.2638274133205414,-1.0261694192886353,-1.6812525987625122,514
0.044358331710100174,-0.11208939552307129,0.0,-0.08839882165193558,-0.7247073650360107,-0.1762688159942627,-0.24843531847000122,0.0,0.3909451961517334,0.0,0.0,0.0,0.0,0.0,0.0,-0.9741402268409729,-0.01847584918141365,628,0,time,0.0,0.026897242292761803,-3.588465929031372,-1.6812525987625122,514
0.13742630183696747,-0.12804584205150604,0.0,0.5647874474525452,-0.718683660030365,-0.3822515904903412,0.04484133422374725,0.0,0.5150380730628967,0.0,0.0,0.0,0.0,0.0,0.0,-0.09684304893016815,0.1080230250954628,629,0,time,0.0,0.1628790944814682,-1.6369603872299194,-1.6812525987625122,514
-0.14431439340114594,-0.12804584205150604,0.0,-0.06834585219621658,-0.3436547815799713,0.15739165246486664,-0.2689901292324066,0.0,0.5513274669647217,0.0,0.0,0.0,0.0,0.0,0.0,-0.15458297729492188,-0.004812649916857481,630,0,time,1.0,0.11053571850061417,-2.085280656814575,-1.6812525987625122,514
0.04972601681947708,-0.12354463338851929,0.0,-0.053255412727594376,-0.5387513041496277,0.21216915547847748,-0.17442521452903748,0.0,-0.6762881875038147,0.0,0.0,0.0,0.0,0.0,0.0,0.4648014307022095,-0.1514349728822708,631,0,time,0.0,0.064630426466465,-2.6722564697265625,-1.6812525987625122,514
0.1328359693288803,-0.12804584205150604,0.0,0.5366721749305725,-0.7136715650558472,-0.5312272310256958,0.017397386953234673,0.0,0.5484669208526611,0.0,0.0,0.0,0.0,0.0,0.0,-0.09298604726791382,0.1080230250954628,632,0,time,0.0,0.1413906216621399,-1.8037875890731812,-1.6812525987625122,514
0.048733651638031006,-0.11208939552307129,0.0,-0.08839882165193558,-0.7247073650360107,-0.1713871955871582,-0.20736615359783173,0.0,0.3909451961517334,0.0,0.0,0.0,0.0,0.0,0.0,-0.9994198083877563,-0.01847584918141365,633,0,time,0.0,0.027560627087950706,-3.5634195804595947,-1.6812525987625122,514
-0.14294745028018951,-0.12804584205150604,0.0,-0.10087400674819946,-0.8071496486663818,-0.1146920844912529,0.10402005910873413,0.0,0.50665682554245,0.0,0.0,0.0,0.0,0.0,0.0,-0.26343396306037903,-0.011873941868543625,634,0,time,0.0,0.06663336604833603,-2.6395926475524902,-1.6812525987625122,514
-0.15841084718704224,-0.12354463338851929,0.0,-0.08113546669483185,-0.6264205574989319,-0.10793996602296829,0.20654843747615814,0.0,0.5898730158805847,0.0,0.0,0.0,0.0,0.0,0.0,0.6739123463630676,0.22306862473487854,635,0,time,0.0,0.25250405073165894,-1.0853016376495361,-1.6812525987625122,514
-0.12904031574726105,-0.11336685717105865,0.0,0.051913559436798096,-0.1827733963727951,0.12514139711856842,-0.2689901292324066,0.0,0.623846709728241,0.0,0.0,0.0,0.0,0.0,0.0,0.6981495022773743,0.22512631118297577,636,0,time,0.0,0.3427087366580963,-0.6512462496757507,-1.6812525987625122,514
-0.15841084718704224,-0.12354463338851929,0.0,-0.08351924270391464,-0.6459523439407349,-0.11016272753477097,0.13193000853061676,0.0,0.5200167298316956,0.0,0.0,0.0,0.0,0.0,0.0,0.6789308190345764,0.22306862473487854,637,0,time,1.0,0.22289128601551056,-1.2488961219787598,-1.6812525987625122,514
0.04951100796461105,0.22944357991218567,0.0,0.38011622428894043,-0.3906910717487335,-0.23311039805412292,0.005746074486523867,0.0,-0.6808058023452759,0.0,0.0,0.0,0.0,0.0,0.0,0.4182673990726471,-0.15829716622829437,638,0,time,0.0,0.11293833702802658,-2.061072587966919,-1.6812525987625122,514
0.12337584793567657,0.23805424571037292,0.0,0.01713395304977894,-0.21445287764072418,-0.24905388057231903,-0.27497002482414246,0.0,0.594082236289978,0.0,0.0,0.0,0.0,0.0,0.0,-0.08908495306968689,0.001437013503164053,639,0,time,0.0,0.1773025095462799,-1.534731149673462,-1.6812525987625122,514
0.03617540001869202,0.2081216275691986,0.0,0.6409382820129395,-0.5197884440422058,-0.45640239119529724,0.030905524268746376,0.0,-0.6064324975013733,0.0,0.0,0.0,0.0,0.0,0.0,-0.8865504264831543,0.024393100291490555,640,0,time,0.0,0.038795143365859985,-3.209892511367798,-1.6812525987625122,514
-0.11459342390298843,0.23805424571037292,0.0,-0.029444249346852303,-0.6477105617523193,-0.33516472578048706,0.05950070917606354,0.0,-0.6206167340278625,0.0,0.0,0.0,0.0,0.0,0.0,-0.1627480685710907,0.026091229170560837,641,0,time,0.0,0.03668954223394394,-3.2678840160369873,-1.6812525987625122,514
-0.12904031574726105,0.09934207797050476,0.0,0.18159103393554688,0.5776674151420593,0.12142493575811386,-0.2727065980434418,0.0,0.49542003870010376,0.0,0.0,0.0,0.0,0.0,0.0,0.005253675393760204,0.12162404507398605,642,0,time,0.0,0.38209250569343567,-0.4806760251522064,-1.6812525987625122,514
-0.14881813526153564,0.23805424571037292,0.0,-0.005283164791762829,-0.20734903216362,-0.19886954128742218,-0.20367762446403503,0.0,0.5545769333839417,0.0,0.0,0.0,0.0,0.0,0.0,-0.1664159893989563,0.11633037775754929,643,0,time,0.0,0.15411242842674255,-1.7027040719985962,-1.6812525987625122,514
-0.1536857932806015,0.23805424571037292,0.0,0.3801571726799011,-0.6264491677284241,0.1825680136680603,0.04685628414154053,0.0,0.47135740518569946,0.0,0.0,0.0,0.0,0.0,0.0,-0.14053571224212646,0.11427269130945206,644,0,time,0.0,0.2370975762605667,-1.1686583757400513,-1.6812525987625122,514
-0.040910255163908005,0.2081216275691986,0.0,0.39067313075065613,-0.5070063471794128,0.1644640862941742,0.0406794399023056,0.0,-0.566006600856781,0.0,0.0,0.0,0.0,0.0,0.0,-0.9192103147506714,0.024393100291490555,645,0,time,0.0,0.052847232669591904,-2.8860549926757812,-1.6812525987625122,514
-0.11794359236955643,0.22944357991218567,0.0,0.5592482686042786,-0.49292317032814026,0.3217760920524597,0.2089642733335495,0.0,-0.6923601627349854,0.0,0.0,0.0,0.0,0.0,0.0,-0.07693648338317871,0.07128847390413284,646,0,time,0.0,0.15833158791065216,-1.6706947088241577,-1.6812525987625122,514
-0.10027565807104111,0.23805424571037292,0.0,-0.014512350782752037,-0.32760095596313477,-0.5274549722671509,0.08931213617324829,0.0,-0.7726587653160095,0.0,0.0,0.0,0.0,0.0,0.0,-0.28987258672714233,0.026618093252182007,647,0,time,1.0,0.03358079865574837,-3.3596432209014893,-1.6812525987625122,514
0.06897139549255371,-0.06352120637893677,0.0,0.0526009164750576,0.4552038311958313,0.13340984284877777,-0.2786864936351776,0.0,0.5306280851364136,0.0,0.0,0.0,0.0,0.0,0.0,0.295841783285141,-0.18050256371498108,648,0,time,0.0,0.33910009264945984,-0.6673070788383484,-1.6812525987625122,514
0.11831984668970108,-0.12804584205150604,0.0,-0.060922540724277496,-0.2601497173309326,-0.0732455626130104,0.26642414927482605,0.0,0.6251795291900635,0.0,0.0,0.0,0.0,0.0,0.0,-0.18245656788349152,-0.009816255420446396,649,0,time,0.0,0.20005269348621368,-1.38596510887146,-1.6812525987625122,514
0.09883065521717072,-0.12804584205150604,0.0,-0.06754928827285767,-0.4489375054836273,-0.3072044253349304,0.1936700940132141,0.0,-0.8785803914070129,0.0,0.0,0.0,0.0,0.0,0.0,-0.05221153050661087,0.05850027874112129,650,0,time,1.0,0.0386875681579113,-3.2127811908721924,-1.6812525987625122,514
0.044426195323467255,-0.09335607290267944,0.0,-0.045710913836956024,-0.15487447381019592,-0.25927168130874634,-0.16956238448619843,0.0,-0.8184048533439636,0.0,0.0,0.0,0.0,0.0,0.0,0.44187241792678833,-0.15289151668548584,651,0,time,0.0,0.052698664367198944,-2.8890271186828613,-1.6812525987625122,514
0.12340464442968369,-0.12804584205150604,0.0,0.31963008642196655,-0.7040860652923584,0.11368364840745926,0.05582522973418236,0.0,0.42728346586227417,0.0,0.0,0.0,0.0,0.0,0.0,-0.36150097846984863,-0.011873941868543625,652,0,time,1.0,0.13623344898223877,-1.8469325304031372,-1.6812525987625122,514
0.10413046926259995,0.22944357991218567,0.0,0.6327637434005737,-0.3609136641025543,-0.15582914650440216,-0.17442521452903748,0.0,-0.6788886785507202,0.0,0.0,0.0,0.0,0.0,0.0,0.5942849516868591,-0.15829716622829437,653,0,time,0.0,0.16124625504016876,-1.648984432220459,-1.6812525987625122,514
-0.052032675594091415,0.2081216275691986,0.0,0.3924121856689453,-0.6012945175170898,0.1187908798456192,0.05520147830247879,0.0,0.3877490162849426,0.0,0.0,0.0,0.0,0.0,0.0,-0.9601345658302307,-0.012226186692714691,654,0,time,0.0,0.10483074188232422,-2.1446657180786133,-1.6812525987625122,514
-0.1132185310125351,0.22944357991218567,0.0,0.3817940354347229,-0.44170263409614563,0.2282412052154541,0.032334234565496445,0.0,-0.670307993888855,0.0,0.0,0.0,0.0,0.0,0.0,0.48077690601348877,0.16615678369998932,655,0,time,0.0,0.19976945221424103,-1.3877358436584473,-1.6812525987625122,514
-0.1536857932806015,0.23805424571037292,0.0,0.3801571726799011,-0.6264491677284241,0.1825680136680603,0.04685628414154053,0.0,0.47135740518569946,0.0,0.0,0.0,0.0,0.0,0.0,-0.14053571224212646,0.11427269130945206,656,0,time,0.0,0.2370975762605667,-1.1686583757400513,-1.6812525987625122,514
-0.13335473835468292,0.23805424571037292,0.0,0.009710627608001232,-0.24200375378131866,0.1856463998556137,0.04101516678929329,0.0,0.5410414338111877,0.0,0.0,0.0,0.0,0.0,0.0,-0.4545230567455292,-0.003566592466086149,657,0,time,0.0,0.18253998458385468,-1.4992327690124512,-1.6812525987625122,514
-0.13822239637374878,-0.12804584205150604,0.0,0.519142746925354,-0.7232173681259155,-0.4535757899284363,0.04480382055044174,0.0,0.45968231558799744,0.0,0.0,0.0,0.0,0.0,0.0,-0.31631967425346375,-0.011873941868543625,658,0,time,0.0,0.08099688589572906,-2.4288787841796875,-1.6812525987625122,514
-0.1132185310125351,-0.12354463338851929,0.0,0.30036160349845886,-0.6078935265541077,0.2282412052154541,0.032334234565496445,0.0,-0.6299110651016235,0.0,0.0,0.0,0.0,0.0,0.0,-0.09630782902240753,0.0781506821513176,659,0,time,0.0,0.06830383092164993,-2.6130409240722656,-1.6812525987625122,514
-0.14431439340114594,0.23805424571037292,0.0,0.009710627608001232,-0.23653481900691986,0.13606621325016022,-0.2689901292324066,0.0,0.5513274669647217,0.0,0.0,0.0,0.0,0.0,0.0,-0.14627330005168915,0.001437013503164053,660,0,time,0.0,0.17642340064048767,-1.5407698154449463,-1.6812525987625122,514
-0.15841084718704224,0.23805424571037292,0.0,-0.012827662751078606,-0.6849246025085449,0.32246074080467224,0.10402005910873413,0.0,0.45096659660339355,0.0,0.0,0.0,0.0,0.0,0.0,-0.16471995413303375,-0.0006206738762557507,661,0,time,0.0,0.1697705239057541,-1.587254524230957,-1.6812525987625122,514
-0.08835173398256302,0.0743076354265213,0.0,-0.05521024763584137,-0.2028641402721405,0.29460740089416504,0.04074981063604355,0.0,-0.7985890507698059,0.0,0.0,0.0,0.0,0.0,0.0,-0.09538724273443222,0.06474994122982025,662,0,time,0.0,0.07964055985212326,-2.4472408294677734,-1.6812525987625122,514
-0.0448625385761261,0.10033516585826874,0.0,-0.07261399179697037,-0.11489228159189224,0.08234473317861557,0.07272881269454956,0.0,0.48613911867141724,0.0,0.0,0.0,0.0,0.0,0.0,-0.9180114269256592,-0.010168500244617462,663,0,time,0.0,0.10907220095396042,-2.1002533435821533,-1.6812525987625122,514
-0.1132185310125351,0.22944357991218567,0.0,0.3817940354347229,-0.44170263409614563,0.2282412052154541,0.032334234565496445,0.0,-0.670307993888855,0.0,0.0,0.0,0.0,0.0,0.0,0.48077690601348877,0.16615678369998932,664,0,time,0.0,0.19976945221424103,-1.3877358436584473,-1.6812525987625122,514
-0.1098683625459671,-0.12804584205150604,0.0,0.30036160349845886,-0.6141448616981506,0.2282412052154541,0.032334234565496445,0.0,-0.5686920881271362,0.0,0.0,0.0,0.0,0.0,0.0,-0.122745081782341,0.019841566681861877,665,0,time,0.0,0.06636160612106323,-2.643970489501953,-1.6812525987625122,514
-0.11794359236955643,-0.12354463338851929,0.0,-0.10750074684619904,-0.7272538542747498,-0.33516472578048706,0.05950070917606354,0.0,-0.6818357110023499,0.0,0.0,0.0,0.0,0.0,0.0,-0.14462052285671234,0.0781506821513176,666,0,time,0.0,0.02228149026632309,-3.781465530395508,-1.6812525987625122,514
-0.1132185310125351,-0.12804584205150604,0.0,0.30036160349845886,-0.6141448616981506,0.2282412052154541,0.032334234565496445,0.0,-0.6299110651016235,0.0,0.0,0.0,0.0,0.0,0.0,-0.09630782902240753,0.05797341465950012,667,0,time,0.0,0.06636160612106323,-2.643970489501953,-1.6812525987625122,514
-0.1133555993437767,-0.11786806583404541,0.0,0.08294235169887543,-0.1994621753692627,0.3753927946090698,0.08025574684143066,0.0,0.5026112198829651,0.0,0.0,0.0,0.0,0.0,0.0,-0.4268467426300049,-0.009816255420446396,668,0,time,0.0,0.18132458627223969,-1.5073989629745483,-1.6812525987625122,514
-0.03846517950296402,-0.09340251982212067,0.0,-0.0069545600563287735,-0.415178507566452,-0.13378646969795227,0.16157414019107819,0.0,-0.810370147228241,0.0,0.0,0.0,0.0,0.0,0.0,-0.8963721990585327,0.018670301884412766,669,0,time,0.0,0.0199272483587265,-3.895538806915283,-1.6812525987625122,514
-0.04958759993314743,-0.10191161930561066,0.0,0.0032936036586761475,-0.26291656494140625,-0.22829005122184753,0.18548232316970825,0.0,0.5021215081214905,0.0,0.0,0.0,0.0,0.0,0.0,-0.9426339268684387,-0.016418160870671272,670,0,time,0.0,0.06964770704507828,-2.592113494873047,-1.6812525987625122,514
-0.09307679533958435,-0.11786806583404541,0.0,0.007952029816806316,-0.4138548970222473,-0.47569340467453003,0.03333036229014397,0.0,-0.8338777422904968,0.0,0.0,0.0,0.0,0.0,0.0,-0.1358923763036728,0.05850027874112129,671,0,time,0.0,0.025289934128522873,-3.651733636856079,-1.6812525987625122,514
-0.07281530648469925,-0.005090533755719662,0.0,0.0738900899887085,0.4638938009738922,0.11621297150850296,-0.27726227045059204,0.0,0.5031991004943848,0.0,0.0,0.0,0.0,0.0,0.0,0.4531790316104889,0.21795880794525146,672,0,time,0.0,0.44816502928733826,-0.20808732509613037,-1.6812525987625122,514
-0.0448625385761261,-0.10191161930561066,0.0,-0.004196526482701302,-0.23742574453353882,-0.5188812613487244,0.06985808163881302,0.0,0.49608534574508667,0.0,0.0,0.0,0.0,0.0,0.0,-0.8804320693016052,-0.016418160870671272,673,0,time,0.0,0.051201049238443375,-2.9194369316101074,-1.6812525987625122,514
-0.052032675594091415,-0.11208939552307129,0.0,0.5595130324363708,-0.6439810395240784,-0.3419434428215027,-0.061917975544929504,0.0,0.39181220531463623,0.0,0.0,0.0,0.0,0.0,0.0,-0.8841298222541809,-0.01847584918141365,674,0,time,0.0,0.05496640130877495,-2.8444983959198,-1.6812525987625122,514
-0.040910255163908005,-0.11208939552307129,0.0,0.31261658668518066,-0.5773635506629944,0.1644640862941742,0.0406794399023056,0.0,-0.566006600856781,0.0,0.0,0.0,0.0,0.0,0.0,-0.8816308975219727,0.018143437802791595,675,0,time,0.0,0.03477877005934715,-3.323350191116333,-1.6812525987625122,514
-0.1132185310125351,-0.12804584205150604,0.0,0.5455189347267151,-0.6294364929199219,-0.5344528555870056,0.0022515812888741493,0.0,-0.6651996970176697,0.0,0.0,0.0,0.0,0.0,0.0,-0.1285032331943512,0.05797341465950012,676,0,time,0.0,0.03646115958690643,-3.274365186691284,-1.6812525987625122,514
-0.041131578385829926,-0.11208939552307129,0.0,-0.08036819845438004,-0.6595768332481384,0.16167226433753967,-0.17952506244182587,0.0,-0.5770813822746277,0.0,0.0,0.0,0.0,0.0,0.0,-0.9006885290145874,0.018143437802791595,677,0,time,0.0,0.017092101275920868,-4.051898956298828,-1.6812525987625122,514
-0.11808066070079803,-0.03942660614848137,0.0,-0.03255510330200195,-0.17002511024475098,0.1866104006767273,0.16263705492019653,0.0,0.5669072270393372,0.0,0.0,0.0,0.0,0.0,0.0,-0.45818498730659485,-0.009816255420446396,678,0,time,0.0,0.1689361035823822,-1.5931861400604248,-1.6812525987625122,514
-0.09307679533958435,0.19609218835830688,0.0,0.03295130655169487,-0.3419833779335022,-0.18209856748580933,0.2148744910955429,0.0,-0.8790008425712585,0.0,0.0,0.0,0.0,0.0,0.0,-0.10845405608415604,0.07181534171104431,679,0,time,0.0,0.05895964056253433,-2.7701327800750732,-1.6812525987625122,514
-0.13354405760765076,0.20470285415649414,0.0,0.039578039199113846,-0.17175808548927307,-0.16820046305656433,0.12141329050064087,0.0,0.6692533493041992,0.0,0.0,0.0,0.0,0.0,0.0,-0.1749168336391449,0.11633037775754929,680,0,time,0.0,0.2353411167860031,-1.1783937215805054,-1.6812525987625122,514
-0.08857305347919464,0.00967138446867466,0.0,-0.016413656994700432,0.40343964099884033,0.14080727100372314,-0.18573705852031708,0.0,-0.6601603031158447,0.0,0.0,0.0,0.0,0.0,0.0,0.4813171923160553,0.14342904090881348,681,0,time,0.0,0.18946778774261475,-1.4534721374511719,-1.6812525987625122,514
-0.03374011814594269,0.19000588357448578,0.0,0.043827395886182785,-0.3263512849807739,-0.546308159828186,0.03619199991226196,0.0,-0.7652470469474792,0.0,0.0,0.0,0.0,0.0,0.0,-0.8717496991157532,0.024919964373111725,682,0,time,0.0,0.019270826131105423,-3.929703950881958,-1.6812525987625122,514
-0.07731904834508896,0.12165713310241699,0.0,-0.11108332127332687,-0.036818429827690125,-0.1222522109746933,0.1290743350982666,0.0,0.7009742259979248,0.0,0.0,0.0,0.0,0.0,0.0,0.6169430613517761,0.2182641178369522,683,0,time,0.0,0.43983957171440125,-0.24181322753429413,-1.6812525987625122,514
-0.12904031574726105,0.011511430144309998,0.0,0.007702941074967384,0.6879374980926514,0.15963564813137054,-0.27726227045059204,0.0,0.5343273878097534,0.0,0.0,0.0,0.0,0.0,0.0,0.4317341148853302,0.21281228959560394,684,0,time,0.0,0.48952797055244446,-0.04189432039856911,-1.6812525987625122,514
-0.11808066070079803,0.20470285415649414,0.0,0.03208790719509125,-0.1491650640964508,-0.3652370572090149,0.09817833453416824,0.0,0.590659499168396,0.0,0.0,0.0,0.0,0.0,0.0,-0.3140527009963989,-0.003566592466086149,685,0,time,0.0,0.15371891856193542,-1.7057257890701294,-1.6812525987625122,514
-0.11808066070079803,0.011511430144309998,0.0,-0.1087544858455658,0.304475873708725,-0.058977171778678894,0.21149934828281403,0.0,0.528854250907898,0.0,0.0,0.0,0.0,0.0,0.0,-0.30023589730262756,-0.001953014638274908,686,0,time,0.0,0.22918608784675598,-1.212912678718567,-1.6812525987625122,514
-0.13354405760765076,0.011511430144309998,0.0,-0.1087544858455658,0.2982610762119293,-0.1568002849817276,0.24905243515968323,0.0,0.5641535520553589,0.0,0.0,0.0,0.0,0.0,0.0,-0.07976950705051422,0.11794395744800568,687,0,time,0.0,0.2851211726665497,-0.9191988110542297,-1.6812525987625122,514
-0.1098683625459671,0.23805424571037292,0.0,0.6235753893852234,-0.5436418652534485,-0.520340621471405,0.0022515812888741493,0.0,-0.5968658328056335,0.0,0.0,0.0,0.0,0.0,0.0,-0.14663077890872955,0.026091229170560837,688,0,time,0.0,0.06246620789170265,-2.7086269855499268,-1.6812525987625122,514
-0.1133555993437767,-0.11786806583404541,0.0,0.014578770846128464,-0.23495960235595703,-0.5153825879096985,0.06985808163881302,0.0,0.5842617750167847,0.0,0.0,0.0,0.0,0.0,0.0,-0.32236242294311523,-0.009816255420446396,689,0,time,1.0,0.0889681875705719,-2.326298952102661,-1.6812525987625122,514
0.058936089277267456,-0.06511396169662476,0.0,-0.02253902703523636,-0.15249980986118317,-0.3161340057849884,0.104335255920887,0.0,0.6230708956718445,0.0,0.0,0.0,0.0,0.0,0.0,0.4604966640472412,-0.17333506047725677,690,0,time,1.0,0.23793481290340424,-1.1640353202819824,-1.6812525987625122,514
0.030015574768185616,-0.005090533755719662,0.0,0.04948558285832405,0.5006836652755737,-0.29468920826911926,-0.10145188122987747,0.0,-0.7196906805038452,0.0,0.0,0.0,0.0,0.0,0.0,0.25109556317329407,-0.16005901992321014,691,0,time,0.0,0.10612443834543228,-2.1309542655944824,-1.6812525987625122,514
0.08442003279924393,-0.005090533755719662,0.0,0.04206697270274162,0.7430048584938049,-0.3172576427459717,0.1925945281982422,0.0,-0.8300638198852539,0.0,0.0,0.0,0.0,0.0,0.0,0.14939558506011963,0.07151001691818237,692,0,time,1.0,0.17498920857906342,-1.550672173500061,-1.6812525987625122,514
0.05456077307462692,0.00967138446867466,0.0,-0.0015600889455527067,0.5950719118118286,0.16069573163986206,-0.28324219584465027,0.0,0.5306280851364136,0.0,0.0,0.0,0.0,0.0,0.0,0.29684385657310486,-0.18196898698806763,693,0,time,1.0,0.3774109184741974,-0.5005521178245544,-1.6812525987625122,514
0.054345764219760895,0.21132783591747284,0.0,0.1412380039691925,0.008164222352206707,0.434062659740448,0.07253430038690567,0.0,0.6014543175697327,0.0,0.0,0.0,0.0,0.0,0.0,0.5010018348693848,-0.18019725382328033,694,0,time,1.0,0.5405802726745605,0.16267888247966766,-1.6812525987625122,514
0.054345764219760895,0.21132783591747284,0.0,0.1436217576265335,0.025597909465432167,0.2600240111351013,0.07253430038690567,0.0,0.6590105295181274,0.0,0.0,0.0,0.0,0.0,0.0,0.4959833025932312,-0.18019725382328033,695,0,time,0.0,0.5152441263198853,0.06099539250135422,-1.6812525987625122,514
0.10875021666288376,0.21132783591747284,0.0,0.06954123079776764,-0.04147076979279518,-0.5930339694023132,0.0424516536295414,0.0,0.6472110152244568,0.0,0.0,0.0,0.0,0.0,0.0,0.7557641267776489,0.2182641178369522,696,0,time,0.0,0.43476203083992004,-0.26244795322418213,-1.6812525987625122,514
0.08237679302692413,0.0743076354265213,0.0,-0.14960388839244843,-0.297123521566391,-0.28006041049957275,0.09957130253314972,0.0,-0.8185685276985168,0.0,0.0,0.0,0.0,0.0,0.0,-0.16295546293258667,0.026618093252182007,697,0,time,0.0,0.042832087725400925,-3.106691360473633,-1.6812525987625122,514
-0.12881900370121002,-0.11786806583404541,0.0,0.08294235169887543,-0.19876807928085327,0.00973968394100666,0.04469863325357437,0.0,0.569254457950592,0.0,0.0,0.0,0.0,0.0,0.0,-0.18708352744579315,0.11008071154356003,698,0,time,1.0,0.18286216259002686,-1.497075080871582,-1.6812525987625122,514
0.05456077307462692,-0.005090533755719662,0.0,0.08807388693094254,0.6966103911399841,0.16069573163986206,-0.28324219584465027,0.0,0.5011231303215027,0.0,0.0,0.0,0.0,0.0,0.0,0.30002400279045105,-0.18050256371498108,699,0,time,0.0,0.41362491250038147,-0.348999947309494,-1.6812525987625122,514
0.10896522551774979,-0.006052407436072826,0.0,0.08283628523349762,0.9160451889038086,0.16069573163986206,-0.28324219584465027,0.0,0.4795847237110138,0.0,0.0,0.0,0.0,0.0,0.0,0.08649542182683945,0.001715086866170168,700,0,time,0.0,0.46649789810180664,-0.1342095136642456,-1.6812525987625122,514
0.10875021666288376,-0.10935896635055542,0.0,-0.006085611879825592,-0.24468150734901428,-0.5930339694023132,0.0424516536295414,0.0,0.6730464696884155,0.0,0.0,0.0,0.0,0.0,0.0,-0.10564901679754257,0.11008071154356003,701,0,time,0.0,0.14115463197231293,-1.8057329654693604,-1.6812525987625122,514
-0.12904031574726105,0.011511430144309998,0.0,0.005800372920930386,0.8405542373657227,0.15963564813137054,-0.27726227045059204,0.0,0.45703956484794617,0.0,0.0,0.0,0.0,0.0,0.0,0.00689928513020277,0.11794395744800568,702,0,time,0.0,0.3803246319293976,-0.4881705939769745,-1.6812525987625122,514
-0.08835173398256302,0.19609218835830688,0.0,0.02883707918226719,-0.24141278862953186,-0.6153536438941956,0.008161811158061028,0.0,-0.8742747902870178,0.0,0.0,0.0,0.0,0.0,0.0,0.44119226932525635,0.1666836440563202,703,0,time,0.0,0.06539496779441833,-2.6596786975860596,-1.6812525987625122,514
-0.03846517950296402,0.004890182986855507,0.0,-0.052452314645051956,0.6068431735038757,0.09310399740934372,-0.1543603390455246,0.0,-0.5756770372390747,0.0,0.0,0.0,0.0,0.0,0.0,-0.8744759559631348,0.026533544063568115,704,0,time,0.0,0.06627839058637619,-2.6453144550323486,-1.6812525987625122,514
-0.08972664177417755,-0.006052407436072826,0.0,0.05422224476933479,0.7601150870323181,-0.3557352125644684,0.07036720216274261,0.0,-0.6942503452301025,0.0,0.0,0.0,0.0,0.0,0.0,-0.0047216638922691345,0.026896167546510696,705,0,time,0.0,0.12784621119499207,-1.920137643814087,-1.6812525987625122,514
-0.11008968204259872,-0.12804584205150604,0.0,0.4811917841434479,-0.5738572478294373,0.18020674586296082,-0.17952506244182587,0.0,-0.5690695643424988,0.0,0.0,0.0,0.0,0.0,0.0,-0.3275110125541687,0.019841566681861877,706,0,time,0.0,0.05274439975619316,-2.8881113529205322,-1.6812525987625122,514
-0.13822239637374878,-0.12804584205150604,0.0,0.30210065841674805,-0.7129378914833069,0.1187908798456192,0.05520147830247879,0.0,0.4110347032546997,0.0,0.0,0.0,0.0,0.0,0.0,-0.420803964138031,-0.011873941868543625,707,0,time,1.0,0.09921220690011978,-2.2060086727142334,-1.6812525987625122,514
0.04951100796461105,-0.12354463338851929,0.0,0.30205976963043213,-0.47177955508232117,0.22313396632671356,0.03295798972249031,0.0,-0.6652133464813232,0.0,0.0,0.0,0.0,0.0,0.0,0.4421531856060028,-0.1514349728822708,708,0,time,0.0,0.11471995711326599,-2.043410062789917,-1.6812525987625122,514
0.10391546040773392,-0.12804584205150604,0.0,0.31789103150367737,-0.6052930355072021,0.22313396632671356,0.03295798972249031,0.0,-0.6743355393409729,0.0,0.0,0.0,0.0,0.0,0.0,-0.02422683872282505,0.05797341465950012,709,0,time,0.0,0.08492153137922287,-2.37728214263916,-1.6812525987625122,514
0.03382508456707001,-0.0025231139734387398,0.0,0.02206159383058548,0.7009153366088867,-0.17692561447620392,0.08986534178256989,0.0,-0.6458818912506104,0.0,0.0,0.0,0.0,0.0,0.0,-0.8322890996932983,0.025198038667440414,710,0,time,1.0,0.07820362597703934,-2.467008352279663,-1.6812525987625122,514
0.025640254840254784,-0.005090533755719662,0.0,0.08748526126146317,0.729529082775116,0.18529002368450165,-0.1917169690132141,0.0,-0.6822243332862854,0.0,0.0,0.0,0.0,0.0,0.0,0.2652582824230194,-0.16005901992321014,711,0,time,0.0,0.19354461133480072,-1.4271405935287476,-1.6812525987625122,514
0.03382508456707001,-0.0025231139734387398,0.0,0.02206159383058548,0.7172582745552063,-0.18972082436084747,0.1586725413799286,0.0,-0.7382751703262329,0.0,0.0,0.0,0.0,0.0,0.0,-0.8322890996932983,0.025198038667440414,712,0,time,0.0,0.07677124440670013,-2.487046957015991,-1.6812525987625122,514
0.07982970029115677,-0.005090533755719662,0.0,0.12768124043941498,0.6882656812667847,-0.006821902468800545,0.016612570732831955,0.0,-0.8231630921363831,0.0,0.0,0.0,0.0,0.0,0.0,0.44940611720085144,0.16637833416461945,713,0,time,1.0,0.27127665281295776,-0.9881550073623657,-1.6812525987625122,514
0.025640254840254784,-0.005090533755719662,0.0,0.08748526126146317,0.729529082775116,0.18529002368450165,-0.1917169690132141,0.0,-0.6822243332862854,0.0,0.0,0.0,0.0,0.0,0.0,0.2652582824230194,-0.16005901992321014,714,0,time,0.0,0.19354461133480072,-1.4271405935287476,-1.6812525987625122,514
0.08442003279924393,-0.005090533755719662,0.0,0.04544288292527199,0.6098082065582275,-0.26669466495513916,0.08270584046840668,0.0,-0.8794751167297363,0.0,0.0,0.0,0.0,0.0,0.0,0.43576958775520325,0.16637833416461945,715,0,time,1.0,0.1965516060590744,-1.4079879522323608,-1.6812525987625122,514
0.054345764219760895,-0.005090533755719662,0.0,0.052332744002342224,0.5636948943138123,-0.5774416327476501,0.0513269416987896,0.0,0.5830866098403931,0.0,0.0,0.0,0.0,0.0,0.0,0.26313135027885437,-0.18050256371498108,716,0,time,0.0,0.2939308285713196,-0.8763687610626221,-1.6812525987625122,514
0.078001469373703,-0.006052407436072826,0.0,0.08006665855646133,0.9642162322998047,0.18529002368450165,-0.1917169690132141,0.0,-0.6167263388633728,0.0,0.0,0.0,0.0,0.0,0.0,0.09413961321115494,0.026896167546510696,717,0,time,1.0,0.25594764947891235,-1.067138433456421,-1.6812525987625122,514
0.054345764219760895,-0.005090533755719662,0.0,0.053806085139513016,0.5743125081062317,-0.5809403657913208,0.0513269416987896,0.0,0.5570803880691528,0.0,0.0,0.0,0.0,0.0,0.0,0.26814988255500793,-0.18050256371498108,718,0,time,0.0,0.2913649082183838,-0.8887642025947571,-1.6812525987625122,514
0.07778646051883698,-0.04579620435833931,0.0,0.16404905915260315,0.8488974571228027,0.043615859001874924,0.02053159289062023,0.0,-0.6866607069969177,0.0,0.0,0.0,0.0,0.0,0.0,0.062265463173389435,0.026896167546510696,719,0,time,1.0,0.23691503703594208,-1.1696677207946777,-1.6812525987625122,514
0.025425245985388756,-0.04483432695269585,0.0,0.17146769165992737,0.6142101287841797,0.043615859001874924,0.02053159289062023,0.0,-0.7521587014198303,0.0,0.0,0.0,0.0,0.0,0.0,0.2333841323852539,-0.16005901992321014,720,0,time,0.0,0.1780419945716858,-1.5296698808670044,-1.6812525987625122,514
0.11334054917097092,-0.006052407436072826,0.0,0.078048937022686,0.7292306423187256,-0.2206028550863266,-0.19297708570957184,0.0,0.5754588842391968,0.0,0.0,0.0,0.0,0.0,0.0,0.5678002834320068,0.21147678792476654,721,0,time,0.0,0.5435073971748352,0.17447073757648468,-1.6812525987625122,514
0.10896522551774979,-0.006052407436072826,0.0,0.0727301687002182,0.948543131351471,-0.2254844754934311,-0.28324219584465027,0.0,0.4973762631416321,0.0,0.0,0.0,0.0,0.0,0.0,0.062366992235183716,0.001715086866170168,722,0,time,0.0,0.37652257084846497,-0.5043346881866455,-1.6812525987625122,514
-0.041131578385829926,-0.11208939552307129,0.0,0.565264105796814,-0.5505879521369934,-0.10857708007097244,-0.17952506244182587,0.0,-0.579681932926178,0.0,0.0,0.0,0.0,0.0,0.0,-0.8109506368637085,0.018143437802791595,723,0,time,0.0,0.029875373467803,-3.4803900718688965,-1.6812525987625122,514
-0.040910255163908005,-0.11208939552307129,0.0,0.31261658668518066,-0.5773635506629944,0.1644640862941742,0.0406794399023056,0.0,-0.566006600856781,0.0,0.0,0.0,0.0,0.0,0.0,-0.8816308975219727,0.018143437802791595,724,0,time,0.0,0.03477877005934715,-3.323350191116333,-1.6812525987625122,514
-0.1098683625459671,-0.12804584205150604,0.0,0.30036160349845886,-0.6148389577865601,0.1644640862941742,0.0406794399023056,0.0,-0.5686920881271362,0.0,0.0,0.0,0.0,0.0,0.0,-0.3245707154273987,0.019841566681861877,725,0,time,0.0,0.05205864831805229,-2.9019217491149902,-1.6812525987625122,514
-0.052032675594091415,-0.11208939552307129,0.0,0.31435564160346985,-0.6716516017913818,0.1187908798456192,0.05520147830247879,0.0,0.3877490162849426,0.0,0.0,0.0,0.0,0.0,0.0,-0.922555148601532,-0.01847584918141365,726,0,time,0.0,0.07030844688415527,-2.581960916519165,-1.6812525987625122,514
-0.040910255163908005,-0.11208939552307129,0.0,0.31261658668518066,-0.5773635506629944,0.1644640862941742,0.0406794399023056,0.0,-0.566006600856781,0.0,0.0,0.0,0.0,0.0,0.0,-0.8816308975219727,0.018143437802791595,727,0,time,0.0,0.03477877005934715,-3.323350191116333,-1.6812525987625122,514
-0.1098683625459671,-0.12804584205150604,0.0,0.30036160349845886,-0.6148389577865601,0.1644640862941742,0.0406794399023056,0.0,-0.5686920881271362,0.0,0.0,0.0,0.0,0.0,0.0,-0.3245707154273987,0.019841566681861877,728,0,time,0.0,0.05205864831805229,-2.9019217491149902,-1.6812525987625122,514
-0.040910255163908005,-0.11208939552307129,0.0,0.31261658668518066,-0.5773635506629944,0.1644640862941742,0.0406794399023056,0.0,-0.566006600856781,0.0,0.0,0.0,0.0,0.0,0.0,-0.8816308975219727,0.018143437802791595,729,0,time,0.0,0.03477877005934715,-3.323350191116333,-1.6812525987625122,514
-0.1536857932806015,-0.12804584205150604,0.0,0.30210065841674805,-0.7122438549995422,0.008529319427907467,0.04685628414154053,0.0,0.43055880069732666,0.0,0.0,0.0,0.0,0.0,0.0,-0.1488453894853592,-0.006870337296277285,730,0,time,1.0,0.11477184295654297,-2.0428991317749023,-1.6812525987625122,514
0.03983587026596069,-0.12354463338851929,0.0,-0.010681640356779099,-0.2275700867176056,0.4408348798751831,0.03886822238564491,0.0,-0.8299245238304138,0.0,0.0,0.0,0.0,0.0,0.0,0.4649049639701843,-0.15289151668548584,731,0,time,0.0,0.11492198705673218,-2.0414223670959473,-1.6812525987625122,514
0.10875021666288376,-0.006052407436072826,0.0,0.07459453493356705,1.028367042541504,-0.5163459777832031,0.17730294167995453,0.0,0.5763405561447144,0.0,0.0,0.0,0.0,0.0,0.0,0.0723327025771141,0.11660844832658768,732,0,time,0.0,0.4876638352870941,-0.04935476928949356,-1.6812525987625122,514
0.09424032270908356,-0.12354463338851929,0.0,-0.02914409339427948,-0.27998608350753784,0.4408348798751831,0.03886822238564491,0.0,-0.883410632610321,0.0,0.0,0.0,0.0,0.0,0.0,0.529630184173584,0.17354583740234375,733,0,time,0.0,0.15184304118156433,-1.7202184200286865,-1.6812525987625122,514
-0.13354405760765076,-0.006052407436072826,0.0,0.08385489135980606,0.9695767760276794,-0.22481100261211395,-0.19587624073028564,0.0,0.47483110427856445,0.0,0.0,0.0,0.0,0.0,0.0,-0.009101812727749348,0.11660844832658768,734,0,time,0.0,0.3530254065990448,-0.6057669520378113,-1.6812525987625122,514
-0.12904031574726105,-0.006052407436072826,0.0,0.08488546311855316,0.95895916223526,-0.2265445590019226,-0.27726227045059204,0.0,0.47241294384002686,0.0,0.0,0.0,0.0,0.0,0.0,-0.015210519544780254,0.001715086866170168,735,0,time,0.0,0.3063179552555084,-0.8173900842666626,-1.6812525987625122,514
-0.08500158041715622,-0.08767951279878616,0.0,0.08120329678058624,-0.2025100141763687,0.021843738853931427,0.01353788748383522,0.0,-0.7484216094017029,0.0,0.0,0.0,0.0,0.0,0.0,-0.16232962906360626,0.020368430763483047,736,0,time,0.0,0.055711694061756134,-2.8302414417266846,-1.6812525987625122,514
-0.056993503123521805,-0.12354463338851929,0.0,0.284934401512146,-0.4817708432674408,0.2282412052154541,0.032334234565496445,0.0,-0.6618067026138306,0.0,0.0,0.0,0.0,0.0,0.0,0.5942656993865967,0.17301897704601288,737,0,time,0.0,0.15543757379055023,-1.692574381828308,-1.6812525987625122,514
-0.1132185310125351,-0.12804584205150604,0.0,-0.07247146219015121,-0.699700117111206,0.410688579082489,0.032334234565496445,0.0,-0.6035609841346741,0.0,0.0,0.0,0.0,0.0,0.0,-0.11242512613534927,0.02092602476477623,738,0,time,0.0,0.049891483038663864,-2.946725845336914,-1.6812525987625122,514
-0.052032675594091415,-0.11208939552307129,0.0,0.31435564160346985,-0.6716516017913818,0.1187908798456192,0.05520147830247879,0.0,0.3877490162849426,0.0,0.0,0.0,0.0,0.0,0.0,-0.922555148601532,-0.01847584918141365,739,0,time,0.0,0.07030844688415527,-2.581960916519165,-1.6812525987625122,514
-0.1132185310125351,-0.12354463338851929,0.0,0.3037375211715698,-0.5227910876274109,0.2282412052154541,0.032334234565496445,0.0,-0.670307993888855,0.0,0.0,0.0,0.0,0.0,0.0,0.47246718406677246,0.17301897704601288,740,0,time,0.0,0.1299595683813095,-1.9013162851333618,-1.6812525987625122,514
-0.1536857932806015,-0.12804584205150604,0.0,-0.06735651195049286,-0.7126967310905457,0.19097676873207092,0.04685628414154053,0.0,0.5084428191184998,0.0,0.0,0.0,0.0,0.0,0.0,0.49199211597442627,0.20289136469364166,741,0,time,0.0,0.2138490229845047,-1.3018784523010254,-1.6812525987625122,514
-0.1536857932806015,-0.12354463338851929,0.0,0.25449976325035095,-0.579915463924408,0.1825680136680603,0.04685628414154053,0.0,0.5194451808929443,0.0,0.0,0.0,0.0,0.0,0.0,0.6620244979858398,0.16189973056316376,742,0,time,0.0,0.3293546438217163,-0.7111053466796875,-1.6812525987625122,514
-0.1536857932806015,-0.12804584205150604,0.0,0.30210065841674805,-0.7122438549995422,0.1825680136680603,0.04685628414154053,0.0,0.47135740518569946,0.0,0.0,0.0,0.0,0.0,0.0,-0.1488453894853592,0.1080230250954628,743,0,time,0.0,0.15275320410728455,-1.7131685018539429,-1.6812525987625122,514
-0.1536857932806015,-0.12354463338851929,0.0,0.2794053554534912,-0.6117945909500122,0.1825680136680603,0.04685628414154053,0.0,0.5191401839256287,0.0,0.0,0.0,0.0,0.0,0.0,0.5505015850067139,0.22306862473487854,744,0,time,0.0,0.31675222516059875,-0.76873779296875,-1.6812525987625122,514
-0.040910255163908005,-0.11208939552307129,0.0,0.31261658668518066,-0.5773635506629944,0.1644640862941742,0.0406794399023056,0.0,-0.566006600856781,0.0,0.0,0.0,0.0,0.0,0.0,-0.8816308975219727,0.018143437802791595,745,0,time,0.0,0.03477877005934715,-3.323350191116333,-1.6812525987625122,514
-0.1536857932806015,-0.12804584205150604,0.0,0.30210065841674805,-0.7122438549995422,0.1825680136680603,0.04685628414154053,0.0,0.43055880069732666,0.0,0.0,0.0,0.0,0.0,0.0,-0.1488453894853592,-0.006870337296277285,746,0,time,0.0,0.13367360830307007,-1.8688606023788452,-1.6812525987625122,514
-0.15841084718704224,-0.12354463338851929,0.0,0.5087018013000488,-0.5092837810516357,-0.1186780333518982,-0.14998964965343475,0.0,0.5435622930526733,0.0,0.0,0.0,0.0,0.0,0.0,0.6523599624633789,0.22306862473487854,747,0,time,0.0,0.3071521818637848,-0.8134670853614807,-1.6812525987625122,514
-0.1536857932806015,-0.12804584205150604,0.0,0.2739854156970978,-0.7072317600250244,-0.24931274354457855,0.019644370302557945,0.0,0.4727587401866913,0.0,0.0,0.0,0.0,0.0,0.0,-0.17718379199504852,-0.006870337296277285,748,0,time,0.0,0.08808904141187668,-2.3371942043304443,-1.6812525987625122,514
-0.040910255163908005,-0.11208939552307129,0.0,0.31261658668518066,-0.5773635506629944,-0.009574590250849724,0.0406794399023056,0.0,-0.566006600856781,0.0,0.0,0.0,0.0,0.0,0.0,-0.8816308975219727,0.018143437802791595,749,0,time,0.0,0.029386617243289948,-3.4973888397216797,-1.6812525987625122,514
-0.052032675594091415,-0.11208939552307129,0.0,0.31435564160346985,-0.6716516017913818,-0.17149610817432404,0.04767455905675888,0.0,0.3877490162849426,0.0,0.0,0.0,0.0,0.0,0.0,-0.8219279646873474,-0.01847584918141365,750,0,time,0.0,0.05846145376563072,-2.7791476249694824,-1.6812525987625122,514
-0.1098683625459671,-0.12804584205150604,0.0,0.30036160349845886,-0.6141448616981506,0.2282412052154541,0.032334234565496445,0.0,-0.5686920881271362,0.0,0.0,0.0,0.0,0.0,0.0,-0.122745081782341,0.019841566681861877,751,0,time,0.0,0.06636160612106323,-2.643970489501953,-1.6812525987625122,514
-0.13822239637374878,-0.12804584205150604,0.0,0.519142746925354,-0.7225233316421509,-0.5261200070381165,0.016773631796240807,0.0,0.4631810188293457,0.0,0.0,0.0,0.0,0.0,0.0,-0.24731667339801788,-0.011873941868543625,752,0,time,0.0,0.0789821669459343,-2.4562573432922363,-1.6812525987625122,514
-0.15390710532665253,-0.12804584205150604,0.0,-0.08599647134542465,-0.7124375104904175,0.22797316312789917,-0.23137567937374115,0.0,0.5278316736221313,0.0,0.0,0.0,0.0,0.0,0.0,-0.16000977158546448,0.1080230250954628,753,0,time,0.0,0.09202150255441666,-2.289198398590088,-1.6812525987625122,514
-0.13822239637374878,-0.12804584205150604,0.0,0.30210065841674805,-0.7129378914833069,-0.055247798562049866,0.05520147830247879,0.0,0.4110347032546997,0.0,0.0,0.0,0.0,0.0,0.0,-0.420803964138031,-0.011873941868543625,754,0,time,0.0,0.08470689505338669,-2.38004732131958,-1.6812525987625122,514
-0.15841084718704224,-0.12354463338851929,0.0,0.5087018013000488,-0.5501318573951721,-0.025923946872353554,0.10402005910873413,0.0,0.573927640914917,0.0,0.0,0.0,0.0,0.0,0.0,0.6332314610481262,0.22306862473487854,755,0,time,0.0,0.3784071207046509,-0.49631473422050476,-1.6812525987625122,514
-0.15390710532665253,0.22944357991218567,0.0,0.007860265672206879,-0.5092267394065857,0.22797316312789917,-0.23137567937374115,0.0,0.4849344491958618,0.0,0.0,0.0,0.0,0.0,0.0,0.6980010271072388,0.1550375372171402,756,0,time,0.0,0.315935879945755,-0.7725124359130859,-1.6812525987625122,514
-0.15841084718704224,0.23805424571037292,0.0,0.5328720808029175,-0.5158694386482239,0.24824118614196777,-0.14998964965343475,0.0,0.4647274613380432,0.0,0.0,0.0,0.0,0.0,0.0,-0.12561707198619843,-0.0006206738762557507,757,0,time,0.0,0.24087907373905182,-1.1478660106658936,-1.6812525987625122,514
-0.1098683625459671,0.23805424571037292,0.0,0.37841811776161194,-0.5283501744270325,0.2282412052154541,0.032334234565496445,0.0,-0.5686920881271362,0.0,0.0,0.0,0.0,0.0,0.0,-0.11443537473678589,0.026091229170560837,758,0,time,0.0,0.10914937406778336,-2.099459409713745,-1.6812525987625122,514
-0.15390710532665253,0.23805424571037292,0.0,-0.012827662751078606,-0.6440765261650085,0.22797316312789917,-0.23137567937374115,0.0,0.4613998830318451,0.0,0.0,0.0,0.0,0.0,0.0,-0.1555570662021637,0.11427269130945206,759,0,time,0.0,0.13737128674983978,-1.837296962738037,-1.6812525987625122,514
-0.1384437084197998,0.23805424571037292,0.0,-0.007939976640045643,-0.6303387880325317,0.1785363256931305,-0.2424554079771042,0.0,0.4675089716911316,0.0,0.0,0.0,0.0,0.0,0.0,-0.42769482731819153,-0.005624279845505953,760,0,time,0.0,0.09537959843873978,-2.249650716781616,-1.6812525987625122,514
-0.11794359236955643,0.23805424571037292,0.0,-0.029444249346852303,-0.6318695545196533,-0.1699860394001007,0.2089642733335495,0.0,-0.6793078780174255,0.0,0.0,0.0,0.0,0.0,0.0,-0.11718221753835678,0.02717568725347519,761,0,time,0.0,0.049604710191488266,-2.952792167663574,-1.6812525987625122,514
-0.04563531652092934,0.2081216275691986,0.0,0.5715032815933228,-0.4772798717021942,0.26441097259521484,0.10254377871751785,0.0,-0.6284556984901428,0.0,0.0,0.0,0.0,0.0,0.0,-0.8922036290168762,0.024393100291490555,762,0,time,0.0,0.07216793298721313,-2.5538549423217773,-1.6812525987625122,514
-0.1536857932806015,0.23805424571037292,0.0,0.3801571726799011,-0.6264491677284241,0.1825680136680603,0.04685628414154053,0.0,0.43055880069732666,0.0,0.0,0.0,0.0,0.0,0.0,-0.14053571224212646,-0.0006206738762557507,763,0,time,0.0,0.21009543538093567,-1.324350357055664,-1.6812525987625122,514
-0.15390710532665253,0.22944357991218567,0.0,0.011798547580838203,-0.49179303646087646,0.22797316312789917,-0.23137567937374115,0.0,0.5595524311065674,0.0,0.0,0.0,0.0,0.0,0.0,0.6963846683502197,0.21620643138885498,764,0,time,0.0,0.3504708409309387,-0.6169701218605042,-1.6812525987625122,514
-0.1384437084197998,0.23805424571037292,0.0,0.6328046321868896,-0.5784416794776917,-0.05563822016119957,-0.2424554079771042,0.0,0.42055708169937134,0.0,0.0,0.0,0.0,0.0,0.0,-0.34181398153305054,-0.005624279845505953,765,0,time,0.0,0.14776307344436646,-1.7522543668746948,-1.6812525987625122,514
-0.11794359236955643,0.23805424571037292,0.0,0.6235753893852234,-0.5436418652534485,-0.3947926461696625,0.02742013707756996,0.0,-0.6651996970176697,0.0,0.0,0.0,0.0,0.0,0.0,-0.12019351124763489,0.06422307342290878,766,0,time,0.0,0.07111076265573502,-2.5697507858276367,-1.6812525987625122,514
-0.1536857932806015,-0.12354463338851929,0.0,0.305476576089859,-0.6208901405334473,0.1825680136680603,0.04685628414154053,0.0,0.5191401839256287,0.0,0.0,0.0,0.0,0.0,0.0,0.5081095099449158,0.22306862473487854,767,0,time,0.0,0.3112773597240448,-0.7941542863845825,-1.6812525987625122,514
-0.052032675594091415,-0.11208939552307129,0.0,0.31435564160346985,-0.6716516017913818,-0.18026725947856903,0.04767455905675888,0.0,0.39652013778686523,0.0,0.0,0.0,0.0,0.0,0.0,-0.8219279646873474,-0.01847584918141365,768,0,time,0.0,0.05846145376563072,-2.7791476249694824,-1.6812525987625122,514
-0.04563531652092934,-0.11208939552307129,0.0,-0.08036819845438004,-0.6595768332481384,0.16340582072734833,-0.14035965502262115,0.0,-0.5770813822746277,0.0,0.0,0.0,0.0,0.0,0.0,-0.9329434037208557,0.018143437802791595,769,0,time,0.0,0.01716179959475994,-4.04775857925415,-1.6812525987625122,514
-0.041131578385829926,-0.11208939552307129,0.0,0.49344679713249207,-0.5363817811012268,0.18020674586296082,-0.17952506244182587,0.0,-0.5663840770721436,0.0,0.0,0.0,0.0,0.0,0.0,-0.8845711946487427,0.018143437802791595,770,0,time,0.0,0.03524536266922951,-3.309539794921875,-1.6812525987625122,514
-0.040910255163908005,-0.11208939552307129,0.0,0.31261658668518066,-0.5773635506629944,0.1644640862941742,0.0406794399023056,0.0,-0.566006600856781,0.0,0.0,0.0,0.0,0.0,0.0,-0.8816308975219727,0.018143437802791595,771,0,time,0.0,0.03477877005934715,-3.323350191116333,-1.6812525987625122,514
-0.1132185310125351,-0.12804584205150604,0.0,0.30036160349845886,-0.6141448616981506,0.05420254170894623,0.032334234565496445,0.0,-0.6299110651016235,0.0,0.0,0.0,0.0,0.0,0.0,-0.09630782902240753,0.05797341465950012,772,0,time,0.0,0.05635872110724449,-2.8180091381073,-1.6812525987625122,514
-0.1132185310125351,-0.12354463338851929,0.0,0.30036160349845886,-0.6078935265541077,0.2282412052154541,0.032334234565496445,0.0,-0.6730016469955444,0.0,0.0,0.0,0.0,0.0,0.0,-0.053217217326164246,0.0781506821513176,773,0,time,0.0,0.06830383092164993,-2.6130409240722656,-1.6812525987625122,514
-0.1384437084197998,0.23805424571037292,0.0,-0.007939976640045643,-0.6303387880325317,0.1785363256931305,-0.2424554079771042,0.0,0.4675089716911316,0.0,0.0,0.0,0.0,0.0,0.0,-0.42769482731819153,-0.005624279845505953,774,0,time,0.0,0.09537959843873978,-2.249650716781616,-1.6812525987625122,514
-0.15841084718704224,0.23805424571037292,0.0,0.6328046321868896,-0.5575906038284302,-0.026273975148797035,0.11607006192207336,0.0,0.44685229659080505,0.0,0.0,0.0,0.0,0.0,0.0,-0.1536024659872055,-0.0006206738762557507,775,0,time,0.0,0.2415921837091446,-1.143970251083374,-1.6812525987625122,514
-0.1536857932806015,0.23805424571037292,0.0,0.3801571726799011,-0.6264491677284241,0.008529319427907467,0.04685628414154053,0.0,0.47135740518569946,0.0,0.0,0.0,0.0,0.0,0.0,-0.14053571224212646,0.11427269130945206,776,0,time,0.0,0.20706689357757568,-1.342697024345398,-1.6812525987625122,514
-0.052032675594091415,-0.11208939552307129,0.0,0.31435564160346985,-0.6716516017913818,0.1187908798456192,0.05520147830247879,0.0,0.3877490162849426,0.0,0.0,0.0,0.0,0.0,0.0,-0.922555148601532,-0.01847584918141365,777,0,time,0.0,0.07030844688415527,-2.581960916519165,-1.6812525987625122,514
-0.14294745028018951,-0.12804584205150604,0.0,-0.08599647134542465,-0.7161334753036499,0.18026988208293915,-0.21026530861854553,0.0,0.4675089716911316,0.0,0.0,0.0,0.0,0.0,0.0,-0.46128419041633606,-0.011873941868543625,778,0,time,0.0,0.05786580219864845,-2.7900211811065674,-1.6812525987625122,514
-0.041131578385829926,-0.11208939552307129,0.0,0.565264105796814,-0.5505879521369934,-0.10857708007097244,-0.17952506244182587,0.0,-0.579681932926178,0.0,0.0,0.0,0.0,0.0,0.0,-0.8109506368637085,0.018143437802791595,779,0,time,0.0,0.029875373467803,-3.4803900718688965,-1.6812525987625122,514
-0.15390710532665253,0.23805424571037292,0.0,-0.007939976640045643,-0.6266428232192993,0.22797316312789917,-0.23137567937374115,0.0,0.48703306913375854,0.0,0.0,0.0,0.0,0.0,0.0,-0.15170006453990936,-0.0006206738762557507,780,0,time,0.0,0.13006559014320374,-1.900378942489624,-1.6812525987625122,514
-0.04563531652092934,0.2081216275691986,0.0,0.6433205604553223,-0.49368932843208313,-0.15654650330543518,0.08834286779165268,0.0,-0.5804086923599243,0.0,0.0,0.0,0.0,0.0,0.0,-0.8807849287986755,0.024393100291490555,781,0,time,0.0,0.05344679579138756,-2.874140501022339,-1.6812525987625122,514
-0.1536857932806015,0.23805424571037292,0.0,0.35204192996025085,-0.6214370727539062,-0.24054159224033356,0.019644370302557945,0.0,0.5047861933708191,0.0,0.0,0.0,0.0,0.0,0.0,-0.16887407004833221,0.11427269130945206,782,0,time,0.0,0.16287469863891602,-1.6369925737380981,-1.6812525987625122,514
-0.15841084718704224,0.23805424571037292,0.0,0.604689359664917,-0.5508054494857788,-0.1186780333518982,-0.14998964965343475,0.0,0.5118416547775269,0.0,0.0,0.0,0.0,0.0,0.0,-0.14974546432495117,0.11427269130945206,783,0,time,0.0,0.20750604569911957,-1.340024471282959,-1.6812525987625122,514
-0.15841084718704224,0.23805424571037292,0.0,0.6328046321868896,-0.6114382147789001,0.01919902302324772,0.23847073316574097,0.0,0.5112450122833252,0.0,0.0,0.0,0.0,0.0,0.0,-0.1536024659872055,0.11427269130945206,784,0,time,0.0,0.29929473996162415,-0.8506584763526917,-1.6812525987625122,514
-0.1536857932806015,-0.12804584205150604,0.0,0.2739854156970978,-0.7072317600250244,0.1825680136680603,0.04685628414154053,0.0,0.5047861933708191,0.0,0.0,0.0,0.0,0.0,0.0,-0.14498840272426605,0.1080230250954628,785,0,time,0.0,0.15459777414798737,-1.6989858150482178,-1.6812525987625122,514
-0.1384437084197998,-0.12804584205150604,0.0,-0.09088414907455444,-0.7335671782493591,0.1785363256931305,-0.2424554079771042,0.0,0.40107718110084534,0.0,0.0,0.0,0.0,0.0,0.0,-0.4398614764213562,-0.011873941868543625,786,0,time,0.0,0.052811399102211,-2.8867712020874023,-1.6812525987625122,514
-0.05675773695111275,-0.11208939552307129,0.0,0.5670031905174255,-0.6407144665718079,0.05104992911219597,0.18517036736011505,0.0,0.42516976594924927,0.0,0.0,0.0,0.0,0.0,0.0,-0.8841298222541809,-0.01847584918141365,787,0,time,0.0,0.10293527692556381,-2.165027618408203,-1.6812525987625122,514
-0.15841084718704224,-0.12804584205150604,0.0,0.5275049209594727,-0.6092791557312012,-0.16902470588684082,0.2137284278869629,0.0,0.5684470534324646,0.0,0.0,0.0,0.0,0.0,0.0,0.5105807185173035,0.20289136469364166,788,0,time,0.0,0.3267632722854614,-0.7228609919548035,-1.6812525987625122,514
-0.15390710532665253,-0.12804584205150604,0.0,-0.08512447774410248,-0.6273351907730103,0.22797316312789917,-0.23137567937374115,0.0,0.566739022731781,0.0,0.0,0.0,0.0,0.0,0.0,0.48806965351104736,0.20289136469364166,789,0,time,0.0,0.19444718956947327,-1.42136812210083,-1.6812525987625122,514
-0.1536857932806015,-0.12804584205150604,0.0,0.519142746925354,-0.7183679342269897,-0.497458279132843,0.15122435986995697,0.0,0.48270511627197266,0.0,0.0,0.0,0.0,0.0,0.0,-0.15805518627166748,-0.006870337296277285,790,0,time,0.0,0.10059201717376709,-2.1906638145446777,-1.6812525987625122,514
-0.039941273629665375,-0.11208939552307129,0.0,0.5577739477157593,-0.5762838125228882,-0.36634591221809387,-0.06852135062217712,0.0,-0.5727030038833618,0.0,0.0,0.0,0.0,0.0,0.0,-0.8109506368637085,0.018143437802791595,791,0,time,0.0,0.025279149413108826,-3.6521711349487305,-1.6812525987625122,514
-0.040910255163908005,-0.11208939552307129,0.0,0.31261658668518066,-0.5720625519752502,-0.0179743692278862,0.06917646527290344,0.0,-0.5618590712547302,0.0,0.0,0.0,0.0,0.0,0.0,-0.9111766219139099,0.018143437802791595,792,0,time,0.0,0.029386617243289948,-3.4973888397216797,-1.6812525987625122,514
-0.1536857932806015,-0.12804584205150604,0.0,0.30210065841674805,-0.7122438549995422,0.1825680136680603,0.04685628414154053,0.0,0.47135740518569946,0.0,0.0,0.0,0.0,0.0,0.0,-0.1488453894853592,0.1080230250954628,793,0,time,0.0,0.15275320410728455,-1.7131685018539429,-1.6812525987625122,514
-0.1098683625459671,-0.12804584205150604,0.0,0.30036160349845886,-0.6141448616981506,0.2282412052154541,0.032334234565496445,0.0,-0.5686920881271362,0.0,0.0,0.0,0.0,0.0,0.0,-0.122745081782341,0.019841566681861877,794,0,time,0.0,0.06636160612106323,-2.643970489501953,-1.6812525987625122,514
-0.15390710532665253,-0.12804584205150604,0.0,0.4548155963420868,-0.6016640663146973,0.24650762975215912,-0.23137567937374115,0.0,0.4647274613380432,0.0,0.0,0.0,0.0,0.0,0.0,-0.14389248192310333,-0.006870337296277285,795,0,time,0.0,0.1441848874092102,-1.7809579372406006,-1.6812525987625122,514
-0.1536857932806015,-0.12354463338851929,0.0,0.27485743165016174,-0.6110178232192993,0.008529319427907467,0.04685628414154053,0.0,0.543693482875824,0.0,0.0,0.0,0.0,0.0,0.0,0.5236473679542542,0.22306862473487854,796,0,time,0.0,0.2791164517402649,-0.9488484859466553,-1.6812525987625122,514
-0.15841084718704224,-0.12804584205150604,0.0,0.520014762878418,-0.6374210119247437,-0.3724757730960846,0.04509386420249939,0.0,0.565310001373291,0.0,0.0,0.0,0.0,0.0,0.0,0.4708954691886902,0.20289136469364166,797,0,time,0.0,0.2362409234046936,-1.1734002828598022,-1.6812525987625122,514
-0.1536857932806015,-0.12804584205150604,0.0,0.2739854156970978,-0.7072317600250244,0.008529319427907467,0.04685628414154053,0.0,0.4639876186847687,0.0,0.0,0.0,0.0,0.0,0.0,-0.14498840272426605,-0.006870337296277285,798,0,time,0.0,0.11622070521116257,-2.0287163257598877,-1.6812525987625122,514
-0.1536857932806015,-0.12354463338851929,0.0,0.2739854156970978,-0.7009804248809814,0.008529319427907467,0.04685628414154053,0.0,0.5498753786087036,0.0,0.0,0.0,0.0,0.0,0.0,-0.013717925176024437,0.12820029258728027,799,0,time,1.0,0.15899363160133362,-1.6657350063323975,-1.6812525987625122,514
0.0830218493938446,0.22944357991218567,0.0,0.6027331948280334,-0.47466951608657837,-0.005254541989415884,0.10691921412944794,0.0,0.5761146545410156,0.0,0.0,0.0,0.0,0.0,0.0,0.43878111243247986,-0.1745087206363678,800,0,time,0.0,0.42588210105895996,-0.2986721694469452,-1.6812525987625122,514
0.12340464442968369,0.23805424571037292,0.0,0.36957141757011414,-0.6132793426513672,-0.18537449836730957,0.04829831048846245,0.0,0.4694834053516388,0.0,0.0,0.0,0.0,0.0,0.0,-0.2487069070339203,-0.005624279845505953,801,0,time,0.0,0.18460921943187714,-1.4854263067245483,-1.6812525987625122,514
0.12340464442968369,0.23805424571037292,0.0,0.36957141757011414,-0.6125852465629578,0.17746077477931976,0.047480035573244095,0.0,0.4607122838497162,0.0,0.0,0.0,0.0,0.0,0.0,-0.14750857651233673,-0.005624279845505953,802,0,time,0.0,0.26302826404571533,-1.0302881002426147,-1.6812525987625122,514
-0.15841084718704224,0.22944357991218567,0.0,0.6085548996925354,-0.500922441482544,-0.025923946872353554,0.10402005910873413,0.0,0.5394992232322693,0.0,0.0,0.0,0.0,0.0,0.0,0.5232140421867371,0.1550375372171402,803,0,time,0.0,0.44849810004234314,-0.20674079656600952,-1.6812525987625122,514
-0.040910255163908005,0.2081216275691986,0.0,0.39067313075065613,-0.5070063471794128,0.1644640862941742,0.0406794399023056,0.0,-0.566006600856781,0.0,0.0,0.0,0.0,0.0,0.0,-0.9192103147506714,0.024393100291490555,804,0,time,0.0,0.052847232669591904,-2.8860549926757812,-1.6812525987625122,514
-0.040910255163908005,0.2081216275691986,0.0,0.39067313075065613,-0.5070063471794128,0.1644640862941742,0.0406794399023056,0.0,-0.566006600856781,0.0,0.0,0.0,0.0,0.0,0.0,-0.9192103147506714,0.024393100291490555,805,0,time,0.0,0.052847232669591904,-2.8860549926757812,-1.6812525987625122,514
-0.040910255163908005,-0.11208939552307129,0.0,0.31261658668518066,-0.5773635506629944,0.1644640862941742,0.0406794399023056,0.0,-0.566006600856781,0.0,0.0,0.0,0.0,0.0,0.0,-0.8816308975219727,0.018143437802791595,806,0,time,0.0,0.03477877005934715,-3.323350191116333,-1.6812525987625122,514
-0.040910255163908005,-0.11208939552307129,0.0,0.31261658668518066,-0.5773635506629944,0.1644640862941742,0.0406794399023056,0.0,-0.566006600856781,0.0,0.0,0.0,0.0,0.0,0.0,-0.8816308975219727,0.018143437802791595,807,0,time,0.0,0.03477877005934715,-3.323350191116333,-1.6812525987625122,514
-0.040910255163908005,-0.11208939552307129,0.0,0.31261658668518066,-0.5773635506629944,0.1644640862941742,0.0406794399023056,0.0,-0.566006600856781,0.0,0.0,0.0,0.0,0.0,0.0,-0.8816308975219727,0.018143437802791595,808,0,time,0.0,0.03477877005934715,-3.323350191116333,-1.6812525987625122,514
-0.040910255163908005,-0.11208939552307129,0.0,0.31261658668518066,-0.5773635506629944,0.1644640862941742,0.0406794399023056,0.0,-0.566006600856781,0.0,0.0,0.0,0.0,0.0,0.0,-0.8816308975219727,0.018143437802791595,809,0,time,0.0,0.03477877005934715,-3.323350191116333,-1.6812525987625122,514
-0.040910255163908005,-0.11208939552307129,0.0,0.31261658668518066,-0.5773635506629944,0.1644640862941742,0.0406794399023056,0.0,-0.566006600856781,0.0,0.0,0.0,0.0,0.0,0.0,-0.8816308975219727,0.018143437802791595,810,0,time,0.0,0.03477877005934715,-3.323350191116333,-1.6812525987625122,514
-0.040910255163908005,-0.11208939552307129,0.0,0.31261658668518066,-0.5773635506629944,0.1644640862941742,0.0406794399023056,0.0,-0.566006600856781,0.0,0.0,0.0,0.0,0.0,0.0,-0.8816308975219727,0.018143437802791595,811,0,time,0.0,0.03477877005934715,-3.323350191116333,-1.6812525987625122,514
-0.040910255163908005,-0.11208939552307129,0.0,0.31261658668518066,-0.5773635506629944,-0.009574590250849724,0.0406794399023056,0.0,-0.566006600856781,0.0,0.0,0.0,0.0,0.0,0.0,-0.8816308975219727,0.018143437802791595,812,0,time,0.0,0.029386617243289948,-3.4973888397216797,-1.6812525987625122,514
-0.040910255163908005,-0.11208939552307129,0.0,0.31261658668518066,-0.5773635506629944,0.1644640862941742,0.0406794399023056,0.0,-0.566006600856781,0.0,0.0,0.0,0.0,0.0,0.0,-0.8816308975219727,0.018143437802791595,813,0,time,0.0,0.03477877005934715,-3.323350191116333,-1.6812525987625122,514
-0.1132185310125351,-0.12804584205150604,0.0,0.30036160349845886,-0.6141448616981506,0.2282412052154541,0.032334234565496445,0.0,-0.6299110651016235,0.0,0.0,0.0,0.0,0.0,0.0,-0.09630782902240753,0.05797341465950012,814,0,time,0.0,0.06636160612106323,-2.643970489501953,-1.6812525987625122,514
-0.13822239637374878,-0.12804584205150604,0.0,0.2739854156970978,-0.7079257965087891,-0.055247798562049866,0.05520147830247879,0.0,0.4444635212421417,0.0,0.0,0.0,0.0,0.0,0.0,-0.41694697737693787,-0.011873941868543625,815,0,time,0.0,0.0858129933476448,-2.3658647537231445,-1.6812525987625122,514
-0.1132185310125351,-0.12804584205150604,0.0,0.30036160349845886,-0.6141448616981506,0.2282412052154541,0.032334234565496445,0.0,-0.6299110651016235,0.0,0.0,0.0,0.0,0.0,0.0,-0.09630782902240753,0.05797341465950012,816,0,time,0.0,0.06636160612106323,-2.643970489501953,-1.6812525987625122,514
-0.040910255163908005,-0.11208939552307129,0.0,0.31261658668518066,-0.5773635506629944,0.1644640862941742,0.0406794399023056,0.0,-0.566006600856781,0.0,0.0,0.0,0.0,0.0,0.0,-0.8816308975219727,0.018143437802791595,817,0,time,0.0,0.03477877005934715,-3.323350191116333,-1.6812525987625122,514
-0.052032675594091415,-0.11208939552307129,0.0,0.31435564160346985,-0.6716516017913818,0.1187908798456192,0.05520147830247879,0.0,0.3877490162849426,0.0,0.0,0.0,0.0,0.0,0.0,-0.922555148601532,-0.01847584918141365,818,0,time,0.0,0.07030844688415527,-2.581960916519165,-1.6812525987625122,514
-0.1132185310125351,-0.12354463338851929,0.0,0.284934401512146,-0.4817708432674408,0.2282412052154541,0.032334234565496445,0.0,-0.6618067026138306,0.0,0.0,0.0,0.0,0.0,0.0,0.6504906415939331,0.17301897704601288,819,0,time,0.0,0.15543757379055023,-1.692574381828308,-1.6812525987625122,514
-0.0411846749484539,-0.05365871638059616,0.0,-0.08559760451316833,-0.6932767033576965,-0.13640950620174408,0.10254377871751785,0.0,-0.657115638256073,0.0,0.0,0.0,0.0,0.0,0.0,-0.8186158537864685,0.018143437802791595,820,0,time,0.0,0.017184317111968994,-4.046424388885498,-1.6812525987625122,514
-0.15841084718704224,0.23805424571037292,0.0,-0.02281750924885273,-0.7283757925033569,-0.30291587114334106,0.07927772402763367,0.0,0.511046826839447,0.0,0.0,0.0,0.0,0.0,0.0,-0.18499135971069336,-0.0006206738762557507,821,0,time,0.0,0.09526269137859344,-2.2510063648223877,-1.6812525987625122,514
-0.10266950726509094,0.12165713310241699,0.0,-0.14161719381809235,-0.5345895290374756,0.28710484504699707,0.2089642733335495,0.0,-0.7434543967247009,0.0,0.0,0.0,0.0,0.0,0.0,0.4803689122200012,0.16615678369998932,822,0,time,0.0,0.12572132050991058,-1.9393314123153687,-1.6812525987625122,514
-0.14313676953315735,0.13026778399944305,0.0,-0.13836637139320374,-0.6669092774391174,0.3349856734275818,0.23847073316574097,0.0,0.5173983573913574,0.0,0.0,0.0,0.0,0.0,0.0,-0.13708660006523132,-0.0006206738762557507,823,0,time,0.0,0.17562861740589142,-1.546249508857727,-1.6812525987625122,514
-0.1132185310125351,0.23805424571037292,0.0,0.005585022270679474,-0.6139055490493774,-0.012420940212905407,0.005122319795191288,0.0,-0.6836989521980286,0.0,0.0,0.0,0.0,0.0,0.0,-0.09322018921375275,0.06422307342290878,824,0,time,0.0,0.052913520485162735,-2.8847315311431885,-1.6812525987625122,514
-0.0411846749484539,0.10033516585826874,0.0,-0.17375825345516205,-0.6182548403739929,-0.14573906362056732,0.10254377871751785,0.0,-0.6524508595466614,0.0,0.0,0.0,0.0,0.0,0.0,-0.8561952710151672,0.024393100291490555,825,0,time,0.0,0.019047945737838745,-3.9415643215179443,-1.6812525987625122,514
-0.04563531652092934,0.2081216275691986,0.0,-0.017189256846904755,-0.6193458437919617,-0.1202726811170578,0.10254377871751785,0.0,-0.657115638256073,0.0,0.0,0.0,0.0,0.0,0.0,-0.8347004055976868,0.024393100291490555,826,0,time,0.0,0.025569483637809753,-3.640453577041626,-1.6812525987625122,514
-0.14294745028018951,0.23805424571037292,0.0,-0.02281750924885273,-0.7290698289871216,-0.24894848465919495,0.1044120267033577,0.0,0.4883856773376465,0.0,0.0,0.0,0.0,0.0,0.0,-0.3241272568702698,-0.005624279845505953,827,0,time,0.0,0.08915987610816956,-2.3239362239837646,-1.6812525987625122,514
-0.14313676953315735,0.13026778399944305,0.0,-0.15324389934539795,-0.7249287366867065,-0.13082890212535858,0.10402005910873413,0.0,0.5261809229850769,0.0,0.0,0.0,0.0,0.0,0.0,-0.1803435981273651,-0.0006206738762557507,828,0,time,0.0,0.09501471370458603,-2.2538869380950928,-1.6812525987625122,514
-0.040910255163908005,0.2081216275691986,0.0,0.39067313075065613,-0.5070063471794128,0.1644640862941742,0.0406794399023056,0.0,-0.566006600856781,0.0,0.0,0.0,0.0,0.0,0.0,-0.9192103147506714,0.024393100291490555,829,0,time,0.0,0.052847232669591904,-2.8860549926757812,-1.6812525987625122,514
-0.09794444590806961,0.20470285415649414,0.0,0.07629041373729706,-0.6139055490493774,0.2564569413661957,0.032334234565496445,0.0,-0.6406083703041077,0.0,0.0,0.0,0.0,0.0,0.0,-0.09946764260530472,0.06422307342290878,830,0,time,0.0,0.0759163349866867,-2.4991707801818848,-1.6812525987625122,514
-0.040910255163908005,0.2081216275691986,0.0,0.39067313075065613,-0.5070063471794128,0.1644640862941742,0.0406794399023056,0.0,-0.566006600856781,0.0,0.0,0.0,0.0,0.0,0.0,-0.9192103147506714,0.024393100291490555,831,0,time,0.0,0.052847232669591904,-2.8860549926757812,-1.6812525987625122,514
-0.040910255163908005,0.2081216275691986,0.0,0.39067313075065613,-0.5070063471794128,0.1644640862941742,0.0406794399023056,0.0,-0.566006600856781,0.0,0.0,0.0,0.0,0.0,0.0,-0.9192103147506714,0.024393100291490555,832,0,time,0.0,0.052847232669591904,-2.8860549926757812,-1.6812525987625122,514
-0.040910255163908005,0.2081216275691986,0.0,0.39067313075065613,-0.5070063471794128,0.1644640862941742,0.0406794399023056,0.0,-0.566006600856781,0.0,0.0,0.0,0.0,0.0,0.0,-0.9192103147506714,0.024393100291490555,833,0,time,0.0,0.052847232669591904,-2.8860549926757812,-1.6812525987625122,514
-0.040910255163908005,-0.11208939552307129,0.0,0.31261658668518066,-0.5773635506629944,0.1644640862941742,0.0406794399023056,0.0,-0.566006600856781,0.0,0.0,0.0,0.0,0.0,0.0,-0.8816308975219727,0.018143437802791595,834,0,time,0.0,0.03477877005934715,-3.323350191116333,-1.6812525987625122,514
-0.1098683625459671,-0.12804584205150604,0.0,0.30036160349845886,-0.6148389577865601,0.1644640862941742,0.0406794399023056,0.0,-0.5686920881271362,0.0,0.0,0.0,0.0,0.0,0.0,-0.3245707154273987,0.019841566681861877,835,0,time,0.0,0.05205864831805229,-2.9019217491149902,-1.6812525987625122,514
-0.14294745028018951,-0.12804584205150604,0.0,0.5547481775283813,-0.6831541657447815,0.0431215725839138,0.1320502609014511,0.0,0.44845545291900635,0.0,0.0,0.0,0.0,0.0,0.0,-0.3201766610145569,-0.011873941868543625,836,0,time,0.0,0.14318624138832092,-1.789074420928955,-1.6812525987625122,514
-0.04758203402161598,-0.10191161930561066,0.0,0.05152037739753723,-0.7397732138633728,0.14700666069984436,0.05520147830247879,0.0,0.4434834420681,0.0,0.0,0.0,0.0,0.0,0.0,-0.9563103318214417,-0.01847584918141365,837,0,time,0.0,0.05477989837527275,-2.8480944633483887,-1.6812525987625122,514
-0.1098683625459671,-0.12804584205150604,0.0,-0.07247146219015121,-0.7003941535949707,0.3469114899635315,0.0406794399023056,0.0,-0.5793893933296204,0.0,0.0,0.0,0.0,0.0,0.0,-0.3406880497932434,0.019841566681861877,838,0,time,0.0,0.038990091532468796,-3.204677104949951,-1.6812525987625122,514
-0.11794359236955643,-0.12804584205150604,0.0,-0.09262320399284363,-0.707613468170166,0.27457988262176514,0.07451356947422028,0.0,-0.7030574679374695,0.0,0.0,0.0,0.0,0.0,0.0,-0.12049208581447601,0.05797341465950012,839,0,time,0.0,0.041329894214868546,-3.143960952758789,-1.6812525987625122,514
-0.12767337262630463,-0.06961516290903091,0.0,-0.06508325785398483,-0.7798621654510498,-0.07031625509262085,0.1756141483783722,0.0,0.5022724270820618,0.0,0.0,0.0,0.0,0.0,0.0,-0.3899911940097809,-0.011873941868543625,840,0,time,0.0,0.07462096214294434,-2.517781972885132,-1.6812525987625122,514
-0.04758203402161598,0.17477023601531982,0.0,-0.009109427221119404,-0.7397810816764832,-0.5732287168502808,0.04480382055044174,0.0,0.3957691490650177,0.0,0.0,0.0,0.0,0.0,0.0,-0.8971194624900818,-0.012226186692714691,841,0,time,0.0,0.03406072035431862,-3.344956159591675,-1.6812525987625122,514
-0.1132185310125351,0.23805424571037292,0.0,0.6235753893852234,-0.5436418652534485,-0.5344528555870056,0.0022515812888741493,0.0,-0.6651996970176697,0.0,0.0,0.0,0.0,0.0,0.0,-0.12019351124763489,0.06422307342290878,842,0,time,0.0,0.06123453378677368,-2.7298543453216553,-1.6812525987625122,514
-0.052307095378637314,0.10033516585826874,0.0,-0.15225397050380707,-0.608063817024231,0.16413310170173645,-0.23554494976997375,0.0,0.4442232847213745,0.0,0.0,0.0,0.0,0.0,0.0,-0.9968299865722656,-0.012226186692714691,843,0,time,0.0,0.04609811678528786,-3.0297887325286865,-1.6812525987625122,514
-0.0411846749484539,0.10033516585826874,0.0,-0.17375825345516205,-0.6171013116836548,-0.13781069219112396,0.15566392242908478,0.0,-0.6524508595466614,0.0,0.0,0.0,0.0,0.0,0.0,-0.9183971285820007,0.024393100291490555,844,0,time,0.0,0.019047945737838745,-3.9415643215179443,-1.6812525987625122,514
-0.11459342390298843,0.23805424571037292,0.0,0.6310655474662781,-0.5032376050949097,-0.14582611620426178,-0.08705928921699524,0.0,-0.5870321989059448,0.0,0.0,0.0,0.0,0.0,0.0,-0.1275021880865097,0.026091229170560837,845,0,time,0.0,0.08696306496858597,-2.351292848587036,-1.6812525987625122,514
-0.13863302767276764,0.12165713310241699,0.0,-0.11862782388925552,-0.49536681175231934,0.21183636784553528,-0.23137567937374115,0.0,0.5595524311065674,0.0,0.0,0.0,0.0,0.0,0.0,0.7010324001312256,0.21620643138885498,846,0,time,0.0,0.2983909845352173,-0.8549715876579285,-1.6812525987625122,514
-0.1229483112692833,0.13026778399944305,0.0,-0.15439972281455994,-0.7663847208023071,-0.5672186613082886,0.04480382055044174,0.0,0.4190548360347748,0.0,0.0,0.0,0.0,0.0,0.0,-0.3233364522457123,-0.005624279845505953,847,0,time,0.0,0.046219199895858765,-3.02703857421875,-1.6812525987625122,514
-0.11459342390298843,0.23805424571037292,0.0,0.6310655474662781,-0.5040417909622192,-0.027409696951508522,0.09597568958997726,0.0,-0.6028537154197693,0.0,0.0,0.0,0.0,0.0,0.0,-0.2778356671333313,0.026091229170560837,848,0,time,0.0,0.09825191646814346,-2.2168004512786865,-1.6812525987625122,514
-0.13863302767276764,0.13026778399944305,0.0,-0.15237191319465637,-0.5800503492355347,-0.24177779257297516,-0.23137567937374115,0.0,0.5730544924736023,0.0,0.0,0.0,0.0,0.0,0.0,0.4768986105918884,0.20914103090763092,849,0,time,0.0,0.16299648582935333,-1.6360996961593628,-1.6812525987625122,514
-0.09931933879852295,0.13026778399944305,0.0,-0.15987063944339752,-0.6308104991912842,-0.1487758904695511,0.09597568958997726,0.0,-0.6135510802268982,0.0,0.0,0.0,0.0,0.0,0.0,-0.2893052101135254,0.026091229170560837,850,0,time,0.0,0.03322860971093178,-3.3705508708953857,-1.6812525987625122,514
-0.14313676953315735,0.13026778399944305,0.0,-0.13836637139320374,-0.6488198041915894,0.3349856734275818,0.2232048213481903,0.0,0.55537348985672,0.0,0.0,0.0,0.0,0.0,0.0,-0.13708660006523132,0.11427269130945206,851,0,time,0.0,0.1993187516927719,-1.3905576467514038,-1.6812525987625122,514
-0.14313676953315735,0.13026778399944305,0.0,-0.15324389934539795,-0.6651525497436523,-0.2400442361831665,-0.22446522116661072,0.0,0.4933486580848694,0.0,0.0,0.0,0.0,0.0,0.0,-0.17118071019649506,-0.0006206738762557507,852,0,time,0.0,0.06565197557210922,-2.6554813385009766,-1.6812525987625122,514
-0.041131578385829926,0.2081216275691986,0.0,-0.002311726100742817,-0.5892196297645569,0.16167226433753967,-0.17952506244182587,0.0,-0.5770813822746277,0.0,0.0,0.0,0.0,0.0,0.0,-0.9382679462432861,0.024393100291490555,853,0,time,0.0,0.02622153051197529,-3.614603042602539,-1.6812525987625122,514
-0.040910255163908005,0.2081216275691986,0.0,0.6358304023742676,-0.5211443901062012,-0.4574790596961975,0.08340191096067429,0.0,-0.6012951731681824,0.0,0.0,0.0,0.0,0.0,0.0,-0.8807849287986755,0.024393100291490555,854,0,time,0.0,0.038011275231838226,-3.2311198711395264,-1.6812525987625122,514
-0.040910255163908005,0.2081216275691986,0.0,0.39067313075065613,-0.5070063471794128,0.1644640862941742,0.0406794399023056,0.0,-0.566006600856781,0.0,0.0,0.0,0.0,0.0,0.0,-0.9192103147506714,0.024393100291490555,855,0,time,0.0,0.052847232669591904,-2.8860549926757812,-1.6812525987625122,514
-0.040910255163908005,0.2081216275691986,0.0,0.6358304023742676,-0.5222979187965393,-0.46540743112564087,0.03028176911175251,0.0,-0.6012951731681824,0.0,0.0,0.0,0.0,0.0,0.0,-0.818583071231842,0.024393100291490555,856,0,time,0.0,0.038011275231838226,-3.2311198711395264,-1.6812525987625122,514
-0.052032675594091415,0.2081216275691986,0.0,0.3924121856689453,-0.6012945175170898,0.1187908798456192,0.05520147830247879,0.0,0.3877490162849426,0.0,0.0,0.0,0.0,0.0,0.0,-0.9601345658302307,-0.012226186692714691,857,0,time,0.0,0.10483074188232422,-2.1446657180786133,-1.6812525987625122,514
-0.1229483112692833,0.13026778399944305,0.0,-0.07626074552536011,-0.6953256726264954,-0.04544610530138016,0.019644370302557945,0.0,0.47993817925453186,0.0,0.0,0.0,0.0,0.0,0.0,-0.2504764795303345,-0.005624279845505953,858,0,time,0.0,0.09556668996810913,-2.2474842071533203,-1.6812525987625122,514
-0.04758203402161598,-0.05365871638059616,0.0,-0.001987721771001816,-0.7405281066894531,0.03044786863029003,0.04767455905675888,0.0,0.44980403780937195,0.0,0.0,0.0,0.0,0.0,0.0,-0.8556830883026123,-0.01847584918141365,859,0,time,0.0,0.05359359085559845,-2.8712425231933594,-1.6812525987625122,514
-0.1132185310125351,-0.12354463338851929,0.0,0.30333346128463745,-0.5179309248924255,0.05420254170894623,0.032334234565496445,0.0,-0.6476837396621704,0.0,0.0,0.0,0.0,0.0,0.0,0.4922860264778137,0.15153610706329346,860,0,time,0.0,0.11405859142541885,-2.049938440322876,-1.6812525987625122,514
-0.04758203402161598,-0.09340251982212067,0.0,0.03812359273433685,-0.757206916809082,0.14700666069984436,0.05520147830247879,0.0,0.3770516514778137,0.0,0.0,0.0,0.0,0.0,0.0,-0.9601673483848572,-0.01847584918141365,861,0,time,0.0,0.050177693367004395,-2.940704345703125,-1.6812525987625122,514
-0.1384117156267166,-0.06511396169662476,0.0,-0.06286314129829407,-0.7552714347839355,-0.6362640857696533,0.016773631796240807,0.0,0.5271603465080261,0.0,0.0,0.0,0.0,0.0,0.0,0.48500099778175354,0.22306862473487854,862,0,time,0.0,0.11034975945949554,-2.0871734619140625,-1.6812525987625122,514
-0.052032675594091415,-0.11208939552307129,0.0,-0.05847742408514023,-0.757206916809082,0.3012382984161377,0.05520147830247879,0.0,0.3770516514778137,0.0,0.0,0.0,0.0,0.0,0.0,-0.9386724829673767,-0.01847584918141365,863,0,time,0.0,0.05291428416967392,-2.884716272354126,-1.6812525987625122,514
-0.03645961359143257,-0.10191161930561066,0.0,0.04489363729953766,-0.6629188060760498,0.19267988204956055,0.0406794399023056,0.0,-0.5767039656639099,0.0,0.0,0.0,0.0,0.0,0.0,-0.9192430973052979,0.018143437802791595,864,0,time,0.0,0.02455223724246025,-3.682093620300293,-1.6812525987625122,514
-0.04758203402161598,-0.10191161930561066,0.0,0.046632688492536545,-0.757206916809082,0.3210453391075134,0.05520147830247879,0.0,0.3770516514778137,0.0,0.0,0.0,0.0,0.0,0.0,-0.9601673483848572,-0.01847584918141365,865,0,time,0.0,0.059152305126190186,-2.7666656970977783,-1.6812525987625122,514
-0.052253998816013336,-0.11208939552307129,0.0,0.49518582224845886,-0.569085955619812,0.19707079231739044,-0.2424554079771042,0.0,0.38848885893821716,0.0,0.0,0.0,0.0,0.0,0.0,-0.9254955053329468,-0.01847584918141365,866,0,time,0.0,0.0744428038597107,-2.520364761352539,-1.6812525987625122,514
-0.03645961359143257,-0.09340251982212067,0.0,-0.036866724491119385,-0.7158500552177429,-0.5815616250038147,0.03028176911175251,0.0,-0.6119925379753113,0.0,0.0,0.0,0.0,0.0,0.0,-0.8186158537864685,0.018143437802791595,867,0,time,0.0,0.010691296309232712,-4.527576446533203,-1.6812525987625122,514
-0.040910255163908005,-0.11208939552307129,0.0,-0.06021647900342941,-0.6629188060760498,0.3469114899635315,0.0406794399023056,0.0,-0.5767039656639099,0.0,0.0,0.0,0.0,0.0,0.0,-0.8977482318878174,0.018143437802791595,868,0,time,0.0,0.025929419323801994,-3.626105546951294,-1.6812525987625122,514
-0.09459427744150162,-0.11786806583404541,0.0,0.058781251311302185,-0.7003941535949707,0.07643162459135056,0.0331525057554245,0.0,-0.5793893933296204,0.0,0.0,0.0,0.0,0.0,0.0,-0.23541292548179626,0.019841566681861877,869,0,time,0.0,0.03839396685361862,-3.2207045555114746,-1.6812525987625122,514
-0.03668093681335449,-0.05365871638059616,0.0,-0.07072006165981293,-0.6631506085395813,0.14553548395633698,-0.17952506244182587,0.0,-0.5770813822746277,0.0,0.0,0.0,0.0,0.0,0.0,-0.9221833944320679,0.018143437802791595,870,0,time,0.0,0.017626387998461723,-4.020574569702148,-1.6812525987625122,514
-0.0411846749484539,-0.10191161930561066,0.0,-0.02086748741567135,-0.6880655288696289,-0.17442941665649414,0.13970790803432465,0.0,-0.6529682278633118,0.0,0.0,0.0,0.0,0.0,0.0,-0.880817711353302,0.018143437802791595,871,0,time,0.0,0.016566837206482887,-4.083646774291992,-1.6812525987625122,514
-0.13822239637374878,-0.12804584205150604,0.0,-0.06584472954273224,-0.7810594439506531,0.12719963490962982,0.05520147830247879,0.0,0.46676912903785706,0.0,0.0,0.0,0.0,0.0,0.0,-0.4330642521381378,-0.011873941868543625,872,0,time,0.0,0.06977226585149765,-2.5901927947998047,-1.6812525987625122,514
-0.03645961359143257,-0.10191161930561066,0.0,-0.028357619419693947,-0.7158500552177429,-0.5815616250038147,0.03028176911175251,0.0,-0.6119925379753113,0.0,0.0,0.0,0.0,0.0,0.0,-0.8186158537864685,0.018143437802791595,873,0,time,0.0,0.010691296309232712,-4.527576446533203,-1.6812525987625122,514
-0.13822239637374878,-0.12804584205150604,0.0,-0.11325182020664215,-0.851424515247345,-0.5567554235458374,0.04480382055044174,0.0,0.4135063886642456,0.0,0.0,0.0,0.0,0.0,0.0,-0.33629393577575684,-0.011873941868543625,874,0,time,0.0,0.0336078517138958,-3.3588099479675293,-1.6812525987625122,514
-0.1536857932806015,-0.12804584205150604,0.0,0.5472580194473267,-0.7275354266166687,-0.5261200070381165,0.016773631796240807,0.0,0.49007490277290344,0.0,0.0,0.0,0.0,0.0,0.0,-0.18104079365730286,0.1080230250954628,875,0,time,0.0,0.0966031402349472,-2.23555064201355,-1.6812525987625122,514
-0.04563531652092934,-0.11208939552307129,0.0,0.565264105796814,-0.555252730846405,-0.09751395881175995,-0.14035965502262115,0.0,-0.5843467116355896,0.0,0.0,0.0,0.0,0.0,0.0,-0.8432055115699768,0.018143437802791595,876,0,time,0.0,0.029995599761605263,-3.476249933242798,-1.6812525987625122,514
-0.04563531652092934,-0.11208939552307129,0.0,0.565264105796814,-0.5735288262367249,-0.15528199076652527,0.08825657516717911,0.0,-0.6135673522949219,0.0,0.0,0.0,0.0,0.0,0.0,-0.7810036540031433,0.018143437802791595,877,0,time,0.0,0.03589174151420593,-3.290696382522583,-1.6812525987625122,514
-0.1132185310125351,-0.12804584205150604,0.0,-0.07247146219015121,-0.699700117111206,0.2366500198841095,0.032334234565496445,0.0,-0.6035609841346741,0.0,0.0,0.0,0.0,0.0,0.0,-0.11242512613534927,0.02092602476477623,878,0,time,0.0,0.042258817702531815,-3.1207644939422607,-1.6812525987625122,514
-0.13863302767276764,-0.06511396169662476,0.0,-0.0328509584069252,-0.593889057636261,0.21183636784553528,-0.23137567937374115,0.0,0.5019962191581726,0.0,0.0,0.0,0.0,0.0,0.0,0.6977411508560181,0.22306862473487854,879,0,time,0.0,0.24815571308135986,-1.1084729433059692,-1.6812525987625122,514
-0.03668093681335449,-0.05365871638059616,0.0,-0.054242849349975586,-0.6595768332481384,0.15074744820594788,-0.17952506244182587,0.0,-0.5770813822746277,0.0,0.0,0.0,0.0,0.0,0.0,-0.9221833944320679,0.018143437802791595,880,0,time,0.0,0.018069200217723846,-3.995311975479126,-1.6812525987625122,514
-0.040910255163908005,-0.11208939552307129,0.0,-0.06021647900342941,-0.6629188060760498,0.3469114899635315,0.0406794399023056,0.0,-0.5767039656639099,0.0,0.0,0.0,0.0,0.0,0.0,-0.8977482318878174,0.018143437802791595,881,0,time,0.0,0.025929419323801994,-3.626105546951294,-1.6812525987625122,514
-0.041131578385829926,-0.11208939552307129,0.0,0.49344679713249207,-0.5363817811012268,0.18020674586296082,-0.17952506244182587,0.0,-0.5663840770721436,0.0,0.0,0.0,0.0,0.0,0.0,-0.8845711946487427,0.018143437802791595,882,0,time,0.0,0.03524536266922951,-3.309539794921875,-1.6812525987625122,514
-0.12767337262630463,-0.11786806583404541,0.0,-0.0052408091723918915,-0.7871063351631165,-0.06510429084300995,0.1699044555425644,0.0,0.4349345564842224,0.0,0.0,0.0,0.0,0.0,0.0,-0.393848180770874,-0.011873941868543625,883,0,time,0.0,0.07010166347026825,-2.5851287841796875,-1.6812525987625122,514
-0.040910255163908005,-0.11208939552307129,0.0,0.31261658668518066,-0.5773635506629944,0.1644640862941742,0.0406794399023056,0.0,-0.566006600856781,0.0,0.0,0.0,0.0,0.0,0.0,-0.8816308975219727,0.018143437802791595,884,0,time,0.0,0.03477877005934715,-3.323350191116333,-1.6812525987625122,514
-0.09816576540470123,-0.11336685717105865,0.0,0.007897663861513138,-0.6871050000190735,0.20018425583839417,-0.16844530403614044,0.0,-0.6840764880180359,0.0,0.0,0.0,0.0,0.0,0.0,-0.06359079480171204,0.0781506821513176,885,0,time,0.0,0.03879969194531441,-3.209770441055298,-1.6812525987625122,514
-0.1132185310125351,-0.12354463338851929,0.0,0.30036160349845886,-0.6078935265541077,0.2282412052154541,0.032334234565496445,0.0,-0.6299110651016235,0.0,0.0,0.0,0.0,0.0,0.0,-0.09630782902240753,0.0781506821513176,886,0,time,0.0,0.06830383092164993,-2.6130409240722656,-1.6812525987625122,514
-0.04563531652092934,-0.11208939552307129,0.0,0.565264105796814,-0.5612070560455322,-0.00848514772951603,0.14149419963359833,0.0,-0.6350258588790894,0.0,0.0,0.0,0.0,0.0,0.0,-0.8432055115699768,0.018143437802791595,887,0,time,0.0,0.04062102362513542,-3.1620004177093506,-1.6812525987625122,514
-0.052253998816013336,-0.11208939552307129,0.0,0.49518582224845886,-0.569085955619812,0.19707079231739044,-0.2424554079771042,0.0,0.38848885893821716,0.0,0.0,0.0,0.0,0.0,0.0,-0.9254955053329468,-0.01847584918141365,888,0,time,0.0,0.0744428038597107,-2.520364761352539,-1.6812525987625122,514
-0.04563531652092934,0.2081216275691986,0.0,0.6433205604553223,-0.5031716227531433,-0.16088971495628357,0.08753089606761932,0.0,-0.6072339415550232,0.0,0.0,0.0,0.0,0.0,0.0,-0.818583071231842,0.024393100291490555,889,0,time,0.0,0.05450576916337013,-2.8534011840820312,-1.6812525987625122,514
-0.041131578385829926,0.2081216275691986,0.0,0.6433205604553223,-0.48023077845573425,-0.10857708007097244,-0.17952506244182587,0.0,-0.579681932926178,0.0,0.0,0.0,0.0,0.0,0.0,-0.8485300540924072,0.024393100291490555,890,0,time,0.0,0.04551652446389198,-3.0430948734283447,-1.6812525987625122,514
-0.11794359236955643,0.23805424571037292,0.0,0.6310655474662781,-0.49857279658317566,-0.15515567362308502,-0.16153484582901,0.0,-0.6435863375663757,0.0,0.0,0.0,0.0,0.0,0.0,-0.11103063076734543,0.06422307342290878,891,0,time,0.0,0.08048805594444275,-2.435734272003174,-1.6812525987625122,514
-0.040910255163908005,0.2081216275691986,0.0,0.39067313075065613,-0.5070063471794128,0.1644640862941742,0.0406794399023056,0.0,-0.566006600856781,0.0,0.0,0.0,0.0,0.0,0.0,-0.9192103147506714,0.024393100291490555,892,0,time,0.0,0.052847232669591904,-2.8860549926757812,-1.6812525987625122,514
-0.04563531652092934,0.2081216275691986,0.0,0.5715032815933228,-0.46602460741996765,0.18194030225276947,-0.17261460423469543,0.0,-0.5663840770721436,0.0,0.0,0.0,0.0,0.0,0.0,-0.9221506118774414,0.024393100291490555,893,0,time,0.0,0.05375298485159874,-2.8681044578552246,-1.6812525987625122,514
-0.05675773695111275,0.2081216275691986,0.0,-0.01545020192861557,-0.7206547856330872,-0.24894848465919495,0.1044120267033577,0.0,0.39866819977760315,0.0,0.0,0.0,0.0,0.0,0.0,-0.8756246566772461,-0.012226186692714691,894,0,time,0.0,0.05216771736741066,-2.8997137546539307,-1.6812525987625122,514
-0.04563531652092934,0.2081216275691986,0.0,-0.002311726100742817,-0.5951739549636841,0.2538048326969147,0.14736895263195038,0.0,-0.635005533695221,0.0,0.0,0.0,0.0,0.0,0.0,-0.9705228209495544,0.024393100291490555,895,0,time,0.0,0.03570131957530975,-3.296213388442993,-1.6812525987625122,514
-0.14294745028018951,0.23805424571037292,0.0,0.604689359664917,-0.6149390935897827,0.008422594517469406,0.12438921630382538,0.0,0.4843512177467346,0.0,0.0,0.0,0.0,0.0,0.0,-0.30800995230674744,-0.005624279845505953,896,0,time,0.0,0.21536791324615479,-1.2928671836853027,-1.6812525987625122,514
-0.040910255163908005,0.2081216275691986,0.0,0.39067313075065613,-0.5070063471794128,0.1644640862941742,0.0406794399023056,0.0,-0.566006600856781,0.0,0.0,0.0,0.0,0.0,0.0,-0.9192103147506714,0.024393100291490555,897,0,time,0.0,0.052847232669591904,-2.8860549926757812,-1.6812525987625122,514
-0.040910255163908005,0.2081216275691986,0.0,0.39067313075065613,-0.5070063471794128,0.1644640862941742,0.0406794399023056,0.0,-0.566006600856781,0.0,0.0,0.0,0.0,0.0,0.0,-0.9192103147506714,0.024393100291490555,898,0,time,0.0,0.052847232669591904,-2.8860549926757812,-1.6812525987625122,514
-0.04563531652092934,0.2081216275691986,0.0,0.5715032815933228,-0.47197893261909485,0.27096906304359436,0.14149419963359833,0.0,-0.6170632243156433,0.0,0.0,0.0,0.0,0.0,0.0,-0.9544054865837097,0.024393100291490555,899,0,time,0.0,0.07216793298721313,-2.5538549423217773,-1.6812525987625122,514
-0.04563531652092934,-0.11208939552307129,0.0,0.565264105796814,-0.56184321641922,-0.024372858926653862,0.10254377871751785,0.0,-0.6417535543441772,0.0,0.0,0.0,0.0,0.0,0.0,-0.7810036540031433,0.018143437802791595,900,0,time,0.0,0.04062102362513542,-3.1620004177093506,-1.6812525987625122,514
-0.04563531652092934,0.2081216275691986,0.0,-0.002311726100742817,-0.6004748940467834,0.2458764910697937,0.10254377871751785,0.0,-0.6391530632972717,0.0,0.0,0.0,0.0,0.0,0.0,-0.908320963382721,0.024393100291490555,901,0,time,0.0,0.03570131957530975,-3.296213388442993,-1.6812525987625122,514
-0.14294745028018951,0.23805424571037292,0.0,-0.02281750924885273,-0.7290698289871216,-0.23387029767036438,0.10730792582035065,0.0,0.49152272939682007,0.0,0.0,0.0,0.0,0.0,0.0,-0.3241272568702698,-0.005624279845505953,902,0,time,0.0,0.09088920801877975,-2.302825689315796,-1.6812525987625122,514
-0.0411846749484539,0.19000588357448578,0.0,0.04377303645014763,-0.6004748940467834,0.2349516749382019,0.10254377871751785,0.0,-0.6391530632972717,0.0,0.0,0.0,0.0,0.0,0.0,-0.9298158288002014,0.024393100291490555,903,0,time,0.0,0.03570131957530975,-3.296213388442993,-1.6812525987625122,514
-0.11008968204259872,0.23805424571037292,0.0,-0.01456671766936779,-0.6112575531005859,0.16167226433753967,-0.17952506244182587,0.0,-0.5797669291496277,0.0,0.0,0.0,0.0,0.0,0.0,-0.33531856536865234,0.026091229170560837,904,0,time,0.0,0.043690163642168045,-3.085958957672119,-1.6812525987625122,514
-0.041131578385829926,0.2081216275691986,0.0,-0.002311726100742817,-0.5892196297645569,0.16167226433753967,-0.17952506244182587,0.0,-0.5770813822746277,0.0,0.0,0.0,0.0,0.0,0.0,-0.9382679462432861,0.024393100291490555,905,0,time,0.0,0.02622153051197529,-3.614603042602539,-1.6812525987625122,514
-0.041131578385829926,0.2081216275691986,0.0,-0.002311726100742817,-0.5892196297645569,0.16167226433753967,-0.17952506244182587,0.0,-0.5770813822746277,0.0,0.0,0.0,0.0,0.0,0.0,-0.9382679462432861,0.024393100291490555,906,0,time,1.0,0.02622153051197529,-3.614603042602539,-1.6812525987625122,514
0.04972601681947708,0.22944357991218567,0.0,0.024801073595881462,-0.4576627314090729,0.21216915547847748,-0.17442521452903748,0.0,-0.6762881875038147,0.0,0.0,0.0,0.0,0.0,0.0,0.4731111228466034,-0.15829716622829437,907,0,time,0.0,0.10352333635091782,-2.158675193786621,-1.6812525987625122,514
0.03617540001869202,0.2081216275691986,0.0,0.395781010389328,-0.5044968724250793,0.15935684740543365,0.04130319133400917,0.0,-0.578258752822876,0.0,0.0,0.0,0.0,0.0,0.0,-0.9871776103973389,0.024393100291490555,908,0,time,0.0,0.052847232669591904,-2.8860549926757812,-1.6812525987625122,514
0.03617540001869202,0.2081216275691986,0.0,0.395781010389328,-0.5044968724250793,0.15935684740543365,0.04130319133400917,0.0,-0.578258752822876,0.0,0.0,0.0,0.0,0.0,0.0,-0.9871776103973389,0.024393100291490555,909,0,time,0.0,0.052847232669591904,-2.8860549926757812,-1.6812525987625122,514
-0.040910255163908005,0.2081216275691986,0.0,0.39067313075065613,-0.5070063471794128,0.1644640862941742,0.0406794399023056,0.0,-0.566006600856781,0.0,0.0,0.0,0.0,0.0,0.0,-0.9192103147506714,0.024393100291490555,910,0,time,0.0,0.052847232669591904,-2.8860549926757812,-1.6812525987625122,514
-0.040910255163908005,0.2081216275691986,0.0,0.39067313075065613,-0.5070063471794128,0.1644640862941742,0.0406794399023056,0.0,-0.566006600856781,0.0,0.0,0.0,0.0,0.0,0.0,-0.9192103147506714,0.024393100291490555,911,0,time,0.0,0.052847232669591904,-2.8860549926757812,-1.6812525987625122,514
-0.052032675594091415,-0.11208939552307129,0.0,0.5595130324363708,-0.6799463033676147,-0.4491461515426636,0.09306881576776505,0.0,0.40547820925712585,0.0,0.0,0.0,0.0,0.0,0.0,-0.8841298222541809,-0.01847584918141365,912,0,time,0.0,0.05630532652139664,-2.8190135955810547,-1.6812525987625122,514
-0.040910255163908005,-0.11208939552307129,0.0,0.31261658668518066,-0.5773635506629944,0.1644640862941742,0.0406794399023056,0.0,-0.566006600856781,0.0,0.0,0.0,0.0,0.0,0.0,-0.8816308975219727,0.018143437802791595,913,0,time,0.0,0.03477877005934715,-3.323350191116333,-1.6812525987625122,514
-0.052032675594091415,-0.11208939552307129,0.0,0.31435564160346985,-0.6716516017913818,-0.055247798562049866,0.05520147830247879,0.0,0.3877490162849426,0.0,0.0,0.0,0.0,0.0,0.0,-0.922555148601532,-0.01847584918141365,914,0,time,0.0,0.059748709201812744,-2.7559995651245117,-1.6812525987625122,514
-0.04563531652092934,-0.11208939552307129,0.0,-0.08036819845438004,-0.6655310988426208,0.2538048326969147,0.14736895263195038,0.0,-0.635005533695221,0.0,0.0,0.0,0.0,0.0,0.0,-0.9329434037208557,0.018143437802791595,915,0,time,0.0,0.023350512608885765,-3.733508825302124,-1.6812525987625122,514
-0.040910255163908005,-0.11208939552307129,0.0,0.31261658668518066,-0.5773635506629944,-0.12582285702228546,0.0331525057554245,0.0,-0.566006600856781,0.0,0.0,0.0,0.0,0.0,0.0,-0.7810036540031433,0.018143437802791595,916,0,time,0.0,0.0287335105240345,-3.5205368995666504,-1.6812525987625122,514
-0.040910255163908005,-0.11208939552307129,0.0,0.31261658668518066,-0.5773635506629944,0.1644640862941742,0.0406794399023056,0.0,-0.566006600856781,0.0,0.0,0.0,0.0,0.0,0.0,-0.8816308975219727,0.018143437802791595,917,0,time,0.0,0.03477877005934715,-3.323350191116333,-1.6812525987625122,514
-0.040910255163908005,-0.11208939552307129,0.0,0.31261658668518066,-0.5773635506629944,0.1644640862941742,0.0406794399023056,0.0,-0.566006600856781,0.0,0.0,0.0,0.0,0.0,0.0,-0.8816308975219727,0.018143437802791595,918,0,time,0.0,0.03477877005934715,-3.323350191116333,-1.6812525987625122,514
-0.040910255163908005,-0.11208939552307129,0.0,0.31261658668518066,-0.5773635506629944,0.1644640862941742,0.0406794399023056,0.0,-0.566006600856781,0.0,0.0,0.0,0.0,0.0,0.0,-0.8816308975219727,0.018143437802791595,919,0,time,0.0,0.03477877005934715,-3.323350191116333,-1.6812525987625122,514
-0.052253998816013336,-0.11208939552307129,0.0,0.467070609331131,-0.5640738606452942,0.19707079231739044,-0.2424554079771042,0.0,0.4219176769256592,0.0,0.0,0.0,0.0,0.0,0.0,-0.9216384887695312,-0.01847584918141365,920,0,time,0.0,0.07542592287063599,-2.5061821937561035,-1.6812525987625122,514
-0.040910255163908005,-0.11208939552307129,0.0,0.31261658668518066,-0.5720625519752502,-0.0179743692278862,0.06917646527290344,0.0,-0.5618590712547302,0.0,0.0,0.0,0.0,0.0,0.0,-0.9111766219139099,0.018143437802791595,921,0,time,0.0,0.029386617243289948,-3.4973888397216797,-1.6812525987625122,514
-0.04563531652092934,-0.11208939552307129,0.0,0.565264105796814,-0.5735288262367249,-0.16088971495628357,0.08753089606761932,0.0,-0.6072339415550232,0.0,0.0,0.0,0.0,0.0,0.0,-0.7810036540031433,0.018143437802791595,922,0,time,0.0,0.03589174151420593,-3.290696382522583,-1.6812525987625122,514
-0.04563531652092934,0.2081216275691986,0.0,0.6433205604553223,-0.49033257365226746,-0.01644449308514595,0.15566392242908478,0.0,-0.6417535543441772,0.0,0.0,0.0,0.0,0.0,0.0,-0.8807849287986755,0.024393100291490555,923,0,time,0.0,0.06153120473027229,-2.724705219268799,-1.6812525987625122,514
-0.04563531652092934,0.2081216275691986,0.0,0.6358304023742676,-0.5222979187965393,-0.32574716210365295,0.05545032024383545,0.0,-0.6012951731681824,0.0,0.0,0.0,0.0,0.0,0.0,-0.818583071231842,0.024393100291490555,924,0,time,0.0,0.04431876167654991,-3.071016311645508,-1.6812525987625122,514
-0.04563531652092934,0.2081216275691986,0.0,0.6433205604553223,-0.4914860427379608,-0.024372858926653862,0.10254377871751785,0.0,-0.6417535543441772,0.0,0.0,0.0,0.0,0.0,0.0,-0.818583071231842,0.024393100291490555,925,0,time,0.0,0.06153120473027229,-2.724705219268799,-1.6812525987625122,514
-0.11794359236955643,0.22944357991218567,0.0,0.634037435054779,-0.4171668589115143,-0.06475662440061569,0.2089642733335495,0.0,-0.7234307527542114,0.0,0.0,0.0,0.0,0.0,0.0,0.48752903938293457,0.1446739137172699,926,0,time,0.0,0.21418143808841705,-1.2999024391174316,-1.6812525987625122,514
-0.04563531652092934,0.2081216275691986,0.0,0.5715032815933228,-0.4677976071834564,0.2662534713745117,0.11183563619852066,0.0,-0.5868703722953796,0.0,0.0,0.0,0.0,0.0,0.0,-0.9544054865837097,0.024393100291490555,927,0,time,0.0,0.07216793298721313,-2.5538549423217773,-1.6812525987625122,514
-0.04563531652092934,0.2081216275691986,0.0,0.5715032815933228,-0.46602460741996765,0.18194030225276947,-0.14035965502262115,0.0,-0.5663840770721436,0.0,0.0,0.0,0.0,0.0,0.0,-0.9544054865837097,0.024393100291490555,928,0,time,0.0,0.05375298485159874,-2.8681044578552246,-1.6812525987625122,514
-0.040910255163908005,0.2081216275691986,0.0,0.6358304023742676,-0.5222979187965393,-0.46540743112564087,0.03028176911175251,0.0,-0.6012951731681824,0.0,0.0,0.0,0.0,0.0,0.0,-0.818583071231842,0.024393100291490555,929,0,time,0.0,0.038011275231838226,-3.2311198711395264,-1.6812525987625122,514
-0.04563531652092934,0.2081216275691986,0.0,0.5715032815933228,-0.4677976071834564,0.2662534713745117,0.11183563619852066,0.0,-0.5868703722953796,0.0,0.0,0.0,0.0,0.0,0.0,-0.9544054865837097,0.024393100291490555,930,0,time,0.0,0.07216793298721313,-2.5538549423217773,-1.6812525987625122,514
-0.04563531652092934,0.2081216275691986,0.0,0.5715032815933228,-0.47197893261909485,0.2723392844200134,0.14736895263195038,0.0,-0.6243082284927368,0.0,0.0,0.0,0.0,0.0,0.0,-0.9544054865837097,0.024393100291490555,931,0,time,0.0,0.07216793298721313,-2.5538549423217773,-1.6812525987625122,514
-0.040910255163908005,0.2081216275691986,0.0,0.01784001849591732,-0.5925617218017578,0.3469114899635315,0.0406794399023056,0.0,-0.5767039656639099,0.0,0.0,0.0,0.0,0.0,0.0,-0.9353276491165161,0.024393100291490555,932,0,time,0.0,0.039588987827301025,-3.188810348510742,-1.6812525987625122,514
-0.12767337262630463,0.13026778399944305,0.0,-0.14325405657291412,-0.6513462662696838,0.16413310170173645,-0.23554494976997375,0.0,0.40107718110084534,0.0,0.0,0.0,0.0,0.0,0.0,-0.42690402269363403,-0.005624279845505953,933,0,time,0.0,0.07069101929664612,-2.576122760772705,-1.6812525987625122,514
-0.03668093681335449,0.10033516585826874,0.0,-0.15888072550296783,-0.5927934050559998,0.14553548395633698,-0.17952506244182587,0.0,-0.5770813822746277,0.0,0.0,0.0,0.0,0.0,0.0,-0.9597628116607666,0.024393100291490555,934,0,time,0.0,0.019537020474672318,-3.9157137870788574,-1.6812525987625122,514
-0.040910255163908005,0.2081216275691986,0.0,0.01784001849591732,-0.5925617218017578,0.3469114899635315,0.0406794399023056,0.0,-0.5767039656639099,0.0,0.0,0.0,0.0,0.0,0.0,-0.9353276491165161,0.024393100291490555,935,0,time,0.0,0.039588987827301025,-3.188810348510742,-1.6812525987625122,514
-0.040910255163908005,-0.11208939552307129,0.0,0.31261658668518066,-0.5773635506629944,0.1644640862941742,0.0406794399023056,0.0,-0.566006600856781,0.0,0.0,0.0,0.0,0.0,0.0,-0.8816308975219727,0.018143437802791595,936,0,time,0.0,0.03477877005934715,-3.323350191116333,-1.6812525987625122,514
-0.040910255163908005,-0.11208939552307129,0.0,0.31261658668518066,-0.5773635506629944,0.1644640862941742,0.0406794399023056,0.0,-0.566006600856781,0.0,0.0,0.0,0.0,0.0,0.0,-0.8816308975219727,0.018143437802791595,937,0,time,0.0,0.03477877005934715,-3.323350191116333,-1.6812525987625122,514
-0.040910255163908005,-0.11208939552307129,0.0,0.31261658668518066,-0.5773635506629944,0.1644640862941742,0.0406794399023056,0.0,-0.566006600856781,0.0,0.0,0.0,0.0,0.0,0.0,-0.8816308975219727,0.018143437802791595,938,0,time,0.0,0.03477877005934715,-3.323350191116333,-1.6812525987625122,514
-0.040910255163908005,-0.11208939552307129,0.0,0.31261658668518066,-0.5773635506629944,0.1644640862941742,0.0406794399023056,0.0,-0.566006600856781,0.0,0.0,0.0,0.0,0.0,0.0,-0.8816308975219727,0.018143437802791595,939,0,time,0.0,0.03477877005934715,-3.323350191116333,-1.6812525987625122,514
-0.040910255163908005,-0.11208939552307129,0.0,0.31261658668518066,-0.5773635506629944,0.1644640862941742,0.0406794399023056,0.0,-0.566006600856781,0.0,0.0,0.0,0.0,0.0,0.0,-0.8816308975219727,0.018143437802791595,940,0,time,0.0,0.03477877005934715,-3.323350191116333,-1.6812525987625122,514
-0.040910255163908005,-0.11208939552307129,0.0,0.31261658668518066,-0.5773635506629944,0.1644640862941742,0.0406794399023056,0.0,-0.566006600856781,0.0,0.0,0.0,0.0,0.0,0.0,-0.8816308975219727,0.018143437802791595,941,0,time,0.0,0.03477877005934715,-3.323350191116333,-1.6812525987625122,514
-0.040910255163908005,-0.11208939552307129,0.0,0.31261658668518066,-0.5773635506629944,0.1644640862941742,0.0406794399023056,0.0,-0.566006600856781,0.0,0.0,0.0,0.0,0.0,0.0,-0.8816308975219727,0.018143437802791595,942,0,time,0.0,0.03477877005934715,-3.323350191116333,-1.6812525987625122,514
-0.040910255163908005,-0.11208939552307129,0.0,0.31261658668518066,-0.5773635506629944,0.1644640862941742,0.0406794399023056,0.0,-0.566006600856781,0.0,0.0,0.0,0.0,0.0,0.0,-0.8816308975219727,0.018143437802791595,943,0,time,0.0,0.03477877005934715,-3.323350191116333,-1.6812525987625122,514
-0.040910255163908005,-0.11208939552307129,0.0,0.31261658668518066,-0.5773635506629944,0.1644640862941742,0.0406794399023056,0.0,-0.566006600856781,0.0,0.0,0.0,0.0,0.0,0.0,-0.8816308975219727,0.018143437802791595,944,0,time,0.0,0.03477877005934715,-3.323350191116333,-1.6812525987625122,514
-0.04563531652092934,-0.11208939552307129,0.0,0.565264105796814,-0.5735288262367249,-0.15528199076652527,0.08825657516717911,0.0,-0.6135673522949219,0.0,0.0,0.0,0.0,0.0,0.0,-0.7810036540031433,0.018143437802791595,945,0,time,0.0,0.03589174151420593,-3.290696382522583,-1.6812525987625122,514
-0.04563531652092934,-0.11208939552307129,0.0,0.565264105796814,-0.56184321641922,-0.024372858926653862,0.10254377871751785,0.0,-0.6417535543441772,0.0,0.0,0.0,0.0,0.0,0.0,-0.7810036540031433,0.018143437802791595,946,0,time,0.0,0.04062102362513542,-3.1620004177093506,-1.6812525987625122,514
-0.040910255163908005,-0.11208939552307129,0.0,0.5577739477157593,-0.5926551818847656,-0.46540743112564087,0.03028176911175251,0.0,-0.6012951731681824,0.0,0.0,0.0,0.0,0.0,0.0,-0.7810036540031433,0.018143437802791595,947,0,time,0.0,0.024881970137357712,-3.668415069580078,-1.6812525987625122,514
-0.04563531652092934,-0.11208939552307129,0.0,0.565264105796814,-0.5665080547332764,-0.015043295919895172,0.10254377871751785,0.0,-0.6464183330535889,0.0,0.0,0.0,0.0,0.0,0.0,-0.7810036540031433,0.018143437802791595,948,0,time,0.0,0.04062102362513542,-3.1620004177093506,-1.6812525987625122,514
-0.041131578385829926,-0.11208939552307129,0.0,0.49344679713249207,-0.5363817811012268,0.18020674586296082,-0.17952506244182587,0.0,-0.5663840770721436,0.0,0.0,0.0,0.0,0.0,0.0,-0.8845711946487427,0.018143437802791595,949,0,time,0.0,0.03524536266922951,-3.309539794921875,-1.6812525987625122,514
-0.04563531652092934,-0.11208939552307129,0.0,0.565264105796814,-0.5665080547332764,-0.015043295919895172,0.10254377871751785,0.0,-0.6464183330535889,0.0,0.0,0.0,0.0,0.0,0.0,-0.7810036540031433,0.018143437802791595,950,0,time,0.0,0.04062102362513542,-3.1620004177093506,-1.6812525987625122,514
-0.04563531652092934,0.2081216275691986,0.0,0.6433205604553223,-0.49615082144737244,-0.015043295919895172,0.10254377871751785,0.0,-0.6464183330535889,0.0,0.0,0.0,0.0,0.0,0.0,-0.818583071231842,0.024393100291490555,951,0,time,0.0,0.06153120473027229,-2.724705219268799,-1.6812525987625122,514
-0.04563531652092934,0.2081216275691986,0.0,0.6433205604553223,-0.49615082144737244,-0.015043295919895172,0.10254377871751785,0.0,-0.6464183330535889,0.0,0.0,0.0,0.0,0.0,0.0,-0.818583071231842,0.024393100291490555,952,0,time,0.0,0.06153120473027229,-2.724705219268799,-1.6812525987625122,514
-0.04563531652092934,0.2081216275691986,0.0,0.6433205604553223,-0.4914860427379608,-0.024372858926653862,0.10254377871751785,0.0,-0.6417535543441772,0.0,0.0,0.0,0.0,0.0,0.0,-0.818583071231842,0.024393100291490555,953,0,time,0.0,0.06153120473027229,-2.724705219268799,-1.6812525987625122,514
-0.04563531652092934,0.2081216275691986,0.0,0.6433205604553223,-0.49033257365226746,-0.01644449308514595,0.15566392242908478,0.0,-0.6417535543441772,0.0,0.0,0.0,0.0,0.0,0.0,-0.8807849287986755,0.024393100291490555,954,0,time,0.0,0.06153120473027229,-2.724705219268799,-1.6812525987625122,514
-0.04563531652092934,0.2081216275691986,0.0,0.6433205604553223,-0.48618510365486145,-0.01644449308514595,0.14736895263195038,0.0,-0.6376060843467712,0.0,0.0,0.0,0.0,0.0,0.0,-0.8807849287986755,0.024393100291490555,955,0,time,0.0,0.06153120473027229,-2.724705219268799,-1.6812525987625122,514
-0.040910255163908005,0.2081216275691986,0.0,0.39067313075065613,-0.5070063471794128,-0.12582285702228546,0.0331525057554245,0.0,-0.566006600856781,0.0,0.0,0.0,0.0,0.0,0.0,-0.818583071231842,0.024393100291490555,956,0,time,0.0,0.04380383342504501,-3.0832417011260986,-1.6812525987625122,514
-0.040910255163908005,0.2081216275691986,0.0,0.6358304023742676,-0.5169969201087952,-0.4574790596961975,0.07510694116353989,0.0,-0.5971477031707764,0.0,0.0,0.0,0.0,0.0,0.0,-0.8807849287986755,0.024393100291490555,957,0,time,0.0,0.038011275231838226,-3.2311198711395264,-1.6812525987625122,514
-0.04563531652092934,0.2081216275691986,0.0,0.6433205604553223,-0.49615082144737244,-0.015043295919895172,0.10254377871751785,0.0,-0.6464183330535889,0.0,0.0,0.0,0.0,0.0,0.0,-0.818583071231842,0.024393100291490555,958,0,time,0.0,0.06153120473027229,-2.724705219268799,-1.6812525987625122,514
-0.040910255163908005,0.2081216275691986,0.0,0.39067313075065613,-0.5070063471794128,-0.12582285702228546,0.0331525057554245,0.0,-0.566006600856781,0.0,0.0,0.0,0.0,0.0,0.0,-0.818583071231842,0.024393100291490555,959,0,time,0.0,0.04380383342504501,-3.0832417011260986,-1.6812525987625122,514
-0.040910255163908005,-0.11208939552307129,0.0,0.31261658668518066,-0.5773635506629944,-0.15895764529705048,0.0331525057554245,0.0,-0.5815990567207336,0.0,0.0,0.0,0.0,0.0,0.0,-0.7810036540031433,0.018143437802791595,960,0,time,0.0,0.0274044182151556,-3.5692641735076904,-1.6812525987625122,514
-0.040910255163908005,-0.11208939552307129,0.0,0.31261658668518066,-0.5773635506629944,-0.009574590250849724,0.0406794399023056,0.0,-0.566006600856781,0.0,0.0,0.0,0.0,0.0,0.0,-0.8816308975219727,0.018143437802791595,961,0,time,0.0,0.029386617243289948,-3.4973888397216797,-1.6812525987625122,514
-0.040910255163908005,-0.11208939552307129,0.0,0.31261658668518066,-0.5773635506629944,-0.009574590250849724,0.0406794399023056,0.0,-0.566006600856781,0.0,0.0,0.0,0.0,0.0,0.0,-0.8816308975219727,0.018143437802791595,962,0,time,0.0,0.029386617243289948,-3.4973888397216797,-1.6812525987625122,514
-0.04563531652092934,-0.11208939552307129,0.0,0.49344679713249207,-0.5363817811012268,0.18194030225276947,-0.17261460423469543,0.0,-0.5663840770721436,0.0,0.0,0.0,0.0,0.0,0.0,-0.8845711946487427,0.018143437802791595,963,0,time,0.0,0.03538641333580017,-3.3053996562957764,-1.6812525987625122,514
-0.04563531652092934,-0.11208939552307129,0.0,0.49344679713249207,-0.542336106300354,0.2723392844200134,0.14736895263195038,0.0,-0.6243082284927368,0.0,0.0,0.0,0.0,0.0,0.0,-0.916826069355011,0.018143437802791595,964,0,time,0.0,0.047827284783124924,-2.991150140762329,-1.6812525987625122,514
-0.04563531652092934,0.2081216275691986,0.0,0.5715032815933228,-0.4677976071834564,0.2613741159439087,0.09597568958997726,0.0,-0.5868703722953796,0.0,0.0,0.0,0.0,0.0,0.0,-0.9544054865837097,0.024393100291490555,965,0,time,0.0,0.07079149782657623,-2.574594259262085,-1.6812525987625122,514
-0.04563531652092934,0.2081216275691986,0.0,0.6433205604553223,-0.49033257365226746,-0.01644449308514595,0.15566392242908478,0.0,-0.6417535543441772,0.0,0.0,0.0,0.0,0.0,0.0,-0.8807849287986755,0.024393100291490555,966,0,time,0.0,0.06153120473027229,-2.724705219268799,-1.6812525987625122,514
-0.04563531652092934,0.2081216275691986,0.0,0.6433205604553223,-0.4914860427379608,-0.024372858926653862,0.10254377871751785,0.0,-0.6417535543441772,0.0,0.0,0.0,0.0,0.0,0.0,-0.818583071231842,0.024393100291490555,967,0,time,0.0,0.06153120473027229,-2.724705219268799,-1.6812525987625122,514
-0.039941273629665375,0.2081216275691986,0.0,0.39067313075065613,-0.4906350076198578,0.23600515723228455,-0.08564411848783493,0.0,-0.5374143719673157,0.0,0.0,0.0,0.0,0.0,0.0,-0.9165011048316956,0.024393100291490555,968,0,time,0.0,0.05254070460796356,-2.892195701599121,-1.6812525987625122,514
-0.04563531652092934,0.2081216275691986,0.0,0.5715032815933228,-0.4677976071834564,0.2613741159439087,0.09597568958997726,0.0,-0.5868703722953796,0.0,0.0,0.0,0.0,0.0,0.0,-0.9544054865837097,0.024393100291490555,969,0,time,0.0,0.07079149782657623,-2.574594259262085,-1.6812525987625122,514
-0.04563531652092934,0.2081216275691986,0.0,0.5715032815933228,-0.47197893261909485,0.2723392844200134,0.14736895263195038,0.0,-0.6243082284927368,0.0,0.0,0.0,0.0,0.0,0.0,-0.9544054865837097,0.024393100291490555,970,0,time,0.0,0.07216793298721313,-2.5538549423217773,-1.6812525987625122,514
-0.040910255163908005,0.2081216275691986,0.0,0.39067313075065613,-0.5070063471794128,-0.14951561391353607,0.0331525057554245,0.0,-0.5770580768585205,0.0,0.0,0.0,0.0,0.0,0.0,-0.818583071231842,0.024393100291490555,971,0,time,0.0,0.042371418327093124,-3.117985963821411,-1.6812525987625122,514
-0.04563531652092934,-0.11208939552307129,0.0,0.565264105796814,-0.5735288262367249,-0.15528199076652527,0.08825657516717911,0.0,-0.6135673522949219,0.0,0.0,0.0,0.0,0.0,0.0,-0.7810036540031433,0.018143437802791595,972,0,time,0.0,0.03589174151420593,-3.290696382522583,-1.6812525987625122,514
-0.04563531652092934,-0.11208939552307129,0.0,0.49344679713249207,-0.5476370453834534,0.26441097259521484,0.10254377871751785,0.0,-0.6284556984901428,0.0,0.0,0.0,0.0,0.0,0.0,-0.8546242117881775,0.018143437802791595,973,0,time,0.0,0.047827284783124924,-2.991150140762329,-1.6812525987625122,514
-0.040910255163908005,-0.11208939552307129,0.0,0.31261658668518066,-0.5773635506629944,0.1644640862941742,0.0406794399023056,0.0,-0.566006600856781,0.0,0.0,0.0,0.0,0.0,0.0,-0.8816308975219727,0.018143437802791595,974,0,time,0.0,0.03477877005934715,-3.323350191116333,-1.6812525987625122,514
-0.040910255163908005,-0.11208939552307129,0.0,0.31261658668518066,-0.5773635506629944,-0.009574590250849724,0.0406794399023056,0.0,-0.566006600856781,0.0,0.0,0.0,0.0,0.0,0.0,-0.8816308975219727,0.018143437802791595,975,0,time,0.0,0.029386617243289948,-3.4973888397216797,-1.6812525987625122,514
-0.040910255163908005,-0.11208939552307129,0.0,0.31261658668518066,-0.5773635506629944,0.1644640862941742,0.0406794399023056,0.0,-0.566006600856781,0.0,0.0,0.0,0.0,0.0,0.0,-0.8816308975219727,0.018143437802791595,976,0,time,0.0,0.03477877005934715,-3.323350191116333,-1.6812525987625122,514
-0.04563531652092934,-0.11208939552307129,0.0,0.49344679713249207,-0.5476370453834534,0.26441097259521484,0.10254377871751785,0.0,-0.6284556984901428,0.0,0.0,0.0,0.0,0.0,0.0,-0.8546242117881775,0.018143437802791595,977,0,time,0.0,0.047827284783124924,-2.991150140762329,-1.6812525987625122,514
-0.040910255163908005,-0.11208939552307129,0.0,0.5577739477157593,-0.5926551818847656,-0.46540743112564087,0.03028176911175251,0.0,-0.6012951731681824,0.0,0.0,0.0,0.0,0.0,0.0,-0.7810036540031433,0.018143437802791595,978,0,time,0.0,0.024881970137357712,-3.668415069580078,-1.6812525987625122,514
-0.040910255163908005,-0.11208939552307129,0.0,0.31261658668518066,-0.5773635506629944,0.1644640862941742,0.0406794399023056,0.0,-0.566006600856781,0.0,0.0,0.0,0.0,0.0,0.0,-0.8816308975219727,0.018143437802791595,979,0,time,0.0,0.03477877005934715,-3.323350191116333,-1.6812525987625122,514
-0.040910255163908005,-0.11208939552307129,0.0,0.31261658668518066,-0.5773635506629944,0.1644640862941742,0.0406794399023056,0.0,-0.566006600856781,0.0,0.0,0.0,0.0,0.0,0.0,-0.8816308975219727,0.018143437802791595,980,0,time,0.0,0.03477877005934715,-3.323350191116333,-1.6812525987625122,514
-0.04563531652092934,-0.11208939552307129,0.0,0.565264105796814,-0.5735288262367249,-0.16088971495628357,0.08753089606761932,0.0,-0.6072339415550232,0.0,0.0,0.0,0.0,0.0,0.0,-0.7810036540031433,0.018143437802791595,981,0,time,0.0,0.03589174151420593,-3.290696382522583,-1.6812525987625122,514
-0.040910255163908005,-0.11208939552307129,0.0,0.5577739477157593,-0.5926551818847656,-0.46540743112564087,0.03028176911175251,0.0,-0.6012951731681824,0.0,0.0,0.0,0.0,0.0,0.0,-0.7810036540031433,0.018143437802791595,982,0,time,0.0,0.024881970137357712,-3.668415069580078,-1.6812525987625122,514
-0.040910255163908005,-0.11208939552307129,0.0,0.5577739477157593,-0.5926551818847656,-0.46540743112564087,0.03028176911175251,0.0,-0.6012951731681824,0.0,0.0,0.0,0.0,0.0,0.0,-0.7810036540031433,0.018143437802791595,983,0,time,0.0,0.024881970137357712,-3.668415069580078,-1.6812525987625122,514
-0.04563531652092934,-0.11208939552307129,0.0,0.565264105796814,-0.56184321641922,-0.024372858926653862,0.10254377871751785,0.0,-0.6417535543441772,0.0,0.0,0.0,0.0,0.0,0.0,-0.7810036540031433,0.018143437802791595,984,0,time,0.0,0.04062102362513542,-3.1620004177093506,-1.6812525987625122,514
-0.040910255163908005,-0.11208939552307129,0.0,0.5577739477157593,-0.5926551818847656,-0.46540743112564087,0.03028176911175251,0.0,-0.6012951731681824,0.0,0.0,0.0,0.0,0.0,0.0,-0.7810036540031433,0.018143437802791595,985,0,time,0.0,0.024881970137357712,-3.668415069580078,-1.6812525987625122,514
-0.040910255163908005,-0.11208939552307129,0.0,0.31261658668518066,-0.5773635506629944,0.1644640862941742,0.0406794399023056,0.0,-0.566006600856781,0.0,0.0,0.0,0.0,0.0,0.0,-0.8816308975219727,0.018143437802791595,986,0,time,0.0,0.03477877005934715,-3.323350191116333,-1.6812525987625122,514
-0.040910255163908005,-0.11208939552307129,0.0,0.31261658668518066,-0.5773635506629944,0.1644640862941742,0.0406794399023056,0.0,-0.566006600856781,0.0,0.0,0.0,0.0,0.0,0.0,-0.8816308975219727,0.018143437802791595,987,0,time,0.0,0.03477877005934715,-3.323350191116333,-1.6812525987625122,514
-0.04563531652092934,-0.11208939552307129,0.0,0.565264105796814,-0.5665080547332764,-0.015043295919895172,0.10254377871751785,0.0,-0.6464183330535889,0.0,0.0,0.0,0.0,0.0,0.0,-0.7810036540031433,0.018143437802791595,988,0,time,0.0,0.04062102362513542,-3.1620004177093506,-1.6812525987625122,514
-0.040910255163908005,-0.11208939552307129,0.0,0.31261658668518066,-0.5773635506629944,0.1644640862941742,0.0406794399023056,0.0,-0.566006600856781,0.0,0.0,0.0,0.0,0.0,0.0,-0.8816308975219727,0.018143437802791595,989,0,time,0.0,0.03477877005934715,-3.323350191116333,-1.6812525987625122,514
-0.040910255163908005,-0.11208939552307129,0.0,0.31261658668518066,-0.5773635506629944,-0.009574590250849724,0.0406794399023056,0.0,-0.566006600856781,0.0,0.0,0.0,0.0,0.0,0.0,-0.8816308975219727,0.018143437802791595,990,0,time,0.0,0.029386617243289948,-3.4973888397216797,-1.6812525987625122,514
-0.040910255163908005,-0.11208939552307129,0.0,0.31261658668518066,-0.5773635506629944,0.1644640862941742,0.0406794399023056,0.0,-0.566006600856781,0.0,0.0,0.0,0.0,0.0,0.0,-0.8816308975219727,0.018143437802791595,991,0,time,0.0,0.03477877005934715,-3.323350191116333,-1.6812525987625122,514
-0.040910255163908005,-0.11208939552307129,0.0,0.31261658668518066,-0.5773635506629944,-0.12582285702228546,0.0331525057554245,0.0,-0.566006600856781,0.0,0.0,0.0,0.0,0.0,0.0,-0.7810036540031433,0.018143437802791595,992,0,time,0.0,0.0287335105240345,-3.5205368995666504,-1.6812525987625122,514
-0.04563531652092934,-0.11208939552307129,0.0,0.565264105796814,-0.56184321641922,-0.024372858926653862,0.10254377871751785,0.0,-0.6417535543441772,0.0,0.0,0.0,0.0,0.0,0.0,-0.7810036540031433,0.018143437802791595,993,0,time,0.0,0.04062102362513542,-3.1620004177093506,-1.6812525987625122,514
-0.04563531652092934,-0.11208939552307129,0.0,0.565264105796814,-0.56184321641922,-0.024372858926653862,0.10254377871751785,0.0,-0.6417535543441772,0.0,0.0,0.0,0.0,0.0,0.0,-0.7810036540031433,0.018143437802791595,994,0,time,0.0,0.04062102362513542,-3.1620004177093506,-1.6812525987625122,514
-0.04563531652092934,-0.11208939552307129,0.0,0.565264105796814,-0.5665080547332764,-0.015043295919895172,0.10254377871751785,0.0,-0.6464183330535889,0.0,0.0,0.0,0.0,0.0,0.0,-0.7810036540031433,0.018143437802791595,995,0,time,0.0,0.04062102362513542,-3.1620004177093506,-1.6812525987625122,514
-0.04563531652092934,-0.11208939552307129,0.0,0.565264105796814,-0.5665080547332764,-0.015043295919895172,0.10254377871751785,0.0,-0.6464183330535889,0.0,0.0,0.0,0.0,0.0,0.0,-0.7810036540031433,0.018143437802791595,996,0,time,0.0,0.04062102362513542,-3.1620004177093506,-1.6812525987625122,514
-0.040910255163908005,-0.11208939552307129,0.0,0.31261658668518066,-0.5773635506629944,0.1644640862941742,0.0406794399023056,0.0,-0.566006600856781,0.0,0.0,0.0,0.0,0.0,0.0,-0.8816308975219727,0.018143437802791595,997,0,time,0.0,0.03477877005934715,-3.323350191116333,-1.6812525987625122,514
-0.04563531652092934,-0.11208939552307129,0.0,0.565264105796814,-0.552361011505127,-0.02253032848238945,0.11183563619852066,0.0,-0.6001682281494141,0.0,0.0,0.0,0.0,0.0,0.0,-0.8432055115699768,0.018143437802791595,998,0,time,0.0,0.04062102362513542,-3.1620004177093506,-1.6812525987625122,514
-0.04563531652092934,-0.11208939552307129,0.0,0.49344679713249207,-0.5476370453834534,0.26441097259521484,0.10254377871751785,0.0,-0.6284556984901428,0.0,0.0,0.0,0.0,0.0,0.0,-0.8546242117881775,0.018143437802791595,999,0,time,0.0,0.047827284783124924,-2.991150140762329,-1.6812525987625122,514
-0.040910255163908005,-0.11208939552307129,0.0,0.5577739477157593,-0.5926551818847656,-0.46540743112564087,0.03028176911175251,0.0,-0.6012951731681824,0.0,0.0,0.0,0.0,0.0,0.0,-0.7810036540031433,0.018143437802791595,1000,0,time,0.0,0.024881970137357712,-3.668415069580078,-1.6812525987625122,514
-0.040910255163908005,-0.11208939552307129,0.0,0.5577739477157593,-0.5926551818847656,-0.44312161207199097,0.03028176911175251,0.0,-0.5901062488555908,0.0,0.0,0.0,0.0,0.0,0.0,-0.7810036540031433,0.018143437802791595,1001,0,time,0.0,0.025707215070724487,-3.6349401473999023,-1.6812525987625122,514
-0.040910255163908005,-0.11208939552307129,0.0,0.31261658668518066,-0.5773635506629944,0.1644640862941742,0.0406794399023056,0.0,-0.566006600856781,0.0,0.0,0.0,0.0,0.0,0.0,-0.8816308975219727,0.018143437802791595,1002,0,time,0.0,0.03477877005934715,-3.323350191116333,-1.6812525987625122,514
-0.040910255163908005,-0.11208939552307129,0.0,0.31261658668518066,-0.5773635506629944,0.1644640862941742,0.0406794399023056,0.0,-0.566006600856781,0.0,0.0,0.0,0.0,0.0,0.0,-0.8816308975219727,0.018143437802791595,1003,0,time,0.0,0.03477877005934715,-3.323350191116333,-1.6812525987625122,514
-0.040910255163908005,-0.11208939552307129,0.0,0.31261658668518066,-0.5773635506629944,0.1644640862941742,0.0406794399023056,0.0,-0.566006600856781,0.0,0.0,0.0,0.0,0.0,0.0,-0.8816308975219727,0.018143437802791595,1004,0,time,0.0,0.03477877005934715,-3.323350191116333,-1.6812525987625122,514
-0.04563531652092934,-0.11208939552307129,0.0,0.565264105796814,-0.5701715350151062,-0.0662035197019577,0.09488274157047272,0.0,-0.6464183330535889,0.0,0.0,0.0,0.0,0.0,0.0,-0.7810036540031433,0.018143437802791595,1005,0,time,0.0,0.038254622370004654,-3.224485397338867,-1.6812525987625122,514
-0.04563531652092934,-0.11208939552307129,0.0,0.49344679713249207,-0.5476370453834534,0.26441097259521484,0.10254377871751785,0.0,-0.6284556984901428,0.0,0.0,0.0,0.0,0.0,0.0,-0.8546242117881775,0.018143437802791595,1006,0,time,0.0,0.047827284783124924,-2.991150140762329,-1.6812525987625122,514
-0.04563531652092934,-0.11208939552307129,0.0,0.49344679713249207,-0.5476370453834534,0.26441097259521484,0.10254377871751785,0.0,-0.6284556984901428,0.0,0.0,0.0,0.0,0.0,0.0,-0.8546242117881775,0.018143437802791595,1007,0,time,0.0,0.047827284783124924,-2.991150140762329,-1.6812525987625122,514
-0.040910255163908005,-0.11208939552307129,0.0,0.31261658668518066,-0.5773635506629944,0.1644640862941742,0.0406794399023056,0.0,-0.566006600856781,0.0,0.0,0.0,0.0,0.0,0.0,-0.8816308975219727,0.018143437802791595,1008,0,time,0.0,0.03477877005934715,-3.323350191116333,-1.6812525987625122,514
-0.04563531652092934,-0.11208939552307129,0.0,0.49344679713249207,-0.5476370453834534,0.26441097259521484,0.10254377871751785,0.0,-0.6284556984901428,0.0,0.0,0.0,0.0,0.0,0.0,-0.8546242117881775,0.018143437802791595,1009,0,time,0.0,0.047827284783124924,-2.991150140762329,-1.6812525987625122,514
-0.04563531652092934,-0.11208939552307129,0.0,0.565264105796814,-0.56184321641922,-0.024372858926653862,0.10254377871751785,0.0,-0.6417535543441772,0.0,0.0,0.0,0.0,0.0,0.0,-0.7810036540031433,0.018143437802791595,1010,0,time,0.0,0.04062102362513542,-3.1620004177093506,-1.6812525987625122,514
-0.040910255163908005,-0.11208939552307129,0.0,0.31261658668518066,-0.5773635506629944,0.1644640862941742,0.0406794399023056,0.0,-0.566006600856781,0.0,0.0,0.0,0.0,0.0,0.0,-0.8816308975219727,0.018143437802791595,1011,0,time,0.0,0.03477877005934715,-3.323350191116333,-1.6812525987625122,514
-0.04563531652092934,-0.11208939552307129,0.0,0.49344679713249207,-0.5439372658729553,0.2723392844200134,0.15057134628295898,0.0,-0.6259093880653381,0.0,0.0,0.0,0.0,0.0,0.0,-0.916826069355011,0.018143437802791595,1012,0,time,0.0,0.047827284783124924,-2.991150140762329,-1.6812525987625122,514
-0.04563531652092934,-0.11208939552307129,0.0,0.565264105796814,-0.5665080547332764,-0.015043295919895172,0.10254377871751785,0.0,-0.6464183330535889,0.0,0.0,0.0,0.0,0.0,0.0,-0.7810036540031433,0.018143437802791595,1013,0,time,0.0,0.04062102362513542,-3.1620004177093506,-1.6812525987625122,514
-0.04563531652092934,-0.11208939552307129,0.0,0.565264105796814,-0.5665080547332764,-0.015043295919895172,0.10254377871751785,0.0,-0.6464183330535889,0.0,0.0,0.0,0.0,0.0,0.0,-0.7810036540031433,0.018143437802791595,1014,0,time,0.0,0.04062102362513542,-3.1620004177093506,-1.6812525987625122,514
-0.04563531652092934,-0.11208939552307129,0.0,0.565264105796814,-0.56184321641922,-0.024372858926653862,0.10254377871751785,0.0,-0.6417535543441772,0.0,0.0,0.0,0.0,0.0,0.0,-0.7810036540031433,0.018143437802791595,1015,0,time,0.0,0.04062102362513542,-3.1620004177093506,-1.6812525987625122,514
-0.04563531652092934,-0.11208939552307129,0.0,0.49344679713249207,-0.5476370453834534,0.26441097259521484,0.10254377871751785,0.0,-0.6284556984901428,0.0,0.0,0.0,0.0,0.0,0.0,-0.8546242117881775,0.018143437802791595,1016,0,time,0.0,0.047827284783124924,-2.991150140762329,-1.6812525987625122,514
-0.04563531652092934,-0.11208939552307129,0.0,0.49344679713249207,-0.5476370453834534,0.26441097259521484,0.10254377871751785,0.0,-0.6284556984901428,0.0,0.0,0.0,0.0,0.0,0.0,-0.8546242117881775,0.018143437802791595,1017,0,time,0.0,0.047827284783124924,-2.991150140762329,-1.6812525987625122,514
-0.040910255163908005,-0.11208939552307129,0.0,0.5577739477157593,-0.5926551818847656,-0.46540743112564087,0.03028176911175251,0.0,-0.6012951731681824,0.0,0.0,0.0,0.0,0.0,0.0,-0.7810036540031433,0.018143437802791595,1018,0,time,0.0,0.024881970137357712,-3.668415069580078,-1.6812525987625122,514
-0.04563531652092934,-0.11208939552307129,0.0,0.49344679713249207,-0.5476370453834534,0.26441097259521484,0.10254377871751785,0.0,-0.6284556984901428,0.0,0.0,0.0,0.0,0.0,0.0,-0.8546242117881775,0.018143437802791595,1019,0,time,0.0,0.047827284783124924,-2.991150140762329,-1.6812525987625122,514
-0.04563531652092934,-0.11208939552307129,0.0,0.49344679713249207,-0.5476370453834534,0.26441097259521484,0.10254377871751785,0.0,-0.6284556984901428,0.0,0.0,0.0,0.0,0.0,0.0,-0.8546242117881775,0.018143437802791595,1020,0,time,0.0,0.047827284783124924,-2.991150140762329,-1.6812525987625122,514
-0.040910255163908005,-0.11208939552307129,0.0,0.31261658668518066,-0.5773635506629944,0.1644640862941742,0.0406794399023056,0.0,-0.566006600856781,0.0,0.0,0.0,0.0,0.0,0.0,-0.8816308975219727,0.018143437802791595,1021,0,time,0.0,0.03477877005934715,-3.323350191116333,-1.6812525987625122,514
-0.040910255163908005,-0.11208939552307129,0.0,0.5577739477157593,-0.5926551818847656,-0.46540743112564087,0.03028176911175251,0.0,-0.6012951731681824,0.0,0.0,0.0,0.0,0.0,0.0,-0.7810036540031433,0.018143437802791595,1022,0,time,0.0,0.024881970137357712,-3.668415069580078,-1.6812525987625122,514
-0.04563531652092934,-0.11208939552307129,0.0,0.565264105796814,-0.5665080547332764,-0.015043295919895172,0.10254377871751785,0.0,-0.6464183330535889,0.0,0.0,0.0,0.0,0.0,0.0,-0.7810036540031433,0.018143437802791595,1023,0,time,0.0,0.04062102362513542,-3.1620004177093506,-1.6812525987625122,514
-0.04563531652092934,-0.11208939552307129,0.0,0.565264105796814,-0.5665080547332764,-0.015043295919895172,0.10254377871751785,0.0,-0.6464183330535889,0.0,0.0,0.0,0.0,0.0,0.0,-0.7810036540031433,0.018143437802791595,1024,0,time,0.0,0.04062102362513542,-3.1620004177093506,-1.6812525987625122,514
-0.040910255163908005,-0.11208939552307129,0.0,0.31261658668518066,-0.5773635506629944,0.1644640862941742,0.0406794399023056,0.0,-0.566006600856781,0.0,0.0,0.0,0.0,0.0,0.0,-0.8816308975219727,0.018143437802791595,1025,0,time,0.0,0.03477877005934715,-3.323350191116333,-1.6812525987625122,514
-0.041131578385829926,-0.11208939552307129,0.0,0.49344679713249207,-0.5363817811012268,0.18020674586296082,-0.17952506244182587,0.0,-0.5663840770721436,0.0,0.0,0.0,0.0,0.0,0.0,-0.8845711946487427,0.018143437802791595,1026,0,time,0.0,0.03524536266922951,-3.309539794921875,-1.6812525987625122,514
-0.040910255163908005,-0.11208939552307129,0.0,0.5577739477157593,-0.5926551818847656,-0.44312161207199097,0.03028176911175251,0.0,-0.5901062488555908,0.0,0.0,0.0,0.0,0.0,0.0,-0.7810036540031433,0.018143437802791595,1027,0,time,0.0,0.025707215070724487,-3.6349401473999023,-1.6812525987625122,514
-0.04563531652092934,-0.11208939552307129,0.0,0.565264105796814,-0.56184321641922,-0.024372858926653862,0.10254377871751785,0.0,-0.6417535543441772,0.0,0.0,0.0,0.0,0.0,0.0,-0.7810036540031433,0.018143437802791595,1028,0,time,0.0,0.04062102362513542,-3.1620004177093506,-1.6812525987625122,514
-0.04563531652092934,-0.11208939552307129,0.0,0.565264105796814,-0.56184321641922,-0.024372858926653862,0.10254377871751785,0.0,-0.6417535543441772,0.0,0.0,0.0,0.0,0.0,0.0,-0.7810036540031433,0.018143437802791595,1029,0,time,0.0,0.04062102362513542,-3.1620004177093506,-1.6812525987625122,514
-0.040910255163908005,-0.11208939552307129,0.0,0.5577739477157593,-0.5926551818847656,-0.46540743112564087,0.03028176911175251,0.0,-0.6012951731681824,0.0,0.0,0.0,0.0,0.0,0.0,-0.7810036540031433,0.018143437802791595,1030,0,time,0.0,0.024881970137357712,-3.668415069580078,-1.6812525987625122,514
-0.1411731243133545,0.0,0.0,0.06330928206443787,-0.46694228053092957,-0.025935113430023193,-0.006318133324384689,0.0,-0.42797133326530457,0.0,0.0018958442378789186,0.0,0.0,0.0,0.0,-0.7052842974662781,-0.001577222254127264,1031,1,time,0.0,0.0225798599421978,-3.7678582668304443,-2.0578625202178955,1030
-0.1411731243133545,0.0,0.0,0.06330928206443787,-0.46694228053092957,-0.025935113430023193,-0.006318133324384689,0.0,-0.42797133326530457,0.0,0.0018958442378789186,0.0,0.0,0.0,0.0,-0.7052842974662781,-0.001577222254127264,1032,1,time,0.0,0.0225798599421978,-3.7678582668304443,-2.0578625202178955,1030
-0.13081632554531097,0.0,0.0,0.06330928206443787,-0.38822823762893677,0.08805502951145172,-0.0039031924679875374,0.0,-0.42914873361587524,0.0,0.0018958442378789186,0.0,0.0,0.0,0.0,-0.6822266578674316,-0.001577222254127264,1033,1,time,0.0,0.0281815268099308,-3.5405023097991943,-2.0578625202178955,1030
-0.1411731243133545,0.0,0.0,0.06330928206443787,-0.46694228053092957,-0.025935113430023193,-0.006318133324384689,0.0,-0.42797133326530457,0.0,0.0018958442378789186,0.0,0.0,0.0,0.0,-0.7052842974662781,-0.001577222254127264,1034,1,time,0.0,0.0225798599421978,-3.7678582668304443,-2.0578625202178955,1030
-0.1411731243133545,0.0,0.0,0.06330928206443787,-0.46694228053092957,-0.025935113430023193,-0.006318133324384689,0.0,-0.42797133326530457,0.0,0.0018958442378789186,0.0,0.0,0.0,0.0,-0.7052842974662781,-0.001577222254127264,1035,1,time,0.0,0.0225798599421978,-3.7678582668304443,-2.0578625202178955,1030
-0.1411731243133545,0.0,0.0,0.06330928206443787,-0.46694228053092957,-0.025935113430023193,-0.006318133324384689,0.0,-0.42797133326530457,0.0,0.0018958442378789186,0.0,0.0,0.0,0.0,-0.7052842974662781,-0.001577222254127264,1036,1,time,0.0,0.0225798599421978,-3.7678582668304443,-2.0578625202178955,1030
-0.13081632554531097,0.0,0.0,0.06330928206443787,-0.47431057691574097,0.08805502951145172,-0.006318133324384689,0.0,-0.4966679811477661,0.0,0.0018958442378789186,0.0,0.0,0.0,0.0,-0.7052842974662781,-0.001577222254127264,1037,1,time,0.0,0.023670366033911705,-3.719576358795166,-2.0578625202178955,1030
-0.1411731243133545,0.0,0.0,0.06330928206443787,-0.46694228053092957,-0.025935113430023193,-0.006318133324384689,0.0,-0.42797133326530457,0.0,0.0018958442378789186,0.0,0.0,0.0,0.0,-0.7052842974662781,-0.001577222254127264,1038,1,time,0.0,0.0225798599421978,-3.7678582668304443,-2.0578625202178955,1030
-0.1411731243133545,0.0,0.0,0.06330928206443787,-0.46694228053092957,-0.025935113430023193,-0.006318133324384689,0.0,-0.42797133326530457,0.0,0.0018958442378789186,0.0,0.0,0.0,0.0,-0.7052842974662781,-0.001577222254127264,1039,1,time,0.0,0.0225798599421978,-3.7678582668304443,-2.0578625202178955,1030
-0.13081632554531097,0.0,0.0,0.06330928206443787,-0.47431057691574097,0.01935844123363495,-0.006318133324384689,0.0,-0.42797133326530457,0.0,0.0018958442378789186,0.0,0.0,0.0,0.0,-0.7052842974662781,-0.001577222254127264,1040,1,time,0.0,0.023670366033911705,-3.719576358795166,-2.0578625202178955,1030
-0.1411731243133545,0.0,0.0,0.06330928206443787,-0.46694228053092957,-0.025935113430023193,-0.006318133324384689,0.0,-0.42797133326530457,0.0,0.0018958442378789186,0.0,0.0,0.0,0.0,-0.7052842974662781,-0.001577222254127264,1041,1,time,0.0,0.0225798599421978,-3.7678582668304443,-2.0578625202178955,1030
-0.1411731243133545,0.0,0.0,0.06330928206443787,-0.4638660252094269,-0.025935113430023193,0.11709663271903992,0.0,-0.3753882050514221,0.0,0.0018958442378789186,0.0,0.0,0.0,0.0,-0.7052842974662781,-0.001577222254127264,1042,1,time,0.0,0.02688891440629959,-3.5887842178344727,-2.0578625202178955,1030
-0.13081632554531097,0.0,0.0,0.06330928206443787,-0.47431057691574097,0.08805502951145172,-0.006318133324384689,0.0,-0.4966679811477661,0.0,0.0018958442378789186,0.0,0.0,0.0,0.0,-0.7052842974662781,-0.001577222254127264,1043,1,time,0.0,0.023670366033911705,-3.719576358795166,-2.0578625202178955,1030
-0.1411731243133545,0.0,0.0,0.06330928206443787,-0.47431057691574097,-0.018566805869340897,-0.006318133324384689,0.0,-0.42797133326530457,0.0,0.0018958442378789186,0.0,0.0,0.0,0.0,-0.7052842974662781,-0.001577222254127264,1044,1,time,0.0,0.0225798599421978,-3.7678582668304443,-2.0578625202178955,1030
-0.1411731243133545,0.0,0.0,0.06330928206443787,-0.46694228053092957,-0.025935113430023193,-0.006318133324384689,0.0,-0.42797133326530457,0.0,0.0018958442378789186,0.0,0.0,0.0,0.0,-0.7052842974662781,-0.001577222254127264,1045,1,time,0.0,0.0225798599421978,-3.7678582668304443,-2.0578625202178955,1030
-0.13081632554531097,0.0,0.0,0.06330928206443787,-0.47431057691574097,0.08805502951145172,-0.006318133324384689,0.0,-0.4966679811477661,0.0,0.0018958442378789186,0.0,0.0,0.0,0.0,-0.7052842974662781,-0.001577222254127264,1046,1,time,0.0,0.023670366033911705,-3.719576358795166,-2.0578625202178955,1030
-0.1411731243133545,0.0,0.0,0.06330928206443787,-0.46694228053092957,-0.025935113430023193,-0.006318133324384689,0.0,-0.42797133326530457,0.0,0.0018958442378789186,0.0,0.0,0.0,0.0,-0.7052842974662781,-0.001577222254127264,1047,1,time,0.0,0.0225798599421978,-3.7678582668304443,-2.0578625202178955,1030
-0.1411731243133545,0.0,0.0,0.06330928206443787,-0.46694228053092957,-0.025935113430023193,-0.006318133324384689,0.0,-0.42797133326530457,0.0,0.0018958442378789186,0.0,0.0,0.0,0.0,-0.7052842974662781,-0.001577222254127264,1048,1,time,0.0,0.0225798599421978,-3.7678582668304443,-2.0578625202178955,1030
-0.1411731243133545,0.0,0.0,0.06330928206443787,-0.46694228053092957,-0.025935113430023193,-0.006318133324384689,0.0,-0.42797133326530457,0.0,0.0018958442378789186,0.0,0.0,0.0,0.0,-0.7052842974662781,-0.001577222254127264,1049,1,time,0.0,0.0225798599421978,-3.7678582668304443,-2.0578625202178955,1030
-0.1411731243133545,0.0,0.0,0.06330928206443787,-0.46694228053092957,-0.025935113430023193,-0.006318133324384689,0.0,-0.42797133326530457,0.0,0.0018958442378789186,0.0,0.0,0.0,0.0,-0.7052842974662781,-0.001577222254127264,1050,1,time,0.0,0.0225798599421978,-3.7678582668304443,-2.0578625202178955,1030
-0.1411731243133545,0.0,0.0,0.06330928206443787,-0.46694228053092957,-0.025935113430023193,-0.006318133324384689,0.0,-0.42797133326530457,0.0,0.0018958442378789186,0.0,0.0,0.0,0.0,-0.7052842974662781,-0.001577222254127264,1051,1,time,0.0,0.0225798599421978,-3.7678582668304443,-2.0578625202178955,1030
-0.1411731243133545,0.0,0.0,0.06330928206443787,-0.46694228053092957,-0.025935113430023193,-0.006318133324384689,0.0,-0.42797133326530457,0.0,0.0018958442378789186,0.0,0.0,0.0,0.0,-0.7052842974662781,-0.001577222254127264,1052,1,time,0.0,0.0225798599421978,-3.7678582668304443,-2.0578625202178955,1030
-0.1411731243133545,0.0,0.0,0.06330928206443787,-0.46694228053092957,-0.025935113430023193,-0.006318133324384689,0.0,-0.42797133326530457,0.0,0.0018958442378789186,0.0,0.0,0.0,0.0,-0.7052842974662781,-0.001577222254127264,1053,1,time,0.0,0.0225798599421978,-3.7678582668304443,-2.0578625202178955,1030
-0.1411731243133545,0.0,0.0,0.06330928206443787,-0.46694228053092957,-0.025935113430023193,-0.006318133324384689,0.0,-0.42797133326530457,0.0,0.0018958442378789186,0.0,0.0,0.0,0.0,-0.7052842974662781,-0.001577222254127264,1054,1,time,0.0,0.0225798599421978,-3.7678582668304443,-2.0578625202178955,1030
-0.1411731243133545,0.0,0.0,0.06330928206443787,-0.46694228053092957,-0.025935113430023193,-0.006318133324384689,0.0,-0.42797133326530457,0.0,0.0018958442378789186,0.0,0.0,0.0,0.0,-0.7052842974662781,-0.001577222254127264,1055,1,time,0.0,0.0225798599421978,-3.7678582668304443,-2.0578625202178955,1030
-0.13081632554531097,0.0,0.0,0.06330928206443787,-0.47431057691574097,0.08805502951145172,-0.006318133324384689,0.0,-0.4966679811477661,0.0,0.0018958442378789186,0.0,0.0,0.0,0.0,-0.7052842974662781,-0.001577222254127264,1056,1,time,0.0,0.023670366033911705,-3.719576358795166,-2.0578625202178955,1030
-0.1411731243133545,0.0,0.0,0.06330928206443787,-0.46694228053092957,-0.025935113430023193,-0.006318133324384689,0.0,-0.42797133326530457,0.0,0.0018958442378789186,0.0,0.0,0.0,0.0,-0.7052842974662781,-0.001577222254127264,1057,1,time,0.0,0.0225798599421978,-3.7678582668304443,-2.0578625202178955,1030
-0.1411731243133545,0.0,0.0,0.06330928206443787,-0.46694228053092957,-0.025935113430023193,-0.006318133324384689,0.0,-0.42797133326530457,0.0,0.0018958442378789186,0.0,0.0,0.0,0.0,-0.7052842974662781,-0.001577222254127264,1058,1,time,0.0,0.0225798599421978,-3.7678582668304443,-2.0578625202178955,1030
-0.1411731243133545,0.0,0.0,0.06330928206443787,-0.46694228053092957,-0.025935113430023193,-0.006318133324384689,0.0,-0.42797133326530457,0.0,0.0018958442378789186,0.0,0.0,0.0,0.0,-0.7052842974662781,-0.001577222254127264,1059,1,time,0.0,0.0225798599421978,-3.7678582668304443,-2.0578625202178955,1030
-0.1411731243133545,0.0,0.0,0.06330928206443787,-0.46694228053092957,-0.025935113430023193,-0.006318133324384689,0.0,-0.42797133326530457,0.0,0.0018958442378789186,0.0,0.0,0.0,0.0,-0.7052842974662781,-0.001577222254127264,1060,1,time,0.0,0.0225798599421978,-3.7678582668304443,-2.0578625202178955,1030
-0.1411731243133545,0.0,0.0,0.06330928206443787,-0.46694228053092957,-0.025935113430023193,-0.006318133324384689,0.0,-0.42797133326530457,0.0,0.0018958442378789186,0.0,0.0,0.0,0.0,-0.7052842974662781,-0.001577222254127264,1061,1,time,0.0,0.0225798599421978,-3.7678582668304443,-2.0578625202178955,1030
-0.1411731243133545,0.0,0.0,0.06330928206443787,-0.46694228053092957,-0.025935113430023193,-0.006318133324384689,0.0,-0.42797133326530457,0.0,0.0018958442378789186,0.0,0.0,0.0,0.0,-0.7052842974662781,-0.001577222254127264,1062,1,time,0.0,0.0225798599421978,-3.7678582668304443,-2.0578625202178955,1030
-0.1411731243133545,0.0,0.0,0.06330928206443787,-0.46694228053092957,-0.025935113430023193,-0.006318133324384689,0.0,-0.42797133326530457,0.0,0.0018958442378789186,0.0,0.0,0.0,0.0,-0.7052842974662781,-0.001577222254127264,1063,1,time,0.0,0.0225798599421978,-3.7678582668304443,-2.0578625202178955,1030
-0.1411731243133545,0.0,0.0,0.06330928206443787,-0.46694228053092957,-0.025935113430023193,-0.006318133324384689,0.0,-0.42797133326530457,0.0,0.0018958442378789186,0.0,0.0,0.0,0.0,-0.7052842974662781,-0.001577222254127264,1064,1,time,0.0,0.0225798599421978,-3.7678582668304443,-2.0578625202178955,1030
-0.1411731243133545,0.0,0.0,0.06330928206443787,-0.4638660252094269,-0.025935113430023193,0.11709663271903992,0.0,-0.3753882050514221,0.0,0.0018958442378789186,0.0,0.0,0.0,0.0,-0.7052842974662781,-0.001577222254127264,1065,1,time,0.0,0.02688891440629959,-3.5887842178344727,-2.0578625202178955,1030
-0.1411731243133545,0.0,0.0,0.06330928206443787,-0.46694228053092957,-0.025935113430023193,-0.006318133324384689,0.0,-0.42797133326530457,0.0,0.0018958442378789186,0.0,0.0,0.0,0.0,-0.7052842974662781,-0.001577222254127264,1066,1,time,0.0,0.0225798599421978,-3.7678582668304443,-2.0578625202178955,1030
-0.1411731243133545,0.0,0.0,0.06330928206443787,-0.46694228053092957,-0.025935113430023193,-0.006318133324384689,0.0,-0.42797133326530457,0.0,0.0018958442378789186,0.0,0.0,0.0,0.0,-0.7052842974662781,-0.001577222254127264,1067,1,time,0.0,0.0225798599421978,-3.7678582668304443,-2.0578625202178955,1030
-0.1411731243133545,0.0,0.0,0.06330928206443787,-0.46694228053092957,-0.025935113430023193,-0.006318133324384689,0.0,-0.42797133326530457,0.0,0.0018958442378789186,0.0,0.0,0.0,0.0,-0.7052842974662781,-0.001577222254127264,1068,1,time,0.0,0.0225798599421978,-3.7678582668304443,-2.0578625202178955,1030
-0.1411731243133545,0.0,0.0,0.06330928206443787,-0.46694228053092957,-0.025935113430023193,-0.006318133324384689,0.0,-0.42797133326530457,0.0,0.0018958442378789186,0.0,0.0,0.0,0.0,-0.7052842974662781,-0.001577222254127264,1069,1,time,0.0,0.0225798599421978,-3.7678582668304443,-2.0578625202178955,1030
-0.13081632554531097,0.0,0.0,0.06330928206443787,-0.47431057691574097,0.08805502951145172,-0.006318133324384689,0.0,-0.4966679811477661,0.0,0.0018958442378789186,0.0,0.0,0.0,0.0,-0.7052842974662781,-0.001577222254127264,1070,1,time,0.0,0.023670366033911705,-3.719576358795166,-2.0578625202178955,1030
-0.1411731243133545,0.0,0.0,0.06330928206443787,-0.46694228053092957,-0.025935113430023193,-0.006318133324384689,0.0,-0.42797133326530457,0.0,0.0018958442378789186,0.0,0.0,0.0,0.0,-0.7052842974662781,-0.001577222254127264,1071,1,time,0.0,0.0225798599421978,-3.7678582668304443,-2.0578625202178955,1030
-0.1411731243133545,0.0,0.0,0.06330928206443787,-0.46694228053092957,-0.025935113430023193,-0.006318133324384689,0.0,-0.42797133326530457,0.0,0.0018958442378789186,0.0,0.0,0.0,0.0,-0.7052842974662781,-0.001577222254127264,1072,1,time,0.0,0.0225798599421978,-3.7678582668304443,-2.0578625202178955,1030
-0.13081632554531097,0.0,0.0,0.06330928206443787,-0.47431057691574097,0.08805502951145172,-0.006318133324384689,0.0,-0.4966679811477661,0.0,0.0018958442378789186,0.0,0.0,0.0,0.0,-0.7052842974662781,-0.001577222254127264,1073,1,time,0.0,0.023670366033911705,-3.719576358795166,-2.0578625202178955,1030
-0.13081632554531097,0.0,0.0,0.06330928206443787,-0.47431057691574097,0.08805502951145172,-0.006318133324384689,0.0,-0.4966679811477661,0.0,0.0018958442378789186,0.0,0.0,0.0,0.0,-0.7052842974662781,-0.001577222254127264,1074,1,time,0.0,0.023670366033911705,-3.719576358795166,-2.0578625202178955,1030
-0.1411731243133545,0.0,0.0,0.06330928206443787,-0.46694228053092957,-0.025935113430023193,-0.006318133324384689,0.0,-0.42797133326530457,0.0,0.0018958442378789186,0.0,0.0,0.0,0.0,-0.7052842974662781,-0.001577222254127264,1075,1,time,0.0,0.0225798599421978,-3.7678582668304443,-2.0578625202178955,1030
-0.1411731243133545,0.0,0.0,0.06330928206443787,-0.46694228053092957,-0.025935113430023193,-0.006318133324384689,0.0,-0.42797133326530457,0.0,0.0018958442378789186,0.0,0.0,0.0,0.0,-0.7052842974662781,-0.001577222254127264,1076,1,time,0.0,0.0225798599421978,-3.7678582668304443,-2.0578625202178955,1030
-0.1411731243133545,0.0,0.0,0.06330928206443787,-0.46694228053092957,-0.025935113430023193,-0.006318133324384689,0.0,-0.42797133326530457,0.0,0.0018958442378789186,0.0,0.0,0.0,0.0,-0.7052842974662781,-0.001577222254127264,1077,1,time,0.0,0.0225798599421978,-3.7678582668304443,-2.0578625202178955,1030
-0.1411731243133545,0.0,0.0,0.06330928206443787,-0.46694228053092957,-0.025935113430023193,-0.006318133324384689,0.0,-0.42797133326530457,0.0,0.0018958442378789186,0.0,0.0,0.0,0.0,-0.7052842974662781,-0.001577222254127264,1078,1,time,0.0,0.0225798599421978,-3.7678582668304443,-2.0578625202178955,1030
-0.13081632554531097,0.0,0.0,0.06330928206443787,-0.4712343215942383,0.08805502951145172,0.11709663271903992,0.0,-0.4440848231315613,0.0,0.0018958442378789186,0.0,0.0,0.0,0.0,-0.7052842974662781,-0.001577222254127264,1079,1,time,0.0,0.0281815268099308,-3.5405023097991943,-2.0578625202178955,1030
-0.1411731243133545,0.0,0.0,0.06330928206443787,-0.38085994124412537,-0.025935113430023193,-0.0039031924679875374,0.0,-0.3604521155357361,0.0,0.0018958442378789186,0.0,0.0,0.0,0.0,-0.6822266578674316,-0.001577222254127264,1080,1,time,0.0,0.02688891440629959,-3.5887842178344727,-2.0578625202178955,1030
-0.1411731243133545,0.0,0.0,0.06330928206443787,-0.38822823762893677,-0.018566805869340897,-0.0039031924679875374,0.0,-0.3604521155357361,0.0,0.0018958442378789186,0.0,0.0,0.0,0.0,-0.6822266578674316,-0.001577222254127264,1081,1,time,0.0,0.02688891440629959,-3.5887842178344727,-2.0578625202178955,1030
-0.13081632554531097,0.0,0.0,0.06330928206443787,-0.4712343215942383,0.01935844123363495,0.11709663271903992,0.0,-0.3753882050514221,0.0,0.0018958442378789186,0.0,0.0,0.0,0.0,-0.7052842974662781,-0.001577222254127264,1082,1,time,0.0,0.0281815268099308,-3.5405023097991943,-2.0578625202178955,1030
-0.1411731243133545,0.0,0.0,0.06330928206443787,-0.38085994124412537,-0.025935113430023193,-0.0039031924679875374,0.0,-0.3604521155357361,0.0,0.0018958442378789186,0.0,0.0,0.0,0.0,-0.6822266578674316,-0.001577222254127264,1083,1,time,0.0,0.02688891440629959,-3.5887842178344727,-2.0578625202178955,1030
-0.1411731243133545,0.0,0.0,0.06330928206443787,-0.3540714979171753,-0.025935113430023193,-0.01179060060530901,0.0,-0.3604521155357361,0.0,0.0018958442378789186,0.0,0.0,0.0,0.0,-0.6822266578674316,-0.001577222254127264,1084,1,time,0.0,0.027387922629714012,-3.569883108139038,-2.0578625202178955,1030
-0.1411731243133545,0.0,0.0,0.06330928206443787,-0.334417462348938,-0.025935113430023193,-0.01915077492594719,0.0,-0.3604521155357361,0.0,0.0018958442378789186,0.0,0.0,0.0,0.0,-0.6822266578674316,-0.001577222254127264,1085,1,time,0.0,0.02771732211112976,-3.557589054107666,-2.0578625202178955,1030
-0.1411731243133545,0.0,0.0,0.06330928206443787,-0.334417462348938,-0.025935113430023193,-0.01915077492594719,0.0,-0.3604521155357361,0.0,0.0018958442378789186,0.0,0.0,0.0,0.0,-0.6822266578674316,-0.001577222254127264,1086,1,time,0.0,0.02771732211112976,-3.557589054107666,-2.0578625202178955,1030
-0.1411731243133545,0.0,0.0,0.06330928206443787,-0.334417462348938,-0.025935113430023193,-0.01915077492594719,0.0,-0.3604521155357361,0.0,0.0018958442378789186,0.0,0.0,0.0,0.0,-0.6822266578674316,-0.001577222254127264,1087,1,time,0.0,0.02771732211112976,-3.557589054107666,-2.0578625202178955,1030
-0.1411731243133545,0.0,0.0,0.06330928206443787,-0.334417462348938,-0.025935113430023193,-0.01915077492594719,0.0,-0.3604521155357361,0.0,0.0018958442378789186,0.0,0.0,0.0,0.0,-0.6822266578674316,-0.001577222254127264,1088,1,time,0.0,0.02771732211112976,-3.557589054107666,-2.0578625202178955,1030
-0.1411731243133545,0.0,0.0,0.06330928206443787,-0.334417462348938,-0.025935113430023193,-0.01915077492594719,0.0,-0.3604521155357361,0.0,0.0018958442378789186,0.0,0.0,0.0,0.0,-0.6822266578674316,-0.001577222254127264,1089,1,time,0.0,0.02771732211112976,-3.557589054107666,-2.0578625202178955,1030
-0.1411731243133545,0.0,0.0,0.06330928206443787,-0.334417462348938,-0.025935113430023193,-0.01915077492594719,0.0,-0.3604521155357361,0.0,0.0018958442378789186,0.0,0.0,0.0,0.0,-0.6822266578674316,-0.001577222254127264,1090,1,time,0.0,0.02771732211112976,-3.557589054107666,-2.0578625202178955,1030
-0.1411731243133545,0.0,0.0,0.06330928206443787,-0.39958634972572327,-0.025935113430023193,-0.0006523281335830688,0.0,-0.42797133326530457,0.0,0.0018958442378789186,0.0,0.0,0.0,0.0,-0.7052842974662781,-0.001577222254127264,1091,1,time,0.0,0.024248898029327393,-3.694836378097534,-2.0578625202178955,1030
-0.1411731243133545,0.0,0.0,0.06330928206443787,-0.40695464611053467,-0.018566805869340897,-0.0006523281335830688,0.0,-0.42797133326530457,0.0,0.0018958442378789186,0.0,0.0,0.0,0.0,-0.7052842974662781,-0.001577222254127264,1092,1,time,0.0,0.024248898029327393,-3.694836378097534,-2.0578625202178955,1030
-0.13081632554531097,0.0,0.0,0.06330928206443787,-0.40695464611053467,0.08805502951145172,-0.0006523281335830688,0.0,-0.4966679811477661,0.0,0.0018958442378789186,0.0,0.0,0.0,0.0,-0.7052842974662781,-0.001577222254127264,1093,1,time,0.0,0.025417916476726532,-3.646554470062256,-2.0578625202178955,1030
-0.13081632554531097,0.0,0.0,0.06330928206443787,-0.40695464611053467,0.08805502951145172,-0.0006523281335830688,0.0,-0.4966679811477661,0.0,0.0018958442378789186,0.0,0.0,0.0,0.0,-0.7052842974662781,-0.001577222254127264,1094,1,time,0.0,0.025417916476726532,-3.646554470062256,-2.0578625202178955,1030
-0.17707329988479614,0.0,0.0,0.0691424086689949,-0.4535236656665802,-0.018566805869340897,0.007131356280297041,0.0,-0.45800676941871643,0.0,0.0018958442378789186,0.0,0.0,0.0,0.0,0.17656390368938446,0.013230687007308006,1095,1,time,0.0,0.052298642694950104,-2.897068977355957,-2.0578625202178955,1030
-0.13081632554531097,0.0,0.0,0.06330928206443787,-0.40695464611053467,0.08805502951145172,-0.0006523281335830688,0.0,-0.4966679811477661,0.0,0.0018958442378789186,0.0,0.0,0.0,0.0,-0.7052842974662781,-0.001577222254127264,1096,1,time,0.0,0.025417916476726532,-3.646554470062256,-2.0578625202178955,1030
-0.13081632554531097,0.0,0.0,0.06330928206443787,-0.40695464611053467,0.08805502951145172,-0.0006523281335830688,0.0,-0.4966679811477661,0.0,0.0018958442378789186,0.0,0.0,0.0,0.0,-0.7052842974662781,-0.001577222254127264,1097,1,time,0.0,0.025417916476726532,-3.646554470062256,-2.0578625202178955,1030
-0.13081632554531097,0.0,0.0,0.06330928206443787,-0.40695464611053467,0.08805502951145172,-0.0006523281335830688,0.0,-0.4966679811477661,0.0,0.0018958442378789186,0.0,0.0,0.0,0.0,-0.7052842974662781,-0.001577222254127264,1098,1,time,0.0,0.025417916476726532,-3.646554470062256,-2.0578625202178955,1030
-0.12551453709602356,0.0,0.0,0.023301193490624428,-0.20172910392284393,0.08805502951145172,0.030106831341981888,0.0,-0.4966679811477661,0.0,0.004514425061643124,0.0,0.0,0.0,0.0,-0.706167459487915,-0.001577222254127264,1099,1,time,0.0,0.03096207231283188,-3.4435408115386963,-2.0578625202178955,1030
-0.12551453709602356,0.0,0.0,0.023301193490624428,-0.20172910392284393,0.08805502951145172,0.030106831341981888,0.0,-0.4966679811477661,0.0,0.004514425061643124,0.0,0.0,0.0,0.0,-0.706167459487915,-0.001577222254127264,1100,1,time,0.0,0.03096207231283188,-3.4435408115386963,-2.0578625202178955,1030
-0.13587135076522827,0.0,0.0,-0.002556821797043085,-0.16850276291370392,-0.025935113430023193,0.030106831341981888,0.0,-0.42797133326530457,0.0,0.004514425061643124,0.0,0.0,0.0,0.0,-0.706167459487915,-0.001577222254127264,1101,1,time,0.0,0.029545798897743225,-3.4918227195739746,-2.0578625202178955,1030
-0.1411731243133545,0.0,0.0,0.06330928206443787,-0.39958634972572327,-0.025935113430023193,-0.0006523281335830688,0.0,-0.42797133326530457,0.0,0.0018958442378789186,0.0,0.0,0.0,0.0,-0.7052842974662781,-0.001577222254127264,1102,1,time,0.0,0.024248898029327393,-3.694836378097534,-2.0578625202178955,1030
-0.12551453709602356,0.0,0.0,0.023301193490624428,-0.20172910392284393,0.08805502951145172,0.030106831341981888,0.0,-0.4966679811477661,0.0,0.004514425061643124,0.0,0.0,0.0,0.0,-0.706167459487915,-0.001577222254127264,1103,1,time,0.0,0.03096207231283188,-3.4435408115386963,-2.0578625202178955,1030
-0.1422290802001953,0.0,0.0,0.009952697902917862,0.7328774929046631,-0.029502421617507935,-0.088728167116642,0.0,-0.21933864057064056,0.0,0.004514425061643124,0.0,0.0,0.0,0.0,-0.7157338261604309,0.018129276111721992,1104,1,time,1.0,0.07670941948890686,-2.487919569015503,-2.0578625202178955,1030
-0.09532398730516434,0.0,0.0,0.008341332897543907,0.6515925526618958,-0.029502421617507935,-0.10921576619148254,0.0,-0.3187806010246277,0.0,0.004514425061643124,0.0,0.0,0.0,0.0,0.2973810136318207,-0.03744153678417206,1105,1,time,0.0,0.15626338124275208,-1.6862975358963013,-2.0578625202178955,1030
-0.1422290802001953,0.0,0.0,-0.008939114399254322,-0.04407857730984688,-0.029502421617507935,-0.08296206593513489,0.0,-0.40542173385620117,0.0,0.004514425061643124,0.0,0.0,0.0,0.0,-0.7620297074317932,-0.001577222254127264,1106,1,time,0.0,0.028468167409300804,-3.530087471008301,-2.0578625202178955,1030
-0.13587135076522827,0.0,0.0,-0.008939114399254322,-0.19790427386760712,-0.025935113430023193,-0.08296206593513489,0.0,-0.3604521155357361,0.0,0.004514425061643124,0.0,0.0,0.0,0.0,-0.6767275929450989,-0.001577222254127264,1107,1,time,0.0,0.02809363417327404,-3.5437164306640625,-2.0578625202178955,1030
-0.13587135076522827,0.0,0.0,-0.002556821797043085,-0.16542650759220123,-0.025935113430023193,0.1535215675830841,0.0,-0.3753882050514221,0.0,0.004514425061643124,0.0,0.0,0.0,0.0,-0.706167459487915,-0.001577222254127264,1108,1,time,0.0,0.03513641282916069,-3.312748670578003,-2.0578625202178955,1030
-0.13002926111221313,0.0,0.0,-0.002556821797043085,-0.1271936446428299,-0.04688013345003128,0.09432138502597809,0.0,0.3240215480327606,0.0,0.004514425061643124,0.0,0.0,0.0,0.0,-0.7982881665229797,-0.001577222254127264,1109,1,time,0.0,0.06056681275367737,-2.741529703140259,-2.0578625202178955,1030
-0.13587135076522827,0.0,0.0,-0.002556821797043085,-0.16850276291370392,-0.025935113430023193,0.030106831341981888,0.0,-0.42797133326530457,0.0,0.004514425061643124,0.0,0.0,0.0,0.0,-0.706167459487915,-0.001577222254127264,1110,1,time,0.0,0.029545798897743225,-3.4918227195739746,-2.0578625202178955,1030
-0.171231210231781,0.0,0.0,-0.04375539347529411,-0.48639100790023804,-0.04688013345003128,0.04324941337108612,0.0,0.36647433042526245,0.0,0.0018958442378789186,0.0,0.0,0.0,0.0,0.09317367523908615,-0.001577222254127264,1111,1,time,0.0,0.09088271111249924,-2.3029043674468994,-2.0578625202178955,1030
0.22608314454555511,0.0,0.0,-0.002556821797043085,-0.19026444852352142,-0.0190577432513237,0.030106831341981888,0.0,-0.4194004237651825,0.0,0.004514425061643124,0.0,0.0,0.0,0.0,-0.6920958161354065,-0.001577222254127264,1112,1,time,0.0,0.04220439866185188,-3.122109889984131,-2.0578625202178955,1030
0.22608314454555511,0.0,0.0,-0.008939114399254322,-0.19026444852352142,-0.0190577432513237,0.030106831341981888,0.0,-0.4194004237651825,0.0,0.004514425061643124,0.0,0.0,0.0,0.0,-0.685713529586792,-0.001577222254127264,1113,1,time,0.0,0.04220439866185188,-3.122109889984131,-2.0578625202178955,1030
0.23602457344532013,0.0,0.0,-0.008939114399254322,-0.20020587742328644,-0.0190577432513237,0.030106831341981888,0.0,-0.4194004237651825,0.0,0.004514425061643124,0.0,0.0,0.0,0.0,-0.685713529586792,-0.001577222254127264,1114,1,time,0.0,0.04220439866185188,-3.122109889984131,-2.0578625202178955,1030
0.22608314454555511,0.0,0.0,-0.008939114399254322,-0.18718819320201874,-0.0190577432513237,0.1535215675830841,0.0,-0.36681729555130005,0.0,0.004514425061643124,0.0,0.0,0.0,0.0,-0.685713529586792,-0.001577222254127264,1115,1,time,0.0,0.05006669461727142,-2.943035840988159,-2.0578625202178955,1030
0.22608314454555511,0.0,0.0,-0.002556821797043085,-0.18718819320201874,-0.0190577432513237,0.1535215675830841,0.0,-0.36681729555130005,0.0,0.004514425061643124,0.0,0.0,0.0,0.0,-0.6920958161354065,-0.001577222254127264,1116,1,time,0.0,0.05006669461727142,-2.943035840988159,-2.0578625202178955,1030
0.23602457344532013,0.0,0.0,-0.04958852007985115,-0.4672865569591522,-0.0190577432513237,-0.0006523281335830688,0.0,-0.4194004237651825,0.0,0.0018958442378789186,0.0,0.0,0.0,0.0,-0.6912126541137695,-0.001577222254127264,1117,1,time,0.0,0.030215566977858543,-3.468716621398926,-2.0578625202178955,1030
0.22608314454555511,0.0,0.0,-0.002556821797043085,-0.18718819320201874,-0.0190577432513237,0.1535215675830841,0.0,-0.36681729555130005,0.0,0.004514425061643124,0.0,0.0,0.0,0.0,-0.6920958161354065,-0.001577222254127264,1118,1,time,0.0,0.05006669461727142,-2.943035840988159,-2.0578625202178955,1030
0.23602457344532013,0.0,0.0,-0.04958852007985115,-0.4672865569591522,-0.0190577432513237,-0.0006523281335830688,0.0,-0.4194004237651825,0.0,0.0018958442378789186,0.0,0.0,0.0,0.0,-0.6912126541137695,-0.001577222254127264,1119,1,time,0.0,0.030215566977858543,-3.468716621398926,-2.0578625202178955,1030
-0.1411731243133545,0.0,0.0,0.06330928206443787,-0.3965100944042206,-0.025935113430023193,0.12276242673397064,0.0,-0.3753882050514221,0.0,0.0018958442378789186,0.0,0.0,0.0,0.0,-0.7052842974662781,-0.001577222254127264,1120,1,time,0.0,0.028867056593298912,-3.5157623291015625,-2.0578625202178955,1030
-0.17707329988479614,0.0,0.0,0.0691424086689949,-0.38098642230033875,-0.025935113430023193,-0.03963836282491684,0.0,-0.39048755168914795,0.0,0.0018958442378789186,0.0,0.0,0.0,0.0,0.17135025560855865,0.013230687007308006,1121,1,time,0.0,0.056446272879838943,-2.816364049911499,-2.0578625202178955,1030
-0.1411731243133545,0.0,0.0,0.06330928206443787,-0.3965100944042206,-0.025935113430023193,0.08476869761943817,0.0,-0.3604521155357361,0.0,0.0018958442378789186,0.0,0.0,0.0,0.0,-0.6822266578674316,-0.001577222254127264,1122,1,time,0.0,0.028867056593298912,-3.5157623291015625,-2.0578625202178955,1030
-0.13081632554531097,0.0,0.0,0.06330928206443787,-0.40695464611053467,0.01935844123363495,-0.0006523281335830688,0.0,-0.42797133326530457,0.0,0.0018958442378789186,0.0,0.0,0.0,0.0,-0.7052842974662781,-0.001577222254127264,1123,1,time,0.0,0.025417916476726532,-3.646554470062256,-2.0578625202178955,1030
-0.13081632554531097,0.0,0.0,0.06330928206443787,-0.40695464611053467,0.08805502951145172,-0.0006523281335830688,0.0,-0.4966679811477661,0.0,0.0018958442378789186,0.0,0.0,0.0,0.0,-0.7052842974662781,-0.001577222254127264,1124,1,time,0.0,0.025417916476726532,-3.646554470062256,-2.0578625202178955,1030
-0.1411731243133545,0.0,0.0,-0.04958852007985115,-0.4607681334018707,-0.025935113430023193,-0.0006523281335830688,0.0,-0.42797133326530457,0.0,0.0018958442378789186,0.0,0.0,0.0,0.0,-0.7052842974662781,-0.001577222254127264,1125,1,time,0.0,0.02045389823615551,-3.8689157962799072,-2.0578625202178955,1030
-0.13587135076522827,0.0,0.0,-0.008939114399254322,-0.16850276291370392,-0.025935113430023193,0.030106831341981888,0.0,-0.42797133326530457,0.0,0.004514425061643124,0.0,0.0,0.0,0.0,-0.6997851729393005,-0.001577222254127264,1126,1,time,0.0,0.029545798897743225,-3.4918227195739746,-2.0578625202178955,1030
-0.13587135076522827,0.0,0.0,-0.002556821797043085,-0.16850276291370392,-0.025935113430023193,0.030106831341981888,0.0,-0.42797133326530457,0.0,0.004514425061643124,0.0,0.0,0.0,0.0,-0.706167459487915,-0.001577222254127264,1127,1,time,0.0,0.029545798897743225,-3.4918227195739746,-2.0578625202178955,1030
-0.13587135076522827,0.0,0.0,-0.002556821797043085,-0.16850276291370392,-0.025935113430023193,0.030106831341981888,0.0,-0.42797133326530457,0.0,0.004514425061643124,0.0,0.0,0.0,0.0,-0.706167459487915,-0.001577222254127264,1128,1,time,0.0,0.029545798897743225,-3.4918227195739746,-2.0578625202178955,1030
-0.13587135076522827,0.0,0.0,-0.002556821797043085,-0.16850276291370392,-0.025935113430023193,0.030106831341981888,0.0,-0.42797133326530457,0.0,0.004514425061643124,0.0,0.0,0.0,0.0,-0.706167459487915,-0.001577222254127264,1129,1,time,0.0,0.029545798897743225,-3.4918227195739746,-2.0578625202178955,1030
-0.13081632554531097,0.0,0.0,0.06330928206443787,-0.40695464611053467,0.01935844123363495,-0.0006523281335830688,0.0,-0.42797133326530457,0.0,0.0018958442378789186,0.0,0.0,0.0,0.0,-0.7052842974662781,-0.001577222254127264,1130,1,time,0.0,0.025417916476726532,-3.646554470062256,-2.0578625202178955,1030
-0.13081632554531097,0.0,0.0,0.06330928206443787,-0.40695464611053467,0.08805502951145172,-0.0006523281335830688,0.0,-0.4966679811477661,0.0,0.0018958442378789186,0.0,0.0,0.0,0.0,-0.7052842974662781,-0.001577222254127264,1131,1,time,0.0,0.025417916476726532,-3.646554470062256,-2.0578625202178955,1030
-0.13081632554531097,0.0,0.0,0.06330928206443787,-0.40695464611053467,0.08805502951145172,-0.0006523281335830688,0.0,-0.4966679811477661,0.0,0.0018958442378789186,0.0,0.0,0.0,0.0,-0.7052842974662781,-0.001577222254127264,1132,1,time,0.0,0.025417916476726532,-3.646554470062256,-2.0578625202178955,1030
-0.13587135076522827,0.0,0.0,-0.002556821797043085,-0.16850276291370392,-0.025935113430023193,0.030106831341981888,0.0,-0.42797133326530457,0.0,0.004514425061643124,0.0,0.0,0.0,0.0,-0.706167459487915,-0.001577222254127264,1133,1,time,0.0,0.029545798897743225,-3.4918227195739746,-2.0578625202178955,1030
-0.1411731243133545,0.0,0.0,-0.002556821797043085,-0.19368748366832733,-0.025935113430023193,0.030106831341981888,0.0,-0.42797133326530457,0.0,0.004514425061643124,0.0,0.0,0.0,0.0,-0.706167459487915,-0.001577222254127264,1134,1,time,0.0,0.028684090822935104,-3.5223090648651123,-2.0578625202178955,1030
-0.1411731243133545,0.0,0.0,-0.002556821797043085,-0.19368748366832733,-0.025935113430023193,0.030106831341981888,0.0,-0.42797133326530457,0.0,0.004514425061643124,0.0,0.0,0.0,0.0,-0.706167459487915,-0.001577222254127264,1135,1,time,0.0,0.028684090822935104,-3.5223090648651123,-2.0578625202178955,1030
-0.13081632554531097,0.0,0.0,0.023301193490624428,-0.22691379487514496,0.01935844123363495,0.030106831341981888,0.0,-0.42797133326530457,0.0,0.004514425061643124,0.0,0.0,0.0,0.0,-0.706167459487915,-0.001577222254127264,1136,1,time,0.0,0.030060341581702232,-3.474027156829834,-2.0578625202178955,1030
-0.1411731243133545,0.0,0.0,0.06330928206443787,-0.39958634972572327,-0.025935113430023193,-0.0006523281335830688,0.0,-0.42797133326530457,0.0,0.0018958442378789186,0.0,0.0,0.0,0.0,-0.7052842974662781,-0.001577222254127264,1137,1,time,0.0,0.024248898029327393,-3.694836378097534,-2.0578625202178955,1030
-0.13081632554531097,0.0,0.0,0.06330928206443787,-0.40695464611053467,0.08805502951145172,-0.0006523281335830688,0.0,-0.4966679811477661,0.0,0.0018958442378789186,0.0,0.0,0.0,0.0,-0.7052842974662781,-0.001577222254127264,1138,1,time,0.0,0.025417916476726532,-3.646554470062256,-2.0578625202178955,1030
-0.1411731243133545,0.0,0.0,-0.002556821797043085,-0.19368748366832733,-0.025935113430023193,0.030106831341981888,0.0,-0.42797133326530457,0.0,0.004514425061643124,0.0,0.0,0.0,0.0,-0.706167459487915,-0.001577222254127264,1139,1,time,0.0,0.028684090822935104,-3.5223090648651123,-2.0578625202178955,1030
-0.15557262301445007,0.0,0.0,0.029134318232536316,-0.21053443849086761,0.17397688329219818,0.07400856912136078,0.0,0.40464460849761963,0.0,0.004514425061643124,0.0,0.0,0.0,0.0,0.10910802334547043,-0.001577222254127264,1140,1,time,0.0,0.16380847990512848,-1.6301597356796265,-2.0578625202178955,1030
-0.13081632554531097,0.0,0.0,0.023301193490624428,-0.22691379487514496,0.08805502951145172,0.030106831341981888,0.0,-0.4966679811477661,0.0,0.004514425061643124,0.0,0.0,0.0,0.0,-0.706167459487915,-0.001577222254127264,1141,1,time,0.0,0.030060341581702232,-3.474027156829834,-2.0578625202178955,1030
-0.17707329988479614,0.0,0.0,0.0691424086689949,-0.4665183424949646,-0.025935113430023193,0.007131356280297041,0.0,-0.45800676941871643,0.0,0.0018958442378789186,0.0,0.0,0.0,0.0,0.1409027874469757,-0.001577222254127264,1142,1,time,0.0,0.048897258937358856,-2.9679007530212402,-2.0578625202178955,1030
-0.13081632554531097,0.0,0.0,0.023301193490624428,-0.22691379487514496,0.08805502951145172,0.030106831341981888,0.0,-0.4966679811477661,0.0,0.004514425061643124,0.0,0.0,0.0,0.0,-0.706167459487915,-0.001577222254127264,1143,1,time,0.0,0.030060341581702232,-3.474027156829834,-2.0578625202178955,1030
-0.13587135076522827,0.0,0.0,0.023301193490624428,-0.22376228868961334,-0.025935113430023193,-0.08296206593513489,0.0,-0.3604521155357361,0.0,0.004514425061643124,0.0,0.0,0.0,0.0,-0.6831098794937134,-0.001577222254127264,1144,1,time,0.0,0.02809363417327404,-3.5437164306640625,-2.0578625202178955,1030
-0.1411731243133545,0.0,0.0,0.023301193490624428,-0.24894700944423676,-0.025935113430023193,-0.08296206593513489,0.0,-0.3604521155357361,0.0,0.004514425061643124,0.0,0.0,0.0,0.0,-0.6831098794937134,-0.001577222254127264,1145,1,time,0.0,0.027273092418909073,-3.5742027759552,-2.0578625202178955,1030
-0.13081632554531097,0.0,0.0,0.06330928206443787,-0.40695464611053467,0.01935844123363495,-0.0006523281335830688,0.0,-0.42797133326530457,0.0,0.0018958442378789186,0.0,0.0,0.0,0.0,-0.7052842974662781,-0.001577222254127264,1146,1,time,0.0,0.025417916476726532,-3.646554470062256,-2.0578625202178955,1030
-0.13587135076522827,0.0,0.0,-0.008939114399254322,-0.16850276291370392,-0.025935113430023193,0.030106831341981888,0.0,-0.42797133326530457,0.0,0.004514425061643124,0.0,0.0,0.0,0.0,-0.6997851729393005,-0.001577222254127264,1147,1,time,0.0,0.029545798897743225,-3.4918227195739746,-2.0578625202178955,1030
-0.13587135076522827,0.0,0.0,-0.002556821797043085,-0.16850276291370392,-0.025935113430023193,0.030106831341981888,0.0,-0.42797133326530457,0.0,0.004514425061643124,0.0,0.0,0.0,0.0,-0.706167459487915,-0.001577222254127264,1148,1,time,0.0,0.029545798897743225,-3.4918227195739746,-2.0578625202178955,1030
-0.1411731243133545,0.0,0.0,-0.002556821797043085,-0.19368748366832733,-0.025935113430023193,0.030106831341981888,0.0,-0.42797133326530457,0.0,0.004514425061643124,0.0,0.0,0.0,0.0,-0.706167459487915,-0.001577222254127264,1149,1,time,0.0,0.028684090822935104,-3.5223090648651123,-2.0578625202178955,1030
-0.13587135076522827,0.0,0.0,-0.002556821797043085,-0.16850276291370392,-0.025935113430023193,0.030106831341981888,0.0,-0.42797133326530457,0.0,0.004514425061643124,0.0,0.0,0.0,0.0,-0.706167459487915,-0.001577222254127264,1150,1,time,0.0,0.029545798897743225,-3.4918227195739746,-2.0578625202178955,1030
-0.12551453709602356,0.0,0.0,0.023301193490624428,-0.20172910392284393,0.01935844123363495,0.030106831341981888,0.0,-0.42797133326530457,0.0,0.004514425061643124,0.0,0.0,0.0,0.0,-0.706167459487915,-0.001577222254127264,1151,1,time,0.0,0.03096207231283188,-3.4435408115386963,-2.0578625202178955,1030
-0.13587135076522827,0.0,0.0,-0.002556821797043085,-0.16850276291370392,-0.025935113430023193,0.030106831341981888,0.0,-0.42797133326530457,0.0,0.004514425061643124,0.0,0.0,0.0,0.0,-0.706167459487915,-0.001577222254127264,1152,1,time,0.0,0.029545798897743225,-3.4918227195739746,-2.0578625202178955,1030
-0.17228713631629944,0.0,0.0,-0.010550480335950851,0.17142333090305328,-0.05044743791222572,-0.17323681712150574,0.0,0.37934499979019165,0.0,0.004514425061643124,0.0,0.0,0.0,0.0,0.1456109583377838,-0.001577222254127264,1153,1,time,0.0,0.14615680277347565,-1.7650675773620605,-2.0578625202178955,1030
-0.13587135076522827,0.0,0.0,-0.008939114399254322,-0.19790427386760712,-0.025935113430023193,-0.08296206593513489,0.0,-0.3604521155357361,0.0,0.004514425061643124,0.0,0.0,0.0,0.0,-0.6767275929450989,-0.001577222254127264,1154,1,time,0.0,0.02809363417327404,-3.5437164306640625,-2.0578625202178955,1030
-0.13587135076522827,0.0,0.0,-0.008939114399254322,-0.16850276291370392,-0.025935113430023193,0.030106831341981888,0.0,-0.42797133326530457,0.0,0.004514425061643124,0.0,0.0,0.0,0.0,-0.6997851729393005,-0.001577222254127264,1155,1,time,0.0,0.029545798897743225,-3.4918227195739746,-2.0578625202178955,1030
-0.13002926111221313,0.0,0.0,-0.002556821797043085,-0.1271936446428299,-0.04688013345003128,0.09432138502597809,0.0,0.3240215480327606,0.0,0.004514425061643124,0.0,0.0,0.0,0.0,-0.7982881665229797,-0.001577222254127264,1156,1,time,0.0,0.06056681275367737,-2.741529703140259,-2.0578625202178955,1030
-0.16592943668365479,0.0,0.0,0.0032763038761913776,-0.1742318719625473,-0.04688013345003128,0.11674368381500244,0.0,0.33837780356407166,0.0,0.004514425061643124,0.0,0.0,0.0,0.0,0.10910802334547043,-0.001577222254127264,1157,1,time,0.0,0.13302645087242126,-1.8744604587554932,-2.0578625202178955,1030
-0.12497423589229584,0.0,0.0,0.023301193490624428,-0.18560466170310974,0.17397688329219818,0.06622488796710968,0.0,0.3902883529663086,0.0,0.004514425061643124,0.0,0.0,0.0,0.0,-0.7982881665229797,-0.001577222254127264,1158,1,time,0.0,0.07516006380319595,-2.510000705718994,-2.0578625202178955,1030
-0.13587135076522827,0.0,0.0,0.023301193490624428,-0.20172910392284393,-0.018566805869340897,0.030106831341981888,0.0,-0.42797133326530457,0.0,0.004514425061643124,0.0,0.0,0.0,0.0,-0.706167459487915,-0.001577222254127264,1159,1,time,0.0,0.029545798897743225,-3.4918227195739746,-2.0578625202178955,1030
-0.1411731243133545,0.0,0.0,0.06330928206443787,-0.3965100944042206,-0.025935113430023193,0.12276242673397064,0.0,-0.3753882050514221,0.0,0.0018958442378789186,0.0,0.0,0.0,0.0,-0.7052842974662781,-0.001577222254127264,1160,1,time,0.0,0.028867056593298912,-3.5157623291015625,-2.0578625202178955,1030
-0.1411731243133545,0.0,0.0,0.06330928206443787,-0.3965100944042206,-0.025935113430023193,0.08476869761943817,0.0,-0.3604521155357361,0.0,0.0018958442378789186,0.0,0.0,0.0,0.0,-0.6822266578674316,-0.001577222254127264,1161,1,time,0.0,0.028867056593298912,-3.5157623291015625,-2.0578625202178955,1030
-0.1411731243133545,0.0,0.0,0.06330928206443787,-0.334417462348938,-0.025935113430023193,-0.01915077492594719,0.0,-0.3604521155357361,0.0,0.0018958442378789186,0.0,0.0,0.0,0.0,-0.6822266578674316,-0.001577222254127264,1162,1,time,0.0,0.02771732211112976,-3.557589054107666,-2.0578625202178955,1030
-0.13081632554531097,0.0,0.0,0.06330928206443787,-0.40695464611053467,0.08805502951145172,-0.0006523281335830688,0.0,-0.4966679811477661,0.0,0.0018958442378789186,0.0,0.0,0.0,0.0,-0.7052842974662781,-0.001577222254127264,1163,1,time,0.0,0.025417916476726532,-3.646554470062256,-2.0578625202178955,1030
-0.1411731243133545,0.0,0.0,0.06330928206443787,-0.40695464611053467,-0.018566805869340897,-0.0006523281335830688,0.0,-0.42797133326530457,0.0,0.0018958442378789186,0.0,0.0,0.0,0.0,-0.7052842974662781,-0.001577222254127264,1164,1,time,0.0,0.024248898029327393,-3.694836378097534,-2.0578625202178955,1030
-0.1411731243133545,0.0,0.0,0.06330928206443787,-0.39958634972572327,-0.025935113430023193,-0.0006523281335830688,0.0,-0.42797133326530457,0.0,0.0018958442378789186,0.0,0.0,0.0,0.0,-0.7052842974662781,-0.001577222254127264,1165,1,time,0.0,0.024248898029327393,-3.694836378097534,-2.0578625202178955,1030
-0.171231210231781,0.0,0.0,0.0691424086689949,-0.42520925402641296,-0.04688013345003128,0.04324941337108612,0.0,0.36647433042526245,0.0,0.0018958442378789186,0.0,0.0,0.0,0.0,0.09317367523908615,-0.001577222254127264,1166,1,time,0.0,0.10632659494876862,-2.1288249492645264,-2.0578625202178955,1030
-0.1411731243133545,0.0,0.0,0.06330928206443787,-0.39958634972572327,-0.025935113430023193,0.10812380909919739,0.0,-0.3753882050514221,0.0,0.0018958442378789186,0.0,0.0,0.0,0.0,-0.7052842974662781,-0.001577222254127264,1167,1,time,0.0,0.02837456949055195,-3.5334770679473877,-2.0578625202178955,1030
-0.13081632554531097,0.0,0.0,0.06330928206443787,-0.40695464611053467,0.08805502951145172,-0.0006523281335830688,0.0,-0.4966679811477661,0.0,0.0018958442378789186,0.0,0.0,0.0,0.0,-0.7052842974662781,-0.001577222254127264,1168,1,time,0.0,0.025417916476726532,-3.646554470062256,-2.0578625202178955,1030
-0.1411731243133545,0.0,0.0,0.06330928206443787,-0.39958634972572327,-0.025935113430023193,-0.0006523281335830688,0.0,-0.42797133326530457,0.0,0.0018958442378789186,0.0,0.0,0.0,0.0,-0.7052842974662781,-0.001577222254127264,1169,1,time,0.0,0.024248898029327393,-3.694836378097534,-2.0578625202178955,1030
-0.13081632554531097,0.0,0.0,0.06330928206443787,-0.40695464611053467,0.08805502951145172,-0.0006523281335830688,0.0,-0.4966679811477661,0.0,0.0018958442378789186,0.0,0.0,0.0,0.0,-0.7052842974662781,-0.001577222254127264,1170,1,time,0.0,0.025417916476726532,-3.646554470062256,-2.0578625202178955,1030
-0.1411731243133545,0.0,0.0,0.06330928206443787,-0.39958634972572327,-0.025935113430023193,-0.0006523281335830688,0.0,-0.42797133326530457,0.0,0.0018958442378789186,0.0,0.0,0.0,0.0,-0.7052842974662781,-0.001577222254127264,1171,1,time,0.0,0.024248898029327393,-3.694836378097534,-2.0578625202178955,1030
-0.1411731243133545,0.0,0.0,0.06330928206443787,-0.39958634972572327,-0.025935113430023193,-0.0006523281335830688,0.0,-0.42797133326530457,0.0,0.0018958442378789186,0.0,0.0,0.0,0.0,-0.7052842974662781,-0.001577222254127264,1172,1,time,0.0,0.024248898029327393,-3.694836378097534,-2.0578625202178955,1030
-0.1411731243133545,0.0,0.0,0.06330928206443787,-0.39958634972572327,-0.025935113430023193,-0.0006523281335830688,0.0,-0.42797133326530457,0.0,0.0018958442378789186,0.0,0.0,0.0,0.0,-0.7052842974662781,-0.001577222254127264,1173,1,time,0.0,0.024248898029327393,-3.694836378097534,-2.0578625202178955,1030
-0.1411731243133545,0.0,0.0,0.06330928206443787,-0.40695464611053467,-0.018566805869340897,-0.0006523281335830688,0.0,-0.42797133326530457,0.0,0.0018958442378789186,0.0,0.0,0.0,0.0,-0.7052842974662781,-0.001577222254127264,1174,1,time,0.0,0.024248898029327393,-3.694836378097534,-2.0578625202178955,1030
-0.13081632554531097,0.0,0.0,0.06330928206443787,-0.40695464611053467,0.08805502951145172,-0.0006523281335830688,0.0,-0.4966679811477661,0.0,0.0018958442378789186,0.0,0.0,0.0,0.0,-0.7052842974662781,-0.001577222254127264,1175,1,time,0.0,0.025417916476726532,-3.646554470062256,-2.0578625202178955,1030
-0.1411731243133545,0.0,0.0,0.06330928206443787,-0.40695464611053467,-0.018566805869340897,-0.0006523281335830688,0.0,-0.42797133326530457,0.0,0.0018958442378789186,0.0,0.0,0.0,0.0,-0.7052842974662781,-0.001577222254127264,1176,1,time,0.0,0.024248898029327393,-3.694836378097534,-2.0578625202178955,1030
-0.13081632554531097,0.0,0.0,0.06330928206443787,-0.40695464611053467,0.01935844123363495,-0.0006523281335830688,0.0,-0.42797133326530457,0.0,0.0018958442378789186,0.0,0.0,0.0,0.0,-0.7052842974662781,-0.001577222254127264,1177,1,time,0.0,0.025417916476726532,-3.646554470062256,-2.0578625202178955,1030
-0.1411731243133545,0.0,0.0,0.06330928206443787,-0.39958634972572327,-0.025935113430023193,0.10812380909919739,0.0,-0.3753882050514221,0.0,0.0018958442378789186,0.0,0.0,0.0,0.0,-0.7052842974662781,-0.001577222254127264,1178,1,time,0.0,0.02837456949055195,-3.5334770679473877,-2.0578625202178955,1030
-0.1411731243133545,0.0,0.0,0.06330928206443787,-0.40695464611053467,-0.018566805869340897,-0.0006523281335830688,0.0,-0.42797133326530457,0.0,0.0018958442378789186,0.0,0.0,0.0,0.0,-0.7052842974662781,-0.001577222254127264,1179,1,time,0.0,0.024248898029327393,-3.694836378097534,-2.0578625202178955,1030
-0.1411731243133545,0.0,0.0,0.06330928206443787,-0.39958634972572327,-0.025935113430023193,-0.0006523281335830688,0.0,-0.42797133326530457,0.0,0.0018958442378789186,0.0,0.0,0.0,0.0,-0.7052842974662781,-0.001577222254127264,1180,1,time,0.0,0.024248898029327393,-3.694836378097534,-2.0578625202178955,1030
-0.1411731243133545,0.0,0.0,0.06330928206443787,-0.39958634972572327,-0.025935113430023193,-0.0006523281335830688,0.0,-0.42797133326530457,0.0,0.0018958442378789186,0.0,0.0,0.0,0.0,-0.7052842974662781,-0.001577222254127264,1181,1,time,0.0,0.024248898029327393,-3.694836378097534,-2.0578625202178955,1030
-0.13587135076522827,0.0,0.0,0.023301193490624428,-0.20172910392284393,-0.018566805869340897,0.030106831341981888,0.0,-0.42797133326530457,0.0,0.004514425061643124,0.0,0.0,0.0,0.0,-0.706167459487915,-0.001577222254127264,1182,1,time,0.0,0.029545798897743225,-3.4918227195739746,-2.0578625202178955,1030
-0.13002926111221313,0.0,0.0,0.023301193490624428,-0.15305167436599731,-0.04688013345003128,0.06622488796710968,0.0,0.3521180748939514,0.0,0.004514425061643124,0.0,0.0,0.0,0.0,-0.7982881665229797,-0.001577222254127264,1183,1,time,0.0,0.06056681275367737,-2.741529703140259,-2.0578625202178955,1030
-0.17707329988479614,0.0,0.0,-0.04375539347529411,-0.5073371529579163,-0.025935113430023193,0.007131356280297041,0.0,-0.5274133682250977,0.0,0.0018958442378789186,0.0,0.0,0.0,0.0,0.2459704726934433,0.013230687007308006,1184,1,time,0.0,0.04431316629052162,-3.07114839553833,-2.0578625202178955,1030
-0.13587135076522827,0.0,0.0,-0.002556821797043085,-0.19790427386760712,-0.025935113430023193,-0.08296206593513489,0.0,-0.3604521155357361,0.0,0.004514425061643124,0.0,0.0,0.0,0.0,-0.6831098794937134,-0.001577222254127264,1185,1,time,0.0,0.02809363417327404,-3.5437164306640625,-2.0578625202178955,1030
-0.1411731243133545,0.0,0.0,0.06330928206443787,-0.39958634972572327,-0.025935113430023193,-0.0006523281335830688,0.0,-0.42797133326530457,0.0,0.0018958442378789186,0.0,0.0,0.0,0.0,-0.7052842974662781,-0.001577222254127264,1186,1,time,1.0,0.024248898029327393,-3.694836378097534,-2.0578625202178955,1030
-0.08312418311834335,0.0,0.0,0.0032763038761913776,-0.11386364698410034,-0.04688013345003128,0.07400856912136078,0.0,0.4275638461112976,0.0,-0.014098906889557838,0.0,0.0,0.0,0.0,0.5707933902740479,-0.0014862651005387306,1187,1,time,0.0,0.2241448312997818,-1.241673469543457,-2.0578625202178955,1030
-0.1411731243133545,0.0,0.0,0.023301193490624428,-0.24894700944423676,-0.025935113430023193,-0.08296206593513489,0.0,-0.3604521155357361,0.0,0.004514425061643124,0.0,0.0,0.0,0.0,-0.6831098794937134,-0.001577222254127264,1188,1,time,0.0,0.027273092418909073,-3.5742027759552,-2.0578625202178955,1030
-0.1411731243133545,0.0,0.0,0.06330928206443787,-0.39958634972572327,-0.025935113430023193,-0.0006523281335830688,0.0,-0.42797133326530457,0.0,0.0018958442378789186,0.0,0.0,0.0,0.0,-0.7052842974662781,-0.001577222254127264,1189,1,time,0.0,0.024248898029327393,-3.694836378097534,-2.0578625202178955,1030
-0.13587135076522827,0.0,0.0,-0.002556821797043085,-0.19790427386760712,-0.025935113430023193,-0.08296206593513489,0.0,-0.3604521155357361,0.0,0.004514425061643124,0.0,0.0,0.0,0.0,-0.6831098794937134,-0.001577222254127264,1190,1,time,0.0,0.02809363417327404,-3.5437164306640625,-2.0578625202178955,1030
-0.13587135076522827,0.0,0.0,0.023301193490624428,-0.22376228868961334,-0.025935113430023193,-0.08296206593513489,0.0,-0.3604521155357361,0.0,0.004514425061643124,0.0,0.0,0.0,0.0,-0.6831098794937134,-0.001577222254127264,1191,1,time,0.0,0.02809363417327404,-3.5437164306640625,-2.0578625202178955,1030
0.22608314454555511,0.0,0.0,0.023301193490624428,-0.24552397429943085,-0.0190577432513237,-0.08296206593513489,0.0,-0.35188114643096924,0.0,0.004514425061643124,0.0,0.0,0.0,0.0,-0.6690382361412048,-0.001577222254127264,1192,1,time,0.0,0.04015582054853439,-3.1740036010742188,-2.0578625202178955,1030
0.23602457344532013,0.0,0.0,0.023301193490624428,-0.25546538829803467,-0.0190577432513237,-0.08296206593513489,0.0,-0.35188114643096924,0.0,0.004514425061643124,0.0,0.0,0.0,0.0,-0.6690382361412048,-0.001577222254127264,1193,1,time,0.0,0.04015582054853439,-3.1740036010742188,-2.0578625202178955,1030
0.27232667803764343,0.0,0.0,0.0691424086689949,-0.43909594416618347,-0.032634444534778595,0.04324941337108612,0.0,0.35267728567123413,0.0,0.0018958442378789186,0.0,0.0,0.0,0.0,0.19597342610359192,-0.001577222254127264,1194,1,time,0.0,0.16855475306510925,-1.59590482711792,-2.0578625202178955,1030
0.2888525128364563,0.0,0.0,-0.010550480335950851,-0.2564344108104706,-0.0190577432513237,0.037890512496232986,0.0,-0.4494358003139496,0.0,0.004514425061643124,0.0,0.0,0.0,0.0,0.2677587568759918,0.013230687007308006,1195,1,time,0.0,0.10146119445562363,-2.181093454360962,-2.0578625202178955,1030
0.23602457344532013,0.0,0.0,-0.002556821797043085,-0.20020587742328644,-0.0190577432513237,0.030106831341981888,0.0,-0.4194004237651825,0.0,0.004514425061643124,0.0,0.0,0.0,0.0,-0.6920958161354065,-0.001577222254127264,1196,1,time,0.0,0.04220439866185188,-3.122109889984131,-2.0578625202178955,1030
0.22608314454555511,0.0,0.0,-0.002556821797043085,-0.19026444852352142,-0.0190577432513237,0.030106831341981888,0.0,-0.4194004237651825,0.0,0.004514425061643124,0.0,0.0,0.0,0.0,-0.6920958161354065,-0.001577222254127264,1197,1,time,0.0,0.04220439866185188,-3.122109889984131,-2.0578625202178955,1030
0.23602457344532013,0.0,0.0,0.06330928206443787,-0.40610477328300476,-0.0190577432513237,-0.0006523281335830688,0.0,-0.4194004237651825,0.0,0.0018958442378789186,0.0,0.0,0.0,0.0,-0.6912126541137695,-0.001577222254127264,1198,1,time,0.0,0.03575562313199043,-3.2946372032165527,-2.0578625202178955,1030
0.22608314454555511,0.0,0.0,-0.008939114399254322,-0.18718819320201874,-0.0190577432513237,0.1535215675830841,0.0,-0.36681729555130005,0.0,0.004514425061643124,0.0,0.0,0.0,0.0,-0.685713529586792,-0.001577222254127264,1199,1,time,0.0,0.05006669461727142,-2.943035840988159,-2.0578625202178955,1030
0.22608314454555511,0.0,0.0,-0.008939114399254322,-0.21966592967510223,-0.0190577432513237,-0.08296206593513489,0.0,-0.35188114643096924,0.0,0.004514425061643124,0.0,0.0,0.0,0.0,-0.6626559495925903,-0.001577222254127264,1200,1,time,1.0,0.04015582054853439,-3.1740036010742188,-2.0578625202178955,1030
0.16991673409938812,0.0,0.0,0.008341332897543907,0.6511930823326111,-0.022625049576163292,-0.10921576619148254,0.0,-0.3102096617221832,0.0,-0.014098906889557838,0.0,0.0,0.0,0.0,0.19039678573608398,-0.03744153678417206,1201,1,time,0.0,0.17775891721248627,-1.5316054821014404,-2.0578625202178955,1030
0.24406759440898895,0.0,0.0,-0.002556821797043085,-0.04149804636836052,-0.022625049576163292,-0.08296206593513489,0.0,-0.3968507945537567,0.0,0.004514425061643124,0.0,0.0,0.0,0.0,-0.7543401718139648,-0.001577222254127264,1202,1,time,0.0,0.04262761026620865,-3.1116902828216553,-2.0578625202178955,1030
0.20955727994441986,0.0,0.0,-0.002556821797043085,-0.17835678160190582,-0.04000275582075119,-0.15274924039840698,0.0,0.2999350130558014,0.0,0.004514425061643124,0.0,0.0,0.0,0.0,-0.76115882396698,-0.001577222254127264,1203,1,time,0.0,0.0641484409570694,-2.6802570819854736,-2.0578625202178955,1030
0.22608314454555511,0.0,0.0,0.023301193490624428,-0.24552397429943085,-0.0190577432513237,-0.08296206593513489,0.0,-0.35188114643096924,0.0,0.004514425061643124,0.0,0.0,0.0,0.0,-0.6690382361412048,-0.001577222254127264,1204,1,time,0.0,0.04015582054853439,-3.1740036010742188,-2.0578625202178955,1030
0.2122989296913147,0.0,0.0,0.023301193490624428,-0.22349075973033905,0.07079137861728668,0.030106831341981888,0.0,-0.48809707164764404,0.0,0.004514425061643124,0.0,0.0,0.0,0.0,-0.6920958161354065,-0.001577222254127264,1205,1,time,0.0,0.04220439866185188,-3.122109889984131,-2.0578625202178955,1030
0.21949873864650726,0.0,0.0,0.023301193490624428,-0.18167848885059357,-0.04000275582075119,0.10896000266075134,0.0,0.3102245032787323,0.0,0.004514425061643124,0.0,0.0,0.0,0.0,-0.7842164039611816,-0.001577222254127264,1206,1,time,0.0,0.08326134830713272,-2.3988380432128906,-2.0578625202178955,1030
0.20571452379226685,0.0,0.0,0.06330928206443787,-0.3721639811992645,0.15671326220035553,0.03546573594212532,0.0,0.3764913082122803,0.0,0.0018958442378789186,0.0,0.0,0.0,0.0,-0.7833333015441895,-0.001577222254127264,1207,1,time,0.0,0.08507206290960312,-2.3753466606140137,-2.0578625202178955,1030
0.22608314454555511,0.0,0.0,0.023301193490624428,-0.21612243354320526,-0.0190577432513237,0.030106831341981888,0.0,-0.4194004237651825,0.0,0.004514425061643124,0.0,0.0,0.0,0.0,-0.6920958161354065,-0.001577222254127264,1208,1,time,0.0,0.04220439866185188,-3.122109889984131,-2.0578625202178955,1030
0.24406759440898895,0.0,0.0,-0.002556821797043085,-0.04149804636836052,-0.022625049576163292,-0.08296206593513489,0.0,-0.3968507945537567,0.0,0.004514425061643124,0.0,0.0,0.0,0.0,-0.7543401718139648,-0.001577222254127264,1209,1,time,0.0,0.04262761026620865,-3.1116902828216553,-2.0578625202178955,1030
0.24406759440898895,0.0,0.0,-0.002556821797043085,-0.04149804636836052,-0.022625049576163292,-0.08296206593513489,0.0,-0.3968507945537567,0.0,0.004514425061643124,0.0,0.0,0.0,0.0,-0.7543401718139648,-0.001577222254127264,1210,1,time,0.0,0.04262761026620865,-3.1116902828216553,-2.0578625202178955,1030
0.2789110541343689,0.0,0.0,0.029134318232536316,-0.272350937128067,-0.0190577432513237,0.037890512496232986,0.0,-0.4494358003139496,0.0,0.004514425061643124,0.0,0.0,0.0,0.0,0.26882094144821167,0.013230687007308006,1211,1,time,0.0,0.10282664000988007,-2.1662046909332275,-2.0578625202178955,1030
0.22608314454555511,0.0,0.0,0.023301193490624428,-0.21612243354320526,-0.0190577432513237,0.030106831341981888,0.0,-0.4194004237651825,0.0,0.004514425061643124,0.0,0.0,0.0,0.0,-0.6920958161354065,-0.001577222254127264,1212,1,time,0.0,0.04220439866185188,-3.122109889984131,-2.0578625202178955,1030
0.23602457344532013,0.0,0.0,0.06330928206443787,-0.40610477328300476,-0.0190577432513237,-0.0006523281335830688,0.0,-0.4194004237651825,0.0,0.0018958442378789186,0.0,0.0,0.0,0.0,-0.6912126541137695,-0.001577222254127264,1213,1,time,0.0,0.03575562313199043,-3.2946372032165527,-2.0578625202178955,1030
0.24406759440898895,0.0,0.0,-0.002556821797043085,-0.04149804636836052,-0.022625049576163292,-0.08296206593513489,0.0,-0.3968507945537567,0.0,0.004514425061643124,0.0,0.0,0.0,0.0,-0.7543401718139648,-0.001577222254127264,1214,1,time,0.0,0.04262761026620865,-3.1116902828216553,-2.0578625202178955,1030
0.24406759440898895,0.0,0.0,-0.002556821797043085,-0.04149804636836052,-0.022625049576163292,-0.08296206593513489,0.0,-0.3968507945537567,0.0,0.004514425061643124,0.0,0.0,0.0,0.0,-0.7543401718139648,-0.001577222254127264,1215,1,time,0.0,0.04262761026620865,-3.1116902828216553,-2.0578625202178955,1030
0.22608314454555511,0.0,0.0,0.023301193490624428,-0.24552397429943085,-0.0190577432513237,-0.08296206593513489,0.0,-0.35188114643096924,0.0,0.004514425061643124,0.0,0.0,0.0,0.0,-0.6690382361412048,-0.001577222254127264,1216,1,time,0.0,0.04015582054853439,-3.1740036010742188,-2.0578625202178955,1030
0.22608314454555511,0.0,0.0,0.023301193490624428,-0.24552397429943085,-0.0190577432513237,-0.08296206593513489,0.0,-0.35188114643096924,0.0,0.004514425061643124,0.0,0.0,0.0,0.0,-0.6690382361412048,-0.001577222254127264,1217,1,time,0.0,0.04015582054853439,-3.1740036010742188,-2.0578625202178955,1030
0.23602457344532013,0.0,0.0,0.06330928206443787,-0.40610477328300476,-0.0190577432513237,-0.0006523281335830688,0.0,-0.4194004237651825,0.0,0.0018958442378789186,0.0,0.0,0.0,0.0,-0.6912126541137695,-0.001577222254127264,1218,1,time,0.0,0.03575562313199043,-3.2946372032165527,-2.0578625202178955,1030
0.2222403585910797,0.0,0.0,0.06330928206443787,-0.41347306966781616,0.07079137861728668,-0.0006523281335830688,0.0,-0.48809707164764404,0.0,0.0018958442378789186,0.0,0.0,0.0,0.0,-0.6912126541137695,-0.001577222254127264,1219,1,time,0.0,0.03575562313199043,-3.2946372032165527,-2.0578625202178955,1030
0.22608314454555511,0.0,0.0,0.023301193490624428,-0.21612243354320526,-0.0190577432513237,0.030106831341981888,0.0,-0.4194004237651825,0.0,0.004514425061643124,0.0,0.0,0.0,0.0,-0.6920958161354065,-0.001577222254127264,1220,1,time,0.0,0.04220439866185188,-3.122109889984131,-2.0578625202178955,1030
0.2122989296913147,0.0,0.0,0.023301193490624428,-0.22349075973033905,0.0020947889424860477,0.030106831341981888,0.0,-0.4194004237651825,0.0,0.004514425061643124,0.0,0.0,0.0,0.0,-0.6920958161354065,-0.001577222254127264,1221,1,time,0.0,0.04220439866185188,-3.122109889984131,-2.0578625202178955,1030
0.22608314454555511,0.0,0.0,0.023301193490624428,-0.24552397429943085,-0.0190577432513237,-0.08296206593513489,0.0,-0.35188114643096924,0.0,0.004514425061643124,0.0,0.0,0.0,0.0,-0.6690382361412048,-0.001577222254127264,1222,1,time,0.0,0.04015582054853439,-3.1740036010742188,-2.0578625202178955,1030
0.22608314454555511,0.0,0.0,-0.002556821797043085,-0.18718819320201874,-0.0190577432513237,0.1535215675830841,0.0,-0.36681729555130005,0.0,0.004514425061643124,0.0,0.0,0.0,0.0,-0.6920958161354065,-0.001577222254127264,1223,1,time,0.0,0.05006669461727142,-2.943035840988159,-2.0578625202178955,1030
0.20955727994441986,0.0,0.0,0.023301193490624428,-0.20421482622623444,-0.04000275582075119,-0.15274924039840698,0.0,0.2999350130558014,0.0,0.004514425061643124,0.0,0.0,0.0,0.0,-0.76115882396698,-0.001577222254127264,1224,1,time,0.0,0.0641484409570694,-2.6802570819854736,-2.0578625202178955,1030
0.2122989296913147,0.0,0.0,0.023301193490624428,-0.22349075973033905,0.0020947889424860477,0.030106831341981888,0.0,-0.4194004237651825,0.0,0.004514425061643124,0.0,0.0,0.0,0.0,-0.6920958161354065,-0.001577222254127264,1225,1,time,0.0,0.04220439866185188,-3.122109889984131,-2.0578625202178955,1030
0.22608314454555511,0.0,0.0,0.023301193490624428,-0.21612243354320526,-0.0190577432513237,0.030106831341981888,0.0,-0.4194004237651825,0.0,0.004514425061643124,0.0,0.0,0.0,0.0,-0.6920958161354065,-0.001577222254127264,1226,1,time,0.0,0.04220439866185188,-3.122109889984131,-2.0578625202178955,1030
0.2519776225090027,0.0,0.0,0.0032763038761913776,-0.21512526273727417,-0.04000275582075119,0.07400856912136078,0.0,0.41376686096191406,0.0,0.004514425061643124,0.0,0.0,0.0,0.0,0.44134366512298584,0.013230687007308006,1227,1,time,0.0,0.24770833551883698,-1.1108721494674683,-2.0578625202178955,1030
0.2122989296913147,0.0,0.0,0.023301193490624428,-0.22041450440883636,0.0020947889424860477,0.1535215675830841,0.0,-0.36681729555130005,0.0,0.004514425061643124,0.0,0.0,0.0,0.0,-0.6920958161354065,-0.001577222254127264,1228,1,time,0.0,0.05006669461727142,-2.943035840988159,-2.0578625202178955,1030
0.2222403585910797,0.0,0.0,0.06330928206443787,-0.41347306966781616,0.0020947889424860477,-0.0006523281335830688,0.0,-0.4194004237651825,0.0,0.0018958442378789186,0.0,0.0,0.0,0.0,-0.6912126541137695,-0.001577222254127264,1229,1,time,0.0,0.03575562313199043,-3.2946372032165527,-2.0578625202178955,1030
0.24406759440898895,0.0,0.0,-0.008939114399254322,-0.04149804636836052,-0.022625049576163292,-0.08296206593513489,0.0,-0.3968507945537567,0.0,0.004514425061643124,0.0,0.0,0.0,0.0,-0.7479578852653503,-0.001577222254127264,1230,1,time,0.0,0.04262761026620865,-3.1116902828216553,-2.0578625202178955,1030
0.2275417298078537,0.0,0.0,-0.008939114399254322,0.0960373729467392,-0.04357006400823593,-0.15274924039840698,0.0,0.35119175910949707,0.0,0.004514425061643124,0.0,0.0,0.0,0.0,-0.840078592300415,-0.001577222254127264,1231,1,time,0.0,0.0812494307756424,-2.4254908561706543,-2.0578625202178955,1030
-0.13587135076522827,0.0,0.0,0.023301193490624428,-0.07629431039094925,-0.029502421617507935,-0.08296206593513489,0.0,-0.40542173385620117,0.0,0.004514425061643124,0.0,0.0,0.0,0.0,-0.7684119939804077,-0.001577222254127264,1232,1,time,0.0,0.028468167409300804,-3.530087471008301,-2.0578625202178955,1030
-0.13587135076522827,0.0,0.0,0.023301193490624428,-0.22376228868961334,-0.025935113430023193,-0.08296206593513489,0.0,-0.3604521155357361,0.0,0.004514425061643124,0.0,0.0,0.0,0.0,-0.6831098794937134,-0.001577222254127264,1233,1,time,0.0,0.02809363417327404,-3.5437164306640625,-2.0578625202178955,1030
-0.1411731243133545,0.0,0.0,0.023301193490624428,-0.21954546868801117,-0.025935113430023193,0.030106831341981888,0.0,-0.42797133326530457,0.0,0.004514425061643124,0.0,0.0,0.0,0.0,-0.706167459487915,-0.001577222254127264,1234,1,time,0.0,0.028684090822935104,-3.5223090648651123,-2.0578625202178955,1030
-0.13587135076522827,0.0,0.0,0.023301193490624428,-0.20172910392284393,-0.018566805869340897,0.13888294994831085,0.0,-0.3753882050514221,0.0,0.004514425061643124,0.0,0.0,0.0,0.0,-0.706167459487915,-0.001577222254127264,1235,1,time,0.0,0.034540772438049316,-3.330463409423828,-2.0578625202178955,1030
-0.13533103466033936,0.0,0.0,0.06330928206443787,-0.35827726125717163,-0.04688013345003128,0.03546573594212532,0.0,0.3521180748939514,0.0,0.0018958442378789186,0.0,0.0,0.0,0.0,-0.7974050045013428,-0.001577222254127264,1236,1,time,0.0,0.04999504238367081,-2.9445433616638184,-2.0578625202178955,1030
-0.1411731243133545,0.0,0.0,0.06330928206443787,-0.40695464611053467,-0.018566805869340897,-0.0006523281335830688,0.0,-0.42797133326530457,0.0,0.0018958442378789186,0.0,0.0,0.0,0.0,-0.7052842974662781,-0.001577222254127264,1237,1,time,0.0,0.024248898029327393,-3.694836378097534,-2.0578625202178955,1030
-0.1411731243133545,0.0,0.0,0.023301193490624428,-0.24894700944423676,-0.025935113430023193,-0.08296206593513489,0.0,-0.3604521155357361,0.0,0.004514425061643124,0.0,0.0,0.0,0.0,-0.6831098794937134,-0.001577222254127264,1238,1,time,0.0,0.027273092418909073,-3.5742027759552,-2.0578625202178955,1030
-0.1411731243133545,0.0,0.0,0.023301193490624428,-0.24894700944423676,-0.025935113430023193,-0.08296206593513489,0.0,-0.3604521155357361,0.0,0.004514425061643124,0.0,0.0,0.0,0.0,-0.6831098794937134,-0.001577222254127264,1239,1,time,0.0,0.027273092418909073,-3.5742027759552,-2.0578625202178955,1030
-0.1411731243133545,0.0,0.0,0.06330928206443787,-0.334417462348938,-0.025935113430023193,-0.01915077492594719,0.0,-0.3604521155357361,0.0,0.0018958442378789186,0.0,0.0,0.0,0.0,-0.6822266578674316,-0.001577222254127264,1240,1,time,0.0,0.02771732211112976,-3.557589054107666,-2.0578625202178955,1030
-0.1411731243133545,0.0,0.0,0.06330928206443787,-0.3965100944042206,-0.025935113430023193,0.12276242673397064,0.0,-0.3753882050514221,0.0,0.0018958442378789186,0.0,0.0,0.0,0.0,-0.7052842974662781,-0.001577222254127264,1241,1,time,0.0,0.028867056593298912,-3.5157623291015625,-2.0578625202178955,1030
-0.1411731243133545,0.0,0.0,0.06330928206443787,-0.3965100944042206,-0.025935113430023193,0.12276242673397064,0.0,-0.3753882050514221,0.0,0.0018958442378789186,0.0,0.0,0.0,0.0,-0.7052842974662781,-0.001577222254127264,1242,1,time,0.0,0.028867056593298912,-3.5157623291015625,-2.0578625202178955,1030
-0.1411731243133545,0.0,0.0,0.06330928206443787,-0.3965100944042206,-0.025935113430023193,0.12276242673397064,0.0,-0.3753882050514221,0.0,0.0018958442378789186,0.0,0.0,0.0,0.0,-0.7052842974662781,-0.001577222254127264,1243,1,time,0.0,0.028867056593298912,-3.5157623291015625,-2.0578625202178955,1030
-0.13081632554531097,0.0,0.0,0.06330928206443787,-0.403878390789032,0.08805502951145172,0.12276242673397064,0.0,-0.4440848231315613,0.0,0.0018958442378789186,0.0,0.0,0.0,0.0,-0.7052842974662781,-0.001577222254127264,1244,1,time,0.0,0.03025181032717228,-3.467480421066284,-2.0578625202178955,1030
-0.1411731243133545,0.0,0.0,0.06330928206443787,-0.40695464611053467,-0.018566805869340897,-0.0006523281335830688,0.0,-0.42797133326530457,0.0,0.0018958442378789186,0.0,0.0,0.0,0.0,-0.7052842974662781,-0.001577222254127264,1245,1,time,0.0,0.024248898029327393,-3.694836378097534,-2.0578625202178955,1030
-0.1411731243133545,0.0,0.0,0.06330928206443787,-0.40695464611053467,-0.018566805869340897,-0.0006523281335830688,0.0,-0.42797133326530457,0.0,0.0018958442378789186,0.0,0.0,0.0,0.0,-0.7052842974662781,-0.001577222254127264,1246,1,time,0.0,0.024248898029327393,-3.694836378097534,-2.0578625202178955,1030
-0.13081632554531097,0.0,0.0,0.06330928206443787,-0.40695464611053467,0.01935844123363495,-0.0006523281335830688,0.0,-0.42797133326530457,0.0,0.0018958442378789186,0.0,0.0,0.0,0.0,-0.7052842974662781,-0.001577222254127264,1247,1,time,0.0,0.025417916476726532,-3.646554470062256,-2.0578625202178955,1030
-0.1411731243133545,0.0,0.0,0.06330928206443787,-0.40695464611053467,-0.018566805869340897,-0.0006523281335830688,0.0,-0.42797133326530457,0.0,0.0018958442378789186,0.0,0.0,0.0,0.0,-0.7052842974662781,-0.001577222254127264,1248,1,time,0.0,0.024248898029327393,-3.694836378097534,-2.0578625202178955,1030
-0.1411731243133545,0.0,0.0,0.06330928206443787,-0.39958634972572327,-0.025935113430023193,-0.0006523281335830688,0.0,-0.42797133326530457,0.0,0.0018958442378789186,0.0,0.0,0.0,0.0,-0.7052842974662781,-0.001577222254127264,1249,1,time,0.0,0.024248898029327393,-3.694836378097534,-2.0578625202178955,1030
-0.1411731243133545,0.0,0.0,0.06330928206443787,-0.39958634972572327,-0.025935113430023193,-0.0006523281335830688,0.0,-0.42797133326530457,0.0,0.0018958442378789186,0.0,0.0,0.0,0.0,-0.7052842974662781,-0.001577222254127264,1250,1,time,0.0,0.024248898029327393,-3.694836378097534,-2.0578625202178955,1030
-0.1411731243133545,0.0,0.0,0.06330928206443787,-0.39958634972572327,-0.025935113430023193,-0.0006523281335830688,0.0,-0.42797133326530457,0.0,0.0018958442378789186,0.0,0.0,0.0,0.0,-0.7052842974662781,-0.001577222254127264,1251,1,time,0.0,0.024248898029327393,-3.694836378097534,-2.0578625202178955,1030
-0.13081632554531097,0.0,0.0,0.06330928206443787,-0.4366440176963806,0.08805502951145172,-0.003327462822198868,0.0,-0.4966679811477661,0.0,0.0018958442378789186,0.0,0.0,0.0,0.0,-0.7052842974662781,-0.001577222254127264,1252,1,time,0.0,0.024628382176160812,-3.6789190769195557,-2.0578625202178955,1030
-0.13081632554531097,0.0,0.0,0.06330928206443787,-0.47431057691574097,0.08805502951145172,-0.006318133324384689,0.0,-0.4966679811477661,0.0,0.0018958442378789186,0.0,0.0,0.0,0.0,-0.7052842974662781,-0.001577222254127264,1253,1,time,0.0,0.023670366033911705,-3.719576358795166,-2.0578625202178955,1030
-0.13081632554531097,0.0,0.0,0.06330928206443787,-0.47431057691574097,0.08805502951145172,-0.006318133324384689,0.0,-0.4966679811477661,0.0,0.0018958442378789186,0.0,0.0,0.0,0.0,-0.7052842974662781,-0.001577222254127264,1254,1,time,0.0,0.023670366033911705,-3.719576358795166,-2.0578625202178955,1030
-0.1411731243133545,0.0,0.0,0.06330928206443787,-0.47431057691574097,-0.018566805869340897,-0.006318133324384689,0.0,-0.42797133326530457,0.0,0.0018958442378789186,0.0,0.0,0.0,0.0,-0.7052842974662781,-0.001577222254127264,1255,1,time,0.0,0.0225798599421978,-3.7678582668304443,-2.0578625202178955,1030
-0.13081632554531097,0.0,0.0,0.06330928206443787,-0.4366440176963806,0.08805502951145172,-0.003327462822198868,0.0,-0.4966679811477661,0.0,0.0018958442378789186,0.0,0.0,0.0,0.0,-0.7052842974662781,-0.001577222254127264,1256,1,time,0.0,0.024628382176160812,-3.6789190769195557,-2.0578625202178955,1030
-0.1411731243133545,0.0,0.0,0.06330928206443787,-0.4292757213115692,-0.025935113430023193,-0.003327462822198868,0.0,-0.42797133326530457,0.0,0.0018958442378789186,0.0,0.0,0.0,0.0,-0.7052842974662781,-0.001577222254127264,1257,1,time,0.0,0.023494798690080643,-3.727200984954834,-2.0578625202178955,1030
-0.13081632554531097,0.0,0.0,0.06330928206443787,-0.47431057691574097,0.08805502951145172,-0.006318133324384689,0.0,-0.4966679811477661,0.0,0.0018958442378789186,0.0,0.0,0.0,0.0,-0.7052842974662781,-0.001577222254127264,1258,1,time,0.0,0.023670366033911705,-3.719576358795166,-2.0578625202178955,1030
-0.1411731243133545,0.0,0.0,0.06330928206443787,-0.46694228053092957,-0.025935113430023193,-0.006318133324384689,0.0,-0.42797133326530457,0.0,0.0018958442378789186,0.0,0.0,0.0,0.0,-0.7052842974662781,-0.001577222254127264,1259,1,time,0.0,0.0225798599421978,-3.7678582668304443,-2.0578625202178955,1030
-0.1411731243133545,0.0,0.0,0.06330928206443787,-0.39958634972572327,-0.025935113430023193,-0.0006523281335830688,0.0,-0.42797133326530457,0.0,0.0018958442378789186,0.0,0.0,0.0,0.0,-0.7052842974662781,-0.001577222254127264,1260,1,time,0.0,0.024248898029327393,-3.694836378097534,-2.0578625202178955,1030
-0.1411731243133545,0.0,0.0,0.06330928206443787,-0.334417462348938,-0.025935113430023193,-0.01915077492594719,0.0,-0.3604521155357361,0.0,0.0018958442378789186,0.0,0.0,0.0,0.0,-0.6822266578674316,-0.001577222254127264,1261,1,time,0.0,0.02771732211112976,-3.557589054107666,-2.0578625202178955,1030
-0.1411731243133545,0.0,0.0,0.06330928206443787,-0.39958634972572327,-0.025935113430023193,-0.0006523281335830688,0.0,-0.42797133326530457,0.0,0.0018958442378789186,0.0,0.0,0.0,0.0,-0.7052842974662781,-0.001577222254127264,1262,1,time,0.0,0.024248898029327393,-3.694836378097534,-2.0578625202178955,1030
-0.17707329988479614,0.0,0.0,0.0691424086689949,-0.5412426590919495,-0.018566805869340897,0.0014655441045761108,0.0,-0.45800676941871643,0.0,0.0018958442378789186,0.0,0.0,0.0,0.0,0.1409027874469757,-0.001577222254127264,1263,1,time,0.0,0.04561099037528038,-3.0409226417541504,-2.0578625202178955,1030
-0.13533103466033936,0.0,0.0,0.06330928206443787,-0.4256332218647003,-0.04688013345003128,0.0297999270260334,0.0,0.3521180748939514,0.0,0.0018958442378789186,0.0,0.0,0.0,0.0,-0.7974050045013428,-0.001577222254127264,1264,1,time,0.0,0.0466386117041111,-3.0175652503967285,-2.0578625202178955,1030
-0.1411731243133545,0.0,0.0,0.06330928206443787,-0.334417462348938,-0.025935113430023193,-0.01915077492594719,0.0,-0.3604521155357361,0.0,0.0018958442378789186,0.0,0.0,0.0,0.0,-0.6822266578674316,-0.001577222254127264,1265,1,time,0.0,0.02771732211112976,-3.557589054107666,-2.0578625202178955,1030
-0.1411731243133545,0.0,0.0,0.06330928206443787,-0.39958634972572327,-0.025935113430023193,-0.0006523281335830688,0.0,-0.42797133326530457,0.0,0.0018958442378789186,0.0,0.0,0.0,0.0,-0.7052842974662781,-0.001577222254127264,1266,1,time,0.0,0.024248898029327393,-3.694836378097534,-2.0578625202178955,1030
-0.1411731243133545,0.0,0.0,0.06330928206443787,-0.39958634972572327,-0.025935113430023193,-0.0006523281335830688,0.0,-0.42797133326530457,0.0,0.0018958442378789186,0.0,0.0,0.0,0.0,-0.7052842974662781,-0.001577222254127264,1267,1,time,0.0,0.024248898029327393,-3.694836378097534,-2.0578625202178955,1030
-0.16671650111675262,0.0,0.0,0.0691424086689949,-0.473886638879776,0.08805502951145172,0.007131356280297041,0.0,-0.5267033576965332,0.0,0.0018958442378789186,0.0,0.0,0.0,0.0,0.1409027874469757,-0.001577222254127264,1268,1,time,0.0,0.05119221284985542,-2.919618844985962,-2.0578625202178955,1030
-0.1411731243133545,0.0,0.0,0.06330928206443787,-0.3965100944042206,-0.025935113430023193,0.12276242673397064,0.0,-0.3753882050514221,0.0,0.0018958442378789186,0.0,0.0,0.0,0.0,-0.7052842974662781,-0.001577222254127264,1269,1,time,0.0,0.028867056593298912,-3.5157623291015625,-2.0578625202178955,1030
-0.17707329988479614,0.0,0.0,0.0691424086689949,-0.45659366250038147,-0.018566805869340897,0.007131356280297041,0.0,-0.45800676941871643,0.0,0.0018958442378789186,0.0,0.0,0.0,0.0,0.17656390368938446,-0.001577222254127264,1270,1,time,0.0,0.05141960456967354,-2.914947032928467,-2.0578625202178955,1030
-0.13081632554531097,0.0,0.0,0.06330928206443787,-0.40695464611053467,0.01935844123363495,-0.0006523281335830688,0.0,-0.42797133326530457,0.0,0.0018958442378789186,0.0,0.0,0.0,0.0,-0.7052842974662781,-0.001577222254127264,1271,1,time,0.0,0.025417916476726532,-3.646554470062256,-2.0578625202178955,1030
-0.13081632554531097,0.0,0.0,0.06330928206443787,-0.40695464611053467,0.08805502951145172,-0.0006523281335830688,0.0,-0.4966679811477661,0.0,0.0018958442378789186,0.0,0.0,0.0,0.0,-0.7052842974662781,-0.001577222254127264,1272,1,time,0.0,0.025417916476726532,-3.646554470062256,-2.0578625202178955,1030
-0.171231210231781,0.0,0.0,0.0691424086689949,-0.42520925402641296,-0.04688013345003128,0.04324941337108612,0.0,0.36647433042526245,0.0,0.0018958442378789186,0.0,0.0,0.0,0.0,0.09317367523908615,-0.001577222254127264,1273,1,time,0.0,0.10632659494876862,-2.1288249492645264,-2.0578625202178955,1030
-0.13081632554531097,0.0,0.0,0.06330928206443787,-0.40695464611053467,0.08805502951145172,-0.0006523281335830688,0.0,-0.4966679811477661,0.0,0.0018958442378789186,0.0,0.0,0.0,0.0,-0.7052842974662781,-0.001577222254127264,1274,1,time,0.0,0.025417916476726532,-3.646554470062256,-2.0578625202178955,1030
-0.13081632554531097,0.0,0.0,0.06330928206443787,-0.40695464611053467,0.08805502951145172,-0.0006523281335830688,0.0,-0.4966679811477661,0.0,0.0018958442378789186,0.0,0.0,0.0,0.0,-0.7052842974662781,-0.001577222254127264,1275,1,time,0.0,0.025417916476726532,-3.646554470062256,-2.0578625202178955,1030
-0.13533103466033936,0.0,0.0,0.06330928206443787,-0.36564555764198303,-0.03951181843876839,0.03546573594212532,0.0,0.3521180748939514,0.0,0.0018958442378789186,0.0,0.0,0.0,0.0,-0.7974050045013428,-0.001577222254127264,1276,1,time,0.0,0.04999504238367081,-2.9445433616638184,-2.0578625202178955,1030
-0.17707329988479614,0.0,0.0,-0.04375539347529411,-0.5277001261711121,-0.025935113430023193,0.007131356280297041,0.0,-0.45800676941871643,0.0,0.0018958442378789186,0.0,0.0,0.0,0.0,0.1409027874469757,-0.001577222254127264,1277,1,time,0.0,0.04140844568610191,-3.1419801712036133,-2.0578625202178955,1030
-0.1411731243133545,0.0,0.0,0.06330928206443787,-0.39958634972572327,-0.025935113430023193,-0.0006523281335830688,0.0,-0.42797133326530457,0.0,0.0018958442378789186,0.0,0.0,0.0,0.0,-0.7052842974662781,-0.001577222254127264,1278,1,time,0.0,0.024248898029327393,-3.694836378097534,-2.0578625202178955,1030
-0.17707329988479614,0.0,0.0,0.0691424086689949,-0.4461553692817688,-0.025935113430023193,0.007131356280297041,0.0,-0.5274133682250977,0.0,0.0018958442378789186,0.0,0.0,0.0,0.0,0.2459704726934433,0.013230687007308006,1279,1,time,0.0,0.052298642694950104,-2.897068977355957,-2.0578625202178955,1030
-0.13587135076522827,0.0,0.0,-0.008939114399254322,-0.19790427386760712,-0.025935113430023193,-0.08296206593513489,0.0,-0.3604521155357361,0.0,0.004514425061643124,0.0,0.0,0.0,0.0,-0.6767275929450989,-0.001577222254127264,1280,1,time,0.0,0.02809363417327404,-3.5437164306640625,-2.0578625202178955,1030
-0.1411731243133545,0.0,0.0,-0.04958852007985115,-0.4607681334018707,-0.025935113430023193,-0.0006523281335830688,0.0,-0.42797133326530457,0.0,0.0018958442378789186,0.0,0.0,0.0,0.0,-0.7052842974662781,-0.001577222254127264,1281,1,time,0.0,0.02045389823615551,-3.8689157962799072,-2.0578625202178955,1030
-0.1411731243133545,0.0,0.0,0.06330928206443787,-0.39958634972572327,-0.025935113430023193,-0.0006523281335830688,0.0,-0.42797133326530457,0.0,0.0018958442378789186,0.0,0.0,0.0,0.0,-0.7052842974662781,-0.001577222254127264,1282,1,time,0.0,0.024248898029327393,-3.694836378097534,-2.0578625202178955,1030
-0.13081632554531097,0.0,0.0,0.06330928206443787,-0.40695464611053467,0.08805502951145172,-0.0006523281335830688,0.0,-0.4966679811477661,0.0,0.0018958442378789186,0.0,0.0,0.0,0.0,-0.7052842974662781,-0.001577222254127264,1283,1,time,0.0,0.025417916476726532,-3.646554470062256,-2.0578625202178955,1030
-0.1411731243133545,0.0,0.0,0.06330928206443787,-0.3965100944042206,-0.025935113430023193,0.08476869761943817,0.0,-0.3604521155357361,0.0,0.0018958442378789186,0.0,0.0,0.0,0.0,-0.6822266578674316,-0.001577222254127264,1284,1,time,0.0,0.028867056593298912,-3.5157623291015625,-2.0578625202178955,1030
-0.1411731243133545,0.0,0.0,0.06330928206443787,-0.39958634972572327,-0.025935113430023193,-0.0006523281335830688,0.0,-0.42797133326530457,0.0,0.0018958442378789186,0.0,0.0,0.0,0.0,-0.7052842974662781,-0.001577222254127264,1285,1,time,0.0,0.024248898029327393,-3.694836378097534,-2.0578625202178955,1030
-0.1411731243133545,0.0,0.0,0.06330928206443787,-0.39958634972572327,-0.025935113430023193,-0.0006523281335830688,0.0,-0.42797133326530457,0.0,0.0018958442378789186,0.0,0.0,0.0,0.0,-0.7052842974662781,-0.001577222254127264,1286,1,time,0.0,0.024248898029327393,-3.694836378097534,-2.0578625202178955,1030
-0.1411731243133545,0.0,0.0,0.06330928206443787,-0.39958634972572327,-0.025935113430023193,-0.0006523281335830688,0.0,-0.42797133326530457,0.0,0.0018958442378789186,0.0,0.0,0.0,0.0,-0.7052842974662781,-0.001577222254127264,1287,1,time,0.0,0.024248898029327393,-3.694836378097534,-2.0578625202178955,1030
-0.13081632554531097,0.0,0.0,0.06330928206443787,-0.40695464611053467,0.01935844123363495,-0.0006523281335830688,0.0,-0.42797133326530457,0.0,0.0018958442378789186,0.0,0.0,0.0,0.0,-0.7052842974662781,-0.001577222254127264,1288,1,time,0.0,0.025417916476726532,-3.646554470062256,-2.0578625202178955,1030
-0.13081632554531097,0.0,0.0,0.06330928206443787,-0.40695464611053467,0.08805502951145172,-0.0006523281335830688,0.0,-0.4966679811477661,0.0,0.0018958442378789186,0.0,0.0,0.0,0.0,-0.7052842974662781,-0.001577222254127264,1289,1,time,0.0,0.025417916476726532,-3.646554470062256,-2.0578625202178955,1030
-0.13587135076522827,0.0,0.0,0.023301193490624428,-0.22376228868961334,-0.025935113430023193,-0.08296206593513489,0.0,-0.3604521155357361,0.0,0.004514425061643124,0.0,0.0,0.0,0.0,-0.6831098794937134,-0.001577222254127264,1290,1,time,0.0,0.02809363417327404,-3.5437164306640625,-2.0578625202178955,1030
-0.13587135076522827,0.0,0.0,0.023301193490624428,-0.22376228868961334,-0.025935113430023193,-0.08296206593513489,0.0,-0.3604521155357361,0.0,0.004514425061643124,0.0,0.0,0.0,0.0,-0.6831098794937134,-0.001577222254127264,1291,1,time,0.0,0.02809363417327404,-3.5437164306640625,-2.0578625202178955,1030
-0.171231210231781,0.0,0.0,-0.04375539347529411,-0.48639100790023804,-0.04688013345003128,0.04324941337108612,0.0,0.36647433042526245,0.0,0.0018958442378789186,0.0,0.0,0.0,0.0,0.09317367523908615,-0.001577222254127264,1292,1,time,0.0,0.09088271111249924,-2.3029043674468994,-2.0578625202178955,1030
-0.13587135076522827,0.0,0.0,0.023301193490624428,-0.22376228868961334,-0.025935113430023193,-0.08296206593513489,0.0,-0.3604521155357361,0.0,0.004514425061643124,0.0,0.0,0.0,0.0,-0.6831098794937134,-0.001577222254127264,1293,1,time,0.0,0.02809363417327404,-3.5437164306640625,-2.0578625202178955,1030
-0.1411731243133545,0.0,0.0,-0.04958852007985115,-0.4607681334018707,-0.025935113430023193,-0.0006523281335830688,0.0,-0.42797133326530457,0.0,0.0018958442378789186,0.0,0.0,0.0,0.0,-0.7052842974662781,-0.001577222254127264,1294,1,time,0.0,0.02045389823615551,-3.8689157962799072,-2.0578625202178955,1030
-0.13587135076522827,0.0,0.0,0.023301193490624428,-0.22376228868961334,-0.025935113430023193,-0.08296206593513489,0.0,-0.3604521155357361,0.0,0.004514425061643124,0.0,0.0,0.0,0.0,-0.6831098794937134,-0.001577222254127264,1295,1,time,0.0,0.02809363417327404,-3.5437164306640625,-2.0578625202178955,1030
-0.13587135076522827,0.0,0.0,-0.002556821797043085,-0.19790427386760712,-0.025935113430023193,-0.08296206593513489,0.0,-0.3604521155357361,0.0,0.004514425061643124,0.0,0.0,0.0,0.0,-0.6831098794937134,-0.001577222254127264,1296,1,time,0.0,0.02809363417327404,-3.5437164306640625,-2.0578625202178955,1030
-0.1594926416873932,0.0,0.0,-0.010550480335950851,-0.2541327476501465,-0.025935113430023193,-0.10344965755939484,0.0,-0.4598941206932068,0.0,0.004514425061643124,0.0,0.0,0.0,0.0,0.2821289598941803,0.013230687007308006,1297,1,time,0.0,0.058886997401714325,-2.7714428901672363,-2.0578625202178955,1030
-0.13587135076522827,0.0,0.0,0.023301193490624428,-0.22376228868961334,-0.025935113430023193,-0.08296206593513489,0.0,-0.3604521155357361,0.0,0.004514425061643124,0.0,0.0,0.0,0.0,-0.6831098794937134,-0.001577222254127264,1298,1,time,0.0,0.02809363417327404,-3.5437164306640625,-2.0578625202178955,1030
-0.1608744114637375,0.0,0.0,0.0691424086689949,-0.43257755041122437,-0.0015865731984376907,0.04324941337108612,0.0,0.36647433042526245,0.0,0.0018958442378789186,0.0,0.0,0.0,0.0,0.09317367523908615,-0.001577222254127264,1299,1,time,0.0,0.1110023707151413,-2.080543041229248,-2.0578625202178955,1030
-0.1411731243133545,0.0,0.0,0.06330928206443787,-0.40695464611053467,-0.018566805869340897,-0.0006523281335830688,0.0,-0.42797133326530457,0.0,0.0018958442378789186,0.0,0.0,0.0,0.0,-0.7052842974662781,-0.001577222254127264,1300,1,time,0.0,0.024248898029327393,-3.694836378097534,-2.0578625202178955,1030
-0.13587135076522827,0.0,0.0,0.023301193490624428,-0.22376228868961334,-0.025935113430023193,-0.08296206593513489,0.0,-0.3604521155357361,0.0,0.004514425061643124,0.0,0.0,0.0,0.0,-0.6831098794937134,-0.001577222254127264,1301,1,time,0.0,0.02809363417327404,-3.5437164306640625,-2.0578625202178955,1030
-0.13587135076522827,0.0,0.0,0.023301193490624428,-0.22376228868961334,-0.025935113430023193,-0.08296206593513489,0.0,-0.3604521155357361,0.0,0.004514425061643124,0.0,0.0,0.0,0.0,-0.6831098794937134,-0.001577222254127264,1302,1,time,0.0,0.02809363417327404,-3.5437164306640625,-2.0578625202178955,1030
-0.1411731243133545,0.0,0.0,-0.002556821797043085,-0.19368748366832733,-0.025935113430023193,0.030106831341981888,0.0,-0.42797133326530457,0.0,0.004514425061643124,0.0,0.0,0.0,0.0,-0.706167459487915,-0.001577222254127264,1303,1,time,0.0,0.028684090822935104,-3.5223090648651123,-2.0578625202178955,1030
-0.13587135076522827,0.0,0.0,0.023301193490624428,-0.22376228868961334,-0.025935113430023193,-0.08296206593513489,0.0,-0.3604521155357361,0.0,0.004514425061643124,0.0,0.0,0.0,0.0,-0.6831098794937134,-0.001577222254127264,1304,1,time,0.0,0.02809363417327404,-3.5437164306640625,-2.0578625202178955,1030
-0.1411731243133545,0.0,0.0,0.06330928206443787,-0.39958634972572327,-0.025935113430023193,-0.0006523281335830688,0.0,-0.42797133326530457,0.0,0.0018958442378789186,0.0,0.0,0.0,0.0,-0.7052842974662781,-0.001577222254127264,1305,1,time,0.0,0.024248898029327393,-3.694836378097534,-2.0578625202178955,1030
-0.13587135076522827,0.0,0.0,0.023301193490624428,-0.22376228868961334,-0.025935113430023193,-0.08296206593513489,0.0,-0.3604521155357361,0.0,0.004514425061643124,0.0,0.0,0.0,0.0,-0.6831098794937134,-0.001577222254127264,1306,1,time,0.0,0.02809363417327404,-3.5437164306640625,-2.0578625202178955,1030
-0.13587135076522827,0.0,0.0,0.023301193490624428,-0.22376228868961334,-0.025935113430023193,-0.08296206593513489,0.0,-0.3604521155357361,0.0,0.004514425061643124,0.0,0.0,0.0,0.0,-0.6831098794937134,-0.001577222254127264,1307,1,time,0.0,0.02809363417327404,-3.5437164306640625,-2.0578625202178955,1030
-0.13587135076522827,0.0,0.0,0.023301193490624428,-0.22376228868961334,-0.025935113430023193,-0.08296206593513489,0.0,-0.3604521155357361,0.0,0.004514425061643124,0.0,0.0,0.0,0.0,-0.6831098794937134,-0.001577222254127264,1308,1,time,0.0,0.02809363417327404,-3.5437164306640625,-2.0578625202178955,1030
-0.1411731243133545,0.0,0.0,0.023301193490624428,-0.21646921336650848,-0.025935113430023193,0.1535215675830841,0.0,-0.3753882050514221,0.0,0.004514425061643124,0.0,0.0,0.0,0.0,-0.706167459487915,-0.001577222254127264,1309,1,time,0.0,0.03411739319562912,-3.3432350158691406,-2.0578625202178955,1030
-0.1411731243133545,0.0,0.0,0.06330928206443787,-0.39958634972572327,-0.025935113430023193,-0.0006523281335830688,0.0,-0.42797133326530457,0.0,0.0018958442378789186,0.0,0.0,0.0,0.0,-0.7052842974662781,-0.001577222254127264,1310,1,time,0.0,0.024248898029327393,-3.694836378097534,-2.0578625202178955,1030
-0.1411731243133545,0.0,0.0,0.06330928206443787,-0.40695464611053467,-0.018566805869340897,-0.0006523281335830688,0.0,-0.42797133326530457,0.0,0.0018958442378789186,0.0,0.0,0.0,0.0,-0.7052842974662781,-0.001577222254127264,1311,1,time,0.0,0.024248898029327393,-3.694836378097534,-2.0578625202178955,1030
-0.13081632554531097,0.0,0.0,0.06330928206443787,-0.40695464611053467,0.08805502951145172,-0.0006523281335830688,0.0,-0.4966679811477661,0.0,0.0018958442378789186,0.0,0.0,0.0,0.0,-0.7052842974662781,-0.001577222254127264,1312,1,time,0.0,0.025417916476726532,-3.646554470062256,-2.0578625202178955,1030
-0.13081632554531097,0.0,0.0,0.06330928206443787,-0.40695464611053467,0.08805502951145172,-0.0006523281335830688,0.0,-0.4966679811477661,0.0,0.0018958442378789186,0.0,0.0,0.0,0.0,-0.7052842974662781,-0.001577222254127264,1313,1,time,0.0,0.025417916476726532,-3.646554470062256,-2.0578625202178955,1030
-0.1411731243133545,0.0,0.0,0.06330928206443787,-0.40695464611053467,-0.018566805869340897,-0.0006523281335830688,0.0,-0.42797133326530457,0.0,0.0018958442378789186,0.0,0.0,0.0,0.0,-0.7052842974662781,-0.001577222254127264,1314,1,time,0.0,0.024248898029327393,-3.694836378097534,-2.0578625202178955,1030
-0.1411731243133545,0.0,0.0,0.023301193490624428,-0.21954546868801117,-0.025935113430023193,0.13888294994831085,0.0,-0.3753882050514221,0.0,0.004514425061643124,0.0,0.0,0.0,0.0,-0.706167459487915,-0.001577222254127264,1315,1,time,0.0,0.03353842347860336,-3.360949754714966,-2.0578625202178955,1030
-0.13587135076522827,0.0,0.0,0.023301193490624428,-0.22376228868961334,-0.025935113430023193,-0.08296206593513489,0.0,-0.3604521155357361,0.0,0.004514425061643124,0.0,0.0,0.0,0.0,-0.6831098794937134,-0.001577222254127264,1316,1,time,0.0,0.02809363417327404,-3.5437164306640625,-2.0578625202178955,1030
-0.17177152633666992,0.0,0.0,-0.010550480335950851,-0.24801871180534363,-0.025935113430023193,-0.10344965755939484,0.0,-0.39048755168914795,0.0,0.004514425061643124,0.0,0.0,0.0,0.0,0.15056128799915314,-0.001577222254127264,1317,1,time,0.0,0.05444521829485893,-2.854576826095581,-2.0578625202178955,1030
-0.14830487966537476,0.0,0.0,0.0032763038761913776,0.027773793786764145,-0.029502421617507935,-0.10344965755939484,0.0,-0.5048637390136719,0.0,0.004514425061643124,0.0,0.0,0.0,0.0,0.394130140542984,0.013230687007308006,1318,1,time,0.0,0.08309201896190643,-2.4010584354400635,-2.0578625202178955,1030
-0.13587135076522827,0.0,0.0,-0.002556821797043085,-0.19790427386760712,-0.025935113430023193,-0.08296206593513489,0.0,-0.3604521155357361,0.0,0.004514425061643124,0.0,0.0,0.0,0.0,-0.6831098794937134,-0.001577222254127264,1319,1,time,0.0,0.02809363417327404,-3.5437164306640625,-2.0578625202178955,1030
-0.13587135076522827,0.0,0.0,0.023301193490624428,-0.22376228868961334,-0.025935113430023193,-0.08296206593513489,0.0,-0.3604521155357361,0.0,0.004514425061643124,0.0,0.0,0.0,0.0,-0.6831098794937134,-0.001577222254127264,1320,1,time,0.0,0.02809363417327404,-3.5437164306640625,-2.0578625202178955,1030
-0.1411731243133545,0.0,0.0,0.06330928206443787,-0.39958634972572327,-0.025935113430023193,-0.0006523281335830688,0.0,-0.42797133326530457,0.0,0.0018958442378789186,0.0,0.0,0.0,0.0,-0.7052842974662781,-0.001577222254127264,1321,1,time,0.0,0.024248898029327393,-3.694836378097534,-2.0578625202178955,1030
-0.1411731243133545,0.0,0.0,0.06330928206443787,-0.39958634972572327,-0.025935113430023193,-0.0006523281335830688,0.0,-0.42797133326530457,0.0,0.0018958442378789186,0.0,0.0,0.0,0.0,-0.7052842974662781,-0.001577222254127264,1322,1,time,0.0,0.024248898029327393,-3.694836378097534,-2.0578625202178955,1030
-0.13587135076522827,0.0,0.0,-0.002556821797043085,-0.19790427386760712,-0.025935113430023193,-0.08296206593513489,0.0,-0.3604521155357361,0.0,0.004514425061643124,0.0,0.0,0.0,0.0,-0.6831098794937134,-0.001577222254127264,1323,1,time,0.0,0.02809363417327404,-3.5437164306640625,-2.0578625202178955,1030
-0.13587135076522827,0.0,0.0,-0.002556821797043085,-0.19790427386760712,-0.025935113430023193,-0.08296206593513489,0.0,-0.3604521155357361,0.0,0.004514425061643124,0.0,0.0,0.0,0.0,-0.6831098794937134,-0.001577222254127264,1324,1,time,0.0,0.02809363417327404,-3.5437164306640625,-2.0578625202178955,1030
-0.13587135076522827,0.0,0.0,-0.002556821797043085,-0.19790427386760712,-0.025935113430023193,-0.08296206593513489,0.0,-0.3604521155357361,0.0,0.004514425061643124,0.0,0.0,0.0,0.0,-0.6831098794937134,-0.001577222254127264,1325,1,time,0.0,0.02809363417327404,-3.5437164306640625,-2.0578625202178955,1030
-0.17707329988479614,0.0,0.0,0.0691424086689949,-0.44922536611557007,-0.025935113430023193,0.007131356280297041,0.0,-0.45800676941871643,0.0,0.0018958442378789186,0.0,0.0,0.0,0.0,0.17656390368938446,-0.001577222254127264,1326,1,time,0.0,0.05141960456967354,-2.914947032928467,-2.0578625202178955,1030
-0.13002926111221313,0.0,0.0,-0.002556821797043085,-0.1565951555967331,-0.04688013345003128,-0.15274924039840698,0.0,0.3137320280075073,0.0,0.004514425061643124,0.0,0.0,0.0,0.0,-0.7752305865287781,-0.001577222254127264,1327,1,time,0.0,0.04718997702002525,-3.0052340030670166,-2.0578625202178955,1030
-0.1422290802001953,0.0,0.0,-0.008939114399254322,-0.04407857730984688,-0.029502421617507935,-0.08296206593513489,0.0,-0.40542173385620117,0.0,0.004514425061643124,0.0,0.0,0.0,0.0,-0.7620297074317932,-0.001577222254127264,1328,1,time,0.0,0.028468167409300804,-3.530087471008301,-2.0578625202178955,1030
-0.13587135076522827,0.0,0.0,-0.002556821797043085,-0.19790427386760712,-0.025935113430023193,-0.08296206593513489,0.0,-0.3604521155357361,0.0,0.004514425061643124,0.0,0.0,0.0,0.0,-0.6831098794937134,-0.001577222254127264,1329,1,time,0.0,0.02809363417327404,-3.5437164306640625,-2.0578625202178955,1030
-0.17707329988479614,0.0,0.0,0.0691424086689949,-0.4430791139602661,-0.025935113430023193,0.13054612278938293,0.0,-0.405423641204834,0.0,0.0018958442378789186,0.0,0.0,0.0,0.0,0.17656390368938446,0.013230687007308006,1330,1,time,0.0,0.06191983446478844,-2.7179949283599854,-2.0578625202178955,1030
-0.1411731243133545,0.0,0.0,0.06330928206443787,-0.39958634972572327,-0.025935113430023193,-0.0006523281335830688,0.0,-0.42797133326530457,0.0,0.0018958442378789186,0.0,0.0,0.0,0.0,-0.7052842974662781,-0.001577222254127264,1331,1,time,0.0,0.024248898029327393,-3.694836378097534,-2.0578625202178955,1030
-0.1411731243133545,0.0,0.0,0.023301193490624428,-0.21954546868801117,-0.025935113430023193,0.030106831341981888,0.0,-0.42797133326530457,0.0,0.004514425061643124,0.0,0.0,0.0,0.0,-0.706167459487915,-0.001577222254127264,1332,1,time,0.0,0.028684090822935104,-3.5223090648651123,-2.0578625202178955,1030
-0.13081632554531097,0.0,0.0,0.023301193490624428,-0.22383753955364227,0.01935844123363495,0.1535215675830841,0.0,-0.3753882050514221,0.0,0.004514425061643124,0.0,0.0,0.0,0.0,-0.706167459487915,-0.001577222254127264,1333,1,time,0.0,0.03574473410844803,-3.2949531078338623,-2.0578625202178955,1030
-0.1411731243133545,0.0,0.0,-0.04958852007985115,-0.3955991864204407,-0.025935113430023193,-0.01915077492594719,0.0,-0.3604521155357361,0.0,0.0018958442378789186,0.0,0.0,0.0,0.0,-0.6822266578674316,-0.001577222254127264,1334,1,time,0.0,0.02339252084493637,-3.731668472290039,-2.0578625202178955,1030
-0.1422290802001953,0.0,0.0,-0.002556821797043085,-0.0026303287595510483,-0.029502421617507935,-0.08296206593513489,0.0,-0.3942429721355438,0.0,0.004514425061643124,0.0,0.0,0.0,0.0,-0.7684119939804077,-0.001577222254127264,1335,1,time,0.0,0.029960399493575096,-3.4774603843688965,-2.0578625202178955,1030
-0.13587135076522827,0.0,0.0,0.023301193490624428,-0.22376228868961334,-0.025935113430023193,-0.08296206593513489,0.0,-0.3604521155357361,0.0,0.004514425061643124,0.0,0.0,0.0,0.0,-0.6831098794937134,-0.001577222254127264,1336,1,time,0.0,0.02809363417327404,-3.5437164306640625,-2.0578625202178955,1030
-0.17707329988479614,0.0,0.0,0.0691424086689949,-0.44922536611557007,-0.025935113430023193,0.007131356280297041,0.0,-0.45800676941871643,0.0,0.0018958442378789186,0.0,0.0,0.0,0.0,0.17656390368938446,-0.001577222254127264,1337,1,time,0.0,0.05141960456967354,-2.914947032928467,-2.0578625202178955,1030
-0.1411731243133545,0.0,0.0,0.06330928206443787,-0.39958634972572327,-0.025935113430023193,-0.0006523281335830688,0.0,-0.42797133326530457,0.0,0.0018958442378789186,0.0,0.0,0.0,0.0,-0.7052842974662781,-0.001577222254127264,1338,1,time,0.0,0.024248898029327393,-3.694836378097534,-2.0578625202178955,1030
-0.16592943668365479,0.0,0.0,0.0032763038761913776,-0.2067096084356308,-0.04688013345003128,-0.17323681712150574,0.0,0.32808828353881836,0.0,0.004514425061643124,0.0,0.0,0.0,0.0,0.10389434546232224,-0.001577222254127264,1339,1,time,0.0,0.09864047169685364,-2.2124226093292236,-2.0578625202178955,1030
-0.13587135076522827,0.0,0.0,-0.002556821797043085,-0.19790427386760712,-0.025935113430023193,-0.08296206593513489,0.0,-0.3604521155357361,0.0,0.004514425061643124,0.0,0.0,0.0,0.0,-0.6831098794937134,-0.001577222254127264,1340,1,time,0.0,0.02809363417327404,-3.5437164306640625,-2.0578625202178955,1030
-0.1411731243133545,0.0,0.0,0.06330928206443787,-0.39958634972572327,-0.025935113430023193,-0.0006523281335830688,0.0,-0.42797133326530457,0.0,0.0018958442378789186,0.0,0.0,0.0,0.0,-0.7052842974662781,-0.001577222254127264,1341,1,time,0.0,0.024248898029327393,-3.694836378097534,-2.0578625202178955,1030
-0.13587135076522827,0.0,0.0,0.023301193490624428,-0.19436077773571014,-0.025935113430023193,0.030106831341981888,0.0,-0.42797133326530457,0.0,0.004514425061643124,0.0,0.0,0.0,0.0,-0.706167459487915,-0.001577222254127264,1342,1,time,0.0,0.029545798897743225,-3.4918227195739746,-2.0578625202178955,1030
-0.13587135076522827,0.0,0.0,-0.002556821797043085,-0.19790427386760712,-0.025935113430023193,-0.08296206593513489,0.0,-0.3604521155357361,0.0,0.004514425061643124,0.0,0.0,0.0,0.0,-0.6831098794937134,-0.001577222254127264,1343,1,time,0.0,0.02809363417327404,-3.5437164306640625,-2.0578625202178955,1030
-0.13002926111221313,0.0,0.0,0.023301193490624428,-0.18245317041873932,-0.04688013345003128,-0.15274924039840698,0.0,0.3137320280075073,0.0,0.004514425061643124,0.0,0.0,0.0,0.0,-0.7752305865287781,-0.001577222254127264,1344,1,time,0.0,0.04718997702002525,-3.0052340030670166,-2.0578625202178955,1030
-0.13610509037971497,0.0,0.0,0.0032763038761913776,-0.18164192140102386,-0.04688013345003128,-0.17323681712150574,0.0,0.3891778290271759,0.0,0.004514425061643124,0.0,0.0,0.0,0.0,0.4176535904407501,-0.0014862651005387306,1345,1,time,0.0,0.14398355782032013,-1.7825905084609985,-2.0578625202178955,1030
-0.13587135076522827,0.0,0.0,-0.002556821797043085,-0.19790427386760712,-0.025935113430023193,-0.08296206593513489,0.0,-0.3604521155357361,0.0,0.004514425061643124,0.0,0.0,0.0,0.0,-0.6831098794937134,-0.001577222254127264,1346,1,time,0.0,0.02809363417327404,-3.5437164306640625,-2.0578625202178955,1030
-0.1414068639278412,0.0,0.0,-0.04375539347529411,-0.4317700266838074,-0.04688013345003128,0.08598454296588898,0.0,0.3994673490524292,0.0,0.0018958442378789186,0.0,0.0,0.0,0.0,0.4334098994731903,-0.0014862651005387306,1347,1,time,0.0,0.14155876636505127,-1.8024033308029175,-2.0578625202178955,1030
-0.13587135076522827,0.0,0.0,0.023301193490624428,-0.19128452241420746,-0.025935113430023193,0.1535215675830841,0.0,-0.3753882050514221,0.0,0.004514425061643124,0.0,0.0,0.0,0.0,-0.706167459487915,-0.001577222254127264,1348,1,time,0.0,0.03513641282916069,-3.312748670578003,-2.0578625202178955,1030
-0.1411731243133545,0.0,0.0,0.023301193490624428,-0.22691379487514496,-0.018566805869340897,0.030106831341981888,0.0,-0.42797133326530457,0.0,0.004514425061643124,0.0,0.0,0.0,0.0,-0.706167459487915,-0.001577222254127264,1349,1,time,0.0,0.028684090822935104,-3.5223090648651123,-2.0578625202178955,1030
-0.13587135076522827,0.0,0.0,0.023301193490624428,-0.22376228868961334,-0.025935113430023193,-0.08296206593513489,0.0,-0.3604521155357361,0.0,0.004514425061643124,0.0,0.0,0.0,0.0,-0.6831098794937134,-0.001577222254127264,1350,1,time,0.0,0.02809363417327404,-3.5437164306640625,-2.0578625202178955,1030
-0.12551453709602356,0.0,0.0,0.023301193490624428,-0.19865284860134125,0.01935844123363495,0.1535215675830841,0.0,-0.3753882050514221,0.0,0.004514425061643124,0.0,0.0,0.0,0.0,-0.706167459487915,-0.001577222254127264,1351,1,time,0.0,0.036810509860515594,-3.2644667625427246,-2.0578625202178955,1030
-0.1422290802001953,0.0,0.0,-0.008939114399254322,-0.04407857730984688,-0.029502421617507935,-0.08296206593513489,0.0,-0.40542173385620117,0.0,0.004514425061643124,0.0,0.0,0.0,0.0,-0.7620297074317932,-0.001577222254127264,1352,1,time,0.0,0.028468167409300804,-3.530087471008301,-2.0578625202178955,1030
-0.13587135076522827,0.0,0.0,-0.002556821797043085,-0.19790427386760712,-0.025935113430023193,-0.08296206593513489,0.0,-0.3604521155357361,0.0,0.004514425061643124,0.0,0.0,0.0,0.0,-0.6831098794937134,-0.001577222254127264,1353,1,time,0.0,0.02809363417327404,-3.5437164306640625,-2.0578625202178955,1030
-0.1411731243133545,0.0,0.0,0.023301193490624428,-0.24894700944423676,-0.025935113430023193,-0.08296206593513489,0.0,-0.3604521155357361,0.0,0.004514425061643124,0.0,0.0,0.0,0.0,-0.6831098794937134,-0.001577222254127264,1354,1,time,0.0,0.027273092418909073,-3.5742027759552,-2.0578625202178955,1030
-0.13587135076522827,0.0,0.0,0.023301193490624428,-0.22376228868961334,-0.025935113430023193,-0.08296206593513489,0.0,-0.3604521155357361,0.0,0.004514425061643124,0.0,0.0,0.0,0.0,-0.6831098794937134,-0.001577222254127264,1355,1,time,0.0,0.02809363417327404,-3.5437164306640625,-2.0578625202178955,1030
-0.13587135076522827,0.0,0.0,-0.002556821797043085,-0.19790427386760712,-0.025935113430023193,-0.08296206593513489,0.0,-0.3604521155357361,0.0,0.004514425061643124,0.0,0.0,0.0,0.0,-0.6831098794937134,-0.001577222254127264,1356,1,time,0.0,0.02809363417327404,-3.5437164306640625,-2.0578625202178955,1030
-0.13587135076522827,0.0,0.0,0.023301193490624428,-0.19128452241420746,-0.025935113430023193,0.11552785336971283,0.0,-0.3604521155357361,0.0,0.004514425061643124,0.0,0.0,0.0,0.0,-0.6831098794937134,-0.001577222254127264,1357,1,time,0.0,0.03513641282916069,-3.312748670578003,-2.0578625202178955,1030
-0.13587135076522827,0.0,0.0,-0.002556821797043085,-0.19790427386760712,-0.025935113430023193,-0.08296206593513489,0.0,-0.3604521155357361,0.0,0.004514425061643124,0.0,0.0,0.0,0.0,-0.6831098794937134,-0.001577222254127264,1358,1,time,0.0,0.02809363417327404,-3.5437164306640625,-2.0578625202178955,1030
-0.1411731243133545,0.0,0.0,0.023301193490624428,-0.21954546868801117,-0.025935113430023193,0.030106831341981888,0.0,-0.42797133326530457,0.0,0.004514425061643124,0.0,0.0,0.0,0.0,-0.706167459487915,-0.001577222254127264,1359,1,time,0.0,0.028684090822935104,-3.5223090648651123,-2.0578625202178955,1030
-0.13587135076522827,0.0,0.0,0.023301193490624428,-0.22376228868961334,-0.025935113430023193,-0.08296206593513489,0.0,-0.3604521155357361,0.0,0.004514425061643124,0.0,0.0,0.0,0.0,-0.6831098794937134,-0.001577222254127264,1360,1,time,0.0,0.02809363417327404,-3.5437164306640625,-2.0578625202178955,1030
-0.13587135076522827,0.0,0.0,0.023301193490624428,-0.22376228868961334,-0.025935113430023193,-0.08296206593513489,0.0,-0.3604521155357361,0.0,0.004514425061643124,0.0,0.0,0.0,0.0,-0.6831098794937134,-0.001577222254127264,1361,1,time,0.0,0.02809363417327404,-3.5437164306640625,-2.0578625202178955,1030
-0.1411731243133545,0.0,0.0,0.06330928206443787,-0.39958634972572327,-0.025935113430023193,-0.0006523281335830688,0.0,-0.42797133326530457,0.0,0.0018958442378789186,0.0,0.0,0.0,0.0,-0.7052842974662781,-0.001577222254127264,1362,1,time,0.0,0.024248898029327393,-3.694836378097534,-2.0578625202178955,1030
-0.16592943668365479,0.0,0.0,0.0032763038761913776,0.16506560146808624,-0.05044743791222572,-0.17323681712150574,0.0,0.37934499979019165,0.0,0.004514425061643124,0.0,0.0,0.0,0.0,0.14667315781116486,-0.001577222254127264,1363,1,time,0.0,0.14802467823028564,-1.750178575515747,-2.0578625202178955,1030
-0.1422290802001953,0.0,0.0,-0.002556821797043085,-0.04407857730984688,-0.029502421617507935,-0.08296206593513489,0.0,-0.40542173385620117,0.0,0.004514425061643124,0.0,0.0,0.0,0.0,-0.7684119939804077,-0.001577222254127264,1364,1,time,0.0,0.028468167409300804,-3.530087471008301,-2.0578625202178955,1030
-0.13002926111221313,0.0,0.0,-0.002556821797043085,-0.1565951555967331,-0.04688013345003128,-0.15274924039840698,0.0,0.3137320280075073,0.0,0.004514425061643124,0.0,0.0,0.0,0.0,-0.7752305865287781,-0.001577222254127264,1365,1,time,0.0,0.04718997702002525,-3.0052340030670166,-2.0578625202178955,1030
-0.1422290802001953,0.0,0.0,-0.002556821797043085,-0.04407857730984688,-0.029502421617507935,-0.08296206593513489,0.0,-0.40542173385620117,0.0,0.004514425061643124,0.0,0.0,0.0,0.0,-0.7684119939804077,-0.001577222254127264,1366,1,time,1.0,0.028468167409300804,-3.530087471008301,-2.0578625202178955,1030
-0.08896627277135849,0.0,0.0,0.029134318232536316,-0.1779545396566391,-0.025935113430023193,0.1613052487373352,0.0,-0.4748302102088928,0.0,-0.014098906889557838,0.0,0.0,0.0,0.0,0.48802635073661804,-0.0014862651005387306,1367,1,time,0.0,0.10315336287021637,-2.162667989730835,-2.0578625202178955,1030
0.22608314454555511,0.0,0.0,0.023301193490624428,-0.21304617822170258,-0.0190577432513237,0.1535215675830841,0.0,-0.36681729555130005,0.0,0.004514425061643124,0.0,0.0,0.0,0.0,-0.6920958161354065,-0.001577222254127264,1368,1,time,0.0,0.05006669461727142,-2.943035840988159,-2.0578625202178955,1030
0.22608314454555511,0.0,0.0,0.023301193490624428,-0.21304617822170258,-0.0190577432513237,0.1535215675830841,0.0,-0.36681729555130005,0.0,0.004514425061643124,0.0,0.0,0.0,0.0,-0.6920958161354065,-0.001577222254127264,1369,1,time,0.0,0.05006669461727142,-2.943035840988159,-2.0578625202178955,1030
0.22608314454555511,0.0,0.0,0.023301193490624428,-0.24552397429943085,-0.0190577432513237,-0.08296206593513489,0.0,-0.35188114643096924,0.0,0.004514425061643124,0.0,0.0,0.0,0.0,-0.6690382361412048,-0.001577222254127264,1370,1,time,0.0,0.04015582054853439,-3.1740036010742188,-2.0578625202178955,1030
0.2789110541343689,0.0,0.0,0.029134318232536316,-0.29563841223716736,-0.0190577432513237,-0.10344965755939484,0.0,-0.3819165527820587,0.0,0.004514425061643124,0.0,0.0,0.0,0.0,0.25442320108413696,-0.001577222254127264,1371,1,time,0.0,0.09174444526433945,-2.2925188541412354,-2.0578625202178955,1030
0.22608314454555511,0.0,0.0,-0.002556821797043085,-0.07219794392585754,-0.022625049576163292,-0.08296206593513489,0.0,-0.3968507945537567,0.0,0.004514425061643124,0.0,0.0,0.0,0.0,-0.7543401718139648,-0.001577222254127264,1372,1,time,0.0,0.040684428066015244,-3.160374641418457,-2.0578625202178955,1030
0.22608314454555511,0.0,0.0,0.023301193490624428,-0.21304617822170258,-0.0190577432513237,0.1535215675830841,0.0,-0.36681729555130005,0.0,0.004514425061643124,0.0,0.0,0.0,0.0,-0.6920958161354065,-0.001577222254127264,1373,1,time,0.0,0.05006669461727142,-2.943035840988159,-2.0578625202178955,1030
0.22608314454555511,0.0,0.0,0.023301193490624428,-0.21304617822170258,-0.0190577432513237,0.1535215675830841,0.0,-0.36681729555130005,0.0,0.004514425061643124,0.0,0.0,0.0,0.0,-0.6920958161354065,-0.001577222254127264,1374,1,time,0.0,0.05006669461727142,-2.943035840988159,-2.0578625202178955,1030
0.22608314454555511,0.0,0.0,0.023301193490624428,-0.24552397429943085,-0.0190577432513237,-0.08296206593513489,0.0,-0.35188114643096924,0.0,0.004514425061643124,0.0,0.0,0.0,0.0,-0.6690382361412048,-0.001577222254127264,1375,1,time,0.0,0.04015582054853439,-3.1740036010742188,-2.0578625202178955,1030
0.22608314454555511,0.0,0.0,-0.002556821797043085,-0.21966592967510223,-0.0190577432513237,-0.08296206593513489,0.0,-0.35188114643096924,0.0,0.004514425061643124,0.0,0.0,0.0,0.0,-0.6690382361412048,-0.001577222254127264,1376,1,time,0.0,0.04015582054853439,-3.1740036010742188,-2.0578625202178955,1030
0.22608314454555511,0.0,0.0,-0.002556821797043085,-0.21966592967510223,-0.0190577432513237,-0.08296206593513489,0.0,-0.35188114643096924,0.0,0.004514425061643124,0.0,0.0,0.0,0.0,-0.6690382361412048,-0.001577222254127264,1377,1,time,0.0,0.04015582054853439,-3.1740036010742188,-2.0578625202178955,1030
0.23602457344532013,0.0,0.0,0.06330928206443787,-0.3409358561038971,-0.0190577432513237,-0.01915077492594719,0.0,-0.35188114643096924,0.0,0.0018958442378789186,0.0,0.0,0.0,0.0,-0.6681550741195679,-0.001577222254127264,1378,1,time,0.0,0.04080108180642128,-3.1573898792266846,-2.0578625202178955,1030
0.23602457344532013,0.0,0.0,0.06330928206443787,-0.3409358561038971,-0.0190577432513237,-0.01915077492594719,0.0,-0.35188114643096924,0.0,0.0018958442378789186,0.0,0.0,0.0,0.0,-0.6681550741195679,-0.001577222254127264,1379,1,time,1.0,0.04080108180642128,-3.1573898792266846,-2.0578625202178955,1030
0.24319612979888916,0.0,0.0,0.0032763038761913776,-0.2162773460149765,-0.0190577432513237,-0.10344965755939484,0.0,-0.4513232111930847,0.0,-0.014098906889557838,0.0,0.0,0.0,0.0,0.5631125569343567,-0.0014862651005387306,1380,1,time,0.0,0.1136518195271492,-2.0539703369140625,-2.0578625202178955,1030
0.22608314454555511,0.0,0.0,0.023301193490624428,-0.24552397429943085,-0.0190577432513237,-0.08296206593513489,0.0,-0.35188114643096924,0.0,0.004514425061643124,0.0,0.0,0.0,0.0,-0.6690382361412048,-0.001577222254127264,1381,1,time,0.0,0.04015582054853439,-3.1740036010742188,-2.0578625202178955,1030
0.22608314454555511,0.0,0.0,-0.002556821797043085,-0.21966592967510223,-0.0190577432513237,-0.08296206593513489,0.0,-0.35188114643096924,0.0,0.004514425061643124,0.0,0.0,0.0,0.0,-0.6690382361412048,-0.001577222254127264,1382,1,time,0.0,0.04015582054853439,-3.1740036010742188,-2.0578625202178955,1030
0.22608314454555511,0.0,0.0,0.023301193490624428,-0.24552397429943085,-0.0190577432513237,-0.08296206593513489,0.0,-0.35188114643096924,0.0,0.004514425061643124,0.0,0.0,0.0,0.0,-0.6690382361412048,-0.001577222254127264,1383,1,time,0.0,0.04015582054853439,-3.1740036010742188,-2.0578625202178955,1030
0.2122989296913147,0.0,0.0,0.023301193490624428,-0.22041450440883636,0.07079137861728668,0.1535215675830841,0.0,-0.4355139136314392,0.0,0.004514425061643124,0.0,0.0,0.0,0.0,-0.6920958161354065,-0.001577222254127264,1384,1,time,0.0,0.05006669461727142,-2.943035840988159,-2.0578625202178955,1030
0.22608314454555511,0.0,0.0,0.023301193490624428,-0.24552397429943085,-0.0190577432513237,-0.08296206593513489,0.0,-0.35188114643096924,0.0,0.004514425061643124,0.0,0.0,0.0,0.0,-0.6690382361412048,-0.001577222254127264,1385,1,time,0.0,0.04015582054853439,-3.1740036010742188,-2.0578625202178955,1030
0.23602457344532013,0.0,0.0,0.023301193490624428,-0.25546538829803467,-0.0190577432513237,-0.08296206593513489,0.0,-0.35188114643096924,0.0,0.004514425061643124,0.0,0.0,0.0,0.0,-0.6690382361412048,-0.001577222254127264,1386,1,time,0.0,0.04015582054853439,-3.1740036010742188,-2.0578625202178955,1030
0.26238521933555603,0.0,0.0,0.029134318232536316,-0.22492773830890656,-0.04000275582075119,0.07400856912136078,0.0,0.35267728567123413,0.0,0.004514425061643124,0.0,0.0,0.0,0.0,0.2119077742099762,-0.001577222254127264,1387,1,time,0.0,0.19944891333580017,-1.3897422552108765,-2.0578625202178955,1030
0.23602457344532013,0.0,0.0,0.06330928206443787,-0.4030285179615021,-0.0190577432513237,0.12276242673397064,0.0,-0.36681729555130005,0.0,0.0018958442378789186,0.0,0.0,0.0,0.0,-0.6912126541137695,-0.001577222254127264,1388,1,time,0.0,0.04246983677148819,-3.115563154220581,-2.0578625202178955,1030
0.23602457344532013,0.0,0.0,0.06330928206443787,-0.40610477328300476,-0.0190577432513237,-0.0006523281335830688,0.0,-0.4194004237651825,0.0,0.0018958442378789186,0.0,0.0,0.0,0.0,-0.6912126541137695,-0.001577222254127264,1389,1,time,0.0,0.03575562313199043,-3.2946372032165527,-2.0578625202178955,1030
0.23602457344532013,0.0,0.0,0.06330928206443787,-0.4030285179615021,-0.0190577432513237,0.12276242673397064,0.0,-0.36681729555130005,0.0,0.0018958442378789186,0.0,0.0,0.0,0.0,-0.6912126541137695,-0.001577222254127264,1390,1,time,0.0,0.04246983677148819,-3.115563154220581,-2.0578625202178955,1030
0.22608314454555511,0.0,0.0,-0.002556821797043085,-0.07219794392585754,-0.022625049576163292,-0.08296206593513489,0.0,-0.3968507945537567,0.0,0.004514425061643124,0.0,0.0,0.0,0.0,-0.7543401718139648,-0.001577222254127264,1391,1,time,0.0,0.040684428066015244,-3.160374641418457,-2.0578625202178955,1030
-0.1422290802001953,0.0,0.0,-0.008939114399254322,-0.04407857730984688,-0.029502421617507935,-0.08296206593513489,0.0,-0.40542173385620117,0.0,0.004514425061643124,0.0,0.0,0.0,0.0,-0.7620297074317932,-0.001577222254127264,1392,1,time,0.0,0.028468167409300804,-3.530087471008301,-2.0578625202178955,1030
-0.1411731243133545,0.0,0.0,-0.002556821797043085,-0.22308896481990814,-0.025935113430023193,-0.08296206593513489,0.0,-0.3604521155357361,0.0,0.004514425061643124,0.0,0.0,0.0,0.0,-0.6831098794937134,-0.001577222254127264,1393,1,time,0.0,0.027273092418909073,-3.5742027759552,-2.0578625202178955,1030
-0.13587135076522827,0.0,0.0,0.023301193490624428,-0.19128452241420746,-0.025935113430023193,0.1535215675830841,0.0,-0.3753882050514221,0.0,0.004514425061643124,0.0,0.0,0.0,0.0,-0.706167459487915,-0.001577222254127264,1394,1,time,0.0,0.03513641282916069,-3.312748670578003,-2.0578625202178955,1030
-0.13587135076522827,0.0,0.0,0.023301193490624428,-0.19436077773571014,-0.025935113430023193,0.030106831341981888,0.0,-0.42797133326530457,0.0,0.004514425061643124,0.0,0.0,0.0,0.0,-0.706167459487915,-0.001577222254127264,1395,1,time,0.0,0.029545798897743225,-3.4918227195739746,-2.0578625202178955,1030
-0.12551453709602356,0.0,0.0,0.023301193490624428,-0.20172910392284393,0.08805502951145172,0.030106831341981888,0.0,-0.4966679811477661,0.0,0.004514425061643124,0.0,0.0,0.0,0.0,-0.706167459487915,-0.001577222254127264,1396,1,time,0.0,0.03096207231283188,-3.4435408115386963,-2.0578625202178955,1030
-0.13587135076522827,0.0,0.0,0.023301193490624428,-0.19436077773571014,-0.025935113430023193,0.030106831341981888,0.0,-0.42797133326530457,0.0,0.004514425061643124,0.0,0.0,0.0,0.0,-0.706167459487915,-0.001577222254127264,1397,1,time,0.0,0.029545798897743225,-3.4918227195739746,-2.0578625202178955,1030
-0.13587135076522827,0.0,0.0,-0.002556821797043085,-0.16542650759220123,-0.025935113430023193,0.1535215675830841,0.0,-0.3753882050514221,0.0,0.004514425061643124,0.0,0.0,0.0,0.0,-0.706167459487915,-0.001577222254127264,1398,1,time,0.0,0.03513641282916069,-3.312748670578003,-2.0578625202178955,1030
-0.16592943668365479,0.0,0.0,0.0032763038761913776,-0.21282365918159485,-0.04688013345003128,-0.17323681712150574,0.0,0.32808828353881836,0.0,0.004514425061643124,0.0,0.0,0.0,0.0,0.11307843774557114,0.013230687007308006,1399,1,time,0.0,0.10024145990610123,-2.194544553756714,-2.0578625202178955,1030
-0.13533103466033936,0.0,0.0,-0.002556821797043085,-0.18177984654903412,-0.04688013345003128,-0.15274924039840698,0.0,0.3137320280075073,0.0,0.004514425061643124,0.0,0.0,0.0,0.0,-0.7752305865287781,-0.001577222254127264,1400,1,time,0.0,0.04583798348903656,-3.0357203483581543,-2.0578625202178955,1030
-0.12551453709602356,0.0,0.0,0.023301193490624428,-0.19865284860134125,0.08805502951145172,0.1535215675830841,0.0,-0.4440848231315613,0.0,0.004514425061643124,0.0,0.0,0.0,0.0,-0.706167459487915,-0.001577222254127264,1401,1,time,0.0,0.036810509860515594,-3.2644667625427246,-2.0578625202178955,1030
-0.1411731243133545,0.0,0.0,0.06330928206443787,-0.39958634972572327,-0.025935113430023193,-0.0006523281335830688,0.0,-0.42797133326530457,0.0,0.0018958442378789186,0.0,0.0,0.0,0.0,-0.7052842974662781,-0.001577222254127264,1402,1,time,0.0,0.024248898029327393,-3.694836378097534,-2.0578625202178955,1030
-0.13587135076522827,0.0,0.0,0.023301193490624428,-0.20172910392284393,-0.018566805869340897,0.030106831341981888,0.0,-0.42797133326530457,0.0,0.004514425061643124,0.0,0.0,0.0,0.0,-0.706167459487915,-0.001577222254127264,1403,1,time,0.0,0.029545798897743225,-3.4918227195739746,-2.0578625202178955,1030
-0.13587135076522827,0.0,0.0,0.023301193490624428,-0.22376228868961334,-0.025935113430023193,-0.08296206593513489,0.0,-0.3604521155357361,0.0,0.004514425061643124,0.0,0.0,0.0,0.0,-0.6831098794937134,-0.001577222254127264,1404,1,time,0.0,0.02809363417327404,-3.5437164306640625,-2.0578625202178955,1030
-0.1411731243133545,0.0,0.0,0.06330928206443787,-0.3965100944042206,-0.025935113430023193,0.12276242673397064,0.0,-0.3753882050514221,0.0,0.0018958442378789186,0.0,0.0,0.0,0.0,-0.7052842974662781,-0.001577222254127264,1405,1,time,0.0,0.028867056593298912,-3.5157623291015625,-2.0578625202178955,1030
-0.1422290802001953,0.0,0.0,-0.008939114399254322,-0.04407857730984688,-0.029502421617507935,-0.08296206593513489,0.0,-0.40542173385620117,0.0,0.004514425061643124,0.0,0.0,0.0,0.0,-0.7620297074317932,-0.001577222254127264,1406,1,time,0.0,0.028468167409300804,-3.530087471008301,-2.0578625202178955,1030
-0.16592943668365479,0.0,0.0,0.0032763038761913776,-0.2067096084356308,-0.04688013345003128,-0.17323681712150574,0.0,0.32808828353881836,0.0,0.004514425061643124,0.0,0.0,0.0,0.0,0.10389434546232224,-0.001577222254127264,1407,1,time,0.0,0.09864047169685364,-2.2124226093292236,-2.0578625202178955,1030
-0.13002926111221313,0.0,0.0,0.023301193490624428,-0.18245317041873932,-0.04688013345003128,-0.15274924039840698,0.0,0.3137320280075073,0.0,0.004514425061643124,0.0,0.0,0.0,0.0,-0.7752305865287781,-0.001577222254127264,1408,1,time,0.0,0.04718997702002525,-3.0052340030670166,-2.0578625202178955,1030
-0.13002926111221313,0.0,0.0,0.023301193490624428,-0.18245317041873932,-0.04688013345003128,-0.15274924039840698,0.0,0.3137320280075073,0.0,0.004514425061643124,0.0,0.0,0.0,0.0,-0.7752305865287781,-0.001577222254127264,1409,1,time,0.0,0.04718997702002525,-3.0052340030670166,-2.0578625202178955,1030
-0.13002926111221313,0.0,0.0,0.023301193490624428,-0.18245317041873932,-0.04688013345003128,-0.15274924039840698,0.0,0.3137320280075073,0.0,0.004514425061643124,0.0,0.0,0.0,0.0,-0.7752305865287781,-0.001577222254127264,1410,1,time,0.0,0.04718997702002525,-3.0052340030670166,-2.0578625202178955,1030
-0.1411731243133545,0.0,0.0,0.023301193490624428,-0.22383753955364227,-0.018566805869340897,0.1535215675830841,0.0,-0.3753882050514221,0.0,0.004514425061643124,0.0,0.0,0.0,0.0,-0.706167459487915,-0.001577222254127264,1411,1,time,0.0,0.03411739319562912,-3.3432350158691406,-2.0578625202178955,1030
-0.1411731243133545,0.0,0.0,0.023301193490624428,-0.21646921336650848,-0.025935113430023193,0.1535215675830841,0.0,-0.3753882050514221,0.0,0.004514425061643124,0.0,0.0,0.0,0.0,-0.706167459487915,-0.001577222254127264,1412,1,time,0.0,0.03411739319562912,-3.3432350158691406,-2.0578625202178955,1030
-0.1411731243133545,0.0,0.0,0.06330928206443787,-0.39958634972572327,-0.025935113430023193,-0.0006523281335830688,0.0,-0.42797133326530457,0.0,0.0018958442378789186,0.0,0.0,0.0,0.0,-0.7052842974662781,-0.001577222254127264,1413,1,time,0.0,0.024248898029327393,-3.694836378097534,-2.0578625202178955,1030
-0.1411731243133545,0.0,0.0,0.06330928206443787,-0.39958634972572327,-0.025935113430023193,-0.0006523281335830688,0.0,-0.42797133326530457,0.0,0.0018958442378789186,0.0,0.0,0.0,0.0,-0.7052842974662781,-0.001577222254127264,1414,1,time,0.0,0.024248898029327393,-3.694836378097534,-2.0578625202178955,1030
-0.13533103466033936,0.0,0.0,0.06330928206443787,-0.35827726125717163,-0.04688013345003128,0.03546573594212532,0.0,0.3521180748939514,0.0,0.0018958442378789186,0.0,0.0,0.0,0.0,-0.7974050045013428,-0.001577222254127264,1415,1,time,0.0,0.04999504238367081,-2.9445433616638184,-2.0578625202178955,1030
-0.1411731243133545,0.0,0.0,0.06330928206443787,-0.39958634972572327,-0.025935113430023193,-0.0006523281335830688,0.0,-0.42797133326530457,0.0,0.0018958442378789186,0.0,0.0,0.0,0.0,-0.7052842974662781,-0.001577222254127264,1416,1,time,0.0,0.024248898029327393,-3.694836378097534,-2.0578625202178955,1030
-0.12497423589229584,0.0,0.0,0.06330928206443787,-0.36564555764198303,-0.0015865731984376907,0.03546573594212532,0.0,0.3521180748939514,0.0,0.0018958442378789186,0.0,0.0,0.0,0.0,-0.7974050045013428,-0.001577222254127264,1417,1,time,0.0,0.05233868211507797,-2.89626145362854,-2.0578625202178955,1030
-0.1411731243133545,0.0,0.0,0.06330928206443787,-0.39958634972572327,-0.025935113430023193,-0.0006523281335830688,0.0,-0.42797133326530457,0.0,0.0018958442378789186,0.0,0.0,0.0,0.0,-0.7052842974662781,-0.001577222254127264,1418,1,time,0.0,0.024248898029327393,-3.694836378097534,-2.0578625202178955,1030
-0.1411731243133545,0.0,0.0,0.06330928206443787,-0.39958634972572327,-0.025935113430023193,-0.0006523281335830688,0.0,-0.42797133326530457,0.0,0.0018958442378789186,0.0,0.0,0.0,0.0,-0.7052842974662781,-0.001577222254127264,1419,1,time,0.0,0.024248898029327393,-3.694836378097534,-2.0578625202178955,1030
-0.1411731243133545,0.0,0.0,0.06330928206443787,-0.334417462348938,-0.025935113430023193,-0.01915077492594719,0.0,-0.3604521155357361,0.0,0.0018958442378789186,0.0,0.0,0.0,0.0,-0.6822266578674316,-0.001577222254127264,1420,1,time,0.0,0.02771732211112976,-3.557589054107666,-2.0578625202178955,1030
-0.13533103466033936,0.0,0.0,0.023301193490624428,-0.17516009509563446,-0.04688013345003128,0.10896000266075134,0.0,0.3240215480327606,0.0,0.004514425061643124,0.0,0.0,0.0,0.0,-0.7982881665229797,-0.001577222254127264,1421,1,time,0.0,0.05984418839216232,-2.7543013095855713,-2.0578625202178955,1030
-0.13081632554531097,0.0,0.0,0.06330928206443787,-0.40695464611053467,0.08805502951145172,-0.0006523281335830688,0.0,-0.4966679811477661,0.0,0.0018958442378789186,0.0,0.0,0.0,0.0,-0.7052842974662781,-0.001577222254127264,1422,1,time,0.0,0.025417916476726532,-3.646554470062256,-2.0578625202178955,1030
-0.13081632554531097,0.0,0.0,0.06330928206443787,-0.4366440176963806,0.08805502951145172,-0.003327462822198868,0.0,-0.4966679811477661,0.0,0.0018958442378789186,0.0,0.0,0.0,0.0,-0.7052842974662781,-0.001577222254127264,1423,1,time,0.0,0.024628382176160812,-3.6789190769195557,-2.0578625202178955,1030
-0.1411731243133545,0.0,0.0,0.06330928206443787,-0.39958634972572327,-0.025935113430023193,-0.0006523281335830688,0.0,-0.42797133326530457,0.0,0.0018958442378789186,0.0,0.0,0.0,0.0,-0.7052842974662781,-0.001577222254127264,1424,1,time,0.0,0.024248898029327393,-3.694836378097534,-2.0578625202178955,1030
-0.1411731243133545,0.0,0.0,0.06330928206443787,-0.39958634972572327,-0.025935113430023193,-0.0006523281335830688,0.0,-0.42797133326530457,0.0,0.0018958442378789186,0.0,0.0,0.0,0.0,-0.7052842974662781,-0.001577222254127264,1425,1,time,0.0,0.024248898029327393,-3.694836378097534,-2.0578625202178955,1030
-0.1411731243133545,0.0,0.0,0.06330928206443787,-0.39958634972572327,-0.025935113430023193,-0.0006523281335830688,0.0,-0.42797133326530457,0.0,0.0018958442378789186,0.0,0.0,0.0,0.0,-0.7052842974662781,-0.001577222254127264,1426,1,time,0.0,0.024248898029327393,-3.694836378097534,-2.0578625202178955,1030
-0.1411731243133545,0.0,0.0,0.06330928206443787,-0.39958634972572327,-0.025935113430023193,-0.0006523281335830688,0.0,-0.42797133326530457,0.0,0.0018958442378789186,0.0,0.0,0.0,0.0,-0.7052842974662781,-0.001577222254127264,1427,1,time,0.0,0.024248898029327393,-3.694836378097534,-2.0578625202178955,1030
-0.1411731243133545,0.0,0.0,0.06330928206443787,-0.4292757213115692,-0.025935113430023193,-0.003327462822198868,0.0,-0.42797133326530457,0.0,0.0018958442378789186,0.0,0.0,0.0,0.0,-0.7052842974662781,-0.001577222254127264,1428,1,time,0.0,0.023494798690080643,-3.727200984954834,-2.0578625202178955,1030
-0.13081632554531097,0.0,0.0,0.06330928206443787,-0.40695464611053467,0.08805502951145172,-0.0006523281335830688,0.0,-0.4966679811477661,0.0,0.0018958442378789186,0.0,0.0,0.0,0.0,-0.7052842974662781,-0.001577222254127264,1429,1,time,0.0,0.025417916476726532,-3.646554470062256,-2.0578625202178955,1030
-0.171231210231781,0.0,0.0,0.0691424086689949,-0.4376055896282196,-0.04688013345003128,0.04057427868247032,0.0,0.36647433042526245,0.0,0.0018958442378789186,0.0,0.0,0.0,0.0,0.1288347989320755,-0.001577222254127264,1430,1,time,0.0,0.10829900950193405,-2.1082348823547363,-2.0578625202178955,1030
-0.13081632554531097,0.0,0.0,0.06330928206443787,-0.4366440176963806,0.08805502951145172,-0.003327462822198868,0.0,-0.4966679811477661,0.0,0.0018958442378789186,0.0,0.0,0.0,0.0,-0.7052842974662781,-0.001577222254127264,1431,1,time,0.0,0.024628382176160812,-3.6789190769195557,-2.0578625202178955,1030
-0.1411731243133545,0.0,0.0,0.06330928206443787,-0.40695464611053467,-0.018566805869340897,-0.0006523281335830688,0.0,-0.42797133326530457,0.0,0.0018958442378789186,0.0,0.0,0.0,0.0,-0.7052842974662781,-0.001577222254127264,1432,1,time,0.0,0.024248898029327393,-3.694836378097534,-2.0578625202178955,1030
-0.13081632554531097,0.0,0.0,0.06330928206443787,-0.40695464611053467,0.08805502951145172,-0.0006523281335830688,0.0,-0.4966679811477661,0.0,0.0018958442378789186,0.0,0.0,0.0,0.0,-0.7052842974662781,-0.001577222254127264,1433,1,time,0.0,0.025417916476726532,-3.646554470062256,-2.0578625202178955,1030
-0.13081632554531097,0.0,0.0,0.06330928206443787,-0.47431057691574097,0.01935844123363495,-0.006318133324384689,0.0,-0.42797133326530457,0.0,0.0018958442378789186,0.0,0.0,0.0,0.0,-0.7052842974662781,-0.001577222254127264,1434,1,time,0.0,0.023670366033911705,-3.719576358795166,-2.0578625202178955,1030
-0.13081632554531097,0.0,0.0,0.06330928206443787,-0.4366440176963806,0.08805502951145172,-0.003327462822198868,0.0,-0.4966679811477661,0.0,0.0018958442378789186,0.0,0.0,0.0,0.0,-0.7052842974662781,-0.001577222254127264,1435,1,time,0.0,0.024628382176160812,-3.6789190769195557,-2.0578625202178955,1030
-0.13081632554531097,0.0,0.0,0.06330928206443787,-0.40695464611053467,0.08805502951145172,-0.0006523281335830688,0.0,-0.4966679811477661,0.0,0.0018958442378789186,0.0,0.0,0.0,0.0,-0.7052842974662781,-0.001577222254127264,1436,1,time,0.0,0.025417916476726532,-3.646554470062256,-2.0578625202178955,1030
-0.13081632554531097,0.0,0.0,0.06330928206443787,-0.40695464611053467,0.08805502951145172,-0.0006523281335830688,0.0,-0.4966679811477661,0.0,0.0018958442378789186,0.0,0.0,0.0,0.0,-0.7052842974662781,-0.001577222254127264,1437,1,time,0.0,0.025417916476726532,-3.646554470062256,-2.0578625202178955,1030
-0.13081632554531097,0.0,0.0,0.06330928206443787,-0.40695464611053467,0.08805502951145172,-0.0006523281335830688,0.0,-0.4966679811477661,0.0,0.0018958442378789186,0.0,0.0,0.0,0.0,-0.7052842974662781,-0.001577222254127264,1438,1,time,0.0,0.025417916476726532,-3.646554470062256,-2.0578625202178955,1030
-0.13081632554531097,0.0,0.0,0.06330928206443787,-0.40695464611053467,0.08805502951145172,-0.0006523281335830688,0.0,-0.4966679811477661,0.0,0.0018958442378789186,0.0,0.0,0.0,0.0,-0.7052842974662781,-0.001577222254127264,1439,1,time,0.0,0.025417916476726532,-3.646554470062256,-2.0578625202178955,1030
-0.13533103466033936,0.0,0.0,0.06330928206443787,-0.35827726125717163,-0.04688013345003128,0.03546573594212532,0.0,0.3521180748939514,0.0,0.0018958442378789186,0.0,0.0,0.0,0.0,-0.7974050045013428,-0.001577222254127264,1440,1,time,0.0,0.04999504238367081,-2.9445433616638184,-2.0578625202178955,1030
-0.1419471800327301,0.0,0.0,0.029134318232536316,-0.2475130558013916,-0.025935113430023193,0.1613052487373352,0.0,-0.4748302102088928,0.0,0.004514425061643124,0.0,0.0,0.0,0.0,0.3565649688243866,0.013230687007308006,1441,1,time,0.0,0.0844520777463913,-2.383338451385498,-2.0578625202178955,1030
-0.1411731243133545,0.0,0.0,0.06330928206443787,-0.39958634972572327,-0.025935113430023193,0.10812380909919739,0.0,-0.3753882050514221,0.0,0.0018958442378789186,0.0,0.0,0.0,0.0,-0.7052842974662781,-0.001577222254127264,1442,1,time,0.0,0.02837456949055195,-3.5334770679473877,-2.0578625202178955,1030
-0.13081632554531097,0.0,0.0,0.023301193490624428,-0.22691379487514496,0.01935844123363495,0.030106831341981888,0.0,-0.42797133326530457,0.0,0.004514425061643124,0.0,0.0,0.0,0.0,-0.706167459487915,-0.001577222254127264,1443,1,time,0.0,0.030060341581702232,-3.474027156829834,-2.0578625202178955,1030
-0.1411731243133545,0.0,0.0,0.023301193490624428,-0.21646921336650848,-0.025935113430023193,0.1535215675830841,0.0,-0.3753882050514221,0.0,0.004514425061643124,0.0,0.0,0.0,0.0,-0.706167459487915,-0.001577222254127264,1444,1,time,0.0,0.03411739319562912,-3.3432350158691406,-2.0578625202178955,1030
-0.1411731243133545,0.0,0.0,0.06330928206443787,-0.39958634972572327,-0.025935113430023193,-0.0006523281335830688,0.0,-0.42797133326530457,0.0,0.0018958442378789186,0.0,0.0,0.0,0.0,-0.7052842974662781,-0.001577222254127264,1445,1,time,0.0,0.024248898029327393,-3.694836378097534,-2.0578625202178955,1030
-0.1411731243133545,0.0,0.0,0.023301193490624428,-0.21646921336650848,-0.025935113430023193,0.1535215675830841,0.0,-0.3753882050514221,0.0,0.004514425061643124,0.0,0.0,0.0,0.0,-0.706167459487915,-0.001577222254127264,1446,1,time,0.0,0.03411739319562912,-3.3432350158691406,-2.0578625202178955,1030
-0.13587135076522827,0.0,0.0,0.023301193490624428,-0.22376228868961334,-0.025935113430023193,-0.08296206593513489,0.0,-0.3604521155357361,0.0,0.004514425061643124,0.0,0.0,0.0,0.0,-0.6831098794937134,-0.001577222254127264,1447,1,time,0.0,0.02809363417327404,-3.5437164306640625,-2.0578625202178955,1030
-0.1411731243133545,0.0,0.0,0.06330928206443787,-0.39958634972572327,-0.025935113430023193,-0.0006523281335830688,0.0,-0.42797133326530457,0.0,0.0018958442378789186,0.0,0.0,0.0,0.0,-0.7052842974662781,-0.001577222254127264,1448,1,time,0.0,0.024248898029327393,-3.694836378097534,-2.0578625202178955,1030
-0.13587135076522827,0.0,0.0,0.023301193490624428,-0.19436077773571014,-0.025935113430023193,0.030106831341981888,0.0,-0.42797133326530457,0.0,0.004514425061643124,0.0,0.0,0.0,0.0,-0.706167459487915,-0.001577222254127264,1449,1,time,0.0,0.029545798897743225,-3.4918227195739746,-2.0578625202178955,1030
-0.13587135076522827,0.0,0.0,0.023301193490624428,-0.22376228868961334,-0.025935113430023193,-0.08296206593513489,0.0,-0.3604521155357361,0.0,0.004514425061643124,0.0,0.0,0.0,0.0,-0.6831098794937134,-0.001577222254127264,1450,1,time,0.0,0.02809363417327404,-3.5437164306640625,-2.0578625202178955,1030
-0.13587135076522827,0.0,0.0,0.023301193490624428,-0.22376228868961334,-0.025935113430023193,-0.08296206593513489,0.0,-0.3604521155357361,0.0,0.004514425061643124,0.0,0.0,0.0,0.0,-0.6831098794937134,-0.001577222254127264,1451,1,time,0.0,0.02809363417327404,-3.5437164306640625,-2.0578625202178955,1030
-0.1411731243133545,0.0,0.0,0.023301193490624428,-0.21646921336650848,-0.025935113430023193,0.1535215675830841,0.0,-0.3753882050514221,0.0,0.004514425061643124,0.0,0.0,0.0,0.0,-0.706167459487915,-0.001577222254127264,1452,1,time,0.0,0.03411739319562912,-3.3432350158691406,-2.0578625202178955,1030
-0.13081632554531097,0.0,0.0,0.06330928206443787,-0.40695464611053467,0.08805502951145172,-0.0006523281335830688,0.0,-0.4966679811477661,0.0,0.0018958442378789186,0.0,0.0,0.0,0.0,-0.7052842974662781,-0.001577222254127264,1453,1,time,0.0,0.025417916476726532,-3.646554470062256,-2.0578625202178955,1030
-0.1411731243133545,0.0,0.0,0.023301193490624428,-0.21954546868801117,-0.025935113430023193,0.030106831341981888,0.0,-0.42797133326530457,0.0,0.004514425061643124,0.0,0.0,0.0,0.0,-0.706167459487915,-0.001577222254127264,1454,1,time,0.0,0.028684090822935104,-3.5223090648651123,-2.0578625202178955,1030
-0.13587135076522827,0.0,0.0,-0.008939114399254322,-0.19790427386760712,-0.025935113430023193,-0.08296206593513489,0.0,-0.3604521155357361,0.0,0.004514425061643124,0.0,0.0,0.0,0.0,-0.6767275929450989,-0.001577222254127264,1455,1,time,0.0,0.02809363417327404,-3.5437164306640625,-2.0578625202178955,1030
-0.13081632554531097,0.0,0.0,0.06330928206443787,-0.40695464611053467,0.08805502951145172,-0.0006523281335830688,0.0,-0.4966679811477661,0.0,0.0018958442378789186,0.0,0.0,0.0,0.0,-0.7052842974662781,-0.001577222254127264,1456,1,time,0.0,0.025417916476726532,-3.646554470062256,-2.0578625202178955,1030
-0.12497423589229584,0.0,0.0,0.06330928206443787,-0.36564555764198303,0.17397688329219818,0.03546573594212532,0.0,0.3902883529663086,0.0,0.0018958442378789186,0.0,0.0,0.0,0.0,-0.7974050045013428,-0.001577222254127264,1457,1,time,0.0,0.06401224434375763,-2.682528018951416,-2.0578625202178955,1030
-0.13081632554531097,0.0,0.0,0.06330928206443787,-0.40695464611053467,0.08805502951145172,-0.0006523281335830688,0.0,-0.4966679811477661,0.0,0.0018958442378789186,0.0,0.0,0.0,0.0,-0.7052842974662781,-0.001577222254127264,1458,1,time,0.0,0.025417916476726532,-3.646554470062256,-2.0578625202178955,1030
-0.13081632554531097,0.0,0.0,0.06330928206443787,-0.40695464611053467,0.08805502951145172,-0.0006523281335830688,0.0,-0.4966679811477661,0.0,0.0018958442378789186,0.0,0.0,0.0,0.0,-0.7052842974662781,-0.001577222254127264,1459,1,time,0.0,0.025417916476726532,-3.646554470062256,-2.0578625202178955,1030
-0.171231210231781,0.0,0.0,0.0032763038761913776,-0.23189429938793182,-0.04688013345003128,-0.17323681712150574,0.0,0.32808828353881836,0.0,0.004514425061643124,0.0,0.0,0.0,0.0,0.10389434546232224,-0.001577222254127264,1460,1,time,0.0,0.09596287459135056,-2.2429089546203613,-2.0578625202178955,1030
-0.13002926111221313,0.0,0.0,-0.002556821797043085,-0.1565951555967331,-0.04688013345003128,-0.15274924039840698,0.0,0.3137320280075073,0.0,0.004514425061643124,0.0,0.0,0.0,0.0,-0.7752305865287781,-0.001577222254127264,1461,1,time,0.0,0.04718997702002525,-3.0052340030670166,-2.0578625202178955,1030
-0.13587135076522827,0.0,0.0,0.023301193490624428,-0.19436077773571014,-0.025935113430023193,0.030106831341981888,0.0,-0.42797133326530457,0.0,0.004514425061643124,0.0,0.0,0.0,0.0,-0.706167459487915,-0.001577222254127264,1462,1,time,0.0,0.029545798897743225,-3.4918227195739746,-2.0578625202178955,1030
-0.1411731243133545,0.0,0.0,0.023301193490624428,-0.24894700944423676,-0.025935113430023193,-0.08296206593513489,0.0,-0.3604521155357361,0.0,0.004514425061643124,0.0,0.0,0.0,0.0,-0.6831098794937134,-0.001577222254127264,1463,1,time,0.0,0.027273092418909073,-3.5742027759552,-2.0578625202178955,1030
-0.12551453709602356,0.0,0.0,0.023301193490624428,-0.20172910392284393,0.08805502951145172,0.030106831341981888,0.0,-0.4966679811477661,0.0,0.004514425061643124,0.0,0.0,0.0,0.0,-0.706167459487915,-0.001577222254127264,1464,1,time,0.0,0.03096207231283188,-3.4435408115386963,-2.0578625202178955,1030
-0.16592943668365479,0.0,0.0,0.029134318232536316,-0.20316611230373383,-0.04688013345003128,0.07400856912136078,0.0,0.36647433042526245,0.0,0.004514425061643124,0.0,0.0,0.0,0.0,0.10910802334547043,-0.001577222254127264,1465,1,time,0.0,0.13099662959575653,-1.8921754360198975,-2.0578625202178955,1030
-0.13587135076522827,0.0,0.0,-0.002556821797043085,-0.19790427386760712,-0.025935113430023193,-0.08296206593513489,0.0,-0.3604521155357361,0.0,0.004514425061643124,0.0,0.0,0.0,0.0,-0.6831098794937134,-0.001577222254127264,1466,1,time,0.0,0.02809363417327404,-3.5437164306640625,-2.0578625202178955,1030
-0.13587135076522827,0.0,0.0,-0.002556821797043085,-0.16542650759220123,-0.025935113430023193,0.1535215675830841,0.0,-0.3753882050514221,0.0,0.004514425061643124,0.0,0.0,0.0,0.0,-0.706167459487915,-0.001577222254127264,1467,1,time,0.0,0.03513641282916069,-3.312748670578003,-2.0578625202178955,1030
-0.13587135076522827,0.0,0.0,-0.002556821797043085,-0.16542650759220123,-0.025935113430023193,0.1535215675830841,0.0,-0.3753882050514221,0.0,0.004514425061643124,0.0,0.0,0.0,0.0,-0.706167459487915,-0.001577222254127264,1468,1,time,0.0,0.03513641282916069,-3.312748670578003,-2.0578625202178955,1030
-0.17812922596931458,0.0,0.0,0.0032763038761913776,0.027773793786764145,-0.029502421617507935,-0.10344965755939484,0.0,-0.43545717000961304,0.0,0.004514425061643124,0.0,0.0,0.0,0.0,0.20358633995056152,0.013230687007308006,1469,1,time,0.0,0.07229090481996536,-2.5520198345184326,-2.0578625202178955,1030
-0.13587135076522827,0.0,0.0,0.023301193490624428,-0.19128452241420746,-0.025935113430023193,0.1535215675830841,0.0,-0.3753882050514221,0.0,0.004514425061643124,0.0,0.0,0.0,0.0,-0.706167459487915,-0.001577222254127264,1470,1,time,0.0,0.03513641282916069,-3.312748670578003,-2.0578625202178955,1030
-0.13533103466033936,0.0,0.0,0.06330928206443787,-0.35827726125717163,-0.04688013345003128,0.03546573594212532,0.0,0.3521180748939514,0.0,0.0018958442378789186,0.0,0.0,0.0,0.0,-0.7974050045013428,-0.001577222254127264,1471,1,time,0.0,0.04999504238367081,-2.9445433616638184,-2.0578625202178955,1030
-0.1411731243133545,0.0,0.0,0.06330928206443787,-0.3965100944042206,-0.025935113430023193,0.12276242673397064,0.0,-0.3753882050514221,0.0,0.0018958442378789186,0.0,0.0,0.0,0.0,-0.7052842974662781,-0.001577222254127264,1472,1,time,0.0,0.028867056593298912,-3.5157623291015625,-2.0578625202178955,1030
-0.1411731243133545,0.0,0.0,0.06330928206443787,-0.403878390789032,-0.018566805869340897,0.12276242673397064,0.0,-0.3753882050514221,0.0,0.0018958442378789186,0.0,0.0,0.0,0.0,-0.7052842974662781,-0.001577222254127264,1473,1,time,0.0,0.028867056593298912,-3.5157623291015625,-2.0578625202178955,1030
-0.1411731243133545,0.0,0.0,0.06330928206443787,-0.334417462348938,-0.025935113430023193,-0.01915077492594719,0.0,-0.3604521155357361,0.0,0.0018958442378789186,0.0,0.0,0.0,0.0,-0.6822266578674316,-0.001577222254127264,1474,1,time,0.0,0.02771732211112976,-3.557589054107666,-2.0578625202178955,1030
-0.1411731243133545,0.0,0.0,0.06330928206443787,-0.334417462348938,-0.025935113430023193,-0.01915077492594719,0.0,-0.3604521155357361,0.0,0.0018958442378789186,0.0,0.0,0.0,0.0,-0.6822266578674316,-0.001577222254127264,1475,1,time,0.0,0.02771732211112976,-3.557589054107666,-2.0578625202178955,1030
-0.13081632554531097,0.0,0.0,0.06330928206443787,-0.40695464611053467,0.01935844123363495,-0.0006523281335830688,0.0,-0.42797133326530457,0.0,0.0018958442378789186,0.0,0.0,0.0,0.0,-0.7052842974662781,-0.001577222254127264,1476,1,time,0.0,0.025417916476726532,-3.646554470062256,-2.0578625202178955,1030
-0.1411731243133545,0.0,0.0,0.06330928206443787,-0.3965100944042206,-0.025935113430023193,0.12276242673397064,0.0,-0.3753882050514221,0.0,0.0018958442378789186,0.0,0.0,0.0,0.0,-0.7052842974662781,-0.001577222254127264,1477,1,time,0.0,0.028867056593298912,-3.5157623291015625,-2.0578625202178955,1030
-0.17177152633666992,0.0,0.0,0.0032763038761913776,-0.25720274448394775,-0.025935113430023193,-0.10344965755939484,0.0,-0.39048755168914795,0.0,0.004514425061643124,0.0,0.0,0.0,0.0,0.1608075648546219,-0.001577222254127264,1478,1,time,0.0,0.05521680787205696,-2.8396880626678467,-2.0578625202178955,1030
-0.16592943668365479,0.0,0.0,0.029134318232536316,-0.23256762325763702,-0.04688013345003128,-0.17323681712150574,0.0,0.32808828353881836,0.0,0.004514425061643124,0.0,0.0,0.0,0.0,0.10389434546232224,-0.001577222254127264,1479,1,time,0.0,0.09864047169685364,-2.2124226093292236,-2.0578625202178955,1030
-0.13587135076522827,0.0,0.0,0.023301193490624428,-0.19436077773571014,-0.025935113430023193,0.030106831341981888,0.0,-0.42797133326530457,0.0,0.004514425061643124,0.0,0.0,0.0,0.0,-0.706167459487915,-0.001577222254127264,1480,1,time,1.0,0.029545798897743225,-3.4918227195739746,-2.0578625202178955,1030
-0.08896627277135849,0.0,0.0,0.029134318232536316,-0.18103079497814178,-0.025935113430023193,0.037890512496232986,0.0,-0.5274133682250977,0.0,-0.014098906889557838,0.0,0.0,0.0,0.0,0.48802635073661804,-0.0014862651005387306,1481,1,time,0.0,0.08772440254688263,-2.3417420387268066,-2.0578625202178955,1030
-0.12551453709602356,0.0,0.0,0.023301193490624428,-0.20172910392284393,0.01935844123363495,0.030106831341981888,0.0,-0.42797133326530457,0.0,0.004514425061643124,0.0,0.0,0.0,0.0,-0.706167459487915,-0.001577222254127264,1482,1,time,0.0,0.03096207231283188,-3.4435408115386963,-2.0578625202178955,1030
-0.13081632554531097,0.0,0.0,0.023301193490624428,-0.22691379487514496,0.08805502951145172,0.030106831341981888,0.0,-0.4966679811477661,0.0,0.004514425061643124,0.0,0.0,0.0,0.0,-0.706167459487915,-0.001577222254127264,1483,1,time,0.0,0.030060341581702232,-3.474027156829834,-2.0578625202178955,1030
-0.12551453709602356,0.0,0.0,0.023301193490624428,-0.20172910392284393,0.08805502951145172,0.030106831341981888,0.0,-0.4966679811477661,0.0,0.004514425061643124,0.0,0.0,0.0,0.0,-0.706167459487915,-0.001577222254127264,1484,1,time,0.0,0.03096207231283188,-3.4435408115386963,-2.0578625202178955,1030
-0.13081632554531097,0.0,0.0,0.023301193490624428,-0.22691379487514496,0.08805502951145172,0.030106831341981888,0.0,-0.4966679811477661,0.0,0.004514425061643124,0.0,0.0,0.0,0.0,-0.706167459487915,-0.001577222254127264,1485,1,time,0.0,0.030060341581702232,-3.474027156829834,-2.0578625202178955,1030
-0.13587135076522827,0.0,0.0,-0.002556821797043085,-0.19790427386760712,-0.025935113430023193,-0.08296206593513489,0.0,-0.3604521155357361,0.0,0.004514425061643124,0.0,0.0,0.0,0.0,-0.6831098794937134,-0.001577222254127264,1486,1,time,0.0,0.02809363417327404,-3.5437164306640625,-2.0578625202178955,1030
-0.13587135076522827,0.0,0.0,0.023301193490624428,-0.19436077773571014,-0.025935113430023193,0.030106831341981888,0.0,-0.42797133326530457,0.0,0.004514425061643124,0.0,0.0,0.0,0.0,-0.706167459487915,-0.001577222254127264,1487,1,time,0.0,0.029545798897743225,-3.4918227195739746,-2.0578625202178955,1030
0.22608314454555511,0.0,0.0,0.023301193490624428,-0.24552397429943085,-0.0190577432513237,-0.08296206593513489,0.0,-0.35188114643096924,0.0,0.004514425061643124,0.0,0.0,0.0,0.0,-0.6690382361412048,-0.001577222254127264,1488,1,time,1.0,0.04015582054853439,-3.1740036010742188,-2.0578625202178955,1030
0.1618737429380417,0.0,0.0,0.0691424086689949,-0.3692423105239868,-0.0190577432513237,0.13054612278938293,0.0,-0.46625930070877075,0.0,-0.005920871160924435,0.0,0.0,0.0,0.0,0.39158475399017334,-0.0014862651005387306,1489,1,time,0.0,0.10278256237506866,-2.166682481765747,-2.0578625202178955,1030
0.22608314454555511,0.0,0.0,-0.002556821797043085,-0.21966592967510223,-0.0190577432513237,-0.08296206593513489,0.0,-0.35188114643096924,0.0,0.004514425061643124,0.0,0.0,0.0,0.0,-0.6690382361412048,-0.001577222254127264,1490,1,time,0.0,0.04015582054853439,-3.1740036010742188,-2.0578625202178955,1030
0.22608314454555511,0.0,0.0,-0.002556821797043085,-0.21966592967510223,-0.0190577432513237,-0.08296206593513489,0.0,-0.35188114643096924,0.0,0.004514425061643124,0.0,0.0,0.0,0.0,-0.6690382361412048,-0.001577222254127264,1491,1,time,0.0,0.04015582054853439,-3.1740036010742188,-2.0578625202178955,1030
0.22608314454555511,0.0,0.0,-0.002556821797043085,-0.21966592967510223,-0.0190577432513237,-0.08296206593513489,0.0,-0.35188114643096924,0.0,0.004514425061643124,0.0,0.0,0.0,0.0,-0.6690382361412048,-0.001577222254127264,1492,1,time,0.0,0.04015582054853439,-3.1740036010742188,-2.0578625202178955,1030
0.24406759440898895,0.0,0.0,-0.002556821797043085,-0.04149804636836052,-0.022625049576163292,-0.08296206593513489,0.0,-0.3968507945537567,0.0,0.004514425061643124,0.0,0.0,0.0,0.0,-0.7543401718139648,-0.001577222254127264,1493,1,time,1.0,0.04262761026620865,-3.1116902828216553,-2.0578625202178955,1030
0.16991673409938812,0.0,0.0,0.0032763038761913776,0.08759132027626038,-0.022625049576163292,-0.10344965755939484,0.0,-0.4962928295135498,0.0,-0.014098906889557838,0.0,0.0,0.0,0.0,0.30285540223121643,-0.0014862651005387306,1494,1,time,0.0,0.10600857436656952,-2.132176160812378,-2.0578625202178955,1030
0.22608314454555511,0.0,0.0,0.023301193490624428,-0.24552397429943085,-0.0190577432513237,-0.08296206593513489,0.0,-0.35188114643096924,0.0,0.004514425061643124,0.0,0.0,0.0,0.0,-0.6690382361412048,-0.001577222254127264,1495,1,time,0.0,0.04015582054853439,-3.1740036010742188,-2.0578625202178955,1030
0.22608314454555511,0.0,0.0,-0.002556821797043085,-0.21966592967510223,-0.0190577432513237,-0.08296206593513489,0.0,-0.35188114643096924,0.0,0.004514425061643124,0.0,0.0,0.0,0.0,-0.6690382361412048,-0.001577222254127264,1496,1,time,0.0,0.04015582054853439,-3.1740036010742188,-2.0578625202178955,1030
0.22608314454555511,0.0,0.0,0.023301193490624428,-0.24552397429943085,-0.0190577432513237,-0.08296206593513489,0.0,-0.35188114643096924,0.0,0.004514425061643124,0.0,0.0,0.0,0.0,-0.6690382361412048,-0.001577222254127264,1497,1,time,0.0,0.04015582054853439,-3.1740036010742188,-2.0578625202178955,1030
0.22608314454555511,0.0,0.0,-0.002556821797043085,-0.21966592967510223,-0.0190577432513237,-0.08296206593513489,0.0,-0.35188114643096924,0.0,0.004514425061643124,0.0,0.0,0.0,0.0,-0.6690382361412048,-0.001577222254127264,1498,1,time,0.0,0.04015582054853439,-3.1740036010742188,-2.0578625202178955,1030
0.2803696393966675,0.0,0.0,-0.010550480335950851,0.17400385439395905,-0.04357006400823593,-0.17323681712150574,0.0,0.3655479848384857,0.0,0.004514425061643124,0.0,0.0,0.0,0.0,0.24841070175170898,-0.001577222254127264,1499,1,time,0.0,0.22900281846523285,-1.2139503955841064,-2.0578625202178955,1030
0.20955727994441986,0.0,0.0,-0.002556821797043085,-0.17835678160190582,-0.04000275582075119,-0.15274924039840698,0.0,0.2999350130558014,0.0,0.004514425061643124,0.0,0.0,0.0,0.0,-0.76115882396698,-0.001577222254127264,1500,1,time,0.0,0.0641484409570694,-2.6802570819854736,-2.0578625202178955,1030
0.22608314454555511,0.0,0.0,0.023301193490624428,-0.24552397429943085,-0.0190577432513237,-0.08296206593513489,0.0,-0.35188114643096924,0.0,0.004514425061643124,0.0,0.0,0.0,0.0,-0.6690382361412048,-0.001577222254127264,1501,1,time,0.0,0.04015582054853439,-3.1740036010742188,-2.0578625202178955,1030
0.22608314454555511,0.0,0.0,0.023301193490624428,-0.21304617822170258,-0.0190577432513237,0.1535215675830841,0.0,-0.36681729555130005,0.0,0.004514425061643124,0.0,0.0,0.0,0.0,-0.6920958161354065,-0.001577222254127264,1502,1,time,0.0,0.05006669461727142,-2.943035840988159,-2.0578625202178955,1030
0.2789110541343689,0.0,0.0,0.0032763038761913776,-0.26978036761283875,-0.0190577432513237,-0.10344965755939484,0.0,-0.3819165527820587,0.0,0.004514425061643124,0.0,0.0,0.0,0.0,0.25442320108413696,-0.001577222254127264,1503,1,time,0.0,0.09174444526433945,-2.2925188541412354,-2.0578625202178955,1030
0.22608314454555511,0.0,0.0,0.023301193490624428,-0.24552397429943085,-0.0190577432513237,-0.08296206593513489,0.0,-0.35188114643096924,0.0,0.004514425061643124,0.0,0.0,0.0,0.0,-0.6690382361412048,-0.001577222254127264,1504,1,time,0.0,0.04015582054853439,-3.1740036010742188,-2.0578625202178955,1030
0.23325467109680176,0.0,0.0,0.029134318232536316,-0.26927468180656433,-0.0190577432513237,0.1613052487373352,0.0,-0.46625930070877075,0.0,0.004514425061643124,0.0,0.0,0.0,0.0,0.3838839828968048,0.013230687007308006,1505,1,time,0.0,0.12056075781583786,-1.9871306419372559,-2.0578625202178955,1030
0.22608314454555511,0.0,0.0,0.023301193490624428,-0.21612243354320526,-0.0190577432513237,0.030106831341981888,0.0,-0.4194004237651825,0.0,0.004514425061643124,0.0,0.0,0.0,0.0,-0.6920958161354065,-0.001577222254127264,1506,1,time,0.0,0.04220439866185188,-3.122109889984131,-2.0578625202178955,1030
0.23602457344532013,0.0,0.0,0.023301193490624428,-0.22606386244297028,-0.0190577432513237,0.030106831341981888,0.0,-0.4194004237651825,0.0,0.004514425061643124,0.0,0.0,0.0,0.0,-0.6920958161354065,-0.001577222254127264,1507,1,time,0.0,0.04220439866185188,-3.122109889984131,-2.0578625202178955,1030
0.22608314454555511,0.0,0.0,0.023301193490624428,-0.21612243354320526,-0.0190577432513237,0.030106831341981888,0.0,-0.4194004237651825,0.0,0.004514425061643124,0.0,0.0,0.0,0.0,-0.6920958161354065,-0.001577222254127264,1508,1,time,0.0,0.04220439866185188,-3.122109889984131,-2.0578625202178955,1030
0.2803696393966675,0.0,0.0,-0.010550480335950851,0.17400385439395905,-0.04357006400823593,-0.17323681712150574,0.0,0.3655479848384857,0.0,0.004514425061643124,0.0,0.0,0.0,0.0,0.24841070175170898,-0.001577222254127264,1509,1,time,0.0,0.22900281846523285,-1.2139503955841064,-2.0578625202178955,1030
0.24406759440898895,0.0,0.0,-0.008939114399254322,-0.04149804636836052,-0.022625049576163292,-0.08296206593513489,0.0,-0.3968507945537567,0.0,0.004514425061643124,0.0,0.0,0.0,0.0,-0.7479578852653503,-0.001577222254127264,1510,1,time,0.0,0.04262761026620865,-3.1116902828216553,-2.0578625202178955,1030
0.24406759440898895,0.0,0.0,-0.002556821797043085,-0.04149804636836052,-0.022625049576163292,-0.08296206593513489,0.0,-0.3968507945537567,0.0,0.004514425061643124,0.0,0.0,0.0,0.0,-0.7543401718139648,-0.001577222254127264,1511,1,time,0.0,0.04262761026620865,-3.1116902828216553,-2.0578625202178955,1030
0.22608314454555511,0.0,0.0,-0.002556821797043085,-0.21966592967510223,-0.0190577432513237,-0.08296206593513489,0.0,-0.35188114643096924,0.0,0.004514425061643124,0.0,0.0,0.0,0.0,-0.6690382361412048,-0.001577222254127264,1512,1,time,0.0,0.04015582054853439,-3.1740036010742188,-2.0578625202178955,1030
0.20955727994441986,0.0,0.0,-0.008939114399254322,-0.17835678160190582,-0.04000275582075119,-0.15274924039840698,0.0,0.2999350130558014,0.0,0.004514425061643124,0.0,0.0,0.0,0.0,-0.7547765374183655,-0.001577222254127264,1513,1,time,0.0,0.0641484409570694,-2.6802570819854736,-2.0578625202178955,1030
0.22608314454555511,0.0,0.0,-0.002556821797043085,-0.21966592967510223,-0.0190577432513237,-0.08296206593513489,0.0,-0.35188114643096924,0.0,0.004514425061643124,0.0,0.0,0.0,0.0,-0.6690382361412048,-0.001577222254127264,1514,1,time,0.0,0.04015582054853439,-3.1740036010742188,-2.0578625202178955,1030
0.22608314454555511,0.0,0.0,-0.008939114399254322,-0.21966592967510223,-0.0190577432513237,-0.08296206593513489,0.0,-0.35188114643096924,0.0,0.004514425061643124,0.0,0.0,0.0,0.0,-0.6626559495925903,-0.001577222254127264,1515,1,time,1.0,0.04015582054853439,-3.1740036010742188,-2.0578625202178955,1030
0.16991673409938812,0.0,0.0,-0.010550480335950851,0.08759132027626038,-0.022625049576163292,-0.10344965755939484,0.0,-0.4962928295135498,0.0,-0.014098906889557838,0.0,0.0,0.0,0.0,0.3017932176589966,-0.0014862651005387306,1516,1,time,0.0,0.10460581630468369,-2.1470649242401123,-2.0578625202178955,1030
0.22608314454555511,0.0,0.0,-0.002556821797043085,-0.21966592967510223,-0.0190577432513237,-0.08296206593513489,0.0,-0.35188114643096924,0.0,0.004514425061643124,0.0,0.0,0.0,0.0,-0.6690382361412048,-0.001577222254127264,1517,1,time,0.0,0.04015582054853439,-3.1740036010742188,-2.0578625202178955,1030
0.22608314454555511,0.0,0.0,-0.002556821797043085,-0.21966592967510223,-0.0190577432513237,-0.08296206593513489,0.0,-0.35188114643096924,0.0,0.004514425061643124,0.0,0.0,0.0,0.0,-0.6690382361412048,-0.001577222254127264,1518,1,time,0.0,0.04015582054853439,-3.1740036010742188,-2.0578625202178955,1030
0.2789110541343689,0.0,0.0,-0.010550480335950851,-0.26978036761283875,-0.0190577432513237,-0.10344965755939484,0.0,-0.3819165527820587,0.0,0.004514425061643124,0.0,0.0,0.0,0.0,0.2533609867095947,-0.001577222254127264,1519,1,time,0.0,0.09051132202148438,-2.3074076175689697,-2.0578625202178955,1030
0.2275417298078537,0.0,0.0,-0.008939114399254322,0.0960373729467392,-0.04357006400823593,-0.15274924039840698,0.0,0.35119175910949707,0.0,0.004514425061643124,0.0,0.0,0.0,0.0,-0.840078592300415,-0.001577222254127264,1520,1,time,0.0,0.0812494307756424,-2.4254908561706543,-2.0578625202178955,1030
0.2275417298078537,0.0,0.0,-0.002556821797043085,0.0960373729467392,-0.04357006400823593,-0.15274924039840698,0.0,0.35119175910949707,0.0,0.004514425061643124,0.0,0.0,0.0,0.0,-0.8464608788490295,-0.001577222254127264,1521,1,time,0.0,0.0812494307756424,-2.4254908561706543,-2.0578625202178955,1030
0.24406759440898895,0.0,0.0,-0.008939114399254322,-0.04149804636836052,-0.022625049576163292,-0.08296206593513489,0.0,-0.3968507945537567,0.0,0.004514425061643124,0.0,0.0,0.0,0.0,-0.7479578852653503,-0.001577222254127264,1522,1,time,0.0,0.04262761026620865,-3.1116902828216553,-2.0578625202178955,1030
0.29689550399780273,0.0,0.0,-0.010550480335950851,0.027284283190965652,-0.022625049576163292,-0.10344965755939484,0.0,-0.4268862009048462,0.0,0.004514425061643124,0.0,0.0,0.0,0.0,0.30532389879226685,-0.001577222254127264,1523,1,time,0.0,0.12036973237991333,-1.9889335632324219,-2.0578625202178955,1030
0.24406759440898895,0.0,0.0,-0.008939114399254322,-4.982016980648041e-05,-0.022625049576163292,-0.08296206593513489,0.0,-0.38567203283309937,0.0,0.004514425061643124,0.0,0.0,0.0,0.0,-0.7479578852653503,-0.001577222254127264,1524,1,time,0.0,0.04482780024409294,-3.059063196182251,-2.0578625202178955,1030
0.24406759440898895,0.0,0.0,-0.008939114399254322,-0.04149804636836052,-0.022625049576163292,-0.08296206593513489,0.0,-0.3968507945537567,0.0,0.004514425061643124,0.0,0.0,0.0,0.0,-0.7479578852653503,-0.001577222254127264,1525,1,time,0.0,0.04262761026620865,-3.1116902828216553,-2.0578625202178955,1030
0.29689550399780273,0.0,0.0,-0.010550480335950851,0.027284283190965652,-0.022625049576163292,-0.10344965755939484,0.0,-0.4268862009048462,0.0,0.004514425061643124,0.0,0.0,0.0,0.0,0.30532389879226685,-0.001577222254127264,1526,1,time,0.0,0.12036973237991333,-1.9889335632324219,-2.0578625202178955,1030
0.24406759440898895,0.0,0.0,0.009952697902917862,0.7354580163955688,-0.022625049576163292,-0.088728167116642,0.0,-0.2107677012681961,0.0,0.004514425061643124,0.0,0.0,0.0,0.0,-0.701662003993988,0.018129276111721992,1527,1,time,0.0,0.11209453642368317,-2.0695226192474365,-2.0578625202178955,1030
0.2803696393966675,0.0,0.0,0.008341332897543907,0.5021225214004517,-0.04357006400823593,-0.17900291085243225,0.0,0.3098716139793396,0.0,0.004514425061643124,0.0,0.0,0.0,0.0,0.29470667243003845,0.018129276111721992,1528,1,time,0.0,0.2968422472476959,-0.8623804450035095,-2.0578625202178955,1030
0.24406759440898895,0.0,0.0,-0.002556821797043085,-0.04149804636836052,-0.022625049576163292,-0.08296206593513489,0.0,-0.3968507945537567,0.0,0.004514425061643124,0.0,0.0,0.0,0.0,-0.7543401718139648,-0.001577222254127264,1529,1,time,0.0,0.04262761026620865,-3.1116902828216553,-2.0578625202178955,1030
0.24406759440898895,0.0,0.0,-0.002556821797043085,-0.04149804636836052,-0.022625049576163292,-0.08296206593513489,0.0,-0.3968507945537567,0.0,0.004514425061643124,0.0,0.0,0.0,0.0,-0.7543401718139648,-0.001577222254127264,1530,1,time,0.0,0.04262761026620865,-3.1116902828216553,-2.0578625202178955,1030
0.26238521933555603,0.0,0.0,0.0032763038761913776,-0.22847123444080353,-0.04000275582075119,-0.17323681712150574,0.0,0.3142912685871124,0.0,0.004514425061643124,0.0,0.0,0.0,0.0,0.2066941261291504,-0.001577222254127264,1531,1,time,0.0,0.15316514670848846,-1.7099889516830444,-2.0578625202178955,1030
0.22608314454555511,0.0,0.0,-0.002556821797043085,-0.07219794392585754,-0.022625049576163292,-0.08296206593513489,0.0,-0.3968507945537567,0.0,0.004514425061643124,0.0,0.0,0.0,0.0,-0.7543401718139648,-0.001577222254127264,1532,1,time,0.0,0.040684428066015244,-3.160374641418457,-2.0578625202178955,1030
0.24406759440898895,0.0,0.0,-0.008939114399254322,-0.04149804636836052,-0.022625049576163292,-0.08296206593513489,0.0,-0.3968507945537567,0.0,0.004514425061643124,0.0,0.0,0.0,0.0,-0.7479578852653503,-0.001577222254127264,1533,1,time,0.0,0.04262761026620865,-3.1116902828216553,-2.0578625202178955,1030
0.29689550399780273,0.0,0.0,0.008341332897543907,0.8134244680404663,-0.022625049576163292,-0.10921576619148254,0.0,-0.24080310761928558,0.0,0.004514425061643124,0.0,0.0,0.0,0.0,0.3424357771873474,0.018129276111721992,1534,1,time,0.0,0.2795356512069702,-0.9467660188674927,-2.0578625202178955,1030
0.24406759440898895,0.0,0.0,0.009952697902917862,0.42506903409957886,-0.022625049576163292,-0.088728167116642,0.0,-0.3381274938583374,0.0,0.004514425061643124,0.0,0.0,0.0,0.0,-0.701662003993988,0.018129276111721992,1535,1,time,0.0,0.07534998655319214,-2.5072715282440186,-2.0578625202178955,1030
0.24406759440898895,0.0,0.0,-0.002556821797043085,-0.04149804636836052,-0.022625049576163292,-0.08296206593513489,0.0,-0.3968507945537567,0.0,0.004514425061643124,0.0,0.0,0.0,0.0,-0.7543401718139648,-0.001577222254127264,1536,1,time,0.0,0.04262761026620865,-3.1116902828216553,-2.0578625202178955,1030
0.2275417298078537,0.0,0.0,-0.002556821797043085,0.0960373729467392,-0.04357006400823593,-0.15274924039840698,0.0,0.35119175910949707,0.0,0.004514425061643124,0.0,0.0,0.0,0.0,-0.8464608788490295,-0.001577222254127264,1537,1,time,0.0,0.0812494307756424,-2.4254908561706543,-2.0578625202178955,1030
0.2803696393966675,0.0,0.0,-0.010550480335950851,0.17400385439395905,-0.04357006400823593,-0.17323681712150574,0.0,0.3655479848384857,0.0,0.004514425061643124,0.0,0.0,0.0,0.0,0.24841070175170898,-0.001577222254127264,1538,1,time,0.0,0.22900281846523285,-1.2139503955841064,-2.0578625202178955,1030
0.2803696393966675,0.0,0.0,0.008341332897543907,0.6056614518165588,-0.04357006400823593,-0.17900291085243225,0.0,0.20633278787136078,0.0,0.004514425061643124,0.0,0.0,0.0,0.0,0.29470667243003845,0.018129276111721992,1539,1,time,0.0,0.2968422472476959,-0.8623804450035095,-2.0578625202178955,1030
0.2275417298078537,0.0,0.0,0.009952697902917862,0.41138967871665955,-0.04357006400823593,-0.1585153341293335,0.0,0.3082817792892456,0.0,0.004514425061643124,0.0,0.0,0.0,0.0,-0.7937827110290527,0.018129276111721992,1540,1,time,0.0,0.11165758967399597,-2.073920249938965,-2.0578625202178955,1030
0.2275417298078537,0.0,0.0,0.01633499190211296,0.41138967871665955,-0.04357006400823593,-0.1585153341293335,0.0,0.3082817792892456,0.0,0.004514425061643124,0.0,0.0,0.0,0.0,-0.8001649975776672,0.018129276111721992,1541,1,time,0.0,0.11165758967399597,-2.073920249938965,-2.0578625202178955,1030
0.24406759440898895,0.0,0.0,-0.008939114399254322,-4.982016980648041e-05,-0.022625049576163292,-0.08296206593513489,0.0,-0.38567203283309937,0.0,0.004514425061643124,0.0,0.0,0.0,0.0,-0.7479578852653503,-0.001577222254127264,1542,1,time,1.0,0.04482780024409294,-3.059063196182251,-2.0578625202178955,1030
0.16991673409938812,0.0,0.0,0.008341332897543907,0.6511930823326111,-0.022625049576163292,-0.10921576619148254,0.0,-0.3102096617221832,0.0,-0.014098906889557838,0.0,0.0,0.0,0.0,0.2938271164894104,-0.03744153678417206,1543,1,time,0.0,0.19338315725326538,-1.4281752109527588,-2.0578625202178955,1030
0.24406759440898895,0.0,0.0,0.009952697902917862,0.7354580163955688,-0.022625049576163292,-0.088728167116642,0.0,-0.2107677012681961,0.0,0.004514425061643124,0.0,0.0,0.0,0.0,-0.701662003993988,0.018129276111721992,1544,1,time,0.0,0.11209453642368317,-2.0695226192474365,-2.0578625202178955,1030
0.24406759440898895,0.0,0.0,0.009952697902917862,0.7354580163955688,-0.022625049576163292,-0.088728167116642,0.0,-0.2107677012681961,0.0,0.004514425061643124,0.0,0.0,0.0,0.0,-0.701662003993988,0.018129276111721992,1545,1,time,0.0,0.11209453642368317,-2.0695226192474365,-2.0578625202178955,1030
0.25819575786590576,0.0,0.0,0.03544190526008606,0.9909206032752991,0.3308787941932678,-0.03168964758515358,0.0,-0.1473568081855774,-0.013960170559585094,0.0032879530917853117,0.0,0.0,0.0,0.0,-0.4385025203227997,0.008934472687542439,1546,2,time,1.0,0.19416914880275726,-1.4231442213058472,-2.4192941188812256,1545
0.16964182257652283,0.0,0.0,0.04202360659837723,0.7059448957443237,0.24850881099700928,-0.15442785620689392,0.0,-0.31557461619377136,-0.013960170559585094,-0.01227864995598793,0.0,0.0,0.0,0.0,0.2799997627735138,-0.03825098276138306,1547,2,time,0.0,0.1812848001718521,-1.507667064666748,-2.4192941188812256,1545
0.2950526177883148,0.0,0.0,0.05019330233335495,0.2180907130241394,0.25998640060424805,-0.12618552148342133,0.0,-0.3561893105506897,-0.02965719997882843,0.0032879530917853117,0.0,0.0,0.0,0.0,0.36190885305404663,0.008934472687542439,1548,2,time,0.0,0.1500929445028305,-1.7338722944259644,-2.4192941188812256,1545
0.24014787375926971,0.0,0.0,0.017096668481826782,0.33285123109817505,-0.19876106083393097,-0.17866742610931396,0.0,0.1843489408493042,-0.02965719997882843,0.0032879530917853117,0.0,0.0,0.0,0.0,-0.5749986171722412,0.008934472687542439,1549,2,time,0.0,0.06819765269756317,-2.614710569381714,-2.4192941188812256,1545
0.2950526177883148,0.0,0.0,0.031235642731189728,0.2180907130241394,0.2616179287433624,-0.13668645918369293,0.0,-0.4185388386249542,-0.02965719997882843,0.0032879530917853117,0.0,0.0,0.0,0.0,0.5231825113296509,0.030283665284514427,1550,2,time,0.0,0.16227109730243683,-1.6414260864257812,-2.4192941188812256,1545
0.25819575786590576,0.0,0.0,0.03544190526008606,0.9965795278549194,-0.18325403332710266,-0.09991823136806488,0.0,-0.1473568081855774,-0.013960170559585094,0.0032879530917853117,0.0,0.0,0.0,0.0,-0.5213083028793335,0.008934472687542439,1551,2,time,0.0,0.11079449206590652,-2.082651376724243,-2.4192941188812256,1545
0.25819575786590576,0.0,0.0,0.03772052749991417,0.2946279048919678,0.3439878821372986,-0.013948249630630016,0.0,-0.23943594098091125,-0.02965719997882843,0.0032879530917853117,0.0,0.0,0.0,0.0,-0.507438063621521,0.008934472687542439,1552,2,time,0.0,0.09423244744539261,-2.2630181312561035,-2.4192941188812256,1545
0.2864672541618347,0.0,0.0,-0.026618387550115585,0.23590019345283508,0.21163016557693481,-0.19944538176059723,0.0,0.29138848185539246,-0.02965719997882843,0.0032879530917853117,0.0,0.0,0.0,0.0,0.41711971163749695,0.008934472687542439,1553,2,time,0.0,0.22788596153259277,-1.2202869653701782,-2.4192941188812256,1545
0.21754132211208344,0.0,0.0,-0.11958315968513489,0.33962878584861755,-0.14843305945396423,0.2471504956483841,0.0,-0.27587947249412537,-0.02965719997882843,0.0032879530917853117,0.0,0.0,0.0,0.0,-0.719328761100769,0.008934472687542439,1554,2,time,0.0,0.052369918674230576,-2.895631790161133,-2.4192941188812256,1545
0.25819575786590576,0.0,0.0,0.03544190526008606,0.8627645373344421,-0.1895691454410553,-0.09991823136806488,0.0,-0.19899824261665344,-0.013960170559585094,0.0032879530917853117,0.0,0.0,0.0,0.0,-0.5213083028793335,0.008934472687542439,1555,2,time,0.0,0.09326353669166565,-2.2744226455688477,-2.4192941188812256,1545
0.25819575786590576,0.0,0.0,0.05853072926402092,0.33404266834259033,-0.12066856771707535,0.2561039328575134,0.0,-0.27587947249412537,-0.02965719997882843,0.0032879530917853117,0.0,0.0,0.0,0.0,-0.6982558965682983,0.008934472687542439,1556,2,time,0.0,0.06756822764873505,-2.6246581077575684,-2.4192941188812256,1545
0.1994934231042862,0.0,0.0,-0.12714043259620667,0.38026925921440125,-0.24382634460926056,0.19672253727912903,0.0,0.2487473040819168,-0.02965719997882843,0.0032879530917853117,0.0,0.0,0.0,0.0,-0.7040835618972778,0.008934472687542439,1557,2,time,0.0,0.07680680602788925,-2.4865453243255615,-2.4192941188812256,1545
0.1994934231042862,0.0,0.0,-0.09388244152069092,0.4412587285041809,-0.008450117893517017,0.18234145641326904,0.0,0.2608529031276703,-0.02965719997882843,0.0032879530917853117,0.0,0.0,0.0,0.0,-0.7040835618972778,0.008934472687542439,1558,2,time,0.0,0.10347488522529602,-2.1591973304748535,-2.4192941188812256,1545
0.1965932697057724,0.0,0.0,-0.10068444907665253,0.4006182551383972,0.003156142309308052,0.2327694147825241,0.0,-0.293584942817688,-0.02965719997882843,0.0032879530917853117,0.0,0.0,0.0,0.0,-0.7229071855545044,0.008934472687542439,1559,2,time,0.0,0.06175897642970085,-2.7207674980163574,-2.4192941188812256,1545
0.1965932697057724,0.0,0.0,-0.09257955849170685,-0.22137729823589325,-0.05497995391488075,-0.1224529817700386,0.0,-0.3692839443683624,-0.033111535012722015,0.0032879530917853117,0.0,0.0,0.0,0.0,-0.6687600016593933,0.008934472687542439,1560,2,time,0.0,0.022466139867901802,-3.7730236053466797,-2.4192941188812256,1545
0.1965932697057724,0.0,0.0,-0.11826375126838684,-0.21864692866802216,0.2953663170337677,-0.18575941026210785,0.0,-0.4303073585033417,-0.033111535012722015,0.0032879530917853117,0.0,0.0,0.0,0.0,-0.6947329044342041,0.008934472687542439,1561,2,time,0.0,0.02670247294008732,-3.595933675765991,-2.4192941188812256,1545
0.1965932697057724,0.0,0.0,-0.09257955849170685,-0.22137729823589325,-0.05497995391488075,-0.1224529817700386,0.0,-0.3692839443683624,-0.033111535012722015,0.0032879530917853117,0.0,0.0,0.0,0.0,-0.6687600016593933,0.008934472687542439,1562,2,time,1.0,0.022466139867901802,-3.7730236053466797,-2.4192941188812256,1545
0.2577289044857025,0.0,0.0,0.04202360659837723,0.7059448957443237,0.24850881099700928,-0.15442785620689392,0.0,-0.31557461619377136,-0.013960170559585094,-0.01227864995598793,0.0,0.0,0.0,0.0,0.5710691809654236,-0.03825098276138306,1563,2,time,0.0,0.24443607032299042,-1.128510594367981,-2.4192941188812256,1545
0.25819575786590576,0.0,0.0,0.02465394139289856,-0.10838621854782104,-0.15792492032051086,0.011129462160170078,0.0,-0.26061156392097473,-0.033111535012722015,0.0032879530917853117,0.0,0.0,0.0,0.0,-0.5396751761436462,0.008934472687542439,1564,2,time,0.0,0.038686830550432205,-3.212800979614258,-2.4192941188812256,1545
0.2655378580093384,0.0,0.0,0.03338886424899101,0.22381582856178284,0.033388588577508926,-0.17832747101783752,0.0,-0.36647990345954895,-0.02965719997882843,0.0032879530917853117,0.0,0.0,0.0,0.0,0.3693443238735199,0.008934472687542439,1565,2,time,0.0,0.11344145238399506,-2.056060314178467,-2.4192941188812256,1545
0.2655378580093384,0.0,0.0,0.05227633938193321,0.2970302402973175,0.027993198484182358,0.04285658150911331,0.0,-0.457446813583374,-0.02965719997882843,0.0032879530917853117,0.0,0.0,0.0,0.0,0.429823637008667,0.008934472687542439,1566,2,time,0.0,0.14446896314620972,-1.7786576747894287,-2.4192941188812256,1545
0.22868098318576813,0.0,0.0,0.05853072926402092,0.3451022803783417,0.03257082402706146,0.2561039328575134,0.0,-0.27587947249412537,-0.02965719997882843,0.0032879530917853117,0.0,0.0,0.0,0.0,-0.6982558965682983,0.008934472687542439,1567,2,time,0.0,0.07657112926244736,-2.4898736476898193,-2.4192941188812256,1545
0.25819575786590576,0.0,0.0,-0.11400522291660309,0.24533100426197052,0.3303371071815491,0.003486406058073044,0.0,-0.25032100081443787,-0.02965719997882843,0.0032879530917853117,0.0,0.0,0.0,0.0,-0.5285108089447021,0.008934472687542439,1568,2,time,0.0,0.07640573382377625,-2.492215156555176,-2.4192941188812256,1545
0.25819575786590576,0.0,0.0,-0.08598855137825012,-0.40712839365005493,0.3661807179450989,0.09427475929260254,0.0,-0.25032100081443787,-0.033111535012722015,0.0032879530917853117,0.0,0.0,0.0,0.0,-0.5750345587730408,0.008934472687542439,1569,2,time,0.0,0.04565099626779556,-3.040004014968872,-2.4192941188812256,1545
0.1965932697057724,0.0,0.0,-0.07310035079717636,-0.21864692866802216,0.26415231823921204,-0.09683500975370407,0.0,-0.4303073585033417,-0.033111535012722015,0.0032879530917853117,0.0,0.0,0.0,0.0,-0.6692445278167725,0.008934472687542439,1570,2,time,0.0,0.030249139294028282,-3.467571496963501,-2.4192941188812256,1545
0.21754132211208344,0.0,0.0,-0.14305993914604187,-0.2040199190378189,-0.07592800259590149,-0.1224529817700386,0.0,-0.3692839443683624,-0.033111535012722015,0.0032879530917853117,0.0,0.0,0.0,0.0,-0.6687600016593933,0.008934472687542439,1571,2,time,0.0,0.021750103682279587,-3.8061466217041016,-2.4192941188812256,1545
0.1965932697057724,0.0,0.0,-0.09257955849170685,0.3852599859237671,0.034039538353681564,-0.001770597416907549,0.0,-0.3692839443683624,-0.02965719997882843,0.0032879530917853117,0.0,0.0,0.0,0.0,-0.719328761100769,0.008934472687542439,1572,2,time,0.0,0.04725457355380058,-3.003798246383667,-2.4192941188812256,1545
0.2864672541618347,0.0,0.0,0.034291986376047134,0.3473038673400879,0.15332399308681488,0.23251302540302277,0.0,0.31189262866973877,-0.02965719997882843,0.0032879530917853117,0.0,0.0,0.0,0.0,0.4273317754268646,0.008934472687542439,1573,2,time,0.0,0.34443214535713196,-0.6436046957969666,-2.4192941188812256,1545
0.25819575786590576,0.0,0.0,0.03544190526008606,1.002894639968872,-0.1895691454410553,-0.09991823136806488,0.0,-0.1473568081855774,-0.013960170559585094,0.0032879530917853117,0.0,0.0,0.0,0.0,-0.5213083028793335,0.008934472687542439,1574,2,time,0.0,0.11079449206590652,-2.082651376724243,-2.4192941188812256,1545
0.25819575786590576,0.0,0.0,0.06098127365112305,1.0570412874221802,0.36269712448120117,-0.03748567774891853,0.0,-0.1473568081855774,-0.013960170559585094,0.0032879530917853117,0.0,0.0,0.0,0.0,-0.4385025203227997,0.008934472687542439,1575,2,time,0.0,0.21324725449085236,-1.3054617643356323,-2.4192941188812256,1545
-0.17952024936676025,0.0,0.0,0.03772052749991417,-0.10305175185203552,0.3291473686695099,0.06906741857528687,0.0,-0.2566313147544861,-0.033111535012722015,0.0032879530917853117,0.0,0.0,0.0,0.0,-0.49022215604782104,0.008934472687542439,1576,2,time,0.0,0.04592765495181084,-3.0336720943450928,-2.4192941188812256,1545
-0.17952024936676025,0.0,0.0,-0.06352487951517105,-0.1258826106786728,0.3154965937137604,0.0865020900964737,0.0,-0.2566313147544861,-0.033111535012722015,0.0032879530917853117,0.0,0.0,0.0,0.0,-0.511294960975647,0.008934472687542439,1577,2,time,0.0,0.04011598229408264,-3.1750376224517822,-2.4192941188812256,1545
-0.17952024936676025,0.0,0.0,-0.06352487951517105,0.22797361016273499,0.27965304255485535,0.003486406058073044,0.0,-0.2566313147544861,-0.02965719997882843,0.0032879530917853117,0.0,0.0,0.0,0.0,-0.5618635416030884,0.008934472687542439,1578,2,time,0.0,0.04800952225923538,-2.9871556758880615,-2.4192941188812256,1545
-0.17952024936676025,0.0,0.0,-0.11160452663898468,-0.1258826106786728,0.3154965937137604,0.09427475929260254,0.0,-0.2566313147544861,-0.033111535012722015,0.0032879530917853117,0.0,0.0,0.0,0.0,-0.5148733854293823,0.008934472687542439,1579,2,time,0.0,0.03845977410674095,-3.218923568725586,-2.4192941188812256,1545
-0.17952024936676025,0.0,0.0,0.023083306849002838,-0.47199392318725586,0.3154965937137604,0.09204575419425964,0.0,-0.2566313147544861,-0.033111535012722015,0.0014184645842760801,0.0,0.0,0.0,0.0,-0.6083871126174927,0.008934472687542439,1580,2,time,0.0,0.028527094051241875,-3.527959108352661,-2.4192941188812256,1545
-0.17952024936676025,0.0,0.0,-0.11160452663898468,-0.12837044894695282,-0.2067830115556717,0.026046201586723328,0.0,-0.2566313147544861,-0.033111535012722015,0.0032879530917853117,0.0,0.0,0.0,0.0,-0.597679078578949,0.008934472687542439,1581,2,time,0.0,0.019943134859204292,-3.8947255611419678,-2.4192941188812256,1545
-0.17952024936676025,0.0,0.0,-0.11160452663898468,-0.1312170922756195,-0.22225984930992126,0.026046201586723328,0.0,-0.2566313147544861,-0.033111535012722015,0.0032879530917853117,0.0,0.0,0.0,0.0,-0.597679078578949,0.008934472687542439,1582,2,time,0.0,0.019588129594922066,-3.9130489826202393,-2.4192941188812256,1545
-0.17952024936676025,0.0,0.0,-0.11160452663898468,-0.38684695959091187,-0.22225984930992126,0.026046201586723328,0.0,-0.2566313147544861,-0.033111535012722015,0.0032879530917853117,0.0,0.0,0.0,0.0,-0.6911929249763489,0.008934472687542439,1583,2,time,0.0,0.01389557495713234,-4.2621917724609375,-2.4192941188812256,1545
-0.19981898367404938,0.0,0.0,-0.0476265586912632,-0.49532395601272583,-0.2314852625131607,0.1906207948923111,0.0,0.3193030059337616,-0.033111535012722015,0.0014184645842760801,0.0,0.0,0.0,0.0,0.32020628452301025,0.008934472687542439,1584,2,time,0.0,0.07003338634967804,-2.586176633834839,-2.4192941188812256,1545
-0.17952024936676025,0.0,0.0,-0.11160452663898468,-0.38684695959091187,-0.22225984930992126,0.036336783319711685,0.0,-0.26692190766334534,-0.033111535012722015,0.0032879530917853117,0.0,0.0,0.0,0.0,-0.6911929249763489,0.008934472687542439,1585,2,time,0.0,0.01389557495713234,-4.2621917724609375,-2.4192941188812256,1545
-0.17952024936676025,0.0,0.0,-0.12862549722194672,-0.4324340224266052,-0.14915987849235535,0.19233593344688416,0.0,-0.28218981623649597,-0.033111535012722015,0.0032879530917853117,0.0,0.0,0.0,0.0,-0.7992051243782043,0.008934472687542439,1586,2,time,0.0,0.014500274322926998,-4.2189812660217285,-2.4192941188812256,1545
-0.15498925745487213,0.0,0.0,-0.10300949215888977,-0.4580499529838562,-0.055270321667194366,0.19233593344688416,0.0,-0.28218981623649597,-0.033111535012722015,0.0032879530917853117,0.0,0.0,0.0,0.0,-0.7992051243782043,0.008934472687542439,1587,2,time,0.0,0.016293510794639587,-4.100560665130615,-2.4192941188812256,1545
-0.14571718871593475,0.0,0.0,-0.12023188173770905,-0.48726484179496765,-0.07679616659879684,0.17795485258102417,0.0,-0.299895316362381,-0.033111535012722015,0.0032879530917853117,0.0,0.0,0.0,0.0,-0.7992051243782043,0.008934472687542439,1588,2,time,0.0,0.014900637790560722,-4.191338539123535,-2.4192941188812256,1545
-0.17952024936676025,0.0,0.0,-0.11160452663898468,-0.38684695959091187,-0.22225984930992126,0.036336783319711685,0.0,-0.26692190766334534,-0.033111535012722015,0.0032879530917853117,0.0,0.0,0.0,0.0,-0.6911929249763489,0.008934472687542439,1589,2,time,0.0,0.01389557495713234,-4.2621917724609375,-2.4192941188812256,1545
-0.1689254641532898,0.0,0.0,-0.11916178464889526,-0.09057669341564178,-0.24272917211055756,-0.07044441998004913,0.0,0.23565354943275452,-0.033111535012722015,0.0032879530917853117,0.0,0.0,0.0,0.0,-0.5675119161605835,0.008934472687542439,1590,2,time,0.0,0.03035764768719673,-3.463878870010376,-2.4192941188812256,1545
-0.15498925745487213,0.0,0.0,-0.10300949215888977,-0.44699037075042725,0.0581253245472908,0.19233593344688416,0.0,-0.28218981623649597,-0.033111535012722015,0.0032879530917853117,0.0,0.0,0.0,0.0,-0.7992051243782043,0.008934472687542439,1591,2,time,0.0,0.018413132056593895,-3.9761064052581787,-2.4192941188812256,1545
-0.17952024936676025,0.0,0.0,-0.04632366821169853,-0.5416868925094604,0.21288250386714935,-0.28036051988601685,0.0,-0.3578888475894928,-0.033111535012722015,0.0014184645842760801,0.0,0.0,0.0,0.0,-0.7418876886367798,0.008934472687542439,1592,2,time,0.0,0.012409127317368984,-4.37683629989624,-2.4192941188812256,1545
-0.1298508495092392,0.0,0.0,-0.04439667984843254,-0.5641162991523743,0.11925464123487473,-0.05658514052629471,0.0,-0.43661773204803467,-0.033111535012722015,0.0032879530917853117,0.0,0.0,0.0,0.0,-0.7961112260818481,0.008934472687542439,1593,2,time,0.0,0.012759891338646412,-4.348606586456299,-2.4192941188812256,1545
-0.1298508495092392,0.0,0.0,-0.017296310514211655,-0.5735059976577759,0.34305933117866516,-0.07878819853067398,0.0,-0.43661773204803467,-0.033111535012722015,0.0014184645842760801,0.0,0.0,0.0,0.0,-0.7961112260818481,0.008934472687542439,1594,2,time,0.0,0.015810197219252586,-4.131163597106934,-2.4192941188812256,1545
-0.14571718871593475,0.0,0.0,-0.033912379294633865,-0.5359617471694946,-0.18794862926006317,-0.16379639506340027,0.0,-0.3578888475894928,-0.033111535012722015,0.0014184645842760801,0.0,0.0,0.0,0.0,-0.7992051243782043,0.008934472687542439,1595,2,time,0.0,0.00931765977293253,-4.666482448577881,-2.4192941188812256,1545
-0.1298508495092392,0.0,0.0,-0.030538272112607956,-0.576236367225647,0.11301273852586746,-0.12932732701301575,0.0,-0.43661773204803467,-0.033111535012722015,0.0014184645842760801,0.0,0.0,0.0,0.0,-0.7961112260818481,0.008934472687542439,1596,2,time,0.0,0.011800747364759445,-4.4277215003967285,-2.4192941188812256,1545
-0.17952024936676025,0.0,0.0,-0.010637066327035427,-0.47199392318725586,0.3154965937137604,0.09981842339038849,0.0,-0.2566313147544861,-0.033111535012722015,0.0014184645842760801,0.0,0.0,0.0,0.0,-0.6083871126174927,0.008934472687542439,1597,2,time,0.0,0.02781672403216362,-3.5539069175720215,-2.4192941188812256,1545
-0.15498925745487213,0.0,0.0,-0.033912379294633865,-0.5359617471694946,0.03391668200492859,-0.16379639506340027,0.0,-0.3578888475894928,-0.033111535012722015,0.0014184645842760801,0.0,0.0,0.0,0.0,-0.7992051243782043,0.008934472687542439,1598,2,time,0.0,0.011499457061290741,-4.4538893699646,-2.4192941188812256,1545
-0.14571718871593475,0.0,0.0,-0.04777079448103905,-0.5349026918411255,-0.17064575850963593,-0.09105417877435684,0.0,-0.3578888475894928,-0.033111535012722015,0.0032879530917853117,0.0,0.0,0.0,0.0,-0.7992051243782043,0.008934472687542439,1599,2,time,0.0,0.010077039711177349,-4.587367534637451,-2.4192941188812256,1545
-0.14571718871593475,0.0,0.0,-0.033912379294633865,-0.5359617471694946,-0.18794862926006317,-0.16379639506340027,0.0,-0.3578888475894928,-0.033111535012722015,0.0014184645842760801,0.0,0.0,0.0,0.0,-0.7992051243782043,0.008934472687542439,1600,2,time,0.0,0.00931765977293253,-4.666482448577881,-2.4192941188812256,1545
-0.14571718871593475,0.0,0.0,-0.033912379294633865,-0.5470227003097534,-0.1768876612186432,-0.16379639506340027,0.0,-0.3578888475894928,-0.033111535012722015,0.0014184645842760801,0.0,0.0,0.0,0.0,-0.7992051243782043,0.008934472687542439,1601,2,time,0.0,0.00931765977293253,-4.666482448577881,-2.4192941188812256,1545
-0.1351224035024643,0.0,0.0,-0.04146965220570564,-0.4953214228153229,-0.18368014693260193,-0.08747249096632004,0.0,0.3072105050086975,-0.033111535012722015,0.0014184645842760801,0.0,0.0,0.0,0.0,-0.7690379619598389,0.008934472687542439,1602,2,time,0.0,0.020898744463920593,-3.8469460010528564,-2.4192941188812256,1545
-0.14571718871593475,0.0,0.0,-0.1258375495672226,-0.16374541819095612,-0.18794862926006317,-0.15692204236984253,0.0,-0.3578888475894928,-0.033111535012722015,0.0032879530917853117,0.0,0.0,0.0,0.0,-0.7021126747131348,0.008934472687542439,1603,2,time,0.0,0.013648886233568192,-4.2803544998168945,-2.4192941188812256,1545
-0.14571718871593475,0.0,0.0,-0.1258375495672226,-0.41937536001205444,-0.18794862926006317,-0.15692204236984253,0.0,-0.3578888475894928,-0.033111535012722015,0.0032879530917853117,0.0,0.0,0.0,0.0,-0.7956266403198242,0.008934472687542439,1604,2,time,0.0,0.009665313176810741,-4.629499435424805,-2.4192941188812256,1545
-0.1711513102054596,0.0,0.0,-0.10022155195474625,-0.44929254055023193,-0.17802397906780243,-0.10500528663396835,0.0,-0.4637572169303894,-0.033111535012722015,0.0032879530917853117,0.0,0.0,0.0,0.0,0.2985742390155792,0.008934472687542439,1605,2,time,1.0,0.0263634342700243,-3.609060049057007,-2.4192941188812256,1545
-0.11509642004966736,0.0,0.0,0.03446632996201515,0.600520670413971,0.19493748247623444,-0.2509184181690216,0.0,0.2508313059806824,-0.013960170559585094,-0.01227864995598793,0.0,0.0,0.0,0.0,0.5433034300804138,-0.03825098276138306,1606,2,time,0.0,0.22692790627479553,-1.22573983669281,-2.4192941188812256,1545
-0.19981898367404938,0.0,0.0,0.05342398211359978,0.8527824878692627,0.19330596923828125,-0.19470161199569702,0.0,0.18054580688476562,-0.013960170559585094,0.0032879530917853117,0.0,0.0,0.0,0.0,0.2888444662094116,0.008934472687542439,1607,2,time,0.0,0.22328060865402222,-1.2466497421264648,-2.4192941188812256,1545
0.25819575786590576,0.0,0.0,0.03544190526008606,1.002894639968872,-0.1895691454410553,-0.09991823136806488,0.0,-0.1473568081855774,-0.013960170559585094,0.0032879530917853117,0.0,0.0,0.0,0.0,-0.5213083028793335,0.008934472687542439,1608,2,time,0.0,0.11079449206590652,-2.082651376724243,-2.4192941188812256,1545
0.2621634900569916,0.0,0.0,0.037906862795352936,0.37302666902542114,-0.11469709128141403,0.29465916752815247,0.0,0.2808353006839752,-0.02965719997882843,0.0032879530917853117,0.0,0.0,0.0,0.0,0.4179675579071045,0.008934472687542439,1609,2,time,0.0,0.29217013716697693,-0.8848674893379211,-2.4192941188812256,1545
0.21754132211208344,0.0,0.0,-0.11958315968513489,0.33962878584861755,-0.22335700690746307,0.2471504956483841,0.0,-0.27587947249412537,-0.02965719997882843,0.0032879530917853117,0.0,0.0,0.0,0.0,-0.719328761100769,0.008934472687542439,1610,2,time,0.0,0.04877395182847977,-2.970555305480957,-2.4192941188812256,1545
0.24014787375926971,0.0,0.0,0.05342398211359978,0.8313493728637695,-0.20358997583389282,-0.20220482349395752,0.0,0.11902160197496414,-0.013960170559585094,0.0032879530917853117,0.0,0.0,0.0,0.0,-0.506062924861908,0.008934472687542439,1611,2,time,0.0,0.11017585545778275,-2.0889461040496826,-2.4192941188812256,1545
0.2491435706615448,0.0,0.0,0.03446632996201515,0.7035213708877563,0.24562163650989532,-0.2509184181690216,0.0,0.24342091381549835,-0.013960170559585094,0.0032879530917853117,0.0,0.0,0.0,0.0,0.6471116542816162,0.030283665284514427,1612,2,time,0.0,0.3711432218551636,-0.5273154973983765,-2.4192941188812256,1545
0.2864672541618347,0.0,0.0,0.05342398211359978,0.7986356019973755,-0.20145294070243835,-0.3086460530757904,0.0,0.1821669638156891,-0.013960170559585094,0.0032879530917853117,0.0,0.0,0.0,0.0,0.47362369298934937,0.008934472687542439,1613,2,time,0.0,0.2429058849811554,-1.1368135213851929,-2.4192941188812256,1545
0.25819575786590576,0.0,0.0,-0.11400522291660309,0.24533100426197052,0.3303371071815491,0.003486406058073044,0.0,-0.25032100081443787,-0.02965719997882843,0.0032879530917853117,0.0,0.0,0.0,0.0,-0.5285108089447021,0.008934472687542439,1614,2,time,0.0,0.07640573382377625,-2.492215156555176,-2.4192941188812256,1545
0.17854537069797516,0.0,0.0,-0.07954031974077225,0.4259004592895508,0.2545592486858368,0.03299220651388168,0.0,0.35870957374572754,-0.02965719997882843,0.0032879530917853117,0.0,0.0,0.0,0.0,-0.7009896636009216,0.008934472687542439,1615,2,time,0.0,0.12275981158018112,-1.9665511846542358,-2.4192941188812256,1545
0.2569524943828583,0.0,0.0,0.037906862795352936,0.34196937084198,-0.11365944147109985,0.1483418345451355,0.0,0.3028610646724701,-0.02965719997882843,0.0032879530917853117,0.0,0.0,0.0,0.0,0.31619739532470703,0.008934472687542439,1616,2,time,0.0,0.2411913126707077,-1.1461591720581055,-2.4192941188812256,1545
0.2950526177883148,0.0,0.0,0.044238314032554626,0.9566885232925415,0.2722470760345459,-0.14392688870429993,0.0,-0.2532251477241516,0.05367908626794815,0.0032879530917853117,0.0,0.0,0.0,0.0,0.4207110106945038,0.008934472687542439,1617,2,time,0.0,0.31829747557640076,-0.7616069316864014,-2.4192941188812256,1545
0.25819575786590576,0.0,0.0,0.05019330233335495,0.21998880803585052,-0.1618388593196869,-0.08797284960746765,0.0,-0.25032100081443787,-0.02965719997882843,0.0032879530917853117,0.0,0.0,0.0,0.0,-0.5902437567710876,0.008934472687542439,1618,2,time,0.0,0.0474834106862545,-2.9987270832061768,-2.4192941188812256,1545
0.21754132211208344,0.0,0.0,-0.1258375495672226,-0.16374541819095612,-0.1772778034210205,-0.06915778666734695,0.0,-0.3515785038471222,-0.033111535012722015,0.0032879530917853117,0.0,0.0,0.0,0.0,-0.6687600016593933,0.008934472687542439,1619,2,time,0.0,0.02233530394732952,-3.7789981365203857,-2.4192941188812256,1545
0.1965932697057724,0.0,0.0,-0.11826375126838684,-0.21864692866802216,0.2953663170337677,-0.08847896009683609,0.0,-0.4303073585033417,-0.033111535012722015,0.0032879530917853117,0.0,0.0,0.0,0.0,-0.6692445278167725,0.008934472687542439,1620,2,time,0.0,0.03008548729121685,-3.4731650352478027,-2.4192941188812256,1545
0.22868098318576813,0.0,0.0,0.05227633938193321,0.32974401116371155,0.010549934580922127,-0.06884726881980896,0.0,-0.3515785038471222,-0.02965719997882843,0.0032879530917853117,0.0,0.0,0.0,0.0,-0.6982558965682983,0.008934472687542439,1621,2,time,0.0,0.0504906065762043,-2.9341580867767334,-2.4192941188812256,1545
0.2950526177883148,0.0,0.0,0.04202360659837723,0.8962265253067017,-0.16524936258792877,-0.22265642881393433,0.0,-0.31557461619377136,0.05367908626794815,0.0032879530917853117,0.0,0.0,0.0,0.0,0.6096867918968201,0.030283665284514427,1622,2,time,0.0,0.23280607163906097,-1.1925337314605713,-2.4192941188812256,1545
0.2543981671333313,0.0,0.0,-0.11958315968513489,-0.3272603154182434,-0.17758871614933014,0.2479230910539627,0.0,-0.3817478120326996,-0.033111535012722015,0.0032879530917853117,0.0,0.0,0.0,0.0,0.3131599426269531,0.008934472687542439,1623,2,time,0.0,0.06717726588249207,-2.630880355834961,-2.4192941188812256,1545
0.17854537069797516,0.0,0.0,-0.12582102417945862,-0.17800657451152802,0.41253527998924255,-0.10943550616502762,0.0,0.35870957374572754,-0.033111535012722015,0.0032879530917853117,0.0,0.0,0.0,0.0,-0.6794878840446472,0.008934472687542439,1624,2,time,0.0,0.07023122161626816,-2.5831429958343506,-2.4192941188812256,1545
0.23345012962818146,0.0,0.0,0.07344815880060196,-0.5805375576019287,0.062349628657102585,-0.17102062702178955,0.0,-0.5361756682395935,-0.033111535012722015,0.0014184645842760801,0.0,0.0,0.0,0.0,0.42289674282073975,0.008934472687542439,1625,2,time,0.0,0.050323888659477234,-2.937641143798828,-2.4192941188812256,1545
0.1965932697057724,0.0,0.0,-0.11826375126838684,-0.21864692866802216,0.2953663170337677,-0.18575941026210785,0.0,-0.4303073585033417,-0.033111535012722015,0.0032879530917853117,0.0,0.0,0.0,0.0,-0.6947329044342041,0.008934472687542439,1626,2,time,0.0,0.02670247294008732,-3.595933675765991,-2.4192941188812256,1545
0.21754132211208344,0.0,0.0,0.05227633938193321,0.34396669268608093,-0.19757024943828583,-0.09682443737983704,0.0,-0.3515785038471222,-0.02965719997882843,0.0032879530917853117,0.0,0.0,0.0,0.0,-0.6982558965682983,0.008934472687542439,1627,2,time,0.0,0.04041994363069534,-3.167172431945801,-2.4192941188812256,1545
0.2950526177883148,0.0,0.0,0.04184926301240921,0.42166072130203247,-0.168288454413414,0.30222463607788086,0.0,-0.34920451045036316,-0.02965719997882843,0.0032879530917853117,0.0,0.0,0.0,0.0,0.41969025135040283,0.008934472687542439,1628,2,time,1.0,0.186374232172966,-1.4737439155578613,-2.4192941188812256,1545
0.16964182257652283,0.0,0.0,0.005696283187717199,0.17992807924747467,-0.18221236765384674,-0.19911903142929077,0.0,-0.4185388386249542,-0.02965719997882843,-0.01227864995598793,0.0,0.0,0.0,0.0,0.44806668162345886,-0.03825098276138306,1629,2,time,0.0,0.07613774389028549,-2.496018886566162,-2.4192941188812256,1545
0.21754132211208344,0.0,0.0,-0.14305993914604187,0.40261733531951904,0.0057106781750917435,0.005610189866274595,0.0,-0.3692839443683624,-0.02965719997882843,0.0032879530917853117,0.0,0.0,0.0,0.0,-0.719328761100769,0.008934472687542439,1630,2,time,0.0,0.04578549042344093,-3.036921262741089,-2.4192941188812256,1545
0.1965932697057724,0.0,0.0,-0.07310035079717636,0.3879903554916382,0.3464958071708679,-0.0020162509754300117,0.0,-0.4303073585033417,-0.02965719997882843,0.0032879530917853117,0.0,0.0,0.0,0.0,-0.7198132872581482,0.008934472687542439,1631,2,time,0.0,0.06117524579167366,-2.730886220932007,-2.4192941188812256,1545
0.25819575786590576,0.0,0.0,-0.11160452663898468,-0.1312170922756195,-0.171575665473938,0.026046201586723328,0.0,-0.25032100081443787,-0.033111535012722015,0.0032879530917853117,0.0,0.0,0.0,0.0,-0.5643264055252075,0.008934472687542439,1632,2,time,0.0,0.03276800736784935,-3.3849856853485107,-2.4192941188812256,1545
0.25819575786590576,0.0,0.0,-0.11160452663898468,-0.1312170922756195,-0.171575665473938,0.026046201586723328,0.0,-0.25032100081443787,-0.033111535012722015,0.0032879530917853117,0.0,0.0,0.0,0.0,-0.5643264055252075,0.008934472687542439,1633,2,time,0.0,0.03276800736784935,-3.3849856853485107,-2.4192941188812256,1545
0.22868098318576813,0.0,0.0,-0.09919323027133942,-0.12015748023986816,0.04565681517124176,0.026046201586723328,0.0,-0.25032100081443787,-0.033111535012722015,0.0032879530917853117,0.0,0.0,0.0,0.0,-0.5643264055252075,0.008934472687542439,1634,2,time,0.0,0.040163807570934296,-3.1737964153289795,-2.4192941188812256,1545
0.25819575786590576,0.0,0.0,-0.11160452663898468,-0.38684695959091187,-0.171575665473938,0.036336783319711685,0.0,-0.26061156392097473,-0.033111535012722015,0.0032879530917853117,0.0,0.0,0.0,0.0,-0.6578403115272522,0.008934472687542439,1635,2,time,0.0,0.023336365818977356,-3.7341294288635254,-2.4192941188812256,1545
0.22868098318576813,0.0,0.0,-0.09919323027133942,-0.3757873773574829,0.04565681517124176,0.036336783319711685,0.0,-0.26061156392097473,-0.033111535012722015,0.0032879530917853117,0.0,0.0,0.0,0.0,-0.6578403115272522,0.008934472687542439,1636,2,time,0.0,0.028666513040661812,-3.522940158843994,-2.4192941188812256,1545
0.2950526177883148,0.0,0.0,-0.06954147666692734,0.18713608384132385,0.2653683125972748,-0.10295487940311432,0.0,-0.3561893105506897,-0.02965719997882843,0.0032879530917853117,0.0,0.0,0.0,0.0,0.39190930128097534,0.008934472687542439,1637,2,time,0.0,0.13872160017490387,-1.825948715209961,-2.4192941188812256,1545
0.23389197885990143,0.0,0.0,-0.09919323027133942,-0.1312170922756195,-0.08327877521514893,0.026046201586723328,0.0,-0.25032100081443787,-0.033111535012722015,0.0032879530917853117,0.0,0.0,0.0,0.0,-0.5643264055252075,0.008934472687542439,1638,2,time,0.0,0.03527798503637314,-3.3085808753967285,-2.4192941188812256,1545
0.1965932697057724,0.0,0.0,-0.11826375126838684,-0.21864692866802216,0.2953663170337677,-0.18575941026210785,0.0,-0.4303073585033417,-0.033111535012722015,0.0032879530917853117,0.0,0.0,0.0,0.0,-0.6947329044342041,0.008934472687542439,1639,2,time,0.0,0.02670247294008732,-3.595933675765991,-2.4192941188812256,1545
0.25819575786590576,0.0,0.0,0.02465394139289856,-0.10305175185203552,0.3798314332962036,0.06906741857528687,0.0,-0.25032100081443787,-0.033111535012722015,0.0032879530917853117,0.0,0.0,0.0,0.0,-0.4568694531917572,0.008934472687542439,1640,2,time,0.0,0.0745592787861824,-2.5186755657196045,-2.4192941188812256,1545
0.25819575786590576,0.0,0.0,-0.06352487951517105,0.22797361016273499,0.3303371071815491,0.003486406058073044,0.0,-0.25032100081443787,-0.02965719997882843,0.0032879530917853117,0.0,0.0,0.0,0.0,-0.5285108089447021,0.008934472687542439,1641,2,time,0.0,0.07877619564533234,-2.459092140197754,-2.4192941188812256,1545
0.25819575786590576,0.0,0.0,-0.11160452663898468,-0.12837044894695282,-0.15609879791736603,0.026046201586723328,0.0,-0.25032100081443787,-0.033111535012722015,0.0032879530917853117,0.0,0.0,0.0,0.0,-0.5643264055252075,0.008934472687542439,1642,2,time,0.0,0.03335375338792801,-3.3666622638702393,-2.4192941188812256,1545
0.21754132211208344,0.0,0.0,0.05227633938193321,0.30426281690597534,-0.13350975513458252,-0.09682443737983704,0.0,-0.3515785038471222,-0.02965719997882843,0.0032879530917853117,0.0,0.0,0.0,0.0,-0.6982558965682983,0.008934472687542439,1643,2,time,0.0,0.04137527197599411,-3.1428163051605225,-2.4192941188812256,1545
0.2864672541618347,0.0,0.0,0.034291986376047134,-0.307564377784729,-0.1752040833234787,0.09166540205478668,0.0,0.34854117035865784,-0.033111535012722015,0.0032879530917853117,0.0,0.0,0.0,0.0,0.34930989146232605,0.008934472687542439,1644,2,time,0.0,0.14031502604484558,-1.812675952911377,-2.4192941188812256,1545
0.21754132211208344,0.0,0.0,0.05227633938193321,-0.15827195346355438,-0.1670915186405182,-0.07843033969402313,0.0,-0.3515785038471222,-0.033111535012722015,0.0032879530917853117,0.0,0.0,0.0,0.0,-0.6476871967315674,0.008934472687542439,1645,2,time,0.0,0.027293764054775238,-3.5734238624572754,-2.4192941188812256,1545
0.25819575786590576,0.0,0.0,0.026798473671078682,-0.16933155059814453,-0.16678470373153687,-0.07843033969402313,0.0,-0.3515785038471222,-0.033111535012722015,0.0032879530917853117,0.0,0.0,0.0,0.0,-0.6476871967315674,0.008934472687542439,1646,2,time,0.0,0.0274114478379488,-3.569000482559204,-2.4192941188812256,1545
0.25819575786590576,0.0,0.0,0.01663794554769993,-0.6464194059371948,0.3078746199607849,0.32659897208213806,0.0,-0.27587947249412537,-0.033111535012722015,0.0014184645842760801,0.0,0.0,0.0,0.0,-0.5826053023338318,0.008934472687542439,1647,2,time,0.0,0.04575372114777565,-3.0376486778259277,-2.4192941188812256,1545
0.2864672541618347,0.0,0.0,0.042636025696992874,-0.32234251499176025,0.2675730288028717,-0.13966041803359985,0.0,0.29138848185539246,-0.033111535012722015,0.0032879530917853117,0.0,0.0,0.0,0.0,0.3725864589214325,0.008934472687542439,1648,2,time,0.0,0.16225631535053253,-1.6415349245071411,-2.4192941188812256,1545
0.1965932697057724,0.0,0.0,-0.09257955849170685,-0.4770071804523468,-0.05497995391488075,-0.1224529817700386,0.0,-0.3692839443683624,-0.033111535012722015,0.0032879530917853117,0.0,0.0,0.0,0.0,-0.7622740268707275,0.008934472687542439,1649,2,time,0.0,0.015950797125697136,-4.122167110443115,-2.4192941188812256,1545
0.23345012962818146,0.0,0.0,-0.06704584509134293,-0.3975200355052948,0.2996058166027069,-0.0774330273270607,0.0,-0.5985251665115356,-0.033111535012722015,0.0032879530917853117,0.0,0.0,0.0,0.0,0.5671777725219727,0.030283665284514427,1650,2,time,0.0,0.07877390831708908,-2.4591236114501953,-2.4192941188812256,1545
0.1965932697057724,0.0,0.0,-0.04636706784367561,-0.5026231408119202,0.05242495611310005,-0.20489470660686493,0.0,-0.4303073585033417,-0.033111535012722015,0.0032879530917853117,0.0,0.0,0.0,0.0,-0.7808820605278015,0.008934472687542439,1651,2,time,0.0,0.015424732118844986,-4.156238079071045,-2.4192941188812256,1545
0.25819575786590576,0.0,0.0,0.026798473671078682,-0.16933155059814453,-0.16332025825977325,-0.06020433083176613,0.0,-0.3515785038471222,-0.033111535012722015,0.0032879530917853117,0.0,0.0,0.0,0.0,-0.6476871967315674,0.008934472687542439,1652,2,time,0.0,0.02799568511545658,-3.5473098754882812,-2.4192941188812256,1545
0.25819575786590576,0.0,0.0,0.02465394139289856,0.25080442428588867,0.3439878821372986,-0.013948249630630016,0.0,-0.25032100081443787,-0.02965719997882843,0.0032879530917853117,0.0,0.0,0.0,0.0,-0.507438063621521,0.008934472687542439,1653,2,time,0.0,0.08860459178686142,-2.3307931423187256,-2.4192941188812256,1545
0.17854537069797516,0.0,0.0,-0.08065762370824814,0.4286308288574219,0.4953129291534424,0.04265947267413139,0.0,0.35870957374572754,-0.02965719997882843,0.0032879530917853117,0.0,0.0,0.0,0.0,-0.704568088054657,0.008934472687542439,1654,2,time,0.0,0.15211662650108337,-1.7180955410003662,-2.4192941188812256,1545
0.2950526177883148,0.0,0.0,0.033450350165367126,-0.2588721215724945,-0.12607485055923462,-0.10110782086849213,0.0,-0.36647990345954895,0.12770766019821167,0.0032879530917853117,0.0,0.0,0.0,0.0,0.2737535238265991,0.008934472687542439,1655,2,time,0.0,0.07380612194538116,-2.52964186668396,-2.4192941188812256,1545
-0.17952024936676025,0.0,0.0,0.03772052749991417,-0.35868167877197266,0.3291473686695099,0.06906741857528687,0.0,-0.2566313147544861,-0.033111535012722015,0.0032879530917853117,0.0,0.0,0.0,0.0,-0.5837359428405762,0.008934472687542439,1656,2,time,0.0,0.03283684328198433,-3.3828160762786865,-2.4192941188812256,1545
-0.14571718871593475,0.0,0.0,-0.10022155195474625,-0.4560522437095642,-0.1768876612186432,-0.15692204236984253,0.0,-0.3578888475894928,-0.033111535012722015,0.0032879530917853117,0.0,0.0,0.0,0.0,-0.7956266403198242,0.008934472687542439,1657,2,time,0.0,0.009665313176810741,-4.629499435424805,-2.4192941188812256,1545
-0.1298508495092392,0.0,0.0,-0.05874108523130417,-0.4742768108844757,0.3247400224208832,-0.09683500975370407,0.0,-0.43661773204803467,-0.033111535012722015,0.0032879530917853117,0.0,0.0,0.0,0.0,-0.792532742023468,0.008934472687542439,1658,2,time,0.0,0.01623373106122017,-4.104297161102295,-2.4192941188812256,1545
-0.17952024936676025,0.0,0.0,0.03305285423994064,-0.1539732664823532,-0.2140045017004013,0.11726292967796326,0.0,-0.28218981623649597,-0.033111535012722015,0.0032879530917853117,0.0,0.0,0.0,0.0,-0.6810398101806641,0.008934472687542439,1659,2,time,0.0,0.02186856046319008,-3.8005940914154053,-2.4192941188812256,1545
-0.17952024936676025,0.0,0.0,0.03305285423994064,-0.1539732664823532,-0.19950224459171295,0.20495979487895966,0.0,-0.28218981623649597,-0.033111535012722015,0.0032879530917853117,0.0,0.0,0.0,0.0,-0.6810398101806641,0.008934472687542439,1660,2,time,0.0,0.024164844304323196,-3.698394775390625,-2.4192941188812256,1545
-0.18042337894439697,0.0,0.0,0.035533398389816284,-0.3371451497077942,0.06373398005962372,-0.02651360258460045,0.0,-0.4637572169303894,-0.033111535012722015,0.0032879530917853117,0.0,0.0,0.0,0.0,0.22845570743083954,0.008934472687542439,1661,2,time,0.0,0.04227769747376442,-3.120298147201538,-2.4192941188812256,1545
-0.17952024936676025,0.0,0.0,0.026798473671078682,-0.16933155059814453,-0.2140045017004013,-0.06020433083176613,0.0,-0.3578888475894928,-0.033111535012722015,0.0032879530917853117,0.0,0.0,0.0,0.0,-0.6810398101806641,0.008934472687542439,1662,2,time,1.0,0.01670217327773571,-4.07537317276001,-2.4192941188812256,1545
-0.18029440939426422,0.0,0.0,0.031235642731189728,-0.17694704234600067,-0.19060443341732025,-0.11160875856876373,0.0,-0.4351397752761841,-0.033111535012722015,-0.01227864995598793,0.0,0.0,0.0,0.0,0.7530256509780884,-0.03825098276138306,1663,2,time,0.0,0.05661139637231827,-2.813267946243286,-2.4192941188812256,1545
-0.17952024936676025,0.0,0.0,0.02465394139289856,-0.10838621854782104,-0.20860913395881653,0.0008388794958591461,0.0,-0.2566313147544861,-0.033111535012722015,0.0032879530917853117,0.0,0.0,0.0,0.0,-0.5730278491973877,0.008934472687542439,1664,2,time,0.0,0.02318335697054863,-3.7408642768859863,-2.4192941188812256,1545
-0.17952024936676025,0.0,0.0,0.02465394139289856,0.24546997249126434,-0.24445275962352753,-0.0821768194437027,0.0,-0.2566313147544861,-0.02965719997882843,0.0032879530917853117,0.0,0.0,0.0,0.0,-0.6235964298248291,0.008934472687542439,1665,2,time,0.0,0.02784174494445324,-3.5529820919036865,-2.4192941188812256,1545
-0.19981898367404938,0.0,0.0,0.025893069803714752,0.25873106718063354,0.18104521930217743,-0.22267605364322662,0.0,0.29879888892173767,-0.02965719997882843,0.0032879530917853117,0.0,0.0,0.0,0.0,0.28134220838546753,0.008934472687542439,1666,2,time,1.0,0.1402260661125183,-1.8134136199951172,-2.4192941188812256,1545
-0.18029440939426422,0.0,0.0,0.031235642731189728,0.1852625459432602,0.21093368530273438,-0.13668645918369293,0.0,-0.42484918236732483,-0.02965719997882843,-0.01227864995598793,0.0,0.0,0.0,0.0,0.6879071593284607,-0.03825098276138306,1667,2,time,0.0,0.10659810155630112,-2.1259708404541016,-2.4192941188812256,1545
-0.17952024936676025,0.0,0.0,0.04611944034695625,-0.1539732664823532,-0.16553182899951935,0.35488271713256836,0.0,-0.28218981623649597,-0.033111535012722015,0.0032879530917853117,0.0,0.0,0.0,0.0,-0.6052498817443848,0.008934472687542439,1668,2,time,0.0,0.03150355443358421,-3.4256443977355957,-2.4192941188812256,1545
-0.17952024936676025,0.0,0.0,0.02465394139289856,-0.10838621854782104,-0.20860913395881653,0.011129462160170078,0.0,-0.26692190766334534,-0.033111535012722015,0.0032879530917853117,0.0,0.0,0.0,0.0,-0.5730278491973877,0.008934472687542439,1669,2,time,0.0,0.02318335697054863,-3.7408642768859863,-2.4192941188812256,1545
-0.1298508495092392,0.0,0.0,-0.11826375126838684,-0.21864692866802216,0.35595405101776123,-0.08847896009683609,0.0,-0.43661773204803467,-0.033111535012722015,0.0032879530917853117,0.0,0.0,0.0,0.0,-0.7025972604751587,0.008934472687542439,1670,2,time,0.0,0.022342152893543243,-3.778684616088867,-2.4192941188812256,1545
-0.1298508495092392,0.0,0.0,-0.09264779090881348,-0.4998927712440491,0.35595405101776123,-0.08847896009683609,0.0,-0.43661773204803467,-0.033111535012722015,0.0032879530917853117,0.0,0.0,0.0,0.0,-0.7961112260818481,0.008934472687542439,1671,2,time,0.0,0.01586216688156128,-4.127829074859619,-2.4192941188812256,1545
-0.1298508495092392,0.0,0.0,-0.017296310514211655,-0.5735059976577759,0.35595405101776123,-0.1889633685350418,0.0,-0.43661773204803467,-0.033111535012722015,0.0014184645842760801,0.0,0.0,0.0,0.0,-0.8215996026992798,0.008934472687542439,1672,2,time,0.0,0.014009203761816025,-4.253932476043701,-2.4192941188812256,1545
-0.17952024936676025,0.0,0.0,0.02465394139289856,-0.35868167877197266,0.3291473686695099,0.06906741857528687,0.0,-0.2566313147544861,-0.033111535012722015,0.0032879530917853117,0.0,0.0,0.0,0.0,-0.5837359428405762,0.008934472687542439,1673,2,time,0.0,0.03242439031600952,-3.3958826065063477,-2.4192941188812256,1545
-0.15498925745487213,0.0,0.0,-0.09919323027133942,-0.3757873773574829,0.04901842027902603,0.026046201586723328,0.0,-0.2566313147544861,-0.033111535012722015,0.0032879530917853117,0.0,0.0,0.0,0.0,-0.6911929249763489,0.008934472687542439,1674,2,time,0.0,0.019022779539227486,-3.9429121017456055,-2.4192941188812256,1545
-0.1298508495092392,0.0,0.0,0.0007667280733585358,-0.5641162991523743,0.11301273852586746,-0.1224529817700386,0.0,-0.43661773204803467,-0.033111535012722015,0.0032879530917853117,0.0,0.0,0.0,0.0,-0.7961112260818481,0.008934472687542439,1675,2,time,0.0,0.012424861080944538,-4.375553131103516,-2.4192941188812256,1545
-0.2049543708562851,0.0,0.0,0.03305285423994064,-0.332846462726593,-0.20407983660697937,0.16917967796325684,0.0,-0.38805821537971497,-0.033111535012722015,0.0032879530917853117,0.0,0.0,0.0,0.0,0.2385891228914261,0.008934472687542439,1676,2,time,0.0,0.041914742439985275,-3.1292991638183594,-2.4192941188812256,1545
-0.2049543708562851,0.0,0.0,0.031235642731189728,0.2180907130241394,0.21093368530273438,-0.13668645918369293,0.0,-0.42484918236732483,-0.02965719997882843,0.0032879530917853117,0.0,0.0,0.0,0.0,0.4275389015674591,0.030283665284514427,1677,2,time,0.0,0.09161525964736938,-2.294070243835449,-2.4192941188812256,1545
-0.15498925745487213,0.0,0.0,-0.11958315968513489,-0.1483871340751648,0.0581253245472908,0.19600632786750793,0.0,-0.28218981623649597,-0.033111535012722015,0.0032879530917853117,0.0,0.0,0.0,0.0,-0.7021126747131348,0.008934472687542439,1678,2,time,0.0,0.026770679280161858,-3.5933125019073486,-2.4192941188812256,1545
-0.14571718871593475,0.0,0.0,-0.08632518351078033,-0.20601901412010193,-0.05329354852437973,0.0023190665524452925,0.0,-0.35621243715286255,-0.033111535012722015,0.0032879530917853117,0.0,0.0,0.0,0.0,-0.7021126747131348,0.008934472687542439,1679,2,time,0.0,0.018207550048828125,-3.9875435829162598,-2.4192941188812256,1545
-0.19981898367404938,0.0,0.0,0.050973448902368546,-0.2922061085700989,-0.15384145081043243,0.18489454686641693,0.0,0.3102714717388153,-0.033111535012722015,0.0032879530917853117,0.0,0.0,0.0,0.0,0.12496296316385269,0.008934472687542439,1680,2,time,1.0,0.08204010874032974,-2.414945363998413,-2.4192941188812256,1545
-0.17515899240970612,0.0,0.0,0.03446632996201515,0.5463737845420837,-0.25050559639930725,-0.319146990776062,0.0,0.2508313059806824,-0.013960170559585094,-0.01227864995598793,0.0,0.0,0.0,0.0,0.7037917971611023,-0.03825098276138306,1681,2,time,0.0,0.15536437928676605,-1.6931321620941162,-2.4192941188812256,1545
-0.14571718871593475,0.0,0.0,0.050131816416978836,0.3768613040447235,-0.17030198872089386,-0.07188624143600464,0.0,-0.23437859117984772,-0.02965719997882843,0.0032879530917853117,0.0,0.0,0.0,0.0,-0.6235964298248291,0.008934472687542439,1682,2,time,0.0,0.037125635892152786,-3.255615234375,-2.4192941188812256,1545
-0.14571718871593475,0.0,0.0,-0.14305993914604187,-0.2040199190378189,-0.05329354852437973,-0.04553397744894028,0.0,-0.37559428811073303,-0.033111535012722015,0.0032879530917853117,0.0,0.0,0.0,0.0,-0.7021126747131348,0.008934472687542439,1683,2,time,0.0,0.016150621697306633,-4.109514236450195,-2.4192941188812256,1545
-0.17952024936676025,0.0,0.0,0.02465394139289856,-0.10838621854782104,-0.20860913395881653,0.011129462160170078,0.0,-0.26692190766334534,-0.033111535012722015,0.0032879530917853117,0.0,0.0,0.0,0.0,-0.5730278491973877,0.008934472687542439,1684,2,time,1.0,0.02318335697054863,-3.7408642768859863,-2.4192941188812256,1545
-0.12023183703422546,0.0,0.0,0.013357223942875862,0.8028675317764282,0.2231944352388382,-0.15442785620689392,0.0,-0.32188498973846436,-0.013960170559585094,0.0032879530917853117,0.0,0.0,0.0,0.0,0.39448949694633484,-0.03825098276138306,1685,2,time,0.0,0.16371352970600128,-1.6308530569076538,-2.4192941188812256,1545
-0.17952024936676025,0.0,0.0,0.06098127365112305,1.0570412874221802,0.3120129704475403,-0.03748567774891853,0.0,-0.1536671668291092,-0.013960170559585094,0.0032879530917853117,0.0,0.0,0.0,0.0,-0.4718552231788635,0.008934472687542439,1686,2,time,0.0,0.13781894743442535,-1.833524465560913,-2.4192941188812256,1545
-0.2049543708562851,0.0,0.0,0.03772052749991417,0.2180907130241394,0.20285364985466003,-0.12038949131965637,0.0,-0.3624997138977051,-0.02965719997882843,0.0032879530917853117,0.0,0.0,0.0,0.0,0.2662651538848877,0.008934472687542439,1687,2,time,0.0,0.08320002257823944,-2.399641752243042,-2.4192941188812256,1545
0.21754132211208344,0.0,0.0,-0.1258375495672226,0.3242705166339874,-0.24537786841392517,-0.07780071347951889,0.0,-0.3515785038471222,-0.02965719997882843,0.0032879530917853117,0.0,0.0,0.0,0.0,-0.719328761100769,0.008934472687542439,1688,2,time,0.0,0.03183489292860031,-3.414839744567871,-2.4192941188812256,1545
0.25819575786590576,0.0,0.0,0.03305285423994064,0.33404266834259033,-0.1846616268157959,0.2561039328575134,0.0,-0.27587947249412537,-0.02965719997882843,0.0032879530917853117,0.0,0.0,0.0,0.0,-0.6982558965682983,0.008934472687542439,1689,2,time,0.0,0.06214473769068718,-2.7141294479370117,-2.4192941188812256,1545
0.2106330841779709,0.0,0.0,0.050973448902368546,-0.10227328538894653,0.04794510453939438,0.2798035740852356,0.0,0.2487473040819168,-0.033111535012722015,0.0032879530917853117,0.0,0.0,0.0,0.0,-0.5320006608963013,0.008934472687542439,1690,2,time,0.0,0.09653319418430328,-2.2363524436950684,-2.4192941188812256,1545
0.25819575786590576,0.0,0.0,0.026798473671078682,0.3186843991279602,-0.19916389882564545,-0.009060177952051163,0.0,-0.3515785038471222,-0.02965719997882843,0.0032879530917853117,0.0,0.0,0.0,0.0,-0.6982558965682983,0.008934472687542439,1691,2,time,0.0,0.04347554221749306,-3.0911078453063965,-2.4192941188812256,1545
0.25819575786590576,0.0,0.0,0.05859221890568733,0.33404266834259033,-0.17821311950683594,0.25030794739723206,0.0,-0.27587947249412537,-0.02965719997882843,0.0032879530917853117,0.0,0.0,0.0,0.0,-0.6982558965682983,0.008934472687542439,1692,2,time,0.0,0.06368888914585114,-2.6879377365112305,-2.4192941188812256,1545
0.25819575786590576,0.0,0.0,0.03305285423994064,0.33404266834259033,-0.1846616268157959,0.2561039328575134,0.0,-0.27587947249412537,-0.02965719997882843,0.0032879530917853117,0.0,0.0,0.0,0.0,-0.6982558965682983,0.008934472687542439,1693,2,time,0.0,0.06214473769068718,-2.7141294479370117,-2.4192941188812256,1545
0.25819575786590576,0.0,0.0,0.04611944034695625,-0.1539732664823532,-0.1148475930094719,0.20495979487895966,0.0,-0.27587947249412537,-0.033111535012722015,0.0032879530917853117,0.0,0.0,0.0,0.0,-0.6476871967315674,0.008934472687542439,1694,2,time,1.0,0.04215654730796814,-3.1232943534851074,-2.4192941188812256,1545
0.16105647385120392,0.0,0.0,0.011205600574612617,0.22590290009975433,0.22691239416599274,-0.22738100588321686,0.0,0.3526424467563629,-0.02965719997882843,-0.01227864995598793,0.0,0.0,0.0,0.0,0.579311728477478,-0.03825098276138306,1695,2,time,0.0,0.23688554763793945,-1.1698309183120728,-2.4192941188812256,1545
-0.1298508495092392,0.0,0.0,-0.07310035079717636,-0.4742768108844757,0.3247400224208832,-0.09683500975370407,0.0,-0.43661773204803467,-0.033111535012722015,0.0032879530917853117,0.0,0.0,0.0,0.0,-0.7961112260818481,0.008934472687542439,1696,2,time,1.0,0.015949726104736328,-4.122235298156738,-2.4192941188812256,1545
-0.14649134874343872,0.0,0.0,-0.08358848094940186,-0.31336426734924316,-0.17639246582984924,-0.11550623178482056,0.0,-0.5261067152023315,-0.033111535012722015,-0.01227864995598793,0.0,0.0,0.0,0.0,0.9245633482933044,-0.03825098276138306,1697,2,time,0.0,0.05021984502673149,-2.9398202896118164,-2.4192941188812256,1545
-0.1298508495092392,0.0,0.0,-0.03115471825003624,-0.5613859295845032,0.35595405101776123,-0.18575941026210785,0.0,-0.43661773204803467,-0.033111535012722015,0.0032879530917853117,0.0,0.0,0.0,0.0,-0.8215996026992798,0.008934472687542439,1698,2,time,0.0,0.014055337756872177,-4.250597953796387,-2.4192941188812256,1545
-0.15014958381652832,0.0,0.0,-0.0361938513815403,-0.35687974095344543,0.4440460801124573,-0.05103607848286629,0.0,0.4292652904987335,-0.033111535012722015,0.0032879530917853117,0.0,0.0,0.0,0.0,0.2984899878501892,0.008934472687542439,1699,2,time,0.0,0.13439558446407318,-1.8626405000686646,-2.4192941188812256,1545
-0.17952024936676025,0.0,0.0,0.026798473671078682,-0.16933155059814453,-0.18974043428897858,-0.147968590259552,0.0,-0.3578888475894928,-0.033111535012722015,0.0032879530917853117,0.0,0.0,0.0,0.0,-0.6810398101806641,0.008934472687542439,1700,2,time,0.0,0.01569068245589733,-4.138873100280762,-2.4192941188812256,1545
-0.16001449525356293,0.0,0.0,0.0392097532749176,0.3186843991279602,-0.1212061420083046,-0.027286197990179062,0.0,-0.3578888475894928,-0.02965719997882843,0.0032879530917853117,0.0,0.0,0.0,0.0,-0.731608510017395,0.008934472687542439,1701,2,time,0.0,0.029978496953845024,-3.4768378734588623,-2.4192941188812256,1545
-0.1298508495092392,0.0,0.0,-0.07198304682970047,-0.22137729823589325,0.11301273852586746,-0.1224529817700386,0.0,-0.43661773204803467,-0.033111535012722015,0.0032879530917853117,0.0,0.0,0.0,0.0,-0.6990187764167786,0.008934472687542439,1702,2,time,0.0,0.017837191000580788,-4.008471488952637,-2.4192941188812256,1545
-0.1298508495092392,0.0,0.0,-0.09257955849170685,-0.4770071804523468,0.005607816856354475,-0.1224529817700386,0.0,-0.37559428811073303,-0.033111535012722015,0.0032879530917853117,0.0,0.0,0.0,0.0,-0.7956266403198242,0.008934472687542439,1703,2,time,0.0,0.01180114783346653,-4.427687168121338,-2.4192941188812256,1545
-0.1689254641532898,0.0,0.0,0.019241193309426308,-0.1286911815404892,-0.24418017268180847,-0.07164470106363297,0.0,0.3072105050086975,-0.033111535012722015,0.0032879530917853117,0.0,0.0,0.0,0.0,-0.6508727073669434,0.008934472687542439,1704,2,time,0.0,0.03298870101571083,-3.378045082092285,-2.4192941188812256,1545
-0.2049543708562851,0.0,0.0,0.016309911385178566,0.3013288974761963,-0.22542120516300201,0.3080206513404846,0.0,-0.38805821537971497,-0.02965719997882843,0.0032879530917853117,0.0,0.0,0.0,0.0,0.3240465223789215,0.008934472687542439,1705,2,time,0.0,0.09067211300134659,-2.3054559230804443,-2.4192941188812256,1545
-0.14571718871593475,0.0,0.0,0.05227633938193321,-0.4139019250869751,-0.14956006407737732,-0.147968590259552,0.0,-0.3578888475894928,-0.033111535012722015,0.0032879530917853117,0.0,0.0,0.0,0.0,-0.7745537757873535,0.008934472687542439,1706,2,time,0.0,0.012401052750647068,-4.377495288848877,-2.4192941188812256,1545
-0.1298508495092392,0.0,0.0,-0.09257955849170685,-0.22137729823589325,0.005607816856354475,-0.1224529817700386,0.0,-0.37559428811073303,-0.033111535012722015,0.0032879530917853117,0.0,0.0,0.0,0.0,-0.7021126747131348,0.008934472687542439,1707,2,time,0.0,0.01665019989013672,-4.078542709350586,-2.4192941188812256,1545
-0.2049543708562851,0.0,0.0,0.04184926301240921,-0.3019712567329407,0.16674040257930756,0.23179683089256287,0.0,-0.38805821537971497,0.12770766019821167,0.0032879530917853117,0.0,0.0,0.0,0.0,0.2108868658542633,0.008934472687542439,1708,2,time,0.0,0.07425642013549805,-2.5230729579925537,-2.4192941188812256,1545
-0.14571718871593475,0.0,0.0,0.05227633938193321,-0.15827195346355438,-0.09313204884529114,-0.07843033969402313,0.0,-0.3578888475894928,-0.033111535012722015,0.0032879530917853117,0.0,0.0,0.0,0.0,-0.6810398101806641,0.008934472687542439,1709,2,time,0.0,0.019793955609202385,-3.90238618850708,-2.4192941188812256,1545
-0.1711513102054596,0.0,0.0,-0.14305993914604187,-0.46395114064216614,-0.04223001003265381,-0.07053624838590622,0.0,-0.481462687253952,-0.033111535012722015,0.0032879530917853117,0.0,0.0,0.0,0.0,0.2985742390155792,0.008934472687542439,1710,2,time,0.0,0.028916506096720695,-3.5139999389648438,-2.4192941188812256,1545
-0.14571718871593475,0.0,0.0,-0.14305993914604187,-0.4596498906612396,-0.05215466767549515,-0.1224529817700386,0.0,-0.37559428811073303,-0.033111535012722015,0.0032879530917853117,0.0,0.0,0.0,0.0,-0.7956266403198242,0.008934472687542439,1711,2,time,0.0,0.010618958622217178,-4.534438610076904,-2.4192941188812256,1545
0.2569524943828583,0.0,0.0,0.050973448902368546,-0.2811465263366699,0.050082139670848846,0.18489454686641693,0.0,0.3028610646724701,-0.033111535012722015,0.0032879530917853117,0.0,0.0,0.0,0.0,0.22060655057430267,0.008934472687542439,1712,2,time,0.0,0.1604398488998413,-1.654958963394165,-2.4192941188812256,1545
0.25819575786590576,0.0,0.0,-0.07788415253162384,-0.38151246309280396,0.3661807179450989,0.0865020900964737,0.0,-0.25032100081443787,-0.033111535012722015,0.0032879530917853117,0.0,0.0,0.0,0.0,-0.5750345587730408,0.008934472687542439,1713,2,time,0.0,0.04679488390684128,-3.0140562057495117,-2.4192941188812256,1545
0.25819575786590576,0.0,0.0,-0.11400522291660309,-0.3641551434993744,0.3661807179450989,0.0865020900964737,0.0,-0.25032100081443787,-0.033111535012722015,0.0032879530917853117,0.0,0.0,0.0,0.0,-0.5714561343193054,0.008934472687542439,1714,2,time,0.0,0.04612220078706741,-3.0292410850524902,-2.4192941188812256,1545
0.2950526177883148,0.0,0.0,-0.06714075058698654,-0.3911482095718384,-0.12768056988716125,-0.0701044499874115,0.0,-0.36647990345954895,-0.033111535012722015,0.0032879530917853117,0.0,0.0,0.0,0.0,0.3913668990135193,0.008934472687542439,1715,2,time,0.0,0.05861744284629822,-2.7763173580169678,-2.4192941188812256,1545
0.1965932697057724,0.0,0.0,-0.11826375126838684,-0.4742768108844757,0.2953663170337677,-0.18575941026210785,0.0,-0.4303073585033417,-0.033111535012722015,0.0032879530917853117,0.0,0.0,0.0,0.0,-0.7882469296455383,0.008934472687542439,1716,2,time,0.0,0.0189824141561985,-3.945077419281006,-2.4192941188812256,1545
0.2864672541618347,0.0,0.0,0.034291986376047134,-0.289359450340271,-0.1452249437570572,0.2006525695323944,0.0,0.31189262866973877,-0.033111535012722015,0.0032879530917853117,0.0,0.0,0.0,0.0,0.34930989146232605,0.008934472687542439,1717,2,time,1.0,0.1554928570985794,-1.6921534538269043,-2.4192941188812256,1545
0.16964182257652283,0.0,0.0,-0.07175618410110474,-0.1795738786458969,-0.1445426195859909,-0.0986686497926712,0.0,-0.4185388386249542,-0.033111535012722015,-0.01227864995598793,0.0,0.0,0.0,0.0,0.6186072826385498,-0.03825098276138306,1718,2,time,0.0,0.0673726350069046,-2.6277668476104736,-2.4192941188812256,1545
0.25819575786590576,0.0,0.0,-0.11160452663898468,-0.38684695959091187,-0.171575665473938,0.026046201586723328,0.0,-0.25032100081443787,-0.033111535012722015,0.0032879530917853117,0.0,0.0,0.0,0.0,-0.6578403115272522,0.008934472687542439,1719,2,time,0.0,0.023336365818977356,-3.7341294288635254,-2.4192941188812256,1545
0.25819575786590576,0.0,0.0,-0.08598855137825012,-0.41246289014816284,-0.171575665473938,0.026046201586723328,0.0,-0.25032100081443787,-0.033111535012722015,0.0032879530917853117,0.0,0.0,0.0,0.0,-0.6578403115272522,0.008934472687542439,1720,2,time,0.0,0.023336365818977356,-3.7341294288635254,-2.4192941188812256,1545
0.2950526177883148,0.0,0.0,0.03382668271660805,-0.4762951731681824,0.27573075890541077,-0.006622806191444397,0.0,-0.3561893105506897,-0.033111535012722015,0.0014184645842760801,0.0,0.0,0.0,0.0,0.37379804253578186,0.008934472687542439,1721,2,time,0.0,0.09089535474777222,-2.302751302719116,-2.4192941188812256,1545
0.25819575786590576,0.0,0.0,-0.010637066327035427,-0.47732841968536377,-0.171575665473938,0.041880447417497635,0.0,-0.26061156392097473,-0.033111535012722015,0.0014184645842760801,0.0,0.0,0.0,0.0,-0.6578403115272522,0.008934472687542439,1722,2,time,0.0,0.023661287501454353,-3.7199692726135254,-2.4192941188812256,1545
0.22868098318576813,0.0,0.0,-0.12862549722194672,-0.4324340224266052,-0.058631934225559235,0.19233593344688416,0.0,-0.27587947249412537,-0.033111535012722015,0.0032879530917853117,0.0,0.0,0.0,0.0,-0.7658524513244629,0.008934472687542439,1723,2,time,0.0,0.024588311091065407,-3.680588483810425,-2.4192941188812256,1545
0.1965932697057724,0.0,0.0,-0.017296310514211655,-0.5735059976577759,0.2953663170337677,-0.1889633685350418,0.0,-0.4303073585033417,-0.033111535012722015,0.0014184645842760801,0.0,0.0,0.0,0.0,-0.7882469296455383,0.008934472687542439,1724,2,time,0.0,0.018920404836535454,-3.9484126567840576,-2.4192941188812256,1545
0.19612641632556915,0.0,0.0,0.05063692852854729,-0.5805375576019287,-0.043423786759376526,-0.12013714760541916,0.0,-0.5375018119812012,-0.033111535012722015,0.0014184645842760801,0.0,0.0,0.0,0.0,0.689918041229248,0.030283665284514427,1725,2,time,1.0,0.05921042338013649,-2.7656219005584717,-2.4192941188812256,1545
0.16964182257652283,0.0,0.0,0.031235642731189728,0.18277470767498016,-0.160287007689476,-0.20491504669189453,0.0,-0.4185388386249542,-0.02965719997882843,-0.01227864995598793,0.0,0.0,0.0,0.0,0.44806668162345886,-0.03825098276138306,1726,2,time,0.0,0.07932864874601364,-2.4515037536621094,-2.4192941188812256,1545
0.21754132211208344,0.0,0.0,-0.10159394890069962,-0.10280009359121323,-0.17188245058059692,0.028564125299453735,0.0,-0.26061156392097473,-0.033111535012722015,0.0032879530917853117,0.0,0.0,0.0,0.0,-0.5607479810714722,0.008934472687542439,1727,2,time,0.0,0.032555464655160904,-3.3917129039764404,-2.4192941188812256,1545
0.21754132211208344,0.0,0.0,-0.1258375495672226,-0.41937536001205444,-0.18074224889278412,-0.08738379925489426,0.0,-0.3515785038471222,-0.033111535012722015,0.0032879530917853117,0.0,0.0,0.0,0.0,-0.7622740268707275,0.008934472687542439,1728,2,time,0.0,0.015522313304245472,-4.149832725524902,-2.4192941188812256,1545
0.25819575786590576,0.0,0.0,-0.08598855137825012,-0.40712839365005493,0.3661807179450989,0.09427475929260254,0.0,-0.25032100081443787,-0.033111535012722015,0.0032879530917853117,0.0,0.0,0.0,0.0,-0.5750345587730408,0.008934472687542439,1729,2,time,0.0,0.04565099626779556,-3.040004014968872,-2.4192941188812256,1545
0.25819575786590576,0.0,0.0,-0.010637066327035427,-0.47732841968536377,-0.171575665473938,0.03158986195921898,0.0,-0.25032100081443787,-0.033111535012722015,0.0014184645842760801,0.0,0.0,0.0,0.0,-0.6578403115272522,0.008934472687542439,1730,2,time,0.0,0.023661287501454353,-3.7199692726135254,-2.4192941188812256,1545
0.1965932697057724,0.0,0.0,-0.09257955849170685,-0.4770071804523468,-0.05497995391488075,-0.1224529817700386,0.0,-0.3692839443683624,-0.033111535012722015,0.0032879530917853117,0.0,0.0,0.0,0.0,-0.7622740268707275,0.008934472687542439,1731,2,time,1.0,0.015950797125697136,-4.122167110443115,-2.4192941188812256,1545
0.22821412980556488,0.0,0.0,0.03331868723034859,0.2642020881175995,0.026160266250371933,0.014129623770713806,0.0,-0.5197963714599609,-0.02965719997882843,-0.01227864995598793,0.0,0.0,0.0,0.0,0.7894818186759949,-0.03825098276138306,1732,2,time,0.0,0.15925651788711548,-1.663770318031311,-2.4192941188812256,1545
0.21754132211208344,0.0,0.0,-0.11958315968513489,-0.1483871340751648,-0.18751336634159088,0.32127800583839417,0.0,-0.27587947249412537,-0.033111535012722015,0.0032879530917853117,0.0,0.0,0.0,0.0,-0.5683188438415527,0.008934472687542439,1733,2,time,1.0,0.039126452058553696,-3.2010440826416016,-2.4192941188812256,1545
0.16964182257652283,0.0,0.0,-0.026666242629289627,-0.27336597442626953,0.27736228704452515,-0.030440066009759903,0.0,-0.4185388386249542,-0.033111535012722015,0.0032879530917853117,0.0,0.0,0.0,0.0,0.6046298146247864,-0.03825098276138306,1734,2,time,0.0,0.10112866014242172,-2.184746265411377,-2.4192941188812256,1545
0.24014787375926971,0.0,0.0,-0.08544141799211502,-0.3408721089363098,0.26702457666397095,-0.009988500736653805,0.0,0.2282431721687317,-0.033111535012722015,0.0032879530917853117,0.0,0.0,0.0,0.0,-0.6384762525558472,0.008934472687542439,1735,2,time,0.0,0.05843961238861084,-2.7795445919036865,-2.4192941188812256,1545
0.25819575786590576,0.0,0.0,-0.11160452663898468,-0.38684695959091187,-0.171575665473938,0.026046201586723328,0.0,-0.25032100081443787,-0.033111535012722015,0.0032879530917853117,0.0,0.0,0.0,0.0,-0.6578403115272522,0.008934472687542439,1736,2,time,0.0,0.023336365818977356,-3.7341294288635254,-2.4192941188812256,1545
0.25819575786590576,0.0,0.0,-0.11160452663898468,-0.1312170922756195,-0.171575665473938,0.026046201586723328,0.0,-0.25032100081443787,-0.033111535012722015,0.0032879530917853117,0.0,0.0,0.0,0.0,-0.5643264055252075,0.008934472687542439,1737,2,time,0.0,0.03276800736784935,-3.3849856853485107,-2.4192941188812256,1545
0.2106330841779709,0.0,0.0,-0.13339482247829437,-0.12310504913330078,0.01008573267608881,-0.08059816062450409,0.0,0.29980015754699707,-0.033111535012722015,0.0032879530917853117,0.0,0.0,0.0,0.0,-0.6535149812698364,0.008934472687542439,1738,2,time,0.0,0.05164790526032448,-2.910276174545288,-2.4192941188812256,1545
0.25819575786590576,0.0,0.0,0.03305285423994064,-0.1539732664823532,-0.1488179862499237,0.35488271713256836,0.0,-0.27587947249412537,-0.033111535012722015,0.0032879530917853117,0.0,0.0,0.0,0.0,-0.5718972086906433,0.008934472687542439,1739,2,time,0.0,0.049991484731435776,-2.9446182250976562,-2.4192941188812256,1545
0.2621634900569916,0.0,0.0,0.050973448902368546,-0.2922061085700989,-0.07885345071554184,0.18489454686641693,0.0,0.3028610646724701,-0.033111535012722015,0.0032879530917853117,0.0,0.0,0.0,0.0,0.22060655057430267,0.008934472687542439,1740,2,time,0.0,0.1431042104959488,-1.789743185043335,-2.4192941188812256,1545
0.21754132211208344,0.0,0.0,-0.09257955849170685,-0.4770071804523468,-0.06968611478805542,-0.05291476100683212,0.0,-0.3692839443683624,-0.033111535012722015,0.0032879530917853117,0.0,0.0,0.0,0.0,-0.7622740268707275,0.008934472687542439,1741,2,time,0.0,0.01718495413661003,-4.04638671875,-2.4192941188812256,1545
0.2950526177883148,0.0,0.0,0.005696283187717199,0.25657975673675537,-0.18221236765384674,-0.1888284534215927,0.0,-0.41794437170028687,-0.02965719997882843,0.0032879530917853117,0.0,0.0,0.0,0.0,0.5407513380050659,0.030283665284514427,1742,2,time,0.0,0.10848743468523026,-2.1062850952148438,-2.4192941188812256,1545
0.25819575786590576,0.0,0.0,-0.06352487951517105,0.22797361016273499,0.3303371071815491,0.003486406058073044,0.0,-0.25032100081443787,-0.02965719997882843,0.0032879530917853117,0.0,0.0,0.0,0.0,-0.5285108089447021,0.008934472687542439,1743,2,time,0.0,0.07877619564533234,-2.459092140197754,-2.4192941188812256,1545
-0.15498925745487213,0.0,0.0,-0.09919323027133942,-0.12015748023986816,0.04901842027902603,0.026046201586723328,0.0,-0.2566313147544861,-0.033111535012722015,0.0032879530917853117,0.0,0.0,0.0,0.0,-0.597679078578949,0.008934472687542439,1744,2,time,0.0,0.02675880491733551,-3.593768358230591,-2.4192941188812256,1545
-0.17952024936676025,0.0,0.0,-0.11160452663898468,-0.1312170922756195,-0.22225984930992126,0.026046201586723328,0.0,-0.2566313147544861,-0.033111535012722015,0.0032879530917853117,0.0,0.0,0.0,0.0,-0.597679078578949,0.008934472687542439,1745,2,time,0.0,0.019588129594922066,-3.9130489826202393,-2.4192941188812256,1545
-0.16001449525356293,0.0,0.0,-0.12862549722194672,-0.4324340224266052,-0.08104648441076279,0.3176076412200928,0.0,-0.28218981623649597,-0.033111535012722015,0.0032879530917853117,0.0,0.0,0.0,0.0,-0.6987638473510742,0.008934472687542439,1746,2,time,0.0,0.019730759784579277,-3.9056484699249268,-2.4192941188812256,1545
-0.1689254641532898,0.0,0.0,-0.11916178464889526,-0.09057669341564178,-0.24272917211055756,-0.04348534345626831,0.0,0.24203146994113922,-0.033111535012722015,0.0032879530917853117,0.0,0.0,0.0,0.0,-0.5675119161605835,0.008934472687542439,1747,2,time,0.0,0.03135446459054947,-3.4305419921875,-2.4192941188812256,1545
-0.1298508495092392,0.0,0.0,-0.11200936138629913,-0.4589185416698456,0.30079352855682373,0.13107328116893768,0.0,-0.36091873049736023,-0.033111535012722015,0.0032879530917853117,0.0,0.0,0.0,0.0,-0.7961112260818481,0.008934472687542439,1748,2,time,0.0,0.020509891211986542,-3.8661248683929443,-2.4192941188812256,1545
-0.1351224035024643,0.0,0.0,-0.1067505031824112,-0.07951710373163223,-0.1933162659406662,-0.07044441998004913,0.0,0.23565354943275452,-0.033111535012722015,0.0032879530917853117,0.0,0.0,0.0,0.0,-0.5675119161605835,0.008934472687542439,1749,2,time,0.0,0.033660463988780975,-3.357191324234009,-2.4192941188812256,1545
-0.16001449525356293,0.0,0.0,-0.12862549722194672,-0.4324340224266052,-0.08104648441076279,0.19233593344688416,0.0,-0.28218981623649597,-0.033111535012722015,0.0032879530917853117,0.0,0.0,0.0,0.0,-0.7992051243782043,0.008934472687542439,1750,2,time,0.0,0.01580711081624031,-4.131361961364746,-2.4192941188812256,1545
-0.15498925745487213,0.0,0.0,-0.12862549722194672,-0.42137444019317627,0.0581253245472908,0.19233593344688416,0.0,-0.28218981623649597,-0.033111535012722015,0.0032879530917853117,0.0,0.0,0.0,0.0,-0.7992051243782043,0.008934472687542439,1751,2,time,0.0,0.018413132056593895,-3.9761064052581787,-2.4192941188812256,1545
-0.1298508495092392,0.0,0.0,-0.03115471825003624,-0.5613859295845032,0.3081743121147156,-0.05377475917339325,0.0,-0.43661773204803467,-0.033111535012722015,0.0032879530917853117,0.0,0.0,0.0,0.0,-0.7961112260818481,0.008934472687542439,1752,2,time,0.0,0.01565934158861637,-4.140904426574707,-2.4192941188812256,1545
-0.14571718871593475,0.0,0.0,-0.1521022468805313,-0.4770071804523468,-0.05329354852437973,-0.04920435696840286,0.0,-0.37559428811073303,-0.033111535012722015,0.0032879530917853117,0.0,0.0,0.0,0.0,-0.7992051243782043,0.008934472687542439,1753,2,time,0.0,0.0110708549618721,-4.492306709289551,-2.4192941188812256,1545
-0.17952024936676025,0.0,0.0,-0.04006928578019142,-0.5316630601882935,-0.22765521705150604,-0.02817908301949501,0.0,-0.3385069668292999,-0.033111535012722015,0.0014184645842760801,0.0,0.0,0.0,0.0,-0.7992051243782043,0.008934472687542439,1754,2,time,0.0,0.010082211345434189,-4.586849212646484,-2.4192941188812256,1545
-0.14571718871593475,0.0,0.0,-0.027657996863126755,-0.5206034779548645,-0.16374000906944275,0.1891319900751114,0.0,-0.28218981623649597,-0.033111535012722015,0.0014184645842760801,0.0,0.0,0.0,0.0,-0.7992051243782043,0.008934472687542439,1755,2,time,1.0,0.01489043515175581,-4.192033767700195,-2.4192941188812256,1545
-0.09570083767175674,0.0,0.0,-0.05804597586393356,-0.3563375473022461,0.05517921596765518,-0.03141235560178757,0.0,-0.5261067152023315,-0.033111535012722015,-0.01227864995598793,0.0,0.0,0.0,0.0,0.7870342135429382,-0.03825098276138306,1756,2,time,0.0,0.061322543770074844,-2.7283244132995605,-2.4192941188812256,1545
-0.1298508495092392,0.0,0.0,-0.017296310514211655,-0.5735059976577759,0.35595405101776123,-0.09168290346860886,0.0,-0.43661773204803467,-0.033111535012722015,0.0014184645842760801,0.0,0.0,0.0,0.0,-0.7961112260818481,0.008934472687542439,1757,2,time,0.0,0.015810197219252586,-4.131163597106934,-2.4192941188812256,1545
-0.1298508495092392,0.0,0.0,-0.030538272112607956,-0.576236367225647,0.11187385022640228,-0.052408307790756226,0.0,-0.43661773204803467,-0.033111535012722015,0.0014184645842760801,0.0,0.0,0.0,0.0,-0.7961112260818481,0.008934472687542439,1758,2,time,0.0,0.012717952951788902,-4.351941108703613,-2.4192941188812256,1545
-0.17952024936676025,0.0,0.0,-0.04632366821169853,-0.5470213294029236,-0.23111966252326965,-0.0942581295967102,0.0,-0.3578888475894928,-0.033111535012722015,0.0014184645842760801,0.0,0.0,0.0,0.0,-0.7992051243782043,0.008934472687542439,1759,2,time,0.0,0.009036662057042122,-4.6973876953125,-2.4192941188812256,1545
0.1965932697057724,0.0,0.0,-0.017296310514211655,-0.5735059976577759,0.2953663170337677,-0.1889633685350418,0.0,-0.4303073585033417,-0.033111535012722015,0.0014184645842760801,0.0,0.0,0.0,0.0,-0.7882469296455383,0.008934472687542439,1760,2,time,0.0,0.018920404836535454,-3.9484126567840576,-2.4192941188812256,1545
0.1965932697057724,0.0,0.0,-0.05113477632403374,-0.576236367225647,-0.056118834763765335,-0.052408307790756226,0.0,-0.3692839443683624,-0.033111535012722015,0.0014184645842760801,0.0,0.0,0.0,0.0,-0.7658524513244629,0.008934472687542439,1761,2,time,0.0,0.016040094196796417,-4.1164937019348145,-2.4192941188812256,1545
0.25819575786590576,0.0,0.0,-0.010637066327035427,-0.47199392318725586,0.3661807179450989,0.09981842339038849,0.0,-0.25032100081443787,-0.033111535012722015,0.0014184645842760801,0.0,0.0,0.0,0.0,-0.5750345587730408,0.008934472687542439,1762,2,time,0.0,0.04627189412713051,-3.025843858718872,-2.4192941188812256,1545
0.21754132211208344,0.0,0.0,-0.033912379294633865,-0.5359617471694946,-0.13461029529571533,-0.1358192414045334,0.0,-0.3515785038471222,-0.033111535012722015,0.0014184645842760801,0.0,0.0,0.0,0.0,-0.7658524513244629,0.008934472687542439,1763,2,time,0.0,0.015034704469144344,-4.182245254516602,-2.4192941188812256,1545
0.1965932697057724,0.0,0.0,-0.017296310514211655,-0.5735059976577759,0.2953663170337677,-0.09168290346860886,0.0,-0.4303073585033417,-0.033111535012722015,0.0014184645842760801,0.0,0.0,0.0,0.0,-0.7627585530281067,0.008934472687542439,1764,2,time,0.0,0.02133910171687603,-3.825644016265869,-2.4192941188812256,1545
0.25819575786590576,0.0,0.0,-0.11160452663898468,-0.38151246309280396,0.3661807179450989,0.09427475929260254,0.0,-0.25032100081443787,-0.033111535012722015,0.0032879530917853117,0.0,0.0,0.0,0.0,-0.5750345587730408,0.008934472687542439,1765,2,time,0.0,0.04565099626779556,-3.040004014968872,-2.4192941188812256,1545
0.2543981671333313,0.0,0.0,0.017305489629507065,-0.5402629971504211,-0.12524186074733734,-0.15827660262584686,0.0,-0.5197963714599609,-0.033111535012722015,0.0014184645842760801,0.0,0.0,0.0,0.0,0.6579846739768982,0.030283665284514427,1766,2,time,0.0,0.055483248084783554,-2.834592342376709,-2.4192941188812256,1545
0.1965932697057724,0.0,0.0,-0.017296310514211655,-0.5735059976577759,0.2953663170337677,-0.1889633685350418,0.0,-0.4303073585033417,-0.033111535012722015,0.0014184645842760801,0.0,0.0,0.0,0.0,-0.7882469296455383,0.008934472687542439,1767,2,time,0.0,0.018920404836535454,-3.9484126567840576,-2.4192941188812256,1545
0.1965932697057724,0.0,0.0,-0.017296310514211655,-0.5735059976577759,0.2953663170337677,-0.1889633685350418,0.0,-0.4303073585033417,-0.033111535012722015,0.0014184645842760801,0.0,0.0,0.0,0.0,-0.7882469296455383,0.008934472687542439,1768,2,time,0.0,0.018920404836535454,-3.9484126567840576,-2.4192941188812256,1545
0.1965932697057724,0.0,0.0,-0.017296310514211655,-0.5735059976577759,0.2953663170337677,-0.1889633685350418,0.0,-0.4303073585033417,-0.033111535012722015,0.0014184645842760801,0.0,0.0,0.0,0.0,-0.7882469296455383,0.008934472687542439,1769,2,time,0.0,0.018920404836535454,-3.9484126567840576,-2.4192941188812256,1545
0.1965932697057724,0.0,0.0,-0.05113477632403374,-0.576236367225647,-0.05497995391488075,-0.2266077697277069,0.0,-0.3692839443683624,-0.033111535012722015,0.0014184645842760801,0.0,0.0,0.0,0.0,-0.7913408279418945,0.008934472687542439,1770,2,time,0.0,0.013189694844186306,-4.315042018890381,-2.4192941188812256,1545
0.1965932697057724,0.0,0.0,-0.017296310514211655,-0.5735059976577759,0.2953663170337677,-0.1889633685350418,0.0,-0.4303073585033417,-0.033111535012722015,0.0014184645842760801,0.0,0.0,0.0,0.0,-0.7882469296455383,0.008934472687542439,1771,2,time,0.0,0.018920404836535454,-3.9484126567840576,-2.4192941188812256,1545
0.22868098318576813,0.0,0.0,-0.033912379294633865,-0.5359617471694946,0.03055507503449917,-0.26107680797576904,0.0,-0.3515785038471222,-0.033111535012722015,0.0014184645842760801,0.0,0.0,0.0,0.0,-0.7913408279418945,0.008934472687542439,1772,2,time,0.0,0.015417927876114845,-4.156686305999756,-2.4192941188812256,1545
0.22868098318576813,0.0,0.0,-0.033912379294633865,-0.5359617471694946,0.03055507503449917,-0.26107680797576904,0.0,-0.3515785038471222,-0.033111535012722015,0.0014184645842760801,0.0,0.0,0.0,0.0,-0.7913408279418945,0.008934472687542439,1773,2,time,0.0,0.015417927876114845,-4.156686305999756,-2.4192941188812256,1545
0.22868098318576813,0.0,0.0,-0.033912379294633865,-0.5359617471694946,0.03055507503449917,-0.246238112449646,0.0,-0.3515785038471222,-0.033111535012722015,0.0014184645842760801,0.0,0.0,0.0,0.0,-0.7875543832778931,0.008934472687542439,1774,2,time,0.0,0.01570322923362255,-4.138061046600342,-2.4192941188812256,1545
0.2864672541618347,0.0,0.0,-0.13955171406269073,-0.37340304255485535,0.1690683811903,0.17821140587329865,0.0,0.31189262866973877,-0.033111535012722015,0.0032879530917853117,0.0,0.0,0.0,0.0,0.4018595218658447,0.008934472687542439,1775,2,time,0.0,0.16719500720500946,-1.6056387424468994,-2.4192941188812256,1545
0.24014787375926971,0.0,0.0,0.038562167435884476,-0.11333287507295609,-0.16928736865520477,0.154531791806221,0.0,0.2487473040819168,-0.033111535012722015,0.0032879530917853117,0.0,0.0,0.0,0.0,-0.6324421167373657,0.008934472687542439,1776,2,time,0.0,0.06457009166479111,-2.67325496673584,-2.4192941188812256,1545
0.25819575786590576,0.0,0.0,0.02465394139289856,-0.10838621854782104,-0.15792492032051086,0.0008388794958591461,0.0,-0.25032100081443787,-0.033111535012722015,0.0032879530917853117,0.0,0.0,0.0,0.0,-0.5396751761436462,0.008934472687542439,1777,2,time,0.0,0.038686830550432205,-3.212800979614258,-2.4192941188812256,1545
0.22868098318576813,0.0,0.0,-0.1258375495672226,-0.16374541819095612,0.03055507503449917,-0.2542024850845337,0.0,-0.3515785038471222,-0.033111535012722015,0.0032879530917853117,0.0,0.0,0.0,0.0,-0.694248378276825,0.008934472687542439,1778,2,time,0.0,0.022520339116454124,-3.7705585956573486,-2.4192941188812256,1545
0.2864672541618347,0.0,0.0,0.05541815236210823,-0.3022299110889435,0.1712009161710739,0.03536815196275711,0.0,0.3629454970359802,-0.033111535012722015,0.0032879530917853117,0.0,0.0,0.0,0.0,0.34187445044517517,0.008934472687542439,1779,2,time,1.0,0.1840510219335556,-1.4891388416290283,-2.4192941188812256,1545
0.16964182257652283,0.0,0.0,0.007840815931558609,-0.23789235949516296,-0.15522854030132294,-0.037014544010162354,0.0,-0.5197963714599609,-0.033111535012722015,-0.01227864995598793,0.0,0.0,0.0,0.0,0.6288192272186279,-0.03825098276138306,1780,2,time,0.0,0.06620104610919952,-2.6465649604797363,-2.4192941188812256,1545
0.2950526177883148,0.0,0.0,0.033450350165367126,-0.28441277146339417,-0.12607485055923462,-0.11139839887619019,0.0,-0.3561893105506897,-0.033111535012722015,0.0032879530917853117,0.0,0.0,0.0,0.0,0.2737535238265991,0.008934472687542439,1781,2,time,0.0,0.062035705894231796,-2.7160017490386963,-2.4192941188812256,1545
0.1965932697057724,0.0,0.0,-0.10068444907665253,-0.20601901412010193,-0.07962144911289215,0.18162524700164795,0.0,-0.293584942817688,-0.033111535012722015,0.0032879530917853117,0.0,0.0,0.0,0.0,-0.6723384261131287,0.008934472687542439,1782,2,time,0.0,0.03185423091053963,-3.414212465286255,-2.4192941188812256,1545
0.1965932697057724,0.0,0.0,-0.11826375126838684,-0.4742768108844757,0.2953663170337677,-0.08847896009683609,0.0,-0.4303073585033417,-0.033111535012722015,0.0032879530917853117,0.0,0.0,0.0,0.0,-0.7627585530281067,0.008934472687542439,1783,2,time,0.0,0.021408865228295326,-3.8223087787628174,-2.4192941188812256,1545
0.2655378580093384,0.0,0.0,-0.07733409851789474,-0.3272603154182434,0.06631989777088165,0.2374221533536911,0.0,-0.4440973401069641,-0.033111535012722015,0.0032879530917853117,0.0,0.0,0.0,0.0,0.5356402397155762,0.030283665284514427,1784,2,time,0.0,0.10315931588411331,-2.1626036167144775,-2.4192941188812256,1545
0.25819575786590576,0.0,0.0,0.02465394139289856,-0.10838621854782104,-0.15792492032051086,0.0008388794958591461,0.0,-0.25032100081443787,-0.033111535012722015,0.0032879530917853117,0.0,0.0,0.0,0.0,-0.5396751761436462,0.008934472687542439,1785,2,time,0.0,0.038686830550432205,-3.212800979614258,-2.4192941188812256,1545
0.25819575786590576,0.0,0.0,0.05019330233335495,0.25080442428588867,0.35043641924858093,-0.019744280725717545,0.0,-0.25032100081443787,-0.02965719997882843,0.0032879530917853117,0.0,0.0,0.0,0.0,-0.507438063621521,0.008934472687542439,1786,2,time,0.0,0.09074258804321289,-2.3046014308929443,-2.4192941188812256,1545
0.25819575786590576,0.0,0.0,0.04611944034695625,-0.1539732664823532,-0.1488179862499237,0.3302314281463623,0.0,-0.27587947249412537,-0.033111535012722015,0.0032879530917853117,0.0,0.0,0.0,0.0,-0.547245979309082,0.008934472687542439,1787,2,time,0.0,0.05061570927500725,-2.931551694869995,-2.4192941188812256,1545
0.23345012962818146,0.0,0.0,-0.11826375126838684,-0.3975200355052948,0.266262024641037,0.00246674963273108,0.0,-0.5361756682395935,-0.033111535012722015,0.0032879530917853117,0.0,0.0,0.0,0.0,0.31267547607421875,0.008934472687542439,1788,2,time,0.0,0.06432691216468811,-2.677288055419922,-2.4192941188812256,1545
0.25819575786590576,0.0,0.0,0.05859221890568733,-0.15112663805484772,0.10010426491498947,0.19689789414405823,0.0,-0.27587947249412537,-0.033111535012722015,0.0032879530917853117,0.0,0.0,0.0,0.0,-0.5731849670410156,0.008934472687542439,1789,2,time,0.0,0.055904462933540344,-2.82658314704895,-2.4192941188812256,1545
0.2577289044857025,0.0,0.0,0.031235642731189728,0.18609242141246796,0.2616179287433624,-0.13668645918369293,0.0,-0.4185388386249542,0.1043158620595932,0.0032879530917853117,0.0,0.0,0.0,0.0,0.749661386013031,0.030283665284514427,1790,2,time,0.0,0.20582199096679688,-1.350295901298523,-2.4192941188812256,1545
0.25819575786590576,0.0,0.0,0.03772052749991417,0.25080442428588867,0.3439878821372986,-0.013948249630630016,0.0,-0.25032100081443787,-0.02965719997882843,0.0032879530917853117,0.0,0.0,0.0,0.0,-0.507438063621521,0.008934472687542439,1791,2,time,0.0,0.08966545760631561,-2.3177266120910645,-2.4192941188812256,1545
0.25819575786590576,0.0,0.0,0.02465394139289856,0.25080442428588867,0.3439878821372986,-0.013948249630630016,0.0,-0.25032100081443787,-0.02965719997882843,0.0032879530917853117,0.0,0.0,0.0,0.0,-0.507438063621521,0.008934472687542439,1792,2,time,0.0,0.08860459178686142,-2.3307931423187256,-2.4192941188812256,1545
0.2577289044857025,0.0,0.0,-0.03926501423120499,-0.43140077590942383,0.19895684719085693,0.2181384414434433,0.0,-0.4440973401069641,-0.033111535012722015,0.0032879530917853117,0.0,0.0,0.0,0.0,0.6364531517028809,0.030283665284514427,1793,2,time,0.0,0.11687950044870377,-2.022318124771118,-2.4192941188812256,1545
0.1965932697057724,0.0,0.0,-0.1521022468805313,-0.4770071804523468,-0.05497995391488075,-0.22340384125709534,0.0,-0.3692839443683624,-0.033111535012722015,0.0032879530917853117,0.0,0.0,0.0,0.0,-0.7913408279418945,0.008934472687542439,1794,2,time,0.0,0.01323317363858223,-4.311707019805908,-2.4192941188812256,1545
0.1965932697057724,0.0,0.0,-0.1521022468805313,-0.4770071804523468,-0.04873805120587349,-0.05658514052629471,0.0,-0.3692839443683624,-0.033111535012722015,0.0032879530917853117,0.0,0.0,0.0,0.0,-0.7658524513244629,0.008934472687542439,1795,2,time,0.0,0.01609281450510025,-4.113158702850342,-2.4192941188812256,1545
0.2864672541618347,0.0,0.0,-0.12822097539901733,-0.5259233713150024,0.24747377634048462,-0.06517020612955093,0.0,0.28235694766044617,-0.033111535012722015,0.0014184645842760801,0.0,0.0,0.0,0.0,0.2799469232559204,0.008934472687542439,1796,2,time,0.0,0.11253327131271362,-2.065122127532959,-2.4192941188812256,1545
0.25819575786590576,0.0,0.0,0.03305285423994064,-0.1539732664823532,-0.1488179862499237,0.20495979487895966,0.0,-0.27587947249412537,-0.033111535012722015,0.0032879530917853117,0.0,0.0,0.0,0.0,-0.6476871967315674,0.008934472687542439,1797,2,time,0.0,0.04029759392142296,-3.1703314781188965,-2.4192941188812256,1545
0.25819575786590576,0.0,0.0,0.02465394139289856,0.21998880803585052,-0.16828736662864685,-0.0821768194437027,0.0,-0.25032100081443787,-0.02965719997882843,0.0032879530917853117,0.0,0.0,0.0,0.0,-0.5902437567710876,0.008934472687542439,1798,2,time,0.0,0.046312734484672546,-3.024918794631958,-2.4192941188812256,1545
0.2655378580093384,0.0,0.0,-0.10159394890069962,-0.2927328944206238,-0.05781417340040207,-0.07787711918354034,0.0,-0.36647990345954895,-0.033111535012722015,0.0032879530917853117,0.0,0.0,0.0,0.0,0.26281410455703735,0.008934472687542439,1799,2,time,0.0,0.056875769048929214,-2.808328628540039,-2.4192941188812256,1545
0.1994934231042862,0.0,0.0,-0.12714043259620667,-0.10774675011634827,-0.20798271894454956,0.14557833969593048,0.0,0.2487473040819168,-0.033111535012722015,0.0032879530917853117,0.0,0.0,0.0,0.0,-0.6535149812698364,0.008934472687542439,1800,2,time,0.0,0.05008041486144066,-2.9427473545074463,-2.4192941188812256,1545
0.2864672541618347,0.0,0.0,0.042636025696992874,0.25873106718063354,0.2317294031381607,-0.17696021497249603,0.0,0.28235694766044617,-0.02965719997882843,0.0032879530917853117,0.0,0.0,0.0,0.0,0.31555259227752686,0.008934472687542439,1801,2,time,0.0,0.23214906454086304,-1.1962159872055054,-2.4192941188812256,1545
0.25819575786590576,0.0,0.0,0.02465394139289856,-0.10838621854782104,-0.15792492032051086,0.011129462160170078,0.0,-0.26061156392097473,-0.033111535012722015,0.0032879530917853117,0.0,0.0,0.0,0.0,-0.5396751761436462,0.008934472687542439,1802,2,time,0.0,0.038686830550432205,-3.212800979614258,-2.4192941188812256,1545
0.21754132211208344,0.0,0.0,-0.11958315968513489,-0.1483871340751648,-0.1270916908979416,0.10830946266651154,0.0,-0.27587947249412537,-0.033111535012722015,0.0032879530917853117,0.0,0.0,0.0,0.0,-0.6687600016593933,0.008934472687542439,1803,2,time,0.0,0.030648810788989067,-3.454033136367798,-2.4192941188812256,1545
0.2577289044857025,0.0,0.0,0.031235642731189728,0.2180907130241394,0.2616179287433624,-0.13668645918369293,0.0,-0.4185388386249542,-0.02965719997882843,0.0032879530917853117,0.0,0.0,0.0,0.0,0.5605061650276184,0.030283665284514427,1804,2,time,0.0,0.16227109730243683,-1.6414260864257812,-2.4192941188812256,1545
0.25819575786590576,0.0,0.0,0.04611944034695625,-0.1539732664823532,-0.1488179862499237,0.20495979487895966,0.0,-0.27587947249412537,-0.033111535012722015,0.0032879530917853117,0.0,0.0,0.0,0.0,-0.6476871967315674,0.008934472687542439,1805,2,time,0.0,0.04080596938729286,-3.1572649478912354,-2.4192941188812256,1545
0.2655378580093384,0.0,0.0,-0.1258375495672226,-0.34261858463287354,0.040479741990566254,-0.10500528663396835,0.0,-0.457446813583374,-0.033111535012722015,0.0032879530917853117,0.0,0.0,0.0,0.0,0.3131599426269531,0.008934472687542439,1806,2,time,0.0,0.054582517594099045,-2.8519129753112793,-2.4192941188812256,1545
0.25819575786590576,0.0,0.0,0.04611944034695625,-0.1539732664823532,-0.1488179862499237,0.20495979487895966,0.0,-0.27587947249412537,-0.033111535012722015,0.0032879530917853117,0.0,0.0,0.0,0.0,-0.6476871967315674,0.008934472687542439,1807,2,time,0.0,0.04080596938729286,-3.1572649478912354,-2.4192941188812256,1545
-0.19981898367404938,0.0,0.0,0.042636025696992874,0.25873106718063354,0.18104521930217743,-0.22267605364322662,0.0,0.29879888892173767,-0.02965719997882843,0.0032879530917853117,0.0,0.0,0.0,0.0,0.2914756238460541,0.008934472687542439,1808,2,time,0.0,0.1434977799654007,-1.7865372896194458,-2.4192941188812256,1545
-0.1689254641532898,0.0,0.0,0.017096668481826782,0.2861103415489197,-0.26492202281951904,-0.17866742610931396,0.0,0.23565354943275452,-0.02965719997882843,0.0032879530917853117,0.0,0.0,0.0,0.0,-0.5934293270111084,0.008934472687542439,1809,2,time,0.0,0.04295029118657112,-3.1038119792938232,-2.4192941188812256,1545
-0.2049543708562851,0.0,0.0,0.033450350165367126,0.19260954856872559,0.234783336520195,-0.12618552148342133,0.0,-0.3624997138977051,-0.02965719997882843,0.0032879530917853117,0.0,0.0,0.0,0.0,0.25613176822662354,0.008934472687542439,1810,2,time,0.0,0.08215709030628204,-2.413393020629883,-2.4192941188812256,1545
-0.17952024936676025,0.0,0.0,0.05019330233335495,0.25080442428588867,0.29975226521492004,-0.019744280725717545,0.0,-0.2566313147544861,-0.02965719997882843,0.0032879530917853117,0.0,0.0,0.0,0.0,-0.5407906770706177,0.008934472687542439,1811,2,time,0.0,0.05558433383703232,-2.832664966583252,-2.4192941188812256,1545
-0.1689254641532898,0.0,0.0,0.017096668481826782,-0.06774584949016571,-0.22907845675945282,-0.0686926394701004,0.0,0.24203146994113922,-0.033111535012722015,0.0032879530917853117,0.0,0.0,0.0,0.0,-0.5428605675697327,0.008934472687542439,1812,2,time,0.0,0.037027738988399506,-3.258357286453247,-2.4192941188812256,1545
-0.1689254641532898,0.0,0.0,0.030163254588842392,-0.06774584949016571,-0.22907845675945282,-0.0686926394701004,0.0,0.24203146994113922,-0.033111535012722015,0.0032879530917853117,0.0,0.0,0.0,0.0,-0.5428605675697327,0.008934472687542439,1813,2,time,0.0,0.037496477365493774,-3.245290756225586,-2.4192941188812256,1545
-0.17952024936676025,0.0,0.0,-0.11400522291660309,-0.10852521657943726,0.3154965937137604,0.0865020900964737,0.0,-0.2566313147544861,-0.033111535012722015,0.0032879530917853117,0.0,0.0,0.0,0.0,-0.511294960975647,0.008934472687542439,1814,2,time,0.0,0.038859773427248,-3.208160638809204,-2.4192941188812256,1545
-0.17952024936676025,0.0,0.0,-0.07788415253162384,-0.38151246309280396,0.3154965937137604,0.0865020900964737,0.0,-0.2566313147544861,-0.033111535012722015,0.0032879530917853117,0.0,0.0,0.0,0.0,-0.6083871126174927,0.008934472687542439,1815,2,time,0.0,0.02813727594912052,-3.542119264602661,-2.4192941188812256,1545
-0.17952024936676025,0.0,0.0,-0.08598855137825012,-0.40961623191833496,-0.2067830115556717,0.026046201586723328,0.0,-0.2566313147544861,-0.033111535012722015,0.0032879530917853117,0.0,0.0,0.0,0.0,-0.6911929249763489,0.008934472687542439,1816,2,time,0.0,0.014148901216685772,-4.243868350982666,-2.4192941188812256,1545
-0.2049543708562851,0.0,0.0,-0.06954147666692734,-0.3684563934803009,0.2250465601682663,-0.019939128309488297,0.0,-0.3624997138977051,-0.033111535012722015,0.0032879530917853117,0.0,0.0,0.0,0.0,0.28173279762268066,0.008934472687542439,1817,2,time,0.0,0.04932253062725067,-2.958793878555298,-2.4192941188812256,1545
-0.1298508495092392,0.0,0.0,-0.1521022468805313,-0.4770071804523468,0.005607816856354475,-0.1261233687400818,0.0,-0.37559428811073303,-0.033111535012722015,0.0032879530917853117,0.0,0.0,0.0,0.0,-0.7992051243782043,0.008934472687542439,1818,2,time,0.0,0.011047319509088993,-4.4944586753845215,-2.4192941188812256,1545
-0.19981898367404938,0.0,0.0,0.032077278941869736,-0.28687161207199097,0.14011496305465698,0.1708679050207138,0.0,0.38055694103240967,-0.033111535012722015,0.0032879530917853117,0.0,0.0,0.0,0.0,0.5311078429222107,0.030283665284514427,1819,2,time,1.0,0.16100098192691803,-1.650799036026001,-2.4192941188812256,1545
-0.18029440939426422,0.0,0.0,0.031235642731189728,0.1852625459432602,0.21093368530273438,-0.12639588117599487,0.0,-0.4351397752761841,-0.02965719997882843,-0.01227864995598793,0.0,0.0,0.0,0.0,0.6879071593284607,-0.03825098276138306,1820,2,time,0.0,0.10659810155630112,-2.1259708404541016,-2.4192941188812256,1545
-0.17952024936676025,0.0,0.0,0.04611944034695625,-0.1539732664823532,-0.2140045017004013,-0.012351293116807938,0.0,-0.3385069668292999,-0.033111535012722015,0.0032879530917853117,0.0,0.0,0.0,0.0,-0.6810398101806641,0.008934472687542439,1821,2,time,0.0,0.018461046740412712,-3.973458766937256,-2.4192941188812256,1545
-0.19981898367404938,0.0,0.0,0.034291986376047134,-0.28687161207199097,0.12398120015859604,0.09367197751998901,0.0,0.3193030059337616,-0.033111535012722015,0.0032879530917853117,0.0,0.0,0.0,0.0,0.23609736561775208,0.008934472687542439,1822,2,time,0.0,0.1072133481502533,-2.1195268630981445,-2.4192941188812256,1545
-0.17952024936676025,0.0,0.0,0.03305285423994064,-0.1539732664823532,-0.2140045017004013,0.11726292967796326,0.0,-0.28218981623649597,-0.033111535012722015,0.0032879530917853117,0.0,0.0,0.0,0.0,-0.6810398101806641,0.008934472687542439,1823,2,time,0.0,0.02186856046319008,-3.8005940914154053,-2.4192941188812256,1545
-0.17952024936676025,0.0,0.0,0.03772052749991417,0.24546997249126434,-0.24445275962352753,-0.0821768194437027,0.0,-0.2566313147544861,-0.02965719997882843,0.0032879530917853117,0.0,0.0,0.0,0.0,-0.6235964298248291,0.008934472687542439,1824,2,time,0.0,0.028197601437568665,-3.5399155616760254,-2.4192941188812256,1545
-0.17952024936676025,0.0,0.0,0.03986506164073944,-0.16933155059814453,-0.21746894717216492,-0.07843033969402313,0.0,-0.3578888475894928,-0.033111535012722015,0.0032879530917853117,0.0,0.0,0.0,0.0,-0.6810398101806641,0.008934472687542439,1825,2,time,0.0,0.01656113564968109,-4.083996772766113,-2.4192941188812256,1545
-0.17952024936676025,0.0,0.0,0.04611944034695625,-0.16933155059814453,-0.2140045017004013,0.003006992395967245,0.0,-0.3385069668292999,-0.033111535012722015,0.0032879530917853117,0.0,0.0,0.0,0.0,-0.6810398101806641,0.008934472687542439,1826,2,time,0.0,0.018461046740412712,-3.973458766937256,-2.4192941188812256,1545
-0.14571718871593475,0.0,0.0,-0.11958315968513489,-0.1483871340751648,-0.13900217413902283,0.19600632786750793,0.0,-0.28218981623649597,-0.033111535012722015,0.0032879530917853117,0.0,0.0,0.0,0.0,-0.7021126747131348,0.008934472687542439,1827,2,time,0.0,0.022287972271442413,-3.781167984008789,-2.4192941188812256,1545
-0.1351224035024643,0.0,0.0,-0.13339482247829437,-0.12310504913330078,-0.18368014693260193,-0.08059816062450409,0.0,0.3072105050086975,-0.033111535012722015,0.0032879530917853117,0.0,0.0,0.0,0.0,-0.6719455718994141,0.008934472687542439,1828,2,time,0.0,0.030447864904999733,-3.460818290710449,-2.4192941188812256,1545
-0.17952024936676025,0.0,0.0,0.05019330233335495,0.25080442428588867,0.29975226521492004,-0.019744280725717545,0.0,-0.2566313147544861,-0.02965719997882843,0.0032879530917853117,0.0,0.0,0.0,0.0,-0.5407906770706177,0.008934472687542439,1829,2,time,1.0,0.05558433383703232,-2.832664966583252,-2.4192941188812256,1545
-0.11509642004966736,0.0,0.0,0.03446632996201515,0.5343997478485107,0.16956764459609985,-0.2509184181690216,0.0,0.2508313059806824,-0.013960170559585094,-0.01227864995598793,0.0,0.0,0.0,0.0,0.5433034300804138,-0.03825098276138306,1830,2,time,0.0,0.21127942204475403,-1.317230463027954,-2.4192941188812256,1545
-0.17952024936676025,0.0,0.0,0.04611944034695625,-0.1539732664823532,-0.19950224459171295,0.20495979487895966,0.0,-0.28218981623649597,-0.033111535012722015,0.0032879530917853117,0.0,0.0,0.0,0.0,-0.6810398101806641,0.008934472687542439,1831,2,time,0.0,0.024474889039993286,-3.685328245162964,-2.4192941188812256,1545
0.21754132211208344,0.0,0.0,-0.07535717636346817,-0.18110282719135284,-0.20548008382320404,-0.08738379925489426,0.0,-0.3515785038471222,-0.033111535012722015,0.0032879530917853117,0.0,0.0,0.0,0.0,-0.6687600016593933,0.008934472687542439,1832,2,time,1.0,0.022046605125069618,-3.7923033237457275,-2.4192941188812256,1545
0.2577289044857025,0.0,0.0,0.027161788195371628,-0.22253407537937164,-0.13726180791854858,0.24637557566165924,0.0,-0.4440973401069641,-0.033111535012722015,-0.01227864995598793,0.0,0.0,0.0,0.0,0.8370314240455627,-0.03825098276138306,1833,2,time,0.0,0.12580935657024384,-1.9385308027267456,-2.4192941188812256,1545
0.25819575786590576,0.0,0.0,0.05019330233335495,0.24831660091876984,-0.17184317111968994,-0.08797284960746765,0.0,-0.25032100081443787,-0.02965719997882843,0.0032879530917853117,0.0,0.0,0.0,0.0,-0.5902437567710876,0.008934472687542439,1834,2,time,0.0,0.04831906408071518,-2.9804036617279053,-2.4192941188812256,1545
0.24014787375926971,0.0,0.0,0.050973448902368546,-0.1286911815404892,-0.11979656666517258,0.045544691383838654,0.0,0.2853958010673523,-0.033111535012722015,0.0032879530917853117,0.0,0.0,0.0,0.0,-0.6324421167373657,0.008934472687542439,1835,2,time,0.0,0.0630294680595398,-2.699049472808838,-2.4192941188812256,1545
0.21754132211208344,0.0,0.0,-0.1258375495672226,-0.41937536001205444,-0.18698415160179138,-0.15692204236984253,0.0,-0.3515785038471222,-0.033111535012722015,0.0032879530917853117,0.0,0.0,0.0,0.0,-0.7622740268707275,0.008934472687542439,1836,2,time,0.0,0.01440581027418375,-4.225613117218018,-2.4192941188812256,1545
0.2950526177883148,0.0,0.0,-0.03926501423120499,-0.43140077590942383,0.19895684719085693,0.2181384414434433,0.0,-0.4440973401069641,-0.033111535012722015,0.0032879530917853117,0.0,0.0,0.0,0.0,0.5991293787956238,0.030283665284514427,1837,2,time,0.0,0.11687950044870377,-2.022318124771118,-2.4192941188812256,1545
0.25819575786590576,0.0,0.0,0.02465394139289856,-0.10305175185203552,0.3798314332962036,0.06906741857528687,0.0,-0.25032100081443787,-0.033111535012722015,0.0032879530917853117,0.0,0.0,0.0,0.0,-0.4568694531917572,0.008934472687542439,1838,2,time,0.0,0.0745592787861824,-2.5186755657196045,-2.4192941188812256,1545
0.2864672541618347,0.0,0.0,-0.13955171406269073,-0.2923450767993927,0.1690683811903,0.15528687834739685,0.0,0.31189262866973877,-0.033111535012722015,0.0032879530917853117,0.0,0.0,0.0,0.0,0.273046612739563,0.008934472687542439,1839,2,time,0.0,0.15758362412452698,-1.6763181686401367,-2.4192941188812256,1545
0.25819575786590576,0.0,0.0,-0.1410367339849472,-0.4324340224266052,-0.17697101831436157,0.10463908314704895,0.0,-0.27587947249412537,-0.033111535012722015,0.0032879530917853117,0.0,0.0,0.0,0.0,-0.7658524513244629,0.008934472687542439,1840,2,time,0.0,0.02044176496565342,-3.8695216178894043,-2.4192941188812256,1545
0.25819575786590576,0.0,0.0,-0.12167514860630035,-0.47340822219848633,-0.18043546378612518,-0.09105417877435684,0.0,-0.3515785038471222,-0.033111535012722015,0.0032879530917853117,0.0,0.0,0.0,0.0,-0.7658524513244629,0.008934472687542439,1841,2,time,0.0,0.015277332626283169,-4.165989875793457,-2.4192941188812256,1545
0.23389197885990143,0.0,0.0,-0.033912379294633865,-0.5470213294029236,-0.09838051348924637,-0.16379639506340027,0.0,-0.3515785038471222,-0.033111535012722015,0.0014184645842760801,0.0,0.0,0.0,0.0,-0.7658524513244629,0.008934472687542439,1842,2,time,0.0,0.015236596576869488,-4.168701171875,-2.4192941188812256,1545
0.21754132211208344,0.0,0.0,-0.033912379294633865,-0.5359617471694946,-0.2117219865322113,-0.16379639506340027,0.0,-0.3515785038471222,-0.033111535012722015,0.0014184645842760801,0.0,0.0,0.0,0.0,-0.7658524513244629,0.008934472687542439,1843,2,time,0.0,0.013555236160755157,-4.287334442138672,-2.4192941188812256,1545
0.25819575786590576,0.0,0.0,-0.04632366821169853,-0.5470213294029236,-0.18667736649513245,-0.26107680797576904,0.0,-0.3515785038471222,-0.033111535012722015,0.0014184645842760801,0.0,0.0,0.0,0.0,-0.7913408279418945,0.008934472687542439,1844,2,time,0.0,0.012519439682364464,-4.3678741455078125,-2.4192941188812256,1545
0.21754132211208344,0.0,0.0,-0.05113477632403374,-0.576236367225647,-0.07592800259590149,-0.2266077697277069,0.0,-0.3692839443683624,-0.033111535012722015,0.0014184645842760801,0.0,0.0,0.0,0.0,-0.7913408279418945,0.008934472687542439,1845,2,time,0.0,0.013189694844186306,-4.315042018890381,-2.4192941188812256,1545
0.21754132211208344,0.0,0.0,-0.033912379294633865,-0.5359617471694946,-0.18698415160179138,-0.26107680797576904,0.0,-0.3515785038471222,-0.033111535012722015,0.0014184645842760801,0.0,0.0,0.0,0.0,-0.7913408279418945,0.008934472687542439,1846,2,time,0.0,0.01230503898113966,-4.385365009307861,-2.4192941188812256,1545
0.1965932697057724,0.0,0.0,-0.017296310514211655,-0.5735059976577759,0.2953663170337677,-0.1889633685350418,0.0,-0.4303073585033417,-0.033111535012722015,0.0014184645842760801,0.0,0.0,0.0,0.0,-0.7882469296455383,0.008934472687542439,1847,2,time,0.0,0.018920404836535454,-3.9484126567840576,-2.4192941188812256,1545
0.21754132211208344,0.0,0.0,-0.033912379294633865,-0.5470227003097534,-0.20066101849079132,-0.26107680797576904,0.0,-0.3515785038471222,-0.033111535012722015,0.0014184645842760801,0.0,0.0,0.0,0.0,-0.7913408279418945,0.008934472687542439,1848,2,time,0.0,0.012007984332740307,-4.410102844238281,-2.4192941188812256,1545
0.21754132211208344,0.0,0.0,-0.05113477632403374,-0.576236367225647,-0.07592800259590149,-0.2266077697277069,0.0,-0.3692839443683624,-0.033111535012722015,0.0014184645842760801,0.0,0.0,0.0,0.0,-0.7913408279418945,0.008934472687542439,1849,2,time,0.0,0.013189694844186306,-4.315042018890381,-2.4192941188812256,1545
0.22868098318576813,0.0,0.0,-0.033912379294633865,-0.5359617471694946,0.03055507503449917,-0.26107680797576904,0.0,-0.3515785038471222,-0.033111535012722015,0.0014184645842760801,0.0,0.0,0.0,0.0,-0.7913408279418945,0.008934472687542439,1850,2,time,0.0,0.015417927876114845,-4.156686305999756,-2.4192941188812256,1545
0.21754132211208344,0.0,0.0,-0.05113477632403374,-0.576236367225647,-0.07592800259590149,-0.2266077697277069,0.0,-0.3692839443683624,-0.033111535012722015,0.0014184645842760801,0.0,0.0,0.0,0.0,-0.7913408279418945,0.008934472687542439,1851,2,time,0.0,0.013189694844186306,-4.315042018890381,-2.4192941188812256,1545
0.21754132211208344,0.0,0.0,-0.033912379294633865,-0.5359617471694946,-0.18698415160179138,-0.26107680797576904,0.0,-0.3515785038471222,-0.033111535012722015,0.0014184645842760801,0.0,0.0,0.0,0.0,-0.7913408279418945,0.008934472687542439,1852,2,time,0.0,0.01230503898113966,-4.385365009307861,-2.4192941188812256,1545
0.1965932697057724,0.0,0.0,-0.017296310514211655,-0.5735059976577759,0.2953663170337677,-0.1889633685350418,0.0,-0.4303073585033417,-0.033111535012722015,0.0014184645842760801,0.0,0.0,0.0,0.0,-0.7882469296455383,0.008934472687542439,1853,2,time,0.0,0.018920404836535454,-3.9484126567840576,-2.4192941188812256,1545
0.1965932697057724,0.0,0.0,-0.017296310514211655,-0.5735059976577759,0.2953663170337677,-0.1889633685350418,0.0,-0.4303073585033417,-0.033111535012722015,0.0014184645842760801,0.0,0.0,0.0,0.0,-0.7882469296455383,0.008934472687542439,1854,2,time,0.0,0.018920404836535454,-3.9484126567840576,-2.4192941188812256,1545
0.1965932697057724,0.0,0.0,-0.017296310514211655,-0.5735059976577759,0.2953663170337677,-0.1889633685350418,0.0,-0.4303073585033417,-0.033111535012722015,0.0014184645842760801,0.0,0.0,0.0,0.0,-0.7882469296455383,0.008934472687542439,1855,2,time,0.0,0.018920404836535454,-3.9484126567840576,-2.4192941188812256,1545
-0.19981898367404938,0.0,0.0,-0.05388094112277031,-0.510682225227356,-0.25569385290145874,-0.13283617794513702,0.0,0.37035587430000305,-0.033111535012722015,0.0014184645842760801,0.0,0.0,0.0,0.0,0.2947178781032562,0.008934472687542439,1856,2,time,0.0,0.05069557949900627,-2.9298908710479736,-2.4192941188812256,1545
-0.1298508495092392,0.0,0.0,-0.030538272112607956,-0.576236367225647,0.11301273852586746,-0.2266077697277069,0.0,-0.43661773204803467,-0.033111535012722015,0.0014184645842760801,0.0,0.0,0.0,0.0,-0.8215996026992798,0.008934472687542439,1857,2,time,0.0,0.010451633483171463,-4.550490379333496,-2.4192941188812256,1545
-0.17952024936676025,0.0,0.0,-0.010637066327035427,-0.47199392318725586,0.3154965937137604,0.09981842339038849,0.0,-0.2566313147544861,-0.033111535012722015,0.0014184645842760801,0.0,0.0,0.0,0.0,-0.6083871126174927,0.008934472687542439,1858,2,time,0.0,0.02781672403216362,-3.5539069175720215,-2.4192941188812256,1545
-0.16001449525356293,0.0,0.0,-0.033912379294633865,-0.5470213294029236,-0.1052551344037056,-0.26107680797576904,0.0,-0.3578888475894928,-0.033111535012722015,0.0014184645842760801,0.0,0.0,0.0,0.0,-0.824693500995636,0.008934472687542439,1859,2,time,0.0,0.008732661604881287,-4.731914043426514,-2.4192941188812256,1545
-0.17952024936676025,0.0,0.0,-0.12066373229026794,-0.5622624754905701,0.3154965937137604,0.1023363471031189,0.0,-0.26692190766334534,-0.033111535012722015,0.0014184645842760801,0.0,0.0,0.0,0.0,-0.6048086881637573,0.008934472687542439,1860,2,time,0.0,0.02278962917625904,-3.7583963871002197,-2.4192941188812256,1545
-0.1298508495092392,0.0,0.0,-0.017296310514211655,-0.5735059976577759,0.35595405101776123,-0.1889633685350418,0.0,-0.43661773204803467,-0.033111535012722015,0.0014184645842760801,0.0,0.0,0.0,0.0,-0.8215996026992798,0.008934472687542439,1861,2,time,0.0,0.014009203761816025,-4.253932476043701,-2.4192941188812256,1545
-0.18042337894439697,0.0,0.0,0.010551359504461288,-0.5402629971504211,0.043841347098350525,-0.20916007459163666,0.0,-0.4637572169303894,-0.033111535012722015,0.0014184645842760801,0.0,0.0,0.0,0.0,0.32058069109916687,0.008934472687542439,1862,2,time,0.0,0.030451878905296326,-3.4606823921203613,-2.4192941188812256,1545
-0.1298508495092392,0.0,0.0,-0.017296310514211655,-0.5735059976577759,0.35595405101776123,-0.1889633685350418,0.0,-0.43661773204803467,-0.033111535012722015,0.0014184645842760801,0.0,0.0,0.0,0.0,-0.8215996026992798,0.008934472687542439,1863,2,time,0.0,0.014009203761816025,-4.253932476043701,-2.4192941188812256,1545
-0.1298508495092392,0.0,0.0,-0.017296310514211655,-0.5735059976577759,0.35595405101776123,-0.1889633685350418,0.0,-0.43661773204803467,-0.033111535012722015,0.0014184645842760801,0.0,0.0,0.0,0.0,-0.8215996026992798,0.008934472687542439,1864,2,time,0.0,0.014009203761816025,-4.253932476043701,-2.4192941188812256,1545
-0.14571718871593475,0.0,0.0,-0.033912379294633865,-0.5359617471694946,-0.18794862926006317,-0.26107680797576904,0.0,-0.3578888475894928,-0.033111535012722015,0.0014184645842760801,0.0,0.0,0.0,0.0,-0.824693500995636,0.008934472687542439,1865,2,time,0.0,0.008250053972005844,-4.789251327514648,-2.4192941188812256,1545
-0.1298508495092392,0.0,0.0,-0.017296310514211655,-0.5735059976577759,0.35595405101776123,-0.1889633685350418,0.0,-0.43661773204803467,-0.033111535012722015,0.0014184645842760801,0.0,0.0,0.0,0.0,-0.8215996026992798,0.008934472687542439,1866,2,time,0.0,0.014009203761816025,-4.253932476043701,-2.4192941188812256,1545
-0.14571718871593475,0.0,0.0,-0.10022155195474625,-0.4449912905693054,-0.18794862926006317,-0.2542024850845337,0.0,-0.3578888475894928,-0.033111535012722015,0.0032879530917853117,0.0,0.0,0.0,0.0,-0.8211150169372559,0.008934472687542439,1867,2,time,0.0,0.00855821743607521,-4.752268314361572,-2.4192941188812256,1545
-0.14571718871593475,0.0,0.0,-0.06696359813213348,-0.5026231408119202,-0.05215466767549515,-0.21973344683647156,0.0,-0.37559428811073303,-0.033111535012722015,0.0032879530917853117,0.0,0.0,0.0,0.0,-0.8211150169372559,0.008934472687542439,1868,2,time,0.0,0.00971728190779686,-4.62408447265625,-2.4192941188812256,1545
-0.15498925745487213,0.0,0.0,-0.1258375495672226,-0.41937536001205444,0.03391668200492859,-0.15692204236984253,0.0,-0.3578888475894928,-0.033111535012722015,0.0032879530917853117,0.0,0.0,0.0,0.0,-0.7956266403198242,0.008934472687542439,1869,2,time,0.0,0.011927535757422447,-4.416906356811523,-2.4192941188812256,1545
-0.17952024936676025,0.0,0.0,0.05859221890568733,-0.1486387997865677,0.25719040632247925,0.1798800528049469,0.0,-0.28218981623649597,-0.033111535012722015,0.0032879530917853117,0.0,0.0,0.0,0.0,-0.5982339978218079,0.008934472687542439,1870,2,time,0.0,0.04096920043230057,-3.1531026363372803,-2.4192941188812256,1545
-0.14571718871593475,0.0,0.0,-0.1258375495672226,-0.41937536001205444,-0.18794862926006317,-0.15692204236984253,0.0,-0.3578888475894928,-0.033111535012722015,0.0032879530917853117,0.0,0.0,0.0,0.0,-0.7956266403198242,0.008934472687542439,1871,2,time,0.0,0.009665313176810741,-4.629499435424805,-2.4192941188812256,1545
-0.1298508495092392,0.0,0.0,-0.08634230494499207,-0.4770071804523468,0.11301273852586746,-0.1224529817700386,0.0,-0.43661773204803467,-0.033111535012722015,0.0032879530917853117,0.0,0.0,0.0,0.0,-0.7961112260818481,0.008934472687542439,1872,2,time,0.0,0.012424861080944538,-4.375553131103516,-2.4192941188812256,1545
-0.11925605684518814,0.0,0.0,-0.05504164844751358,-0.45925238728523254,0.4419090449810028,-0.1177915558218956,0.0,0.36611995100975037,-0.033111535012722015,0.0032879530917853117,0.0,0.0,0.0,0.0,-0.7914324402809143,0.008934472687542439,1873,2,time,0.0,0.04012022539973259,-3.1749274730682373,-2.4192941188812256,1545
-0.18029440939426422,0.0,0.0,0.03963455557823181,-0.1895236074924469,0.16837191581726074,0.22129587829113007,0.0,-0.4504076838493347,0.12770766019821167,0.0032879530917853117,0.0,0.0,0.0,0.0,0.8138968348503113,0.030283665284514427,1874,2,time,0.0,0.1376388669013977,-1.835040807723999,-2.4192941188812256,1545
-0.19981898367404938,0.0,0.0,0.042636025696992874,0.25873106718063354,0.18104521930217743,-0.1957169771194458,0.0,0.3051767945289612,-0.02965719997882843,0.0032879530917853117,0.0,0.0,0.0,0.0,0.2914756238460541,0.008934472687542439,1875,2,time,0.0,0.14764398336410522,-1.7532004117965698,-2.4192941188812256,1545
-0.15498925745487213,0.0,0.0,-0.1258375495672226,-0.41937536001205444,0.03391668200492859,-0.15692204236984253,0.0,-0.3578888475894928,-0.033111535012722015,0.0032879530917853117,0.0,0.0,0.0,0.0,-0.7956266403198242,0.008934472687542439,1876,2,time,0.0,0.011927535757422447,-4.416906356811523,-2.4192941188812256,1545
-0.16001449525356293,0.0,0.0,0.05227633938193321,-0.16933155059814453,-0.0853625014424324,-0.07843033969402313,0.0,-0.3578888475894928,-0.033111535012722015,0.0032879530917853117,0.0,0.0,0.0,0.0,-0.6810398101806641,0.008934472687542439,1877,2,time,0.0,0.019455593079328537,-3.919973373413086,-2.4192941188812256,1545
-0.15498925745487213,0.0,0.0,0.05227633938193321,-0.15827195346355438,0.05380932241678238,-0.07843033969402313,0.0,-0.3578888475894928,-0.033111535012722015,0.0032879530917853117,0.0,0.0,0.0,0.0,-0.6810398101806641,0.008934472687542439,1878,2,time,0.0,0.02264929935336113,-3.764716625213623,-2.4192941188812256,1545
-0.2049543708562851,0.0,0.0,0.05859221890568733,-0.3275119662284851,0.16674040257930756,0.23179683089256287,0.0,-0.38805821537971497,-0.033111535012722015,0.0032879530917853117,0.0,0.0,0.0,0.0,0.22102026641368866,0.008934472687542439,1879,2,time,0.0,0.06401054561138153,-2.682556390762329,-2.4192941188812256,1545
-0.17952024936676025,0.0,0.0,0.026798473671078682,-0.16933155059814453,-0.21746894717216492,-0.07843033969402313,0.0,-0.3578888475894928,-0.033111535012722015,0.0032879530917853117,0.0,0.0,0.0,0.0,-0.6810398101806641,0.008934472687542439,1880,2,time,0.0,0.016349658370018005,-4.0970635414123535,-2.4192941188812256,1545
-0.1689254641532898,0.0,0.0,-0.1034306138753891,-0.3864591717720032,0.13793498277664185,0.27621763944625854,0.0,0.25615766644477844,-0.033111535012722015,0.0032879530917853117,0.0,0.0,0.0,0.0,-0.6891289949417114,0.008934472687542439,1881,2,time,0.0,0.042378317564725876,-3.1178159713745117,-2.4192941188812256,1545
-0.17952024936676025,0.0,0.0,0.03305285423994064,-0.1539732664823532,-0.19950224459171295,0.20495979487895966,0.0,-0.28218981623649597,-0.033111535012722015,0.0032879530917853117,0.0,0.0,0.0,0.0,-0.6810398101806641,0.008934472687542439,1882,2,time,0.0,0.024164844304323196,-3.698394775390625,-2.4192941188812256,1545
-0.17952024936676025,0.0,0.0,0.05019330233335495,0.25080442428588867,0.29975226521492004,-0.019744280725717545,0.0,-0.2566313147544861,-0.02965719997882843,0.0032879530917853117,0.0,0.0,0.0,0.0,-0.5407906770706177,0.008934472687542439,1883,2,time,0.0,0.05558433383703232,-2.832664966583252,-2.4192941188812256,1545
-0.17952024936676025,0.0,0.0,0.03305285423994064,-0.1539732664823532,-0.19950224459171295,0.20495979487895966,0.0,-0.28218981623649597,-0.033111535012722015,0.0032879530917853117,0.0,0.0,0.0,0.0,-0.6810398101806641,0.008934472687542439,1884,2,time,0.0,0.024164844304323196,-3.698394775390625,-2.4192941188812256,1545
-0.17952024936676025,0.0,0.0,0.05019330233335495,0.25080442428588867,0.29975226521492004,-0.019744280725717545,0.0,-0.2566313147544861,-0.02965719997882843,0.0032879530917853117,0.0,0.0,0.0,0.0,-0.5407906770706177,0.008934472687542439,1885,2,time,0.0,0.05558433383703232,-2.832664966583252,-2.4192941188812256,1545
-0.17952024936676025,0.0,0.0,0.05019330233335495,0.3711361885070801,0.29975226521492004,-0.019744280725717545,0.0,-0.22408799827098846,-0.02965719997882843,0.0032879530917853117,0.0,0.0,0.0,0.0,-0.5407906770706177,0.008934472687542439,1886,2,time,0.0,0.0641765147447586,-2.6797895431518555,-2.4192941188812256,1545
-0.15498925745487213,0.0,0.0,0.05853072926402092,-0.1539732664823532,-0.04161961376667023,0.20495979487895966,0.0,-0.28218981623649597,-0.033111535012722015,0.0032879530917853117,0.0,0.0,0.0,0.0,-0.6810398101806641,0.008934472687542439,1887,2,time,0.0,0.029583659023046494,-3.4905030727386475,-2.4192941188812256,1545
-0.17952024936676025,0.0,0.0,-0.11400522291660309,-0.10852521657943726,0.3154965937137604,0.0865020900964737,0.0,-0.2566313147544861,-0.033111535012722015,0.0032879530917853117,0.0,0.0,0.0,0.0,-0.511294960975647,0.008934472687542439,1888,2,time,0.0,0.038859773427248,-3.208160638809204,-2.4192941188812256,1545
-0.2049543708562851,0.0,0.0,0.020977579057216644,-0.28192493319511414,0.23869727551937103,-0.03737379238009453,0.0,-0.3624997138977051,-0.033111535012722015,0.0032879530917853117,0.0,0.0,0.0,0.0,0.16054102778434753,0.008934472687542439,1889,2,time,0.0,0.051822420209646225,-2.9067189693450928,-2.4192941188812256,1545
-0.17952024936676025,0.0,0.0,0.03772052749991417,-0.35868167877197266,0.3291473686695099,0.06906741857528687,0.0,-0.2566313147544861,-0.033111535012722015,0.0032879530917853117,0.0,0.0,0.0,0.0,-0.5837359428405762,0.008934472687542439,1890,2,time,0.0,0.03283684328198433,-3.3828160762786865,-2.4192941188812256,1545
-0.1298508495092392,0.0,0.0,-0.06572865694761276,-0.20601901412010193,0.11187385022640228,0.13193325698375702,0.0,-0.36091873049736023,-0.033111535012722015,0.0032879530917853117,0.0,0.0,0.0,0.0,-0.6990187764167786,0.008934472687542439,1891,2,time,0.0,0.025138093158602715,-3.657911539077759,-2.4192941188812256,1545
-0.1298508495092392,0.0,0.0,-0.09264779090881348,-0.4998927712440491,0.35595405101776123,-0.08847896009683609,0.0,-0.43661773204803467,-0.033111535012722015,0.0032879530917853117,0.0,0.0,0.0,0.0,-0.7961112260818481,0.008934472687542439,1892,2,time,0.0,0.01586216688156128,-4.127829074859619,-2.4192941188812256,1545
-0.1298508495092392,0.0,0.0,-0.09264779090881348,-0.4998927712440491,0.35595405101776123,-0.18575941026210785,0.0,-0.43661773204803467,-0.033111535012722015,0.0032879530917853117,0.0,0.0,0.0,0.0,-0.8215996026992798,0.008934472687542439,1893,2,time,0.0,0.014055337756872177,-4.250597953796387,-2.4192941188812256,1545
-0.1298508495092392,0.0,0.0,-0.09264779090881348,-0.4998927712440491,0.35595405101776123,-0.18575941026210785,0.0,-0.43661773204803467,-0.033111535012722015,0.0032879530917853117,0.0,0.0,0.0,0.0,-0.8215996026992798,0.008934472687542439,1894,2,time,0.0,0.014055337756872177,-4.250597953796387,-2.4192941188812256,1545
-0.17952024936676025,0.0,0.0,0.03305285423994064,-0.1539732664823532,-0.19950224459171295,0.20495979487895966,0.0,-0.28218981623649597,-0.033111535012722015,0.0032879530917853117,0.0,0.0,0.0,0.0,-0.6810398101806641,0.008934472687542439,1895,2,time,0.0,0.024164844304323196,-3.698394775390625,-2.4192941188812256,1545
-0.17952024936676025,0.0,0.0,-0.1410367339849472,-0.4324340224266052,-0.2131529599428177,0.34225884079933167,0.0,-0.28218981623649597,-0.033111535012722015,0.0032879530917853117,0.0,0.0,0.0,0.0,-0.7234150767326355,0.008934472687542439,1896,2,time,0.0,0.016796061769127846,-4.069672107696533,-2.4192941188812256,1545
-0.17952024936676025,0.0,0.0,-0.07025735825300217,-0.4527154564857483,0.2370910942554474,0.17672263085842133,0.0,-0.28218981623649597,-0.033111535012722015,0.0032879530917853117,0.0,0.0,0.0,0.0,-0.7163993120193481,0.008934472687542439,1897,2,time,0.0,0.023489056155085564,-3.7274513244628906,-2.4192941188812256,1545
-0.1298508495092392,0.0,0.0,-0.09264779090881348,-0.4998927712440491,0.35595405101776123,-0.18575941026210785,0.0,-0.43661773204803467,-0.033111535012722015,0.0032879530917853117,0.0,0.0,0.0,0.0,-0.8215996026992798,0.008934472687542439,1898,2,time,0.0,0.014055337756872177,-4.250597953796387,-2.4192941188812256,1545
-0.11925605684518814,0.0,0.0,-0.1250012367963791,-0.44462546706199646,0.014949623495340347,-0.14340953528881073,0.0,0.31931617856025696,-0.033111535012722015,0.0032879530917853117,0.0,0.0,0.0,0.0,-0.7909479141235352,0.008934472687542439,1899,2,time,0.0,0.023449959233403206,-3.7291572093963623,-2.4192941188812256,1545
-0.1298508495092392,0.0,0.0,-0.07310035079717636,-0.4742768108844757,0.35595405101776123,-0.0848085805773735,0.0,-0.43661773204803467,-0.033111535012722015,0.0032879530917853117,0.0,0.0,0.0,0.0,-0.7961112260818481,0.008934472687542439,1900,2,time,0.0,0.016642792150378227,-4.078995227813721,-2.4192941188812256,1545
-0.2049543708562851,0.0,0.0,0.033450350165367126,0.21560285985469818,-0.21260274946689606,-0.18412348628044128,0.0,-0.37279030680656433,-0.02965719997882843,0.0032879530917853117,0.0,0.0,0.0,0.0,0.27370062470436096,0.008934472687542439,1901,2,time,0.0,0.05272766575217247,-2.88844633102417,-2.4192941188812256,1545
-0.18042337894439697,0.0,0.0,0.028721194714307785,-0.332846462726593,-0.03169495239853859,0.25687652826309204,0.0,-0.38805821537971497,-0.033111535012722015,0.0032879530917853117,0.0,0.0,0.0,0.0,0.22845570743083954,0.008934472687542439,1902,2,time,0.0,0.05421020835638046,-2.8591511249542236,-2.4192941188812256,1545
-0.1298508495092392,0.0,0.0,-0.07310035079717636,-0.21864692866802216,0.34305933117866516,-0.07191386073827744,0.0,-0.43661773204803467,-0.033111535012722015,0.0032879530917853117,0.0,0.0,0.0,0.0,-0.7025972604751587,0.008934472687542439,1903,2,time,0.0,0.02343408204615116,-3.7298507690429688,-2.4192941188812256,1545
-0.17952024936676025,0.0,0.0,-0.1410367339849472,-0.4324340224266052,-0.2131529599428177,0.19233593344688416,0.0,-0.28218981623649597,-0.033111535012722015,0.0032879530917853117,0.0,0.0,0.0,0.0,-0.7992051243782043,0.008934472687542439,1904,2,time,0.0,0.013448003679513931,-4.295385360717773,-2.4192941188812256,1545
-0.17952024936676025,0.0,0.0,-0.06018207594752312,-0.5349013209342957,-0.19368484616279602,-0.07282816618680954,0.0,-0.3578888475894928,-0.033111535012722015,0.0032879530917853117,0.0,0.0,0.0,0.0,-0.7992051243782043,0.008934472687542439,1905,2,time,0.0,0.009580560028553009,-4.638392448425293,-2.4192941188812256,1545
-0.1298508495092392,0.0,0.0,-0.017296310514211655,-0.5735059976577759,0.35595405101776123,-0.1889633685350418,0.0,-0.43661773204803467,-0.033111535012722015,0.0014184645842760801,0.0,0.0,0.0,0.0,-0.8215996026992798,0.008934472687542439,1906,2,time,0.0,0.014009203761816025,-4.253932476043701,-2.4192941188812256,1545
-0.17952024936676025,0.0,0.0,-0.04632366821169853,-0.5470213294029236,-0.23111966252326965,-0.0942581295967102,0.0,-0.3578888475894928,-0.033111535012722015,0.0014184645842760801,0.0,0.0,0.0,0.0,-0.7992051243782043,0.008934472687542439,1907,2,time,0.0,0.009036662057042122,-4.6973876953125,-2.4192941188812256,1545
-0.17952024936676025,0.0,0.0,-0.04632366821169853,-0.5470213294029236,-0.23736155033111572,-0.16379639506340027,0.0,-0.3578888475894928,-0.033111535012722015,0.0014184645842760801,0.0,0.0,0.0,0.0,-0.7992051243782043,0.008934472687542439,1908,2,time,0.0,0.00838269293308258,-4.773168087005615,-2.4192941188812256,1545
-0.17952024936676025,0.0,0.0,-0.04632366821169853,-0.5470213294029236,-0.2033911794424057,-0.16379639506340027,0.0,-0.3578888475894928,-0.033111535012722015,0.0014184645842760801,0.0,0.0,0.0,0.0,-0.7992051243782043,0.008934472687542439,1909,2,time,0.0,0.008669836446642876,-4.739197731018066,-2.4192941188812256,1545
-0.1298508495092392,0.0,0.0,-0.017296310514211655,-0.5735059976577759,0.35595405101776123,-0.1889633685350418,0.0,-0.43661773204803467,-0.033111535012722015,0.0014184645842760801,0.0,0.0,0.0,0.0,-0.8215996026992798,0.008934472687542439,1910,2,time,0.0,0.014009203761816025,-4.253932476043701,-2.4192941188812256,1545
-0.17952024936676025,0.0,0.0,0.05019330233335495,0.24546997249126434,-0.23800423741340637,-0.08797284960746765,0.0,-0.2566313147544861,-0.02965719997882843,0.0032879530917853117,0.0,0.0,0.0,0.0,-0.6235964298248291,0.008934472687542439,1911,2,time,0.0,0.028559500351548195,-3.5267903804779053,-2.4192941188812256,1545
-0.1298508495092392,0.0,0.0,-0.05874108523130417,-0.4742768108844757,0.3269277811050415,-0.068857841193676,0.0,-0.43661773204803467,-0.033111535012722015,0.0032879530917853117,0.0,0.0,0.0,0.0,-0.792532742023468,0.008934472687542439,1912,2,time,0.0,0.01672256365418434,-4.074132442474365,-2.4192941188812256,1545
-0.1689254641532898,0.0,0.0,-0.12297803163528442,-0.4145629405975342,-0.2181454598903656,0.1419079452753067,0.0,0.25615766644477844,-0.033111535012722015,0.0032879530917853117,0.0,0.0,0.0,0.0,-0.7690379619598389,0.008934472687542439,1913,2,time,0.0,0.023299073800444603,-3.735766887664795,-2.4192941188812256,1545
-0.17952024936676025,0.0,0.0,-0.04632366821169853,-0.5470213294029236,-0.23111966252326965,-0.0942581295967102,0.0,-0.3578888475894928,-0.033111535012722015,0.0014184645842760801,0.0,0.0,0.0,0.0,-0.7992051243782043,0.008934472687542439,1914,2,time,0.0,0.009036662057042122,-4.6973876953125,-2.4192941188812256,1545
-0.17952024936676025,0.0,0.0,-0.024495474994182587,-0.47395604848861694,-0.22225984930992126,0.026046201586723328,0.0,-0.2566313147544861,-0.033111535012722015,0.0032879530917853117,0.0,0.0,0.0,0.0,-0.6911929249763489,0.008934472687542439,1915,2,time,0.0,0.01389557495713234,-4.2621917724609375,-2.4192941188812256,1545
-0.17952024936676025,0.0,0.0,-0.010637066327035427,-0.47732841968536377,-0.22225984930992126,0.03158986195921898,0.0,-0.2566313147544861,-0.033111535012722015,0.0014184645842760801,0.0,0.0,0.0,0.0,-0.6911929249763489,0.008934472687542439,1916,2,time,0.0,0.014090952463448048,-4.248031139373779,-2.4192941188812256,1545
-0.18029440939426422,0.0,0.0,-0.07175618410110474,-0.28739839792251587,0.22667807340621948,-0.030440066009759903,0.0,-0.42484918236732483,-0.033111535012722015,0.0032879530917853117,0.0,0.0,0.0,0.0,0.4713893234729767,0.030283665284514427,1917,2,time,0.0,0.06206470727920532,-2.715503454208374,-2.4192941188812256,1545
-0.14571718871593475,0.0,0.0,-0.033912379294633865,-0.5470227003097534,-0.17064575850963593,-0.0942581295967102,0.0,-0.3578888475894928,-0.033111535012722015,0.0014184645842760801,0.0,0.0,0.0,0.0,-0.7992051243782043,0.008934472687542439,1918,2,time,0.0,0.01004383061081171,-4.590702056884766,-2.4192941188812256,1545
-0.14571718871593475,0.0,0.0,0.0017742197960615158,-0.4662688076496124,-0.1728469282388687,0.03158986195921898,0.0,-0.2566313147544861,-0.033111535012722015,0.0014184645842760801,0.0,0.0,0.0,0.0,-0.6911929249763489,0.008934472687542439,1919,2,time,0.0,0.015652544796466827,-4.141345500946045,-2.4192941188812256,1545
-0.17952024936676025,0.0,0.0,-0.010637066327035427,-0.47732841968536377,-0.22225984930992126,0.03158986195921898,0.0,-0.2566313147544861,-0.033111535012722015,0.0014184645842760801,0.0,0.0,0.0,0.0,-0.6911929249763489,0.008934472687542439,1920,2,time,0.0,0.014090952463448048,-4.248031139373779,-2.4192941188812256,1545
-0.1298508495092392,0.0,0.0,-0.017296310514211655,-0.5735059976577759,0.35595405101776123,-0.09168290346860886,0.0,-0.43661773204803467,-0.033111535012722015,0.0014184645842760801,0.0,0.0,0.0,0.0,-0.7961112260818481,0.008934472687542439,1921,2,time,0.0,0.015810197219252586,-4.131163597106934,-2.4192941188812256,1545
-0.15498925745487213,0.0,0.0,-0.033912379294633865,-0.5359617471694946,0.03391668200492859,-0.16379639506340027,0.0,-0.3578888475894928,-0.033111535012722015,0.0014184645842760801,0.0,0.0,0.0,0.0,-0.7992051243782043,0.008934472687542439,1922,2,time,0.0,0.011499457061290741,-4.4538893699646,-2.4192941188812256,1545
-0.17952024936676025,0.0,0.0,-0.010637066327035427,-0.47199392318725586,0.3154965937137604,0.11010900139808655,0.0,-0.26692190766334534,-0.033111535012722015,0.0014184645842760801,0.0,0.0,0.0,0.0,-0.6083871126174927,0.008934472687542439,1923,2,time,0.0,0.02781672403216362,-3.5539069175720215,-2.4192941188812256,1545
-0.14571718871593475,0.0,0.0,-0.04488038644194603,-0.5608780980110168,-0.07679616659879684,0.1747509092092514,0.0,-0.299895316362381,-0.033111535012722015,0.0014184645842760801,0.0,0.0,0.0,0.0,-0.7992051243782043,0.008934472687542439,1924,2,time,0.0,0.014851770363748074,-4.19467306137085,-2.4192941188812256,1545
-0.1298508495092392,0.0,0.0,-0.017296310514211655,-0.5735059976577759,0.3081743121147156,-0.05697870999574661,0.0,-0.43661773204803467,-0.033111535012722015,0.0014184645842760801,0.0,0.0,0.0,0.0,-0.7961112260818481,0.008934472687542439,1925,2,time,0.0,0.015608025714755058,-4.1442389488220215,-2.4192941188812256,1545
-0.1298508495092392,0.0,0.0,-0.030538272112607956,-0.576236367225647,0.11301273852586746,-0.12932732701301575,0.0,-0.43661773204803467,-0.033111535012722015,0.0014184645842760801,0.0,0.0,0.0,0.0,-0.7961112260818481,0.008934472687542439,1926,2,time,0.0,0.011800747364759445,-4.4277215003967285,-2.4192941188812256,1545
-0.1298508495092392,0.0,0.0,-0.017296310514211655,-0.5735059976577759,0.35595405101776123,-0.1889633685350418,0.0,-0.43661773204803467,-0.033111535012722015,0.0014184645842760801,0.0,0.0,0.0,0.0,-0.8215996026992798,0.008934472687542439,1927,2,time,0.0,0.014009203761816025,-4.253932476043701,-2.4192941188812256,1545
-0.14571718871593475,0.0,0.0,-0.033912379294633865,-0.5470227003097534,-0.1768876612186432,-0.26107680797576904,0.0,-0.3578888475894928,-0.033111535012722015,0.0014184645842760801,0.0,0.0,0.0,0.0,-0.824693500995636,0.008934472687542439,1928,2,time,0.0,0.008250053972005844,-4.789251327514648,-2.4192941188812256,1545
-0.1298508495092392,0.0,0.0,-0.017296310514211655,-0.5735059976577759,0.35595405101776123,-0.1889633685350418,0.0,-0.43661773204803467,-0.033111535012722015,0.0014184645842760801,0.0,0.0,0.0,0.0,-0.8215996026992798,0.008934472687542439,1929,2,time,0.0,0.014009203761816025,-4.253932476043701,-2.4192941188812256,1545
-0.19981898367404938,0.0,0.0,-0.05388094112277031,-0.510682225227356,-0.25569385290145874,-0.13283617794513702,0.0,0.37035587430000305,-0.033111535012722015,0.0014184645842760801,0.0,0.0,0.0,0.0,0.2947178781032562,0.008934472687542439,1930,2,time,0.0,0.05069557949900627,-2.9298908710479736,-2.4192941188812256,1545
-0.17952024936676025,0.0,0.0,-0.04006928578019142,-0.5316630601882935,-0.2131529599428177,0.1891319900751114,0.0,-0.28218981623649597,-0.033111535012722015,0.0014184645842760801,0.0,0.0,0.0,0.0,-0.7992051243782043,0.008934472687542439,1931,2,time,0.0,0.013403836637735367,-4.298719882965088,-2.4192941188812256,1545
-0.1298508495092392,0.0,0.0,-0.017296310514211655,-0.5735059976577759,0.35595405101776123,-0.1889633685350418,0.0,-0.43661773204803467,-0.033111535012722015,0.0014184645842760801,0.0,0.0,0.0,0.0,-0.8215996026992798,0.008934472687542439,1932,2,time,0.0,0.014009203761816025,-4.253932476043701,-2.4192941188812256,1545
-0.1298508495092392,0.0,0.0,-0.017296310514211655,-0.5735059976577759,0.35595405101776123,-0.09168290346860886,0.0,-0.43661773204803467,-0.033111535012722015,0.0014184645842760801,0.0,0.0,0.0,0.0,-0.7961112260818481,0.008934472687542439,1933,2,time,0.0,0.015810197219252586,-4.131163597106934,-2.4192941188812256,1545
-0.1351224035024643,0.0,0.0,-0.04146965220570564,-0.4953214228153229,-0.18368014693260193,-0.08747249096632004,0.0,0.3072105050086975,-0.033111535012722015,0.0014184645842760801,0.0,0.0,0.0,0.0,-0.7690379619598389,0.008934472687542439,1934,2,time,0.0,0.020898744463920593,-3.8469460010528564,-2.4192941188812256,1545
-0.2049543708562851,0.0,0.0,-0.04632366821169853,-0.5513225793838501,-0.22743690013885498,-0.20916007459163666,0.0,-0.4637572169303894,-0.033111535012722015,0.0014184645842760801,0.0,0.0,0.0,0.0,0.26950740814208984,0.008934472687542439,1935,2,time,0.0,0.020322391763329506,-3.875500202178955,-2.4192941188812256,1545
-0.1298508495092392,0.0,0.0,-0.017296310514211655,-0.5735059976577759,0.35595405101776123,-0.1889633685350418,0.0,-0.43661773204803467,-0.033111535012722015,0.0014184645842760801,0.0,0.0,0.0,0.0,-0.8215996026992798,0.008934472687542439,1936,2,time,0.0,0.014009203761816025,-4.253932476043701,-2.4192941188812256,1545
-0.1298508495092392,0.0,0.0,-0.017296310514211655,-0.5735059976577759,0.3247400224208832,-0.20098979771137238,0.0,-0.43661773204803467,-0.033111535012722015,0.0014184645842760801,0.0,0.0,0.0,0.0,-0.8215996026992798,0.008934472687542439,1937,2,time,0.0,0.013424312695860863,-4.297172546386719,-2.4192941188812256,1545
-0.14571718871593475,0.0,0.0,-0.033912379294633865,-0.5359617471694946,-0.18794862926006317,-0.26107680797576904,0.0,-0.3578888475894928,-0.033111535012722015,0.0014184645842760801,0.0,0.0,0.0,0.0,-0.824693500995636,0.008934472687542439,1938,2,time,0.0,0.008250053972005844,-4.789251327514648,-2.4192941188812256,1545
-0.1298508495092392,0.0,0.0,-0.017296310514211655,-0.5735059976577759,0.35595405101776123,-0.1889633685350418,0.0,-0.43661773204803467,-0.033111535012722015,0.0014184645842760801,0.0,0.0,0.0,0.0,-0.8215996026992798,0.008934472687542439,1939,2,time,0.0,0.014009203761816025,-4.253932476043701,-2.4192941188812256,1545
-0.1298508495092392,0.0,0.0,-0.017296310514211655,-0.5735059976577759,0.35595405101776123,-0.1889633685350418,0.0,-0.43661773204803467,-0.033111535012722015,0.0014184645842760801,0.0,0.0,0.0,0.0,-0.8215996026992798,0.008934472687542439,1940,2,time,0.0,0.014009203761816025,-4.253932476043701,-2.4192941188812256,1545
-0.1298508495092392,0.0,0.0,-0.017296310514211655,-0.5735059976577759,0.35595405101776123,-0.1889633685350418,0.0,-0.43661773204803467,-0.033111535012722015,0.0014184645842760801,0.0,0.0,0.0,0.0,-0.8215996026992798,0.008934472687542439,1941,2,time,0.0,0.014009203761816025,-4.253932476043701,-2.4192941188812256,1545
-0.18042337894439697,0.0,0.0,-0.08358848094940186,-0.42367660999298096,0.05517921596765518,-0.027741972357034683,0.0,-0.5261067152023315,-0.033111535012722015,0.0032879530917853117,0.0,0.0,0.0,0.0,0.5210545063018799,0.030283665284514427,1942,2,time,0.0,0.04376639425754547,-3.0841360092163086,-2.4192941188812256,1545
-0.17952024936676025,0.0,0.0,-0.13199444115161896,-0.15944673120975494,-0.2131529599428177,0.19600632786750793,0.0,-0.28218981623649597,-0.033111535012722015,0.0032879530917853117,0.0,0.0,0.0,0.0,-0.7021126747131348,0.008934472687542439,1943,2,time,0.0,0.0195968858897686,-3.912593126296997,-2.4192941188812256,1545
-0.14571718871593475,0.0,0.0,-0.10300949215888977,-0.44699037075042725,-0.16374000906944275,0.19233593344688416,0.0,-0.28218981623649597,-0.033111535012722015,0.0032879530917853117,0.0,0.0,0.0,0.0,-0.7992051243782043,0.008934472687542439,1944,2,time,0.0,0.014939428307116032,-4.188699245452881,-2.4192941188812256,1545
-0.1298508495092392,0.0,0.0,-0.10588975250720978,-0.5026231408119202,0.11301273852586746,-0.1261233687400818,0.0,-0.43661773204803467,-0.033111535012722015,0.0032879530917853117,0.0,0.0,0.0,0.0,-0.7961112260818481,0.008934472687542439,1945,2,time,0.0,0.011839696206152439,-4.424386978149414,-2.4192941188812256,1545
-0.1689254641532898,0.0,0.0,-0.06345536559820175,-0.41740959882736206,-0.23362229764461517,0.14557833969593048,0.0,0.25615766644477844,-0.033111535012722015,0.0032879530917853117,0.0,0.0,0.0,0.0,-0.7654595375061035,0.008934472687542439,1946,2,time,1.0,0.02442741207778454,-3.6873185634613037,-2.4192941188812256,1545
-0.12023183703422546,0.0,0.0,0.018762869760394096,-0.17694704234600067,-0.1970529556274414,-0.10581272840499878,0.0,-0.4351397752761841,-0.033111535012722015,-0.01227864995598793,0.0,0.0,0.0,0.0,0.6929631233215332,-0.03825098276138306,1947,2,time,0.0,0.055914491415023804,-2.8263931274414062,-2.4192941188812256,1545
-0.2049543708562851,0.0,0.0,0.007910992950201035,-0.28192493319511414,0.23869727551937103,-0.03737379238009453,0.0,-0.3624997138977051,-0.033111535012722015,0.0032879530917853117,0.0,0.0,0.0,0.0,0.16054102778434753,0.008934472687542439,1948,2,time,0.0,0.05118411406874657,-2.919785499572754,-2.4192941188812256,1545
-0.17952024936676025,0.0,0.0,-0.06352487951517105,-0.38684695959091187,-0.22225984930992126,0.018273543566465378,0.0,-0.2566313147544861,-0.033111535012722015,0.0032879530917853117,0.0,0.0,0.0,0.0,-0.6876145005226135,0.008934472687542439,1949,2,time,0.0,0.014509926550090313,-4.218306064605713,-2.4192941188812256,1545
-0.1689254641532898,0.0,0.0,0.038562167435884476,-0.11333287507295609,-0.21997158229351044,0.154531791806221,0.0,0.25615766644477844,-0.033111535012722015,0.0032879530917853117,0.0,0.0,0.0,0.0,-0.6508727073669434,0.008934472687542439,1950,2,time,0.0,0.041327040642499924,-3.1440329551696777,-2.4192941188812256,1545
-0.2049543708562851,0.0,0.0,0.02465394139289856,-0.28192493319511414,0.23869727551937103,-0.03737379238009453,0.0,-0.3624997138977051,-0.033111535012722015,0.0032879530917853117,0.0,0.0,0.0,0.0,0.1706743985414505,0.008934472687542439,1951,2,time,0.0,0.05250521004199982,-2.892909049987793,-2.4192941188812256,1545
0.25819575786590576,0.0,0.0,-0.11400522291660309,-0.10852521657943726,0.3661807179450989,0.0865020900964737,0.0,-0.25032100081443787,-0.033111535012722015,0.0032879530917853117,0.0,0.0,0.0,0.0,-0.4779422879219055,0.008934472687542439,1952,2,time,0.0,0.06415801495313644,-2.6800975799560547,-2.4192941188812256,1545
0.25819575786590576,0.0,0.0,-0.11400522291660309,-0.3666429817676544,-0.15609879791736603,0.028564125299453735,0.0,-0.26061156392097473,-0.033111535012722015,0.0032879530917853117,0.0,0.0,0.0,0.0,-0.6542618870735168,0.008934472687542439,1953,2,time,0.0,0.024008560925722122,-3.705043315887451,-2.4192941188812256,1545
0.25819575786590576,0.0,0.0,-0.11160452663898468,-0.38684695959091187,-0.171575665473938,0.036336783319711685,0.0,-0.26061156392097473,-0.033111535012722015,0.0032879530917853117,0.0,0.0,0.0,0.0,-0.6578403115272522,0.008934472687542439,1954,2,time,0.0,0.023336365818977356,-3.7341294288635254,-2.4192941188812256,1545
0.25819575786590576,0.0,0.0,-0.08151407539844513,-0.4324340224266052,-0.16246876120567322,0.34592920541763306,0.0,-0.27587947249412537,-0.033111535012722015,0.0032879530917853117,0.0,0.0,0.0,0.0,-0.6864839792251587,0.008934472687542439,1955,2,time,0.0,0.030036726966500282,-3.474837303161621,-2.4192941188812256,1545
0.25819575786590576,0.0,0.0,-0.13199444115161896,-0.15944673120975494,-0.17697101831436157,-0.021304745227098465,0.0,-0.3321966230869293,-0.033111535012722015,0.0032879530917853117,0.0,0.0,0.0,0.0,-0.6687600016593933,0.008934472687542439,1956,2,time,1.0,0.024779174476861954,-3.6726603507995605,-2.4192941188812256,1545
0.2577289044857025,0.0,0.0,0.031235642731189728,0.1852625459432602,0.2616179287433624,-0.13668645918369293,0.0,-0.4185388386249542,-0.02965719997882843,-0.01227864995598793,0.0,0.0,0.0,0.0,0.7215671539306641,-0.03825098276138306,1957,2,time,0.0,0.16836000978946686,-1.5972950458526611,-2.4192941188812256,1545
0.21754132211208344,0.0,0.0,-0.05111359804868698,-0.12015748023986816,-0.12169630825519562,0.018273543566465378,0.0,-0.25032100081443787,-0.033111535012722015,0.0032879530917853117,0.0,0.0,0.0,0.0,-0.5607479810714722,0.008934472687542439,1958,2,time,0.0,0.03528400510549545,-3.308403968811035,-2.4192941188812256,1545
0.22868098318576813,0.0,0.0,-0.06910279393196106,-0.16574454307556152,0.04026143252849579,0.10830946266651154,0.0,-0.27587947249412537,-0.033111535012722015,0.0032879530917853117,0.0,0.0,0.0,0.0,-0.6687600016593933,0.008934472687542439,1959,2,time,0.0,0.037600334733724594,-3.2424168586730957,-2.4192941188812256,1545
0.2569524943828583,0.0,0.0,-0.1361827403306961,-0.38503527641296387,0.036431409418582916,0.17090021073818207,0.0,0.31189262866973877,-0.033111535012722015,0.0032879530917853117,0.0,0.0,0.0,0.0,0.36809492111206055,0.008934472687542439,1960,2,time,0.0,0.13977862894535065,-1.8171298503875732,-2.4192941188812256,1545
0.20848912000656128,0.0,0.0,-0.037662237882614136,-0.353836327791214,-0.06281767785549164,-0.004713311325758696,0.0,0.43630510568618774,-0.033111535012722015,0.0032879530917853117,0.0,0.0,0.0,0.0,1.140521764755249,0.030283665284514427,1961,2,time,0.0,0.2511388957500458,-1.0925474166870117,-2.4192941188812256,1545
0.21754132211208344,0.0,0.0,-0.07535717636346817,-0.4367327094078064,-0.1305561363697052,-0.08738379925489426,0.0,-0.3515785038471222,-0.033111535012722015,0.0032879530917853117,0.0,0.0,0.0,0.0,-0.7622740268707275,0.008934472687542439,1962,2,time,0.0,0.016848145052790642,-4.06652307510376,-2.4192941188812256,1545
0.22868098318576813,0.0,0.0,0.011751879006624222,-0.5238417387008667,0.03055507503449917,-0.15692204236984253,0.0,-0.3515785038471222,-0.033111535012722015,0.0032879530917853117,0.0,0.0,0.0,0.0,-0.7622740268707275,0.008934472687542439,1963,2,time,0.0,0.01863667741417885,-3.963811159133911,-2.4192941188812256,1545
0.21754132211208344,0.0,0.0,0.011251028627157211,-0.5359617471694946,-0.2117219865322113,-0.25740641355514526,0.0,-0.3515785038471222,-0.033111535012722015,0.0014184645842760801,0.0,0.0,0.0,0.0,-0.7913408279418945,0.008934472687542439,1964,2,time,0.0,0.012601361609995365,-4.361268997192383,-2.4192941188812256,1545
0.24014787375926971,0.0,0.0,0.03230778127908707,-0.3843211531639099,-0.1934959590435028,-0.07164470106363297,0.0,0.29980015754699707,-0.033111535012722015,0.0032879530917853117,0.0,0.0,0.0,0.0,-0.7259559631347656,0.008934472687542439,1965,2,time,0.0,0.037566788494586945,-3.243344306945801,-2.4192941188812256,1545
0.2864672541618347,0.0,0.0,0.05103493481874466,-0.28687161207199097,0.18916761875152588,0.15981481969356537,0.0,0.3028610646724701,-0.033111535012722015,0.0032879530917853117,0.0,0.0,0.0,0.0,0.20303772389888763,0.008934472687542439,1966,2,time,0.0,0.17731130123138428,-1.5346709489822388,-2.4192941188812256,1545
0.25819575786590576,0.0,0.0,0.05019330233335495,-0.10305175185203552,0.38627997040748596,0.07356198132038116,0.0,-0.26061156392097473,-0.033111535012722015,0.0032879530917853117,0.0,0.0,0.0,0.0,-0.4568694531917572,0.008934472687542439,1967,2,time,0.0,0.07638677209615707,-2.4924838542938232,-2.4192941188812256,1545
0.2950526177883148,0.0,0.0,0.03986506164073944,-0.42926275730133057,-0.15686005353927612,-0.02651360258460045,0.0,-0.457446813583374,-0.033111535012722015,0.0032879530917853117,0.0,0.0,0.0,0.0,0.4152907431125641,0.008934472687542439,1968,2,time,0.0,0.05952117592096329,-2.760056972503662,-2.4192941188812256,1545
0.25819575786590576,0.0,0.0,-0.13824883103370667,-0.4304349720478058,-0.18043546378612518,-0.08738379925489426,0.0,-0.3515785038471222,-0.033111535012722015,0.0032879530917853117,0.0,0.0,0.0,0.0,-0.7622740268707275,0.008934472687542439,1969,2,time,0.0,0.0157918818295002,-4.132341384887695,-2.4192941188812256,1545
0.21754132211208344,0.0,0.0,0.011751879006624222,-0.5238417387008667,-0.13679803907871246,-0.15692204236984253,0.0,-0.3515785038471222,-0.033111535012722015,0.0032879530917853117,0.0,0.0,0.0,0.0,-0.7622740268707275,0.008934472687542439,1970,2,time,0.0,0.01563779078423977,-4.142303466796875,-2.4192941188812256,1545
0.25819575786590576,0.0,0.0,0.03305285423994064,-0.15112663805484772,-0.13334114849567413,0.20495979487895966,0.0,-0.27587947249412537,-0.033111535012722015,0.0032879530917853117,0.0,0.0,0.0,0.0,-0.6476871967315674,0.008934472687542439,1971,2,time,0.0,0.0410122275352478,-3.152008056640625,-2.4192941188812256,1545
0.2950526177883148,0.0,0.0,0.033450350165367126,-0.28192493319511414,0.29583001136779785,-0.03287922590970993,0.0,-0.36647990345954895,-0.033111535012722015,0.0032879530917853117,0.0,0.0,0.0,0.0,0.2561846673488617,0.008934472687542439,1972,2,time,0.0,0.09613309800624847,-2.240948438644409,-2.4192941188812256,1545
0.25819575786590576,0.0,0.0,0.02465394139289856,-0.10305175185203552,0.3798314332962036,0.07935801148414612,0.0,-0.26061156392097473,-0.033111535012722015,0.0032879530917853117,0.0,0.0,0.0,0.0,-0.4568694531917572,0.008934472687542439,1973,2,time,0.0,0.0745592787861824,-2.5186755657196045,-2.4192941188812256,1545
0.2458128184080124,0.0,0.0,-0.09727372974157333,-0.400393545627594,-0.22381241619586945,0.04085681959986687,0.0,0.3629454970359802,-0.033111535012722015,0.0032879530917853117,0.0,0.0,0.0,0.0,0.4158499538898468,0.008934472687542439,1974,2,time,0.0,0.10946705937385559,-2.096196413040161,-2.4192941188812256,1545
0.25819575786590576,0.0,0.0,0.03986506164073944,-0.42496150732040405,-0.16678470373153687,-0.07843033969402313,0.0,-0.3515785038471222,-0.033111535012722015,0.0032879530917853117,0.0,0.0,0.0,0.0,-0.7412011623382568,0.008934472687542439,1975,2,time,0.0,0.019741801545023918,-3.9050776958465576,-2.4192941188812256,1545
-0.2049543708562851,0.0,0.0,0.023122113198041916,-0.42926275730133057,-0.20407983660697937,-0.00828758254647255,0.0,-0.4637572169303894,-0.033111535012722015,0.0032879530917853117,0.0,0.0,0.0,0.0,0.3095136880874634,0.008934472687542439,1976,2,time,0.0,0.03174106776714325,-3.4178881645202637,-2.4192941188812256,1545
-0.18029440939426422,0.0,0.0,0.014095200225710869,-0.19485808908939362,-0.18794606626033783,0.22345110774040222,0.0,-0.4504076838493347,0.12770766019821167,0.0032879530917853117,0.0,0.0,0.0,0.0,0.783710777759552,0.030283665284514427,1977,2,time,0.0,0.09532678127288818,-2.250262975692749,-2.4192941188812256,1545
-0.17952024936676025,0.0,0.0,0.02465394139289856,-0.10305175185203552,0.3291473686695099,0.06906741857528687,0.0,-0.2566313147544861,-0.033111535012722015,0.0032879530917853117,0.0,0.0,0.0,0.0,-0.49022215604782104,0.008934472687542439,1978,2,time,1.0,0.04535848647356033,-3.046738624572754,-2.4192941188812256,1545
-0.12023183703422546,0.0,0.0,0.005696283187717199,-0.17410041391849518,-0.18157611787319183,-0.11610330641269684,0.0,-0.42484918236732483,-0.033111535012722015,-0.01227864995598793,0.0,0.0,0.0,0.0,0.6929631233215332,-0.03825098276138306,1979,2,time,0.0,0.05619264394044876,-2.821136236190796,-2.4192941188812256,1545
-0.17952024936676025,0.0,0.0,0.03305285423994064,-0.1486387997865677,0.2507418692111969,0.18567608296871185,0.0,-0.28218981623649597,-0.033111535012722015,0.0032879530917853117,0.0,0.0,0.0,0.0,-0.5982339978218079,0.008934472687542439,1980,2,time,0.0,0.039952389895915985,-3.1792943477630615,-2.4192941188812256,1545
-0.17952024936676025,0.0,0.0,0.04611944034695625,-0.1539732664823532,-0.19950224459171295,0.35488271713256836,0.0,-0.28218981623649597,-0.033111535012722015,0.0032879530917853117,0.0,0.0,0.0,0.0,-0.6052498817443848,0.008934472687542439,1981,2,time,0.0,0.030483409762382507,-3.4596149921417236,-2.4192941188812256,1545
-0.17952024936676025,0.0,0.0,0.05019330233335495,0.25080442428588867,0.29975226521492004,-0.019744280725717545,0.0,-0.2566313147544861,-0.02965719997882843,0.0032879530917853117,0.0,0.0,0.0,0.0,-0.5407906770706177,0.008934472687542439,1982,2,time,0.0,0.05558433383703232,-2.832664966583252,-2.4192941188812256,1545
-0.16001449525356293,0.0,0.0,-0.11958315968513489,-0.15944673120975494,-0.08104648441076279,0.19600632786750793,0.0,-0.28218981623649597,-0.033111535012722015,0.0032879530917853117,0.0,0.0,0.0,0.0,-0.7021126747131348,0.008934472687542439,1983,2,time,0.0,0.023009510710835457,-3.7485692501068115,-2.4192941188812256,1545
0.22868098318576813,0.0,0.0,-0.1258375495672226,-0.41937536001205444,0.03679698333144188,-0.08738379925489426,0.0,-0.3515785038471222,-0.033111535012722015,0.0032879530917853117,0.0,0.0,0.0,0.0,-0.7622740268707275,0.008934472687542439,1984,2,time,0.0,0.019433096051216125,-3.9211533069610596,-2.4192941188812256,1545
0.2543981671333313,0.0,0.0,-0.006671038456261158,-0.5805375576019287,-0.06600335240364075,-0.07741058617830276,0.0,-0.47515228390693665,-0.033111535012722015,0.0014184645842760801,0.0,0.0,0.0,0.0,0.44171276688575745,0.008934472687542439,1985,2,time,0.0,0.049655452370643616,-2.951716423034668,-2.4192941188812256,1545
0.1965932697057724,0.0,0.0,-0.030538272112607956,-0.576236367225647,0.05242495611310005,-0.12932732701301575,0.0,-0.4303073585033417,-0.033111535012722015,0.0014184645842760801,0.0,0.0,0.0,0.0,-0.7627585530281067,0.008934472687542439,1986,2,time,0.0,0.01595025137066841,-4.122201919555664,-2.4192941188812256,1545
0.25819575786590576,0.0,0.0,0.02465394139289856,-0.10305175185203552,0.3798314332962036,0.07935801148414612,0.0,-0.26061156392097473,-0.033111535012722015,0.0032879530917853117,0.0,0.0,0.0,0.0,-0.4568694531917572,0.008934472687542439,1987,2,time,0.0,0.0745592787861824,-2.5186755657196045,-2.4192941188812256,1545
0.25819575786590576,0.0,0.0,-0.13824883103370667,-0.4304349720478058,-0.14300063252449036,-0.06915778666734695,0.0,-0.3515785038471222,-0.033111535012722015,0.0032879530917853117,0.0,0.0,0.0,0.0,-0.7622740268707275,0.008934472687542439,1988,2,time,0.0,0.016680706292390823,-4.076681137084961,-2.4192941188812256,1545
0.21754132211208344,0.0,0.0,-0.08971646428108215,-0.4367327094078064,-0.20548008382320404,-0.08738379925489426,0.0,-0.3515785038471222,-0.033111535012722015,0.0032879530917853117,0.0,0.0,0.0,0.0,-0.7658524513244629,0.008934472687542439,1989,2,time,0.0,0.015377004630863667,-4.159385681152344,-2.4192941188812256,1545
0.2106330841779709,0.0,0.0,-0.08291444182395935,-0.39609235525131226,0.016327638179063797,-0.01105991005897522,0.0,0.29980015754699707,-0.033111535012722015,0.0032879530917853117,0.0,0.0,0.0,0.0,-0.7470288276672363,0.008934472687542439,1990,2,time,0.0,0.041070930659770966,-3.1505165100097656,-2.4192941188812256,1545
0.2864672541618347,0.0,0.0,0.042636025696992874,-0.2412845492362976,0.2675730288028717,-0.11270132660865784,0.0,0.29776638746261597,-0.033111535012722015,0.0032879530917853117,0.0,0.0,0.0,0.0,0.291528582572937,0.008934472687542439,1991,2,time,0.0,0.16683894395828247,-1.6081980466842651,-2.4192941188812256,1545
0.2864672541618347,0.0,0.0,0.042636025696992874,0.25873106718063354,0.2317294031381607,-0.17696021497249603,0.0,0.28235694766044617,-0.02965719997882843,0.0032879530917853117,0.0,0.0,0.0,0.0,0.31555259227752686,0.008934472687542439,1992,2,time,0.0,0.23214906454086304,-1.1962159872055054,-2.4192941188812256,1545
0.2950526177883148,0.0,0.0,0.020977579057216644,-0.28725942969322205,-0.14800022542476654,-0.09531179070472717,0.0,-0.36647990345954895,-0.033111535012722015,0.0032879530917853117,0.0,0.0,0.0,0.0,0.2737535238265991,0.008934472687542439,1993,2,time,0.0,0.060230810195207596,-2.747450351715088,-2.4192941188812256,1545
0.21754132211208344,0.0,0.0,-0.07535717636346817,-0.4367327094078064,-0.20548008382320404,-0.08738379925489426,0.0,-0.3515785038471222,-0.033111535012722015,0.0032879530917853117,0.0,0.0,0.0,0.0,-0.7622740268707275,0.008934472687542439,1994,2,time,0.0,0.015650970861315727,-4.1414475440979,-2.4192941188812256,1545
0.2864672541618347,0.0,0.0,0.017096668481826782,-0.24377238750457764,-0.1607804000377655,-0.2020929455757141,0.0,0.29138848185539246,-0.033111535012722015,0.0032879530917853117,0.0,0.0,0.0,0.0,0.30909743905067444,0.008934472687542439,1995,2,time,1.0,0.10500796139240265,-2.1427786350250244,-2.4192941188812256,1545
0.16964182257652283,0.0,0.0,0.031235642731189728,0.1852625459432602,0.2616179287433624,-0.13668645918369293,0.0,-0.4185388386249542,-0.02965719997882843,-0.01227864995598793,0.0,0.0,0.0,0.0,0.5133548974990845,-0.03825098276138306,1996,2,time,0.0,0.13083519041538239,-1.8935942649841309,-2.4192941188812256,1545
0.25819575786590576,0.0,0.0,0.03772052749991417,0.24546997249126434,-0.15979816019535065,-0.0821768194437027,0.0,-0.25032100081443787,-0.02965719997882843,0.0032879530917853117,0.0,0.0,0.0,0.0,-0.5902437567710876,0.008934472687542439,1997,2,time,0.0,0.04843516647815704,-2.977881669998169,-2.4192941188812256,1545
0.1965932697057724,0.0,0.0,-0.11200936138629913,-0.20328864455223083,0.2402058243751526,0.13107328116893768,0.0,-0.35460835695266724,-0.033111535012722015,0.0032879530917853117,0.0,0.0,0.0,0.0,-0.6692445278167725,0.008934472687542439,1998,2,time,0.0,0.03873668238520622,-3.211461305618286,-2.4192941188812256,1545
0.17854537069797516,0.0,0.0,-0.12397289276123047,-0.11979161202907562,-0.07938651740550995,-0.0578664168715477,0.0,0.24672678112983704,-0.033111535012722015,0.0032879530917853117,0.0,0.0,0.0,0.0,-0.5490811467170715,0.008934472687542439,1999,2,time,0.0,0.049972906708717346,-2.945009469985962,-2.4192941188812256,1545
0.21754132211208344,0.0,0.0,-0.06910279393196106,-0.16574454307556152,-0.18751336634159088,0.19600632786750793,0.0,-0.27587947249412537,-0.033111535012722015,0.0032879530917853117,0.0,0.0,0.0,0.0,-0.6687600016593933,0.008934472687542439,2000,2,time,0.0,0.03249500319361687,-3.39363431930542,-2.4192941188812256,1545
0.25819575786590576,0.0,0.0,0.03772052749991417,-0.10838621854782104,-0.15792492032051086,0.011129462160170078,0.0,-0.26061156392097473,-0.033111535012722015,0.0032879530917853117,0.0,0.0,0.0,0.0,-0.5396751761436462,0.008934472687542439,2001,2,time,0.0,0.039175719022750854,-3.1997344493865967,-2.4192941188812256,1545
0.25819575786590576,0.0,0.0,0.02465394139289856,0.22283543646335602,-0.1528104990720749,-0.0821768194437027,0.0,-0.25032100081443787,-0.02965719997882843,0.0032879530917853117,0.0,0.0,0.0,0.0,-0.5902437567710876,0.008934472687542439,2002,2,time,0.0,0.04712880402803421,-3.0065953731536865,-2.4192941188812256,1545
0.22868098318576813,0.0,0.0,-0.11958315968513489,-0.1483871340751648,0.05476371943950653,0.32127800583839417,0.0,-0.27587947249412537,-0.033111535012722015,0.0032879530917853117,0.0,0.0,0.0,0.0,-0.5683188438415527,0.008934472687542439,2003,2,time,0.0,0.049848772585392,-2.947627305984497,-2.4192941188812256,1545
0.22868098318576813,0.0,0.0,-0.11958315968513489,-0.1483871340751648,0.05476371943950653,0.19600632786750793,0.0,-0.27587947249412537,-0.033111535012722015,0.0032879530917853117,0.0,0.0,0.0,0.0,-0.6687600016593933,0.008934472687542439,2004,2,time,0.0,0.04018138349056244,-3.1733405590057373,-2.4192941188812256,1545
0.25819575786590576,0.0,0.0,0.05019330233335495,0.25080442428588867,0.35043641924858093,-0.019744280725717545,0.0,-0.25032100081443787,-0.02965719997882843,0.0032879530917853117,0.0,0.0,0.0,0.0,-0.507438063621521,0.008934472687542439,2005,2,time,0.0,0.09074258804321289,-2.3046014308929443,-2.4192941188812256,1545
0.25819575786590576,0.0,0.0,0.05019330233335495,0.25080442428588867,0.35043641924858093,-0.019744280725717545,0.0,-0.25032100081443787,-0.02965719997882843,0.0032879530917853117,0.0,0.0,0.0,0.0,-0.507438063621521,0.008934472687542439,2006,2,time,0.0,0.09074258804321289,-2.3046014308929443,-2.4192941188812256,1545
0.25819575786590576,0.0,0.0,0.03772052749991417,-0.10838621854782104,-0.15792492032051086,0.0008388794958591461,0.0,-0.25032100081443787,-0.033111535012722015,0.0032879530917853117,0.0,0.0,0.0,0.0,-0.5396751761436462,0.008934472687542439,2007,2,time,0.0,0.039175719022750854,-3.1997344493865967,-2.4192941188812256,1545
0.21754132211208344,0.0,0.0,-0.10068444907665253,-0.20601901412010193,-0.07706691324710846,0.0023190665524452925,0.0,-0.34990206360816956,-0.033111535012722015,0.0032879530917853117,0.0,0.0,0.0,0.0,-0.6723384261131287,0.008934472687542439,2008,2,time,0.0,0.02592366933822632,-3.626333236694336,-2.4192941188812256,1545
0.1965932697057724,0.0,0.0,-0.11826375126838684,-0.4742768108844757,0.2953663170337677,-0.08847896009683609,0.0,-0.4303073585033417,-0.033111535012722015,0.0032879530917853117,0.0,0.0,0.0,0.0,-0.7627585530281067,0.008934472687542439,2009,2,time,0.0,0.021408865228295326,-3.8223087787628174,-2.4192941188812256,1545
0.23345012962818146,0.0,0.0,-0.11826375126838684,-0.4785780608654022,0.27364280819892883,-0.0049140360206365585,0.0,-0.5361756682395935,-0.033111535012722015,0.0032879530917853117,0.0,0.0,0.0,0.0,0.3937334418296814,0.008934472687542439,2010,2,time,0.0,0.06432691216468811,-2.677288055419922,-2.4192941188812256,1545
0.2106330841779709,0.0,0.0,-0.13339482247829437,-0.3787350058555603,0.01008573267608881,-0.08059816062450409,0.0,0.29980015754699707,-0.033111535012722015,0.0032879530917853117,0.0,0.0,0.0,0.0,-0.7470288276672363,0.008934472687542439,2011,2,time,0.0,0.03698986768722534,-3.2594199180603027,-2.4192941188812256,1545
0.21754132211208344,0.0,0.0,-0.07535717636346817,-0.4367327094078064,-0.20548008382320404,-0.08738379925489426,0.0,-0.3515785038471222,-0.033111535012722015,0.0032879530917853117,0.0,0.0,0.0,0.0,-0.7622740268707275,0.008934472687542439,2012,2,time,0.0,0.015650970861315727,-4.1414475440979,-2.4192941188812256,1545
0.24014787375926971,0.0,0.0,0.017096668481826782,-0.06774584949016571,-0.17839427292346954,-0.09565173089504242,0.0,0.2282431721687317,-0.033111535012722015,0.0032879530917853117,0.0,0.0,0.0,0.0,-0.5244299173355103,0.008934472687542439,2013,2,time,0.0,0.05620431527495384,-2.820916175842285,-2.4192941188812256,1545
0.2864672541618347,0.0,0.0,0.025893069803714752,0.25873106718063354,0.2317294031381607,-0.22267605364322662,0.0,0.29138848185539246,-0.02965719997882843,0.0032879530917853117,0.0,0.0,0.0,0.0,0.3769858777523041,0.008934472687542439,2014,2,time,0.0,0.23357924818992615,-1.1882100105285645,-2.4192941188812256,1545
0.24014787375926971,0.0,0.0,0.017096668481826782,-0.06774584949016571,-0.17839427292346954,-0.0686926394701004,0.0,0.2346210926771164,-0.033111535012722015,0.0032879530917853117,0.0,0.0,0.0,0.0,-0.5244299173355103,0.008934472687542439,2015,2,time,0.0,0.05799907073378563,-2.787579298019409,-2.4192941188812256,1545
0.25819575786590576,0.0,0.0,0.04611944034695625,-0.16933155059814453,-0.16332025825977325,0.003006992395967245,0.0,-0.3321966230869293,-0.033111535012722015,0.0032879530917853117,0.0,0.0,0.0,0.0,-0.6476871967315674,0.008934472687542439,2016,2,time,0.0,0.030906472355127335,-3.4453954696655273,-2.4192941188812256,1545
0.2950526177883148,0.0,0.0,0.031235642731189728,0.2180907130241394,0.2616179287433624,-0.13668645918369293,0.0,-0.4185388386249542,-0.02965719997882843,0.0032879530917853117,0.0,0.0,0.0,0.0,0.5231825113296509,0.030283665284514427,2017,2,time,0.0,0.16227109730243683,-1.6414260864257812,-2.4192941188812256,1545
0.25819575786590576,0.0,0.0,0.05019330233335495,0.22532327473163605,0.37591758370399475,-0.019744280725717545,0.0,-0.25032100081443787,-0.02965719997882843,0.0032879530917853117,0.0,0.0,0.0,0.0,-0.507438063621521,0.008934472687542439,2018,2,time,0.0,0.09074258804321289,-2.3046014308929443,-2.4192941188812256,1545
0.25819575786590576,0.0,0.0,0.03772052749991417,-0.10838621854782104,-0.15792492032051086,0.0008388794958591461,0.0,-0.25032100081443787,-0.033111535012722015,0.0032879530917853117,0.0,0.0,0.0,0.0,-0.5396751761436462,0.008934472687542439,2019,2,time,0.0,0.039175719022750854,-3.1997344493865967,-2.4192941188812256,1545
0.25819575786590576,0.0,0.0,0.02465394139289856,0.22283543646335602,-0.1528104990720749,-0.0821768194437027,0.0,-0.25032100081443787,-0.02965719997882843,0.0032879530917853117,0.0,0.0,0.0,0.0,-0.5902437567710876,0.008934472687542439,2020,2,time,0.0,0.04712880402803421,-3.0065953731536865,-2.4192941188812256,1545
0.25819575786590576,0.0,0.0,0.05019330233335495,0.25080442428588867,0.35043641924858093,-0.019744280725717545,0.0,-0.25032100081443787,-0.02965719997882843,0.0032879530917853117,0.0,0.0,0.0,0.0,-0.507438063621521,0.008934472687542439,2021,2,time,0.0,0.09074258804321289,-2.3046014308929443,-2.4192941188812256,1545
0.25819575786590576,0.0,0.0,0.02465394139289856,-0.10838621854782104,-0.15792492032051086,0.0008388794958591461,0.0,-0.25032100081443787,-0.033111535012722015,0.0032879530917853117,0.0,0.0,0.0,0.0,-0.5396751761436462,0.008934472687542439,2022,2,time,0.0,0.038686830550432205,-3.212800979614258,-2.4192941188812256,1545
0.22868098318576813,0.0,0.0,-0.1258375495672226,-0.16374541819095612,0.04026143252849579,-0.06915778666734695,0.0,-0.3515785038471222,-0.033111535012722015,0.0032879530917853117,0.0,0.0,0.0,0.0,-0.6687600016593933,0.008934472687542439,2023,2,time,0.0,0.02791391685605049,-3.550318956375122,-2.4192941188812256,1545
-0.14571718871593475,0.0,0.0,-0.1258375495672226,-0.41937536001205444,-0.1817067265510559,-0.08738379925489426,0.0,-0.3578888475894928,-0.033111535012722015,0.0032879530917853117,0.0,0.0,0.0,0.0,-0.7956266403198242,0.008934472687542439,2024,2,time,0.0,0.010418293997645378,-4.5537190437316895,-2.4192941188812256,1545
-0.17952024936676025,0.0,0.0,0.02465394139289856,-0.10838621854782104,-0.20860913395881653,0.011129462160170078,0.0,-0.26692190766334534,-0.033111535012722015,0.0032879530917853117,0.0,0.0,0.0,0.0,-0.5730278491973877,0.008934472687542439,2025,2,time,0.0,0.02318335697054863,-3.7408642768859863,-2.4192941188812256,1545
-0.17952024936676025,0.0,0.0,0.02465394139289856,-0.10838621854782104,-0.20860913395881653,0.011129462160170078,0.0,-0.26692190766334534,-0.033111535012722015,0.0032879530917853117,0.0,0.0,0.0,0.0,-0.5730278491973877,0.008934472687542439,2026,2,time,0.0,0.02318335697054863,-3.7408642768859863,-2.4192941188812256,1545
-0.19981898367404938,0.0,0.0,0.042636025696992874,-0.2412845492362976,0.21688884496688843,-0.09394456446170807,0.0,0.289767324924469,-0.033111535012722015,0.0032879530917853117,0.0,0.0,0.0,0.0,0.12431813031435013,0.008934472687542439,2027,2,time,0.0,0.0909888967871666,-2.3016197681427,-2.4192941188812256,1545
-0.15498925745487213,0.0,0.0,-0.11958315968513489,-0.1483871340751648,0.0581253245472908,0.19600632786750793,0.0,-0.28218981623649597,-0.033111535012722015,0.0032879530917853117,0.0,0.0,0.0,0.0,-0.7021126747131348,0.008934472687542439,2028,2,time,0.0,0.026770679280161858,-3.5933125019073486,-2.4192941188812256,1545
-0.14439447224140167,0.0,0.0,0.050973448902368546,-0.11333287507295609,-0.062088944017887115,0.154531791806221,0.0,0.25615766644477844,-0.033111535012722015,0.0032879530917853117,0.0,0.0,0.0,0.0,-0.6508727073669434,0.008934472687542439,2029,2,time,0.0,0.049773965030908585,-2.9492077827453613,-2.4192941188812256,1545
-0.15498925745487213,0.0,0.0,-0.1258375495672226,-0.41937536001205444,0.04015859216451645,-0.08738379925489426,0.0,-0.3578888475894928,-0.033111535012722015,0.0032879530917853117,0.0,0.0,0.0,0.0,-0.7956266403198242,0.008934472687542439,2030,2,time,0.0,0.012854468077421188,-4.341125965118408,-2.4192941188812256,1545
-0.17952024936676025,0.0,0.0,0.02465394139289856,0.22532327473163605,0.3187849223613739,-0.013948249630630016,0.0,-0.2566313147544861,-0.02965719997882843,0.0032879530917853117,0.0,0.0,0.0,0.0,-0.5407906770706177,0.008934472687542439,2031,2,time,0.0,0.05422530695796013,-2.858856678009033,-2.4192941188812256,1545
-0.17952024936676025,0.0,0.0,-0.06352487951517105,-0.1312170922756195,-0.22225984930992126,0.018273543566465378,0.0,-0.2566313147544861,-0.033111535012722015,0.0032879530917853117,0.0,0.0,0.0,0.0,-0.5941006541252136,0.008934472687542439,2032,2,time,0.0,0.020448941737413406,-3.8691632747650146,-2.4192941188812256,1545
-0.17952024936676025,0.0,0.0,-0.11160452663898468,-0.38684695959091187,-0.18828949332237244,0.026046201586723328,0.0,-0.2566313147544861,-0.033111535012722015,0.0032879530917853117,0.0,0.0,0.0,0.0,-0.6911929249763489,0.008934472687542439,2033,2,time,0.0,0.014368822798132896,-4.228221416473389,-2.4192941188812256,1545
-0.1351224035024643,0.0,0.0,-0.13339482247829437,-0.3787350058555603,-0.20841798186302185,-0.08059816062450409,0.0,0.3072105050086975,-0.033111535012722015,0.0032879530917853117,0.0,0.0,0.0,0.0,-0.7654595375061035,0.008934472687542439,2034,2,time,0.0,0.021150805056095123,-3.8346996307373047,-2.4192941188812256,1545
-0.14439447224140167,0.0,0.0,0.044719062745571136,-0.37326157093048096,0.0333399698138237,-0.002106464933604002,0.0,0.3072105050086975,-0.033111535012722015,0.0032879530917853117,0.0,0.0,0.0,0.0,-0.7443866729736328,0.008934472687542439,2035,2,time,0.0,0.03492303192615509,-3.319061279296875,-2.4192941188812256,1545
-0.1298508495092392,0.0,0.0,-0.08634230494499207,-0.4770071804523468,0.11301273852586746,-0.1224529817700386,0.0,-0.43661773204803467,-0.033111535012722015,0.0032879530917853117,0.0,0.0,0.0,0.0,-0.7961112260818481,0.008934472687542439,2036,2,time,0.0,0.012424861080944538,-4.375553131103516,-2.4192941188812256,1545
-0.14571718871593475,0.0,0.0,-0.1258375495672226,-0.41937536001205444,-0.1817067265510559,-0.08738379925489426,0.0,-0.3578888475894928,-0.033111535012722015,0.0032879530917853117,0.0,0.0,0.0,0.0,-0.7956266403198242,0.008934472687542439,2037,2,time,0.0,0.010418293997645378,-4.5537190437316895,-2.4192941188812256,1545
-0.11925605684518814,0.0,0.0,-0.10013681650161743,-0.43636682629585266,0.014949623495340347,-0.04612911492586136,0.0,0.31931617856025696,-0.033111535012722015,0.0032879530917853117,0.0,0.0,0.0,0.0,-0.7654595375061035,0.008934472687542439,2038,2,time,0.0,0.027297968044877052,-3.573265552520752,-2.4192941188812256,1545
-0.15498925745487213,0.0,0.0,0.05853072926402092,-0.14291366934776306,0.05727377161383629,0.11726292967796326,0.0,-0.28218981623649597,-0.033111535012722015,0.0032879530917853117,0.0,0.0,0.0,0.0,-0.6810398101806641,0.008934472687542439,2039,2,time,1.0,0.03022933006286621,-3.4682469367980957,-2.4192941188812256,1545
-0.09056542068719864,0.0,0.0,0.02576141059398651,-0.18619240820407867,0.03710852563381195,0.039309341460466385,0.0,0.4316098093986511,-0.033111535012722015,-0.01227864995598793,0.0,0.0,0.0,0.0,0.8092657923698425,-0.03825098276138306,2040,2,time,0.0,0.1920664757490158,-1.4366382360458374,-2.4192941188812256,1545
-0.2049543708562851,0.0,0.0,0.031235642731189728,-0.28725942969322205,-0.19060443341732025,-0.11160875856876373,0.0,-0.4351397752761841,-0.033111535012722015,0.0032879530917853117,0.0,0.0,0.0,0.0,0.34951695799827576,0.030283665284514427,2041,2,time,0.0,0.03669789060950279,-3.2676477432250977,-2.4192941188812256,1545
-0.15498925745487213,0.0,0.0,0.05227633938193321,-0.15827195346355438,0.05727377161383629,-0.06020433083176613,0.0,-0.3578888475894928,-0.033111535012722015,0.0032879530917853117,0.0,0.0,0.0,0.0,-0.6810398101806641,0.008934472687542439,2042,2,time,0.0,0.02313445508480072,-3.7430260181427,-2.4192941188812256,1545
-0.14571718871593475,0.0,0.0,-0.14305993914604187,-0.2040199190378189,-0.05329354852437973,-0.04553397744894028,0.0,-0.37559428811073303,-0.033111535012722015,0.0032879530917853117,0.0,0.0,0.0,0.0,-0.7021126747131348,0.008934472687542439,2043,2,time,0.0,0.016150621697306633,-4.109514236450195,-2.4192941188812256,1545
-0.17528799176216125,0.0,0.0,0.03423050791025162,-0.29650479555130005,0.038941457867622375,0.09746143221855164,0.0,0.35595154762268066,-0.033111535012722015,0.0032879530917853117,0.0,0.0,0.0,0.0,0.2805425822734833,0.008934472687542439,2044,2,time,0.0,0.10862666368484497,-2.104846477508545,-2.4192941188812256,1545
-0.17952024936676025,0.0,0.0,0.05859221890568733,-0.1539732664823532,-0.193053737282753,0.1991637647151947,0.0,-0.28218981623649597,-0.033111535012722015,0.0032879530917853117,0.0,0.0,0.0,0.0,-0.6810398101806641,0.008934472687542439,2045,2,time,0.0,0.02479022927582264,-3.6722030639648438,-2.4192941188812256,1545
-0.14571718871593475,0.0,0.0,-0.1258375495672226,-0.16374541819095612,-0.156968891620636,-0.08738379925489426,0.0,-0.3578888475894928,-0.033111535012722015,0.0032879530917853117,0.0,0.0,0.0,0.0,-0.7021126747131348,0.008934472687542439,2046,2,time,0.0,0.01507040485739708,-4.179837226867676,-2.4192941188812256,1545
-0.14571718871593475,0.0,0.0,-0.14305993914604187,-0.4596498906612396,-0.05215466767549515,-0.1224529817700386,0.0,-0.37559428811073303,-0.033111535012722015,0.0032879530917853117,0.0,0.0,0.0,0.0,-0.7956266403198242,0.008934472687542439,2047,2,time,0.0,0.010618958622217178,-4.534438610076904,-2.4192941188812256,1545
0.25819575786590576,0.0,0.0,0.03305285423994064,-0.1539732664823532,-0.1148475930094719,0.20495979487895966,0.0,-0.27587947249412537,-0.033111535012722015,0.0032879530917853117,0.0,0.0,0.0,0.0,-0.6476871967315674,0.008934472687542439,2048,2,time,0.0,0.04163207486271858,-3.1363608837127686,-2.4192941188812256,1545
0.2543981671333313,0.0,0.0,-0.08137376606464386,-0.42367660999298096,-0.1955554336309433,-0.03546704724431038,0.0,-0.457446813583374,-0.033111535012722015,0.0032879530917853117,0.0,0.0,0.0,0.0,0.4452911913394928,0.008934472687542439,2049,2,time,0.0,0.05049760639667511,-2.9340121746063232,-2.4192941188812256,1545
0.22868098318576813,0.0,0.0,-0.13487987220287323,-0.4367327094078064,0.03679698333144188,-0.09105417877435684,0.0,-0.3515785038471222,-0.033111535012722015,0.0032879530917853117,0.0,0.0,0.0,0.0,-0.7658524513244629,0.008934472687542439,2050,2,time,0.0,0.018802165985107422,-3.9548020362854004,-2.4192941188812256,1545
0.25819575786590576,0.0,0.0,0.026798473671078682,-0.16933155059814453,-0.16332025825977325,-0.06020433083176613,0.0,-0.3515785038471222,-0.033111535012722015,0.0032879530917853117,0.0,0.0,0.0,0.0,-0.6476871967315674,0.008934472687542439,2051,2,time,0.0,0.02799568511545658,-3.5473098754882812,-2.4192941188812256,1545
0.21754132211208344,0.0,0.0,0.05227633938193321,-0.4139019250869751,-0.1670915186405182,-0.07843033969402313,0.0,-0.3515785038471222,-0.033111535012722015,0.0032879530917853117,0.0,0.0,0.0,0.0,-0.7412011623382568,0.008934472687542439,2052,2,time,0.0,0.019406164065003395,-3.92256760597229,-2.4192941188812256,1545
0.21754132211208344,0.0,0.0,-0.1258375495672226,-0.16374541819095612,-0.18074224889278412,-0.08738379925489426,0.0,-0.3515785038471222,-0.033111535012722015,0.0032879530917853117,0.0,0.0,0.0,0.0,-0.6687600016593933,0.008934472687542439,2053,2,time,0.0,0.021866533905267715,-3.8006887435913086,-2.4192941188812256,1545
0.22868098318576813,0.0,0.0,0.05853072926402092,-0.14291366934776306,0.053912170231342316,-0.012351293116807938,0.0,-0.3321966230869293,-0.033111535012722015,0.0032879530917853117,0.0,0.0,0.0,0.0,-0.6476871967315674,0.008934472687542439,2054,2,time,0.0,0.037898581475019455,-3.234206199645996,-2.4192941188812256,1545
0.22868098318576813,0.0,0.0,-0.1258375495672226,-0.16374541819095612,0.04026143252849579,-0.06915778666734695,0.0,-0.3515785038471222,-0.033111535012722015,0.0032879530917853117,0.0,0.0,0.0,0.0,-0.6687600016593933,0.008934472687542439,2055,2,time,0.0,0.02791391685605049,-3.550318956375122,-2.4192941188812256,1545
0.23345012962818146,0.0,0.0,-0.09264779090881348,-0.5041940808296204,0.3052910268306732,-0.03656220808625221,0.0,-0.5361756682395935,-0.033111535012722015,0.0032879530917853117,0.0,0.0,0.0,0.0,0.3937334418296814,0.008934472687542439,2056,2,time,0.0,0.06432691216468811,-2.677288055419922,-2.4192941188812256,1545
0.22868098318576813,0.0,0.0,-0.07357726991176605,-0.4014033079147339,0.04565681517124176,0.036336783319711685,0.0,-0.26061156392097473,-0.033111535012722015,0.0032879530917853117,0.0,0.0,0.0,0.0,-0.6578403115272522,0.008934472687542439,2057,2,time,0.0,0.028666513040661812,-3.522940158843994,-2.4192941188812256,1545
0.2864672541618347,0.0,0.0,-0.0476265586912632,-0.49532395601272583,-0.18080107867717743,0.1906207948923111,0.0,0.31189262866973877,-0.033111535012722015,0.0014184645842760801,0.0,0.0,0.0,0.0,0.4158499538898468,0.008934472687542439,2058,2,time,0.0,0.123361736536026,-1.9609733819961548,-2.4192941188812256,1545
0.25819575786590576,0.0,0.0,-0.04006928578019142,-0.5316630601882935,-0.17697101831436157,0.10143512487411499,0.0,-0.27587947249412537,-0.033111535012722015,0.0014184645842760801,0.0,0.0,0.0,0.0,-0.7658524513244629,0.008934472687542439,2059,2,time,0.0,0.02037508599460125,-3.872856855392456,-2.4192941188812256,1545
0.1965932697057724,0.0,0.0,-0.07198304682970047,-0.4770071804523468,0.05242495611310005,-0.1224529817700386,0.0,-0.4303073585033417,-0.033111535012722015,0.0032879530917853117,0.0,0.0,0.0,0.0,-0.7591801285743713,0.008934472687542439,2060,2,time,0.0,0.017088809981942177,-4.05209493637085,-2.4192941188812256,1545
0.17854537069797516,0.0,0.0,-0.05504164844751358,-0.45925238728523254,0.3813212513923645,-0.020511113107204437,0.0,0.35870957374572754,-0.033111535012722015,0.0032879530917853117,0.0,0.0,0.0,0.0,-0.7475134134292603,0.008934472687542439,2061,2,time,0.0,0.05711246654391289,-2.803924560546875,-2.4192941188812256,1545
0.1298181265592575,0.0,0.12242194265127182,0.0529712438583374,-0.2519436776638031,-0.028997255489230156,0.02707010507583618,0.0,-0.22794897854328156,-0.007418614812195301,0.015309447422623634,0.0,0.0,0.0,0.0,-0.3944314420223236,-0.015726489946246147,2062,3,time,0.0,0.04226399213075638,-3.1206367015838623,-2.541761875152588,2061
0.11488249152898788,0.0,0.11786842346191406,0.034128401428461075,-0.21748225390911102,0.13733583688735962,0.05633622407913208,0.0,0.27419716119766235,-0.007418614812195301,0.01272656861692667,0.0,0.0,0.0,0.0,-0.5387869477272034,-0.015726489946246147,2063,3,time,0.0,0.07085029780864716,-2.5737006664276123,-2.541761875152588,2061
0.11488249152898788,0.0,0.11236120015382767,-0.3692511022090912,-0.2485550343990326,0.11764149367809296,-0.010277703404426575,0.0,-0.2622964680194855,-0.007418614812195301,0.01272656861692667,0.0,0.0,0.0,0.0,-0.4686046540737152,-0.01738623157143593,2064,3,time,0.0,0.027439743280410767,-3.567939519882202,-2.541761875152588,2061
0.1298181265592575,0.0,0.12242194265127182,0.0529712438583374,-0.09107155352830887,-0.028997255489230156,0.02707010507583618,0.0,-0.22794897854328156,-0.007418614812195301,0.015309447422623634,0.0,0.0,0.0,0.0,-0.34537187218666077,-0.015726489946246147,2065,3,time,0.0,0.051626890897750854,-2.910705327987671,-2.541761875152588,2061
0.1298181265592575,0.0,0.12242194265127182,0.05740180239081383,0.05649864673614502,-0.019961301237344742,0.13291330635547638,0.0,-0.204723060131073,-0.007418614812195301,0.018345359712839127,0.0,0.0,0.0,0.0,-0.34537187218666077,-0.009298255667090416,2066,3,time,0.0,0.06842518597841263,-2.611135482788086,-2.541761875152588,2061
0.1298181265592575,0.0,0.12242194265127182,0.046852365136146545,-0.2519436776638031,-0.022878369316458702,0.02707010507583618,0.0,-0.22794897854328156,-0.007418614812195301,0.015309447422623634,0.0,0.0,0.0,0.0,-0.3944314420223236,-0.015726489946246147,2067,3,time,0.0,0.04226399213075638,-3.1206367015838623,-2.541761875152588,2061
0.14244350790977478,0.0,0.08920034021139145,-0.016728563234210014,0.045821111649274826,-0.030925791710615158,0.09734790772199631,0.0,0.3008696734905243,-0.007418614812195301,0.018345359712839127,0.0,0.0,0.0,0.0,0.3158045709133148,0.017516180872917175,2068,3,time,0.0,0.17228974401950836,-1.5694855451583862,-2.541761875152588,2061
0.1298181265592575,0.0,0.11710941046476364,0.07192163169384003,0.060010455548763275,-0.022806404158473015,-0.11328079551458359,0.0,-0.206720232963562,-0.007418614812195301,0.018345359712839127,0.0,0.0,0.0,0.0,-0.30299028754234314,-0.009298255667090416,2069,3,time,0.0,0.05694324150681496,-2.8070714473724365,-2.541761875152588,2061
0.1298181265592575,0.0,0.12242194265127182,0.05740180239081383,0.05649864673614502,-0.019961301237344742,0.13291330635547638,0.0,-0.204723060131073,-0.007418614812195301,0.018345359712839127,0.0,0.0,0.0,0.0,-0.34537187218666077,-0.009298255667090416,2070,3,time,0.0,0.06842518597841263,-2.611135482788086,-2.541761875152588,2061
0.1298181265592575,0.0,0.11786842346191406,0.044815607368946075,0.08757143467664719,-0.030925791710615158,0.11807306110858917,0.0,0.2221338003873825,-0.007418614812195301,0.018345359712839127,0.0,0.0,0.0,0.0,-0.48972734808921814,-0.009298255667090416,2071,3,time,0.0,0.08782336115837097,-2.340506076812744,-2.541761875152588,2061
-0.10430776327848434,0.0,0.11308716982603073,0.0861847773194313,-0.09107155352830887,-0.035620275884866714,0.02707010507583618,0.0,-0.22794897854328156,-0.0022862530313432217,0.015309447422623634,0.0,0.0,0.0,0.0,-0.3515409827232361,-0.015726489946246147,2072,3,time,0.0,0.04194234684109688,-3.1286120414733887,-2.541761875152588,2061
-0.10430776327848434,0.0,0.10687999427318573,0.0691579207777977,0.10473068803548813,-0.03754881024360657,-0.13669772446155548,0.0,0.21533609926700592,-0.0022862530313432217,0.018345359712839127,0.0,0.0,0.0,0.0,-0.4671624004840851,-0.009298255667090416,2073,3,time,0.0,0.05816135182976723,-2.7846128940582275,-2.541761875152588,2061
-0.10430776327848434,0.0,0.11143351346254349,0.08174411952495575,0.060010455548763275,-0.0265843216329813,-0.10842428356409073,0.0,-0.19808755815029144,-0.0022862530313432217,0.018345359712839127,0.0,0.0,0.0,0.0,-0.30915939807891846,-0.009298255667090416,2074,3,time,0.0,0.04616028442978859,-3.0283758640289307,-2.541761875152588,2061
-0.0839521512389183,0.0,-0.37534475326538086,0.07857353240251541,0.08699310570955276,-0.0265843216329813,-0.1022113487124443,0.0,-0.19808755815029144,-0.0022862530313432217,0.013308637775480747,0.0,0.0,0.0,0.0,-0.3442917764186859,-0.04892051964998245,2075,3,time,0.0,0.028070488944649696,-3.5445644855499268,-2.541761875152588,2061
-0.0839521512389183,0.0,-0.3378056287765503,-0.2978973984718323,-0.03906774893403053,-0.06561659276485443,-0.033302903175354004,0.0,-0.19808755815029144,-0.0022862530313432217,0.010272727347910404,0.0,0.0,0.0,0.0,-0.378984659910202,-0.057008493691682816,2076,3,time,0.0,0.01754133030772209,-4.025498390197754,-2.541761875152588,2061
-0.0839521512389183,0.0,-0.3378056287765503,-0.2978973984718323,-0.19993987679481506,-0.06561659276485443,-0.033302903175354004,0.0,-0.19808755815029144,-0.0022862530313432217,0.010272727347910404,0.0,0.0,0.0,0.0,-0.42804428935050964,-0.057008493691682816,2077,3,time,0.0,0.014267093501985073,-4.235429763793945,-2.541761875152588,2061
-0.0839521512389183,0.0,-0.34531188011169434,-0.3349973261356354,-0.2450508028268814,-0.06561659276485443,0.08924750238656998,0.0,-0.19808755815029144,-0.0022862530313432217,0.0076898494735360146,0.0,0.0,0.0,0.0,-0.4635089635848999,-0.057008493691682816,2078,3,time,0.0,0.014193948358297348,-4.2406439781188965,-2.541761875152588,2061
-0.0839521512389183,0.0,-0.34531188011169434,-0.34554675221443176,-0.25203147530555725,-0.059497710317373276,0.006220108829438686,0.0,-0.22794897854328156,-0.0022862530313432217,0.0076898494735360146,0.0,0.0,0.0,0.0,-0.49219146370887756,-0.057008493691682816,2079,3,time,0.0,0.01220503356307745,-4.393626689910889,-2.541761875152588,2061
-0.0717652291059494,0.0,-0.34531188011169434,-0.287177711725235,-0.2352198362350464,0.13814102113246918,0.08518955111503601,0.0,-0.2390705794095993,-0.0022862530313432217,0.0076898494735360146,0.0,0.0,0.0,0.0,-0.49219146370887756,-0.057008493691682816,2080,3,time,0.0,0.017280034720897675,-4.040772438049316,-2.541761875152588,2061
-0.0839521512389183,0.0,-0.34531188011169434,-0.3349973261356354,-0.25203147530555725,-0.06561659276485443,0.08518955111503601,0.0,-0.204723060131073,-0.0022862530313432217,0.0076898494735360146,0.0,0.0,0.0,0.0,-0.49219146370887756,-0.057008493691682816,2081,3,time,0.0,0.013559699058532715,-4.28700065612793,-2.541761875152588,2061
-0.0717652291059494,0.0,-0.34531188011169434,-0.2916082739830017,-0.2352198362350464,0.13814102113246918,0.006220108829438686,0.0,-0.2622964680194855,-0.0022862530313432217,0.0076898494735360146,0.0,0.0,0.0,0.0,-0.49219146370887756,-0.057008493691682816,2082,3,time,0.0,0.015559562481939793,-4.147397994995117,-2.541761875152588,2061
-0.0839521512389183,0.0,-0.34531188011169434,-0.3394278585910797,-0.25203147530555725,-0.06561659276485443,0.006220108829438686,0.0,-0.22794897854328156,-0.0022862530313432217,0.0076898494735360146,0.0,0.0,0.0,0.0,-0.49219146370887756,-0.057008493691682816,2083,3,time,0.0,0.01220503356307745,-4.393626689910889,-2.541761875152588,2061
-0.0839521512389183,0.0,-0.34531188011169434,-0.3394278585910797,-0.25203147530555725,-0.06561659276485443,0.006220108829438686,0.0,-0.22794897854328156,-0.0022862530313432217,0.0076898494735360146,0.0,0.0,0.0,0.0,-0.49219146370887756,-0.057008493691682816,2084,3,time,0.0,0.01220503356307745,-4.393626689910889,-2.541761875152588,2061
-0.0839521512389183,0.0,-0.34531188011169434,-0.3349973261356354,-0.25203147530555725,-0.06561659276485443,0.08518955111503601,0.0,-0.204723060131073,-0.0022862530313432217,0.0076898494735360146,0.0,0.0,0.0,0.0,-0.49219146370887756,-0.057008493691682816,2085,3,time,0.0,0.013559699058532715,-4.28700065612793,-2.541761875152588,2061
-0.0717652291059494,0.0,-0.34531188011169434,-0.2916082739830017,-0.2352198362350464,0.13814102113246918,0.006220108829438686,0.0,-0.2622964680194855,-0.0022862530313432217,0.0076898494735360146,0.0,0.0,0.0,0.0,-0.49219146370887756,-0.057008493691682816,2086,3,time,0.0,0.015559562481939793,-4.147397994995117,-2.541761875152588,2061
-0.0839521512389183,0.0,-0.34531188011169434,-0.3394278585910797,-0.25203147530555725,-0.06561659276485443,0.006220108829438686,0.0,-0.22794897854328156,-0.0022862530313432217,0.0076898494735360146,0.0,0.0,0.0,0.0,-0.49219146370887756,-0.057008493691682816,2087,3,time,0.0,0.01220503356307745,-4.393626689910889,-2.541761875152588,2061
-0.0717652291059494,0.0,-0.34531188011169434,-0.287177711725235,-0.23191076517105103,0.13814102113246918,0.06206042319536209,0.0,-0.23243507742881775,-0.0022862530313432217,0.0076898494735360146,0.0,0.0,0.0,0.0,-0.47900688648223877,-0.057008493691682816,2088,3,time,0.0,0.017280034720897675,-4.040772438049316,-2.541761875152588,2061
-0.0717652291059494,0.0,-0.34531188011169434,-0.287177711725235,-0.2352198362350464,0.13814102113246918,0.08518955111503601,0.0,-0.2390705794095993,-0.0022862530313432217,0.0076898494735360146,0.0,0.0,0.0,0.0,-0.49219146370887756,-0.057008493691682816,2089,3,time,0.0,0.017280034720897675,-4.040772438049316,-2.541761875152588,2061
-0.0717652291059494,0.0,-0.34531188011169434,-0.2916082739830017,-0.2352198362350464,0.13814102113246918,0.006220108829438686,0.0,-0.2622964680194855,-0.0022862530313432217,0.0076898494735360146,0.0,0.0,0.0,0.0,-0.49219146370887756,-0.057008493691682816,2090,3,time,0.0,0.015559562481939793,-4.147397994995117,-2.541761875152588,2061
-0.0717652291059494,0.0,-0.34531188011169434,-0.2916082739830017,-0.2352198362350464,0.13814102113246918,0.006220108829438686,0.0,-0.2622964680194855,-0.0022862530313432217,0.0076898494735360146,0.0,0.0,0.0,0.0,-0.49219146370887756,-0.057008493691682816,2091,3,time,0.0,0.015559562481939793,-4.147397994995117,-2.541761875152588,2061
-0.0717652291059494,0.0,-0.34531188011169434,-0.2916082739830017,-0.2352198362350464,0.13814102113246918,0.006220108829438686,0.0,-0.2622964680194855,-0.0022862530313432217,0.0076898494735360146,0.0,0.0,0.0,0.0,-0.49219146370887756,-0.057008493691682816,2092,3,time,0.0,0.015559562481939793,-4.147397994995117,-2.541761875152588,2061
-0.0839521512389183,0.0,-0.34531188011169434,-0.3394278585910797,-0.25203147530555725,-0.06561659276485443,0.006220108829438686,0.0,-0.22794897854328156,-0.0022862530313432217,0.0076898494735360146,0.0,0.0,0.0,0.0,-0.49219146370887756,-0.057008493691682816,2093,3,time,0.0,0.01220503356307745,-4.393626689910889,-2.541761875152588,2061
-0.0717652291059494,0.0,-0.34531188011169434,-0.287177711725235,-0.23191076517105103,0.13814102113246918,0.06206042319536209,0.0,-0.23243507742881775,-0.0022862530313432217,0.0076898494735360146,0.0,0.0,0.0,0.0,-0.47900688648223877,-0.057008493691682816,2094,3,time,0.0,0.017280034720897675,-4.040772438049316,-2.541761875152588,2061
-0.0717652291059494,0.0,-0.34531188011169434,-0.287177711725235,-0.2352198362350464,0.13814102113246918,0.08518955111503601,0.0,-0.2390705794095993,-0.0022862530313432217,0.0076898494735360146,0.0,0.0,0.0,0.0,-0.49219146370887756,-0.057008493691682816,2095,3,time,0.0,0.017280034720897675,-4.040772438049316,-2.541761875152588,2061
-0.0839521512389183,0.0,-0.34531188011169434,-0.3349973261356354,-0.25203147530555725,-0.06561659276485443,0.08518955111503601,0.0,-0.204723060131073,-0.0022862530313432217,0.0076898494735360146,0.0,0.0,0.0,0.0,-0.49219146370887756,-0.057008493691682816,2096,3,time,0.0,0.013559699058532715,-4.28700065612793,-2.541761875152588,2061
-0.0839521512389183,0.0,-0.34531188011169434,-0.34111618995666504,-0.25203147530555725,-0.059497710317373276,0.06536948680877686,0.0,-0.19808755815029144,-0.0022862530313432217,0.0076898494735360146,0.0,0.0,0.0,0.0,-0.47900688648223877,-0.057008493691682816,2097,3,time,0.0,0.013559699058532715,-4.28700065612793,-2.541761875152588,2061
-0.0717652291059494,0.0,-0.34531188011169434,-0.287177711725235,-0.2352198362350464,0.13814102113246918,0.08518955111503601,0.0,-0.2390705794095993,-0.0022862530313432217,0.0076898494735360146,0.0,0.0,0.0,0.0,-0.49219146370887756,-0.057008493691682816,2098,3,time,0.0,0.017280034720897675,-4.040772438049316,-2.541761875152588,2061
-0.0839521512389183,0.0,-0.34531188011169434,-0.3349973261356354,-0.25203147530555725,-0.06561659276485443,0.08518955111503601,0.0,-0.204723060131073,-0.0022862530313432217,0.0076898494735360146,0.0,0.0,0.0,0.0,-0.49219146370887756,-0.057008493691682816,2099,3,time,0.0,0.013559699058532715,-4.28700065612793,-2.541761875152588,2061
-0.0839521512389183,0.0,-0.3228706121444702,-0.347583532333374,-0.2097528874874115,-0.07658109068870544,0.02755749225616455,0.0,0.21533609926700592,-0.0022862530313432217,0.0076898494735360146,0.0,0.0,0.0,0.0,-0.5516784191131592,-0.057008493691682816,2100,3,time,0.0,0.019023170694708824,-3.9428911209106445,-2.541761875152588,2061
-0.0839521512389183,0.0,-0.34531188011169434,-0.34111618995666504,-0.25203147530555725,-0.059497710317373276,0.08518955111503601,0.0,-0.204723060131073,-0.0022862530313432217,0.0076898494735360146,0.0,0.0,0.0,0.0,-0.49219146370887756,-0.057008493691682816,2101,3,time,0.0,0.013559699058532715,-4.28700065612793,-2.541761875152588,2061
-0.0717652291059494,0.0,-0.34531188011169434,-0.287177711725235,-0.2352198362350464,0.13814102113246918,0.08518955111503601,0.0,-0.2390705794095993,-0.0022862530313432217,0.0076898494735360146,0.0,0.0,0.0,0.0,-0.49219146370887756,-0.057008493691682816,2102,3,time,0.0,0.017280034720897675,-4.040772438049316,-2.541761875152588,2061
-0.09699409455060959,0.0,-0.21954451501369476,-0.21859408915042877,-0.20464858412742615,-0.06561659276485443,-0.09374774247407913,0.0,-0.3291812837123871,0.0019025304354727268,0.0076898494735360146,0.0,0.0,0.0,0.0,0.3338450491428375,0.12188059836626053,2103,3,time,0.0,0.03540793061256409,-3.304769515991211,-2.541761875152588,2061
-0.0839521512389183,0.0,-0.3378056287765503,-0.2912314534187317,-0.20923718810081482,-0.06561659276485443,-0.033302903175354004,0.0,-0.19808755815029144,-0.0022862530313432217,0.0076898494735360146,0.0,0.0,0.0,0.0,-0.42804428935050964,-0.057008493691682816,2104,3,time,0.0,0.014193948358297348,-4.2406439781188965,-2.541761875152588,2061
-0.0717652291059494,0.0,-0.34531188011169434,-0.287177711725235,-0.2352198362350464,0.13814102113246918,0.08518955111503601,0.0,-0.2390705794095993,-0.0022862530313432217,0.0076898494735360146,0.0,0.0,0.0,0.0,-0.49219146370887756,-0.057008493691682816,2105,3,time,0.0,0.017280034720897675,-4.040772438049316,-2.541761875152588,2061
-0.0839521512389183,0.0,-0.35290348529815674,0.059656720608472824,-0.18703530728816986,-0.04658476635813713,-0.09631043672561646,0.0,0.21533609926700592,-0.0022862530313432217,0.0076898494735360146,0.0,0.0,0.0,0.0,-0.47529906034469604,-0.055348753929138184,2106,3,time,0.0,0.02768474444746971,-3.5587985515594482,-2.541761875152588,2061
-0.0839521512389183,0.0,-0.34531188011169434,-0.3349973261356354,-0.25203147530555725,-0.06561659276485443,0.06536948680877686,0.0,-0.19808755815029144,-0.0022862530313432217,0.0076898494735360146,0.0,0.0,0.0,0.0,-0.47900688648223877,-0.057008493691682816,2107,3,time,0.0,0.013559699058532715,-4.28700065612793,-2.541761875152588,2061
-0.0839521512389183,0.0,-0.34531188011169434,-0.3394278585910797,-0.25203147530555725,-0.06561659276485443,0.006220108829438686,0.0,-0.22794897854328156,-0.0022862530313432217,0.0076898494735360146,0.0,0.0,0.0,0.0,-0.49219146370887756,-0.057008493691682816,2108,3,time,0.0,0.01220503356307745,-4.393626689910889,-2.541761875152588,2061
-0.0717652291059494,0.0,-0.34531188011169434,-0.34554675221443176,-0.25203147530555725,-0.017439519986510277,0.006220108829438686,0.0,-0.22794897854328156,-0.0022862530313432217,0.0076898494735360146,0.0,0.0,0.0,0.0,-0.49219146370887756,-0.057008493691682816,2109,3,time,0.0,0.012876627035439014,-4.339381217956543,-2.541761875152588,2061
-0.0839521512389183,0.0,-0.3228706121444702,-0.347583532333374,-0.22095870971679688,-0.07658109068870544,0.037096038460731506,0.0,0.21533609926700592,-0.0022862530313432217,0.0076898494735360146,0.0,0.0,0.0,0.0,-0.5963678359985352,-0.057008493691682816,2110,3,time,0.0,0.01817711442708969,-3.9892475605010986,-2.541761875152588,2061
-0.0839521512389183,0.0,-0.34531188011169434,-0.34554675221443176,-0.25203147530555725,-0.059497710317373276,0.006220108829438686,0.0,-0.22794897854328156,-0.0022862530313432217,0.0076898494735360146,0.0,0.0,0.0,0.0,-0.49219146370887756,-0.057008493691682816,2111,3,time,0.0,0.01220503356307745,-4.393626689910889,-2.541761875152588,2061
-0.0839521512389183,0.0,-0.34531188011169434,-0.3394278585910797,-0.25203147530555725,-0.06561659276485443,0.006220108829438686,0.0,-0.22794897854328156,-0.0022862530313432217,0.0076898494735360146,0.0,0.0,0.0,0.0,-0.49219146370887756,-0.057008493691682816,2112,3,time,0.0,0.01220503356307745,-4.393626689910889,-2.541761875152588,2061
-0.0839521512389183,0.0,-0.34531188011169434,-0.3394278585910797,-0.25203147530555725,-0.06561659276485443,0.006220108829438686,0.0,-0.22794897854328156,-0.0022862530313432217,0.0076898494735360146,0.0,0.0,0.0,0.0,-0.49219146370887756,-0.057008493691682816,2113,3,time,0.0,0.01220503356307745,-4.393626689910889,-2.541761875152588,2061
-0.0839521512389183,0.0,-0.34531188011169434,-0.3349973261356354,-0.25203147530555725,-0.06561659276485443,0.08518955111503601,0.0,-0.204723060131073,-0.0022862530313432217,0.0076898494735360146,0.0,0.0,0.0,0.0,-0.49219146370887756,-0.057008493691682816,2114,3,time,0.0,0.013559699058532715,-4.28700065612793,-2.541761875152588,2061
-0.09212084114551544,0.0,0.10302641987800598,-0.3360375761985779,-0.2485550343990326,0.13814102113246918,-0.010277703404426575,0.0,-0.2622964680194855,-0.0022862530313432217,0.01272656861692667,0.0,0.0,0.0,0.0,-0.4747737646102905,-0.01738623157143593,2115,3,time,0.0,0.023394057527184486,-3.7316012382507324,-2.541761875152588,2061
-0.09212084114551544,0.0,0.09847290068864822,-0.34862378239631653,-0.21748225390911102,0.19270694255828857,0.0384332649409771,0.0,0.27419716119766235,-0.0022862530313432217,0.01272656861692667,0.0,0.0,0.0,0.0,-0.6150621175765991,-0.01738623157143593,2116,3,time,0.0,0.03848704323172569,-3.218186378479004,-2.541761875152588,2061
-0.11734969168901443,0.0,0.07444300502538681,0.016484970226883888,0.035299886018037796,-0.03754881024360657,0.10791727155447006,0.0,0.3671059310436249,0.0019025304354727268,0.018345359712839127,0.0,0.0,0.0,0.0,0.5930324196815491,0.029902750626206398,2117,3,time,0.0,0.1896592229604721,-1.452225923538208,-2.541761875152588,2061
-0.11316091567277908,0.0,0.07986557483673096,0.016484970226883888,0.045821111649274826,-0.03754881024360657,0.09734790772199631,0.0,0.3008696734905243,-0.0022862530313432217,0.018345359712839127,0.0,0.0,0.0,0.0,0.2881569266319275,0.017516180872917175,2118,3,time,0.0,0.13819661736488342,-1.8303496837615967,-2.541761875152588,2061
-0.11734969168901443,0.0,0.07821191847324371,0.0201999694108963,0.021254194900393486,-0.0265843216329813,-0.16886912286281586,0.0,-0.3291812837123871,0.0019025304354727268,0.018345359712839127,0.0,0.0,0.0,0.0,0.23611409962177277,0.029902750626206398,2119,3,time,0.0,0.058534856885671616,-2.7778148651123047,-2.541761875152588,2061
-0.10430776327848434,0.0,0.11143351346254349,0.08174411952495575,0.07365790754556656,-0.0265843216329813,-0.10842428356409073,0.0,-0.19808755815029144,-0.0022862530313432217,0.018345359712839127,0.0,0.0,0.0,0.0,-0.32280683517456055,-0.009298255667090416,2120,3,time,0.0,0.04616028442978859,-3.0283758640289307,-2.541761875152588,2061
-0.10430776327848434,0.0,0.11143351346254349,0.08174411952495575,0.07365790754556656,-0.0265843216329813,-0.10842428356409073,0.0,-0.19808755815029144,-0.0022862530313432217,0.018345359712839127,0.0,0.0,0.0,0.0,-0.32280683517456055,-0.009298255667090416,2121,3,time,0.0,0.04616028442978859,-3.0283758640289307,-2.541761875152588,2061
-0.10430776327848434,0.0,0.11308716982603073,0.08862213045358658,0.05237296223640442,-0.020465433597564697,0.13291330635547638,0.0,-0.204723060131073,-0.0022862530313432217,0.018345359712839127,0.0,0.0,0.0,0.0,-0.3515409827232361,-0.009298255667090416,2122,3,time,0.0,0.05577481910586357,-2.8290421962738037,-2.541761875152588,2061
-0.11734969168901443,0.0,0.07444300502538681,0.02464061789214611,-0.1859118640422821,-0.035620275884866714,0.0655171349644661,0.0,-0.4312843680381775,0.0019025304354727268,0.015309447422623634,0.0,0.0,0.0,0.0,0.3802486062049866,0.048550426959991455,2123,3,time,0.0,0.062895767390728,-2.7013156414031982,-2.541761875152588,2061
-0.10430776327848434,0.0,0.11143351346254349,0.08174411952495575,0.060010455548763275,-0.0265843216329813,-0.10842428356409073,0.0,-0.19808755815029144,-0.0022862530313432217,0.018345359712839127,0.0,0.0,0.0,0.0,-0.30915939807891846,-0.009298255667090416,2124,3,time,0.0,0.04616028442978859,-3.0283758640289307,-2.541761875152588,2061
-0.10430776327848434,0.0,0.11308716982603073,0.0861847773194313,-0.2519436776638031,-0.035620275884866714,0.02707010507583618,0.0,-0.22794897854328156,-0.0022862530313432217,0.015309447422623634,0.0,0.0,0.0,0.0,-0.4006006121635437,-0.015726489946246147,2125,3,time,0.0,0.03427233546972275,-3.33854341506958,-2.541761875152588,2061
-0.07509323209524155,0.0,0.07078412175178528,0.058906588703393936,-0.15483909845352173,-0.049429867416620255,0.09913332760334015,0.0,0.40040597319602966,0.0019025304354727268,0.015309447422623634,0.0,0.0,0.0,0.0,0.7387619614601135,0.048550426959991455,2126,3,time,0.0,0.19982807338237762,-1.3873692750930786,-2.541761875152588,2061
-0.10430776327848434,0.0,0.11143351346254349,0.08174411952495575,0.060010455548763275,-0.0265843216329813,-0.10842428356409073,0.0,-0.19808755815029144,-0.0022862530313432217,0.018345359712839127,0.0,0.0,0.0,0.0,-0.30915939807891846,-0.009298255667090416,2127,3,time,0.0,0.04616028442978859,-3.0283758640289307,-2.541761875152588,2061
-0.10430776327848434,0.0,0.11308716982603073,0.09061533957719803,-0.09107155352830887,-0.035620275884866714,0.10603953897953033,0.0,-0.204723060131073,-0.0022862530313432217,0.015309447422623634,0.0,0.0,0.0,0.0,-0.3515409827232361,-0.015726489946246147,2128,3,time,0.0,0.046442434191703796,-3.021986246109009,-2.541761875152588,2061
-0.09212084114551544,0.0,0.10302641987800598,-0.3360375761985779,-0.2485550343990326,0.13814102113246918,0.009167141281068325,0.0,-0.2622964680194855,-0.0022862530313432217,0.01272656861692667,0.0,0.0,0.0,0.0,-0.4707065224647522,-0.01738623157143593,2129,3,time,0.0,0.023937296122312546,-3.7080891132354736,-2.541761875152588,2061
-0.09212084114551544,0.0,0.10302641987800598,-0.3360375761985779,-0.2485550343990326,0.13814102113246918,0.009167141281068325,0.0,-0.2622964680194855,-0.0022862530313432217,0.01272656861692667,0.0,0.0,0.0,0.0,-0.4707065224647522,-0.01738623157143593,2130,3,time,0.0,0.023937296122312546,-3.7080891132354736,-2.541761875152588,2061
-0.09212084114551544,0.0,0.09847290068864822,-0.32574087381362915,-0.19357125461101532,0.19270694255828857,0.04969807341694832,0.0,0.35056018829345703,-0.0022862530313432217,0.01272656861692667,0.0,0.0,0.0,0.0,0.07467088848352432,-0.01738623157143593,2131,3,time,0.0,0.08362893760204315,-2.3940317630767822,-2.541761875152588,2061
-0.09212084114551544,0.0,0.10302641987800598,-0.3360375761985779,-0.2485550343990326,0.13814102113246918,0.009167141281068325,0.0,-0.2622964680194855,-0.0022862530313432217,0.01272656861692667,0.0,0.0,0.0,0.0,-0.4707065224647522,-0.01738623157143593,2132,3,time,0.0,0.023937296122312546,-3.7080891132354736,-2.541761875152588,2061
-0.10430776327848434,0.0,0.11308716982603073,0.07985416799783707,-0.27423757314682007,-0.035620275884866714,0.02707010507583618,0.0,-0.22794897854328156,-0.0022862530313432217,0.01272656861692667,0.0,0.0,0.0,0.0,-0.4006006121635437,-0.015726489946246147,2133,3,time,0.0,0.03325432166457176,-3.369750738143921,-2.541761875152588,2061
-0.10430776327848434,0.0,0.11308716982603073,0.09061533957719803,0.05649864673614502,-0.0265843216329813,0.11309324204921722,0.0,-0.19808755815029144,-0.0022862530313432217,0.018345359712839127,0.0,0.0,0.0,0.0,-0.3383563756942749,-0.009298255667090416,2134,3,time,0.0,0.05577481910586357,-2.8290421962738037,-2.541761875152588,2061
-0.10430776327848434,0.0,0.10853365063667297,0.05743337795138359,-0.1410536766052246,-0.04658476635813713,0.10246409475803375,0.0,0.2984967529773712,-0.0022862530313432217,0.015309447422623634,0.0,0.0,0.0,0.0,0.04539196193218231,-0.015726489946246147,2135,3,time,0.0,0.09760787338018417,-2.224091053009033,-2.541761875152588,2061
-0.09212084114551544,0.0,0.10302641987800598,-0.34270352125167847,-0.23925772309303284,0.13814102113246918,0.009167141281068325,0.0,-0.2622964680194855,-0.0022862530313432217,0.015309447422623634,0.0,0.0,0.0,0.0,-0.4707065224647522,-0.01738623157143593,2136,3,time,0.0,0.024059424176812172,-3.7028748989105225,-2.541761875152588,2061
-0.10430776327848434,0.0,0.11308716982603073,0.07985416799783707,-0.27423757314682007,-0.035620275884866714,0.02707010507583618,0.0,-0.22794897854328156,-0.0022862530313432217,0.01272656861692667,0.0,0.0,0.0,0.0,-0.4006006121635437,-0.015726489946246147,2137,3,time,0.0,0.03325432166457176,-3.369750738143921,-2.541761875152588,2061
-0.10430776327848434,0.0,0.11122330278158188,0.1348780244588852,0.060010455548763275,-0.029429422691464424,-0.11328079551458359,0.0,-0.2123747318983078,-0.0022862530313432217,0.018345359712839127,0.0,0.0,0.0,0.0,-0.30915939807891846,-0.009298255667090416,2138,3,time,0.0,0.04754161089658737,-2.997441053390503,-2.541761875152588,2061
-0.11734969168901443,0.0,0.07444300502538681,0.029071180149912834,-0.06341756880283356,-0.0265843216329813,0.17136035859584808,0.0,-0.40805843472480774,0.0019025304354727268,0.018345359712839127,0.0,0.0,0.0,0.0,0.3802486062049866,0.029902750626206398,2139,3,time,0.0,0.07929988950490952,-2.451897621154785,-2.541761875152588,2061
-0.09212084114551544,0.0,0.10302641987800598,-0.34270352125167847,-0.0783855989575386,0.13814102113246918,0.009167141281068325,0.0,-0.2622964680194855,-0.0022862530313432217,0.015309447422623634,0.0,0.0,0.0,0.0,-0.4216468930244446,-0.01738623157143593,2140,3,time,0.0,0.029513677582144737,-3.492943525314331,-2.541761875152588,2061
-0.09212084114551544,0.0,0.10302641987800598,-0.3360375761985779,-0.2485550343990326,0.13814102113246918,0.009167141281068325,0.0,-0.2622964680194855,-0.0022862530313432217,0.01272656861692667,0.0,0.0,0.0,0.0,-0.4707065224647522,-0.01738623157143593,2141,3,time,0.0,0.023937296122312546,-3.7080891132354736,-2.541761875152588,2061
-0.10430776327848434,0.0,0.11308716982603073,0.0861847773194313,-0.2519436776638031,-0.035620275884866714,0.02707010507583618,0.0,-0.22794897854328156,-0.0022862530313432217,0.015309447422623634,0.0,0.0,0.0,0.0,-0.4006006121635437,-0.015726489946246147,2142,3,time,0.0,0.03427233546972275,-3.33854341506958,-2.541761875152588,2061
-0.10430776327848434,0.0,0.11308716982603073,0.09061533957719803,0.05980771407485008,-0.0265843216329813,0.1406428962945938,0.0,-0.19808755815029144,-0.0022862530313432217,0.018345359712839127,0.0,0.0,0.0,0.0,-0.32285845279693604,-0.009298255667090416,2143,3,time,0.0,0.058267008513212204,-2.7826857566833496,-2.541761875152588,2061
-0.10430776327848434,0.0,0.11308716982603073,0.09061533957719803,0.05649864673614502,-0.0265843216329813,0.1262778341770172,0.0,-0.19808755815029144,-0.0022862530313432217,0.018345359712839127,0.0,0.0,0.0,0.0,-0.3515409827232361,-0.009298255667090416,2144,3,time,0.0,0.05577481910586357,-2.8290421962738037,-2.541761875152588,2061
-0.11734969168901443,0.0,0.0780017077922821,0.0858122780919075,0.06471353769302368,-0.04039390757679939,-0.20199908316135406,0.0,0.3116471469402313,0.0019025304354727268,0.018345359712839127,0.0,0.0,0.0,0.0,0.29135873913764954,0.017516180872917175,2145,3,time,1.0,0.11586267501115799,-2.0322067737579346,-2.541761875152588,2061
-0.06619954854249954,0.0,0.06990653276443481,0.02604502998292446,-0.06676378101110458,-0.0265843216329813,0.13251911103725433,0.0,-0.4014229476451874,-0.0022862530313432217,-0.07828952372074127,0.0,0.0,0.0,0.0,0.46110305190086365,0.013026099652051926,2146,3,time,0.0,0.07722174376249313,-2.480707883834839,-2.541761875152588,2061
-0.10430776327848434,0.0,0.11308716982603073,0.09061533957719803,0.05649864673614502,-0.0265843216329813,0.1262778341770172,0.0,-0.19808755815029144,-0.0022862530313432217,0.018345359712839127,0.0,0.0,0.0,0.0,-0.3515409827232361,-0.009298255667090416,2147,3,time,0.0,0.05577481910586357,-2.8290421962738037,-2.541761875152588,2061
-0.10430776327848434,0.0,0.10687999427318573,0.0691579207777977,0.09108322113752365,-0.03754881024360657,-0.13669772446155548,0.0,0.21533609926700592,-0.0022862530313432217,0.018345359712839127,0.0,0.0,0.0,0.0,-0.4535149037837982,-0.009298255667090416,2148,3,time,1.0,0.05816135182976723,-2.7846128940582275,-2.541761875152588,2061
-0.06619954854249954,0.0,0.06804266571998596,0.07192391902208328,0.016464272513985634,-0.029429422691464424,-0.19061081111431122,0.0,-0.41571012139320374,-0.0022862530313432217,-0.07828952372074127,0.0,0.0,0.0,0.0,0.5138673782348633,0.013026099652051926,2149,3,time,0.0,0.06654821336269379,-2.640962600708008,-2.541761875152588,2061
-0.10430776327848434,0.0,0.11143351346254349,0.08174411952495575,0.060010455548763275,-0.0265843216329813,-0.10842428356409073,0.0,-0.19808755815029144,-0.0022862530313432217,0.018345359712839127,0.0,0.0,0.0,0.0,-0.30915939807891846,-0.009298255667090416,2150,3,time,0.0,0.04616028442978859,-3.0283758640289307,-2.541761875152588,2061
-0.10430776327848434,0.0,0.10687999427318573,0.0691579207777977,0.06931757181882858,-0.03754881024360657,-0.13669772446155548,0.0,0.21533609926700592,-0.0022862530313432217,0.018345359712839127,0.0,0.0,0.0,0.0,-0.43174925446510315,-0.009298255667090416,2151,3,time,0.0,0.05816135182976723,-2.7846128940582275,-2.541761875152588,2061
0.11488249152898788,0.0,0.11236120015382767,-0.3759170472621918,-0.23925772309303284,0.11764149367809296,0.009167141281068325,0.0,-0.2622964680194855,-0.007418614812195301,0.015309447422623634,0.0,0.0,0.0,0.0,-0.4645374119281769,-0.01738623157143593,2152,3,time,0.0,0.028216853737831116,-3.539213180541992,-2.541761875152588,2061
0.14765803515911102,0.0,0.08920034021139145,-0.01490352675318718,-0.28233829140663147,-0.028997255489230156,0.05861940607428551,0.0,-0.3528059124946594,0.0061734807677567005,0.01272656861692667,0.0,0.0,0.0,0.0,0.303641676902771,0.011087946593761444,2153,3,time,0.0,0.06967459619045258,-2.59169864654541,-2.541761875152588,2061
0.11488249152898788,0.0,0.11236120015382767,-0.42318958044052124,-0.26536667346954346,-0.03793906792998314,0.009167141281068325,0.0,-0.22794897854328156,-0.007418614812195301,0.01272656861692667,0.0,0.0,0.0,0.0,-0.4645374119281769,-0.01738623157143593,2154,3,time,0.0,0.023284435272216797,-3.73641037940979,-2.541761875152588,2061
0.1298181265592575,0.0,0.12242194265127182,0.05740180239081383,-0.09107155352830887,-0.028997255489230156,0.10603953897953033,0.0,-0.204723060131073,-0.007418614812195301,0.015309447422623634,0.0,0.0,0.0,0.0,-0.34537187218666077,-0.015726489946246147,2155,3,time,0.0,0.05710412561893463,-2.804079532623291,-2.541761875152588,2061
0.14765803515911102,0.0,0.08388780057430267,0.012045791372656822,0.020586568862199783,-0.03377089276909828,-0.20199908316135406,0.0,0.30649152398109436,0.0061734807677567005,0.018345359712839127,0.0,0.0,0.0,0.0,0.30217432975769043,0.017516180872917175,2156,3,time,0.0,0.13439421355724335,-1.8626521825790405,-2.541761875152588,2061
0.14765803515911102,0.0,0.08920034021139145,-0.004142353311181068,-0.20413818955421448,-0.028997255489230156,0.13758884370326996,0.0,-0.3295799791812897,0.0061734807677567005,0.015309447422623634,0.0,0.0,0.0,0.0,0.24773550033569336,0.011087946593761444,2157,3,time,0.0,0.07915633171796799,-2.4538655281066895,-2.541761875152588,2061
0.1298181265592575,0.0,0.12076828628778458,0.048530589789152145,0.060010455548763275,-0.019961301237344742,-0.10842428356409073,0.0,-0.19808755815029144,-0.007418614812195301,0.018345359712839127,0.0,0.0,0.0,0.0,-0.30299028754234314,-0.009298255667090416,2158,3,time,0.0,0.056761059910058975,-2.810469150543213,-2.541761875152588,2061
0.1298181265592575,0.0,0.11600455641746521,0.11414288729429245,0.10473068803548813,-0.03377089276909828,-0.14155423641204834,0.0,0.22611352801322937,-0.007418614812195301,0.018345359712839127,0.0,0.0,0.0,0.0,-0.4609932601451874,-0.009298255667090416,2159,3,time,0.0,0.0768708661198616,-2.485642194747925,-2.541761875152588,2061
0.14765803515911102,0.0,0.0873364731669426,0.0525987446308136,0.05232697352766991,-0.03377089276909828,-0.20199908316135406,0.0,0.31770065426826477,0.0061734807677567005,0.018345359712839127,0.0,0.0,0.0,0.0,0.33753350377082825,0.029902750626206398,2160,3,time,0.0,0.15084926784038544,-1.7279555797576904,-2.541761875152588,2061
0.1298181265592575,0.0,0.12242194265127182,0.05740180239081383,0.05980771407485008,-0.019961301237344742,0.10978418588638306,0.0,-0.19808755815029144,-0.007418614812195301,0.018345359712839127,0.0,0.0,0.0,0.0,-0.3321872651576996,-0.009298255667090416,2161,3,time,0.0,0.06842518597841263,-2.611135482788086,-2.541761875152588,2061
0.1298181265592575,0.0,0.12076828628778458,0.048530589789152145,0.060010455548763275,-0.019961301237344742,-0.10842428356409073,0.0,-0.19808755815029144,-0.007418614812195301,0.018345359712839127,0.0,0.0,0.0,0.0,-0.30299028754234314,-0.009298255667090416,2162,3,time,0.0,0.056761059910058975,-2.810469150543213,-2.541761875152588,2061
0.1298181265592575,0.0,0.12055807560682297,0.1016644760966301,0.07365790754556656,-0.022806404158473015,-0.11328079551458359,0.0,-0.2123747318983078,-0.007418614812195301,0.018345359712839127,0.0,0.0,0.0,0.0,-0.31663772463798523,-0.009298255667090416,2163,3,time,0.0,0.05844017118215561,-2.779534339904785,-2.541761875152588,2061
0.1298181265592575,0.0,0.12076828628778458,0.048530589789152145,0.060010455548763275,-0.019961301237344742,-0.10842428356409073,0.0,-0.19808755815029144,-0.007418614812195301,0.018345359712839127,0.0,0.0,0.0,0.0,-0.30299028754234314,-0.009298255667090416,2164,3,time,0.0,0.056761059910058975,-2.810469150543213,-2.541761875152588,2061
0.1298181265592575,0.0,0.12055807560682297,0.1016644760966301,0.07365790754556656,-0.022806404158473015,-0.11328079551458359,0.0,-0.2123747318983078,-0.007418614812195301,0.018345359712839127,0.0,0.0,0.0,0.0,-0.31663772463798523,-0.009298255667090416,2165,3,time,0.0,0.05844017118215561,-2.779534339904785,-2.541761875152588,2061
0.1298181265592575,0.0,0.12055807560682297,0.1016644760966301,0.07365790754556656,-0.022806404158473015,-0.11328079551458359,0.0,-0.2123747318983078,-0.007418614812195301,0.018345359712839127,0.0,0.0,0.0,0.0,-0.31663772463798523,-0.009298255667090416,2166,3,time,0.0,0.05844017118215561,-2.779534339904785,-2.541761875152588,2061
0.1298181265592575,0.0,0.12076828628778458,0.048530589789152145,0.060010455548763275,-0.019961301237344742,-0.10842428356409073,0.0,-0.19808755815029144,-0.007418614812195301,0.018345359712839127,0.0,0.0,0.0,0.0,-0.30299028754234314,-0.009298255667090416,2167,3,time,0.0,0.056761059910058975,-2.810469150543213,-2.541761875152588,2061
0.1298181265592575,0.0,0.12055807560682297,0.1016644760966301,0.07365790754556656,-0.022806404158473015,-0.11328079551458359,0.0,-0.2123747318983078,-0.007418614812195301,0.018345359712839127,0.0,0.0,0.0,0.0,-0.31663772463798523,-0.009298255667090416,2168,3,time,0.0,0.05844017118215561,-2.779534339904785,-2.541761875152588,2061
0.1298181265592575,0.0,0.11600455641746521,0.09354712814092636,0.023675810545682907,-0.03377089276909828,-0.16470158100128174,0.0,0.3024764955043793,-0.007418614812195301,0.018345359712839127,0.0,0.0,0.0,0.0,0.04588304087519646,-0.009298255667090416,2169,3,time,0.0,0.11637647449970245,-2.027200698852539,-2.541761875152588,2061
0.14765803515911102,0.0,0.0873364731669426,0.04012034088373184,0.021254194900393486,-0.022806404158473015,-0.17372561991214752,0.0,-0.34346845746040344,0.0061734807677567005,0.018345359712839127,0.0,0.0,0.0,0.0,0.2637617290019989,0.029902750626206398,2170,3,time,0.0,0.07818911969661713,-2.467209577560425,-2.541761875152588,2061
0.18459631502628326,0.0,0.13376834988594055,0.2415146380662918,0.34415972232818604,-0.022806404158473015,-0.15116769075393677,0.0,-0.18995051085948944,-0.007418614812195301,0.018345359712839127,0.0,0.0,0.0,0.0,-0.34645792841911316,-0.009298255667090416,2171,3,time,0.0,0.08734621852636337,-2.3464767932891846,-2.541761875152588,2061
0.1298181265592575,0.0,0.11600455641746521,0.11414288729429245,0.10473068803548813,-0.03377089276909828,-0.14155423641204834,0.0,0.22611352801322937,-0.007418614812195301,0.018345359712839127,0.0,0.0,0.0,0.0,-0.4609932601451874,-0.009298255667090416,2172,3,time,0.0,0.0768708661198616,-2.485642194747925,-2.541761875152588,2061
0.18459631502628326,0.0,0.12055807560682297,0.2415146380662918,0.07365790754556656,-0.022806404158473015,-0.11328079551458359,0.0,-0.2123747318983078,-0.007418614812195301,0.018345359712839127,0.0,0.0,0.0,0.0,-0.31663772463798523,-0.009298255667090416,2173,3,time,0.0,0.07011617720127106,-2.5849061012268066,-2.541761875152588,2061
0.19722171127796173,0.0,0.12736119329929352,0.1924489140510559,0.4817599356174469,-0.03377089276909828,-0.23988600075244904,0.0,0.2045048624277115,-0.007418614812195301,0.018345359712839127,0.0,0.0,0.0,0.0,0.3660770356655121,-0.009298255667090416,2174,3,time,0.0,0.2236682027578354,-1.2444162368774414,-2.541761875152588,2061
0.1298181265592575,0.0,0.13376834988594055,0.1016644760966301,0.615605890750885,-0.022806404158473015,-0.15116769075393677,0.0,-0.12945570051670074,-0.007418614812195301,0.018345359712839127,0.0,0.0,0.0,0.0,-0.33472689986228943,-0.009298255667090416,2175,3,time,0.0,0.09998124837875366,-2.1974329948425293,-2.541761875152588,2061
-0.0839521512389183,0.0,-0.35290348529815674,0.06598732620477676,0.11806588619947433,-0.03754881024360657,-0.13048478960990906,0.0,0.21533609926700592,-0.0022862530313432217,0.013308637775480747,0.0,0.0,0.0,0.0,-0.4616525173187256,-0.04892051964998245,2176,3,time,0.0,0.03744160756468773,-3.246812105178833,-2.541761875152588,2061
-0.09699409455060959,0.0,-0.25708362460136414,0.017029374837875366,0.046975959092378616,-0.0265843216329813,-0.16265620291233063,0.0,-0.3229444921016693,0.0019025304354727268,0.013308637775480747,0.0,0.0,0.0,0.0,0.24526290595531464,0.09250609576702118,2177,3,time,0.0,0.047832388430833817,-2.9910380840301514,-2.541761875152588,2061
-0.0839521512389183,0.0,-0.37534475326538086,0.07857353240251541,0.07334565371274948,-0.0265843216329813,-0.1022113487124443,0.0,-0.19808755815029144,-0.0022862530313432217,0.013308637775480747,0.0,0.0,0.0,0.0,-0.33064430952072144,-0.04892051964998245,2178,3,time,0.0,0.028070488944649696,-3.5445644855499268,-2.541761875152588,2061
-0.09699409455060959,0.0,-0.25708362460136414,0.004443165846168995,-0.030413858592510223,-0.03754881024360657,-0.19092963635921478,0.0,0.3069232404232025,0.0019025304354727268,0.013308637775480747,0.0,0.0,0.0,0.0,0.28763511776924133,0.09250609576702118,2179,3,time,0.0,0.0795840248465538,-2.448012351989746,-2.541761875152588,2061
-0.09699409455060959,0.0,-0.2457815557718277,0.017029374837875366,-0.06833624094724655,-0.0265843216329813,-0.17954136431217194,0.0,-0.4014229476451874,0.0019025304354727268,0.013308637775480747,0.0,0.0,0.0,0.0,0.36072903871536255,0.10489265620708466,2180,3,time,0.0,0.04467835649847984,-3.062558889389038,-2.541761875152588,2061
-0.0839521512389183,0.0,-0.35290348529815674,0.06598732620477676,-0.0038692904636263847,-0.04658476635813713,-0.09631043672561646,0.0,0.21533609926700592,-0.0022862530313432217,0.010272727347910404,0.0,0.0,0.0,0.0,-0.42623937129974365,-0.055348753929138184,2181,3,time,0.0,0.03497029468417168,-3.317659854888916,-2.541761875152588,2061
-0.10430776327848434,0.0,0.11143351346254349,0.08174411952495575,0.060010455548763275,-0.0265843216329813,-0.10842428356409073,0.0,-0.19808755815029144,-0.0022862530313432217,0.018345359712839127,0.0,0.0,0.0,0.0,-0.30915939807891846,-0.009298255667090416,2182,3,time,0.0,0.04616028442978859,-3.0283758640289307,-2.541761875152588,2061
-0.11316091567277908,0.0,0.0780017077922821,0.0858122780919075,0.06471353769302368,-0.04039390757679939,-0.20199908316135406,0.0,0.3116471469402313,-0.0022862530313432217,0.018345359712839127,0.0,0.0,0.0,0.0,0.29135873913764954,0.017516180872917175,2183,3,time,0.0,0.11586267501115799,-2.0322067737579346,-2.541761875152588,2061
-0.10430776327848434,0.0,0.10777463763952255,0.10513517260551453,0.07365790754556656,-0.029429422691464424,-0.11328079551458359,0.0,-0.206720232963562,-0.0022862530313432217,0.018345359712839127,0.0,0.0,0.0,0.0,-0.32280683517456055,-0.009298255667090416,2184,3,time,0.0,0.04631011188030243,-3.0249781608581543,-2.541761875152588,2061
-0.10430776327848434,0.0,0.11143351346254349,0.08174411952495575,0.07365790754556656,-0.0265843216329813,-0.10842428356409073,0.0,-0.19808755815029144,-0.0022862530313432217,0.018345359712839127,0.0,0.0,0.0,0.0,-0.32280683517456055,-0.009298255667090416,2185,3,time,0.0,0.04616028442978859,-3.0283758640289307,-2.541761875152588,2061
-0.11734969168901443,0.0,0.07965536415576935,0.08220507949590683,-0.0565679669380188,-0.029429422691464424,0.15960611402988434,0.0,-0.3501039445400238,0.0019025304354727268,0.018345359712839127,0.0,0.0,0.0,0.0,0.2263246476650238,0.017516180872917175,2186,3,time,0.0,0.07518395036458969,-2.509657144546509,-2.541761875152588,2061
-0.10430776327848434,0.0,0.11287695914506912,0.14852526783943176,0.05649864673614502,-0.029429422691464424,0.05829394981265068,0.0,-0.24223613739013672,-0.0022862530313432217,0.018345359712839127,0.0,0.0,0.0,0.0,-0.3515409827232361,-0.009298255667090416,2187,3,time,0.0,0.05283396691083908,-2.886320114135742,-2.541761875152588,2061
-0.10430776327848434,0.0,0.11143351346254349,0.08174411952495575,0.07365790754556656,-0.0265843216329813,-0.10842428356409073,0.0,-0.19808755815029144,-0.0022862530313432217,0.018345359712839127,0.0,0.0,0.0,0.0,-0.32280683517456055,-0.009298255667090416,2188,3,time,0.0,0.04616028442978859,-3.0283758640289307,-2.541761875152588,2061
-0.11734969168901443,0.0,0.07455303519964218,0.04359101504087448,0.03364076465368271,-0.029429422691464424,-0.17372561991214752,0.0,-0.33781397342681885,0.0019025304354727268,0.018345359712839127,0.0,0.0,0.0,0.0,0.23611409962177277,0.017516180872917175,2189,3,time,0.0,0.05872238427400589,-2.7744171619415283,-2.541761875152588,2061
-0.10430776327848434,0.0,0.11308716982603073,0.09061533957719803,0.08524499833583832,-0.0265843216329813,0.13697126507759094,0.0,-0.19808755815029144,-0.0022862530313432217,0.018345359712839127,0.0,0.0,0.0,0.0,-0.3446240723133087,-0.009298255667090416,2190,3,time,0.0,0.058267008513212204,-2.7826857566833496,-2.541761875152588,2061
-0.10430776327848434,0.0,0.11308716982603073,0.09061533957719803,0.07826431095600128,-0.0265843216329813,0.13291330635547638,0.0,-0.204723060131073,-0.0022862530313432217,0.018345359712839127,0.0,0.0,0.0,0.0,-0.3733065724372864,-0.009298255667090416,2191,3,time,0.0,0.05577481910586357,-2.8290421962738037,-2.541761875152588,2061
-0.10430776327848434,0.0,0.11308716982603073,0.08006588369607925,0.05649864673614502,-0.020465433597564697,0.053943876177072525,0.0,-0.22794897854328156,-0.0022862530313432217,0.018345359712839127,0.0,0.0,0.0,0.0,-0.3515409827232361,-0.009298255667090416,2192,3,time,0.0,0.050418268889188766,-2.9356679916381836,-2.541761875152588,2061
-0.10430776327848434,0.0,0.10832343995571136,0.13563188910484314,0.05313548445701599,-0.04039390757679939,0.04727742075920105,0.0,0.3024764955043793,-0.0022862530313432217,0.018345359712839127,0.0,0.0,0.0,0.0,0.033440686762332916,-0.009298255667090416,2193,3,time,0.0,0.11926411092281342,-1.9994173049926758,-2.541761875152588,2061
-0.10430776327848434,0.0,0.1032211184501648,0.10680348426103592,0.10473068803548813,-0.04039390757679939,-0.14155423641204834,0.0,0.2209579348564148,-0.0022862530313432217,0.018345359712839127,0.0,0.0,0.0,0.0,-0.4671624004840851,-0.009298255667090416,2194,3,time,0.0,0.05993400514125824,-2.7527060508728027,-2.541761875152588,2061
-0.10430776327848434,0.0,0.11308716982603073,0.08449644595384598,0.07826431095600128,-0.020465433597564697,0.1262778341770172,0.0,-0.19808755815029144,-0.0022862530313432217,0.018345359712839127,0.0,0.0,0.0,0.0,-0.3733065724372864,-0.009298255667090416,2195,3,time,0.0,0.05577481910586357,-2.8290421962738037,-2.541761875152588,2061
-0.10430776327848434,0.0,0.11143351346254349,0.08174411952495575,0.07365790754556656,-0.0265843216329813,-0.10842428356409073,0.0,-0.19808755815029144,-0.0022862530313432217,0.018345359712839127,0.0,0.0,0.0,0.0,-0.32280683517456055,-0.009298255667090416,2196,3,time,0.0,0.04616028442978859,-3.0283758640289307,-2.541761875152588,2061
-0.10430776327848434,0.0,0.10853365063667297,0.07802913337945938,0.11264614760875702,-0.03754881024360657,0.0815107449889183,0.0,0.21533609926700592,-0.0022862530313432217,0.018345359712839127,0.0,0.0,0.0,0.0,-0.5044775605201721,-0.009298255667090416,2197,3,time,0.0,0.0700918510556221,-2.5852792263031006,-2.541761875152588,2061
-0.10430776327848434,0.0,0.11287695914506912,0.14374923706054688,0.0988924652338028,-0.029429422691464424,0.13211476802825928,0.0,-0.2123747318983078,-0.0022862530313432217,0.018345359712839127,0.0,0.0,0.0,0.0,-0.3582715392112732,-0.009298255667090416,2198,3,time,0.0,0.05998784303665161,-2.751750946044922,-2.541761875152588,2061
-0.10430776327848434,0.0,0.11143351346254349,0.08174411952495575,0.07365790754556656,-0.0265843216329813,-0.10842428356409073,0.0,-0.19808755815029144,-0.0022862530313432217,0.018345359712839127,0.0,0.0,0.0,0.0,-0.32280683517456055,-0.009298255667090416,2199,3,time,0.0,0.04616028442978859,-3.0283758640289307,-2.541761875152588,2061
-0.09212084114551544,0.0,0.11308716982603073,0.07356704026460648,0.0639522597193718,0.08118172734975815,0.13291330635547638,0.0,-0.2390705794095993,-0.0022862530313432217,0.018345359712839127,0.0,0.0,0.0,0.0,-0.3733065724372864,-0.009298255667090416,2200,3,time,0.0,0.05870137736201286,-2.774797201156616,-2.541761875152588,2061
-0.11734969168901443,0.0,0.07455303519964218,0.04359101504087448,0.021254194900393486,-0.029429422691464424,-0.17372561991214752,0.0,-0.33781397342681885,0.0019025304354727268,0.018345359712839127,0.0,0.0,0.0,0.0,0.23611409962177277,0.029902750626206398,2201,3,time,0.0,0.05872238427400589,-2.7744171619415283,-2.541761875152588,2061
-0.11734969168901443,0.0,0.0780017077922821,0.0858122780919075,0.06471353769302368,-0.04039390757679939,-0.20199908316135406,0.0,0.31770065426826477,0.0019025304354727268,0.018345359712839127,0.0,0.0,0.0,0.0,0.3098858594894409,0.017516180872917175,2202,3,time,1.0,0.11840454488992691,-2.0076260566711426,-2.541761875152588,2061
-0.07038833945989609,0.0,0.06804266571998596,0.07192391902208328,0.016464272513985634,-0.029429422691464424,-0.19061081111431122,0.0,-0.41571012139320374,0.0019025304354727268,-0.07828952372074127,0.0,0.0,0.0,0.0,0.5138673782348633,0.013026099652051926,2203,3,time,1.0,0.06654821336269379,-2.640962600708008,-2.541761875152588,2061
-0.10873553156852722,0.0,0.06804266571998596,0.12693831324577332,0.047537051141262054,-0.04039390757679939,-0.21888424456119537,0.0,0.37788334488868713,-0.0022862530313432217,-0.07828952372074127,0.0,0.0,0.0,0.0,0.7200635671615601,0.013026099652051926,2204,3,time,0.0,0.16289274394512177,-1.6368602514266968,-2.541761875152588,2061
-0.10430776327848434,0.0,0.11122330278158188,0.1348780244588852,0.07365790754556656,-0.029429422691464424,-0.11328079551458359,0.0,-0.2123747318983078,-0.0022862530313432217,0.018345359712839127,0.0,0.0,0.0,0.0,-0.32280683517456055,-0.009298255667090416,2205,3,time,0.0,0.04754161089658737,-2.997441053390503,-2.541761875152588,2061
-0.10430776327848434,0.0,0.11122330278158188,0.1348780244588852,0.07365790754556656,-0.029429422691464424,-0.11328079551458359,0.0,-0.2123747318983078,-0.0022862530313432217,0.018345359712839127,0.0,0.0,0.0,0.0,-0.32280683517456055,-0.009298255667090416,2206,3,time,0.0,0.04754161089658737,-2.997441053390503,-2.541761875152588,2061
-0.14684374630451202,0.0,0.11122330278158188,0.17741401493549347,0.07365790754556656,-0.029429422691464424,-0.11328079551458359,0.0,-0.2123747318983078,-0.0022862530313432217,0.018345359712839127,0.0,0.0,0.0,0.0,-0.32280683517456055,-0.009298255667090416,2207,3,time,0.0,0.04754161089658737,-2.997441053390503,-2.541761875152588,2061
0.14765803515911102,0.0,0.0873364731669426,0.04012034088373184,0.021254194900393486,-0.022806404158473015,-0.17372561991214752,0.0,-0.34346845746040344,0.0061734807677567005,0.018345359712839127,0.0,0.0,0.0,0.0,0.2637617290019989,0.029902750626206398,2208,3,time,0.0,0.07818911969661713,-2.467209577560425,-2.541761875152588,2061
0.1298181265592575,0.0,0.12221173197031021,0.11531173437833786,0.05649864673614502,-0.022806404158473015,0.05829394981265068,0.0,-0.24223613739013672,-0.007418614812195301,0.018345359712839127,0.0,0.0,0.0,0.0,-0.34537187218666077,-0.009298255667090416,2209,3,time,0.0,0.06486313790082932,-2.6684134006500244,-2.541761875152588,2061
0.1298181265592575,0.0,0.11600455641746521,0.11414288729429245,0.10473068803548813,-0.03377089276909828,-0.14155423641204834,0.0,0.22611352801322937,-0.007418614812195301,0.018345359712839127,0.0,0.0,0.0,0.0,-0.4609932601451874,-0.009298255667090416,2210,3,time,0.0,0.0768708661198616,-2.485642194747925,-2.541761875152588,2061
0.1298181265592575,0.0,0.11600455641746521,0.11414288729429245,0.10473068803548813,-0.03377089276909828,-0.14155423641204834,0.0,0.22611352801322937,-0.007418614812195301,0.018345359712839127,0.0,0.0,0.0,0.0,-0.4609932601451874,-0.009298255667090416,2211,3,time,0.0,0.0768708661198616,-2.485642194747925,-2.541761875152588,2061
0.14765803515911102,0.0,0.08554145693778992,0.01924869231879711,0.007767648436129093,-0.022806404158473015,0.15960611402988434,0.0,-0.33821266889572144,0.0061734807677567005,0.018345359712839127,0.0,0.0,0.0,0.0,0.26853978633880615,0.017516180872917175,2212,3,time,0.0,0.10225798934698105,-2.1723837852478027,-2.541761875152588,2061
0.1298181265592575,0.0,0.11600455641746521,0.11414288729429245,0.10473068803548813,-0.03377089276909828,-0.14155423641204834,0.0,0.22611352801322937,-0.007418614812195301,0.018345359712839127,0.0,0.0,0.0,0.0,-0.4609932601451874,-0.009298255667090416,2213,3,time,0.0,0.0768708661198616,-2.485642194747925,-2.541761875152588,2061
0.14765803515911102,0.0,0.0875466838479042,-0.01301356591284275,0.021254194900393486,-0.019961301237344742,-0.16886912286281586,0.0,-0.3291812837123871,0.0061734807677567005,0.018345359712839127,0.0,0.0,0.0,0.0,0.2637617290019989,0.029902750626206398,2214,3,time,0.0,0.07598836719989777,-2.4981443881988525,-2.541761875152588,2061
0.14765803515911102,0.0,0.0875466838479042,-0.01301356591284275,0.03364076465368271,-0.019961301237344742,-0.16886912286281586,0.0,-0.3229444921016693,0.0061734807677567005,0.018345359712839127,0.0,0.0,0.0,0.0,0.25752493739128113,0.017516180872917175,2215,3,time,0.0,0.07598836719989777,-2.4981443881988525,-2.541761875152588,2061
0.11488249152898788,0.0,0.12242194265127182,0.046852365136146545,0.05649864673614502,0.001093211118131876,0.053943876177072525,0.0,-0.22794897854328156,-0.007418614812195301,0.018345359712839127,0.0,0.0,0.0,0.0,-0.34537187218666077,-0.009298255667090416,2216,3,time,0.0,0.061933401972055435,-2.717761278152466,-2.541761875152588,2061
0.1298181265592575,0.0,0.11786842346191406,0.04038504511117935,0.08757143467664719,-0.030925791710615158,0.08320999145507812,0.0,0.24301426112651825,-0.007418614812195301,0.018345359712839127,0.0,0.0,0.0,0.0,-0.48972734808921814,-0.009298255667090416,2217,3,time,0.0,0.0863594338297844,-2.358919143676758,-2.541761875152588,2061
0.1298181265592575,0.0,0.11876306682825089,0.0807928517460823,0.09191177785396576,-0.022806404158473015,0.10823673009872437,0.0,-0.206720232963562,-0.007418614812195301,0.018345359712839127,0.0,0.0,0.0,0.0,-0.36760035157203674,-0.009298255667090416,2218,3,time,0.0,0.06864208728075027,-2.6077377796173096,-2.541761875152588,2061
0.132722407579422,0.0,0.08920034021139145,-0.025621216744184494,-0.018930962309241295,0.060682181268930435,0.08549317717552185,0.0,-0.3933901786804199,0.0061734807677567005,0.018345359712839127,0.0,0.0,0.0,0.0,0.2747765779495239,0.029902750626206398,2219,3,time,0.0,0.09259049594402313,-2.282407283782959,-2.541761875152588,2061
0.11488249152898788,0.0,0.11786842346191406,0.02333674766123295,0.0732593908905983,0.11524809896945953,0.08320999145507812,0.0,0.27419716119766235,-0.007418614812195301,0.018345359712839127,0.0,0.0,0.0,0.0,-0.48972734808921814,-0.009298255667090416,2220,3,time,0.0,0.09727653115987778,-2.227858543395996,-2.541761875152588,2061
0.14244350790977478,0.0,0.08899012953042984,0.061469949781894684,0.08994808793067932,-0.03377089276909828,0.09249139577150345,0.0,0.3116471469402313,-0.007418614812195301,0.018345359712839127,0.0,0.0,0.0,0.0,0.33263662457466125,0.017516180872917175,2221,3,time,0.0,0.19349434971809387,-1.4274625778198242,-2.541761875152588,2061
0.14765803515911102,0.0,0.0875466838479042,-0.01301356591284275,0.021254194900393486,-0.019961301237344742,-0.16886912286281586,0.0,-0.3291812837123871,0.0061734807677567005,0.018345359712839127,0.0,0.0,0.0,0.0,0.2637617290019989,0.029902750626206398,2222,3,time,0.0,0.07598836719989777,-2.4981443881988525,-2.541761875152588,2061
0.10637711733579636,0.0,-0.3498261570930481,-0.34369710087776184,0.11394020169973373,-0.06092211604118347,-0.09575071930885315,0.0,0.21533609926700592,-0.007418614812195301,0.013308637775480747,0.0,0.0,0.0,0.0,-0.5255893468856812,-0.050580259412527084,2223,3,time,1.0,0.028565216809511185,-3.5265843868255615,-2.541761875152588,2061
0.06641043722629547,0.0,0.06918056309223175,-0.2888803780078888,-0.22169943153858185,0.11764149367809296,0.04761418700218201,0.0,-0.4656318426132202,-0.007418614812195301,-0.05685141682624817,0.0,0.0,0.0,0.0,0.5674315690994263,0.03915733844041824,2224,3,time,0.0,0.064476378262043,-2.674807548522949,-2.541761875152588,2061
0.14765803515911102,0.0,0.0875466838479042,-0.00888788141310215,-0.014611892402172089,-0.019961301237344742,-0.16886912286281586,0.0,-0.3291812837123871,0.0061734807677567005,0.018345359712839127,0.0,0.0,0.0,0.0,0.24692967534065247,0.017516180872917175,2225,3,time,0.0,0.0718173012137413,-2.55910325050354,-2.541761875152588,2061
0.11488249152898788,0.0,0.11236120015382767,-0.3759170472621918,-0.0783855989575386,0.11764149367809296,0.009167141281068325,0.0,-0.2622964680194855,-0.007418614812195301,0.015309447422623634,0.0,0.0,0.0,0.0,-0.41547778248786926,-0.01738623157143593,2226,3,time,0.0,0.03458020091056824,-3.329281806945801,-2.541761875152588,2061
0.1298181265592575,0.0,0.12242194265127182,0.0529712438583374,0.07826431095600128,-0.019961301237344742,0.053943876177072525,0.0,-0.22794897854328156,-0.007418614812195301,0.018345359712839127,0.0,0.0,0.0,0.0,-0.36713746190071106,-0.009298255667090416,2227,3,time,0.0,0.061933401972055435,-2.717761278152466,-2.541761875152588,2061
0.1298181265592575,0.0,0.12242194265127182,0.05740180239081383,0.09191177785396576,-0.019961301237344742,0.11309324204921722,0.0,-0.19808755815029144,-0.007418614812195301,0.018345359712839127,0.0,0.0,0.0,0.0,-0.36760035157203674,-0.009298255667090416,2228,3,time,0.0,0.06842518597841263,-2.611135482788086,-2.541761875152588,2061
0.1298181265592575,0.0,0.12221173197031021,0.11053570359945297,0.09191177785396576,-0.022806404158473015,0.10823673009872437,0.0,-0.2123747318983078,-0.007418614812195301,0.018345359712839127,0.0,0.0,0.0,0.0,-0.36760035157203674,-0.009298255667090416,2229,3,time,0.0,0.07042358815670013,-2.580200672149658,-2.541761875152588,2061
0.1298181265592575,0.0,0.13376834988594055,0.1016644760966301,0.34415972232818604,-0.022806404158473015,-0.15116769075393677,0.0,-0.18995051085948944,-0.007418614812195301,0.018345359712839127,0.0,0.0,0.0,0.0,-0.34645792841911316,-0.009298255667090416,2230,3,time,0.0,0.07302633672952652,-2.541105031967163,-2.541761875152588,2061
0.1298181265592575,0.0,0.12076828628778458,0.048530589789152145,0.07365790754556656,-0.019961301237344742,-0.10842428356409073,0.0,-0.19808755815029144,-0.007418614812195301,0.018345359712839127,0.0,0.0,0.0,0.0,-0.31663772463798523,-0.009298255667090416,2231,3,time,0.0,0.056761059910058975,-2.810469150543213,-2.541761875152588,2061
0.14244350790977478,0.0,0.0873364731669426,0.0525987446308136,0.06471353769302368,-0.03377089276909828,-0.20199908316135406,0.0,0.3116471469402313,-0.007418614812195301,0.018345359712839127,0.0,0.0,0.0,0.0,0.31900638341903687,0.017516180872917175,2232,3,time,0.0,0.14537543058395386,-1.7713427543640137,-2.541761875152588,2061
0.1298181265592575,0.0,0.12076828628778458,0.048530589789152145,0.07365790754556656,-0.019961301237344742,-0.10842428356409073,0.0,-0.19808755815029144,-0.007418614812195301,0.018345359712839127,0.0,0.0,0.0,0.0,-0.31663772463798523,-0.009298255667090416,2233,3,time,0.0,0.056761059910058975,-2.810469150543213,-2.541761875152588,2061
0.11488249152898788,0.0,0.12242194265127182,0.040048640221357346,0.059826575219631195,0.060682181268930435,0.053943876177072525,0.0,-0.2622964680194855,-0.007418614812195301,0.018345359712839127,0.0,0.0,0.0,0.0,-0.36713746190071106,-0.009298255667090416,2234,3,time,0.0,0.061933401972055435,-2.717761278152466,-2.541761875152588,2061
0.1298181265592575,0.0,0.12242194265127182,0.0529712438583374,0.07826431095600128,-0.019961301237344742,0.053943876177072525,0.0,-0.22794897854328156,-0.007418614812195301,0.018345359712839127,0.0,0.0,0.0,0.0,-0.36713746190071106,-0.009298255667090416,2235,3,time,0.0,0.061933401972055435,-2.717761278152466,-2.541761875152588,2061
0.1298181265592575,0.0,0.12055807560682297,0.1016644760966301,0.07365790754556656,-0.022806404158473015,-0.11328079551458359,0.0,-0.2123747318983078,-0.007418614812195301,0.018345359712839127,0.0,0.0,0.0,0.0,-0.31663772463798523,-0.009298255667090416,2236,3,time,0.0,0.05844017118215561,-2.779534339904785,-2.541761875152588,2061
0.1298181265592575,0.0,0.11600455641746521,0.11414288729429245,0.10473068803548813,-0.03377089276909828,-0.14155423641204834,0.0,0.22611352801322937,-0.007418614812195301,0.018345359712839127,0.0,0.0,0.0,0.0,-0.4609932601451874,-0.009298255667090416,2237,3,time,0.0,0.0768708661198616,-2.485642194747925,-2.541761875152588,2061
0.1298181265592575,0.0,0.12242194265127182,0.05740180239081383,0.10311760008335114,-0.019961301237344742,0.10355470329523087,0.0,-0.19808755815029144,-0.007418614812195301,0.018345359712839127,0.0,0.0,0.0,0.0,-0.32291096448898315,-0.009298255667090416,2238,3,time,0.0,0.07143986970186234,-2.564779043197632,-2.541761875152588,2061
0.14765803515911102,0.0,0.08899012953042984,0.061469949781894684,0.08296739310026169,-0.03377089276909828,0.14476585388183594,0.0,0.32449838519096375,0.0061734807677567005,0.018345359712839127,0.0,0.0,0.0,0.0,0.3653804361820221,0.017516180872917175,2239,3,time,0.0,0.21119000017642975,-1.3177672624588013,-2.541761875152588,2061
0.1298181265592575,0.0,0.12055807560682297,0.1016644760966301,0.07365790754556656,-0.022806404158473015,-0.11328079551458359,0.0,-0.2123747318983078,-0.007418614812195301,0.018345359712839127,0.0,0.0,0.0,0.0,-0.31663772463798523,-0.009298255667090416,2240,3,time,0.0,0.05844017118215561,-2.779534339904785,-2.541761875152588,2061
0.1298181265592575,0.0,0.11786842346191406,0.044815607368946075,0.12298452854156494,-0.030925791710615158,0.11807306110858917,0.0,0.2221338003873825,-0.007418614812195301,0.018345359712839127,0.0,0.0,0.0,0.0,-0.5251405239105225,-0.009298255667090416,2241,3,time,0.0,0.08782336115837097,-2.340506076812744,-2.541761875152588,2061
0.14765803515911102,0.0,0.08899012953042984,0.061469949781894684,0.08296739310026169,-0.03377089276909828,0.14476585388183594,0.0,0.32449838519096375,0.0061734807677567005,0.018345359712839127,0.0,0.0,0.0,0.0,0.3653804361820221,0.017516180872917175,2242,3,time,0.0,0.21119000017642975,-1.3177672624588013,-2.541761875152588,2061
0.14765803515911102,0.0,0.0873364731669426,0.0525987446308136,0.06471353769302368,-0.03377089276909828,-0.20199908316135406,0.0,0.31770065426826477,0.0061734807677567005,0.018345359712839127,0.0,0.0,0.0,0.0,0.33753350377082825,0.017516180872917175,2243,3,time,1.0,0.15084926784038544,-1.7279555797576904,-2.541761875152588,2061
0.0813460648059845,0.0,0.0792412981390953,-0.005552304908633232,0.03471812978386879,-0.019961301237344742,0.16472487151622772,0.0,-0.4014229476451874,-0.007418614812195301,-0.07828952372074127,0.0,0.0,0.0,0.0,0.4850860834121704,0.013026099652051926,2244,3,time,0.0,0.1000865027308464,-2.1962637901306152,-2.541761875152588,2061
0.10637711733579636,0.0,-0.40980660915374756,0.045360010117292404,0.07334565371274948,-0.019961301237344742,-0.1022113487124443,0.0,-0.19808755815029144,-0.007418614812195301,0.013308637775480747,0.0,0.0,0.0,0.0,-0.3244752287864685,-0.04892051964998245,2245,3,time,0.0,0.03185303881764412,-3.4142510890960693,-2.541761875152588,2061
0.10637711733579636,0.0,-0.40980660915374756,0.045360010117292404,0.051579996943473816,-0.019961301237344742,-0.1022113487124443,0.0,-0.19808755815029144,-0.007418614812195301,0.013308637775480747,0.0,0.0,0.0,0.0,-0.30270957946777344,-0.04892051964998245,2246,3,time,0.0,0.03185303881764412,-3.4142510890960693,-2.541761875152588,2061
0.10637711733579636,0.0,-0.40980660915374756,0.045360010117292404,-0.03494206443428993,-0.028997255489230156,-0.0680369958281517,0.0,-0.19808755815029144,-0.007418614812195301,0.010272727347910404,0.0,0.0,0.0,0.0,-0.30270957946777344,-0.055348753929138184,2247,3,time,0.0,0.029739199206233025,-3.4850988388061523,-2.541761875152588,2061
0.1298181265592575,0.0,0.12242194265127182,0.0529712438583374,-0.09107155352830887,-0.028997255489230156,0.02707010507583618,0.0,-0.22794897854328156,-0.007418614812195301,0.015309447422623634,0.0,0.0,0.0,0.0,-0.34537187218666077,-0.015726489946246147,2248,3,time,0.0,0.051626890897750854,-2.910705327987671,-2.541761875152588,2061
0.1298181265592575,0.0,0.12242194265127182,0.0529712438583374,-0.09107155352830887,-0.028997255489230156,0.02707010507583618,0.0,-0.22794897854328156,-0.007418614812195301,0.015309447422623634,0.0,0.0,0.0,0.0,-0.34537187218666077,-0.015726489946246147,2249,3,time,0.0,0.051626890897750854,-2.910705327987671,-2.541761875152588,2061
0.1298181265592575,0.0,0.12242194265127182,0.0529712438583374,-0.09107155352830887,-0.028997255489230156,0.02707010507583618,0.0,-0.22794897854328156,-0.007418614812195301,0.015309447422623634,0.0,0.0,0.0,0.0,-0.34537187218666077,-0.015726489946246147,2250,3,time,0.0,0.051626890897750854,-2.910705327987671,-2.541761875152588,2061
0.14765803515911102,0.0,0.08899012953042984,0.053767573088407516,0.05189461633563042,-0.022806404158473015,0.08984324336051941,0.0,-0.36709311604499817,0.0061734807677567005,0.018345359712839127,0.0,0.0,0.0,0.0,0.285371869802475,0.017516180872917175,2251,3,time,0.0,0.10228399187326431,-2.17210054397583,-2.541761875152588,2061
0.1298181265592575,0.0,0.12242194265127182,0.05740180239081383,0.10311760008335114,-0.019961301237344742,0.10355470329523087,0.0,-0.19808755815029144,-0.007418614812195301,0.018345359712839127,0.0,0.0,0.0,0.0,-0.32291096448898315,-0.009298255667090416,2252,3,time,0.0,0.07143986970186234,-2.564779043197632,-2.541761875152588,2061
0.1298181265592575,0.0,0.12221173197031021,0.11053570359945297,0.0988924652338028,-0.022806404158473015,0.13211476802825928,0.0,-0.2123747318983078,-0.007418614812195301,0.018345359712839127,0.0,0.0,0.0,0.0,-0.3521024286746979,-0.009298255667090416,2253,3,time,0.0,0.07351937144994736,-2.533844232559204,-2.541761875152588,2061
0.14765803515911102,0.0,0.10054674744606018,0.0525987446308136,0.4172762632369995,-0.03377089276909828,-0.23988600075244904,0.0,0.2750420868396759,0.0061734807677567005,0.018345359712839127,0.0,0.0,0.0,0.0,0.38460415601730347,0.017516180872917175,2254,3,time,1.0,0.19850613176822662,-1.3956573009490967,-2.541761875152588,2061
0.0813460648059845,0.0,0.09058771282434464,0.03709419071674347,0.352125883102417,-0.022806404158473015,-0.2284977287054062,0.0,-0.393285870552063,-0.007418614812195301,-0.07828952372074127,0.0,0.0,0.0,0.0,0.4162546396255493,0.013026099652051926,2255,3,time,0.0,0.09265626221895218,-2.2816247940063477,-2.541761875152588,2061
0.1298181265592575,0.0,0.12221173197031021,0.11531173437833786,0.09191177785396576,-0.022806404158473015,0.05829394981265068,0.0,-0.24223613739013672,-0.007418614812195301,0.018345359712839127,0.0,0.0,0.0,0.0,-0.3807849586009979,-0.009298255667090416,2256,3,time,0.0,0.06486313790082932,-2.6684134006500244,-2.541761875152588,2061
0.10637711733579636,0.0,-0.40980660915374756,0.045360010117292404,-0.03494206443428993,-0.028997255489230156,-0.0680369958281517,0.0,-0.19808755815029144,-0.007418614812195301,0.010272727347910404,0.0,0.0,0.0,0.0,-0.30270957946777344,-0.055348753929138184,2257,3,time,0.0,0.029739199206233025,-3.4850988388061523,-2.541761875152588,2061
0.10637711733579636,0.0,-0.4173129200935364,0.05423120781779289,0.09159952402114868,-0.019961301237344742,0.11014622449874878,0.0,-0.19808755815029144,-0.007418614812195301,0.013308637775480747,0.0,0.0,0.0,0.0,-0.37543782591819763,-0.04892051964998245,2258,3,time,0.0,0.03793392702937126,-3.2332372665405273,-2.541761875152588,2061
0.10637711733579636,0.0,-0.39487165212631226,0.04164501279592514,0.12267229706048965,-0.030925791710615158,0.11512602865695953,0.0,0.2221338003873825,-0.007418614812195301,0.013308637775480747,0.0,0.0,0.0,0.0,-0.5059831738471985,-0.04892051964998245,2259,3,time,0.0,0.05172916129231453,-2.908618450164795,-2.541761875152588,2061
0.10637711733579636,0.0,-0.39487165212631226,0.04164501279592514,0.10090663284063339,-0.030925791710615158,0.11512602865695953,0.0,0.2221338003873825,-0.007418614812195301,0.013308637775480747,0.0,0.0,0.0,0.0,-0.4842175245285034,-0.04892051964998245,2260,3,time,0.0,0.05172916129231453,-2.908618450164795,-2.541761875152588,2061
0.10637711733579636,0.0,-0.4173129200935364,0.053926337510347366,0.06570816785097122,-0.019961301237344742,0.05099685490131378,0.0,-0.22794897854328156,-0.007418614812195301,0.013308637775480747,0.0,0.0,0.0,0.0,-0.36685675382614136,-0.04892051964998245,2261,3,time,0.0,0.03422868251800537,-3.3398630619049072,-2.541761875152588,2061
0.10637711733579636,0.0,-0.4173129200935364,0.049800656735897064,-0.07773635536432266,-0.028997255489230156,0.02412308007478714,0.0,-0.22794897854328156,-0.007418614812195301,0.010272727347910404,0.0,0.0,0.0,0.0,-0.36685675382614136,-0.055348753929138184,2262,3,time,0.0,0.02839304693043232,-3.5328071117401123,-2.541761875152588,2061
0.10637711733579636,0.0,-0.4173129200935364,0.049800656735897064,0.06983385235071182,-0.019961301237344742,0.05099685490131378,0.0,-0.22794897854328156,-0.007418614812195301,0.013308637775480747,0.0,0.0,0.0,0.0,-0.36685675382614136,-0.04892051964998245,2263,3,time,0.0,0.03422868251800537,-3.3398630619049072,-2.541761875152588,2061
0.10637711733579636,0.0,-0.4173129200935364,0.049800656735897064,-0.07773635536432266,-0.028997255489230156,0.02412308007478714,0.0,-0.22794897854328156,-0.007418614812195301,0.010272727347910404,0.0,0.0,0.0,0.0,-0.36685675382614136,-0.055348753929138184,2264,3,time,0.0,0.02839304693043232,-3.5328071117401123,-2.541761875152588,2061
0.10637711733579636,0.0,-0.4173129200935364,0.06059229373931885,-0.25203147530555725,-0.028997255489230156,0.02412308007478714,0.0,-0.22794897854328156,-0.007418614812195301,0.0076898494735360146,0.0,0.0,0.0,0.0,-0.415916383266449,-0.055348753929138184,2265,3,time,0.0,0.023023376241326332,-3.747952699661255,-2.541761875152588,2061
0.10637711733579636,0.0,-0.37977373600006104,-0.372641384601593,-0.25203147530555725,-0.05899357795715332,0.006220108829438686,0.0,-0.22794897854328156,-0.007418614812195301,0.0076898494735360146,0.0,0.0,0.0,0.0,-0.48602235317230225,-0.057008493691682816,2266,3,time,0.0,0.013880223035812378,-4.263312816619873,-2.541761875152588,2061
0.09144148975610733,0.0,-0.37977373600006104,-0.324821799993515,-0.2352198362350464,0.11764149367809296,-0.013224736787378788,0.0,-0.2622964680194855,-0.007418614812195301,0.0076898494735360146,0.0,0.0,0.0,0.0,-0.4900895953178406,-0.057008493691682816,2267,3,time,0.0,0.016385432332754135,-4.094841480255127,-2.541761875152588,2061
0.09144148975610733,0.0,-0.37977373600006104,-0.324821799993515,-0.2352198362350464,0.11764149367809296,0.006220108829438686,0.0,-0.2622964680194855,-0.007418614812195301,0.0076898494735360146,0.0,0.0,0.0,0.0,-0.48602235317230225,-0.057008493691682816,2268,3,time,0.0,0.016768712550401688,-4.071329593658447,-2.541761875152588,2061
0.09144148975610733,0.0,-0.37977373600006104,-0.324821799993515,-0.2352198362350464,0.11764149367809296,-0.013224736787378788,0.0,-0.2622964680194855,-0.007418614812195301,0.0076898494735360146,0.0,0.0,0.0,0.0,-0.4900895953178406,-0.057008493691682816,2269,3,time,0.0,0.016385432332754135,-4.094841480255127,-2.541761875152588,2061
0.12421703338623047,0.0,-0.2615126371383667,-0.3000040352344513,-0.26013222336769104,-0.05899357795715332,0.01832457259297371,0.0,-0.3590427041053772,0.0061734807677567005,0.0076898494735360146,0.0,0.0,0.0,0.0,0.38527238368988037,0.08441811054944992,2270,3,time,0.0,0.040880970656871796,-3.15535044670105,-2.541761875152588,2061
0.11900250613689423,0.0,-0.2615126371383667,-0.31259024143218994,-0.22905945777893066,-0.06995806843042374,0.04759069159626961,0.0,0.3285478949546814,-0.007418614812195301,0.0076898494735360146,0.0,0.0,0.0,0.0,0.4405171573162079,0.08441811054944992,2271,3,time,0.0,0.08359043300151825,-2.3945343494415283,-2.541761875152588,2061
0.09144148975610733,0.0,-0.37977373600006104,-0.3536601662635803,-0.2408255636692047,0.027559403330087662,-0.013224736787378788,0.0,-0.22794897854328156,-0.007418614812195301,0.0076898494735360146,0.0,0.0,0.0,0.0,-0.4900895953178406,-0.057008493691682816,2272,3,time,0.0,0.014993662014603615,-4.185020446777344,-2.541761875152588,2061
0.09144148975610733,0.0,-0.37977373600006104,-0.324821799993515,-0.2352198362350464,0.11764149367809296,-0.013224736787378788,0.0,-0.2622964680194855,-0.007418614812195301,0.0076898494735360146,0.0,0.0,0.0,0.0,-0.4900895953178406,-0.057008493691682816,2273,3,time,0.0,0.016385432332754135,-4.094841480255127,-2.541761875152588,2061
0.09144148975610733,0.0,-0.37977373600006104,-0.324821799993515,-0.2352198362350464,0.11764149367809296,-0.013224736787378788,0.0,-0.2622964680194855,-0.007418614812195301,0.0076898494735360146,0.0,0.0,0.0,0.0,-0.4900895953178406,-0.057008493691682816,2274,3,time,0.0,0.016385432332754135,-4.094841480255127,-2.541761875152588,2061
0.1298181265592575,0.0,0.12242194265127182,0.046640634536743164,-0.27423757314682007,-0.028997255489230156,0.007625259459018707,0.0,-0.22794897854328156,-0.007418614812195301,0.01272656861692667,0.0,0.0,0.0,0.0,-0.39849868416786194,-0.015726489946246147,2275,3,time,0.0,0.040103718638420105,-3.175356149673462,-2.541761875152588,2061
0.1298181265592575,0.0,0.12242194265127182,0.046640634536743164,-0.27423757314682007,-0.028997255489230156,0.02707010507583618,0.0,-0.22794897854328156,-0.007418614812195301,0.01272656861692667,0.0,0.0,0.0,0.0,-0.3944314420223236,-0.015726489946246147,2276,3,time,0.0,0.04101867973804474,-3.151844024658203,-2.541761875152588,2061
0.14765803515911102,0.0,0.08899012953042984,0.061469949781894684,-0.1730654239654541,-0.04280684515833855,0.1178920716047287,0.0,0.32449838519096375,0.0061734807677567005,0.015309447422623634,0.0,0.0,0.0,0.0,0.3277440667152405,0.011087946593761444,2277,3,time,0.0,0.1601906567811966,-1.6568101644515991,-2.541761875152588,2061
0.1298181265592575,0.0,0.12242194265127182,0.05740180239081383,-0.09107155352830887,-0.028997255489230156,0.10603953897953033,0.0,-0.204723060131073,-0.007418614812195301,0.015309447422623634,0.0,0.0,0.0,0.0,-0.34537187218666077,-0.015726489946246147,2278,3,time,1.0,0.05710412561893463,-2.804079532623291,-2.541761875152588,2061
0.08656059205532074,0.0,0.07737743109464645,0.03871038928627968,0.016464272513985634,-0.022806404158473015,-0.19061081111431122,0.0,-0.41571012139320374,0.0061734807677567005,-0.07828952372074127,0.0,0.0,0.0,0.0,0.4334562420845032,0.013026099652051926,2279,3,time,0.0,0.0706065222620964,-2.5774097442626953,-2.541761875152588,2061
-0.10430776327848434,0.0,0.11308716982603073,0.09061533957719803,-0.09107155352830887,-0.035620275884866714,0.10603953897953033,0.0,-0.204723060131073,-0.0022862530313432217,0.015309447422623634,0.0,0.0,0.0,0.0,-0.3515409827232361,-0.015726489946246147,2280,3,time,0.0,0.046442434191703796,-3.021986246109009,-2.541761875152588,2061
-0.10430776327848434,0.0,0.11308716982603073,0.07985416799783707,-0.27423757314682007,-0.035620275884866714,0.02707010507583618,0.0,-0.22794897854328156,-0.0022862530313432217,0.01272656861692667,0.0,0.0,0.0,0.0,-0.4006006121635437,-0.015726489946246147,2281,3,time,0.0,0.03325432166457176,-3.369750738143921,-2.541761875152588,2061
-0.10430776327848434,0.0,0.11308716982603073,0.0861847773194313,-0.2519436776638031,-0.035620275884866714,0.02707010507583618,0.0,-0.22794897854328156,-0.0022862530313432217,0.015309447422623634,0.0,0.0,0.0,0.0,-0.4006006121635437,-0.015726489946246147,2282,3,time,0.0,0.03427233546972275,-3.33854341506958,-2.541761875152588,2061
-0.10430776327848434,0.0,0.10487477481365204,0.1156746968626976,0.09088049829006195,-0.04039390757679939,0.07665423303842545,0.0,0.2209579348564148,-0.0022862530313432217,0.018345359712839127,0.0,0.0,0.0,0.0,-0.48271188139915466,-0.009298255667090416,2283,3,time,0.0,0.07220025360584259,-2.553372383117676,-2.541761875152588,2061
-0.10430776327848434,0.0,0.11287695914506912,0.14852526783943176,-0.2519436776638031,-0.03846537694334984,0.03142017871141434,0.0,-0.24223613739013672,-0.0022862530313432217,0.015309447422623634,0.0,0.0,0.0,0.0,-0.4006006121635437,-0.015726489946246147,2284,3,time,0.0,0.035943713039159775,-3.2891955375671387,-2.541761875152588,2061
-0.10430776327848434,0.0,0.11308716982603073,0.07985416799783707,-0.27423757314682007,-0.035620275884866714,0.02707010507583618,0.0,-0.22794897854328156,-0.0022862530313432217,0.01272656861692667,0.0,0.0,0.0,0.0,-0.4006006121635437,-0.015726489946246147,2285,3,time,1.0,0.03325432166457176,-3.369750738143921,-2.541761875152588,2061
-0.07038833945989609,0.0,0.07444300502538681,0.02604502998292446,-0.06341756880283356,-0.0265843216329813,0.17136035859584808,0.0,-0.40805843472480774,0.0019025304354727268,0.018345359712839127,0.0,0.0,0.0,0.0,0.4753197133541107,0.013026099652051926,2286,3,time,0.0,0.08868741989135742,-2.329767942428589,-2.541761875152588,2061
-0.0839521512389183,0.0,-0.37534475326538086,0.07857353240251541,0.07334565371274948,-0.0265843216329813,-0.1022113487124443,0.0,-0.19808755815029144,-0.0022862530313432217,0.013308637775480747,0.0,0.0,0.0,0.0,-0.33064430952072144,-0.04892051964998245,2287,3,time,0.0,0.028070488944649696,-3.5445644855499268,-2.541761875152588,2061
0.1298181265592575,0.0,0.11786842346191406,0.04038504511117935,-0.22087091207504272,-0.03996174409985542,0.05633622407913208,0.0,0.24301426112651825,-0.007418614812195301,0.015309447422623634,0.0,0.0,0.0,0.0,-0.5387869477272034,-0.015726489946246147,2288,3,time,0.0,0.059423983097076416,-2.7617945671081543,-2.541761875152588,2061
0.1298181265592575,0.0,0.12242194265127182,0.0529712438583374,-0.2519436776638031,-0.028997255489230156,0.02707010507583618,0.0,-0.22794897854328156,-0.007418614812195301,0.015309447422623634,0.0,0.0,0.0,0.0,-0.3944314420223236,-0.015726489946246147,2289,3,time,0.0,0.04226399213075638,-3.1206367015838623,-2.541761875152588,2061
0.1298181265592575,0.0,0.11236120015382767,-0.36109668016433716,-0.26536667346954346,-0.052874691784381866,-0.010277703404426575,0.0,-0.22794897854328156,-0.007418614812195301,0.01272656861692667,0.0,0.0,0.0,0.0,-0.4430117905139923,-0.01738623157143593,2290,3,time,0.0,0.024789415299892426,-3.672236680984497,-2.541761875152588,2061
0.1298181265592575,0.0,0.12242194265127182,0.0529712438583374,-0.2519436776638031,-0.028997255489230156,0.02707010507583618,0.0,-0.22794897854328156,-0.007418614812195301,0.015309447422623634,0.0,0.0,0.0,0.0,-0.3944314420223236,-0.015726489946246147,2291,3,time,1.0,0.04226399213075638,-3.1206367015838623,-2.541761875152588,2061
0.0813460648059845,0.0,0.07558242231607437,0.017838740721344948,-0.18255068361759186,-0.03184235468506813,0.13963006436824799,0.0,-0.4166911244392395,-0.007418614812195301,-0.0676373764872551,0.0,0.0,0.0,0.0,0.4474496841430664,0.031673774123191833,2292,3,time,0.0,0.0791187658905983,-2.454380989074707,-2.541761875152588,2061
0.1298181265592575,0.0,0.12242194265127182,0.06376288831233978,-0.26536667346954346,-0.028997255489230156,0.02707010507583618,0.0,-0.22794897854328156,-0.007418614812195301,0.01272656861692667,0.0,0.0,0.0,0.0,-0.3944314420223236,-0.015726489946246147,2293,3,time,0.0,0.04205343499779701,-3.1258509159088135,-2.541761875152588,2061
0.1298181265592575,0.0,0.12242194265127182,0.06376288831233978,-0.26536667346954346,-0.028997255489230156,0.007625259459018707,0.0,-0.22794897854328156,-0.007418614812195301,0.01272656861692667,0.0,0.0,0.0,0.0,-0.39849868416786194,-0.015726489946246147,2294,3,time,0.0,0.0411163829267025,-3.1493630409240723,-2.541761875152588,2061
0.11488249152898788,0.0,0.11236120015382767,-0.3692511022090912,-0.2485550343990326,0.11764149367809296,-0.010277703404426575,0.0,-0.2622964680194855,-0.007418614812195301,0.01272656861692667,0.0,0.0,0.0,0.0,-0.4686046540737152,-0.01738623157143593,2295,3,time,0.0,0.027439743280410767,-3.567939519882202,-2.541761875152588,2061
-0.09212084114551544,0.0,0.10302641987800598,-0.3360375761985779,-0.2485550343990326,0.13814102113246918,-0.010277703404426575,0.0,-0.2622964680194855,-0.0022862530313432217,0.01272656861692667,0.0,0.0,0.0,0.0,-0.4747737646102905,-0.01738623157143593,2296,3,time,0.0,0.023394057527184486,-3.7316012382507324,-2.541761875152588,2061
-0.10516276955604553,0.0,0.06980482488870621,-0.26340019702911377,-0.256655752658844,0.13814102113246918,0.02127159759402275,0.0,-0.3933901786804199,0.0019025304354727268,0.01272656861692667,0.0,0.0,0.0,0.0,0.3422391712665558,0.009428204968571663,2297,3,time,0.0,0.04903903603553772,-2.9648563861846924,-2.541761875152588,2061
-0.09212084114551544,0.0,0.10302641987800598,-0.3360375761985779,-0.2485550343990326,0.13814102113246918,-0.010277703404426575,0.0,-0.2622964680194855,-0.0022862530313432217,0.01272656861692667,0.0,0.0,0.0,0.0,-0.4747737646102905,-0.01738623157143593,2298,3,time,0.0,0.023394057527184486,-3.7316012382507324,-2.541761875152588,2061
-0.10430776327848434,0.0,0.10832343995571136,0.15622764825820923,-0.0599987730383873,-0.049429867416620255,0.08634276688098907,0.0,0.23291122913360596,-0.0022862530313432217,0.015309447422623634,0.0,0.0,0.0,0.0,-0.49589645862579346,-0.015726489946246147,2299,3,time,0.0,0.06474923342466354,-2.670292854309082,-2.541761875152588,2061
-0.10430776327848434,0.0,0.11308716982603073,0.0861847773194313,-0.2519436776638031,-0.035620275884866714,0.02707010507583618,0.0,-0.22794897854328156,-0.0022862530313432217,0.015309447422623634,0.0,0.0,0.0,0.0,-0.4006006121635437,-0.015726489946246147,2300,3,time,0.0,0.03427233546972275,-3.33854341506958,-2.541761875152588,2061
-0.10430776327848434,0.0,0.11308716982603073,0.09061533957719803,-0.09107155352830887,-0.035620275884866714,0.10603953897953033,0.0,-0.204723060131073,-0.0022862530313432217,0.015309447422623634,0.0,0.0,0.0,0.0,-0.3515409827232361,-0.015726489946246147,2301,3,time,0.0,0.046442434191703796,-3.021986246109009,-2.541761875152588,2061
-0.11734969168901443,0.0,0.07986557483673096,0.018310004845261574,-0.28233829140663147,-0.035620275884866714,0.05861940607428551,0.0,-0.3528059124946594,0.0019025304354727268,0.01272656861692667,0.0,0.0,0.0,0.0,0.27599403262138367,0.011087946593761444,2302,3,time,0.0,0.0535871721804142,-2.8713691234588623,-2.541761875152588,2061
-0.10430776327848434,0.0,0.10853365063667297,0.07802913337945938,-0.0599987730383873,-0.04658476635813713,0.09119927883148193,0.0,0.2221338003873825,-0.0022862530313432217,0.015309447422623634,0.0,0.0,0.0,0.0,-0.49589645862579346,-0.015726489946246147,2303,3,time,0.0,0.06001006439328194,-2.751356840133667,-2.541761875152588,2061
-0.10430776327848434,0.0,0.10302641987800598,-0.32788315415382385,-0.26536667346954346,-0.059497710317373276,0.009167141281068325,0.0,-0.22794897854328156,-0.0022862530313432217,0.01272656861692667,0.0,0.0,0.0,0.0,-0.4451136589050293,-0.01738623157143593,2304,3,time,1.0,0.02049971930682659,-3.866631269454956,-2.541761875152588,2061
-0.06619954854249954,0.0,0.06990653276443481,0.021614467725157738,-0.23845690488815308,-0.035620275884866714,0.0655171349644661,0.0,-0.4312843680381775,-0.0022862530313432217,-0.0676373764872551,0.0,0.0,0.0,0.0,0.5312258005142212,0.031673774123191833,2305,3,time,0.0,0.06517350673675537,-2.6633079051971436,-2.541761875152588,2061
-0.10430776327848434,0.0,0.11122330278158188,0.1348780244588852,0.060010455548763275,-0.029429422691464424,-0.11328079551458359,0.0,-0.2123747318983078,-0.0022862530313432217,0.018345359712839127,0.0,0.0,0.0,0.0,-0.30915939807891846,-0.009298255667090416,2306,3,time,0.0,0.04754161089658737,-2.997441053390503,-2.541761875152588,2061
-0.11734969168901443,0.0,0.0780017077922821,0.07333386689424515,0.03364076465368271,-0.029429422691464424,-0.17372561991214752,0.0,-0.34346845746040344,0.0019025304354727268,0.018345359712839127,0.0,0.0,0.0,0.0,0.23611409962177277,0.017516180872917175,2307,3,time,0.0,0.060263101011514664,-2.746880054473877,-2.541761875152588,2061
-0.10430776327848434,0.0,0.11143351346254349,0.08174411952495575,0.03824480250477791,-0.0265843216329813,-0.10842428356409073,0.0,-0.19808755815029144,-0.0022862530313432217,0.018345359712839127,0.0,0.0,0.0,0.0,-0.287393718957901,-0.009298255667090416,2308,3,time,0.0,0.04616028442978859,-3.0283758640289307,-2.541761875152588,2061
-0.10430776327848434,0.0,0.11308716982603073,0.09697642922401428,-0.26536667346954346,-0.035620275884866714,0.02707010507583618,0.0,-0.22794897854328156,-0.0022862530313432217,0.01272656861692667,0.0,0.0,0.0,0.0,-0.4006006121635437,-0.015726489946246147,2309,3,time,0.0,0.03410017490386963,-3.3437576293945312,-2.541761875152588,2061
-0.10430776327848434,0.0,0.11308716982603073,0.07985416799783707,-0.27423757314682007,-0.035620275884866714,0.02707010507583618,0.0,-0.22794897854328156,-0.0022862530313432217,0.01272656861692667,0.0,0.0,0.0,0.0,-0.4006006121635437,-0.015726489946246147,2310,3,time,0.0,0.03325432166457176,-3.369750738143921,-2.541761875152588,2061
-0.10430776327848434,0.0,0.11308716982603073,0.09061533957719803,-0.09107155352830887,-0.035620275884866714,0.09940404444932938,0.0,-0.19808755815029144,-0.0022862530313432217,0.015309447422623634,0.0,0.0,0.0,0.0,-0.3515409827232361,-0.015726489946246147,2311,3,time,0.0,0.046442434191703796,-3.021986246109009,-2.541761875152588,2061
0.1298181265592575,0.0,0.12242194265127182,0.046640634536743164,-0.27423757314682007,-0.028997255489230156,0.02707010507583618,0.0,-0.22794897854328156,-0.007418614812195301,0.01272656861692667,0.0,0.0,0.0,0.0,-0.3944314420223236,-0.015726489946246147,2312,3,time,0.0,0.04101867973804474,-3.151844024658203,-2.541761875152588,2061
0.1298181265592575,0.0,0.12055807560682297,0.1016644760966301,0.07365790754556656,-0.022806404158473015,-0.11328079551458359,0.0,-0.2123747318983078,-0.007418614812195301,0.018345359712839127,0.0,0.0,0.0,0.0,-0.31663772463798523,-0.009298255667090416,2313,3,time,0.0,0.05844017118215561,-2.779534339904785,-2.541761875152588,2061
0.1298181265592575,0.0,0.12242194265127182,0.05740180239081383,-0.09107155352830887,-0.028997255489230156,0.10603953897953033,0.0,-0.204723060131073,-0.007418614812195301,0.015309447422623634,0.0,0.0,0.0,0.0,-0.34537187218666077,-0.015726489946246147,2314,3,time,0.0,0.05710412561893463,-2.804079532623291,-2.541761875152588,2061
0.1298181265592575,0.0,0.12242194265127182,0.05740180239081383,-0.09107155352830887,-0.028997255489230156,0.10603953897953033,0.0,-0.204723060131073,-0.007418614812195301,0.015309447422623634,0.0,0.0,0.0,0.0,-0.34537187218666077,-0.015726489946246147,2315,3,time,0.0,0.05710412561893463,-2.804079532623291,-2.541761875152588,2061
0.14244350790977478,0.0,0.08920034021139145,-0.021159125491976738,-0.2289716601371765,-0.03996174409985542,0.08788551390171051,0.0,0.3285478949546814,-0.007418614812195301,0.015309447422623634,0.0,0.0,0.0,0.0,0.3651231825351715,0.011087946593761444,2316,3,time,0.0,0.14189068973064423,-1.7996745109558105,-2.541761875152588,2061
0.14765803515911102,0.0,0.0873364731669426,0.04012034088373184,-0.010486207902431488,-0.022806404158473015,-0.17372561991214752,0.0,-0.34346845746040344,0.0061734807677567005,0.018345359712839127,0.0,0.0,0.0,0.0,0.24692967534065247,0.017516180872917175,2317,3,time,0.0,0.07390690594911575,-2.5281684398651123,-2.541761875152588,2061
0.1298181265592575,0.0,0.12242194265127182,0.05740180239081383,0.05980771407485008,-0.019961301237344742,0.1406428962945938,0.0,-0.19808755815029144,-0.007418614812195301,0.018345359712839127,0.0,0.0,0.0,0.0,-0.3166893422603607,-0.009298255667090416,2318,3,time,0.0,0.07143986970186234,-2.564779043197632,-2.541761875152588,2061
0.10637711733579636,0.0,-0.40980660915374756,0.045360010117292404,-0.19581419229507446,-0.028997255489230156,-0.0680369958281517,0.0,-0.19808755815029144,-0.007418614812195301,0.010272727347910404,0.0,0.0,0.0,0.0,-0.35176920890808105,-0.055348753929138184,2319,3,time,0.0,0.024244312196969986,-3.6950302124023438,-2.541761875152588,2061
0.1298181265592575,0.0,0.12242194265127182,0.06376288831233978,-0.26536667346954346,-0.028997255489230156,0.02707010507583618,0.0,-0.22794897854328156,-0.007418614812195301,0.01272656861692667,0.0,0.0,0.0,0.0,-0.3944314420223236,-0.015726489946246147,2320,3,time,0.0,0.04205343499779701,-3.1258509159088135,-2.541761875152588,2061
0.132722407579422,0.0,0.0791395977139473,-0.3072020709514618,-0.26226145029067993,0.027559403330087662,0.02127159759402275,0.0,-0.3590427041053772,0.0061734807677567005,0.01272656861692667,0.0,0.0,0.0,0.0,0.35163676738739014,0.009428204968571663,2321,3,time,0.0,0.05574494227766991,-2.8296096324920654,-2.541761875152588,2061
0.1298181265592575,0.0,0.12242194265127182,0.05764400586485863,-0.26536667346954346,-0.022878369316458702,0.02707010507583618,0.0,-0.22794897854328156,-0.007418614812195301,0.01272656861692667,0.0,0.0,0.0,0.0,-0.3944314420223236,-0.015726489946246147,2322,3,time,0.0,0.04205343499779701,-3.1258509159088135,-2.541761875152588,2061
0.14765803515911102,0.0,0.08920034021139145,-0.016728563234210014,-0.1730654239654541,-0.03996174409985542,0.12274858355522156,0.0,0.3137209117412567,0.0061734807677567005,0.015309447422623634,0.0,0.0,0.0,0.0,0.3277440667152405,0.011087946593761444,2323,3,time,0.0,0.1495831459760666,-1.7378742694854736,-2.541761875152588,2061
0.1298181265592575,0.0,0.12242194265127182,0.0529712438583374,-0.2519436776638031,-0.028997255489230156,0.02707010507583618,0.0,-0.22794897854328156,-0.007418614812195301,0.015309447422623634,0.0,0.0,0.0,0.0,-0.3944314420223236,-0.015726489946246147,2324,3,time,0.0,0.04226399213075638,-3.1206367015838623,-2.541761875152588,2061
0.11488249152898788,0.0,0.11236120015382767,-0.3692511022090912,-0.2485550343990326,0.11764149367809296,0.009167141281068325,0.0,-0.2622964680194855,-0.007418614812195301,0.01272656861692667,0.0,0.0,0.0,0.0,-0.4645374119281769,-0.01738623157143593,2325,3,time,0.0,0.028074227273464203,-3.5444273948669434,-2.541761875152588,2061
0.1298181265592575,0.0,0.12242194265127182,0.05740180239081383,-0.09107155352830887,-0.028997255489230156,0.10603953897953033,0.0,-0.204723060131073,-0.007418614812195301,0.015309447422623634,0.0,0.0,0.0,0.0,-0.34537187218666077,-0.015726489946246147,2326,3,time,0.0,0.05710412561893463,-2.804079532623291,-2.541761875152588,2061
0.09262771159410477,0.0,0.08191390335559845,0.0525987446308136,0.013736974447965622,-0.03377089276909828,-0.21888424456119537,0.0,0.37788334488868713,0.0061734807677567005,0.018345359712839127,0.0,0.0,0.0,0.0,0.6382973194122314,0.029902750626206398,2327,3,time,0.0,0.18498417735099792,-1.482937216758728,-2.541761875152588,2061
0.11488249152898788,0.0,0.11236120015382767,-0.3759170472621918,-0.23925772309303284,0.11764149367809296,0.009167141281068325,0.0,-0.2622964680194855,-0.007418614812195301,0.015309447422623634,0.0,0.0,0.0,0.0,-0.4645374119281769,-0.01738623157143593,2328,3,time,0.0,0.028216853737831116,-3.539213180541992,-2.541761875152588,2061
0.1298181265592575,0.0,0.11786842346191406,0.0383918397128582,-0.22499659657478333,-0.03384285792708397,0.05633622407913208,0.0,0.24301426112651825,-0.007418614812195301,0.015309447422623634,0.0,0.0,0.0,0.0,-0.5387869477272034,-0.015726489946246147,2329,3,time,0.0,0.059423983097076416,-2.7617945671081543,-2.541761875152588,2061
0.09262771159410477,0.0,0.0837777704000473,-0.016728563234210014,-0.21074530482292175,-0.03996174409985542,0.12964633107185364,0.0,0.3739036023616791,0.0061734807677567005,0.015309447422623634,0.0,0.0,0.0,0.0,0.7250291109085083,0.048550426959991455,2330,3,time,0.0,0.20846892893314362,-1.334179162979126,-2.541761875152588,2061
0.14765803515911102,0.0,0.08388780057430267,0.010377475991845131,-0.010486207902431488,-0.022806404158473015,-0.17372561991214752,0.0,-0.3315771818161011,0.0061734807677567005,0.018345359712839127,0.0,0.0,0.0,0.0,0.2406928688287735,0.017516180872917175,2331,3,time,0.0,0.07204411178827286,-2.5557055473327637,-2.541761875152588,2061
0.1298181265592575,0.0,0.12242194265127182,0.05740180239081383,-0.0877624899148941,-0.028997255489230156,0.08291038870811462,0.0,-0.19808755815029144,-0.007418614812195301,0.015309447422623634,0.0,0.0,0.0,0.0,-0.3321872651576996,-0.015726489946246147,2332,3,time,0.0,0.05710412561893463,-2.804079532623291,-2.541761875152588,2061
0.1298181265592575,0.0,0.12242194265127182,0.0529712438583374,-0.2519436776638031,-0.028997255489230156,0.02707010507583618,0.0,-0.22794897854328156,-0.007418614812195301,0.015309447422623634,0.0,0.0,0.0,0.0,-0.3944314420223236,-0.015726489946246147,2333,3,time,1.0,0.04226399213075638,-3.1206367015838623,-2.541761875152588,2061
0.0813460648059845,0.0,0.0792412981390953,-0.011599065735936165,-0.23845690488815308,-0.028997255489230156,0.0655171349644661,0.0,-0.4312843680381775,-0.007418614812195301,-0.0676373764872551,0.0,0.0,0.0,0.0,0.450814813375473,0.031673774123191833,2334,3,time,0.0,0.06795332580804825,-2.6185617446899414,-2.541761875152588,2061
0.14765803515911102,0.0,0.0873364731669426,0.0525987446308136,0.020586568862199783,-0.03377089276909828,-0.20199908316135406,0.0,0.31770065426826477,0.0061734807677567005,0.018345359712839127,0.0,0.0,0.0,0.0,0.3207014501094818,0.017516180872917175,2335,3,time,0.0,0.14320586621761322,-1.788914442062378,-2.541761875152588,2061
0.1298181265592575,0.0,0.12076828628778458,0.048530589789152145,0.03824480250477791,-0.019961301237344742,-0.10842428356409073,0.0,-0.19808755815029144,-0.007418614812195301,0.018345359712839127,0.0,0.0,0.0,0.0,-0.28122463822364807,-0.009298255667090416,2336,3,time,0.0,0.056761059910058975,-2.810469150543213,-2.541761875152588,2061
0.1298181265592575,0.0,0.12242194265127182,0.05740180239081383,-0.09107155352830887,-0.028997255489230156,0.09940404444932938,0.0,-0.19808755815029144,-0.007418614812195301,0.015309447422623634,0.0,0.0,0.0,0.0,-0.34537187218666077,-0.015726489946246147,2337,3,time,0.0,0.05710412561893463,-2.804079532623291,-2.541761875152588,2061
0.1298181265592575,0.0,0.11786842346191406,0.034054432064294815,-0.2431647926568985,-0.03996174409985542,0.05633622407913208,0.0,0.24301426112651825,-0.007418614812195301,0.01272656861692667,0.0,0.0,0.0,0.0,-0.5387869477272034,-0.015726489946246147,2338,3,time,0.0,0.05770351365208626,-2.793001890182495,-2.541761875152588,2061
0.1298181265592575,0.0,0.12076828628778458,0.048530589789152145,0.03824480250477791,-0.019961301237344742,-0.10842428356409073,0.0,-0.19808755815029144,-0.007418614812195301,0.018345359712839127,0.0,0.0,0.0,0.0,-0.28122463822364807,-0.009298255667090416,2339,3,time,0.0,0.056761059910058975,-2.810469150543213,-2.541761875152588,2061
0.11488249152898788,0.0,0.10780768096446991,-0.38183730840682983,-0.21748225390911102,0.17220741510391235,0.0384332649409771,0.0,0.27419716119766235,-0.007418614812195301,0.01272656861692667,0.0,0.0,0.0,0.0,-0.6088929176330566,-0.01738623157143593,2340,3,time,0.0,0.04502253234386444,-3.0545246601104736,-2.541761875152588,2061
0.14765803515911102,0.0,0.0873364731669426,0.0525987446308136,0.06471353769302368,-0.03377089276909828,-0.20199908316135406,0.0,0.31770065426826477,0.0061734807677567005,0.018345359712839127,0.0,0.0,0.0,0.0,0.33753350377082825,0.017516180872917175,2341,3,time,0.0,0.15084926784038544,-1.7279555797576904,-2.541761875152588,2061
0.10637711733579636,0.0,-0.40980660915374756,0.045360010117292404,-0.03494206443428993,-0.028997255489230156,-0.0680369958281517,0.0,-0.19808755815029144,-0.007418614812195301,0.010272727347910404,0.0,0.0,0.0,0.0,-0.30270957946777344,-0.055348753929138184,2342,3,time,0.0,0.029739199206233025,-3.4850988388061523,-2.541761875152588,2061
0.10637711733579636,0.0,-0.40980660915374756,0.045360010117292404,-0.19581419229507446,-0.028997255489230156,-0.0680369958281517,0.0,-0.19808755815029144,-0.007418614812195301,0.010272727347910404,0.0,0.0,0.0,0.0,-0.35176920890808105,-0.055348753929138184,2343,3,time,0.0,0.024244312196969986,-3.6950302124023438,-2.541761875152588,2061
0.11488249152898788,0.0,0.11236120015382767,-0.3692511022090912,-0.2485550343990326,0.11764149367809296,0.009167141281068325,0.0,-0.2622964680194855,-0.007418614812195301,0.01272656861692667,0.0,0.0,0.0,0.0,-0.4645374119281769,-0.01738623157143593,2344,3,time,0.0,0.028074227273464203,-3.5444273948669434,-2.541761875152588,2061
0.132722407579422,0.0,0.0791395977139473,-0.3091999590396881,-0.2255830019712448,0.17220741510391235,0.05053771659731865,0.0,0.36578434705734253,0.0061734807677567005,0.01272656861692667,0.0,0.0,0.0,0.0,0.44365864992141724,0.009428204968571663,2345,3,time,0.0,0.14134468138217926,-1.8041660785675049,-2.541761875152588,2061
0.11488249152898788,0.0,0.11236120015382767,-0.3692511022090912,-0.2485550343990326,0.11764149367809296,-0.010277703404426575,0.0,-0.2622964680194855,-0.007418614812195301,0.01272656861692667,0.0,0.0,0.0,0.0,-0.4686046540737152,-0.01738623157143593,2346,3,time,0.0,0.027439743280410767,-3.567939519882202,-2.541761875152588,2061
0.1298181265592575,0.0,0.12076828628778458,0.048530589789152145,0.03824480250477791,-0.019961301237344742,-0.10842428356409073,0.0,-0.19808755815029144,-0.007418614812195301,0.018345359712839127,0.0,0.0,0.0,0.0,-0.28122463822364807,-0.009298255667090416,2347,3,time,0.0,0.056761059910058975,-2.810469150543213,-2.541761875152588,2061
0.14765803515911102,0.0,0.08920034021139145,-0.016728563234210014,-0.1730654239654541,-0.03996174409985542,0.12274858355522156,0.0,0.3137209117412567,0.0061734807677567005,0.015309447422623634,0.0,0.0,0.0,0.0,0.3277440667152405,0.011087946593761444,2348,3,time,0.0,0.1495831459760666,-1.7378742694854736,-2.541761875152588,2061
0.11488249152898788,0.0,0.11236120015382767,-0.3692511022090912,-0.2485550343990326,0.11764149367809296,-0.010277703404426575,0.0,-0.2622964680194855,-0.007418614812195301,0.01272656861692667,0.0,0.0,0.0,0.0,-0.4686046540737152,-0.01738623157143593,2349,3,time,0.0,0.027439743280410767,-3.567939519882202,-2.541761875152588,2061
0.1298181265592575,0.0,0.11786842346191406,0.013458648696541786,-0.2192537933588028,-0.03996174409985542,0.0676010251045227,0.0,0.31937727332115173,-0.007418614812195301,0.01272656861692667,0.0,0.0,0.0,0.0,0.10746732354164124,-0.015726489946246147,2350,3,time,0.0,0.11346715688705444,-2.05580472946167,-2.541761875152588,2061
0.11488249152898788,0.0,0.11236120015382767,-0.3692511022090912,-0.2485550343990326,0.11764149367809296,0.009167141281068325,0.0,-0.2622964680194855,-0.007418614812195301,0.01272656861692667,0.0,0.0,0.0,0.0,-0.4645374119281769,-0.01738623157143593,2351,3,time,0.0,0.028074227273464203,-3.5444273948669434,-2.541761875152588,2061
0.1298181265592575,0.0,0.12242194265127182,0.046640634536743164,-0.27423757314682007,-0.028997255489230156,0.02707010507583618,0.0,-0.22794897854328156,-0.007418614812195301,0.01272656861692667,0.0,0.0,0.0,0.0,-0.3944314420223236,-0.015726489946246147,2352,3,time,0.0,0.04101867973804474,-3.151844024658203,-2.541761875152588,2061
0.14765803515911102,0.0,0.08920034021139145,-0.016728563234210014,-0.15706700086593628,-0.03996174409985542,0.066465362906456,0.0,0.3069232404232025,0.0061734807677567005,0.015309447422623634,0.0,0.0,0.0,0.0,0.32120776176452637,0.048550426959991455,2353,3,time,0.0,0.14753954112529755,-1.7540305852890015,-2.541761875152588,2061
0.14244350790977478,0.0,0.08920034021139145,-0.016728563234210014,-0.2289716601371765,-0.03996174409985542,0.12274858355522156,0.0,0.30766740441322327,-0.007418614812195301,0.015309447422623634,0.0,0.0,0.0,0.0,0.3651231825351715,0.011087946593761444,2354,3,time,0.0,0.14414744079113007,-1.7812614440917969,-2.541761875152588,2061
0.11488249152898788,0.0,0.11236120015382767,-0.3071582019329071,-0.2485550343990326,0.11764149367809296,0.009167141281068325,0.0,-0.2622964680194855,-0.007418614812195301,0.01272656861692667,0.0,0.0,0.0,0.0,-0.438944548368454,-0.01738623157143593,2355,3,time,0.0,0.030568446964025497,-3.4567415714263916,-2.541761875152588,2061
0.14765803515911102,0.0,0.0873364731669426,0.0525987446308136,-0.04374905675649643,-0.03377089276909828,-0.20199908316135406,0.0,0.3116471469402313,0.0061734807677567005,0.018345359712839127,0.0,0.0,0.0,0.0,0.28137001395225525,0.017516180872917175,2356,3,time,0.0,0.130263090133667,-1.8986345529556274,-2.541761875152588,2061
0.14765803515911102,0.0,0.08920034021139145,-0.004142353311181068,-0.2600443959236145,-0.028997255489230156,0.13758884370326996,0.0,-0.33581677079200745,0.0061734807677567005,0.015309447422623634,0.0,0.0,0.0,0.0,0.30987846851348877,0.011087946593761444,2357,3,time,0.0,0.07915633171796799,-2.4538655281066895,-2.541761875152588,2061
0.10637711733579636,0.0,-0.37977373600006104,-0.37432971596717834,-0.25203147530555725,-0.052874691784381866,0.08518955111503601,0.0,-0.204723060131073,-0.007418614812195301,0.0076898494735360146,0.0,0.0,0.0,0.0,-0.48602235317230225,-0.057008493691682816,2358,3,time,0.0,0.015417913906276226,-4.156687259674072,-2.541761875152588,2061
0.11488249152898788,0.0,0.12242194265127182,0.040048640221357346,-0.23925772309303284,0.08276990801095963,0.02707010507583618,0.0,-0.2622964680194855,-0.007418614812195301,0.015309447422623634,0.0,0.0,0.0,0.0,-0.3944314420223236,-0.015726489946246147,2359,3,time,0.0,0.04485666751861572,-3.058389186859131,-2.541761875152588,2061
-0.10430776327848434,0.0,0.11308716982603073,0.07985416799783707,-0.27423757314682007,-0.035620275884866714,0.02707010507583618,0.0,-0.22794897854328156,-0.0022862530313432217,0.01272656861692667,0.0,0.0,0.0,0.0,-0.4006006121635437,-0.015726489946246147,2360,3,time,0.0,0.03325432166457176,-3.369750738143921,-2.541761875152588,2061
-0.11734969168901443,0.0,0.07986557483673096,0.02464061789214611,-0.24735504388809204,-0.035620275884866714,0.05861940607428551,0.0,-0.3590427041053772,0.0019025304354727268,0.015309447422623634,0.0,0.0,0.0,0.0,0.28223082423210144,0.048550426959991455,2361,3,time,0.0,0.0578664131462574,-2.7900099754333496,-2.541761875152588,2061
-0.10430776327848434,0.0,0.10853365063667297,0.07802913337945938,-0.056689709424972534,-0.04658476635813713,0.054636966437101364,0.0,0.21533609926700592,-0.0022862530313432217,0.015309447422623634,0.0,0.0,0.0,0.0,-0.48271188139915466,-0.015726489946246147,2362,3,time,0.0,0.058512359857559204,-2.7782232761383057,-2.541761875152588,2061
-0.11316091567277908,0.0,0.07986557483673096,0.005723798647522926,-0.2512655556201935,-0.04658476635813713,0.08788551390171051,0.0,0.3285478949546814,-0.0022862530313432217,0.01272656861692667,0.0,0.0,0.0,0.0,0.33747556805610657,0.011087946593761444,2363,3,time,0.0,0.10990164428949356,-2.0917460918426514,-2.541761875152588,2061
-0.09212084114551544,0.0,0.10302641987800598,-0.3360375761985779,-0.2485550343990326,0.13814102113246918,0.009167141281068325,0.0,-0.2622964680194855,-0.0022862530313432217,0.01272656861692667,0.0,0.0,0.0,0.0,-0.4707065224647522,-0.01738623157143593,2364,3,time,0.0,0.023937296122312546,-3.7080891132354736,-2.541761875152588,2061
-0.11734969168901443,0.0,0.07444300502538681,0.02464061789214611,-0.24181807041168213,-0.035620275884866714,0.0655171349644661,0.0,-0.4312843680381775,0.0019025304354727268,0.015309447422623634,0.0,0.0,0.0,0.0,0.4361547827720642,0.048550426959991455,2365,3,time,0.0,0.062895767390728,-2.7013156414031982,-2.541761875152588,2061
-0.10430776327848434,0.0,0.10137276351451874,-0.34232670068740845,0.06953222304582596,-0.05658065155148506,-0.07369020581245422,0.0,-0.19808755815029144,-0.0022862530313432217,0.018345359712839127,0.0,0.0,0.0,0.0,-0.3929128646850586,-0.010957997292280197,2366,3,time,0.0,0.028369488194584846,-3.533661365509033,-2.541761875152588,2061
-0.09212084114551544,0.0,0.10302641987800598,-0.3360375761985779,-0.2485550343990326,0.13814102113246918,0.009167141281068325,0.0,-0.2622964680194855,-0.0022862530313432217,0.01272656861692667,0.0,0.0,0.0,0.0,-0.4707065224647522,-0.01738623157143593,2367,3,time,0.0,0.023937296122312546,-3.7080891132354736,-2.541761875152588,2061
-0.09212084114551544,0.0,0.10302641987800598,-0.3360375761985779,-0.2485550343990326,0.13814102113246918,-0.010277703404426575,0.0,-0.2622964680194855,-0.0022862530313432217,0.01272656861692667,0.0,0.0,0.0,0.0,-0.4747737646102905,-0.01738623157143593,2368,3,time,0.0,0.023394057527184486,-3.7316012382507324,-2.541761875152588,2061
-0.10516276955604553,0.0,0.06980482488870621,-0.29223859310150146,-0.26226145029067993,0.048058949410915375,0.02127159759402275,0.0,-0.3528059124946594,0.0019025304354727268,0.01272656861692667,0.0,0.0,0.0,0.0,0.336002379655838,0.009428204968571663,2369,3,time,0.0,0.0450005903840065,-3.05503511428833,-2.541761875152588,2061
-0.09212084114551544,0.0,0.10302641987800598,-0.3360375761985779,-0.2485550343990326,0.13814102113246918,-0.010277703404426575,0.0,-0.2622964680194855,-0.0022862530313432217,0.01272656861692667,0.0,0.0,0.0,0.0,-0.4747737646102905,-0.01738623157143593,2370,3,time,0.0,0.023394057527184486,-3.7316012382507324,-2.541761875152588,2061
-0.11316091567277908,0.0,0.07986557483673096,0.005723798647522926,-0.2512655556201935,-0.04658476635813713,0.08788551390171051,0.0,0.3285478949546814,-0.0022862530313432217,0.01272656861692667,0.0,0.0,0.0,0.0,0.33747556805610657,0.011087946593761444,2371,3,time,0.0,0.10990164428949356,-2.0917460918426514,-2.541761875152588,2061
-0.11316091567277908,0.0,0.07455303519964218,0.04525933414697647,-0.04374905675649643,-0.04039390757679939,-0.20199908316135406,0.0,0.30649152398109436,-0.0022862530313432217,0.018345359712839127,0.0,0.0,0.0,0.0,0.2537223994731903,0.017516180872917175,2372,3,time,0.0,0.09731126576662064,-2.2274630069732666,-2.541761875152588,2061
-0.09212084114551544,0.0,0.11308716982603073,0.08559980243444443,-0.09519723802804947,0.015579136088490486,0.09940404444932938,0.0,-0.19808755815029144,-0.0022862530313432217,0.015309447422623634,0.0,0.0,0.0,0.0,-0.3515409827232361,-0.015726489946246147,2373,3,time,0.0,0.048904675990343094,-2.9677412509918213,-2.541761875152588,2061
-0.06290629506111145,0.0,0.07444300502538681,0.02707798033952713,-0.24594376981258392,0.012556800618767738,0.14448659121990204,0.0,-0.40805843472480774,0.0019025304354727268,0.015309447422623634,0.0,0.0,0.0,0.0,0.5884718298912048,0.048550426959991455,2374,3,time,0.0,0.08739450573921204,-2.3458712100982666,-2.541761875152588,2061
-0.11316091567277908,0.0,0.0780017077922821,0.0858122780919075,0.06471353769302368,-0.04039390757679939,-0.20199908316135406,0.0,0.3116471469402313,-0.0022862530313432217,0.018345359712839127,0.0,0.0,0.0,0.0,0.29135873913764954,0.017516180872917175,2375,3,time,0.0,0.11586267501115799,-2.0322067737579346,-2.541761875152588,2061
-0.10430776327848434,0.0,0.10687999427318573,0.0691579207777977,0.09108322113752365,-0.03754881024360657,-0.13669772446155548,0.0,0.21533609926700592,-0.0022862530313432217,0.018345359712839127,0.0,0.0,0.0,0.0,-0.4535149037837982,-0.009298255667090416,2376,3,time,0.0,0.05816135182976723,-2.7846128940582275,-2.541761875152588,2061
-0.10430776327848434,0.0,0.11308716982603073,0.09085753560066223,-0.26536667346954346,-0.02950138784945011,0.02707010507583618,0.0,-0.22794897854328156,-0.0022862530313432217,0.01272656861692667,0.0,0.0,0.0,0.0,-0.4006006121635437,-0.015726489946246147,2377,3,time,0.0,0.03410017490386963,-3.3437576293945312,-2.541761875152588,2061
-0.11734969168901443,0.0,0.07278934866189957,0.0201999694108963,0.02679116651415825,-0.0265843216329813,-0.18575428426265717,0.0,-0.4014229476451874,0.0019025304354727268,0.018345359712839127,0.0,0.0,0.0,0.0,0.36625516414642334,0.029902750626206398,2378,3,time,0.0,0.060842983424663544,-2.7366862297058105,-2.541761875152588,2061
-0.11734969168901443,0.0,0.07821191847324371,0.0201999694108963,-0.074821837246418,-0.0265843216329813,-0.16886912286281586,0.0,-0.3229444921016693,0.0019025304354727268,0.018345359712839127,0.0,0.0,0.0,0.0,0.19224092364311218,0.017516180872917175,2379,3,time,0.0,0.05098400637507439,-2.9239137172698975,-2.541761875152588,2061
-0.11316091567277908,0.0,0.07821191847324371,0.007613761350512505,0.020586568862199783,-0.03754881024360657,-0.1971425563097,0.0,0.3008696734905243,-0.0022862530313432217,0.018345359712839127,0.0,0.0,0.0,0.0,0.2745266854763031,0.017516180872917175,2380,3,time,0.0,0.1020885780453682,-2.1742305755615234,-2.541761875152588,2061
-0.10430776327848434,0.0,0.11308716982603073,0.09061533957719803,-0.2519436776638031,-0.035620275884866714,0.10603953897953033,0.0,-0.204723060131073,-0.0022862530313432217,0.015309447422623634,0.0,0.0,0.0,0.0,-0.4006006121635437,-0.015726489946246147,2381,3,time,0.0,0.037982117384672165,-3.2319176197052,-2.541761875152588,2061
-0.11734969168901443,0.0,0.07986557483673096,0.029071180149912834,-0.18024301528930664,-0.035620275884866714,0.016236092895269394,0.0,-0.3291812837123871,0.0019025304354727268,0.015309447422623634,0.0,0.0,0.0,0.0,0.19220447540283203,0.048550426959991455,2382,3,time,0.0,0.056199029088020325,-2.8210158348083496,-2.541761875152588,2061
-0.10430776327848434,0.0,0.10687999427318573,0.0691579207777977,0.09108322113752365,-0.03754881024360657,-0.13669772446155548,0.0,0.21533609926700592,-0.0022862530313432217,0.018345359712839127,0.0,0.0,0.0,0.0,-0.4535149037837982,-0.009298255667090416,2383,3,time,0.0,0.05816135182976723,-2.7846128940582275,-2.541761875152588,2061
-0.10430776327848434,0.0,0.11143351346254349,0.08174411952495575,0.03824480250477791,-0.0265843216329813,-0.10842428356409073,0.0,-0.19808755815029144,-0.0022862530313432217,0.018345359712839127,0.0,0.0,0.0,0.0,-0.287393718957901,-0.009298255667090416,2384,3,time,0.0,0.04616028442978859,-3.0283758640289307,-2.541761875152588,2061
-0.10430776327848434,0.0,0.11308716982603073,0.0903104618191719,0.07413862645626068,-0.0265843216329813,0.053943876177072525,0.0,-0.22794897854328156,-0.0022862530313432217,0.018345359712839127,0.0,0.0,0.0,0.0,-0.3733065724372864,-0.009298255667090416,2385,3,time,0.0,0.050418268889188766,-2.9356679916381836,-2.541761875152588,2061
-0.10430776327848434,0.0,0.10853365063667297,0.07802913337945938,-0.22087091207504272,-0.04658476635813713,0.09119927883148193,0.0,0.2221338003873825,-0.0022862530313432217,0.015309447422623634,0.0,0.0,0.0,0.0,-0.5449562072753906,-0.015726489946246147,2386,3,time,0.0,0.04920570179820061,-2.9612882137298584,-2.541761875152588,2061
-0.10430776327848434,0.0,0.11308716982603073,0.09061533957719803,-0.09107155352830887,-0.035620275884866714,0.08621945977210999,0.0,-0.19808755815029144,-0.0022862530313432217,0.015309447422623634,0.0,0.0,0.0,0.0,-0.3383563756942749,-0.015726489946246147,2387,3,time,0.0,0.046442434191703796,-3.021986246109009,-2.541761875152588,2061
-0.10430776327848434,0.0,0.11308716982603073,0.09061533957719803,-0.2519436776638031,-0.035620275884866714,0.10603953897953033,0.0,-0.204723060131073,-0.0022862530313432217,0.015309447422623634,0.0,0.0,0.0,0.0,-0.4006006121635437,-0.015726489946246147,2388,3,time,0.0,0.037982117384672165,-3.2319176197052,-2.541761875152588,2061
-0.10430776327848434,0.0,0.11308716982603073,0.09061533957719803,-0.2519436776638031,-0.035620275884866714,0.10603953897953033,0.0,-0.204723060131073,-0.0022862530313432217,0.015309447422623634,0.0,0.0,0.0,0.0,-0.4006006121635437,-0.015726489946246147,2389,3,time,0.0,0.037982117384672165,-3.2319176197052,-2.541761875152588,2061
-0.11734969168901443,0.0,0.07821191847324371,0.0201999694108963,-0.010486207902431488,-0.0265843216329813,-0.16886912286281586,0.0,-0.3229444921016693,0.0019025304354727268,0.018345359712839127,0.0,0.0,0.0,0.0,0.21304523944854736,0.017516180872917175,2390,3,time,0.0,0.05526452884078026,-2.838773727416992,-2.541761875152588,2061
-0.10430776327848434,0.0,0.11308716982603073,0.08862213045358658,-0.2560693621635437,-0.02950138784945011,0.10603953897953033,0.0,-0.204723060131073,-0.0022862530313432217,0.015309447422623634,0.0,0.0,0.0,0.0,-0.4006006121635437,-0.015726489946246147,2391,3,time,0.0,0.037982117384672165,-3.2319176197052,-2.541761875152588,2061
-0.0839521512389183,0.0,-0.3378056287765503,-0.2912314534187317,-0.20923718810081482,-0.06561659276485443,-0.033302903175354004,0.0,-0.19808755815029144,-0.0022862530313432217,0.0076898494735360146,0.0,0.0,0.0,0.0,-0.42804428935050964,-0.057008493691682816,2392,3,time,0.0,0.014193948358297348,-4.2406439781188965,-2.541761875152588,2061
-0.09699409455060959,0.0,-0.26458993554115295,0.036692243069410324,-0.2568231523036957,-0.035620275884866714,0.0917917788028717,0.0,-0.3291812837123871,0.0019025304354727268,0.0076898494735360146,0.0,0.0,0.0,0.0,0.291080117225647,0.08607785403728485,2393,3,time,0.0,0.04698800668120384,-3.009735107421875,-2.541761875152588,2061
-0.05473762005567551,0.0,-0.20824240148067474,-0.22526004910469055,-0.13390809297561646,-0.06561659276485443,-0.11063293367624283,0.0,-0.4014229476451874,0.0019025304354727268,0.010272727347910404,0.0,0.0,0.0,0.0,0.5771216750144958,0.12188059836626053,2394,3,time,0.0,0.04607108607888222,-3.0304036140441895,-2.541761875152588,2061
-0.10430776327848434,0.0,0.11308716982603073,0.09061533957719803,-0.09107155352830887,-0.035620275884866714,0.10603953897953033,0.0,-0.204723060131073,-0.0022862530313432217,0.015309447422623634,0.0,0.0,0.0,0.0,-0.3515409827232361,-0.015726489946246147,2395,3,time,1.0,0.046442434191703796,-3.021986246109009,-2.541761875152588,2061
-0.05003272742033005,0.0,-0.2457815557718277,0.014003225602209568,0.040126364678144455,-0.0265843216329813,-0.17954136431217194,0.0,-0.4014229476451874,0.0019025304354727268,0.013308637775480747,0.0,0.0,0.0,0.0,0.4934364855289459,0.08801600337028503,2396,3,time,0.0,0.05763132497668266,-2.794330358505249,-2.541761875152588,2061
-0.0839521512389183,0.0,-0.37534475326538086,0.08269921690225601,-0.19993987679481506,-0.035620275884866714,-0.0680369958281517,0.0,-0.19808755815029144,-0.0022862530313432217,0.010272727347910404,0.0,0.0,0.0,0.0,-0.35793831944465637,-0.055348753929138184,2397,3,time,0.0,0.02134537696838379,-3.825343608856201,-2.541761875152588,2061
-0.0839521512389183,0.0,-0.34531188011169434,-0.3349973261356354,-0.2450508028268814,-0.06561659276485443,0.08924750238656998,0.0,-0.19808755815029144,-0.0022862530313432217,0.0076898494735360146,0.0,0.0,0.0,0.0,-0.4635089635848999,-0.057008493691682816,2398,3,time,0.0,0.014193948358297348,-4.2406439781188965,-2.541761875152588,2061
-0.10430776327848434,0.0,0.11308716982603073,0.09061533957719803,-0.2519436776638031,-0.035620275884866714,0.10603953897953033,0.0,-0.204723060131073,-0.0022862530313432217,0.015309447422623634,0.0,0.0,0.0,0.0,-0.4006006121635437,-0.015726489946246147,2399,3,time,0.0,0.037982117384672165,-3.2319176197052,-2.541761875152588,2061
0.14765803515911102,0.0,0.08920034021139145,-0.004447229206562042,-0.2641700804233551,-0.028997255489230156,0.05861940607428551,0.0,-0.3528059124946594,0.0061734807677567005,0.015309447422623634,0.0,0.0,0.0,0.0,0.303641676902771,0.011087946593761444,2400,3,time,0.0,0.07172482460737228,-2.5604913234710693,-2.541761875152588,2061
0.1298181265592575,0.0,0.11786842346191406,0.04505780711770058,-0.23429390788078308,-0.03384285792708397,0.05633622407913208,0.0,0.24301426112651825,-0.007418614812195301,0.01272656861692667,0.0,0.0,0.0,0.0,-0.5387869477272034,-0.015726489946246147,2401,3,time,0.0,0.05913321673870087,-2.7670087814331055,-2.541761875152588,2061
0.14765803515911102,0.0,0.08920034021139145,-0.004142353311181068,-0.2600443959236145,-0.028997255489230156,0.13758884370326996,0.0,-0.3295799791812897,0.0061734807677567005,0.015309447422623634,0.0,0.0,0.0,0.0,0.303641676902771,0.011087946593761444,2402,3,time,0.0,0.07915633171796799,-2.4538655281066895,-2.541761875152588,2061
0.11488249152898788,0.0,0.11236120015382767,-0.3692511022090912,-0.2485550343990326,0.11764149367809296,0.009167141281068325,0.0,-0.2622964680194855,-0.007418614812195301,0.01272656861692667,0.0,0.0,0.0,0.0,-0.4645374119281769,-0.01738623157143593,2403,3,time,0.0,0.028074227273464203,-3.5444273948669434,-2.541761875152588,2061
0.1298181265592575,0.0,0.11786842346191406,0.04038504511117935,-0.22087091207504272,-0.03996174409985542,0.05633622407913208,0.0,0.24301426112651825,-0.007418614812195301,0.015309447422623634,0.0,0.0,0.0,0.0,-0.5387869477272034,-0.015726489946246147,2404,3,time,0.0,0.059423983097076416,-2.7617945671081543,-2.541761875152588,2061
0.1298181265592575,0.0,0.12242194265127182,0.05740180239081383,-0.0877624899148941,-0.028997255489230156,0.11376911401748657,0.0,-0.19808755815029144,-0.007418614812195301,0.015309447422623634,0.0,0.0,0.0,0.0,-0.3166893422603607,-0.015726489946246147,2405,3,time,0.0,0.05965195968747139,-2.757723093032837,-2.541761875152588,2061
0.14765803515911102,0.0,0.08920034021139145,-0.01490352675318718,-0.28233829140663147,-0.028997255489230156,0.05861940607428551,0.0,-0.3528059124946594,0.0061734807677567005,0.01272656861692667,0.0,0.0,0.0,0.0,0.303641676902771,0.011087946593761444,2406,3,time,0.0,0.06967459619045258,-2.59169864654541,-2.541761875152588,2061
0.10637711733579636,0.0,-0.37977373600006104,-0.3682108521461487,-0.25203147530555725,-0.05899357795715332,0.08518955111503601,0.0,-0.204723060131073,-0.007418614812195301,0.0076898494735360146,0.0,0.0,0.0,0.0,-0.48602235317230225,-0.057008493691682816,2407,3,time,0.0,0.015417913906276226,-4.156687259674072,-2.541761875152588,2061
0.10637711733579636,0.0,-0.37977373600006104,-0.372641384601593,-0.25203147530555725,-0.05899357795715332,0.006220108829438686,0.0,-0.22794897854328156,-0.007418614812195301,0.0076898494735360146,0.0,0.0,0.0,0.0,-0.48602235317230225,-0.057008493691682816,2408,3,time,0.0,0.013880223035812378,-4.263312816619873,-2.541761875152588,2061
0.1298181265592575,0.0,0.11786842346191406,0.034054432064294815,-0.2431647926568985,-0.03996174409985542,0.05633622407913208,0.0,0.24301426112651825,-0.007418614812195301,0.01272656861692667,0.0,0.0,0.0,0.0,-0.5387869477272034,-0.015726489946246147,2409,3,time,0.0,0.05770351365208626,-2.793001890182495,-2.541761875152588,2061
0.1298181265592575,0.0,0.11786842346191406,0.034054432064294815,-0.2431647926568985,-0.03996174409985542,0.05633622407913208,0.0,0.24301426112651825,-0.007418614812195301,0.01272656861692667,0.0,0.0,0.0,0.0,-0.5387869477272034,-0.015726489946246147,2410,3,time,0.0,0.05770351365208626,-2.793001890182495,-2.541761875152588,2061
0.14765803515911102,0.0,0.08212411403656006,-0.01301356591284275,-0.08167143911123276,-0.019961301237344742,-0.18575428426265717,0.0,-0.4014229476451874,0.0061734807677567005,0.018345359712839127,0.0,0.0,0.0,0.0,0.3562663793563843,0.029902750626206398,2411,3,time,0.0,0.0689382404088974,-2.603114604949951,-2.541761875152588,2061
0.10637711733579636,0.0,-0.37977373600006104,-0.3682108521461487,-0.24872241914272308,-0.05899357795715332,0.06206042319536209,0.0,-0.19808755815029144,-0.007418614812195301,0.0076898494735360146,0.0,0.0,0.0,0.0,-0.47283777594566345,-0.057008493691682816,2412,3,time,0.0,0.015417913906276226,-4.156687259674072,-2.541761875152588,2061
0.10637711733579636,0.0,-0.37977373600006104,-0.3682108521461487,-0.25203147530555725,-0.05899357795715332,0.08518955111503601,0.0,-0.204723060131073,-0.007418614812195301,0.0076898494735360146,0.0,0.0,0.0,0.0,-0.48602235317230225,-0.057008493691682816,2413,3,time,0.0,0.015417913906276226,-4.156687259674072,-2.541761875152588,2061
0.09144148975610733,0.0,-0.37977373600006104,-0.324821799993515,-0.2352198362350464,0.11764149367809296,0.006220108829438686,0.0,-0.2622964680194855,-0.007418614812195301,0.0076898494735360146,0.0,0.0,0.0,0.0,-0.48602235317230225,-0.057008493691682816,2414,3,time,0.0,0.016768712550401688,-4.071329593658447,-2.541761875152588,2061
0.10637711733579636,0.0,-0.37977373600006104,-0.372641384601593,-0.25203147530555725,-0.05899357795715332,0.006220108829438686,0.0,-0.22794897854328156,-0.007418614812195301,0.0076898494735360146,0.0,0.0,0.0,0.0,-0.48602235317230225,-0.057008493691682816,2415,3,time,0.0,0.013880223035812378,-4.263312816619873,-2.541761875152588,2061
-0.0717652291059494,0.0,-0.34531188011169434,-0.2916082739830017,-0.2352198362350464,0.13814102113246918,0.006220108829438686,0.0,-0.2622964680194855,-0.0022862530313432217,0.0076898494735360146,0.0,0.0,0.0,0.0,-0.49219146370887756,-0.057008493691682816,2416,3,time,0.0,0.015559562481939793,-4.147397994995117,-2.541761875152588,2061
-0.0717652291059494,0.0,-0.34531188011169434,-0.2916082739830017,-0.2352198362350464,0.13814102113246918,-0.013224736787378788,0.0,-0.2622964680194855,-0.0022862530313432217,0.0076898494735360146,0.0,0.0,0.0,0.0,-0.4962587058544159,-0.057008493691682816,2417,3,time,0.0,0.01520349271595478,-4.170909881591797,-2.541761875152588,2061
-0.0717652291059494,0.0,-0.34531188011169434,-0.2916082739830017,-0.2352198362350464,0.13814102113246918,-0.013224736787378788,0.0,-0.2622964680194855,-0.0022862530313432217,0.0076898494735360146,0.0,0.0,0.0,0.0,-0.4962587058544159,-0.057008493691682816,2418,3,time,0.0,0.01520349271595478,-4.170909881591797,-2.541761875152588,2061
-0.0717652291059494,0.0,-0.34531188011169434,-0.2916082739830017,-0.2352198362350464,0.13814102113246918,-0.013224736787378788,0.0,-0.2622964680194855,-0.0022862530313432217,0.0076898494735360146,0.0,0.0,0.0,0.0,-0.4962587058544159,-0.057008493691682816,2419,3,time,0.0,0.01520349271595478,-4.170909881591797,-2.541761875152588,2061
-0.0717652291059494,0.0,-0.34531188011169434,-0.2916082739830017,-0.2352198362350464,0.13814102113246918,-0.013224736787378788,0.0,-0.2622964680194855,-0.0022862530313432217,0.0076898494735360146,0.0,0.0,0.0,0.0,-0.4962587058544159,-0.057008493691682816,2420,3,time,0.0,0.01520349271595478,-4.170909881591797,-2.541761875152588,2061
-0.0717652291059494,0.0,-0.34531188011169434,-0.2916082739830017,-0.2352198362350464,0.13814102113246918,-0.013224736787378788,0.0,-0.2622964680194855,-0.0022862530313432217,0.0076898494735360146,0.0,0.0,0.0,0.0,-0.4962587058544159,-0.057008493691682816,2421,3,time,0.0,0.01520349271595478,-4.170909881591797,-2.541761875152588,2061
-0.09212084114551544,0.0,0.10302641987800598,-0.3360375761985779,-0.2485550343990326,0.13814102113246918,-0.010277703404426575,0.0,-0.2622964680194855,-0.0022862530313432217,0.01272656861692667,0.0,0.0,0.0,0.0,-0.4747737646102905,-0.01738623157143593,2422,3,time,0.0,0.023394057527184486,-3.7316012382507324,-2.541761875152588,2061
-0.0839521512389183,0.0,-0.37534475326538086,0.07224291563034058,-0.21810807287693024,-0.035620275884866714,-0.0680369958281517,0.0,-0.19808755815029144,-0.0022862530313432217,0.0076898494735360146,0.0,0.0,0.0,0.0,-0.35793831944465637,-0.055348753929138184,2423,3,time,0.0,0.020703110843896866,-3.856550931930542,-2.541761875152588,2061
-0.0839521512389183,0.0,-0.34531188011169434,-0.3349973261356354,-0.25203147530555725,-0.06561659276485443,0.08518955111503601,0.0,-0.204723060131073,-0.0022862530313432217,0.0076898494735360146,0.0,0.0,0.0,0.0,-0.49219146370887756,-0.057008493691682816,2424,3,time,0.0,0.013559699058532715,-4.28700065612793,-2.541761875152588,2061
-0.0839521512389183,0.0,-0.3228706121444702,-0.35201406478881836,-0.22095870971679688,-0.07658109068870544,0.035486236214637756,0.0,0.24301426112651825,-0.0022862530313432217,0.0076898494735360146,0.0,0.0,0.0,0.0,-0.6095523834228516,-0.057008493691682816,2425,3,time,0.0,0.018328595906496048,-3.9807941913604736,-2.541761875152588,2061
-0.0839521512389183,0.0,-0.3378056287765503,-0.2978973984718323,0.047454312443733215,-0.05658065155148506,-0.0674772709608078,0.0,-0.19808755815029144,-0.0022862530313432217,0.013308637775480747,0.0,0.0,0.0,0.0,-0.378984659910202,-0.050580259412527084,2426,3,time,0.0,0.018804967403411865,-3.9546501636505127,-2.541761875152588,2061
-0.0717652291059494,0.0,-0.34531188011169434,-0.2916082739830017,-0.2352198362350464,0.13814102113246918,-0.013224736787378788,0.0,-0.2622964680194855,-0.0022862530313432217,0.0076898494735360146,0.0,0.0,0.0,0.0,-0.4962587058544159,-0.057008493691682816,2427,3,time,0.0,0.01520349271595478,-4.170909881591797,-2.541761875152588,2061
-0.0717652291059494,0.0,-0.34531188011169434,-0.2916082739830017,-0.2352198362350464,0.13814102113246918,-0.013224736787378788,0.0,-0.2622964680194855,-0.0022862530313432217,0.0076898494735360146,0.0,0.0,0.0,0.0,-0.4962587058544159,-0.057008493691682816,2428,3,time,0.0,0.01520349271595478,-4.170909881591797,-2.541761875152588,2061
-0.0717652291059494,0.0,-0.3378056287765503,-0.2500778138637543,-0.183128222823143,0.13814102113246918,-0.033302903175354004,0.0,-0.23243507742881775,-0.0022862530313432217,0.010272727347910404,0.0,0.0,0.0,0.0,-0.42804428935050964,-0.057008493691682816,2429,3,time,0.0,0.0181779395788908,-3.989201307296753,-2.541761875152588,2061
-0.0717652291059494,0.0,-0.34531188011169434,-0.2916082739830017,-0.2352198362350464,0.13814102113246918,-0.013224736787378788,0.0,-0.2622964680194855,-0.0022862530313432217,0.0076898494735360146,0.0,0.0,0.0,0.0,-0.4962587058544159,-0.057008493691682816,2430,3,time,0.0,0.01520349271595478,-4.170909881591797,-2.541761875152588,2061
-0.0717652291059494,0.0,-0.34531188011169434,-0.2916082739830017,-0.2352198362350464,0.13814102113246918,-0.013224736787378788,0.0,-0.2622964680194855,-0.0022862530313432217,0.0076898494735360146,0.0,0.0,0.0,0.0,-0.4962587058544159,-0.057008493691682816,2431,3,time,0.0,0.01520349271595478,-4.170909881591797,-2.541761875152588,2061
-0.0717652291059494,0.0,-0.34531188011169434,-0.2916082739830017,-0.2352198362350464,0.13814102113246918,-0.013224736787378788,0.0,-0.2622964680194855,-0.0022862530313432217,0.0076898494735360146,0.0,0.0,0.0,0.0,-0.4962587058544159,-0.057008493691682816,2432,3,time,0.0,0.01520349271595478,-4.170909881591797,-2.541761875152588,2061
-0.0717652291059494,0.0,-0.34531188011169434,-0.2916082739830017,-0.2352198362350464,0.13814102113246918,-0.013224736787378788,0.0,-0.2622964680194855,-0.0022862530313432217,0.0076898494735360146,0.0,0.0,0.0,0.0,-0.4962587058544159,-0.057008493691682816,2433,3,time,0.0,0.01520349271595478,-4.170909881591797,-2.541761875152588,2061
-0.0717652291059494,0.0,-0.34531188011169434,-0.2916082739830017,-0.2352198362350464,0.13814102113246918,-0.013224736787378788,0.0,-0.2622964680194855,-0.0022862530313432217,0.0076898494735360146,0.0,0.0,0.0,0.0,-0.4962587058544159,-0.057008493691682816,2434,3,time,0.0,0.01520349271595478,-4.170909881591797,-2.541761875152588,2061
-0.0717652291059494,0.0,-0.34531188011169434,-0.2916082739830017,-0.2352198362350464,0.13814102113246918,-0.013224736787378788,0.0,-0.2622964680194855,-0.0022862530313432217,0.0076898494735360146,0.0,0.0,0.0,0.0,-0.4962587058544159,-0.057008493691682816,2435,3,time,0.0,0.01520349271595478,-4.170909881591797,-2.541761875152588,2061
-0.0717652291059494,0.0,-0.34531188011169434,-0.2916082739830017,-0.2352198362350464,0.13814102113246918,-0.013224736787378788,0.0,-0.2622964680194855,-0.0022862530313432217,0.0076898494735360146,0.0,0.0,0.0,0.0,-0.4962587058544159,-0.057008493691682816,2436,3,time,0.0,0.01520349271595478,-4.170909881591797,-2.541761875152588,2061
-0.0717652291059494,0.0,-0.34531188011169434,-0.2916082739830017,-0.2352198362350464,0.13814102113246918,-0.013224736787378788,0.0,-0.2622964680194855,-0.0022862530313432217,0.0076898494735360146,0.0,0.0,0.0,0.0,-0.4962587058544159,-0.057008493691682816,2437,3,time,0.0,0.01520349271595478,-4.170909881591797,-2.541761875152588,2061
-0.09699409455060959,0.0,-0.21574869751930237,-0.2667904794216156,-0.24190589785575867,-0.06561659276485443,0.03697836026549339,0.0,-0.4312843680381775,0.0019025304354727268,0.0076898494735360146,0.0,0.0,0.0,0.0,0.5400293469429016,0.12188059836626053,2438,3,time,0.0,0.0410274975001812,-3.1516199111938477,-2.541761875152588,2061
-0.0717652291059494,0.0,-0.34531188011169434,-0.2916082739830017,-0.2352198362350464,0.13814102113246918,-0.013224736787378788,0.0,-0.2622964680194855,-0.0022862530313432217,0.0076898494735360146,0.0,0.0,0.0,0.0,-0.4962587058544159,-0.057008493691682816,2439,3,time,0.0,0.01520349271595478,-4.170909881591797,-2.541761875152588,2061
-0.0717652291059494,0.0,-0.34531188011169434,-0.2916082739830017,-0.2352198362350464,0.13814102113246918,-0.013224736787378788,0.0,-0.2622964680194855,-0.0022862530313432217,0.0076898494735360146,0.0,0.0,0.0,0.0,-0.4962587058544159,-0.057008493691682816,2440,3,time,0.0,0.01520349271595478,-4.170909881591797,-2.541761875152588,2061
-0.0717652291059494,0.0,-0.34531188011169434,-0.2916082739830017,-0.2352198362350464,0.13814102113246918,-0.013224736787378788,0.0,-0.2622964680194855,-0.0022862530313432217,0.0076898494735360146,0.0,0.0,0.0,0.0,-0.4962587058544159,-0.057008493691682816,2441,3,time,1.0,0.01520349271595478,-4.170909881591797,-2.541761875152588,2061
-0.054012615233659744,0.0,0.05984577536582947,-0.2556668519973755,-0.22169943153858185,0.13814102113246918,0.039925385266542435,0.0,-0.4656318426132202,-0.0022862530313432217,-0.05685141682624817,0.0,0.0,0.0,0.0,0.6555313467979431,0.03915733844041824,2442,3,time,0.0,0.06505171209573746,-2.665308713912964,-2.541761875152588,2061
-0.09212084114551544,0.0,0.10302641987800598,-0.3360375761985779,-0.2485550343990326,0.13814102113246918,-0.010277703404426575,0.0,-0.2622964680194855,-0.0022862530313432217,0.01272656861692667,0.0,0.0,0.0,0.0,-0.4747737646102905,-0.01738623157143593,2443,3,time,0.0,0.023394057527184486,-3.7316012382507324,-2.541761875152588,2061
-0.10097398608922958,0.0,0.06980482488870621,-0.2759864032268524,-0.2255830019712448,0.19270694255828857,0.05053771659731865,0.0,0.3597308099269867,-0.0022862530313432217,0.01272656861692667,0.0,0.0,0.0,0.0,0.3974838852882385,0.009428204968571663,2444,3,time,0.0,0.11363141983747482,-2.0541727542877197,-2.541761875152588,2061
-0.10430776327848434,0.0,0.10853365063667297,0.08439022302627563,-0.23429390788078308,-0.04658476635813713,0.05633622407913208,0.0,0.24301426112651825,-0.0022862530313432217,0.01272656861692667,0.0,0.0,0.0,0.0,-0.5449562072753906,-0.015726489946246147,2445,3,time,0.0,0.048112012445926666,-2.9849154949188232,-2.541761875152588,2061
-0.10430776327848434,0.0,0.11308716982603073,0.09061533957719803,-0.09107155352830887,-0.035620275884866714,0.08621945977210999,0.0,-0.19808755815029144,-0.0022862530313432217,0.015309447422623634,0.0,0.0,0.0,0.0,-0.3383563756942749,-0.015726489946246147,2446,3,time,0.0,0.046442434191703796,-3.021986246109009,-2.541761875152588,2061
-0.10430776327848434,0.0,0.11308716982603073,0.07985416799783707,-0.27423757314682007,-0.035620275884866714,0.02707010507583618,0.0,-0.22794897854328156,-0.0022862530313432217,0.01272656861692667,0.0,0.0,0.0,0.0,-0.4006006121635437,-0.015726489946246147,2447,3,time,0.0,0.03325432166457176,-3.369750738143921,-2.541761875152588,2061
0.1298181265592575,0.0,0.11236120015382767,-0.4170706868171692,-0.26536667346954346,-0.05899357795715332,0.009167141281068325,0.0,-0.22794897854328156,-0.007418614812195301,0.01272656861692667,0.0,0.0,0.0,0.0,-0.4645374119281769,-0.01738623157143593,2448,3,time,0.0,0.023284435272216797,-3.73641037940979,-2.541761875152588,2061
0.14765803515911102,0.0,0.08920034021139145,-0.01490352675318718,-0.269648939371109,-0.028997255489230156,0.05861940607428551,0.0,-0.3590427041053772,0.0061734807677567005,0.01272656861692667,0.0,0.0,0.0,0.0,0.30987846851348877,0.048550426959991455,2449,3,time,0.0,0.07299643009901047,-2.5415468215942383,-2.541761875152588,2061
0.11488249152898788,0.0,0.11236120015382767,-0.3692511022090912,-0.2485550343990326,0.11764149367809296,0.009167141281068325,0.0,-0.2622964680194855,-0.007418614812195301,0.01272656861692667,0.0,0.0,0.0,0.0,-0.4645374119281769,-0.01738623157143593,2450,3,time,0.0,0.028074227273464203,-3.5444273948669434,-2.541761875152588,2061
0.11488249152898788,0.0,0.11236120015382767,-0.3692511022090912,-0.2485550343990326,0.11764149367809296,0.009167141281068325,0.0,-0.2622964680194855,-0.007418614812195301,0.01272656861692667,0.0,0.0,0.0,0.0,-0.4645374119281769,-0.01738623157143593,2451,3,time,0.0,0.028074227273464203,-3.5444273948669434,-2.541761875152588,2061
0.11488249152898788,0.0,0.11236120015382767,-0.3692511022090912,-0.2485550343990326,0.11764149367809296,-0.010277703404426575,0.0,-0.2622964680194855,-0.007418614812195301,0.01272656861692667,0.0,0.0,0.0,0.0,-0.4686046540737152,-0.01738623157143593,2452,3,time,0.0,0.027439743280410767,-3.567939519882202,-2.541761875152588,2061
0.11488249152898788,0.0,0.11236120015382767,-0.3692511022090912,-0.2485550343990326,0.11764149367809296,-0.010277703404426575,0.0,-0.2622964680194855,-0.007418614812195301,0.01272656861692667,0.0,0.0,0.0,0.0,-0.4686046540737152,-0.01738623157143593,2453,3,time,0.0,0.027439743280410767,-3.567939519882202,-2.541761875152588,2061
0.11488249152898788,0.0,0.11236120015382767,-0.3692511022090912,-0.2485550343990326,0.11764149367809296,-0.010277703404426575,0.0,-0.2622964680194855,-0.007418614812195301,0.01272656861692667,0.0,0.0,0.0,0.0,-0.4686046540737152,-0.01738623157143593,2454,3,time,0.0,0.027439743280410767,-3.567939519882202,-2.541761875152588,2061
0.14244350790977478,0.0,0.08920034021139145,-0.021159125491976738,-0.2289716601371765,-0.03996174409985542,0.08788551390171051,0.0,0.3285478949546814,-0.007418614812195301,0.015309447422623634,0.0,0.0,0.0,0.0,0.3651231825351715,0.011087946593761444,2455,3,time,0.0,0.14189068973064423,-1.7996745109558105,-2.541761875152588,2061
0.1298181265592575,0.0,0.11236120015382767,-0.42318958044052124,-0.26536667346954346,-0.052874691784381866,0.009167141281068325,0.0,-0.22794897854328156,-0.007418614812195301,0.01272656861692667,0.0,0.0,0.0,0.0,-0.4645374119281769,-0.01738623157143593,2456,3,time,0.0,0.023284435272216797,-3.73641037940979,-2.541761875152588,2061
0.14244350790977478,0.0,0.07748594135046005,-0.3154890537261963,0.016460884362459183,-0.06092211604118347,-0.1624084860086441,0.0,0.3008696734905243,-0.007418614812195301,0.018345359712839127,0.0,0.0,0.0,0.0,0.3662499189376831,0.015856439247727394,2457,3,time,0.0,0.10430432856082916,-2.1502878665924072,-2.541761875152588,2061
0.11488249152898788,0.0,0.11236120015382767,-0.3692511022090912,-0.2485550343990326,0.11764149367809296,-0.010277703404426575,0.0,-0.2622964680194855,-0.007418614812195301,0.01272656861692667,0.0,0.0,0.0,0.0,-0.4686046540737152,-0.01738623157143593,2458,3,time,0.0,0.027439743280410767,-3.567939519882202,-2.541761875152588,2061
0.1298181265592575,0.0,0.11070754379034042,-0.37554019689559937,0.06953222304582596,-0.049957629293203354,-0.07369020581245422,0.0,-0.19808755815029144,-0.007418614812195301,0.018345359712839127,0.0,0.0,0.0,0.0,-0.3867437243461609,-0.010957997292280197,2459,3,time,0.0,0.035034649074077606,-3.3157546520233154,-2.541761875152588,2061
0.11488249152898788,0.0,0.11236120015382767,-0.3692511022090912,-0.2485550343990326,0.11764149367809296,-0.010277703404426575,0.0,-0.2622964680194855,-0.007418614812195301,0.01272656861692667,0.0,0.0,0.0,0.0,-0.4686046540737152,-0.01738623157143593,2460,3,time,0.0,0.027439743280410767,-3.567939519882202,-2.541761875152588,2061
0.1298181265592575,0.0,0.11236120015382767,-0.4170706868171692,-0.26536667346954346,-0.05899357795715332,-0.010277703404426575,0.0,-0.22794897854328156,-0.007418614812195301,0.01272656861692667,0.0,0.0,0.0,0.0,-0.4686046540737152,-0.01738623157143593,2461,3,time,0.0,0.022755665704607964,-3.759922504425049,-2.541761875152588,2061
0.1298181265592575,0.0,0.12242194265127182,0.05740180239081383,-0.0877624899148941,-0.028997255489230156,0.08291038870811462,0.0,-0.19808755815029144,-0.007418614812195301,0.015309447422623634,0.0,0.0,0.0,0.0,-0.3321872651576996,-0.015726489946246147,2462,3,time,0.0,0.05710412561893463,-2.804079532623291,-2.541761875152588,2061
0.12750788033008575,0.0,0.0791395977139473,-0.3631384074687958,-0.24239465594291687,-0.048903558403253555,0.05053771659731865,0.0,0.3285478949546814,-0.007418614812195301,0.01272656861692667,0.0,0.0,0.0,0.0,0.42513152956962585,0.009428204968571663,2463,3,time,0.0,0.10242210328578949,-2.1705973148345947,-2.541761875152588,2061
0.09144148975610733,0.0,-0.37977373600006104,-0.324821799993515,-0.2352198362350464,0.11764149367809296,0.006220108829438686,0.0,-0.2622964680194855,-0.007418614812195301,0.0076898494735360146,0.0,0.0,0.0,0.0,-0.48602235317230225,-0.057008493691682816,2464,3,time,0.0,0.016768712550401688,-4.071329593658447,-2.541761875152588,2061
0.12421703338623047,0.0,-0.2615126371383667,-0.3000040352344513,-0.24744287133216858,-0.05899357795715332,0.037769418209791183,0.0,-0.3590427041053772,0.0061734807677567005,0.0076898494735360146,0.0,0.0,0.0,0.0,0.3893396258354187,0.12188059836626053,2465,3,time,0.0,0.0438690185546875,-3.081686496734619,-2.541761875152588,2061
0.09144148975610733,0.0,-0.37977373600006104,-0.324821799993515,-0.2352198362350464,0.11764149367809296,0.006220108829438686,0.0,-0.2622964680194855,-0.007418614812195301,0.0076898494735360146,0.0,0.0,0.0,0.0,-0.48602235317230225,-0.057008493691682816,2466,3,time,0.0,0.016768712550401688,-4.071329593658447,-2.541761875152588,2061
0.11488249152898788,0.0,0.11236120015382767,-0.3692511022090912,-0.2485550343990326,0.11764149367809296,-0.010277703404426575,0.0,-0.2622964680194855,-0.007418614812195301,0.01272656861692667,0.0,0.0,0.0,0.0,-0.4686046540737152,-0.01738623157143593,2467,3,time,0.0,0.027439743280410767,-3.567939519882202,-2.541761875152588,2061
0.11488249152898788,0.0,0.10780768096446991,-0.38183730840682983,-0.21748225390911102,0.17220741510391235,0.018988419324159622,0.0,0.27419716119766235,-0.007418614812195301,0.01272656861692667,0.0,0.0,0.0,0.0,-0.612960159778595,-0.01738623157143593,2468,3,time,0.0,0.04402235895395279,-3.0780367851257324,-2.541761875152588,2061
0.1298181265592575,0.0,0.11236120015382767,-0.41930606961250305,-0.2560693621635437,-0.05899357795715332,0.08813657611608505,0.0,-0.204723060131073,-0.007418614812195301,0.015309447422623634,0.0,0.0,0.0,0.0,-0.4645374119281769,-0.01738623157143593,2469,3,time,0.0,0.025968221947550774,-3.624570369720459,-2.541761875152588,2061
0.11488249152898788,0.0,0.11236120015382767,-0.3692511022090912,-0.2485550343990326,0.11764149367809296,-0.010277703404426575,0.0,-0.2622964680194855,-0.007418614812195301,0.01272656861692667,0.0,0.0,0.0,0.0,-0.4686046540737152,-0.01738623157143593,2470,3,time,0.0,0.027439743280410767,-3.567939519882202,-2.541761875152588,2061
0.1298181265592575,0.0,0.12242194265127182,0.06376288831233978,-0.26536667346954346,-0.028997255489230156,0.02707010507583618,0.0,-0.22794897854328156,-0.007418614812195301,0.01272656861692667,0.0,0.0,0.0,0.0,-0.3944314420223236,-0.015726489946246147,2471,3,time,0.0,0.04205343499779701,-3.1258509159088135,-2.541761875152588,2061
-0.11734969168901443,0.0,0.06980482488870621,-0.3238059878349304,-0.22970528900623322,-0.07658109068870544,0.06998255848884583,0.0,0.33460143208503723,0.0019025304354727268,0.01272656861692667,0.0,0.0,0.0,0.0,0.42007824778556824,0.04689068719744682,2472,3,time,0.0,0.08840908110141754,-2.333216667175293,-2.541761875152588,2061
-0.09212084114551544,0.0,0.10302641987800598,-0.3360375761985779,-0.2485550343990326,0.13814102113246918,0.009167141281068325,0.0,-0.2622964680194855,-0.0022862530313432217,0.01272656861692667,0.0,0.0,0.0,0.0,-0.4707065224647522,-0.01738623157143593,2473,3,time,0.0,0.023937296122312546,-3.7080891132354736,-2.541761875152588,2061
-0.10430776327848434,0.0,0.10302641987800598,-0.38609257340431213,-0.2560693621635437,-0.06561659276485443,0.08813657611608505,0.0,-0.204723060131073,-0.0022862530313432217,0.015309447422623634,0.0,0.0,0.0,0.0,-0.4707065224647522,-0.01738623157143593,2474,3,time,0.0,0.020990382879972458,-3.8424770832061768,-2.541761875152588,2061
-0.09212084114551544,0.0,0.09847290068864822,-0.34862378239631653,-0.21748225390911102,0.19270694255828857,0.018988419324159622,0.0,0.27419716119766235,-0.0022862530313432217,0.01272656861692667,0.0,0.0,0.0,0.0,-0.6191293597221375,-0.01738623157143593,2475,3,time,0.0,0.03762633726000786,-3.2416985034942627,-2.541761875152588,2061
-0.10430776327848434,0.0,0.11308716982603073,0.08428473025560379,-0.27423757314682007,-0.035620275884866714,0.10603953897953033,0.0,-0.204723060131073,-0.0022862530313432217,0.01272656861692667,0.0,0.0,0.0,0.0,-0.4006006121635437,-0.015726489946246147,2476,3,time,0.0,0.03685811534523964,-3.263124942779541,-2.541761875152588,2061
-0.10430776327848434,0.0,0.11308716982603073,0.101406991481781,-0.26536667346954346,-0.035620275884866714,0.10603953897953033,0.0,-0.204723060131073,-0.0022862530313432217,0.01272656861692667,0.0,0.0,0.0,0.0,-0.4006006121635437,-0.015726489946246147,2477,3,time,0.0,0.03779204934835434,-3.2371318340301514,-2.541761875152588,2061
-0.09212084114551544,0.0,0.10302641987800598,-0.3360375761985779,-0.2485550343990326,0.13814102113246918,0.009167141281068325,0.0,-0.2622964680194855,-0.0022862530313432217,0.01272656861692667,0.0,0.0,0.0,0.0,-0.4707065224647522,-0.01738623157143593,2478,3,time,0.0,0.023937296122312546,-3.7080891132354736,-2.541761875152588,2061
-0.09212084114551544,0.0,0.09847290068864822,-0.34862378239631653,-0.21748225390911102,0.19270694255828857,0.018988419324159622,0.0,0.27419716119766235,-0.0022862530313432217,0.01272656861692667,0.0,0.0,0.0,0.0,-0.6191293597221375,-0.01738623157143593,2479,3,time,0.0,0.03762633726000786,-3.2416985034942627,-2.541761875152588,2061
-0.10430776327848434,0.0,0.10302641987800598,-0.38609257340431213,-0.09519723802804947,-0.06561659276485443,0.0815010815858841,0.0,-0.19808755815029144,-0.0022862530313432217,0.015309447422623634,0.0,0.0,0.0,0.0,-0.4216468930244446,-0.01738623157143593,2480,3,time,0.0,0.025767255574464798,-3.6325457096099854,-2.541761875152588,2061
-0.11734969168901443,0.0,0.06815116852521896,-0.26302340626716614,-0.23067311942577362,-0.06561659276485443,-0.09996067732572556,0.0,-0.3291812837123871,0.0019025304354727268,0.01272656861692667,0.0,0.0,0.0,0.0,0.31845948100090027,0.009428204968571663,2481,3,time,0.0,0.03780055418610573,-3.2368979454040527,-2.541761875152588,2061
-0.09212084114551544,0.0,0.10302641987800598,-0.3360375761985779,-0.2485550343990326,0.13814102113246918,0.009167141281068325,0.0,-0.2622964680194855,-0.0022862530313432217,0.01272656861692667,0.0,0.0,0.0,0.0,-0.4707065224647522,-0.01738623157143593,2482,3,time,0.0,0.023937296122312546,-3.7080891132354736,-2.541761875152588,2061
-0.10430776327848434,0.0,0.11143351346254349,0.08586980402469635,0.06953222304582596,-0.0265843216329813,-0.10842428356409073,0.0,-0.19808755815029144,-0.0022862530313432217,0.018345359712839127,0.0,0.0,0.0,0.0,-0.32280683517456055,-0.009298255667090416,2483,3,time,0.0,0.04616028442978859,-3.0283758640289307,-2.541761875152588,2061
-0.09212084114551544,0.0,0.10302641987800598,-0.3360375761985779,-0.2485550343990326,0.13814102113246918,-0.010277703404426575,0.0,-0.2622964680194855,-0.0022862530313432217,0.01272656861692667,0.0,0.0,0.0,0.0,-0.4747737646102905,-0.01738623157143593,2484,3,time,0.0,0.023394057527184486,-3.7316012382507324,-2.541761875152588,2061
-0.0839521512389183,0.0,-0.3378056287765503,-0.2978973984718323,-0.19993987679481506,-0.06561659276485443,-0.033302903175354004,0.0,-0.19808755815029144,-0.0022862530313432217,0.010272727347910404,0.0,0.0,0.0,0.0,-0.42804428935050964,-0.057008493691682816,2485,3,time,0.0,0.014267093501985073,-4.235429763793945,-2.541761875152588,2061
-0.0839521512389183,0.0,-0.3378056287765503,-0.2912314534187317,-0.20923718810081482,-0.06561659276485443,-0.033302903175354004,0.0,-0.19808755815029144,-0.0022862530313432217,0.0076898494735360146,0.0,0.0,0.0,0.0,-0.42804428935050964,-0.057008493691682816,2486,3,time,0.0,0.014193948358297348,-4.2406439781188965,-2.541761875152588,2061
-0.0717652291059494,0.0,-0.34531188011169434,-0.287177711725235,-0.2352198362350464,0.13814102113246918,0.08518955111503601,0.0,-0.2390705794095993,-0.0022862530313432217,0.0076898494735360146,0.0,0.0,0.0,0.0,-0.49219146370887756,-0.057008493691682816,2487,3,time,0.0,0.017280034720897675,-4.040772438049316,-2.541761875152588,2061
-0.0839521512389183,0.0,-0.34531188011169434,-0.3394278585910797,-0.25203147530555725,-0.06561659276485443,-0.013224736787378788,0.0,-0.22794897854328156,-0.0022862530313432217,0.0076898494735360146,0.0,0.0,0.0,0.0,-0.4962587058544159,-0.057008493691682816,2488,3,time,0.0,0.011924800463020802,-4.417138576507568,-2.541761875152588,2061
-0.08480716496706009,0.0,-0.2270508110523224,-0.2189708799123764,-0.24332058429718018,0.13814102113246918,0.037769418209791183,0.0,-0.38715338706970215,0.0019025304354727268,0.0076898494735360146,0.0,0.0,0.0,0.0,0.355455219745636,0.08441811054944992,2489,3,time,0.0,0.04403706267476082,-3.0776875019073486,-2.541761875152588,2061
-0.0717652291059494,0.0,-0.34531188011169434,-0.2916082739830017,-0.2352198362350464,0.13814102113246918,-0.013224736787378788,0.0,-0.2622964680194855,-0.0022862530313432217,0.0076898494735360146,0.0,0.0,0.0,0.0,-0.4962587058544159,-0.057008493691682816,2490,3,time,0.0,0.01520349271595478,-4.170909881591797,-2.541761875152588,2061
-0.09212084114551544,0.0,0.09847290068864822,-0.34862378239631653,-0.21748225390911102,0.19270694255828857,0.0384332649409771,0.0,0.27419716119766235,-0.0022862530313432217,0.01272656861692667,0.0,0.0,0.0,0.0,-0.6150621175765991,-0.01738623157143593,2491,3,time,0.0,0.03848704323172569,-3.218186378479004,-2.541761875152588,2061
-0.10430776327848434,0.0,0.11143351346254349,0.08586980402469635,-0.21327507495880127,-0.035620275884866714,-0.07424991577863693,0.0,-0.19808755815029144,-0.0022862530313432217,0.015309447422623634,0.0,0.0,0.0,0.0,-0.336453378200531,-0.015726489946246147,2492,3,time,0.0,0.0352584533393383,-3.309154987335205,-2.541761875152588,2061
-0.10430776327848434,0.0,0.10302641987800598,-0.3838571608066559,-0.26536667346954346,-0.06561659276485443,0.009167141281068325,0.0,-0.22794897854328156,-0.0022862530313432217,0.01272656861692667,0.0,0.0,0.0,0.0,-0.4707065224647522,-0.01738623157143593,2493,3,time,0.0,0.018811114132404327,-3.954317092895508,-2.541761875152588,2061
-0.09212084114551544,0.0,0.10302641987800598,-0.3360375761985779,-0.2485550343990326,0.13814102113246918,0.009167141281068325,0.0,-0.2622964680194855,-0.0022862530313432217,0.01272656861692667,0.0,0.0,0.0,0.0,-0.4707065224647522,-0.01738623157143593,2494,3,time,0.0,0.023937296122312546,-3.7080891132354736,-2.541761875152588,2061
-0.11734969168901443,0.0,0.06980482488870621,-0.3112197816371918,-0.27346739172935486,-0.06561659276485443,0.040716443210840225,0.0,-0.3528059124946594,0.0019025304354727268,0.01272656861692667,0.0,0.0,0.0,0.0,0.34006962180137634,0.009428204968571663,2495,3,time,0.0,0.03963609039783478,-3.1875722408294678,-2.541761875152588,2061
-0.09212084114551544,0.0,0.10302641987800598,-0.3360375761985779,-0.2485550343990326,0.13814102113246918,0.009167141281068325,0.0,-0.2622964680194855,-0.0022862530313432217,0.01272656861692667,0.0,0.0,0.0,0.0,-0.4707065224647522,-0.01738623157143593,2496,3,time,0.0,0.023937296122312546,-3.7080891132354736,-2.541761875152588,2061
-0.10430776327848434,0.0,0.09847290068864822,-0.3920128345489502,-0.23429390788078308,-0.07658109068870544,0.07329632341861725,0.0,0.2221338003873825,-0.0022862530313432217,0.01272656861692667,0.0,0.0,0.0,0.0,-0.6150621175765991,-0.01738623157143593,2497,3,time,0.0,0.027197344228625298,-3.577061891555786,-2.541761875152588,2061
-0.10430776327848434,0.0,0.10687999427318573,0.0691579207777977,-0.1780766248703003,-0.04658476635813713,-0.10252335667610168,0.0,0.21533609926700592,-0.0022862530313432217,0.015309447422623634,0.0,0.0,0.0,0.0,-0.48080894351005554,-0.015726489946246147,2498,3,time,0.0,0.044557590037584305,-3.065392017364502,-2.541761875152588,2061
-0.11316091567277908,0.0,0.07986557483673096,0.005723798647522926,-0.2512655556201935,-0.04658476635813713,0.08788551390171051,0.0,0.3285478949546814,-0.0022862530313432217,0.01272656861692667,0.0,0.0,0.0,0.0,0.33747556805610657,0.011087946593761444,2499,3,time,0.0,0.10990164428949356,-2.0917460918426514,-2.541761875152588,2061
-0.11316091567277908,0.0,0.06815116852521896,-0.282275527715683,-0.13439682126045227,-0.07658109068870544,-0.1282341331243515,0.0,0.3008696734905243,-0.0022862530313432217,0.015309447422623634,0.0,0.0,0.0,0.0,0.3177979588508606,0.009428204968571663,2500,3,time,0.0,0.07128341495990753,-2.5671398639678955,-2.541761875152588,2061
-0.11734969168901443,0.0,0.07278934866189957,0.0201999694108963,-0.14311757683753967,-0.035620275884866714,-0.15157993137836456,0.0,-0.4014229476451874,0.0019025304354727268,0.015309447422623634,0.0,0.0,0.0,0.0,0.32861876487731934,0.048550426959991455,2501,3,time,0.0,0.05198175087571144,-2.9034810066223145,-2.541761875152588,2061
-0.09212084114551544,0.0,0.10302641987800598,-0.3360375761985779,-0.2485550343990326,0.13814102113246918,0.009167141281068325,0.0,-0.2622964680194855,-0.0022862530313432217,0.01272656861692667,0.0,0.0,0.0,0.0,-0.4707065224647522,-0.01738623157143593,2502,3,time,0.0,0.023937296122312546,-3.7080891132354736,-2.541761875152588,2061
-0.10430776327848434,0.0,0.10137276351451874,-0.34232670068740845,0.03411911800503731,-0.05658065155148506,-0.07369020581245422,0.0,-0.19808755815029144,-0.0022862530313432217,0.018345359712839127,0.0,0.0,0.0,0.0,-0.35749971866607666,-0.010957997292280197,2503,3,time,0.0,0.028369488194584846,-3.533661365509033,-2.541761875152588,2061
-0.10430776327848434,0.0,0.11143351346254349,0.08174411952495575,-0.20914939045906067,-0.035620275884866714,-0.07424991577863693,0.0,-0.19808755815029144,-0.0022862530313432217,0.015309447422623634,0.0,0.0,0.0,0.0,-0.336453378200531,-0.015726489946246147,2504,3,time,0.0,0.0352584533393383,-3.309154987335205,-2.541761875152588,2061
-0.10430776327848434,0.0,0.11143351346254349,0.08174411952495575,0.03824480250477791,-0.0265843216329813,-0.10842428356409073,0.0,-0.19808755815029144,-0.0022862530313432217,0.018345359712839127,0.0,0.0,0.0,0.0,-0.287393718957901,-0.009298255667090416,2505,3,time,0.0,0.04616028442978859,-3.0283758640289307,-2.541761875152588,2061
-0.11734969168901443,0.0,0.06980482488870621,-0.3129081130027771,-0.27346739172935486,-0.059497710317373276,0.11968587338924408,0.0,-0.3295799791812897,0.0019025304354727268,0.01272656861692667,0.0,0.0,0.0,0.0,0.34006962180137634,0.009428204968571663,2506,3,time,1.0,0.04390007257461548,-3.080946445465088,-2.541761875152588,2061
-0.06619954854249954,0.0,0.06825287640094757,0.02129950560629368,-0.14388209581375122,-0.035620275884866714,-0.15157993137836456,0.0,-0.4014229476451874,-0.0022862530313432217,-0.0676373764872551,0.0,0.0,0.0,0.0,0.4236898720264435,0.031673774123191833,2507,3,time,0.0,0.05388697609305382,-2.8654732704162598,-2.541761875152588,2061
-0.10430776327848434,0.0,0.10137276351451874,-0.28023380041122437,-0.05240294709801674,-0.06561659276485443,-0.03951583802700043,0.0,-0.19808755815029144,-0.0022862530313432217,0.015309447422623634,0.0,0.0,0.0,0.0,-0.33190682530403137,-0.01738623157143593,2508,3,time,0.0,0.028837328776717186,-3.5168232917785645,-2.541761875152588,2061
-0.11734969168901443,0.0,0.06815116852521896,-0.25143933296203613,-0.16546958684921265,-0.06561659276485443,-0.09996067732572556,0.0,-0.3291812837123871,0.0019025304354727268,0.015309447422623634,0.0,0.0,0.0,0.0,0.24430325627326965,0.009428204968571663,2509,3,time,0.0,0.03799066320061684,-3.2316837310791016,-2.541761875152588,2061
-0.09212084114551544,0.0,0.10302641987800598,-0.33160701394081116,-0.2485550343990326,0.13814102113246918,0.08813657611608505,0.0,-0.2390705794095993,-0.0022862530313432217,0.01272656861692667,0.0,0.0,0.0,0.0,-0.4707065224647522,-0.01738623157143593,2510,3,time,0.0,0.0265591349452734,-3.6014633178710938,-2.541761875152588,2061
-0.11734969168901443,0.0,0.06980482488870621,-0.30678921937942505,-0.2607780396938324,-0.06561659276485443,0.11305038630962372,0.0,-0.3291812837123871,0.0019025304354727268,0.01272656861692667,0.0,0.0,0.0,0.0,0.3463064134120941,0.04689068719744682,2511,3,time,0.0,0.04605390504002571,-3.030794620513916,-2.541761875152588,2061
0.09144148975610733,0.0,-0.37977373600006104,-0.324821799993515,-0.2352198362350464,0.11764149367809296,0.006220108829438686,0.0,-0.2622964680194855,-0.007418614812195301,0.0076898494735360146,0.0,0.0,0.0,0.0,-0.48602235317230225,-0.057008493691682816,2512,3,time,0.0,0.016768712550401688,-4.071329593658447,-2.541761875152588,2061
0.10928140580654144,0.0,-0.2615126371383667,-0.28992119431495667,-0.26013222336769104,-0.015692688524723053,0.037769418209791183,0.0,-0.3528059124946594,0.0061734807677567005,0.0076898494735360146,0.0,0.0,0.0,0.0,0.3831028342247009,0.08441811054944992,2513,3,time,0.0,0.04338071495294571,-3.093390464782715,-2.541761875152588,2061
0.09144148975610733,0.0,-0.37977373600006104,-0.324821799993515,-0.2352198362350464,0.11764149367809296,-0.013224736787378788,0.0,-0.2622964680194855,-0.007418614812195301,0.0076898494735360146,0.0,0.0,0.0,0.0,-0.4900895953178406,-0.057008493691682816,2514,3,time,0.0,0.016385432332754135,-4.094841480255127,-2.541761875152588,2061
0.1298181265592575,0.0,0.11236120015382767,-0.41264012455940247,-0.26536667346954346,-0.05899357795715332,0.08813657611608505,0.0,-0.204723060131073,-0.007418614812195301,0.01272656861692667,0.0,0.0,0.0,0.0,-0.4645374119281769,-0.01738623157143593,2515,3,time,0.0,0.025836659595370293,-3.62978458404541,-2.541761875152588,2061
0.1298181265592575,0.0,0.12076828628778458,0.048530589789152145,0.060010455548763275,-0.019961301237344742,-0.10842428356409073,0.0,-0.19808755815029144,-0.007418614812195301,0.018345359712839127,0.0,0.0,0.0,0.0,-0.30299028754234314,-0.009298255667090416,2516,3,time,1.0,0.056761059910058975,-2.810469150543213,-2.541761875152588,2061
0.0813460648059845,0.0,0.07371703535318375,-0.32310304045677185,-0.2552410662174225,-0.05899357795715332,0.12658362090587616,0.0,-0.40805843472480774,-0.007418614812195301,0.01272656861692667,0.0,0.0,0.0,0.0,0.525672972202301,0.03915733844041824,2517,3,time,0.0,0.060918089002370834,-2.735372543334961,-2.541761875152588,2061
0.1298181265592575,0.0,0.11236120015382767,-0.4170706868171692,-0.26536667346954346,-0.05899357795715332,0.009167141281068325,0.0,-0.22794897854328156,-0.007418614812195301,0.01272656861692667,0.0,0.0,0.0,0.0,-0.4645374119281769,-0.01738623157143593,2518,3,time,0.0,0.023284435272216797,-3.73641037940979,-2.541761875152588,2061
0.1298181265592575,0.0,0.11070754379034042,-0.3688742518424988,-0.22257238626480103,-0.05899357795715332,-0.03951583802700043,0.0,-0.19808755815029144,-0.007418614812195301,0.01272656861692667,0.0,0.0,0.0,0.0,-0.4003902077674866,-0.01738623157143593,2519,3,time,0.0,0.026551777496933937,-3.601747989654541,-2.541761875152588,2061
0.10637711733579636,0.0,-0.37977373600006104,-0.37432971596717834,-0.25203147530555725,-0.052874691784381866,0.08518955111503601,0.0,-0.204723060131073,-0.007418614812195301,0.0076898494735360146,0.0,0.0,0.0,0.0,-0.48602235317230225,-0.057008493691682816,2520,3,time,0.0,0.015417913906276226,-4.156687259674072,-2.541761875152588,2061
0.10637711733579636,0.0,-0.37977373600006104,-0.372641384601593,-0.25203147530555725,-0.05899357795715332,0.006220108829438686,0.0,-0.22794897854328156,-0.007418614812195301,0.0076898494735360146,0.0,0.0,0.0,0.0,-0.48602235317230225,-0.057008493691682816,2521,3,time,0.0,0.013880223035812378,-4.263312816619873,-2.541761875152588,2061
0.10637711733579636,0.0,-0.37977373600006104,-0.37432971596717834,-0.25203147530555725,-0.052874691784381866,0.08518955111503601,0.0,-0.204723060131073,-0.007418614812195301,0.0076898494735360146,0.0,0.0,0.0,0.0,-0.48602235317230225,-0.057008493691682816,2522,3,time,0.0,0.015417913906276226,-4.156687259674072,-2.541761875152588,2061
0.1298181265592575,0.0,0.11236120015382767,-0.4170706868171692,-0.26536667346954346,-0.05899357795715332,0.009167141281068325,0.0,-0.22794897854328156,-0.007418614812195301,0.01272656861692667,0.0,0.0,0.0,0.0,-0.4645374119281769,-0.01738623157143593,2523,3,time,0.0,0.023284435272216797,-3.73641037940979,-2.541761875152588,2061
0.10637711733579636,0.0,-0.37977373600006104,-0.3682108521461487,-0.25203147530555725,-0.05899357795715332,0.06536948680877686,0.0,-0.19808755815029144,-0.007418614812195301,0.0076898494735360146,0.0,0.0,0.0,0.0,-0.47283777594566345,-0.057008493691682816,2524,3,time,0.0,0.015417913906276226,-4.156687259674072,-2.541761875152588,2061
0.10637711733579636,0.0,-0.37977373600006104,-0.372641384601593,-0.25203147530555725,-0.05899357795715332,0.006220108829438686,0.0,-0.22794897854328156,-0.007418614812195301,0.0076898494735360146,0.0,0.0,0.0,0.0,-0.48602235317230225,-0.057008493691682816,2525,3,time,0.0,0.013880223035812378,-4.263312816619873,-2.541761875152588,2061
0.09144148975610733,0.0,-0.37977373600006104,-0.324821799993515,-0.2352198362350464,0.11764149367809296,-0.013224736787378788,0.0,-0.2622964680194855,-0.007418614812195301,0.0076898494735360146,0.0,0.0,0.0,0.0,-0.4900895953178406,-0.057008493691682816,2526,3,time,0.0,0.016385432332754135,-4.094841480255127,-2.541761875152588,2061
0.09144148975610733,0.0,-0.37977373600006104,-0.324821799993515,-0.2352198362350464,0.11764149367809296,0.006220108829438686,0.0,-0.2622964680194855,-0.007418614812195301,0.0076898494735360146,0.0,0.0,0.0,0.0,-0.48602235317230225,-0.057008493691682816,2527,3,time,0.0,0.016768712550401688,-4.071329593658447,-2.541761875152588,2061
0.09144148975610733,0.0,-0.37977373600006104,-0.324821799993515,-0.2352198362350464,0.11764149367809296,0.006220108829438686,0.0,-0.2622964680194855,-0.007418614812195301,0.0076898494735360146,0.0,0.0,0.0,0.0,-0.48602235317230225,-0.057008493691682816,2528,3,time,0.0,0.016768712550401688,-4.071329593658447,-2.541761875152588,2061
0.12421703338623047,0.0,-0.2615126371383667,-0.3000040352344513,-0.26013222336769104,-0.05899357795715332,0.037769418209791183,0.0,-0.3528059124946594,0.0061734807677567005,0.0076898494735360146,0.0,0.0,0.0,0.0,0.3831028342247009,0.08441811054944992,2529,3,time,0.0,0.04181289300322533,-3.131838321685791,-2.541761875152588,2061
0.10637711733579636,0.0,-0.37977373600006104,-0.37876027822494507,-0.25203147530555725,-0.052874691784381866,0.006220108829438686,0.0,-0.22794897854328156,-0.007418614812195301,0.0076898494735360146,0.0,0.0,0.0,0.0,-0.48602235317230225,-0.057008493691682816,2530,3,time,0.0,0.013880223035812378,-4.263312816619873,-2.541761875152588,2061
0.09144148975610733,0.0,-0.37977373600006104,-0.324821799993515,-0.2352198362350464,0.11764149367809296,0.006220108829438686,0.0,-0.2622964680194855,-0.007418614812195301,0.0076898494735360146,0.0,0.0,0.0,0.0,-0.48602235317230225,-0.057008493691682816,2531,3,time,0.0,0.016768712550401688,-4.071329593658447,-2.541761875152588,2061
0.1298181265592575,0.0,0.11236120015382767,-0.4170706868171692,-0.26536667346954346,-0.05899357795715332,0.009167141281068325,0.0,-0.22794897854328156,-0.007418614812195301,0.01272656861692667,0.0,0.0,0.0,0.0,-0.4645374119281769,-0.01738623157143593,2532,3,time,0.0,0.023284435272216797,-3.73641037940979,-2.541761875152588,2061
0.14765803515911102,0.0,0.0875466838479042,-0.01301356591284275,-0.08720839768648148,-0.019961301237344742,-0.16886912286281586,0.0,-0.3291812837123871,0.0061734807677567005,0.018345359712839127,0.0,0.0,0.0,0.0,0.22612537443637848,0.029902750626206398,2533,3,time,0.0,0.06634471565485,-2.6442432403564453,-2.541761875152588,2061
0.1298181265592575,0.0,0.11236120015382767,-0.41264012455940247,-0.2583859860897064,-0.05899357795715332,0.09219452738761902,0.0,-0.19808755815029144,-0.007418614812195301,0.01272656861692667,0.0,0.0,0.0,0.0,-0.4358549118041992,-0.01738623157143593,2534,3,time,0.0,0.02702941559255123,-3.583428144454956,-2.541761875152588,2061
0.10637711733579636,0.0,-0.3722674250602722,-0.3244449496269226,-0.20923718810081482,-0.05899357795715332,-0.033302903175354004,0.0,-0.19808755815029144,-0.007418614812195301,0.0076898494735360146,0.0,0.0,0.0,0.0,-0.42187514901161194,-0.057008493691682816,2535,3,time,0.0,0.016137655824422836,-4.110330581665039,-2.541761875152588,2061
-0.0839521512389183,0.0,-0.34531188011169434,-0.3349973261356354,-0.25203147530555725,-0.06561659276485443,0.08518955111503601,0.0,-0.204723060131073,-0.0022862530313432217,0.0076898494735360146,0.0,0.0,0.0,0.0,-0.49219146370887756,-0.057008493691682816,2536,3,time,1.0,0.013559699058532715,-4.28700065612793,-2.541761875152588,2061
-0.05054883658885956,0.0,-0.19159293174743652,-0.2546265721321106,-0.2251758873462677,-0.06561659276485443,0.12363658845424652,0.0,-0.40805843472480774,-0.0022862530313432217,-0.03319590911269188,0.0,0.0,0.0,0.0,0.684657633304596,0.11414724588394165,2537,3,time,0.0,0.05465959012508392,-2.8504204750061035,-2.541761875152588,2061
-0.0839521512389183,0.0,-0.34531188011169434,-0.3349973261356354,-0.25203147530555725,-0.06561659276485443,0.08518955111503601,0.0,-0.204723060131073,-0.0022862530313432217,0.0076898494735360146,0.0,0.0,0.0,0.0,-0.49219146370887756,-0.057008493691682816,2538,3,time,0.0,0.013559699058532715,-4.28700065612793,-2.541761875152588,2061
-0.10430776327848434,0.0,0.11143351346254349,0.08174411952495575,0.03824480250477791,-0.0265843216329813,-0.10842428356409073,0.0,-0.19808755815029144,-0.0022862530313432217,0.018345359712839127,0.0,0.0,0.0,0.0,-0.287393718957901,-0.009298255667090416,2539,3,time,0.0,0.04616028442978859,-3.0283758640289307,-2.541761875152588,2061
-0.10430776327848434,0.0,0.11143351346254349,0.08174411952495575,0.03824480250477791,-0.0265843216329813,-0.10842428356409073,0.0,-0.19808755815029144,-0.0022862530313432217,0.018345359712839127,0.0,0.0,0.0,0.0,-0.287393718957901,-0.009298255667090416,2540,3,time,0.0,0.04616028442978859,-3.0283758640289307,-2.541761875152588,2061
-0.11316091567277908,0.0,0.07821191847324371,0.018405409529805183,-0.19960036873817444,-0.04658476635813713,-0.1629682034254074,0.0,0.3008696734905243,-0.0022862530313432217,0.01272656861692667,0.0,0.0,0.0,0.0,0.3096286356449127,0.011087946593761444,2541,3,time,0.0,0.08823071420192719,-2.3354318141937256,-2.541761875152588,2061
-0.10430776327848434,0.0,0.09681924432516098,-0.3549129068851471,-0.1822023093700409,-0.07658109068870544,-0.06778928637504578,0.0,0.21533609926700592,-0.0022862530313432217,0.015309447422623634,0.0,0.0,0.0,0.0,-0.5509148836135864,-0.01738623157143593,2542,3,time,0.0,0.027366770431399345,-3.5706775188446045,-2.541761875152588,2061
-0.10430776327848434,0.0,0.11122330278158188,0.1348780244588852,0.07365790754556656,-0.029429422691464424,-0.11328079551458359,0.0,-0.2123747318983078,-0.0022862530313432217,0.018345359712839127,0.0,0.0,0.0,0.0,-0.32280683517456055,-0.009298255667090416,2543,3,time,0.0,0.04754161089658737,-2.997441053390503,-2.541761875152588,2061
-0.10430776327848434,0.0,0.11143351346254349,0.08174411952495575,0.03824480250477791,-0.0265843216329813,-0.10842428356409073,0.0,-0.19808755815029144,-0.0022862530313432217,0.018345359712839127,0.0,0.0,0.0,0.0,-0.287393718957901,-0.009298255667090416,2544,3,time,0.0,0.04616028442978859,-3.0283758640289307,-2.541761875152588,2061
-0.10430776327848434,0.0,0.11143351346254349,0.07541351020336151,-0.23144327104091644,-0.035620275884866714,-0.07424991577863693,0.0,-0.19808755815029144,-0.0022862530313432217,0.01272656861692667,0.0,0.0,0.0,0.0,-0.336453378200531,-0.015726489946246147,2545,3,time,0.0,0.03421218320727348,-3.340362310409546,-2.541761875152588,2061
-0.11316091567277908,0.0,0.07821191847324371,0.007613761350512505,-0.13027113676071167,-0.04658476635813713,-0.1629682034254074,0.0,0.3008696734905243,-0.0022862530313432217,0.015309447422623634,0.0,0.0,0.0,0.0,0.2537223994731903,0.011087946593761444,2546,3,time,0.0,0.08865108340978622,-2.3302175998687744,-2.541761875152588,2061
-0.10430776327848434,0.0,0.11143351346254349,0.08174411952495575,0.03824480250477791,-0.0265843216329813,-0.10842428356409073,0.0,-0.19808755815029144,-0.0022862530313432217,0.018345359712839127,0.0,0.0,0.0,0.0,-0.287393718957901,-0.009298255667090416,2547,3,time,1.0,0.04616028442978859,-3.0283758640289307,-2.541761875152588,2061
-0.06619954854249954,0.0,0.06825287640094757,0.01717381924390793,-0.09199833869934082,-0.0265843216329813,-0.18575428426265717,0.0,-0.4014229476451874,-0.0022862530313432217,-0.07828952372074127,0.0,0.0,0.0,0.0,0.4236898720264435,0.013026099652051926,2548,3,time,0.0,0.05354740470647812,-2.8721535205841064,-2.541761875152588,2061
-0.10430776327848434,0.0,0.10687999427318573,0.04856215417385101,-0.09825936704874039,-0.04658476635813713,-0.1256706863641739,0.0,0.291699081659317,-0.0022862530313432217,0.015309447422623634,0.0,0.0,0.0,0.0,0.0751270279288292,-0.015726489946246147,2549,3,time,0.0,0.08340028673410416,-2.397019147872925,-2.541761875152588,2061
-0.10430776327848434,0.0,0.10137276351451874,-0.33566075563430786,-0.22257238626480103,-0.06561659276485443,-0.03951583802700043,0.0,-0.19808755815029144,-0.0022862530313432217,0.01272656861692667,0.0,0.0,0.0,0.0,-0.4065593481063843,-0.01738623157143593,2550,3,time,0.0,0.02146454155445099,-3.819654703140259,-2.541761875152588,2061
-0.10430776327848434,0.0,0.10302641987800598,-0.37942662835121155,-0.26536667346954346,-0.06561659276485443,0.08813657611608505,0.0,-0.204723060131073,-0.0022862530313432217,0.01272656861692667,0.0,0.0,0.0,0.0,-0.4707065224647522,-0.01738623157143593,2551,3,time,0.0,0.020883498713374138,-3.847691297531128,-2.541761875152588,2061
0.10637711733579636,0.0,-0.37977373600006104,-0.3682108521461487,-0.25203147530555725,-0.05899357795715332,0.08518955111503601,0.0,-0.204723060131073,-0.007418614812195301,0.0076898494735360146,0.0,0.0,0.0,0.0,-0.48602235317230225,-0.057008493691682816,2552,3,time,0.0,0.015417913906276226,-4.156687259674072,-2.541761875152588,2061
0.10637711733579636,0.0,-0.37977373600006104,-0.3682108521461487,-0.25203147530555725,-0.05899357795715332,0.08518955111503601,0.0,-0.204723060131073,-0.007418614812195301,0.0076898494735360146,0.0,0.0,0.0,0.0,-0.48602235317230225,-0.057008493691682816,2553,3,time,0.0,0.015417913906276226,-4.156687259674072,-2.541761875152588,2061
0.10637711733579636,0.0,-0.37977373600006104,-0.3682108521461487,-0.24872241914272308,-0.05899357795715332,0.06206042319536209,0.0,-0.19808755815029144,-0.007418614812195301,0.0076898494735360146,0.0,0.0,0.0,0.0,-0.47283777594566345,-0.057008493691682816,2554,3,time,0.0,0.015417913906276226,-4.156687259674072,-2.541761875152588,2061
0.10637711733579636,0.0,-0.37977373600006104,-0.3682108521461487,-0.25203147530555725,-0.05899357795715332,0.08518955111503601,0.0,-0.204723060131073,-0.007418614812195301,0.0076898494735360146,0.0,0.0,0.0,0.0,-0.48602235317230225,-0.057008493691682816,2555,3,time,0.0,0.015417913906276226,-4.156687259674072,-2.541761875152588,2061
0.10637711733579636,0.0,-0.37977373600006104,-0.37876027822494507,-0.25203147530555725,-0.052874691784381866,0.006220108829438686,0.0,-0.22794897854328156,-0.007418614812195301,0.0076898494735360146,0.0,0.0,0.0,0.0,-0.48602235317230225,-0.057008493691682816,2556,3,time,0.0,0.013880223035812378,-4.263312816619873,-2.541761875152588,2061
0.11488249152898788,0.0,0.11236120015382767,-0.3692511022090912,-0.2485550343990326,0.11764149367809296,0.009167141281068325,0.0,-0.2622964680194855,-0.007418614812195301,0.01272656861692667,0.0,0.0,0.0,0.0,-0.4645374119281769,-0.01738623157143593,2557,3,time,0.0,0.028074227273464203,-3.5444273948669434,-2.541761875152588,2061
0.1298181265592575,0.0,0.11236120015382767,-0.41264012455940247,-0.2620576024055481,-0.05899357795715332,0.06500744819641113,0.0,-0.19808755815029144,-0.007418614812195301,0.01272656861692667,0.0,0.0,0.0,0.0,-0.4513528347015381,-0.01738623157143593,2558,3,time,0.0,0.025836659595370293,-3.62978458404541,-2.541761875152588,2061
0.1298181265592575,0.0,0.12076828628778458,0.048530589789152145,0.03824480250477791,-0.019961301237344742,-0.10842428356409073,0.0,-0.19808755815029144,-0.007418614812195301,0.018345359712839127,0.0,0.0,0.0,0.0,-0.28122463822364807,-0.009298255667090416,2559,3,time,0.0,0.056761059910058975,-2.810469150543213,-2.541761875152588,2061
0.1298181265592575,0.0,0.11070754379034042,-0.3688742518424988,-0.22257238626480103,-0.05899357795715332,-0.03951583802700043,0.0,-0.19808755815029144,-0.007418614812195301,0.01272656861692667,0.0,0.0,0.0,0.0,-0.4003902077674866,-0.01738623157143593,2560,3,time,0.0,0.026551777496933937,-3.601747989654541,-2.541761875152588,2061
0.14765803515911102,0.0,0.07371703535318375,-0.34443333745002747,-0.2552410662174225,-0.05899357795715332,0.04761418700218201,0.0,-0.4312843680381775,0.0061734807677567005,0.01272656861692667,0.0,0.0,0.0,0.0,0.5278780460357666,0.04689068719744682,2561,3,time,0.0,0.05901944264769554,-2.7690556049346924,-2.541761875152588,2061
0.1298181265592575,0.0,0.11236120015382767,-0.4170706868171692,-0.26536667346954346,-0.05899357795715332,0.009167141281068325,0.0,-0.22794897854328156,-0.007418614812195301,0.01272656861692667,0.0,0.0,0.0,0.0,-0.4645374119281769,-0.01738623157143593,2562,3,time,0.0,0.023284435272216797,-3.73641037940979,-2.541761875152588,2061
0.14765803515911102,0.0,0.08920034021139145,0.002218734472990036,-0.27346739172935486,-0.028997255489230156,0.05861940607428551,0.0,-0.3528059124946594,0.0061734807677567005,0.01272656861692667,0.0,0.0,0.0,0.0,0.303641676902771,0.011087946593761444,2563,3,time,0.0,0.0713784322142601,-2.5657055377960205,-2.541761875152588,2061
0.1298181265592575,0.0,0.12242194265127182,0.05107119679450989,-0.26725688576698303,-0.028997255489230156,0.1100974902510643,0.0,-0.19808755815029144,-0.007418614812195301,0.01272656861692667,0.0,0.0,0.0,0.0,-0.36574894189834595,-0.015726489946246147,2564,3,time,0.0,0.047477319836616516,-2.998861789703369,-2.541761875152588,2061
0.1298181265592575,0.0,0.11236120015382767,-0.4170706868171692,-0.26536667346954346,-0.05899357795715332,0.009167141281068325,0.0,-0.22794897854328156,-0.007418614812195301,0.01272656861692667,0.0,0.0,0.0,0.0,-0.4645374119281769,-0.01738623157143593,2565,3,time,0.0,0.023284435272216797,-3.73641037940979,-2.541761875152588,2061
0.1298181265592575,0.0,0.11236120015382767,-0.4170706868171692,-0.26536667346954346,-0.05899357795715332,0.009167141281068325,0.0,-0.22794897854328156,-0.007418614812195301,0.01272656861692667,0.0,0.0,0.0,0.0,-0.4645374119281769,-0.01738623157143593,2566,3,time,0.0,0.023284435272216797,-3.73641037940979,-2.541761875152588,2061
0.1298181265592575,0.0,0.11621476709842682,0.035944391041994095,-0.017204493284225464,-0.03996174409985542,-0.10252335667610168,0.0,0.21533609926700592,-0.007418614812195301,0.015309447422623634,0.0,0.0,0.0,0.0,-0.4255801737308502,-0.015726489946246147,2567,3,time,0.0,0.06676027178764343,-2.6375539302825928,-2.541761875152588,2061
0.1298181265592575,0.0,0.12076828628778458,0.048530589789152145,-0.20914939045906067,-0.028997255489230156,-0.07424991577863693,0.0,-0.19808755815029144,-0.007418614812195301,0.015309447422623634,0.0,0.0,0.0,0.0,-0.3302842676639557,-0.015726489946246147,2568,3,time,0.0,0.04346970468759537,-3.0912482738494873,-2.541761875152588,2061
0.1298181265592575,0.0,0.11236120015382767,-0.41264012455940247,-0.26536667346954346,-0.05899357795715332,0.08813657611608505,0.0,-0.204723060131073,-0.007418614812195301,0.01272656861692667,0.0,0.0,0.0,0.0,-0.4645374119281769,-0.01738623157143593,2569,3,time,0.0,0.025836659595370293,-3.62978458404541,-2.541761875152588,2061
0.1298181265592575,0.0,0.12242194265127182,0.05107119679450989,-0.27423757314682007,-0.028997255489230156,0.10603953897953033,0.0,-0.204723060131073,-0.007418614812195301,0.01272656861692667,0.0,0.0,0.0,0.0,-0.3944314420223236,-0.015726489946246147,2570,3,time,0.0,0.04542436823248863,-3.0452182292938232,-2.541761875152588,2061
0.1298181265592575,0.0,0.11236120015382767,-0.4170706868171692,-0.26536667346954346,-0.05899357795715332,0.009167141281068325,0.0,-0.22794897854328156,-0.007418614812195301,0.01272656861692667,0.0,0.0,0.0,0.0,-0.4645374119281769,-0.01738623157143593,2571,3,time,0.0,0.023284435272216797,-3.73641037940979,-2.541761875152588,2061
0.1298181265592575,0.0,0.12242194265127182,0.05107119679450989,-0.2630317509174347,-0.028997255489230156,0.07668092846870422,0.0,-0.19808755815029144,-0.007418614812195301,0.01272656861692667,0.0,0.0,0.0,0.0,-0.3365575075149536,-0.015726489946246147,2572,3,time,0.0,0.047477319836616516,-2.998861789703369,-2.541761875152588,2061
0.1298181265592575,0.0,0.12055807560682297,0.1016644760966301,0.07365790754556656,-0.022806404158473015,-0.11328079551458359,0.0,-0.2123747318983078,-0.007418614812195301,0.018345359712839127,0.0,0.0,0.0,0.0,-0.31663772463798523,-0.009298255667090416,2573,3,time,0.0,0.05844017118215561,-2.779534339904785,-2.541761875152588,2061
0.1298181265592575,0.0,0.12076828628778458,0.048530589789152145,0.03824480250477791,-0.019961301237344742,-0.10842428356409073,0.0,-0.19808755815029144,-0.007418614812195301,0.018345359712839127,0.0,0.0,0.0,0.0,-0.28122463822364807,-0.009298255667090416,2574,3,time,0.0,0.056761059910058975,-2.810469150543213,-2.541761875152588,2061
0.1298181265592575,0.0,0.12076828628778458,0.048530589789152145,0.03824480250477791,-0.019961301237344742,-0.10842428356409073,0.0,-0.19808755815029144,-0.007418614812195301,0.018345359712839127,0.0,0.0,0.0,0.0,-0.28122463822364807,-0.009298255667090416,2575,3,time,0.0,0.056761059910058975,-2.810469150543213,-2.541761875152588,2061
-0.10430776327848434,0.0,0.10302641987800598,-0.37942662835121155,-0.26536667346954346,-0.06561659276485443,0.08813657611608505,0.0,-0.204723060131073,-0.0022862530313432217,0.01272656861692667,0.0,0.0,0.0,0.0,-0.4707065224647522,-0.01738623157143593,2576,3,time,0.0,0.020883498713374138,-3.847691297531128,-2.541761875152588,2061
-0.10430776327848434,0.0,0.10302641987800598,-0.3838571608066559,-0.26536667346954346,-0.06561659276485443,0.009167141281068325,0.0,-0.22794897854328156,-0.0022862530313432217,0.01272656861692667,0.0,0.0,0.0,0.0,-0.4707065224647522,-0.01738623157143593,2577,3,time,0.0,0.018811114132404327,-3.954317092895508,-2.541761875152588,2061
0.15549121797084808,0.0,0.07257595658302307,0.061797164380550385,0.05151396244764328,0.0007211773190647364,-0.21016791462898254,0.0,-0.39580488204956055,-0.004366464912891388,0.012083745561540127,0.0,0.0,0.0,0.0,0.4848427474498749,0.024280041456222534,1804,0,holdout,0.0,0.09954257309436798,-2.202317476272583,-2.455284833908081,1803
0.17177250981330872,0.0,0.10444115102291107,0.08464016765356064,0.0067203463986516,-0.02337755635380745,0.08814017474651337,0.0,-0.19340278208255768,-0.004366464912891388,0.012083745561540127,0.0,0.0,0.0,0.0,-0.38026073575019836,-0.01578500308096409,1805,0,holdout,0.0,0.06883788853883743,-2.6046791076660156,-2.455284833908081,1803
0.19673147797584534,0.0,0.0862516313791275,-0.06571684777736664,-0.11721285432577133,-0.034824684262275696,0.10305903106927872,0.0,-0.3453107178211212,-0.004366464912891388,0.012083745561540127,0.0,0.0,0.0,0.0,0.30622759461402893,-0.0010743839666247368,1806,0,holdout,0.0,0.08952593803405762,-2.319437026977539,-2.455284833908081,1803
0.17177250981330872,0.0,0.10444115102291107,0.08464016765356064,0.0067203463986516,-0.02337755635380745,0.11481620371341705,0.0,-0.19951553642749786,-0.004366464912891388,0.012083745561540127,0.0,0.0,0.0,0.0,-0.40082404017448425,-0.01578500308096409,1807,0,holdout,0.0,0.06883788853883743,-2.6046791076660156,-2.455284833908081,1803
-0.1477845311164856,0.0,0.06662515550851822,0.10696519911289215,0.08531492948532104,-0.013335324823856354,-0.2237357497215271,0.0,0.2866276204586029,-0.004366464912891388,0.012083745561540127,0.0,0.0,0.0,0.0,0.32767730951309204,0.0041360026225447655,1808,0,holdout,0.0,0.12400079518556595,-1.9550772905349731,-2.455284833908081,1803
-0.13025395572185516,0.0,0.08324311673641205,0.07486644387245178,0.08764421939849854,-0.03857645019888878,-0.1527167409658432,0.0,0.18741698563098907,-0.004366464912891388,0.012083745561540127,0.0,0.0,0.0,0.0,-0.5294020175933838,-0.01578500308096409,1809,0,holdout,0.0,0.053094301372766495,-2.8811299800872803,-2.455284833908081,1803
-0.1477845311164856,0.0,0.05978133901953697,0.08937540650367737,0.052491869777441025,-0.0019372643437236547,-0.19849137961864471,0.0,-0.3476234972476959,-0.004366464912891388,0.012083745561540127,0.0,0.0,0.0,0.0,0.2788178622722626,0.0041360026225447655,1810,0,holdout,0.0,0.06544861197471619,-2.658801317214966,-2.455284833908081,1803
-0.13025395572185516,0.0,0.0848146602511406,0.1595296710729599,0.058057304471731186,-0.0019372643437236547,-0.11907623708248138,0.0,-0.2145954817533493,-0.004366464912891388,0.012083745561540127,0.0,0.0,0.0,0.0,-0.3847270905971527,-0.010574615560472012,1811,0,holdout,0.0,0.04714072495698929,-3.0063300132751465,-2.455284833908081,1803
-0.13591007888317108,0.0,0.08324311673641205,0.07486644387245178,0.03588267043232918,-0.03857645019888878,-0.14706061780452728,0.0,0.18741698563098907,-0.004366464912891388,0.012083745561540127,0.0,0.0,0.0,0.0,-0.4776403605937958,-0.01578500308096409,1812,0,holdout,0.0,0.053094301372766495,-2.8811299800872803,-2.455284833908081,1803
-0.13591007888317108,0.0,0.08324311673641205,0.07486644387245178,0.03588267043232918,-0.03857645019888878,-0.14706061780452728,0.0,0.18741698563098907,-0.004366464912891388,0.012083745561540127,0.0,0.0,0.0,0.0,-0.4776403605937958,-0.01578500308096409,1813,0,holdout,0.0,0.053094301372766495,-2.8811299800872803,-2.455284833908081,1803
-0.10626999288797379,0.0,-0.26855841279029846,0.007893141359090805,0.015005933120846748,-0.020564313977956772,-0.09688036143779755,0.0,-0.19340278208255768,-0.004366464912891388,0.010346597991883755,0.0,0.0,0.0,0.0,-0.34807947278022766,-0.03927081823348999,1814,0,holdout,0.0,0.029328402131795883,-3.499431848526001,-2.455284833908081,1803
-0.10626999288797379,0.0,-0.26855841279029846,0.03840694576501846,-0.21290424466133118,-0.02045593410730362,-0.06940767914056778,0.0,-0.19340278208255768,-0.004366464912891388,0.0050130486488342285,0.0,0.0,0.0,0.0,-0.39536625146865845,-0.04588661715388298,1815,0,holdout,0.0,0.02346540056169033,-3.728483200073242,-2.455284833908081,1803
-0.10626999288797379,0.0,-0.26855841279029846,-0.21977673470973969,-0.23660124838352203,-0.045697059482336044,-0.055080316960811615,0.0,-0.19340278208255768,-0.004366464912891388,0.0050130486488342285,0.0,0.0,0.0,0.0,-0.47923240065574646,-0.04588661715388298,1816,0,holdout,0.0,0.0162202175706625,-4.1051435470581055,-2.455284833908081,1803
-0.12380056828260422,0.0,-0.1869536191225052,-0.056409984827041626,-0.2281705141067505,-0.024553541094064713,-0.1488228291273117,0.0,-0.3264307677745819,-0.004366464912891388,0.0050130486488342285,0.0,0.0,0.0,0.0,0.30317777395248413,0.0980287566781044,1817,0,holdout,0.0,0.041147537529468536,-3.148573160171509,-2.455284833908081,1803
-0.13111206889152527,0.0,0.09164653718471527,-0.26189327239990234,-0.27114078402519226,0.042918190360069275,0.029767856001853943,0.0,-0.21888959407806396,-0.004366464912891388,0.006750195752829313,0.0,0.0,0.0,0.0,-0.5434322953224182,-0.022400803864002228,1818,0,holdout,0.0,0.023261092603206635,-3.7374372482299805,-2.455284833908081,1803
-0.1534406542778015,0.0,0.06661321222782135,0.10064584761857986,-0.07352913916110992,-0.023023683577775955,0.1332329958677292,0.0,0.34151002764701843,-0.004366464912891388,0.012083745561540127,0.0,0.0,0.0,0.0,0.5085036754608154,0.024280041456222534,1819,0,holdout,1.0,0.17905312776565552,-1.5227758884429932,-2.455284833908081,1803
-0.10010372847318649,0.0,0.05810880661010742,0.06535670161247253,0.051533594727516174,-0.0019372643437236547,-0.19478610157966614,0.0,-0.38328278064727783,-0.004366464912891388,-0.04874138906598091,0.0,0.0,0.0,0.0,0.5809557437896729,0.024280041456222534,1820,0,holdout,0.0,0.0825444832444191,-2.40826678276062,-2.455284833908081,1803
-0.13591007888317108,0.0,0.09164653718471527,0.1007218137383461,0.0067203463986516,-0.02603599801659584,0.05915297567844391,0.0,-0.21888959407806396,-0.004366464912891388,0.012083745561540127,0.0,0.0,0.0,0.0,-0.4122794270515442,-0.01578500308096409,1821,0,holdout,0.0,0.04750608652830124,-2.9982259273529053,-2.455284833908081,1803
-0.1534406542778015,0.0,0.06661321222782135,0.10064584761857986,-0.07652726769447327,-0.023023683577775955,0.13518384099006653,0.0,0.298423171043396,-0.004366464912891388,0.012083745561540127,0.0,0.0,0.0,0.0,0.3408990502357483,0.024280041456222534,1822,0,holdout,0.0,0.15001098811626434,-1.734514832496643,-2.455284833908081,1803
-0.13591007888317108,0.0,0.09164653718471527,0.1007218137383461,0.0067203463986516,-0.02603599801659584,0.11105670034885406,0.0,-0.19951553642749786,-0.004366464912891388,0.012083745561540127,0.0,0.0,0.0,0.0,-0.4122794270515442,-0.01578500308096409,1823,0,holdout,0.0,0.05083738639950752,-2.926948070526123,-2.455284833908081,1803
-0.13025395572185516,0.0,0.0848146602511406,0.09554456174373627,0.05482115224003792,-0.027178389951586723,-0.12747235596179962,0.0,-0.19340278208255768,-0.004366464912891388,0.012083745561540127,0.0,0.0,0.0,0.0,-0.3847270905971527,-0.01578500308096409,1824,0,holdout,0.0,0.04347144812345505,-3.0912063121795654,-2.455284833908081,1803
-0.13591007888317108,0.0,0.09164653718471527,0.10817045718431473,-0.00072829844430089,-0.02603599801659584,0.05915297567844391,0.0,-0.21888959407806396,-0.004366464912891388,0.012083745561540127,0.0,0.0,0.0,0.0,-0.4122794270515442,-0.01578500308096409,1825,0,holdout,0.0,0.04750608652830124,-2.9982259273529053,-2.455284833908081,1803
-0.13591007888317108,0.0,0.09164653718471527,0.1007218137383461,0.0067203463986516,-0.02603599801659584,0.05915297567844391,0.0,-0.21888959407806396,-0.004366464912891388,0.012083745561540127,0.0,0.0,0.0,0.0,-0.4122794270515442,-0.01578500308096409,1826,0,holdout,0.0,0.04750608652830124,-2.9982259273529053,-2.455284833908081,1803
-0.13591007888317108,0.0,0.09164653718471527,0.013070400804281235,0.0008951784111559391,-0.03748312592506409,0.11105670034885406,0.0,-0.19951553642749786,-0.004366464912891388,0.012083745561540127,0.0,0.0,0.0,0.0,-0.4122794270515442,-0.01578500308096409,1827,0,holdout,0.0,0.04600660502910614,-3.031871795654297,-2.455284833908081,1803
-0.13591007888317108,0.0,0.09007499366998672,-0.00015906535554677248,0.02626960724592209,-0.04888118430972099,0.08120705932378769,0.0,0.20922863483428955,-0.004366464912891388,0.012083745561540127,0.0,0.0,0.0,0.0,-0.5569542646408081,-0.01578500308096409,1828,0,holdout,0.0,0.05740657448768616,-2.798476219177246,-2.455284833908081,1803
-0.13025395572185516,0.0,0.0848146602511406,0.1595296710729599,0.058057304471731186,-0.0019372643437236547,-0.11907623708248138,0.0,-0.2145954817533493,-0.004366464912891388,0.012083745561540127,0.0,0.0,0.0,0.0,-0.3847270905971527,-0.010574615560472012,1829,0,holdout,1.0,0.04714072495698929,-3.0063300132751465,-2.455284833908081,1803
-0.06782516092061996,0.0,0.07394275069236755,0.09382714331150055,0.38966459035873413,-0.013335324823856354,-0.2664194703102112,0.0,0.24022826552391052,-0.0018540016608312726,-0.04874138906598091,0.0,0.0,0.0,0.0,0.6443167328834534,0.024280041456222534,1830,0,holdout,0.0,0.19985507428646088,-1.3872004747390747,-2.455284833908081,1803
-0.13591007888317108,0.0,0.09164653718471527,0.1007218137383461,0.0067203463986516,-0.02603599801659584,0.08438067883253098,0.0,-0.19340278208255768,-0.004366464912891388,0.012083745561540127,0.0,0.0,0.0,0.0,-0.3917161226272583,-0.01578500308096409,1831,0,holdout,0.0,0.05083738639950752,-2.926948070526123,-2.455284833908081,1803
0.17177250981330872,0.0,0.10444115102291107,0.03429735079407692,-0.007196006830781698,-0.034824684262275696,0.0629124790430069,0.0,-0.21888959407806396,-0.004366464912891388,0.012083745561540127,0.0,0.0,0.0,0.0,-0.40082404017448425,-0.01578500308096409,1832,0,holdout,1.0,0.059992771595716476,-2.7516634464263916,-2.455284833908081,1803
0.12737077474594116,0.0,0.0777352899312973,0.02483789622783661,-0.10489734262228012,-0.02337755635380745,0.15301191806793213,0.0,-0.3807249069213867,-0.004366464912891388,-0.04874138906598091,0.0,0.0,0.0,0.0,0.49911847710609436,0.04091822728514671,1833,0,holdout,0.0,0.1096423789858818,-2.0943992137908936,-2.455284833908081,1803
0.16394343972206116,0.0,0.0976092740893364,0.13092592358589172,0.058057304471731186,-0.024519948288798332,-0.1371980458498001,0.0,-0.20207339525222778,-0.004366464912891388,0.012083745561540127,0.0,0.0,0.0,0.0,-0.3732717037200928,-0.010574615560472012,1834,0,holdout,0.0,0.06038844212889671,-2.74466872215271,-2.455284833908081,1803
0.17177250981330872,0.0,0.10286960750818253,0.06396205723285675,0.039543427526950836,-0.034775618463754654,0.08496656268835068,0.0,0.20922863483428955,-0.004366464912891388,0.012083745561540127,0.0,0.0,0.0,0.0,-0.5454987287521362,-0.01578500308096409,1835,0,holdout,0.0,0.08538884669542313,-2.371283531188965,-2.455284833908081,1803
0.17177250981330872,0.0,0.10444115102291107,0.004437408875674009,-0.1341848224401474,-0.034824684262275696,0.0629124790430069,0.0,-0.21888959407806396,-0.004366464912891388,0.012083745561540127,0.0,0.0,0.0,0.0,-0.4401509463787079,-0.01578500308096409,1836,0,holdout,0.0,0.04983874410390854,-2.9478390216827393,-2.455284833908081,1803
0.16890232264995575,0.0,-0.251960426568985,-0.018056292086839676,-0.1573340743780136,-0.027594231069087982,0.13995300233364105,0.0,-0.3807249069213867,-0.004366464912891388,0.010346597991883755,0.0,0.0,0.0,0.0,0.4680904448032379,0.08103302121162415,1837,0,holdout,0.0,0.08113716542720795,-2.4269957542419434,-2.455284833908081,1803
0.13611431419849396,0.0,-0.30757689476013184,0.0794629156589508,0.02083110250532627,-0.006458748131990433,-0.10660605877637863,0.0,-0.19340278208255768,-0.004366464912891388,0.010346597991883755,0.0,0.0,0.0,0.0,-0.33662405610084534,-0.03927081823348999,1838,0,holdout,0.0,0.039059147238731384,-3.20283579826355,-2.455284833908081,1803
0.16890232264995575,0.0,-0.3185371160507202,-0.08639496564865112,-0.05362968146800995,-0.03899228572845459,0.059926580637693405,0.0,0.26955243945121765,-0.004366464912891388,0.010346597991883755,0.0,0.0,0.0,0.0,0.35002610087394714,-0.03927081823348999,1839,0,holdout,0.0,0.10548418760299683,-2.137721538543701,-2.455284833908081,1803
0.14394336938858032,0.0,-0.33356520533561707,-0.29587945342063904,-0.14866125583648682,-0.03790700063109398,0.09321819245815277,0.0,-0.19951553642749786,-0.004366464912891388,0.010346597991883755,0.0,0.0,0.0,0.0,-0.5470905900001526,-0.03927081823348999,1840,0,holdout,0.0,0.021582920104265213,-3.8140337467193604,-2.455284833908081,1803
0.14394336938858032,0.0,-0.33356520533561707,-0.2558942437171936,-0.28730863332748413,-0.04189622774720192,0.02290305495262146,0.0,-0.21888959407806396,-0.004366464912891388,0.0050130486488342285,0.0,0.0,0.0,0.0,-0.5470905900001526,-0.04588661715388298,1841,0,holdout,0.0,0.017665402963757515,-4.01832389831543,-2.455284833908081,1803
0.14394336938858032,0.0,-0.33356520533561707,-0.2558942437171936,-0.28730863332748413,-0.04189622774720192,0.02290305495262146,0.0,-0.21888959407806396,-0.004366464912891388,0.0050130486488342285,0.0,0.0,0.0,0.0,-0.5470905900001526,-0.04588661715388298,1842,0,holdout,0.0,0.017665402963757515,-4.01832389831543,-2.455284833908081,1803
0.14394336938858032,0.0,-0.33356520533561707,-0.2558942437171936,-0.28730863332748413,-0.04189622774720192,0.02290305495262146,0.0,-0.21888959407806396,-0.004366464912891388,0.0050130486488342285,0.0,0.0,0.0,0.0,-0.5470905900001526,-0.04588661715388298,1843,0,holdout,0.0,0.017665402963757515,-4.01832389831543,-2.455284833908081,1803
0.14394336938858032,0.0,-0.33356520533561707,-0.2558942437171936,-0.28730863332748413,-0.04189622774720192,0.00394263444468379,0.0,-0.21888959407806396,-0.004366464912891388,0.0050130486488342285,0.0,0.0,0.0,0.0,-0.5512792468070984,-0.04588661715388298,1844,0,holdout,0.0,0.017268134281039238,-4.041473388671875,-2.455284833908081,1803
0.14394336938858032,0.0,-0.33356520533561707,-0.26983487606048584,-0.28730863332748413,-0.02795560099184513,0.00394263444468379,0.0,-0.21888959407806396,-0.004366464912891388,0.0050130486488342285,0.0,0.0,0.0,0.0,-0.5512792468070984,-0.04588661715388298,1845,0,holdout,0.0,0.017268134281039238,-4.041473388671875,-2.455284833908081,1803
0.14394336938858032,0.0,-0.33356520533561707,-0.2558942437171936,-0.28730863332748413,-0.04189622774720192,0.00394263444468379,0.0,-0.21888959407806396,-0.004366464912891388,0.0050130486488342285,0.0,0.0,0.0,0.0,-0.5512792468070984,-0.04588661715388298,1846,0,holdout,0.0,0.017268134281039238,-4.041473388671875,-2.455284833908081,1803
0.13824117183685303,0.0,-0.3166598975658417,-0.2507578134536743,-0.2805863916873932,0.09127914160490036,0.00394263444468379,0.0,-0.25403285026550293,-0.004366464912891388,0.0050130486488342285,0.0,0.0,0.0,0.0,-0.5512792468070984,-0.04588661715388298,1847,0,holdout,0.0,0.019447870552539825,-3.9203782081604004,-2.455284833908081,1803
0.14394336938858032,0.0,-0.33356520533561707,-0.2558942437171936,-0.28730863332748413,-0.04189622774720192,0.00394263444468379,0.0,-0.21888959407806396,-0.004366464912891388,0.0050130486488342285,0.0,0.0,0.0,0.0,-0.5512792468070984,-0.04588661715388298,1848,0,holdout,0.0,0.017268134281039238,-4.041473388671875,-2.455284833908081,1803
0.14394336938858032,0.0,-0.33356520533561707,-0.26983487606048584,-0.28730863332748413,-0.02795560099184513,0.00394263444468379,0.0,-0.21888959407806396,-0.004366464912891388,0.0050130486488342285,0.0,0.0,0.0,0.0,-0.5512792468070984,-0.04588661715388298,1849,0,holdout,0.0,0.017268134281039238,-4.041473388671875,-2.455284833908081,1803
0.14394336938858032,0.0,-0.33356520533561707,-0.2558942437171936,-0.28730863332748413,-0.04189622774720192,0.00394263444468379,0.0,-0.21888959407806396,-0.004366464912891388,0.0050130486488342285,0.0,0.0,0.0,0.0,-0.5512792468070984,-0.04588661715388298,1850,0,holdout,0.0,0.017268134281039238,-4.041473388671875,-2.455284833908081,1803
0.14394336938858032,0.0,-0.33356520533561707,-0.26983487606048584,-0.28730863332748413,-0.02795560099184513,0.00394263444468379,0.0,-0.21888959407806396,-0.004366464912891388,0.0050130486488342285,0.0,0.0,0.0,0.0,-0.5512792468070984,-0.04588661715388298,1851,0,holdout,0.0,0.017268134281039238,-4.041473388671875,-2.455284833908081,1803
0.14394336938858032,0.0,-0.33356520533561707,-0.24757124483585358,-0.27574771642684937,-0.04189622774720192,0.00394263444468379,0.0,-0.21888959407806396,-0.004366464912891388,0.0050130486488342285,0.0,0.0,0.0,0.0,-0.5512792468070984,-0.04588661715388298,1852,0,holdout,0.0,0.017608826979994774,-4.021589279174805,-2.455284833908081,1803
0.13824117183685303,0.0,-0.3166598975658417,-0.2507578134536743,-0.2805863916873932,0.09127914160490036,0.00394263444468379,0.0,-0.25403285026550293,-0.004366464912891388,0.0050130486488342285,0.0,0.0,0.0,0.0,-0.5512792468070984,-0.04588661715388298,1853,0,holdout,0.0,0.019447870552539825,-3.9203782081604004,-2.455284833908081,1803
0.13824117183685303,0.0,-0.3166598975658417,-0.2424348145723343,-0.2690254747867584,0.09127914160490036,0.00394263444468379,0.0,-0.25403285026550293,-0.004366464912891388,0.0050130486488342285,0.0,0.0,0.0,0.0,-0.5512792468070984,-0.04588661715388298,1854,0,holdout,0.0,0.019830700010061264,-3.90049409866333,-2.455284833908081,1803
0.13824117183685303,0.0,-0.3166598975658417,-0.2424348145723343,-0.2690254747867584,0.09127914160490036,0.00394263444468379,0.0,-0.25403285026550293,-0.004366464912891388,0.0050130486488342285,0.0,0.0,0.0,0.0,-0.5512792468070984,-0.04588661715388298,1855,0,holdout,0.0,0.019830700010061264,-3.90049409866333,-2.455284833908081,1803
-0.12945668399333954,0.0,-0.23062865436077118,-0.17204804718494415,-0.2565285861492157,-0.05595272779464722,0.06238378956913948,0.0,0.29136407375335693,-0.004366464912891388,0.0050130486488342285,0.0,0.0,0.0,0.0,0.4299737215042114,0.032424598932266235,1856,0,holdout,0.0,0.07705105096101761,-2.4831056594848633,-2.455284833908081,1803
-0.1071280986070633,0.0,-0.2945467233657837,-0.22635316848754883,-0.2690254747867584,0.07088152319192886,0.00018313853070139885,0.0,-0.25403285026550293,-0.004366464912891388,0.0050130486488342285,0.0,0.0,0.0,0.0,-0.562734842300415,-0.04588661715388298,1857,0,holdout,0.0,0.015622742474079132,-4.14328145980835,-2.455284833908081,1803
-0.10626999288797379,0.0,-0.26855841279029846,-0.21129268407821655,-0.24508529901504517,-0.02045593410730362,-0.04668419808149338,0.0,-0.19340278208255768,-0.004366464912891388,0.0050130486488342285,0.0,0.0,0.0,0.0,-0.47923240065574646,-0.04588661715388298,1858,0,holdout,0.0,0.016765795648097992,-4.071506500244141,-2.455284833908081,1803
-0.1119261160492897,0.0,-0.2945467233657837,-0.23981259763240814,-0.28730863332748413,-0.04455466940999031,0.00018313853070139885,0.0,-0.21888959407806396,-0.004366464912891388,0.0050130486488342285,0.0,0.0,0.0,0.0,-0.562734842300415,-0.04588661715388298,1859,0,holdout,0.0,0.013924059458076954,-4.260115146636963,-2.455284833908081,1803
-0.1119261160492897,0.0,-0.26855841279029846,0.030609413981437683,-0.2567477822303772,-0.024553541094064713,-0.06375154107809067,0.0,-0.19340278208255768,-0.004366464912891388,0.0050130486488342285,0.0,0.0,0.0,0.0,-0.39536625146865845,-0.04588661715388298,1860,0,holdout,0.0,0.02222152054309845,-3.784221887588501,-2.455284833908081,1803
-0.1071280986070633,0.0,-0.2776414155960083,-0.22635316848754883,-0.2690254747867584,0.09912091493606567,0.00018313853070139885,0.0,-0.25403285026550293,-0.004366464912891388,0.0050130486488342285,0.0,0.0,0.0,0.0,-0.562734842300415,-0.04588661715388298,1861,0,holdout,0.0,0.01633240468800068,-4.098136901855469,-2.455284833908081,1803
-0.12945668399333954,0.0,-0.21294191479682922,-0.14101795852184296,-0.27438753843307495,-0.04455466940999031,0.040329691022634506,0.0,-0.351917564868927,-0.004366464912891388,0.0050130486488342285,0.0,0.0,0.0,0.0,0.4056447744369507,0.0980287566781044,1862,0,holdout,0.0,0.04457808658480644,-3.064910650253296,-2.455284833908081,1803
-0.1071280986070633,0.0,-0.2776414155960083,-0.22635316848754883,-0.2690254747867584,0.09912091493606567,0.00018313853070139885,0.0,-0.25403285026550293,-0.004366464912891388,0.0050130486488342285,0.0,0.0,0.0,0.0,-0.562734842300415,-0.04588661715388298,1863,0,holdout,0.0,0.01633240468800068,-4.098136901855469,-2.455284833908081,1803
-0.1071280986070633,0.0,-0.2776414155960083,-0.22635316848754883,-0.2690254747867584,0.09912091493606567,0.00018313853070139885,0.0,-0.25403285026550293,-0.004366464912891388,0.0050130486488342285,0.0,0.0,0.0,0.0,-0.562734842300415,-0.04588661715388298,1864,0,holdout,0.0,0.01633240468800068,-4.098136901855469,-2.455284833908081,1803
-0.1119261160492897,0.0,-0.2945467233657837,-0.23148959875106812,-0.27574771642684937,-0.04455466940999031,0.00018313853070139885,0.0,-0.21888959407806396,-0.004366464912891388,0.0050130486488342285,0.0,0.0,0.0,0.0,-0.562734842300415,-0.04588661715388298,1865,0,holdout,0.0,0.014199727214872837,-4.240231037139893,-2.455284833908081,1803
-0.1071280986070633,0.0,-0.2776414155960083,-0.22635316848754883,-0.2690254747867584,0.09912091493606567,0.00018313853070139885,0.0,-0.25403285026550293,-0.004366464912891388,0.0050130486488342285,0.0,0.0,0.0,0.0,-0.562734842300415,-0.04588661715388298,1866,0,holdout,0.0,0.01633240468800068,-4.098136901855469,-2.455284833908081,1803
-0.13591007888317108,0.0,0.09164653718471527,0.035786665976047516,-0.31674259901046753,-0.04147235304117203,0.021781135350465775,0.0,-0.21888959407806396,-0.004366464912891388,0.006750195752829313,0.0,0.0,0.0,0.0,-0.46375489234924316,-0.022400803864002228,1867,0,holdout,0.0,0.029231050983071327,-3.502856969833374,-2.455284833908081,1803
-0.13591007888317108,0.0,0.09164653718471527,0.10041923075914383,-0.3001161813735962,-0.010984707623720169,0.021781135350465775,0.0,-0.21888959407806396,-0.004366464912891388,0.006750195752829313,0.0,0.0,0.0,0.0,-0.46375489234924316,-0.022400803864002228,1868,0,holdout,0.0,0.03257444500923157,-3.391110420227051,-2.455284833908081,1803
-0.13591007888317108,0.0,0.09164653718471527,0.02051904797554016,-0.1341848224401474,-0.03748312592506409,0.05915297567844391,0.0,-0.21888959407806396,-0.004366464912891388,0.012083745561540127,0.0,0.0,0.0,0.0,-0.4516063332557678,-0.01578500308096409,1869,0,holdout,0.0,0.03661102056503296,-3.2701079845428467,-2.455284833908081,1803
-0.13591007888317108,0.0,0.09164653718471527,0.16470694541931152,0.00995650514960289,-0.011625622399151325,0.10862207412719727,0.0,-0.2207082360982895,-0.004366464912891388,0.012083745561540127,0.0,0.0,0.0,0.0,-0.4122794270515442,-0.010574615560472012,1870,0,holdout,0.0,0.053975749760866165,-2.8637332916259766,-2.455284833908081,1803
-0.13591007888317108,0.0,0.09164653718471527,0.02051904797554016,-0.1341848224401474,-0.03748312592506409,0.05915297567844391,0.0,-0.21888959407806396,-0.004366464912891388,0.012083745561540127,0.0,0.0,0.0,0.0,-0.4516063332557678,-0.01578500308096409,1871,0,holdout,0.0,0.03661102056503296,-3.2701079845428467,-2.455284833908081,1803
-0.13111206889152527,0.0,0.09164653718471527,0.035952530801296234,-0.1651713103055954,0.07162589579820633,0.05915297567844391,0.0,-0.25403285026550293,-0.004366464912891388,0.012083745561540127,0.0,0.0,0.0,0.0,-0.45956623554229736,-0.01578500308096409,1872,0,holdout,0.0,0.038610417395830154,-3.214857578277588,-2.455284833908081,1803
-0.13111206889152527,0.0,0.08440796285867691,0.05525963753461838,-0.26057085394859314,0.1377609372138977,0.04383523389697075,0.0,0.23951588571071625,-0.004366464912891388,0.006750195752829313,0.0,0.0,0.0,0.0,-0.6084297299385071,-0.022400803864002228,1873,0,holdout,0.0,0.05143485218286514,-2.9146344661712646,-2.455284833908081,1803
-0.10010372847318649,0.0,0.06661321222782135,0.08305604755878448,-0.08995514363050461,-0.011625622399151325,0.14681781828403473,0.0,-0.40191763639450073,0.016432497650384903,0.012083745561540127,0.0,0.0,0.0,0.0,0.5678712129592896,0.024280041456222534,1874,0,holdout,0.0,0.105106420814991,-2.1417315006256104,-2.455284833908081,1803
-0.1534406542778015,0.0,0.06662515550851822,0.10696519911289215,0.08531492948532104,-0.013335324823856354,-0.21807962656021118,0.0,0.2866276204586029,-0.004366464912891388,0.012083745561540127,0.0,0.0,0.0,0.0,0.32767730951309204,0.0041360026225447655,1875,0,holdout,0.0,0.12400079518556595,-1.9550772905349731,-2.455284833908081,1803
-0.13591007888317108,0.0,0.09164653718471527,0.02051904797554016,-0.1341848224401474,-0.03748312592506409,0.05915297567844391,0.0,-0.21888959407806396,-0.004366464912891388,0.012083745561540127,0.0,0.0,0.0,0.0,-0.4516063332557678,-0.01578500308096409,1876,0,holdout,0.0,0.03661102056503296,-3.2701079845428467,-2.455284833908081,1803
-0.13591007888317108,0.0,0.09164653718471527,0.1007218137383461,0.0067203463986516,-0.02603599801659584,0.05915297567844391,0.0,-0.21888959407806396,-0.004366464912891388,0.012083745561540127,0.0,0.0,0.0,0.0,-0.4122794270515442,-0.01578500308096409,1877,0,holdout,0.0,0.04750608652830124,-2.9982259273529053,-2.455284833908081,1803
-0.13591007888317108,0.0,0.09164653718471527,0.10817045718431473,-0.00072829844430089,-0.02603599801659584,0.05915297567844391,0.0,-0.21888959407806396,-0.004366464912891388,0.012083745561540127,0.0,0.0,0.0,0.0,-0.4122794270515442,-0.01578500308096409,1878,0,holdout,0.0,0.04750608652830124,-2.9982259273529053,-2.455284833908081,1803
-0.1534406542778015,0.0,0.0734570175409317,0.0945526584982872,-0.10070290416479111,-0.011625622399151325,0.14876866340637207,0.0,-0.3471294045448303,-0.004366464912891388,0.012083745561540127,0.0,0.0,0.0,0.0,0.25228261947631836,0.0041360026225447655,1879,0,holdout,0.0,0.07675553113222122,-2.4872686862945557,-2.455284833908081,1803
-0.13591007888317108,0.0,0.09164653718471527,0.1007218137383461,0.0067203463986516,-0.02603599801659584,0.05915297567844391,0.0,-0.21888959407806396,-0.004366464912891388,0.012083745561540127,0.0,0.0,0.0,0.0,-0.4122794270515442,-0.01578500308096409,1880,0,holdout,0.0,0.04750608652830124,-2.9982259273529053,-2.455284833908081,1803
-0.1119261160492897,0.0,-0.2873016595840454,0.037149518728256226,-0.0877985954284668,-0.04165072739124298,0.09599733352661133,0.0,0.18741698563098907,-0.004366464912891388,0.010346597991883755,0.0,0.0,0.0,0.0,-0.5536121726036072,-0.03927081823348999,1881,0,holdout,0.0,0.037316083908081055,-3.250300645828247,-2.455284833908081,1803
-0.13591007888317108,0.0,0.09164653718471527,0.1007218137383461,0.0067203463986516,-0.02603599801659584,0.11105670034885406,0.0,-0.19951553642749786,-0.004366464912891388,0.012083745561540127,0.0,0.0,0.0,0.0,-0.4122794270515442,-0.01578500308096409,1882,0,holdout,0.0,0.05083738639950752,-2.926948070526123,-2.455284833908081,1803
-0.13025395572185516,0.0,0.0848146602511406,0.1595296710729599,0.058057304471731186,-0.0019372643437236547,-0.11907623708248138,0.0,-0.2145954817533493,-0.004366464912891388,0.012083745561540127,0.0,0.0,0.0,0.0,-0.3847270905971527,-0.010574615560472012,1883,0,holdout,0.0,0.04714072495698929,-3.0063300132751465,-2.455284833908081,1803
-0.13591007888317108,0.0,0.09164653718471527,0.1007218137383461,0.0067203463986516,-0.02603599801659584,0.11105670034885406,0.0,-0.19951553642749786,-0.004366464912891388,0.012083745561540127,0.0,0.0,0.0,0.0,-0.4122794270515442,-0.01578500308096409,1884,0,holdout,0.0,0.05083738639950752,-2.926948070526123,-2.455284833908081,1803
-0.13025395572185516,0.0,0.0848146602511406,0.1595296710729599,0.058057304471731186,-0.0019372643437236547,-0.11907623708248138,0.0,-0.2145954817533493,-0.004366464912891388,0.012083745561540127,0.0,0.0,0.0,0.0,-0.3847270905971527,-0.010574615560472012,1885,0,holdout,0.0,0.04714072495698929,-3.0063300132751465,-2.455284833908081,1803
-0.13025395572185516,0.0,0.10064861923456192,0.1595296710729599,0.31023985147476196,-0.0019372643437236547,-0.1598091572523117,0.0,-0.19926056265830994,-0.004366464912891388,0.012083745561540127,0.0,0.0,0.0,0.0,-0.39447203278541565,-0.010574615560472012,1886,0,holdout,0.0,0.058775514364242554,-2.773456335067749,-2.455284833908081,1803
-0.13591007888317108,0.0,0.09164653718471527,0.1007218137383461,0.0067203463986516,-0.02603599801659584,0.13818344473838806,0.0,-0.19340278208255768,-0.004366464912891388,0.012083745561540127,0.0,0.0,0.0,0.0,-0.36331313848495483,-0.01578500308096409,1887,0,holdout,0.0,0.054953742772340775,-2.8447420597076416,-2.455284833908081,1803
-0.10626999288797379,0.0,-0.26855841279029846,0.015341781079769135,0.00755728967487812,-0.020564313977956772,-0.09688036143779755,0.0,-0.19340278208255768,-0.004366464912891388,0.010346597991883755,0.0,0.0,0.0,0.0,-0.34807947278022766,-0.03927081823348999,1888,0,holdout,0.0,0.029328402131795883,-3.499431848526001,-2.455284833908081,1803
-0.12380056828260422,0.0,-0.1869536191225052,0.04319091513752937,-0.10592439025640488,-0.009117189794778824,-0.17629550397396088,0.0,-0.3264307677745819,-0.004366464912891388,0.010346597991883755,0.0,0.0,0.0,0.0,0.2534090280532837,0.08103302121162415,1889,0,holdout,0.0,0.04741712659597397,-3.0001935958862305,-2.455284833908081,1803
-0.1119261160492897,0.0,-0.26855841279029846,0.1029932051897049,-0.11424887925386429,-0.009117189794778824,-0.09122423827648163,0.0,-0.19340278208255768,-0.004366464912891388,0.010346597991883755,0.0,0.0,0.0,0.0,-0.3874063491821289,-0.03927081823348999,1890,0,holdout,0.0,0.027613019570708275,-3.5614664554595947,-2.455284833908081,1803
-0.13111206889152527,0.0,0.09164653718471527,0.07206244766712189,-0.010898549109697342,0.08407530188560486,0.11105670034885406,0.0,-0.23465879261493683,-0.004366464912891388,0.012083745561540127,0.0,0.0,0.0,0.0,-0.4122794270515442,-0.01578500308096409,1891,0,holdout,0.0,0.052477773278951645,-2.893460750579834,-2.455284833908081,1803
-0.13111206889152527,0.0,0.08597950637340546,-0.24316023290157318,-0.2898738384246826,0.08372847735881805,0.029767856001853943,0.0,-0.25403285026550293,-0.004366464912891388,0.006750195752829313,0.0,0.0,0.0,0.0,-0.5434322953224182,-0.022400803864002228,1892,0,holdout,0.0,0.023261092603206635,-3.7374372482299805,-2.455284833908081,1803
-0.13111206889152527,0.0,0.08597950637340546,-0.23467616736888885,-0.29835787415504456,0.08372847735881805,0.01080743595957756,0.0,-0.25403285026550293,-0.004366464912891388,0.006750195752829313,0.0,0.0,0.0,0.0,-0.547620952129364,-0.022400803864002228,1893,0,holdout,0.0,0.022740909829735756,-3.7605862617492676,-2.455284833908081,1803
-0.13111206889152527,0.0,0.08597950637340546,-0.23467616736888885,-0.29835787415504456,0.08372847735881805,0.01080743595957756,0.0,-0.25403285026550293,-0.004366464912891388,0.006750195752829313,0.0,0.0,0.0,0.0,-0.547620952129364,-0.022400803864002228,1894,0,holdout,0.0,0.022740909829735756,-3.7605862617492676,-2.455284833908081,1803
-0.13591007888317108,0.0,0.09164653718471527,0.10817045718431473,-0.00072829844430089,-0.02603599801659584,0.11105670034885406,0.0,-0.19951553642749786,-0.004366464912891388,0.012083745561540127,0.0,0.0,0.0,0.0,-0.4122794270515442,-0.01578500308096409,1895,0,holdout,0.0,0.05083738639950752,-2.926948070526123,-2.455284833908081,1803
-0.1119261160492897,0.0,-0.2945467233657837,-0.27979782223701477,-0.1255856156349182,-0.04056544229388237,0.1127026304602623,0.0,-0.19340278208255768,-0.004366464912891388,0.010346597991883755,0.0,0.0,0.0,0.0,-0.5016200542449951,-0.03927081823348999,1896,0,holdout,0.0,0.019391894340515137,-3.9233176708221436,-2.455284833908081,1803
-0.1119261160492897,0.0,-0.2945467233657837,0.09781284630298615,-0.28234466910362244,-0.034241899847984314,0.07958636432886124,0.0,-0.19951553642749786,-0.004366464912891388,0.0050130486488342285,0.0,0.0,0.0,0.0,-0.4746801257133484,-0.04588661715388298,1897,0,holdout,0.0,0.02365177683532238,-3.720381021499634,-2.455284833908081,1803
-0.13111206889152527,0.0,0.08597950637340546,-0.23467616736888885,-0.29835787415504456,0.08372847735881805,0.01080743595957756,0.0,-0.25403285026550293,-0.004366464912891388,0.006750195752829313,0.0,0.0,0.0,0.0,-0.547620952129364,-0.022400803864002228,1898,0,holdout,0.0,0.022740909829735756,-3.7605862617492676,-2.455284833908081,1803
-0.13111206889152527,0.0,0.09007499366998672,0.03679202124476433,-0.2839195132255554,0.02984222210943699,0.04383523389697075,0.0,0.20922863483428955,-0.004366464912891388,0.006750195752829313,0.0,0.0,0.0,0.0,-0.6084297299385071,-0.022400803864002228,1899,0,holdout,0.0,0.043563708662986755,-3.088989734649658,-2.455284833908081,1803
-0.13111206889152527,0.0,0.08597950637340546,0.035952530801296234,-0.14597852528095245,0.07729292660951614,0.05915297567844391,0.0,-0.25403285026550293,-0.004366464912891388,0.012083745561540127,0.0,0.0,0.0,0.0,-0.4516063332557678,-0.01578500308096409,1900,0,holdout,0.0,0.03963104262948036,-3.1877048015594482,-2.455284833908081,1803
-0.1534406542778015,0.0,0.05978133901953697,0.07787879556417465,0.04384443908929825,-0.027178389951586723,-0.20123137533664703,0.0,-0.3476234972476959,-0.004366464912891388,0.012083745561540127,0.0,0.0,0.0,0.0,0.2788178622722626,0.024280041456222534,1901,0,holdout,0.0,0.06342101097106934,-2.6924386024475098,-2.455284833908081,1803
-0.1534406542778015,0.0,0.06661321222782135,0.030567575246095657,-0.10393905639648438,-0.02603599801659584,0.09475913643836975,0.0,-0.3264307677745819,-0.004366464912891388,0.012083745561540127,0.0,0.0,0.0,0.0,0.25652840733528137,-0.0010743839666247368,1902,0,holdout,0.0,0.06849634647369385,-2.6100196838378906,-2.455284833908081,1803
-0.13111206889152527,0.0,0.08597950637340546,0.035952530801296234,-0.01834719441831112,0.07729292660951614,0.05915297567844391,0.0,-0.25403285026550293,-0.004366464912891388,0.012083745561540127,0.0,0.0,0.0,0.0,-0.4122794270515442,-0.01578500308096409,1903,0,holdout,0.0,0.046497367322444916,-3.0207464694976807,-2.455284833908081,1803
-0.1119261160492897,0.0,-0.2945467233657837,-0.26702970266342163,-0.26009154319763184,-0.04455466940999031,0.044371262192726135,0.0,-0.19340278208255768,-0.004366464912891388,0.0050130486488342285,0.0,0.0,0.0,0.0,-0.5379829406738281,-0.04588661715388298,1904,0,holdout,0.0,0.01528187282383442,-4.1656880378723145,-2.455284833908081,1803
-0.1119261160492897,0.0,-0.2945467233657837,-0.23981259763240814,-0.28730863332748413,-0.04455466940999031,0.01914355903863907,0.0,-0.21888959407806396,-0.004366464912891388,0.0050130486488342285,0.0,0.0,0.0,0.0,-0.5585461854934692,-0.04588661715388298,1905,0,holdout,0.0,0.014245502650737762,-4.236966133117676,-2.455284833908081,1803
-0.13111206889152527,0.0,0.08597950637340546,-0.23467616736888885,-0.29835787415504456,0.08372847735881805,0.01080743595957756,0.0,-0.25403285026550293,-0.004366464912891388,0.006750195752829313,0.0,0.0,0.0,0.0,-0.547620952129364,-0.022400803864002228,1906,0,holdout,0.0,0.022740909829735756,-3.7605862617492676,-2.455284833908081,1803
-0.1119261160492897,0.0,-0.2945467233657837,-0.23981259763240814,-0.28730863332748413,-0.04455466940999031,0.01914355903863907,0.0,-0.21888959407806396,-0.004366464912891388,0.0050130486488342285,0.0,0.0,0.0,0.0,-0.5585461854934692,-0.04588661715388298,1907,0,holdout,0.0,0.014245502650737762,-4.236966133117676,-2.455284833908081,1803
-0.1119261160492897,0.0,-0.2945467233657837,-0.23981259763240814,-0.28730863332748413,-0.04455466940999031,0.01914355903863907,0.0,-0.21888959407806396,-0.004366464912891388,0.0050130486488342285,0.0,0.0,0.0,0.0,-0.5585461854934692,-0.04588661715388298,1908,0,holdout,0.0,0.014245502650737762,-4.236966133117676,-2.455284833908081,1803
-0.1119261160492897,0.0,-0.2945467233657837,-0.23981259763240814,-0.28730863332748413,-0.04455466940999031,0.01914355903863907,0.0,-0.21888959407806396,-0.004366464912891388,0.0050130486488342285,0.0,0.0,0.0,0.0,-0.5585461854934692,-0.04588661715388298,1909,0,holdout,0.0,0.014245502650737762,-4.236966133117676,-2.455284833908081,1803
-0.13111206889152527,0.0,0.08597950637340546,-0.23467616736888885,-0.29835787415504456,0.08372847735881805,0.01080743595957756,0.0,-0.25403285026550293,-0.004366464912891388,0.006750195752829313,0.0,0.0,0.0,0.0,-0.547620952129364,-0.022400803864002228,1910,0,holdout,0.0,0.022740909829735756,-3.7605862617492676,-2.455284833908081,1803
-0.13025395572185516,0.0,0.0848146602511406,0.1595296710729599,0.058057304471731186,-0.027178389951586723,-0.12747235596179962,0.0,-0.2145954817533493,-0.004366464912891388,0.012083745561540127,0.0,0.0,0.0,0.0,-0.3847270905971527,-0.010574615560472012,1911,0,holdout,0.0,0.0456525944173336,-3.0399672985076904,-2.455284833908081,1803
-0.13111206889152527,0.0,0.08597950637340546,0.07951109111309052,-0.14597852528095245,0.08974234014749527,0.05915297567844391,0.0,-0.25403285026550293,-0.004366464912891388,0.012083745561540127,0.0,0.0,0.0,0.0,-0.4516063332557678,-0.01578500308096409,1912,0,holdout,0.0,0.04181855916976929,-3.131696939468384,-2.455284833908081,1803
-0.1119261160492897,0.0,-0.2873016595840454,-0.2604907155036926,-0.2544855773448944,-0.05595272779464722,0.05746248736977577,0.0,0.19296379387378693,-0.004366464912891388,0.0050130486488342285,0.0,0.0,0.0,0.0,-0.6944043636322021,-0.04588661715388298,1913,0,holdout,0.0,0.019557228311896324,-3.914659261703491,-2.455284833908081,1803
-0.1119261160492897,0.0,-0.2945467233657837,-0.23981259763240814,-0.28730863332748413,-0.04455466940999031,0.01914355903863907,0.0,-0.21888959407806396,-0.004366464912891388,0.0050130486488342285,0.0,0.0,0.0,0.0,-0.5585461854934692,-0.04588661715388298,1914,0,holdout,0.0,0.014245502650737762,-4.236966133117676,-2.455284833908081,1803
-0.10626999288797379,0.0,-0.26855841279029846,-0.21129268407821655,-0.24508529901504517,-0.045697059482336044,-0.055080316960811615,0.0,-0.19340278208255768,-0.004366464912891388,0.0050130486488342285,0.0,0.0,0.0,0.0,-0.47923240065574646,-0.04588661715388298,1915,0,holdout,0.0,0.0162202175706625,-4.1051435470581055,-2.455284833908081,1803
-0.10626999288797379,0.0,-0.26855841279029846,-0.21129268407821655,-0.24508529901504517,-0.045697059482336044,-0.055080316960811615,0.0,-0.19340278208255768,-0.004366464912891388,0.0050130486488342285,0.0,0.0,0.0,0.0,-0.47923240065574646,-0.04588661715388298,1916,0,holdout,0.0,0.0162202175706625,-4.1051435470581055,-2.455284833908081,1803
-0.09931393712759018,0.0,-0.1869536191225052,-0.04446049779653549,-0.10408002883195877,-0.020564313977956772,-0.17824634909629822,0.0,-0.37461215257644653,-0.004366464912891388,0.010346597991883755,0.0,0.0,0.0,0.0,0.4633868634700775,0.08103302121162415,1917,0,holdout,0.0,0.05150901526212692,-2.9131155014038086,-2.455284833908081,1803
-0.1119261160492897,0.0,-0.2945467233657837,-0.23981259763240814,-0.28730863332748413,-0.04455466940999031,0.01914355903863907,0.0,-0.21888959407806396,-0.004366464912891388,0.0050130486488342285,0.0,0.0,0.0,0.0,-0.5585461854934692,-0.04588661715388298,1918,0,holdout,0.0,0.014245502650737762,-4.236966133117676,-2.455284833908081,1803
-0.1119261160492897,0.0,-0.26855841279029846,-0.21129268407821655,-0.24508529901504517,-0.045697059482336044,-0.049424197524785995,0.0,-0.19340278208255768,-0.004366464912891388,0.0050130486488342285,0.0,0.0,0.0,0.0,-0.47923240065574646,-0.04588661715388298,1919,0,holdout,0.0,0.0162202175706625,-4.1051435470581055,-2.455284833908081,1803
-0.10626999288797379,0.0,-0.26855841279029846,-0.21129268407821655,-0.24508529901504517,-0.045697059482336044,-0.055080316960811615,0.0,-0.19340278208255768,-0.004366464912891388,0.0050130486488342285,0.0,0.0,0.0,0.0,-0.47923240065574646,-0.04588661715388298,1920,0,holdout,0.0,0.0162202175706625,-4.1051435470581055,-2.455284833908081,1803
-0.1071280986070633,0.0,-0.2776414155960083,-0.23467616736888885,-0.2805863916873932,0.09912091493606567,0.01914355903863907,0.0,-0.25403285026550293,-0.004366464912891388,0.0050130486488342285,0.0,0.0,0.0,0.0,-0.5585461854934692,-0.04588661715388298,1921,0,holdout,0.0,0.016384948045015335,-4.094871520996094,-2.455284833908081,1803
-0.1119261160492897,0.0,-0.2945467233657837,-0.23981259763240814,-0.28730863332748413,-0.04455466940999031,0.01914355903863907,0.0,-0.21888959407806396,-0.004366464912891388,0.0050130486488342285,0.0,0.0,0.0,0.0,-0.5585461854934692,-0.04588661715388298,1922,0,holdout,0.0,0.014245502650737762,-4.236966133117676,-2.455284833908081,1803
-0.1119261160492897,0.0,-0.26855841279029846,-0.21129268407821655,-0.24508529901504517,-0.02045593410730362,-0.04102807864546776,0.0,-0.19340278208255768,-0.004366464912891388,0.0050130486488342285,0.0,0.0,0.0,0.0,-0.47923240065574646,-0.04588661715388298,1923,0,holdout,0.0,0.016765795648097992,-4.071506500244141,-2.455284833908081,1803
-0.1119261160492897,0.0,-0.2945467233657837,-0.2537532448768616,-0.28730863332748413,-0.030614042654633522,0.06493453681468964,0.0,-0.19340278208255768,-0.004366464912891388,0.0050130486488342285,0.0,0.0,0.0,0.0,-0.5585461854934692,-0.04588661715388298,1924,0,holdout,0.0,0.01528187282383442,-4.1656880378723145,-2.455284833908081,1803
-0.1071280986070633,0.0,-0.2776414155960083,-0.22635316848754883,-0.2690254747867584,0.09912091493606567,0.01914355903863907,0.0,-0.25403285026550293,-0.004366464912891388,0.0050130486488342285,0.0,0.0,0.0,0.0,-0.5585461854934692,-0.04588661715388298,1925,0,holdout,0.0,0.016708502545952797,-4.074987888336182,-2.455284833908081,1803
-0.1071280986070633,0.0,-0.2945467233657837,-0.22635316848754883,-0.2690254747867584,0.07088152319192886,0.01914355903863907,0.0,-0.25403285026550293,-0.004366464912891388,0.0050130486488342285,0.0,0.0,0.0,0.0,-0.5585461854934692,-0.04588661715388298,1926,0,holdout,0.0,0.015982765704393387,-4.1201324462890625,-2.455284833908081,1803
-0.1071280986070633,0.0,-0.2776414155960083,-0.22635316848754883,-0.2690254747867584,0.09912091493606567,0.00018313853070139885,0.0,-0.25403285026550293,-0.004366464912891388,0.0050130486488342285,0.0,0.0,0.0,0.0,-0.562734842300415,-0.04588661715388298,1927,0,holdout,0.0,0.01633240468800068,-4.098136901855469,-2.455284833908081,1803
-0.1119261160492897,0.0,-0.2945467233657837,-0.23148959875106812,-0.27574771642684937,-0.04455466940999031,0.00018313853070139885,0.0,-0.21888959407806396,-0.004366464912891388,0.0050130486488342285,0.0,0.0,0.0,0.0,-0.562734842300415,-0.04588661715388298,1928,0,holdout,0.0,0.014199727214872837,-4.240231037139893,-2.455284833908081,1803
-0.1071280986070633,0.0,-0.2776414155960083,-0.22635316848754883,-0.2690254747867584,0.09912091493606567,0.00018313853070139885,0.0,-0.25403285026550293,-0.004366464912891388,0.0050130486488342285,0.0,0.0,0.0,0.0,-0.562734842300415,-0.04588661715388298,1929,0,holdout,0.0,0.01633240468800068,-4.098136901855469,-2.455284833908081,1803
-0.12945668399333954,0.0,-0.23062865436077118,-0.17204804718494415,-0.2565285861492157,-0.05595272779464722,0.06238378956913948,0.0,0.29136407375335693,-0.004366464912891388,0.0050130486488342285,0.0,0.0,0.0,0.0,0.4299737215042114,0.032424598932266235,1930,0,holdout,0.0,0.07705105096101761,-2.4831056594848633,-2.455284833908081,1803
-0.1119261160492897,0.0,-0.2945467233657837,-0.23981259763240814,-0.28730863332748413,-0.04455466940999031,0.07104728370904922,0.0,-0.19951553642749786,-0.004366464912891388,0.0050130486488342285,0.0,0.0,0.0,0.0,-0.5585461854934692,-0.04588661715388298,1931,0,holdout,0.0,0.01528187282383442,-4.1656880378723145,-2.455284833908081,1803
-0.1071280986070633,0.0,-0.2776414155960083,-0.22635316848754883,-0.2690254747867584,0.09912091493606567,0.00018313853070139885,0.0,-0.25403285026550293,-0.004366464912891388,0.0050130486488342285,0.0,0.0,0.0,0.0,-0.562734842300415,-0.04588661715388298,1932,0,holdout,0.0,0.01633240468800068,-4.098136901855469,-2.455284833908081,1803
-0.1071280986070633,0.0,-0.2776414155960083,-0.22635316848754883,-0.2690254747867584,0.09912091493606567,0.01914355903863907,0.0,-0.25403285026550293,-0.004366464912891388,0.0050130486488342285,0.0,0.0,0.0,0.0,-0.5585461854934692,-0.04588661715388298,1933,0,holdout,0.0,0.016708502545952797,-4.074987888336182,-2.455284833908081,1803
-0.1119261160492897,0.0,-0.2873016595840454,-0.2521677613258362,-0.24292466044425964,-0.05595272779464722,0.04119764640927315,0.0,0.20922863483428955,-0.004366464912891388,0.0050130486488342285,0.0,0.0,0.0,0.0,-0.6944043636322021,-0.04588661715388298,1934,0,holdout,0.0,0.01994216814637184,-3.894775152206421,-2.455284833908081,1803
-0.12945668399333954,0.0,-0.23062865436077118,-0.15136991441249847,-0.2893516421318054,-0.04455466940999031,0.040329691022634506,0.0,-0.3453107178211212,-0.004366464912891388,0.0050130486488342285,0.0,0.0,0.0,0.0,0.36766359210014343,0.032424598932266235,1935,0,holdout,0.0,0.03898204490542412,-3.2048919200897217,-2.455284833908081,1803
-0.1071280986070633,0.0,-0.2776414155960083,-0.22635316848754883,-0.2690254747867584,0.09912091493606567,0.00018313853070139885,0.0,-0.25403285026550293,-0.004366464912891388,0.0050130486488342285,0.0,0.0,0.0,0.0,-0.562734842300415,-0.04588661715388298,1936,0,holdout,0.0,0.01633240468800068,-4.098136901855469,-2.455284833908081,1803
-0.1071280986070633,0.0,-0.2776414155960083,-0.22635316848754883,-0.2690254747867584,0.09912091493606567,0.00018313853070139885,0.0,-0.25403285026550293,-0.004366464912891388,0.0050130486488342285,0.0,0.0,0.0,0.0,-0.562734842300415,-0.04588661715388298,1937,0,holdout,0.0,0.01633240468800068,-4.098136901855469,-2.455284833908081,1803
-0.1119261160492897,0.0,-0.2945467233657837,-0.23148959875106812,-0.27574771642684937,-0.04455466940999031,0.00018313853070139885,0.0,-0.21888959407806396,-0.004366464912891388,0.0050130486488342285,0.0,0.0,0.0,0.0,-0.562734842300415,-0.04588661715388298,1938,0,holdout,0.0,0.014199727214872837,-4.240231037139893,-2.455284833908081,1803
-0.13111206889152527,0.0,0.08597950637340546,-0.23467616736888885,-0.29835787415504456,0.08372847735881805,0.01080743595957756,0.0,-0.25403285026550293,-0.004366464912891388,0.006750195752829313,0.0,0.0,0.0,0.0,-0.547620952129364,-0.022400803864002228,1939,0,holdout,0.0,0.022740909829735756,-3.7605862617492676,-2.455284833908081,1803
-0.13111206889152527,0.0,0.08597950637340546,-0.23467616736888885,-0.29835787415504456,0.08372847735881805,0.01080743595957756,0.0,-0.25403285026550293,-0.004366464912891388,0.006750195752829313,0.0,0.0,0.0,0.0,-0.547620952129364,-0.022400803864002228,1940,0,holdout,0.0,0.022740909829735756,-3.7605862617492676,-2.455284833908081,1803
-0.13111206889152527,0.0,0.08597950637340546,-0.23467616736888885,-0.29835787415504456,0.08372847735881805,0.01080743595957756,0.0,-0.25403285026550293,-0.004366464912891388,0.006750195752829313,0.0,0.0,0.0,0.0,-0.547620952129364,-0.022400803864002228,1941,0,holdout,0.0,0.022740909829735756,-3.7605862617492676,-2.455284833908081,1803
-0.1534406542778015,0.0,0.06661321222782135,-0.03928324207663536,-0.16701440513134003,-0.03748312592506409,0.09734870493412018,0.0,-0.4000989496707916,-0.004366464912891388,0.012083745561540127,0.0,0.0,0.0,0.0,0.38622185587882996,0.04091822728514671,1942,0,holdout,0.0,0.06575606018304825,-2.6537857055664062,-2.455284833908081,1803
-0.13591007888317108,0.0,0.09164653718471527,0.02051904797554016,-0.006553466897457838,-0.03748312592506409,0.10494395345449448,0.0,-0.19340278208255768,-0.004366464912891388,0.012083745561540127,0.0,0.0,0.0,0.0,-0.4122794270515442,-0.01578500308096409,1943,0,holdout,0.0,0.04600660502910614,-3.031871795654297,-2.455284833908081,1803
-0.13591007888317108,0.0,0.09164653718471527,-0.23981259763240814,-0.3050801455974579,-0.037374746054410934,0.0816715806722641,0.0,-0.19951553642749786,-0.004366464912891388,0.006750195752829313,0.0,0.0,0.0,0.0,-0.5434322953224182,-0.022400803864002228,1944,0,holdout,0.0,0.022684913128614426,-3.763108968734741,-2.455284833908081,1803
-0.13111206889152527,0.0,0.09164653718471527,-0.23467616736888885,-0.29835787415504456,0.07806144654750824,0.029767856001853943,0.0,-0.25403285026550293,-0.004366464912891388,0.006750195752829313,0.0,0.0,0.0,0.0,-0.5434322953224182,-0.022400803864002228,1945,0,holdout,0.0,0.023261092603206635,-3.7374372482299805,-2.455284833908081,1803
-0.13591007888317108,0.0,0.09007499366998672,0.07713474333286285,-0.2672930955886841,-0.05287041515111923,0.07906047999858856,0.0,0.19296379387378693,-0.004366464912891388,0.006750195752829313,0.0,0.0,0.0,0.0,-0.6042410731315613,-0.022400803864002228,1946,0,holdout,1.0,0.043256744742393494,-3.096381902694702,-2.455284833908081,1803
-0.0852961391210556,0.0,0.05810880661010742,-0.05190914124250412,-0.1143832579255104,-0.03862551599740982,-0.20318222045898438,0.0,-0.37461215257644653,-0.004366464912891388,-0.04874138906598091,0.0,0.0,0.0,0.0,0.5128157734870911,0.04091822728514671,1947,0,holdout,0.0,0.0592697374522686,-2.7645576000213623,-2.455284833908081,1803
-0.1477845311164856,0.0,0.05978133901953697,0.035742275416851044,-0.1162472516298294,-0.0019372643437236547,-0.19849137961864471,0.0,-0.3264307677745819,-0.004366464912891388,0.012083745561540127,0.0,0.0,0.0,0.0,0.22548533976078033,0.04091822728514671,1948,0,holdout,0.0,0.05332598462700844,-2.8765311241149902,-2.455284833908081,1803
-0.13025395572185516,0.0,0.0848146602511406,0.052650369703769684,-0.1459367573261261,-0.03862551599740982,-0.12747235596179962,0.0,-0.19340278208255768,-0.004366464912891388,0.012083745561540127,0.0,0.0,0.0,0.0,-0.3722924590110779,-0.01578500308096409,1949,0,holdout,0.0,0.03442731499671936,-3.3338711261749268,-2.455284833908081,1803
-0.13591007888317108,0.0,0.09007499366998672,0.08749234676361084,0.03209478035569191,-0.037434060126543045,0.09747189283370972,0.0,0.19296379387378693,-0.004366464912891388,0.012083745561540127,0.0,0.0,0.0,0.0,-0.5569542646408081,-0.01578500308096409,1950,0,holdout,0.0,0.06335487961769104,-2.6935524940490723,-2.455284833908081,1803
-0.1477845311164856,0.0,0.05978133901953697,0.025390315800905228,-0.10759981721639633,-0.0019372643437236547,-0.19849137961864471,0.0,-0.3198239207267761,-0.004366464912891388,0.012083745561540127,0.0,0.0,0.0,0.0,0.21887849271297455,-0.0010743839666247368,1951,0,holdout,0.0,0.05116261914372444,-2.9202282428741455,-2.455284833908081,1803
0.16394343972206116,0.0,0.0976092740893364,-0.008188488893210888,-0.0027655712328851223,-0.010725950822234154,-0.12880192697048187,0.0,-0.19340278208255768,-0.004366464912891388,0.012083745561540127,0.0,0.0,0.0,0.0,-0.3215101659297943,-0.01578500308096409,1952,0,holdout,0.0,0.053799305111169815,-2.867194175720215,-2.455284833908081,1803
0.17177250981330872,0.0,0.0976092740893364,-0.0007398491725325584,-0.13784559071063995,-0.03596707433462143,-0.11805671453475952,0.0,-0.19340278208255768,-0.004366464912891388,0.012083745561540127,0.0,0.0,0.0,0.0,-0.36083707213401794,-0.01578500308096409,1953,0,holdout,0.0,0.045615483075380325,-3.0408194065093994,-2.455284833908081,1803
0.17177250981330872,0.0,0.0976092740893364,-0.26735955476760864,-0.1509007215499878,-0.031869467347860336,-0.09533326327800751,0.0,-0.19340278208255768,-0.004366464912891388,0.012083745561540127,0.0,0.0,0.0,0.0,-0.44470319151878357,-0.01578500308096409,1954,0,holdout,0.0,0.03300483524799347,-3.3775393962860107,-2.455284833908081,1803
0.17177250981330872,0.0,0.10444115102291107,0.025296716019511223,-0.2690162658691406,-0.038813911378383636,0.11964872479438782,0.0,-0.19340278208255768,-0.004366464912891388,0.006750195752829313,0.0,0.0,0.0,0.0,-0.39914456009864807,-0.022400803864002228,1955,0,holdout,0.0,0.049523331224918365,-2.954519748687744,-2.455284833908081,1803
0.17177250981330872,0.0,0.10444115102291107,0.004437408875674009,-0.006553466897457838,-0.034824684262275696,0.0629124790430069,0.0,-0.21888959407806396,-0.004366464912891388,0.012083745561540127,0.0,0.0,0.0,0.0,-0.40082404017448425,-0.01578500308096409,1956,0,holdout,1.0,0.05836613476276398,-2.7808806896209717,-2.455284833908081,1803
0.1195417195558548,0.0,0.07090342044830322,0.061797164380550385,0.051533594727516174,0.0007211773190647364,-0.21016791462898254,0.0,-0.39580488204956055,-0.004366464912891388,-0.04874138906598091,0.0,0.0,0.0,0.0,0.5122030377388,0.024280041456222534,1957,0,holdout,0.0,0.09335135668516159,-2.2733845710754395,-2.455284833908081,1803
0.17177250981330872,0.0,0.0976092740893364,0.029120096936821938,-0.010856756940484047,-0.03596707433462143,-0.11805671453475952,0.0,-0.19340278208255768,-0.004366464912891388,0.012083745561540127,0.0,0.0,0.0,0.0,-0.3215101659297943,-0.01578500308096409,1958,0,holdout,0.0,0.05495884642004967,-2.8446438312530518,-2.455284833908081,1803
0.17177250981330872,0.0,0.10444115102291107,0.041745997965335846,-0.014644652605056763,-0.034824684262275696,0.11481620371341705,0.0,-0.19951553642749786,-0.004366464912891388,0.012083745561540127,0.0,0.0,0.0,0.0,-0.40082404017448425,-0.01578500308096409,1959,0,holdout,0.0,0.06414072960615158,-2.6803855895996094,-2.455284833908081,1803
0.19673147797584534,0.0,0.0862516313791275,-0.22366978228092194,-0.2503017783164978,-0.04611436650156975,0.048246897757053375,0.0,0.26955243945121765,-0.004366464912891388,0.006750195752829313,0.0,0.0,0.0,0.0,0.4628095030784607,-0.007690184749662876,1960,0,holdout,0.0,0.12818694114685059,-1.9170854091644287,-2.455284833908081,1803
0.12737077474594116,0.0,0.07940782606601715,-0.00462685152888298,-0.24119015038013458,-0.019724328070878983,0.1047508642077446,0.0,0.340699702501297,-0.004366464912891388,0.006750195752829313,0.0,0.0,0.0,0.0,0.7153213024139404,0.05791395902633667,1961,0,holdout,0.0,0.21534912288188934,-1.2929784059524536,-2.455284833908081,1803
0.17177250981330872,0.0,0.10444115102291107,0.041745997965335846,-0.14227598905563354,-0.034824684262275696,0.0629124790430069,0.0,-0.21888959407806396,-0.004366464912891388,0.012083745561540127,0.0,0.0,0.0,0.0,-0.4401509463787079,-0.01578500308096409,1962,0,holdout,0.0,0.05124066397547722,-2.918621778488159,-2.455284833908081,1803
0.17177250981330872,0.0,0.10444115102291107,0.08173121511936188,-0.3001161813735962,-0.038813911378383636,0.044501058757305145,0.0,-0.21888959407806396,-0.004366464912891388,0.006750195752829313,0.0,0.0,0.0,0.0,-0.4481108486652374,-0.022400803864002228,1963,0,holdout,0.0,0.04399082809686661,-3.0787863731384277,-2.455284833908081,1803
0.17177250981330872,0.0,0.10444115102291107,0.05471967160701752,-0.3001161813735962,-0.03471630439162254,0.025540638715028763,0.0,-0.21888959407806396,-0.004366464912891388,0.006750195752829313,0.0,0.0,0.0,0.0,-0.4522995054721832,-0.022400803864002228,1964,0,holdout,0.0,0.042093802243471146,-3.124849319458008,-2.455284833908081,1803
0.17177250981330872,0.0,0.10286960750818253,0.05946123227477074,-0.2508772909641266,-0.038764845579862595,0.06655515730381012,0.0,0.20922863483428955,-0.004366464912891388,0.006750195752829313,0.0,0.0,0.0,0.0,-0.5927855968475342,-0.022400803864002228,1965,0,holdout,0.0,0.060208648443222046,-2.7478418350219727,-2.455284833908081,1803
0.17177250981330872,0.0,0.10286960750818253,0.12179581820964813,-0.059454627335071564,-0.020365241914987564,0.07533712685108185,0.0,0.2814263701438904,-0.004366464912891388,0.012083745561540127,0.0,0.0,0.0,0.0,0.16206718981266022,-0.010574615560472012,1966,0,holdout,0.0,0.164833664894104,-1.6226940155029297,-2.455284833908081,1803
0.17177250981330872,0.0,0.0976092740893364,0.14344802498817444,0.006295755505561829,0.0007211773190647364,-0.10966060310602188,0.0,-0.2145954817533493,-0.004366464912891388,0.012083745561540127,0.0,0.0,0.0,0.0,-0.3215101659297943,-0.010574615560472012,1967,0,holdout,0.0,0.06392045319080353,-2.684061050415039,-2.455284833908081,1803
0.19673147797584534,0.0,0.07940782606601715,0.021934576332569122,-0.15553992986679077,-0.02337755635380745,0.10305903106927872,0.0,-0.3453107178211212,-0.004366464912891388,0.012083745561540127,0.0,0.0,0.0,0.0,0.35722362995147705,-0.0010743839666247368,1968,0,holdout,0.0,0.09845474362373352,-2.2145133018493652,-2.455284833908081,1803
0.17177250981330872,0.0,0.10444115102291107,0.004437408875674009,-0.1341848224401474,-0.034824684262275696,0.0629124790430069,0.0,-0.21888959407806396,-0.004366464912891388,0.012083745561540127,0.0,0.0,0.0,0.0,-0.4401509463787079,-0.01578500308096409,1969,0,holdout,0.0,0.04983874410390854,-2.9478390216827393,-2.455284833908081,1803
0.17177250981330872,0.0,0.10444115102291107,0.08173121511936188,-0.3001161813735962,-0.038813911378383636,0.044501058757305145,0.0,-0.21888959407806396,-0.004366464912891388,0.006750195752829313,0.0,0.0,0.0,0.0,-0.4481108486652374,-0.022400803864002228,1970,0,holdout,0.0,0.04399082809686661,-3.0787863731384277,-2.455284833908081,1803
0.17177250981330872,0.0,0.10444115102291107,0.08464016765356064,0.0067203463986516,-0.02337755635380745,0.08814017474651337,0.0,-0.19340278208255768,-0.004366464912891388,0.012083745561540127,0.0,0.0,0.0,0.0,-0.38026073575019836,-0.01578500308096409,1971,0,holdout,0.0,0.06883788853883743,-2.6046791076660156,-2.455284833908081,1803
0.19673147797584534,0.0,0.07257595658302307,0.07329375296831131,-0.10436365753412247,0.0007211773190647364,-0.1890757530927658,0.0,-0.3476234972476959,-0.004366464912891388,0.012083745561540127,0.0,0.0,0.0,0.0,0.2794303894042969,0.0041360026225447655,1972,0,holdout,0.0,0.07858416438102722,-2.4617412090301514,-2.455284833908081,1803
0.17177250981330872,0.0,0.0976092740893364,0.0794629156589508,0.0030595979187637568,0.0007211773190647364,-0.10966060310602188,0.0,-0.19340278208255768,-0.004366464912891388,0.012083745561540127,0.0,0.0,0.0,0.0,-0.3215101659297943,-0.01578500308096409,1973,0,holdout,0.0,0.06092223897576332,-2.735300064086914,-2.455284833908081,1803
0.19673147797584534,0.0,0.0862516313791275,-0.049086373299360275,-0.13663318753242493,-0.0462227426469326,0.1251131147146225,0.0,0.29136407375335693,-0.004366464912891388,0.012083745561540127,0.0,0.0,0.0,0.0,0.4126899242401123,-0.0010743839666247368,1974,0,holdout,0.0,0.17243970930576324,-1.5684343576431274,-2.455284833908081,1803
0.17177250981330872,0.0,0.10444115102291107,0.09208881109952927,-0.12835966050624847,-0.02337755635380745,0.0629124790430069,0.0,-0.21888959407806396,-0.004366464912891388,0.012083745561540127,0.0,0.0,0.0,0.0,-0.4401509463787079,-0.01578500308096409,1975,0,holdout,0.0,0.05504869297146797,-2.8429152965545654,-2.455284833908081,1803
-0.1534406542778015,0.0,0.06661321222782135,0.0483681745827198,-0.16418735682964325,-0.02603599801659584,0.09929954260587692,0.0,-0.351917564868927,-0.004366464912891388,0.012083745561540127,0.0,0.0,0.0,0.0,0.30988553166389465,0.04091822728514671,1976,0,holdout,0.0,0.07056358456611633,-2.578064203262329,-2.455284833908081,1803
-0.10010372847318649,0.0,0.06661321222782135,0.040919527411460876,-0.08020269125699997,-0.02603599801659584,0.09251952916383743,0.0,-0.37461215257644653,0.016432497650384903,0.012083745561540127,0.0,0.0,0.0,0.0,0.545966386795044,0.04091822728514671,1977,0,holdout,0.0,0.0978994220495224,-2.22078537940979,-2.455284833908081,1803
-0.13025395572185516,0.0,0.0848146602511406,0.09554456174373627,0.0030595979187637568,-0.0019372643437236547,-0.11907623708248138,0.0,-0.19340278208255768,-0.004366464912891388,0.012083745561540127,0.0,0.0,0.0,0.0,-0.33296558260917664,-0.01578500308096409,1978,0,holdout,1.0,0.04489181935787201,-3.0575690269470215,-2.455284833908081,1803
-0.07964001595973969,0.0,0.05810880661010742,0.035742275416851044,-0.10855809599161148,-0.027178389951586723,-0.2088383436203003,0.0,-0.37461215257644653,-0.004366464912891388,-0.04874138906598091,0.0,0.0,0.0,0.0,0.5128157734870911,0.04091822728514671,1979,0,holdout,0.0,0.065397709608078,-2.6596338748931885,-2.455284833908081,1803
-0.13591007888317108,0.0,0.09164653718471527,0.1007218137383461,0.0067203463986516,-0.011625622399151325,0.08194605261087418,0.0,-0.19340278208255768,-0.004366464912891388,0.012083745561540127,0.0,0.0,0.0,0.0,-0.3917161226272583,-0.01578500308096409,1980,0,holdout,0.0,0.05141837149858475,-2.9149723052978516,-2.455284833908081,1803
-0.13591007888317108,0.0,0.09164653718471527,0.1007218137383461,0.010603152215480804,-0.02603599801659584,0.13430064916610718,0.0,-0.19340278208255768,-0.004366464912891388,0.012083745561540127,0.0,0.0,0.0,0.0,-0.36331313848495483,-0.01578500308096409,1981,0,holdout,0.0,0.054953742772340775,-2.8447420597076416,-2.455284833908081,1803
-0.13025395572185516,0.0,0.0848146602511406,0.1595296710729599,0.058057304471731186,-0.0019372643437236547,-0.11907623708248138,0.0,-0.2145954817533493,-0.004366464912891388,0.012083745561540127,0.0,0.0,0.0,0.0,-0.3847270905971527,-0.010574615560472012,1982,0,holdout,0.0,0.04714072495698929,-3.0063300132751465,-2.455284833908081,1803
-0.13591007888317108,0.0,0.09164653718471527,0.02051904797554016,-0.006553466897457838,-0.03748312592506409,0.08438067883253098,0.0,-0.19340278208255768,-0.004366464912891388,0.012083745561540127,0.0,0.0,0.0,0.0,-0.3917161226272583,-0.01578500308096409,1983,0,holdout,0.0,0.04600660502910614,-3.031871795654297,-2.455284833908081,1803
0.17177250981330872,0.0,0.10444115102291107,0.004437408875674009,-0.15337760746479034,-0.034824684262275696,0.0629124790430069,0.0,-0.21888959407806396,-0.004366464912891388,0.012083745561540127,0.0,0.0,0.0,0.0,-0.4481108486652374,-0.01578500308096409,1984,0,holdout,0.0,0.04856853559613228,-2.974991798400879,-2.455284833908081,1803
0.19673147797584534,0.0,0.07940782606601715,-0.17936323583126068,-0.30371996760368347,-0.020775675773620605,0.07367391139268875,0.0,-0.351917564868927,-0.004366464912891388,0.006750195752829313,0.0,0.0,0.0,0.0,0.4358547329902649,0.05791395902633667,1985,0,holdout,0.0,0.07834166288375854,-2.465095043182373,-2.455284833908081,1803
0.16607031226158142,0.0,0.10444115102291107,-0.2507578134536743,-0.29835787415504456,0.07021967321634293,0.033527351915836334,0.0,-0.25403285026550293,-0.004366464912891388,0.006750195752829313,0.0,0.0,0.0,0.0,-0.5319768190383911,-0.022400803864002228,1986,0,holdout,0.0,0.03118402697145939,-3.436168670654297,-2.455284833908081,1803
0.17177250981330872,0.0,0.0976092740893364,0.0794629156589508,0.0030595979187637568,0.0007211773190647364,-0.10966060310602188,0.0,-0.19340278208255768,-0.004366464912891388,0.012083745561540127,0.0,0.0,0.0,0.0,-0.3215101659297943,-0.01578500308096409,1987,0,holdout,0.0,0.06092223897576332,-2.735300064086914,-2.455284833908081,1803
0.17177250981330872,0.0,0.10444115102291107,0.004437408875674009,-0.1341848224401474,-0.034824684262275696,0.0629124790430069,0.0,-0.21888959407806396,-0.004366464912891388,0.012083745561540127,0.0,0.0,0.0,0.0,-0.4401509463787079,-0.01578500308096409,1988,0,holdout,0.0,0.04983874410390854,-2.9478390216827393,-2.455284833908081,1803
0.17177250981330872,0.0,0.10444115102291107,0.041745997965335846,-0.14227598905563354,-0.034824684262275696,0.0629124790430069,0.0,-0.21888959407806396,-0.004366464912891388,0.012083745561540127,0.0,0.0,0.0,0.0,-0.4401509463787079,-0.01578500308096409,1989,0,holdout,0.0,0.05124066397547722,-2.918621778488159,-2.455284833908081,1803
0.17177250981330872,0.0,0.10286960750818253,-0.008149515837430954,-0.10945290327072144,-0.0462227426469326,0.08496656268835068,0.0,0.20922863483428955,-0.004366464912891388,0.012083745561540127,0.0,0.0,0.0,0.0,-0.5848256945610046,-0.01578500308096409,1990,0,holdout,0.0,0.06641149520874023,-2.6431655883789062,-2.455284833908081,1803
0.19673147797584534,0.0,0.09413038194179535,0.09088356047868729,-0.07154059410095215,-0.010676885023713112,-0.2143201231956482,0.0,0.2866276204586029,-0.004366464912891388,0.012083745561540127,0.0,0.0,0.0,0.0,0.32828986644744873,-0.010574615560472012,1991,0,holdout,0.0,0.14703887701034546,-1.7580169439315796,-2.455284833908081,1803
0.16394343972206116,0.0,0.09603773057460785,0.1166185662150383,0.07443207502365112,-0.010676885023713112,-0.18786105513572693,0.0,0.2814263701438904,-0.004366464912891388,0.012083745561540127,0.0,0.0,0.0,0.0,0.20615144073963165,-0.010574615560472012,1992,0,holdout,0.0,0.15211984515190125,-1.71807062625885,-2.455284833908081,1803
0.19673147797584534,0.0,0.07257595658302307,0.019660640507936478,-0.1162472516298294,-0.024519948288798332,-0.19747187197208405,0.0,-0.3264307677745819,-0.004366464912891388,0.012083745561540127,0.0,0.0,0.0,0.0,0.2794303894042969,0.04091822728514671,1993,0,holdout,0.0,0.07565370202064514,-2.502920389175415,-2.455284833908081,1803
0.17177250981330872,0.0,0.10444115102291107,0.054514117538928986,-0.2728990614414215,-0.038813911378383636,0.044501058757305145,0.0,-0.21888959407806396,-0.004366464912891388,0.006750195752829313,0.0,0.0,0.0,0.0,-0.4481108486652374,-0.022400803864002228,1994,0,holdout,0.0,0.04399082809686661,-3.0787863731384277,-2.455284833908081,1803
0.18890242278575897,0.0,0.09413038194179535,-0.01136944442987442,-0.07477675378322601,-0.035918012261390686,-0.24185755848884583,0.0,0.26955243945121765,-0.004366464912891388,0.012083745561540127,0.0,0.0,0.0,0.0,0.32828986644744873,-0.01578500308096409,1995,0,holdout,1.0,0.12494652718305588,-1.9463990926742554,-2.455284833908081,1803
0.1007508784532547,0.0,0.07090342044830322,0.061797164380550385,0.051533594727516174,0.0007211773190647364,-0.21016791462898254,0.0,-0.39580488204956055,-0.004366464912891388,-0.04874138906598091,0.0,0.0,0.0,0.0,0.46379706263542175,0.024280041456222534,1996,0,holdout,0.0,0.08781733363866806,-2.3405814170837402,-2.455284833908081,1803
0.16394343972206116,0.0,0.0976092740893364,-0.008188488893210888,0.048995986580848694,-0.03596707433462143,-0.1371980458498001,0.0,-0.19340278208255768,-0.004366464912891388,0.012083745561540127,0.0,0.0,0.0,0.0,-0.3732717037200928,-0.01578500308096409,1997,0,holdout,0.0,0.052112478762865067,-2.900831460952759,-2.455284833908081,1803
0.16607031226158142,0.0,0.09877412021160126,-0.29074302315711975,-0.023311158642172813,0.06945115327835083,0.10384249687194824,0.0,-0.23465879261493683,-0.004366464912891388,0.012083745561540127,0.0,0.0,0.0,0.0,-0.4846900999546051,-0.01578500308096409,1998,0,holdout,0.0,0.04484688118100166,-3.05861759185791,-2.455284833908081,1803
0.16607031226158142,0.0,0.09603773057460785,-0.2903498709201813,0.013299809768795967,0.016100415959954262,-0.12057763338088989,0.0,0.18741698563098907,-0.004366464912891388,0.012083745561540127,0.0,0.0,0.0,0.0,-0.5500509738922119,-0.01578500308096409,1999,0,holdout,0.0,0.0499541237950325,-2.9454052448272705,-2.455284833908081,1803
0.17177250981330872,0.0,0.10444115102291107,0.041745997965335846,-0.014644652605056763,-0.034824684262275696,0.08814017474651337,0.0,-0.19340278208255768,-0.004366464912891388,0.012083745561540127,0.0,0.0,0.0,0.0,-0.38026073575019836,-0.01578500308096409,2000,0,holdout,0.0,0.06414072960615158,-2.6803855895996094,-2.455284833908081,1803
0.17177250981330872,0.0,0.0976092740893364,0.0794629156589508,0.0030595979187637568,-0.024519948288798332,-0.11805671453475952,0.0,-0.19340278208255768,-0.004366464912891388,0.012083745561540127,0.0,0.0,0.0,0.0,-0.3215101659297943,-0.01578500308096409,2001,0,holdout,0.0,0.05902600660920143,-2.768937349319458,-2.455284833908081,1803
0.16394343972206116,0.0,0.0976092740893364,0.0794629156589508,0.05482115224003792,-0.024519948288798332,-0.1371980458498001,0.0,-0.19340278208255768,-0.004366464912891388,0.012083745561540127,0.0,0.0,0.0,0.0,-0.3732717037200928,-0.01578500308096409,2002,0,holdout,0.0,0.05754571408033371,-2.795907735824585,-2.455284833908081,1803
0.17177250981330872,0.0,0.10444115102291107,-0.0030112331733107567,0.013883798383176327,-0.034824684262275696,0.12895432114601135,0.0,-0.19340278208255768,-0.004366464912891388,0.012083745561540127,0.0,0.0,0.0,0.0,-0.3518577516078949,-0.01578500308096409,2003,0,holdout,0.0,0.0673958882689476,-2.627396821975708,-2.455284833908081,1803
0.17177250981330872,0.0,0.10444115102291107,0.004437408875674009,-0.006553466897457838,-0.034824684262275696,0.11481620371341705,0.0,-0.19951553642749786,-0.004366464912891388,0.012083745561540127,0.0,0.0,0.0,0.0,-0.40082404017448425,-0.01578500308096409,2004,0,holdout,0.0,0.062409088015556335,-2.7096028327941895,-2.455284833908081,1803
0.16394343972206116,0.0,0.0976092740893364,0.14344802498817444,0.058057304471731186,0.0007211773190647364,-0.12880192697048187,0.0,-0.2145954817533493,-0.004366464912891388,0.012083745561540127,0.0,0.0,0.0,0.0,-0.3732717037200928,-0.010574615560472012,2005,0,holdout,0.0,0.06232554838061333,-2.711031436920166,-2.455284833908081,1803
0.16394343972206116,0.0,0.0976092740893364,0.14344802498817444,0.058057304471731186,0.0007211773190647364,-0.12880192697048187,0.0,-0.2145954817533493,-0.004366464912891388,0.012083745561540127,0.0,0.0,0.0,0.0,-0.3732717037200928,-0.010574615560472012,2006,0,holdout,0.0,0.06232554838061333,-2.711031436920166,-2.455284833908081,1803
0.16394343972206116,0.0,0.0976092740893364,0.0794629156589508,0.0030595979187637568,-0.024519948288798332,-0.1371980458498001,0.0,-0.19340278208255768,-0.004366464912891388,0.012083745561540127,0.0,0.0,0.0,0.0,-0.3215101659297943,-0.01578500308096409,2007,0,holdout,0.0,0.05754571408033371,-2.795907735824585,-2.455284833908081,1803
0.17177250981330872,0.0,0.10444115102291107,0.0007938200142234564,-0.014644652605056763,-0.016786448657512665,0.0629124790430069,0.0,-0.21888959407806396,-0.004366464912891388,0.012083745561540127,0.0,0.0,0.0,0.0,-0.40082404017448425,-0.01578500308096409,2008,0,holdout,0.0,0.05871352553367615,-2.7745773792266846,-2.455284833908081,1803
0.16607031226158142,0.0,0.09877412021160126,-0.2779749035835266,-0.27114078402519226,0.07588670402765274,0.033527351915836334,0.0,-0.25403285026550293,-0.004366464912891388,0.006750195752829313,0.0,0.0,0.0,0.0,-0.5319768190383911,-0.022400803864002228,2009,0,holdout,0.0,0.03118402697145939,-3.436168670654297,-2.455284833908081,1803
0.19102928042411804,0.0,0.08058460056781769,-0.19785523414611816,-0.2847447693347931,0.07588670402765274,0.07367391139268875,0.0,-0.3804539740085602,-0.004366464912891388,0.006750195752829313,0.0,0.0,0.0,0.0,0.42240408062934875,-0.007690184749662876,2010,0,holdout,0.0,0.07726749777793884,-2.4800660610198975,-2.455284833908081,1803
0.17177250981330872,0.0,0.10286960750818253,-0.028190184384584427,-0.2567024528980255,-0.05021197348833084,0.06655515730381012,0.0,0.20922863483428955,-0.004366464912891388,0.006750195752829313,0.0,0.0,0.0,0.0,-0.5927855968475342,-0.022400803864002228,2011,0,holdout,0.0,0.0545385368168354,-2.8527655601501465,-2.455284833908081,1803
0.17177250981330872,0.0,0.10444115102291107,0.041745997965335846,-0.14227598905563354,-0.034824684262275696,0.0629124790430069,0.0,-0.21888959407806396,-0.004366464912891388,0.012083745561540127,0.0,0.0,0.0,0.0,-0.4401509463787079,-0.01578500308096409,2012,0,holdout,0.0,0.05124066397547722,-2.918621778488159,-2.455284833908081,1803
0.16394343972206116,0.0,0.09603773057460785,0.05878479778766632,0.03588267043232918,-0.035918012261390686,-0.1624424159526825,0.0,0.18741698563098907,-0.004366464912891388,0.012083745561540127,0.0,0.0,0.0,0.0,-0.46618494391441345,-0.01578500308096409,2013,0,holdout,0.0,0.07005587220191956,-2.5858314037323,-2.455284833908081,1803
0.18890242278575897,0.0,0.07257595658302307,0.09088356047868729,0.08531492948532104,-0.010676885023713112,-0.2334614396095276,0.0,0.29287636280059814,-0.004366464912891388,0.012083745561540127,0.0,0.0,0.0,0.0,0.4079285264015198,0.0041360026225447655,2014,0,holdout,0.0,0.17521795630455017,-1.549088478088379,-2.455284833908081,1803
0.17177250981330872,0.0,0.09603773057460785,0.05878479778766632,0.03588267043232918,-0.035918012261390686,-0.1433010995388031,0.0,0.18741698563098907,-0.004366464912891388,0.012083745561540127,0.0,0.0,0.0,0.0,-0.46618494391441345,-0.01578500308096409,2015,0,holdout,0.0,0.07183344662189484,-2.558861017227173,-2.455284833908081,1803
0.17177250981330872,0.0,0.10444115102291107,0.09208881109952927,-0.00072829844430089,-0.02337755635380745,0.0629124790430069,0.0,-0.21888959407806396,-0.004366464912891388,0.012083745561540127,0.0,0.0,0.0,0.0,-0.40082404017448425,-0.01578500308096409,2016,0,holdout,0.0,0.06440708041191101,-2.675956964492798,-2.455284833908081,1803
0.18890242278575897,0.0,0.07257595658302307,0.061797164380550385,0.04684256762266159,0.0007211773190647364,-0.21016791462898254,0.0,-0.39580488204956055,-0.004366464912891388,0.012083745561540127,0.0,0.0,0.0,0.0,0.40909913182258606,0.024280041456222534,2017,0,holdout,0.0,0.09540800750255585,-2.249321460723877,-2.455284833908081,1803
0.16394343972206116,0.0,0.0976092740893364,0.14344802498817444,0.058057304471731186,0.0007211773190647364,-0.12880192697048187,0.0,-0.2145954817533493,-0.004366464912891388,0.012083745561540127,0.0,0.0,0.0,0.0,-0.3732717037200928,-0.010574615560472012,2018,0,holdout,0.0,0.06232554838061333,-2.711031436920166,-2.455284833908081,1803
0.17177250981330872,0.0,0.0976092740893364,0.0794629156589508,0.0030595979187637568,-0.024519948288798332,-0.11805671453475952,0.0,-0.19340278208255768,-0.004366464912891388,0.012083745561540127,0.0,0.0,0.0,0.0,-0.3215101659297943,-0.01578500308096409,2019,0,holdout,0.0,0.05902600660920143,-2.768937349319458,-2.455284833908081,1803
0.16394343972206116,0.0,0.0976092740893364,0.13092592358589172,0.058057304471731186,-0.024519948288798332,-0.1371980458498001,0.0,-0.20207339525222778,-0.004366464912891388,0.012083745561540127,0.0,0.0,0.0,0.0,-0.3732717037200928,-0.010574615560472012,2020,0,holdout,0.0,0.06038844212889671,-2.74466872215271,-2.455284833908081,1803
0.16394343972206116,0.0,0.0976092740893364,0.14344802498817444,0.058057304471731186,0.0007211773190647364,-0.12880192697048187,0.0,-0.2145954817533493,-0.004366464912891388,0.012083745561540127,0.0,0.0,0.0,0.0,-0.3732717037200928,-0.010574615560472012,2021,0,holdout,0.0,0.06232554838061333,-2.711031436920166,-2.455284833908081,1803
0.16394343972206116,0.0,0.0976092740893364,0.0794629156589508,0.0030595979187637568,-0.024519948288798332,-0.1371980458498001,0.0,-0.19340278208255768,-0.004366464912891388,0.012083745561540127,0.0,0.0,0.0,0.0,-0.3215101659297943,-0.01578500308096409,2022,0,holdout,0.0,0.05754571408033371,-2.795907735824585,-2.455284833908081,1803
0.17177250981330872,0.0,0.10444115102291107,0.004437408875674009,-0.006553466897457838,-0.034824684262275696,0.0629124790430069,0.0,-0.21888959407806396,-0.004366464912891388,0.012083745561540127,0.0,0.0,0.0,0.0,-0.40082404017448425,-0.01578500308096409,2023,0,holdout,0.0,0.05836613476276398,-2.7808806896209717,-2.455284833908081,1803
-0.13591007888317108,0.0,0.09164653718471527,0.02051904797554016,-0.1341848224401474,-0.03748312592506409,0.05915297567844391,0.0,-0.21888959407806396,-0.004366464912891388,0.012083745561540127,0.0,0.0,0.0,0.0,-0.4516063332557678,-0.01578500308096409,2024,0,holdout,0.0,0.03661102056503296,-3.2701079845428467,-2.455284833908081,1803
-0.13591007888317108,0.0,0.0848146602511406,0.09554456174373627,0.0030595979187637568,-0.027178389951586723,-0.1218162328004837,0.0,-0.19340278208255768,-0.004366464912891388,0.012083745561540127,0.0,0.0,0.0,0.0,-0.33296558260917664,-0.01578500308096409,2025,0,holdout,0.0,0.04347144812345505,-3.0912063121795654,-2.455284833908081,1803
-0.13591007888317108,0.0,0.0848146602511406,0.09554456174373627,0.0030595979187637568,-0.027178389951586723,-0.1218162328004837,0.0,-0.19340278208255768,-0.004366464912891388,0.012083745561540127,0.0,0.0,0.0,0.0,-0.33296558260917664,-0.01578500308096409,2026,0,holdout,0.0,0.04347144812345505,-3.0912063121795654,-2.455284833908081,1803
-0.13025395572185516,0.0,0.08324311673641205,0.13270020484924316,-0.06311538815498352,-0.013335324823856354,-0.17813536524772644,0.0,0.2814263701438904,-0.004366464912891388,0.012083745561540127,0.0,0.0,0.0,0.0,0.1606716513633728,-0.010574615560472012,2027,0,holdout,0.0,0.10111105442047119,-2.1849400997161865,-2.455284833908081,1803
-0.13591007888317108,0.0,0.09164653718471527,0.02051904797554016,-0.006553466897457838,-0.03748312592506409,0.11105670034885406,0.0,-0.19951553642749786,-0.004366464912891388,0.012083745561540127,0.0,0.0,0.0,0.0,-0.4122794270515442,-0.01578500308096409,2028,0,holdout,0.0,0.04600660502910614,-3.031871795654297,-2.455284833908081,1803
-0.13591007888317108,0.0,0.09007499366998672,0.08004369586706161,0.039543427526950836,-0.037434060126543045,0.0796995759010315,0.0,0.18741698563098907,-0.004366464912891388,0.012083745561540127,0.0,0.0,0.0,0.0,-0.5569542646408081,-0.01578500308096409,2029,0,holdout,0.0,0.06198510527610779,-2.716871738433838,-2.455284833908081,1803
-0.13591007888317108,0.0,0.09164653718471527,0.02051904797554016,-0.1341848224401474,-0.03748312592506409,0.05915297567844391,0.0,-0.21888959407806396,-0.004366464912891388,0.012083745561540127,0.0,0.0,0.0,0.0,-0.4516063332557678,-0.01578500308096409,2030,0,holdout,0.0,0.03661102056503296,-3.2701079845428467,-2.455284833908081,1803
-0.10626999288797379,0.0,-0.26855841279029846,0.09554456174373627,0.07259264588356018,-0.009117189794778824,-0.09688036143779755,0.0,-0.19340278208255768,-0.004366464912891388,0.010346597991883755,0.0,0.0,0.0,0.0,-0.39984098076820374,-0.03927081823348999,2031,0,holdout,0.0,0.032467540353536606,-3.394508123397827,-2.455284833908081,1803
-0.10626999288797379,0.0,-0.26855841279029846,0.052650369703769684,-0.0005338946357369423,-0.0458054393529892,-0.10527648031711578,0.0,-0.19340278208255768,-0.004366464912891388,0.010346597991883755,0.0,0.0,0.0,0.0,-0.34807947278022766,-0.03927081823348999,2032,0,holdout,0.0,0.02920283004641533,-3.503851890563965,-2.455284833908081,1803
-0.10626999288797379,0.0,-0.26855841279029846,-0.23850978910923004,-0.21786820888519287,-0.045697059482336044,-0.055080316960811615,0.0,-0.19340278208255768,-0.004366464912891388,0.0050130486488342285,0.0,0.0,0.0,0.0,-0.47923240065574646,-0.04588661715388298,2033,0,holdout,0.0,0.0162202175706625,-4.1051435470581055,-2.455284833908081,1803
-0.13591007888317108,0.0,0.09007499366998672,-0.01210855133831501,-0.2567024528980255,-0.05287041515111923,0.06279565393924713,0.0,0.20922863483428955,-0.004366464912891388,0.006750195752829313,0.0,0.0,0.0,0.0,-0.6042410731315613,-0.022400803864002228,2034,0,holdout,0.0,0.04011610150337219,-3.175034523010254,-2.455284833908081,1803
-0.13591007888317108,0.0,0.09007499366998672,0.08749234676361084,-0.09553655982017517,-0.037434060126543045,0.08120705932378769,0.0,0.20922863483428955,-0.004366464912891388,0.012083745561540127,0.0,0.0,0.0,0.0,-0.5962811708450317,-0.01578500308096409,2035,0,holdout,0.0,0.05414053425192833,-2.86051082611084,-2.455284833908081,1803
-0.13111206889152527,0.0,0.09164653718471527,0.09227920323610306,-0.26617681980133057,0.09051086008548737,0.04074155539274216,0.0,-0.25403285026550293,-0.004366464912891388,0.006750195752829313,0.0,0.0,0.0,0.0,-0.45956623554229736,-0.022400803864002228,2036,0,holdout,0.0,0.036579154431819916,-3.2710118293762207,-2.455284833908081,1803
-0.13591007888317108,0.0,0.09164653718471527,0.02051904797554016,-0.1341848224401474,-0.03748312592506409,0.05915297567844391,0.0,-0.21888959407806396,-0.004366464912891388,0.012083745561540127,0.0,0.0,0.0,0.0,-0.4516063332557678,-0.01578500308096409,2037,0,holdout,0.0,0.03661102056503296,-3.2701079845428467,-2.455284833908081,1803
-0.13111206889152527,0.0,0.09007499366998672,0.05883298069238663,-0.10945290327072144,0.03383144736289978,0.08120705932378769,0.0,0.20922863483428955,-0.004366464912891388,0.012083745561540127,0.0,0.0,0.0,0.0,-0.5962811708450317,-0.01578500308096409,2038,0,holdout,0.0,0.05588122457265854,-2.827023506164551,-2.455284833908081,1803
-0.13591007888317108,0.0,0.09164653718471527,0.1007218137383461,0.0067203463986516,-0.02603599801659584,0.11105670034885406,0.0,-0.19951553642749786,-0.004366464912891388,0.012083745561540127,0.0,0.0,0.0,0.0,-0.4122794270515442,-0.01578500308096409,2039,0,holdout,1.0,0.05083738639950752,-2.926948070526123,-2.455284833908081,1803
-0.07348129898309708,0.0,0.0649406760931015,0.027690064162015915,-0.07952291518449783,-0.037434060126543045,0.11940278857946396,0.0,0.340699702501297,-0.004366464912891388,-0.04874138906598091,0.0,0.0,0.0,0.0,0.6753990650177002,0.04091822728514671,2040,0,holdout,0.0,0.19313283264636993,-1.4297808408737183,-2.455284833908081,1803
-0.1534406542778015,0.0,0.05978133901953697,0.06535670161247253,-0.1100129634141922,-0.027178389951586723,-0.20318222045898438,0.0,-0.38328278064727783,-0.004366464912891388,0.012083745561540127,0.0,0.0,0.0,0.0,0.301821768283844,0.024280041456222534,2041,0,holdout,0.0,0.05348304286599159,-2.8734242916107178,-2.455284833908081,1803
-0.13591007888317108,0.0,0.09164653718471527,0.10817045718431473,-0.00072829844430089,-0.02603599801659584,0.05915297567844391,0.0,-0.21888959407806396,-0.004366464912891388,0.012083745561540127,0.0,0.0,0.0,0.0,-0.4122794270515442,-0.01578500308096409,2042,0,holdout,0.0,0.04750608652830124,-2.9982259273529053,-2.455284833908081,1803
-0.13591007888317108,0.0,0.09164653718471527,0.023125432431697845,-0.006553466897457838,-0.006995480507612228,0.05915297567844391,0.0,-0.21888959407806396,-0.004366464912891388,0.012083745561540127,0.0,0.0,0.0,0.0,-0.4122794270515442,-0.01578500308096409,2043,0,holdout,0.0,0.044359467923641205,-3.0700557231903076,-2.455284833908081,1803
-0.1534406542778015,0.0,0.06661321222782135,0.017338097095489502,-0.07856464385986328,-0.037434060126543045,0.1213536262512207,0.0,0.2976128160953522,-0.004366464912891388,0.012083745561540127,0.0,0.0,0.0,0.0,0.3408990502357483,-0.0010743839666247368,2044,0,holdout,0.0,0.13304898142814636,-1.874265193939209,-2.455284833908081,1803
-0.13591007888317108,0.0,0.09164653718471527,0.15218482911586761,0.00995650514960289,-0.02603599801659584,0.11105670034885406,0.0,-0.20818614959716797,-0.004366464912891388,0.012083745561540127,0.0,0.0,0.0,0.0,-0.4122794270515442,-0.010574615560472012,2045,0,holdout,0.0,0.0533674955368042,-2.875709056854248,-2.455284833908081,1803
-0.13591007888317108,0.0,0.09164653718471527,0.02051904797554016,-0.006553466897457838,-0.03748312592506409,0.05915297567844391,0.0,-0.21888959407806396,-0.004366464912891388,0.012083745561540127,0.0,0.0,0.0,0.0,-0.4122794270515442,-0.01578500308096409,2046,0,holdout,0.0,0.04297752305865288,-3.103149652481079,-2.455284833908081,1803
-0.13591007888317108,0.0,0.09164653718471527,0.023125432431697845,-0.1341848224401474,-0.006995480507612228,0.05915297567844391,0.0,-0.21888959407806396,-0.004366464912891388,0.012083745561540127,0.0,0.0,0.0,0.0,-0.4516063332557678,-0.01578500308096409,2047,0,holdout,0.0,0.03779633343219757,-3.237014055252075,-2.455284833908081,1803
0.17177250981330872,0.0,0.10444115102291107,0.08464016765356064,0.0067203463986516,-0.02337755635380745,0.11481620371341705,0.0,-0.19951553642749786,-0.004366464912891388,0.012083745561540127,0.0,0.0,0.0,0.0,-0.40082404017448425,-0.01578500308096409,2048,0,holdout,0.0,0.06883788853883743,-2.6046791076660156,-2.455284833908081,1803
0.19673147797584534,0.0,0.07940782606601715,-0.055364880710840225,-0.17001251876354218,-0.034824684262275696,0.10305903106927872,0.0,-0.351917564868927,-0.004366464912891388,0.012083745561540127,0.0,0.0,0.0,0.0,0.36383047699928284,0.04091822728514671,2049,0,holdout,0.0,0.09315219521522522,-2.275739908218384,-2.455284833908081,1803
0.17177250981330872,0.0,0.10444115102291107,-0.29587945342063904,-0.14723995327949524,-0.030727077275514603,0.051938772201538086,0.0,-0.21888959407806396,-0.004366464912891388,0.012083745561540127,0.0,0.0,0.0,0.0,-0.5240169763565063,-0.01578500308096409,2050,0,holdout,0.0,0.03383126109838486,-3.3519532680511475,-2.455284833908081,1803
0.17177250981330872,0.0,0.10444115102291107,0.09208881109952927,-0.00072829844430089,-0.02337755635380745,0.0629124790430069,0.0,-0.21888959407806396,-0.004366464912891388,0.012083745561540127,0.0,0.0,0.0,0.0,-0.40082404017448425,-0.01578500308096409,2051,0,holdout,0.0,0.06440708041191101,-2.675956964492798,-2.455284833908081,1803
0.17177250981330872,0.0,0.10444115102291107,0.004437408875674009,-0.1341848224401474,-0.034824684262275696,0.0629124790430069,0.0,-0.21888959407806396,-0.004366464912891388,0.012083745561540127,0.0,0.0,0.0,0.0,-0.4401509463787079,-0.01578500308096409,2052,0,holdout,0.0,0.04983874410390854,-2.9478390216827393,-2.455284833908081,1803
0.17177250981330872,0.0,0.10444115102291107,0.004437408875674009,-0.006553466897457838,-0.034824684262275696,0.0629124790430069,0.0,-0.21888959407806396,-0.004366464912891388,0.012083745561540127,0.0,0.0,0.0,0.0,-0.40082404017448425,-0.01578500308096409,2053,0,holdout,0.0,0.05836613476276398,-2.7808806896209717,-2.455284833908081,1803
0.17177250981330872,0.0,0.10444115102291107,0.08464016765356064,0.0067203463986516,-0.02337755635380745,0.0629124790430069,0.0,-0.21888959407806396,-0.004366464912891388,0.012083745561540127,0.0,0.0,0.0,0.0,-0.40082404017448425,-0.01578500308096409,2054,0,holdout,0.0,0.06440708041191101,-2.675956964492798,-2.455284833908081,1803
0.17177250981330872,0.0,0.10444115102291107,0.004437408875674009,-0.006553466897457838,-0.034824684262275696,0.0629124790430069,0.0,-0.21888959407806396,-0.004366464912891388,0.012083745561540127,0.0,0.0,0.0,0.0,-0.40082404017448425,-0.01578500308096409,2055,0,holdout,0.0,0.05836613476276398,-2.7808806896209717,-2.455284833908081,1803
0.19102928042411804,0.0,0.07374079525470734,-0.17063812911510468,-0.3119618594646454,0.07588670402765274,0.07367391139268875,0.0,-0.3804539740085602,-0.004366464912891388,0.006750195752829313,0.0,0.0,0.0,0.0,0.4292478859424591,-0.007690184749662876,2056,0,holdout,0.0,0.07726749777793884,-2.4800660610198975,-2.455284833908081,1803
0.14394336938858032,0.0,-0.30757689476013184,-0.22737430036067963,-0.24508529901504517,-0.04303861781954765,-0.045664697885513306,0.0,-0.19340278208255768,-0.004366464912891388,0.0050130486488342285,0.0,0.0,0.0,0.0,-0.46777698397636414,-0.04588661715388298,2057,0,holdout,0.0,0.02010452374815941,-3.8865010738372803,-2.455284833908081,1803
0.16890232264995575,0.0,-0.26964718103408813,-0.19645267724990845,-0.2680894732475281,-0.053294286131858826,0.10136853158473969,0.0,0.2750992476940155,-0.004366464912891388,0.0050130486488342285,0.0,0.0,0.0,0.0,0.488107293844223,0.032424598932266235,2058,0,holdout,0.0,0.10190650075674057,-2.1762185096740723,-2.455284833908081,1803
0.14394336938858032,0.0,-0.33356520533561707,-0.2558942437171936,-0.28730863332748413,-0.04189622774720192,0.07480677217245102,0.0,-0.19951553642749786,-0.004366464912891388,0.0050130486488342285,0.0,0.0,0.0,0.0,-0.5470905900001526,-0.04588661715388298,2059,0,holdout,0.0,0.01894579827785492,-3.9470455646514893,-2.455284833908081,1803
0.16607031226158142,0.0,0.10444115102291107,0.06342945247888565,-0.14597852528095245,0.07623352855443954,0.0629124790430069,0.0,-0.25403285026550293,-0.004366464912891388,0.012083745561540127,0.0,0.0,0.0,0.0,-0.4401509463787079,-0.01578500308096409,2060,0,holdout,0.0,0.05570186302065849,-2.8304283618927,-2.455284833908081,1803
0.16607031226158142,0.0,0.09720257669687271,0.08273656666278839,-0.26057085394859314,0.14236855506896973,0.06655515730381012,0.0,0.23951588571071625,-0.004366464912891388,0.006750195752829313,0.0,0.0,0.0,0.0,-0.5927855968475342,-0.022400803864002228,2061,0,holdout,0.0,0.07349452376365662,-2.5342090129852295,-2.455284833908081,1803
0.17177250981330872,0.0,0.10444115102291107,0.09208881109952927,-0.12835966050624847,-0.02337755635380745,0.0629124790430069,0.0,-0.21888959407806396,-0.004366464912891388,0.012083745561540127,0.0,0.0,0.0,0.0,-0.4401509463787079,-0.01578500308096409,2062,0,holdout,0.0,0.05504869297146797,-2.8429152965545654,-2.455284833908081,1803
0.16607031226158142,0.0,0.10286960750818253,0.07425251603126526,-0.2520868182182312,0.1367015242576599,0.06655515730381012,0.0,0.23951588571071625,-0.004366464912891388,0.006750195752829313,0.0,0.0,0.0,0.0,-0.5927855968475342,-0.022400803864002228,2063,0,holdout,0.0,0.07349452376365662,-2.5342090129852295,-2.455284833908081,1803
0.16607031226158142,0.0,0.09877412021160126,-0.2507578134536743,-0.29835787415504456,0.07588670402765274,0.014566931873559952,0.0,-0.25403285026550293,-0.004366464912891388,0.006750195752829313,0.0,0.0,0.0,0.0,-0.5361654758453369,-0.022400803864002228,2064,0,holdout,0.0,0.030492199584841728,-3.459317684173584,-2.455284833908081,1803
0.17177250981330872,0.0,0.10444115102291107,0.09208881109952927,-0.00072829844430089,-0.02337755635380745,0.0629124790430069,0.0,-0.21888959407806396,-0.004366464912891388,0.012083745561540127,0.0,0.0,0.0,0.0,-0.40082404017448425,-0.01578500308096409,2065,0,holdout,0.0,0.06440708041191101,-2.675956964492798,-2.455284833908081,1803
0.17177250981330872,0.0,0.10444115102291107,0.08464016765356064,0.0067203463986516,-0.02337755635380745,0.0629124790430069,0.0,-0.21888959407806396,-0.004366464912891388,0.012083745561540127,0.0,0.0,0.0,0.0,-0.40082404017448425,-0.01578500308096409,2066,0,holdout,0.0,0.06440708041191101,-2.675956964492798,-2.455284833908081,1803
0.17177250981330872,0.0,0.10444115102291107,0.007043793331831694,-0.1341848224401474,-0.004337038844823837,0.0629124790430069,0.0,-0.21888959407806396,-0.004366464912891388,0.012083745561540127,0.0,0.0,0.0,0.0,-0.4401509463787079,-0.01578500308096409,2067,0,holdout,0.0,0.05142945423722267,-2.9147450923919678,-2.455284833908081,1803
0.19673147797584534,0.0,0.0862516313791275,-0.0061921849846839905,-0.06723318994045258,-0.034775618463754654,0.0820913165807724,0.0,0.26955243945121765,-0.004366464912891388,0.012083745561540127,0.0,0.0,0.0,0.0,0.34663301706314087,-0.0010743839666247368,2068,0,holdout,0.0,0.17142190039157867,-1.5755833387374878,-2.455284833908081,1803
0.17177250981330872,0.0,0.0976092740893364,0.14344802498817444,0.006295755505561829,-0.024519948288798332,-0.11805671453475952,0.0,-0.2145954817533493,-0.004366464912891388,0.012083745561540127,0.0,0.0,0.0,0.0,-0.3215101659297943,-0.010574615560472012,2069,0,holdout,0.0,0.061937060207128525,-2.717698335647583,-2.455284833908081,1803
0.17177250981330872,0.0,0.10444115102291107,0.08464016765356064,0.0067203463986516,-0.02337755635380745,0.11481620371341705,0.0,-0.19951553642749786,-0.004366464912891388,0.012083745561540127,0.0,0.0,0.0,0.0,-0.40082404017448425,-0.01578500308096409,2070,0,holdout,0.0,0.06883788853883743,-2.6046791076660156,-2.455284833908081,1803
0.17177250981330872,0.0,0.10286960750818253,0.06396205723285675,0.039543427526950836,-0.034775618463754654,0.1012313961982727,0.0,0.19296379387378693,-0.004366464912891388,0.012083745561540127,0.0,0.0,0.0,0.0,-0.5454987287521362,-0.01578500308096409,2071,0,holdout,0.0,0.08538884669542313,-2.371283531188965,-2.455284833908081,1803
-0.13591007888317108,0.0,0.09164653718471527,0.02051904797554016,-0.006553466897457838,-0.03748312592506409,0.05915297567844391,0.0,-0.21888959407806396,-0.004366464912891388,0.012083745561540127,0.0,0.0,0.0,0.0,-0.4122794270515442,-0.01578500308096409,2072,0,holdout,0.0,0.04297752305865288,-3.103149652481079,-2.455284833908081,1803
-0.13025395572185516,0.0,0.08324311673641205,0.07486644387245178,0.08764421939849854,-0.03857645019888878,-0.1527167409658432,0.0,0.18741698563098907,-0.004366464912891388,0.012083745561540127,0.0,0.0,0.0,0.0,-0.5294020175933838,-0.01578500308096409,2073,0,holdout,0.0,0.053094301372766495,-2.8811299800872803,-2.455284833908081,1803
-0.13591007888317108,0.0,0.0848146602511406,0.09554456174373627,0.0030595979187637568,-0.027178389951586723,-0.1218162328004837,0.0,-0.19340278208255768,-0.004366464912891388,0.012083745561540127,0.0,0.0,0.0,0.0,-0.33296558260917664,-0.01578500308096409,2074,0,holdout,0.0,0.04347144812345505,-3.0912063121795654,-2.455284833908081,1803
-0.10626999288797379,0.0,-0.26855841279029846,0.09554456174373627,0.07259264588356018,-0.009117189794778824,-0.09688036143779755,0.0,-0.19340278208255768,-0.004366464912891388,0.010346597991883755,0.0,0.0,0.0,0.0,-0.39984098076820374,-0.03927081823348999,2075,0,holdout,0.0,0.032467540353536606,-3.394508123397827,-2.455284833908081,1803
-0.10626999288797379,0.0,-0.26855841279029846,-0.251277893781662,-0.005497858393937349,-0.041707832366228104,-0.08255299925804138,0.0,-0.19340278208255768,-0.004366464912891388,0.010346597991883755,0.0,0.0,0.0,0.0,-0.4319455623626709,-0.03927081823348999,2076,0,holdout,0.0,0.02043640799820423,-3.8697891235351562,-2.455284833908081,1803
-0.10626999288797379,0.0,-0.26855841279029846,-0.251277893781662,-0.13312919437885284,-0.041707832366228104,-0.08255299925804138,0.0,-0.19340278208255768,-0.004366464912891388,0.010346597991883755,0.0,0.0,0.0,0.0,-0.4712724983692169,-0.03927081823348999,2077,0,holdout,0.0,0.01734851859509945,-4.036747455596924,-2.455284833908081,1803
-0.1119261160492897,0.0,-0.2945467233657837,-0.23981259763240814,-0.28342580795288086,-0.04455466940999031,0.09429121017456055,0.0,-0.19340278208255768,-0.004366464912891388,0.0050130486488342285,0.0,0.0,0.0,0.0,-0.5095799565315247,-0.04588661715388298,2078,0,holdout,0.0,0.01656951755285263,-4.083482265472412,-2.455284833908081,1803
-0.1119261160492897,0.0,-0.2945467233657837,-0.2537532448768616,-0.28730863332748413,-0.030614042654633522,0.01914355903863907,0.0,-0.21888959407806396,-0.004366464912891388,0.0050130486488342285,0.0,0.0,0.0,0.0,-0.5585461854934692,-0.04588661715388298,2079,0,holdout,0.0,0.014245502650737762,-4.236966133117676,-2.455284833908081,1803
-0.1071280986070633,0.0,-0.2776414155960083,-0.23467616736888885,-0.2805863916873932,0.09912091493606567,0.07104728370904922,0.0,-0.23465879261493683,-0.004366464912891388,0.0050130486488342285,0.0,0.0,0.0,0.0,-0.5585461854934692,-0.04588661715388298,2080,0,holdout,0.0,0.017574183642864227,-4.023593902587891,-2.455284833908081,1803
-0.1119261160492897,0.0,-0.2945467233657837,-0.23981259763240814,-0.28730863332748413,-0.04455466940999031,0.07104728370904922,0.0,-0.19951553642749786,-0.004366464912891388,0.0050130486488342285,0.0,0.0,0.0,0.0,-0.5585461854934692,-0.04588661715388298,2081,0,holdout,0.0,0.01528187282383442,-4.1656880378723145,-2.455284833908081,1803
-0.1071280986070633,0.0,-0.2776414155960083,-0.23467616736888885,-0.2805863916873932,0.09912091493606567,0.01914355903863907,0.0,-0.25403285026550293,-0.004366464912891388,0.0050130486488342285,0.0,0.0,0.0,0.0,-0.5585461854934692,-0.04588661715388298,2082,0,holdout,0.0,0.016384948045015335,-4.094871520996094,-2.455284833908081,1803
-0.1119261160492897,0.0,-0.2945467233657837,-0.23981259763240814,-0.28730863332748413,-0.04455466940999031,0.01914355903863907,0.0,-0.21888959407806396,-0.004366464912891388,0.0050130486488342285,0.0,0.0,0.0,0.0,-0.5585461854934692,-0.04588661715388298,2083,0,holdout,0.0,0.014245502650737762,-4.236966133117676,-2.455284833908081,1803
-0.1119261160492897,0.0,-0.2945467233657837,-0.23981259763240814,-0.28730863332748413,-0.04455466940999031,0.01914355903863907,0.0,-0.21888959407806396,-0.004366464912891388,0.0050130486488342285,0.0,0.0,0.0,0.0,-0.5585461854934692,-0.04588661715388298,2084,0,holdout,0.0,0.014245502650737762,-4.236966133117676,-2.455284833908081,1803
-0.1119261160492897,0.0,-0.2945467233657837,-0.23981259763240814,-0.28730863332748413,-0.04455466940999031,0.07104728370904922,0.0,-0.19951553642749786,-0.004366464912891388,0.0050130486488342285,0.0,0.0,0.0,0.0,-0.5585461854934692,-0.04588661715388298,2085,0,holdout,0.0,0.01528187282383442,-4.1656880378723145,-2.455284833908081,1803
-0.1071280986070633,0.0,-0.2776414155960083,-0.23467616736888885,-0.2805863916873932,0.09912091493606567,0.01914355903863907,0.0,-0.25403285026550293,-0.004366464912891388,0.0050130486488342285,0.0,0.0,0.0,0.0,-0.5585461854934692,-0.04588661715388298,2086,0,holdout,0.0,0.016384948045015335,-4.094871520996094,-2.455284833908081,1803
-0.1119261160492897,0.0,-0.2945467233657837,-0.23981259763240814,-0.28730863332748413,-0.04455466940999031,0.01914355903863907,0.0,-0.21888959407806396,-0.004366464912891388,0.0050130486488342285,0.0,0.0,0.0,0.0,-0.5585461854934692,-0.04588661715388298,2087,0,holdout,0.0,0.014245502650737762,-4.236966133117676,-2.455284833908081,1803
-0.1071280986070633,0.0,-0.2776414155960083,-0.23467616736888885,-0.2805863916873932,0.09912091493606567,0.044371262192726135,0.0,-0.22854603826999664,-0.004366464912891388,0.0050130486488342285,0.0,0.0,0.0,0.0,-0.5379829406738281,-0.04588661715388298,2088,0,holdout,0.0,0.017574183642864227,-4.023593902587891,-2.455284833908081,1803
-0.1071280986070633,0.0,-0.2776414155960083,-0.23467616736888885,-0.2805863916873932,0.09912091493606567,0.01914355903863907,0.0,-0.25403285026550293,-0.004366464912891388,0.0050130486488342285,0.0,0.0,0.0,0.0,-0.5585461854934692,-0.04588661715388298,2089,0,holdout,0.0,0.016384948045015335,-4.094871520996094,-2.455284833908081,1803
-0.1071280986070633,0.0,-0.2776414155960083,-0.23467616736888885,-0.2805863916873932,0.09912091493606567,0.01914355903863907,0.0,-0.25403285026550293,-0.004366464912891388,0.0050130486488342285,0.0,0.0,0.0,0.0,-0.5585461854934692,-0.04588661715388298,2090,0,holdout,0.0,0.016384948045015335,-4.094871520996094,-2.455284833908081,1803
-0.1071280986070633,0.0,-0.2776414155960083,-0.23467616736888885,-0.2805863916873932,0.09912091493606567,0.01914355903863907,0.0,-0.25403285026550293,-0.004366464912891388,0.0050130486488342285,0.0,0.0,0.0,0.0,-0.5585461854934692,-0.04588661715388298,2091,0,holdout,0.0,0.016384948045015335,-4.094871520996094,-2.455284833908081,1803
-0.1071280986070633,0.0,-0.2776414155960083,-0.23467616736888885,-0.2805863916873932,0.09912091493606567,0.01914355903863907,0.0,-0.25403285026550293,-0.004366464912891388,0.0050130486488342285,0.0,0.0,0.0,0.0,-0.5585461854934692,-0.04588661715388298,2092,0,holdout,0.0,0.016384948045015335,-4.094871520996094,-2.455284833908081,1803
-0.1119261160492897,0.0,-0.2945467233657837,-0.23981259763240814,-0.28730863332748413,-0.04455466940999031,0.01914355903863907,0.0,-0.21888959407806396,-0.004366464912891388,0.0050130486488342285,0.0,0.0,0.0,0.0,-0.5585461854934692,-0.04588661715388298,2093,0,holdout,0.0,0.014245502650737762,-4.236966133117676,-2.455284833908081,1803
-0.1071280986070633,0.0,-0.2776414155960083,-0.23467616736888885,-0.2805863916873932,0.09912091493606567,0.044371262192726135,0.0,-0.22854603826999664,-0.004366464912891388,0.0050130486488342285,0.0,0.0,0.0,0.0,-0.5379829406738281,-0.04588661715388298,2094,0,holdout,0.0,0.017574183642864227,-4.023593902587891,-2.455284833908081,1803
-0.1071280986070633,0.0,-0.2776414155960083,-0.23467616736888885,-0.2805863916873932,0.09912091493606567,0.01914355903863907,0.0,-0.25403285026550293,-0.004366464912891388,0.0050130486488342285,0.0,0.0,0.0,0.0,-0.5585461854934692,-0.04588661715388298,2095,0,holdout,0.0,0.016384948045015335,-4.094871520996094,-2.455284833908081,1803
-0.1119261160492897,0.0,-0.2945467233657837,-0.23981259763240814,-0.28730863332748413,-0.04455466940999031,0.07104728370904922,0.0,-0.19951553642749786,-0.004366464912891388,0.0050130486488342285,0.0,0.0,0.0,0.0,-0.5585461854934692,-0.04588661715388298,2096,0,holdout,0.0,0.01528187282383442,-4.1656880378723145,-2.455284833908081,1803
-0.1119261160492897,0.0,-0.2945467233657837,-0.2537532448768616,-0.28730863332748413,-0.030614042654633522,0.044371262192726135,0.0,-0.19340278208255768,-0.004366464912891388,0.0050130486488342285,0.0,0.0,0.0,0.0,-0.5379829406738281,-0.04588661715388298,2097,0,holdout,0.0,0.01528187282383442,-4.1656880378723145,-2.455284833908081,1803
-0.1071280986070633,0.0,-0.2945467233657837,-0.23467616736888885,-0.2805863916873932,0.07088152319192886,0.07104728370904922,0.0,-0.23465879261493683,-0.004366464912891388,0.0050130486488342285,0.0,0.0,0.0,0.0,-0.5585461854934692,-0.04588661715388298,2098,0,holdout,0.0,0.016811486333608627,-4.0687384605407715,-2.455284833908081,1803
-0.1119261160492897,0.0,-0.2945467233657837,-0.23981259763240814,-0.28730863332748413,-0.04455466940999031,0.07104728370904922,0.0,-0.19951553642749786,-0.004366464912891388,0.0050130486488342285,0.0,0.0,0.0,0.0,-0.5585461854934692,-0.04588661715388298,2099,0,holdout,0.0,0.01528187282383442,-4.1656880378723145,-2.455284833908081,1803
-0.1119261160492897,0.0,-0.2873016595840454,-0.2604907155036926,-0.2461434304714203,-0.05595272779464722,0.0645875334739685,0.0,0.18741698563098907,-0.004366464912891388,0.0050130486488342285,0.0,0.0,0.0,0.0,-0.6454381346702576,-0.04588661715388298,2100,0,holdout,0.0,0.020718898624181747,-3.8557724952697754,-2.455284833908081,1803
-0.1119261160492897,0.0,-0.2945467233657837,-0.2537532448768616,-0.28730863332748413,-0.030614042654633522,0.07104728370904922,0.0,-0.19951553642749786,-0.004366464912891388,0.0050130486488342285,0.0,0.0,0.0,0.0,-0.5585461854934692,-0.04588661715388298,2101,0,holdout,0.0,0.01528187282383442,-4.1656880378723145,-2.455284833908081,1803
-0.1071280986070633,0.0,-0.2945467233657837,-0.23467616736888885,-0.2805863916873932,0.07088152319192886,0.07104728370904922,0.0,-0.23465879261493683,-0.004366464912891388,0.0050130486488342285,0.0,0.0,0.0,0.0,-0.5585461854934692,-0.04588661715388298,2102,0,holdout,0.0,0.016811486333608627,-4.0687384605407715,-2.455284833908081,1803
-0.12945668399333954,0.0,-0.1869536191225052,-0.12082106620073318,-0.24372513592243195,-0.045697059482336044,-0.12883934378623962,0.0,-0.3264307677745819,-0.004366464912891388,0.0050130486488342285,0.0,0.0,0.0,0.0,0.3695855438709259,0.0980287566781044,2103,0,holdout,0.0,0.04035116359591484,-3.168947219848633,-2.455284833908081,1803
-0.1119261160492897,0.0,-0.26855841279029846,-0.21129268407821655,-0.24508529901504517,-0.045697059482336044,-0.049424197524785995,0.0,-0.19340278208255768,-0.004366464912891388,0.0050130486488342285,0.0,0.0,0.0,0.0,-0.47923240065574646,-0.04588661715388298,2104,0,holdout,0.0,0.0162202175706625,-4.1051435470581055,-2.455284833908081,1803
-0.1071280986070633,0.0,-0.2776414155960083,-0.23467616736888885,-0.2805863916873932,0.09912091493606567,0.07104728370904922,0.0,-0.23465879261493683,-0.004366464912891388,0.0050130486488342285,0.0,0.0,0.0,0.0,-0.5585461854934692,-0.04588661715388298,2105,0,holdout,0.0,0.017574183642864227,-4.023593902587891,-2.455284833908081,1803
-0.1119261160492897,0.0,-0.2613133490085602,0.009931291453540325,-0.2239246815443039,-0.03595159947872162,-0.08899593353271484,0.0,0.18741698563098907,-0.004366464912891388,0.0050130486488342285,0.0,0.0,0.0,0.0,-0.5312245488166809,-0.04588661715388298,2106,0,holdout,0.0,0.027746358886361122,-3.5565121173858643,-2.455284833908081,1803
-0.1119261160492897,0.0,-0.2945467233657837,-0.23981259763240814,-0.28730863332748413,-0.04455466940999031,0.044371262192726135,0.0,-0.19340278208255768,-0.004366464912891388,0.0050130486488342285,0.0,0.0,0.0,0.0,-0.5379829406738281,-0.04588661715388298,2107,0,holdout,0.0,0.01528187282383442,-4.1656880378723145,-2.455284833908081,1803
-0.1119261160492897,0.0,-0.2945467233657837,-0.23981259763240814,-0.28730863332748413,-0.04455466940999031,0.01914355903863907,0.0,-0.21888959407806396,-0.004366464912891388,0.0050130486488342285,0.0,0.0,0.0,0.0,-0.5585461854934692,-0.04588661715388298,2108,0,holdout,0.0,0.014245502650737762,-4.236966133117676,-2.455284833908081,1803
-0.1071280986070633,0.0,-0.2945467233657837,-0.23467616736888885,-0.28730863332748413,0.02161094918847084,0.01914355903863907,0.0,-0.21888959407806396,-0.004366464912891388,0.0050130486488342285,0.0,0.0,0.0,0.0,-0.5585461854934692,-0.04588661715388298,2109,0,holdout,0.0,0.015354595147073269,-4.160866737365723,-2.455284833908081,1803
-0.1119261160492897,0.0,-0.2873016595840454,-0.2604907155036926,-0.2544855773448944,-0.05595272779464722,0.019126886501908302,0.0,0.18741698563098907,-0.004366464912891388,0.0050130486488342285,0.0,0.0,0.0,0.0,-0.6738411784172058,-0.04588661715388298,2110,0,holdout,0.0,0.019115064293146133,-3.937978506088257,-2.455284833908081,1803
-0.1119261160492897,0.0,-0.2945467233657837,-0.2537532448768616,-0.28730863332748413,-0.030614042654633522,0.01914355903863907,0.0,-0.21888959407806396,-0.004366464912891388,0.0050130486488342285,0.0,0.0,0.0,0.0,-0.5585461854934692,-0.04588661715388298,2111,0,holdout,0.0,0.014245502650737762,-4.236966133117676,-2.455284833908081,1803
-0.1119261160492897,0.0,-0.2945467233657837,-0.23981259763240814,-0.28730863332748413,-0.04455466940999031,0.01914355903863907,0.0,-0.21888959407806396,-0.004366464912891388,0.0050130486488342285,0.0,0.0,0.0,0.0,-0.5585461854934692,-0.04588661715388298,2112,0,holdout,0.0,0.014245502650737762,-4.236966133117676,-2.455284833908081,1803
-0.1119261160492897,0.0,-0.2945467233657837,-0.23981259763240814,-0.28730863332748413,-0.04455466940999031,0.01914355903863907,0.0,-0.21888959407806396,-0.004366464912891388,0.0050130486488342285,0.0,0.0,0.0,0.0,-0.5585461854934692,-0.04588661715388298,2113,0,holdout,0.0,0.014245502650737762,-4.236966133117676,-2.455284833908081,1803
-0.1119261160492897,0.0,-0.2945467233657837,-0.23981259763240814,-0.28730863332748413,-0.04455466940999031,0.01914355903863907,0.0,-0.21888959407806396,-0.004366464912891388,0.0050130486488342285,0.0,0.0,0.0,0.0,-0.5585461854934692,-0.04588661715388298,2114,0,holdout,0.0,0.014245502650737762,-4.236966133117676,-2.455284833908081,1803
-0.13111206889152527,0.0,0.08597950637340546,-0.23467616736888885,-0.29835787415504456,0.08372847735881805,0.01080743595957756,0.0,-0.25403285026550293,-0.004366464912891388,0.006750195752829313,0.0,0.0,0.0,0.0,-0.547620952129364,-0.022400803864002228,2115,0,holdout,0.0,0.022740909829735756,-3.7605862617492676,-2.455284833908081,1803
-0.13111206889152527,0.0,0.08440796285867691,-0.2553543150424957,-0.26553481817245483,0.1377609372138977,0.05182194337248802,0.0,0.23951588571071625,-0.004366464912891388,0.006750195752829313,0.0,0.0,0.0,0.0,-0.6881071329116821,-0.022400803864002228,2116,0,holdout,0.0,0.03550596162676811,-3.301903009414673,-2.455284833908081,1803
-0.12281303852796555,0.0,0.06661321222782135,0.020241420716047287,-0.0720939040184021,-0.037434060126543045,0.08026378601789474,0.0,0.3188880681991577,-0.004366464912891388,0.012083745561540127,0.0,0.0,0.0,0.0,0.6421446800231934,0.04091822728514671,2117,0,holdout,0.0,0.18081438541412354,-1.5108397006988525,-2.455284833908081,1803
-0.1534406542778015,0.0,0.0734570175409317,0.009889453649520874,-0.06723318994045258,-0.037434060126543045,0.07833181321620941,0.0,0.26955243945121765,-0.004366464912891388,0.012083745561540127,0.0,0.0,0.0,0.0,0.2926880717277527,-0.0010743839666247368,2118,0,holdout,0.0,0.12101730704307556,-1.9828317165374756,-2.455284833908081,1803
-0.1477845311164856,0.0,0.05978133901953697,0.035742275416851044,0.040608279407024384,-0.027178389951586723,-0.20688749849796295,0.0,-0.3264307677745819,-0.004366464912891388,0.012083745561540127,0.0,0.0,0.0,0.0,0.2788178622722626,0.04091822728514671,2119,0,holdout,0.0,0.06297450512647629,-2.6999804973602295,-2.455284833908081,1803
-0.13025395572185516,0.0,0.0848146602511406,0.147007554769516,0.058057304471731186,-0.027178389951586723,-0.12747235596179962,0.0,-0.20207339525222778,-0.004366464912891388,0.012083745561540127,0.0,0.0,0.0,0.0,-0.3847270905971527,-0.010574615560472012,2120,0,holdout,0.0,0.0456525944173336,-3.0399672985076904,-2.455284833908081,1803
-0.13025395572185516,0.0,0.0848146602511406,0.09554456174373627,0.05482115224003792,-0.027178389951586723,-0.12747235596179962,0.0,-0.19340278208255768,-0.004366464912891388,0.012083745561540127,0.0,0.0,0.0,0.0,-0.3847270905971527,-0.01578500308096409,2121,0,holdout,0.0,0.04347144812345505,-3.0912063121795654,-2.455284833908081,1803
-0.13591007888317108,0.0,0.09164653718471527,0.023767970502376556,-0.007196006830781698,-0.006995480507612228,0.11105670034885406,0.0,-0.19951553642749786,-0.004366464912891388,0.012083745561540127,0.0,0.0,0.0,0.0,-0.4122794270515442,-0.01578500308096409,2122,0,holdout,0.0,0.04748111590743065,-2.9987778663635254,-2.455284833908081,1803
-0.1534406542778015,0.0,0.06661321222782135,-0.03928324207663536,-0.12286216765642166,-0.03748312592506409,0.09734870493412018,0.0,-0.4000989496707916,-0.004366464912891388,0.012083745561540127,0.0,0.0,0.0,0.0,0.3420695960521698,0.04091822728514671,2123,0,holdout,0.0,0.06575606018304825,-2.6537857055664062,-2.455284833908081,1803
-0.13591007888317108,0.0,0.0848146602511406,0.09554456174373627,0.0030595979187637568,-0.027178389951586723,-0.1218162328004837,0.0,-0.19340278208255768,-0.004366464912891388,0.012083745561540127,0.0,0.0,0.0,0.0,-0.33296558260917664,-0.01578500308096409,2124,0,holdout,0.0,0.04347144812345505,-3.0912063121795654,-2.455284833908081,1803
-0.13591007888317108,0.0,0.09164653718471527,0.02051904797554016,-0.1341848224401474,-0.03748312592506409,0.05915297567844391,0.0,-0.21888959407806396,-0.004366464912891388,0.012083745561540127,0.0,0.0,0.0,0.0,-0.4516063332557678,-0.01578500308096409,2125,0,holdout,0.0,0.03661102056503296,-3.2701079845428467,-2.455284833908081,1803
-0.10010372847318649,0.0,0.06661321222782135,0.05591602250933647,-0.08019707351922989,-0.037434060126543045,0.11940278857946396,0.0,0.34625697135925293,0.016432497650384903,0.012083745561540127,0.0,0.0,0.0,0.0,0.7343051433563232,0.024280041456222534,2126,0,holdout,0.0,0.21454736590385437,-1.2977296113967896,-2.455284833908081,1803
-0.13591007888317108,0.0,0.0848146602511406,0.09554456174373627,0.0030595979187637568,-0.027178389951586723,-0.1218162328004837,0.0,-0.19340278208255768,-0.004366464912891388,0.012083745561540127,0.0,0.0,0.0,0.0,-0.33296558260917664,-0.01578500308096409,2127,0,holdout,0.0,0.04347144812345505,-3.0912063121795654,-2.455284833908081,1803
-0.13591007888317108,0.0,0.09164653718471527,0.02051904797554016,-0.006553466897457838,-0.03748312592506409,0.11105670034885406,0.0,-0.19951553642749786,-0.004366464912891388,0.012083745561540127,0.0,0.0,0.0,0.0,-0.4122794270515442,-0.01578500308096409,2128,0,holdout,0.0,0.04600660502910614,-3.031871795654297,-2.455284833908081,1803
-0.13111206889152527,0.0,0.08597950637340546,-0.23467616736888885,-0.29835787415504456,0.08372847735881805,0.029767856001853943,0.0,-0.25403285026550293,-0.004366464912891388,0.006750195752829313,0.0,0.0,0.0,0.0,-0.5434322953224182,-0.022400803864002228,2129,0,holdout,0.0,0.023261092603206635,-3.7374372482299805,-2.455284833908081,1803
-0.13111206889152527,0.0,0.08597950637340546,-0.23467616736888885,-0.29835787415504456,0.08372847735881805,0.029767856001853943,0.0,-0.25403285026550293,-0.004366464912891388,0.006750195752829313,0.0,0.0,0.0,0.0,-0.5434322953224182,-0.022400803864002228,2130,0,holdout,0.0,0.023261092603206635,-3.7374372482299805,-2.455284833908081,1803
-0.13111206889152527,0.0,0.08440796285867691,-0.21503359079360962,-0.26222947239875793,0.1377609372138977,0.06669789552688599,0.0,0.3164501190185547,-0.004366464912891388,0.006750195752829313,0.0,0.0,0.0,0.0,0.1891750991344452,-0.022400803864002228,2131,0,holdout,0.0,0.09202267974615097,-2.289184331893921,-2.455284833908081,1803
-0.13111206889152527,0.0,0.08597950637340546,-0.23467616736888885,-0.29835787415504456,0.08372847735881805,0.029767856001853943,0.0,-0.25403285026550293,-0.004366464912891388,0.006750195752829313,0.0,0.0,0.0,0.0,-0.5434322953224182,-0.022400803864002228,2132,0,holdout,0.0,0.023261092603206635,-3.7374372482299805,-2.455284833908081,1803
-0.13591007888317108,0.0,0.09164653718471527,0.008569563739001751,-0.28952547907829285,-0.04147235304117203,0.04074155539274216,0.0,-0.21888959407806396,-0.004366464912891388,0.006750195752829313,0.0,0.0,0.0,0.0,-0.45956623554229736,-0.022400803864002228,2133,0,holdout,0.0,0.029895147308707237,-3.479707956314087,-2.455284833908081,1803
-0.13591007888317108,0.0,0.09164653718471527,0.1007218137383461,0.0067203463986516,-0.02603599801659584,0.08438067883253098,0.0,-0.19340278208255768,-0.004366464912891388,0.012083745561540127,0.0,0.0,0.0,0.0,-0.3917161226272583,-0.01578500308096409,2134,0,holdout,0.0,0.05083738639950752,-2.926948070526123,-2.455284833908081,1803
-0.13591007888317108,0.0,0.09007499366998672,0.04307309910655022,-0.07013943791389465,-0.037434060126543045,0.09608302265405655,0.0,0.2861628234386444,-0.004366464912891388,0.012083745561540127,0.0,0.0,0.0,0.0,0.1300484836101532,-0.01578500308096409,2135,0,holdout,0.0,0.11290621012449265,-2.0613932609558105,-2.455284833908081,1803
-0.13111206889152527,0.0,0.09164653718471527,-0.2746613621711731,-0.1701352745294571,0.07162589579820633,0.0481792688369751,0.0,-0.25403285026550293,-0.004366464912891388,0.012083745561540127,0.0,0.0,0.0,0.0,-0.5434322953224182,-0.01578500308096409,2136,0,holdout,0.0,0.02595040202140808,-3.625275135040283,-2.455284833908081,1803
-0.13591007888317108,0.0,0.09164653718471527,0.008569563739001751,-0.28952547907829285,-0.04147235304117203,0.04074155539274216,0.0,-0.21888959407806396,-0.004366464912891388,0.006750195752829313,0.0,0.0,0.0,0.0,-0.45956623554229736,-0.022400803864002228,2137,0,holdout,0.0,0.029895147308707237,-3.479707956314087,-2.455284833908081,1803
-0.13591007888317108,0.0,0.0848146602511406,0.1595296710729599,0.006295755505561829,-0.0019372643437236547,-0.11342011392116547,0.0,-0.2145954817533493,-0.004366464912891388,0.012083745561540127,0.0,0.0,0.0,0.0,-0.33296558260917664,-0.010574615560472012,2138,0,holdout,0.0,0.04714072495698929,-3.0063300132751465,-2.455284833908081,1803
-0.12895403802394867,0.0,0.06661321222782135,0.040919527411460876,-0.10491697490215302,-0.02603599801659584,0.14925244450569153,0.0,-0.3807249069213867,-0.004366464912891388,0.012083745561540127,0.0,0.0,0.0,0.0,0.47571107745170593,0.04091822728514671,2139,0,holdout,0.0,0.08990588784217834,-2.314784526824951,-2.455284833908081,1803
-0.13111206889152527,0.0,0.08597950637340546,-0.2746613621711731,-0.023311158642172813,0.07729292660951614,0.0481792688369751,0.0,-0.25403285026550293,-0.004366464912891388,0.012083745561540127,0.0,0.0,0.0,0.0,-0.49614548683166504,-0.01578500308096409,2140,0,holdout,0.0,0.031335581094026566,-3.431164026260376,-2.455284833908081,1803
-0.13111206889152527,0.0,0.08597950637340546,-0.26189327239990234,-0.27114078402519226,0.08372847735881805,0.029767856001853943,0.0,-0.25403285026550293,-0.004366464912891388,0.006750195752829313,0.0,0.0,0.0,0.0,-0.5434322953224182,-0.022400803864002228,2141,0,holdout,0.0,0.023261092603206635,-3.7374372482299805,-2.455284833908081,1803
-0.13591007888317108,0.0,0.09164653718471527,0.02051904797554016,-0.1341848224401474,-0.03748312592506409,0.05915297567844391,0.0,-0.21888959407806396,-0.004366464912891388,0.012083745561540127,0.0,0.0,0.0,0.0,-0.4516063332557678,-0.01578500308096409,2142,0,holdout,0.0,0.03661102056503296,-3.2701079845428467,-2.455284833908081,1803
-0.13591007888317108,0.0,0.09164653718471527,0.1007218137383461,0.0067203463986516,-0.02603599801659584,0.13818344473838806,0.0,-0.19340278208255768,-0.004366464912891388,0.012083745561540127,0.0,0.0,0.0,0.0,-0.36331313848495483,-0.01578500308096409,2143,0,holdout,0.0,0.054953742772340775,-2.8447420597076416,-2.455284833908081,1803
-0.13591007888317108,0.0,0.09164653718471527,0.1007218137383461,0.0067203463986516,-0.02603599801659584,0.10494395345449448,0.0,-0.19340278208255768,-0.004366464912891388,0.012083745561540127,0.0,0.0,0.0,0.0,-0.4122794270515442,-0.01578500308096409,2144,0,holdout,0.0,0.05083738639950752,-2.926948070526123,-2.455284833908081,1803
-0.1477845311164856,0.0,0.06662515550851822,0.10696519911289215,0.08531492948532104,-0.013335324823856354,-0.2237357497215271,0.0,0.2866276204586029,-0.004366464912891388,0.012083745561540127,0.0,0.0,0.0,0.0,0.32767730951309204,0.0041360026225447655,2145,0,holdout,1.0,0.12400079518556595,-1.9550772905349731,-2.455284833908081,1803
-0.07348129898309708,0.0,0.0649406760931015,0.040919527411460876,-0.10101454704999924,-0.02603599801659584,0.10162534564733505,0.0,-0.37461215257644653,-0.004366464912891388,-0.04874138906598091,0.0,0.0,0.0,0.0,0.4870603680610657,0.04091822728514671,2146,0,holdout,0.0,0.08721915632486343,-2.348071813583374,-2.455284833908081,1803
-0.13591007888317108,0.0,0.09164653718471527,0.1007218137383461,0.0067203463986516,-0.02603599801659584,0.10494395345449448,0.0,-0.19340278208255768,-0.004366464912891388,0.012083745561540127,0.0,0.0,0.0,0.0,-0.4122794270515442,-0.01578500308096409,2147,0,holdout,0.0,0.05083738639950752,-2.926948070526123,-2.455284833908081,1803
-0.13025395572185516,0.0,0.08324311673641205,0.07486644387245178,0.03588267043232918,-0.03857645019888878,-0.1527167409658432,0.0,0.18741698563098907,-0.004366464912891388,0.012083745561540127,0.0,0.0,0.0,0.0,-0.4776403605937958,-0.01578500308096409,2148,0,holdout,1.0,0.053094301372766495,-2.8811299800872803,-2.455284833908081,1803
-0.07964001595973969,0.0,0.05810880661010742,0.07787879556417465,0.051533594727516174,-0.0019372643437236547,-0.20044222474098206,0.0,-0.39580488204956055,-0.004366464912891388,-0.04874138906598091,0.0,0.0,0.0,0.0,0.5661481618881226,0.024280041456222534,2149,0,holdout,0.0,0.0825444832444191,-2.40826678276062,-2.455284833908081,1803
-0.13025395572185516,0.0,0.0848146602511406,0.09554456174373627,0.0030595979187637568,-0.027178389951586723,-0.12747235596179962,0.0,-0.19340278208255768,-0.004366464912891388,0.012083745561540127,0.0,0.0,0.0,0.0,-0.33296558260917664,-0.01578500308096409,2150,0,holdout,0.0,0.04347144812345505,-3.0912063121795654,-2.455284833908081,1803
-0.13591007888317108,0.0,0.08324311673641205,-0.012784972786903381,0.030057502910494804,-0.05002357438206673,-0.14706061780452728,0.0,0.18741698563098907,-0.004366464912891388,0.012083745561540127,0.0,0.0,0.0,0.0,-0.4776403605937958,-0.01578500308096409,2151,0,holdout,0.0,0.048059914261102676,-2.986053705215454,-2.455284833908081,1803
0.16607031226158142,0.0,0.09877412021160126,-0.29074302315711975,-0.15094248950481415,0.06945115327835083,0.051938772201538086,0.0,-0.25403285026550293,-0.004366464912891388,0.012083745561540127,0.0,0.0,0.0,0.0,-0.5240169763565063,-0.01578500308096409,2152,0,holdout,0.0,0.03567928075790405,-3.29685378074646,-2.455284833908081,1803
0.19673147797584534,0.0,0.07940782606601715,-0.07766634225845337,-0.3031294643878937,-0.038813911378383636,0.08464761823415756,0.0,-0.3453107178211212,-0.004366464912891388,0.006750195752829313,0.0,0.0,0.0,0.0,0.36284005641937256,-0.007690184749662876,2153,0,holdout,0.0,0.07572619616985321,-2.5018842220306396,-2.455284833908081,1803
0.16607031226158142,0.0,0.10444115102291107,-0.2507578134536743,-0.3050801455974579,0.020949097350239754,0.033527351915836334,0.0,-0.21888959407806396,-0.004366464912891388,0.006750195752829313,0.0,0.0,0.0,0.0,-0.5319768190383911,-0.022400803864002228,2154,0,holdout,0.0,0.030560243874788284,-3.4570183753967285,-2.455284833908081,1803
0.17177250981330872,0.0,0.10444115102291107,0.09208881109952927,-0.00072829844430089,-0.02337755635380745,0.11481620371341705,0.0,-0.19951553642749786,-0.004366464912891388,0.012083745561540127,0.0,0.0,0.0,0.0,-0.40082404017448425,-0.01578500308096409,2155,0,holdout,0.0,0.06883788853883743,-2.6046791076660156,-2.455284833908081,1803
0.19673147797584534,0.0,0.07257595658302307,0.05432144179940224,-0.07154059410095215,-0.010676885023713112,-0.2143201231956482,0.0,0.2751097083091736,-0.004366464912891388,0.012083745561540127,0.0,0.0,0.0,0.0,0.3351336717605591,0.0041360026225447655,2156,0,holdout,0.0,0.14111050963401794,-1.8060969114303589,-2.455284833908081,1803
0.19673147797584534,0.0,0.07940782606601715,0.021934576332569122,-0.1113876923918724,-0.02337755635380745,0.15496276319026947,0.0,-0.3259366750717163,-0.004366464912891388,0.012083745561540127,0.0,0.0,0.0,0.0,0.3130713999271393,-0.0010743839666247368,2157,0,holdout,0.0,0.10496503859758377,-2.143235445022583,-2.455284833908081,1803
0.16394343972206116,0.0,0.0976092740893364,0.0794629156589508,0.0030595979187637568,-0.024519948288798332,-0.1371980458498001,0.0,-0.19340278208255768,-0.004366464912891388,0.012083745561540127,0.0,0.0,0.0,0.0,-0.3215101659297943,-0.01578500308096409,2158,0,holdout,0.0,0.05754571408033371,-2.795907735824585,-2.455284833908081,1803
0.16394343972206116,0.0,0.09603773057460785,0.16103781759738922,0.0908803790807724,-0.010676885023713112,-0.15404629707336426,0.0,0.20449218153953552,-0.004366464912891388,0.012083745561540127,0.0,0.0,0.0,0.0,-0.5179464817047119,-0.010574615560472012,2159,0,holdout,0.0,0.08132946491241455,-2.4244191646575928,-2.455284833908081,1803
0.18890242278575897,0.0,0.07257595658302307,0.07938694208860397,0.07666750252246857,-0.010676885023713112,-0.2334614396095276,0.0,0.29287636280059814,-0.004366464912891388,0.012083745561540127,0.0,0.0,0.0,0.0,0.4079285264015198,0.024280041456222534,2160,0,holdout,0.0,0.17521795630455017,-1.549088478088379,-2.455284833908081,1803
0.17177250981330872,0.0,0.10444115102291107,0.08464016765356064,0.0067203463986516,-0.02337755635380745,0.08814017474651337,0.0,-0.19340278208255768,-0.004366464912891388,0.012083745561540127,0.0,0.0,0.0,0.0,-0.38026073575019836,-0.01578500308096409,2161,0,holdout,0.0,0.06883788853883743,-2.6046791076660156,-2.455284833908081,1803
0.17177250981330872,0.0,0.0976092740893364,0.0794629156589508,0.0030595979187637568,-0.024519948288798332,-0.11805671453475952,0.0,-0.19340278208255768,-0.004366464912891388,0.012083745561540127,0.0,0.0,0.0,0.0,-0.3215101659297943,-0.01578500308096409,2162,0,holdout,0.0,0.05902600660920143,-2.768937349319458,-2.455284833908081,1803
0.16394343972206116,0.0,0.0976092740893364,0.14344802498817444,0.058057304471731186,0.0007211773190647364,-0.12880192697048187,0.0,-0.2145954817533493,-0.004366464912891388,0.012083745561540127,0.0,0.0,0.0,0.0,-0.3732717037200928,-0.010574615560472012,2163,0,holdout,0.0,0.06232554838061333,-2.711031436920166,-2.455284833908081,1803
0.16394343972206116,0.0,0.0976092740893364,0.0794629156589508,0.0030595979187637568,-0.024519948288798332,-0.1371980458498001,0.0,-0.19340278208255768,-0.004366464912891388,0.012083745561540127,0.0,0.0,0.0,0.0,-0.3215101659297943,-0.01578500308096409,2164,0,holdout,0.0,0.05754571408033371,-2.795907735824585,-2.455284833908081,1803
0.16394343972206116,0.0,0.0976092740893364,0.14344802498817444,0.058057304471731186,0.0007211773190647364,-0.12880192697048187,0.0,-0.2145954817533493,-0.004366464912891388,0.012083745561540127,0.0,0.0,0.0,0.0,-0.3732717037200928,-0.010574615560472012,2165,0,holdout,0.0,0.06232554838061333,-2.711031436920166,-2.455284833908081,1803
0.16394343972206116,0.0,0.0976092740893364,0.14344802498817444,0.058057304471731186,0.0007211773190647364,-0.12880192697048187,0.0,-0.2145954817533493,-0.004366464912891388,0.012083745561540127,0.0,0.0,0.0,0.0,-0.3732717037200928,-0.010574615560472012,2166,0,holdout,0.0,0.06232554838061333,-2.711031436920166,-2.455284833908081,1803
0.16394343972206116,0.0,0.0976092740893364,0.0794629156589508,0.0030595979187637568,-0.024519948288798332,-0.1371980458498001,0.0,-0.19340278208255768,-0.004366464912891388,0.012083745561540127,0.0,0.0,0.0,0.0,-0.3215101659297943,-0.01578500308096409,2167,0,holdout,0.0,0.05754571408033371,-2.795907735824585,-2.455284833908081,1803
0.16394343972206116,0.0,0.0976092740893364,0.14344802498817444,0.058057304471731186,0.0007211773190647364,-0.12880192697048187,0.0,-0.2145954817533493,-0.004366464912891388,0.012083745561540127,0.0,0.0,0.0,0.0,-0.3732717037200928,-0.010574615560472012,2168,0,holdout,0.0,0.06232554838061333,-2.711031436920166,-2.455284833908081,1803
0.16394343972206116,0.0,0.09603773057460785,0.1166185662150383,0.07443207502365112,-0.010676885023713112,-0.18786105513572693,0.0,0.2814263701438904,-0.004366464912891388,0.012083745561540127,0.0,0.0,0.0,0.0,0.20615144073963165,-0.010574615560472012,2169,0,holdout,0.0,0.15211984515190125,-1.71807062625885,-2.455284833908081,1803
0.18890242278575897,0.0,0.07257595658302307,0.061797164380550385,0.04384443908929825,0.0007211773190647364,-0.2082170695066452,0.0,-0.3476234972476959,-0.004366464912891388,0.012083745561540127,0.0,0.0,0.0,0.0,0.33276280760765076,0.024280041456222534,2170,0,holdout,0.0,0.0929173082113266,-2.2785236835479736,-2.455284833908081,1803
0.18907225131988525,0.0,0.11344321817159653,0.18365123867988586,0.30651646852493286,0.0007211773190647364,-0.1695348471403122,0.0,-0.19926056265830994,-0.004366464912891388,0.012083745561540127,0.0,0.0,0.0,0.0,-0.3830166161060333,-0.010574615560472012,2171,0,holdout,0.0,0.08191943168640137,-2.41654896736145,-2.455284833908081,1803
0.16394343972206116,0.0,0.09603773057460785,0.16103781759738922,0.0908803790807724,-0.010676885023713112,-0.15404629707336426,0.0,0.20449218153953552,-0.004366464912891388,0.012083745561540127,0.0,0.0,0.0,0.0,-0.5179464817047119,-0.010574615560472012,2172,0,holdout,0.0,0.08132946491241455,-2.4244191646575928,-2.455284833908081,1803
0.18907225131988525,0.0,0.0976092740893364,0.20773254334926605,0.058057304471731186,0.0007211773190647364,-0.12880192697048187,0.0,-0.2145954817533493,-0.004366464912891388,0.012083745561540127,0.0,0.0,0.0,0.0,-0.3732717037200928,-0.010574615560472012,2173,0,holdout,0.0,0.06776001304388046,-2.6216180324554443,-2.455284833908081,1803
0.21403123438358307,0.0,0.10996432602405548,0.14334765076637268,0.47886812686920166,-0.010676885023713112,-0.2741943299770355,0.0,0.19089265167713165,-0.0018540016608312726,0.012083745561540127,0.0,0.0,0.0,0.0,0.4155217111110687,-0.010574615560472012,2174,0,holdout,0.0,0.23363915085792542,-1.1878752708435059,-2.455284833908081,1803
0.16394343972206116,0.0,0.11344321817159653,0.14180657267570496,0.5957728624343872,0.0007211773190647364,-0.1695348471403122,0.0,-0.13066557049751282,-0.0018540016608312726,0.012083745561540127,0.0,0.0,0.0,0.0,-0.3646959066390991,-0.010574615560472012,2175,0,holdout,0.0,0.10862747579813004,-2.1048381328582764,-2.455284833908081,1803
-0.10626999288797379,0.0,-0.2613133490085602,0.07486644387245178,0.10541573166847229,-0.02051524817943573,-0.12212472409009933,0.0,0.18741698563098907,-0.004366464912891388,0.010346597991883755,0.0,0.0,0.0,0.0,-0.5356992483139038,-0.03927081823348999,2176,0,holdout,0.0,0.04043445736169815,-3.1667983531951904,-2.455284833908081,1803
-0.12380056828260422,0.0,-0.20464035868644714,0.025390315800905228,0.06702721118927002,-0.009117189794778824,-0.17629550397396088,0.0,-0.3198239207267761,-0.004366464912891388,0.010346597991883755,0.0,0.0,0.0,0.0,0.2687602937221527,0.039040397852659225,2177,0,holdout,0.0,0.053012214601039886,-2.8827638626098633,-2.455284833908081,1803
-0.10626999288797379,0.0,-0.26855841279029846,0.007893141359090805,0.015005933120846748,-0.020564313977956772,-0.09688036143779755,0.0,-0.19340278208255768,-0.004366464912891388,0.010346597991883755,0.0,0.0,0.0,0.0,-0.34807947278022766,-0.03927081823348999,2178,0,holdout,0.0,0.029328402131795883,-3.499431848526001,-2.455284833908081,1803
-0.12380056828260422,0.0,-0.1869536191225052,-0.08293923735618591,-0.06283039599657059,-0.03196236863732338,-0.20153987407684326,0.0,0.2758011817932129,-0.004366464912891388,0.010346597991883755,0.0,0.0,0.0,0.0,0.3285748362541199,0.039040397852659225,2179,0,holdout,0.0,0.07614512741565704,-2.4959139823913574,-2.455284833908081,1803
-0.12380056828260422,0.0,-0.1869536191225052,-0.05190914124250412,-0.10130278021097183,-0.020564313977956772,-0.17824634909629822,0.0,-0.37461215257644653,-0.004366464912891388,0.010346597991883755,0.0,0.0,0.0,0.0,0.329745352268219,0.08103302121162415,2180,0,holdout,0.0,0.044111739844083786,-3.0759150981903076,-2.455284833908081,1803
-0.10626999288797379,0.0,-0.2613133490085602,-0.005336320959031582,0.040380366146564484,-0.03196236863732338,-0.12212472409009933,0.0,0.18741698563098907,-0.004366464912891388,0.010346597991883755,0.0,0.0,0.0,0.0,-0.48393765091896057,-0.03927081823348999,2181,0,holdout,0.0,0.03655413165688515,-3.2717220783233643,-2.455284833908081,1803
-0.13025395572185516,0.0,0.0848146602511406,0.09554456174373627,0.0030595979187637568,-0.027178389951586723,-0.12747235596179962,0.0,-0.19340278208255768,-0.004366464912891388,0.012083745561540127,0.0,0.0,0.0,0.0,-0.33296558260917664,-0.01578500308096409,2182,0,holdout,0.0,0.04347144812345505,-3.0912063121795654,-2.455284833908081,1803
-0.1477845311164856,0.0,0.06662515550851822,0.10696519911289215,0.08531492948532104,-0.013335324823856354,-0.2237357497215271,0.0,0.2866276204586029,-0.004366464912891388,0.012083745561540127,0.0,0.0,0.0,0.0,0.32767730951309204,0.0041360026225447655,2183,0,holdout,0.0,0.12400079518556595,-1.9550772905349731,-2.455284833908081,1803
-0.13025395572185516,0.0,0.0848146602511406,0.147007554769516,0.058057304471731186,-0.027178389951586723,-0.12747235596179962,0.0,-0.20207339525222778,-0.004366464912891388,0.012083745561540127,0.0,0.0,0.0,0.0,-0.3847270905971527,-0.010574615560472012,2184,0,holdout,0.0,0.0456525944173336,-3.0399672985076904,-2.455284833908081,1803
-0.13591007888317108,0.0,0.0848146602511406,0.09554456174373627,0.05482115224003792,-0.027178389951586723,-0.1218162328004837,0.0,-0.19340278208255768,-0.004366464912891388,0.012083745561540127,0.0,0.0,0.0,0.0,-0.3847270905971527,-0.01578500308096409,2185,0,holdout,0.0,0.04347144812345505,-3.0912063121795654,-2.455284833908081,1803
-0.1534406542778015,0.0,0.06661321222782135,0.0945526584982872,-0.09756642580032349,-0.02603599801659584,0.15120328962802887,0.0,-0.3537362515926361,0.016432497650384903,0.012083745561540127,0.0,0.0,0.0,0.0,0.2657332718372345,0.0041360026225447655,2186,0,holdout,0.0,0.07760734856128693,-2.475308895111084,-2.455284833908081,1803
-0.13591007888317108,0.0,0.09164653718471527,0.16470694541931152,0.00995650514960289,-0.02603599801659584,0.05915297567844391,0.0,-0.2400822937488556,-0.004366464912891388,0.012083745561540127,0.0,0.0,0.0,0.0,-0.4122794270515442,-0.010574615560472012,2187,0,holdout,0.0,0.04987911134958267,-2.9469869136810303,-2.455284833908081,1803
-0.13591007888317108,0.0,0.0848146602511406,0.09554456174373627,0.05482115224003792,-0.027178389951586723,-0.1218162328004837,0.0,-0.19340278208255768,-0.004366464912891388,0.012083745561540127,0.0,0.0,0.0,0.0,-0.3847270905971527,-0.01578500308096409,2188,0,holdout,0.0,0.04347144812345505,-3.0912063121795654,-2.455284833908081,1803
-0.1477845311164856,0.0,0.05978133901953697,0.07685330510139465,0.052491869777441025,-0.027178389951586723,-0.20688749849796295,0.0,-0.3351013958454132,-0.004366464912891388,0.012083745561540127,0.0,0.0,0.0,0.0,0.2788178622722626,0.0041360026225447655,2189,0,holdout,0.0,0.06342101097106934,-2.6924386024475098,-2.455284833908081,1803
-0.13591007888317108,0.0,0.09164653718471527,0.1007218137383461,0.010603152215480804,-0.02603599801659584,0.13430064916610718,0.0,-0.19340278208255768,-0.004366464912891388,0.012083745561540127,0.0,0.0,0.0,0.0,-0.36331313848495483,-0.01578500308096409,2190,0,holdout,0.0,0.054953742772340775,-2.8447420597076416,-2.455284833908081,1803
-0.13591007888317108,0.0,0.09164653718471527,0.1007218137383461,0.0067203463986516,-0.02603599801659584,0.11105670034885406,0.0,-0.19951553642749786,-0.004366464912891388,0.012083745561540127,0.0,0.0,0.0,0.0,-0.4122794270515442,-0.01578500308096409,2191,0,holdout,0.0,0.05083738639950752,-2.926948070526123,-2.455284833908081,1803
-0.13591007888317108,0.0,0.09164653718471527,0.01567678526043892,0.0008951784111559391,-0.006995480507612228,0.05915297567844391,0.0,-0.21888959407806396,-0.004366464912891388,0.012083745561540127,0.0,0.0,0.0,0.0,-0.4122794270515442,-0.01578500308096409,2192,0,holdout,0.0,0.044359467923641205,-3.0700557231903076,-2.455284833908081,1803
-0.13591007888317108,0.0,0.09007499366998672,0.1378774642944336,0.09108144044876099,-0.037434060126543045,0.11482640355825424,0.0,0.2814263701438904,-0.004366464912891388,0.012083745561540127,0.0,0.0,0.0,0.0,0.21303915977478027,-0.010574615560472012,2193,0,holdout,0.0,0.15405288338661194,-1.7031608819961548,-2.455284833908081,1803
-0.13591007888317108,0.0,0.08324311673641205,0.14055733382701874,0.0908803790807724,-0.03857645019888878,-0.14706061780452728,0.0,0.1929742693901062,-0.004366464912891388,0.012083745561540127,0.0,0.0,0.0,0.0,-0.5294020175933838,-0.010574615560472012,2194,0,holdout,0.0,0.05724666640162468,-2.8014352321624756,-2.455284833908081,1803
-0.13591007888317108,0.0,0.09164653718471527,0.01567678526043892,0.0008951784111559391,-0.006995480507612228,0.10494395345449448,0.0,-0.19340278208255768,-0.004366464912891388,0.012083745561540127,0.0,0.0,0.0,0.0,-0.4122794270515442,-0.01578500308096409,2195,0,holdout,0.0,0.04748111590743065,-2.9987778663635254,-2.455284833908081,1803
-0.13025395572185516,0.0,0.0848146602511406,0.09554456174373627,0.05482115224003792,-0.027178389951586723,-0.12747235596179962,0.0,-0.19340278208255768,-0.004366464912891388,0.012083745561540127,0.0,0.0,0.0,0.0,-0.3847270905971527,-0.01578500308096409,2196,0,holdout,0.0,0.04347144812345505,-3.0912063121795654,-2.455284833908081,1803
-0.13591007888317108,0.0,0.09007499366998672,0.08004369586706161,0.039543427526950836,-0.037434060126543045,0.05913631245493889,0.0,0.18741698563098907,-0.004366464912891388,0.012083745561540127,0.0,0.0,0.0,0.0,-0.536391019821167,-0.01578500308096409,2197,0,holdout,0.0,0.06198510527610779,-2.716871738433838,-2.455284833908081,1803
-0.13591007888317108,0.0,0.09164653718471527,0.16470694541931152,0.06560084223747253,-0.02603599801659584,0.13430064916610718,0.0,-0.2145954817533493,-0.004366464912891388,0.012083745561540127,0.0,0.0,0.0,0.0,-0.4150746762752533,-0.010574615560472012,2198,0,holdout,0.0,0.05767626687884331,-2.7935030460357666,-2.455284833908081,1803
-0.13025395572185516,0.0,0.0848146602511406,0.09554456174373627,0.05482115224003792,-0.027178389951586723,-0.12747235596179962,0.0,-0.19340278208255768,-0.004366464912891388,0.012083745561540127,0.0,0.0,0.0,0.0,-0.3847270905971527,-0.01578500308096409,2199,0,holdout,0.0,0.04347144812345505,-3.0912063121795654,-2.455284833908081,1803
-0.13111206889152527,0.0,0.08597950637340546,0.03475385904312134,-0.0028073634020984173,0.08974234014749527,0.11105670034885406,0.0,-0.23465879261493683,-0.004366464912891388,0.012083745561540127,0.0,0.0,0.0,0.0,-0.4122794270515442,-0.01578500308096409,2200,0,holdout,0.0,0.05104382708668709,-2.922677993774414,-2.455284833908081,1803
-0.1477845311164856,0.0,0.05978133901953697,0.06535670161247253,0.04384443908929825,-0.027178389951586723,-0.20688749849796295,0.0,-0.3351013958454132,-0.004366464912891388,0.012083745561540127,0.0,0.0,0.0,0.0,0.2788178622722626,0.024280041456222534,2201,0,holdout,0.0,0.06342101097106934,-2.6924386024475098,-2.455284833908081,1803
-0.1477845311164856,0.0,0.05978133901953697,0.10696519911289215,0.08531492948532104,-0.03857645019888878,-0.23213186860084534,0.0,0.29287636280059814,-0.004366464912891388,0.012083745561540127,0.0,0.0,0.0,0.0,0.3539835810661316,0.0041360026225447655,2202,0,holdout,1.0,0.12314239889383316,-1.963003158569336,-2.455284833908081,1803
-0.07964001595973969,0.0,0.05810880661010742,0.07787879556417465,0.051533594727516174,-0.0019372643437236547,-0.20044222474098206,0.0,-0.39580488204956055,-0.004366464912891388,-0.04874138906598091,0.0,0.0,0.0,0.0,0.5661481618881226,0.024280041456222534,2203,0,holdout,1.0,0.0825444832444191,-2.40826678276062,-2.455284833908081,1803
-0.09921787679195404,0.0,0.05810880661010742,0.0909651517868042,0.08063330501317978,-0.013335324823856354,-0.22568659484386444,0.0,0.3359632194042206,-0.004366464912891388,-0.04874138906598091,0.0,0.0,0.0,0.0,0.7325822114944458,0.024280041456222534,2204,0,holdout,0.0,0.17885857820510864,-1.5240999460220337,-2.455284833908081,1803
-0.13025395572185516,0.0,0.0848146602511406,0.1595296710729599,0.058057304471731186,-0.0019372643437236547,-0.11907623708248138,0.0,-0.2145954817533493,-0.004366464912891388,0.012083745561540127,0.0,0.0,0.0,0.0,-0.3847270905971527,-0.010574615560472012,2205,0,holdout,0.0,0.04714072495698929,-3.0063300132751465,-2.455284833908081,1803
-0.13591007888317108,0.0,0.0848146602511406,0.1595296710729599,0.058057304471731186,-0.0019372643437236547,-0.11342011392116547,0.0,-0.2145954817533493,-0.004366464912891388,0.012083745561540127,0.0,0.0,0.0,0.0,-0.3847270905971527,-0.010574615560472012,2206,0,holdout,0.0,0.04714072495698929,-3.0063300132751465,-2.455284833908081,1803
-0.14983181655406952,0.0,0.0848146602511406,0.17910753190517426,0.058057304471731186,-0.0019372643437236547,-0.11907623708248138,0.0,-0.2145954817533493,-0.004366464912891388,0.012083745561540127,0.0,0.0,0.0,0.0,-0.3847270905971527,-0.010574615560472012,2207,0,holdout,0.0,0.04714072495698929,-3.0063300132751465,-2.455284833908081,1803
0.18890242278575897,0.0,0.07257595658302307,0.061797164380550385,0.04384443908929825,-0.024519948288798332,-0.21661318838596344,0.0,-0.3476234972476959,-0.004366464912891388,0.012083745561540127,0.0,0.0,0.0,0.0,0.33276280760765076,0.024280041456222534,2208,0,holdout,0.0,0.09012078493833542,-2.3121609687805176,-2.455284833908081,1803
0.17177250981330872,0.0,0.10444115102291107,0.14862529933452606,0.00995650514960289,-0.02337755635380745,0.0629124790430069,0.0,-0.2400822937488556,-0.004366464912891388,0.012083745561540127,0.0,0.0,0.0,0.0,-0.40082404017448425,-0.010574615560472012,2209,0,holdout,0.0,0.067564457654953,-2.624717950820923,-2.455284833908081,1803
0.17177250981330872,0.0,0.09603773057460785,0.16103781759738922,0.0908803790807724,-0.010676885023713112,-0.13490498065948486,0.0,0.20449218153953552,-0.004366464912891388,0.012083745561540127,0.0,0.0,0.0,0.0,-0.5179464817047119,-0.010574615560472012,2210,0,holdout,0.0,0.08336744457483292,-2.397448778152466,-2.455284833908081,1803
0.16394343972206116,0.0,0.09603773057460785,0.16103781759738922,0.0908803790807724,-0.035918012261390686,-0.1624424159526825,0.0,0.20449218153953552,-0.004366464912891388,0.012083745561540127,0.0,0.0,0.0,0.0,-0.5179464817047119,-0.010574615560472012,2211,0,holdout,0.0,0.07885138690471649,-2.4580564498901367,-2.455284833908081,1803
0.19673147797584534,0.0,0.07940782606601715,0.06594891846179962,-0.10070290416479111,-0.02337755635380745,0.15496276319026947,0.0,-0.3346073031425476,-0.004366464912891388,0.012083745561540127,0.0,0.0,0.0,0.0,0.3130713999271393,0.0041360026225447655,2212,0,holdout,0.0,0.10987716168165207,-2.091996431350708,-2.455284833908081,1803
0.16394343972206116,0.0,0.09603773057460785,0.16103781759738922,0.0908803790807724,-0.010676885023713112,-0.15404629707336426,0.0,0.20449218153953552,-0.004366464912891388,0.012083745561540127,0.0,0.0,0.0,0.0,-0.5179464817047119,-0.010574615560472012,2213,0,holdout,0.0,0.08132946491241455,-2.4244191646575928,-2.455284833908081,1803
0.18890242278575897,0.0,0.07257595658302307,0.019660640507936478,0.040608279407024384,-0.024519948288798332,-0.21661318838596344,0.0,-0.3264307677745819,-0.004366464912891388,0.012083745561540127,0.0,0.0,0.0,0.0,0.33276280760765076,0.04091822728514671,2214,0,holdout,0.0,0.08950427174568176,-2.3197028636932373,-2.455284833908081,1803
0.19673147797584534,0.0,0.07941976189613342,0.009308671578764915,0.04925571009516716,-0.024519948288798332,-0.19747187197208405,0.0,-0.3198239207267761,-0.004366464912891388,0.012083745561540127,0.0,0.0,0.0,0.0,0.3193121552467346,-0.0010743839666247368,2215,0,holdout,0.0,0.08815048635005951,-2.3364295959472656,-2.455284833908081,1803
0.16607031226158142,0.0,0.10444115102291107,0.07877381145954132,0.0067203463986516,0.0212850384414196,0.0629124790430069,0.0,-0.21888959407806396,-0.004366464912891388,0.012083745561540127,0.0,0.0,0.0,0.0,-0.40082404017448425,-0.01578500308096409,2216,0,holdout,0.0,0.06643025577068329,-2.6428630352020264,-2.455284833908081,1803
0.17177250981330872,0.0,0.10286960750818253,0.06396205723285675,0.039543427526950836,-0.034775618463754654,0.08496656268835068,0.0,0.20922863483428955,-0.004366464912891388,0.012083745561540127,0.0,0.0,0.0,0.0,-0.5454987287521362,-0.01578500308096409,2217,0,holdout,0.0,0.08538884669542313,-2.371283531188965,-2.455284833908081,1803
0.17177250981330872,0.0,0.10444115102291107,0.13610319793224335,0.06171803921461105,-0.02337755635380745,0.08814017474651337,0.0,-0.20207339525222778,-0.004366464912891388,0.012083745561540127,0.0,0.0,0.0,0.0,-0.4320222735404968,-0.010574615560472012,2218,0,holdout,0.0,0.07219571620225906,-2.5534400939941406,-2.455284833908081,1803
0.19102928042411804,0.0,0.07374079525470734,-0.04113006591796875,-0.12211418896913528,0.08190056681632996,0.10305903106927872,0.0,-0.38706082105636597,-0.004366464912891388,0.012083745561540127,0.0,0.0,0.0,0.0,0.31967824697494507,0.04091822728514671,2219,0,holdout,0.0,0.1008744016289711,-2.187546491622925,-2.455284833908081,1803
0.16607031226158142,0.0,0.09720257669687271,-0.0020058918744325638,0.03001570887863636,0.1359330117702484,0.08496656268835068,0.0,0.23951588571071625,-0.004366464912891388,0.012083745561540127,0.0,0.0,0.0,0.0,-0.5454987287521362,-0.01578500308096409,2220,0,holdout,0.0,0.09473424404859543,-2.257153034210205,-2.455284833908081,1803
0.19673147797584534,0.0,0.0862516313791275,0.09606081247329712,0.09285849332809448,-0.034775618463754654,0.0820913165807724,0.0,0.2866276204586029,-0.004366464912891388,0.012083745561540127,0.0,0.0,0.0,0.0,0.39996540546417236,0.0041360026225447655,2221,0,holdout,0.0,0.22485032677650452,-1.2376211881637573,-2.455284833908081,1803
0.18890242278575897,0.0,0.07257595658302307,0.019660640507936478,0.040608279407024384,-0.024519948288798332,-0.21661318838596344,0.0,-0.3264307677745819,-0.004366464912891388,0.012083745561540127,0.0,0.0,0.0,0.0,0.33276280760765076,0.04091822728514671,2222,0,holdout,0.0,0.08950427174568176,-2.3197028636932373,-2.455284833908081,1803
0.13611431419849396,0.0,-0.30033183097839355,-0.29548633098602295,0.08653540909290314,-0.025206319987773895,-0.10912694036960602,0.0,0.18741698563098907,-0.004366464912891388,0.010346597991883755,0.0,0.0,0.0,0.0,-0.6081097722053528,-0.03927081823348999,2223,0,holdout,1.0,0.03177545964717865,-3.4167697429656982,-2.455284833908081,1803
0.10287773609161377,0.0,0.07206825911998749,-0.16028617322444916,-0.2631581723690033,0.07588670402765274,0.071723073720932,0.0,-0.4352422058582306,-0.004366464912891388,-0.02792450226843357,0.0,0.0,0.0,0.0,0.5668890476226807,0.05791395902633667,2224,0,holdout,0.0,0.08325639367103577,-2.3989028930664062,-2.455284833908081,1803
0.18890242278575897,0.0,0.07257595658302307,-0.041034162044525146,-0.1215161681175232,-0.03596707433462143,-0.21661318838596344,0.0,-0.3264307677745819,-0.004366464912891388,0.012083745561540127,0.0,0.0,0.0,0.0,0.2794303894042969,-0.0010743839666247368,2225,0,holdout,0.0,0.0660325139760971,-2.649294376373291,-2.455284833908081,1803
0.16607031226158142,0.0,0.09877412021160126,-0.29074302315711975,-0.023311158642172813,0.06945115327835083,0.051938772201538086,0.0,-0.25403285026550293,-0.004366464912891388,0.012083745561540127,0.0,0.0,0.0,0.0,-0.4846900999546051,-0.01578500308096409,2226,0,holdout,0.0,0.04189080372452736,-3.1298954486846924,-2.455284833908081,1803
0.17177250981330872,0.0,0.10444115102291107,-0.0030112331733107567,0.0008951784111559391,-0.034824684262275696,0.0629124790430069,0.0,-0.21888959407806396,-0.004366464912891388,0.012083745561540127,0.0,0.0,0.0,0.0,-0.40082404017448425,-0.01578500308096409,2227,0,holdout,0.0,0.05836613476276398,-2.7808806896209717,-2.455284833908081,1803
0.17177250981330872,0.0,0.10444115102291107,0.08464016765356064,0.058481890708208084,-0.02337755635380745,0.08814017474651337,0.0,-0.19340278208255768,-0.004366464912891388,0.012083745561540127,0.0,0.0,0.0,0.0,-0.4320222735404968,-0.01578500308096409,2228,0,holdout,0.0,0.06883788853883743,-2.6046791076660156,-2.455284833908081,1803
0.17177250981330872,0.0,0.10444115102291107,0.14862529933452606,0.06171803921461105,-0.02337755635380745,0.08814017474651337,0.0,-0.2145954817533493,-0.004366464912891388,0.012083745561540127,0.0,0.0,0.0,0.0,-0.4320222735404968,-0.010574615560472012,2229,0,holdout,0.0,0.07219571620225906,-2.5534400939941406,-2.455284833908081,1803
0.16394343972206116,0.0,0.11344321817159653,0.14344802498817444,0.31023985147476196,0.0007211773190647364,-0.1695348471403122,0.0,-0.19926056265830994,-0.004366464912891388,0.012083745561540127,0.0,0.0,0.0,0.0,-0.3830166161060333,-0.010574615560472012,2230,0,holdout,0.0,0.07740365713834763,-2.4781577587127686,-2.455284833908081,1803
0.17177250981330872,0.0,0.0976092740893364,0.13092592358589172,0.058057304471731186,-0.024519948288798332,-0.11805671453475952,0.0,-0.20207339525222778,-0.004366464912891388,0.012083745561540127,0.0,0.0,0.0,0.0,-0.3732717037200928,-0.010574615560472012,2231,0,holdout,0.0,0.061937060207128525,-2.717698335647583,-2.455284833908081,1803
0.19673147797584534,0.0,0.07941976189613342,0.09088356047868729,0.08531492948532104,-0.010676885023713112,-0.2143201231956482,0.0,0.2866276204586029,-0.004366464912891388,0.012083745561540127,0.0,0.0,0.0,0.0,0.3816222548484802,0.0041360026225447655,2232,0,holdout,0.0,0.1754000037908554,-1.5478293895721436,-2.455284833908081,1803
0.17177250981330872,0.0,0.0976092740893364,0.0794629156589508,0.05482115224003792,-0.024519948288798332,-0.11805671453475952,0.0,-0.19340278208255768,-0.004366464912891388,0.012083745561540127,0.0,0.0,0.0,0.0,-0.3732717037200928,-0.01578500308096409,2233,0,holdout,0.0,0.05902600660920143,-2.768937349319458,-2.455284833908081,1803
0.16607031226158142,0.0,0.09877412021160126,0.05598081648349762,-0.010898549109697342,0.08190056681632996,0.0629124790430069,0.0,-0.25403285026550293,-0.004366464912891388,0.012083745561540127,0.0,0.0,0.0,0.0,-0.40082404017448425,-0.01578500308096409,2234,0,holdout,0.0,0.06516362726688385,-2.6634700298309326,-2.455284833908081,1803
0.17177250981330872,0.0,0.10444115102291107,0.08464016765356064,0.0067203463986516,-0.02337755635380745,0.0629124790430069,0.0,-0.21888959407806396,-0.004366464912891388,0.012083745561540127,0.0,0.0,0.0,0.0,-0.40082404017448425,-0.01578500308096409,2235,0,holdout,0.0,0.06440708041191101,-2.675956964492798,-2.455284833908081,1803
0.17177250981330872,0.0,0.0976092740893364,0.14344802498817444,0.058057304471731186,-0.024519948288798332,-0.11805671453475952,0.0,-0.2145954817533493,-0.004366464912891388,0.012083745561540127,0.0,0.0,0.0,0.0,-0.3732717037200928,-0.010574615560472012,2236,0,holdout,0.0,0.061937060207128525,-2.717698335647583,-2.455284833908081,1803
0.16394343972206116,0.0,0.09603773057460785,0.16103781759738922,0.0908803790807724,-0.010676885023713112,-0.15404629707336426,0.0,0.20449218153953552,-0.004366464912891388,0.012083745561540127,0.0,0.0,0.0,0.0,-0.5179464817047119,-0.010574615560472012,2237,0,holdout,0.0,0.08132946491241455,-2.4244191646575928,-2.455284833908081,1803
0.17177250981330872,0.0,0.10444115102291107,0.08464016765356064,0.06682401150465012,-0.02337755635380745,0.13360083103179932,0.0,-0.19340278208255768,-0.004366464912891388,0.012083745561540127,0.0,0.0,0.0,0.0,-0.40361928939819336,-0.01578500308096409,2238,0,holdout,0.0,0.07429767400026321,-2.522473096847534,-2.455284833908081,1803
0.19673147797584534,0.0,0.07940782606601715,0.09606081247329712,0.0889756828546524,-0.020365241914987564,0.13894331455230713,0.0,0.298423171043396,-0.004366464912891388,0.012083745561540127,0.0,0.0,0.0,0.0,0.44817638397216797,0.0041360026225447655,2239,0,holdout,0.0,0.24655349552631378,-1.1170789003372192,-2.455284833908081,1803
0.16394343972206116,0.0,0.0976092740893364,0.14344802498817444,0.058057304471731186,0.0007211773190647364,-0.12880192697048187,0.0,-0.2145954817533493,-0.004366464912891388,0.012083745561540127,0.0,0.0,0.0,0.0,-0.3732717037200928,-0.010574615560472012,2240,0,holdout,0.0,0.06232554838061333,-2.711031436920166,-2.455284833908081,1803
0.17177250981330872,0.0,0.10286960750818253,0.06396205723285675,0.0913049727678299,-0.034775618463754654,0.1012313961982727,0.0,0.19296379387378693,-0.004366464912891388,0.012083745561540127,0.0,0.0,0.0,0.0,-0.5972602963447571,-0.01578500308096409,2241,0,holdout,0.0,0.08538884669542313,-2.371283531188965,-2.455284833908081,1803
0.19673147797584534,0.0,0.07940782606601715,0.09606081247329712,0.0889756828546524,-0.020365241914987564,0.1226784884929657,0.0,0.3146879971027374,-0.004366464912891388,0.012083745561540127,0.0,0.0,0.0,0.0,0.44817638397216797,0.0041360026225447655,2242,0,holdout,0.0,0.24655349552631378,-1.1170789003372192,-2.455284833908081,1803
0.19673147797584534,0.0,0.07257595658302307,0.09088356047868729,0.08531492948532104,-0.010676885023713112,-0.2143201231956482,0.0,0.29287636280059814,-0.004366464912891388,0.012083745561540127,0.0,0.0,0.0,0.0,0.4079285264015198,0.0041360026225447655,2243,0,holdout,1.0,0.1791498363018036,-1.522118091583252,-2.455284833908081,1803
0.10857994109392166,0.0,0.0777352899312973,0.02483789622783661,0.05195818841457367,-0.02337755635380745,0.14689916372299194,0.0,-0.37461215257644653,-0.004366464912891388,-0.04874138906598091,0.0,0.0,0.0,0.0,0.5040448904037476,0.04091822728514671,2244,0,holdout,0.0,0.1243998184800148,-1.951408863067627,-2.455284833908081,1803
0.13611431419849396,0.0,-0.30757689476013184,0.0794629156589508,0.02083110250532627,-0.006458748131990433,-0.10660605877637863,0.0,-0.19340278208255768,-0.004366464912891388,0.010346597991883755,0.0,0.0,0.0,0.0,-0.33662405610084534,-0.03927081823348999,2245,0,holdout,0.0,0.039059147238731384,-3.20283579826355,-2.455284833908081,1803
0.13611431419849396,0.0,-0.30757689476013184,-0.008188488893210888,0.015005933120846748,-0.01790587231516838,-0.10660605877637863,0.0,-0.19340278208255768,-0.004366464912891388,0.010346597991883755,0.0,0.0,0.0,0.0,-0.33662405610084534,-0.03927081823348999,2246,0,holdout,0.0,0.035305947065353394,-3.3077595233917236,-2.455284833908081,1803
0.13611431419849396,0.0,-0.30757689476013184,-0.0007398491725325584,0.00755728967487812,-0.01790587231516838,-0.10660605877637863,0.0,-0.19340278208255768,-0.004366464912891388,0.010346597991883755,0.0,0.0,0.0,0.0,-0.33662405610084534,-0.03927081823348999,2247,0,holdout,0.0,0.035305947065353394,-3.3077595233917236,-2.455284833908081,1803
0.17177250981330872,0.0,0.10444115102291107,0.004437408875674009,-0.006553466897457838,-0.034824684262275696,0.0629124790430069,0.0,-0.21888959407806396,-0.004366464912891388,0.012083745561540127,0.0,0.0,0.0,0.0,-0.40082404017448425,-0.01578500308096409,2248,0,holdout,0.0,0.05836613476276398,-2.7808806896209717,-2.455284833908081,1803
0.17177250981330872,0.0,0.10444115102291107,0.09208881109952927,-0.00072829844430089,-0.02337755635380745,0.0629124790430069,0.0,-0.21888959407806396,-0.004366464912891388,0.012083745561540127,0.0,0.0,0.0,0.0,-0.40082404017448425,-0.01578500308096409,2249,0,holdout,0.0,0.06440708041191101,-2.675956964492798,-2.455284833908081,1803
0.17177250981330872,0.0,0.10444115102291107,0.09208881109952927,-0.00072829844430089,-0.02337755635380745,0.0629124790430069,0.0,-0.21888959407806396,-0.004366464912891388,0.012083745561540127,0.0,0.0,0.0,0.0,-0.40082404017448425,-0.01578500308096409,2250,0,holdout,0.0,0.06440708041191101,-2.675956964492798,-2.455284833908081,1803
0.19673147797584534,0.0,0.07940782606601715,0.07847100496292114,0.05615261569619179,-0.008967180736362934,0.10062440484762192,0.0,-0.3665034770965576,-0.004366464912891388,0.012083745561540127,0.0,0.0,0.0,0.0,0.36640381813049316,0.0041360026225447655,2251,0,holdout,0.0,0.12552586197853088,-1.9411108493804932,-2.455284833908081,1803
0.17177250981330872,0.0,0.10444115102291107,0.13610319793224335,0.07470667362213135,-0.02337755635380745,0.12895432114601135,0.0,-0.20207339525222778,-0.004366464912891388,0.012083745561540127,0.0,0.0,0.0,0.0,-0.40361928939819336,-0.010574615560472012,2252,0,holdout,0.0,0.07789954543113708,-2.471234083175659,-2.455284833908081,1803
0.17177250981330872,0.0,0.10444115102291107,0.14862529933452606,0.06560084223747253,-0.008967180736362934,0.13562551140785217,0.0,-0.2145954817533493,-0.004366464912891388,0.012083745561540127,0.0,0.0,0.0,0.0,-0.40361928939819336,-0.010574615560472012,2253,0,holdout,0.0,0.07876413315534592,-2.4592583179473877,-2.455284833908081,1803
0.18890242278575897,0.0,0.0884099006652832,0.0892421081662178,0.39106202125549316,-0.035918012261390686,-0.28259044885635376,0.0,0.26593729853630066,0.006977240554988384,0.012083745561540127,0.0,0.0,0.0,0.0,0.4418279826641083,0.0041360026225447655,2254,0,holdout,1.0,0.2166639119386673,-1.2852145433425903,-2.455284833908081,1803
0.0854651927947998,0.0,0.08673736453056335,0.0601557120680809,0.3142279088497162,0.0007211773190647364,-0.2509008049964905,0.0,-0.3804699778556824,-0.0018540016608312726,-0.04874138906598091,0.0,0.0,0.0,0.0,0.3645228147506714,0.024280041456222534,2255,0,holdout,0.0,0.09964817017316818,-2.2011399269104004,-2.455284833908081,1803
0.17177250981330872,0.0,0.10444115102291107,0.14862529933452606,0.06171803921461105,-0.02337755635380745,0.0629124790430069,0.0,-0.2400822937488556,-0.004366464912891388,0.012083745561540127,0.0,0.0,0.0,0.0,-0.4525855779647827,-0.010574615560472012,2256,0,holdout,0.0,0.067564457654953,-2.624717950820923,-2.455284833908081,1803
0.13611431419849396,0.0,-0.30757689476013184,-0.0007398491725325584,0.00755728967487812,-0.01790587231516838,-0.10660605877637863,0.0,-0.19340278208255768,-0.004366464912891388,0.010346597991883755,0.0,0.0,0.0,0.0,-0.33662405610084534,-0.03927081823348999,2257,0,holdout,0.0,0.035305947065353394,-3.3077595233917236,-2.455284833908081,1803
0.14394336938858032,0.0,-0.33356520533561707,0.08464016765356064,0.024491850286722183,-0.030557481572031975,0.0775158703327179,0.0,-0.19340278208255768,-0.004366464912891388,0.010346597991883755,0.0,0.0,0.0,0.0,-0.3953746259212494,-0.03927081823348999,2258,0,holdout,0.0,0.04266050085425377,-3.110884666442871,-2.455284833908081,1803
0.14394336938858032,0.0,-0.3263201415538788,0.06396205723285675,0.05731493607163429,-0.04195554181933403,0.09060709178447723,0.0,0.19296379387378693,-0.004366464912891388,0.010346597991883755,0.0,0.0,0.0,0.0,-0.551796019077301,-0.03927081823348999,2259,0,holdout,0.0,0.05417409539222717,-2.8598556518554688,-2.455284833908081,1803
0.14394336938858032,0.0,-0.3263201415538788,0.06396205723285675,0.05731493607163429,-0.04195554181933403,0.0743422582745552,0.0,0.20922863483428955,-0.004366464912891388,0.010346597991883755,0.0,0.0,0.0,0.0,-0.551796019077301,-0.03927081823348999,2260,0,holdout,0.0,0.05417409539222717,-2.8598556518554688,-2.455284833908081,1803
0.14394336938858032,0.0,-0.33356520533561707,0.03429735079407692,0.010575495660305023,-0.04200460761785507,0.05228816717863083,0.0,-0.21888959407806396,-0.004366464912891388,0.010346597991883755,0.0,0.0,0.0,0.0,-0.4159379303455353,-0.03927081823348999,2261,0,holdout,0.0,0.03704515099525452,-3.257869005203247,-2.455284833908081,1803
0.14394336938858032,0.0,-0.33356520533561707,0.004437408875674009,0.011218037456274033,-0.04200460761785507,0.05228816717863083,0.0,-0.21888959407806396,-0.004366464912891388,0.010346597991883755,0.0,0.0,0.0,0.0,-0.4159379303455353,-0.03927081823348999,2262,0,holdout,0.0,0.03601687401533127,-3.287086248397827,-2.455284833908081,1803
0.14394336938858032,0.0,-0.33356520533561707,0.08464016765356064,0.024491850286722183,-0.030557481572031975,0.05228816717863083,0.0,-0.21888959407806396,-0.004366464912891388,0.010346597991883755,0.0,0.0,0.0,0.0,-0.4159379303455353,-0.03927081823348999,2263,0,holdout,0.0,0.039842523634433746,-3.1821625232696533,-2.455284833908081,1803
0.14394336938858032,0.0,-0.33356520533561707,0.004437408875674009,0.011218037456274033,-0.04200460761785507,0.05228816717863083,0.0,-0.21888959407806396,-0.004366464912891388,0.010346597991883755,0.0,0.0,0.0,0.0,-0.4159379303455353,-0.03927081823348999,2264,0,holdout,0.0,0.03601687401533127,-3.287086248397827,-2.455284833908081,1803
0.14394336938858032,0.0,-0.33356520533561707,0.054514117538928986,-0.25512760877609253,-0.04599383473396301,0.033876754343509674,0.0,-0.21888959407806396,-0.004366464912891388,0.0050130486488342285,0.0,0.0,0.0,0.0,-0.46322473883628845,-0.04588661715388298,2265,0,holdout,0.0,0.02698832005262375,-3.584991931915283,-2.455284833908081,1803
0.14394336938858032,0.0,-0.33356520533561707,-0.2558942437171936,-0.28730863332748413,-0.04189622774720192,0.02290305495262146,0.0,-0.21888959407806396,-0.004366464912891388,0.0050130486488342285,0.0,0.0,0.0,0.0,-0.5470905900001526,-0.04588661715388298,2266,0,holdout,0.0,0.017665402963757515,-4.01832389831543,-2.455284833908081,1803
0.13824117183685303,0.0,-0.3166598975658417,-0.2424348145723343,-0.2690254747867584,0.09127914160490036,0.00394263444468379,0.0,-0.25403285026550293,-0.004366464912891388,0.0050130486488342285,0.0,0.0,0.0,0.0,-0.5512792468070984,-0.04588661715388298,2267,0,holdout,0.0,0.019830700010061264,-3.90049409866333,-2.455284833908081,1803
0.13824117183685303,0.0,-0.3166598975658417,-0.2507578134536743,-0.2805863916873932,0.09127914160490036,0.02290305495262146,0.0,-0.25403285026550293,-0.004366464912891388,0.0050130486488342285,0.0,0.0,0.0,0.0,-0.5470905900001526,-0.04588661715388298,2268,0,holdout,0.0,0.01989426091313362,-3.8972291946411133,-2.455284833908081,1803
0.13824117183685303,0.0,-0.3166598975658417,-0.2424348145723343,-0.2690254747867584,0.09127914160490036,0.00394263444468379,0.0,-0.25403285026550293,-0.004366464912891388,0.0050130486488342285,0.0,0.0,0.0,0.0,-0.5512792468070984,-0.04588661715388298,2269,0,holdout,0.0,0.019830700010061264,-3.90049409866333,-2.455284833908081,1803
0.16890232264995575,0.0,-0.251960426568985,-0.16745156049728394,-0.2893516421318054,-0.04189622774720192,0.044089194387197495,0.0,-0.351917564868927,-0.004366464912891388,0.0050130486488342285,0.0,0.0,0.0,0.0,0.4595896899700165,0.032424598932266235,2270,0,holdout,0.0,0.05456724017858505,-2.8522090911865234,-2.455284833908081,1803
0.16890232264995575,0.0,-0.26964718103408813,-0.18812967836856842,-0.2565285861492157,-0.053294286131858826,0.06614328920841217,0.0,0.29136407375335693,-0.004366464912891388,0.0050130486488342285,0.0,0.0,0.0,0.0,0.4839186370372772,0.032424598932266235,2271,0,holdout,0.0,0.10160807520151138,-2.179483413696289,-2.455284833908081,1803
0.13824117183685303,0.0,-0.33356520533561707,-0.2424348145723343,-0.2690254747867584,0.027896495535969734,0.00394263444468379,0.0,-0.21888959407806396,-0.004366464912891388,0.0050130486488342285,0.0,0.0,0.0,0.0,-0.5512792468070984,-0.04588661715388298,2272,0,holdout,0.0,0.01897195540368557,-3.945639133453369,-2.455284833908081,1803
0.13824117183685303,0.0,-0.3166598975658417,-0.2424348145723343,-0.2690254747867584,0.09127914160490036,0.00394263444468379,0.0,-0.25403285026550293,-0.004366464912891388,0.0050130486488342285,0.0,0.0,0.0,0.0,-0.5512792468070984,-0.04588661715388298,2273,0,holdout,0.0,0.019830700010061264,-3.90049409866333,-2.455284833908081,1803
0.13824117183685303,0.0,-0.3166598975658417,-0.2424348145723343,-0.2690254747867584,0.09127914160490036,0.00394263444468379,0.0,-0.25403285026550293,-0.004366464912891388,0.0050130486488342285,0.0,0.0,0.0,0.0,-0.5512792468070984,-0.04588661715388298,2274,0,holdout,0.0,0.019830700010061264,-3.90049409866333,-2.455284833908081,1803
0.17177250981330872,0.0,0.10444115102291107,0.01970502734184265,-0.31674259901046753,-0.038813911378383636,0.025540638715028763,0.0,-0.21888959407806396,-0.004366464912891388,0.006750195752829313,0.0,0.0,0.0,0.0,-0.4522995054721832,-0.022400803864002228,2275,0,holdout,0.0,0.03990279883146286,-3.1805880069732666,-2.455284833908081,1803
0.17177250981330872,0.0,0.10444115102291107,0.08013932406902313,-0.28370028734207153,-0.02736678533256054,0.044501058757305145,0.0,-0.21888959407806396,-0.004366464912891388,0.006750195752829313,0.0,0.0,0.0,0.0,-0.4481108486652374,-0.022400803864002228,2276,0,holdout,0.0,0.04510900750756264,-3.0525152683258057,-2.455284833908081,1803
0.19673147797584534,0.0,0.07940782606601715,0.08789309859275818,-0.09094482660293579,-0.020365241914987564,0.13894331455230713,0.0,0.298423171043396,-0.004366464912891388,0.012083745561540127,0.0,0.0,0.0,0.0,0.3948439955711365,0.0041360026225447655,2277,0,holdout,0.0,0.20448432862758636,-1.3584991693496704,-2.455284833908081,1803
0.17177250981330872,0.0,0.10444115102291107,0.1279354691505432,-0.013108495622873306,-0.008967180736362934,0.11238157749176025,0.0,-0.20818614959716797,-0.004366464912891388,0.012083745561540127,0.0,0.0,0.0,0.0,-0.40082404017448425,-0.010574615560472012,2278,0,holdout,1.0,0.07091639190912247,-2.572697162628174,-2.455284833908081,1803
0.1007508784532547,0.0,0.07090342044830322,0.061797164380550385,0.054670076817274094,0.0007211773190647364,-0.21016791462898254,0.0,-0.39580488204956055,0.016432497650384903,-0.04874138906598091,0.0,0.0,0.0,0.0,0.46379706263542175,0.024280041456222534,2279,0,holdout,0.0,0.08975370973348618,-2.316645860671997,-2.455284833908081,1803
-0.13591007888317108,0.0,0.09164653718471527,0.1007218137383461,0.0067203463986516,-0.02603599801659584,0.11105670034885406,0.0,-0.19951553642749786,-0.004366464912891388,0.012083745561540127,0.0,0.0,0.0,0.0,-0.4122794270515442,-0.01578500308096409,2280,0,holdout,0.0,0.05083738639950752,-2.926948070526123,-2.455284833908081,1803
-0.13591007888317108,0.0,0.09164653718471527,0.08448471873998642,-0.34987080097198486,-0.03002522699534893,0.04074155539274216,0.0,-0.21888959407806396,-0.004366464912891388,0.006750195752829313,0.0,0.0,0.0,0.0,-0.45956623554229736,-0.022400803864002228,2281,0,holdout,0.0,0.030688708648085594,-3.452691078186035,-2.455284833908081,1803
-0.13591007888317108,0.0,0.09164653718471527,0.10817045718431473,-0.12835966050624847,-0.011625622399151325,0.05671834573149681,0.0,-0.21888959407806396,-0.004366464912891388,0.012083745561540127,0.0,0.0,0.0,0.0,-0.4516063332557678,-0.01578500308096409,2282,0,holdout,0.0,0.040965039283037186,-3.1532084941864014,-2.455284833908081,1803
-0.13591007888317108,0.0,0.09007499366998672,0.14573460817337036,0.0427795834839344,-0.023023683577775955,0.05670168250799179,0.0,0.1929742693901062,-0.004366464912891388,0.012083745561540127,0.0,0.0,0.0,0.0,-0.536391019821167,-0.010574615560472012,2283,0,holdout,0.0,0.06753402203321457,-2.6252012252807617,-2.455284833908081,1803
-0.13591007888317108,0.0,0.09164653718471527,0.1565392166376114,-0.14073985815048218,-0.011625622399151325,0.05671834573149681,0.0,-0.2400822937488556,-0.004366464912891388,0.012083745561540127,0.0,0.0,0.0,0.0,-0.4516063332557678,-0.010574615560472012,2284,0,holdout,0.0,0.041758280247449875,-3.133202314376831,-2.455284833908081,1803
-0.13591007888317108,0.0,0.09164653718471527,0.0962209701538086,-0.28370028734207153,-0.03002522699534893,0.04074155539274216,0.0,-0.21888959407806396,-0.004366464912891388,0.006750195752829313,0.0,0.0,0.0,0.0,-0.45956623554229736,-0.022400803864002228,2285,0,holdout,1.0,0.03309288248419762,-3.374784231185913,-2.455284833908081,1803
-0.07348129898309708,0.0,0.06661321222782135,0.040919527411460876,-0.0963277816772461,-0.011625622399151325,0.14681781828403473,0.0,-0.3807249069213867,-0.004366464912891388,0.012083745561540127,0.0,0.0,0.0,0.0,0.5089650750160217,0.04091822728514671,2286,0,holdout,0.0,0.09925831854343414,-2.2054927349090576,-2.455284833908081,1803
-0.10626999288797379,0.0,-0.26855841279029846,0.09554456174373627,0.02083110250532627,-0.009117189794778824,-0.09688036143779755,0.0,-0.19340278208255768,-0.004366464912891388,0.010346597991883755,0.0,0.0,0.0,0.0,-0.34807947278022766,-0.03927081823348999,2287,0,holdout,0.0,0.032467540353536606,-3.394508123397827,-2.455284833908081,1803
0.17177250981330872,0.0,0.10286960750818253,0.07141070812940598,-0.09553655982017517,-0.034775618463754654,0.08496656268835068,0.0,0.20922863483428955,-0.004366464912891388,0.012083745561540127,0.0,0.0,0.0,0.0,-0.5848256945610046,-0.01578500308096409,2288,0,holdout,0.0,0.0732203871011734,-2.5382418632507324,-2.455284833908081,1803
0.17177250981330872,0.0,0.10444115102291107,0.09208881109952927,-0.12835966050624847,-0.02337755635380745,0.0629124790430069,0.0,-0.21888959407806396,-0.004366464912891388,0.012083745561540127,0.0,0.0,0.0,0.0,-0.4401509463787079,-0.01578500308096409,2289,0,holdout,0.0,0.05504869297146797,-2.8429152965545654,-2.455284833908081,1803
0.17177250981330872,0.0,0.10444115102291107,0.04077903926372528,-0.3001161813735962,-0.020775675773620605,0.025540638715028763,0.0,-0.21888959407806396,-0.004366464912891388,0.006750195752829313,0.0,0.0,0.0,0.0,-0.4522995054721832,-0.022400803864002228,2290,0,holdout,0.0,0.042093802243471146,-3.124849319458008,-2.455284833908081,1803
0.17177250981330872,0.0,0.10444115102291107,0.09208881109952927,-0.12835966050624847,-0.02337755635380745,0.0629124790430069,0.0,-0.21888959407806396,-0.004366464912891388,0.012083745561540127,0.0,0.0,0.0,0.0,-0.4401509463787079,-0.01578500308096409,2291,0,holdout,1.0,0.05504869297146797,-2.8429152965545654,-2.455284833908081,1803
0.10857994109392166,0.0,0.0777352899312973,0.04628460481762886,-0.12472617626190186,-0.008967180736362934,0.15057729184627533,0.0,-0.389395534992218,-0.004366464912891388,-0.04874138906598091,0.0,0.0,0.0,0.0,0.45071250200271606,0.024280041456222534,2292,0,holdout,0.0,0.10217288136482239,-2.173311233520508,-2.455284833908081,1803
0.17177250981330872,0.0,0.10444115102291107,0.08173121511936188,-0.3001161813735962,-0.038813911378383636,0.044501058757305145,0.0,-0.21888959407806396,-0.004366464912891388,0.006750195752829313,0.0,0.0,0.0,0.0,-0.4481108486652374,-0.022400803864002228,2293,0,holdout,0.0,0.04399082809686661,-3.0787863731384277,-2.455284833908081,1803
0.17177250981330872,0.0,0.10444115102291107,0.08173121511936188,-0.3001161813735962,-0.038813911378383636,0.025540638715028763,0.0,-0.21888959407806396,-0.004366464912891388,0.006750195752829313,0.0,0.0,0.0,0.0,-0.4522995054721832,-0.022400803864002228,2294,0,holdout,0.0,0.04302749037742615,-3.101935386657715,-2.455284833908081,1803
0.16607031226158142,0.0,0.09877412021160126,-0.2507578134536743,-0.29835787415504456,0.07588670402765274,0.014566931873559952,0.0,-0.25403285026550293,-0.004366464912891388,0.006750195752829313,0.0,0.0,0.0,0.0,-0.5361654758453369,-0.022400803864002228,2295,0,holdout,0.0,0.030492199584841728,-3.459317684173584,-2.455284833908081,1803
-0.13111206889152527,0.0,0.08597950637340546,-0.23467616736888885,-0.29835787415504456,0.08372847735881805,0.01080743595957756,0.0,-0.25403285026550293,-0.004366464912891388,0.006750195752829313,0.0,0.0,0.0,0.0,-0.547620952129364,-0.022400803864002228,2296,0,holdout,0.0,0.022740909829735756,-3.7605862617492676,-2.455284833908081,1803
-0.1486426442861557,0.0,0.060946185141801834,-0.1545564979314804,-0.3119618594646454,0.08372847735881805,0.05095398798584938,0.0,-0.38706082105636597,-0.004366464912891388,0.006750195752829313,0.0,0.0,0.0,0.0,0.3777211606502533,-0.007690184749662876,2297,0,holdout,0.0,0.05267692357301712,-2.88946270942688,-2.455284833908081,1803
-0.13111206889152527,0.0,0.08597950637340546,-0.23467616736888885,-0.29835787415504456,0.08372847735881805,0.01080743595957756,0.0,-0.25403285026550293,-0.004366464912891388,0.006750195752829313,0.0,0.0,0.0,0.0,-0.547620952129364,-0.022400803864002228,2298,0,holdout,0.0,0.022740909829735756,-3.7605862617492676,-2.455284833908081,1803
-0.13591007888317108,0.0,0.09007499366998672,0.17412900924682617,0.019714578986167908,-0.023023683577775955,0.09503726661205292,0.0,0.21003898978233337,-0.004366464912891388,0.012083745561540127,0.0,0.0,0.0,0.0,-0.5569542646408081,-0.010574615560472012,2299,0,holdout,0.0,0.07010780274868011,-2.5850346088409424,-2.455284833908081,1803
-0.13591007888317108,0.0,0.09164653718471527,0.10817045718431473,-0.12835966050624847,-0.02603599801659584,0.05915297567844391,0.0,-0.21888959407806396,-0.004366464912891388,0.012083745561540127,0.0,0.0,0.0,0.0,-0.4516063332557678,-0.01578500308096409,2300,0,holdout,0.0,0.040497127920389175,-3.165184259414673,-2.455284833908081,1803
-0.13591007888317108,0.0,0.09164653718471527,0.10817045718431473,-0.00072829844430089,-0.02603599801659584,0.11105670034885406,0.0,-0.19951553642749786,-0.004366464912891388,0.012083745561540127,0.0,0.0,0.0,0.0,-0.4122794270515442,-0.01578500308096409,2301,0,holdout,0.0,0.05083738639950752,-2.926948070526123,-2.455284833908081,1803
-0.1534406542778015,0.0,0.06661321222782135,0.02606673166155815,-0.29730427265167236,-0.03002522699534893,0.08088811486959457,0.0,-0.3453107178211212,-0.004366464912891388,0.006750195752829313,0.0,0.0,0.0,0.0,0.30889514088630676,-0.007690184749662876,2302,0,holdout,0.0,0.057097177952528,-2.804208517074585,-2.455284833908081,1803
-0.13591007888317108,0.0,0.09007499366998672,0.08749234676361084,0.03209478035569191,-0.037434060126543045,0.09747189283370972,0.0,0.19296379387378693,-0.004366464912891388,0.012083745561540127,0.0,0.0,0.0,0.0,-0.5569542646408081,-0.01578500308096409,2303,0,holdout,0.0,0.06335487961769104,-2.6935524940490723,-2.455284833908081,1803
-0.13591007888317108,0.0,0.09164653718471527,0.05686066299676895,-0.3001161813735962,-0.023434117436408997,0.04074155539274216,0.0,-0.21888959407806396,-0.004366464912891388,0.006750195752829313,0.0,0.0,0.0,0.0,-0.45956623554229736,-0.022400803864002228,2304,0,holdout,1.0,0.031554706394672394,-3.423969268798828,-2.455284833908081,1803
-0.07348129898309708,0.0,0.0649406760931015,0.0483681745827198,-0.15649819374084473,-0.02603599801659584,0.09734870493412018,0.0,-0.4000989496707916,-0.004366464912891388,-0.04874138906598091,0.0,0.0,0.0,0.0,0.5531172752380371,0.04091822728514671,2305,0,holdout,0.0,0.08628889918327332,-2.3598134517669678,-2.455284833908081,1803
-0.13591007888317108,0.0,0.0848146602511406,0.1595296710729599,0.006295755505561829,-0.0019372643437236547,-0.11342011392116547,0.0,-0.2145954817533493,-0.004366464912891388,0.012083745561540127,0.0,0.0,0.0,0.0,-0.33296558260917664,-0.010574615560472012,2306,0,holdout,0.0,0.04714072495698929,-3.0063300132751465,-2.455284833908081,1803
-0.1477845311164856,0.0,0.05978133901953697,0.08937540650367737,0.055628348141908646,-0.0019372643437236547,-0.19849137961864471,0.0,-0.3476234972476959,0.016432497650384903,0.012083745561540127,0.0,0.0,0.0,0.0,0.2788178622722626,0.0041360026225447655,2307,0,holdout,0.0,0.0669279471039772,-2.6348657608032227,-2.455284833908081,1803
-0.13591007888317108,0.0,0.0848146602511406,0.09554456174373627,0.0030595979187637568,-0.027178389951586723,-0.1218162328004837,0.0,-0.19340278208255768,-0.004366464912891388,0.012083745561540127,0.0,0.0,0.0,0.0,-0.33296558260917664,-0.01578500308096409,2308,0,holdout,0.0,0.04347144812345505,-3.0912063121795654,-2.455284833908081,1803
-0.13591007888317108,0.0,0.09164653718471527,0.04137835651636124,-0.2728990614414215,-0.04147235304117203,0.04074155539274216,0.0,-0.21888959407806396,-0.004366464912891388,0.006750195752829313,0.0,0.0,0.0,0.0,-0.45956623554229736,-0.022400803864002228,2309,0,holdout,0.0,0.03136265277862549,-3.4302725791931152,-2.455284833908081,1803
-0.13591007888317108,0.0,0.09164653718471527,0.008569563739001751,-0.28952547907829285,-0.04147235304117203,0.04074155539274216,0.0,-0.21888959407806396,-0.004366464912891388,0.006750195752829313,0.0,0.0,0.0,0.0,-0.45956623554229736,-0.022400803864002228,2310,0,holdout,0.0,0.029895147308707237,-3.479707956314087,-2.455284833908081,1803
-0.13591007888317108,0.0,0.09164653718471527,0.10817045718431473,-0.00072829844430089,-0.02603599801659584,0.10494395345449448,0.0,-0.19340278208255768,-0.004366464912891388,0.012083745561540127,0.0,0.0,0.0,0.0,-0.4122794270515442,-0.01578500308096409,2311,0,holdout,0.0,0.05083738639950752,-2.926948070526123,-2.455284833908081,1803
0.17177250981330872,0.0,0.10444115102291107,0.08013932406902313,-0.28370028734207153,-0.02736678533256054,0.044501058757305145,0.0,-0.21888959407806396,-0.004366464912891388,0.006750195752829313,0.0,0.0,0.0,0.0,-0.4481108486652374,-0.022400803864002228,2312,0,holdout,0.0,0.04510900750756264,-3.0525152683258057,-2.455284833908081,1803
0.16394343972206116,0.0,0.0976092740893364,0.14344802498817444,0.058057304471731186,0.0007211773190647364,-0.12880192697048187,0.0,-0.2145954817533493,-0.004366464912891388,0.012083745561540127,0.0,0.0,0.0,0.0,-0.3732717037200928,-0.010574615560472012,2313,0,holdout,0.0,0.06232554838061333,-2.711031436920166,-2.455284833908081,1803
0.17177250981330872,0.0,0.10444115102291107,0.09208881109952927,-0.00072829844430089,-0.02337755635380745,0.11481620371341705,0.0,-0.19951553642749786,-0.004366464912891388,0.012083745561540127,0.0,0.0,0.0,0.0,-0.40082404017448425,-0.01578500308096409,2314,0,holdout,0.0,0.06883788853883743,-2.6046791076660156,-2.455284833908081,1803
0.17177250981330872,0.0,0.10444115102291107,0.09208881109952927,-0.00072829844430089,-0.02337755635380745,0.11481620371341705,0.0,-0.19951553642749786,-0.004366464912891388,0.012083745561540127,0.0,0.0,0.0,0.0,-0.40082404017448425,-0.01578500308096409,2315,0,holdout,0.0,0.06883788853883743,-2.6046791076660156,-2.455284833908081,1803
0.19673147797584534,0.0,0.0862516313791275,-0.08639496564865112,-0.12854202091693878,-0.0462227426469326,0.1251131147146225,0.0,0.29136407375335693,-0.004366464912891388,0.012083745561540127,0.0,0.0,0.0,0.0,0.4126899242401123,-0.0010743839666247368,2316,0,holdout,0.0,0.1683100461959839,-1.5976518392562866,-2.455284833908081,1803
0.18890242278575897,0.0,0.07257595658302307,0.07329375296831131,-0.10436365753412247,0.0007211773190647364,-0.2082170695066452,0.0,-0.3476234972476959,-0.004366464912891388,0.012083745561540127,0.0,0.0,0.0,0.0,0.2794303894042969,0.0041360026225447655,2317,0,holdout,0.0,0.07665333896875381,-2.4887115955352783,-2.455284833908081,1803
0.17177250981330872,0.0,0.10444115102291107,0.08464016765356064,0.0067203463986516,-0.02337755635380745,0.14194294810295105,0.0,-0.19340278208255768,-0.004366464912891388,0.012083745561540127,0.0,0.0,0.0,0.0,-0.3518577516078949,-0.01578500308096409,2318,0,holdout,0.0,0.07429767400026321,-2.522473096847534,-2.455284833908081,1803
0.13611431419849396,0.0,-0.30757689476013184,-0.0007398491725325584,-0.12007404118776321,-0.01790587231516838,-0.10660605877637863,0.0,-0.19340278208255768,-0.004366464912891388,0.010346597991883755,0.0,0.0,0.0,0.0,-0.37595096230506897,-0.03927081823348999,2319,0,holdout,0.0,0.030040210112929344,-3.474717855453491,-2.455284833908081,1803
0.17177250981330872,0.0,0.10444115102291107,0.04402976483106613,-0.29163214564323425,-0.038813911378383636,0.044501058757305145,0.0,-0.21888959407806396,-0.004366464912891388,0.006750195752829313,0.0,0.0,0.0,0.0,-0.4481108486652374,-0.022400803864002228,2320,0,holdout,0.0,0.042778320610523224,-3.108003616333008,-2.455284833908081,1803
0.19102928042411804,0.0,0.07940782606601715,-0.010298134759068489,-0.3069978952407837,0.03507641702890396,0.06568719446659088,0.0,-0.351917564868927,-0.004366464912891388,0.006750195752829313,0.0,0.0,0.0,0.0,0.36525824666023254,-0.007690184749662876,2321,0,holdout,0.0,0.08368155360221863,-2.393345355987549,-2.455284833908081,1803
0.17177250981330872,0.0,0.10444115102291107,0.08433759957551956,-0.3001161813735962,-0.008326265960931778,0.044501058757305145,0.0,-0.21888959407806396,-0.004366464912891388,0.006750195752829313,0.0,0.0,0.0,0.0,-0.4481108486652374,-0.022400803864002228,2322,0,holdout,0.0,0.04540380835533142,-3.0456924438476562,-2.455284833908081,1803
0.19673147797584534,0.0,0.07940782606601715,0.0012564575299620628,-0.07856464385986328,-0.034775618463754654,0.14137794077396393,0.0,0.28134799003601074,-0.004366464912891388,0.012083745561540127,0.0,0.0,0.0,0.0,0.3948439955711365,-0.0010743839666247368,2323,0,holdout,0.0,0.18739646673202515,-1.4670168161392212,-2.455284833908081,1803
0.17177250981330872,0.0,0.10444115102291107,0.09208881109952927,-0.12835966050624847,-0.02337755635380745,0.0629124790430069,0.0,-0.21888959407806396,-0.004366464912891388,0.012083745561540127,0.0,0.0,0.0,0.0,-0.4401509463787079,-0.01578500308096409,2324,0,holdout,0.0,0.05504869297146797,-2.8429152965545654,-2.455284833908081,1803
0.16607031226158142,0.0,0.09877412021160126,-0.25924184918403625,-0.2898738384246826,0.07588670402765274,0.033527351915836334,0.0,-0.25403285026550293,-0.004366464912891388,0.006750195752829313,0.0,0.0,0.0,0.0,-0.5319768190383911,-0.022400803864002228,2325,0,holdout,0.0,0.03118402697145939,-3.436168670654297,-2.455284833908081,1803
0.17177250981330872,0.0,0.10444115102291107,0.004437408875674009,-0.006553466897457838,-0.034824684262275696,0.11481620371341705,0.0,-0.19951553642749786,-0.004366464912891388,0.012083745561540127,0.0,0.0,0.0,0.0,-0.40082404017448425,-0.01578500308096409,2326,0,holdout,0.0,0.062409088015556335,-2.7096028327941895,-2.455284833908081,1803
0.1195417195558548,0.0,0.07257595658302307,0.07938694208860397,-0.06392930448055267,-0.035918012261390686,-0.24380840361118317,0.0,0.3359632194042206,-0.004366464912891388,0.012083745561540127,0.0,0.0,0.0,0.0,0.6253048181533813,0.024280041456222534,2327,0,holdout,0.0,0.17738430202007294,-1.5341705083847046,-2.455284833908081,1803
0.16607031226158142,0.0,0.09877412021160126,-0.29074302315711975,-0.1701352745294571,0.06945115327835083,0.051938772201538086,0.0,-0.25403285026550293,-0.004366464912891388,0.012083745561540127,0.0,0.0,0.0,0.0,-0.5319768190383911,-0.01578500308096409,2328,0,holdout,0.0,0.03475674241781235,-3.3240065574645996,-2.455284833908081,1803
0.17177250981330872,0.0,0.10286960750818253,0.023674270138144493,-0.10945290327072144,-0.015735097229480743,0.08496656268835068,0.0,0.20922863483428955,-0.004366464912891388,0.012083745561540127,0.0,0.0,0.0,0.0,-0.5848256945610046,-0.01578500308096409,2329,0,holdout,0.0,0.0703808069229126,-2.5808544158935547,-2.455284833908081,1803
0.12737077474594116,0.0,0.07940782606601715,0.01160842552781105,-0.11196908354759216,-0.034775618463754654,0.12316227704286575,0.0,0.340699702501297,0.016432497650384903,0.012083745561540127,0.0,0.0,0.0,0.0,0.7097048759460449,0.04091822728514671,2330,0,holdout,0.0,0.2422025501728058,-1.140641689300537,-2.455284833908081,1803
0.18890242278575897,0.0,0.07257595658302307,0.06077165901660919,-0.10436365753412247,-0.024519948288798332,-0.21661318838596344,0.0,-0.3284945487976074,-0.004366464912891388,0.012083745561540127,0.0,0.0,0.0,0.0,0.2728235423564911,0.0041360026225447655,2331,0,holdout,0.0,0.07430621236562729,-2.5223488807678223,-2.455284833908081,1803
0.17177250981330872,0.0,0.10444115102291107,0.004437408875674009,-0.006553466897457838,-0.034824684262275696,0.08814017474651337,0.0,-0.19340278208255768,-0.004366464912891388,0.012083745561540127,0.0,0.0,0.0,0.0,-0.38026073575019836,-0.01578500308096409,2332,0,holdout,0.0,0.062409088015556335,-2.7096028327941895,-2.455284833908081,1803
0.17177250981330872,0.0,0.10444115102291107,0.004437408875674009,-0.1341848224401474,-0.034824684262275696,0.0629124790430069,0.0,-0.21888959407806396,-0.004366464912891388,0.012083745561540127,0.0,0.0,0.0,0.0,-0.4401509463787079,-0.01578500308096409,2333,0,holdout,1.0,0.04983874410390854,-2.9478390216827393,-2.455284833908081,1803
0.09329425543546677,0.0,0.0777352899312973,-0.055364880710840225,-0.16232335567474365,-0.034824684262275696,0.10110819339752197,0.0,-0.4000989496707916,-0.004366464912891388,-0.04874138906598091,0.0,0.0,0.0,0.0,0.4236656427383423,0.04091822728514671,2334,0,holdout,0.0,0.08133969455957413,-2.4242823123931885,-2.455284833908081,1803
0.18890242278575897,0.0,0.07257595658302307,0.09088356047868729,-0.07154059410095215,-0.035918012261390686,-0.24185755848884583,0.0,0.29287636280059814,-0.004366464912891388,0.012083745561540127,0.0,0.0,0.0,0.0,0.3545961380004883,0.0041360026225447655,2335,0,holdout,0.0,0.1427159309387207,-1.7929131984710693,-2.455284833908081,1803
0.17177250981330872,0.0,0.0976092740893364,0.0794629156589508,0.0030595979187637568,-0.024519948288798332,-0.11805671453475952,0.0,-0.19340278208255768,-0.004366464912891388,0.012083745561540127,0.0,0.0,0.0,0.0,-0.3215101659297943,-0.01578500308096409,2336,0,holdout,0.0,0.05902600660920143,-2.768937349319458,-2.455284833908081,1803
0.17177250981330872,0.0,0.10444115102291107,0.004437408875674009,-0.006553466897457838,-0.034824684262275696,0.10870344936847687,0.0,-0.19340278208255768,-0.004366464912891388,0.012083745561540127,0.0,0.0,0.0,0.0,-0.40082404017448425,-0.01578500308096409,2337,0,holdout,0.0,0.062409088015556335,-2.7096028327941895,-2.455284833908081,1803
0.17177250981330872,0.0,0.10286960750818253,-0.028190184384584427,-0.2567024528980255,-0.05021197348833084,0.06655515730381012,0.0,0.20922863483428955,-0.004366464912891388,0.006750195752829313,0.0,0.0,0.0,0.0,-0.5927855968475342,-0.022400803864002228,2338,0,holdout,0.0,0.0545385368168354,-2.8527655601501465,-2.455284833908081,1803
0.16394343972206116,0.0,0.0976092740893364,0.0794629156589508,0.0030595979187637568,-0.024519948288798332,-0.1371980458498001,0.0,-0.19340278208255768,-0.004366464912891388,0.012083745561540127,0.0,0.0,0.0,0.0,-0.3215101659297943,-0.01578500308096409,2339,0,holdout,0.0,0.05754571408033371,-2.795907735824585,-2.455284833908081,1803
0.16607031226158142,0.0,0.09720257669687271,-0.2986530363559723,-0.23831774294376373,0.129919171333313,0.05558144673705101,0.0,0.23951588571071625,-0.004366464912891388,0.006750195752829313,0.0,0.0,0.0,0.0,-0.676651656627655,-0.022400803864002228,2340,0,holdout,0.0,0.04739721864461899,-3.0006344318389893,-2.455284833908081,1803
0.18890242278575897,0.0,0.07257595658302307,0.09088356047868729,0.08845140784978867,-0.010676885023713112,-0.2334614396095276,0.0,0.29287636280059814,0.016432497650384903,0.012083745561540127,0.0,0.0,0.0,0.0,0.4079285264015198,0.0041360026225447655,2341,0,holdout,0.0,0.17870396375656128,-1.5251530408859253,-2.455284833908081,1803
0.13611431419849396,0.0,-0.30757689476013184,-0.0007398491725325584,0.00755728967487812,-0.01790587231516838,-0.10660605877637863,0.0,-0.19340278208255768,-0.004366464912891388,0.010346597991883755,0.0,0.0,0.0,0.0,-0.33662405610084534,-0.03927081823348999,2342,0,holdout,0.0,0.035305947065353394,-3.3077595233917236,-2.455284833908081,1803
0.13611431419849396,0.0,-0.30757689476013184,-0.0007398491725325584,-0.12007404118776321,-0.043146997690200806,-0.11500217020511627,0.0,-0.19340278208255768,-0.004366464912891388,0.010346597991883755,0.0,0.0,0.0,0.0,-0.37595096230506897,-0.03927081823348999,2343,0,holdout,0.0,0.029075434431433678,-3.508355140686035,-2.455284833908081,1803
0.16607031226158142,0.0,0.09877412021160126,-0.2507578134536743,-0.29835787415504456,0.07588670402765274,0.033527351915836334,0.0,-0.25403285026550293,-0.004366464912891388,0.006750195752829313,0.0,0.0,0.0,0.0,-0.5319768190383911,-0.022400803864002228,2344,0,holdout,0.0,0.03118402697145939,-3.436168670654297,-2.455284833908081,1803
0.19102928042411804,0.0,0.07374079525470734,-0.19131624698638916,-0.2791387140750885,0.129919171333313,0.07676757872104645,0.0,0.32790014147758484,-0.004366464912891388,0.006750195752829313,0.0,0.0,0.0,0.0,0.5068318247795105,-0.007690184749662876,2345,0,holdout,0.0,0.1645360291004181,-1.6248576641082764,-2.455284833908081,1803
0.16607031226158142,0.0,0.09877412021160126,-0.2507578134536743,-0.29835787415504456,0.07588670402765274,0.014566931873559952,0.0,-0.25403285026550293,-0.004366464912891388,0.006750195752829313,0.0,0.0,0.0,0.0,-0.5361654758453369,-0.022400803864002228,2346,0,holdout,0.0,0.030492199584841728,-3.459317684173584,-2.455284833908081,1803
0.17177250981330872,0.0,0.0976092740893364,0.0794629156589508,0.0030595979187637568,-0.024519948288798332,-0.11805671453475952,0.0,-0.19340278208255768,-0.004366464912891388,0.012083745561540127,0.0,0.0,0.0,0.0,-0.3215101659297943,-0.01578500308096409,2347,0,holdout,0.0,0.05902600660920143,-2.768937349319458,-2.455284833908081,1803
0.19673147797584534,0.0,0.07940782606601715,0.0012564575299620628,-0.07856464385986328,-0.034775618463754654,0.14137794077396393,0.0,0.28134799003601074,-0.004366464912891388,0.012083745561540127,0.0,0.0,0.0,0.0,0.3948439955711365,-0.0010743839666247368,2348,0,holdout,0.0,0.18739646673202515,-1.4670168161392212,-2.455284833908081,1803
0.16607031226158142,0.0,0.09877412021160126,-0.2507578134536743,-0.29835787415504456,0.07588670402765274,0.014566931873559952,0.0,-0.25403285026550293,-0.004366464912891388,0.006750195752829313,0.0,0.0,0.0,0.0,-0.5361654758453369,-0.022400803864002228,2349,0,holdout,0.0,0.030492199584841728,-3.459317684173584,-2.455284833908081,1803
0.17177250981330872,0.0,0.10286960750818253,-0.07260943949222565,-0.26188117265701294,-0.05021197348833084,0.08143109828233719,0.0,0.2861628234386444,-0.004366464912891388,0.006750195752829313,0.0,0.0,0.0,0.0,0.1912725567817688,-0.022400803864002228,2350,0,holdout,0.0,0.11644896119832993,-2.026495933532715,-2.455284833908081,1803
0.16607031226158142,0.0,0.09877412021160126,-0.2507578134536743,-0.29835787415504456,0.07588670402765274,0.033527351915836334,0.0,-0.25403285026550293,-0.004366464912891388,0.006750195752829313,0.0,0.0,0.0,0.0,-0.5319768190383911,-0.022400803864002228,2351,0,holdout,0.0,0.03118402697145939,-3.436168670654297,-2.455284833908081,1803
0.17177250981330872,0.0,0.10444115102291107,0.01970502734184265,-0.31674259901046753,-0.038813911378383636,0.044501058757305145,0.0,-0.21888959407806396,-0.004366464912891388,0.006750195752829313,0.0,0.0,0.0,0.0,-0.4481108486652374,-0.022400803864002228,2352,0,holdout,0.0,0.040799159556627274,-3.1574389934539795,-2.455284833908081,1803
0.19673147797584534,0.0,0.07940782606601715,0.01160842552781105,-0.08721207082271576,-0.034775618463754654,0.07327425479888916,0.0,0.2758011817932129,-0.004366464912891388,0.012083745561540127,0.0,0.0,0.0,0.0,0.38563913106918335,0.04091822728514671,2353,0,holdout,0.0,0.18150633573532104,-1.5061750411987305,-2.455284833908081,1803
0.19673147797584534,0.0,0.0862516313791275,-0.08639496564865112,-0.12854202091693878,-0.0462227426469326,0.14137794077396393,0.0,0.2750992476940155,-0.004366464912891388,0.012083745561540127,0.0,0.0,0.0,0.0,0.4126899242401123,-0.0010743839666247368,2354,0,holdout,0.0,0.1683100461959839,-1.5976518392562866,-2.455284833908081,1803
0.16607031226158142,0.0,0.09877412021160126,0.0598561093211174,-0.29339390993118286,0.07588670402765274,0.044501058757305145,0.0,-0.25403285026550293,-0.004366464912891388,0.006750195752829313,0.0,0.0,0.0,0.0,-0.4481108486652374,-0.022400803864002228,2355,0,holdout,0.0,0.04627598822116852,-3.0257511138916016,-2.455284833908081,1803
0.19673147797584534,0.0,0.07941976189613342,0.09088356047868729,-0.07154059410095215,-0.035918012261390686,-0.22271624207496643,0.0,0.2866276204586029,-0.004366464912891388,0.012083745561540127,0.0,0.0,0.0,0.0,0.32828986644744873,0.0041360026225447655,2356,0,holdout,0.0,0.14287005364894867,-1.791654109954834,-2.455284833908081,1803
0.19673147797584534,0.0,0.07940782606601715,-0.06571684777736664,-0.15822860598564148,-0.034824684262275696,0.10305903106927872,0.0,-0.351917564868927,0.016432497650384903,0.012083745561540127,0.0,0.0,0.0,0.0,0.36383047699928284,-0.0010743839666247368,2357,0,holdout,0.0,0.09149621427059174,-2.295501470565796,-2.455284833908081,1803
0.14394336938858032,0.0,-0.33356520533561707,-0.26983487606048584,-0.28730863332748413,-0.02795560099184513,0.07480677217245102,0.0,-0.19951553642749786,-0.004366464912891388,0.0050130486488342285,0.0,0.0,0.0,0.0,-0.5470905900001526,-0.04588661715388298,2358,0,holdout,0.0,0.01894579827785492,-3.9470455646514893,-2.455284833908081,1803
0.16607031226158142,0.0,0.10444115102291107,0.06342945247888565,-0.1651713103055954,0.07623352855443954,0.0629124790430069,0.0,-0.25403285026550293,-0.004366464912891388,0.012083745561540127,0.0,0.0,0.0,0.0,-0.4481108486652374,-0.01578500308096409,2359,0,holdout,0.0,0.054290760308504105,-2.85758113861084,-2.455284833908081,1803
-0.13591007888317108,0.0,0.09164653718471527,0.008569563739001751,-0.28952547907829285,-0.04147235304117203,0.04074155539274216,0.0,-0.21888959407806396,-0.004366464912891388,0.006750195752829313,0.0,0.0,0.0,0.0,-0.45956623554229736,-0.022400803864002228,2360,0,holdout,0.0,0.029895147308707237,-3.479707956314087,-2.455284833908081,1803
-0.1534406542778015,0.0,0.06661321222782135,-0.03928324207663536,-0.17001251876354218,-0.03748312592506409,0.09929954260587692,0.0,-0.351917564868927,-0.004366464912891388,0.012083745561540127,0.0,0.0,0.0,0.0,0.30988553166389465,0.04091822728514671,2361,0,holdout,0.0,0.0639846920967102,-2.682987928390503,-2.455284833908081,1803
-0.13591007888317108,0.0,0.09007499366998672,0.08749234676361084,0.03209478035569191,-0.037434060126543045,0.05913631245493889,0.0,0.18741698563098907,-0.004366464912891388,0.012083745561540127,0.0,0.0,0.0,0.0,-0.536391019821167,-0.01578500308096409,2362,0,holdout,0.0,0.06198510527610779,-2.716871738433838,-2.455284833908081,1803
-0.1534406542778015,0.0,0.0734570175409317,-0.08226281404495239,-0.2703063488006592,-0.05287041515111923,0.10294219851493835,0.0,0.29136407375335693,-0.004366464912891388,0.006750195752829313,0.0,0.0,0.0,0.0,0.36436140537261963,-0.007690184749662876,2363,0,holdout,0.0,0.10089250653982162,-2.187346935272217,-2.455284833908081,1803
-0.13111206889152527,0.0,0.08597950637340546,-0.23467616736888885,-0.29835787415504456,0.08372847735881805,0.029767856001853943,0.0,-0.25403285026550293,-0.004366464912891388,0.006750195752829313,0.0,0.0,0.0,0.0,-0.5434322953224182,-0.022400803864002228,2364,0,holdout,0.0,0.023261092603206635,-3.7374372482299805,-2.455284833908081,1803
-0.12895403802394867,0.0,0.06661321222782135,0.0483681745827198,-0.1565178483724594,-0.02603599801659584,0.09734870493412018,0.0,-0.4000989496707916,-0.004366464912891388,0.012083745561540127,0.0,0.0,0.0,0.0,0.5198633670806885,0.04091822728514671,2365,0,holdout,0.0,0.08424170315265656,-2.3860623836517334,-2.455284833908081,1803
-0.13025395572185516,0.0,0.0848146602511406,-0.258726567029953,0.03594083711504936,-0.034527912735939026,-0.10474887490272522,0.0,-0.19340278208255768,-0.004366464912891388,0.012083745561540127,0.0,0.0,0.0,0.0,-0.46859320998191833,-0.01578500308096409,2366,0,holdout,0.0,0.02839186228811741,-3.5328500270843506,-2.455284833908081,1803
-0.13111206889152527,0.0,0.08597950637340546,-0.23467616736888885,-0.29835787415504456,0.08372847735881805,0.029767856001853943,0.0,-0.25403285026550293,-0.004366464912891388,0.006750195752829313,0.0,0.0,0.0,0.0,-0.5434322953224182,-0.022400803864002228,2367,0,holdout,0.0,0.023261092603206635,-3.7374372482299805,-2.455284833908081,1803
-0.13111206889152527,0.0,0.08597950637340546,-0.23467616736888885,-0.29835787415504456,0.08372847735881805,0.01080743595957756,0.0,-0.25403285026550293,-0.004366464912891388,0.006750195752829313,0.0,0.0,0.0,0.0,-0.547620952129364,-0.022400803864002228,2368,0,holdout,0.0,0.022740909829735756,-3.7605862617492676,-2.455284833908081,1803
-0.1486426442861557,0.0,0.0734570175409317,-0.1462334841489792,-0.300400972366333,0.042918190360069275,0.05095398798584938,0.0,-0.3453107178211212,-0.004366464912891388,0.006750195752829313,0.0,0.0,0.0,0.0,0.36427050828933716,-0.007690184749662876,2369,0,holdout,0.0,0.05367805436253548,-2.8695785999298096,-2.455284833908081,1803
-0.13111206889152527,0.0,0.08597950637340546,-0.23467616736888885,-0.29835787415504456,0.08372847735881805,0.01080743595957756,0.0,-0.25403285026550293,-0.004366464912891388,0.006750195752829313,0.0,0.0,0.0,0.0,-0.547620952129364,-0.022400803864002228,2370,0,holdout,0.0,0.022740909829735756,-3.7605862617492676,-2.455284833908081,1803
-0.1534406542778015,0.0,0.0734570175409317,-0.0063476404175162315,-0.3306516110897064,-0.041423287242650986,0.10294219851493835,0.0,0.29136407375335693,-0.004366464912891388,0.006750195752829313,0.0,0.0,0.0,0.0,0.36436140537261963,-0.007690184749662876,2371,0,holdout,0.0,0.10336986184120178,-2.160330057144165,-2.455284833908081,1803
-0.1534406542778015,0.0,0.06662515550851822,0.070403091609478,-0.07154059410095215,-0.03857645019888878,-0.22647574543952942,0.0,0.2751097083091736,-0.004366464912891388,0.012083745561540127,0.0,0.0,0.0,0.0,0.27434492111206055,0.0041360026225447655,2372,0,holdout,0.0,0.09561014175415039,-2.246981620788574,-2.455284833908081,1803
-0.13111206889152527,0.0,0.09164653718471527,0.07951109111309052,-0.014644652605056763,0.045229509472846985,0.10494395345449448,0.0,-0.19340278208255768,-0.004366464912891388,0.012083745561540127,0.0,0.0,0.0,0.0,-0.4122794270515442,-0.01578500308096409,2373,0,holdout,0.0,0.052477773278951645,-2.893460750579834,-2.455284833908081,1803
-0.09530571103096008,0.0,0.06661321222782135,0.019708802923560143,-0.15870849788188934,0.045229509472846985,0.14925244450569153,0.0,-0.3807249069213867,0.016432497650384903,0.012083745561540127,0.0,0.0,0.0,0.0,0.6120233535766602,0.04091822728514671,2374,0,holdout,0.0,0.10642765462398529,-2.1277618408203125,-2.455284833908081,1803
-0.1477845311164856,0.0,0.06662515550851822,0.10696519911289215,0.08531492948532104,-0.013335324823856354,-0.2237357497215271,0.0,0.2866276204586029,-0.004366464912891388,0.012083745561540127,0.0,0.0,0.0,0.0,0.32767730951309204,0.0041360026225447655,2375,0,holdout,0.0,0.12400079518556595,-1.9550772905349731,-2.455284833908081,1803
-0.13025395572185516,0.0,0.08324311673641205,0.07486644387245178,0.03588267043232918,-0.03857645019888878,-0.1527167409658432,0.0,0.18741698563098907,-0.004366464912891388,0.012083745561540127,0.0,0.0,0.0,0.0,-0.4776403605937958,-0.01578500308096409,2376,0,holdout,0.0,0.053094301372766495,-2.8811299800872803,-2.455284833908081,1803
-0.13591007888317108,0.0,0.09164653718471527,0.07320214062929153,-0.2728990614414215,-0.010984707623720169,0.04074155539274216,0.0,-0.21888959407806396,-0.004366464912891388,0.006750195752829313,0.0,0.0,0.0,0.0,-0.45956623554229736,-0.022400803864002228,2377,0,holdout,0.0,0.03331189230084419,-3.3679614067077637,-2.455284833908081,1803
-0.1477845311164856,0.0,0.05978133901953697,0.035742275416851044,0.043606407940387726,-0.027178389951586723,-0.2088383436203003,0.0,-0.37461215257644653,-0.004366464912891388,0.012083745561540127,0.0,0.0,0.0,0.0,0.3551541864871979,0.04091822728514671,2378,0,holdout,0.0,0.06471984088420868,-2.670778274536133,-2.455284833908081,1803
-0.1534406542778015,0.0,0.05978133901953697,0.025390315800905228,-0.10759981721639633,-0.027178389951586723,-0.20123137533664703,0.0,-0.3198239207267761,-0.004366464912891388,0.012083745561540127,0.0,0.0,0.0,0.0,0.21887849271297455,-0.0010743839666247368,2379,0,holdout,0.0,0.04955413565039635,-2.9538655281066895,-2.455284833908081,1803
-0.1477845311164856,0.0,0.06662515550851822,0.004712193738669157,-0.07477675378322601,-0.03857645019888878,-0.23213186860084534,0.0,0.26955243945121765,-0.004366464912891388,0.012083745561540127,0.0,0.0,0.0,0.0,0.27434492111206055,-0.0010743839666247368,2380,0,holdout,0.0,0.08893760293722153,-2.326676368713379,-2.455284833908081,1803
-0.13591007888317108,0.0,0.09164653718471527,0.02051904797554016,-0.1341848224401474,-0.03748312592506409,0.11105670034885406,0.0,-0.19951553642749786,-0.004366464912891388,0.012083745561540127,0.0,0.0,0.0,0.0,-0.4516063332557678,-0.01578500308096409,2381,0,holdout,0.0,0.039209771901369095,-3.1988301277160645,-2.455284833908081,1803
-0.1534406542778015,0.0,0.06661321222782135,-0.03928324207663536,-0.11751817911863327,-0.03748312592506409,0.09911687672138214,0.0,-0.3264307677745819,-0.004366464912891388,0.012083745561540127,0.0,0.0,0.0,0.0,0.24382852017879486,0.04091822728514671,2382,0,holdout,0.0,0.06469152122735977,-2.671246290206909,-2.455284833908081,1803
-0.13025395572185516,0.0,0.08324311673641205,0.07486644387245178,0.03588267043232918,-0.03857645019888878,-0.1527167409658432,0.0,0.18741698563098907,-0.004366464912891388,0.012083745561540127,0.0,0.0,0.0,0.0,-0.4776403605937958,-0.01578500308096409,2383,0,holdout,0.0,0.053094301372766495,-2.8811299800872803,-2.455284833908081,1803
-0.13591007888317108,0.0,0.0848146602511406,0.09554456174373627,0.0030595979187637568,-0.027178389951586723,-0.1218162328004837,0.0,-0.19340278208255768,-0.004366464912891388,0.012083745561540127,0.0,0.0,0.0,0.0,-0.33296558260917664,-0.01578500308096409,2384,0,holdout,0.0,0.04347144812345505,-3.0912063121795654,-2.455284833908081,1803
-0.13591007888317108,0.0,0.09164653718471527,0.050378989428281784,-0.007196006830781698,-0.03748312592506409,0.05915297567844391,0.0,-0.21888959407806396,-0.004366464912891388,0.012083745561540127,0.0,0.0,0.0,0.0,-0.4122794270515442,-0.01578500308096409,2385,0,holdout,0.0,0.04419541358947754,-3.073932409286499,-2.455284833908081,1803
-0.13591007888317108,0.0,0.09007499366998672,0.08749234676361084,-0.09553655982017517,-0.037434060126543045,0.09747189283370972,0.0,0.19296379387378693,-0.004366464912891388,0.012083745561540127,0.0,0.0,0.0,0.0,-0.5962811708450317,-0.01578500308096409,2386,0,holdout,0.0,0.05414053425192833,-2.86051082611084,-2.455284833908081,1803
-0.13591007888317108,0.0,0.09164653718471527,0.10817045718431473,-0.00072829844430089,-0.02603599801659584,0.08438067883253098,0.0,-0.19340278208255768,-0.004366464912891388,0.012083745561540127,0.0,0.0,0.0,0.0,-0.3917161226272583,-0.01578500308096409,2387,0,holdout,0.0,0.05083738639950752,-2.926948070526123,-2.455284833908081,1803
-0.13591007888317108,0.0,0.09164653718471527,0.02051904797554016,-0.1341848224401474,-0.03748312592506409,0.11105670034885406,0.0,-0.19951553642749786,-0.004366464912891388,0.012083745561540127,0.0,0.0,0.0,0.0,-0.4516063332557678,-0.01578500308096409,2388,0,holdout,0.0,0.039209771901369095,-3.1988301277160645,-2.455284833908081,1803
-0.13591007888317108,0.0,0.09164653718471527,0.02051904797554016,-0.1341848224401474,-0.03748312592506409,0.11105670034885406,0.0,-0.19951553642749786,-0.004366464912891388,0.012083745561540127,0.0,0.0,0.0,0.0,-0.4516063332557678,-0.01578500308096409,2389,0,holdout,0.0,0.039209771901369095,-3.1988301277160645,-2.455284833908081,1803
-0.1477845311164856,0.0,0.06662515550851822,0.025390315800905228,-0.10759981721639633,-0.027178389951586723,-0.20688749849796295,0.0,-0.3198239207267761,-0.004366464912891388,0.012083745561540127,0.0,0.0,0.0,0.0,0.2120346873998642,-0.0010743839666247368,2390,0,holdout,0.0,0.04955413565039635,-2.9538655281066895,-2.455284833908081,1803
-0.13591007888317108,0.0,0.09164653718471527,0.060434021055698395,-0.14227598905563354,-0.006995480507612228,0.11105670034885406,0.0,-0.19951553642749786,-0.004366464912891388,0.012083745561540127,0.0,0.0,0.0,0.0,-0.4516063332557678,-0.01578500308096409,2391,0,holdout,0.0,0.041625767946243286,-3.136518955230713,-2.455284833908081,1803
-0.1119261160492897,0.0,-0.26855841279029846,-0.21129268407821655,-0.24508529901504517,-0.045697059482336044,-0.049424197524785995,0.0,-0.19340278208255768,-0.004366464912891388,0.0050130486488342285,0.0,0.0,0.0,0.0,-0.47923240065574646,-0.04588661715388298,2392,0,holdout,0.0,0.0162202175706625,-4.1051435470581055,-2.455284833908081,1803
-0.12945668399333954,0.0,-0.21294191479682922,-0.0015587937086820602,-0.2959485948085785,-0.048652276396751404,0.06572341173887253,0.0,-0.3264307677745819,-0.004366464912891388,0.0050130486488342285,0.0,0.0,0.0,0.0,0.3342207670211792,0.032424598932266235,2393,0,holdout,0.0,0.045770782977342606,-3.0372579097747803,-2.455284833908081,1803
-0.0704636201262474,0.0,-0.1869536191225052,-0.16080628335475922,-0.1171351820230484,-0.041707832366228104,-0.16391898691654205,0.0,-0.37461215257644653,-0.004366464912891388,0.010346597991883755,0.0,0.0,0.0,0.0,0.6305439472198486,0.08103302121162415,2394,0,holdout,0.0,0.05450969189405441,-2.853325128555298,-2.455284833908081,1803
-0.13591007888317108,0.0,0.09164653718471527,0.10817045718431473,-0.00072829844430089,-0.02603599801659584,0.11105670034885406,0.0,-0.19951553642749786,-0.004366464912891388,0.012083745561540127,0.0,0.0,0.0,0.0,-0.4122794270515442,-0.01578500308096409,2395,0,holdout,1.0,0.05083738639950752,-2.926948070526123,-2.455284833908081,1803
-0.04384118691086769,0.0,-0.1869536191225052,0.035742275416851044,0.0746385008096695,-0.009117189794778824,-0.17824634909629822,0.0,-0.37461215257644653,-0.004366464912891388,0.010346597991883755,0.0,0.0,0.0,0.0,0.5499732494354248,0.08103302121162415,2396,0,holdout,0.0,0.07580997794866562,-2.500687837600708,-2.455284833908081,1803
-0.10626999288797379,0.0,-0.26855841279029846,0.052650369703769684,-0.12816523015499115,-0.0458054393529892,-0.10527648031711578,0.0,-0.19340278208255768,-0.004366464912891388,0.010346597991883755,0.0,0.0,0.0,0.0,-0.3874063491821289,-0.03927081823348999,2397,0,holdout,0.0,0.024823922663927078,-3.6708102226257324,-2.455284833908081,1803
-0.1119261160492897,0.0,-0.2945467233657837,-0.23981259763240814,-0.28342580795288086,-0.04455466940999031,0.09429121017456055,0.0,-0.19340278208255768,-0.004366464912891388,0.0050130486488342285,0.0,0.0,0.0,0.0,-0.5095799565315247,-0.04588661715388298,2398,0,holdout,0.0,0.01656951755285263,-4.083482265472412,-2.455284833908081,1803
-0.13591007888317108,0.0,0.09164653718471527,0.10817045718431473,-0.12835966050624847,-0.02603599801659584,0.11105670034885406,0.0,-0.19951553642749786,-0.004366464912891388,0.012083745561540127,0.0,0.0,0.0,0.0,-0.4516063332557678,-0.01578500308096409,2399,0,holdout,0.0,0.04335930943489075,-3.0939064025878906,-2.455284833908081,1803
0.19673147797584534,0.0,0.0862516313791275,-0.057625662535429,-0.16945625841617584,-0.034824684262275696,0.10305903106927872,0.0,-0.3453107178211212,-0.004366464912891388,0.012083745561540127,0.0,0.0,0.0,0.0,0.3503798246383667,-0.0010743839666247368,2400,0,holdout,0.0,0.08952593803405762,-2.319437026977539,-2.455284833908081,1803
0.17177250981330872,0.0,0.10286960750818253,0.06365949660539627,-0.2672930955886841,-0.019724328070878983,0.06655515730381012,0.0,0.20922863483428955,-0.004366464912891388,0.006750195752829313,0.0,0.0,0.0,0.0,-0.5927855968475342,-0.022400803864002228,2401,0,holdout,0.0,0.06059587746858597,-2.7410190105438232,-2.455284833908081,1803
0.19673147797584534,0.0,0.07940782606601715,-0.06571684777736664,-0.1613650918006897,-0.034824684262275696,0.15496276319026947,0.0,-0.3259366750717163,-0.004366464912891388,0.012083745561540127,0.0,0.0,0.0,0.0,0.35722362995147705,-0.0010743839666247368,2402,0,holdout,0.0,0.09550837427377701,-2.248159170150757,-2.455284833908081,1803
0.16607031226158142,0.0,0.09877412021160126,-0.2507578134536743,-0.29835787415504456,0.07588670402765274,0.033527351915836334,0.0,-0.25403285026550293,-0.004366464912891388,0.006750195752829313,0.0,0.0,0.0,0.0,-0.5319768190383911,-0.022400803864002228,2403,0,holdout,0.0,0.03118402697145939,-3.436168670654297,-2.455284833908081,1803
0.17177250981330872,0.0,0.10286960750818253,-0.016240699216723442,-0.1013617143034935,-0.0462227426469326,0.08496656268835068,0.0,0.20922863483428955,-0.004366464912891388,0.012083745561540127,0.0,0.0,0.0,0.0,-0.5848256945610046,-0.01578500308096409,2404,0,holdout,0.0,0.06641149520874023,-2.6431655883789062,-2.455284833908081,1803
0.17177250981330872,0.0,0.10444115102291107,0.09208881109952927,-0.00072829844430089,-0.02337755635380745,0.14194294810295105,0.0,-0.19340278208255768,-0.004366464912891388,0.012083745561540127,0.0,0.0,0.0,0.0,-0.3518577516078949,-0.01578500308096409,2405,0,holdout,0.0,0.07429767400026321,-2.522473096847534,-2.455284833908081,1803
0.19673147797584534,0.0,0.07940782606601715,-0.07766634225845337,-0.3031294643878937,-0.038813911378383636,0.08464761823415756,0.0,-0.3453107178211212,-0.004366464912891388,0.006750195752829313,0.0,0.0,0.0,0.0,0.36284005641937256,-0.007690184749662876,2406,0,holdout,0.0,0.07572619616985321,-2.5018842220306396,-2.455284833908081,1803
0.14394336938858032,0.0,-0.33356520533561707,-0.2558942437171936,-0.28730863332748413,-0.04189622774720192,0.07480677217245102,0.0,-0.19951553642749786,-0.004366464912891388,0.0050130486488342285,0.0,0.0,0.0,0.0,-0.5470905900001526,-0.04588661715388298,2407,0,holdout,0.0,0.01894579827785492,-3.9470455646514893,-2.455284833908081,1803
0.14394336938858032,0.0,-0.33356520533561707,-0.2558942437171936,-0.28730863332748413,-0.04189622774720192,0.02290305495262146,0.0,-0.21888959407806396,-0.004366464912891388,0.0050130486488342285,0.0,0.0,0.0,0.0,-0.5470905900001526,-0.04588661715388298,2408,0,holdout,0.0,0.017665402963757515,-4.01832389831543,-2.455284833908081,1803
0.17177250981330872,0.0,0.10286960750818253,-0.0009730784222483635,-0.2839195132255554,-0.05021197348833084,0.06655515730381012,0.0,0.20922863483428955,-0.004366464912891388,0.006750195752829313,0.0,0.0,0.0,0.0,-0.5927855968475342,-0.022400803864002228,2409,0,holdout,0.0,0.0545385368168354,-2.8527655601501465,-2.455284833908081,1803
0.17177250981330872,0.0,0.10286960750818253,-0.009457133710384369,-0.2754354774951935,-0.05021197348833084,0.06655515730381012,0.0,0.20922863483428955,-0.004366464912891388,0.006750195752829313,0.0,0.0,0.0,0.0,-0.5927855968475342,-0.022400803864002228,2410,0,holdout,0.0,0.0545385368168354,-2.8527655601501465,-2.455284833908081,1803
0.16332027316093445,0.0,0.07257595658302307,0.019660640507936478,-0.10857772827148438,-0.024519948288798332,-0.1994227170944214,0.0,-0.37461215257644653,-0.004366464912891388,0.012083745561540127,0.0,0.0,0.0,0.0,0.431510329246521,0.04091822728514671,2411,0,holdout,0.0,0.08115816116333008,-2.4267141819000244,-2.455284833908081,1803
0.14394336938858032,0.0,-0.33356520533561707,-0.2558942437171936,-0.28730863332748413,-0.04189622774720192,0.04813075810670853,0.0,-0.19340278208255768,-0.004366464912891388,0.0050130486488342285,0.0,0.0,0.0,0.0,-0.5265274047851562,-0.04588661715388298,2412,0,holdout,0.0,0.01894579827785492,-3.9470455646514893,-2.455284833908081,1803
0.14394336938858032,0.0,-0.33356520533561707,-0.2558942437171936,-0.28730863332748413,-0.04189622774720192,0.07480677217245102,0.0,-0.19951553642749786,-0.004366464912891388,0.0050130486488342285,0.0,0.0,0.0,0.0,-0.5470905900001526,-0.04588661715388298,2413,0,holdout,0.0,0.01894579827785492,-3.9470455646514893,-2.455284833908081,1803
0.13824117183685303,0.0,-0.3166598975658417,-0.2507578134536743,-0.2805863916873932,0.09127914160490036,0.02290305495262146,0.0,-0.25403285026550293,-0.004366464912891388,0.0050130486488342285,0.0,0.0,0.0,0.0,-0.5470905900001526,-0.04588661715388298,2414,0,holdout,0.0,0.01989426091313362,-3.8972291946411133,-2.455284833908081,1803
0.14394336938858032,0.0,-0.33356520533561707,-0.2558942437171936,-0.28730863332748413,-0.04189622774720192,0.02290305495262146,0.0,-0.21888959407806396,-0.004366464912891388,0.0050130486488342285,0.0,0.0,0.0,0.0,-0.5470905900001526,-0.04588661715388298,2415,0,holdout,0.0,0.017665402963757515,-4.01832389831543,-2.455284833908081,1803
-0.1071280986070633,0.0,-0.2776414155960083,-0.23467616736888885,-0.2805863916873932,0.09912091493606567,0.01914355903863907,0.0,-0.25403285026550293,-0.004366464912891388,0.0050130486488342285,0.0,0.0,0.0,0.0,-0.5585461854934692,-0.04588661715388298,2416,0,holdout,0.0,0.016384948045015335,-4.094871520996094,-2.455284833908081,1803
-0.1071280986070633,0.0,-0.2776414155960083,-0.22635316848754883,-0.2690254747867584,0.09912091493606567,0.00018313853070139885,0.0,-0.25403285026550293,-0.004366464912891388,0.0050130486488342285,0.0,0.0,0.0,0.0,-0.562734842300415,-0.04588661715388298,2417,0,holdout,0.0,0.01633240468800068,-4.098136901855469,-2.455284833908081,1803
-0.1071280986070633,0.0,-0.2776414155960083,-0.22635316848754883,-0.2690254747867584,0.09912091493606567,0.00018313853070139885,0.0,-0.25403285026550293,-0.004366464912891388,0.0050130486488342285,0.0,0.0,0.0,0.0,-0.562734842300415,-0.04588661715388298,2418,0,holdout,0.0,0.01633240468800068,-4.098136901855469,-2.455284833908081,1803
-0.1071280986070633,0.0,-0.2776414155960083,-0.22635316848754883,-0.2690254747867584,0.09912091493606567,0.00018313853070139885,0.0,-0.25403285026550293,-0.004366464912891388,0.0050130486488342285,0.0,0.0,0.0,0.0,-0.562734842300415,-0.04588661715388298,2419,0,holdout,0.0,0.01633240468800068,-4.098136901855469,-2.455284833908081,1803
-0.1071280986070633,0.0,-0.2776414155960083,-0.22635316848754883,-0.2690254747867584,0.09912091493606567,0.00018313853070139885,0.0,-0.25403285026550293,-0.004366464912891388,0.0050130486488342285,0.0,0.0,0.0,0.0,-0.562734842300415,-0.04588661715388298,2420,0,holdout,0.0,0.01633240468800068,-4.098136901855469,-2.455284833908081,1803
-0.1071280986070633,0.0,-0.2776414155960083,-0.22635316848754883,-0.2690254747867584,0.09912091493606567,0.00018313853070139885,0.0,-0.25403285026550293,-0.004366464912891388,0.0050130486488342285,0.0,0.0,0.0,0.0,-0.562734842300415,-0.04588661715388298,2421,0,holdout,0.0,0.01633240468800068,-4.098136901855469,-2.455284833908081,1803
-0.13111206889152527,0.0,0.08597950637340546,-0.23467616736888885,-0.29835787415504456,0.08372847735881805,0.01080743595957756,0.0,-0.25403285026550293,-0.004366464912891388,0.006750195752829313,0.0,0.0,0.0,0.0,-0.547620952129364,-0.022400803864002228,2422,0,holdout,0.0,0.022740909829735756,-3.7605862617492676,-2.455284833908081,1803
-0.1119261160492897,0.0,-0.26855841279029846,0.030609413981437683,-0.2567477822303772,-0.024553541094064713,-0.06375154107809067,0.0,-0.19340278208255768,-0.004366464912891388,0.0050130486488342285,0.0,0.0,0.0,0.0,-0.39536625146865845,-0.04588661715388298,2423,0,holdout,0.0,0.02222152054309845,-3.784221887588501,-2.455284833908081,1803
-0.1119261160492897,0.0,-0.2945467233657837,-0.23981259763240814,-0.28730863332748413,-0.04455466940999031,0.07104728370904922,0.0,-0.19951553642749786,-0.004366464912891388,0.0050130486488342285,0.0,0.0,0.0,0.0,-0.5585461854934692,-0.04588661715388298,2424,0,holdout,0.0,0.01528187282383442,-4.1656880378723145,-2.455284833908081,1803
-0.1119261160492897,0.0,-0.2873016595840454,-0.2604907155036926,-0.2544855773448944,-0.05595272779464722,0.04119764640927315,0.0,0.20922863483428955,-0.004366464912891388,0.0050130486488342285,0.0,0.0,0.0,0.0,-0.6944043636322021,-0.04588661715388298,2425,0,holdout,0.0,0.019557228311896324,-3.914659261703491,-2.455284833908081,1803
-0.10626999288797379,0.0,-0.26855841279029846,-0.258726567029953,0.0019507864490151405,-0.01646670699119568,-0.07415688037872314,0.0,-0.19340278208255768,-0.004366464912891388,0.010346597991883755,0.0,0.0,0.0,0.0,-0.4319455623626709,-0.03927081823348999,2426,0,holdout,0.0,0.02112075872719288,-3.8361518383026123,-2.455284833908081,1803
-0.1071280986070633,0.0,-0.2776414155960083,-0.22635316848754883,-0.2690254747867584,0.09912091493606567,0.00018313853070139885,0.0,-0.25403285026550293,-0.004366464912891388,0.0050130486488342285,0.0,0.0,0.0,0.0,-0.562734842300415,-0.04588661715388298,2427,0,holdout,0.0,0.01633240468800068,-4.098136901855469,-2.455284833908081,1803
-0.1071280986070633,0.0,-0.2776414155960083,-0.22635316848754883,-0.2690254747867584,0.09912091493606567,0.00018313853070139885,0.0,-0.25403285026550293,-0.004366464912891388,0.0050130486488342285,0.0,0.0,0.0,0.0,-0.562734842300415,-0.04588661715388298,2428,0,holdout,0.0,0.01633240468800068,-4.098136901855469,-2.455284833908081,1803
-0.10147197544574738,0.0,-0.25165310502052307,-0.2461414784193039,-0.13683173060417175,0.09154297411441803,-0.08255299925804138,0.0,-0.22854603826999664,-0.004366464912891388,0.010346597991883755,0.0,0.0,0.0,0.0,-0.4712724983692169,-0.03927081823348999,2429,0,holdout,0.0,0.019541066139936447,-3.9155025482177734,-2.455284833908081,1803
-0.1071280986070633,0.0,-0.2776414155960083,-0.22635316848754883,-0.2690254747867584,0.09912091493606567,0.00018313853070139885,0.0,-0.25403285026550293,-0.004366464912891388,0.0050130486488342285,0.0,0.0,0.0,0.0,-0.562734842300415,-0.04588661715388298,2430,0,holdout,0.0,0.01633240468800068,-4.098136901855469,-2.455284833908081,1803
-0.1071280986070633,0.0,-0.2776414155960083,-0.22635316848754883,-0.2690254747867584,0.09912091493606567,0.00018313853070139885,0.0,-0.25403285026550293,-0.004366464912891388,0.0050130486488342285,0.0,0.0,0.0,0.0,-0.562734842300415,-0.04588661715388298,2431,0,holdout,0.0,0.01633240468800068,-4.098136901855469,-2.455284833908081,1803
-0.1071280986070633,0.0,-0.2776414155960083,-0.22635316848754883,-0.2690254747867584,0.09912091493606567,0.00018313853070139885,0.0,-0.25403285026550293,-0.004366464912891388,0.0050130486488342285,0.0,0.0,0.0,0.0,-0.562734842300415,-0.04588661715388298,2432,0,holdout,0.0,0.01633240468800068,-4.098136901855469,-2.455284833908081,1803
-0.1071280986070633,0.0,-0.2776414155960083,-0.22635316848754883,-0.2690254747867584,0.09912091493606567,0.00018313853070139885,0.0,-0.25403285026550293,-0.004366464912891388,0.0050130486488342285,0.0,0.0,0.0,0.0,-0.562734842300415,-0.04588661715388298,2433,0,holdout,0.0,0.01633240468800068,-4.098136901855469,-2.455284833908081,1803
-0.1071280986070633,0.0,-0.2776414155960083,-0.22635316848754883,-0.2690254747867584,0.09912091493606567,0.00018313853070139885,0.0,-0.25403285026550293,-0.004366464912891388,0.0050130486488342285,0.0,0.0,0.0,0.0,-0.562734842300415,-0.04588661715388298,2434,0,holdout,0.0,0.01633240468800068,-4.098136901855469,-2.455284833908081,1803
-0.1071280986070633,0.0,-0.2776414155960083,-0.22635316848754883,-0.2690254747867584,0.09912091493606567,0.00018313853070139885,0.0,-0.25403285026550293,-0.004366464912891388,0.0050130486488342285,0.0,0.0,0.0,0.0,-0.562734842300415,-0.04588661715388298,2435,0,holdout,0.0,0.01633240468800068,-4.098136901855469,-2.455284833908081,1803
-0.1071280986070633,0.0,-0.2776414155960083,-0.22635316848754883,-0.2690254747867584,0.09912091493606567,0.00018313853070139885,0.0,-0.25403285026550293,-0.004366464912891388,0.0050130486488342285,0.0,0.0,0.0,0.0,-0.562734842300415,-0.04588661715388298,2436,0,holdout,0.0,0.01633240468800068,-4.098136901855469,-2.455284833908081,1803
-0.1071280986070633,0.0,-0.2776414155960083,-0.22635316848754883,-0.2690254747867584,0.09912091493606567,0.00018313853070139885,0.0,-0.25403285026550293,-0.004366464912891388,0.0050130486488342285,0.0,0.0,0.0,0.0,-0.562734842300415,-0.04588661715388298,2437,0,holdout,0.0,0.01633240468800068,-4.098136901855469,-2.455284833908081,1803
-0.12945668399333954,0.0,-0.21294191479682922,-0.14101795852184296,-0.2713894248008728,-0.04455466940999031,0.04995337873697281,0.0,-0.4000989496707916,-0.004366464912891388,0.0050130486488342285,0.0,0.0,0.0,0.0,0.4935556650161743,0.0980287566781044,2438,0,holdout,0.0,0.04686169698834419,-3.012559413909912,-2.455284833908081,1803
-0.1071280986070633,0.0,-0.2776414155960083,-0.22635316848754883,-0.2690254747867584,0.09912091493606567,0.00018313853070139885,0.0,-0.25403285026550293,-0.004366464912891388,0.0050130486488342285,0.0,0.0,0.0,0.0,-0.562734842300415,-0.04588661715388298,2439,0,holdout,0.0,0.01633240468800068,-4.098136901855469,-2.455284833908081,1803
-0.1071280986070633,0.0,-0.2776414155960083,-0.22635316848754883,-0.2690254747867584,0.09912091493606567,0.00018313853070139885,0.0,-0.25403285026550293,-0.004366464912891388,0.0050130486488342285,0.0,0.0,0.0,0.0,-0.562734842300415,-0.04588661715388298,2440,0,holdout,0.0,0.01633240468800068,-4.098136901855469,-2.455284833908081,1803
-0.1071280986070633,0.0,-0.2776414155960083,-0.22635316848754883,-0.2690254747867584,0.09912091493606567,0.00018313853070139885,0.0,-0.25403285026550293,-0.004366464912891388,0.0050130486488342285,0.0,0.0,0.0,0.0,-0.562734842300415,-0.04588661715388298,2441,0,holdout,1.0,0.01633240468800068,-4.098136901855469,-2.455284833908081,1803
-0.0804981216788292,0.0,0.059273652732372284,-0.13588152825832367,-0.25159725546836853,0.08372847735881805,0.06057767570018768,0.0,-0.4352422058582306,-0.004366464912891388,-0.02792450226843357,0.0,0.0,0.0,0.0,0.6766259670257568,0.05791395902633667,2442,0,holdout,0.0,0.07924321293830872,-2.452674150466919,-2.455284833908081,1803
-0.13111206889152527,0.0,0.08597950637340546,-0.23467616736888885,-0.29835787415504456,0.08372847735881805,0.01080743595957756,0.0,-0.25403285026550293,-0.004366464912891388,0.006750195752829313,0.0,0.0,0.0,0.0,-0.547620952129364,-0.022400803864002228,2443,0,holdout,0.0,0.022740909829735756,-3.7605862617492676,-2.455284833908081,1803
-0.1486426442861557,0.0,0.06778998672962189,-0.16691158711910248,-0.2675778269767761,0.1377609372138977,0.07300807535648346,0.0,0.3216513693332672,-0.004366464912891388,0.006750195752829313,0.0,0.0,0.0,0.0,0.42658063769340515,-0.007690184749662876,2444,0,holdout,0.0,0.11743655800819397,-2.016932487487793,-2.455284833908081,1803
-0.13591007888317108,0.0,0.09007499366998672,0.06865069270133972,-0.25880905985832214,-0.05287041515111923,0.06279565393924713,0.0,0.20922863483428955,-0.004366464912891388,0.006750195752829313,0.0,0.0,0.0,0.0,-0.6042410731315613,-0.022400803864002228,2445,0,holdout,0.0,0.043256744742393494,-3.096381902694702,-2.455284833908081,1803
-0.13591007888317108,0.0,0.09164653718471527,0.02051904797554016,-0.006553466897457838,-0.03748312592506409,0.08438067883253098,0.0,-0.19340278208255768,-0.004366464912891388,0.012083745561540127,0.0,0.0,0.0,0.0,-0.3917161226272583,-0.01578500308096409,2446,0,holdout,0.0,0.04600660502910614,-3.031871795654297,-2.455284833908081,1803
-0.13591007888317108,0.0,0.09164653718471527,0.008569563739001751,-0.28952547907829285,-0.04147235304117203,0.04074155539274216,0.0,-0.21888959407806396,-0.004366464912891388,0.006750195752829313,0.0,0.0,0.0,0.0,-0.45956623554229736,-0.022400803864002228,2447,0,holdout,0.0,0.029895147308707237,-3.479707956314087,-2.455284833908081,1803
0.17177250981330872,0.0,0.10444115102291107,-0.26437830924987793,-0.29659610986709595,-0.03471630439162254,0.033527351915836334,0.0,-0.21888959407806396,-0.004366464912891388,0.006750195752829313,0.0,0.0,0.0,0.0,-0.5319768190383911,-0.022400803864002228,2448,0,holdout,0.0,0.028969401493668556,-3.512117862701416,-2.455284833908081,1803
0.19673147797584534,0.0,0.07940782606601715,0.0203370563685894,-0.2823401391506195,-0.02736678533256054,0.08464761823415756,0.0,-0.351917564868927,-0.004366464912891388,0.006750195752829313,0.0,0.0,0.0,0.0,0.36944690346717834,0.05791395902633667,2449,0,holdout,0.0,0.09062393754720688,-2.3060402870178223,-2.455284833908081,1803
0.16607031226158142,0.0,0.09877412021160126,-0.2507578134536743,-0.29835787415504456,0.07588670402765274,0.033527351915836334,0.0,-0.25403285026550293,-0.004366464912891388,0.006750195752829313,0.0,0.0,0.0,0.0,-0.5319768190383911,-0.022400803864002228,2450,0,holdout,0.0,0.03118402697145939,-3.436168670654297,-2.455284833908081,1803
0.16607031226158142,0.0,0.09877412021160126,-0.2507578134536743,-0.29835787415504456,0.07588670402765274,0.033527351915836334,0.0,-0.25403285026550293,-0.004366464912891388,0.006750195752829313,0.0,0.0,0.0,0.0,-0.5319768190383911,-0.022400803864002228,2451,0,holdout,0.0,0.03118402697145939,-3.436168670654297,-2.455284833908081,1803
0.16607031226158142,0.0,0.09877412021160126,-0.2507578134536743,-0.29835787415504456,0.07588670402765274,0.014566931873559952,0.0,-0.25403285026550293,-0.004366464912891388,0.006750195752829313,0.0,0.0,0.0,0.0,-0.5361654758453369,-0.022400803864002228,2452,0,holdout,0.0,0.030492199584841728,-3.459317684173584,-2.455284833908081,1803
0.16607031226158142,0.0,0.09877412021160126,-0.2507578134536743,-0.29835787415504456,0.07588670402765274,0.014566931873559952,0.0,-0.25403285026550293,-0.004366464912891388,0.006750195752829313,0.0,0.0,0.0,0.0,-0.5361654758453369,-0.022400803864002228,2453,0,holdout,0.0,0.030492199584841728,-3.459317684173584,-2.455284833908081,1803
0.16607031226158142,0.0,0.09877412021160126,-0.2507578134536743,-0.29835787415504456,0.07588670402765274,0.014566931873559952,0.0,-0.25403285026550293,-0.004366464912891388,0.006750195752829313,0.0,0.0,0.0,0.0,-0.5361654758453369,-0.022400803864002228,2454,0,holdout,0.0,0.030492199584841728,-3.459317684173584,-2.455284833908081,1803
0.19673147797584534,0.0,0.0862516313791275,0.0012564575299620628,-0.12271683663129807,-0.034775618463754654,0.1251131147146225,0.0,0.29136407375335693,-0.004366464912891388,0.012083745561540127,0.0,0.0,0.0,0.0,0.4126899242401123,-0.0010743839666247368,2455,0,holdout,0.0,0.1835126131772995,-1.4927281141281128,-2.455284833908081,1803
0.17177250981330872,0.0,0.10444115102291107,-0.26983487606048584,-0.3050801455974579,-0.020775675773620605,0.033527351915836334,0.0,-0.21888959407806396,-0.004366464912891388,0.006750195752829313,0.0,0.0,0.0,0.0,-0.5319768190383911,-0.022400803864002228,2456,0,holdout,0.0,0.028969401493668556,-3.512117862701416,-2.455284833908081,1803
0.18890242278575897,0.0,0.07941976189613342,-0.21536663174629211,-0.09365706145763397,-0.04326752573251724,-0.21913407742977142,0.0,0.26955243945121765,-0.004366464912891388,0.012083745561540127,0.0,0.0,0.0,0.0,0.3946976661682129,-0.0010743839666247368,2457,0,holdout,0.0,0.11031820625066757,-2.0874948501586914,-2.455284833908081,1803
0.16607031226158142,0.0,0.09877412021160126,-0.2507578134536743,-0.29835787415504456,0.07588670402765274,0.014566931873559952,0.0,-0.25403285026550293,-0.004366464912891388,0.006750195752829313,0.0,0.0,0.0,0.0,-0.5361654758453369,-0.022400803864002228,2458,0,holdout,0.0,0.030492199584841728,-3.459317684173584,-2.455284833908081,1803
0.16394343972206116,0.0,0.0976092740893364,-0.27480819821357727,0.03594083711504936,-0.031869467347860336,-0.11447454988956451,0.0,-0.19340278208255768,-0.004366464912891388,0.012083745561540127,0.0,0.0,0.0,0.0,-0.4571378231048584,-0.01578500308096409,2459,0,holdout,0.0,0.03777679428458214,-3.23755145072937,-2.455284833908081,1803
0.16607031226158142,0.0,0.09877412021160126,-0.2507578134536743,-0.29835787415504456,0.07588670402765274,0.014566931873559952,0.0,-0.25403285026550293,-0.004366464912891388,0.006750195752829313,0.0,0.0,0.0,0.0,-0.5361654758453369,-0.022400803864002228,2460,0,holdout,0.0,0.030492199584841728,-3.459317684173584,-2.455284833908081,1803
0.17177250981330872,0.0,0.10444115102291107,-0.2558942437171936,-0.3050801455974579,-0.03471630439162254,0.014566931873559952,0.0,-0.21888959407806396,-0.004366464912891388,0.006750195752829313,0.0,0.0,0.0,0.0,-0.5361654758453369,-0.022400803864002228,2461,0,holdout,0.0,0.028325267136096954,-3.535266876220703,-2.455284833908081,1803
0.17177250981330872,0.0,0.10444115102291107,0.09208881109952927,-0.00072829844430089,-0.02337755635380745,0.08814017474651337,0.0,-0.19340278208255768,-0.004366464912891388,0.012083745561540127,0.0,0.0,0.0,0.0,-0.38026073575019836,-0.01578500308096409,2462,0,holdout,0.0,0.06883788853883743,-2.6046791076660156,-2.455284833908081,1803
0.19102928042411804,0.0,0.0862516313791275,-0.19131624698638916,-0.28586095571517944,0.009551037102937698,0.07676757872104645,0.0,0.29136407375335693,-0.004366464912891388,0.006750195752829313,0.0,0.0,0.0,0.0,0.48052555322647095,-0.007690184749662876,2463,0,holdout,0.0,0.14157378673553467,-1.8022795915603638,-2.455284833908081,1803
0.13824117183685303,0.0,-0.3166598975658417,-0.2424348145723343,-0.2690254747867584,0.09127914160490036,0.02290305495262146,0.0,-0.25403285026550293,-0.004366464912891388,0.0050130486488342285,0.0,0.0,0.0,0.0,-0.5470905900001526,-0.04588661715388298,2464,0,holdout,0.0,0.020285693928599358,-3.877345085144043,-2.455284833908081,1803
0.16890232264995575,0.0,-0.251960426568985,-0.15709958970546722,-0.27438753843307495,-0.04189622774720192,0.06304961442947388,0.0,-0.351917564868927,-0.004366464912891388,0.0050130486488342285,0.0,0.0,0.0,0.0,0.4637783467769623,0.0980287566781044,2465,0,holdout,0.0,0.06075996905565262,-2.7381398677825928,-2.455284833908081,1803
0.13824117183685303,0.0,-0.3166598975658417,-0.2424348145723343,-0.2690254747867584,0.09127914160490036,0.02290305495262146,0.0,-0.25403285026550293,-0.004366464912891388,0.0050130486488342285,0.0,0.0,0.0,0.0,-0.5470905900001526,-0.04588661715388298,2466,0,holdout,0.0,0.020285693928599358,-3.877345085144043,-2.455284833908081,1803
0.16607031226158142,0.0,0.09877412021160126,-0.2507578134536743,-0.29835787415504456,0.07588670402765274,0.014566931873559952,0.0,-0.25403285026550293,-0.004366464912891388,0.006750195752829313,0.0,0.0,0.0,0.0,-0.5361654758453369,-0.022400803864002228,2467,0,holdout,0.0,0.030492199584841728,-3.459317684173584,-2.455284833908081,1803
0.16607031226158142,0.0,0.09720257669687271,-0.2714359164237976,-0.26553481817245483,0.129919171333313,0.03662102296948433,0.0,0.23951588571071625,-0.004366464912891388,0.006750195752829313,0.0,0.0,0.0,0.0,-0.6808403134346008,-0.022400803864002228,2468,0,holdout,0.0,0.04636291041970253,-3.0237834453582764,-2.455284833908081,1803
0.17177250981330872,0.0,0.10444115102291107,-0.29587945342063904,-0.14723995327949524,-0.030727077275514603,0.10384249687194824,0.0,-0.19951553642749786,-0.004366464912891388,0.012083745561540127,0.0,0.0,0.0,0.0,-0.5240169763565063,-0.01578500308096409,2469,0,holdout,0.0,0.036240119487047195,-3.2806754112243652,-2.455284833908081,1803
0.16607031226158142,0.0,0.09877412021160126,-0.2507578134536743,-0.29835787415504456,0.07588670402765274,0.014566931873559952,0.0,-0.25403285026550293,-0.004366464912891388,0.006750195752829313,0.0,0.0,0.0,0.0,-0.5361654758453369,-0.022400803864002228,2470,0,holdout,0.0,0.030492199584841728,-3.459317684173584,-2.455284833908081,1803
0.17177250981330872,0.0,0.10444115102291107,0.08173121511936188,-0.3001161813735962,-0.038813911378383636,0.044501058757305145,0.0,-0.21888959407806396,-0.004366464912891388,0.006750195752829313,0.0,0.0,0.0,0.0,-0.4481108486652374,-0.022400803864002228,2471,0,holdout,0.0,0.04399082809686661,-3.0787863731384277,-2.455284833908081,1803
-0.1534406542778015,0.0,0.06661321222782135,-0.17001907527446747,-0.270896852016449,-0.04877280816435814,0.09196849167346954,0.0,0.2976128160953522,-0.004366464912891388,0.006750195752829313,0.0,0.0,0.0,0.0,0.4570755660533905,0.05791395902633667,2472,0,holdout,0.0,0.1067051813006401,-2.124846935272217,-2.455284833908081,1803
-0.13111206889152527,0.0,0.08597950637340546,-0.23467616736888885,-0.29835787415504456,0.08372847735881805,0.029767856001853943,0.0,-0.25403285026550293,-0.004366464912891388,0.006750195752829313,0.0,0.0,0.0,0.0,-0.5434322953224182,-0.022400803864002228,2473,0,holdout,0.0,0.023261092603206635,-3.7374372482299805,-2.455284833908081,1803
-0.13591007888317108,0.0,0.09164653718471527,-0.27979782223701477,-0.14723995327949524,-0.033385518938302994,0.0481792688369751,0.0,-0.21888959407806396,-0.004366464912891388,0.012083745561540127,0.0,0.0,0.0,0.0,-0.5354723930358887,-0.01578500308096409,2474,0,holdout,0.0,0.024741459637880325,-3.674222230911255,-2.455284833908081,1803
-0.13111206889152527,0.0,0.08440796285867691,-0.2553543150424957,-0.26553481817245483,0.1377609372138977,0.03286152333021164,0.0,0.23951588571071625,-0.004366464912891388,0.006750195752829313,0.0,0.0,0.0,0.0,-0.6922957897186279,-0.022400803864002228,2475,0,holdout,0.0,0.03472168371081352,-3.32505202293396,-2.455284833908081,1803
-0.13591007888317108,0.0,0.09164653718471527,0.008569563739001751,-0.28952547907829285,-0.04147235304117203,0.09264528751373291,0.0,-0.19951553642749786,-0.004366464912891388,0.006750195752829313,0.0,0.0,0.0,0.0,-0.45956623554229736,-0.022400803864002228,2476,0,holdout,0.0,0.0320330411195755,-3.4084300994873047,-2.455284833908081,1803
-0.13591007888317108,0.0,0.09164653718471527,0.07059575617313385,-0.2728990614414215,-0.04147235304117203,0.04074155539274216,0.0,-0.21888959407806396,-0.004366464912891388,0.006750195752829313,0.0,0.0,0.0,0.0,-0.45956623554229736,-0.022400803864002228,2477,0,holdout,0.0,0.03226250037550926,-3.401055335998535,-2.455284833908081,1803
-0.13111206889152527,0.0,0.08597950637340546,-0.23467616736888885,-0.29835787415504456,0.08372847735881805,0.029767856001853943,0.0,-0.25403285026550293,-0.004366464912891388,0.006750195752829313,0.0,0.0,0.0,0.0,-0.5434322953224182,-0.022400803864002228,2478,0,holdout,0.0,0.023261092603206635,-3.7374372482299805,-2.455284833908081,1803
-0.13111206889152527,0.0,0.08440796285867691,-0.2553543150424957,-0.26553481817245483,0.1377609372138977,0.03286152333021164,0.0,0.23951588571071625,-0.004366464912891388,0.006750195752829313,0.0,0.0,0.0,0.0,-0.6922957897186279,-0.022400803864002228,2479,0,holdout,0.0,0.03472168371081352,-3.32505202293396,-2.455284833908081,1803
-0.13591007888317108,0.0,0.09164653718471527,-0.27979782223701477,-0.019608614966273308,-0.033385518938302994,0.09397024661302567,0.0,-0.19340278208255768,-0.004366464912891388,0.012083745561540127,0.0,0.0,0.0,0.0,-0.49614548683166504,-0.01578500308096409,2480,0,holdout,0.0,0.03118954412639141,-3.435986042022705,-2.455284833908081,1803
-0.1477845311164856,0.0,0.05978133901953697,-0.1583900898694992,-0.2492436319589615,-0.03851713612675667,-0.15669134259223938,0.0,-0.3264307677745819,-0.004366464912891388,0.006750195752829313,0.0,0.0,0.0,0.0,0.3416619300842285,-0.007690184749662876,2481,0,holdout,0.0,0.041638296097517014,-3.136204957962036,-2.455284833908081,1803
-0.13111206889152527,0.0,0.08597950637340546,-0.23467616736888885,-0.29835787415504456,0.08372847735881805,0.029767856001853943,0.0,-0.25403285026550293,-0.004366464912891388,0.006750195752829313,0.0,0.0,0.0,0.0,-0.5434322953224182,-0.022400803864002228,2482,0,holdout,0.0,0.023261092603206635,-3.7374372482299805,-2.455284833908081,1803
-0.13025395572185516,0.0,0.0848146602511406,0.045201729983091354,0.040904801338911057,-0.013384390622377396,-0.11907623708248138,0.0,-0.19340278208255768,-0.004366464912891388,0.012083745561540127,0.0,0.0,0.0,0.0,-0.3847270905971527,-0.01578500308096409,2483,0,holdout,0.0,0.041755352169275284,-3.1332755088806152,-2.455284833908081,1803
-0.13111206889152527,0.0,0.08597950637340546,-0.22635316848754883,-0.2867969572544098,0.08372847735881805,0.01080743595957756,0.0,-0.25403285026550293,-0.004366464912891388,0.006750195752829313,0.0,0.0,0.0,0.0,-0.547620952129364,-0.022400803864002228,2484,0,holdout,0.0,0.023187030106782913,-3.7407021522521973,-2.455284833908081,1803
-0.10626999288797379,0.0,-0.26855841279029846,-0.251277893781662,-0.13312919437885284,-0.01646670699119568,-0.07415688037872314,0.0,-0.19340278208255768,-0.004366464912891388,0.010346597991883755,0.0,0.0,0.0,0.0,-0.4712724983692169,-0.03927081823348999,2485,0,holdout,0.0,0.01793135330080986,-4.003110408782959,-2.455284833908081,1803
-0.1119261160492897,0.0,-0.26855841279029846,-0.21129268407821655,-0.24508529901504517,-0.045697059482336044,-0.049424197524785995,0.0,-0.19340278208255768,-0.004366464912891388,0.0050130486488342285,0.0,0.0,0.0,0.0,-0.47923240065574646,-0.04588661715388298,2486,0,holdout,0.0,0.0162202175706625,-4.1051435470581055,-2.455284833908081,1803
-0.1071280986070633,0.0,-0.2776414155960083,-0.23467616736888885,-0.2805863916873932,0.09912091493606567,0.07104728370904922,0.0,-0.23465879261493683,-0.004366464912891388,0.0050130486488342285,0.0,0.0,0.0,0.0,-0.5585461854934692,-0.04588661715388298,2487,0,holdout,0.0,0.017574183642864227,-4.023593902587891,-2.455284833908081,1803
-0.1119261160492897,0.0,-0.2945467233657837,-0.23148959875106812,-0.27574771642684937,-0.04455466940999031,0.00018313853070139885,0.0,-0.21888959407806396,-0.004366464912891388,0.0050130486488342285,0.0,0.0,0.0,0.0,-0.562734842300415,-0.04588661715388298,2488,0,holdout,0.0,0.014199727214872837,-4.240231037139893,-2.455284833908081,1803
-0.12465867400169373,0.0,-0.23062865436077118,-0.1462334841489792,-0.2826294004917145,0.07088152319192886,0.05929011106491089,0.0,-0.3804539740085602,-0.004366464912891388,0.0050130486488342285,0.0,0.0,0.0,0.0,0.37185224890708923,0.032424598932266235,2489,0,holdout,0.0,0.043738894164562225,-3.0847933292388916,-2.455284833908081,1803
-0.1071280986070633,0.0,-0.2776414155960083,-0.22635316848754883,-0.2690254747867584,0.09912091493606567,0.00018313853070139885,0.0,-0.25403285026550293,-0.004366464912891388,0.0050130486488342285,0.0,0.0,0.0,0.0,-0.562734842300415,-0.04588661715388298,2490,0,holdout,0.0,0.01633240468800068,-4.098136901855469,-2.455284833908081,1803
-0.13111206889152527,0.0,0.08440796285867691,-0.2553543150424957,-0.26553481817245483,0.1377609372138977,0.05182194337248802,0.0,0.23951588571071625,-0.004366464912891388,0.006750195752829313,0.0,0.0,0.0,0.0,-0.6881071329116821,-0.022400803864002228,2491,0,holdout,0.0,0.03550596162676811,-3.301903009414673,-2.455284833908081,1803
-0.13591007888317108,0.0,0.0848146602511406,0.052650369703769684,-0.1459367573261261,-0.03862551599740982,-0.1218162328004837,0.0,-0.19340278208255768,-0.004366464912891388,0.012083745561540127,0.0,0.0,0.0,0.0,-0.3722924590110779,-0.01578500308096409,2492,0,holdout,0.0,0.03442731499671936,-3.3338711261749268,-2.455284833908081,1803
-0.13591007888317108,0.0,0.09164653718471527,-0.23981259763240814,-0.3050801455974579,-0.037374746054410934,0.029767856001853943,0.0,-0.21888959407806396,-0.004366464912891388,0.006750195752829313,0.0,0.0,0.0,0.0,-0.5434322953224182,-0.022400803864002228,2493,0,holdout,0.0,0.02115728333592415,-3.8343868255615234,-2.455284833908081,1803
-0.13111206889152527,0.0,0.08597950637340546,-0.23467616736888885,-0.29835787415504456,0.08372847735881805,0.029767856001853943,0.0,-0.25403285026550293,-0.004366464912891388,0.006750195752829313,0.0,0.0,0.0,0.0,-0.5434322953224182,-0.022400803864002228,2494,0,holdout,0.0,0.023261092603206635,-3.7374372482299805,-2.455284833908081,1803
-0.1534406542778015,0.0,0.06661321222782135,-0.1596929281949997,-0.31868410110473633,-0.037374746054410934,0.06991440802812576,0.0,-0.3453107178211212,-0.004366464912891388,0.006750195752829313,0.0,0.0,0.0,0.0,0.3753029704093933,-0.007690184749662876,2495,0,holdout,0.0,0.049113381654024124,-2.9632632732391357,-2.455284833908081,1803
-0.13111206889152527,0.0,0.08597950637340546,-0.23467616736888885,-0.29835787415504456,0.08372847735881805,0.029767856001853943,0.0,-0.25403285026550293,-0.004366464912891388,0.006750195752829313,0.0,0.0,0.0,0.0,-0.5434322953224182,-0.022400803864002228,2496,0,holdout,0.0,0.023261092603206635,-3.7374372482299805,-2.455284833908081,1803
-0.13591007888317108,0.0,0.09007499366998672,-0.2604907155036926,-0.2722570598125458,-0.04877280816435814,0.06808678060770035,0.0,0.19296379387378693,-0.004366464912891388,0.006750195752829313,0.0,0.0,0.0,0.0,-0.6881071329116821,-0.022400803864002228,2497,0,holdout,0.0,0.02847851626574993,-3.5297133922576904,-2.455284833908081,1803
-0.13025395572185516,0.0,0.08324311673641205,-0.005336320959031582,-0.10502246767282486,-0.024782449007034302,-0.14432062208652496,0.0,0.18741698563098907,-0.004366464912891388,0.012083745561540127,0.0,0.0,0.0,0.0,-0.5169673562049866,-0.01578500308096409,2498,0,holdout,0.0,0.042315103113651276,-3.1193747520446777,-2.455284833908081,1803
-0.1534406542778015,0.0,0.0734570175409317,-0.05504569783806801,-0.2975234091281891,-0.05287041515111923,0.10294219851493835,0.0,0.29136407375335693,-0.004366464912891388,0.006750195752829313,0.0,0.0,0.0,0.0,0.36436140537261963,-0.007690184749662876,2499,0,holdout,0.0,0.10089250653982162,-2.187346935272217,-2.455284833908081,1803
-0.1477845311164856,0.0,0.06662515550851822,-0.1918363720178604,-0.1011057049036026,-0.045925967395305634,-0.20940838754177094,0.0,0.26955243945121765,-0.004366464912891388,0.012083745561540127,0.0,0.0,0.0,0.0,0.3407527506351471,-0.0010743839666247368,2500,0,holdout,0.0,0.07814857363700867,-2.4677722454071045,-2.455284833908081,1803
-0.1477845311164856,0.0,0.05978133901953697,-0.04446049779653549,-0.1265229433774948,-0.03862551599740982,-0.2088383436203003,0.0,-0.37461215257644653,-0.004366464912891388,0.012083745561540127,0.0,0.0,0.0,0.0,0.301821768283844,0.04091822728514671,2501,0,holdout,0.0,0.04806740581989288,-2.9858899116516113,-2.455284833908081,1803
-0.13111206889152527,0.0,0.08597950637340546,-0.23467616736888885,-0.29835787415504456,0.08372847735881805,0.029767856001853943,0.0,-0.25403285026550293,-0.004366464912891388,0.006750195752829313,0.0,0.0,0.0,0.0,-0.5434322953224182,-0.022400803864002228,2502,0,holdout,0.0,0.023261092603206635,-3.7374372482299805,-2.455284833908081,1803
-0.13591007888317108,0.0,0.0848146602511406,-0.258726567029953,-0.01582072116434574,-0.034527912735939026,-0.0990927517414093,0.0,-0.19340278208255768,-0.004366464912891388,0.012083745561540127,0.0,0.0,0.0,0.0,-0.4168316721916199,-0.01578500308096409,2503,0,holdout,0.0,0.02839186228811741,-3.5328500270843506,-2.455284833908081,1803
-0.13025395572185516,0.0,0.0848146602511406,0.015341781079769135,-0.13784559071063995,-0.03862551599740982,-0.12747235596179962,0.0,-0.19340278208255768,-0.004366464912891388,0.012083745561540127,0.0,0.0,0.0,0.0,-0.3722924590110779,-0.01578500308096409,2504,0,holdout,0.0,0.033469174057245255,-3.363088369369507,-2.455284833908081,1803
-0.13025395572185516,0.0,0.0848146602511406,0.007893141359090805,-0.0027655712328851223,-0.03862551599740982,-0.12747235596179962,0.0,-0.19340278208255768,-0.004366464912891388,0.012083745561540127,0.0,0.0,0.0,0.0,-0.33296558260917664,-0.01578500308096409,2505,0,holdout,0.0,0.039311617612838745,-3.1961300373077393,-2.455284833908081,1803
-0.1534406542778015,0.0,0.0734570175409317,-0.17363356053829193,-0.31868410110473633,-0.023434117436408997,0.06991440802812576,0.0,-0.3453107178211212,-0.004366464912891388,0.006750195752829313,0.0,0.0,0.0,0.0,0.36845916509628296,-0.007690184749662876,2506,0,holdout,1.0,0.049113381654024124,-2.9632632732391357,-2.455284833908081,1803
-0.06782516092061996,0.0,0.05810880661010742,-0.00715191476047039,-0.12992306053638458,-0.03862551599740982,-0.2088383436203003,0.0,-0.37461215257644653,-0.004366464912891388,-0.04874138906598091,0.0,0.0,0.0,0.0,0.46871721744537354,0.04091822728514671,2507,0,holdout,0.0,0.059098981320858,-2.7676241397857666,-2.455284833908081,1803
-0.13025395572185516,0.0,0.0848146602511406,0.025638822466135025,-0.018305398523807526,-0.034527912735939026,-0.12747235596179962,0.0,-0.19340278208255768,-0.004366464912891388,0.012083745561540127,0.0,0.0,0.0,0.0,-0.33296558260917664,-0.01578500308096409,2508,0,holdout,0.0,0.039550360292196274,-3.189826726913452,-2.455284833908081,1803
-0.1477845311164856,0.0,0.05978133901953697,-0.017503876239061356,-0.12896479666233063,-0.03862551599740982,-0.20688749849796295,0.0,-0.3264307677745819,-0.004366464912891388,0.012083745561540127,0.0,0.0,0.0,0.0,0.22548533976078033,-0.0010743839666247368,2509,0,holdout,0.0,0.04610764980316162,-3.029572010040283,-2.455284833908081,1803
-0.13111206889152527,0.0,0.08597950637340546,-0.23467616736888885,-0.29835787415504456,0.08372847735881805,0.0816715806722641,0.0,-0.23465879261493683,-0.004366464912891388,0.006750195752829313,0.0,0.0,0.0,0.0,-0.5434322953224182,-0.022400803864002228,2510,0,holdout,0.0,0.02493675798177719,-3.6661593914031982,-2.455284833908081,1803
-0.1534406542778015,0.0,0.06661321222782135,-0.14934097230434418,-0.30371996760368347,-0.037374746054410934,0.11570538580417633,0.0,-0.3264307677745819,-0.004366464912891388,0.006750195752829313,0.0,0.0,0.0,0.0,0.3819098174571991,0.05791395902633667,2511,0,holdout,0.0,0.05726664140820503,-2.80106520652771,-2.455284833908081,1803
0.13824117183685303,0.0,-0.3166598975658417,-0.2424348145723343,-0.2690254747867584,0.09127914160490036,0.02290305495262146,0.0,-0.25403285026550293,-0.004366464912891388,0.0050130486488342285,0.0,0.0,0.0,0.0,-0.5470905900001526,-0.04588661715388298,2512,0,holdout,0.0,0.020285693928599358,-3.877345085144043,-2.455284833908081,1803
0.16320012509822845,0.0,-0.251960426568985,-0.17063812911510468,-0.3009125590324402,0.013769173994660378,0.06304961442947388,0.0,-0.3453107178211212,-0.004366464912891388,0.0050130486488342285,0.0,0.0,0.0,0.0,0.4571714997291565,0.032424598932266235,2513,0,holdout,0.0,0.05765770375728607,-2.793844699859619,-2.455284833908081,1803
0.13824117183685303,0.0,-0.3166598975658417,-0.2424348145723343,-0.2690254747867584,0.09127914160490036,0.00394263444468379,0.0,-0.25403285026550293,-0.004366464912891388,0.0050130486488342285,0.0,0.0,0.0,0.0,-0.5512792468070984,-0.04588661715388298,2514,0,holdout,0.0,0.019830700010061264,-3.90049409866333,-2.455284833908081,1803
0.17177250981330872,0.0,0.10444115102291107,-0.2558942437171936,-0.3050801455974579,-0.03471630439162254,0.033527351915836334,0.0,-0.21888959407806396,-0.004366464912891388,0.006750195752829313,0.0,0.0,0.0,0.0,-0.5319768190383911,-0.022400803864002228,2515,0,holdout,0.0,0.028969401493668556,-3.512117862701416,-2.455284833908081,1803
0.16394343972206116,0.0,0.0976092740893364,0.0794629156589508,0.0030595979187637568,0.0007211773190647364,-0.12880192697048187,0.0,-0.19340278208255768,-0.004366464912891388,0.012083745561540127,0.0,0.0,0.0,0.0,-0.3215101659297943,-0.01578500308096409,2516,0,holdout,1.0,0.059397391974925995,-2.762270450592041,-2.455284833908081,1803
0.09329425543546677,0.0,0.07940782606601715,-0.16542260348796844,-0.2874613106250763,-0.03471630439162254,0.12362679839134216,0.0,-0.3807249069213867,-0.004366464912891388,0.006750195752829313,0.0,0.0,0.0,0.0,0.4956899881362915,0.05791395902633667,2517,0,holdout,0.0,0.07789535075426102,-2.471292495727539,-2.455284833908081,1803
0.17177250981330872,0.0,0.10444115102291107,-0.2558942437171936,-0.3050801455974579,-0.03471630439162254,0.033527351915836334,0.0,-0.21888959407806396,-0.004366464912891388,0.006750195752829313,0.0,0.0,0.0,0.0,-0.5319768190383911,-0.022400803864002228,2518,0,holdout,0.0,0.028969401493668556,-3.512117862701416,-2.455284833908081,1803
0.17177250981330872,0.0,0.0976092740893364,-0.22737430036067963,-0.2628568112850189,-0.03585869446396828,-0.06786057353019714,0.0,-0.19340278208255768,-0.004366464912891388,0.006750195752829313,0.0,0.0,0.0,0.0,-0.4526630938053131,-0.022400803864002228,2519,0,holdout,0.0,0.030890295282006264,-3.4459357261657715,-2.455284833908081,1803
0.14394336938858032,0.0,-0.33356520533561707,-0.26983487606048584,-0.28730863332748413,-0.02795560099184513,0.07480677217245102,0.0,-0.19951553642749786,-0.004366464912891388,0.0050130486488342285,0.0,0.0,0.0,0.0,-0.5470905900001526,-0.04588661715388298,2520,0,holdout,0.0,0.01894579827785492,-3.9470455646514893,-2.455284833908081,1803
0.14394336938858032,0.0,-0.33356520533561707,-0.2558942437171936,-0.28730863332748413,-0.04189622774720192,0.02290305495262146,0.0,-0.21888959407806396,-0.004366464912891388,0.0050130486488342285,0.0,0.0,0.0,0.0,-0.5470905900001526,-0.04588661715388298,2521,0,holdout,0.0,0.017665402963757515,-4.01832389831543,-2.455284833908081,1803
0.14394336938858032,0.0,-0.33356520533561707,-0.26983487606048584,-0.28730863332748413,-0.02795560099184513,0.07480677217245102,0.0,-0.19951553642749786,-0.004366464912891388,0.0050130486488342285,0.0,0.0,0.0,0.0,-0.5470905900001526,-0.04588661715388298,2522,0,holdout,0.0,0.01894579827785492,-3.9470455646514893,-2.455284833908081,1803
0.17177250981330872,0.0,0.10444115102291107,-0.2558942437171936,-0.3050801455974579,-0.03471630439162254,0.033527351915836334,0.0,-0.21888959407806396,-0.004366464912891388,0.006750195752829313,0.0,0.0,0.0,0.0,-0.5319768190383911,-0.022400803864002228,2523,0,holdout,0.0,0.028969401493668556,-3.512117862701416,-2.455284833908081,1803
0.14394336938858032,0.0,-0.33356520533561707,-0.2558942437171936,-0.28730863332748413,-0.04189622774720192,0.04813075810670853,0.0,-0.19340278208255768,-0.004366464912891388,0.0050130486488342285,0.0,0.0,0.0,0.0,-0.5265274047851562,-0.04588661715388298,2524,0,holdout,0.0,0.01894579827785492,-3.9470455646514893,-2.455284833908081,1803
0.14394336938858032,0.0,-0.33356520533561707,-0.2558942437171936,-0.28730863332748413,-0.04189622774720192,0.02290305495262146,0.0,-0.21888959407806396,-0.004366464912891388,0.0050130486488342285,0.0,0.0,0.0,0.0,-0.5470905900001526,-0.04588661715388298,2525,0,holdout,0.0,0.017665402963757515,-4.01832389831543,-2.455284833908081,1803
0.13824117183685303,0.0,-0.3166598975658417,-0.2424348145723343,-0.2690254747867584,0.09127914160490036,0.00394263444468379,0.0,-0.25403285026550293,-0.004366464912891388,0.0050130486488342285,0.0,0.0,0.0,0.0,-0.5512792468070984,-0.04588661715388298,2526,0,holdout,0.0,0.019830700010061264,-3.90049409866333,-2.455284833908081,1803
0.13824117183685303,0.0,-0.3166598975658417,-0.2424348145723343,-0.2690254747867584,0.09127914160490036,0.02290305495262146,0.0,-0.25403285026550293,-0.004366464912891388,0.0050130486488342285,0.0,0.0,0.0,0.0,-0.5470905900001526,-0.04588661715388298,2527,0,holdout,0.0,0.020285693928599358,-3.877345085144043,-2.455284833908081,1803
0.13824117183685303,0.0,-0.3166598975658417,-0.2424348145723343,-0.2690254747867584,0.09127914160490036,0.02290305495262146,0.0,-0.25403285026550293,-0.004366464912891388,0.0050130486488342285,0.0,0.0,0.0,0.0,-0.5470905900001526,-0.04588661715388298,2528,0,holdout,0.0,0.020285693928599358,-3.877345085144043,-2.455284833908081,1803
0.16890232264995575,0.0,-0.251960426568985,-0.16745156049728394,-0.2893516421318054,-0.04189622774720192,0.06304961442947388,0.0,-0.3453107178211212,-0.004366464912891388,0.0050130486488342285,0.0,0.0,0.0,0.0,0.4571714997291565,0.032424598932266235,2529,0,holdout,0.0,0.05577387660741806,-2.8290600776672363,-2.455284833908081,1803
0.14394336938858032,0.0,-0.33356520533561707,-0.2615118622779846,-0.27574771642684937,-0.02795560099184513,0.02290305495262146,0.0,-0.21888959407806396,-0.004366464912891388,0.0050130486488342285,0.0,0.0,0.0,0.0,-0.5470905900001526,-0.04588661715388298,2530,0,holdout,0.0,0.01801380142569542,-3.998439073562622,-2.455284833908081,1803
0.13824117183685303,0.0,-0.3166598975658417,-0.2424348145723343,-0.2690254747867584,0.09127914160490036,0.02290305495262146,0.0,-0.25403285026550293,-0.004366464912891388,0.0050130486488342285,0.0,0.0,0.0,0.0,-0.5470905900001526,-0.04588661715388298,2531,0,holdout,0.0,0.020285693928599358,-3.877345085144043,-2.455284833908081,1803
0.17177250981330872,0.0,0.10444115102291107,-0.2558942437171936,-0.3050801455974579,-0.03471630439162254,0.033527351915836334,0.0,-0.21888959407806396,-0.004366464912891388,0.006750195752829313,0.0,0.0,0.0,0.0,-0.5319768190383911,-0.022400803864002228,2532,0,holdout,0.0,0.028969401493668556,-3.512117862701416,-2.455284833908081,1803
0.18890242278575897,0.0,0.07257595658302307,0.019660640507936478,-0.1162472516298294,0.0007211773190647364,-0.2082170695066452,0.0,-0.3264307677745819,-0.004366464912891388,0.012083745561540127,0.0,0.0,0.0,0.0,0.2794303894042969,0.04091822728514671,2533,0,holdout,0.0,0.0761212408542633,-2.496253490447998,-2.455284833908081,1803
0.17177250981330872,0.0,0.10444115102291107,-0.2558942437171936,-0.3011973202228546,-0.03471630439162254,0.108675017952919,0.0,-0.19340278208255768,-0.004366464912891388,0.006750195752829313,0.0,0.0,0.0,0.0,-0.4830106198787689,-0.022400803864002228,2534,0,holdout,0.0,0.03361357003450394,-3.3586339950561523,-2.455284833908081,1803
0.14394336938858032,0.0,-0.30757689476013184,-0.22737430036067963,-0.24508529901504517,-0.04303861781954765,-0.045664697885513306,0.0,-0.19340278208255768,-0.004366464912891388,0.0050130486488342285,0.0,0.0,0.0,0.0,-0.46777698397636414,-0.04588661715388298,2535,0,holdout,0.0,0.02010452374815941,-3.8865010738372803,-2.455284833908081,1803
-0.1119261160492897,0.0,-0.2945467233657837,-0.23981259763240814,-0.28730863332748413,-0.04455466940999031,0.07104728370904922,0.0,-0.19951553642749786,-0.004366464912891388,0.0050130486488342285,0.0,0.0,0.0,0.0,-0.5585461854934692,-0.04588661715388298,2536,0,holdout,1.0,0.01528187282383442,-4.1656880378723145,-2.455284833908081,1803
-0.07611974328756332,0.0,-0.20523127913475037,-0.14934097230434418,-0.2521088719367981,-0.04455466940999031,0.1092429980635643,0.0,-0.3807249069213867,-0.004366464912891388,-0.02027847431600094,0.0,0.0,0.0,0.0,0.7119714021682739,0.0980287566781044,2537,0,holdout,0.0,0.06484173983335495,-2.6687662601470947,-2.455284833908081,1803
-0.1119261160492897,0.0,-0.2945467233657837,-0.23981259763240814,-0.28730863332748413,-0.04455466940999031,0.07104728370904922,0.0,-0.19951553642749786,-0.004366464912891388,0.0050130486488342285,0.0,0.0,0.0,0.0,-0.5585461854934692,-0.04588661715388298,2538,0,holdout,0.0,0.01528187282383442,-4.1656880378723145,-2.455284833908081,1803
-0.13025395572185516,0.0,0.0848146602511406,0.09554456174373627,0.0030595979187637568,-0.0019372643437236547,-0.11907623708248138,0.0,-0.19340278208255768,-0.004366464912891388,0.012083745561540127,0.0,0.0,0.0,0.0,-0.33296558260917664,-0.01578500308096409,2539,0,holdout,0.0,0.04489181935787201,-3.0575690269470215,-2.455284833908081,1803
-0.13025395572185516,0.0,0.0848146602511406,0.007893141359090805,-0.0027655712328851223,-0.013384390622377396,-0.11907623708248138,0.0,-0.19340278208255768,-0.004366464912891388,0.012083745561540127,0.0,0.0,0.0,0.0,-0.33296558260917664,-0.01578500308096409,2540,0,holdout,0.0,0.04060184210538864,-3.1624927520751953,-2.455284833908081,1803
-0.1477845311164856,0.0,0.06662515550851822,0.0018032337538897991,-0.23867370188236237,-0.02877167984843254,-0.19626305997371674,0.0,0.26955243945121765,-0.004366464912891388,0.006750195752829313,0.0,0.0,0.0,0.0,0.32411354780197144,-0.007690184749662876,2541,0,holdout,0.0,0.08241414278745651,-2.40998911857605,-2.455284833908081,1803
-0.13025395572185516,0.0,0.08324311673641205,-0.27195602655410767,-0.11807762086391449,-0.045925967395305634,-0.1299932599067688,0.0,0.18741698563098907,-0.004366464912891388,0.012083745561540127,0.0,0.0,0.0,0.0,-0.6008334159851074,-0.01578500308096409,2542,0,holdout,0.0,0.029605800285935402,-3.489732027053833,-2.455284833908081,1803
-0.13025395572185516,0.0,0.0848146602511406,0.1595296710729599,0.058057304471731186,-0.0019372643437236547,-0.11907623708248138,0.0,-0.2145954817533493,-0.004366464912891388,0.012083745561540127,0.0,0.0,0.0,0.0,-0.3847270905971527,-0.010574615560472012,2543,0,holdout,0.0,0.04714072495698929,-3.0063300132751465,-2.455284833908081,1803
-0.13025395572185516,0.0,0.0848146602511406,0.09554456174373627,0.0030595979187637568,-0.0019372643437236547,-0.11907623708248138,0.0,-0.19340278208255768,-0.004366464912891388,0.012083745561540127,0.0,0.0,0.0,0.0,-0.33296558260917664,-0.01578500308096409,2544,0,holdout,0.0,0.04489181935787201,-3.0575690269470215,-2.455284833908081,1803
-0.13591007888317108,0.0,0.0848146602511406,0.030609413981437683,-0.27451926469802856,-0.017373617738485336,-0.0859474241733551,0.0,-0.19340278208255768,-0.004366464912891388,0.006750195752829313,0.0,0.0,0.0,0.0,-0.3802523612976074,-0.022400803864002228,2545,0,holdout,0.0,0.030849995091557503,-3.4472827911376953,-2.455284833908081,1803
-0.1477845311164856,0.0,0.06662515550851822,0.012160839512944221,-0.08222539722919464,-0.013335324823856354,-0.2237357497215271,0.0,0.26955243945121765,-0.004366464912891388,0.012083745561540127,0.0,0.0,0.0,0.0,0.27434492111206055,-0.0010743839666247368,2546,0,holdout,0.0,0.09170110523700714,-2.293039083480835,-2.455284833908081,1803
-0.13025395572185516,0.0,0.0848146602511406,0.007893141359090805,-0.0027655712328851223,-0.013384390622377396,-0.11907623708248138,0.0,-0.19340278208255768,-0.004366464912891388,0.012083745561540127,0.0,0.0,0.0,0.0,-0.33296558260917664,-0.01578500308096409,2547,0,holdout,1.0,0.04060184210538864,-3.1624927520751953,-2.455284833908081,1803
-0.06782516092061996,0.0,0.05810880661010742,0.035742275416851044,-0.10855809599161148,-0.0019372643437236547,-0.20044222474098206,0.0,-0.37461215257644653,-0.004366464912891388,-0.04874138906598091,0.0,0.0,0.0,0.0,0.46871721744537354,0.04091822728514671,2548,0,holdout,0.0,0.06548048555850983,-2.658280372619629,-2.455284833908081,1803
-0.13025395572185516,0.0,0.08324311673641205,0.037895843386650085,-0.07380019128322601,-0.013335324823856354,-0.17813536524772644,0.0,0.2643511891365051,-0.004366464912891388,0.012083745561540127,0.0,0.0,0.0,0.0,0.1606716513633728,-0.01578500308096409,2549,0,holdout,0.0,0.09007536619901657,-2.3127150535583496,-2.455284833908081,1803
-0.13591007888317108,0.0,0.0848146602511406,-0.21129268407821655,-0.2628568112850189,-0.03851713612675667,-0.07162006199359894,0.0,-0.19340278208255768,-0.004366464912891388,0.006750195752829313,0.0,0.0,0.0,0.0,-0.46411851048469543,-0.022400803864002228,2550,0,holdout,0.0,0.022572215646505356,-3.768204689025879,-2.455284833908081,1803
-0.13591007888317108,0.0,0.09164653718471527,-0.23981259763240814,-0.3050801455974579,-0.037374746054410934,0.0816715806722641,0.0,-0.19951553642749786,-0.004366464912891388,0.006750195752829313,0.0,0.0,0.0,0.0,-0.5434322953224182,-0.022400803864002228,2551,0,holdout,0.0,0.022684913128614426,-3.763108968734741,-2.455284833908081,1803
0.14394336938858032,0.0,-0.33356520533561707,-0.2558942437171936,-0.28730863332748413,-0.04189622774720192,0.07480677217245102,0.0,-0.19951553642749786,-0.004366464912891388,0.0050130486488342285,0.0,0.0,0.0,0.0,-0.5470905900001526,-0.04588661715388298,2552,0,holdout,0.0,0.01894579827785492,-3.9470455646514893,-2.455284833908081,1803
0.14394336938858032,0.0,-0.33356520533561707,-0.2558942437171936,-0.28730863332748413,-0.04189622774720192,0.07480677217245102,0.0,-0.19951553642749786,-0.004366464912891388,0.0050130486488342285,0.0,0.0,0.0,0.0,-0.5470905900001526,-0.04588661715388298,2553,0,holdout,0.0,0.01894579827785492,-3.9470455646514893,-2.455284833908081,1803
0.14394336938858032,0.0,-0.33356520533561707,-0.2558942437171936,-0.28730863332748413,-0.04189622774720192,0.04813075810670853,0.0,-0.19340278208255768,-0.004366464912891388,0.0050130486488342285,0.0,0.0,0.0,0.0,-0.5265274047851562,-0.04588661715388298,2554,0,holdout,0.0,0.01894579827785492,-3.9470455646514893,-2.455284833908081,1803
0.14394336938858032,0.0,-0.33356520533561707,-0.2558942437171936,-0.28730863332748413,-0.04189622774720192,0.02290305495262146,0.0,-0.21888959407806396,-0.004366464912891388,0.0050130486488342285,0.0,0.0,0.0,0.0,-0.5470905900001526,-0.04588661715388298,2555,0,holdout,0.0,0.017665402963757515,-4.01832389831543,-2.455284833908081,1803
0.14394336938858032,0.0,-0.33356520533561707,-0.26983487606048584,-0.28730863332748413,-0.02795560099184513,0.02290305495262146,0.0,-0.21888959407806396,-0.004366464912891388,0.0050130486488342285,0.0,0.0,0.0,0.0,-0.5470905900001526,-0.04588661715388298,2556,0,holdout,0.0,0.017665402963757515,-4.01832389831543,-2.455284833908081,1803
0.16607031226158142,0.0,0.10444115102291107,-0.2507578134536743,-0.29835787415504456,0.07021967321634293,0.033527351915836334,0.0,-0.25403285026550293,-0.004366464912891388,0.006750195752829313,0.0,0.0,0.0,0.0,-0.5319768190383911,-0.022400803864002228,2557,0,holdout,0.0,0.03118402697145939,-3.436168670654297,-2.455284833908081,1803
0.17177250981330872,0.0,0.10444115102291107,-0.2558942437171936,-0.3050801455974579,-0.03471630439162254,0.0587550550699234,0.0,-0.19340278208255768,-0.004366464912891388,0.006750195752829313,0.0,0.0,0.0,0.0,-0.5114136338233948,-0.022400803864002228,2558,0,holdout,0.0,0.03104320913553238,-3.440840005874634,-2.455284833908081,1803
0.16394343972206116,0.0,0.0976092740893364,0.0794629156589508,0.0030595979187637568,0.0007211773190647364,-0.12880192697048187,0.0,-0.19340278208255768,-0.004366464912891388,0.012083745561540127,0.0,0.0,0.0,0.0,-0.3215101659297943,-0.01578500308096409,2559,0,holdout,0.0,0.059397391974925995,-2.762270450592041,-2.455284833908081,1803
0.16394343972206116,0.0,0.0976092740893364,-0.2545914351940155,-0.23563972115516663,-0.03585869446396828,-0.08700188994407654,0.0,-0.19340278208255768,-0.004366464912891388,0.006750195752829313,0.0,0.0,0.0,0.0,-0.4526630938053131,-0.022400803864002228,2560,0,holdout,0.0,0.03009304404258728,-3.4729061126708984,-2.455284833908081,1803
0.19673147797584534,0.0,0.07940782606601715,-0.16542260348796844,-0.3007218539714813,-0.03471630439162254,0.071723073720932,0.0,-0.4000989496707916,-0.004366464912891388,0.006750195752829313,0.0,0.0,0.0,0.0,0.5121910572052002,0.05791395902633667,2561,0,holdout,0.0,0.0804763212800026,-2.4358928203582764,-2.455284833908081,1803
0.17177250981330872,0.0,0.10444115102291107,-0.2558942437171936,-0.3050801455974579,-0.03471630439162254,0.033527351915836334,0.0,-0.21888959407806396,-0.004366464912891388,0.006750195752829313,0.0,0.0,0.0,0.0,-0.5319768190383911,-0.022400803864002228,2562,0,holdout,0.0,0.028969401493668556,-3.512117862701416,-2.455284833908081,1803
0.19673147797584534,0.0,0.0862516313791275,0.011576969176530838,-0.31372013688087463,-0.038813911378383636,0.08464761823415756,0.0,-0.3453107178211212,-0.004366464912891388,0.006750195752829313,0.0,0.0,0.0,0.0,0.3559962511062622,-0.007690184749662876,2563,0,holdout,0.0,0.0814182385802269,-2.423231601715088,-2.455284833908081,1803
0.17177250981330872,0.0,0.10444115102291107,-0.007512073498219252,-0.28564268350601196,-0.038813911378383636,0.11964872479438782,0.0,-0.19340278208255768,-0.004366464912891388,0.006750195752829313,0.0,0.0,0.0,0.0,-0.39914456009864807,-0.022400803864002228,2564,0,holdout,0.0,0.047247514128685,-3.003955125808716,-2.455284833908081,1803
0.17177250981330872,0.0,0.10444115102291107,-0.2558942437171936,-0.3050801455974579,-0.03471630439162254,0.033527351915836334,0.0,-0.21888959407806396,-0.004366464912891388,0.006750195752829313,0.0,0.0,0.0,0.0,-0.5319768190383911,-0.022400803864002228,2565,0,holdout,0.0,0.028969401493668556,-3.512117862701416,-2.455284833908081,1803
0.17177250981330872,0.0,0.10444115102291107,-0.2558942437171936,-0.3050801455974579,-0.03471630439162254,0.033527351915836334,0.0,-0.21888959407806396,-0.004366464912891388,0.006750195752829313,0.0,0.0,0.0,0.0,-0.5319768190383911,-0.022400803864002228,2566,0,holdout,0.0,0.028969401493668556,-3.512117862701416,-2.455284833908081,1803
0.16394343972206116,0.0,0.09603773057460785,0.06623346358537674,0.02843402326107025,-0.010676885023713112,-0.15404629707336426,0.0,0.18741698563098907,-0.004366464912891388,0.012083745561540127,0.0,0.0,0.0,0.0,-0.46618494391441345,-0.01578500308096409,2567,0,holdout,0.0,0.07227922230958939,-2.552194118499756,-2.455284833908081,1803
0.16394343972206116,0.0,0.0976092740893364,-0.0007398491725325584,-0.13784559071063995,-0.03596707433462143,-0.1371980458498001,0.0,-0.19340278208255768,-0.004366464912891388,0.012083745561540127,0.0,0.0,0.0,0.0,-0.36083707213401794,-0.01578500308096409,2568,0,holdout,0.0,0.044455621391534805,-3.0677897930145264,-2.455284833908081,1803
0.17177250981330872,0.0,0.10444115102291107,-0.2558942437171936,-0.3050801455974579,-0.03471630439162254,0.08543108403682709,0.0,-0.19951553642749786,-0.004366464912891388,0.006750195752829313,0.0,0.0,0.0,0.0,-0.5319768190383911,-0.022400803864002228,2569,0,holdout,0.0,0.03104320913553238,-3.440840005874634,-2.455284833908081,1803
0.17177250981330872,0.0,0.10444115102291107,0.01970502734184265,-0.31674259901046753,-0.038813911378383636,0.0964047908782959,0.0,-0.19951553642749786,-0.004366464912891388,0.006750195752829313,0.0,0.0,0.0,0.0,-0.4481108486652374,-0.022400803864002228,2570,0,holdout,0.0,0.04368171840906143,-3.0861611366271973,-2.455284833908081,1803
0.17177250981330872,0.0,0.10444115102291107,-0.2558942437171936,-0.3050801455974579,-0.03471630439162254,0.033527351915836334,0.0,-0.21888959407806396,-0.004366464912891388,0.006750195752829313,0.0,0.0,0.0,0.0,-0.5319768190383911,-0.022400803864002228,2571,0,holdout,0.0,0.028969401493668556,-3.512117862701416,-2.455284833908081,1803
0.17177250981330872,0.0,0.10444115102291107,0.06840308010578156,-0.34152868390083313,-0.012956409715116024,0.11275478452444077,0.0,-0.19340278208255768,-0.004366464912891388,0.006750195752829313,0.0,0.0,0.0,0.0,-0.39914456009864807,-0.022400803864002228,2572,0,holdout,0.0,0.049034085124731064,-2.9649624824523926,-2.455284833908081,1803
0.16394343972206116,0.0,0.0976092740893364,0.14344802498817444,0.058057304471731186,0.0007211773190647364,-0.12880192697048187,0.0,-0.2145954817533493,-0.004366464912891388,0.012083745561540127,0.0,0.0,0.0,0.0,-0.3732717037200928,-0.010574615560472012,2573,0,holdout,0.0,0.06232554838061333,-2.711031436920166,-2.455284833908081,1803
0.16394343972206116,0.0,0.0976092740893364,0.0794629156589508,0.0030595979187637568,0.0007211773190647364,-0.12880192697048187,0.0,-0.19340278208255768,-0.004366464912891388,0.012083745561540127,0.0,0.0,0.0,0.0,-0.3215101659297943,-0.01578500308096409,2574,0,holdout,0.0,0.059397391974925995,-2.762270450592041,-2.455284833908081,1803
0.16394343972206116,0.0,0.0976092740893364,-0.008188488893210888,-0.0027655712328851223,-0.010725950822234154,-0.12880192697048187,0.0,-0.19340278208255768,-0.004366464912891388,0.012083745561540127,0.0,0.0,0.0,0.0,-0.3215101659297943,-0.01578500308096409,2575,0,holdout,0.0,0.053799305111169815,-2.867194175720215,-2.455284833908081,1803
-0.13591007888317108,0.0,0.09164653718471527,-0.23981259763240814,-0.3050801455974579,-0.037374746054410934,0.0816715806722641,0.0,-0.19951553642749786,-0.004366464912891388,0.006750195752829313,0.0,0.0,0.0,0.0,-0.5434322953224182,-0.022400803864002228,2576,0,holdout,0.0,0.022684913128614426,-3.763108968734741,-2.455284833908081,1803
-0.13591007888317108,0.0,0.09164653718471527,-0.23981259763240814,-0.3050801455974579,-0.037374746054410934,0.029767856001853943,0.0,-0.21888959407806396,-0.004366464912891388,0.006750195752829313,0.0,0.0,0.0,0.0,-0.5434322953224182,-0.022400803864002228,2577,0,holdout,0.0,0.02115728333592415,-3.8343868255615234,-2.455284833908081,1803
